ORIGIN_SUBZONE,DESTINATION_SUBZONE,PT_COUNT,VH_COUNT,WK_COUNT,COUNT
AMSZ01,AMSZ01,4,3.3222735048507386,43.90459747593534,51.226870980786074
AMSZ01,AMSZ02,5,1.2441971934486273,3.039567284687276,9.283764478135904
AMSZ01,AMSZ03,12,1.0539891958671779,2.633678906018592,15.68766810188577
AMSZ01,AMSZ04,4,0.6371787507028458,0.29207506183315246,4.929253812535999
AMSZ01,AMSZ05,4,1.547710492561964,1.016356799649183,6.564067292211147
AMSZ01,AMSZ06,8,1.7677722288692308,0.5125037007325538,10.280275929601784
AMSZ01,AMSZ07,3,1.403867540638689,0.0,4.403867540638689
AMSZ01,AMSZ09,8,1.2659690553599814,0.3402001208924627,9.606169176252445
AMSZ01,AMSZ10,3,0.8867879718581001,0.05200867637842352,3.9387966482365235
AMSZ01,AMSZ11,1,0.13037518624780625,0.051971608381696094,1.1823467946295023
AMSZ01,AMSZ12,5,0.5802081644626159,0.5255303246575733,6.105738489120189
AMSZ01,BDSZ01,2,1.2186084506516712,0.0,3.2186084506516712
AMSZ01,BDSZ03,1,0.6501034838060937,0.0,1.6501034838060937
AMSZ01,BDSZ04,2,1.0689153876555848,0.0,3.0689153876555846
AMSZ01,BDSZ06,1,0.8914182945816368,0.0,1.8914182945816367
AMSZ01,BKSZ09,1,0.38448230610248096,0.0,1.384482306102481
AMSZ01,BMSZ14,1,0.13810623375869277,0.0,1.1381062337586927
AMSZ01,BPSZ03,1,0.36012163566103633,0.0,1.3601216356610364
AMSZ01,BSSZ01,12,3.8512424560255702,0.3922630434610084,16.243505499486577
AMSZ01,BSSZ02,3,1.7935192940517852,0.16752273670867335,4.961042030760459
AMSZ01,BTSZ01,1,0.5031667560472814,0.0,1.5031667560472814
AMSZ01,BTSZ05,1,0.2799339580840849,0.0,1.279933958084085
AMSZ01,CHSZ03,2,1.5195482975643284,0.0,3.519548297564328
AMSZ01,CKSZ03,4,1.6765996133013008,0.0,5.676599613301301
AMSZ01,CKSZ04,1,0.2738988227088904,0.0,1.2738988227088903
AMSZ01,CKSZ05,1,0.18758114837233023,0.0,1.1875811483723302
AMSZ01,CKSZ06,1,0.5029077953775616,0.0,1.5029077953775616
AMSZ01,CLSZ03,1,0.41602141633415135,0.0,1.4160214163341514
AMSZ01,CLSZ04,1,0.3322913044808979,0.0,1.332291304480898
AMSZ01,CLSZ05,1,0.2284648953110414,0.0,1.2284648953110413
AMSZ01,DTSZ02,3,0.8117299873978319,0.0,3.8117299873978316
AMSZ01,DTSZ09,2,0.16880654131177686,0.0,2.1688065413117767
AMSZ01,DTSZ12,1,0.16341891629810051,0.0,1.1634189162981006
AMSZ01,GLSZ02,2,0.6415129173931376,0.0,2.6415129173931375
AMSZ01,HGSZ01,1,0.3608313906987597,0.0,1.3608313906987597
AMSZ01,HGSZ02,2,1.4807606608836177,0.0,3.4807606608836177
AMSZ01,HGSZ03,1,0.7148214611818119,0.0,1.714821461181812
AMSZ01,HGSZ04,8,4.525037668793771,0.0,12.525037668793772
AMSZ01,HGSZ05,1,0.8297789522685584,0.0,1.8297789522685584
AMSZ01,HGSZ06,7,2.0152168385340925,0.0,9.015216838534093
AMSZ01,HGSZ07,4,0.8554853578955129,0.0,4.855485357895513
AMSZ01,HGSZ08,2,0.8809356263950215,0.0,2.8809356263950217
AMSZ01,JESZ05,1,0.38876554723686285,0.0,1.3887655472368627
AMSZ01,JWSZ02,1,0.3591474923685834,0.0,1.3591474923685833
AMSZ01,JWSZ04,1,0.5494074280830229,0.0,1.5494074280830228
AMSZ01,JWSZ08,1,0.8017139023240581,0.0,1.801713902324058
AMSZ01,KLSZ01,1,0.8680853532827171,0.0,1.868085353282717
AMSZ01,KLSZ02,1,0.23883923601974197,0.0,1.238839236019742
AMSZ01,KLSZ05,1,0.22491662521554498,0.0,1.224916625215545
AMSZ01,KLSZ06,1,0.565794798002505,0.0,1.5657947980025049
AMSZ01,MUSZ01,1,0.21073188303057688,0.0,1.2107318830305769
AMSZ01,NTSZ03,1,0.12457881869630844,0.0,1.1245788186963084
AMSZ01,NVSZ01,1,1.2207425913859937,0.0,2.220742591385994
AMSZ01,NVSZ02,3,1.0253111264712425,0.0,4.025311126471243
AMSZ01,ORSZ02,5,1.040426982085176,0.0,6.040426982085176
AMSZ01,OTSZ03,4,1.2083994083425247,0.0,5.208399408342524
AMSZ01,OTSZ04,1,0.08338089987892722,0.0,1.0833808998789272
AMSZ01,PGSZ02,1,0.5561975943654003,0.0,1.5561975943654003
AMSZ01,PGSZ03,3,1.110222905305832,0.0,4.110222905305832
AMSZ01,PGSZ04,2,1.3933257055828465,0.0,3.3933257055828463
AMSZ01,PGSZ05,3,1.5541254079498752,0.0,4.554125407949876
AMSZ01,PLSZ04,1,0.05854490846887842,0.0,1.0585449084688785
AMSZ01,PRSZ05,1,0.7181669665298458,0.0,1.7181669665298458
AMSZ01,PRSZ08,1,0.29118168836325775,0.0,1.2911816883632579
AMSZ01,QTSZ05,1,0.3756412576275331,0.0,1.375641257627533
AMSZ01,QTSZ08,1,0.43817509967211193,0.0,1.4381750996721119
AMSZ01,QTSZ10,1,0.37094933642548744,0.0,1.3709493364254874
AMSZ01,QTSZ11,2,0.8994332552161174,0.0,2.8994332552161173
AMSZ01,RCSZ01,1,0.18002883964254507,0.0,1.1800288396425451
AMSZ01,RCSZ03,1,0.1124844138968418,0.0,1.1124844138968417
AMSZ01,SBSZ01,2,0.9796474685708496,0.0,2.9796474685708496
AMSZ01,SBSZ03,5,1.0601590788993172,0.0,6.060159078899317
AMSZ01,SBSZ04,1,0.4930565673052244,0.0,1.4930565673052243
AMSZ01,SBSZ05,1,0.04174438126861142,0.0,1.0417443812686114
AMSZ01,SESZ02,3,1.8531570475352674,0.0,4.853157047535268
AMSZ01,SESZ03,4,1.8429558080985726,0.0,5.842955808098573
AMSZ01,SESZ04,9,2.220215772660949,0.0,11.22021577266095
AMSZ01,SESZ05,1,0.46926289859709824,0.0,1.4692628985970981
AMSZ01,SESZ06,5,4.027712618175617,0.0,9.027712618175617
AMSZ01,SGSZ01,2,1.6538007297599895,0.4963014996872417,4.150102229447231
AMSZ01,SGSZ02,1,0.43497946526969267,0.0,1.4349794652696928
AMSZ01,SGSZ03,6,2.2293088874563405,0.19767430606585884,8.426983193522199
AMSZ01,SGSZ04,13,2.0048075925388065,1.212794340584554,16.217601933123362
AMSZ01,SGSZ05,1,0.5335435132081849,0.16304305093291777,1.6965865641411026
AMSZ01,SGSZ06,3,1.0880242668116806,0.0,4.088024266811681
AMSZ01,SGSZ07,1,0.37457487277295254,0.0,1.3745748727729525
AMSZ01,SRSZ01,1,0.28417615464237866,0.0,1.2841761546423787
AMSZ01,SRSZ02,1,0.0578236800293202,0.0,1.0578236800293201
AMSZ01,TMSZ04,7,1.675092647734976,0.0,8.675092647734976
AMSZ01,TPSZ01,1,0.6167173544288321,0.0,1.616717354428832
AMSZ01,TPSZ02,2,0.9911003078730843,0.0,2.9911003078730842
AMSZ01,TPSZ03,1,0.4276101267660989,0.0,1.427610126766099
AMSZ01,TPSZ04,1,0.2307598371163432,0.0,1.2307598371163433
AMSZ01,TPSZ06,6,0.804757119129803,0.0,6.804757119129803
AMSZ01,TPSZ07,1,0.20994027640836463,0.0,1.2099402764083647
AMSZ01,TPSZ10,1,0.2672773957557971,0.0,1.267277395755797
AMSZ01,WDSZ02,7,1.1816170574097908,0.0,8.181617057409792
AMSZ01,WDSZ03,4,1.6701833334069203,0.0,5.6701833334069205
AMSZ01,WDSZ05,1,0.505820084753105,0.0,1.505820084753105
AMSZ01,WDSZ06,1,0.3022572997398204,0.0,1.3022572997398205
AMSZ01,YSSZ02,2,0.6123418562532131,0.0,2.612341856253213
AMSZ01,YSSZ04,3,0.7422622426488691,0.0,3.742262242648869
AMSZ01,YSSZ05,1,0.5033819211277551,0.0,1.503381921127755
AMSZ01,YSSZ08,1,0.19320085728385478,0.0,1.1932008572838548
AMSZ01,YSSZ09,10,1.8824128533176774,0.0,11.882412853317678
AMSZ02,AMSZ01,8,1.6532621518989004,4.902027618073766,14.555289769972667
AMSZ02,AMSZ02,7,1.3219712171068183,39.87997365261362,48.201944869720435
AMSZ02,AMSZ05,1,0.6756362248057888,0.4999026764413279,2.1755389012471165
AMSZ02,AMSZ06,1,0.5375898348597291,0.17864863627367172,1.7162384711334007
AMSZ02,AMSZ10,3,0.5427124983681133,0.13786795361269746,3.680580451980811
AMSZ02,AMSZ11,1,0.05321715282538282,0.16379999294863032,1.217017145774013
AMSZ02,AMSZ12,1,0.11976975289766535,0.558037877940755,1.6778076308384202
AMSZ02,BDSZ01,2,0.5954930483898923,0.0,2.5954930483898924
AMSZ02,BDSZ03,1,0.42294049139152146,0.0,1.4229404913915213
AMSZ02,BDSZ04,1,0.37483080666338947,0.0,1.3748308066633894
AMSZ02,BKSZ07,1,0.2582080370606576,0.0,1.2582080370606576
AMSZ02,BMSZ01,2,0.4046962129012769,0.0,2.404696212901277
AMSZ02,BMSZ08,1,0.13211615335596258,0.0,1.1321161533559625
AMSZ02,BMSZ12,3,0.6046423101354188,0.0,3.604642310135419
AMSZ02,BMSZ15,1,0.09339650604523876,0.0,1.0933965060452389
AMSZ02,BMSZ17,1,0.20543566808621228,0.0,1.2054356680862122
AMSZ02,BSSZ01,5,1.0800931142558936,0.5153076048206023,6.595400719076496
AMSZ02,BSSZ02,1,0.5576433043989933,0.2659300650822474,1.8235733694812406
AMSZ02,BSSZ03,1,0.4230560034369453,0.37840488422432406,1.8014608876612694
AMSZ02,CHSZ02,1,0.1431404762542844,0.0,1.1431404762542843
AMSZ02,CKSZ06,1,0.3151466790215388,0.0,1.315146679021539
AMSZ02,CLSZ04,1,0.2088167770605741,0.0,1.2088167770605742
AMSZ02,CLSZ09,2,0.11925823741424772,0.0,2.1192582374142477
AMSZ02,DTSZ01,1,0.30811349343624106,0.0,1.308113493436241
AMSZ02,DTSZ02,1,0.22783200198002063,0.0,1.2278320019800206
AMSZ02,DTSZ03,5,0.36941523321408243,0.0,5.369415233214083
AMSZ02,DTSZ05,6,0.26611575665592735,0.0,6.266115756655927
AMSZ02,DTSZ08,2,0.2223654947807916,0.0,2.2223654947807914
AMSZ02,DTSZ09,2,0.12530714862951803,0.0,2.125307148629518
AMSZ02,DTSZ10,1,0.04269744406181682,0.0,1.0426974440618169
AMSZ02,DTSZ11,2,0.4138958467462313,0.0,2.4138958467462315
AMSZ02,GLSZ03,4,0.5998449027302917,0.0,4.5998449027302915
AMSZ02,GLSZ04,1,0.5391423951700964,0.0,1.5391423951700964
AMSZ02,HGSZ04,1,0.3253059011326136,0.0,1.3253059011326136
AMSZ02,HGSZ05,1,0.3664205927552513,0.264271668871893,1.6306922616271442
AMSZ02,HGSZ06,1,0.5626711116361526,0.2254638177796435,1.7881349294157962
AMSZ02,HGSZ08,1,0.26121370633905,0.0,1.26121370633905
AMSZ02,JESZ03,1,0.3513974248022017,0.0,1.3513974248022018
AMSZ02,KLSZ06,2,0.3674773313939372,0.0,2.3674773313939372
AMSZ02,KLSZ07,1,0.32873792153659714,0.0,1.328737921536597
AMSZ02,KLSZ08,2,0.35569104151437203,0.0,2.355691041514372
AMSZ02,KLSZ09,1,0.060026569947224495,0.0,1.0600265699472244
AMSZ02,MDSZ02,1,0.08589688365327479,0.0,1.0858968836532747
AMSZ02,MDSZ03,1,0.0,0.0,1.0
AMSZ02,MPSZ03,1,0.3508456249648836,0.0,1.3508456249648835
AMSZ02,NTSZ03,1,0.07469381274006258,0.0,1.0746938127400625
AMSZ02,NVSZ02,4,0.6045060106797204,0.0,4.604506010679721
AMSZ02,NVSZ05,1,0.0,0.0,1.0
AMSZ02,ORSZ02,2,0.4784889279040759,0.0,2.478488927904076
AMSZ02,ORSZ03,3,0.4547062206861507,0.0,3.4547062206861505
AMSZ02,OTSZ03,4,0.5448736770508105,0.0,4.544873677050811
AMSZ02,PGSZ02,1,0.21701851632060415,0.0,1.2170185163206042
AMSZ02,PGSZ04,1,0.5976930902744197,0.0,1.5976930902744197
AMSZ02,QTSZ08,1,0.30016595273212726,0.0,1.3001659527321272
AMSZ02,QTSZ11,1,0.1909527919479714,0.0,1.1909527919479714
AMSZ02,QTSZ13,2,0.30503964308973347,0.0,2.3050396430897333
AMSZ02,RCSZ10,1,0.14639465531978077,0.0,1.1463946553197808
AMSZ02,SBSZ01,1,0.2427366992798044,0.0,1.2427366992798043
AMSZ02,SBSZ03,2,0.4707038679689033,0.0,2.4707038679689033
AMSZ02,SBSZ09,1,0.41830640549068143,0.0,1.4183064054906813
AMSZ02,SESZ03,1,0.7931699090339605,0.0,1.7931699090339603
AMSZ02,SESZ06,1,0.6444186871080458,0.0,1.644418687108046
AMSZ02,SGSZ02,1,0.4807462010014983,0.0,1.4807462010014982
AMSZ02,SGSZ03,2,0.5234143873099718,0.2202001972319201,2.743614584541892
AMSZ02,SGSZ04,3,1.3606113387966665,1.152685492576907,5.513296831373574
AMSZ02,SGSZ06,3,0.7403539273956342,1.6557053205754593,5.396059247971094
AMSZ02,SGSZ07,1,0.23864071418940777,0.0,1.2386407141894078
AMSZ02,SISZ01,1,0.34143671730950736,0.0,1.3414367173095074
AMSZ02,TMSZ02,1,0.4843066477921425,0.0,1.4843066477921425
AMSZ02,TMSZ04,1,0.2948950588857014,0.0,1.2948950588857013
AMSZ02,TMSZ05,2,0.5218764221394481,0.0,2.521876422139448
AMSZ02,TPSZ02,1,0.357309791798932,0.0,1.357309791798932
AMSZ02,TPSZ03,1,0.2146845442985825,0.0,1.2146845442985825
AMSZ02,TPSZ04,2,0.2368316545874735,0.0,2.2368316545874736
AMSZ02,TPSZ05,1,0.22272959982533214,0.0,1.2227295998253322
AMSZ02,TPSZ06,2,0.3628615798188524,0.0,2.3628615798188526
AMSZ02,TPSZ07,1,0.0986867705790607,0.0,1.0986867705790606
AMSZ02,TPSZ12,1,0.16448146518746953,0.0,1.1644814651874695
AMSZ02,WCSZ01,1,0.2563935532643648,0.0,1.2563935532643649
AMSZ02,WDSZ01,1,0.15558361436783474,0.0,1.1555836143678349
AMSZ02,WDSZ03,3,0.621152827099755,0.0,3.621152827099755
AMSZ02,WDSZ07,1,0.05136402912464964,0.0,1.0513640291246495
AMSZ02,YSSZ02,1,0.1632744605789943,0.0,1.1632744605789944
AMSZ02,YSSZ03,1,0.4374550875050121,0.0,1.437455087505012
AMSZ02,YSSZ07,1,0.052277951809359284,0.0,1.0522779518093592
AMSZ02,YSSZ08,1,0.12235929696865926,0.0,1.1223592969686593
AMSZ02,YSSZ09,4,0.6389170050292352,0.0,4.638917005029235
AMSZ03,AMSZ01,15,3.147953405310004,4.741767035669749,22.889720440979755
AMSZ03,AMSZ02,1,0.7192911163680555,2.249826683516536,3.9691177998845912
AMSZ03,AMSZ03,4,1.7791947762900435,13.107286697610517,18.88648147390056
AMSZ03,AMSZ06,1,0.6065964503369207,0.3923543929990438,1.9989508433359646
AMSZ03,AMSZ07,1,0.4312280620027116,0.0,1.4312280620027116
AMSZ03,AMSZ10,1,0.49169014895307367,0.032409355903489784,1.5240995048565633
AMSZ03,AMSZ12,2,0.2612219974128411,0.4826216120979041,2.743843609510745
AMSZ03,BKSZ03,1,0.296398012179819,0.0,1.2963980121798189
AMSZ03,BKSZ07,1,0.2631940017105523,0.0,1.2631940017105523
AMSZ03,BKSZ09,1,0.23279661800055113,0.0,1.2327966180005512
AMSZ03,BMSZ01,1,0.29155282352887635,0.0,1.2915528235288765
AMSZ03,BMSZ11,1,0.19153821912074684,0.0,1.1915382191207469
AMSZ03,BSSZ01,6,1.7697352319336854,0.6414614430725787,8.411196675006265
AMSZ03,BSSZ02,2,0.8696479016909867,0.48854502252373366,3.3581929242147206
AMSZ03,BSSZ03,6,1.1645624888550292,3.1195668395493876,10.284129328404417
AMSZ03,CHSZ03,1,0.6239020770698663,0.0,1.6239020770698662
AMSZ03,CKSZ03,1,0.2743188780391674,0.0,1.2743188780391674
AMSZ03,CKSZ04,1,0.19597741287804873,0.0,1.1959774128780487
AMSZ03,DTSZ01,1,0.4386381304016306,0.0,1.4386381304016305
AMSZ03,DTSZ02,1,0.2795175277019257,0.0,1.2795175277019257
AMSZ03,DTSZ05,2,0.39183070412411514,0.0,2.391830704124115
AMSZ03,DTSZ08,2,0.20512838440685954,0.0,2.2051283844068594
AMSZ03,DTSZ09,1,0.1282600964222322,0.0,1.1282600964222322
AMSZ03,DTSZ11,3,0.46627680836957547,0.0,3.4662768083695754
AMSZ03,DTSZ12,1,0.18084743004645357,0.0,1.1808474300464535
AMSZ03,GLSZ02,1,0.3116644589760926,0.0,1.3116644589760926
AMSZ03,GLSZ03,4,0.734923363786323,0.0,4.734923363786323
AMSZ03,GLSZ05,1,0.5738660921333035,0.0,1.5738660921333034
AMSZ03,HGSZ02,1,0.4324946426244567,0.0,1.4324946426244567
AMSZ03,HGSZ05,2,0.8784829033788213,0.629785653705701,3.5082685570845227
AMSZ03,HGSZ06,1,0.7662213475137957,0.2952613963195215,2.0614827438333174
AMSZ03,JESZ05,2,0.4991625232843183,0.0,2.499162523284318
AMSZ03,JWSZ06,1,0.18139276477280078,0.0,1.1813927647728009
AMSZ03,JWSZ09,1,0.4485175353751327,0.0,1.4485175353751327
AMSZ03,KLSZ05,1,0.19312337427401788,0.0,1.193123374274018
AMSZ03,KLSZ07,3,0.7997536369976199,0.0,3.79975363699762
AMSZ03,MPSZ02,1,0.32976879960249195,0.0,1.3297687996024918
AMSZ03,MUSZ03,1,0.052557423183535845,0.0,1.052557423183536
AMSZ03,NVSZ01,1,0.9443767913826212,0.0,1.9443767913826213
AMSZ03,NVSZ02,2,0.9279683993244461,0.0,2.9279683993244463
AMSZ03,NVSZ03,2,0.18994416719172338,0.0,2.1899441671917232
AMSZ03,ORSZ02,1,0.3381179502055145,0.0,1.3381179502055145
AMSZ03,OTSZ03,4,0.5472273648163778,0.0,4.5472273648163775
AMSZ03,PGSZ01,1,0.21461136899778022,0.0,1.2146113689977802
AMSZ03,PLSZ01,1,0.24413923511815183,0.0,1.2441392351181517
AMSZ03,QTSZ09,1,0.06131886210043097,0.0,1.061318862100431
AMSZ03,QTSZ11,3,0.829848705413759,0.0,3.829848705413759
AMSZ03,QTSZ13,1,0.22473519901454808,0.0,1.224735199014548
AMSZ03,QTSZ14,1,0.2614156274920101,0.0,1.26141562749201
AMSZ03,RCSZ10,1,0.18201824575006245,0.0,1.1820182457500625
AMSZ03,SBSZ01,1,0.3655190874352568,0.0,1.3655190874352567
AMSZ03,SBSZ04,1,0.31111621223314595,0.0,1.311116212233146
AMSZ03,SBSZ08,1,0.10952875789262954,0.0,1.1095287578926296
AMSZ03,SESZ04,1,0.6687597569593157,0.0,1.6687597569593158
AMSZ03,SESZ06,1,0.87729118844789,0.0,1.87729118844789
AMSZ03,SGSZ02,4,0.5530121866804039,0.0,4.553012186680403
AMSZ03,SGSZ04,3,1.5465560725046295,1.719772227536596,6.266328300041225
AMSZ03,SGSZ06,1,0.5488446429317911,0.6869385698043766,2.235783212736168
AMSZ03,TMSZ02,1,0.4957392373459707,0.0,1.4957392373459708
AMSZ03,TMSZ03,1,0.6272684788439196,0.0,1.6272684788439196
AMSZ03,TMSZ04,1,0.3591997368270312,0.0,1.3591997368270312
AMSZ03,TMSZ05,2,0.5135764860440585,0.0,2.5135764860440584
AMSZ03,TPSZ02,1,0.5284357004929756,0.0,1.5284357004929756
AMSZ03,TPSZ03,1,0.40741845441456215,0.1964814214450229,1.603899875859585
AMSZ03,TPSZ06,1,0.32275766288947755,0.21490365202012868,1.5376613149096061
AMSZ03,TPSZ08,1,0.2956397695085359,0.0,1.295639769508536
AMSZ03,WDSZ01,1,0.1498129753682991,0.0,1.149812975368299
AMSZ03,WDSZ02,1,0.4505741073219915,0.0,1.4505741073219915
AMSZ04,AMSZ01,3,0.4393745763642087,1.7493288072202937,5.188703383584502
AMSZ04,AMSZ02,1,0.17943757690611156,1.921157078202052,3.1005946551081633
AMSZ04,AMSZ03,2,0.28334666116857504,1.8213284680647108,4.104675129233286
AMSZ04,AMSZ04,1,0.224871465568792,15.562723789145508,16.7875952547143
AMSZ04,AMSZ10,3,0.3363513829211169,0.09851018898387773,3.434861571904994
AMSZ04,BMSZ07,1,0.11100420705042306,0.0,1.1110042070504231
AMSZ04,BMSZ12,1,0.06555191079701529,0.0,1.0655519107970153
AMSZ04,BMSZ13,1,0.016227989906738127,0.0,1.0162279899067381
AMSZ04,BMSZ17,1,0.035132335890361806,0.0,1.035132335890362
AMSZ04,BSSZ01,9,1.3420014488869703,0.9706450220169962,11.312646470903966
AMSZ04,BSSZ02,1,0.27356332903413744,0.31615071840557973,1.5897140474397173
AMSZ04,BSSZ03,1,0.1551822078783733,0.6951302941976856,1.850312502076059
AMSZ04,BTSZ01,1,0.11943144201400115,0.0,1.1194314420140012
AMSZ04,CHSZ03,2,0.35286314095581356,0.0,2.3528631409558134
AMSZ04,CLSZ01,1,0.055902806508266886,0.0,1.055902806508267
AMSZ04,DTSZ02,4,0.19638524219509348,0.0,4.196385242195094
AMSZ04,DTSZ03,2,0.18663296811981797,0.0,2.186632968119818
AMSZ04,DTSZ05,3,0.2048385548230089,0.0,3.204838554823009
AMSZ04,DTSZ08,1,0.04851312958533626,0.0,1.0485131295853363
AMSZ04,DTSZ11,1,0.08453146650432815,0.0,1.0845314665043282
AMSZ04,GLSZ01,1,0.11194604117640822,0.0,1.1119460411764082
AMSZ04,GLSZ03,1,0.09269311844669392,0.0,1.092693118446694
AMSZ04,HGSZ04,2,0.1855765292936428,0.0,2.185576529293643
AMSZ04,HGSZ06,2,0.2621028745438659,0.0,2.262102874543866
AMSZ04,HGSZ07,1,0.1606573178738422,0.0,1.1606573178738422
AMSZ04,HGSZ08,2,0.09424998044089992,0.0,2.0942499804409
AMSZ04,HGSZ09,1,0.0023499828571664086,0.0,1.0023499828571665
AMSZ04,JESZ06,1,0.0173949787798638,0.0,1.0173949787798637
AMSZ04,JWSZ09,1,0.13542325701313904,0.0,1.135423257013139
AMSZ04,KLSZ06,1,0.11829802021056164,0.0,1.1182980202105617
AMSZ04,KLSZ08,1,0.09258797969236003,0.0,1.09258797969236
AMSZ04,MPSZ01,1,0.04817186741208024,0.0,1.0481718674120803
AMSZ04,MUSZ03,1,0.01808563825120528,0.0,1.0180856382512053
AMSZ04,NTSZ03,1,0.024137035665977573,0.0,1.0241370356659776
AMSZ04,NVSZ02,2,0.33605739578664795,0.0,2.336057395786648
AMSZ04,ORSZ03,1,0.0815361548237301,0.0,1.0815361548237301
AMSZ04,PLSZ04,1,0.004470771114047248,0.0,1.0044707711140473
AMSZ04,QTSZ08,5,1.1505382257293162,0.0,6.150538225729316
AMSZ04,QTSZ11,1,0.11212461735619263,0.0,1.1121246173561927
AMSZ04,QTSZ15,1,0.0468943295759039,0.0,1.046894329575904
AMSZ04,RCSZ10,2,0.0757448436441726,0.0,2.0757448436441726
AMSZ04,RVSZ05,1,0.03638436857855898,0.0,1.036384368578559
AMSZ04,SBSZ03,1,0.11663304452788974,0.0,1.1166330445278898
AMSZ04,SBSZ04,1,0.12087809819770012,0.0,1.1208780981977
AMSZ04,SBSZ09,1,0.10250970962431837,0.0,1.1025097096243184
AMSZ04,SGSZ03,1,0.1819755002026562,0.10731112629147886,1.289286626494135
AMSZ04,SGSZ04,2,0.4745532210317214,0.7338470111022334,3.2084002321339544
AMSZ04,SGSZ06,5,0.8964188374457758,1.5071525865257878,7.403571423971563
AMSZ04,TMSZ03,2,0.36047273614627023,0.0,2.3604727361462703
AMSZ04,TMSZ04,1,0.08851984957599487,0.0,1.088519849575995
AMSZ04,TNSZ01,1,0.06823769788506935,0.0,1.0682376978850694
AMSZ04,TPSZ01,1,0.1134538185336882,0.22966120830960574,1.3431150268432939
AMSZ04,TPSZ02,1,0.12308415343858012,0.0,1.12308415343858
AMSZ04,TPSZ04,1,0.02796848156898793,0.09140673488397268,1.1193752164529607
AMSZ04,TPSZ06,1,0.06286699824718354,0.19473046297524013,1.2575974612224237
AMSZ04,WDSZ02,1,0.09160709591594744,0.0,1.0916070959159474
AMSZ04,WDSZ04,1,0.11540391517969582,0.0,1.1154039151796957
AMSZ04,WDSZ07,1,0.01902562282761294,0.0,1.0190256228276129
AMSZ04,YSSZ09,1,0.11782204830765682,0.0,1.1178220483076569
AMSZ05,AMSZ01,4,2.181970648191408,4.269991731140021,10.451962379331428
AMSZ05,AMSZ02,1,0.5549872653984179,2.7245937558020206,4.279581021200439
AMSZ05,AMSZ06,1,2.180535176760741,0.9451111402898322,4.125646317050573
AMSZ05,AMSZ10,1,0.3921848482099343,0.20999863236675248,1.6021834805766868
AMSZ05,BKSZ09,1,0.2884022495021808,0.0,1.2884022495021807
AMSZ05,BMSZ04,1,0.20343454370092126,0.0,1.2034345437009213
AMSZ05,BMSZ05,1,0.2304127367624675,0.0,1.2304127367624675
AMSZ05,BPSZ05,1,0.40048243224325253,0.0,1.4004824322432525
AMSZ05,BSSZ01,3,3.026988757021722,0.8499921500442741,6.876980907065996
AMSZ05,BTSZ01,1,0.3909330233265964,0.0,1.3909330233265964
AMSZ05,DTSZ01,3,0.4616040184695789,0.0,3.461604018469579
AMSZ05,DTSZ03,2,0.6051047266618599,0.0,2.60510472666186
AMSZ05,DTSZ05,2,0.4558548931922949,0.0,2.4558548931922948
AMSZ05,GLSZ02,1,0.21621499820699946,0.0,1.2162149982069994
AMSZ05,GLSZ03,1,0.3319269769522464,0.0,1.3319269769522464
AMSZ05,HGSZ07,1,0.47839564251221556,0.0,1.4783956425122156
AMSZ05,HGSZ08,1,0.23257034161615922,0.0,1.2325703416161593
AMSZ05,KLSZ01,1,0.5204371039960667,0.0,1.5204371039960667
AMSZ05,KLSZ06,1,0.45875037496383986,0.0,1.4587503749638397
AMSZ05,KLSZ09,2,0.14723357859354969,0.0,2.14723357859355
AMSZ05,MPSZ01,1,0.16025155422214052,0.0,1.1602515542221405
AMSZ05,MUSZ02,1,0.0,0.0,1.0
AMSZ05,MUSZ03,1,0.06541684268070883,0.0,1.065416842680709
AMSZ05,NTSZ03,1,0.10701785164316058,0.0,1.1070178516431606
AMSZ05,NVSZ02,1,0.676319464636686,0.0,1.676319464636686
AMSZ05,NVSZ05,1,0.0,0.0,1.0
AMSZ05,OTSZ01,1,0.0396516895913295,0.0,1.0396516895913295
AMSZ05,OTSZ02,1,0.06964322196725778,0.0,1.0696432219672578
AMSZ05,SGSZ02,1,0.15949471820582278,0.0,1.1594947182058228
AMSZ05,SGSZ03,1,0.38861713453183194,0.0,1.3886171345318319
AMSZ05,TMSZ05,1,0.34006225456909045,0.0,1.3400622545690903
AMSZ05,TPSZ06,1,0.22917694867607893,0.0,1.2291769486760789
AMSZ05,TSSZ03,1,0.049240557262262744,0.0,1.0492405572622627
AMSZ05,WCSZ01,1,0.2906183484933273,0.0,1.2906183484933273
AMSZ05,WDSZ09,1,0.14110320581400848,0.0,1.1411032058140085
AMSZ05,YSSZ01,1,0.2437635035375592,0.0,1.2437635035375592
AMSZ05,YSSZ03,1,0.556535045807439,0.0,1.556535045807439
AMSZ05,YSSZ09,3,0.7246633220808638,0.0,3.724663322080864
AMSZ06,AMSZ01,10,2.2962928036119954,1.6690373876967173,13.965330191308713
AMSZ06,AMSZ02,1,0.44475092174440756,0.6212063376231937,2.065957259367601
AMSZ06,AMSZ06,2,4.596762143141936,17.20072616956332,23.797488312705255
AMSZ06,AMSZ09,2,0.6100060622932675,0.34567753852503674,2.9556836008183045
AMSZ06,AMSZ10,2,0.4067010232476258,0.02785209335487469,2.4345531166025007
AMSZ06,BDSZ03,1,0.23752863931022056,0.0,1.2375286393102205
AMSZ06,BMSZ02,1,0.11673672322087884,0.0,1.116736723220879
AMSZ06,BSSZ01,2,1.9187342047241982,0.13480727900025113,4.053541483724449
AMSZ06,BTSZ01,2,0.40773762895624854,0.0,2.4077376289562484
AMSZ06,BTSZ03,1,0.11107334164286464,0.0,1.1110733416428646
AMSZ06,BTSZ08,1,0.06884392654753708,0.0,1.0688439265475371
AMSZ06,CKSZ03,1,0.3004843526346224,0.0,1.3004843526346224
AMSZ06,CLSZ08,1,0.2285245762771392,0.0,1.2285245762771393
AMSZ06,DTSZ02,2,0.27387958483875974,0.0,2.2738795848387596
AMSZ06,DTSZ03,4,0.42030416669161313,0.0,4.420304166691613
AMSZ06,DTSZ05,1,0.16328815463881516,0.0,1.1632881546388152
AMSZ06,DTSZ08,5,0.3802517431003456,0.0,5.380251743100345
AMSZ06,DTSZ11,2,0.2621796661791562,0.0,2.262179666179156
AMSZ06,GLSZ01,1,0.25666829708234334,0.0,1.2566682970823433
AMSZ06,GLSZ04,1,0.4590813202397478,0.0,1.459081320239748
AMSZ06,GLSZ05,1,0.35101669222679294,0.0,1.351016692226793
AMSZ06,HGSZ06,1,0.5500793377696259,0.0,1.5500793377696258
AMSZ06,JESZ05,4,0.33480497341088533,0.0,4.334804973410885
AMSZ06,KLSZ02,1,0.08531386589981853,0.0,1.0853138658998185
AMSZ06,KLSZ07,1,0.25588074299943725,0.0,1.2558807429994372
AMSZ06,KLSZ08,1,0.2252257108791779,0.0,1.225225710879178
AMSZ06,LKSZ01,1,0.5269502644303206,0.0,1.5269502644303206
AMSZ06,MUSZ02,1,0.0,0.0,1.0
AMSZ06,NTSZ03,1,0.05017185633557935,0.0,1.0501718563355793
AMSZ06,NVSZ02,2,0.6802703784106191,0.0,2.680270378410619
AMSZ06,ORSZ03,2,0.2917239070737585,0.0,2.2917239070737585
AMSZ06,OTSZ03,3,0.4418284856203383,0.0,3.4418284856203383
AMSZ06,PGSZ01,1,0.12112375739498192,0.0,1.121123757394982
AMSZ06,QTSZ02,1,0.12845291845862283,0.0,1.1284529184586227
AMSZ06,QTSZ06,1,0.1124686638451887,0.0,1.1124686638451886
AMSZ06,QTSZ08,3,0.5462097817585121,0.0,3.5462097817585123
AMSZ06,QTSZ12,1,0.13779152353191407,0.0,1.137791523531914
AMSZ06,QTSZ14,2,0.23402853612930855,0.0,2.2340285361293084
AMSZ06,RCSZ01,1,0.09050799955269426,0.0,1.0905079995526943
AMSZ06,SBSZ02,1,0.012483810014770964,0.0,1.012483810014771
AMSZ06,SESZ04,1,0.48038221460133085,0.0,1.4803822146013308
AMSZ06,SGSZ02,3,0.3875061773434949,0.0,3.3875061773434947
AMSZ06,SRSZ02,1,0.03569819467694324,0.0,1.0356981946769432
AMSZ06,TMSZ01,1,0.5163839907631756,0.0,1.5163839907631758
AMSZ06,TMSZ05,1,0.2272232172248368,0.0,1.2272232172248367
AMSZ06,WDSZ01,3,0.08534709498830112,0.0,3.0853470949883013
AMSZ06,WDSZ02,1,0.23638425516131706,0.0,1.2363842551613171
AMSZ06,WDSZ04,2,0.29430546462888924,0.0,2.294305464628889
AMSZ06,YSSZ06,2,0.16889956213264998,0.0,2.16889956213265
AMSZ06,YSSZ09,1,0.431707342615114,0.0,1.431707342615114
AMSZ07,AMSZ01,5,1.4166227910177258,0.9107420468481533,7.327364837865879
AMSZ07,AMSZ03,1,0.14888581990939354,0.31186623147265335,1.460752051382047
AMSZ07,AMSZ11,1,0.025298202903206835,0.5676820511070277,1.5929802540102347
AMSZ07,BKSZ03,1,0.20911289015003856,0.0,1.2091128901500385
AMSZ07,BMSZ01,1,0.1920459081353079,0.0,1.1920459081353079
AMSZ07,BSSZ01,2,1.4526661231402425,0.20964022773791294,3.6623063508781555
AMSZ07,BTSZ01,1,0.2592066426810364,0.0,1.2592066426810364
AMSZ07,DTSZ02,1,0.13702445646331968,0.0,1.1370244564633196
AMSZ07,DTSZ08,1,0.10307157369638233,0.0,1.1030715736963823
AMSZ07,DTSZ12,1,0.12185347829469013,0.0,1.12185347829469
AMSZ07,MUSZ01,1,0.07395638123596998,0.0,1.07395638123597
AMSZ07,NVSZ01,1,0.4483105182471268,0.0,1.4483105182471268
AMSZ07,NVSZ02,1,0.2693882806433144,0.0,1.2693882806433143
AMSZ07,NVSZ04,1,0.011126515704997104,0.0,1.0111265157049971
AMSZ07,ORSZ02,1,0.21685215205088526,0.0,1.2168521520508853
AMSZ07,ORSZ03,1,0.15722761321244988,0.0,1.15722761321245
AMSZ07,PGSZ04,1,0.3277024927273693,0.0,1.3277024927273693
AMSZ07,QTSZ11,1,0.29181140522736965,0.0,1.2918114052273697
AMSZ07,RCSZ09,1,0.05949398767902562,0.0,1.0594939876790257
AMSZ07,SBSZ01,1,0.24125793166050716,0.0,1.2412579316605072
AMSZ07,TPSZ09,1,0.08016876520310141,0.0,1.0801687652031013
AMSZ07,WDSZ07,1,0.02989951638440611,0.0,1.029899516384406
AMSZ07,YSSZ02,1,0.12790694340088613,0.0,1.1279069434008862
AMSZ07,YSSZ05,1,0.29542103984754253,0.0,1.2954210398475425
AMSZ07,YSSZ09,1,0.3036885703841241,0.0,1.3036885703841241
AMSZ08,AMSZ01,2,0.7687225376006657,0.05612842791788213,2.824850965518548
AMSZ08,AMSZ04,1,0.06494110903093354,0.009733232247312963,1.0746743412782465
AMSZ08,AMSZ07,1,0.3339517603084739,0.0,1.3339517603084738
AMSZ08,AMSZ08,2,3.784122180131202,2.923662764444716,8.707784944575918
AMSZ08,BDSZ02,1,0.3040992401843575,0.0,1.3040992401843576
AMSZ08,BMSZ02,1,0.1260362375113414,0.0,1.1260362375113413
AMSZ08,BSSZ01,1,0.5573859071232574,0.010369920678754814,1.5677558278020123
AMSZ08,BSSZ03,2,0.41991826607527766,0.0,2.419918266075278
AMSZ08,DTSZ02,1,0.17824869106881094,0.0,1.178248691068811
AMSZ08,DTSZ03,1,0.2029994619144518,0.0,1.2029994619144517
AMSZ08,JWSZ02,1,0.273786691097449,0.0,1.273786691097449
AMSZ08,JWSZ09,2,0.5784865085323904,0.0,2.5784865085323903
AMSZ08,KLSZ09,1,0.034590096546818265,0.0,1.0345900965468182
AMSZ08,MPSZ03,1,0.31359482418515716,0.0,1.3135948241851572
AMSZ08,ORSZ02,1,0.3148371481702156,0.0,1.3148371481702155
AMSZ08,OTSZ03,1,0.23503313576060694,0.0,1.235033135760607
AMSZ08,OTSZ04,1,0.059600510366048236,0.0,1.0596005103660482
AMSZ08,PGSZ03,1,0.19088496665355914,0.0,1.190884966653559
AMSZ08,PNSZ01,1,0.13625091322667113,0.0,1.1362509132266712
AMSZ08,PRSZ03,1,0.42252729995396165,0.0,1.4225272999539618
AMSZ08,QTSZ01,1,0.13368570876351668,0.0,1.1336857087635166
AMSZ08,QTSZ14,1,0.21846966599589454,0.0,1.2184696659958945
AMSZ08,RCSZ08,1,0.0,0.0,1.0
AMSZ08,SBSZ02,1,0.005540062978508919,0.0,1.005540062978509
AMSZ08,SBSZ03,2,0.46944882732124454,0.0,2.4694488273212447
AMSZ08,SBSZ04,1,0.3356226180883064,0.0,1.3356226180883064
AMSZ08,TMSZ03,1,0.44869609817677536,0.0,1.4486960981767754
AMSZ08,TMSZ05,1,0.2466819835249025,0.0,1.2466819835249026
AMSZ08,TPSZ02,2,0.4107361575623286,0.0,2.4107361575623285
AMSZ08,TPSZ06,1,0.20240123159871756,0.0,1.2024012315987176
AMSZ08,TSSZ05,1,0.38162461022379185,0.0,1.381624610223792
AMSZ08,WDSZ02,2,0.28078533618469603,0.0,2.280785336184696
AMSZ08,WDSZ04,1,0.4701736084468002,0.0,1.4701736084468002
AMSZ08,YSSZ02,1,0.15446406524420173,0.0,1.1544640652442018
AMSZ08,YSSZ04,1,0.5238012029767368,0.0,1.523801202976737
AMSZ08,YSSZ09,1,0.41785133747130754,0.0,1.4178513374713075
AMSZ09,AMSZ01,10,3.2411332388793612,1.033333705181466,14.274466944060826
AMSZ09,AMSZ04,1,0.1154208416447864,0.14938135063794214,1.2648021922827286
AMSZ09,AMSZ06,3,1.6006851586772974,0.4692093746686678,5.069894533345965
AMSZ09,AMSZ07,1,0.5408891889589916,0.0,1.5408891889589915
AMSZ09,AMSZ09,3,1.6666140915580687,17.0688841795419,21.73549827109997
AMSZ09,AMSZ10,3,0.8364582505131337,0.08619175205831389,3.9226500025714475
AMSZ09,AMSZ11,1,0.03997005616319013,0.05783884200394073,1.0978088981671308
AMSZ09,BDSZ03,1,0.3084004709021294,0.0,1.3084004709021295
AMSZ09,BKSZ01,1,0.09412394014853426,0.0,1.0941239401485343
AMSZ09,BMSZ01,1,0.27607353471344565,0.0,1.2760735347134458
AMSZ09,BMSZ05,1,0.22870972821819774,0.0,1.2287097282181978
AMSZ09,BMSZ17,1,0.19894711583412605,0.0,1.198947115834126
AMSZ09,BSSZ01,2,1.4283328369605337,0.07602515395554163,3.5043579909160756
AMSZ09,BSSZ02,1,0.3617438387019116,0.058483152624385346,1.420226991326297
AMSZ09,DTSZ01,2,0.3028138329781631,0.0,2.3028138329781633
AMSZ09,DTSZ02,2,0.3153630583001784,0.0,2.3153630583001785
AMSZ09,DTSZ05,3,0.5807116672065337,0.0,3.5807116672065336
AMSZ09,DTSZ08,1,0.19149136130554173,0.0,1.1914913613055418
AMSZ09,DTSZ09,1,0.21353877179915687,0.0,1.2135387717991568
AMSZ09,DTSZ11,4,0.2002587122109407,0.0,4.200258712210941
AMSZ09,GLSZ03,3,0.5623305652603884,0.0,3.5623305652603885
AMSZ09,GLSZ05,1,0.3742739330964977,0.0,1.3742739330964977
AMSZ09,HGSZ07,1,0.3792003355079716,0.0,1.3792003355079716
AMSZ09,KLSZ01,2,0.48420289520186144,0.0,2.4842028952018613
AMSZ09,KLSZ08,1,0.25055477983635854,0.0,1.2505547798363585
AMSZ09,NTSZ03,1,0.08260198243798017,0.0,1.0826019824379802
AMSZ09,NVSZ02,3,0.6484940533384699,0.0,3.64849405333847
AMSZ09,NVSZ03,1,0.08029313534265056,0.0,1.0802931353426506
AMSZ09,ORSZ02,4,0.6443805384366609,0.0,4.6443805384366605
AMSZ09,ORSZ03,1,0.22671838777292255,0.0,1.2267183877729226
AMSZ09,OTSZ03,3,0.6216156852426759,0.0,3.6216156852426757
AMSZ09,PGSZ03,1,0.2810300871638382,0.0,1.2810300871638383
AMSZ09,PRSZ01,1,0.0,0.0,1.0
AMSZ09,QTSZ02,1,0.12720054679784495,0.0,1.127200546797845
AMSZ09,QTSZ08,1,0.355309252655819,0.0,1.355309252655819
AMSZ09,QTSZ11,2,0.5048718089212788,0.0,2.504871808921279
AMSZ09,QTSZ14,1,0.23213956022268642,0.0,1.2321395602226863
AMSZ09,SBSZ03,2,0.5226382440043708,0.0,2.5226382440043706
AMSZ09,SESZ03,3,0.903493673560511,0.0,3.903493673560511
AMSZ09,SESZ04,1,0.6988814880508191,0.0,1.698881488050819
AMSZ09,SGSZ03,1,0.3326285064570875,0.0,1.3326285064570875
AMSZ09,SRSZ03,1,0.18011427094636756,0.0,1.1801142709463677
AMSZ09,TMSZ04,1,0.46782042523045836,0.0,1.4678204252304583
AMSZ09,TNSZ01,1,0.291042041747527,0.0,1.291042041747527
AMSZ09,TPSZ05,1,0.1308994355186926,0.0,1.1308994355186925
AMSZ09,WCSZ01,1,0.24844124004340726,0.0,1.2484412400434073
AMSZ09,WDSZ03,1,0.42869727272220703,0.0,1.4286972727222071
AMSZ09,YSSZ01,1,0.19844615881216174,0.0,1.1984461588121618
AMSZ10,AMSZ01,4,1.353625116330403,0.8116441523289225,6.165269268659325
AMSZ10,AMSZ02,1,0.4593631959279502,0.9253988188684898,2.38476201479644
AMSZ10,AMSZ03,1,0.311404107748152,0.2073029899745523,1.5187070977227042
AMSZ10,AMSZ04,1,0.09974655770072914,0.09457971502875938,1.1943262727294883
AMSZ10,AMSZ06,1,0.7585413656580898,0.11536375824750932,1.873905123905599
AMSZ10,AMSZ09,2,0.5533095407652677,0.2199724305257038,2.7732819712909715
AMSZ10,AMSZ10,2,0.9200074065280801,6.18083805051129,9.10084545703937
AMSZ10,AMSZ11,1,0.017148858453574597,0.15887783429316255,1.176026692746737
AMSZ10,BDSZ01,1,0.21797719650409592,0.0,1.217977196504096
AMSZ10,BDSZ04,1,0.3242949463480392,0.0,1.3242949463480391
AMSZ10,BKSZ03,1,0.17232657435767323,0.0,1.1723265743576732
AMSZ10,BKSZ07,1,0.19653246438011573,0.0,1.1965324643801156
AMSZ10,BKSZ09,1,0.19693743269491132,0.0,1.1969374326949114
AMSZ10,BMSZ06,1,0.2754779142821639,0.0,1.275477914282164
AMSZ10,BPSZ01,1,0.08977593834896927,0.0,1.0897759383489694
AMSZ10,BTSZ03,1,0.10973298921774823,0.0,1.1097329892177483
AMSZ10,BTSZ05,1,0.05479872614669668,0.0,1.0547987261466967
AMSZ10,CHSZ01,1,0.06960985604413852,0.0,1.0696098560441385
AMSZ10,CKSZ05,2,0.11676121403688285,0.0,2.1167612140368828
AMSZ10,CKSZ06,2,0.3931288876316883,0.0,2.393128887631688
AMSZ10,DTSZ02,1,0.1552433025610215,0.0,1.1552433025610216
AMSZ10,DTSZ05,1,0.17618048179754922,0.0,1.1761804817975492
AMSZ10,DTSZ06,1,0.03063003747964531,0.0,1.0306300374796453
AMSZ10,DTSZ11,1,0.1443169891532531,0.0,1.1443169891532532
AMSZ10,DTSZ12,2,0.3078056464914205,0.0,2.3078056464914205
AMSZ10,GLSZ03,1,0.22138191759495218,0.0,1.221381917594952
AMSZ10,HGSZ03,2,0.3876273307411235,0.0,2.3876273307411235
AMSZ10,HGSZ04,1,0.23658911723529857,0.0,1.2365891172352985
AMSZ10,HGSZ05,1,0.40460324681995213,0.0,1.404603246819952
AMSZ10,HGSZ06,1,0.5284693420373293,0.0,1.5284693420373294
AMSZ10,JESZ05,1,0.3020213460947452,0.0,1.3020213460947452
AMSZ10,JWSZ09,1,0.3605341041371657,0.0,1.3605341041371657
AMSZ10,KLSZ01,1,0.31949928354771123,0.0,1.3194992835477113
AMSZ10,KLSZ09,1,0.045281449219563334,0.0,1.0452814492195632
AMSZ10,MPSZ03,1,0.28790560932265136,0.0,1.2879056093226513
AMSZ10,NVSZ01,1,0.5879917605330324,0.0,1.5879917605330323
AMSZ10,NVSZ02,1,0.3442447561873373,0.0,1.3442447561873374
AMSZ10,ORSZ03,1,0.1558978915319159,0.0,1.1558978915319158
AMSZ10,OTSZ03,1,0.2965224810517495,0.0,1.2965224810517495
AMSZ10,PGSZ02,1,0.18385832761533843,0.0,1.1838583276153385
AMSZ10,PGSZ03,1,0.2352707228854875,0.0,1.2352707228854876
AMSZ10,PGSZ05,2,0.5569165655118524,0.0,2.5569165655118526
AMSZ10,PRSZ05,2,0.4112221982212172,0.0,2.411222198221217
AMSZ10,QTSZ01,1,0.2554891463596055,0.0,1.2554891463596056
AMSZ10,QTSZ02,1,0.11125509767164744,0.0,1.1112550976716475
AMSZ10,RCSZ10,1,0.09872546526241822,0.0,1.0987254652624183
AMSZ10,SBSZ01,1,0.21644567545460888,0.0,1.216445675454609
AMSZ10,SBSZ03,5,0.5231103130519659,0.0,5.523110313051966
AMSZ10,SESZ02,2,0.7160400653587088,0.0,2.7160400653587087
AMSZ10,SESZ04,2,0.7291683646511806,0.0,2.729168364651181
AMSZ10,SESZ06,2,1.222336016106789,0.0,3.222336016106789
AMSZ10,SGSZ02,1,0.2127355179755424,0.0,1.2127355179755424
AMSZ10,SGSZ03,2,0.39250225541151745,0.11337266810551758,2.5058749235170352
AMSZ10,SGSZ04,1,0.5147539009871561,0.14859442462177644,1.6633483256089328
AMSZ10,SGSZ06,1,0.3127293255193702,0.0,1.3127293255193702
AMSZ10,TPSZ01,1,0.10843537587891068,0.0,1.1084353758789107
AMSZ10,TPSZ06,1,0.19816174763059613,0.0,1.1981617476305961
AMSZ10,TPSZ11,1,0.15755135228573613,0.0,1.1575513522857361
AMSZ10,TPSZ12,1,0.11075370383609467,0.0,1.1107537038360946
AMSZ10,WDSZ01,2,0.09698575554503766,0.0,2.0969857555450377
AMSZ10,WDSZ03,4,0.7233807096025634,0.0,4.723380709602563
AMSZ10,WDSZ05,2,0.2816072945198835,0.0,2.2816072945198833
AMSZ10,WDSZ06,1,0.22853461240165618,0.0,1.2285346124016563
AMSZ10,YSSZ01,4,0.17569132164730816,0.0,4.175691321647308
AMSZ10,YSSZ03,1,0.3973742679426549,0.0,1.3973742679426548
AMSZ10,YSSZ05,1,0.1796468539383167,0.023778477623374893,1.2034253315616916
AMSZ10,YSSZ08,1,0.11019398255869535,0.0,1.1101939825586953
AMSZ10,YSSZ09,3,0.5558776815284223,0.0,3.5558776815284223
AMSZ11,AMSZ01,1,0.3052790847924638,0.0,1.3052790847924638
AMSZ11,AMSZ02,1,0.2725399155096595,0.0,1.2725399155096595
AMSZ11,DTSZ01,1,0.18785246386002408,0.0,1.187852463860024
AMSZ11,JESZ05,2,0.3198737903338164,0.0,2.3198737903338165
AMSZ11,ORSZ03,1,0.12140109022821026,0.0,1.1214010902282103
AMSZ11,SBSZ04,1,0.23920667238602064,0.0,1.2392066723860207
AMSZ11,SESZ03,1,0.6641116289288087,0.0,1.6641116289288087
AMSZ11,SESZ06,1,0.35892494536331226,0.0,1.3589249453633123
AMSZ11,SGSZ04,1,0.44282917666646543,0.0,1.4428291766664654
AMSZ11,SGSZ06,1,0.23559473323924618,0.0,1.235594733239246
AMSZ11,TPSZ02,1,0.17424962674121602,0.0,1.174249626741216
AMSZ11,YSSZ03,1,0.27723655703933037,0.0,1.2772365570393305
AMSZ11,YSSZ09,5,0.40090031491219313,0.0,5.400900314912193
AMSZ12,AMSZ01,6,1.3558394741904782,0.0,7.3558394741904785
AMSZ12,AMSZ03,1,0.19026278554315243,0.0,1.1902627855431525
AMSZ12,AMSZ10,1,0.21229326578847788,0.0,1.212293265788478
AMSZ12,BKSZ07,1,0.18635006155683342,0.0,1.1863500615568334
AMSZ12,BMSZ06,1,0.34487533393584324,0.0,1.3448753339358432
AMSZ12,BMSZ15,1,0.007002749749034516,0.0,1.0070027497490346
AMSZ12,BSSZ03,2,0.35939686555179196,0.0,2.359396865551792
AMSZ12,BTSZ06,1,0.04617832221256547,0.0,1.0461783222125656
AMSZ12,CKSZ03,2,0.3993906905990612,0.0,2.399390690599061
AMSZ12,DTSZ03,1,0.1285314837059811,0.0,1.1285314837059812
AMSZ12,DTSZ11,1,0.11222874329119319,0.0,1.1122287432911933
AMSZ12,GLSZ03,1,0.14970416286814944,0.0,1.1497041628681495
AMSZ12,HGSZ02,1,0.18006472342304006,0.0,1.1800647234230401
AMSZ12,HGSZ04,4,0.5845277487287024,0.0,4.584527748728703
AMSZ12,JWSZ04,1,0.28375726490284264,0.0,1.2837572649028426
AMSZ12,ORSZ02,1,0.19724165225359433,0.0,1.1972416522535942
AMSZ12,ORSZ03,1,0.11712812572950744,0.0,1.1171281257295074
AMSZ12,OTSZ03,1,0.17192497112087465,0.0,1.1719249711208746
AMSZ12,PGSZ03,2,0.22727525852067013,0.0,2.2272752585206703
AMSZ12,PGSZ04,1,0.3848842886885747,0.0,1.3848842886885748
AMSZ12,QTSZ08,1,0.16999883961473536,0.0,1.1699988396147354
AMSZ12,QTSZ11,1,0.05527121445759677,0.0,1.0552712144575969
AMSZ12,SBSZ01,1,0.10563311123762839,0.0,1.1056331112376283
AMSZ12,SESZ02,2,0.5789464311509077,0.0,2.5789464311509076
AMSZ12,SESZ06,1,0.4848547542725852,0.0,1.4848547542725852
AMSZ12,SGSZ06,1,0.26874256911139927,0.0,1.2687425691113994
AMSZ12,SGSZ07,1,0.2208591855660809,0.0,1.2208591855660809
AMSZ12,TMSZ02,1,0.46204241037703625,0.0,1.4620424103770362
AMSZ12,TPSZ01,1,0.04961874349862256,0.0,1.0496187434986226
AMSZ12,TPSZ04,2,0.13707964309487897,0.0,2.137079643094879
AMSZ12,TPSZ06,1,0.1273401195239876,0.0,1.1273401195239876
AMSZ12,WDSZ03,3,0.6392615171293735,0.0,3.6392615171293734
AMSZ12,WDSZ04,1,0.1957958869610789,0.0,1.195795886961079
AMSZ12,YSSZ01,3,0.1846248406256277,0.0,3.1846248406256277
AMSZ12,YSSZ03,3,1.047127322685935,0.0,4.047127322685935
AMSZ12,YSSZ04,1,0.4923970397406298,0.0,1.4923970397406299
AMSZ12,YSSZ05,1,0.07043020111231878,0.0,1.0704302011123188
AMSZ12,YSSZ08,1,0.07111819748039376,0.0,1.0711181974803938
BDSZ01,AMSZ01,2,0.8717667375352186,0.0,2.8717667375352187
BDSZ01,AMSZ10,1,0.3450766544362717,0.0,1.3450766544362718
BDSZ01,BDSZ01,4,5.685030053859796,25.539759953333412,35.22479000719321
BDSZ01,BDSZ02,4,1.2244600592892183,0.8338598167157385,6.058319876004957
BDSZ01,BDSZ04,8,3.2071242783428717,1.139524863740195,12.346649142083066
BDSZ01,BDSZ06,3,1.9185673490694646,0.0,4.918567349069464
BDSZ01,BKSZ08,1,0.05956615358276161,0.0,1.0595661535827616
BDSZ01,BLSZ01,1,0.12329582326196306,0.0,1.123295823261963
BDSZ01,BMSZ03,1,0.29464652070759295,0.0,1.294646520707593
BDSZ01,BMSZ05,4,0.9864671106859686,0.0,4.986467110685968
BDSZ01,BSSZ01,2,0.9810952501013577,0.0,2.9810952501013577
BDSZ01,BSSZ02,1,0.42846897663305356,0.0,1.4284689766330536
BDSZ01,BTSZ01,1,0.42013068136199927,0.0,1.4201306813619992
BDSZ01,CHSZ02,1,0.2091532472356349,0.0,1.2091532472356348
BDSZ01,CHSZ03,5,1.373905482033172,0.0,6.373905482033172
BDSZ01,CLSZ07,1,0.23470674178266576,0.0,1.2347067417826658
BDSZ01,DTSZ01,2,0.6265778320558757,0.0,2.626577832055876
BDSZ01,DTSZ02,2,0.6452518805604095,0.0,2.6452518805604095
BDSZ01,DTSZ05,7,0.48704136364687534,0.0,7.487041363646876
BDSZ01,DTSZ07,1,0.18911843772924278,0.0,1.1891184377292427
BDSZ01,DTSZ08,4,0.4243450790757975,0.0,4.424345079075797
BDSZ01,DTSZ09,1,0.12520265986417892,0.0,1.125202659864179
BDSZ01,DTSZ10,1,0.027992195154108213,0.0,1.0279921951541082
BDSZ01,DTSZ11,8,0.6278532422896057,0.0,8.627853242289605
BDSZ01,DTSZ12,2,0.46865446181727644,0.0,2.4686544618172763
BDSZ01,GLSZ01,3,0.8175501853194393,0.0,3.8175501853194396
BDSZ01,GLSZ02,2,0.775992895249543,0.19552428835053798,2.971517183600081
BDSZ01,GLSZ03,5,1.6062754256832155,0.713902605167232,7.320178030850447
BDSZ01,GLSZ04,2,1.2977700127409268,0.0,3.297770012740927
BDSZ01,GLSZ05,5,1.8946747179146504,0.4898075726498693,7.38448229056452
BDSZ01,HGSZ01,1,0.3928134314499842,0.0,1.3928134314499843
BDSZ01,HGSZ04,1,0.42344574276035424,0.0,1.4234457427603542
BDSZ01,HGSZ08,2,0.8029832980403615,0.12700114970020576,2.9299844477405674
BDSZ01,HGSZ09,1,0.1006287697685803,0.0,1.1006287697685804
BDSZ01,JWSZ06,1,0.25685566395955584,0.0,1.2568556639595558
BDSZ01,KLSZ01,1,0.6559949318046322,0.0,1.6559949318046323
BDSZ01,KLSZ02,2,0.41810804583037087,0.0,2.4181080458303708
BDSZ01,KLSZ03,2,0.18219629361065443,0.0,2.1821962936106543
BDSZ01,KLSZ06,1,0.4445875561768358,0.0,1.4445875561768358
BDSZ01,KLSZ08,2,0.8478518210766022,0.0,2.847851821076602
BDSZ01,MPSZ01,1,0.30143158773870615,0.0,1.3014315877387062
BDSZ01,MPSZ03,1,0.7117063385005916,0.0,1.7117063385005915
BDSZ01,MUSZ03,1,0.07882793903524805,0.0,1.078827939035248
BDSZ01,NVSZ02,4,1.1256770434528964,0.0,5.125677043452896
BDSZ01,ORSZ02,2,0.6938322719445844,0.0,2.6938322719445846
BDSZ01,OTSZ01,2,0.0918794862274668,0.0,2.0918794862274668
BDSZ01,OTSZ03,5,0.787434912221874,0.0,5.787434912221874
BDSZ01,OTSZ04,1,0.10811058222037188,0.0,1.1081105822203718
BDSZ01,PGSZ02,2,0.6289920459035572,0.0,2.628992045903557
BDSZ01,PGSZ03,2,0.6775614175268283,0.0,2.677561417526828
BDSZ01,PGSZ04,1,0.9821622367969436,0.0,1.9821622367969436
BDSZ01,PRSZ02,1,0.6530256602066828,0.0,1.6530256602066828
BDSZ01,PRSZ03,1,0.6783427229720463,0.0,1.6783427229720465
BDSZ01,PRSZ04,1,0.20114305510341038,0.0,1.2011430551034104
BDSZ01,PRSZ08,1,0.36814820478302507,0.0,1.3681482047830251
BDSZ01,QTSZ02,1,0.18862068994095807,0.0,1.1886206899409582
BDSZ01,QTSZ08,5,0.7046773928090391,0.0,5.704677392809039
BDSZ01,RCSZ01,2,0.26452424488328047,0.0,2.2645242448832805
BDSZ01,RCSZ09,2,0.2290433542338319,0.0,2.229043354233832
BDSZ01,RCSZ10,1,0.18100128407869806,0.0,1.181001284078698
BDSZ01,SBSZ04,1,0.34731299353058054,0.0,1.3473129935305805
BDSZ01,SBSZ05,1,0.0435039385306029,0.0,1.0435039385306029
BDSZ01,SESZ02,1,0.6214041019135526,0.0,1.6214041019135526
BDSZ01,SESZ03,2,1.1967112218226112,0.0,3.1967112218226115
BDSZ01,SESZ04,1,0.7509941708415941,0.0,1.7509941708415941
BDSZ01,SESZ06,2,1.2805140319668393,0.0,3.280514031966839
BDSZ01,SGSZ02,1,0.14919060549503033,0.0,1.1491906054950303
BDSZ01,SGSZ04,1,0.7870128940550905,0.0,1.7870128940550905
BDSZ01,SGSZ06,4,1.0287916151976184,0.0,5.028791615197618
BDSZ01,SRSZ02,1,0.09317583505602307,0.0,1.093175835056023
BDSZ01,TMSZ02,8,2.0025786711417846,0.0,10.002578671141784
BDSZ01,TMSZ03,6,2.9506898036685274,0.936833487364035,9.887523291032563
BDSZ01,TMSZ04,10,2.2649426712585248,0.0,12.264942671258524
BDSZ01,TMSZ05,5,1.0630738723498712,0.0,6.063073872349872
BDSZ01,TNSZ04,1,0.1969228256916263,0.0,1.1969228256916262
BDSZ01,TPSZ03,2,0.3036724662712695,0.0,2.3036724662712693
BDSZ01,TPSZ09,1,0.2173305856604723,0.0,1.2173305856604724
BDSZ01,TPSZ12,1,0.298136899273997,0.022708801193049587,1.3208457004670466
BDSZ01,WCSZ01,2,1.123322793014771,0.0,3.123322793014771
BDSZ01,WDSZ03,2,0.5992159497125682,0.0,2.599215949712568
BDSZ01,WDSZ07,1,0.1048051647015859,0.0,1.104805164701586
BDSZ01,YSSZ03,1,0.40094467744847934,0.0,1.4009446774484793
BDSZ01,YSSZ05,1,0.16686078405666385,0.0,1.1668607840566638
BDSZ01,YSSZ09,1,0.44952189328825337,0.0,1.4495218932882534
BDSZ02,AMSZ08,1,0.13676665005824276,0.0,1.1367666500582427
BDSZ02,BDSZ01,5,1.5940725969964316,0.210934323969437,6.805006920965869
BDSZ02,BDSZ02,1,3.608126354362829,16.471997891119457,21.08012424548229
BDSZ02,BDSZ04,8,3.283829376722463,1.1450097100496135,12.428839086772076
BDSZ02,BDSZ06,1,1.1774771092415737,0.11103844012345679,2.2885155493650307
BDSZ02,BMSZ01,1,0.39102148168926015,0.0,1.39102148168926
BDSZ02,BMSZ02,1,0.2537810617612312,0.0,1.2537810617612313
BDSZ02,BMSZ05,1,0.27691794340812764,0.0,1.2769179434081277
BDSZ02,BMSZ16,1,0.053466527732771926,0.0,1.053466527732772
BDSZ02,BMSZ17,1,0.23928397199620613,0.0,1.239283971996206
BDSZ02,BPSZ05,1,0.4190128744110702,0.0,1.4190128744110702
BDSZ02,BSSZ01,2,1.0258650952659267,0.0,3.0258650952659267
BDSZ02,CHSZ03,4,1.2836850854430066,0.0,5.283685085443007
BDSZ02,CLSZ04,1,0.25969851836639,0.0,1.25969851836639
BDSZ02,DTSZ01,1,0.3595872047591615,0.0,1.3595872047591615
BDSZ02,DTSZ02,2,0.4955423354308773,0.0,2.4955423354308772
BDSZ02,DTSZ03,4,0.6964167511741891,0.0,4.696416751174189
BDSZ02,DTSZ05,1,0.28427991816607473,0.0,1.2842799181660747
BDSZ02,DTSZ08,1,0.24827238876271515,0.0,1.2482723887627152
BDSZ02,DTSZ10,2,0.09241215892751957,0.0,2.0924121589275195
BDSZ02,DTSZ11,4,0.7291378958525653,0.0,4.729137895852565
BDSZ02,GLSZ01,1,0.4805360437304124,0.0,1.4805360437304125
BDSZ02,GLSZ02,1,0.2941050035298918,0.0,1.2941050035298918
BDSZ02,GLSZ03,3,1.110939760255337,0.0,4.110939760255337
BDSZ02,GLSZ05,2,1.3657956948074605,0.0,3.3657956948074608
BDSZ02,HGSZ08,1,0.40938137113245043,0.0,1.4093813711324503
BDSZ02,JESZ05,1,0.3374038203992723,0.0,1.3374038203992722
BDSZ02,JESZ06,1,0.06401581908378849,0.0,1.0640158190837885
BDSZ02,JWSZ09,1,0.5523155422379967,0.0,1.5523155422379968
BDSZ02,KLSZ02,1,0.17758518031125098,0.0,1.177585180311251
BDSZ02,KLSZ05,1,0.23414821714306527,0.0,1.2341482171430653
BDSZ02,KLSZ07,1,0.39817056200206175,0.0,1.3981705620020617
BDSZ02,MDSZ02,1,0.14856047684025564,0.0,1.1485604768402555
BDSZ02,MUSZ03,4,0.10745740194698508,0.0,4.107457401946985
BDSZ02,NTSZ03,1,0.10664394648170582,0.0,1.1066439464817057
BDSZ02,OTSZ01,1,0.05881993859271,0.0,1.05881993859271
BDSZ02,OTSZ02,1,0.06737091383063844,0.0,1.0673709138306384
BDSZ02,OTSZ03,5,1.0231353000872374,0.0,6.023135300087238
BDSZ02,OTSZ04,1,0.10998472144417286,0.0,1.109984721444173
BDSZ02,PGSZ05,1,0.5934933751823727,0.0,1.5934933751823728
BDSZ02,PLSZ01,1,0.24072266100481865,0.0,1.2407226610048188
BDSZ02,PLSZ04,1,0.08568160072323747,0.15393458797552934,1.2396161886987669
BDSZ02,PLSZ05,1,0.2074027547589737,0.0,1.2074027547589736
BDSZ02,PRSZ03,1,0.8481659577027203,0.0,1.8481659577027203
BDSZ02,QTSZ08,1,0.392343803514494,0.0,1.392343803514494
BDSZ02,QTSZ09,1,0.05660900438726177,0.0,1.0566090043872618
BDSZ02,QTSZ10,1,0.28432881349889194,0.0,1.284328813498892
BDSZ02,QTSZ12,1,0.2117337739878821,0.0,1.2117337739878822
BDSZ02,QTSZ13,1,0.3613951663197815,0.0,1.3613951663197814
BDSZ02,QTSZ14,1,0.37373255812530537,0.0,1.3737325581253055
BDSZ02,QTSZ15,1,0.21769349573313393,0.0,1.217693495733134
BDSZ02,SBSZ04,1,0.33013754801322137,0.0,1.3301375480132214
BDSZ02,SESZ02,1,0.6161072229738372,0.0,1.6161072229738371
BDSZ02,SRSZ01,1,0.25678877853822873,0.0,1.2567887785382288
BDSZ02,TMSZ02,2,3.1053036285370617,0.23445747147941134,5.339761100016473
BDSZ02,TMSZ03,1,1.6938898609455126,0.3380958977887984,3.031985758734311
BDSZ02,TMSZ04,2,1.9572648332987936,0.3338536661499977,4.291118499448792
BDSZ02,TMSZ05,4,0.9942002674085019,0.0,4.994200267408502
BDSZ02,TNSZ01,1,0.3416716561712547,0.0,1.3416716561712547
BDSZ02,TPSZ02,1,0.3876670279838385,0.0,1.3876670279838386
BDSZ02,TPSZ12,2,0.3904540001272409,0.0,2.390454000127241
BDSZ02,WDSZ09,1,0.0981891966923867,0.0,1.0981891966923867
BDSZ03,AMSZ01,1,0.5871132792142144,0.0,1.5871132792142144
BDSZ03,AMSZ06,1,0.39580175533074863,0.0,1.3958017553307487
BDSZ03,AMSZ09,1,0.27352170339298315,0.0,1.273521703392983
BDSZ03,BDSZ03,4,3.880697816170118,20.623032761731327,28.503730577901443
BDSZ03,BDSZ04,24,9.133292960394435,7.729486658492792,40.86277961888723
BDSZ03,BDSZ05,1,1.3675212704521507,0.599717520365861,2.9672387908180116
BDSZ03,BDSZ06,4,2.2026388914374415,0.6921835584467542,6.894822449884195
BDSZ03,BDSZ07,1,1.2811822554397185,0.2420355005674775,2.523217756007196
BDSZ03,BDSZ08,1,0.3683549543550626,0.0,1.3683549543550626
BDSZ03,BKSZ08,1,0.03738110033840971,0.0,1.0373811003384097
BDSZ03,BMSZ04,1,0.2239011471986866,0.0,1.2239011471986867
BDSZ03,BMSZ07,1,0.5789908765409381,0.0,1.5789908765409382
BDSZ03,BMSZ09,1,0.09608465940348392,0.0,1.0960846594034839
BDSZ03,BPSZ01,2,0.2729706885073663,0.0,2.272970688507366
BDSZ03,BPSZ05,1,0.45063625494703563,0.0,1.4506362549470357
BDSZ03,BSSZ02,2,0.7472316519613207,0.0,2.7472316519613207
BDSZ03,BSSZ03,2,0.9347854468088393,0.0,2.9347854468088395
BDSZ03,BTSZ01,1,0.41615166886214394,0.0,1.416151668862144
BDSZ03,CHSZ03,4,2.743467609404044,0.0,6.743467609404044
BDSZ03,CKSZ02,1,0.31790050705052103,0.0,1.317900507050521
BDSZ03,CKSZ03,1,0.2872932377453988,0.0,1.2872932377453987
BDSZ03,DTSZ01,5,0.6704371937847737,0.0,5.670437193784774
BDSZ03,DTSZ02,4,1.0279718065441121,0.0,5.027971806544112
BDSZ03,DTSZ03,2,1.1384179400539345,0.0,3.1384179400539347
BDSZ03,DTSZ05,5,0.8374399788022961,0.0,5.837439978802296
BDSZ03,DTSZ08,3,0.5962717102711927,0.0,3.5962717102711927
BDSZ03,DTSZ09,2,0.2684721250613935,0.0,2.2684721250613933
BDSZ03,DTSZ11,2,0.5922641810056479,0.0,2.592264181005648
BDSZ03,DTSZ12,1,0.3329525288688449,0.0,1.3329525288688449
BDSZ03,GLSZ02,1,0.403267501106735,0.2756062723859356,1.6788737734926706
BDSZ03,GLSZ03,2,2.06577248084008,0.7535416910013356,4.819314171841415
BDSZ03,GLSZ04,2,1.5581715190933476,0.0,3.5581715190933476
BDSZ03,GLSZ05,9,3.7428538009262664,2.2692131425688906,15.012066943495157
BDSZ03,HGSZ03,2,0.8641227887631338,0.0,2.864122788763134
BDSZ03,HGSZ05,1,0.7244998713410751,0.0,1.724499871341075
BDSZ03,HGSZ06,1,0.9528959673430296,0.0,1.9528959673430295
BDSZ03,JWSZ08,1,0.6760929773499705,0.0,1.6760929773499704
BDSZ03,KLSZ06,3,0.702825755452075,0.0,3.702825755452075
BDSZ03,KLSZ08,1,0.6196934097886582,0.0,1.6196934097886582
BDSZ03,KLSZ09,1,0.08908590321571166,0.0,1.0890859032157116
BDSZ03,MPSZ03,1,0.8781020121819116,0.26303726897889873,2.1411392811608105
BDSZ03,MUSZ01,1,0.24301814910965466,0.0,1.2430181491096546
BDSZ03,MUSZ02,1,0.0,0.0,1.0
BDSZ03,MUSZ03,1,0.09929322679236748,0.0,1.0992932267923674
BDSZ03,NVSZ02,2,1.3520675781934908,0.0,3.3520675781934908
BDSZ03,ORSZ02,3,1.146577020639864,0.0,4.146577020639864
BDSZ03,OTSZ01,1,0.06336113794752683,0.0,1.0633611379475267
BDSZ03,PGSZ03,1,0.47100443219638205,0.0,1.471004432196382
BDSZ03,PGSZ04,2,1.4603251140257252,0.0,3.460325114025725
BDSZ03,PGSZ05,1,0.5539231439432273,0.0,1.5539231439432273
BDSZ03,PLSZ04,1,0.11363427597874073,0.0,1.1136342759787408
BDSZ03,PRSZ03,3,1.0523080914736562,0.0,4.052308091473656
BDSZ03,PRSZ08,1,0.35148219549539167,0.0,1.3514821954953917
BDSZ03,QTSZ01,1,0.23741823597068804,0.0,1.237418235970688
BDSZ03,QTSZ08,1,0.3745720120504831,0.0,1.3745720120504832
BDSZ03,QTSZ09,1,0.04179820500823233,0.0,1.0417982050082324
BDSZ03,QTSZ12,1,0.1682568063540419,0.0,1.168256806354042
BDSZ03,QTSZ14,3,0.5587866000781497,0.0,3.55878660007815
BDSZ03,RCSZ01,2,0.31355516189945204,0.0,2.313555161899452
BDSZ03,SBSZ03,1,0.43868142780242514,0.0,1.4386814278024251
BDSZ03,SESZ03,2,1.100813236098107,0.0,3.100813236098107
BDSZ03,SESZ06,1,0.893689539051144,0.0,1.893689539051144
BDSZ03,SGSZ03,1,0.6135896841634715,0.0,1.6135896841634714
BDSZ03,SRSZ01,1,0.4983866580015722,0.0,1.4983866580015723
BDSZ03,SRSZ03,1,0.29718837328265035,0.0,1.2971883732826504
BDSZ03,TMSZ02,2,2.186120332239727,0.0,4.186120332239727
BDSZ03,TMSZ03,4,1.9820884839141912,1.5508880462793893,7.532976530193581
BDSZ03,TMSZ04,3,1.5174982420215453,0.0,4.517498242021546
BDSZ03,TMSZ05,1,0.6439873599518849,0.0,1.6439873599518848
BDSZ03,TPSZ02,2,0.8998188299120331,0.0,2.899818829912033
BDSZ03,TPSZ03,1,0.1826819488056726,0.0,1.1826819488056726
BDSZ03,TPSZ06,3,0.7051894133941425,0.0,3.7051894133941428
BDSZ03,WDSZ03,1,0.4605507278979919,0.0,1.460550727897992
BDSZ03,WDSZ09,1,0.11114130461360561,0.0,1.1111413046136056
BDSZ03,YSSZ09,1,0.5286618649711017,0.0,1.5286618649711017
BDSZ04,AMSZ01,4,3.2208805163313667,0.0,7.220880516331366
BDSZ04,AMSZ02,1,0.5510036418962752,0.0,1.5510036418962752
BDSZ04,AMSZ10,1,0.5173322991636088,0.0,1.5173322991636087
BDSZ04,BDSZ01,10,3.2379253814856903,0.6708895044025692,13.908814885888258
BDSZ04,BDSZ02,6,2.393268058822801,1.552338825015874,9.945606883838675
BDSZ04,BDSZ03,27,5.4521785002104215,6.132967763307433,38.585146263517856
BDSZ04,BDSZ04,67,21.88791383588604,105.93877103884708,194.82668487473313
BDSZ04,BDSZ05,11,5.020363202175282,1.7401858580768719,17.760549060252153
BDSZ04,BDSZ06,29,4.236766069259132,10.614945695172906,43.85171176443204
BDSZ04,BDSZ07,3,1.939569560946738,0.5165638596827853,5.456133420629524
BDSZ04,BDSZ08,4,0.9539535265777778,0.0,4.953953526577778
BDSZ04,BKSZ01,2,0.230838967169727,0.0,2.230838967169727
BDSZ04,BKSZ05,1,0.46175672834677467,0.0,1.4617567283467747
BDSZ04,BKSZ08,1,0.0,0.0,1.0
BDSZ04,BLSZ02,1,0.1340230039220846,0.0,1.1340230039220847
BDSZ04,BMSZ01,1,0.7743490230886696,0.0,1.7743490230886696
BDSZ04,BMSZ02,3,0.7037789952839292,0.0,3.7037789952839293
BDSZ04,BMSZ03,2,0.8554675927242434,0.0,2.8554675927242434
BDSZ04,BMSZ05,2,0.8436766250897968,0.0,2.8436766250897967
BDSZ04,BMSZ08,1,0.5067242758933326,0.0,1.5067242758933326
BDSZ04,BMSZ16,1,0.09298380553767936,0.0,1.0929838055376793
BDSZ04,BMSZ17,1,0.2183480635706314,0.0,1.2183480635706314
BDSZ04,BSSZ01,5,2.30402542007641,0.0,7.30402542007641
BDSZ04,BSSZ03,1,1.1161027290646803,0.0,2.1161027290646803
BDSZ04,BTSZ01,2,1.9340029251599977,0.0,3.934002925159998
BDSZ04,CHSZ02,2,0.9984797789320873,0.0,2.9984797789320874
BDSZ04,CHSZ03,12,4.492069445285994,0.0,16.492069445285992
BDSZ04,CKSZ06,1,0.22798112826686331,0.0,1.2279811282668633
BDSZ04,CLSZ03,1,0.5598078431563207,0.0,1.5598078431563207
BDSZ04,DTSZ01,1,1.470515900820876,0.0,2.470515900820876
BDSZ04,DTSZ02,6,0.8497510588878746,0.0,6.8497510588878745
BDSZ04,DTSZ03,5,1.2685402507486516,0.0,6.268540250748652
BDSZ04,DTSZ05,11,1.011594791630478,0.0,12.011594791630477
BDSZ04,DTSZ06,1,0.0552486672934743,0.0,1.0552486672934742
BDSZ04,DTSZ08,9,1.3572051304518928,0.0,10.357205130451893
BDSZ04,DTSZ09,2,0.21946562858120353,0.0,2.2194656285812036
BDSZ04,DTSZ11,4,0.891514275791913,0.0,4.891514275791913
BDSZ04,GLSZ01,2,0.7353010881563967,0.0,2.7353010881563966
BDSZ04,GLSZ02,1,1.287278773844262,0.0,2.287278773844262
BDSZ04,GLSZ03,4,1.7622095016521722,0.0,5.762209501652173
BDSZ04,GLSZ04,8,4.430290390163596,0.0,12.430290390163595
BDSZ04,GLSZ05,17,5.893165982881057,0.0,22.893165982881058
BDSZ04,HGSZ01,1,0.9217675370429046,0.0,1.9217675370429046
BDSZ04,HGSZ04,1,0.8076391917017495,0.0,1.8076391917017496
BDSZ04,HGSZ06,5,2.113197663352409,0.0,7.113197663352409
BDSZ04,HGSZ07,1,0.5825683393133142,0.0,1.582568339313314
BDSZ04,HGSZ08,5,1.7319855902324828,0.0,6.731985590232483
BDSZ04,JESZ01,1,0.05533778924179666,0.0,1.0553377892417966
BDSZ04,JESZ02,1,0.0,0.0,1.0
BDSZ04,JESZ03,1,0.9660487646911015,0.0,1.9660487646911013
BDSZ04,JESZ05,5,2.4812950441650403,0.0,7.481295044165041
BDSZ04,JESZ09,1,0.1324861365256505,0.0,1.1324861365256504
BDSZ04,JWSZ04,2,1.1778534753116559,0.0,3.1778534753116556
BDSZ04,JWSZ08,2,1.7430074199821322,0.0,3.743007419982132
BDSZ04,KLSZ01,1,0.8316220910173211,0.0,1.831622091017321
BDSZ04,KLSZ03,1,0.16927100110364943,0.0,1.1692710011036493
BDSZ04,KLSZ05,5,1.3241525091768382,0.0,6.324152509176838
BDSZ04,KLSZ06,1,0.8608362620700931,0.0,1.8608362620700931
BDSZ04,KLSZ07,1,0.9404897557096981,0.0,1.940489755709698
BDSZ04,KLSZ08,2,1.0440563019649438,0.0,3.044056301964944
BDSZ04,KLSZ09,1,0.11102997974316858,0.0,1.1110299797431686
BDSZ04,MPSZ01,3,0.8710269916805652,0.0,3.8710269916805653
BDSZ04,MPSZ02,2,2.14845814299049,0.0,4.14845814299049
BDSZ04,MPSZ03,6,2.04539850269885,0.0,8.04539850269885
BDSZ04,MUSZ01,1,0.5597165511677117,0.0,1.5597165511677118
BDSZ04,MUSZ03,2,0.1484920505294978,0.0,2.148492050529498
BDSZ04,NTSZ03,1,0.14986576058978163,0.0,1.1498657605897815
BDSZ04,NVSZ01,2,1.621903349329042,0.0,3.621903349329042
BDSZ04,NVSZ02,3,1.4157945819926732,0.0,4.415794581992673
BDSZ04,ORSZ02,3,1.5305913878997606,0.0,4.530591387899761
BDSZ04,ORSZ03,1,0.881690294344888,0.0,1.8816902943448879
BDSZ04,OTSZ03,12,1.3908679771888448,0.0,13.390867977188845
BDSZ04,OTSZ04,2,0.279188989023124,0.0,2.279188989023124
BDSZ04,PGSZ04,2,1.5585249300311306,0.0,3.5585249300311306
BDSZ04,PLSZ01,1,0.391318488954344,0.0,1.391318488954344
BDSZ04,PNSZ01,1,0.2788778991453381,0.0,1.2788778991453382
BDSZ04,PRSZ03,7,1.569587197780723,0.0,8.569587197780724
BDSZ04,PRSZ05,3,3.02880968443239,0.0,6.028809684432391
BDSZ04,PRSZ06,4,0.7564305822580163,0.0,4.756430582258016
BDSZ04,PRSZ08,2,2.3153690982547124,0.0,4.315369098254712
BDSZ04,QTSZ04,1,0.11041841565382128,0.0,1.1104184156538213
BDSZ04,QTSZ07,1,0.0,0.0,1.0
BDSZ04,QTSZ08,4,0.9916407259845662,0.0,4.991640725984566
BDSZ04,QTSZ11,2,1.2566022623520527,0.0,3.256602262352053
BDSZ04,QTSZ12,2,0.4189123237240839,0.0,2.4189123237240837
BDSZ04,QTSZ14,1,0.5988222185600518,0.0,1.5988222185600518
BDSZ04,QTSZ15,1,0.20065821784402407,0.0,1.2006582178440242
BDSZ04,RCSZ08,1,0.0,0.0,1.0
BDSZ04,RCSZ09,1,0.19665468451622722,0.0,1.1966546845162271
BDSZ04,RCSZ10,5,0.6311816068708568,0.0,5.6311816068708564
BDSZ04,SESZ03,2,1.409742216805172,0.0,3.409742216805172
BDSZ04,SGSZ02,1,0.3415003895136816,0.0,1.3415003895136817
BDSZ04,SGSZ03,2,0.8550454240843224,0.0,2.8550454240843224
BDSZ04,SGSZ04,1,1.8853268374940484,0.0,2.8853268374940484
BDSZ04,SGSZ06,3,1.203913203556261,0.0,4.203913203556261
BDSZ04,SISZ01,1,0.6067492968292512,0.0,1.6067492968292512
BDSZ04,SLSZ01,2,0.3709399675563751,0.0,2.370939967556375
BDSZ04,SRSZ02,2,0.18783961019756112,0.0,2.1878396101975612
BDSZ04,TMSZ02,15,5.3597926731358845,2.9032465418165527,23.26303921495244
BDSZ04,TMSZ03,9,3.257466100836116,2.970305887796061,15.227771988632176
BDSZ04,TMSZ04,28,10.460831148844438,3.9548876470930097,42.415718795937444
BDSZ04,TMSZ05,8,1.9834066624001803,0.0,9.98340666240018
BDSZ04,TNSZ01,2,0.9436228646903732,0.0,2.943622864690373
BDSZ04,TPSZ02,3,1.1152578519509586,0.0,4.115257851950958
BDSZ04,TPSZ05,1,0.3310932535754023,0.0,1.3310932535754023
BDSZ04,TPSZ12,3,0.6245359201301751,0.0,3.624535920130175
BDSZ04,TSSZ02,1,0.4724704096983308,0.0,1.4724704096983308
BDSZ04,TSSZ04,1,0.5240373646378563,0.0,1.5240373646378562
BDSZ04,WCSZ01,4,4.831900930054435,0.0,8.831900930054434
BDSZ04,WDSZ01,1,0.12413785290101162,0.0,1.1241378529010115
BDSZ04,WDSZ02,1,0.7047971993158734,0.0,1.7047971993158733
BDSZ04,WDSZ04,1,0.3350411182057893,0.0,1.3350411182057893
BDSZ04,WDSZ08,1,0.28013999869093714,0.0,1.2801399986909372
BDSZ04,YSSZ03,1,0.9101507881099506,0.0,1.9101507881099506
BDSZ04,YSSZ04,1,0.8689803013056109,0.0,1.8689803013056108
BDSZ04,YSSZ08,1,0.28156303471826233,0.0,1.2815630347182623
BDSZ04,YSSZ09,4,1.2906174284554537,0.0,5.2906174284554535
BDSZ05,AMSZ01,1,0.4801483665599458,0.0,1.4801483665599457
BDSZ05,AMSZ08,1,0.1566300502201279,0.0,1.1566300502201279
BDSZ05,BDSZ03,5,1.6550371587948067,2.2192476121574987,8.874284770952306
BDSZ05,BDSZ04,7,3.8472375890840618,3.3690597846131456,14.216297373697207
BDSZ05,BDSZ05,6,13.318230528328305,9.235614603312253,28.55384513164056
BDSZ05,BDSZ06,4,2.625968340537616,1.596702649594636,8.222670990132253
BDSZ05,BDSZ07,1,1.3344410421432364,0.445259925847308,2.7797009679905447
BDSZ05,BLSZ02,1,0.09831399739881556,0.0,1.0983139973988156
BDSZ05,BMSZ02,1,0.2527238348729076,0.0,1.2527238348729077
BDSZ05,BMSZ07,1,0.549764837408046,0.0,1.5497648374080462
BDSZ05,BSSZ03,1,0.5778844804858191,0.0,1.5778844804858192
BDSZ05,BTSZ02,1,0.14439435171293427,0.0,1.1443943517129342
BDSZ05,CHSZ03,2,1.4105765757867954,0.0,3.4105765757867954
BDSZ05,CLSZ01,1,0.27351751425081966,0.0,1.2735175142508197
BDSZ05,DTSZ01,3,0.6083702124740302,0.0,3.6083702124740302
BDSZ05,DTSZ02,2,0.84510930887052,0.0,2.84510930887052
BDSZ05,DTSZ03,2,1.047094068372889,0.0,3.047094068372889
BDSZ05,DTSZ05,3,0.9856159169818766,0.0,3.9856159169818763
BDSZ05,DTSZ08,4,0.577049070252243,0.0,4.577049070252243
BDSZ05,DTSZ11,2,0.7547534125592669,0.0,2.7547534125592668
BDSZ05,DTSZ12,1,0.3218769356523208,0.0,1.3218769356523208
BDSZ05,GLSZ02,1,0.484937503559796,0.0,1.484937503559796
BDSZ05,GLSZ04,1,0.9715354665421659,0.0,1.971535466542166
BDSZ05,GLSZ05,5,2.12580850754575,1.5205073054665272,8.646315813012277
BDSZ05,HGSZ01,1,0.39227276120187354,0.0,1.3922727612018735
BDSZ05,HGSZ04,1,0.41404238095212986,0.0,1.4140423809521299
BDSZ05,HGSZ08,1,0.6091171469141747,0.0,1.6091171469141747
BDSZ05,JESZ01,1,0.15376464317501967,0.0,1.1537646431750197
BDSZ05,JESZ03,1,0.4469111507952948,0.0,1.4469111507952948
BDSZ05,JESZ05,1,0.47267978483184386,0.0,1.4726797848318438
BDSZ05,KLSZ06,1,0.5349587214912737,0.0,1.5349587214912737
BDSZ05,KLSZ08,1,0.6088147881041134,0.0,1.6088147881041133
BDSZ05,MPSZ01,1,0.41532063835587285,0.0,1.415320638355873
BDSZ05,MPSZ02,4,2.069771697356926,1.3280316023064003,7.397803299663326
BDSZ05,MPSZ03,2,1.9288676033801353,1.2848200676660544,5.2136876710461895
BDSZ05,MUSZ01,1,0.203206048050759,0.0,1.203206048050759
BDSZ05,MUSZ03,3,0.21985809401144318,0.0,3.2198580940114434
BDSZ05,NTSZ03,1,0.1526212706491158,0.0,1.152621270649116
BDSZ05,NVSZ01,1,0.9720884661821118,0.0,1.9720884661821119
BDSZ05,NVSZ02,1,0.6580764527990095,0.0,1.6580764527990095
BDSZ05,ORSZ01,1,0.06881126190024056,0.0,1.0688112619002406
BDSZ05,ORSZ02,2,0.7411246680313068,0.0,2.741124668031307
BDSZ05,ORSZ03,2,0.5526491967307969,0.0,2.5526491967307967
BDSZ05,OTSZ02,1,0.04781759477120494,0.0,1.047817594771205
BDSZ05,OTSZ03,3,0.9613425338929746,0.0,3.9613425338929744
BDSZ05,PGSZ03,1,0.4795232472457002,0.0,1.4795232472457003
BDSZ05,PGSZ04,1,0.8413875620156039,0.0,1.841387562015604
BDSZ05,PRSZ02,1,0.5828418883468237,0.0,1.5828418883468238
BDSZ05,PRSZ03,1,0.7765683171862219,0.0,1.7765683171862219
BDSZ05,QTSZ08,2,0.7186045195728553,0.0,2.7186045195728554
BDSZ05,QTSZ09,1,0.03973417328524531,0.0,1.0397341732852454
BDSZ05,QTSZ11,2,0.5030525231170326,0.0,2.5030525231170326
BDSZ05,QTSZ13,2,0.4398605859372013,0.0,2.4398605859372013
BDSZ05,RCSZ09,1,0.17371625765980547,0.0,1.1737162576598055
BDSZ05,TMSZ03,3,2.0100606540734933,0.0,5.010060654073493
BDSZ05,TMSZ04,5,1.777613889118845,0.0,6.777613889118845
BDSZ05,TNSZ01,1,0.4261138792417786,0.0,1.4261138792417787
BDSZ05,TPSZ04,1,0.11757488131300506,0.0,1.117574881313005
BDSZ05,TPSZ07,1,0.12660986526138326,0.0,1.1266098652613832
BDSZ05,TPSZ11,1,0.4988449293145592,0.0,1.4988449293145591
BDSZ05,TPSZ12,1,0.4167568533661472,0.0,1.4167568533661472
BDSZ06,AMSZ01,1,0.41924257679936455,0.0,1.4192425767993646
BDSZ06,BDSZ01,4,1.5879362971244424,0.0,5.587936297124442
BDSZ06,BDSZ02,1,1.2955867038988742,0.3512306558064142,2.6468173597052886
BDSZ06,BDSZ03,3,1.314903741823307,0.19464328223535454,4.509547024058661
BDSZ06,BDSZ04,31,10.543087528368918,9.601550116811355,51.14463764518027
BDSZ06,BDSZ05,4,2.9594545226681612,0.7958158536486557,7.755270376316817
BDSZ06,BDSZ06,12,12.123148527499126,16.80338261063151,40.926531138130635
BDSZ06,BDSZ08,1,0.9149997652863177,0.0,1.9149997652863178
BDSZ06,BLSZ02,1,0.172899497722976,0.0,1.172899497722976
BDSZ06,BMSZ01,1,0.6039109473001635,0.0,1.6039109473001636
BDSZ06,BMSZ05,1,0.42445091763726217,0.0,1.4244509176372622
BDSZ06,BMSZ12,2,0.7881143914274886,0.0,2.788114391427489
BDSZ06,BMSZ17,1,0.23612197710736,0.0,1.23612197710736
BDSZ06,BPSZ03,1,0.3133198775054489,0.0,1.3133198775054489
BDSZ06,BSSZ01,1,0.583037099542358,0.0,1.583037099542358
BDSZ06,BTSZ01,1,0.4520894130869051,0.0,1.452089413086905
BDSZ06,CHSZ02,2,0.4632782440337772,0.0,2.463278244033777
BDSZ06,CHSZ03,8,2.893873118680751,0.0,10.893873118680752
BDSZ06,CKSZ06,1,0.552428480772458,0.0,1.552428480772458
BDSZ06,DTSZ01,4,0.48334353202076946,0.0,4.483343532020769
BDSZ06,DTSZ02,7,0.9685542975474574,0.0,7.968554297547457
BDSZ06,DTSZ03,2,0.7953820553119791,0.0,2.795382055311979
BDSZ06,DTSZ05,5,1.2987290018553017,0.0,6.2987290018553015
BDSZ06,DTSZ08,7,1.091714709288791,0.0,8.09171470928879
BDSZ06,DTSZ11,8,0.8170713731873961,0.0,8.817071373187396
BDSZ06,DTSZ12,1,0.22129836345511297,0.0,1.221298363455113
BDSZ06,GLSZ02,1,0.5493698313685937,0.0,1.5493698313685937
BDSZ06,GLSZ03,1,0.8843547590698848,0.0,1.8843547590698848
BDSZ06,GLSZ04,5,2.5759579650204976,0.0,7.575957965020498
BDSZ06,GLSZ05,9,2.725639725320696,0.0,11.725639725320697
BDSZ06,HGSZ02,1,0.6693292871652685,0.0,1.6693292871652685
BDSZ06,HGSZ05,2,1.2851957646762453,0.0,3.2851957646762453
BDSZ06,KLSZ04,1,0.0,0.0,1.0
BDSZ06,KLSZ07,1,0.5732400588367599,0.0,1.5732400588367599
BDSZ06,KLSZ08,1,0.49772829446417177,0.0,1.4977282944641717
BDSZ06,MPSZ02,1,0.6632988024372436,0.0,1.6632988024372435
BDSZ06,MPSZ03,3,1.777655825471581,0.0,4.777655825471581
BDSZ06,MUSZ01,2,0.41221294638158984,0.0,2.41221294638159
BDSZ06,MUSZ03,1,0.06820361317259967,0.0,1.0682036131725996
BDSZ06,NTSZ05,1,0.0,0.0,1.0
BDSZ06,NVSZ02,3,1.354465132753277,0.0,4.354465132753277
BDSZ06,ORSZ02,1,0.3848186594574224,0.0,1.3848186594574223
BDSZ06,ORSZ03,2,0.4751016028568406,0.0,2.4751016028568404
BDSZ06,OTSZ03,2,0.7281213155778882,0.0,2.728121315577888
BDSZ06,PGSZ01,1,0.24607241666245305,0.0,1.246072416662453
BDSZ06,PGSZ04,1,1.068970168975331,0.0,2.068970168975331
BDSZ06,PNSZ02,1,0.0,0.0,1.0
BDSZ06,PRSZ03,2,1.7090647025056038,0.0,3.7090647025056036
BDSZ06,PRSZ04,1,0.31542602519472,0.0,1.31542602519472
BDSZ06,PRSZ05,1,1.4999142706220914,0.0,2.4999142706220914
BDSZ06,PRSZ06,1,0.2719962271147758,0.0,1.2719962271147758
BDSZ06,PRSZ08,1,0.6124915393601126,0.0,1.6124915393601125
BDSZ06,QTSZ08,1,0.44934999978643636,0.0,1.4493499997864363
BDSZ06,QTSZ11,1,0.42682871156813745,0.0,1.4268287115681375
BDSZ06,QTSZ14,1,0.3938467271803101,0.0,1.39384672718031
BDSZ06,RCSZ01,1,0.18525850026606613,0.0,1.185258500266066
BDSZ06,RCSZ10,1,0.3062142507153125,0.0,1.3062142507153125
BDSZ06,SBSZ03,1,0.3977148610848469,0.0,1.3977148610848469
BDSZ06,SESZ03,1,0.6681136138731856,0.0,1.6681136138731856
BDSZ06,SGSZ06,2,0.8062896565169053,0.0,2.8062896565169053
BDSZ06,SRSZ01,1,0.36019029593630264,0.0,1.3601902959363026
BDSZ06,TMSZ02,6,2.9955341328905263,0.0,8.995534132890526
BDSZ06,TMSZ03,4,2.3125050229804707,1.8174471550516667,8.129952178032138
BDSZ06,TMSZ04,5,3.106357094469955,2.3977815384669094,10.504138632936865
BDSZ06,TMSZ05,5,1.9342561684391262,1.0369698217165941,7.9712259901557205
BDSZ06,TNSZ02,1,0.17000127011396973,0.0,1.1700012701139697
BDSZ06,TNSZ04,1,0.22619295718651503,0.0,1.226192957186515
BDSZ06,TPSZ02,2,0.9855280246732787,0.0,2.985528024673279
BDSZ06,TPSZ04,1,0.10456193660446508,0.0,1.104561936604465
BDSZ06,TPSZ06,1,0.5492744293701874,0.0,1.5492744293701874
BDSZ06,TPSZ09,1,0.21144824129852482,0.0,1.2114482412985248
BDSZ06,WDSZ02,1,0.4496384707870536,0.0,1.4496384707870535
BDSZ06,YSSZ01,1,0.29428973888398763,0.0,1.2942897388839876
BDSZ07,BDSZ03,1,0.5185889049097993,0.06328862322174433,1.5818775281315438
BDSZ07,BDSZ04,4,2.945616056842888,0.5071956642014136,7.452811721044301
BDSZ07,BDSZ07,3,0.9842833599394157,0.9697522973008068,4.954035657240222
BDSZ07,BKSZ04,1,0.04714978142941948,0.0,1.0471497814294195
BDSZ07,BMSZ15,1,0.0,0.0,1.0
BDSZ07,BTSZ06,1,0.10551993134753623,0.0,1.1055199313475361
BDSZ07,CHSZ03,1,0.616118019838181,0.0,1.616118019838181
BDSZ07,DTSZ01,1,0.38616589806394125,0.0,1.3861658980639413
BDSZ07,DTSZ04,1,0.07641474545818083,0.0,1.0764147454581807
BDSZ07,DTSZ05,1,0.27174938953780486,0.0,1.271749389537805
BDSZ07,DTSZ11,2,0.34872785990807115,0.0,2.348727859908071
BDSZ07,GLSZ04,1,0.7907751534142584,0.0,1.7907751534142584
BDSZ07,GLSZ05,2,0.9204135055068001,0.0976248050751649,3.018038310581965
BDSZ07,JESZ06,1,0.04484946679548115,0.0,1.044849466795481
BDSZ07,JWSZ03,1,0.09266483981766203,0.0,1.092664839817662
BDSZ07,MPSZ01,1,0.23237136309750517,0.0,1.232371363097505
BDSZ07,MPSZ02,2,1.0338749973292345,0.11899058647221461,3.1528655838014488
BDSZ07,MPSZ03,3,1.616559805130868,0.24307586880857324,4.859635673939442
BDSZ07,NTSZ02,1,0.0,0.0,1.0
BDSZ07,QTSZ11,2,0.17942928865738417,0.0,2.179429288657384
BDSZ07,QTSZ12,1,0.2115701796745936,0.0,1.2115701796745937
BDSZ07,SESZ03,1,0.5572942213540848,0.0,1.5572942213540848
BDSZ07,TMSZ04,1,0.9536002701769615,0.0,1.9536002701769615
BDSZ07,WDSZ09,1,0.06626296177745429,0.0,1.0662629617774544
BDSZ08,BDSZ03,1,0.30288398221474655,0.0,1.3028839822147464
BDSZ08,BDSZ04,6,2.717035767161113,0.0,8.717035767161113
BDSZ08,BTSZ03,1,0.05506527836627821,0.0,1.0550652783662782
BDSZ08,DTSZ05,1,0.17512946531415788,0.0,1.175129465314158
BDSZ08,DTSZ08,1,0.10737784614668179,0.0,1.1073778461466819
BDSZ08,GLSZ02,1,0.1973918408937375,0.0,1.1973918408937374
BDSZ08,GLSZ03,1,0.2113668117997486,0.0,1.2113668117997487
BDSZ08,GLSZ05,1,0.4244415756750447,0.0,1.4244415756750448
BDSZ08,JWSZ08,1,0.9554835329981632,0.0,1.9554835329981632
BDSZ08,MPSZ03,1,0.32860535803229185,0.0,1.3286053580322918
BDSZ08,MUSZ03,1,0.0575472655334543,0.0,1.0575472655334544
BDSZ08,TMSZ05,2,0.4676712758664858,0.0,2.467671275866486
BKSZ01,AMSZ09,1,0.09156940943512742,0.0,1.0915694094351274
BKSZ01,BDSZ04,1,0.1065786755196861,0.0,1.106578675519686
BKSZ01,BKSZ01,1,0.5130110748918953,6.048330397453494,7.56134147234539
BKSZ01,BKSZ02,2,0.5278659488142504,0.3690508540526106,2.896916802866861
BKSZ01,BKSZ04,1,0.23887334464464322,0.20072794789952123,1.4396012925441644
BKSZ01,BKSZ05,1,0.6722199713637623,0.2546976396686365,1.926917611032399
BKSZ01,BKSZ07,1,0.2790825359101125,0.06536253540768742,1.3444450713178
BKSZ01,BMSZ01,1,0.1910617964998605,0.0,1.1910617964998604
BKSZ01,BMSZ07,1,0.21318463285149428,0.0,1.2131846328514944
BKSZ01,BPSZ03,1,0.2725347504844908,0.13821547871993098,1.4107502292044218
BKSZ01,BPSZ04,1,0.24961169572478942,0.06829454353905039,1.3179062392638397
BKSZ01,BPSZ05,4,1.0212354243273711,0.6189511978718124,5.640186622199184
BKSZ01,BSSZ03,2,0.31838480139018405,0.0,2.318384801390184
BKSZ01,CKSZ02,1,0.5561499272678497,0.13670516376378455,1.6928550910316342
BKSZ01,CKSZ04,1,0.39620811592684235,0.09929224808618038,1.4955003640130229
BKSZ01,CLSZ01,1,0.09549505212385026,0.0,1.0954950521238502
BKSZ01,DTSZ03,1,0.12051140427924868,0.0,1.1205114042792488
BKSZ01,DTSZ05,2,0.23404484474811083,0.0,2.234044844748111
BKSZ01,DTSZ08,1,0.0937744327383679,0.0,1.0937744327383678
BKSZ01,DTSZ11,1,0.13149202728630285,0.0,1.131492027286303
BKSZ01,GLSZ03,1,0.17548133291560633,0.0,1.1754813329156064
BKSZ01,HGSZ06,2,0.31126564483071834,0.0,2.3112656448307183
BKSZ01,JESZ01,1,0.1305918764868271,0.0,1.130591876486827
BKSZ01,JESZ05,4,0.605197879349022,0.0,4.6051978793490225
BKSZ01,JWSZ04,1,0.34168427690512115,0.0,1.3416842769051212
BKSZ01,JWSZ06,1,0.0904754473464005,0.0,1.0904754473464005
BKSZ01,KLSZ06,1,0.19816252569568418,0.0,1.1981625256956843
BKSZ01,KLSZ09,1,0.021330379444116195,0.0,1.0213303794441162
BKSZ01,NVSZ01,1,0.2894714699398387,0.0,1.2894714699398386
BKSZ01,NVSZ03,1,0.055454794449515295,0.0,1.0554547944495154
BKSZ01,OTSZ03,1,0.1914843142493972,0.0,1.1914843142493972
BKSZ01,PGSZ05,1,0.13021926086002333,0.0,1.1302192608600232
BKSZ01,PRSZ02,1,0.04578115598160121,0.0,1.0457811559816013
BKSZ01,QTSZ05,1,0.20240298038236879,0.0,1.2024029803823688
BKSZ01,QTSZ08,3,0.459904474046083,0.0,3.459904474046083
BKSZ01,QTSZ11,1,0.10582889489693767,0.0,1.1058288948969377
BKSZ01,SESZ06,1,0.2749194088854493,0.0,1.2749194088854492
BKSZ01,TNSZ01,1,0.11239613431653496,0.0,1.112396134316535
BKSZ01,TPSZ11,1,0.08722326076517925,0.0,1.0872232607651793
BKSZ01,WDSZ02,1,0.13742472716287743,0.0,1.1374247271628775
BKSZ01,WDSZ04,1,0.18341866951536676,0.0,1.1834186695153668
BKSZ01,YSSZ02,1,0.07603676843659442,0.0,1.0760367684365943
BKSZ01,YSSZ03,1,0.20391813813654688,0.0,1.203918138136547
BKSZ01,YSSZ09,1,0.24703631876527365,0.0,1.2470363187652738
BKSZ02,BKSZ01,2,0.5791687356007411,0.24053164078756406,2.8197003763883055
BKSZ02,BKSZ02,3,0.876555144639856,13.654609943586593,17.531165088226448
BKSZ02,BKSZ03,1,0.7756384731906613,0.8049474975136613,2.5805859707043224
BKSZ02,BKSZ04,1,0.8568251363416518,1.645169354554914,3.501994490896566
BKSZ02,BKSZ05,2,1.7574694696059519,0.9598849598292173,4.7173544294351695
BKSZ02,BKSZ06,3,0.6927616437567023,0.9694683040611268,4.662229947817829
BKSZ02,BKSZ07,5,1.8596371445750128,1.092393293406392,7.952030437981405
BKSZ02,BMSZ01,1,0.3056976263654503,0.0,1.3056976263654503
BKSZ02,BMSZ02,2,0.2563483495396269,0.0,2.256348349539627
BKSZ02,BPSZ04,1,0.39154821909432086,0.21816078807978886,1.6097090071741098
BKSZ02,BPSZ05,2,0.7702801317130429,0.607795249237199,3.378075380950242
BKSZ02,BPSZ07,2,0.20698098451389252,0.0,2.2069809845138924
BKSZ02,BSSZ03,1,0.32424568223290523,0.0,1.3242456822329052
BKSZ02,BTSZ01,3,0.6878077914807696,0.0,3.6878077914807696
BKSZ02,CHSZ02,1,0.10837180504727827,0.0,1.1083718050472782
BKSZ02,CKSZ01,1,0.7421846230639298,0.12966225605094256,1.8718468791148724
BKSZ02,CKSZ02,2,1.5636910042051078,0.7143479027660394,4.2780389069711475
BKSZ02,CKSZ03,2,0.7215745306344012,0.7688799970188053,3.4904545276532066
BKSZ02,CKSZ05,1,0.3188693583047566,0.24071708747003243,1.559586445774789
BKSZ02,CLSZ01,1,0.1590464495959668,0.0,1.1590464495959667
BKSZ02,CLSZ06,1,0.2758162710395593,0.0,1.2758162710395593
BKSZ02,CLSZ07,1,0.26536139645559603,0.0,1.265361396455596
BKSZ02,CLSZ09,1,0.09815097237307319,0.0,1.0981509723730731
BKSZ02,DTSZ05,4,0.30961108720468394,0.0,4.309611087204684
BKSZ02,DTSZ11,1,0.28342547488713077,0.0,1.2834254748871308
BKSZ02,DTSZ12,1,0.1890626447665943,0.0,1.1890626447665942
BKSZ02,JESZ01,1,0.40718405065740504,0.1949080228829234,1.6020920735403283
BKSZ02,JESZ04,1,0.19415355530704254,0.0,1.1941535553070426
BKSZ02,JESZ05,7,0.7736981942899502,2.2105336645332554,9.984231858823206
BKSZ02,JESZ08,2,0.211075156585774,0.0,2.211075156585774
BKSZ02,JWSZ03,2,0.6010667192737261,0.5468376111955595,3.1479043304692857
BKSZ02,JWSZ05,1,0.08798048132277805,0.0,1.087980481322778
BKSZ02,JWSZ07,1,0.04454225114792911,0.0,1.0445422511479292
BKSZ02,JWSZ08,3,0.9472336571282602,0.0,3.94723365712826
BKSZ02,JWSZ09,1,0.7432157727382674,0.0,1.7432157727382673
BKSZ02,NTSZ03,1,0.08464171510386902,0.0,1.084641715103869
BKSZ02,OTSZ03,1,0.40309479444229757,0.0,1.4030947944422976
BKSZ02,PNSZ01,2,0.1331437628227417,0.0,2.133143762822742
BKSZ02,PNSZ03,1,0.0,0.0,1.0
BKSZ02,PNSZ05,1,0.0423526990850082,0.0,1.0423526990850083
BKSZ02,PRSZ03,2,0.6515067284717746,0.0,2.651506728471775
BKSZ02,QTSZ05,1,0.28297326019317137,0.0,1.2829732601931714
BKSZ02,QTSZ06,1,0.1575715881866736,0.0,1.1575715881866735
BKSZ02,QTSZ08,2,0.5674314037085013,0.0,2.5674314037085013
BKSZ02,QTSZ11,2,0.6442628031629138,0.0,2.644262803162914
BKSZ02,RCSZ09,1,0.12142110650348666,0.0,1.1214211065034867
BKSZ02,SGSZ02,1,0.12285346569593335,0.0,1.1228534656959333
BKSZ02,SGSZ07,1,0.11834111692965885,0.0,1.1183411169296589
BKSZ02,SKSZ01,1,0.1508696724496544,0.0,1.1508696724496543
BKSZ02,SRSZ02,1,0.07043033403956275,0.0,1.0704303340395627
BKSZ02,TMSZ03,1,0.3928151219255271,0.0,1.3928151219255271
BKSZ02,TMSZ05,1,0.35808219213057163,0.0,1.3580821921305717
BKSZ02,TPSZ02,1,0.3771676787983375,0.0,1.3771676787983376
BKSZ02,TSSZ03,1,0.09621932523731924,0.0,1.0962193252373194
BKSZ02,TSSZ05,1,0.5726311195520373,0.0,1.5726311195520373
BKSZ02,WCSZ01,1,0.35606993112764324,0.0,1.3560699311276432
BKSZ02,WDSZ03,1,0.48223442850506304,0.0,1.482234428505063
BKSZ02,YSSZ03,1,0.42760576321936283,0.0,1.4276057632193628
BKSZ03,AMSZ03,1,0.27976080566950656,0.0,1.2797608056695067
BKSZ03,AMSZ11,1,0.033171601282578456,0.0,1.0331716012825785
BKSZ03,BKSZ03,9,1.0151079289165525,21.324908560424245,31.340016489340798
BKSZ03,BKSZ04,1,0.8369016789764481,0.4954795626968813,2.332381241673329
BKSZ03,BKSZ05,3,1.9684353345823768,1.406298467412536,6.374733801994913
BKSZ03,BKSZ06,2,0.8949723625816947,0.6293234628758098,3.5242958254575045
BKSZ03,BKSZ07,7,3.1539705319989615,2.906582974315902,13.060553506314864
BKSZ03,BKSZ08,2,0.27343101017995225,0.1260775452633872,2.3995085554433397
BKSZ03,BMSZ01,2,0.5234048501140202,0.0,2.5234048501140203
BKSZ03,BMSZ02,1,0.2023686766781038,0.0,1.2023686766781039
BKSZ03,BMSZ05,1,0.2883219744819716,0.0,1.2883219744819716
BKSZ03,BMSZ06,1,0.21284486361695643,0.0,1.2128448636169564
BKSZ03,BPSZ04,1,0.46054355744141295,0.0,1.460543557441413
BKSZ03,BSSZ03,1,0.33323633158853405,0.0,1.333236331588534
BKSZ03,BTSZ03,1,0.21725860833615881,0.0,1.2172586083361587
BKSZ03,CCSZ01,1,0.13876348382223255,0.0,1.1387634838222325
BKSZ03,CHSZ03,1,0.39401391327306545,0.0,1.3940139132730653
BKSZ03,CKSZ01,2,0.8761660937122121,0.42769100065731874,3.303857094369531
BKSZ03,CKSZ02,2,1.132766498816774,0.7218092163333578,3.8545757151501316
BKSZ03,CKSZ03,2,0.6581181762690305,0.48638990102417096,3.1445080772932013
BKSZ03,CKSZ04,1,0.48193887683739,0.18309897777186632,1.6650378546092564
BKSZ03,CKSZ05,1,0.38864720187996826,0.0,1.3886472018799683
BKSZ03,CKSZ06,1,0.3961430865061489,0.0,1.3961430865061488
BKSZ03,CLSZ08,1,0.4077580339353121,0.0,1.4077580339353122
BKSZ03,DTSZ01,1,0.37728301708364675,0.0,1.3772830170836468
BKSZ03,DTSZ03,2,0.43220127821687576,0.0,2.432201278216876
BKSZ03,DTSZ05,1,0.2198867354656396,0.0,1.2198867354656395
BKSZ03,DTSZ08,3,0.2691767261972196,0.0,3.2691767261972196
BKSZ03,DTSZ11,1,0.3355045275424169,0.0,1.3355045275424169
BKSZ03,GLSZ03,1,0.3829948744886274,0.0,1.3829948744886273
BKSZ03,GLSZ05,2,0.6988221083754688,0.0,2.698822108375469
BKSZ03,JESZ01,3,1.037307324306847,0.4633732448023789,4.5006805691092255
BKSZ03,JESZ02,1,0.544149660281245,0.16805185958685476,1.7122015198680998
BKSZ03,JESZ03,2,0.8018367317233185,0.7043085027584539,3.5061452344817727
BKSZ03,JESZ05,4,0.8977938936095241,1.0483642167039326,5.946158110313457
BKSZ03,JWSZ01,1,0.10651991893289034,0.0,1.1065199189328903
BKSZ03,JWSZ03,2,0.7812417994011092,0.6501721867640363,3.4314139861651456
BKSZ03,JWSZ04,1,0.6018558157976855,0.25659787170593645,1.858453687503622
BKSZ03,JWSZ08,1,1.057301496244385,0.0,2.057301496244385
BKSZ03,JWSZ09,2,1.1626983607540926,0.0,3.1626983607540926
BKSZ03,KLSZ08,1,0.45747637607546887,0.0,1.4574763760754688
BKSZ03,NVSZ01,1,0.6537105593340378,0.0,1.6537105593340378
BKSZ03,NVSZ03,1,0.15911942999463494,0.0,1.159119429994635
BKSZ03,ORSZ01,1,0.05605527767412394,0.0,1.0560552776741239
BKSZ03,ORSZ02,1,0.35557236865236264,0.0,1.3555723686523626
BKSZ03,QTSZ08,4,0.7029245878488243,0.0,4.702924587848824
BKSZ03,QTSZ11,3,0.8994654580916773,0.0,3.899465458091677
BKSZ03,RVSZ03,1,0.0,0.0,1.0
BKSZ03,SRSZ03,2,0.4058135866773592,0.0,2.4058135866773593
BKSZ03,TMSZ01,1,0.2778425375269387,0.0,1.2778425375269387
BKSZ03,TMSZ04,1,0.24349323381349278,0.0,1.2434932338134927
BKSZ03,TNSZ04,1,0.2034343125958261,0.0,1.203434312595826
BKSZ03,TPSZ02,1,0.35757786478162956,0.0,1.3575778647816295
BKSZ03,TPSZ03,1,0.14807584988196007,0.0,1.14807584988196
BKSZ03,TPSZ06,1,0.32166746026887233,0.0,1.3216674602688723
BKSZ03,TSSZ02,1,0.1939481310209197,0.0,1.1939481310209197
BKSZ03,TSSZ03,2,0.23928227852693335,0.0,2.2392822785269333
BKSZ03,WCSZ01,4,0.7616079464739259,0.0,4.761607946473926
BKSZ03,WDSZ09,2,0.2883129908093401,0.0,2.2883129908093403
BKSZ04,BKSZ03,1,0.6186599367381282,0.5927412517418967,2.211401188480025
BKSZ04,BKSZ04,2,0.4874901174158017,7.101401960616338,9.588892078032138
BKSZ04,BKSZ05,2,1.5594886331118996,1.7057834839055874,5.265272117017487
BKSZ04,BKSZ07,2,0.8171124754053276,0.8027983108175788,3.6199107862229063
BKSZ04,BKSZ09,1,0.44866171484562334,0.019037168628552363,1.4676988834741758
BKSZ04,BMSZ13,1,0.05969920591396334,0.0,1.0596992059139634
BKSZ04,BPSZ05,1,0.37052494158524824,0.2917897030878443,1.6623146446730925
BKSZ04,BTSZ01,1,0.4089776568376961,0.24029038948714768,1.649268046324844
BKSZ04,BTSZ06,1,0.06596744541185343,0.0,1.0659674454118535
BKSZ04,CHSZ03,2,1.9236966484559828,0.0,3.9236966484559828
BKSZ04,CKSZ01,1,0.5869036843464803,0.14721404130102755,1.7341177256475078
BKSZ04,CKSZ06,3,0.3868741840497969,0.0,3.386874184049797
BKSZ04,DTSZ10,1,0.06176035428293114,0.0,1.061760354282931
BKSZ04,DTSZ11,1,0.14563860206093124,0.0,1.1456386020609313
BKSZ04,GLSZ05,1,0.20181274670302982,0.0,1.2018127467030297
BKSZ04,HGSZ08,1,0.16973527178359368,0.0,1.1697352717835936
BKSZ04,JESZ03,1,0.35746469132073005,0.2992390644704856,1.6567037557912156
BKSZ04,JESZ05,3,0.7888601745688314,0.8265114640477594,4.615371638616591
BKSZ04,JESZ06,1,0.11768997310460415,0.9725963632471635,2.0902863363517676
BKSZ04,JWSZ03,1,0.2809913467994872,0.0,1.2809913467994871
BKSZ04,JWSZ09,2,0.7677442639866763,0.0,2.7677442639866765
BKSZ04,NVSZ01,1,0.41025176148551257,0.0,1.4102517614855126
BKSZ04,PNSZ02,1,0.0,0.0,1.0
BKSZ04,PRSZ03,1,0.23002610949125013,0.0,1.2300261094912501
BKSZ04,QTSZ05,2,0.36433729722262864,0.0,2.3643372972226286
BKSZ04,QTSZ08,1,0.21827095682115047,0.0,1.2182709568211505
BKSZ04,QTSZ11,1,0.139033521375126,0.0,1.139033521375126
BKSZ04,RCSZ05,1,0.045759462504083026,0.0,1.045759462504083
BKSZ04,SBSZ08,1,0.1258715313092682,0.0,1.1258715313092682
BKSZ04,SKSZ03,2,0.09403220602633472,0.0,2.0940322060263346
BKSZ04,TPSZ01,1,0.07488987202730935,0.0,1.0748898720273092
BKSZ04,TSSZ03,1,0.0674436887456129,0.0,1.067443688745613
BKSZ04,WCSZ01,1,0.272868461223963,0.0,1.272868461223963
BKSZ04,WDSZ03,3,1.1647950493000694,0.0,4.16479504930007
BKSZ04,YSSZ02,1,0.11267715029927008,0.0,1.11267715029927
BKSZ04,YSSZ08,1,0.053988863427708596,0.0,1.0539888634277086
BKSZ05,BKSZ02,1,0.8145171140569546,0.3886603804621533,2.2031774945191076
BKSZ05,BKSZ03,4,2.447673361812138,1.7424005887132075,8.190073950525345
BKSZ05,BKSZ04,1,1.8174927246776864,1.6406543382528431,4.4581470629305295
BKSZ05,BKSZ05,4,5.675506975994726,8.647777938122182,18.323284914116908
BKSZ05,BKSZ07,1,1.1914162520568417,0.267493193297184,2.4589094453540254
BKSZ05,BLSZ02,3,0.35656202411343,0.0,3.35656202411343
BKSZ05,BMSZ05,2,1.1210378185655372,0.0,3.1210378185655374
BKSZ05,BMSZ06,1,0.42194074832645684,0.0,1.4219407483264568
BKSZ05,BMSZ12,2,1.0594317839878618,0.0,3.0594317839878618
BKSZ05,BMSZ16,1,0.07464800048052407,0.0,1.0746480004805241
BKSZ05,BPSZ02,1,0.42180250862185836,0.2191508786574531,1.6409533872793116
BKSZ05,BPSZ04,2,1.2173767869209546,0.4666686023018848,3.6840453892228395
BKSZ05,BPSZ05,4,2.385284070453154,1.0718399322540386,7.457124002707193
BKSZ05,BTSZ01,6,2.8075155372004845,1.4212803031354753,10.228795840335959
BKSZ05,BTSZ06,2,0.469732456076891,0.0,2.469732456076891
BKSZ05,BTSZ08,1,0.341812670444033,0.0,1.341812670444033
BKSZ05,CKSZ03,6,1.93234766520392,0.0,7.93234766520392
BKSZ05,CKSZ04,1,0.7396694563883667,0.0,1.7396694563883668
BKSZ05,CKSZ05,1,0.42566095310008445,0.0,1.4256609531000843
BKSZ05,CLSZ01,1,0.5700202817081316,0.13086392922750045,1.700884210935632
BKSZ05,CLSZ04,5,1.6448390423099761,0.0,6.644839042309976
BKSZ05,CLSZ07,1,0.40210651516528095,0.0,1.402106515165281
BKSZ05,CLSZ08,1,0.49496069649381547,0.0,1.4949606964938154
BKSZ05,DTSZ02,1,0.47270170275615603,0.0,1.472701702756156
BKSZ05,DTSZ03,1,0.544004247439815,0.0,1.544004247439815
BKSZ05,DTSZ04,1,0.1420846766814619,0.0,1.1420846766814619
BKSZ05,DTSZ05,3,1.038649847623733,0.0,4.0386498476237325
BKSZ05,DTSZ08,1,0.47663347535867295,0.0,1.476633475358673
BKSZ05,DTSZ11,3,0.7113121789543325,0.0,3.7113121789543326
BKSZ05,GLSZ03,1,0.7580562271693204,0.0,1.7580562271693205
BKSZ05,GLSZ05,1,0.7125111074018186,0.0,1.7125111074018187
BKSZ05,HGSZ04,1,0.4928382744168184,0.0,1.4928382744168185
BKSZ05,JESZ01,1,0.559696020173104,0.0,1.559696020173104
BKSZ05,JESZ03,1,1.146325108978703,0.30159029889058947,2.4479154078692926
BKSZ05,JESZ05,11,2.329323909386854,2.70074741708586,16.030071326472715
BKSZ05,JESZ06,1,0.26633849051575703,0.0,1.266338490515757
BKSZ05,JESZ08,1,0.25411612293816277,0.0,1.2541161229381628
BKSZ05,JWSZ03,1,0.7850705002896858,0.0,1.7850705002896858
BKSZ05,JWSZ08,2,2.1850600171924612,0.0,4.185060017192461
BKSZ05,JWSZ09,3,1.6298759074820643,0.0,4.629875907482065
BKSZ05,KLSZ06,2,0.8082846271552113,0.0,2.8082846271552113
BKSZ05,KLSZ07,2,1.0627349424346004,0.0,3.0627349424346004
BKSZ05,MUSZ01,1,0.45091645068574543,0.0,1.4509164506857455
BKSZ05,NTSZ03,1,0.1777653611006601,0.0,1.17776536110066
BKSZ05,NVSZ02,1,1.1284369215309507,0.0,2.128436921530951
BKSZ05,ORSZ02,1,0.676608975132443,0.0,1.6766089751324431
BKSZ05,ORSZ03,1,0.5982061398677797,0.0,1.5982061398677798
BKSZ05,OTSZ01,1,0.08727711837286672,0.0,1.0872771183728667
BKSZ05,OTSZ03,2,1.068334341887797,0.0,3.0683343418877973
BKSZ05,PGSZ04,1,0.8755517642194532,0.0,1.8755517642194532
BKSZ05,QTSZ01,1,0.5713321618024916,0.0,1.5713321618024916
BKSZ05,QTSZ02,1,0.40460417465312154,0.0,1.4046041746531215
BKSZ05,QTSZ05,2,0.9438563434424969,0.0,2.943856343442497
BKSZ05,QTSZ08,3,1.7482998652843809,0.0,4.74829986528438
BKSZ05,QTSZ11,4,1.623727107675612,0.0,5.623727107675612
BKSZ05,QTSZ14,1,0.6658242368176365,0.0,1.6658242368176364
BKSZ05,RCSZ10,1,0.32230690763618,0.0,1.32230690763618
BKSZ05,SBSZ01,1,0.6932025349973999,0.0,1.6932025349974
BKSZ05,SBSZ03,1,0.6919586157019185,0.0,1.6919586157019184
BKSZ05,SBSZ07,1,0.0,0.0,1.0
BKSZ05,SESZ05,1,0.4141055140588485,0.0,1.4141055140588485
BKSZ05,SGSZ05,1,0.3421261389758595,0.0,1.3421261389758594
BKSZ05,SRSZ02,1,0.15384135833291585,0.0,1.153841358332916
BKSZ05,THSZ01,1,0.0,0.0,1.0
BKSZ05,TMSZ03,2,1.6340315784665467,0.0,3.634031578466547
BKSZ05,TMSZ04,1,0.4938636714080441,0.0,1.493863671408044
BKSZ05,TMSZ05,1,1.0560689385103674,0.0,2.0560689385103674
BKSZ05,TPSZ06,1,0.6667108724318919,0.0,1.6667108724318918
BKSZ05,WCSZ01,2,1.6920083495699372,0.0,3.692008349569937
BKSZ05,WDSZ02,4,1.9281666466391523,0.0,5.928166646639152
BKSZ05,YSSZ01,1,0.6818950822391383,0.0,1.6818950822391383
BKSZ06,AMSZ09,1,0.12054333812232809,0.0,1.120543338122328
BKSZ06,BDSZ04,1,0.18560303001553993,0.0,1.18560303001554
BKSZ06,BKSZ02,3,0.7109114488748022,0.506707424853246,4.217618873728048
BKSZ06,BKSZ03,2,0.5002987467460758,0.31916592914095354,2.819464675887029
BKSZ06,BKSZ05,3,1.5368414782361859,0.343124881282633,4.879966359518819
BKSZ06,BKSZ06,3,0.6331338995732644,14.341267007953649,17.974400907526913
BKSZ06,BKSZ07,8,4.585828423372925,0.9116669064802957,13.497495329853221
BKSZ06,BMSZ01,1,0.26394756718693274,0.0,1.2639475671869327
BKSZ06,BMSZ12,2,0.29337884179426194,0.0,2.293378841794262
BKSZ06,BSSZ01,1,0.3051541157281419,0.0,1.3051541157281419
BKSZ06,BTSZ01,2,0.5203389274098289,0.14106779641863712,2.661406723828466
BKSZ06,BTSZ06,1,0.06688228279229864,0.0,1.0668822827922986
BKSZ06,CKSZ03,1,0.5168641301189234,0.0,1.5168641301189234
BKSZ06,CLSZ07,1,0.18426083553996578,0.0,1.1842608355399658
BKSZ06,DTSZ01,1,0.2363141662869262,0.0,1.2363141662869261
BKSZ06,DTSZ02,1,0.15930737670284284,0.0,1.1593073767028428
BKSZ06,JESZ05,5,0.9824499809497479,0.43621874585053094,6.418668726800279
BKSZ06,JWSZ06,1,0.08924699857201557,0.0,1.0892469985720155
BKSZ06,KLSZ09,1,0.03573401322827764,0.0,1.0357340132282777
BKSZ06,MPSZ01,1,0.11039279653202382,0.0,1.1103927965320237
BKSZ06,OTSZ03,3,0.41910456093385634,0.0,3.419104560933856
BKSZ06,PNSZ02,1,0.0,0.0,1.0
BKSZ06,QTSZ08,1,0.2279544004240934,0.0,1.2279544004240934
BKSZ06,QTSZ10,1,0.2159456900683412,0.0,1.2159456900683412
BKSZ06,QTSZ11,1,0.15396564380190514,0.0,1.153965643801905
BKSZ06,QTSZ12,1,0.095292193482389,0.0,1.095292193482389
BKSZ06,QTSZ14,1,0.21536874263833644,0.0,1.2153687426383364
BKSZ06,SBSZ09,1,0.31762739425829695,0.0,1.317627394258297
BKSZ06,THSZ01,1,0.0,0.0,1.0
BKSZ06,TNSZ01,1,0.14608407855735178,0.0,1.1460840785573518
BKSZ06,TPSZ03,1,0.05088108332453686,0.0,1.0508810833245368
BKSZ06,TPSZ09,1,0.08137864108565619,0.0,1.0813786410856563
BKSZ06,TSSZ05,1,0.3122887372197,0.0,1.3122887372197
BKSZ06,WDSZ03,1,0.34691619565744786,0.0,1.3469161956574478
BKSZ06,YSSZ09,1,0.3797602407471407,0.0,1.3797602407471408
BKSZ07,AMSZ10,1,0.3097333165971917,0.0,1.3097333165971916
BKSZ07,AMSZ12,1,0.13241311573419567,0.0,1.1324131157341957
BKSZ07,BDSZ04,1,0.13468165323224207,0.0,1.1346816532322421
BKSZ07,BKSZ02,4,1.4412680616109468,2.003427275895792,7.444695337506738
BKSZ07,BKSZ03,7,1.3377987422272182,2.636903521415173,10.97470226364239
BKSZ07,BKSZ04,3,1.2989881323873147,2.151387153910785,6.4503752862981
BKSZ07,BKSZ05,3,2.997635847888477,1.5434962901471456,7.541132138035622
BKSZ07,BKSZ06,1,0.42952237611185734,0.31359157659810644,1.743113952709964
BKSZ07,BKSZ07,2,2.12675716600627,37.04000356435242,41.16676073035869
BKSZ07,BKSZ08,3,0.5180860387057662,0.4670256948593791,3.985111733565145
BKSZ07,BKSZ09,5,1.2400093470550018,0.15043046354722905,6.390439810602231
BKSZ07,BLSZ01,1,0.18426509536045171,0.0,1.1842650953604517
BKSZ07,BLSZ02,1,0.12204363791642492,0.0,1.122043637916425
BKSZ07,BMSZ05,1,0.23068933418538548,0.0,1.2306893341853855
BKSZ07,BMSZ06,1,0.21269667917814716,0.0,1.2126966791781473
BKSZ07,BMSZ07,2,0.7448761187030504,0.0,2.7448761187030506
BKSZ07,BMSZ12,2,0.6803080639014999,0.0,2.6803080639015
BKSZ07,BPSZ04,2,0.4857039986393058,0.0,2.485703998639306
BKSZ07,BPSZ05,2,0.5705993923010663,0.0,2.5705993923010664
BKSZ07,BPSZ07,1,0.1865508954140354,0.0,1.1865508954140354
BKSZ07,BSSZ01,1,0.43530230438625184,0.0,1.4353023043862518
BKSZ07,BTSZ01,6,1.5904844144893775,0.9815887966203107,8.57207321110969
BKSZ07,BTSZ03,1,0.5422354053274148,0.0,1.5422354053274148
BKSZ07,BTSZ05,1,0.119435115458116,0.0,1.119435115458116
BKSZ07,BTSZ06,1,0.14446145954823575,0.0,1.1444614595482356
BKSZ07,CHSZ03,1,0.5651854031063273,0.0,1.5651854031063273
BKSZ07,CKSZ02,1,0.8179558061972877,0.18520902992553145,2.003164836122819
BKSZ07,CKSZ03,2,0.6818713914814933,0.0,2.6818713914814936
BKSZ07,CKSZ04,2,0.720726349824733,0.0,2.720726349824733
BKSZ07,CKSZ06,1,0.34615279252253456,0.0,1.3461527925225345
BKSZ07,CLSZ04,2,0.3972956422880535,0.0,2.3972956422880536
BKSZ07,CLSZ05,1,0.4979925860858413,0.0,1.4979925860858412
BKSZ07,CLSZ08,1,0.5093030790783873,0.0,1.5093030790783875
BKSZ07,CLSZ09,1,0.17892942351183566,0.0,1.1789294235118357
BKSZ07,DTSZ01,1,0.3077777186048337,0.0,1.3077777186048336
BKSZ07,DTSZ02,1,0.2130554485773046,0.0,1.2130554485773046
BKSZ07,DTSZ03,1,0.1901798044734242,0.0,1.1901798044734242
BKSZ07,DTSZ05,6,0.2747064564509627,0.0,6.2747064564509625
BKSZ07,DTSZ08,2,0.2406368433789607,0.0,2.2406368433789607
BKSZ07,DTSZ11,1,0.24868207109367393,0.0,1.248682071093674
BKSZ07,DTSZ12,2,0.3034412778046922,0.0,2.3034412778046924
BKSZ07,GLSZ01,2,0.4151566331450619,0.0,2.415156633145062
BKSZ07,GLSZ02,1,0.1451263757065218,0.0,1.1451263757065218
BKSZ07,GLSZ03,2,0.4656156011622484,0.0,2.4656156011622485
BKSZ07,GLSZ04,1,0.3455820180673666,0.0,1.3455820180673665
BKSZ07,JESZ02,1,0.7770151203122695,0.17833885969759758,1.9553539800098672
BKSZ07,JESZ05,13,1.6525183741062097,3.0456512761897305,17.69816965029594
BKSZ07,JESZ10,1,0.0,0.0,1.0
BKSZ07,JWSZ01,1,0.08279080311117536,0.0,1.0827908031111753
BKSZ07,JWSZ03,1,0.5029868965140438,0.3006066314577623,1.803593527971806
BKSZ07,JWSZ04,2,0.6727600005808009,0.0,2.672760000580801
BKSZ07,JWSZ08,4,1.539245127176148,0.0,5.539245127176148
BKSZ07,JWSZ09,6,0.6262131459984455,0.0,6.626213145998445
BKSZ07,KLSZ03,1,0.0496163750880935,0.0,1.0496163750880936
BKSZ07,KLSZ08,2,0.43295929657678633,0.0,2.4329592965767866
BKSZ07,MPSZ02,1,0.24897150880267244,0.0,1.2489715088026725
BKSZ07,MUSZ01,2,0.20364836791541305,0.0,2.203648367915413
BKSZ07,NTSZ03,1,0.11353407720536089,0.0,1.1135340772053608
BKSZ07,NVSZ01,1,0.7449113126011822,0.0,1.7449113126011822
BKSZ07,NVSZ03,1,0.14087271621456515,0.0,1.140872716214565
BKSZ07,ORSZ02,1,0.301321174758786,0.0,1.301321174758786
BKSZ07,OTSZ03,2,0.5170223723062112,0.0,2.517022372306211
BKSZ07,PNSZ01,1,0.1067403284534436,0.0,1.1067403284534436
BKSZ07,PNSZ02,1,0.0,0.0,1.0
BKSZ07,PRSZ03,2,0.48377820135139615,0.0,2.483778201351396
BKSZ07,QTSZ01,1,0.3554446110306018,0.0,1.3554446110306018
BKSZ07,QTSZ02,1,0.23704632868056574,0.0,1.2370463286805657
BKSZ07,QTSZ04,2,0.11736042821211574,0.0,2.1173604282121157
BKSZ07,QTSZ08,3,0.8405048340853418,0.0,3.840504834085342
BKSZ07,QTSZ10,1,0.3147565346365842,0.0,1.3147565346365842
BKSZ07,QTSZ11,5,0.49202536823685383,0.0,5.492025368236854
BKSZ07,QTSZ12,1,0.2438739530400788,0.0,1.2438739530400789
BKSZ07,QTSZ14,2,0.5628319648201914,0.0,2.5628319648201914
BKSZ07,RCSZ01,1,0.12910835557025743,0.0,1.1291083555702575
BKSZ07,SBSZ02,1,0.12490782284797025,0.0,1.1249078228479703
BKSZ07,SRSZ03,1,0.2009928259058953,0.0,1.2009928259058953
BKSZ07,TPSZ03,1,0.17717688069843407,0.0,1.177176880698434
BKSZ07,TSSZ05,1,0.5981362849607696,0.0,1.5981362849607696
BKSZ07,WDSZ01,1,0.1698626833799106,0.0,1.1698626833799106
BKSZ07,WDSZ03,1,0.3554458003175054,0.0,1.3554458003175054
BKSZ07,WDSZ05,1,0.43295534156942805,0.0,1.432955341569428
BKSZ07,YSSZ03,1,0.368746347967336,0.0,1.368746347967336
BKSZ08,BDSZ01,1,0.0932208010914547,0.0,1.0932208010914546
BKSZ08,BDSZ04,1,0.1000301843568236,0.0,1.1000301843568236
BKSZ08,BKSZ03,2,0.1989174826805194,0.4665080234032945,2.665425506083814
BKSZ08,BKSZ05,3,1.0187783535059631,0.943870285968015,4.962648639473978
BKSZ08,BKSZ07,2,0.42457282729555407,0.424106398802752,2.848679226098306
BKSZ08,BMSZ02,1,0.07442889880327148,0.0,1.0744288988032715
BKSZ08,BMSZ05,1,0.10374259661426799,0.0,1.103742596614268
BKSZ08,BMSZ07,1,0.1952664241480963,0.0,1.1952664241480964
BKSZ08,BMSZ17,1,0.0501247402622766,0.0,1.0501247402622766
BKSZ08,BPSZ05,1,0.2091572189436629,0.16364492738356445,1.3728021463272275
BKSZ08,BTSZ01,2,0.5103284746027215,0.2780735122240923,2.788401986826814
BKSZ08,CKSZ03,1,0.2544275014454915,0.0,1.2544275014454915
BKSZ08,CLSZ04,1,0.16326538819466113,0.0,1.163265388194661
BKSZ08,CLSZ09,2,0.10287400752783597,0.0,2.102874007527836
BKSZ08,DTSZ03,1,0.1098691388584503,0.0,1.1098691388584503
BKSZ08,DTSZ05,1,0.06464526151628298,0.0,1.064645261516283
BKSZ08,DTSZ09,1,0.06992057211394229,0.0,1.0699205721139422
BKSZ08,GLSZ05,1,0.1222663376702542,0.0,1.1222663376702542
BKSZ08,JESZ03,1,0.27852766863444356,0.20292141889852916,1.4814490875329727
BKSZ08,JESZ05,2,0.4605897396025691,0.5207379687381919,2.981327708340761
BKSZ08,JWSZ09,1,0.3098031397938675,0.0,1.3098031397938674
BKSZ08,KLSZ06,1,0.18621583421855675,0.0,1.1862158342185567
BKSZ08,PGSZ04,1,0.11539703192140957,0.0,1.1153970319214095
BKSZ08,QTSZ08,5,0.6155461071329471,0.0,5.615546107132947
BKSZ08,QTSZ10,1,0.1430990563518403,0.0,1.1430990563518404
BKSZ08,QTSZ11,1,0.11541231619822827,0.0,1.1154123161982283
BKSZ08,SRSZ03,1,0.2034150212985212,0.0,1.2034150212985213
BKSZ08,TMSZ04,1,0.08834502041390055,0.0,1.0883450204139005
BKSZ08,TPSZ03,1,0.059848047148686086,0.0,1.0598480471486862
BKSZ08,TPSZ06,1,0.10615160136933613,0.0,1.1061516013693362
BKSZ08,WDSZ03,1,0.2414009470541502,0.0,1.2414009470541503
BKSZ08,YSSZ08,1,0.0366153347663184,0.0,1.0366153347663185
BKSZ08,YSSZ09,2,0.17379692445820952,0.0,2.1737969244582094
BKSZ09,AMSZ01,1,0.3947840939103135,0.0,1.3947840939103135
BKSZ09,AMSZ03,1,0.2693181321275007,0.0,1.2693181321275007
BKSZ09,AMSZ05,1,0.3742054678276502,0.0,1.3742054678276503
BKSZ09,AMSZ10,2,0.3648120245213628,0.0,2.364812024521363
BKSZ09,BKSZ02,1,0.5265806117640703,0.0477323171268152,1.5743129288908855
BKSZ09,BKSZ04,1,0.6023479519070077,0.350364149986448,1.952712101893456
BKSZ09,BKSZ05,2,1.8695612182747618,0.7912647105263085,4.660825928801071
BKSZ09,BKSZ06,1,0.4323834068828201,0.10944614706132547,1.5418295539441456
BKSZ09,BKSZ07,4,2.0039216021925155,0.7962938470022392,6.800215449194755
BKSZ09,BKSZ09,4,2.9668810651632973,5.642591053035962,12.60947211819926
BKSZ09,BLSZ02,1,0.08506378388937173,0.0,1.0850637838893717
BKSZ09,BMSZ02,1,0.19158453861954697,0.0,1.191584538619547
BKSZ09,BMSZ07,1,0.45084622708898286,0.0,1.4508462270889828
BKSZ09,BMSZ17,1,0.23638568542222949,0.0,1.2363856854222295
BKSZ09,BPSZ02,1,0.2264690477348004,0.0,1.2264690477348004
BKSZ09,BPSZ05,1,0.5653492644540489,0.0,1.5653492644540488
BKSZ09,BPSZ07,1,0.1448019778616759,0.0,1.1448019778616758
BKSZ09,BTSZ01,4,1.4367873874658146,0.6349153501048527,6.071702737570668
BKSZ09,BTSZ02,1,0.23500658925148954,0.0,1.2350065892514897
BKSZ09,CHSZ03,1,0.676532784821775,0.0,1.676532784821775
BKSZ09,CKSZ02,1,0.6791647295990041,0.0,1.679164729599004
BKSZ09,CLSZ04,3,0.8222989314566477,0.5119358144095071,4.334234745866155
BKSZ09,DTSZ03,2,0.36981772837520144,0.0,2.3698177283752013
BKSZ09,DTSZ04,1,0.1250510205485707,0.0,1.1250510205485706
BKSZ09,DTSZ05,3,0.2797632250298409,0.0,3.279763225029841
BKSZ09,DTSZ08,1,0.19451736956305918,0.0,1.194517369563059
BKSZ09,GLSZ03,1,0.35763389010606106,0.0,1.3576338901060612
BKSZ09,GLSZ04,1,0.4365054018443687,0.0,1.4365054018443688
BKSZ09,JESZ02,1,0.35174679547912185,0.21112629017282256,1.5628730856519444
BKSZ09,JESZ03,1,0.6524890243931072,0.3261682734908772,1.9786572978839843
BKSZ09,JESZ05,3,0.89408049986438,0.5777062193832997,4.47178671924768
BKSZ09,JESZ07,1,0.11358409712059155,0.0,1.1135840971205915
BKSZ09,JWSZ02,2,0.5950038016647441,0.0,2.595003801664744
BKSZ09,JWSZ03,2,0.6663470719692065,0.0,2.6663470719692066
BKSZ09,JWSZ04,1,0.680059903359021,0.0,1.680059903359021
BKSZ09,JWSZ06,1,0.13966689743244068,0.0,1.1396668974324407
BKSZ09,JWSZ09,1,0.7594638189425719,0.0,1.7594638189425718
BKSZ09,MSSZ01,1,0.0,0.0,1.0
BKSZ09,MUSZ01,1,0.2153142208868082,0.0,1.2153142208868082
BKSZ09,NVSZ02,1,0.48998445429251286,0.0,1.489984454292513
BKSZ09,OTSZ03,1,0.42241270410647286,0.0,1.422412704106473
BKSZ09,PNSZ01,1,0.11359899113215838,0.0,1.1135989911321584
BKSZ09,PNSZ02,2,0.0,0.0,2.0
BKSZ09,PNSZ03,1,0.0,0.0,1.0
BKSZ09,QTSZ02,1,0.1958004378578054,0.0,1.1958004378578053
BKSZ09,QTSZ08,1,0.43108586659027404,0.0,1.4310858665902741
BKSZ09,QTSZ11,2,0.5072267336979919,0.0,2.507226733697992
BKSZ09,QTSZ12,1,0.19489053875007478,0.0,1.1948905387500748
BKSZ09,QTSZ13,1,0.2895979184456129,0.0,1.289597918445613
BKSZ09,SBSZ03,1,0.4136969782385937,0.0,1.4136969782385937
BKSZ09,SESZ05,1,0.23203987763479103,0.0,1.232039877634791
BKSZ09,SKSZ03,1,0.08878474073424344,0.0,1.0887847407342435
BKSZ09,SRSZ03,1,0.219178938258578,0.0,1.219178938258578
BKSZ09,TMSZ03,2,0.8302197203897469,0.0,2.830219720389747
BKSZ09,TSSZ04,1,0.29188204953722663,0.0,1.2918820495372265
BKSZ09,WCSZ01,1,0.4209011352667848,0.0,1.4209011352667849
BKSZ09,WDSZ02,1,0.3913282414981825,0.0,1.3913282414981825
BKSZ09,WDSZ03,1,0.4300001636096602,0.0,1.4300001636096602
BKSZ09,YSSZ02,1,0.18453234374661004,0.0,1.18453234374661
BKSZ09,YSSZ03,1,0.4667068773699518,0.0,1.4667068773699519
BLSZ01,BDSZ01,1,0.058877806245541675,0.0,1.0588778062455417
BLSZ01,BKSZ07,1,0.38815647361162253,0.0,1.3881564736116225
BLSZ01,BPSZ05,2,0.5030700303603609,0.0,2.503070030360361
BLSZ01,CKSZ06,1,0.2613057653974443,0.0,1.2613057653974442
BLSZ01,JWSZ09,2,1.455775122290672,0.0,3.455775122290672
BLSZ01,SGSZ07,1,0.08889543894028439,0.0,1.0888954389402843
BLSZ01,YSSZ09,1,0.24391936315043777,0.0,1.2439193631504377
BLSZ02,BDSZ04,2,0.45293727133583617,0.0,2.452937271335836
BLSZ02,BKSZ04,1,0.09564181453952293,0.0,1.095641814539523
BLSZ02,BKSZ05,1,0.13671687165416185,0.0,1.1367168716541618
BLSZ02,BKSZ07,1,0.1732455223480406,0.0,1.1732455223480407
BLSZ02,BKSZ09,1,0.1320891475840135,0.0,1.1320891475840136
BLSZ02,BLSZ03,2,0.2965975171394633,0.0,2.2965975171394635
BLSZ02,BMSZ01,1,0.0975967039358651,0.0,1.0975967039358652
BLSZ02,BMSZ10,1,0.051050809371851684,0.0,1.0510508093718516
BLSZ02,BPSZ04,1,0.1232066058451192,0.0,1.123206605845119
BLSZ02,CKSZ03,2,0.3053336514681329,0.0,2.305333651468133
BLSZ02,CKSZ04,1,0.1291728582361894,0.0,1.1291728582361893
BLSZ02,GLSZ03,1,0.06147737825601842,0.0,1.0614773782560185
BLSZ02,JESZ01,1,0.12131513381727689,0.0,1.1213151338172769
BLSZ02,JESZ02,1,0.12562935668158062,0.0,1.1256293566815807
BLSZ02,JESZ05,3,0.2557961375679157,0.0,3.255796137567916
BLSZ02,JWSZ04,2,0.5292368269213685,1.1061526962971264,3.635389523218495
BLSZ02,JWSZ08,3,0.304104215475117,0.9229576979240788,4.227061913399195
BLSZ02,JWSZ09,4,0.8826025106756187,3.970613303822059,8.853215814497677
BLSZ02,KLSZ05,1,0.04461230431106853,0.0,1.0446123043110684
BLSZ02,OTSZ03,1,0.18012851064590862,0.0,1.1801285106459085
BLSZ02,PNSZ03,1,0.0,0.0,1.0
BLSZ02,QTSZ04,1,0.019850826344210634,0.0,1.0198508263442105
BLSZ02,QTSZ05,1,0.10749985985786834,0.0,1.1074998598578683
BLSZ02,QTSZ08,2,0.24826969528557818,0.0,2.248269695285578
BLSZ02,SESZ02,1,0.0513401433521823,0.0,1.0513401433521823
BLSZ02,SESZ03,2,0.17299935088856738,0.0,2.1729993508885674
BLSZ02,SGSZ04,2,0.17586043939539792,0.0,2.175860439395398
BLSZ02,SGSZ06,1,0.0667004556004824,0.0,1.0667004556004824
BLSZ02,TPSZ02,1,0.09040138748956435,0.0,1.0904013874895644
BLSZ02,TSSZ04,1,0.07134380044805382,0.0,1.0713438004480538
BLSZ02,TSSZ05,1,0.08915325945351957,0.0,1.0891532594535196
BLSZ02,WCSZ01,2,0.17913211944670232,0.0,2.1791321194467024
BLSZ02,WDSZ03,1,0.13524902067873976,0.0,1.1352490206787398
BLSZ02,YSSZ09,1,0.09370849394368383,0.0,1.0937084939436839
BLSZ03,BMSZ04,1,0.25867422424391057,0.0,1.2586742242439106
BLSZ03,CLSZ06,1,0.47908662964210796,0.0,1.479086629642108
BLSZ03,JWSZ03,2,1.4565930871041994,0.0,3.456593087104199
BLSZ03,JWSZ09,1,0.8056460590051401,0.0,1.8056460590051402
BLSZ04,BKSZ07,1,0.12912159950007823,0.0,1.1291215995000783
BLSZ04,CLSZ06,1,0.11768838630311425,0.0,1.1176883863031142
BLSZ04,JWSZ03,1,0.1650379607543625,0.0,1.1650379607543626
BLSZ04,JWSZ09,2,0.3316011991001403,0.0,2.3316011991001404
BLSZ04,OTSZ03,1,0.1351724290182807,0.0,1.1351724290182807
BLSZ04,SBSZ05,1,0.0,0.0,1.0
BLSZ04,WDSZ05,1,0.12137842532275836,0.0,1.1213784253227583
BMSZ01,AMSZ09,1,0.2126400768541841,0.0,1.212640076854184
BMSZ01,BDSZ02,2,0.7043334589587325,0.0,2.7043334589587325
BMSZ01,BDSZ03,1,0.4811264402855254,0.0,1.4811264402855255
BMSZ01,BDSZ04,1,0.426698319568416,0.0,1.426698319568416
BMSZ01,BDSZ06,1,0.7799581596580848,0.0,1.7799581596580847
BMSZ01,BDSZ07,1,0.38887772492691164,0.0,1.3888777249269117
BMSZ01,BDSZ08,1,0.24208158196232676,0.0,1.2420815819623268
BMSZ01,BKSZ02,1,0.16333457577262434,0.0,1.1633345757726243
BMSZ01,BKSZ06,1,0.1595840865110498,0.0,1.1595840865110498
BMSZ01,BLSZ02,1,0.09136395794085526,0.0,1.0913639579408552
BMSZ01,BMSZ01,5,2.1939346715100796,19.751601595153264,26.945536266663346
BMSZ01,BMSZ03,1,0.6517560879912955,0.10945678269649087,1.7612128706877863
BMSZ01,BMSZ04,5,0.7543179679951981,0.23008692701092368,5.984404895006122
BMSZ01,BMSZ06,2,0.7732268428906472,0.11431523118842406,2.887542074079071
BMSZ01,BMSZ07,1,0.7121416814353895,0.045852779138911885,1.7579944605743012
BMSZ01,BMSZ09,1,0.16317180231772446,0.004616010688064342,1.1677878130057888
BMSZ01,BMSZ10,3,0.6476204513840416,0.08001198003055326,3.727632431414595
BMSZ01,BMSZ11,2,1.6316387789299713,0.43147672854699515,4.063115507476967
BMSZ01,BMSZ12,6,0.7123321301395635,0.1452197223323752,6.857551852471938
BMSZ01,BMSZ13,10,2.1733499093399553,0.32866238846872137,12.502012297808676
BMSZ01,BMSZ14,2,1.125448253530186,0.19757118577855806,3.323019439308744
BMSZ01,BMSZ15,6,0.8135256371700347,0.07327480153650523,6.88680043870654
BMSZ01,BMSZ16,4,0.34543488239839387,0.03603838484115114,4.381473267239545
BMSZ01,BMSZ17,2,0.6284461505932719,0.1571536563382079,2.78559980693148
BMSZ01,BPSZ03,2,0.3997643232158536,0.0,2.3997643232158534
BMSZ01,BPSZ04,2,0.40961342349940544,0.0,2.4096134234994055
BMSZ01,BSSZ01,3,1.2850485753899479,0.0,4.285048575389948
BMSZ01,BTSZ07,1,0.2747953256816322,0.0,1.2747953256816322
BMSZ01,CHSZ03,1,0.9026086144314202,0.0,1.9026086144314203
BMSZ01,CKSZ01,1,0.37630262877490905,0.0,1.376302628774909
BMSZ01,CKSZ03,4,1.0315053620839454,0.0,5.031505362083945
BMSZ01,CKSZ04,2,0.3795735477019444,0.0,2.3795735477019444
BMSZ01,CKSZ06,2,0.4192954727495598,0.0,2.41929547274956
BMSZ01,CLSZ03,2,0.524374172712211,0.0,2.524374172712211
BMSZ01,CLSZ04,2,0.40062320876423374,0.0,2.400623208764234
BMSZ01,CLSZ05,1,0.35747932583640996,0.0,1.35747932583641
BMSZ01,CLSZ06,1,0.3193953246595602,0.0,1.3193953246595602
BMSZ01,CLSZ08,2,0.4835654494627594,0.0,2.4835654494627595
BMSZ01,DTSZ01,1,0.5113879075799543,0.0,1.5113879075799543
BMSZ01,DTSZ02,1,0.3838181263587736,0.0,1.3838181263587737
BMSZ01,DTSZ08,2,0.43858358939554276,0.0,2.4385835893955425
BMSZ01,DTSZ11,1,0.4694740274089097,0.0,1.4694740274089098
BMSZ01,GLSZ04,3,1.2284147489473913,0.0,4.228414748947391
BMSZ01,GLSZ05,2,0.8236478694963373,0.0,2.8236478694963374
BMSZ01,HGSZ04,2,0.4872357033718637,0.0,2.487235703371864
BMSZ01,HGSZ05,1,0.5149556765297669,0.0,1.514955676529767
BMSZ01,HGSZ06,5,1.0949384756768923,0.0,6.0949384756768925
BMSZ01,HGSZ07,1,0.33498955439379985,0.0,1.3349895543938
BMSZ01,JESZ01,1,0.23065727102827202,0.0,1.230657271028272
BMSZ01,JESZ02,1,0.24101547404391369,0.0,1.2410154740439137
BMSZ01,JESZ03,1,0.52336367996001,0.0,1.5233636799600099
BMSZ01,JESZ05,1,0.49271432464081927,0.0,1.4927143246408192
BMSZ01,JWSZ02,1,0.4129902958122764,0.0,1.4129902958122764
BMSZ01,JWSZ04,1,0.4502960280165396,0.0,1.4502960280165396
BMSZ01,JWSZ09,3,0.7465214961361579,0.0,3.746521496136158
BMSZ01,KLSZ01,1,0.6414862651569712,0.0,1.641486265156971
BMSZ01,KLSZ02,1,0.19282239664633932,0.0,1.1928223966463394
BMSZ01,KLSZ03,1,0.07846892382242328,0.0,1.0784689238224232
BMSZ01,KLSZ05,1,0.26312944818181044,0.0,1.2631294481818105
BMSZ01,KLSZ06,2,0.6442961018300009,0.0,2.644296101830001
BMSZ01,KLSZ07,2,0.7182920196479475,0.0,2.7182920196479476
BMSZ01,KLSZ08,2,0.7401332389896063,0.0,2.740133238989606
BMSZ01,KLSZ09,1,0.08445744034101701,0.0,1.084457440341017
BMSZ01,MUSZ01,1,0.15618055787125618,0.0,1.1561805578712563
BMSZ01,NVSZ01,1,0.8556956078787755,0.0,1.8556956078787756
BMSZ01,NVSZ02,2,1.0397587730730193,0.0,3.0397587730730193
BMSZ01,ORSZ02,1,0.33712477745304953,0.0,1.3371247774530495
BMSZ01,OTSZ01,1,0.08575898877385302,0.04504296014801446,1.1308019489218675
BMSZ01,OTSZ02,1,0.028775336071308142,0.016992353097930075,1.0457676891692382
BMSZ01,OTSZ03,8,1.0881992059589234,0.0,9.088199205958924
BMSZ01,OTSZ04,2,0.20815942375176447,0.0,2.2081594237517645
BMSZ01,PGSZ02,2,0.6226937691045742,0.0,2.622693769104574
BMSZ01,PGSZ03,2,0.3380572457237755,0.0,2.3380572457237756
BMSZ01,PGSZ04,4,0.930444742690311,0.0,4.930444742690311
BMSZ01,PGSZ05,4,0.5581587092604875,0.0,4.558158709260487
BMSZ01,PRSZ05,1,0.559135271844811,0.0,1.559135271844811
BMSZ01,QTSZ02,1,0.2720458871313916,0.0,1.2720458871313916
BMSZ01,QTSZ03,1,0.368475637642416,0.0,1.3684756376424159
BMSZ01,QTSZ06,1,0.3040383423391349,0.0972312352599353,1.4012695775990702
BMSZ01,QTSZ08,2,0.6790500740138398,0.0,2.6790500740138397
BMSZ01,QTSZ10,1,0.3892046144122157,0.0,1.3892046144122157
BMSZ01,QTSZ11,1,0.43194119923730334,0.0,1.4319411992373032
BMSZ01,QTSZ13,3,0.647971356476938,0.0,3.647971356476938
BMSZ01,QTSZ14,7,1.0494854414655805,0.13451506360605034,8.184000505071632
BMSZ01,SBSZ04,1,0.2653782818560539,0.0,1.265378281856054
BMSZ01,SESZ02,3,0.6369335382351295,0.0,3.6369335382351293
BMSZ01,SESZ03,3,1.0388163393018,0.0,4.0388163393018
BMSZ01,SESZ04,2,0.7313147517015343,0.0,2.731314751701534
BMSZ01,SESZ06,4,0.7764862365466486,0.0,4.776486236546648
BMSZ01,SGSZ01,1,0.322690442904404,0.0,1.322690442904404
BMSZ01,SGSZ03,1,0.4238681945354935,0.0,1.4238681945354936
BMSZ01,SGSZ04,1,0.42004215808206746,0.0,1.4200421580820675
BMSZ01,SGSZ06,3,0.7231279239027405,0.0,3.7231279239027404
BMSZ01,TMSZ02,1,0.44501661141050647,0.0,1.4450166114105065
BMSZ01,TMSZ03,1,0.6129813839682151,0.0,1.612981383968215
BMSZ01,TMSZ04,5,1.018857403614279,0.0,6.018857403614279
BMSZ01,TMSZ05,1,0.48188349443569994,0.0,1.4818834944357
BMSZ01,TPSZ03,1,0.1757690159274776,0.0,1.1757690159274776
BMSZ01,TPSZ09,2,0.2968825451149787,0.0,2.2968825451149786
BMSZ01,TPSZ11,1,0.37840648890928147,0.0,1.3784064889092815
BMSZ01,TSSZ05,1,0.7024994924206578,0.0,1.7024994924206578
BMSZ01,WDSZ02,1,0.4136727969700207,0.0,1.4136727969700207
BMSZ01,WDSZ05,1,0.2755939658887416,0.0,1.2755939658887416
BMSZ01,YSSZ02,1,0.2639612667592065,0.0,1.2639612667592064
BMSZ01,YSSZ04,1,0.37774666679729957,0.0,1.3777466667972995
BMSZ01,YSSZ05,2,0.18790183878225078,0.0,2.187901838782251
BMSZ01,YSSZ08,1,0.12811076375701863,0.0,1.1281107637570187
BMSZ01,YSSZ09,2,0.6633249675549233,0.0,2.6633249675549235
BMSZ02,AMSZ01,1,0.3076818642333767,0.0,1.3076818642333767
BMSZ02,BDSZ04,2,0.6715586441616096,0.0,2.6715586441616095
BMSZ02,BDSZ05,1,0.31013560079012953,0.0,1.3101356007901295
BMSZ02,BKSZ02,1,0.15138509744769163,0.0,1.1513850974476916
BMSZ02,BKSZ05,2,0.6818655806492635,0.0,2.6818655806492635
BMSZ02,BKSZ07,1,0.2953434109421971,0.0,1.295343410942197
BMSZ02,BKSZ08,1,0.054198627296576755,0.0,1.0541986272965767
BMSZ02,BKSZ09,1,0.2627606652232819,0.0,1.262760665223282
BMSZ02,BMSZ01,1,0.401364804450602,0.225077408279006,1.6264422127296079
BMSZ02,BMSZ04,5,0.9338185326657124,3.398530361712523,9.332348894378235
BMSZ02,BMSZ06,2,0.6892035279725441,0.7433044405753286,3.4325079685478723
BMSZ02,BMSZ07,5,1.2233744797148312,1.2827719902593693,7.5061464699742
BMSZ02,BMSZ08,1,0.31794450600129304,0.45090998467194277,1.768854490673236
BMSZ02,BMSZ09,2,0.5694366979361605,0.3467491457595238,2.9161858436956845
BMSZ02,BMSZ10,1,0.42095313857053934,0.027196159123733844,1.4481492976942731
BMSZ02,BMSZ11,2,0.8663816400437853,0.0,2.866381640043785
BMSZ02,BMSZ14,3,1.0712360141697925,2.3453454854724933,6.416581499642286
BMSZ02,BMSZ15,1,0.45453106051913794,0.0702588412069673,1.5247899017261053
BMSZ02,BMSZ16,1,0.07633406970088161,0.11237462373996218,1.1887086934408437
BMSZ02,BPSZ02,1,0.11667222890551598,0.0,1.116672228905516
BMSZ02,BPSZ03,1,0.17661245295188932,0.0,1.1766124529518893
BMSZ02,BPSZ05,1,0.2913379793926397,0.0,1.2913379793926398
BMSZ02,BSSZ01,1,0.39998201361359326,0.0,1.3999820136135932
BMSZ02,CKSZ06,1,0.30820887113028417,0.0,1.3082088711302842
BMSZ02,CLSZ05,1,0.19064043554355226,0.0,1.1906404355435523
BMSZ02,CLSZ06,3,0.34002652534230565,0.0,3.3400265253423056
BMSZ02,DTSZ03,1,0.23566663654094683,0.0,1.2356666365409468
BMSZ02,GLSZ04,1,0.4606490364406322,0.0,1.4606490364406322
BMSZ02,GLSZ05,1,0.33798727297247017,0.0,1.3379872729724702
BMSZ02,JWSZ03,1,0.27185101125523115,0.0,1.2718510112552313
BMSZ02,JWSZ04,1,0.32159745788129956,0.0,1.3215974578812997
BMSZ02,JWSZ08,1,0.49128356580915405,0.0,1.491283565809154
BMSZ02,JWSZ09,1,0.41266254745368064,0.0,1.4126625474536807
BMSZ02,KLSZ01,1,0.42215936456934666,0.0,1.4221593645693467
BMSZ02,KLSZ02,1,0.14827135519305276,0.0,1.1482713551930528
BMSZ02,KLSZ06,1,0.3199641472497181,0.0,1.3199641472497181
BMSZ02,KLSZ07,2,0.39784679991632543,0.0,2.3978467999163255
BMSZ02,KLSZ08,1,0.34504168854552375,0.0,1.3450416885455239
BMSZ02,MUSZ01,2,0.14298922097579303,0.11036436327572588,2.2533535842515193
BMSZ02,MUSZ02,1,0.0,0.0,1.0
BMSZ02,MUSZ03,1,0.049905283131497544,0.0,1.0499052831314974
BMSZ02,NVSZ02,1,0.4455747460666271,0.0,1.445574746066627
BMSZ02,NVSZ03,1,0.10189682397872447,0.0,1.1018968239787246
BMSZ02,OTSZ01,1,0.06375940526421174,0.0,1.0637594052642116
BMSZ02,OTSZ02,1,0.012981771380799935,0.1383251998550896,1.1513069712358897
BMSZ02,OTSZ03,1,0.4263814170579613,0.447408772177141,1.873790189235102
BMSZ02,PGSZ03,1,0.2643236488712976,0.0,1.2643236488712977
BMSZ02,PGSZ04,5,0.6431077461679275,0.0,5.643107746167928
BMSZ02,PRSZ02,1,0.31321779167881597,0.0,1.313217791678816
BMSZ02,PRSZ03,1,0.3551550986384477,0.0,1.3551550986384477
BMSZ02,QTSZ01,2,0.5617737057621182,0.0,2.561773705762118
BMSZ02,QTSZ03,1,0.1532729851707356,0.20284692662807852,1.356119911798814
BMSZ02,QTSZ04,1,0.09609888383045437,0.22829439727541279,1.3243932811058672
BMSZ02,QTSZ06,2,0.27275195755955967,0.86980404849537,3.14255600605493
BMSZ02,QTSZ08,3,0.4827561891468151,0.0,3.4827561891468153
BMSZ02,QTSZ10,1,0.2576727944164112,0.0,1.2576727944164112
BMSZ02,QTSZ11,1,0.2527696376722192,0.0,1.2527696376722193
BMSZ02,RCSZ10,1,0.17146309320155845,0.0,1.1714630932015584
BMSZ02,SBSZ02,1,0.13445259079343092,0.0,1.1344525907934309
BMSZ02,SBSZ04,1,0.14941136701557797,0.0,1.149411367015578
BMSZ02,SESZ03,1,0.3801287696551269,0.0,1.3801287696551268
BMSZ02,SESZ04,2,0.568446866346329,0.0,2.568446866346329
BMSZ02,SGSZ04,1,0.41787161606621037,0.0,1.4178716160662104
BMSZ02,TMSZ03,1,0.4563171256785571,0.0,1.4563171256785572
BMSZ02,TMSZ04,1,0.2954853310597844,0.0,1.2954853310597845
BMSZ02,TPSZ02,1,0.3264574481585055,0.0,1.3264574481585054
BMSZ02,WDSZ02,1,0.2780036596975712,0.0,1.2780036596975712
BMSZ02,WDSZ03,1,0.3450746837407577,0.0,1.3450746837407577
BMSZ02,WDSZ06,1,0.21068287973302957,0.0,1.2106828797330296
BMSZ02,YSSZ01,2,0.18275776426303605,0.0,2.182757764263036
BMSZ02,YSSZ08,1,0.1098202579703903,0.0,1.1098202579703904
BMSZ02,YSSZ09,1,0.3292680866458874,0.0,1.3292680866458875
BMSZ03,BDSZ01,1,0.243836132509156,0.0,1.243836132509156
BMSZ03,BDSZ03,1,0.28008805693622374,0.0,1.2800880569362239
BMSZ03,BDSZ04,1,0.523417671833379,0.0,1.523417671833379
BMSZ03,BKSZ09,2,0.3071477675669726,0.0,2.3071477675669727
BMSZ03,BMSZ02,1,0.36214373101395325,1.588794861421164,2.9509385924351172
BMSZ03,BMSZ04,3,0.8984205281614241,3.857276111864917,7.755696640026342
BMSZ03,BMSZ07,2,0.970752839255592,1.2679889063755088,4.238741745631101
BMSZ03,BMSZ08,1,0.29074351134243975,1.7910231809191195,3.081766692261559
BMSZ03,BMSZ09,2,0.6430349842626978,0.1409600209799384,2.783995005242636
BMSZ03,BMSZ11,1,0.7090382356549411,0.3329337555386369,2.041971991193578
BMSZ03,BMSZ12,1,0.4844504672871953,0.5709593608265339,2.055409828113729
BMSZ03,BMSZ14,1,0.3695677683430236,0.2690523301272354,1.638620098470259
BMSZ03,BMSZ17,2,0.3767086373653484,1.393925495285112,3.77063413265046
BMSZ03,CHSZ03,1,0.7004113328045476,0.0,1.7004113328045476
BMSZ03,CKSZ03,1,0.4201626824747411,0.0,1.420162682474741
BMSZ03,CLSZ04,1,0.25616172244220337,0.0,1.2561617224422035
BMSZ03,CLSZ06,2,0.3550878968278309,0.0,2.355087896827831
BMSZ03,DTSZ02,1,0.1924173185618095,0.0,1.1924173185618094
BMSZ03,DTSZ03,2,0.42558552505397235,0.0,2.425585525053972
BMSZ03,DTSZ05,7,0.45205054703078024,0.0,7.4520505470307805
BMSZ03,DTSZ08,3,0.18644350558010225,0.0,3.1864435055801024
BMSZ03,DTSZ11,2,0.2820024166734854,0.0,2.2820024166734854
BMSZ03,DTSZ12,1,0.19096502373131333,0.0,1.1909650237313134
BMSZ03,GLSZ03,1,0.2868992441078087,0.0,1.2868992441078086
BMSZ03,GLSZ05,1,0.4491796566591048,0.0,1.4491796566591049
BMSZ03,HGSZ08,1,0.17328011649462027,0.0,1.1732801164946203
BMSZ03,JESZ05,3,0.5465447663206553,0.0,3.5465447663206553
BMSZ03,JWSZ04,1,0.4341610178604837,0.0,1.4341610178604838
BMSZ03,JWSZ09,1,0.49148329439575034,0.0,1.4914832943957503
BMSZ03,KLSZ06,1,0.34317925088224155,0.0,1.3431792508822415
BMSZ03,KLSZ08,2,0.31400576189547463,0.0,2.3140057618954746
BMSZ03,MUSZ01,1,0.07498952477431481,0.8880780091743101,1.963067533948625
BMSZ03,ORSZ02,3,0.5734222440365487,0.6378124195211023,4.211234663557651
BMSZ03,OTSZ03,3,0.4328994859684958,2.1472363492127746,5.58013583518127
BMSZ03,PNSZ01,1,0.13356080562444286,0.0,1.1335608056244428
BMSZ03,QTSZ02,1,0.15434591882961274,0.04298620548262735,1.1973321243122401
BMSZ03,QTSZ04,1,0.1225585794296701,0.07116498537040664,1.1937235648000768
BMSZ03,QTSZ05,2,1.389521265114995,1.032569167305609,4.422090432420604
BMSZ03,QTSZ06,1,0.39307371070688457,1.4586694428863385,2.8517431535932234
BMSZ03,QTSZ08,2,0.7120913354324235,0.5078524043658584,3.219943739798282
BMSZ03,QTSZ10,4,0.8164755466503008,0.0,4.816475546650301
BMSZ03,QTSZ11,1,0.18993784986236958,0.0,1.1899378498623696
BMSZ03,QTSZ12,2,0.3024929839273542,0.0,2.3024929839273542
BMSZ03,SBSZ01,1,0.22004708175978618,0.0,1.2200470817597862
BMSZ03,TMSZ01,1,0.493376729566555,0.0,1.493376729566555
BMSZ03,TNSZ03,1,0.026992413889914062,0.0,1.026992413889914
BMSZ03,TPSZ02,1,0.3293319255523146,0.0,1.3293319255523146
BMSZ03,TPSZ04,1,0.0997673034814339,0.0,1.099767303481434
BMSZ03,WCSZ01,1,0.3010211198106452,0.0,1.3010211198106452
BMSZ03,WDSZ07,1,0.12619927657939017,0.0,1.1261992765793902
BMSZ03,YSSZ02,1,0.14852348766658405,0.0,1.148523487666584
BMSZ04,AMSZ01,1,0.30212251722258365,0.0,1.3021225172225837
BMSZ04,AMSZ12,1,0.13654975813334938,0.0,1.1365497581333495
BMSZ04,BDSZ03,1,0.38208247456057487,0.0,1.3820824745605749
BMSZ04,BKSZ06,1,0.12315977305689281,0.0,1.1231597730568927
BMSZ04,BKSZ07,1,0.2997011577236498,0.0,1.29970115772365
BMSZ04,BLSZ03,1,0.28328341759685,0.0,1.28328341759685
BMSZ04,BMSZ01,1,0.4061918816627839,0.11578652716742883,1.5219784088302126
BMSZ04,BMSZ02,4,1.140663006110911,3.1734213639773943,8.314084370088306
BMSZ04,BMSZ03,6,0.9493283190836137,4.554406776020377,11.503735095103991
BMSZ04,BMSZ04,2,0.41602728510761583,7.692367464748502,10.108394749856117
BMSZ04,BMSZ05,4,0.380091236785844,0.8391545139591235,5.219245750744968
BMSZ04,BMSZ06,3,0.923057712754176,1.6265013746096955,5.549559087363871
BMSZ04,BMSZ07,4,1.391189925923926,0.6867719526585968,6.0779618785825225
BMSZ04,BMSZ08,9,0.8035543572027262,4.662137710992246,14.465692068194972
BMSZ04,BMSZ09,2,0.38753867956113297,0.17377340548672207,2.561312085047855
BMSZ04,BMSZ10,5,1.3443052124483645,4.657147370088916,11.001452582537281
BMSZ04,BMSZ12,1,0.34948223798682787,0.19227331469420372,1.5417555526810316
BMSZ04,BMSZ13,1,0.35690182460566505,0.1127038834480093,1.4696057080536744
BMSZ04,BMSZ14,2,0.5390592300743605,1.3803794223140538,3.919438652388414
BMSZ04,BMSZ15,3,0.8887159802089901,0.2154188828141808,4.10413486302317
BMSZ04,BMSZ17,2,0.5177648462129086,0.812561415274623,3.3303262614875315
BMSZ04,BPSZ04,1,0.21977564531895485,0.0,1.2197756453189548
BMSZ04,BPSZ05,1,0.2628245929996963,0.0,1.2628245929996962
BMSZ04,BSSZ01,1,0.4303930262521712,0.0,1.4303930262521711
BMSZ04,BSSZ03,1,0.34094636538032963,0.0,1.3409463653803297
BMSZ04,BTSZ01,2,0.5050763575041877,0.0,2.505076357504188
BMSZ04,BTSZ06,1,0.11499124773766169,0.0,1.1149912477376618
BMSZ04,CKSZ03,3,0.6502944130570284,0.0,3.6502944130570283
BMSZ04,CKSZ06,1,0.3851114569861252,0.0,1.3851114569861251
BMSZ04,CLSZ01,1,0.14991778431777847,0.0,1.1499177843177786
BMSZ04,CLSZ04,3,0.3683496334151541,0.0,3.368349633415154
BMSZ04,CLSZ06,1,0.1957172983216312,0.0,1.195717298321631
BMSZ04,DTSZ01,2,0.28678501330573464,0.0,2.286785013305735
BMSZ04,DTSZ02,4,0.5413112305484098,0.8943510451125095,5.43566227566092
BMSZ04,DTSZ03,2,0.42565162401820894,0.0,2.425651624018209
BMSZ04,DTSZ05,6,0.3893741429842123,1.642756187917925,8.032130330902138
BMSZ04,DTSZ08,4,0.3645897127010813,2.805324586248869,7.16991429894995
BMSZ04,DTSZ11,2,0.2815005598614272,0.9723927986498906,3.253893358511318
BMSZ04,DTSZ12,1,0.18097941227623873,0.0,1.1809794122762387
BMSZ04,GLSZ03,1,0.32447798712428355,0.0,1.3244779871242836
BMSZ04,HGSZ05,1,0.4039966598698964,0.0,1.4039966598698963
BMSZ04,HGSZ06,2,0.7364017815196631,0.0,2.736401781519663
BMSZ04,JESZ05,4,0.5956424598019765,0.0,4.595642459801977
BMSZ04,JESZ08,1,0.14034201440474126,0.0,1.1403420144047414
BMSZ04,JWSZ03,1,0.33475534109881916,0.0,1.334755341098819
BMSZ04,JWSZ04,1,0.38751048448240294,0.0,1.3875104844824029
BMSZ04,JWSZ08,1,0.5787350562608718,0.0,1.578735056260872
BMSZ04,JWSZ09,2,0.6271609193148536,0.0,2.6271609193148535
BMSZ04,KLSZ03,2,0.08526839564678705,0.0,2.085268395646787
BMSZ04,KLSZ07,1,0.43625380194183416,0.0,1.436253801941834
BMSZ04,KLSZ08,2,0.4354639481531609,0.0,2.435463948153161
BMSZ04,MUSZ01,1,0.11414671738068803,0.09953542660389267,1.2136821439845806
BMSZ04,NVSZ01,2,1.1243206667549164,0.0,3.124320666754916
BMSZ04,NVSZ02,2,0.8666937142440887,0.0,2.8666937142440885
BMSZ04,ORSZ02,3,0.48613251000803376,0.12747600763341746,3.613608517641451
BMSZ04,OTSZ01,1,0.049232004418152286,0.43438039768860326,1.4836124021067554
BMSZ04,OTSZ02,1,0.03930178202398014,0.1546719797350546,1.1939737617590347
BMSZ04,OTSZ03,9,1.0560417571251732,3.3808870363944874,13.43692879351966
BMSZ04,PGSZ02,1,0.20942663106008264,0.0,1.2094266310600825
BMSZ04,PGSZ03,1,0.3199543982077078,0.0,1.3199543982077078
BMSZ04,PGSZ04,1,0.5392019896935581,0.0,1.539201989693558
BMSZ04,PRSZ03,2,0.7153906749522405,0.0,2.7153906749522405
BMSZ04,PRSZ08,1,0.22286338753141396,0.0,1.2228633875314139
BMSZ04,QTSZ01,2,0.3116519970702306,0.0,2.3116519970702307
BMSZ04,QTSZ04,1,0.11004375724170766,0.0,1.1100437572417077
BMSZ04,QTSZ06,2,0.3144468602324522,0.7619558164870887,3.0764026767195407
BMSZ04,QTSZ08,2,0.6335027666186894,0.0,2.6335027666186894
BMSZ04,QTSZ09,1,0.04444383154177482,0.0,1.0444438315417748
BMSZ04,QTSZ10,2,0.33405094935354057,0.0,2.3340509493535406
BMSZ04,QTSZ11,4,0.5241264455030598,0.0,4.52412644550306
BMSZ04,QTSZ12,1,0.22268516277451114,0.0,1.2226851627745112
BMSZ04,QTSZ13,1,0.23644598336757716,0.0,1.2364459833675772
BMSZ04,QTSZ14,1,0.3094098533358949,0.0,1.3094098533358949
BMSZ04,RCSZ01,1,0.17191525349464928,0.0,1.1719152534946493
BMSZ04,RCSZ09,1,0.1270753254890372,0.05940317602418714,1.1864785015132242
BMSZ04,RCSZ10,3,0.20223532896906168,0.299802685144043,3.5020380141131047
BMSZ04,RVSZ05,1,0.2551268512194756,0.0,1.2551268512194755
BMSZ04,SESZ03,1,0.3927597604979172,0.0,1.3927597604979172
BMSZ04,SESZ05,1,0.22448915464192765,0.0,1.2244891546419276
BMSZ04,SGSZ03,1,0.29322916519857795,0.0,1.293229165198578
BMSZ04,SGSZ04,1,0.39767109356396396,0.0,1.397671093563964
BMSZ04,SGSZ06,1,0.27666144655888936,0.0,1.2766614465588892
BMSZ04,SISZ01,1,0.43415407948242984,0.0,1.43415407948243
BMSZ04,SRSZ01,1,0.32648382027421163,0.1715614354507781,1.49804525572499
BMSZ04,SRSZ02,1,0.08739942376063445,0.2989982121208418,1.3863976358814762
BMSZ04,TMSZ03,2,0.7387010235842469,0.0,2.738701023584247
BMSZ04,TMSZ05,1,0.2815963963902828,0.0,1.2815963963902828
BMSZ04,TNSZ03,1,0.046221269676071326,0.0,1.0462212696760713
BMSZ04,TNSZ04,1,0.28194370344359354,0.0,1.2819437034435937
BMSZ04,TPSZ02,1,0.3493048632843023,0.0,1.3493048632843023
BMSZ04,TPSZ11,1,0.21792018689539863,0.0,1.2179201868953986
BMSZ04,WCSZ01,1,0.25718495366725275,0.0,1.2571849536672528
BMSZ04,YSSZ09,1,0.35404385883045897,0.0,1.354043858830459
BMSZ05,AMSZ01,1,0.35867528426568596,0.0,1.358675284265686
BMSZ05,AMSZ03,1,0.2571148798658787,0.0,1.2571148798658787
BMSZ05,BDSZ01,3,0.7063607178120759,0.0,3.7063607178120757
BMSZ05,BDSZ02,1,0.6262602195271959,0.0,1.6262602195271958
BMSZ05,BDSZ04,5,0.818846122639735,0.0,5.818846122639735
BMSZ05,BKSZ05,1,0.5140091138383277,0.0,1.5140091138383278
BMSZ05,BKSZ07,1,0.34335618377086685,0.0,1.343356183770867
BMSZ05,BKSZ09,1,0.24425077548046004,0.0,1.24425077548046
BMSZ05,BMSZ01,4,1.110602668681568,0.6740990830257654,5.784701751707333
BMSZ05,BMSZ02,1,0.37246512834684464,0.3203966469073369,1.6928617752541817
BMSZ05,BMSZ04,4,0.901624270490669,2.6151083895841767,7.516732660074846
BMSZ05,BMSZ05,1,0.9360972972180913,15.285887987167625,17.221985284385717
BMSZ05,BMSZ06,1,0.3455256605249309,0.18664448614607174,1.5321701466710025
BMSZ05,BMSZ08,1,0.3719225671290632,0.4459166180720372,1.8178391852011004
BMSZ05,BMSZ09,1,0.26774252186233805,0.06773457317118775,1.3354770950335257
BMSZ05,BMSZ13,1,0.4266744540325037,0.057471750711411584,1.4841462047439153
BMSZ05,BMSZ14,1,0.35284013752368115,0.2432542251998127,1.5960943627234938
BMSZ05,BMSZ16,1,0.2277934431068946,0.20004798450572714,1.4278414276126217
BMSZ05,BPSZ02,1,0.20054386762194895,0.0,1.2005438676219489
BMSZ05,BPSZ05,2,0.44107559720916933,0.0,2.4410755972091693
BMSZ05,BSSZ03,1,0.37615527898076545,0.0,1.3761552789807654
BMSZ05,BTSZ01,1,0.3349953437961922,0.0,1.3349953437961921
BMSZ05,BTSZ04,1,0.4377954836923693,0.0,1.4377954836923692
BMSZ05,CKSZ01,2,0.48315946264007525,0.0,2.4831594626400753
BMSZ05,CKSZ03,2,0.5280555089678798,0.0,2.5280555089678796
BMSZ05,CKSZ04,1,0.23892719371951823,0.0,1.2389271937195183
BMSZ05,CKSZ05,1,0.2567197978937477,0.0,1.2567197978937477
BMSZ05,CLSZ04,1,0.22037034389972557,0.0,1.2203703438997255
BMSZ05,CLSZ06,1,0.20369260335647071,0.0,1.2036926033564708
BMSZ05,DTSZ01,2,0.2972313050374611,0.27887950890194635,2.5761108139394073
BMSZ05,DTSZ03,1,0.27410602918286847,0.11818205601067544,1.392288085193544
BMSZ05,GLSZ02,1,0.18213082321288668,0.0,1.1821308232128866
BMSZ05,GLSZ05,3,0.9294545843016158,0.0,3.9294545843016158
BMSZ05,HGSZ03,3,0.38261896262983425,0.0,3.3826189626298344
BMSZ05,HGSZ04,2,0.400508448148987,0.0,2.400508448148987
BMSZ05,HGSZ05,1,0.48628752560909455,0.0,1.4862875256090946
BMSZ05,HGSZ06,2,0.8415598868340181,0.0,2.841559886834018
BMSZ05,HGSZ08,2,0.390113525194515,0.0,2.390113525194515
BMSZ05,JESZ05,5,0.4738780054490175,0.0,5.473878005449017
BMSZ05,JWSZ03,1,0.42368824705308794,0.0,1.423688247053088
BMSZ05,JWSZ08,1,0.6237926736072896,0.0,1.6237926736072896
BMSZ05,KLSZ01,3,0.8743832555099836,0.0,3.8743832555099837
BMSZ05,KLSZ03,1,0.0700793094137486,0.0,1.0700793094137486
BMSZ05,KLSZ05,1,0.20491109664928928,0.0,1.2049110966492893
BMSZ05,KLSZ06,2,0.5141040493420669,0.0,2.514104049342067
BMSZ05,KLSZ07,1,0.45486685162784635,0.0,1.4548668516278465
BMSZ05,KLSZ09,1,0.09927192451672491,0.0,1.0992719245167248
BMSZ05,MPSZ01,1,0.202025151906466,0.0,1.202025151906466
BMSZ05,MPSZ02,1,0.32901956628406265,0.0,1.3290195662840627
BMSZ05,MPSZ03,1,0.4360533251735656,0.0,1.4360533251735657
BMSZ05,MUSZ01,3,0.1659562739999416,0.552146338132179,3.71810261213212
BMSZ05,NTSZ03,1,0.13625409334860003,0.0,1.1362540933486
BMSZ05,NVSZ01,1,0.9038320688200701,0.0,1.90383206882007
BMSZ05,OTSZ01,1,0.06272395190618778,0.46593856537344835,1.5286625172796362
BMSZ05,OTSZ02,1,0.04799945309348034,0.13208846619000952,1.1800879192834899
BMSZ05,OTSZ03,6,1.0712871008674456,4.547627068370411,11.618914169237858
BMSZ05,OTSZ04,2,0.19956106725969264,0.5370994300990607,2.7366604973587534
BMSZ05,PGSZ02,2,0.44080540816805097,0.0,2.440805408168051
BMSZ05,PGSZ03,1,0.36564385625476,0.0,1.36564385625476
BMSZ05,PGSZ04,3,0.8650495646810114,0.0,3.8650495646810112
BMSZ05,PRSZ02,1,0.5779671869477503,0.0,1.5779671869477503
BMSZ05,PRSZ03,1,0.533929164123665,0.0,1.533929164123665
BMSZ05,PRSZ05,1,0.7448985535213294,0.0,1.7448985535213293
BMSZ05,PRSZ08,1,0.27244611179170364,0.0,1.2724461117917036
BMSZ05,QTSZ02,1,0.19262769296872084,0.0,1.192627692968721
BMSZ05,QTSZ05,2,0.6543864353174981,0.0,2.654386435317498
BMSZ05,QTSZ10,1,0.29818047073634657,0.0,1.2981804707363467
BMSZ05,RCSZ05,1,0.10352724837469661,0.0,1.1035272483746965
BMSZ05,RCSZ10,2,0.21815214291414634,0.2704158553161581,2.4885679982303044
BMSZ05,RVSZ04,1,0.0,0.0,1.0
BMSZ05,SBSZ01,2,0.4276376689415258,0.0,2.427637668941526
BMSZ05,SBSZ03,1,0.32172774974378426,0.0,1.3217277497437843
BMSZ05,SBSZ04,2,0.22594462229425955,0.0,2.2259446222942594
BMSZ05,SESZ03,2,0.7782726720381827,0.0,2.7782726720381827
BMSZ05,SESZ04,3,1.1884162270180603,0.0,4.1884162270180605
BMSZ05,SGSZ06,3,0.5709182238084923,0.0,3.5709182238084924
BMSZ05,TMSZ01,2,0.5232428849262903,0.0,2.5232428849262902
BMSZ05,TMSZ02,5,1.1118751441321193,0.0,6.111875144132119
BMSZ05,TMSZ04,2,0.6528625548720806,0.0,2.6528625548720806
BMSZ05,TPSZ02,1,0.39781432994713717,0.0,1.397814329947137
BMSZ05,TPSZ04,1,0.10729784199112345,0.0,1.1072978419911235
BMSZ05,TPSZ12,1,0.17575146652870513,0.0,1.1757514665287052
BMSZ05,WDSZ02,2,0.38718033371257693,0.0,2.387180333712577
BMSZ05,WDSZ03,1,0.4596973899153088,0.0,1.4596973899153087
BMSZ05,WDSZ06,1,0.24687159455061533,0.0,1.2468715945506152
BMSZ05,WDSZ09,1,0.0852248474205474,0.0,1.0852248474205475
BMSZ05,YSSZ04,1,0.3808570817802903,0.0,1.3808570817802903
BMSZ05,YSSZ05,1,0.20540176200353139,0.0,1.2054017620035313
BMSZ05,YSSZ06,1,0.10404128470156306,0.0,1.104041284701563
BMSZ06,BKSZ03,1,0.06262087034644563,0.0,1.0626208703464457
BMSZ06,BMSZ04,1,0.11099726178024788,0.43054157300249934,1.5415388347827472
BMSZ06,BMSZ13,2,0.058440326016041766,0.16816071509938602,2.226601041115428
BMSZ06,DTSZ03,1,0.10070333131294759,0.0,1.1007033313129475
BMSZ06,HGSZ07,1,0.1761713529468191,0.0,1.1761713529468192
BMSZ06,NVSZ02,1,0.12161266162129172,0.0,1.1216126616212918
BMSZ06,OTSZ03,1,0.08612575368934247,0.4012582457247784,1.487383999414121
BMSZ06,QTSZ01,1,0.2020200102758068,0.0,1.2020200102758067
BMSZ06,YSSZ09,1,0.08130843201080717,0.0,1.081308432010807
BMSZ07,AMSZ04,1,0.12464457533990853,0.0,1.1246445753399086
BMSZ07,BKSZ05,1,0.8760473083928032,0.0,1.876047308392803
BMSZ07,BKSZ07,4,0.7652404231235772,0.0,4.765240423123577
BMSZ07,BKSZ08,1,0.13854779035018086,0.0,1.1385477903501808
BMSZ07,BLSZ02,1,0.11963010206376147,0.0,1.1196301020637616
BMSZ07,BMSZ02,4,1.0198673993187921,0.9958484813857875,6.01571588070458
BMSZ07,BMSZ03,3,2.0478550893272605,1.8613026462411861,6.909157735568447
BMSZ07,BMSZ04,6,0.9525587644708897,0.9279188114207639,7.880477575891653
BMSZ07,BMSZ07,1,3.972820706003133,16.489444221229903,21.462264927233036
BMSZ07,BMSZ08,3,1.3318045071694316,0.6497239154414881,4.9815284226109195
BMSZ07,BMSZ09,1,0.3808518090753436,0.012571216602085763,1.3934230256774294
BMSZ07,BMSZ13,2,1.7784298322920007,0.16171858900816335,3.940148421300164
BMSZ07,BMSZ16,1,0.14700271491192815,0.01832165748781848,1.1653243723997466
BMSZ07,BPSZ01,1,0.38834543227791324,0.0,1.3883454322779132
BMSZ07,BPSZ03,1,0.33549480735557125,0.0,1.3354948073555712
BMSZ07,BPSZ04,1,0.4411255955153096,0.0,1.4411255955153095
BMSZ07,BSSZ01,1,0.7401228407311217,0.0,1.7401228407311216
BMSZ07,BSSZ02,1,0.5651702836415223,0.0,1.5651702836415224
BMSZ07,BTSZ01,1,0.6561372820899047,0.0,1.6561372820899047
BMSZ07,CHSZ03,1,1.1830157871473284,0.0,2.1830157871473284
BMSZ07,CKSZ01,2,0.4761196367293726,0.0,2.4761196367293725
BMSZ07,CKSZ03,1,0.5065104793746477,0.0,1.5065104793746475
BMSZ07,CKSZ06,1,0.4938641743175741,0.0,1.493864174317574
BMSZ07,CLSZ04,2,0.4977442114858612,0.0,2.4977442114858612
BMSZ07,CLSZ05,1,0.4091825276974154,0.0,1.4091825276974155
BMSZ07,CLSZ06,2,0.6427547465002509,0.0,2.642754746500251
BMSZ07,DTSZ01,1,0.609419258899042,0.0,1.6094192588990421
BMSZ07,DTSZ04,1,0.23500785767972995,0.0,1.2350078576797299
BMSZ07,DTSZ05,3,1.4803499229926576,0.0,4.480349922992658
BMSZ07,DTSZ08,2,0.5673521537672057,0.0,2.5673521537672057
BMSZ07,GLSZ02,1,0.2706061623747425,0.0,1.2706061623747424
BMSZ07,GLSZ03,1,0.5723670308677655,0.0,1.5723670308677655
BMSZ07,JESZ05,2,1.261331394924279,0.0,3.2613313949242793
BMSZ07,JWSZ08,1,0.9924668467227781,0.0,1.992466846722778
BMSZ07,KLSZ06,1,0.5886591198516942,0.0,1.5886591198516942
BMSZ07,KLSZ08,2,0.7364407969864443,0.0,2.7364407969864444
BMSZ07,MPSZ03,1,0.7065409067143608,0.0,1.7065409067143609
BMSZ07,MUSZ01,1,0.24631594999563927,0.0,1.2463159499956393
BMSZ07,NVSZ01,1,1.4278176150954345,0.0,2.4278176150954343
BMSZ07,ORSZ02,2,0.7436300022586644,0.10482431475930064,2.848454317017965
BMSZ07,ORSZ03,1,0.36639946851564764,0.0,1.3663994685156475
BMSZ07,OTSZ03,1,0.7964458545130904,0.0,1.7964458545130904
BMSZ07,OTSZ04,1,0.2974859512943953,0.0,1.2974859512943953
BMSZ07,PGSZ02,1,0.3735653816901389,0.0,1.373565381690139
BMSZ07,PGSZ04,1,0.8339798246706775,0.0,1.8339798246706775
BMSZ07,QTSZ02,1,0.6517955810649546,0.03287555847463353,1.6846711395395884
BMSZ07,QTSZ04,1,0.2628383628757669,0.04218372120652422,1.305022084082291
BMSZ07,QTSZ05,2,2.085574109397559,0.40360595306811853,4.489180062465677
BMSZ07,QTSZ08,1,0.8795085620349385,0.08734677976898743,1.966855341803926
BMSZ07,QTSZ10,1,0.6842558286041197,0.0,1.6842558286041198
BMSZ07,QTSZ11,3,0.6576700671070463,0.0,3.6576700671070466
BMSZ07,QTSZ12,1,0.4923572678023626,0.0,1.4923572678023627
BMSZ07,QTSZ14,2,0.8337913625320579,0.16103124957722606,2.994822612109284
BMSZ07,SBSZ05,1,0.02428243719959616,0.0,1.0242824371995962
BMSZ07,SESZ02,1,0.417475312931902,0.0,1.417475312931902
BMSZ07,SESZ03,1,0.5815386127163281,0.0,1.581538612716328
BMSZ07,SESZ04,2,1.0524832229277372,0.0,3.052483222927737
BMSZ07,SRSZ01,1,0.5173166416883135,0.0504007955990115,1.567717437287325
BMSZ07,TMSZ02,1,0.6868973222544889,0.0,1.686897322254489
BMSZ07,TMSZ04,1,0.5192526067137805,0.0,1.5192526067137804
BMSZ07,TPSZ01,1,0.30412344858533613,0.0,1.3041234485853361
BMSZ07,TPSZ06,1,0.505283773468138,0.0,1.505283773468138
BMSZ07,TPSZ12,1,0.280504670658129,0.0,1.2805046706581291
BMSZ07,WCSZ01,1,0.46673808172610626,0.0,1.4667380817261062
BMSZ07,WDSZ02,1,0.5527799915119044,0.0,1.5527799915119043
BMSZ07,WDSZ03,1,0.5760562110821069,0.0,1.5760562110821068
BMSZ07,WDSZ04,2,0.7130374356576848,0.0,2.713037435657685
BMSZ07,WDSZ05,2,0.48360517306770584,0.0,2.483605173067706
BMSZ07,WDSZ06,1,0.3689032589644142,0.0,1.3689032589644143
BMSZ07,YSSZ01,1,0.3048603308942717,0.0,1.3048603308942717
BMSZ08,AMSZ01,1,0.1931355873289787,0.0,1.1931355873289786
BMSZ08,AMSZ10,1,0.19876787123585787,0.0,1.1987678712358578
BMSZ08,BDSZ06,1,0.344677131424508,0.0,1.344677131424508
BMSZ08,BLSZ02,4,0.05833555862581424,0.0,4.0583355586258145
BMSZ08,BMSZ01,1,0.27065862359915766,0.130581804783667,1.4012404283828248
BMSZ08,BMSZ02,1,0.22153909686189674,0.5038224099187719,1.7253615067806685
BMSZ08,BMSZ03,3,0.681236588184762,2.8024708679096983,6.483707456094461
BMSZ08,BMSZ04,8,1.948273824736605,4.313436598649407,14.261710423386011
BMSZ08,BMSZ05,2,0.12800386093681357,0.2662783464705145,2.3942822074073282
BMSZ08,BMSZ06,2,1.464835744439255,0.9787871240622009,4.443622868501456
BMSZ08,BMSZ07,1,0.33144781656643996,0.23467942546978088,1.566127242036221
BMSZ08,BMSZ08,6,0.3351830730302052,5.312951443747781,11.648134516777986
BMSZ08,BMSZ09,3,0.3885651470329431,0.24296663822843276,3.6315317852613758
BMSZ08,BMSZ10,2,0.4019876687458522,0.49951252315447087,2.901500191900323
BMSZ08,BMSZ12,1,0.17620923057598456,0.15447354374606365,1.3306827743220482
BMSZ08,BMSZ13,1,0.16706654012152783,0.07958725759382869,1.2466537977153567
BMSZ08,BMSZ14,3,0.42539257123381696,1.5518601435066854,4.977252714740502
BMSZ08,BMSZ15,2,0.4099125066568251,0.07742876463979567,2.487341271296621
BMSZ08,BSSZ03,1,0.1991822794956893,0.0,1.1991822794956892
BMSZ08,BTSZ01,1,0.19506716549671282,0.0,1.1950671654967129
BMSZ08,BTSZ03,1,0.0805301196933604,0.0,1.0805301196933603
BMSZ08,BTSZ07,1,0.26924006449283766,0.0,1.2692400644928377
BMSZ08,CHSZ02,1,0.06387212775665296,0.0,1.063872127756653
BMSZ08,CHSZ03,2,0.7886401438394031,0.0,2.788640143839403
BMSZ08,CKSZ03,3,0.48225828461765413,0.0,3.482258284617654
BMSZ08,CLSZ01,1,0.07997196180543073,0.0,1.0799719618054306
BMSZ08,CLSZ03,1,0.17946248452165411,0.0,1.1794624845216541
BMSZ08,CLSZ04,3,0.20898040294009937,0.0,3.2089804029400995
BMSZ08,CLSZ05,1,0.07611179359530519,0.0,1.0761117935953053
BMSZ08,DTSZ02,4,0.18562641866569507,0.6752625885223007,4.860889007187996
BMSZ08,DTSZ05,3,0.2581078309678587,0.6972632979522934,3.9553711289201523
BMSZ08,DTSZ08,3,0.1937944398934462,1.4020784995442663,4.5958729394377125
BMSZ08,GLSZ03,1,0.17312981554224824,0.0,1.1731298155422483
BMSZ08,GLSZ04,1,0.40384956255668725,0.0,1.4038495625566871
BMSZ08,GLSZ05,1,0.3022161397538133,0.0,1.3022161397538132
BMSZ08,HGSZ04,1,0.13490018687160407,0.0,1.134900186871604
BMSZ08,HGSZ06,1,0.27526682756419263,0.0,1.2752668275641925
BMSZ08,HGSZ07,1,0.23749543545609123,0.0,1.2374954354560912
BMSZ08,JESZ05,3,0.3147558439837417,0.0,3.3147558439837415
BMSZ08,JWSZ01,1,0.031231012896981634,0.0,1.0312310128969817
BMSZ08,JWSZ08,1,0.314897016569144,0.0,1.314897016569144
BMSZ08,JWSZ09,1,0.3049523858424972,0.0,1.3049523858424972
BMSZ08,KLSZ09,2,0.08780772756443461,0.0,2.0878077275644347
BMSZ08,MPSZ03,1,0.21177048440982024,0.0,1.2117704844098203
BMSZ08,NVSZ01,2,0.7316374332733243,0.0,2.7316374332733244
BMSZ08,NVSZ02,1,0.3232738968722273,0.0,1.3232738968722273
BMSZ08,NVSZ04,1,0.08251744716104727,0.0,1.0825174471610473
BMSZ08,ORSZ01,1,0.029890517956806934,0.0,1.029890517956807
BMSZ08,ORSZ02,2,0.40002837932987223,0.14237425157262296,2.542402630902495
BMSZ08,ORSZ03,2,0.15273400527014488,0.2555492790924013,2.4082832843625464
BMSZ08,OTSZ02,1,0.0,0.07229160671639412,1.0722916067163941
BMSZ08,OTSZ03,5,0.4147459651512438,1.4885830427345568,6.903329007885801
BMSZ08,PNSZ01,1,0.09447852199839703,0.0,1.094478521998397
BMSZ08,PRSZ08,1,0.13785301327477853,0.0,1.1378530132747786
BMSZ08,QTSZ03,1,0.10236485638771124,0.03842973047745328,1.1407945868651646
BMSZ08,QTSZ04,1,0.052631022032289886,0.04644507444072973,1.0990760964730195
BMSZ08,QTSZ06,2,0.20414439231152712,0.5390528971744349,2.743197289485962
BMSZ08,QTSZ08,4,0.37989988649763784,0.0,4.379899886497638
BMSZ08,QTSZ10,1,0.153737567584713,0.0,1.153737567584713
BMSZ08,QTSZ11,4,0.2632623956839072,0.0,4.263262395683907
BMSZ08,QTSZ12,1,0.14096831340122157,0.0,1.1409683134012216
BMSZ08,QTSZ14,2,0.21621481260659633,0.16184023108631557,2.3780550436929118
BMSZ08,RCSZ09,1,0.04401113036114855,0.0,1.0440111303611486
BMSZ08,SBSZ01,1,0.13461238614753415,0.0,1.1346123861475341
BMSZ08,SESZ03,1,0.3362604522006848,0.0,1.3362604522006847
BMSZ08,SESZ04,1,0.3137798780494374,0.0,1.3137798780494374
BMSZ08,SGSZ06,1,0.17020267627826044,0.0,1.1702026762782605
BMSZ08,SISZ01,1,0.27934960026820893,0.0,1.279349600268209
BMSZ08,SRSZ02,1,0.0330455887398135,0.17981026685452026,1.2128558555943338
BMSZ08,TMSZ02,1,0.5893972626801172,0.0,1.5893972626801172
BMSZ08,TNSZ02,1,0.11746407990960445,0.1512726398417992,1.2687367197514037
BMSZ08,TPSZ06,2,0.20394924840794088,0.0,2.203949248407941
BMSZ08,TSSZ05,1,0.2270285994353852,0.0,1.2270285994353851
BMSZ08,WDSZ01,1,0.03862740554673481,0.0,1.0386274055467348
BMSZ08,WDSZ02,1,0.14925515514370197,0.0,1.149255155143702
BMSZ08,WDSZ04,1,0.28428771190318,0.0,1.28428771190318
BMSZ09,BDSZ03,1,0.2062370565049658,0.0,1.2062370565049658
BMSZ09,BKSZ07,1,0.23140895529826197,0.0,1.2314089552982619
BMSZ09,BMSZ01,1,0.2586758619439414,0.08011570063657346,1.3387915625805147
BMSZ09,BMSZ02,2,0.2607665702861794,0.09639517763004712,2.3571617479162263
BMSZ09,BMSZ03,1,0.6045088628658889,0.2998771926854491,1.904386055551338
BMSZ09,BMSZ04,2,0.4125049526835564,1.2217233603885327,3.634228313072089
BMSZ09,BMSZ07,1,0.3344554264287968,0.11743201482564439,1.4518874412544414
BMSZ09,BMSZ08,3,0.44099725680766505,1.0827274799018336,4.523724736709498
BMSZ09,BMSZ09,1,0.2781002885363033,4.783177739363229,6.061278027899532
BMSZ09,BMSZ12,2,0.39812229659285603,0.10196924020838123,2.500091536801237
BMSZ09,BPSZ01,1,0.06574100988397817,0.0,1.0657410098839781
BMSZ09,BPSZ05,1,0.18187118247162024,0.0,1.1818711824716202
BMSZ09,BTSZ01,1,0.23617232054976298,0.0,1.236172320549763
BMSZ09,CHSZ03,1,0.4010494436285604,0.0,1.4010494436285603
BMSZ09,CLSZ03,1,0.24383323164558518,0.0,1.2438332316455851
BMSZ09,CLSZ07,1,0.1287834094484142,0.0,1.1287834094484142
BMSZ09,DTSZ01,1,0.11764000813940458,0.10431755894869543,1.2219575670881002
BMSZ09,DTSZ02,5,0.4227103041019911,0.8215284665486391,6.244238770650631
BMSZ09,DTSZ04,1,0.05523808067675732,0.0,1.0552380806767574
BMSZ09,DTSZ05,1,0.16571624162270673,0.21965127469975115,1.385367516322458
BMSZ09,DTSZ11,4,0.1422564105946065,1.143228882634001,5.285485293228608
BMSZ09,JESZ01,1,0.09164813271064388,0.0,1.091648132710644
BMSZ09,JESZ05,1,0.3114577650955805,0.0,1.3114577650955805
BMSZ09,JWSZ09,1,0.3073030810017705,0.0,1.3073030810017705
BMSZ09,KLSZ06,1,0.2708865449283321,0.0,1.2708865449283322
BMSZ09,KLSZ07,1,0.16922390062375597,0.08312905167703524,1.2523529523007912
BMSZ09,KLSZ08,2,0.28060036751822015,0.0,2.28060036751822
BMSZ09,MPSZ02,2,0.3641921984159466,0.0,2.3641921984159464
BMSZ09,MUSZ01,3,0.10377761407616538,0.15025862427537726,3.2540362383515427
BMSZ09,NVSZ03,2,0.13040377141270543,0.0,2.1304037714127055
BMSZ09,ORSZ02,2,0.6711197186872707,0.3585995325404192,3.02971925122769
BMSZ09,OTSZ03,5,0.6500105541518874,1.097958967711806,6.747969521863693
BMSZ09,OTSZ04,1,0.052600462946862686,0.0490274549058232,1.1016279178526858
BMSZ09,QTSZ03,1,0.08063138932182728,0.0,1.0806313893218273
BMSZ09,QTSZ08,3,0.6355665298932878,0.0,3.6355665298932878
BMSZ09,QTSZ10,1,0.1840442096318848,0.0,1.1840442096318848
BMSZ09,QTSZ11,1,0.1523060256120468,0.0,1.1523060256120468
BMSZ09,QTSZ12,1,0.2112287877081981,0.0,1.2112287877081982
BMSZ09,QTSZ14,2,0.3055162090161164,0.0,2.3055162090161163
BMSZ09,SESZ03,1,0.31631728237581014,0.0,1.31631728237581
BMSZ09,SESZ06,1,0.29108406312028723,0.0,1.2910840631202873
BMSZ09,SRSZ02,1,0.03450341944805984,0.18841122987621084,1.2229146493242706
BMSZ09,TMSZ02,1,0.5638600837655733,0.0,1.5638600837655732
BMSZ09,TMSZ05,1,0.2025617993291794,0.0,1.2025617993291795
BMSZ09,TPSZ02,1,0.2204128458101806,0.0,1.2204128458101806
BMSZ09,TPSZ03,1,0.06158672224873499,0.0,1.061586722248735
BMSZ09,TPSZ06,1,0.15351370250863436,0.0,1.1535137025086344
BMSZ09,WCSZ01,1,0.16988784864662812,0.0,1.1698878486466282
BMSZ09,WDSZ02,1,0.14108427621028832,0.0,1.1410842762102884
BMSZ09,YSSZ09,1,0.28588152306942116,0.0,1.2858815230694212
BMSZ10,AMSZ10,1,0.5189782976262334,0.0,1.5189782976262334
BMSZ10,BMSZ01,2,1.0976199604006396,0.18471496953387131,3.2823349299345113
BMSZ10,BMSZ02,1,0.41010952725603983,0.1729922435756293,1.583101770831669
BMSZ10,BMSZ04,4,0.9151024478524947,3.922524913735684,8.83762736158818
BMSZ10,BMSZ07,1,0.5672368835881465,0.1357713415446562,1.7030082251328027
BMSZ10,BMSZ08,1,0.40838508958827807,0.4691872098354338,1.8775722994237118
BMSZ10,BMSZ10,2,0.6516926642361776,4.125258381709559,6.7769510459457365
BMSZ10,BMSZ12,1,0.43282839219354596,0.10606824879981974,1.5388966409933655
BMSZ10,BMSZ15,1,0.36970678693767384,0.023057281984119667,1.3927640689217935
BMSZ10,CKSZ03,1,0.4876247375788396,0.0,1.4876247375788396
BMSZ10,CLSZ04,1,0.31790435277775864,0.0,1.3179043527777585
BMSZ10,DTSZ01,1,0.27201304699167467,0.07095861941316184,1.3429716664048366
BMSZ10,DTSZ02,2,0.3994836635813594,0.2848717602062417,2.684355423787601
BMSZ10,DTSZ03,1,0.32829181034565447,0.06219847741559342,1.390490287761248
BMSZ10,DTSZ05,4,0.42166578092926643,0.6156857810730134,5.0373515620022795
BMSZ10,DTSZ08,2,0.23452871434135084,1.4619991995109354,3.6965279138522864
BMSZ10,DTSZ10,1,0.025489893160840705,0.0,1.0254898931608407
BMSZ10,DTSZ11,1,0.3144879706205737,0.354849948136698,1.6693379187572717
BMSZ10,DTSZ12,1,0.14009030159326605,0.041003154780095565,1.1810934563733615
BMSZ10,GLSZ05,2,0.8553932998459072,0.0,2.855393299845907
BMSZ10,HGSZ01,1,0.3726331914004223,0.0,1.3726331914004222
BMSZ10,JESZ05,1,0.5293622006089371,0.0,1.5293622006089371
BMSZ10,KLSZ01,1,0.5128576740179485,0.0,1.5128576740179485
BMSZ10,KLSZ07,1,0.33225641976923087,0.0,1.3322564197692308
BMSZ10,MUSZ01,1,0.0879212976647484,0.14522375786429756,1.233145055529046
BMSZ10,MUSZ03,1,0.008726216343032184,0.21950288865695244,1.2282291049999845
BMSZ10,ORSZ02,1,0.3420836262670027,0.08439503355676503,1.426478659823768
BMSZ10,OTSZ02,1,0.10651537361123598,0.15678201704572714,1.2632973906569633
BMSZ10,OTSZ03,4,0.9713812424562275,1.6131879824848838,6.584569224941111
BMSZ10,QTSZ05,1,0.5312863580060961,0.06920031011960077,1.6004866681256968
BMSZ10,QTSZ07,1,0.0,0.0,1.0
BMSZ10,QTSZ08,1,0.49386782340930285,0.0,1.4938678234093028
BMSZ10,QTSZ14,3,0.5644748836084332,0.0,3.5644748836084332
BMSZ10,RCSZ09,1,0.02606601111849244,0.0418565136279348,1.0679225247464272
BMSZ10,RCSZ10,1,0.14560416735125997,0.10400263628556898,1.249606803636829
BMSZ10,SRSZ01,3,0.7650199080937737,0.277313622025603,4.042333530119377
BMSZ10,SRSZ02,2,0.11950546709589499,0.1497346597741278,2.269240126870023
BMSZ10,TMSZ05,1,0.38130170022460125,0.0,1.3813017002246013
BMSZ10,TNSZ02,1,0.17058844909994106,0.10706969374072278,1.2776581428406637
BMSZ10,TPSZ05,1,0.053301988932520736,0.0,1.0533019889325208
BMSZ10,TSSZ02,1,0.13346525615625,0.0,1.13346525615625
BMSZ10,YSSZ02,1,0.183147123315824,0.0,1.183147123315824
BMSZ11,AMSZ03,1,0.14791368230514026,0.0,1.1479136823051403
BMSZ11,AMSZ08,1,0.054742946309359906,0.0,1.0547429463093598
BMSZ11,BMSZ01,1,0.3740014136278447,0.08173392996915596,1.4557353435970006
BMSZ11,BMSZ02,2,0.27505732513380265,0.5576738390884618,2.8327311642222646
BMSZ11,BMSZ04,1,0.14722734756610398,0.26031368771679825,1.407541035282902
BMSZ11,BMSZ07,1,0.3559054106090955,0.09924355775541642,1.455148968364512
BMSZ11,BMSZ08,1,0.21791728525024645,0.40243277790852977,1.6203500631587762
BMSZ11,BMSZ11,1,0.2545027417602792,5.7963073671619,7.050810108922179
BMSZ11,BMSZ13,1,0.14053491738926963,0.057109438418213955,1.1976443558074836
BMSZ11,BMSZ14,1,0.1170486242425342,0.09528746610417126,1.2123360903467053
BMSZ11,BMSZ16,1,0.051833334293997876,0.1127473038805637,1.1645806381745616
BMSZ11,BPSZ01,1,0.08240719338751305,0.0,1.082407193387513
BMSZ11,BSSZ01,1,0.4243396798027823,0.0,1.4243396798027823
BMSZ11,BTSZ01,1,0.27883926231013917,0.0,1.2788392623101392
BMSZ11,CHSZ02,1,0.03401706824321132,0.0,1.0340170682432113
BMSZ11,CKSZ03,1,0.25790497558775943,0.0,1.2579049755877594
BMSZ11,CLSZ05,1,0.08757823792536422,0.0,1.0875782379253642
BMSZ11,CLSZ06,3,0.40361421141456394,0.0,3.4036142114145638
BMSZ11,CLSZ09,1,0.032592136624059985,0.0,1.03259213662406
BMSZ11,DTSZ01,1,0.16715697972133303,0.0,1.167156979721333
BMSZ11,DTSZ03,1,0.20673075654407388,0.0,1.206730756544074
BMSZ11,DTSZ05,1,0.1529082161915695,0.18405567238407297,1.3369638885756425
BMSZ11,DTSZ06,1,0.02239278300020608,0.04420257768504915,1.0665953606852552
BMSZ11,GLSZ03,1,0.17479189347961274,0.0,1.1747918934796127
BMSZ11,GLSZ05,1,0.2736459939868347,0.0,1.2736459939868348
BMSZ11,KLSZ09,1,0.09102018754455422,0.0,1.0910201875445542
BMSZ11,NVSZ02,1,0.29347802048297633,0.0,1.2934780204829763
BMSZ11,OTSZ01,1,0.023036990765548142,0.5612606174105773,1.5842976081761253
BMSZ11,OTSZ02,1,0.04076605418116594,0.05402925746593513,1.094795311647101
BMSZ11,OTSZ03,3,0.3946956995346704,0.6932484139655987,4.087944113500269
BMSZ11,PLSZ01,1,0.12665400302293087,0.0,1.1266540030229308
BMSZ11,PLSZ04,1,0.016712935534029028,0.0,1.016712935534029
BMSZ11,QTSZ01,1,0.18842753602588472,0.0,1.1884275360258847
BMSZ11,QTSZ08,1,0.22292391166627215,0.0,1.2229239116662722
BMSZ11,QTSZ11,2,0.2302207376133547,0.0,2.2302207376133545
BMSZ11,RCSZ01,1,0.10212085720022389,0.0,1.102120857200224
BMSZ11,RCSZ10,1,0.10015008401162658,0.0,1.1001500840116265
BMSZ11,TNSZ04,1,0.22527177755582334,0.0,1.2252717775558233
BMSZ11,TSSZ05,1,0.1336700798582632,0.0,1.1336700798582633
BMSZ11,YSSZ02,1,0.07524670829382356,0.0,1.0752467082938235
BMSZ12,AMSZ01,1,0.2867971172136962,0.0,1.2867971172136963
BMSZ12,AMSZ02,1,0.21705423731549395,0.0,1.217054237315494
BMSZ12,AMSZ04,1,0.04694873485193665,0.0,1.0469487348519366
BMSZ12,BDSZ06,2,0.5510293148326263,0.0,2.5510293148326264
BMSZ12,BKSZ05,1,0.34890397738992673,0.0,1.3489039773899267
BMSZ12,BKSZ07,2,0.37205569832457924,0.0,2.372055698324579
BMSZ12,BKSZ09,1,0.21362354518125637,0.0,1.2136235451812563
BMSZ12,BMSZ01,5,1.055112391383344,0.3843848668890046,6.439497258272349
BMSZ12,BMSZ03,1,0.740540846479429,0.4304594921121607,2.1710003385915897
BMSZ12,BMSZ04,1,0.22830941765952506,0.17014607486122377,1.3984554925207489
BMSZ12,BMSZ05,1,0.1328259731931442,0.06002279100230006,1.1928487641954444
BMSZ12,BMSZ06,1,0.47996413172108165,0.2081263543069304,1.6880904860280121
BMSZ12,BMSZ08,1,0.24956425030465235,0.180999528797598,1.4305637791022505
BMSZ12,BMSZ09,2,0.26693403003067334,0.016788311552360786,2.2837223415830343
BMSZ12,BMSZ13,2,1.2370274861847892,0.0,3.237027486184789
BMSZ12,BMSZ14,1,0.28965535828867633,0.006308398301979648,1.2959637565906559
BMSZ12,BMSZ16,1,0.057947916626451546,0.031908929999666526,1.089856846626118
BMSZ12,BPSZ01,1,0.11863110100531127,0.0,1.1186311010053114
BMSZ12,BPSZ04,1,0.2702184964488935,0.0,1.2702184964488934
BMSZ12,BPSZ05,2,0.31393314024834773,0.0,2.3139331402483476
BMSZ12,BTSZ01,1,0.2615027071379453,0.0,1.2615027071379452
BMSZ12,BTSZ02,1,0.09912798546931884,0.0,1.0991279854693188
BMSZ12,CKSZ01,1,0.40528421032935297,0.0,1.405284210329353
BMSZ12,CKSZ03,2,0.5733044945450488,0.0,2.5733044945450487
BMSZ12,DTSZ05,1,0.24017649206314068,0.0,1.2401764920631406
BMSZ12,DTSZ11,1,0.25082413366023476,0.0,1.2508241336602348
BMSZ12,HGSZ02,1,0.3359108599925971,0.0,1.335910859992597
BMSZ12,HGSZ04,1,0.24974185588503647,0.0,1.2497418558850364
BMSZ12,HGSZ05,1,0.4930517377455501,0.0,1.4930517377455501
BMSZ12,HGSZ08,1,0.1512564128945787,0.0,1.1512564128945786
BMSZ12,JESZ01,1,0.14025655731233974,0.0,1.1402565573123398
BMSZ12,JESZ02,1,0.10391194557410816,0.0,1.1039119455741082
BMSZ12,JESZ03,1,0.3035108380860666,0.0,1.3035108380860665
BMSZ12,JESZ05,2,0.6132248878258758,0.0,2.6132248878258757
BMSZ12,JWSZ04,1,0.4134476830247207,0.0,1.4134476830247207
BMSZ12,JWSZ08,2,0.6261654436496314,0.0,2.6261654436496316
BMSZ12,JWSZ09,1,0.4245785220416143,0.0,1.4245785220416143
BMSZ12,KLSZ01,1,0.32628526298371213,0.0,1.326285262983712
BMSZ12,KLSZ02,1,0.1056670443490907,0.0,1.1056670443490908
BMSZ12,MPSZ02,1,0.2594781376825376,0.0,1.2594781376825375
BMSZ12,ORSZ02,1,0.2523168792522625,0.0,1.2523168792522625
BMSZ12,OTSZ01,1,0.03785544330488631,0.06770819807316347,1.1055636413780499
BMSZ12,OTSZ03,3,0.43716303275661267,0.0,3.4371630327566125
BMSZ12,PGSZ03,2,0.20919566298377187,0.0,2.2091956629837717
BMSZ12,PGSZ05,2,0.4144707146430777,0.0,2.4144707146430777
BMSZ12,QTSZ05,4,1.015138173813581,0.648078292550843,5.663216466364424
BMSZ12,QTSZ06,3,0.5873899050850095,0.7329084188766007,4.320298323961611
BMSZ12,QTSZ09,1,0.028134065965283738,0.0,1.0281340659652838
BMSZ12,QTSZ10,1,0.29158443585419297,0.0,1.291584435854193
BMSZ12,QTSZ14,1,0.3019714938214038,0.05414216535340263,1.3561136591748064
BMSZ12,SBSZ01,1,0.15944151975143236,0.0,1.1594415197514323
BMSZ12,SBSZ03,1,0.2777633545924487,0.0,1.2777633545924487
BMSZ12,SESZ05,1,0.22346476591636602,0.0,1.223464765916366
BMSZ12,SGSZ04,1,0.4079697991169858,0.0,1.4079697991169857
BMSZ12,SGSZ06,2,0.3773164777579102,0.0,2.37731647775791
BMSZ12,SRSZ01,1,0.1632646714202852,0.007896928533151128,1.1711615999534364
BMSZ12,TMSZ03,1,0.5326893831002857,0.0,1.5326893831002857
BMSZ12,TPSZ01,1,0.10199080771100685,0.0,1.1019908077110068
BMSZ12,TPSZ04,1,0.09178703340638633,0.0,1.0917870334063864
BMSZ12,TPSZ09,1,0.10327312311582494,0.0,1.103273123115825
BMSZ12,WDSZ01,1,0.06253599024052559,0.0,1.0625359902405256
BMSZ12,WDSZ03,1,0.37816915895259007,0.0,1.37816915895259
BMSZ12,WDSZ04,1,0.3989420168928275,0.0,1.3989420168928275
BMSZ12,YSSZ03,1,0.2923877136003945,0.0,1.2923877136003945
BMSZ13,AMSZ12,1,0.13255570951589038,0.0,1.1325557095158905
BMSZ13,BKSZ04,1,0.24501557000730037,0.0,1.2450155700073005
BMSZ13,BKSZ08,1,0.04848673338305476,0.0,1.0484867333830548
BMSZ13,BMSZ01,10,3.1793693803648915,1.2316037009350118,14.410973081299902
BMSZ13,BMSZ02,2,0.45408556252576776,0.32307393335543444,2.777159495881202
BMSZ13,BMSZ04,1,0.28897319147918116,0.08653343488347397,1.375506626362655
BMSZ13,BMSZ05,1,0.16926322132843769,0.09181536268459081,1.2610785840130285
BMSZ13,BMSZ06,1,0.294946544401677,0.03885896832830142,1.3338055127299784
BMSZ13,BMSZ07,4,1.1766483968404233,0.41915006753124046,5.595798464371664
BMSZ13,BMSZ08,1,0.24332441467024152,0.12283766342205675,1.3661620780922983
BMSZ13,BMSZ11,1,0.2186548857076296,0.0,1.2186548857076296
BMSZ13,BMSZ12,4,1.1908085459617321,0.4321022934627249,5.622910839424457
BMSZ13,BMSZ13,4,3.3437684391303764,14.261312874440073,21.605081313570448
BMSZ13,BMSZ15,3,0.4566787688101161,0.06607751412885786,3.522756282938974
BMSZ13,BMSZ17,3,0.9635686160661291,0.520985230315354,4.484553846381483
BMSZ13,BPSZ05,1,0.2918257154567466,0.0,1.2918257154567465
BMSZ13,CHSZ02,1,0.14354818616559328,0.0,1.1435481861655932
BMSZ13,CLSZ01,1,0.14259289455400215,0.0,1.142592894554002
BMSZ13,DTSZ01,1,0.34427841307534146,0.0,1.3442784130753416
BMSZ13,DTSZ02,3,0.4174325834298796,0.0,3.4174325834298798
BMSZ13,DTSZ03,1,0.3469186277368976,0.0,1.3469186277368976
BMSZ13,DTSZ05,4,0.7578743463545308,0.0,4.757874346354531
BMSZ13,DTSZ08,5,0.5012764572713618,0.0,5.501276457271362
BMSZ13,DTSZ10,2,0.028802739980292234,0.0,2.0288027399802924
BMSZ13,DTSZ11,2,0.4180568692528421,0.0,2.418056869252842
BMSZ13,GLSZ03,1,0.36556855181702497,0.0,1.365568551817025
BMSZ13,JESZ05,3,0.6060986354107576,0.0,3.6060986354107576
BMSZ13,JESZ06,1,0.06567285919494753,0.0,1.0656728591949476
BMSZ13,KLSZ08,1,0.26510158267066813,0.0,1.2651015826706682
BMSZ13,KLSZ09,1,0.057657017122004904,0.0,1.057657017122005
BMSZ13,MSSZ01,1,0.0,0.0,1.0
BMSZ13,ORSZ01,1,0.04131353689893899,0.0,1.041313536898939
BMSZ13,ORSZ03,1,0.22793437988354578,0.0,1.2279343798835458
BMSZ13,OTSZ03,2,0.8915130989751611,0.0,2.891513098975161
BMSZ13,PNSZ02,1,0.0,0.0,1.0
BMSZ13,PRSZ03,1,0.40244471056747383,0.0,1.4024447105674738
BMSZ13,QTSZ07,1,0.0,0.0,1.0
BMSZ13,QTSZ08,3,0.6817305539812516,0.1127227125462512,3.7944532665275026
BMSZ13,QTSZ10,1,0.41002348259190874,0.0,1.4100234825919087
BMSZ13,QTSZ11,1,0.2961100846057985,0.0,1.2961100846057985
BMSZ13,QTSZ13,1,0.2552640232367188,0.0015799838063156723,1.2568440070430345
BMSZ13,QTSZ14,3,0.5095635674098453,0.2906217471924624,3.8001853146023077
BMSZ13,RCSZ09,1,0.09292744230005129,0.0,1.0929274423000512
BMSZ13,SESZ03,2,0.8095610090423219,0.0,2.809561009042322
BMSZ13,SGSZ04,1,0.44107025210227585,0.0,1.4410702521022758
BMSZ13,TPSZ05,1,0.09624037100551329,0.0,1.0962403710055133
BMSZ13,TSSZ05,2,0.38622040749329517,0.0,2.3862204074932953
BMSZ13,TSSZ06,1,0.02573806091272571,0.0,1.0257380609127258
BMSZ13,WDSZ06,1,0.27349155930028207,0.0,1.273491559300282
BMSZ14,AMSZ01,1,0.22801520771130915,0.0,1.2280152077113091
BMSZ14,AMSZ12,1,0.057251712542746185,0.0,1.057251712542746
BMSZ14,BMSZ01,3,1.0194120424405015,0.4584934433134781,4.47790548575398
BMSZ14,BMSZ02,2,0.7298332072369426,2.228555150761625,4.958388357998567
BMSZ14,BMSZ03,1,0.6384833413368308,0.5902102911330824,2.228693632469913
BMSZ14,BMSZ04,3,0.5903097175311071,1.1551739945970954,4.745483712128202
BMSZ14,BMSZ08,3,0.4655981826136765,1.0767268760636266,4.542325058677303
BMSZ14,BMSZ12,1,0.3599901296262796,0.16217868906510338,1.5221688186913829
BMSZ14,BMSZ14,2,0.49987160754253834,3.424451570828926,5.9243231783714645
BMSZ14,BMSZ17,1,0.31187927315538094,0.28923861062498235,1.6011178837803635
BMSZ14,BTSZ01,1,0.24351428548237103,0.0,1.243514285482371
BMSZ14,GLSZ04,1,0.37325177508137497,0.0,1.3732517750813749
BMSZ14,JESZ05,2,0.5970159732393652,0.0,2.5970159732393654
BMSZ14,KLSZ06,1,0.26876561115649333,0.0,1.2687656111564933
BMSZ14,NVSZ02,2,0.6309456654021506,0.0,2.630945665402151
BMSZ14,NVSZ03,1,0.05764817774927382,0.0,1.0576481777492739
BMSZ14,OTSZ03,2,0.4097997102135761,0.5233238515934157,2.9331235618069917
BMSZ14,QTSZ08,1,0.26764531466486036,0.0,1.2676453146648603
BMSZ14,QTSZ10,1,0.19793192351162384,0.0,1.197931923511624
BMSZ14,QTSZ11,1,0.13874216941331952,0.0,1.1387421694133195
BMSZ14,QTSZ12,2,0.3420753563053865,0.0,2.3420753563053864
BMSZ14,QTSZ14,1,0.28019456658120084,0.09125084810753162,1.3714454146887325
BMSZ14,RCSZ09,1,0.06256977637662857,0.0,1.0625697763766286
BMSZ14,SRSZ02,1,0.02358112506385906,0.0,1.0235811250638591
BMSZ14,WCSZ01,1,0.2056741480181631,0.0,1.2056741480181632
BMSZ15,AMSZ03,1,0.15805052652567486,0.0,1.1580505265256749
BMSZ15,AMSZ12,1,0.05448849243663924,0.0,1.0544884924366393
BMSZ15,BDSZ04,1,0.21466481072041435,0.0,1.2146648107204143
BMSZ15,BMSZ01,9,1.6940439980342104,0.18707687951975868,10.88112087755397
BMSZ15,BMSZ02,3,0.2313290918129551,0.10009909652871767,3.3314281883416728
BMSZ15,BMSZ04,2,0.36853812409027176,0.13897005059316905,2.507508174683441
BMSZ15,BMSZ05,2,0.27654463246598243,0.040529306968249766,2.3170739394342323
BMSZ15,BMSZ08,3,0.3420678284857026,0.09318732379604093,3.4352551522817434
BMSZ15,BMSZ13,3,0.2280683691547879,0.06155732767352994,3.2896256968283177
BMSZ15,BMSZ15,3,0.7038862113725544,0.05942310251244047,3.763309313884995
BMSZ15,BTSZ07,1,0.07995040349190866,0.0,1.0799504034919087
BMSZ15,CHSZ03,1,0.2955660706601522,0.0,1.2955660706601522
BMSZ15,CKSZ03,2,0.3533882028550651,0.0,2.353388202855065
BMSZ15,CKSZ06,1,0.14792292261877701,0.0,1.147922922618777
BMSZ15,CLSZ02,1,0.15372694156959288,0.0,1.1537269415695928
BMSZ15,DTSZ01,2,0.12889250670667762,0.0,2.1288925067066775
BMSZ15,DTSZ05,1,0.13709313506134962,0.0641611414889803,1.2012542765503298
BMSZ15,DTSZ08,1,0.2630457221720088,0.10679985947073767,1.3698455816427466
BMSZ15,GLSZ02,1,0.09156594475805588,0.0,1.091565944758056
BMSZ15,GLSZ03,1,0.16852500976771245,0.0,1.1685250097677125
BMSZ15,JESZ10,1,0.0,0.0,1.0
BMSZ15,JWSZ04,1,0.279265708349438,0.0,1.2792657083494379
BMSZ15,KLSZ05,1,0.11632910009994962,0.0,1.1163291000999496
BMSZ15,NVSZ01,1,0.3635279824964562,0.0,1.3635279824964561
BMSZ15,ORSZ02,1,0.14740060577603795,0.0,1.147400605776038
BMSZ15,OTSZ03,2,0.3054563576123299,0.107725739358699,2.413182096971029
BMSZ15,PLSZ04,1,0.015585371056147393,0.0,1.0155853710561473
BMSZ15,PRSZ08,1,0.07392548993727152,0.0,1.0739254899372714
BMSZ15,QTSZ05,2,0.5382192663920936,0.02647375459672611,2.5646930209888197
BMSZ15,QTSZ09,2,0.03736242276464034,0.0,2.0373624227646405
BMSZ15,QTSZ14,2,0.27815758978296007,0.007918161346418564,2.2860757511293786
BMSZ15,RCSZ09,1,0.0452951108910915,0.0,1.0452951108910915
BMSZ15,SISZ01,1,0.22105501360154894,0.0,1.221055013601549
BMSZ15,TMSZ02,1,0.25324433679567815,0.0,1.253244336795678
BMSZ15,TNSZ02,1,0.08492639063130789,0.006038636886276067,1.090965027517584
BMSZ15,WCSZ01,1,0.14889030905012543,0.0,1.1488903090501255
BMSZ16,BDSZ04,1,0.16532432379874842,0.0,1.1653243237987485
BMSZ16,BMSZ01,4,0.7545319021576733,0.24156879017404295,4.996100692331716
BMSZ16,BMSZ05,1,0.5954136897137087,0.03580078922465208,1.6312144789383607
BMSZ16,BMSZ07,1,0.15016247122219348,0.07759145902638946,1.227753930248583
BMSZ16,BMSZ08,2,0.13980349910390819,0.24884024516039216,2.3886437442643
BMSZ16,BMSZ11,1,0.1357044505997808,0.0,1.1357044505997809
BMSZ16,BMSZ13,1,0.039625563891215326,0.039219870802812966,1.0788454346940282
BMSZ16,BMSZ16,2,0.23918291505622744,7.568277656383793,9.80746057144002
BMSZ16,BPSZ04,1,0.12723118405785325,0.0,1.1272311840578533
BMSZ16,CKSZ01,1,0.2511873792100778,0.0,1.2511873792100778
BMSZ16,CKSZ02,1,0.1349661003832168,0.0,1.1349661003832168
BMSZ16,DTSZ02,1,0.12485458396316344,0.13473815026085859,1.259592734224022
BMSZ16,DTSZ03,2,0.42706560180828346,0.11400986141145043,2.541075463219734
BMSZ16,DTSZ05,1,0.10452308749057242,0.16037196368413023,1.2648950511747028
BMSZ16,DTSZ11,3,0.033264316339028176,0.6493171350011754,3.6825814513402038
BMSZ16,GLSZ01,1,0.11136197303414339,0.0,1.1113619730341433
BMSZ16,HGSZ01,1,0.11544746479576566,0.0,1.1154474647957657
BMSZ16,HGSZ02,1,0.14386242862410878,0.0,1.1438624286241088
BMSZ16,HGSZ05,1,0.20834500751319934,0.0,1.2083450075131994
BMSZ16,JESZ05,1,0.16700164688931954,0.0,1.1670016468893196
BMSZ16,JWSZ02,1,0.11883117545264509,0.0,1.118831175452645
BMSZ16,JWSZ03,1,0.09663276074996952,0.0,1.0966327607499695
BMSZ16,JWSZ08,2,0.12931537221881653,0.0,2.1293153722188167
BMSZ16,JWSZ09,1,0.18562792712486828,0.0,1.1856279271248682
BMSZ16,KLSZ01,2,0.20404818391112672,0.0,2.2040481839111266
BMSZ16,KLSZ02,1,0.03389681470927857,0.0,1.0338968147092786
BMSZ16,KLSZ05,1,0.10712492000053567,0.0,1.1071249200005358
BMSZ16,KLSZ08,1,0.13775796817011723,0.0,1.1377579681701173
BMSZ16,MPSZ03,1,0.19586873033537405,0.0,1.195868730335374
BMSZ16,MUSZ01,1,0.04547272272474232,0.03714744969317299,1.0826201724179152
BMSZ16,NVSZ02,1,0.19617123791635585,0.0,1.1961712379163558
BMSZ16,OTSZ03,1,0.19735254295260157,0.69272402286868,1.8900765658212815
BMSZ16,PGSZ02,1,0.0902877143331517,0.0,1.0902877143331517
BMSZ16,PNSZ01,1,0.03636572742333969,0.0,1.0363657274233398
BMSZ16,QTSZ11,1,0.08506450564094055,0.0,1.0850645056409405
BMSZ16,SBSZ03,1,0.1390329907399245,0.0,1.1390329907399246
BMSZ16,SESZ04,3,0.19862181928201703,0.0,3.198621819282017
BMSZ16,SESZ06,1,0.23673150074725974,0.0,1.2367315007472597
BMSZ16,SISZ01,1,0.11479847206018096,0.0,1.114798472060181
BMSZ16,TMSZ04,1,0.15324539090598271,0.0,1.1532453909059828
BMSZ16,TNSZ01,1,0.12889193294751491,0.0,1.1288919329475149
BMSZ17,BDSZ04,2,0.25722855053468496,0.0,2.257228550534685
BMSZ17,BKSZ08,1,0.015328563891345006,0.0,1.015328563891345
BMSZ17,BMSZ01,3,0.6668077916319202,2.119975585120844,5.786783376752764
BMSZ17,BMSZ03,2,0.2737101835329757,2.93176902490724,5.205479208440216
BMSZ17,BMSZ04,1,0.14797179140116404,0.9480162596579157,2.09598805105908
BMSZ17,BMSZ07,1,0.1565133811292737,0.0,1.1565133811292738
BMSZ17,BMSZ12,1,0.1317561945012003,0.0,1.1317561945012002
BMSZ17,BPSZ03,1,0.12450735382986107,0.0,1.1245073538298611
BMSZ17,BTSZ07,1,0.05919549716961141,0.0,1.0591954971696114
BMSZ17,BTSZ08,1,0.03477738621503423,0.0,1.0347773862150342
BMSZ17,CKSZ03,1,0.15079028274703932,0.0,1.1507902827470393
BMSZ17,CLSZ04,1,0.13004778844221102,0.0,1.130047788442211
BMSZ17,CLSZ06,1,0.1430346757079061,0.0,1.1430346757079062
BMSZ17,CLSZ07,1,0.11254818537578237,0.0,1.1125481853757824
BMSZ17,DTSZ03,1,0.12354165656723219,0.0,1.1235416565672323
BMSZ17,GLSZ02,1,0.09119881855170874,0.0,1.0911988185517087
BMSZ17,GLSZ03,1,0.14140621895181935,0.0,1.1414062189518193
BMSZ17,GLSZ04,1,0.2522146434565193,0.0,1.2522146434565193
BMSZ17,GLSZ05,2,0.33979228626413105,0.0,2.339792286264131
BMSZ17,HGSZ05,1,0.2597058267419136,0.0,1.2597058267419137
BMSZ17,JESZ01,1,0.11413664687229741,0.0,1.1141366468722973
BMSZ17,JESZ02,1,0.06715456295270184,0.0,1.0671545629527017
BMSZ17,JESZ03,1,0.17630661573587617,0.0,1.1763066157358761
BMSZ17,JESZ05,1,0.1903708616059153,0.0,1.1903708616059152
BMSZ17,JWSZ03,1,0.12928681974463613,0.0,1.1292868197446362
BMSZ17,JWSZ09,1,0.19244523200453995,0.0,1.19244523200454
BMSZ17,NVSZ01,1,0.3039505796950376,0.0,1.3039505796950377
BMSZ17,NVSZ02,1,0.19528034277220632,0.0,1.1952803427722063
BMSZ17,PGSZ03,3,0.10279244120010642,0.0,3.102792441200106
BMSZ17,PGSZ04,3,0.20258403913513506,0.0,3.202584039135135
BMSZ17,PGSZ05,3,0.2079465613049204,0.0,3.2079465613049205
BMSZ17,PRSZ02,1,0.1638386338455435,0.0,1.1638386338455435
BMSZ17,QTSZ02,1,0.05311015588072528,0.0,1.0531101558807252
BMSZ17,QTSZ14,2,0.3183541755223051,0.0,2.318354175522305
BMSZ17,SBSZ02,1,0.0,0.0,1.0
BMSZ17,SESZ03,6,0.4083639359925796,0.0,6.40836393599258
BMSZ17,SESZ04,1,0.2514891153313897,0.0,1.2514891153313896
BMSZ17,SESZ05,1,0.1433465293663933,0.0,1.1433465293663934
BMSZ17,SESZ06,2,0.39774156494996543,0.0,2.3977415649499654
BMSZ17,SGSZ01,1,0.0821294866338793,0.0,1.0821294866338793
BMSZ17,SGSZ04,1,0.22751384170906133,0.0,1.2275138417090614
BMSZ17,SGSZ06,3,0.35653734271712656,0.0,3.3565373427171266
BMSZ17,SISZ01,1,0.1433263053828918,0.0,1.1433263053828917
BMSZ17,TMSZ03,1,0.23524614743358013,0.0,1.23524614743358
BMSZ17,TPSZ02,1,0.13372368081334138,0.0,1.1337236808133413
BMSZ17,TPSZ06,1,0.11465141059353254,0.0,1.1146514105935326
BMSZ17,TPSZ09,2,0.08537379530467334,0.0,2.0853737953046734
BMSZ17,WDSZ02,1,0.060998511167050636,0.0,1.0609985111670506
BMSZ17,WDSZ03,1,0.15941433434606883,0.0,1.1594143343460688
BMSZ17,YSSZ09,1,0.1705092533428366,0.0,1.1705092533428365
BPSZ01,AMSZ10,1,0.19183011904482436,0.0,1.1918301190448244
BPSZ01,BDSZ01,1,0.256414514596866,0.0,1.256414514596866
BPSZ01,BDSZ03,2,0.23254689108220963,0.0,2.2325468910822095
BPSZ01,BDSZ06,1,0.31257891747835803,0.0,1.312578917478358
BPSZ01,BKSZ05,1,0.7062519654148243,0.3590635159335032,2.0653154813483274
BPSZ01,BKSZ06,1,0.2208337397091067,0.0,1.2208337397091067
BPSZ01,BKSZ07,2,0.5904532689121957,0.0,2.5904532689121957
BPSZ01,BMSZ07,1,0.2969996765181895,0.0,1.2969996765181895
BPSZ01,BMSZ11,1,0.161094023971627,0.0,1.161094023971627
BPSZ01,BMSZ12,1,0.15922623767154934,0.0,1.1592262376715494
BPSZ01,BPSZ01,8,0.5504778726438326,6.764311948217612,15.314789820861444
BPSZ01,BPSZ02,2,1.6973344662917038,0.25148289100892063,3.948817357300624
BPSZ01,BPSZ03,3,1.318114899229472,1.559021134964578,5.8771360341940495
BPSZ01,BPSZ04,4,0.650885878575555,0.4787091985520395,5.129595077127595
BPSZ01,BPSZ05,8,2.1921428502543474,2.961917029351458,13.154059879605805
BPSZ01,BPSZ06,1,0.4703534156554552,0.0,1.4703534156554552
BPSZ01,BTSZ01,2,0.4279161594484631,0.0,2.427916159448463
BPSZ01,CHSZ03,2,1.3637092933644852,0.0,3.363709293364485
BPSZ01,CKSZ01,1,0.9077197931396945,0.6742204674860296,2.581940260625724
BPSZ01,CKSZ03,1,0.7202949858099917,0.6972657336375124,2.417560719447504
BPSZ01,CKSZ06,1,0.6972468678455617,0.2533542466246523,1.950601114470214
BPSZ01,DTSZ03,2,0.26778335261601616,0.0,2.267783352616016
BPSZ01,DTSZ05,3,0.24131421008122464,0.0,3.2413142100812244
BPSZ01,DTSZ08,3,0.13823626834421682,0.0,3.1382362683442167
BPSZ01,DTSZ09,1,0.11480047574733387,0.0,1.1148004757473338
BPSZ01,DTSZ11,1,0.24771641992809562,0.0,1.2477164199280957
BPSZ01,DTSZ12,2,0.22499362098006567,0.0,2.2249936209800656
BPSZ01,GLSZ03,1,0.2676221594535981,0.0,1.2676221594535981
BPSZ01,JESZ02,1,0.24109623359240545,0.0,1.2410962335924054
BPSZ01,JESZ03,1,0.3504938666227571,0.0,1.350493866622757
BPSZ01,JESZ04,1,0.08288184084133507,0.0,1.082881840841335
BPSZ01,JESZ05,3,0.518696977252015,0.0,3.518696977252015
BPSZ01,JWSZ09,1,0.5009047705856691,0.0,1.500904770585669
BPSZ01,KLSZ08,1,0.30706116999586497,0.0,1.307061169995865
BPSZ01,MPSZ02,1,0.24954489393394738,0.0,1.2495448939339473
BPSZ01,MUSZ02,1,0.0,0.0,1.0
BPSZ01,MUSZ03,1,0.03891964310970836,0.0,1.0389196431097083
BPSZ01,NTSZ03,1,0.07062161688076965,0.0,1.0706216168807696
BPSZ01,NVSZ02,2,0.5445707458534566,0.0,2.5445707458534566
BPSZ01,ORSZ01,1,0.038822253912754075,0.0,1.038822253912754
BPSZ01,ORSZ02,2,0.3768098588790969,0.0,2.376809858879097
BPSZ01,OTSZ01,1,0.03499666818567543,0.0,1.0349966681856755
BPSZ01,OTSZ03,3,0.3934090862102481,0.0,3.393409086210248
BPSZ01,OTSZ04,1,0.09586922465843267,0.0,1.0958692246584327
BPSZ01,QTSZ08,3,0.5547193304386078,0.0,3.5547193304386075
BPSZ01,QTSZ11,3,0.5763681603790266,0.0,3.5763681603790265
BPSZ01,QTSZ12,2,0.19484180591216857,0.0,2.1948418059121684
BPSZ01,RCSZ10,2,0.19132710066301997,0.0,2.19132710066302
BPSZ01,SGSZ02,1,0.12342519584300106,0.0,1.123425195843001
BPSZ01,SGSZ03,1,0.26364946438348985,0.0,1.26364946438349
BPSZ01,SRSZ02,2,0.1016064174685551,0.0,2.101606417468555
BPSZ01,TMSZ05,1,0.2950540924025908,0.0,1.2950540924025908
BPSZ01,TNSZ04,1,0.14882304313889616,0.0,1.1488230431388962
BPSZ01,TSSZ05,1,0.45698629032578253,0.0,1.4569862903257826
BPSZ01,WCSZ01,1,0.3485859618177042,0.0,1.348585961817704
BPSZ01,WDSZ01,1,0.09203956754316546,0.0,1.0920395675431656
BPSZ01,WDSZ02,1,0.3788626337341906,0.0,1.3788626337341907
BPSZ01,WDSZ06,2,0.4494905372712056,0.0,2.4494905372712057
BPSZ01,YSSZ09,1,0.35262920433708406,0.0,1.352629204337084
BPSZ02,AMSZ05,1,0.20884634225979004,0.0,1.2088463422597902
BPSZ02,BKSZ09,1,0.2057655600641771,0.0,1.205765560064177
BPSZ02,BMSZ02,1,0.09826883651555923,0.0,1.0982688365155593
BPSZ02,BMSZ05,1,0.13443913721685502,0.0,1.134439137216855
BPSZ02,BMSZ12,1,0.09939203914368369,0.0,1.0993920391436838
BPSZ02,BPSZ01,3,0.9607669202908423,0.6959324562799822,4.656699376570824
BPSZ02,BPSZ02,2,1.2916227745463338,16.570298638517556,19.86192141306389
BPSZ02,BPSZ03,2,1.150694764721516,0.8433627410787495,3.9940575058002654
BPSZ02,BPSZ04,5,0.5924884000423224,1.3763556975711766,6.968844097613498
BPSZ02,BPSZ05,4,1.4857422582907196,1.4911985116538222,6.976940769944542
BPSZ02,BPSZ06,1,0.1882490207021427,0.0,1.1882490207021428
BPSZ02,BPSZ07,1,0.05804054178717415,0.0,1.058040541787174
BPSZ02,BTSZ01,5,0.5004048062774178,0.0,5.500404806277418
BPSZ02,BTSZ02,1,0.12094105581076356,0.0,1.1209410558107635
BPSZ02,BTSZ03,1,0.0859936230359152,0.0,1.0859936230359153
BPSZ02,BTSZ06,1,0.06756189251478986,0.0,1.0675618925147898
BPSZ02,BTSZ07,1,0.09214662243755263,0.0,1.0921466224375527
BPSZ02,CCSZ01,1,0.08703177628145974,0.0,1.0870317762814596
BPSZ02,CKSZ01,1,0.6835268670512632,0.20539229325821637,1.8889191603094797
BPSZ02,CKSZ03,3,0.7955690520132139,0.8083755416958166,4.603944593709031
BPSZ02,CKSZ05,2,0.3690512673029194,0.39250635115807303,2.761557618460992
BPSZ02,CKSZ06,2,0.37897284884926524,0.615502074935559,2.994474923784824
BPSZ02,CLSZ07,1,0.12517732305107854,0.0,1.1251773230510786
BPSZ02,DTSZ01,1,0.20044054246837,0.0,1.20044054246837
BPSZ02,DTSZ02,1,0.12947252286432298,0.0,1.129472522864323
BPSZ02,DTSZ03,2,0.26453570995043957,0.0,2.2645357099504397
BPSZ02,DTSZ05,4,0.2555583355356492,0.0,4.25555833553565
BPSZ02,DTSZ08,1,0.11355080461551079,0.0,1.1135508046155107
BPSZ02,DTSZ11,2,0.17034657791878874,0.0,2.1703465779187887
BPSZ02,GLSZ01,1,0.1874813828452895,0.0,1.1874813828452895
BPSZ02,GLSZ03,1,0.20349271133924793,0.0,1.203492711339248
BPSZ02,HGSZ07,1,0.2596226878148341,0.0,1.2596226878148342
BPSZ02,JESZ01,1,0.14932093549795408,0.0,1.149320935497954
BPSZ02,JESZ05,1,0.39721556092206955,0.0,1.3972155609220696
BPSZ02,JESZ07,1,0.022578769208317997,0.0,1.022578769208318
BPSZ02,JESZ09,1,0.2754321417578975,0.0,1.2754321417578975
BPSZ02,JWSZ02,1,0.1994149090101207,0.0,1.1994149090101207
BPSZ02,KLSZ08,2,0.2804900574895678,0.0,2.2804900574895677
BPSZ02,MPSZ03,1,0.2079412506158319,0.0,1.207941250615832
BPSZ02,NTSZ03,2,0.09550793329396084,0.0,2.095507933293961
BPSZ02,NVSZ01,1,0.3022554209399629,0.0,1.3022554209399628
BPSZ02,NVSZ02,1,0.30456881590800694,0.0,1.3045688159080069
BPSZ02,ORSZ02,2,0.37796875366031296,0.0,2.377968753660313
BPSZ02,ORSZ03,1,0.17484202047492473,0.0,1.1748420204749248
BPSZ02,PNSZ05,1,0.0468643985262262,0.0,1.0468643985262263
BPSZ02,QTSZ02,1,0.06264651639469968,0.0,1.0626465163946996
BPSZ02,QTSZ05,1,0.18849449235018942,0.0,1.1884944923501894
BPSZ02,QTSZ08,1,0.2285282842084356,0.0,1.2285282842084355
BPSZ02,QTSZ12,2,0.14316684719418235,0.0,2.1431668471941823
BPSZ02,QTSZ13,1,0.12758299534226666,0.0,1.1275829953422667
BPSZ02,RCSZ09,1,0.06148388069760301,0.0,1.061483880697603
BPSZ02,RCSZ10,1,0.11234169557792702,0.0,1.112341695577927
BPSZ02,SGSZ03,1,0.1660883421343546,0.0,1.1660883421343546
BPSZ02,SGSZ04,1,0.27495266975704985,0.0,1.27495266975705
BPSZ02,SLSZ04,1,0.0,0.0,1.0
BPSZ02,TMSZ03,1,0.26703923759278597,0.0,1.267039237592786
BPSZ02,TMSZ05,1,0.19431629459580776,0.0,1.1943162945958077
BPSZ02,TNSZ04,1,0.1017718051902508,0.0,1.1017718051902508
BPSZ02,TPSZ01,1,0.06772740609977464,0.0,1.0677274060997746
BPSZ02,WDSZ02,1,0.1985368460585782,0.0,1.1985368460585781
BPSZ02,YSSZ01,1,0.14075131386506587,0.0,1.1407513138650658
BPSZ02,YSSZ09,1,0.26497540006353437,0.0,1.2649754000635345
BPSZ03,AMSZ01,2,0.40282372541899675,0.0,2.4028237254189966
BPSZ03,BDSZ06,1,0.1900398455155208,0.0,1.1900398455155208
BPSZ03,BKSZ02,1,0.19408973344383007,0.0,1.19408973344383
BPSZ03,BKSZ05,1,0.42958994254169564,0.368279400623283,1.7978693431649786
BPSZ03,BLSZ02,1,0.03649351630254598,0.0,1.036493516302546
BPSZ03,BMSZ01,2,0.3688004834496154,0.0,2.3688004834496152
BPSZ03,BMSZ02,2,0.211565474003377,0.0,2.211565474003377
BPSZ03,BMSZ07,1,0.24072164889077602,0.0,1.240721648890776
BPSZ03,BMSZ17,1,0.10639488448946503,0.0,1.106394884489465
BPSZ03,BPSZ01,5,0.11042399353861028,3.493329629383468,8.603753622922078
BPSZ03,BPSZ02,1,0.8947153211077727,0.34026020687563785,2.2349755279834107
BPSZ03,BPSZ03,8,1.2174989830598333,28.875016887473016,38.09251587053285
BPSZ03,BPSZ04,5,0.903053165902046,3.1975543025605595,9.100607468462606
BPSZ03,BPSZ05,7,2.171369718479506,3.7328634022235727,12.90423312070308
BPSZ03,BSSZ03,1,0.22621084187387142,0.0,1.2262108418738715
BPSZ03,CKSZ02,2,0.47772995188935957,0.6180180301217557,3.0957479820111153
BPSZ03,CKSZ03,1,0.3499894990032778,0.37276221546288246,1.7227517144661602
BPSZ03,CKSZ04,2,0.5627597773924382,0.0,2.562759777392438
BPSZ03,CLSZ06,1,0.20518792175136397,0.0,1.205187921751364
BPSZ03,DTSZ01,2,0.2342631267406499,0.0,2.23426312674065
BPSZ03,DTSZ03,3,0.34584656569824085,0.0,3.345846565698241
BPSZ03,DTSZ05,3,0.2436236543176919,0.0,3.243623654317692
BPSZ03,DTSZ08,2,0.10226130491487286,0.0,2.102261304914873
BPSZ03,DTSZ11,2,0.15219971408425717,0.0,2.152199714084257
BPSZ03,DTSZ12,1,0.102346545156385,0.0,1.102346545156385
BPSZ03,GLSZ05,1,0.2176929400660351,0.0,1.217692940066035
BPSZ03,JESZ03,1,0.293958086538509,0.0,1.293958086538509
BPSZ03,JESZ05,2,0.6837069776406509,0.0,2.683706977640651
BPSZ03,JWSZ09,1,0.44676690735989605,0.0,1.446766907359896
BPSZ03,KLSZ02,1,0.055682954276171384,0.0,1.0556829542761714
BPSZ03,KLSZ07,1,0.18356727181405222,0.0,1.1835672718140522
BPSZ03,MDSZ02,1,0.04295660352537016,0.0,1.0429566035253701
BPSZ03,MUSZ01,1,0.06544726597660286,0.0,1.0654472659766028
BPSZ03,MUSZ03,1,0.040818619816274944,0.0,1.040818619816275
BPSZ03,NVSZ02,2,0.5486565886295764,0.0,2.5486565886295764
BPSZ03,ORSZ02,4,0.5565652431326732,0.0,4.556565243132673
BPSZ03,ORSZ03,4,0.3121385029070559,0.0,4.312138502907056
BPSZ03,PNSZ03,1,0.0,0.0,1.0
BPSZ03,PNSZ05,1,0.04921409287486536,0.0,1.0492140928748654
BPSZ03,QTSZ01,1,0.12353493310411817,0.0,1.1235349331041182
BPSZ03,QTSZ05,2,0.23041458336880058,0.0,2.2304145833688005
BPSZ03,QTSZ08,2,0.6627386951633087,0.0,2.6627386951633087
BPSZ03,QTSZ10,2,0.237169152283715,0.0,2.237169152283715
BPSZ03,QTSZ11,1,0.13708608590056268,0.0,1.1370860859005627
BPSZ03,QTSZ12,1,0.09390009344806223,0.0,1.0939000934480623
BPSZ03,RVSZ03,1,0.0,0.0,1.0
BPSZ03,TNSZ01,1,0.1327548964161119,0.0,1.1327548964161118
BPSZ03,TSSZ02,1,0.11277391511096954,0.0,1.1127739151109695
BPSZ03,TSSZ05,1,0.35818086826422496,0.0,1.358180868264225
BPSZ03,WCSZ01,4,0.4932838061387907,0.0,4.49328380613879
BPSZ03,WDSZ02,1,0.21513745032059903,0.0,1.215137450320599
BPSZ03,WDSZ09,1,0.07856782813861656,0.0,1.0785678281386166
BPSZ03,YSSZ01,1,0.14728629880450944,0.0,1.1472862988045094
BPSZ04,AMSZ05,1,0.29543659101216185,0.0,1.295436591012162
BPSZ04,BKSZ01,1,0.28512340906680256,0.06010705865959682,1.3452304677263995
BPSZ04,BKSZ04,2,0.34192239977322547,0.0,2.3419223997732255
BPSZ04,BKSZ05,1,0.7240216167053555,0.25974203562730064,1.983763652332656
BPSZ04,BLSZ02,1,0.05894344603222244,0.0,1.0589434460322225
BPSZ04,BMSZ01,3,0.4004360792686472,0.0,3.400436079268647
BPSZ04,BMSZ04,1,0.10127282514203441,0.0,1.1012728251420345
BPSZ04,BMSZ06,2,0.39166307489312724,0.0,2.391663074893127
BPSZ04,BMSZ07,1,0.2979817882897606,0.0,1.2979817882897606
BPSZ04,BMSZ16,1,0.03779008048144129,0.0,1.0377900804814413
BPSZ04,BPSZ01,2,0.5050147573284702,0.36972168819852264,2.874736445526993
BPSZ04,BPSZ02,4,0.4565796615969001,0.09472874507668265,4.551308406673583
BPSZ04,BPSZ03,4,2.2270091235393568,2.167541638248816,8.394550761788173
BPSZ04,BPSZ04,1,0.7381541953198234,7.128263266745743,8.866417462065566
BPSZ04,BPSZ05,5,1.8197557039387617,1.4928960655290449,8.312651769467807
BPSZ04,BPSZ07,1,0.13280312253104445,0.0,1.1328031225310444
BPSZ04,BSSZ01,1,0.4003310000277551,0.0,1.4003310000277551
BPSZ04,BSSZ03,1,0.2686369184933834,0.0,1.2686369184933834
BPSZ04,BTSZ01,2,0.4535195538700505,0.0,2.4535195538700503
BPSZ04,BTSZ03,1,0.13365402125846754,0.0,1.1336540212584676
BPSZ04,CKSZ01,3,0.7938460817579568,0.24710372036068323,4.04094980211864
BPSZ04,CKSZ02,1,0.5835183105669388,0.07849118030242512,1.662009490869364
BPSZ04,CKSZ03,8,0.7988502971686003,1.1007976079497108,9.89964790511831
BPSZ04,CKSZ06,1,0.6813345503794882,0.0,1.6813345503794883
BPSZ04,DTSZ02,1,0.1571163114680031,0.0,1.1571163114680032
BPSZ04,DTSZ08,4,0.1389452898641172,0.0,4.138945289864117
BPSZ04,DTSZ09,1,0.10861492873661464,0.0,1.1086149287366147
BPSZ04,DTSZ11,3,0.180524971016975,0.0,3.180524971016975
BPSZ04,GLSZ03,2,0.34168489654708867,0.0,2.341684896547089
BPSZ04,HGSZ07,1,0.271400043845522,0.0,1.271400043845522
BPSZ04,JESZ05,3,0.4715356958886969,0.0,3.471535695888697
BPSZ04,JESZ06,1,0.05631145299637655,0.0,1.0563114529963766
BPSZ04,JWSZ06,1,0.1092726988779324,0.0,1.1092726988779325
BPSZ04,JWSZ08,2,0.5823665523372965,0.0,2.5823665523372963
BPSZ04,JWSZ09,1,0.45173475228503374,0.0,1.4517347522850337
BPSZ04,KLSZ08,1,0.24885023461193678,0.0,1.2488502346119368
BPSZ04,MUSZ01,1,0.1479111555036342,0.0,1.147911155503634
BPSZ04,NVSZ01,1,0.5058282569536406,0.0,1.5058282569536408
BPSZ04,NVSZ02,1,0.32158807637336584,0.0,1.3215880763733658
BPSZ04,NVSZ03,2,0.21843078676076802,0.0,2.218430786760768
BPSZ04,NVSZ05,1,0.0,0.0,1.0
BPSZ04,ORSZ01,1,0.03335647349544457,0.0,1.0333564734954446
BPSZ04,ORSZ02,4,0.4978332527441694,0.0,4.49783325274417
BPSZ04,OTSZ03,3,0.3625204913751972,0.0,3.3625204913751974
BPSZ04,PNSZ02,2,0.0,0.0,2.0
BPSZ04,QTSZ06,1,0.1142851023239115,0.0,1.1142851023239115
BPSZ04,QTSZ08,1,0.23053876331532003,0.0,1.23053876331532
BPSZ04,QTSZ10,1,0.18420262790493455,0.0,1.1842026279049345
BPSZ04,QTSZ11,2,0.4178236864786334,0.0,2.4178236864786333
BPSZ04,QTSZ14,1,0.21237930866760227,0.0,1.2123793086676022
BPSZ04,RCSZ10,1,0.10413499270311832,0.0,1.1041349927031183
BPSZ04,SESZ03,1,0.3167501979158132,0.0,1.3167501979158132
BPSZ04,SESZ04,1,0.33742603544795285,0.0,1.3374260354479528
BPSZ04,SGSZ04,1,0.35879892777462996,0.0,1.35879892777463
BPSZ04,SVSZ01,1,0.19911754532702886,0.0,1.1991175453270289
BPSZ04,TMSZ02,1,0.22518152949825404,0.0,1.225181529498254
BPSZ04,TMSZ04,2,0.2765992977158052,0.0,2.2765992977158054
BPSZ04,TNSZ01,1,0.22621479746451886,0.0,1.2262147974645188
BPSZ04,TNSZ03,1,0.02718153514621023,0.0,1.0271815351462101
BPSZ04,TNSZ04,1,0.13876162636226505,0.0,1.138761626362265
BPSZ04,TPSZ06,1,0.22720690997646723,0.0,1.2272069099764673
BPSZ04,TPSZ09,1,0.10900344395811609,0.0,1.109003443958116
BPSZ04,TSSZ05,2,0.41163987060621343,0.0,2.4116398706062134
BPSZ04,WDSZ01,1,0.08192962709484147,0.0,1.0819296270948415
BPSZ04,WDSZ02,2,0.36999153425353476,0.0,2.369991534253535
BPSZ04,WDSZ03,1,0.31108249620335343,0.0,1.3110824962033534
BPSZ04,WDSZ05,2,0.4359404528104123,0.0,2.4359404528104123
BPSZ04,WDSZ06,1,0.26786992823493405,0.0,1.267869928234934
BPSZ04,YSSZ09,1,0.2825148326750016,0.0,1.2825148326750015
BPSZ05,AMSZ01,1,0.5327077617500751,0.0,1.532707761750075
BPSZ05,BDSZ02,1,0.5226900974522671,0.0,1.522690097452267
BPSZ05,BKSZ01,4,0.874426883646111,0.5946623561218031,5.469089239767913
BPSZ05,BKSZ02,2,0.7226363912232486,0.7973183498748683,3.519954741098117
BPSZ05,BKSZ05,6,3.5422374027625407,1.9435808151155491,11.48581821787809
BPSZ05,BKSZ07,1,0.7616871903239318,0.0,1.761687190323932
BPSZ05,BKSZ09,1,0.49964404827457914,0.0,1.4996440482745792
BPSZ05,BLSZ01,1,0.15913042761647167,0.0,1.1591304276164718
BPSZ05,BMSZ01,1,0.3990017191363505,0.0,1.3990017191363506
BPSZ05,BMSZ05,4,0.8596107930739476,0.0,4.859610793073948
BPSZ05,BMSZ06,1,0.37499072783581827,0.0,1.3749907278358182
BPSZ05,BMSZ09,1,0.042066981708556314,0.0,1.0420669817085564
BPSZ05,BMSZ12,2,0.5873075300017216,0.0,2.5873075300017216
BPSZ05,BMSZ13,1,0.2222509175751098,0.0,1.2222509175751097
BPSZ05,BPSZ01,5,0.9194457021761865,2.824261910438964,8.74370761261515
BPSZ05,BPSZ02,4,0.8086812376899992,0.8647726964982231,5.673453934188222
BPSZ05,BPSZ03,7,2.9519360471873513,5.4405020777727415,15.392438124960092
BPSZ05,BPSZ04,7,1.82656208294179,4.14542950924106,12.97199159218285
BPSZ05,BPSZ05,6,3.2685049962458,43.42474757143594,52.69325256768174
BPSZ05,BPSZ06,1,0.9514351351833175,0.0,1.9514351351833175
BPSZ05,BPSZ07,2,0.4321459677588918,0.0,2.432145967758892
BPSZ05,BSSZ02,1,0.4773317048920843,0.0,1.4773317048920842
BPSZ05,BTSZ01,6,1.0950083063612885,0.0,7.095008306361288
BPSZ05,BTSZ03,1,0.2657250743506613,0.0,1.2657250743506614
BPSZ05,BTSZ05,1,0.16999586424900037,0.0,1.1699958642490005
BPSZ05,CHSZ03,1,0.9927282496939129,0.0,1.992728249693913
BPSZ05,CKSZ01,1,1.0659326702321037,0.7702228109485303,2.8361554811806338
BPSZ05,CKSZ02,5,3.712348378545082,1.2076509039425956,9.919999282487677
BPSZ05,CKSZ03,9,1.8305521629970063,2.806537803070318,13.637089966067325
BPSZ05,CKSZ04,1,0.5365019642324088,0.22191069402734528,1.7584126582597541
BPSZ05,CKSZ05,7,1.5730855573956264,1.065540621967705,9.63862617936333
BPSZ05,CKSZ06,4,0.5493321577014763,0.8897353244362134,5.439067482137689
BPSZ05,CLSZ01,2,0.3625137146281937,0.0,2.362513714628194
BPSZ05,CLSZ03,1,0.5168867662838011,0.0,1.5168867662838013
BPSZ05,CLSZ05,1,0.41561519540072234,0.0,1.4156151954007223
BPSZ05,CLSZ09,1,0.1244509423776241,0.0,1.124450942377624
BPSZ05,DTSZ01,2,0.4968451913711918,0.0,2.4968451913711918
BPSZ05,DTSZ02,2,0.5351706866081309,0.0,2.535170686608131
BPSZ05,DTSZ03,5,0.736122933523941,0.0,5.736122933523941
BPSZ05,DTSZ05,4,0.736375546045079,0.0,4.736375546045079
BPSZ05,DTSZ08,3,0.39292187790731486,0.0,3.3929218779073147
BPSZ05,DTSZ11,6,0.31817844252988176,0.0,6.318178442529882
BPSZ05,GLSZ05,2,0.7103750894338324,0.0,2.7103750894338323
BPSZ05,HGSZ07,1,0.3892025521685738,0.0,1.3892025521685738
BPSZ05,HGSZ08,1,0.3730120275560596,0.0,1.3730120275560596
BPSZ05,JESZ01,1,0.5136556844991625,0.0,1.5136556844991627
BPSZ05,JESZ05,4,1.1223352476101929,0.0,5.122335247610193
BPSZ05,JESZ06,2,0.24057349030109224,0.0,2.240573490301092
BPSZ05,JWSZ08,2,1.2052885429604585,0.0,3.2052885429604583
BPSZ05,JWSZ09,2,1.19911278953658,0.0,3.19911278953658
BPSZ05,KLSZ01,1,0.5107079116672449,0.0,1.5107079116672448
BPSZ05,KLSZ08,2,0.5174932356424471,0.0,2.517493235642447
BPSZ05,KLSZ09,1,0.0745599417100772,0.0,1.0745599417100773
BPSZ05,MUSZ01,1,0.18294345194652295,0.0,1.182943451946523
BPSZ05,MUSZ03,1,0.06745770394171467,0.0,1.0674577039417146
BPSZ05,NTSZ03,1,0.1289097246733115,0.0,1.1289097246733115
BPSZ05,NTSZ05,1,0.0,0.0,1.0
BPSZ05,NVSZ02,2,0.973625740569293,0.0,2.973625740569293
BPSZ05,ORSZ02,5,1.0788184337341935,0.0,6.0788184337341935
BPSZ05,ORSZ03,4,0.6799404831319633,0.0,4.679940483131963
BPSZ05,OTSZ01,1,0.048011285618811086,0.0,1.048011285618811
BPSZ05,OTSZ03,8,0.8244102134987055,0.0,8.824410213498705
BPSZ05,OTSZ04,1,0.11034067552217404,0.0,1.110340675522174
BPSZ05,PGSZ04,1,0.6181335563425008,0.0,1.6181335563425008
BPSZ05,PLSZ04,1,0.06046760802481301,0.0,1.060467608024813
BPSZ05,PNSZ01,1,0.12907560645574018,0.0,1.1290756064557401
BPSZ05,QTSZ05,1,0.41152869665549335,0.0,1.4115286966554934
BPSZ05,QTSZ08,3,0.9668403357015607,0.0,3.9668403357015607
BPSZ05,QTSZ09,1,0.059580201360902627,0.0,1.0595802013609026
BPSZ05,QTSZ10,1,0.39304267582070423,0.0,1.3930426758207042
BPSZ05,QTSZ11,4,1.2854377789036349,0.0,5.285437778903635
BPSZ05,QTSZ12,3,0.5293650622630961,0.0,3.5293650622630963
BPSZ05,QTSZ13,1,0.3460699356995743,0.0,1.3460699356995742
BPSZ05,QTSZ14,2,0.6159612173335248,0.0,2.615961217333525
BPSZ05,QTSZ15,1,0.2207275155657834,0.0,1.2207275155657835
BPSZ05,RCSZ01,1,0.13800680221531766,0.0,1.1380068022153176
BPSZ05,RCSZ09,1,0.12706222288355898,0.0,1.127062222883559
BPSZ05,SGSZ03,1,0.42201484354962393,0.0,1.4220148435496238
BPSZ05,SRSZ02,1,0.09203414107560771,0.0,1.0920341410756078
BPSZ05,TMSZ02,1,0.40023685687369914,0.0,1.4002368568736991
BPSZ05,TMSZ04,1,0.3585896915245035,0.0,1.3585896915245035
BPSZ05,TNSZ01,2,0.6296357593621696,0.0,2.6296357593621695
BPSZ05,TNSZ04,3,0.400339357196631,0.0,3.400339357196631
BPSZ05,TPSZ10,1,0.1686719414326011,0.0,1.168671941432601
BPSZ05,TPSZ12,1,0.22492644810791465,0.0,1.2249264481079147
BPSZ05,TSSZ04,1,0.28027043335571133,0.0,1.2802704333557113
BPSZ05,TSSZ05,2,0.8923577068744731,0.0,2.8923577068744732
BPSZ05,WDSZ01,2,0.22510433586198023,0.0,2.2251043358619804
BPSZ05,WDSZ02,1,0.6283604568312152,0.0,1.6283604568312153
BPSZ05,WDSZ05,1,0.539116757166135,0.0,1.539116757166135
BPSZ05,WDSZ09,1,0.18522153604698963,0.0,1.1852215360469895
BPSZ05,YSSZ09,1,0.5383228648505016,0.0,1.5383228648505016
BPSZ06,BPSZ01,1,0.45834862360169415,0.0,1.4583486236016943
BPSZ06,BPSZ03,1,0.6249702970458416,0.0,1.6249702970458415
BPSZ06,BPSZ05,1,0.5081563079701071,0.0,1.5081563079701072
BPSZ06,BSSZ01,1,0.5149087161549257,0.0,1.5149087161549257
BPSZ06,BTSZ01,1,0.4470648278340597,0.0,1.4470648278340597
BPSZ06,CKSZ01,1,0.9485828176709574,0.0,1.9485828176709574
BPSZ06,CKSZ02,1,0.4377890452873245,0.0,1.4377890452873245
BPSZ06,DTSZ05,1,0.1331254514495868,0.0,1.1331254514495868
BPSZ06,DTSZ11,2,0.10933098369778128,0.0,2.1093309836977814
BPSZ06,KLSZ06,1,0.3697615265487784,0.0,1.3697615265487784
BPSZ06,OTSZ03,1,0.2765244034660892,0.0,1.2765244034660892
BPSZ06,QTSZ05,1,0.35937782342582053,0.0,1.3593778234258205
BPSZ06,TPSZ03,1,0.12069421536126265,0.0,1.1206942153612627
BPSZ06,WCSZ01,2,0.5896142654587905,0.0,2.5896142654587906
BPSZ06,WDSZ01,1,0.10175069502201964,0.0,1.1017506950220197
BPSZ07,BKSZ07,1,0.40898651697573707,0.316932173124426,1.7259186901001629
BPSZ07,BKSZ09,1,0.4148032973917127,0.013057541158899606,1.4278608385506122
BPSZ07,BPSZ04,1,0.3936232690000165,0.25853719209640413,1.6521604610964207
BPSZ07,BPSZ05,2,0.5676671125568439,1.0369163210773529,3.604583433634197
BPSZ07,BPSZ07,1,0.33200082627702404,0.0,1.332000826277024
BPSZ07,BSSZ02,1,0.2940374817247301,0.0,1.2940374817247302
BPSZ07,BTSZ01,1,0.6059722244402562,0.37446421447576883,1.980436438916025
BPSZ07,CHSZ03,1,0.42645277092505357,0.0,1.4264527709250536
BPSZ07,CLSZ06,1,0.2698055723175876,0.0,1.2698055723175876
BPSZ07,JWSZ02,1,0.29333357228454726,0.0,1.2933335722845474
BPSZ07,NTSZ03,1,0.048933794226813335,0.0,1.0489337942268133
BPSZ07,QTSZ08,1,0.22343427668054253,0.0,1.2234342766805426
BPSZ07,RCSZ10,1,0.1273454849144294,0.0,1.1273454849144293
BPSZ07,SBSZ05,1,0.006986354450041044,0.0,1.006986354450041
BPSZ07,SGSZ06,1,0.26112523063370396,0.0,1.261125230633704
BPSZ07,TPSZ02,1,0.2553776207551307,0.0,1.2553776207551306
BPSZ07,WDSZ01,1,0.07011459444156436,0.0,1.0701145944415644
BSSZ01,AMSZ01,13,4.195252485124416,0.7415092927574786,17.936761777881895
BSSZ01,AMSZ02,4,0.514229392019437,1.0140921023468699,5.528321494366306
BSSZ01,AMSZ03,2,1.209982461904378,0.35140852491362956,3.5613909868180076
BSSZ01,AMSZ04,5,0.4441857863891766,0.1934711663161531,5.63765695270533
BSSZ01,AMSZ05,1,2.1050065038426156,0.24999762847268797,3.3550041323153037
BSSZ01,AMSZ06,4,0.9582925645112307,0.18948940191454253,5.147781966425773
BSSZ01,AMSZ08,1,0.4007268766128025,0.07684822175865623,1.4775750983714586
BSSZ01,AMSZ09,1,1.0926663269884729,0.028331647735133053,2.1209979747236063
BSSZ01,BDSZ01,2,1.1053423908121902,0.0,3.10534239081219
BSSZ01,BDSZ04,3,1.1250444864673685,0.0,4.1250444864673685
BSSZ01,BDSZ05,1,0.8037792534043158,0.0,1.8037792534043158
BSSZ01,BDSZ06,1,0.9593040225347783,0.0,1.9593040225347784
BSSZ01,BKSZ06,1,0.25339774885341876,0.0,1.2533977488534187
BSSZ01,BKSZ07,1,0.9090110257023963,0.0,1.9090110257023962
BSSZ01,BMSZ01,4,1.1952261393292147,0.0,5.195226139329215
BSSZ01,BMSZ04,1,0.46988828812008726,0.0,1.4698882881200872
BSSZ01,BMSZ06,2,0.8200138854858141,0.0,2.820013885485814
BSSZ01,BMSZ07,3,2.616751814503175,0.0,5.616751814503175
BSSZ01,BMSZ08,1,0.5556834703780722,0.0,1.5556834703780722
BSSZ01,BMSZ11,1,0.11509308801260189,0.0,1.115093088012602
BSSZ01,BMSZ17,1,0.19385992115839473,0.0,1.1938599211583947
BSSZ01,BPSZ04,1,0.43323225726835723,0.0,1.4332322572683571
BSSZ01,BSSZ01,10,36.84679277003947,43.18717737359127,90.03397014363074
BSSZ01,BSSZ02,2,2.5877952486523896,0.27272848058073407,4.860523729233123
BSSZ01,BSSZ03,12,3.4693388283080577,1.7401951242063591,17.209533952514416
BSSZ01,BTSZ01,4,1.575585765974966,0.0,5.5755857659749655
BSSZ01,BTSZ03,2,0.7982273983048089,0.0,2.798227398304809
BSSZ01,CKSZ01,1,0.4575632493024917,0.0,1.4575632493024917
BSSZ01,CKSZ02,1,0.6771102466850919,0.0,1.6771102466850918
BSSZ01,CKSZ03,1,0.6827817588439461,0.0,1.6827817588439462
BSSZ01,CKSZ04,1,0.48191804045304165,0.0,1.4819180404530417
BSSZ01,CKSZ06,2,0.5415361132147396,0.0,2.5415361132147396
BSSZ01,CLSZ07,1,0.40028272484784366,0.0,1.4002827248478438
BSSZ01,DTSZ01,1,1.4175622894313824,0.0,2.417562289431382
BSSZ01,DTSZ02,3,1.0535833307013158,0.0,4.053583330701316
BSSZ01,DTSZ03,3,1.6542469424748196,0.0,4.65424694247482
BSSZ01,DTSZ05,5,0.859883983692174,0.0,5.859883983692174
BSSZ01,DTSZ08,3,0.4721307035384919,0.0,3.472130703538492
BSSZ01,DTSZ11,5,0.7717405111403437,0.0,5.771740511140344
BSSZ01,DTSZ12,1,0.2961438624248724,0.0,1.2961438624248725
BSSZ01,GLSZ05,3,1.659990272978579,0.0,4.659990272978579
BSSZ01,HGSZ02,1,0.612169011826494,0.0,1.612169011826494
BSSZ01,HGSZ04,1,0.6872840959728058,0.0,1.6872840959728057
BSSZ01,HGSZ06,4,1.6306585453053049,0.0,5.630658545305305
BSSZ01,HGSZ08,2,0.881395738473567,0.0,2.881395738473567
BSSZ01,JESZ02,1,0.19672696827072628,0.0,1.1967269682707262
BSSZ01,JESZ05,2,1.1544353447657678,0.0,3.154435344765768
BSSZ01,JESZ06,1,0.10361703757829337,0.0,1.1036170375782934
BSSZ01,KLSZ03,2,0.17772553838314634,0.0,2.177725538383146
BSSZ01,KLSZ05,1,0.5949947152829225,0.0,1.5949947152829225
BSSZ01,KLSZ06,1,0.8653474485291551,0.0,1.865347448529155
BSSZ01,KLSZ08,1,0.8261627827102838,0.0,1.8261627827102838
BSSZ01,KLSZ09,1,0.1328504575544024,0.0,1.1328504575544023
BSSZ01,MPSZ01,1,0.35615362860356564,0.0,1.3561536286035656
BSSZ01,MPSZ02,1,0.7825538254356368,0.0,1.7825538254356368
BSSZ01,MPSZ03,1,1.0669715110383755,0.0,2.0669715110383757
BSSZ01,MUSZ01,1,0.4803969394493732,0.0,1.4803969394493732
BSSZ01,NTSZ03,1,0.17796768083913114,0.0,1.177967680839131
BSSZ01,NVSZ01,5,2.084759073715749,0.0,7.084759073715749
BSSZ01,NVSZ02,2,1.1758458283174125,0.0,3.1758458283174127
BSSZ01,ORSZ02,9,1.784420316855743,0.0,10.784420316855742
BSSZ01,ORSZ03,4,1.0053533801041217,0.0,5.005353380104122
BSSZ01,OTSZ03,5,1.2353473139562472,0.0,6.235347313956247
BSSZ01,PGSZ02,1,0.6758261634196706,0.0,1.6758261634196705
BSSZ01,PGSZ03,1,0.5661285435684886,0.0,1.5661285435684886
BSSZ01,PGSZ05,1,0.6868923507197284,0.0,1.6868923507197284
BSSZ01,PLSZ04,1,0.08731383685521482,0.0,1.0873138368552149
BSSZ01,QTSZ01,1,0.4565108509188501,0.0,1.45651085091885
BSSZ01,QTSZ02,1,0.3891326722412797,0.0,1.3891326722412796
BSSZ01,QTSZ05,1,0.42609569302624806,0.0,1.426095693026248
BSSZ01,QTSZ08,5,1.2039923634210412,0.0,6.203992363421041
BSSZ01,QTSZ10,4,1.847556746524886,0.0,5.847556746524886
BSSZ01,QTSZ11,2,0.9639668229658328,0.0,2.963966822965833
BSSZ01,QTSZ13,3,0.7924234131520825,0.0,3.7924234131520826
BSSZ01,QTSZ14,3,0.6579540577360586,0.0,3.6579540577360588
BSSZ01,QTSZ15,1,0.17417371796416986,0.0,1.1741737179641698
BSSZ01,RCSZ01,3,0.4229833463807206,0.0,3.4229833463807204
BSSZ01,RCSZ03,1,0.22372920572968052,0.0,1.2237292057296805
BSSZ01,RCSZ09,1,0.2937867741494509,0.0,1.2937867741494509
BSSZ01,RVSZ05,1,0.36901520432929713,0.0,1.3690152043292971
BSSZ01,SBSZ01,3,1.009205491085216,0.0,4.009205491085216
BSSZ01,SBSZ03,2,0.7505221871624718,0.0,2.750522187162472
BSSZ01,SBSZ04,1,0.5261050036455567,0.0,1.5261050036455566
BSSZ01,SBSZ05,1,0.11333275185205702,0.0,1.113332751852057
BSSZ01,SBSZ06,1,0.1929963522588035,0.0,1.1929963522588034
BSSZ01,SBSZ08,1,0.08615896802013204,0.0,1.086158968020132
BSSZ01,SESZ02,2,1.4498988890204059,0.0,3.449898889020406
BSSZ01,SESZ03,2,1.3943179261241936,0.0,3.3943179261241934
BSSZ01,SESZ04,2,1.1192232816495158,0.0,3.119223281649516
BSSZ01,SESZ06,2,1.7390166632671584,0.0,3.7390166632671584
BSSZ01,SGSZ03,1,0.6241091522872124,0.0,1.6241091522872124
BSSZ01,SGSZ04,6,2.954593784085166,0.0,8.954593784085166
BSSZ01,SGSZ06,2,0.8635802090864283,0.0,2.8635802090864284
BSSZ01,TMSZ03,3,2.0026624005786413,0.0,5.002662400578641
BSSZ01,TMSZ04,1,1.1230838225468207,0.0,2.1230838225468207
BSSZ01,TNSZ01,1,0.6292161639049187,0.0,1.6292161639049187
BSSZ01,TNSZ04,1,0.36998870230080794,0.0,1.369988702300808
BSSZ01,TPSZ01,3,1.909980080730709,0.22103638408941417,5.1310164648201235
BSSZ01,TPSZ02,4,1.6104733911047835,0.6698163833770279,6.280289774481811
BSSZ01,TPSZ03,1,0.8378492096187691,0.06215388933630025,1.9000030989550694
BSSZ01,TPSZ06,4,1.046964858662726,0.0,5.046964858662726
BSSZ01,TPSZ09,1,0.27239204700963987,0.0,1.27239204700964
BSSZ01,WCSZ01,2,0.7612156965740182,0.0,2.761215696574018
BSSZ01,WDSZ02,1,0.911276824380152,0.0,1.9112768243801521
BSSZ01,WDSZ03,2,0.8542215525287226,0.0,2.8542215525287227
BSSZ01,WDSZ04,1,0.36769377459549135,0.0,1.3676937745954914
BSSZ01,WDSZ05,1,0.5115996613159195,0.0,1.5115996613159195
BSSZ01,WDSZ06,3,0.4195731995360656,0.0,3.4195731995360656
BSSZ01,WDSZ08,1,0.29087475272278135,0.0,1.2908747527227813
BSSZ01,WDSZ09,1,0.2565968705263034,0.0,1.2565968705263035
BSSZ01,YSSZ01,1,0.9760431374475826,0.0,1.9760431374475826
BSSZ01,YSSZ03,2,1.5047679916435788,0.0,3.504767991643579
BSSZ01,YSSZ04,1,0.6666151953675593,0.0,1.6666151953675592
BSSZ01,YSSZ08,1,0.2519081548035178,0.0,1.2519081548035178
BSSZ01,YSSZ09,8,1.1711386760680884,0.0,9.171138676068088
BSSZ02,AMSZ01,7,2.967525718482036,0.8404680937231143,10.80799381220515
BSSZ02,AMSZ03,1,1.0717124670565286,0.42239064324363307,2.4941031103001614
BSSZ02,AMSZ04,1,0.36615403517137857,0.1109337203200712,1.4770877554914499
BSSZ02,AMSZ05,1,1.3888472168678174,0.23408355290571647,2.6229307697735336
BSSZ02,BDSZ01,1,0.6055680257269102,0.0,1.6055680257269103
BSSZ02,BDSZ03,2,1.1952729491265612,0.0,3.1952729491265615
BSSZ02,BLSZ02,1,0.11774451813557052,0.0,1.1177445181355705
BSSZ02,BMSZ02,1,0.3040866689230823,0.0,1.3040866689230823
BSSZ02,BPSZ05,1,0.48982388640724617,0.0,1.4898238864072462
BSSZ02,BSSZ01,6,3.1376165402498186,0.4796956695033927,9.617312209753212
BSSZ02,BSSZ02,4,6.089434124737973,34.692415335379444,44.781849460117414
BSSZ02,BSSZ03,12,3.5117159596542935,4.030973546370262,19.542689506024555
BSSZ02,BTSZ01,3,1.3477497775476217,0.0,4.347749777547621
BSSZ02,BTSZ05,1,0.18642101315821624,0.0,1.1864210131582162
BSSZ02,CLSZ09,1,0.1419532565141866,0.0,1.1419532565141866
BSSZ02,DTSZ01,2,0.9139244761790977,0.0,2.9139244761790977
BSSZ02,DTSZ02,1,0.4785000705126215,0.0,1.4785000705126214
BSSZ02,DTSZ03,4,1.502835237498769,0.0,5.502835237498769
BSSZ02,DTSZ05,6,0.8141928643743384,0.0,6.814192864374339
BSSZ02,DTSZ08,3,0.7375288573185953,0.0,3.7375288573185954
BSSZ02,DTSZ09,2,0.2481879503559764,0.0,2.2481879503559763
BSSZ02,DTSZ11,2,0.7410481487532526,0.0,2.7410481487532525
BSSZ02,GLSZ02,2,0.5808952301668169,0.0,2.580895230166817
BSSZ02,GLSZ03,1,0.738429770549422,0.0,1.738429770549422
BSSZ02,GLSZ04,1,1.0463542776312613,0.0,2.046354277631261
BSSZ02,GLSZ05,3,1.5561302654923137,0.0,4.556130265492314
BSSZ02,HGSZ04,1,0.5550014651883083,0.0,1.5550014651883082
BSSZ02,HGSZ08,1,0.6187654625758868,0.0,1.6187654625758867
BSSZ02,JESZ05,1,0.6034627861816053,0.0,1.6034627861816053
BSSZ02,KLSZ06,2,0.7332846346720319,0.0,2.7332846346720316
BSSZ02,KLSZ09,1,0.10627244530362052,0.0,1.1062724453036206
BSSZ02,MPSZ03,1,0.6892084821232013,0.0,1.6892084821232012
BSSZ02,MUSZ01,1,0.24457041386622871,0.0,1.2445704138662288
BSSZ02,NVSZ02,5,1.4063713284854473,0.0,6.406371328485447
BSSZ02,ORSZ01,1,0.07785566452331615,0.0,1.0778556645233162
BSSZ02,ORSZ02,3,1.229666694451823,0.0,4.229666694451823
BSSZ02,ORSZ03,3,0.8308240237575879,0.0,3.8308240237575877
BSSZ02,OTSZ03,2,1.3670687220171795,0.0,3.3670687220171795
BSSZ02,PGSZ05,1,0.6942809575254849,0.0,1.694280957525485
BSSZ02,PRSZ02,1,0.6669619239909587,0.0,1.6669619239909585
BSSZ02,PRSZ03,2,0.9677351532581661,0.0,2.967735153258166
BSSZ02,PRSZ05,1,0.8073943996705477,0.0,1.8073943996705477
BSSZ02,QTSZ05,2,0.657346333247684,0.0,2.657346333247684
BSSZ02,QTSZ08,4,1.3059560061173259,0.0,5.305956006117325
BSSZ02,QTSZ10,1,0.4127655509095179,0.0,1.4127655509095178
BSSZ02,QTSZ11,3,1.3070862662564366,0.0,4.307086266256436
BSSZ02,QTSZ12,1,0.2596705292215684,0.0,1.2596705292215684
BSSZ02,QTSZ13,1,0.4114063144814199,0.0,1.41140631448142
BSSZ02,QTSZ14,2,0.6867853113292065,0.0,2.6867853113292064
BSSZ02,QTSZ15,2,0.4487684759570417,0.0,2.4487684759570416
BSSZ02,RCSZ10,1,0.2856065961790576,0.0,1.2856065961790577
BSSZ02,SBSZ03,1,0.5858976210585922,0.0,1.5858976210585922
BSSZ02,SESZ03,2,1.359799630465096,0.0,3.359799630465096
BSSZ02,SESZ06,1,1.1834808003536124,0.0,2.183480800353612
BSSZ02,SESZ07,1,0.0,0.0,1.0
BSSZ02,SGSZ02,1,0.29453426895446555,0.0,1.2945342689544654
BSSZ02,SGSZ03,1,0.5843879276938617,0.0,1.5843879276938617
BSSZ02,SGSZ06,1,0.685690587743048,0.37607165599320097,2.0617622437362493
BSSZ02,SKSZ03,1,0.15117465800323698,0.0,1.151174658003237
BSSZ02,SRSZ02,1,0.15437851610391037,0.0,1.1543785161039104
BSSZ02,THSZ01,1,0.0,0.0,1.0
BSSZ02,TMSZ04,1,0.442688260548972,0.0,1.442688260548972
BSSZ02,TMSZ05,3,1.3193016487875653,0.0,4.319301648787565
BSSZ02,TNSZ01,1,0.4703085353358819,0.0,1.470308535335882
BSSZ02,TNSZ04,2,0.5280989232231392,0.0,2.5280989232231392
BSSZ02,TPSZ01,1,0.8635869100586349,0.22698653009161102,2.090573440150246
BSSZ02,TPSZ02,1,0.8205304739712189,0.24087814020031795,2.061408614171537
BSSZ02,TPSZ05,1,0.667127851590148,0.044149337112041526,1.7112771887021896
BSSZ02,TPSZ06,3,1.2353611576297776,0.29944457846346617,4.534805736093244
BSSZ02,TPSZ11,1,0.5522247414611937,0.0,1.5522247414611936
BSSZ02,TPSZ12,1,0.42343130695820175,0.0,1.4234313069582019
BSSZ02,WCSZ01,1,0.5312373884131334,0.0,1.5312373884131334
BSSZ02,WDSZ02,2,1.0242337240971893,0.0,3.024233724097189
BSSZ02,WDSZ03,1,0.5757135686860311,0.0,1.575713568686031
BSSZ02,WDSZ07,1,0.08529120386199368,0.0,1.0852912038619937
BSSZ02,WDSZ09,1,0.19701702940495186,0.0,1.1970170294049518
BSSZ02,YSSZ04,1,0.5671390615519972,0.0,1.5671390615519973
BSSZ02,YSSZ09,2,1.0435949561719502,0.0,3.04359495617195
BSSZ03,AMSZ01,5,2.4565448462246207,0.5983117635703634,8.054856609794983
BSSZ03,AMSZ02,3,0.7055568643441447,1.4221749314708154,5.12773179581496
BSSZ03,AMSZ03,2,1.0303042454643978,1.1316952068600303,4.161999452324428
BSSZ03,AMSZ04,4,0.2340106670627042,0.3761655972105291,4.610176264273234
BSSZ03,AMSZ07,1,0.37379590612399743,0.0,1.3737959061239975
BSSZ03,AMSZ09,1,0.24629610775192787,0.0,1.246296107751928
BSSZ03,AMSZ10,1,0.27408911989188184,0.0,1.2740891198918818
BSSZ03,BDSZ03,3,0.7234619320375765,0.0,3.7234619320375764
BSSZ03,BDSZ04,1,0.4121757543914004,0.0,1.4121757543914004
BSSZ03,BKSZ01,1,0.08617600110856971,0.0,1.0861760011085697
BSSZ03,BKSZ02,1,0.1015829510195396,0.0,1.1015829510195396
BSSZ03,BKSZ03,1,0.3045669809950459,0.0,1.304566980995046
BSSZ03,BMSZ01,2,0.5544779635305992,0.0,2.554477963530599
BSSZ03,BMSZ02,1,0.1889508955327851,0.0,1.188950895532785
BSSZ03,BMSZ06,1,0.2465460280066225,0.0,1.2465460280066225
BSSZ03,BMSZ08,1,0.2260878533646953,0.0,1.2260878533646953
BSSZ03,BPSZ04,1,0.2443512458636879,0.0,1.2443512458636878
BSSZ03,BPSZ07,1,0.08549959410775149,0.0,1.0854995941077514
BSSZ03,BSSZ01,13,3.405246558816704,0.7985468470114185,17.203793405828122
BSSZ03,BSSZ02,10,8.235906194562736,2.0492794036881183,20.285185598250855
BSSZ03,BSSZ03,25,4.762671937428959,46.122575597504955,75.88524753493391
BSSZ03,BTSZ03,1,0.18887596707351262,0.0,1.1888759670735127
BSSZ03,BTSZ07,1,0.20267438006049776,0.0,1.2026743800604978
BSSZ03,CCSZ01,1,0.13734366072003806,0.0,1.137343660720038
BSSZ03,CHSZ03,1,0.7194337972755095,0.0,1.7194337972755096
BSSZ03,CKSZ02,1,0.3764674764855276,0.0,1.3764674764855276
BSSZ03,CKSZ05,1,0.1161774619728882,0.0,1.1161774619728881
BSSZ03,CLSZ04,1,0.22041253510538317,0.0,1.2204125351053832
BSSZ03,DTSZ01,2,0.4874432658943898,0.0,2.48744326589439
BSSZ03,DTSZ02,5,0.6197818542245214,0.0,5.619781854224521
BSSZ03,DTSZ03,1,0.4137779654404067,0.0,1.4137779654404068
BSSZ03,DTSZ05,6,0.4703939786852599,0.0,6.47039397868526
BSSZ03,DTSZ11,3,0.578615764755706,0.0,3.578615764755706
BSSZ03,GLSZ02,1,0.21132753248702377,0.0,1.2113275324870239
BSSZ03,GLSZ03,3,0.9517067260791069,0.0,3.951706726079107
BSSZ03,GLSZ04,1,0.7754217120646676,0.0,1.7754217120646676
BSSZ03,GLSZ05,4,1.264082806773783,0.0,5.264082806773783
BSSZ03,HGSZ05,1,0.5082719121077346,0.0,1.5082719121077346
BSSZ03,HGSZ07,2,0.4435018915783122,0.0,2.443501891578312
BSSZ03,HGSZ08,1,0.33399748787325745,0.0,1.3339974878732574
BSSZ03,JESZ04,1,0.07399022545549476,0.0,1.0739902254554947
BSSZ03,JESZ05,3,0.630287298983192,0.0,3.630287298983192
BSSZ03,JWSZ09,1,0.4590148639535455,0.0,1.4590148639535454
BSSZ03,KLSZ01,1,0.6055108486152642,0.13233535724683612,1.7378462058621003
BSSZ03,KLSZ06,1,0.35655739782126367,0.0,1.3565573978212637
BSSZ03,KLSZ07,2,0.46671932979206365,0.0,2.4667193297920638
BSSZ03,KLSZ08,2,0.5811269311765319,0.0,2.5811269311765317
BSSZ03,KLSZ09,2,0.13266315991189043,0.0,2.1326631599118904
BSSZ03,MDSZ02,1,0.09313355536778109,0.0,1.093133555367781
BSSZ03,MPSZ03,1,0.515607843441039,0.0,1.515607843441039
BSSZ03,NTSZ03,1,0.09895438573839745,0.0,1.0989543857383974
BSSZ03,NVSZ01,3,1.7780464261168627,0.34268813437044,5.1207345604873025
BSSZ03,NVSZ02,12,1.1908764476595441,0.0,13.190876447659544
BSSZ03,NVSZ03,1,0.1529157986209906,0.0,1.1529157986209906
BSSZ03,ORSZ01,1,0.0536764104904068,0.0,1.0536764104904068
BSSZ03,ORSZ02,4,0.8906878761077334,0.0,4.890687876107734
BSSZ03,ORSZ03,4,0.48845280911500505,0.0,4.488452809115005
BSSZ03,OTSZ03,3,0.9095343491403866,0.0,3.9095343491403867
BSSZ03,PGSZ02,1,0.25625463625378564,0.0,1.2562546362537856
BSSZ03,PNSZ02,1,0.0,0.0,1.0
BSSZ03,PNSZ03,1,0.0,0.0,1.0
BSSZ03,PRSZ05,1,0.427808319175038,0.0,1.427808319175038
BSSZ03,QTSZ02,1,0.35181098946181605,0.0,1.351810989461816
BSSZ03,QTSZ06,1,0.16602130276181423,0.0,1.1660213027618143
BSSZ03,QTSZ08,4,0.9915096481334065,0.0,4.991509648133406
BSSZ03,QTSZ10,1,0.276881920652104,0.0,1.276881920652104
BSSZ03,QTSZ11,2,0.9495570901287492,0.0,2.9495570901287493
BSSZ03,QTSZ14,3,0.5100826939470546,0.0,3.5100826939470546
BSSZ03,QTSZ15,1,0.1381360285091861,0.0,1.1381360285091862
BSSZ03,RCSZ01,1,0.10869656014194647,0.0,1.1086965601419465
BSSZ03,RCSZ05,1,0.06568178901911516,0.0,1.0656817890191153
BSSZ03,RCSZ09,3,0.171205063388549,0.0,3.171205063388549
BSSZ03,RVSZ05,1,0.23389597833357256,0.0,1.2338959783335726
BSSZ03,SBSZ01,1,0.40428051717846575,0.0,1.4042805171784658
BSSZ03,SBSZ03,1,0.41156110072929036,0.0,1.4115611007292903
BSSZ03,SESZ03,1,0.6326763386790187,0.0,1.6326763386790186
BSSZ03,SESZ05,1,0.43024575742763027,0.0,1.4302457574276302
BSSZ03,SESZ06,1,0.9544325381724351,0.0,1.9544325381724352
BSSZ03,SGSZ02,1,0.11895948513721928,0.0,1.1189594851372193
BSSZ03,SGSZ04,2,1.5047442322891047,0.4645886810609902,3.969332913350095
BSSZ03,SGSZ05,1,0.5125363350070377,0.5358511645640816,2.048387499571119
BSSZ03,SGSZ06,6,1.9049356012326022,0.963355802399907,8.86829140363251
BSSZ03,SGSZ07,1,0.25740398469090386,0.13136277787034048,1.3887667625612445
BSSZ03,SRSZ02,1,0.06087753012985565,0.0,1.0608775301298556
BSSZ03,SRSZ03,1,0.2012116681382305,0.0,1.2012116681382305
BSSZ03,TMSZ02,3,1.314846371026747,0.0,4.314846371026747
BSSZ03,TMSZ03,2,1.296985449551055,0.0,3.2969854495510553
BSSZ03,TMSZ04,2,0.7743169805094983,0.0,2.7743169805094983
BSSZ03,TMSZ05,3,0.8203388110433895,0.0,3.8203388110433893
BSSZ03,TNSZ04,2,0.28484878616515663,0.0,2.2848487861651567
BSSZ03,TPSZ01,4,0.7170848069744709,0.7322245371670656,5.449309344141537
BSSZ03,TPSZ02,10,2.4807005392370214,2.5246950837415083,15.00539562297853
BSSZ03,TPSZ03,1,0.3954179523194912,0.25503564244076016,1.6504535947602514
BSSZ03,TPSZ05,1,0.6002593645549434,0.11043477678668716,1.7106941413416306
BSSZ03,TPSZ06,10,1.3831203745575325,1.1957697210811473,12.578890095638679
BSSZ03,TPSZ07,1,0.17526195157826618,0.11073832440539386,1.2860002759836602
BSSZ03,TPSZ12,1,0.22552628323824997,0.0,1.22552628323825
BSSZ03,TSSZ05,2,0.7512469709339545,0.0,2.7512469709339546
BSSZ03,WCSZ01,1,0.3230967210447318,0.0,1.3230967210447317
BSSZ03,WDSZ02,2,0.32326250445830984,0.0,2.32326250445831
BSSZ03,WDSZ03,2,0.5737435658696781,0.0,2.573743565869678
BSSZ03,YSSZ01,1,0.22196845085864295,0.0,1.221968450858643
BSSZ03,YSSZ03,1,0.3993043743956666,0.0,1.3993043743956666
BSSZ03,YSSZ04,1,0.32685583769628107,0.0,1.3268558376962811
BSSZ03,YSSZ06,1,0.07390031976239958,0.0,1.0739003197623995
BSSZ03,YSSZ09,5,1.1007426937219293,0.0,6.100742693721929
BTSZ01,AMSZ02,1,0.3805267903302764,0.0,1.3805267903302765
BTSZ01,AMSZ04,1,0.09216589846030075,0.0,1.0921658984603007
BTSZ01,AMSZ05,1,0.356743045382278,0.0,1.356743045382278
BTSZ01,AMSZ06,2,0.4530773420099062,0.0,2.453077342009906
BTSZ01,AMSZ09,1,0.2602799500878424,0.0,1.2602799500878423
BTSZ01,BDSZ01,1,0.46185580886488564,0.0,1.4618558088648856
BTSZ01,BDSZ03,1,0.5916871442042837,0.0,1.5916871442042837
BTSZ01,BDSZ04,2,0.5073604316150724,0.0,2.5073604316150724
BTSZ01,BKSZ01,1,0.18740285084123934,0.0,1.1874028508412393
BTSZ01,BKSZ02,3,0.3529592752682275,0.0,3.3529592752682276
BTSZ01,BKSZ03,2,0.8600517667304692,0.0,2.8600517667304692
BTSZ01,BKSZ04,1,0.6113610561369897,0.24003768050790583,1.8513987366448956
BTSZ01,BKSZ05,9,4.023161489412136,2.0700354830992445,15.09319697251138
BTSZ01,BKSZ06,1,0.4732677276278026,0.1395082152948328,1.6127759429226354
BTSZ01,BKSZ07,4,1.7054555597759289,1.4100599341566218,7.115515493932551
BTSZ01,BKSZ08,2,0.28860788711671786,0.15295074958839594,2.4415586367051136
BTSZ01,BKSZ09,2,0.7450453484142091,0.03460425804374138,2.7796496064579506
BTSZ01,BMSZ02,1,0.29069127565837116,0.0,1.290691275658371
BTSZ01,BMSZ03,1,0.3721041570583057,0.0,1.3721041570583057
BTSZ01,BMSZ04,3,0.36164810338504866,0.0,3.3616481033850487
BTSZ01,BMSZ05,2,0.46127995061041144,0.0,2.4612799506104115
BTSZ01,BMSZ06,3,0.42892295047692236,0.0,3.4289229504769225
BTSZ01,BMSZ12,1,0.3313110015742394,0.0,1.3313110015742393
BTSZ01,BPSZ01,1,0.264159265585666,0.0,1.264159265585666
BTSZ01,BPSZ02,3,0.28805306804209313,0.0,3.288053068042093
BTSZ01,BPSZ03,1,0.5012623140589385,0.0,1.5012623140589385
BTSZ01,BPSZ04,1,0.3961194270635206,0.0,1.3961194270635207
BTSZ01,BPSZ05,4,0.602062317048548,0.0,4.6020623170485475
BTSZ01,BPSZ06,1,0.5092486054383432,0.0,1.5092486054383432
BTSZ01,BSSZ01,3,1.1769567018275773,0.0,4.176956701827577
BTSZ01,BSSZ02,2,0.8168170207905118,0.0,2.816817020790512
BTSZ01,BSSZ03,1,0.577045440706064,0.0,1.5770454407060641
BTSZ01,BTSZ01,18,4.912430485417545,26.59622437161779,49.50865485703534
BTSZ01,BTSZ02,1,0.3071850938752665,0.0,1.3071850938752665
BTSZ01,BTSZ03,5,1.1461574766130973,1.2363498329562737,7.3825073095693705
BTSZ01,BTSZ05,1,0.33728284104589035,0.0,1.3372828410458903
BTSZ01,BTSZ06,2,0.41209776936157066,0.0,2.4120977693615706
BTSZ01,CKSZ01,3,0.5139372118342806,0.0,3.5139372118342806
BTSZ01,CKSZ02,5,1.4563690358036727,0.0,6.4563690358036725
BTSZ01,CKSZ03,1,0.49937308036877825,0.0,1.4993730803687781
BTSZ01,CKSZ04,2,0.5469801721628521,0.0,2.546980172162852
BTSZ01,CKSZ05,1,0.2325249385383159,0.0,1.232524938538316
BTSZ01,CKSZ06,4,0.22657326481120088,0.0,4.226573264811201
BTSZ01,CLSZ01,1,0.34653677562504664,0.1761637286215929,1.5227005042466395
BTSZ01,CLSZ02,1,0.30388355808302153,0.34356534255582133,1.6474489006388429
BTSZ01,CLSZ03,1,0.6683041652607707,0.19985167471454815,1.868155839975319
BTSZ01,CLSZ04,7,1.2998154570534854,1.5028657571835793,9.802681214237065
BTSZ01,CLSZ06,7,0.9581637052383993,1.6195084125307477,9.577672117769147
BTSZ01,CLSZ07,1,0.3931615735811143,0.0,1.3931615735811143
BTSZ01,CLSZ08,1,0.576524840323703,0.0,1.576524840323703
BTSZ01,DTSZ01,3,0.43860419878164575,0.0,3.4386041987816456
BTSZ01,DTSZ02,2,0.46856402763158045,0.0,2.4685640276315803
BTSZ01,DTSZ03,4,0.9304272577752585,0.0,4.930427257775259
BTSZ01,DTSZ05,5,1.1403798476774036,0.0,6.140379847677403
BTSZ01,DTSZ06,1,0.0511542966886101,0.0,1.05115429668861
BTSZ01,DTSZ08,4,0.48189194234297283,0.0,4.481891942342973
BTSZ01,DTSZ11,3,0.8803406228156869,0.0,3.880340622815687
BTSZ01,DTSZ12,2,0.35788942742252966,0.0,2.3578894274225295
BTSZ01,GLSZ02,2,0.3568222839792236,0.0,2.3568222839792234
BTSZ01,GLSZ03,2,0.6955330354350888,0.0,2.695533035435089
BTSZ01,HGSZ02,1,0.40777155022506323,0.0,1.4077715502250632
BTSZ01,HGSZ04,2,0.5923464038440628,0.0,2.5923464038440627
BTSZ01,HGSZ05,1,0.5645038618357913,0.0,1.5645038618357914
BTSZ01,HGSZ07,1,0.3339727731278542,0.0,1.3339727731278541
BTSZ01,JESZ02,2,0.52593602578895,0.0,2.5259360257889503
BTSZ01,JESZ03,1,0.6835572369642894,0.19647947806519023,1.8800367150294797
BTSZ01,JESZ05,3,0.817283872242831,0.7844532062223991,4.60173707846523
BTSZ01,JWSZ03,1,0.48571689944627644,0.0,1.4857168994462764
BTSZ01,JWSZ04,1,0.5703645378082236,0.0,1.5703645378082236
BTSZ01,JWSZ09,3,0.8463901098128076,0.0,3.8463901098128077
BTSZ01,KLSZ01,1,0.6428054963818484,0.0,1.6428054963818484
BTSZ01,KLSZ07,4,0.7138729613777186,0.0,4.713872961377719
BTSZ01,KLSZ08,1,0.36826299193541345,0.0,1.3682629919354135
BTSZ01,MDSZ02,1,0.12729033593504233,0.0,1.1272903359350424
BTSZ01,MPSZ02,1,0.5005154023220274,0.0,1.5005154023220273
BTSZ01,MPSZ03,1,0.6243926275769374,0.0,1.6243926275769374
BTSZ01,MUSZ01,1,0.21546861242480686,0.0,1.2154686124248069
BTSZ01,NTSZ03,1,0.12692075916869297,0.0,1.126920759168693
BTSZ01,NVSZ01,1,0.8688916875763292,0.0,1.8688916875763293
BTSZ01,NVSZ02,3,0.9587502768525799,0.0,3.9587502768525797
BTSZ01,ORSZ01,1,0.06995747289718433,0.0,1.0699574728971843
BTSZ01,ORSZ02,2,0.6904916933993155,0.0,2.6904916933993155
BTSZ01,OTSZ03,1,0.47019466230522344,0.0,1.4701946623052233
BTSZ01,OTSZ04,1,0.10172132424444541,0.0,1.1017213242444455
BTSZ01,PGSZ02,1,0.28741183921194974,0.0,1.2874118392119498
BTSZ01,PGSZ03,1,0.3722004320442005,0.0,1.3722004320442005
BTSZ01,PGSZ04,2,0.6046671544967318,0.0,2.604667154496732
BTSZ01,PRSZ02,1,0.4791635028649363,0.0,1.4791635028649364
BTSZ01,PRSZ03,2,0.48348795377806314,0.0,2.483487953778063
BTSZ01,PRSZ05,2,0.4508960480585632,0.0,2.450896048058563
BTSZ01,QTSZ01,1,0.5010215582238124,0.29566901842421645,1.7966905766480288
BTSZ01,QTSZ03,1,0.1618170502035643,0.0,1.1618170502035643
BTSZ01,QTSZ04,2,0.17243492829789941,0.0,2.1724349282978994
BTSZ01,QTSZ06,1,0.21436916141403792,0.0,1.214369161414038
BTSZ01,QTSZ08,5,0.8538116167550163,0.0,5.853811616755016
BTSZ01,QTSZ12,2,0.194625075176202,0.0,2.194625075176202
BTSZ01,QTSZ14,1,0.3620575902419066,0.0,1.3620575902419065
BTSZ01,RCSZ01,2,0.23874265701768155,0.0,2.2387426570176814
BTSZ01,RCSZ05,1,0.11116764758075103,0.0,1.111167647580751
BTSZ01,RCSZ10,1,0.24579819421313348,0.0,1.2457981942131335
BTSZ01,RVSZ01,1,0.0,0.0,1.0
BTSZ01,SBSZ01,1,0.4463889375464953,0.0,1.4463889375464953
BTSZ01,SBSZ03,2,0.7727503468134828,0.0,2.7727503468134826
BTSZ01,SBSZ05,1,0.03659020425975953,0.0,1.0365902042597595
BTSZ01,SESZ02,1,0.4921552470893503,0.0,1.4921552470893502
BTSZ01,SESZ03,3,0.8690076855154361,0.0,3.8690076855154363
BTSZ01,SESZ04,2,0.7541752957508798,0.0,2.75417529575088
BTSZ01,SESZ06,1,0.6071819347615932,0.0,1.6071819347615932
BTSZ01,SGSZ04,1,0.610991140044958,0.0,1.6109911400449581
BTSZ01,SGSZ06,3,0.7191025810175785,0.0,3.7191025810175784
BTSZ01,SISZ01,1,0.33340818475915096,0.0,1.333408184759151
BTSZ01,SRSZ02,1,0.07249430577352083,0.0,1.0724943057735208
BTSZ01,TMSZ01,2,0.5908469166328377,0.0,2.5908469166328376
BTSZ01,TMSZ02,5,0.913712349006524,0.0,5.9137123490065235
BTSZ01,TMSZ03,2,0.8351938878329702,0.0,2.83519388783297
BTSZ01,TMSZ04,3,0.6552850975470867,0.0,3.655285097547087
BTSZ01,TMSZ05,2,1.0378973644067913,0.0,3.037897364406791
BTSZ01,TNSZ03,1,0.05436608032639673,0.0,1.0543660803263968
BTSZ01,TNSZ04,3,0.3715695929588772,0.0,3.371569592958877
BTSZ01,TPSZ02,1,0.5300615693474594,0.0,1.5300615693474593
BTSZ01,TPSZ04,1,0.09412559251387172,0.0,1.0941255925138718
BTSZ01,TPSZ05,1,0.19523470645200505,0.0,1.195234706452005
BTSZ01,TPSZ12,1,0.2010045491276727,0.0,1.2010045491276726
BTSZ01,WCSZ01,1,0.4573341884195417,0.0,1.4573341884195417
BTSZ01,WDSZ01,1,0.19607309974526296,0.0,1.1960730997452629
BTSZ01,WDSZ02,2,0.7088029358924608,0.0,2.708802935892461
BTSZ01,WDSZ03,5,1.0450368556252987,0.0,6.045036855625298
BTSZ01,WDSZ04,1,0.337881481072523,0.0,1.337881481072523
BTSZ01,WDSZ05,1,0.42083924938904504,0.0,1.420839249389045
BTSZ01,WDSZ06,1,0.31223857141129374,0.0,1.3122385714112936
BTSZ01,YSSZ01,1,0.3315029124952735,0.0,1.3315029124952735
BTSZ01,YSSZ02,1,0.3145882061245454,0.0,1.3145882061245455
BTSZ01,YSSZ05,1,0.17258874602041122,0.0,1.1725887460204112
BTSZ01,YSSZ08,2,0.18259710766887602,0.0,2.182597107668876
BTSZ01,YSSZ09,2,0.61832173439606,0.0,2.61832173439606
BTSZ02,BKSZ09,1,0.2994640786740451,0.0,1.299464078674045
BTSZ02,BMSZ04,1,0.21495485929093402,0.0,1.214954859290934
BTSZ02,BMSZ12,1,0.11283358693766332,0.0,1.1128335869376633
BTSZ02,BPSZ02,1,0.13024287442006371,0.0,1.1302428744200637
BTSZ02,BTSZ07,1,0.2976249575363623,0.0,1.2976249575363623
BTSZ02,CLSZ05,1,0.19489765180973107,0.0,1.1948976518097312
BTSZ02,DTSZ11,1,0.15622990267016684,0.0,1.1562299026701668
BTSZ02,GLSZ05,1,0.14695026785962792,0.0,1.146950267859628
BTSZ02,KLSZ03,1,0.03774026059973798,0.0,1.037740260599738
BTSZ02,KLSZ08,1,0.1670316101248355,0.0,1.1670316101248355
BTSZ02,NVSZ02,1,0.2625840415645691,0.0,1.262584041564569
BTSZ02,ORSZ02,1,0.24460413835740313,0.0,1.2446041383574031
BTSZ02,ORSZ03,2,0.19365549500777549,0.0,2.1936554950077753
BTSZ02,PNSZ01,1,0.06533142564032904,0.0,1.065331425640329
BTSZ02,SRSZ02,1,0.03343911150243477,0.0,1.0334391115024348
BTSZ02,TPSZ01,1,0.08183608200885391,0.0,1.081836082008854
BTSZ02,WCSZ01,2,0.36057965599396885,0.0,2.360579655993969
BTSZ03,AMSZ04,1,0.04687998879509101,0.0,1.046879988795091
BTSZ03,AMSZ06,1,0.28690114137470846,0.0,1.2869011413747085
BTSZ03,BDSZ01,1,0.20442878362159933,0.0,1.2044287836215992
BTSZ03,BDSZ08,1,0.121135666455319,0.0,1.121135666455319
BTSZ03,BKSZ05,3,0.7231252057666026,0.0,3.7231252057666024
BTSZ03,BKSZ06,1,0.18028344829320675,0.0,1.1802834482932067
BTSZ03,BKSZ07,3,0.5349828064230632,0.0,3.5349828064230633
BTSZ03,BMSZ08,1,0.12711004192082057,0.0,1.1271100419208206
BTSZ03,BPSZ04,1,0.27931663117717376,0.0,1.2793166311771738
BTSZ03,BPSZ05,1,0.24526436472608906,0.0,1.245264364726089
BTSZ03,BSSZ01,1,0.33411866399346085,0.0,1.3341186639934608
BTSZ03,BSSZ03,1,0.20172534775697853,0.0,1.2017253477569785
BTSZ03,BTSZ01,3,0.8522851308538216,0.46671292143902127,4.318998052292843
BTSZ03,BTSZ07,1,0.26944458901046836,0.11888568531854522,1.3883302743290136
BTSZ03,CKSZ03,1,0.2825132232393434,0.0,1.2825132232393435
BTSZ03,CKSZ06,1,0.1640689485410476,0.0,1.1640689485410476
BTSZ03,CLSZ04,1,0.3062162277439168,0.1740064698500897,1.4802226975940065
BTSZ03,CLSZ06,1,0.2697260214540995,0.1910722498409142,1.4607982712950136
BTSZ03,DTSZ01,1,0.2102261128990517,0.0,1.2102261128990517
BTSZ03,DTSZ02,3,0.24091821712397635,0.0,3.2409182171239763
BTSZ03,GLSZ05,1,0.13878662397917338,0.0,1.1387866239791733
BTSZ03,JESZ01,1,0.144213273297667,0.0,1.144213273297667
BTSZ03,KLSZ06,1,0.21391999629831202,0.0,1.213919996298312
BTSZ03,NVSZ01,1,0.4193714109167099,0.0,1.41937141091671
BTSZ03,OTSZ03,2,0.3442751428787538,0.0,2.344275142878754
BTSZ03,PGSZ04,1,0.29705688064502406,0.0,1.297056880645024
BTSZ03,QTSZ06,1,0.19615075605480764,0.0,1.1961507560548077
BTSZ03,QTSZ08,1,0.293881138923562,0.049278163115947245,1.3431593020395094
BTSZ03,QTSZ14,1,0.20600937873822156,0.0,1.2060093787382216
BTSZ03,QTSZ15,1,0.0973328465013316,0.0,1.0973328465013317
BTSZ03,RCSZ01,1,0.07521790424887098,0.0,1.075217904248871
BTSZ03,RCSZ10,1,0.1115158876967633,0.0,1.1115158876967632
BTSZ03,SBSZ03,1,0.34851135887545676,0.0,1.3485113588754567
BTSZ03,SESZ03,1,0.2781586043841628,0.0,1.2781586043841628
BTSZ03,SESZ04,1,0.3936946876212342,0.0,1.3936946876212342
BTSZ03,WDSZ03,1,0.3400218504223852,0.0,1.340021850422385
BTSZ03,WDSZ04,1,0.22121169734286722,0.0,1.2212116973428673
BTSZ04,BTSZ04,1,0.45898785378784374,0.2873074981248332,1.746295351912677
BTSZ04,BTSZ07,2,0.6281034761010266,0.11906176630908531,2.747165242410112
BTSZ04,CLSZ06,2,0.47256811615252126,0.18921407044744165,2.6617821865999627
BTSZ04,DTSZ06,2,0.029295298668106044,0.0,2.029295298668106
BTSZ04,DTSZ11,1,0.1493132391560885,0.0,1.1493132391560885
BTSZ04,GLSZ05,1,0.1277050653210639,0.0,1.1277050653210638
BTSZ04,JWSZ09,1,0.5388822723860947,0.0,1.5388822723860947
BTSZ04,KLSZ08,1,0.20578271878152402,0.0,1.205782718781524
BTSZ04,ORSZ02,1,0.3290123525387454,0.0,1.3290123525387454
BTSZ04,QTSZ01,2,0.5331400017671164,0.23341324888268364,2.7665532506498
BTSZ04,QTSZ09,1,0.09461016950922764,0.0,1.0946101695092276
BTSZ04,QTSZ10,1,0.425667988885232,0.17096009079283958,1.5966280796780716
BTSZ04,TNSZ03,1,0.006931446942089546,0.0,1.0069314469420896
BTSZ05,AMSZ01,1,0.37391473947442355,0.0,1.3739147394744236
BTSZ05,BKSZ05,1,0.40356516521456925,0.0,1.4035651652145693
BTSZ05,BMSZ05,1,0.1781651533568371,0.0,1.1781651533568371
BTSZ05,BSSZ02,1,0.30317767236478693,0.0,1.303177672364787
BTSZ05,BSSZ03,1,0.24224992685430743,0.0,1.2422499268543075
BTSZ05,BTSZ01,1,0.347211947653575,0.0,1.3472119476535749
BTSZ05,BTSZ03,1,0.30953594006531826,0.0,1.3095359400653184
BTSZ05,CKSZ01,1,0.47111675959865135,0.0,1.4711167595986514
BTSZ05,CKSZ03,1,0.3752018963584553,0.0,1.3752018963584554
BTSZ05,CKSZ06,1,0.35120199316137496,0.0,1.351201993161375
BTSZ05,CLSZ04,1,0.24758603743789143,0.0,1.2475860374378915
BTSZ05,CLSZ05,1,0.12180048023846198,0.0,1.121800480238462
BTSZ05,DTSZ02,1,0.1482036486565408,0.0,1.1482036486565408
BTSZ05,DTSZ05,1,0.1554038379999711,0.0,1.1554038379999712
BTSZ05,DTSZ08,2,0.09273065625570569,0.0,2.0927306562557058
BTSZ05,DTSZ11,3,0.20776014130561749,0.0,3.2077601413056174
BTSZ05,GLSZ05,1,0.20892990241437256,0.0,1.2089299024143725
BTSZ05,JESZ05,1,0.31717336694627773,0.0,1.3171733669462777
BTSZ05,JWSZ02,1,0.31900132309871976,0.0,1.3190013230987199
BTSZ05,NVSZ04,1,0.17110513926305232,0.0,1.1711051392630523
BTSZ05,ORSZ03,1,0.1564802725432087,0.0,1.1564802725432086
BTSZ05,OTSZ03,1,0.25326947026549246,0.0,1.2532694702654925
BTSZ05,RCSZ09,1,0.05056110774330421,0.0,1.0505611077433041
BTSZ05,TMSZ03,1,0.37802769095232847,0.0,1.3780276909523286
BTSZ05,TPSZ06,1,0.16109502001467835,0.0,1.1610950200146783
BTSZ05,TPSZ09,1,0.08417008888804807,0.0,1.0841700888880481
BTSZ05,YSSZ01,1,0.2772156812800129,0.0,1.2772156812800128
BTSZ05,YSSZ09,1,0.29414494059069257,0.0,1.2941449405906926
BTSZ06,AMSZ12,1,0.05292879396535545,0.0,1.0529287939653555
BTSZ06,BDSZ07,1,0.13511797650721663,0.0,1.1351179765072166
BTSZ06,BKSZ04,1,0.12253129944886382,0.0,1.1225312994488639
BTSZ06,BKSZ05,1,0.24121512020139407,0.0,1.2412151202013941
BTSZ06,BKSZ06,1,0.09860376881049415,0.0,1.0986037688104942
BTSZ06,BKSZ09,2,0.1800538707675252,0.0,2.180053870767525
BTSZ06,BMSZ05,1,0.12435319831431696,0.0,1.124353198314317
BTSZ06,BMSZ06,3,0.38694487276362455,0.0,3.3869448727636247
BTSZ06,BTSZ01,2,0.2644091362816444,0.0,2.2644091362816443
BTSZ06,BTSZ03,1,0.15623023928303553,0.0,1.1562302392830355
BTSZ06,CHSZ03,1,0.23945943149208346,0.0,1.2394594314920835
BTSZ06,CKSZ02,1,0.1487337738985646,0.0,1.1487337738985646
BTSZ06,CKSZ03,1,0.2160064353253868,0.0,1.2160064353253868
BTSZ06,CLSZ04,1,0.17513906349226388,0.0,1.1751390634922638
BTSZ06,DTSZ05,2,0.16578118954996812,0.0,2.165781189549968
BTSZ06,DTSZ11,3,0.11962909415768251,0.0,3.1196290941576823
BTSZ06,HGSZ07,1,0.2086179904650438,0.0,1.2086179904650438
BTSZ06,JESZ05,1,0.24456096990635226,0.0,1.2445609699063522
BTSZ06,KLSZ03,1,0.02109163405230561,0.0,1.0210916340523055
BTSZ06,NVSZ02,1,0.1754466667552654,0.0,1.1754466667552654
BTSZ06,ORSZ02,1,0.12800582414110465,0.0,1.1280058241411046
BTSZ06,OTSZ03,1,0.1412167574046953,0.0,1.1412167574046954
BTSZ06,PGSZ04,1,0.12581907732069308,0.0,1.125819077320693
BTSZ06,QTSZ02,1,0.06674661230219052,0.0,1.0667466123021905
BTSZ06,QTSZ14,1,0.10872378986395244,0.0,1.1087237898639524
BTSZ06,RCSZ02,1,0.020453289384279438,0.0,1.0204532893842795
BTSZ06,SBSZ02,1,0.03132306502861834,0.0,1.0313230650286183
BTSZ06,SGSZ06,1,0.14724260703028993,0.0,1.14724260703029
BTSZ06,SRSZ02,1,0.011216813360465015,0.0,1.011216813360465
BTSZ06,TMSZ04,1,0.12623005220639413,0.0,1.1262300522063942
BTSZ06,TNSZ01,2,0.17365700680202942,0.0,2.1736570068020296
BTSZ06,WDSZ07,1,0.020349507467145304,0.0,1.0203495074671454
BTSZ06,YSSZ04,1,0.28923949471119054,0.0,1.2892394947111905
BTSZ06,YSSZ09,1,0.13292157753663583,0.0,1.132921577536636
BTSZ07,BMSZ08,1,0.12052816278822139,0.0,1.1205281627882213
BTSZ07,BMSZ15,1,0.05061845635429607,0.0,1.0506184563542962
BTSZ07,BPSZ02,2,0.11180488383816631,0.0,2.1118048838381664
BTSZ07,BSSZ01,2,0.38948990648193077,0.0,2.3894899064819306
BTSZ07,BTSZ01,2,0.2833979304025312,0.0,2.2833979304025314
BTSZ07,BTSZ04,1,0.3556193476318491,0.34160258337948546,1.6972219310113346
BTSZ07,BTSZ06,1,0.03439963771174929,0.7049261257671325,1.739325763478882
BTSZ07,CLSZ05,1,0.11301105335592768,0.0,1.1130110533559276
BTSZ07,CLSZ06,1,0.20909603121002596,0.0,1.2090960312100258
BTSZ07,DTSZ03,1,0.1279746571691359,0.0,1.1279746571691358
BTSZ07,GLSZ05,1,0.11958405515525572,0.0,1.1195840551552556
BTSZ07,HGSZ04,1,0.10849940120138328,0.0,1.1084994012013833
BTSZ07,JESZ08,1,0.16624217418363574,0.0,1.1662421741836357
BTSZ07,JWSZ03,1,0.13714834678688168,0.0,1.1371483467868817
BTSZ07,ORSZ03,1,0.13675311799359263,0.0,1.1367531179935926
BTSZ07,QTSZ06,1,0.17180090188774,0.35225075003963785,1.524051651927378
BTSZ07,QTSZ08,3,0.5306012712132401,0.28726340437290626,3.8178646755861463
BTSZ07,QTSZ11,1,0.09976971383014892,0.31387253315387864,1.4136422469840277
BTSZ07,SESZ02,1,0.15738200248907203,0.0,1.157382002489072
BTSZ07,TPSZ06,1,0.11318075905136446,0.0,1.1131807590513645
BTSZ07,TPSZ12,1,0.054867728855221454,0.0,1.0548677288552215
BTSZ07,WCSZ01,1,0.1601487203197859,0.0,1.160148720319786
BTSZ07,YSSZ01,1,0.08216723315994706,0.0,1.082167233159947
BTSZ07,YSSZ09,1,0.1659145069267735,0.0,1.1659145069267736
BTSZ08,BKSZ05,2,0.2940443570447868,0.0,2.294044357044787
BTSZ08,BKSZ06,1,0.10032725389358152,0.0,1.1003272538935815
BTSZ08,BMSZ02,1,0.08973234811641174,0.0,1.0897323481164118
BTSZ08,BMSZ06,1,0.1995910393748312,0.06880876689712617,1.2683998062719575
BTSZ08,BTSZ08,1,0.046685633169904074,1.745295003805626,2.7919806369755302
BTSZ08,CLSZ06,1,0.1627388875154947,0.0,1.1627388875154947
BTSZ08,DTSZ05,3,0.15380432931073817,0.0,3.1538043293107383
BTSZ08,DTSZ11,3,0.10976185917396769,0.0,3.1097618591739677
BTSZ08,GLSZ01,1,0.09046036121875686,0.0,1.090460361218757
BTSZ08,GLSZ03,1,0.10303877759201778,0.0,1.1030387775920178
BTSZ08,HGSZ09,1,0.007751753229812764,0.0,1.0077517532298128
BTSZ08,KLSZ08,1,0.11627107920176392,0.0,1.1162710792017638
BTSZ08,ORSZ02,2,0.16559131669954488,0.41456433484582844,2.580155651545373
BTSZ08,OTSZ03,1,0.1689419205817505,0.0,1.1689419205817506
BTSZ08,PRSZ08,1,0.01528186697777155,0.0,1.0152818669777715
BTSZ08,QTSZ05,1,0.3322333950828441,0.17562760905223757,1.5078610041350817
BTSZ08,QTSZ08,2,0.3601123109674677,0.2682783972582456,2.628390708225713
BTSZ08,SBSZ04,1,0.20942964723235735,0.0,1.2094296472323574
BTSZ08,TNSZ04,1,0.27420186361472215,1.327264267606052,2.601466131220774
CCSZ01,AMSZ01,1,0.21655453313233974,0.0,1.2165545331323397
CCSZ01,AMSZ03,1,0.061071950896221514,0.0,1.0610719508962214
CCSZ01,BKSZ03,1,0.1104177500733687,0.0,1.1104177500733687
CCSZ01,BTSZ01,2,0.2252539245646569,0.0,2.2252539245646568
CCSZ01,CCSZ01,1,0.8876058296029229,1.0001703287344574,2.88777615833738
CCSZ01,NVSZ05,1,0.0,0.0,1.0
CCSZ01,ORSZ02,1,0.11723999934855787,0.0,1.1172399993485578
CCSZ01,PNSZ01,1,0.07607344151622251,0.0,1.0760734415162225
CCSZ01,SESZ05,1,0.08016481895845673,0.0,1.0801648189584567
CCSZ01,TPSZ06,1,0.056371135982093944,0.0,1.056371135982094
CCSZ01,WDSZ02,1,0.07312118405309287,0.0,1.0731211840530928
CCSZ01,YSSZ01,1,0.09612543187161987,0.0,1.0961254318716198
CHSZ01,CHSZ01,1,0.13244189236193935,0.0,1.1324418923619393
CHSZ01,HGSZ04,1,0.08546472158904912,0.0,1.0854647215890492
CHSZ01,PRSZ03,1,0.25310457680798965,0.0,1.2531045768079896
CHSZ01,PRSZ04,1,0.08290732397553276,0.0,1.0829073239755327
CHSZ01,RCSZ09,1,0.046427709025363306,0.0,1.0464277090253633
CHSZ01,SESZ04,1,0.19746576107219102,0.0,1.197465761072191
CHSZ01,TMSZ01,1,0.2021880151686016,0.0,1.2021880151686015
CHSZ02,AMSZ01,1,0.09795314420336933,0.0,1.0979531442033694
CHSZ02,AMSZ02,1,0.09017634118565437,0.0,1.0901763411856544
CHSZ02,AMSZ06,1,0.1420775084065747,0.0,1.1420775084065746
CHSZ02,BDSZ01,1,0.10570831770977485,0.0,1.1057083177097748
CHSZ02,BDSZ04,4,0.4157220412723605,0.0,4.41572204127236
CHSZ02,BDSZ06,2,0.3126482936085364,0.0,2.3126482936085364
CHSZ02,BKSZ02,1,0.2466421007096396,0.0,1.2466421007096395
CHSZ02,BMSZ12,1,0.03556420174372356,0.0,1.0355642017437237
CHSZ02,BMSZ13,1,0.0,0.0,1.0
CHSZ02,BMSZ17,1,0.012850496364890173,0.0,1.01285049636489
CHSZ02,CHSZ02,1,0.3864792618590576,0.0,1.3864792618590576
CHSZ02,CHSZ03,1,0.15262620827234305,0.0,1.152626208272343
CHSZ02,CKSZ03,1,0.38566175179418516,0.0,1.3856617517941852
CHSZ02,CLSZ06,1,0.09309508107414581,0.0,1.0930950810741458
CHSZ02,GLSZ02,1,0.0875542707812115,0.0,1.0875542707812116
CHSZ02,HGSZ07,1,0.179533360918068,0.0,1.179533360918068
CHSZ02,HGSZ08,1,0.07128966519901474,0.0,1.0712896651990147
CHSZ02,HGSZ09,1,0.002965024706868727,0.0,1.0029650247068687
CHSZ02,JWSZ03,1,0.09715811318255463,0.0,1.0971581131825547
CHSZ02,KLSZ02,1,0.02131907260017699,0.0,1.021319072600177
CHSZ02,KLSZ09,1,0.019149062418372033,0.0,1.019149062418372
CHSZ02,NVSZ02,1,0.19206283573172836,0.0,1.1920628357317284
CHSZ02,PGSZ03,1,0.08943289289420425,0.0,1.0894328928942043
CHSZ02,PGSZ04,2,0.20585926712889344,0.0,2.2058592671288935
CHSZ02,PGSZ05,1,0.1315997486865026,0.0,1.1315997486865026
CHSZ02,PRSZ02,3,0.17458420058852664,0.0,3.1745842005885265
CHSZ02,PRSZ03,5,0.5446243353690566,0.0,5.544624335369057
CHSZ02,PRSZ05,3,0.8641716376510242,0.0,3.8641716376510242
CHSZ02,SESZ03,1,0.22711577524999163,0.0,1.2271157752499917
CHSZ02,SESZ05,1,0.10361705071611917,0.0,1.1036170507161192
CHSZ02,SGSZ03,1,0.09476778262459869,0.0,1.0947677826245987
CHSZ02,SGSZ06,1,0.09813252399594805,0.0,1.098132523995948
CHSZ02,TMSZ02,10,1.5417235084858376,0.0,11.541723508485838
CHSZ02,TMSZ04,3,0.3756223963704909,0.0,3.375622396370491
CHSZ02,TPSZ02,1,0.11155525907974984,0.0,1.1115552590797497
CHSZ02,TPSZ04,1,0.03615952904890196,0.0,1.036159529048902
CHSZ02,WDSZ01,1,0.0,0.0,1.0
CHSZ02,WDSZ05,1,0.056396753052779205,0.0,1.0563967530527791
CHSZ02,YSSZ02,1,0.043913220727293624,0.0,1.0439132207272936
CHSZ02,YSSZ09,2,0.15248796459126115,0.0,2.1524879645912613
CHSZ03,AMSZ01,2,1.6477536476253962,0.0,3.6477536476253962
CHSZ03,AMSZ03,1,0.5095364597909694,0.0,1.5095364597909695
CHSZ03,BDSZ01,3,1.7616162524987806,0.0,4.761616252498781
CHSZ03,BDSZ02,1,1.4754847862820741,0.0,2.475484786282074
CHSZ03,BDSZ03,3,2.0630087389017446,0.0,5.063008738901745
CHSZ03,BDSZ04,12,4.666559535589934,0.0,16.666559535589933
CHSZ03,BDSZ05,2,1.7682948341606464,0.0,3.7682948341606464
CHSZ03,BDSZ06,4,3.1346714787082015,0.0,7.134671478708201
CHSZ03,BKSZ03,1,0.37018555541188125,0.0,1.3701855554118811
CHSZ03,BKSZ05,3,1.7255973616421614,0.0,4.725597361642161
CHSZ03,BMSZ03,1,0.7798281952432154,0.0,1.7798281952432156
CHSZ03,BMSZ05,1,1.1983857796319424,0.0,2.198385779631942
CHSZ03,BMSZ07,1,1.8202880777642225,0.0,2.8202880777642223
CHSZ03,BMSZ08,3,0.8890170388015339,0.0,3.889017038801534
CHSZ03,BPSZ01,1,0.538432949775891,0.0,1.538432949775891
CHSZ03,BPSZ03,1,0.5086860932634013,0.0,1.5086860932634014
CHSZ03,BPSZ05,1,1.8323013411571416,0.0,2.832301341157142
CHSZ03,BSSZ01,1,1.774297138245516,0.0,2.774297138245516
CHSZ03,BSSZ03,1,1.3463326138760925,0.0,2.3463326138760925
CHSZ03,CHSZ02,1,0.6268836124857663,0.0,1.6268836124857664
CHSZ03,CHSZ03,5,3.7090035353327715,14.002384602282405,22.711388137615174
CHSZ03,CKSZ02,1,0.8282356629228544,0.0,1.8282356629228544
CHSZ03,CKSZ06,1,0.6377503921217995,0.0,1.6377503921217995
CHSZ03,CLSZ03,1,1.1895941739250533,0.0,2.1895941739250535
CHSZ03,CLSZ06,1,1.38763309775168,0.0,2.3876330977516798
CHSZ03,DTSZ01,1,1.5478241444597975,0.0,2.5478241444597973
CHSZ03,DTSZ03,1,1.1103749680931736,0.0,2.110374968093174
CHSZ03,GLSZ02,2,0.679251070934091,0.0,2.679251070934091
CHSZ03,GLSZ04,4,2.6907561376547555,0.0,6.6907561376547555
CHSZ03,GLSZ05,2,1.7950752218042163,0.0,3.7950752218042165
CHSZ03,HGSZ01,1,0.9529616428704861,0.0,1.9529616428704861
CHSZ03,HGSZ02,1,1.299530256465653,0.0,2.299530256465653
CHSZ03,HGSZ03,1,0.6349878606591355,0.0,1.6349878606591355
CHSZ03,HGSZ04,5,1.6625206373677917,0.0,6.662520637367791
CHSZ03,HGSZ06,1,1.6693547892189933,0.0,2.6693547892189935
CHSZ03,HGSZ08,1,1.0406864370485558,0.0,2.0406864370485556
CHSZ03,JESZ03,1,1.8422554082716687,0.0,2.8422554082716687
CHSZ03,JESZ05,2,2.294737402794918,0.0,4.294737402794918
CHSZ03,JWSZ02,1,0.6484999437264348,0.0,1.648499943726435
CHSZ03,JWSZ03,1,0.5758032378277186,0.0,1.5758032378277185
CHSZ03,JWSZ04,1,0.7440521444226521,0.0,1.744052144422652
CHSZ03,JWSZ09,1,1.865021546413283,0.0,2.865021546413283
CHSZ03,KLSZ01,1,0.8964332974608731,0.0,1.896433297460873
CHSZ03,KLSZ02,1,0.47823883236341225,0.0,1.4782388323634121
CHSZ03,KLSZ05,1,0.8298870267267613,0.0,1.8298870267267613
CHSZ03,MPSZ01,1,0.5297650977524156,0.0,1.5297650977524158
CHSZ03,MPSZ03,2,2.083643762281026,0.0,4.083643762281026
CHSZ03,MUSZ01,1,0.6731856605663392,0.0,1.673185660566339
CHSZ03,OTSZ03,1,1.3827534974223075,0.0,2.3827534974223075
CHSZ03,PGSZ02,1,1.030036606141428,0.0,2.0300366061414277
CHSZ03,PGSZ03,5,1.7361553561736838,0.0,6.7361553561736836
CHSZ03,PGSZ04,6,2.794730712789768,0.0,8.794730712789768
CHSZ03,PLSZ04,1,0.09679524574513554,0.0,1.0967952457451355
CHSZ03,PRSZ02,7,7.01872052426908,0.0,14.01872052426908
CHSZ03,PRSZ03,6,1.76369425260058,0.0,7.76369425260058
CHSZ03,PRSZ04,2,1.0112797214421694,0.0,3.011279721442169
CHSZ03,PRSZ05,4,3.4065590953229563,0.0,7.406559095322956
CHSZ03,PRSZ08,1,0.9040941035811103,0.0,1.9040941035811103
CHSZ03,QTSZ01,1,0.4949803218066805,0.0,1.4949803218066804
CHSZ03,QTSZ03,1,0.12415300842327551,0.0,1.1241530084232756
CHSZ03,QTSZ04,1,0.15697808241461048,0.0,1.1569780824146105
CHSZ03,QTSZ14,1,1.040927331705027,0.0,2.040927331705027
CHSZ03,SBSZ03,2,0.5632236813927418,0.0,2.563223681392742
CHSZ03,SESZ02,3,2.8278465968749105,0.0,5.8278465968749105
CHSZ03,SESZ03,6,1.910646490985604,0.0,7.910646490985604
CHSZ03,SESZ04,5,2.629842680633537,0.0,7.629842680633537
CHSZ03,SESZ05,5,0.7824436030721923,0.0,5.782443603072192
CHSZ03,SESZ06,3,2.3346404810561086,0.0,5.334640481056109
CHSZ03,SGSZ06,1,1.0224120273590407,0.0,2.0224120273590405
CHSZ03,SGSZ07,1,0.47827904589734793,0.0,1.4782790458973478
CHSZ03,TMSZ02,7,7.259604734502296,0.0,14.259604734502297
CHSZ03,TMSZ03,8,4.227415034146,0.0,12.227415034146
CHSZ03,TMSZ04,13,5.262433194852514,0.0,18.262433194852512
CHSZ03,TMSZ05,2,1.365095708094363,0.0,3.365095708094363
CHSZ03,TPSZ01,1,0.8579032955561017,0.0,1.8579032955561017
CHSZ03,TPSZ04,2,0.25310351354520594,0.0,2.2531035135452058
CHSZ03,TPSZ05,1,0.29721269939485984,0.0,1.2972126993948598
CHSZ03,TPSZ06,1,0.9922104228915848,0.0,1.992210422891585
CHSZ03,WDSZ01,1,0.31598188243266256,0.0,1.3159818824326626
CHSZ03,WDSZ02,3,0.8339904204348216,0.0,3.8339904204348216
CHSZ03,WDSZ03,1,1.027700933329954,0.0,2.027700933329954
CHSZ03,WDSZ09,1,0.5741502233519474,0.0,1.5741502233519475
CHSZ03,YSSZ01,2,0.47003132172787243,0.0,2.4700313217278724
CHSZ03,YSSZ04,1,0.6317707235221074,0.0,1.6317707235221075
CHSZ03,YSSZ05,1,0.18686602079404196,0.0,1.186866020794042
CHSZ03,YSSZ09,3,1.1991125242561635,0.0,4.199112524256163
CKSZ01,BKSZ02,1,0.3929502826524388,0.28528883845712943,1.6782391211095682
CKSZ01,BKSZ03,2,0.4987306007853565,0.7516644951104817,3.2503950958958385
CKSZ01,BKSZ04,1,0.3048088849527951,0.6645315743697134,1.9693404593225083
CKSZ01,BKSZ05,2,0.7493323706672559,0.40615100986770136,3.155483380534957
CKSZ01,BMSZ01,2,0.37860733228523363,0.0,2.3786073322852337
CKSZ01,BMSZ03,1,0.25379731416160556,0.0,1.2537973141616057
CKSZ01,BMSZ05,2,0.26593761663648374,0.0,2.2659376166364837
CKSZ01,BMSZ07,2,0.3980570896275225,0.0,2.3980570896275224
CKSZ01,BMSZ12,1,0.13091340870952528,0.0,1.1309134087095254
CKSZ01,BMSZ16,1,0.03383727555500355,0.0,1.0338372755550036
CKSZ01,BPSZ01,1,0.8409055793018338,0.7522143048068122,2.593119884108646
CKSZ01,BPSZ04,2,0.5441752210651706,0.4151437814022351,2.9593190024674056
CKSZ01,BPSZ05,3,1.161344755915951,1.0571699890131718,5.218514744929123
CKSZ01,BPSZ06,1,0.2873252290623533,0.0,1.2873252290623534
CKSZ01,BTSZ01,1,0.32056156559651744,0.0,1.3205615655965175
CKSZ01,CHSZ03,1,0.8355925835206314,0.0,1.8355925835206315
CKSZ01,CKSZ01,1,0.7057170718182644,6.332719602693984,8.038436674512248
CKSZ01,CKSZ02,6,1.6313200798138694,2.650363091807245,10.281683171621115
CKSZ01,CKSZ03,11,1.5780033326795257,8.400875756391752,20.978879089071278
CKSZ01,CKSZ04,1,0.5117759520040671,0.5537789782137729,2.06555493021784
CKSZ01,CKSZ06,2,0.6403907951465366,0.7290258034716065,3.3694165986181432
CKSZ01,CLSZ01,1,0.08037047974842937,0.0,1.0803704797484293
CKSZ01,CLSZ02,1,0.11682531532781974,0.0,1.1168253153278198
CKSZ01,CLSZ07,2,0.3019009116253525,0.0,2.3019009116253524
CKSZ01,DTSZ01,1,0.23298464649396905,0.0,1.232984646493969
CKSZ01,DTSZ05,1,0.16186525060851312,0.0,1.1618652506085132
CKSZ01,DTSZ11,1,0.22212602278202234,0.0,1.2221260227820223
CKSZ01,GLSZ03,2,0.36009811636781197,0.0,2.360098116367812
CKSZ01,HGSZ02,1,0.309802158434408,0.0,1.309802158434408
CKSZ01,JESZ05,2,0.892561431529823,0.0,2.892561431529823
CKSZ01,JWSZ04,1,0.40894492372749525,0.0,1.4089449237274954
CKSZ01,JWSZ09,1,0.5268707834359011,0.0,1.5268707834359012
CKSZ01,KLSZ03,1,0.04570501741103381,0.0,1.0457050174110338
CKSZ01,MPSZ03,1,0.25292947554509027,0.0,1.2529294755450904
CKSZ01,NVSZ02,1,0.36751303194992835,0.0,1.3675130319499282
CKSZ01,NVSZ03,1,0.09588587349689406,0.0,1.0958858734968941
CKSZ01,ORSZ01,1,0.03949382086019433,0.0,1.0394938208601943
CKSZ01,ORSZ02,4,0.5045000826643086,0.0,4.5045000826643085
CKSZ01,OTSZ01,1,0.027204963339896446,0.0,1.0272049633398965
CKSZ01,OTSZ04,1,0.07337514039337048,0.0,1.0733751403933705
CKSZ01,QTSZ02,1,0.10893286823463845,0.0,1.1089328682346384
CKSZ01,QTSZ07,1,0.0,0.0,1.0
CKSZ01,QTSZ08,4,0.6571910054971394,0.0,4.65719100549714
CKSZ01,QTSZ12,1,0.15574916796607624,0.0,1.1557491679660763
CKSZ01,QTSZ13,1,0.16290887753074754,0.0,1.1629088775307475
CKSZ01,QTSZ14,1,0.19146234194189676,0.0,1.1914623419418968
CKSZ01,SBSZ01,1,0.25862907552100667,0.0,1.2586290755210068
CKSZ01,SBSZ03,2,0.43931905512676117,0.0,2.439319055126761
CKSZ01,SBSZ09,1,0.4591276704225224,0.0,1.4591276704225224
CKSZ01,SGSZ02,1,0.13377364054755664,0.0,1.1337736405475567
CKSZ01,TPSZ02,1,0.2575626877020788,0.0,1.257562687702079
CKSZ01,TSSZ05,1,0.483953118820041,0.0,1.483953118820041
CKSZ01,WCSZ01,1,0.2938043855692789,0.0,1.293804385569279
CKSZ01,WDSZ01,1,0.06841782424414809,0.0,1.068417824244148
CKSZ01,WDSZ05,1,0.270550422794573,0.0,1.270550422794573
CKSZ01,WDSZ08,1,0.15163832390681067,0.0,1.1516383239068106
CKSZ01,WDSZ09,1,0.11701112946060584,0.0,1.1170111294606058
CKSZ01,YSSZ01,1,0.2711934201948466,0.0,1.2711934201948467
CKSZ01,YSSZ07,1,0.03373319680020997,0.0,1.03373319680021
CKSZ02,AMSZ12,2,0.270750922182599,0.0,2.270750922182599
CKSZ02,BDSZ01,1,0.3935849457919,0.0,1.3935849457919
CKSZ02,BDSZ04,1,0.28584685670156434,0.0,1.2858468567015644
CKSZ02,BKSZ02,1,0.9011547308271668,0.41301414933286035,2.314168880160027
CKSZ02,BKSZ03,2,1.4462578241038087,0.6704781722308084,4.116735996334617
CKSZ02,BKSZ05,2,1.9460653497004679,0.448608489257598,4.394673838958066
CKSZ02,BKSZ09,1,0.6291460031901227,0.0,1.6291460031901228
CKSZ02,BMSZ02,1,0.24261024341954487,0.0,1.242610243419545
CKSZ02,BMSZ04,1,0.22786059905110947,0.0,1.2278605990511096
CKSZ02,BMSZ08,2,0.325789630474592,0.0,2.325789630474592
CKSZ02,BMSZ12,1,0.2686532276817914,0.0,1.2686532276817915
CKSZ02,BMSZ16,1,0.06868864757442167,0.0,1.0686886475744217
CKSZ02,BPSZ02,1,0.44363995671451106,0.11093612224345585,1.554576078957967
CKSZ02,BPSZ03,1,0.771912666680564,0.3256793227282117,2.097591989408776
CKSZ02,BPSZ04,3,0.6952968082106482,0.4949832097356139,4.190280017946262
CKSZ02,BPSZ05,6,2.3078824046351096,1.3463068276797405,9.654189232314849
CKSZ02,BPSZ06,1,0.4742519007756133,0.0,1.4742519007756134
CKSZ02,BSSZ01,1,0.5489977883299685,0.0,1.5489977883299684
CKSZ02,BSSZ03,1,0.38673598585304875,0.0,1.3867359858530488
CKSZ02,BTSZ01,5,1.3409318690175198,0.0,6.34093186901752
CKSZ02,BTSZ06,1,0.20026907238821434,0.0,1.2002690723882143
CKSZ02,CHSZ02,1,0.1340876590069011,0.0,1.1340876590069011
CKSZ02,CHSZ03,1,0.9872724971230404,0.0,1.9872724971230404
CKSZ02,CKSZ01,5,1.6430244982545563,4.275669949083752,10.918694447338307
CKSZ02,CKSZ02,7,2.167443369618997,5.246922423189733,14.41436579280873
CKSZ02,CKSZ03,14,2.607727027019606,9.862507536901578,26.470234563921185
CKSZ02,CKSZ04,2,2.7256975769231775,1.5733813527949265,6.299078929718105
CKSZ02,CKSZ05,1,0.6082593115183261,0.2303459705613293,1.8386052820796555
CKSZ02,CLSZ01,1,0.17785624452552612,0.0,1.177856244525526
CKSZ02,DTSZ02,5,0.8687731040168637,0.0,5.868773104016864
CKSZ02,DTSZ03,2,0.811014529736465,0.0,2.811014529736465
CKSZ02,DTSZ05,2,0.3942741874774958,0.0,2.394274187477496
CKSZ02,DTSZ08,4,0.42171304827126393,0.0,4.421713048271264
CKSZ02,DTSZ11,1,0.38780916329005005,0.0,1.38780916329005
CKSZ02,HGSZ08,2,0.39762067976624005,0.0,2.39762067976624
CKSZ02,JESZ01,1,0.48323656774256707,0.0,1.483236567742567
CKSZ02,JESZ05,2,2.0273151447717126,0.0,4.027315144771713
CKSZ02,JESZ06,1,0.1568327302733284,0.0,1.1568327302733283
CKSZ02,JWSZ03,1,0.671833936426157,0.0,1.671833936426157
CKSZ02,JWSZ08,1,1.1616460094025167,0.0,2.1616460094025167
CKSZ02,JWSZ09,1,0.9362279790881152,0.0,1.9362279790881152
CKSZ02,KLSZ06,2,0.5593659349756365,0.0,2.5593659349756366
CKSZ02,KLSZ08,2,0.5034363109901777,0.0,2.503436310990178
CKSZ02,NTSZ03,1,0.11407761057085844,0.0,1.1140776105708585
CKSZ02,NTSZ05,1,0.0,0.0,1.0
CKSZ02,NVSZ02,2,0.9961989468692211,0.0,2.996198946869221
CKSZ02,NVSZ04,1,0.1256479259850755,0.0,1.1256479259850756
CKSZ02,ORSZ02,1,0.36245158108925213,0.0,1.3624515810892521
CKSZ02,OTSZ03,2,0.8614701320122126,0.0,2.8614701320122125
CKSZ02,PNSZ01,1,0.14701200288135918,0.0,1.1470120028813593
CKSZ02,PNSZ05,3,0.1751750708392834,0.0,3.175175070839283
CKSZ02,QTSZ08,4,2.021270582998783,0.0,6.021270582998783
CKSZ02,QTSZ11,1,0.3638684787497482,0.0,1.3638684787497481
CKSZ02,QTSZ14,1,0.3477126740681184,0.0,1.3477126740681185
CKSZ02,RCSZ01,1,0.23771203570766455,0.0,1.2377120357076645
CKSZ02,RCSZ09,1,0.16413791801434122,0.0,1.1641379180143412
CKSZ02,RCSZ10,1,0.2360276989792455,0.0,1.2360276989792456
CKSZ02,SGSZ06,1,0.275527743863764,0.0,1.275527743863764
CKSZ02,SISZ01,1,0.5184159135830981,0.0,1.5184159135830981
CKSZ02,SKSZ05,1,0.0,0.0,1.0
CKSZ02,TMSZ04,1,0.34421835464627804,0.0,1.344218354646278
CKSZ02,TPSZ12,1,0.26498994099817846,0.0,1.2649899409981784
CKSZ02,TSSZ04,1,0.5002152154964229,0.0,1.5002152154964228
CKSZ02,TSSZ05,2,1.3283582379218788,0.0,3.328358237921879
CKSZ02,WCSZ01,4,1.3284728000303225,0.0,5.3284728000303225
CKSZ02,WDSZ01,1,0.19393102078107288,0.0,1.193931020781073
CKSZ02,WDSZ03,1,0.5139306528115578,0.0,1.513930652811558
CKSZ02,YSSZ09,1,0.5703825175373342,0.0,1.5703825175373343
CKSZ03,AMSZ01,2,0.7107917916585673,0.0,2.7107917916585675
CKSZ03,AMSZ03,1,0.22074543661831794,0.0,1.220745436618318
CKSZ03,AMSZ06,1,0.31315042855396785,0.0,1.313150428553968
CKSZ03,AMSZ07,1,0.24429171072792877,0.0,1.2442917107279288
CKSZ03,AMSZ12,1,0.16398916756179324,0.0,1.1639891675617933
CKSZ03,BKSZ03,1,0.6503394703442069,0.5232322809386474,2.1735717512828545
CKSZ03,BKSZ04,3,0.3325801346667094,1.407591613496667,4.740171748163377
CKSZ03,BKSZ05,2,1.3361863928082076,0.0,3.336186392808208
CKSZ03,BKSZ06,1,0.4621802640373143,0.0,1.4621802640373143
CKSZ03,BKSZ07,1,0.5819124682329568,0.0,1.5819124682329568
CKSZ03,BLSZ02,2,0.19633946851062295,0.0,2.196339468510623
CKSZ03,BLSZ03,1,0.3318347709706131,0.0,1.331834770970613
CKSZ03,BMSZ01,3,0.957231179413551,0.0,3.957231179413551
CKSZ03,BMSZ02,1,0.19355039399249727,0.0,1.1935503939924972
CKSZ03,BMSZ04,2,0.3011381003734134,0.0,2.3011381003734135
CKSZ03,BMSZ05,2,0.32889885738576835,0.0,2.3288988573857683
CKSZ03,BMSZ07,1,0.4476447957271227,0.0,1.4476447957271228
CKSZ03,BMSZ08,2,0.28553589457322065,0.0,2.2855358945732207
CKSZ03,BMSZ12,2,0.32519869620294684,0.0,2.3251986962029467
CKSZ03,BMSZ15,2,0.15618207295185466,0.0,2.1561820729518546
CKSZ03,BMSZ17,2,0.2518731600146035,0.0,2.2518731600146036
CKSZ03,BPSZ01,1,1.1753527528528576,1.1029533224259624,3.2783060752788202
CKSZ03,BPSZ02,2,0.4035806671468445,0.3021310916182936,2.705711758765138
CKSZ03,BPSZ03,1,0.6242150547933706,0.5529227512034233,2.177137805996794
CKSZ03,BPSZ04,6,0.4778983715404729,1.7553064828635903,8.233204854404063
CKSZ03,BPSZ05,9,2.2078339145009465,2.9719227347871193,14.179756649288066
CKSZ03,BSSZ01,1,0.414408943239392,0.0,1.414408943239392
CKSZ03,BSSZ03,1,0.31999733545962883,0.0,1.3199973354596288
CKSZ03,BTSZ01,1,0.46136145965537495,0.0,1.461361459655375
CKSZ03,BTSZ06,1,0.17157788420941703,0.0,1.171577884209417
CKSZ03,CKSZ01,11,1.425572365002945,9.269583127779407,21.695155492782355
CKSZ03,CKSZ02,14,3.8076564113527986,8.777042943859385,26.584699355212184
CKSZ03,CKSZ03,8,2.2455742238660577,20.431548348687162,30.67712257255322
CKSZ03,CKSZ04,9,1.649016634865091,6.110239207302942,16.759255842168034
CKSZ03,CKSZ05,5,0.731756608642599,1.401677165844839,7.133433774487438
CKSZ03,CKSZ06,9,0.5401482573848289,4.908633132303004,14.448781389687833
CKSZ03,CLSZ03,2,1.0351561819333357,0.0,3.0351561819333357
CKSZ03,CLSZ04,4,0.6026428058259594,0.0,4.602642805825959
CKSZ03,CLSZ06,1,0.28620433596750555,0.0,1.2862043359675055
CKSZ03,DTSZ02,1,0.2203848611249332,0.0,1.2203848611249333
CKSZ03,DTSZ05,2,0.3129279968831638,0.0,2.3129279968831638
CKSZ03,DTSZ08,3,0.22012817244317823,0.0,3.2201281724431783
CKSZ03,DTSZ11,3,0.29755885929279463,0.0,3.2975588592927947
CKSZ03,GLSZ02,1,0.15646911203788083,0.0,1.1564691120378807
CKSZ03,GLSZ03,1,0.35098826844968334,0.0,1.3509882684496834
CKSZ03,GLSZ05,1,0.34922527626469496,0.0,1.349225276264695
CKSZ03,HGSZ08,2,0.3096862054230209,0.0,2.309686205423021
CKSZ03,JESZ03,2,0.6482437051995168,0.0,2.648243705199517
CKSZ03,JESZ05,9,1.4743163241869346,0.0,10.474316324186935
CKSZ03,JWSZ01,1,0.07798707543311473,0.0,1.0779870754331147
CKSZ03,JWSZ07,1,0.05323174999946343,0.0,1.0532317499994635
CKSZ03,JWSZ08,3,1.398660713947452,0.0,4.398660713947452
CKSZ03,JWSZ09,6,0.8968614072083341,0.0,6.896861407208334
CKSZ03,KLSZ01,1,0.48304571915870126,0.0,1.4830457191587012
CKSZ03,KLSZ06,2,0.48761912077263103,0.0,2.487619120772631
CKSZ03,KLSZ07,1,0.37376332507074994,0.0,1.37376332507075
CKSZ03,ORSZ02,4,0.9646817283287301,0.0,4.96468172832873
CKSZ03,OTSZ03,2,0.730190602217442,0.0,2.730190602217442
CKSZ03,OTSZ04,3,0.29725590749047864,0.0,3.2972559074904786
CKSZ03,PLSZ04,1,0.06148981774782003,0.0,1.06148981774782
CKSZ03,PNSZ01,3,0.2830256959983131,0.0,3.283025695998313
CKSZ03,PRSZ06,1,0.1366174678911456,0.0,1.1366174678911456
CKSZ03,QTSZ02,1,0.19861773549648284,0.0,1.1986177354964829
CKSZ03,QTSZ06,1,0.10463654879040814,0.0,1.1046365487904082
CKSZ03,QTSZ08,7,1.222645093620199,0.0,8.2226450936202
CKSZ03,QTSZ09,2,0.21855764114247597,0.0,2.218557641142476
CKSZ03,QTSZ10,1,0.2810366517899625,0.0,1.2810366517899625
CKSZ03,QTSZ11,4,1.4334060668165807,0.0,5.4334060668165804
CKSZ03,QTSZ12,1,0.22704769642303885,0.0,1.2270476964230388
CKSZ03,SBSZ03,2,0.6837559619304365,0.0,2.6837559619304363
CKSZ03,SGSZ05,1,0.23481991459308463,0.0,1.2348199145930847
CKSZ03,SKSZ02,1,0.0,0.0,1.0
CKSZ03,SKSZ03,2,0.500401210467215,0.48241408635722,2.982815296824435
CKSZ03,SRSZ03,1,0.189763793164009,0.0,1.189763793164009
CKSZ03,TMSZ04,1,0.28832455477532987,0.0,1.28832455477533
CKSZ03,TPSZ06,1,0.3325438330105202,0.0,1.3325438330105202
CKSZ03,TSSZ03,1,0.09080454089338288,0.0,1.0908045408933829
CKSZ03,TSSZ05,4,1.4870558547086914,0.0,5.487055854708691
CKSZ03,TSSZ06,1,0.03323226296105845,0.0,1.0332322629610584
CKSZ03,WCSZ01,5,0.8211717630101828,0.0,5.821171763010183
CKSZ03,WDSZ01,2,0.21459744772414796,0.0,2.214597447724148
CKSZ03,WDSZ02,4,0.9696199560326291,0.0,4.969619956032629
CKSZ03,WDSZ03,3,1.0069584098398872,0.0,4.006958409839887
CKSZ03,WDSZ06,2,0.4006692255013485,0.0,2.4006692255013484
CKSZ03,WDSZ09,1,0.1812856163635076,0.0,1.1812856163635077
CKSZ03,YSSZ01,1,0.4435005488831403,0.0,1.4435005488831403
CKSZ03,YSSZ08,1,0.11641933324602351,0.0,1.1164193332460235
CKSZ03,YSSZ09,3,1.3632203626373047,0.0,4.363220362637305
CKSZ04,AMSZ01,1,0.26710839991821517,0.0,1.2671083999182151
CKSZ04,AMSZ03,1,0.22919655961658633,0.0,1.2291965596165864
CKSZ04,BKSZ01,1,0.24700095644907025,0.057560848118743985,1.3045618045678142
CKSZ04,BKSZ02,1,0.41787224802464323,0.07143277927006625,1.4893050272947095
CKSZ04,BKSZ03,1,0.558069808114871,0.24027165799298486,1.7983414661078558
CKSZ04,BKSZ05,3,1.1820477948191894,0.0,4.182047794819189
CKSZ04,BKSZ07,1,0.4725811358791733,0.0,1.4725811358791732
CKSZ04,BMSZ01,2,0.461986601514888,0.0,2.461986601514888
CKSZ04,BMSZ05,1,0.2016454437938049,0.0,1.201645443793805
CKSZ04,BPSZ05,4,0.8865203907289331,0.5904920839735381,5.477012474702471
CKSZ04,BPSZ06,1,0.31786394331157497,0.0,1.317863943311575
CKSZ04,BTSZ01,2,0.5171737051594659,0.0,2.517173705159466
CKSZ04,BTSZ05,2,0.22615960404926677,0.0,2.2261596040492666
CKSZ04,BTSZ08,1,0.15237072299364265,0.0,1.1523707229936426
CKSZ04,CKSZ01,1,0.6581144475679024,0.17437622320703208,1.8324906707749344
CKSZ04,CKSZ02,2,1.1756617762691277,0.5060749084710453,3.6817366847401733
CKSZ04,CKSZ03,15,1.6228546337101373,3.7054817755522578,20.328336409262395
CKSZ04,CKSZ04,3,0.764811876796983,7.1218760638032,10.886687940600183
CKSZ04,CKSZ05,1,0.61353262940594,0.11966523517112754,1.7331978645770676
CKSZ04,CKSZ06,3,0.7195627425928266,0.4121612358164088,4.131723978409235
CKSZ04,CLSZ01,1,0.11291330329302798,0.0,1.112913303293028
CKSZ04,CLSZ06,1,0.23560709292499832,0.0,1.2356070929249983
CKSZ04,CLSZ09,2,0.18499599094511066,0.0,2.1849959909451107
CKSZ04,DTSZ01,1,0.2985878919606877,0.0,1.2985878919606877
CKSZ04,DTSZ03,1,0.18055536231116195,0.0,1.180555362311162
CKSZ04,DTSZ05,1,0.15974507416040842,0.0,1.1597450741604085
CKSZ04,DTSZ08,1,0.1753241301991156,0.0,1.1753241301991155
CKSZ04,DTSZ09,1,0.14372033134653786,0.0,1.1437203313465378
CKSZ04,DTSZ11,4,0.23312503262736334,0.0,4.233125032627363
CKSZ04,DTSZ12,1,0.17000268546181943,0.0,1.1700026854618195
CKSZ04,GLSZ02,2,0.19818171748921043,0.0,2.19818171748921
CKSZ04,HGSZ04,1,0.25568347600103086,0.0,1.255683476001031
CKSZ04,JESZ05,3,0.6563150217217192,0.0,3.6563150217217193
CKSZ04,JWSZ01,1,0.08276940463748356,0.0,1.0827694046374836
CKSZ04,JWSZ05,1,0.06873461338662433,0.0,1.0687346133866242
CKSZ04,JWSZ09,2,0.9807127482669934,0.0,2.9807127482669933
CKSZ04,KLSZ06,1,0.30170112099823265,0.0,1.3017011209982328
CKSZ04,KLSZ07,1,0.32217525683655684,0.0,1.3221752568365568
CKSZ04,KLSZ08,1,0.42985696596180467,0.0,1.4298569659618048
CKSZ04,MUSZ03,1,0.03915907781023897,0.0,1.0391590778102389
CKSZ04,ORSZ02,1,0.2995248769245512,0.0,1.299524876924551
CKSZ04,OTSZ01,2,0.07113981003501563,0.0,2.0711398100350156
CKSZ04,OTSZ03,2,0.5681862298215387,0.0,2.5681862298215385
CKSZ04,OTSZ04,1,0.08706966279407083,0.0,1.0870696627940708
CKSZ04,PNSZ02,1,0.0,0.0,1.0
CKSZ04,PNSZ03,1,0.0,0.0,1.0
CKSZ04,QTSZ08,3,0.8006825726679044,0.0,3.8006825726679043
CKSZ04,QTSZ09,1,0.04880619938771835,0.0,1.0488061993877182
CKSZ04,QTSZ10,2,0.2912612117743868,0.0,2.291261211774387
CKSZ04,QTSZ11,3,0.6674645371282186,0.0,3.6674645371282186
CKSZ04,QTSZ12,1,0.14868976691141514,0.0,1.1486897669114151
CKSZ04,QTSZ13,1,0.22601796367918087,0.0,1.2260179636791808
CKSZ04,QTSZ14,1,0.2545450637866996,0.0,1.2545450637866997
CKSZ04,QTSZ15,1,0.16296076657891542,0.0,1.1629607665789155
CKSZ04,RCSZ01,1,0.14791569060052387,0.0,1.147915690600524
CKSZ04,RCSZ10,1,0.13681704126785524,0.0,1.1368170412678553
CKSZ04,SBSZ08,1,0.08381670455019243,0.0,1.0838167045501925
CKSZ04,SLSZ01,1,0.183791966236156,0.0,1.183791966236156
CKSZ04,SRSZ02,1,0.05618067619563147,0.0,1.0561806761956314
CKSZ04,SRSZ03,1,0.17164109671849032,0.0,1.1716410967184903
CKSZ04,SVSZ01,1,0.606089768030653,0.0,1.606089768030653
CKSZ04,TMSZ05,3,2.015575345278585,0.0,5.0155753452785845
CKSZ04,TNSZ02,1,0.11934001767925297,0.0,1.119340017679253
CKSZ04,TPSZ08,1,0.1037443816627761,0.0,1.103744381662776
CKSZ04,TSSZ04,1,0.27436200354198254,0.0,1.2743620035419825
CKSZ04,WDSZ01,1,0.11290634518522284,0.0,1.1129063451852228
CKSZ04,WDSZ02,1,0.4134425682413626,0.0,1.4134425682413627
CKSZ04,WDSZ03,1,0.4141749400847022,0.0,1.4141749400847021
CKSZ04,WDSZ06,1,0.2761125718584265,0.0,1.2761125718584265
CKSZ04,YSSZ01,1,0.17514351764722258,0.0,1.1751435176472227
CKSZ04,YSSZ02,1,0.16059498465469438,0.0,1.1605949846546944
CKSZ05,AMSZ01,3,0.6690066412918667,0.0,3.6690066412918667
CKSZ05,AMSZ10,2,0.4508209857407552,0.0,2.450820985740755
CKSZ05,BDSZ04,1,0.24828975805602171,0.0,1.2482897580560217
CKSZ05,BKSZ03,1,0.5610937282189707,0.0,1.5610937282189707
CKSZ05,BKSZ05,2,1.0023301736807861,0.0,3.002330173680786
CKSZ05,BLSZ02,1,0.07126424231907627,0.0,1.0712642423190764
CKSZ05,BMSZ01,1,0.3528650309449182,0.0,1.3528650309449182
CKSZ05,BMSZ05,1,0.17859056648403482,0.0,1.1785905664840348
CKSZ05,BMSZ07,1,0.3914577464959929,0.0,1.391457746495993
CKSZ05,BMSZ09,1,0.06991329536157505,0.0,1.069913295361575
CKSZ05,BPSZ02,1,0.3323752325326831,0.08952753707044073,1.421902769603124
CKSZ05,BPSZ03,1,0.530994024598999,0.1045511171888241,1.635545141787823
CKSZ05,BPSZ04,1,0.42894595590719825,0.0,1.4289459559071982
CKSZ05,BPSZ05,2,0.6264348979468908,0.15027916371160074,2.7767140616584913
CKSZ05,BTSZ03,1,0.16557459201824604,0.0,1.165574592018246
CKSZ05,BTSZ06,1,0.1056319786849476,0.0,1.1056319786849476
CKSZ05,CKSZ02,2,0.7834630558407832,0.16094210894070773,2.9444051647814913
CKSZ05,CKSZ03,5,1.0844356075724912,1.118042015621553,7.202477623194044
CKSZ05,CKSZ04,1,0.8019661382361327,0.1681057885675014,1.9700719268036342
CKSZ05,CKSZ05,5,3.2058831395156457,20.823557280862445,29.02944042037809
CKSZ05,CKSZ06,2,1.483168140873984,0.38391797121459237,3.867086112088576
CKSZ05,DTSZ01,1,0.28280584881221543,0.0,1.2828058488122154
CKSZ05,DTSZ05,4,0.23364050512323703,0.0,4.233640505123237
CKSZ05,DTSZ08,2,0.12909303587577145,0.0,2.1290930358757714
CKSZ05,DTSZ11,1,0.31575168482861554,0.0,1.3157516848286155
CKSZ05,JESZ03,1,0.3729444319480855,0.0,1.3729444319480855
CKSZ05,JESZ05,8,0.7745266102872957,0.0,8.774526610287296
CKSZ05,JWSZ05,1,0.06203637819704666,0.0,1.0620363781970465
CKSZ05,JWSZ06,1,0.1258065639680627,0.0,1.1258065639680628
CKSZ05,JWSZ08,1,0.5459435162596754,0.0,1.5459435162596753
CKSZ05,JWSZ09,1,0.5695941768113731,0.0,1.569594176811373
CKSZ05,KLSZ01,1,0.3647517858750224,0.0,1.3647517858750224
CKSZ05,KLSZ02,1,0.11376861005486298,0.0,1.113768610054863
CKSZ05,KLSZ07,1,0.3042945212236702,0.0,1.30429452122367
CKSZ05,NVSZ02,2,0.6022385999756751,0.0,2.602238599975675
CKSZ05,ORSZ03,2,0.2854176333614118,0.0,2.285417633361412
CKSZ05,OTSZ03,1,0.37566121347133014,0.0,1.3756612134713302
CKSZ05,PNSZ01,1,0.08036634693651702,0.0,1.080366346936517
CKSZ05,QTSZ01,1,0.2818053300528466,0.0,1.2818053300528467
CKSZ05,QTSZ05,1,0.23619995033316074,0.0,1.2361999503331607
CKSZ05,QTSZ07,1,0.0,0.0,1.0
CKSZ05,QTSZ11,6,0.5313834848337516,0.0,6.531383484833752
CKSZ05,QTSZ12,2,0.1730057615617552,0.0,2.1730057615617553
CKSZ05,QTSZ13,1,0.1923061155127244,0.0,1.1923061155127244
CKSZ05,QTSZ14,2,0.24721127176714391,0.0,2.247211271767144
CKSZ05,RCSZ01,2,0.1841851565239814,0.0,2.1841851565239816
CKSZ05,RCSZ03,1,0.08217758961248676,0.0,1.0821775896124868
CKSZ05,RCSZ05,1,0.050800905427678685,0.0,1.0508009054276788
CKSZ05,SBSZ03,1,0.316997195319243,0.0,1.316997195319243
CKSZ05,SGSZ02,1,0.11677491606364514,0.0,1.116774916063645
CKSZ05,SGSZ04,1,0.38777472708675853,0.0,1.3877747270867586
CKSZ05,SRSZ02,1,0.05590482988859555,0.0,1.0559048298885956
CKSZ05,TMSZ02,1,0.2633636996746127,0.0,1.2633636996746127
CKSZ05,TPSZ02,1,0.27871553942321986,0.0,1.27871553942322
CKSZ05,TPSZ09,1,0.11641668134471107,0.0,1.1164166813447112
CKSZ05,WDSZ02,1,0.4307265936212309,0.0,1.4307265936212308
CKSZ05,WDSZ04,1,0.3346227553026426,0.0,1.3346227553026426
CKSZ05,WDSZ09,1,0.12375217215417994,0.0,1.1237521721541799
CKSZ05,YSSZ01,2,0.33970543450305946,0.0,2.3397054345030597
CKSZ05,YSSZ02,1,0.1730234946403392,0.0,1.1730234946403393
CKSZ06,AMSZ01,3,0.8782020598843916,0.0,3.8782020598843916
CKSZ06,AMSZ10,2,0.6542860640906465,0.0,2.6542860640906465
CKSZ06,BDSZ04,2,0.5787985935939554,0.0,2.5787985935939552
CKSZ06,BKSZ02,1,0.5703726642688329,0.0,1.570372664268833
CKSZ06,BKSZ03,1,0.6304074093358443,0.0,1.6304074093358443
CKSZ06,BKSZ04,3,0.3394255990834778,0.0,3.339425599083478
CKSZ06,BKSZ05,1,1.0450348718186324,0.0,2.0450348718186326
CKSZ06,BLSZ01,1,0.26991071177156645,0.0,1.2699107117715664
CKSZ06,BLSZ02,1,0.11202477177153196,0.0,1.112024771771532
CKSZ06,BLSZ03,1,0.3708985268940358,0.0,1.370898526894036
CKSZ06,BMSZ01,3,0.5258400565270889,0.0,3.525840056527089
CKSZ06,BMSZ02,2,0.33150621820203235,0.0,2.3315062182020325
CKSZ06,BMSZ04,2,0.22037207172282552,0.0,2.2203720717228257
CKSZ06,BMSZ13,1,0.26767575142038863,0.0,1.2676757514203887
CKSZ06,BMSZ15,1,0.25822611536690643,0.0,1.2582261153669063
CKSZ06,BPSZ02,1,0.41313140866758125,0.15994743838802478,1.573078847055606
CKSZ06,BPSZ04,1,0.5607508082572804,0.0,1.5607508082572803
CKSZ06,BSSZ01,1,0.5229281165273328,0.0,1.522928116527333
CKSZ06,BTSZ01,1,0.4084578080613408,0.0,1.4084578080613408
CKSZ06,BTSZ05,1,0.15335749960450135,0.0,1.1533574996045013
CKSZ06,BTSZ08,1,0.23591227236344833,0.0,1.2359122723634484
CKSZ06,CHSZ03,1,0.41390278873285885,0.0,1.4139027887328588
CKSZ06,CKSZ01,2,1.1890524812552763,1.3502323968000545,4.539284878055331
CKSZ06,CKSZ03,7,1.598058383106372,5.450074176116094,14.048132559222466
CKSZ06,CKSZ04,2,0.9055787512961534,0.9712122779180417,3.8767910292141954
CKSZ06,CKSZ05,1,1.174613595090057,0.7302485053258828,2.90486210041594
CKSZ06,CKSZ06,22,2.7145684476052,50.81771960653096,75.53228805413616
CKSZ06,CLSZ02,1,0.10995799467212289,0.0,1.109957994672123
CKSZ06,CLSZ04,2,0.26079423534033014,0.0,2.26079423534033
CKSZ06,CLSZ06,1,0.2567284453873454,0.0,1.2567284453873455
CKSZ06,DTSZ01,1,0.32661130869589533,0.0,1.3266113086958953
CKSZ06,DTSZ02,4,0.8370168627542246,0.0,4.837016862754225
CKSZ06,DTSZ05,5,0.2326130636429282,0.0,5.232613063642928
CKSZ06,DTSZ08,1,0.23748351813612564,0.0,1.2374835181361257
CKSZ06,DTSZ11,5,0.3635571311431482,0.0,5.363557131143148
CKSZ06,DTSZ12,1,0.21977977822882602,0.0,1.219779778228826
CKSZ06,GLSZ01,1,0.4684716881245831,0.0,1.4684716881245832
CKSZ06,GLSZ02,1,0.15525331705380158,0.0,1.1552533170538015
CKSZ06,JESZ03,1,0.586191396774959,0.0,1.586191396774959
CKSZ06,JESZ05,13,0.8858482847860961,0.0,13.885848284786096
CKSZ06,JWSZ04,1,0.4936455692688966,0.0,1.4936455692688966
CKSZ06,JWSZ06,1,0.19279928530598678,0.0,1.1927992853059868
CKSZ06,JWSZ08,3,1.2769105254214423,0.0,4.276910525421442
CKSZ06,JWSZ09,3,0.9228297736730372,0.0,3.9228297736730373
CKSZ06,KLSZ03,2,0.12630458347190465,0.0,2.1263045834719048
CKSZ06,KLSZ06,2,0.3851214663658988,0.0,2.3851214663658986
CKSZ06,KLSZ07,1,0.4273178776552216,0.0,1.4273178776552216
CKSZ06,KLSZ08,2,0.3848805716653198,0.0,2.38488057166532
CKSZ06,MPSZ02,1,0.17772476983990176,0.0,1.1777247698399018
CKSZ06,MUSZ03,2,0.06486851930286196,0.0,2.0648685193028617
CKSZ06,NTSZ03,2,0.10565065122762099,0.0,2.105650651227621
CKSZ06,NVSZ02,3,0.7536721632005435,0.0,3.7536721632005436
CKSZ06,ORSZ01,1,0.06435812957860938,0.0,1.0643581295786093
CKSZ06,ORSZ02,3,0.7576693784791707,0.0,3.7576693784791706
CKSZ06,PGSZ05,1,0.4047099681975035,0.0,1.4047099681975035
CKSZ06,PLSZ04,1,0.06662652918702376,0.0,1.0666265291870238
CKSZ06,PNSZ01,1,0.12872786192440008,0.0,1.1287278619244
CKSZ06,PNSZ03,1,0.0,0.0,1.0
CKSZ06,QTSZ05,1,0.37037197127428134,0.0,1.3703719712742815
CKSZ06,QTSZ08,3,0.6358074450069356,0.0,3.6358074450069355
CKSZ06,QTSZ10,1,0.3472976280991597,0.0,1.3472976280991598
CKSZ06,QTSZ11,4,0.544736296427415,0.0,4.5447362964274145
CKSZ06,QTSZ12,1,0.23918425226408832,0.0,1.2391842522640883
CKSZ06,QTSZ14,1,0.36241973398039795,0.0,1.3624197339803978
CKSZ06,RCSZ10,1,0.1732923610956412,0.0,1.1732923610956412
CKSZ06,SBSZ07,1,0.0,0.0,1.0
CKSZ06,SBSZ08,1,0.15554102312399676,0.0,1.1555410231239969
CKSZ06,SBSZ09,1,0.7890237116465777,0.0,1.7890237116465777
CKSZ06,SGSZ02,1,0.20316980853054203,0.0,1.203169808530542
CKSZ06,SKSZ01,1,0.4233376945579966,0.0,1.4233376945579965
CKSZ06,SKSZ03,1,0.2446331590326355,0.5177562423772373,1.7623894014098727
CKSZ06,SKSZ04,4,0.8639734435806452,0.0,4.863973443580646
CKSZ06,SRSZ03,1,0.228591379333332,0.0,1.228591379333332
CKSZ06,TMSZ05,1,0.37281137514216695,0.0,1.372811375142167
CKSZ06,TPSZ01,1,0.2051310581798939,0.0,1.205131058179894
CKSZ06,TPSZ04,1,0.11816412153584413,0.0,1.1181641215358442
CKSZ06,TPSZ06,1,0.33253577524392197,0.0,1.332535775243922
CKSZ06,TSSZ02,1,0.24742789573267984,0.0,1.2474278957326799
CKSZ06,TSSZ03,1,0.11210451742967721,0.0,1.1121045174296773
CKSZ06,TSSZ05,1,0.8036252990855354,0.0,1.8036252990855353
CKSZ06,TSSZ06,1,0.015916988498465533,0.0,1.0159169884984656
CKSZ06,WCSZ01,11,0.8817490709366438,0.0,11.881749070936644
CKSZ06,WDSZ01,3,0.2441074005672684,0.0,3.2441074005672683
CKSZ06,WDSZ02,4,0.773126419986608,0.0,4.773126419986608
CKSZ06,WDSZ06,1,0.3945127612985969,0.0,1.3945127612985968
CKSZ06,YSSZ04,1,0.38789276638803993,0.0,1.38789276638804
CKSZ06,YSSZ09,1,0.5120961471667723,0.0,1.5120961471667722
CLSZ01,BDSZ05,1,0.2720628954407527,0.0,1.2720628954407527
CLSZ01,BKSZ05,1,0.6685513135418067,0.3547617550315265,2.023313068573333
CLSZ01,BMSZ04,1,0.15494909765403195,0.0,1.154949097654032
CLSZ01,BMSZ08,1,0.12669968558214048,0.0,1.1266996855821405
CLSZ01,BMSZ13,1,0.06896673660480433,0.0,1.0689667366048043
CLSZ01,BPSZ05,2,0.41539107242884804,0.0,2.415391072428848
CLSZ01,BTSZ01,3,1.1921729738663975,0.6303988494436581,4.822571823310056
CLSZ01,CKSZ02,1,0.3916353341961871,0.0,1.3916353341961871
CLSZ01,CKSZ04,1,0.40380896116473775,0.0,1.4038089611647377
CLSZ01,CLSZ05,1,0.4179125787131341,0.10815366717836561,1.5260662458914998
CLSZ01,CLSZ06,2,0.6441596939271529,0.624262047773953,3.268421741701106
CLSZ01,DTSZ12,1,0.1238619810903156,0.0,1.1238619810903157
CLSZ01,HGSZ04,1,0.19837657218143184,0.0,1.198376572181432
CLSZ01,JESZ01,2,0.8681731141099563,0.014270783234209855,2.882443897344166
CLSZ01,JESZ03,2,0.8589157534432904,0.9454609350641827,3.8043766885074732
CLSZ01,JESZ05,2,1.5763179547577892,1.3225107504804288,4.898828705238218
CLSZ01,JWSZ02,1,0.3654864807364361,0.0,1.3654864807364362
CLSZ01,JWSZ03,2,0.514351115010285,0.0,2.514351115010285
CLSZ01,JWSZ04,1,0.4841849216125672,0.0,1.484184921612567
CLSZ01,JWSZ08,1,0.5215976032111669,0.0,1.5215976032111669
CLSZ01,JWSZ09,2,0.8350733605604272,0.0,2.8350733605604272
CLSZ01,KLSZ06,1,0.26115306709504377,0.0,1.2611530670950437
CLSZ01,QTSZ01,1,0.34462466021255134,0.0,1.3446246602125513
CLSZ01,QTSZ05,1,0.27883505542482445,0.0,1.2788350554248245
CLSZ01,QTSZ06,1,0.10650678309301224,0.0,1.1065067830930122
CLSZ01,SBSZ01,1,0.23566446942814404,0.0,1.235664469428144
CLSZ01,SBSZ04,1,0.36041452808576724,0.0,1.3604145280857671
CLSZ01,SESZ02,2,0.35514339424075037,0.0,2.3551433942407503
CLSZ01,SESZ03,1,0.3417417092790804,0.0,1.3417417092790804
CLSZ01,TMSZ02,1,0.45230818466674505,0.0,1.452308184666745
CLSZ01,WDSZ03,1,0.38696426330638267,0.0,1.3869642633063828
CLSZ01,YSSZ04,1,0.4074436547047843,0.0,1.4074436547047844
CLSZ01,YSSZ09,1,0.36655103061516203,0.0,1.366551030615162
CLSZ02,BMSZ02,1,0.0,0.0,1.0
CLSZ02,BMSZ15,1,0.0,0.0,1.0
CLSZ02,BTSZ01,1,0.0,0.0,1.0
CLSZ02,CKSZ01,1,0.0,0.0,1.0
CLSZ02,CLSZ01,1,0.0,0.0,1.0
CLSZ02,DTSZ02,1,0.0,0.0,1.0
CLSZ02,DTSZ12,1,0.0,0.0,1.0
CLSZ02,JWSZ04,1,0.0,0.0,1.0
CLSZ02,MUSZ03,1,0.0,0.0,1.0
CLSZ03,BMSZ16,1,0.047842588201327675,0.0,1.0478425882013276
CLSZ03,CKSZ03,1,0.7854559633650555,0.0,1.7854559633650555
CLSZ03,CLSZ04,1,1.223826223600072,0.38586441192100823,2.6096906355210803
CLSZ03,CLSZ06,2,1.7587246411839252,0.6598487384802549,4.41857337966418
CLSZ03,DTSZ05,1,0.41094065088160586,0.0,1.4109406508816058
CLSZ03,JESZ05,1,1.9996468921455521,0.34144657387608596,3.3410934660216385
CLSZ03,JESZ06,1,0.6457484847412898,0.2934488882415134,1.9391973729828031
CLSZ03,KLSZ09,1,0.04325393167988625,0.0,1.0432539316798863
CLSZ03,NTSZ03,1,0.08446608465736576,0.0,1.0844660846573657
CLSZ03,NVSZ02,1,0.7584703387185129,0.0,1.7584703387185128
CLSZ03,OTSZ03,1,0.5824957849432387,0.0,1.5824957849432386
CLSZ03,QTSZ08,1,0.6862382151944518,0.0,1.686238215194452
CLSZ03,QTSZ10,1,0.5586727154106476,0.31930247208940593,1.8779751875000537
CLSZ03,QTSZ11,2,0.41000763838178694,0.0,2.4100076383817868
CLSZ03,QTSZ13,1,0.3695848771393817,0.0,1.3695848771393817
CLSZ03,QTSZ14,1,0.4564321814415831,0.0,1.456432181441583
CLSZ03,TPSZ03,1,0.17819278830520968,0.0,1.1781927883052097
CLSZ04,AMSZ01,1,0.29089962955335835,0.0,1.2908996295533584
CLSZ04,AMSZ02,1,0.21720659901967326,0.0,1.2172065990196732
CLSZ04,AMSZ07,1,0.21050310917980458,0.0,1.2105031091798046
CLSZ04,AMSZ08,1,0.1258234282305535,0.0,1.1258234282305535
CLSZ04,BDSZ01,1,0.29812750329034127,0.0,1.2981275032903412
CLSZ04,BDSZ04,1,0.24859160848333162,0.0,1.2485916084833315
CLSZ04,BKSZ02,1,0.1863676361563616,0.0,1.1863676361563615
CLSZ04,BKSZ05,6,2.0116511242873765,0.0,8.011651124287376
CLSZ04,BKSZ07,1,0.4957143265883743,0.0,1.4957143265883743
CLSZ04,BKSZ09,2,0.6173806344154052,0.04029278995271765,2.657673424368123
CLSZ04,BLSZ02,1,0.08493806116686692,0.0,1.0849380611668669
CLSZ04,BMSZ01,2,0.4753609444800732,0.0,2.475360944480073
CLSZ04,BMSZ03,5,0.423029836574416,0.0,5.423029836574416
CLSZ04,BMSZ04,2,0.264281307259633,0.0,2.264281307259633
CLSZ04,BMSZ05,1,0.20942714928818645,0.0,1.2094271492881865
CLSZ04,BMSZ06,2,0.5488845856151843,0.0,2.548884585615184
CLSZ04,BMSZ07,1,0.44575780775917406,0.0,1.4457578077591742
CLSZ04,BMSZ08,1,0.1551951682528712,0.0,1.1551951682528712
CLSZ04,BMSZ10,1,0.1164731087247378,0.0,1.1164731087247377
CLSZ04,BMSZ15,1,0.13162635168851633,0.0,1.1316263516885163
CLSZ04,BMSZ17,1,0.1627132292025499,0.0,1.16271322920255
CLSZ04,BTSZ01,8,1.631155198726388,1.899018448390618,11.530173647117007
CLSZ04,BTSZ03,2,0.5444194944214583,0.7639908245126414,3.3084103189341
CLSZ04,BTSZ04,2,1.3861615353244938,0.4852658495030326,3.871427384827526
CLSZ04,BTSZ05,1,0.15844438686346352,0.0,1.1584443868634635
CLSZ04,BTSZ06,3,0.34234854290018246,0.0,3.3423485429001825
CLSZ04,CKSZ03,2,0.5558425455401199,0.0,2.55584254554012
CLSZ04,CKSZ06,2,0.29124499893398054,0.0,2.2912449989339807
CLSZ04,CLSZ02,1,0.2702974195841742,0.6304990527860789,1.9007964723702533
CLSZ04,CLSZ03,1,1.1721954229469025,0.867107919635018,3.0393033425819205
CLSZ04,CLSZ04,3,0.7749965797051193,12.997501396045607,16.772497975750724
CLSZ04,CLSZ05,4,1.1299870799522607,2.501879092596387,7.631866172548648
CLSZ04,CLSZ06,11,1.2558596009819032,11.548801379298043,23.804660980279948
CLSZ04,CLSZ07,1,0.7046084508101936,0.12635487246013882,1.8309633232703324
CLSZ04,CLSZ08,1,0.6414119854918192,0.3719706316660221,2.0133826171578413
CLSZ04,DTSZ01,2,0.317273054623593,0.0,2.317273054623593
CLSZ04,DTSZ03,4,0.790144842830737,0.0,4.790144842830737
CLSZ04,DTSZ04,1,0.1340111434469677,0.0,1.1340111434469677
CLSZ04,DTSZ05,3,0.5669128632383112,0.0,3.5669128632383114
CLSZ04,DTSZ08,3,0.307025313138467,0.0,3.307025313138467
CLSZ04,DTSZ09,1,0.1072010752226262,0.0,1.1072010752226262
CLSZ04,DTSZ11,3,0.8879650465131682,0.0,3.8879650465131683
CLSZ04,GLSZ01,1,0.3744937263081255,0.0,1.3744937263081254
CLSZ04,GLSZ03,1,0.28444883927435805,0.0,1.284448839274358
CLSZ04,GLSZ04,1,0.31743947006850526,0.0,1.3174394700685053
CLSZ04,HGSZ06,1,0.3898257529352373,0.0,1.3898257529352374
CLSZ04,HGSZ08,1,0.2130383907670944,0.0,1.2130383907670943
CLSZ04,JESZ03,4,0.7889355248884129,0.879321506302184,5.668257031190597
CLSZ04,JESZ05,9,1.1477390731025077,3.368670644594097,13.516409717696604
CLSZ04,JESZ06,2,0.33341925783112614,0.8544001558073692,3.1878194136384956
CLSZ04,JESZ08,1,0.30061093665473326,0.06551221969380222,1.3661231563485354
CLSZ04,JWSZ01,2,0.11161924743438226,0.0,2.1116192474343825
CLSZ04,JWSZ03,1,0.3306442426902839,0.0,1.3306442426902838
CLSZ04,JWSZ04,2,0.47384360053729974,0.0,2.4738436005373
CLSZ04,JWSZ08,2,0.8986484211346354,0.0,2.8986484211346353
CLSZ04,JWSZ09,5,1.1140679787905783,0.0,6.114067978790578
CLSZ04,KLSZ01,1,0.39633175347374466,0.0,1.3963317534737447
CLSZ04,KLSZ06,1,0.2769382371555522,0.0,1.2769382371555522
CLSZ04,KLSZ08,4,0.5616149033807153,0.0,4.561614903380716
CLSZ04,MUSZ01,2,0.20503045570506712,0.0,2.2050304557050673
CLSZ04,MUSZ03,1,0.048309968876574745,0.0,1.0483099688765747
CLSZ04,NVSZ02,4,0.8576973120000538,0.0,4.857697312000054
CLSZ04,NVSZ03,2,0.20984047770308606,0.0,2.2098404777030862
CLSZ04,ORSZ02,3,0.5948237785062019,0.0,3.594823778506202
CLSZ04,OTSZ01,1,0.08201188009403816,0.0,1.0820118800940381
CLSZ04,OTSZ03,4,0.7186633928755997,0.0,4.7186633928756
CLSZ04,OTSZ04,1,0.0953471830104618,0.0,1.0953471830104617
CLSZ04,PNSZ01,1,0.09188716061015567,0.0,1.0918871606101557
CLSZ04,PNSZ02,1,0.0,0.0,1.0
CLSZ04,PRSZ04,1,0.05997274327712149,0.0,1.0599727432771215
CLSZ04,QTSZ01,2,0.6581551709879496,0.8539616602309781,3.512116831218928
CLSZ04,QTSZ03,2,0.3138531162331595,0.0,2.3138531162331595
CLSZ04,QTSZ04,3,0.19285722979118192,0.0,3.1928572297911817
CLSZ04,QTSZ05,1,0.30859450027639307,0.0,1.308594500276393
CLSZ04,QTSZ06,2,0.20445941353433508,0.0,2.204459413534335
CLSZ04,QTSZ07,1,0.0,0.0,1.0
CLSZ04,QTSZ08,11,0.9058149560397462,1.5579551566853431,13.46377011272509
CLSZ04,QTSZ09,2,0.08585771763984282,0.0,2.085857717639843
CLSZ04,QTSZ10,1,0.3596730546607702,1.005680380967051,2.365353435627821
CLSZ04,QTSZ11,6,0.9329828366508777,1.17995173637348,8.112934573024358
CLSZ04,QTSZ13,1,0.2931966894933049,0.0,1.293196689493305
CLSZ04,QTSZ14,1,0.37628088165873497,0.0,1.3762808816587349
CLSZ04,QTSZ15,1,0.3367858113626159,0.0,1.3367858113626159
CLSZ04,RCSZ01,1,0.14127996624875785,0.0,1.1412799662487578
CLSZ04,RCSZ10,1,0.13754992682036044,0.0,1.1375499268203604
CLSZ04,SESZ02,1,0.22191334227794912,0.0,1.2219133422779491
CLSZ04,SESZ03,1,0.3047480707544719,0.0,1.3047480707544719
CLSZ04,SESZ06,1,0.38198301097783155,0.0,1.3819830109778315
CLSZ04,SGSZ04,1,0.2812491986486631,0.0,1.2812491986486632
CLSZ04,SGSZ06,3,0.37283364848889655,0.0,3.3728336484888963
CLSZ04,SRSZ01,1,0.21979259427395154,0.0,1.2197925942739516
CLSZ04,TMSZ04,1,0.16424507346038877,0.0,1.1642450734603889
CLSZ04,TMSZ05,1,0.3065293892767041,0.0,1.306529389276704
CLSZ04,TNSZ01,1,0.30423369708160053,0.0,1.3042336970816004
CLSZ04,TNSZ02,1,0.14991315695992574,0.0,1.1499131569599257
CLSZ04,TNSZ04,1,0.17870248029100883,0.0,1.1787024802910089
CLSZ04,TPSZ01,1,0.13572332813466947,0.0,1.1357233281346695
CLSZ04,TPSZ02,1,0.2980591953595913,0.0,1.2980591953595912
CLSZ04,TPSZ03,1,0.13643822138684683,0.0,1.136438221386847
CLSZ04,TPSZ04,1,0.08111686448136685,0.0,1.081116864481367
CLSZ04,TPSZ06,4,1.1218397362308008,0.0,5.1218397362308
CLSZ04,TSSZ05,1,0.7239528609441113,0.0,1.7239528609441113
CLSZ04,TSSZ06,1,0.061815356956023984,0.0,1.061815356956024
CLSZ04,WCSZ01,3,0.791546885934205,0.0,3.791546885934205
CLSZ04,WDSZ02,1,0.3211989696837053,0.0,1.3211989696837052
CLSZ04,WDSZ07,1,0.04687489769684487,0.0,1.046874897696845
CLSZ04,YSSZ02,1,0.18124530977596112,0.0,1.1812453097759612
CLSZ05,AMSZ01,1,0.25084733515466057,0.0,1.2508473351546605
CLSZ05,BMSZ01,1,0.3817798682007256,0.0,1.3817798682007256
CLSZ05,BMSZ02,2,0.2687512700900538,0.0,2.268751270090054
CLSZ05,BPSZ05,1,0.4387373953007372,0.0,1.4387373953007372
CLSZ05,BTSZ01,1,0.47659386225040623,0.25907584273227724,1.7356697049826835
CLSZ05,BTSZ07,1,0.23854761024097676,0.0,1.2385476102409767
CLSZ05,CLSZ01,1,0.174150754598051,0.25186041361549705,1.426011168213548
CLSZ05,CLSZ04,3,1.1194543611120429,1.4937313551906697,5.613185716302713
CLSZ05,CLSZ05,1,1.27990709008913,2.2565934790120403,4.53650056910117
CLSZ05,CLSZ06,2,1.0922999696284057,1.8074692136402393,4.899769183268645
CLSZ05,CLSZ07,1,0.4172416105810421,0.10768395549080939,1.5249255660718515
CLSZ05,CLSZ09,1,0.16226277207475584,0.18237047742930412,1.34463324950406
CLSZ05,DTSZ11,1,0.2572305510625531,0.0,1.2572305510625532
CLSZ05,GLSZ03,1,0.34987749286358677,0.0,1.3498774928635868
CLSZ05,HGSZ01,1,0.22836110946266458,0.0,1.2283611094626645
CLSZ05,HGSZ04,1,0.2573849979275243,0.0,1.2573849979275242
CLSZ05,JESZ01,1,0.3213289382169823,0.0,1.3213289382169822
CLSZ05,JESZ05,3,0.9513672452969283,0.9858116326763551,4.937178877973284
CLSZ05,JESZ08,1,1.0121721754628183,0.3906307637932359,2.402802939256054
CLSZ05,MUSZ01,1,0.16241559943667463,0.0,1.1624155994366747
CLSZ05,NVSZ02,1,0.500332558001708,0.0,1.500332558001708
CLSZ05,ORSZ03,2,0.34775401556458535,0.0,2.3477540155645853
CLSZ05,OTSZ03,2,0.649834751013925,0.0,2.649834751013925
CLSZ05,QTSZ08,1,0.4933676290878714,0.0,1.4933676290878715
CLSZ05,QTSZ09,1,0.05577398093927481,0.0,1.0557739809392748
CLSZ05,QTSZ11,1,0.11222505633111418,0.2644158128556952,1.3766408691868095
CLSZ06,BKSZ02,2,0.29082793118972555,0.0,2.2908279311897255
CLSZ06,BKSZ03,1,0.3531364064891734,0.0,1.3531364064891733
CLSZ06,BKSZ09,1,0.3650303104932717,0.02023729988116256,1.3852676103744344
CLSZ06,BLSZ03,1,0.19688361830536974,0.0,1.1968836183053697
CLSZ06,BLSZ04,1,0.13558124419344142,0.0,1.1355812441934414
CLSZ06,BMSZ01,2,0.41621559877513825,0.0,2.416215598775138
CLSZ06,BMSZ02,2,0.21826860532989595,0.0,2.218268605329896
CLSZ06,BMSZ03,1,0.2675458735465264,0.0,1.2675458735465264
CLSZ06,BMSZ04,1,0.15301094174934926,0.0,1.1530109417493493
CLSZ06,BMSZ05,1,0.1990527432661079,0.0,1.1990527432661078
CLSZ06,BMSZ06,1,0.19045962210006356,0.0,1.1904596221000636
CLSZ06,BMSZ07,2,0.5442757697647126,0.0,2.5442757697647127
CLSZ06,BMSZ08,1,0.14668303816733405,0.0,1.146683038167334
CLSZ06,BMSZ10,1,0.12750840681136894,0.0,1.127508406811369
CLSZ06,BMSZ11,2,0.29778775469581936,0.0,2.297787754695819
CLSZ06,BMSZ17,1,0.15150706800778527,0.0,1.1515070680077852
CLSZ06,BPSZ07,1,0.09365673240780906,0.0,1.093656732407809
CLSZ06,BTSZ01,4,0.6325717006849597,1.2276643441271282,5.860236044812088
CLSZ06,BTSZ04,1,0.6183311355208162,0.19952880678592202,1.8178599423067383
CLSZ06,BTSZ06,1,0.1558341361641093,0.0,1.1558341361641093
CLSZ06,BTSZ07,1,0.36317788385345684,0.0,1.363177883853457
CLSZ06,BTSZ08,1,0.1933506006555844,0.0,1.1933506006555845
CLSZ06,CHSZ03,1,0.5290097506289717,0.0,1.5290097506289717
CLSZ06,CKSZ02,1,0.43366093509638154,0.0,1.4336609350963816
CLSZ06,CKSZ03,1,0.31253216963517527,0.0,1.3125321696351753
CLSZ06,CKSZ04,2,0.31766971913661934,0.0,2.317669719136619
CLSZ06,CKSZ05,2,0.22326998756240818,0.0,2.223269987562408
CLSZ06,CLSZ01,2,0.16998065755835398,0.4811260189627849,2.6511066765211386
CLSZ06,CLSZ02,2,0.3766540496622845,1.026276262127015,3.4029303117892993
CLSZ06,CLSZ03,1,0.9873504860625287,0.7437726083451811,2.73112309440771
CLSZ06,CLSZ04,9,1.6137977104522896,12.228519924528547,22.842317634980837
CLSZ06,CLSZ05,2,0.71549464416804,1.4562207612610794,4.1717154054291194
CLSZ06,CLSZ06,4,1.49791935546428,25.719389193296024,31.217308548760304
CLSZ06,CLSZ07,3,1.7627513290883234,0.9232731301038787,5.686024459192202
CLSZ06,CLSZ08,4,1.5500343450543135,2.6759775566729513,8.226011901727265
CLSZ06,CLSZ09,1,0.15811655215659234,0.3457742768498622,1.5038908290064545
CLSZ06,DTSZ01,1,0.2840715992946994,0.0,1.2840715992946994
CLSZ06,DTSZ02,2,0.3153791124433705,0.0,2.3153791124433707
CLSZ06,DTSZ03,4,0.5545782831175295,0.0,4.55457828311753
CLSZ06,DTSZ05,1,0.2111523781278037,0.0,1.2111523781278037
CLSZ06,DTSZ09,3,0.1498493065382788,0.0,3.149849306538279
CLSZ06,DTSZ11,1,0.3416256235511717,0.0,1.3416256235511717
CLSZ06,GLSZ01,1,0.30472374565275423,0.0,1.3047237456527543
CLSZ06,GLSZ05,1,0.329185882043484,0.0,1.3291858820434839
CLSZ06,JESZ01,1,0.20867889958380073,0.0,1.2086788995838007
CLSZ06,JESZ02,1,0.32067960380317495,0.0,1.320679603803175
CLSZ06,JESZ03,6,0.9297389860927997,1.96783716937736,8.89757615547016
CLSZ06,JESZ05,7,0.7828586597915629,2.374537924472087,10.15739658426365
CLSZ06,JESZ06,1,0.1836523507183246,0.4845716283116824,1.6682239790300069
CLSZ06,JESZ08,6,0.4891705113072777,0.5087327049470859,6.997903216254364
CLSZ06,JWSZ02,3,0.4909197192954321,0.0,3.490919719295432
CLSZ06,JWSZ03,1,0.3241184691380981,0.0,1.324118469138098
CLSZ06,JWSZ05,2,0.10840390696127657,0.0,2.1084039069612768
CLSZ06,JWSZ08,4,0.7733634371006314,0.0,4.773363437100631
CLSZ06,JWSZ09,4,0.6696674391923773,0.0,4.669667439192377
CLSZ06,KLSZ06,1,0.29000739134951986,0.0,1.2900073913495198
CLSZ06,MPSZ01,1,0.155234653824949,0.0,1.155234653824949
CLSZ06,OTSZ03,3,0.4805881645602958,0.0,3.4805881645602956
CLSZ06,PGSZ04,1,0.3395283321877737,0.0,1.3395283321877738
CLSZ06,PLSZ01,1,0.1400261886109594,0.0,1.1400261886109595
CLSZ06,QTSZ01,2,0.9136580776050293,0.8629442979960619,3.776602375601091
CLSZ06,QTSZ02,1,0.2074991313324171,0.0,1.207499131332417
CLSZ06,QTSZ03,1,0.2551139746603045,0.0,1.2551139746603046
CLSZ06,QTSZ05,1,0.2949897592611057,0.0,1.2949897592611057
CLSZ06,QTSZ08,5,0.5775977918758654,0.7304599373154007,6.308057729191266
CLSZ06,QTSZ09,1,0.05780050932660354,0.0,1.0578005093266036
CLSZ06,QTSZ11,1,0.22819963811146401,0.0,1.228199638111464
CLSZ06,QTSZ13,3,0.4894203302779215,0.020755997377021117,3.5101763276549427
CLSZ06,QTSZ14,2,0.3912879603718354,0.0,2.3912879603718356
CLSZ06,QTSZ15,2,0.3523930603806496,0.0,2.3523930603806495
CLSZ06,RVSZ05,1,0.15619934310874647,0.0,1.1561993431087465
CLSZ06,SBSZ01,1,0.2526792700702966,0.0,1.2526792700702967
CLSZ06,SESZ02,1,0.25034979005618313,0.0,1.250349790056183
CLSZ06,SKSZ02,1,0.0,0.0,1.0
CLSZ06,SKSZ04,1,0.1820142928065453,0.0,1.1820142928065454
CLSZ06,TNSZ03,1,0.028272489202424124,0.0,1.0282724892024242
CLSZ06,TPSZ02,1,0.28135932475169156,0.0,1.2813593247516915
CLSZ06,TPSZ08,1,0.0712701434798325,0.0,1.0712701434798324
CLSZ06,TSSZ03,1,0.07375365510694386,0.0,1.0737536551069438
CLSZ07,AMSZ01,1,0.1993422154992598,0.0,1.19934221549926
CLSZ07,AMSZ12,1,0.07815290602090903,0.0,1.078152906020909
CLSZ07,BDSZ01,1,0.2070447424428188,0.0,1.2070447424428188
CLSZ07,BKSZ02,1,0.16543352996319077,0.0,1.1654335299631908
CLSZ07,BKSZ05,1,0.4331106452815016,0.0,1.4331106452815017
CLSZ07,BKSZ06,1,0.18993721480502423,0.0,1.1899372148050242
CLSZ07,BMSZ03,1,0.3153873165091789,0.0,1.315387316509179
CLSZ07,BMSZ09,1,0.0006685502809117134,0.0,1.0006685502809116
CLSZ07,BMSZ11,1,0.0,0.0,1.0
CLSZ07,BMSZ15,1,0.0,0.0,1.0
CLSZ07,BMSZ17,1,0.08017912322586612,0.0,1.0801791232258662
CLSZ07,BPSZ02,1,0.08443286614469829,0.0,1.0844328661446982
CLSZ07,BPSZ07,1,0.04308225558815767,0.0,1.0430822555881576
CLSZ07,BTSZ01,1,0.33354448389819435,0.0,1.3335444838981942
CLSZ07,BTSZ07,1,0.2502596567958071,0.042497777954033776,1.292757434749841
CLSZ07,CKSZ01,2,0.6938954634004185,0.0,2.6938954634004184
CLSZ07,CLSZ03,1,0.5751642742127168,0.021400772146104394,1.5965650463588212
CLSZ07,CLSZ04,1,0.5434181939397893,0.12475836529381042,1.6681765592335998
CLSZ07,CLSZ05,1,0.13079664222967646,0.0,1.1307966422296765
CLSZ07,CLSZ06,1,0.411894844778269,0.22077370971016583,1.6326685544884347
CLSZ07,CLSZ07,3,0.7394582395376657,8.168413366575246,11.907871606112911
CLSZ07,DTSZ01,1,0.21526013312888917,0.0,1.2152601331288893
CLSZ07,DTSZ03,1,0.17777456234209235,0.0,1.1777745623420923
CLSZ07,DTSZ05,1,0.16964451981229184,0.0,1.1696445198122918
CLSZ07,DTSZ11,1,0.21648240267180555,0.0,1.2164824026718055
CLSZ07,HGSZ06,1,0.2996645701760306,0.0,1.2996645701760305
CLSZ07,JESZ05,5,0.8280697162482802,0.0,5.82806971624828
CLSZ07,JWSZ09,1,0.506592838272384,0.0,1.5065928382723839
CLSZ07,KLSZ09,1,0.03239935200496348,0.0,1.0323993520049635
CLSZ07,MDSZ02,1,0.08732664530620973,0.0,1.0873266453062098
CLSZ07,MUSZ01,1,0.07953162079661258,0.0,1.0795316207966126
CLSZ07,NVSZ02,1,0.35247214935698384,0.0,1.3524721493569838
CLSZ07,ORSZ02,1,0.27083821268874725,0.0,1.2708382126887472
CLSZ07,PGSZ02,1,0.1462413930867827,0.0,1.1462413930867827
CLSZ07,PGSZ04,1,0.17375514996141112,0.0,1.1737551499614112
CLSZ07,PRSZ03,1,0.22439996998137832,0.0,1.2243999699813783
CLSZ07,QTSZ04,1,0.0583040046360428,0.0762123392563485,1.1345163438923913
CLSZ07,QTSZ07,1,0.0,0.0,1.0
CLSZ07,QTSZ11,2,0.557031579329753,0.34427267147087426,2.901304250800627
CLSZ07,QTSZ12,1,0.18712164709820175,0.0,1.1871216470982018
CLSZ07,QTSZ13,1,0.25882538572139346,0.0012781515420160776,1.2601035372634095
CLSZ07,QTSZ14,1,0.2627751344170161,0.0,1.2627751344170162
CLSZ07,SBSZ03,1,0.2941124747411151,0.0,1.294112474741115
CLSZ07,SGSZ01,1,0.10083982974028767,0.0,1.1008398297402877
CLSZ07,SGSZ02,1,0.11936721699286366,0.0,1.1193672169928637
CLSZ07,TPSZ06,1,0.20642100546970443,0.0,1.2064210054697044
CLSZ07,TSSZ02,1,0.10847484869771759,0.0,1.1084748486977176
CLSZ07,WCSZ01,1,0.22754216272392144,0.0,1.2275421627239214
CLSZ07,WDSZ06,1,0.27156338091479404,0.0,1.271563380914794
CLSZ07,WDSZ09,1,0.09196492912040863,0.0,1.0919649291204085
CLSZ08,AMSZ06,1,0.49477871190663186,0.0,1.4947787119066318
CLSZ08,BKSZ03,1,0.43529750682916396,0.0,1.435297506829164
CLSZ08,BKSZ05,1,0.6592973360667166,0.0,1.6592973360667167
CLSZ08,BMSZ01,3,0.8345840100712714,0.0,3.8345840100712714
CLSZ08,BMSZ05,1,0.2773556367420916,0.0,1.2773556367420915
CLSZ08,BTSZ01,1,0.568979159735523,0.0,1.5689791597355232
CLSZ08,CLSZ04,2,0.735083411173916,0.8064638541830323,3.541547265356948
CLSZ08,CLSZ06,5,2.0436906312713696,2.5496570505946576,9.593347681866026
CLSZ08,CLSZ08,6,1.7607945682644572,7.789475808905624,15.550270377170081
CLSZ08,CLSZ09,1,0.18043386578361034,0.1282511296609549,1.3086849954445654
CLSZ08,DTSZ01,1,0.35958809701620015,0.0,1.3595880970162002
CLSZ08,DTSZ02,1,0.23027739570153574,0.0,1.2302773957015358
CLSZ08,DTSZ05,1,0.2467341644751406,0.0,1.2467341644751406
CLSZ08,DTSZ06,2,0.07577287325634338,0.0,2.0757728732563434
CLSZ08,DTSZ09,1,0.18304085819359991,0.0,1.1830408581935998
CLSZ08,DTSZ10,2,0.09046615314692706,0.0,2.090466153146927
CLSZ08,DTSZ11,1,0.4595704505286482,0.0,1.4595704505286482
CLSZ08,DTSZ12,1,0.17358393956765125,0.0,1.1735839395676513
CLSZ08,JESZ05,1,0.7061352697636805,0.0,1.7061352697636805
CLSZ08,JESZ08,2,0.5201928546084763,0.19756467259487573,2.717757527203352
CLSZ08,KLSZ03,1,0.03147974550742354,0.0,1.0314797455074236
CLSZ08,MUSZ03,1,0.06951626366829604,0.0,1.069516263668296
CLSZ08,OTSZ03,1,0.4465656234394343,0.0,1.4465656234394344
CLSZ08,QTSZ08,2,1.0326811701789187,0.21215391486806776,3.2448350850469865
CLSZ08,QTSZ10,1,0.4597443717677525,0.6146212575383833,2.074365629306136
CLSZ08,QTSZ11,2,0.5320602380427213,0.6948193633422876,3.2268796013850087
CLSZ08,QTSZ13,2,0.5934656050515257,0.00642012635453865,2.599885731406064
CLSZ08,QTSZ14,2,0.5310373288513713,0.0,2.5310373288513714
CLSZ08,RCSZ01,1,0.13652112577013942,0.0,1.1365211257701393
CLSZ08,RCSZ08,1,0.0,0.0,1.0
CLSZ08,TNSZ01,1,0.26536400435442353,0.0,1.2653640043544234
CLSZ08,TPSZ01,1,0.10386572540463006,0.0,1.10386572540463
CLSZ08,TSSZ04,1,0.35360969430480393,0.0,1.353609694304804
CLSZ08,TSSZ05,1,0.4862767832985819,0.0,1.486276783298582
CLSZ08,WCSZ01,1,0.3460836317674238,0.0,1.3460836317674238
CLSZ08,WDSZ03,1,0.5760717944752685,0.0,1.5760717944752685
CLSZ09,AMSZ02,2,0.09370261332392275,0.0,2.0937026133239227
CLSZ09,BKSZ02,1,0.07916969677102073,0.0,1.0791696967710207
CLSZ09,BKSZ05,3,0.3404896192269261,0.0,3.340489619226926
CLSZ09,BMSZ11,1,0.028824366279892096,0.0,1.0288243662798922
CLSZ09,CKSZ02,1,0.10161181483563309,0.0,1.101611814835633
CLSZ09,CKSZ03,1,0.13393419091993175,0.0,1.1339341909199319
CLSZ09,CLSZ04,2,0.17882630951628492,0.0,2.178826309516285
CLSZ09,CLSZ06,2,0.2677514443224445,0.0,2.2677514443224447
CLSZ09,CLSZ09,1,0.05405392742494973,0.0,1.0540539274249496
CLSZ09,HGSZ02,1,0.07026787726694775,0.0,1.0702678772669478
CLSZ09,JESZ02,1,0.0408546363382699,0.0,1.0408546363382698
CLSZ09,JESZ03,2,0.14513456696877755,0.0,2.1451345669687774
CLSZ09,JESZ05,1,0.15937487677173814,0.0,1.1593748767717382
CLSZ09,JWSZ02,1,0.15342254207568196,0.0,1.153422542075682
CLSZ09,JWSZ03,1,0.11665460295180644,0.0,1.1166546029518065
CLSZ09,JWSZ04,1,0.19534039138171488,0.0,1.1953403913817149
CLSZ09,JWSZ09,2,0.351816417516148,0.0,2.3518164175161482
CLSZ09,OTSZ01,1,0.010867433952201827,0.0,1.010867433952202
CLSZ09,QTSZ02,1,0.0402162324929706,0.0,1.0402162324929707
CLSZ09,QTSZ13,1,0.0528232882925307,0.0,1.0528232882925308
CLSZ09,SBSZ03,1,0.11296016313591996,0.0,1.11296016313592
CLSZ09,SESZ04,1,0.10867692844244617,0.0,1.1086769284424463
CLSZ09,SGSZ07,1,0.043115920164577604,0.0,1.0431159201645777
CLSZ09,TMSZ03,1,0.12011013962404381,0.0,1.1201101396240438
DTSZ01,AMSZ01,2,0.6702210202936539,0.0,2.670221020293654
DTSZ01,AMSZ02,1,0.25523086094182296,0.0,1.255230860941823
DTSZ01,AMSZ05,2,0.4701353435174872,0.0,2.4701353435174873
DTSZ01,AMSZ06,1,0.26615145440504345,0.0,1.2661514544050434
DTSZ01,BDSZ01,1,0.5113417084973573,0.0,1.5113417084973573
DTSZ01,BDSZ02,1,0.4617456283053655,0.0,1.4617456283053656
DTSZ01,BDSZ03,4,0.7651313048387011,0.0,4.765131304838701
DTSZ01,BDSZ04,5,0.6229855472343326,0.0,5.622985547234332
DTSZ01,BDSZ05,2,0.7851451207181465,0.0,2.7851451207181466
DTSZ01,BDSZ06,1,0.6832612953775449,0.0,1.683261295377545
DTSZ01,BDSZ07,1,0.37363048903821616,0.0,1.373630489038216
DTSZ01,BKSZ06,1,0.15675805336853404,0.0,1.156758053368534
DTSZ01,BKSZ07,1,0.2617745842219558,0.0,1.2617745842219559
DTSZ01,BKSZ09,1,0.24114127936312282,0.0,1.241141279363123
DTSZ01,BMSZ01,1,0.3346452139727434,0.0,1.3346452139727434
DTSZ01,BMSZ04,3,0.30909610231467716,0.0,3.309096102314677
DTSZ01,BMSZ06,1,0.5002718182209994,0.0,1.5002718182209995
DTSZ01,BMSZ09,1,0.11757924805758385,0.06924959057898081,1.1868288386365646
DTSZ01,BMSZ10,2,0.22737944702563337,0.4977727527097532,2.7251521997353865
DTSZ01,BMSZ11,1,0.36166154185810534,0.0,1.3616615418581053
DTSZ01,BMSZ12,1,0.27019951684979104,0.0,1.270199516849791
DTSZ01,BMSZ13,1,0.2527259397614553,0.0,1.2527259397614552
DTSZ01,BPSZ01,1,0.24803222977971812,0.0,1.2480322297797182
DTSZ01,BPSZ02,1,0.15788386629064283,0.0,1.1578838662906428
DTSZ01,BPSZ03,1,0.23002112362099858,0.0,1.2300211236209986
DTSZ01,BPSZ04,3,0.3446595156137242,0.0,3.344659515613724
DTSZ01,BPSZ05,4,0.31670440118968424,0.0,4.316704401189684
DTSZ01,BSSZ02,1,0.41987673827731414,0.0,1.419876738277314
DTSZ01,BSSZ03,1,0.38174809983917135,0.0,1.3817480998391714
DTSZ01,BTSZ01,1,0.32670988103468507,0.0,1.3267098810346851
DTSZ01,BTSZ06,1,0.1324644509582911,0.0,1.132464450958291
DTSZ01,BTSZ07,1,0.21889866587795026,0.0,1.2188986658779504
DTSZ01,CKSZ01,1,0.3340192058583281,0.0,1.3340192058583282
DTSZ01,CLSZ03,1,0.3009790900045941,0.0,1.300979090004594
DTSZ01,CLSZ04,2,0.24840386649745477,0.0,2.248403866497455
DTSZ01,CLSZ06,1,0.21762446801755164,0.0,1.2176244680175516
DTSZ01,CLSZ07,1,0.20944464526955583,0.0,1.2094446452695558
DTSZ01,DTSZ01,5,0.9200632041316404,22.60208065560884,28.52214385974048
DTSZ01,DTSZ02,1,0.3094163844532334,1.496058902249998,2.8054752867032313
DTSZ01,DTSZ03,1,0.34131397195128804,0.6053939842367572,1.9467079561880452
DTSZ01,DTSZ05,2,0.2359740258269931,1.4440969960814352,3.6800710219084283
DTSZ01,DTSZ11,2,0.36267077181186774,2.330140318946478,4.692811090758346
DTSZ01,GLSZ03,1,0.4068871756053132,0.0,1.4068871756053132
DTSZ01,GLSZ04,6,1.7042714270138686,0.0,7.704271427013868
DTSZ01,GLSZ05,3,0.9244287511209376,0.0,3.9244287511209377
DTSZ01,HGSZ02,1,0.2933075932176077,0.0,1.2933075932176077
DTSZ01,HGSZ04,1,0.279260810132505,0.0,1.279260810132505
DTSZ01,HGSZ05,1,0.3639431505463773,0.0,1.3639431505463773
DTSZ01,HGSZ06,1,0.41493969872950903,0.0,1.414939698729509
DTSZ01,HGSZ07,1,0.3796212128457611,0.0,1.3796212128457612
DTSZ01,HGSZ08,1,0.3046053478834912,0.0,1.3046053478834911
DTSZ01,JESZ01,1,0.2144420269316734,0.0,1.2144420269316734
DTSZ01,JESZ05,3,0.46574919988309693,0.0,3.465749199883097
DTSZ01,JWSZ08,3,0.5863242546443216,0.0,3.5863242546443215
DTSZ01,JWSZ09,4,0.551984575493545,0.0,4.551984575493545
DTSZ01,KLSZ01,3,0.9444996092567542,1.715326048827148,5.659825658083903
DTSZ01,KLSZ02,2,0.26635854605816045,0.22067189413407015,2.4870304401922305
DTSZ01,KLSZ06,2,0.8920953385802993,0.0,2.892095338580299
DTSZ01,KLSZ08,1,0.3578103570582258,0.4166531224796355,1.7744634795378613
DTSZ01,KLSZ09,1,0.0972049803570138,0.4050969491675276,1.5023019295245414
DTSZ01,MPSZ01,2,0.38783698552566975,0.0,2.3878369855256696
DTSZ01,MPSZ03,3,0.9008269371063271,0.0,3.900826937106327
DTSZ01,MUSZ01,2,0.14649721316206266,0.0,2.1464972131620628
DTSZ01,NVSZ01,3,1.0413412980476109,1.2032974881323737,5.244638786179984
DTSZ01,NVSZ02,4,0.889657018152996,0.008502272610592361,4.898159290763589
DTSZ01,ORSZ02,2,0.6041208898197999,0.17692992675675293,2.781050816576553
DTSZ01,ORSZ03,1,0.19559260226820316,0.0,1.195592602268203
DTSZ01,OTSZ03,3,0.5967397930295809,2.3304593930775,5.927199186107082
DTSZ01,OTSZ04,2,0.22634849757228112,0.0,2.226348497572281
DTSZ01,PGSZ03,2,0.29646289944493714,0.0,2.296462899444937
DTSZ01,PGSZ04,3,0.3796052361806015,0.0,3.3796052361806015
DTSZ01,PRSZ02,1,0.3667290335725599,0.0,1.36672903357256
DTSZ01,PRSZ03,5,0.6010274412314606,0.0,5.6010274412314605
DTSZ01,PRSZ05,1,0.5018468601629403,0.0,1.5018468601629404
DTSZ01,QTSZ01,1,0.2493545716335217,0.0,1.2493545716335217
DTSZ01,QTSZ05,1,0.32797064135002585,0.0,1.3279706413500258
DTSZ01,QTSZ07,1,0.0,0.0,1.0
DTSZ01,RCSZ01,1,0.1495698618080334,0.14648384057216518,1.2960537023801986
DTSZ01,RCSZ02,1,0.1631400527039417,0.0,1.1631400527039417
DTSZ01,RCSZ03,1,0.16030223434876034,0.34317291900136987,1.5034751533501303
DTSZ01,RCSZ10,2,0.286215418665902,10.986793160696354,13.273008579362257
DTSZ01,RVSZ05,2,0.5354740409481543,0.0,2.5354740409481544
DTSZ01,SBSZ05,1,0.02853174639480654,0.0,1.0285317463948065
DTSZ01,SESZ03,2,0.5188792881887075,0.0,2.5188792881887077
DTSZ01,SESZ04,1,0.4395498423257498,0.0,1.4395498423257498
DTSZ01,SESZ06,2,0.679016855002879,0.0,2.679016855002879
DTSZ01,SGSZ01,1,0.37262649138687043,0.0,1.3726264913868704
DTSZ01,SGSZ03,1,0.35033339540959757,0.0,1.3503333954095975
DTSZ01,SGSZ04,1,0.5003470303970406,0.0,1.5003470303970405
DTSZ01,SGSZ06,3,0.6035679194834548,0.0,3.6035679194834547
DTSZ01,TMSZ02,2,0.6909769891336213,0.0,2.6909769891336213
DTSZ01,TMSZ04,1,0.2687366449194051,0.0,1.268736644919405
DTSZ01,TMSZ05,1,0.28276445915046894,0.0,1.282764459150469
DTSZ01,TNSZ01,1,0.4243637004525811,0.0,1.424363700452581
DTSZ01,TPSZ01,2,0.2654217622251834,0.0,2.2654217622251833
DTSZ01,TPSZ02,1,0.47622392388128376,0.0,1.4762239238812838
DTSZ01,TPSZ04,1,0.1858508225486709,0.0,1.1858508225486708
DTSZ01,TPSZ07,1,0.17288952725244594,0.0,1.172889527252446
DTSZ01,TPSZ09,1,0.24220536316299313,0.0,1.2422053631629932
DTSZ01,WDSZ02,1,0.32683548752846825,0.0,1.3268354875284682
DTSZ01,WDSZ03,5,0.7371997279477076,0.0,5.737199727947708
DTSZ01,WDSZ04,3,0.3685110306152897,0.0,3.3685110306152897
DTSZ01,WDSZ09,1,0.12137348536470455,0.0,1.1213734853647046
DTSZ01,YSSZ03,1,0.3386808959083876,0.0,1.3386808959083876
DTSZ01,YSSZ04,2,0.35520448458505627,0.0,2.355204484585056
DTSZ01,YSSZ09,3,0.6403944201578357,0.0,3.6403944201578358
DTSZ02,AMSZ01,5,0.9030716167870055,0.0,5.903071616787005
DTSZ02,AMSZ02,1,0.4090682569579691,0.0,1.4090682569579691
DTSZ02,AMSZ03,1,0.4951929241096614,0.0,1.4951929241096615
DTSZ02,AMSZ04,1,0.09814486884909503,0.0,1.0981448688490951
DTSZ02,AMSZ06,2,0.42099705430939893,0.0,2.420997054309399
DTSZ02,AMSZ07,1,0.2778110490337537,0.0,1.2778110490337538
DTSZ02,AMSZ09,1,0.27007100424452907,0.0,1.2700710042445291
DTSZ02,AMSZ11,1,0.04550366364901197,0.0,1.045503663649012
DTSZ02,BDSZ01,1,0.5706663341789372,0.0,1.570666334178937
DTSZ02,BDSZ02,3,0.6554903304672122,0.0,3.655490330467212
DTSZ02,BDSZ03,2,0.8333028808607228,0.0,2.833302880860723
DTSZ02,BDSZ04,9,1.4500192710621782,0.0,10.450019271062178
DTSZ02,BDSZ05,2,0.9689236926126421,0.0,2.968923692612642
DTSZ02,BDSZ06,4,2.0205282487170275,0.0,6.020528248717028
DTSZ02,BKSZ05,1,0.5203204745454525,0.0,1.5203204745454526
DTSZ02,BKSZ06,1,0.21848927594685152,0.0,1.2184892759468515
DTSZ02,BKSZ07,2,0.5746943474150787,0.0,2.574694347415079
DTSZ02,BLSZ02,1,0.11734307721736371,0.0,1.1173430772173638
DTSZ02,BMSZ02,1,0.35924042041663296,0.0,1.3592404204166328
DTSZ02,BMSZ04,5,0.46915154136921805,0.5319759904722724,6.00112753184149
DTSZ02,BMSZ06,2,0.6296968507427225,0.0,2.6296968507427225
DTSZ02,BMSZ07,1,0.6990324994375168,0.0,1.6990324994375168
DTSZ02,BMSZ08,4,0.3442520663957099,0.5402501795019814,4.884502245897692
DTSZ02,BMSZ09,4,0.5259246175233709,0.12996747608852144,4.655892093611892
DTSZ02,BMSZ10,1,0.4390705297924093,0.08584031648508751,1.524910846277497
DTSZ02,BMSZ13,2,0.46737408611562586,0.0,2.4673740861156257
DTSZ02,BPSZ02,1,0.1963900199065383,0.0,1.1963900199065383
DTSZ02,BPSZ04,3,0.4497418547782212,0.0,3.449741854778221
DTSZ02,BPSZ05,1,0.43095428021793497,0.0,1.430954280217935
DTSZ02,BSSZ01,4,1.3453038854695936,0.0,5.345303885469594
DTSZ02,BSSZ02,4,0.9404538041739308,0.0,4.940453804173931
DTSZ02,BSSZ03,1,0.5924819134993983,0.0,1.5924819134993982
DTSZ02,BTSZ01,4,1.079003832359639,0.0,5.079003832359639
DTSZ02,BTSZ03,3,0.40947928714597687,0.0,3.409479287145977
DTSZ02,BTSZ05,2,0.24564125854172733,0.0,2.245641258541727
DTSZ02,CKSZ02,3,0.5506896925316103,0.0,3.55068969253161
DTSZ02,CKSZ03,1,0.4186493783297728,0.0,1.4186493783297727
DTSZ02,CKSZ04,1,0.2510735268523911,0.0,1.2510735268523911
DTSZ02,CKSZ06,5,0.23633132927992578,0.0,5.236331329279926
DTSZ02,CLSZ02,1,0.11879523018132603,0.0,1.118795230181326
DTSZ02,CLSZ03,1,0.35075729758318636,0.0,1.3507572975831863
DTSZ02,CLSZ05,1,0.36767241819867874,0.0,1.3676724181986788
DTSZ02,CLSZ06,3,0.39467867701474624,0.0,3.3946786770147463
DTSZ02,CLSZ08,1,0.28817751093588795,0.0,1.288177510935888
DTSZ02,DTSZ01,1,0.5039363709319418,0.43365266187853785,1.9375890328104797
DTSZ02,DTSZ02,3,1.2997338609432587,54.15303822238346,58.452772083326714
DTSZ02,DTSZ03,2,1.0494164632624094,0.7257504041560864,3.775166867418496
DTSZ02,DTSZ04,1,0.19222634466610572,0.0,1.1922263446661057
DTSZ02,DTSZ05,6,0.5183494411045805,3.0377025329649268,9.556051974069508
DTSZ02,DTSZ07,1,0.15925256175755634,0.5894359514325597,1.7486885131901162
DTSZ02,DTSZ08,4,0.32519254678668574,8.00317068217551,12.328363228962196
DTSZ02,DTSZ09,1,0.21604985675932276,0.04519264235130018,1.261242499110623
DTSZ02,DTSZ11,1,0.37909623884807164,1.5771992688237575,2.956295507671829
DTSZ02,DTSZ12,1,0.34690657540976827,0.061509421934486906,1.4084159973442552
DTSZ02,GLSZ02,4,0.417987431031888,0.0,4.417987431031888
DTSZ02,GLSZ03,1,0.5862746933833732,0.0,1.5862746933833733
DTSZ02,GLSZ04,5,1.9518107127401936,0.0,6.951810712740194
DTSZ02,GLSZ05,5,1.3927003716956337,0.0,6.392700371695634
DTSZ02,HGSZ02,1,0.404064992268273,0.0,1.404064992268273
DTSZ02,HGSZ03,1,0.37983952789512093,0.0,1.379839527895121
DTSZ02,HGSZ04,1,0.49616272092609937,0.0,1.4961627209260993
DTSZ02,HGSZ05,1,0.6076369166062378,0.0,1.6076369166062379
DTSZ02,HGSZ06,3,1.2052659386974471,0.0,4.205265938697448
DTSZ02,HGSZ07,1,0.3444579979838095,0.0,1.3444579979838096
DTSZ02,JESZ01,1,0.2877815769483377,0.0,1.2877815769483378
DTSZ02,JESZ03,1,0.5390398733881213,0.0,1.5390398733881212
DTSZ02,JESZ04,1,0.14568733477082538,0.0,1.1456873347708254
DTSZ02,JESZ05,3,0.7098501221846009,0.0,3.709850122184601
DTSZ02,JWSZ02,2,0.3317512125943001,0.0,2.3317512125943
DTSZ02,JWSZ03,1,0.34400495483452376,0.0,1.3440049548345239
DTSZ02,JWSZ04,4,0.7811557796845273,0.0,4.781155779684528
DTSZ02,JWSZ08,2,0.7658471756622891,0.0,2.765847175662289
DTSZ02,JWSZ09,3,0.6854186094375869,0.0,3.685418609437587
DTSZ02,KLSZ01,4,0.9081524561570408,0.46429212929336455,5.372444585450405
DTSZ02,KLSZ03,2,0.22295558999960002,0.07551713241580169,2.2984727224154016
DTSZ02,KLSZ06,5,1.01807966937069,0.5277804970839703,6.54586016645466
DTSZ02,MUSZ01,3,0.367040595286132,1.240166343506207,4.607206938792339
DTSZ02,NVSZ01,2,1.2593242704801726,0.0,3.259324270480173
DTSZ02,NVSZ03,1,0.2873044642016283,0.0,1.2873044642016283
DTSZ02,ORSZ01,1,0.10984633089700051,0.0,1.1098463308970006
DTSZ02,ORSZ02,8,2.481383607043171,0.8755335354819982,11.35691714252517
DTSZ02,ORSZ03,3,0.5188664497432554,1.4564669052539434,4.975333354997199
DTSZ02,OTSZ01,1,0.09028861661218156,0.22809239501567638,1.3183810116278578
DTSZ02,OTSZ03,6,0.9548041728923488,1.1965567991217216,8.15136097201407
DTSZ02,OTSZ04,3,0.3236437411762523,0.8210425766443661,4.144686317820619
DTSZ02,PGSZ04,2,0.6784284314357713,0.0,2.6784284314357714
DTSZ02,PGSZ05,1,0.5750310389978499,0.0,1.57503103899785
DTSZ02,PRSZ03,6,0.9465303659344184,0.0,6.946530365934418
DTSZ02,PRSZ04,2,0.35434147716219916,0.0,2.3543414771621993
DTSZ02,PRSZ05,2,0.7573927920454678,0.0,2.7573927920454677
DTSZ02,PRSZ07,1,0.13316995874673898,0.0,1.133169958746739
DTSZ02,PRSZ08,1,0.2788251859011271,0.0,1.278825185901127
DTSZ02,QTSZ02,3,0.3729917481084726,0.0,3.372991748108473
DTSZ02,QTSZ04,1,0.09999581236805787,0.0,1.0999958123680578
DTSZ02,QTSZ05,1,0.41634247999336643,0.0,1.4163424799933664
DTSZ02,QTSZ08,1,0.4048501980449907,0.0,1.4048501980449908
DTSZ02,QTSZ10,1,0.4018021627634071,0.0,1.4018021627634072
DTSZ02,RCSZ05,2,0.14920609278772715,1.1528206651768458,3.302026757964573
DTSZ02,RCSZ06,1,0.0,0.0,1.0
DTSZ02,RCSZ10,1,0.3004999520582308,0.0,1.3004999520582308
DTSZ02,SBSZ03,2,0.6258768079913778,0.0,2.6258768079913777
DTSZ02,SBSZ04,2,0.40322679281047685,0.0,2.403226792810477
DTSZ02,SESZ02,2,0.6639808190287523,0.0,2.6639808190287524
DTSZ02,SESZ03,6,0.7934726612271772,0.0,6.793472661227177
DTSZ02,SESZ04,4,0.9962285484740241,0.0,4.996228548474024
DTSZ02,SESZ05,1,0.39158280140207735,0.0,1.3915828014020772
DTSZ02,SESZ06,1,0.6024183892870689,0.0,1.602418389287069
DTSZ02,SGSZ04,1,0.6661091781934831,0.0,1.6661091781934831
DTSZ02,SGSZ06,4,0.7597399630394307,0.0,4.759739963039431
DTSZ02,SGSZ07,2,0.32226868437550515,0.0,2.322268684375505
DTSZ02,TMSZ02,9,1.986337871567394,0.0,10.986337871567393
DTSZ02,TMSZ03,2,1.1856792962998066,0.0,3.1856792962998064
DTSZ02,TMSZ04,7,1.50245145126613,0.0,8.50245145126613
DTSZ02,TNSZ02,1,0.2933094403378892,0.044010580602233756,1.3373200209401228
DTSZ02,TNSZ04,1,0.26194427844761886,0.0,1.261944278447619
DTSZ02,TPSZ01,1,0.41977613884343723,0.0,1.4197761388434373
DTSZ02,TPSZ02,1,0.5743547537460162,0.0,1.5743547537460163
DTSZ02,TPSZ03,3,0.29309528067452095,0.0,3.293095280674521
DTSZ02,TPSZ04,1,0.1454246573716563,0.0,1.1454246573716562
DTSZ02,TPSZ06,3,0.5928512096263934,0.0,3.592851209626393
DTSZ02,TPSZ10,1,0.254926661417444,0.0,1.2549266614174441
DTSZ02,TPSZ12,1,0.2475516938959345,0.0,1.2475516938959346
DTSZ02,WDSZ01,1,0.15862113496005867,0.0,1.1586211349600586
DTSZ02,WDSZ02,3,0.6760214145629796,0.0,3.6760214145629795
DTSZ02,WDSZ03,1,0.46277551925373916,0.0,1.4627755192537393
DTSZ02,WDSZ04,1,0.3037686605710689,0.0,1.3037686605710688
DTSZ02,WDSZ05,2,0.34866464081257886,0.0,2.348664640812579
DTSZ02,WDSZ09,1,0.18004533578103768,0.0,1.1800453357810377
DTSZ02,YSSZ02,3,0.4605265415133963,0.0,3.460526541513396
DTSZ02,YSSZ03,2,0.9363738014488544,0.0,2.9363738014488545
DTSZ02,YSSZ04,1,0.4504912558717275,0.0,1.4504912558717276
DTSZ02,YSSZ05,1,0.16799801447330887,0.0,1.1679980144733089
DTSZ02,YSSZ09,2,0.6444542582622316,0.0,2.6444542582622317
DTSZ03,AMSZ01,3,0.9612408101770757,0.0,3.9612408101770757
DTSZ03,AMSZ02,1,0.42251458175598505,0.0,1.422514581755985
DTSZ03,AMSZ03,1,0.4601131886614177,0.0,1.4601131886614178
DTSZ03,AMSZ04,2,0.29705579097312546,0.0,2.2970557909731255
DTSZ03,AMSZ05,1,0.29812856714382846,0.0,1.2981285671438285
DTSZ03,AMSZ06,2,0.556687455269964,0.0,2.556687455269964
DTSZ03,AMSZ12,1,0.1277328238076601,0.0,1.12773282380766
DTSZ03,BDSZ02,2,1.0912418887763708,0.0,3.091241888776371
DTSZ03,BDSZ03,2,1.0133328059974906,0.0,3.0133328059974906
DTSZ03,BDSZ04,5,1.3754045795630065,0.0,6.375404579563007
DTSZ03,BDSZ05,4,1.8056451014051094,0.0,5.805645101405109
DTSZ03,BDSZ06,3,1.9990925861250366,0.0,4.999092586125037
DTSZ03,BKSZ01,1,0.12382212643419052,0.0,1.1238221264341905
DTSZ03,BKSZ03,1,0.4954808858737326,0.0,1.4954808858737327
DTSZ03,BKSZ05,2,0.8606386770106292,0.0,2.860638677010629
DTSZ03,BKSZ07,1,0.6434135479171411,0.0,1.6434135479171412
DTSZ03,BKSZ08,1,0.0417936307518388,0.0,1.0417936307518387
DTSZ03,BKSZ09,2,0.4419726784885557,0.0,2.441972678488556
DTSZ03,BLSZ02,1,0.10712035936890563,0.0,1.1071203593689056
DTSZ03,BMSZ01,2,0.7989997405583138,0.0,2.7989997405583136
DTSZ03,BMSZ02,1,0.3660001329838471,0.0,1.3660001329838471
DTSZ03,BMSZ04,2,0.37232781880017524,0.0,2.372327818800175
DTSZ03,BMSZ06,4,2.6566488640017982,0.0,6.656648864001799
DTSZ03,BMSZ08,2,0.38624398824482675,0.0,2.3862439882448268
DTSZ03,BMSZ10,1,0.27866683714958584,0.057241914752731424,1.3359087519023174
DTSZ03,BMSZ11,1,0.45640045911655125,0.0,1.4564004591165514
DTSZ03,BMSZ13,2,0.49420116706286354,0.0,2.4942011670628634
DTSZ03,BMSZ15,1,0.29943337297379446,0.0,1.2994333729737946
DTSZ03,BMSZ16,2,0.43314183208378615,0.03806530117195346,2.47120713325574
DTSZ03,BPSZ03,4,0.6901948804083421,0.0,4.690194880408342
DTSZ03,BPSZ04,1,0.4010788884325658,0.0,1.4010788884325658
DTSZ03,BPSZ05,3,0.5378428823700994,0.0,3.537842882370099
DTSZ03,BSSZ01,1,0.7994476579793919,0.0,1.7994476579793919
DTSZ03,BSSZ02,4,1.1831197766523953,0.0,5.183119776652395
DTSZ03,BSSZ03,2,0.8993006684647121,0.0,2.8993006684647122
DTSZ03,BTSZ07,2,0.4155678638665541,0.0,2.415567863866554
DTSZ03,CHSZ03,1,0.8812453190538668,0.0,1.8812453190538667
DTSZ03,CKSZ02,1,0.6502767796296434,0.0,1.6502767796296434
DTSZ03,CKSZ03,2,0.7926114107942267,0.0,2.7926114107942266
DTSZ03,CLSZ03,1,0.3551944752262636,0.0,1.3551944752262637
DTSZ03,CLSZ04,4,0.9616933210067922,0.0,4.961693321006792
DTSZ03,CLSZ06,5,0.46860362435445047,0.0,5.468603624354451
DTSZ03,CLSZ07,1,0.22743180373413144,0.0,1.2274318037341314
DTSZ03,DTSZ01,3,0.9794125088324072,0.5451500209749264,4.5245625298073335
DTSZ03,DTSZ02,2,1.5819801327750505,0.9287471051930222,4.510727237968072
DTSZ03,DTSZ03,2,3.7260273889079816,27.875382222052824,33.60140961096081
DTSZ03,DTSZ05,3,0.6595269688285259,1.0927204684675087,4.752247437296035
DTSZ03,DTSZ06,2,0.18415917521187664,0.19269932847817325,2.37685850369005
DTSZ03,DTSZ07,1,0.20829167182280908,0.7120886560446752,1.9203803278674845
DTSZ03,DTSZ08,2,0.41582998524623194,1.5770326297902044,3.992862615036436
DTSZ03,DTSZ11,2,0.5027957778299148,0.9071319427117359,3.409927720541651
DTSZ03,GLSZ02,2,0.5439371090820739,0.0,2.5439371090820737
DTSZ03,GLSZ03,3,1.1060323771291634,0.0,4.106032377129163
DTSZ03,GLSZ04,7,2.7690441681070697,0.0,9.769044168107069
DTSZ03,GLSZ05,2,1.5766417891840627,0.0,3.5766417891840625
DTSZ03,HGSZ02,1,0.5579307981239873,0.0,1.5579307981239872
DTSZ03,HGSZ03,1,0.43584449263912417,0.0,1.435844492639124
DTSZ03,HGSZ05,3,1.3649839630488665,0.0,4.364983963048866
DTSZ03,HGSZ06,5,1.671874271690926,0.0,6.6718742716909265
DTSZ03,HGSZ07,2,0.6113336665409687,0.0,2.6113336665409688
DTSZ03,JWSZ01,1,0.06323215958503008,0.0,1.06323215958503
DTSZ03,JWSZ02,1,0.396510307401671,0.0,1.396510307401671
DTSZ03,JWSZ03,1,0.4061384784019086,0.0,1.4061384784019086
DTSZ03,JWSZ09,1,0.8368418319952424,0.0,1.8368418319952424
DTSZ03,KLSZ01,3,1.092521509386362,0.2392154984862034,4.331737007872565
DTSZ03,KLSZ02,1,0.40763644303525576,0.0,1.4076364430352557
DTSZ03,KLSZ03,2,0.32117000403911594,0.08811644174102297,2.4092864457801393
DTSZ03,KLSZ05,3,0.9461074363470741,0.03280430374511727,3.978911740092191
DTSZ03,KLSZ06,4,1.1096028385112604,0.3845406759689408,5.494143514480201
DTSZ03,KLSZ07,1,0.7399423425702419,0.13414555746681986,1.8740879000370618
DTSZ03,KLSZ08,1,0.6246804894857164,0.10349537962756608,1.7281758691132827
DTSZ03,MPSZ01,1,0.43907717016977027,0.0,1.4390771701697702
DTSZ03,MPSZ02,1,0.5618270981381024,0.0,1.5618270981381024
DTSZ03,MPSZ03,5,1.3566849492309525,0.0,6.356684949230953
DTSZ03,MPSZ04,1,0.0,0.0,1.0
DTSZ03,MUSZ01,1,0.2882216580763861,0.13356138945195853,1.4217830475283446
DTSZ03,NVSZ01,2,1.4084479590189152,0.0,3.408447959018915
DTSZ03,NVSZ02,1,0.8910045362852761,0.1976856251726372,2.0886901614579134
DTSZ03,ORSZ02,1,0.5644126358811418,0.043352663523425976,1.607765299404568
DTSZ03,ORSZ03,3,0.5814418643402353,0.28986965383906055,3.871311518179296
DTSZ03,OTSZ02,1,0.04249358646506843,0.06006194973918457,1.102555536204253
DTSZ03,OTSZ03,2,1.0949845499934356,0.5696461066283032,3.664630656621739
DTSZ03,OTSZ04,1,0.4062059156161005,0.2666224800705725,1.672828395686673
DTSZ03,PGSZ03,5,0.9419739248235685,0.0,5.941973924823569
DTSZ03,PGSZ04,4,1.3059626419246388,0.0,5.305962641924639
DTSZ03,PGSZ05,2,1.1962260117623391,0.0,3.196226011762339
DTSZ03,PRSZ03,2,1.030417892608244,0.0,3.030417892608244
DTSZ03,PRSZ05,4,1.603444156052338,0.0,5.603444156052338
DTSZ03,QTSZ01,1,0.3132968598423437,0.0,1.3132968598423438
DTSZ03,QTSZ02,1,0.20491683733900945,0.0,1.2049168373390096
DTSZ03,QTSZ08,1,0.5850183159953402,0.0,1.5850183159953402
DTSZ03,QTSZ13,1,0.3621367571465101,0.0,1.3621367571465102
DTSZ03,RCSZ10,1,0.4450768690701081,0.23425074367791332,1.6793276127480214
DTSZ03,SBSZ03,5,1.0308471654873304,0.0,6.03084716548733
DTSZ03,SBSZ04,1,0.3559375975417377,0.0,1.3559375975417378
DTSZ03,SBSZ05,1,0.03561439228090308,0.0,1.0356143922809031
DTSZ03,SESZ02,4,1.8591714612699972,0.0,5.859171461269997
DTSZ03,SESZ03,9,1.6470089186920247,0.0,10.647008918692025
DTSZ03,SESZ04,1,0.816181711608662,0.0,1.816181711608662
DTSZ03,SESZ05,1,0.39395928702042166,0.0,1.3939592870204216
DTSZ03,SESZ06,6,1.9761077400909564,0.0,7.976107740090956
DTSZ03,SGSZ01,3,0.6232293668477827,0.0,3.6232293668477826
DTSZ03,SGSZ04,3,1.686925440792646,0.0,4.6869254407926455
DTSZ03,SGSZ06,2,0.7447265748136493,0.0,2.744726574813649
DTSZ03,SGSZ07,2,0.49207982930939503,0.0,2.492079829309395
DTSZ03,SRSZ02,1,0.27255677236349074,0.2949352895660375,1.5674920619295283
DTSZ03,TMSZ02,8,1.8566363032928843,0.0,9.856636303292884
DTSZ03,TMSZ03,3,2.137378335343349,0.0,5.1373783353433495
DTSZ03,TMSZ04,5,1.4703747974855186,0.0,6.470374797485519
DTSZ03,TMSZ05,1,0.5737874241909143,0.0,1.5737874241909142
DTSZ03,TNSZ02,1,0.2721935838369577,0.0,1.2721935838369576
DTSZ03,TPSZ01,1,0.3589416622263583,0.0,1.3589416622263584
DTSZ03,TPSZ02,4,1.162988681103332,0.0,5.162988681103332
DTSZ03,TPSZ03,2,0.33962691759666824,0.0,2.3396269175966684
DTSZ03,TPSZ05,1,0.19688441781410165,0.0,1.1968844178141016
DTSZ03,TPSZ06,2,0.6780319282108793,0.0,2.6780319282108795
DTSZ03,TPSZ08,1,0.13736576332355432,0.0,1.1373657633235543
DTSZ03,TPSZ12,1,0.3256249450857601,0.0,1.3256249450857602
DTSZ03,WDSZ01,1,0.13206799225387006,0.0,1.1320679922538701
DTSZ03,WDSZ02,1,0.6519741933086054,0.0,1.6519741933086054
DTSZ03,WDSZ03,4,1.9316568673719716,0.0,5.931656867371972
DTSZ03,WDSZ04,2,0.3934909302428147,0.0,2.3934909302428147
DTSZ03,WDSZ05,1,0.37125902379656156,0.0,1.3712590237965616
DTSZ03,YSSZ01,1,0.3941734323581322,0.0,1.3941734323581323
DTSZ03,YSSZ03,3,1.0729946995813113,0.0,4.0729946995813116
DTSZ03,YSSZ05,1,0.1598654963890119,0.0,1.1598654963890118
DTSZ03,YSSZ09,3,1.0569284210938557,0.0,4.056928421093856
DTSZ04,DTSZ12,1,0.0,0.0,1.0
DTSZ04,GLSZ02,1,0.0,0.0,1.0
DTSZ04,JWSZ09,2,0.0,0.0,2.0
DTSZ05,AMSZ01,5,0.9419664429369498,0.0,5.94196644293695
DTSZ05,AMSZ02,3,0.2274356244141213,0.0,3.227435624414121
DTSZ05,AMSZ03,2,0.3791465910895179,0.0,2.3791465910895178
DTSZ05,AMSZ05,1,0.1952812770000868,0.0,1.195281277000087
DTSZ05,AMSZ06,1,0.22919235475856933,0.0,1.2291923547585692
DTSZ05,AMSZ09,2,0.20316201737924364,0.0,2.2031620173792437
DTSZ05,BDSZ01,3,0.5272259814896008,0.0,3.5272259814896008
DTSZ05,BDSZ02,1,0.45405512413383264,0.0,1.4540551241338326
DTSZ05,BDSZ03,4,0.8031805181819688,0.0,4.803180518181969
DTSZ05,BDSZ04,13,1.289946667083182,0.0,14.289946667083182
DTSZ05,BDSZ05,5,1.3430774955875866,0.0,6.343077495587586
DTSZ05,BDSZ06,5,1.4449457941924093,0.0,6.444945794192409
DTSZ05,BDSZ08,1,0.19554718152092998,0.0,1.19554718152093
DTSZ05,BKSZ01,2,0.10376726535889833,0.0,2.1037672653588984
DTSZ05,BKSZ02,2,0.1384566190749348,0.0,2.138456619074935
DTSZ05,BKSZ03,2,0.339935401222989,0.0,2.339935401222989
DTSZ05,BKSZ05,7,0.5558945613114739,0.0,7.555894561311474
DTSZ05,BKSZ07,3,0.33971502824009153,0.0,3.3397150282400916
DTSZ05,BKSZ08,1,0.02378160467205165,0.0,1.0237816046720516
DTSZ05,BKSZ09,3,0.18756922668786666,0.0,3.1875692266878666
DTSZ05,BLSZ02,1,0.08691754595877488,0.0,1.0869175459587748
DTSZ05,BMSZ01,3,0.5942323139876832,0.0,3.5942323139876833
DTSZ05,BMSZ02,1,0.17923331624235522,0.0,1.1792333162423552
DTSZ05,BMSZ03,3,0.3875278578123824,0.0,3.3875278578123824
DTSZ05,BMSZ04,3,0.5064810605031701,1.6110139472158245,5.117495007718994
DTSZ05,BMSZ05,1,0.16619682650408327,0.11532973749971294,1.281526564003796
DTSZ05,BMSZ07,4,1.1139494756430608,0.0,5.113949475643061
DTSZ05,BMSZ08,2,0.4200808695023706,1.3301453710721454,3.750226240574516
DTSZ05,BMSZ09,3,0.35318993792145825,0.4346354783195748,3.787825416241033
DTSZ05,BMSZ10,1,0.2851629929705303,0.2049755147527674,1.4901385077232978
DTSZ05,BMSZ12,1,0.32156955669678655,0.0,1.3215695566967867
DTSZ05,BMSZ13,2,0.30280742065572336,0.0,2.302807420655723
DTSZ05,BMSZ16,1,0.12144278642817011,0.12674064375975005,1.2481834301879202
DTSZ05,BPSZ01,1,0.11958936358583973,0.0,1.1195893635858398
DTSZ05,BPSZ02,2,0.12154971892865597,0.0,2.121549718928656
DTSZ05,BPSZ03,2,0.279318808924906,0.0,2.279318808924906
DTSZ05,BPSZ04,3,0.24173511126804842,0.0,3.2417351112680484
DTSZ05,BPSZ05,4,0.303511688325186,0.0,4.303511688325186
DTSZ05,BSSZ01,7,1.0061500540506587,0.0,8.006150054050659
DTSZ05,BSSZ02,3,0.5855081528691146,0.0,3.5855081528691146
DTSZ05,BSSZ03,4,0.6732389890996209,0.0,4.673238989099621
DTSZ05,BTSZ01,4,1.2023702284061786,0.0,5.202370228406179
DTSZ05,BTSZ03,1,0.13223001817044758,0.0,1.1322300181704477
DTSZ05,BTSZ05,1,0.1478489948514655,0.0,1.1478489948514654
DTSZ05,BTSZ06,2,0.1969118259311057,0.0,2.196911825931106
DTSZ05,BTSZ08,3,0.25565974049184853,0.0,3.2556597404918484
DTSZ05,CHSZ03,1,0.6492492055256884,0.0,1.6492492055256884
DTSZ05,CKSZ01,1,0.23031753417378154,0.0,1.2303175341737815
DTSZ05,CKSZ02,1,0.32742044923100294,0.0,1.3274204492310029
DTSZ05,CKSZ03,5,0.6515103521787404,0.0,5.65151035217874
DTSZ05,CKSZ04,1,0.12231800075642787,0.0,1.122318000756428
DTSZ05,CKSZ05,3,0.08214901809714498,0.0,3.082149018097145
DTSZ05,CKSZ06,3,0.1462887158668862,0.0,3.146288715866886
DTSZ05,CLSZ03,2,0.41073682350176377,0.0,2.4107368235017637
DTSZ05,CLSZ04,3,0.2263600791760656,0.0,3.2263600791760654
DTSZ05,CLSZ06,2,0.27310228109206647,0.0,2.2731022810920667
DTSZ05,CLSZ08,1,0.15473145892040138,0.0,1.1547314589204014
DTSZ05,DTSZ01,4,0.36467834603663274,2.0502547319821898,6.414933078018823
DTSZ05,DTSZ02,6,0.5335757490788803,6.260529385341056,12.794105134419937
DTSZ05,DTSZ03,4,0.5319857084619689,1.2289832017475562,5.760968910209525
DTSZ05,DTSZ05,4,0.36953767055914394,92.83058234431854,97.20012001487768
DTSZ05,DTSZ08,1,0.7496234789213921,7.211532374009542,8.961155852930933
DTSZ05,DTSZ09,1,0.187107480004776,0.607704771222163,1.794812251226939
DTSZ05,GLSZ01,1,0.4705089574482374,0.0,1.4705089574482373
DTSZ05,GLSZ02,2,0.2658191960460586,0.0,2.2658191960460585
DTSZ05,GLSZ04,11,2.904446884088055,0.0,13.904446884088054
DTSZ05,GLSZ05,4,1.0753632428895112,0.0,5.0753632428895115
DTSZ05,HGSZ03,2,0.3479953363341083,0.0,2.347995336334108
DTSZ05,HGSZ04,1,0.29364966431196887,0.0,1.2936496643119688
DTSZ05,HGSZ05,3,1.1013028385058306,0.0,4.1013028385058306
DTSZ05,HGSZ06,4,1.1190569040483753,0.0,5.119056904048375
DTSZ05,HGSZ07,2,0.29658155700591593,0.0,2.296581557005916
DTSZ05,HGSZ08,1,0.3293987754283264,0.0,1.3293987754283263
DTSZ05,JESZ03,2,0.4846739005514129,0.0,2.484673900551413
DTSZ05,JESZ05,4,0.6033393528144431,0.0,4.603339352814443
DTSZ05,JWSZ02,1,0.15860743935892996,0.0,1.15860743935893
DTSZ05,JWSZ03,4,0.19141990414000135,0.0,4.191419904140002
DTSZ05,JWSZ04,3,0.3280594327706146,0.0,3.3280594327706146
DTSZ05,JWSZ08,3,0.6656314639383721,0.0,3.665631463938372
DTSZ05,JWSZ09,9,0.8845936589864699,0.0,9.88459365898647
DTSZ05,KLSZ01,3,0.6564261106867809,0.0,3.656426110686781
DTSZ05,KLSZ02,1,0.13718595337522477,0.0,1.1371859533752247
DTSZ05,KLSZ03,5,0.15350245035509993,0.0,5.1535024503551
DTSZ05,KLSZ04,1,0.0,0.0,1.0
DTSZ05,KLSZ05,1,0.21337269169570616,0.06647362559913235,1.2798463172948384
DTSZ05,KLSZ06,7,0.902194786097449,3.648805775186522,11.55100056128397
DTSZ05,KLSZ07,2,0.43113527056498463,0.8551578710974346,3.2862931416624193
DTSZ05,KLSZ09,2,0.2238976869755255,0.49717750466921334,2.7210751916447387
DTSZ05,MPSZ01,1,0.15730446425156042,0.0,1.1573044642515604
DTSZ05,MPSZ02,2,0.5591292663933433,0.0,2.5591292663933434
DTSZ05,MPSZ03,4,1.0011073850945835,0.0,5.001107385094583
DTSZ05,MUSZ01,4,0.14254469997143474,2.026783277540443,6.169327977511878
DTSZ05,MUSZ03,1,0.03379929831321927,0.5594812919896572,1.5932805903028766
DTSZ05,NTSZ02,1,0.0,0.0,1.0
DTSZ05,NVSZ01,2,1.1017912105893128,0.0,3.1017912105893126
DTSZ05,NVSZ02,5,0.824408174339734,0.0,5.824408174339734
DTSZ05,NVSZ04,1,0.058596920513561024,0.0,1.058596920513561
DTSZ05,ORSZ02,5,0.6013256502443776,0.9254343134408721,6.52675996368525
DTSZ05,ORSZ03,3,0.33789822982669887,1.1944228548254252,4.532321084652124
DTSZ05,OTSZ01,1,0.05233122722282345,1.6389506679253616,2.691281895148185
DTSZ05,OTSZ03,2,0.8975277364287606,7.318956692535837,10.216484428964598
DTSZ05,PGSZ02,2,0.4396100249135312,0.0,2.4396100249135313
DTSZ05,PGSZ03,2,0.2716578926572779,0.0,2.271657892657278
DTSZ05,PGSZ04,8,2.8463909349628653,0.0,10.846390934962866
DTSZ05,PGSZ05,3,0.4632588780840939,0.0,3.463258878084094
DTSZ05,PRSZ03,9,1.1066359116932014,0.0,10.106635911693202
DTSZ05,PRSZ08,1,0.13235348746370257,0.0,1.1323534874637025
DTSZ05,QTSZ02,1,0.25486195840387005,0.0,1.25486195840387
DTSZ05,QTSZ04,1,0.05301863857964526,0.0,1.0530186385796452
DTSZ05,QTSZ05,6,0.5976429459353076,0.0,6.597642945935307
DTSZ05,QTSZ06,3,0.18822785601441988,0.0,3.1882278560144197
DTSZ05,QTSZ13,1,0.29863190830545544,0.0,1.2986319083054554
DTSZ05,QTSZ14,1,0.31647953130452194,0.0,1.3164795313045219
DTSZ05,QTSZ15,1,0.1409755972463415,0.0,1.1409755972463416
DTSZ05,RCSZ01,1,0.1663336693502412,0.06490138310959495,1.2312350524598363
DTSZ05,RVSZ03,1,0.0,0.0,1.0
DTSZ05,RVSZ05,1,0.3655913063983648,0.0,1.3655913063983647
DTSZ05,SBSZ01,1,0.1835000337256266,0.0,1.1835000337256265
DTSZ05,SBSZ03,9,0.6388008254801987,0.0,9.6388008254802
DTSZ05,SBSZ04,3,0.006645351773017071,0.0,3.006645351773017
DTSZ05,SBSZ05,1,0.0,0.0,1.0
DTSZ05,SESZ02,4,0.6425051902440795,0.0,4.64250519024408
DTSZ05,SESZ03,7,0.8139735773258122,0.0,7.813973577325812
DTSZ05,SESZ04,5,0.8150470375495271,0.0,5.815047037549527
DTSZ05,SESZ05,4,0.16629486199255344,0.0,4.1662948619925535
DTSZ05,SESZ06,6,0.7003329725731618,0.0,6.700332972573162
DTSZ05,SGSZ04,2,0.7156224067274041,0.0,2.715622406727404
DTSZ05,SGSZ05,1,0.230689781626461,0.0,1.230689781626461
DTSZ05,SGSZ06,2,0.5064617157727915,0.0,2.5064617157727915
DTSZ05,SGSZ07,4,0.2491509959601932,0.0,4.249150995960193
DTSZ05,SISZ01,1,0.20392553220863452,0.0,1.2039255322086344
DTSZ05,SKSZ04,1,0.2116745988247753,0.0,1.2116745988247752
DTSZ05,SRSZ01,2,0.4939371053773597,0.8454902534365007,3.33942735881386
DTSZ05,SRSZ03,1,0.20031429009340052,6.129773251536283,7.330087541629683
DTSZ05,TMSZ01,1,0.38009389549235867,0.0,1.3800938954923587
DTSZ05,TMSZ02,6,1.2040805911261725,0.0,7.204080591126172
DTSZ05,TMSZ03,9,1.3786211867829692,0.0,10.378621186782969
DTSZ05,TMSZ04,12,1.268936470401874,0.0,13.268936470401874
DTSZ05,TNSZ01,1,0.21666413534919302,0.0,1.216664135349193
DTSZ05,TNSZ02,1,0.15098370545843937,0.2103093129373574,1.3612930183957968
DTSZ05,TPSZ02,6,0.563007986912782,0.0,6.5630079869127815
DTSZ05,TPSZ03,1,0.1379968526034244,0.0,1.1379968526034243
DTSZ05,TPSZ06,6,0.4908578189465757,0.0,6.4908578189465755
DTSZ05,TPSZ09,1,0.18502711961642332,0.0,1.1850271196164233
DTSZ05,TPSZ12,1,0.18570435732443805,0.0,1.1857043573244381
DTSZ05,WDSZ02,7,0.3951170817716504,0.0,7.395117081771651
DTSZ05,WDSZ03,9,0.7948243866354493,0.0,9.79482438663545
DTSZ05,WDSZ04,2,0.13542571140563325,0.0,2.135425711405633
DTSZ05,WDSZ06,2,0.1715555532727864,0.0,2.1715555532727864
DTSZ05,WDSZ09,1,0.09080518174790826,0.0,1.0908051817479083
DTSZ05,YSSZ01,1,0.1567005823710505,0.0,1.1567005823710506
DTSZ05,YSSZ03,1,0.24337456449335235,0.0,1.2433745644933523
DTSZ05,YSSZ04,4,0.3826987423272958,0.0,4.382698742327296
DTSZ05,YSSZ05,1,0.12297518405626888,0.0,1.122975184056269
DTSZ05,YSSZ09,9,0.8796845680866053,0.0,9.879684568086605
DTSZ06,AMSZ06,1,0.07606405825294758,0.0,1.0760640582529475
DTSZ06,BDSZ04,1,0.04679633877460149,0.0,1.0467963387746015
DTSZ06,BPSZ05,1,0.023264745954729115,0.0,1.023264745954729
DTSZ06,BSSZ03,1,0.02506100600345501,0.0,1.025061006003455
DTSZ06,CLSZ08,2,0.06925987137103472,0.0,2.0692598713710346
DTSZ06,DTSZ03,2,0.04807622179724639,0.0,2.0480762217972464
DTSZ06,DTSZ12,1,0.12197430497753305,0.0,1.121974304977533
DTSZ06,GLSZ02,1,0.01043397244756154,0.0,1.0104339724475615
DTSZ06,GLSZ04,1,0.08538502648699872,0.0,1.0853850264869986
DTSZ06,HGSZ03,1,0.01873529688895353,0.0,1.0187352968889536
DTSZ06,HGSZ06,1,0.03087435323731537,0.0,1.0308743532373155
DTSZ06,JESZ01,1,0.007998551150222084,0.0,1.007998551150222
DTSZ06,JWSZ03,1,0.016745067117802128,0.0,1.0167450671178022
DTSZ06,KLSZ06,1,0.05280470561397598,0.0,1.052804705613976
DTSZ06,MUSZ03,1,0.014942086503627102,0.0,1.0149420865036272
DTSZ06,NVSZ01,1,0.058731690624366215,0.0,1.0587316906243662
DTSZ06,ORSZ01,1,0.0008172501460002867,0.0,1.0008172501460002
DTSZ06,OTSZ03,1,0.037778257898482034,0.0,1.037778257898482
DTSZ06,PRSZ03,1,0.03511100774187801,0.0,1.035111007741878
DTSZ06,QTSZ05,1,0.028368532757331793,0.0,1.0283685327573318
DTSZ06,QTSZ06,1,0.011580478829990633,0.0,1.0115804788299907
DTSZ06,QTSZ08,1,0.02114476574467066,0.0,1.0211447657446706
DTSZ06,RCSZ01,1,0.010578325339298221,0.0,1.0105783253392981
DTSZ06,SBSZ02,1,0.04111491777468735,0.0,1.0411149177746875
DTSZ06,SESZ03,1,0.034147668672895024,0.0,1.034147668672895
DTSZ06,SGSZ03,1,0.01812119185498918,0.0,1.0181211918549893
DTSZ06,TPSZ02,1,0.020717751580988923,0.0,1.0207177515809889
DTSZ06,TPSZ11,1,0.020424531607541357,0.0,1.0204245316075413
DTSZ06,WDSZ04,1,0.012948022848859167,0.0,1.0129480228488592
DTSZ07,BMSZ01,1,0.17553411718293324,0.0,1.1755341171829332
DTSZ07,CKSZ04,1,0.21477302571608656,0.0,1.2147730257160865
DTSZ07,DTSZ03,1,0.15867899760575396,0.0,1.1586789976057539
DTSZ07,GLSZ02,1,0.07974332508578351,0.0,1.0797433250857835
DTSZ07,HGSZ06,1,0.21707118562380612,0.0,1.2170711856238061
DTSZ07,JESZ02,1,0.0037574877634896117,0.0,1.0037574877634896
DTSZ07,JESZ03,1,0.201598219006432,0.0,1.201598219006432
DTSZ07,JESZ05,1,0.3845388956813375,0.0,1.3845388956813376
DTSZ07,JWSZ08,1,0.13544194377725793,0.0,1.1354419437772578
DTSZ07,JWSZ09,1,0.2623125692347895,0.0,1.2623125692347896
DTSZ07,ORSZ02,1,0.14582075291174892,0.0,1.145820752911749
DTSZ07,OTSZ01,1,0.020729480409091876,0.0,1.0207294804090918
DTSZ08,AMSZ01,4,0.9700141503724394,0.0,4.97001415037244
DTSZ08,AMSZ02,1,0.22760608788366646,0.0,1.2276060878836665
DTSZ08,AMSZ03,2,0.3161415603475681,0.0,2.316141560347568
DTSZ08,AMSZ04,1,0.06398269637481009,0.0,1.06398269637481
DTSZ08,AMSZ06,3,0.4542412939402152,0.0,3.454241293940215
DTSZ08,AMSZ07,1,0.16963967083209366,0.0,1.1696396708320937
DTSZ08,AMSZ09,3,0.3327881628157357,0.0,3.332788162815736
DTSZ08,BDSZ01,3,0.5867878638978664,0.0,3.5867878638978663
DTSZ08,BDSZ02,2,0.49996251943213493,0.0,2.499962519432135
DTSZ08,BDSZ03,1,0.3971926769364927,0.0,1.3971926769364926
DTSZ08,BDSZ04,8,0.8395837591023523,0.0,8.839583759102352
DTSZ08,BDSZ05,1,0.4052546136117926,0.0,1.4052546136117927
DTSZ08,BDSZ06,5,1.0380865226121818,0.0,6.038086522612182
DTSZ08,BKSZ03,3,0.3660186975260314,0.0,3.3660186975260316
DTSZ08,BKSZ05,2,0.5373971349688171,0.0,2.537397134968817
DTSZ08,BKSZ07,3,0.3549640182357808,0.0,3.3549640182357807
DTSZ08,BMSZ01,3,0.7196216512199403,0.0,3.7196216512199403
DTSZ08,BMSZ03,1,0.34933624065247343,0.0,1.3493362406524734
DTSZ08,BMSZ04,5,0.5204201333242365,2.961379067458405,8.481799200782643
DTSZ08,BMSZ06,1,0.5193557900404707,0.0,1.5193557900404708
DTSZ08,BMSZ07,1,0.43314740474159963,0.0,1.4331474047415997
DTSZ08,BMSZ08,4,0.22283130911220234,2.8471509817390843,7.0699822908512875
DTSZ08,BMSZ10,1,0.23970103008843127,0.16993367585000987,1.409634705938441
DTSZ08,BMSZ13,4,0.3898963307156886,0.0,4.389896330715689
DTSZ08,BMSZ14,1,0.20987204199294807,0.4491693025260859,1.659041344519034
DTSZ08,BMSZ15,1,0.3040967187038349,0.07706547537859519,1.3811621940824301
DTSZ08,BPSZ01,2,0.351582770494613,0.0,2.351582770494613
DTSZ08,BPSZ03,2,0.22477560788535497,0.0,2.224775607885355
DTSZ08,BPSZ04,3,0.3102464781901225,0.0,3.3102464781901224
DTSZ08,BPSZ05,1,0.23976835622974352,0.0,1.2397683562297435
DTSZ08,BSSZ01,3,0.8683537792054041,0.0,3.868353779205404
DTSZ08,BSSZ02,3,0.6893545097394778,0.0,3.689354509739478
DTSZ08,BSSZ03,3,0.7059546050004937,0.0,3.7059546050004935
DTSZ08,BTSZ01,3,0.9024640959651922,0.0,3.9024640959651924
DTSZ08,BTSZ05,1,0.08003373112414329,0.0,1.0800337311241432
DTSZ08,BTSZ07,1,0.17685258345342245,0.0,1.1768525834534225
DTSZ08,CHSZ03,1,0.5397024998736252,0.0,1.5397024998736253
DTSZ08,CKSZ02,3,0.32415843014468304,0.0,3.324158430144683
DTSZ08,CKSZ03,2,0.3948577438692727,0.0,2.394857743869273
DTSZ08,CKSZ04,1,0.19438466569052473,0.0,1.1943846656905248
DTSZ08,CKSZ05,2,0.15913443681760536,0.0,2.1591344368176055
DTSZ08,CKSZ06,2,0.27978219122989584,0.0,2.279782191229896
DTSZ08,CLSZ03,1,0.3132533276935526,0.0,1.3132533276935525
DTSZ08,CLSZ04,1,0.1711264938539765,0.0,1.1711264938539765
DTSZ08,CLSZ06,2,0.31002961688074276,0.0,2.3100296168807426
DTSZ08,DTSZ01,2,0.3655209872647933,0.7186903751974731,3.0842113624622667
DTSZ08,DTSZ02,3,0.3235837286079211,1.7352587818667198,5.058842510474641
DTSZ08,DTSZ03,3,0.3555811963232975,0.7801896782680694,4.135770874591367
DTSZ08,DTSZ05,1,0.7803505795497562,3.153434596382852,4.9337851759326075
DTSZ08,DTSZ06,1,0.08153243487076747,0.2960247816090902,1.3775572164798577
DTSZ08,DTSZ12,3,0.26778952371334724,0.7926903248603635,4.060479848573711
DTSZ08,GLSZ02,3,0.28387928907591947,0.0,3.2838792890759194
DTSZ08,GLSZ04,9,1.9834818190863128,0.0,10.983481819086313
DTSZ08,GLSZ05,4,0.9359267052396357,0.0,4.935926705239636
DTSZ08,HGSZ01,1,0.24349468677761732,0.0,1.2434946867776173
DTSZ08,HGSZ02,2,0.515493926380357,0.0,2.515493926380357
DTSZ08,HGSZ03,1,0.17654169368628958,0.0,1.1765416936862896
DTSZ08,HGSZ04,1,0.23132795961987232,0.0,1.2313279596198723
DTSZ08,HGSZ05,1,0.3053744399859186,0.0,1.3053744399859186
DTSZ08,HGSZ06,6,0.9683067983243242,0.0,6.968306798324324
DTSZ08,JESZ01,1,0.20657302997029808,0.0,1.2065730299702981
DTSZ08,JESZ02,3,0.14723860712713868,0.0,3.1472386071271385
DTSZ08,JESZ05,2,0.5331346264470321,0.0,2.533134626447032
DTSZ08,JWSZ02,2,0.21813143818943329,0.0,2.2181314381894333
DTSZ08,JWSZ03,1,0.21131091923597134,0.0,1.2113109192359715
DTSZ08,JWSZ04,1,0.2899616083929646,0.0,1.2899616083929646
DTSZ08,JWSZ08,1,0.44104567783344084,0.0,1.4410456778334408
DTSZ08,JWSZ09,6,0.4937700743968181,0.0,6.493770074396818
DTSZ08,KLSZ01,5,0.6066079863793585,0.0,5.606607986379359
DTSZ08,KLSZ03,1,0.07008916823175554,0.0,1.0700891682317555
DTSZ08,KLSZ06,3,0.5022263761434554,0.0,3.5022263761434553
DTSZ08,KLSZ07,1,0.3383877785774114,0.0,1.3383877785774114
DTSZ08,KLSZ09,2,0.10229119214508407,0.494372650865662,2.596663843010746
DTSZ08,MPSZ03,4,0.9494003838250166,0.0,4.949400383825017
DTSZ08,MUSZ01,3,0.2548524128804626,0.5226802157890136,3.7775326286694764
DTSZ08,NTSZ02,2,0.0,0.0,2.0
DTSZ08,NVSZ01,1,0.7495293513603911,0.0,1.7495293513603911
DTSZ08,NVSZ02,1,0.441205924788144,0.0,1.441205924788144
DTSZ08,NVSZ05,1,0.0,0.0,1.0
DTSZ08,ORSZ02,2,0.3775192906885227,0.34693175639096124,2.7244510470794836
DTSZ08,ORSZ03,3,0.4677369808906368,1.0359053515614551,4.503642332452092
DTSZ08,OTSZ03,4,0.678902904280924,8.995117668742674,13.674020573023597
DTSZ08,OTSZ04,2,0.15061809649062166,1.8249655679079604,3.9755836643985822
DTSZ08,PGSZ02,2,0.31879230860699703,0.0,2.318792308606997
DTSZ08,PGSZ03,5,0.5062848777240211,0.0,5.506284877724021
DTSZ08,PGSZ04,6,0.7893158386760855,0.0,6.789315838676085
DTSZ08,PGSZ05,3,0.4114062377510208,0.0,3.411406237751021
DTSZ08,PRSZ03,2,0.48688714095097096,0.0,2.486887140950971
DTSZ08,PRSZ05,5,0.7112333138953723,0.0,5.711233313895372
DTSZ08,QTSZ01,1,0.22268546859786725,0.0,1.2226854685978672
DTSZ08,QTSZ05,1,0.26293200525751437,0.0,1.2629320052575144
DTSZ08,QTSZ08,1,0.29327788287687867,0.0,1.2932778828768787
DTSZ08,QTSZ11,1,0.2391576296639552,0.0,1.2391576296639553
DTSZ08,QTSZ14,1,0.2743608786273554,0.0,1.2743608786273555
DTSZ08,RCSZ03,1,0.1498522138087763,0.3772949654614737,1.52714717927025
DTSZ08,RVSZ05,1,0.2942428674605777,0.0,1.2942428674605777
DTSZ08,SBSZ01,2,0.3241932128534616,0.0,2.3241932128534617
DTSZ08,SBSZ02,1,0.09091353021827046,0.0,1.0909135302182704
DTSZ08,SBSZ03,4,0.41707618704841287,0.0,4.417076187048413
DTSZ08,SBSZ05,1,0.013439829753210052,0.0,1.0134398297532101
DTSZ08,SESZ02,1,0.280215701964066,0.0,1.280215701964066
DTSZ08,SESZ03,6,0.5686489041725068,0.0,6.568648904172507
DTSZ08,SESZ04,6,0.5743772627849318,0.0,6.574377262784932
DTSZ08,SESZ06,4,0.632314201818419,0.0,4.632314201818419
DTSZ08,SGSZ03,1,0.28730742955587957,0.0,1.2873074295558795
DTSZ08,SGSZ04,2,0.5927368414078683,0.0,2.592736841407868
DTSZ08,SGSZ06,2,0.34170027793735447,0.0,2.3417002779373544
DTSZ08,SRSZ02,1,0.06919472484529078,1.245549367610081,2.314744092455372
DTSZ08,TMSZ02,8,1.308026998980941,0.0,9.30802699898094
DTSZ08,TMSZ03,3,1.1131871941719929,0.0,4.113187194171993
DTSZ08,TMSZ04,3,0.7644991802175984,0.0,3.7644991802175984
DTSZ08,TNSZ02,1,0.1994747337435864,0.17506069523465478,1.3745354289782412
DTSZ08,TNSZ04,1,0.17170193188073907,0.0,1.1717019318807391
DTSZ08,TPSZ02,1,0.32068898679050517,0.0,1.3206889867905052
DTSZ08,TPSZ04,1,0.07412697813205338,0.0,1.0741269781320533
DTSZ08,TPSZ05,1,0.11174323953636034,0.0,1.1117432395363602
DTSZ08,TPSZ06,1,0.294503082310716,0.0,1.294503082310716
DTSZ08,TPSZ07,1,0.06777878755418433,0.0,1.0677787875541844
DTSZ08,TPSZ08,2,0.16392125994380063,0.0,2.1639212599438005
DTSZ08,TPSZ09,1,0.13878440322647836,0.0,1.1387844032264784
DTSZ08,WDSZ02,1,0.2571641743614515,0.0,1.2571641743614514
DTSZ08,WDSZ03,4,0.8731006933219412,0.0,4.873100693321941
DTSZ08,WDSZ04,2,0.24983508664633283,0.0,2.249835086646333
DTSZ08,WDSZ05,1,0.16111314185453982,0.0,1.1611131418545397
DTSZ08,WDSZ06,1,0.12317993244710305,0.0,1.123179932447103
DTSZ08,YSSZ02,1,0.20099118541386768,0.0,1.2009911854138677
DTSZ08,YSSZ03,2,0.40811234349298686,0.0,2.408112343492987
DTSZ08,YSSZ04,2,0.28816908450494544,0.0,2.2881690845049456
DTSZ08,YSSZ08,1,0.11162593230150997,0.0,1.1116259323015099
DTSZ08,YSSZ09,3,0.6932492813066682,0.0,3.6932492813066684
DTSZ09,AMSZ02,3,0.2223814404362152,0.0,3.222381440436215
DTSZ09,AMSZ06,2,0.29352819099659583,0.0,2.2935281909965957
DTSZ09,AMSZ09,2,0.04293549120762184,0.0,2.0429354912076216
DTSZ09,BDSZ01,2,0.1448436538624972,0.0,2.1448436538624973
DTSZ09,BDSZ03,3,0.09667213192233255,0.0,3.0966721319223325
DTSZ09,BDSZ04,1,0.114247593219406,0.0,1.114247593219406
DTSZ09,BKSZ08,1,0.010097268596370194,0.0,1.0100972685963703
DTSZ09,BMSZ01,1,0.10959198595997648,0.0,1.1095919859599765
DTSZ09,BMSZ02,1,0.05906553615986324,0.0,1.0590655361598633
DTSZ09,BMSZ04,1,0.11572617448133517,0.0,1.1157261744813352
DTSZ09,BPSZ03,1,0.058804397873367394,0.0,1.0588043978733674
DTSZ09,BPSZ04,1,0.09561886156543584,0.0,1.0956188615654359
DTSZ09,BSSZ02,2,0.17672715898993413,0.0,2.176727158989934
DTSZ09,BTSZ01,1,0.13933050904224367,0.0,1.1393305090422436
DTSZ09,CLSZ06,4,0.22750327861156708,0.0,4.227503278611567
DTSZ09,CLSZ08,1,0.11927007717719265,0.0,1.1192700771771926
DTSZ09,DTSZ01,1,0.14013474088336741,0.0,1.1401347408833673
DTSZ09,DTSZ02,1,0.07056620125926866,0.0,1.0705662012592687
DTSZ09,DTSZ03,2,0.17063702592184932,0.0,2.1706370259218493
DTSZ09,GLSZ02,2,0.05968402151596001,0.0,2.05968402151596
DTSZ09,GLSZ04,1,0.2257815002484432,0.0,1.2257815002484431
DTSZ09,GLSZ05,1,0.11427882544843815,0.0,1.1142788254484381
DTSZ09,HGSZ04,1,0.07587581389365085,0.0,1.0758758138936508
DTSZ09,HGSZ05,1,0.14949486942677462,0.0,1.1494948694267746
DTSZ09,JESZ02,1,0.04241279278715146,0.0,1.0424127927871514
DTSZ09,JESZ05,1,0.12964555330933095,0.0,1.129645553309331
DTSZ09,JWSZ03,1,0.07416924102357729,0.0,1.0741692410235772
DTSZ09,JWSZ09,1,0.13770411543526387,0.0,1.1377041154352638
DTSZ09,KLSZ01,1,0.13965002249741862,0.0,1.1396500224974186
DTSZ09,KLSZ02,3,0.020950536569998762,0.0,3.0209505365699987
DTSZ09,KLSZ06,1,0.1751212532163404,0.0,1.1751212532163404
DTSZ09,MPSZ03,1,0.12807956249580485,0.0,1.1280795624958049
DTSZ09,MUSZ01,1,0.02159880261193019,0.0,1.0215988026119303
DTSZ09,NTSZ03,1,0.021826983529448396,0.0,1.0218269835294485
DTSZ09,NVSZ01,1,0.22092371154632864,0.0,1.2209237115463287
DTSZ09,NVSZ02,1,0.1371794731974396,0.0,1.1371794731974396
DTSZ09,ORSZ02,3,0.158248390503335,0.0,3.158248390503335
DTSZ09,ORSZ03,1,0.0626024616801109,0.0,1.0626024616801109
DTSZ09,PGSZ04,1,0.09526647103499097,0.0,1.095266471034991
DTSZ09,PGSZ05,1,0.0883175220547609,0.0,1.088317522054761
DTSZ09,PRSZ08,1,0.09941698105284982,0.0,1.0994169810528498
DTSZ09,QTSZ01,2,0.08191853726001576,0.0,2.081918537260016
DTSZ09,QTSZ04,1,0.016851776179813656,0.0,1.0168517761798137
DTSZ09,QTSZ05,2,0.16671980111328338,0.0,2.1667198011132833
DTSZ09,QTSZ06,1,0.0633880190504181,0.0,1.0633880190504181
DTSZ09,QTSZ08,2,0.2339407358824034,0.0,2.2339407358824035
DTSZ09,QTSZ14,1,0.07881745097588784,0.0,1.0788174509758879
DTSZ09,SBSZ03,1,0.10334181452365428,0.0,1.1033418145236542
DTSZ09,SESZ02,1,0.11329830933607585,0.0,1.1132983093360758
DTSZ09,SESZ03,2,0.22408095651415286,0.0,2.224080956514153
DTSZ09,SESZ04,1,0.1506988676552785,0.0,1.1506988676552785
DTSZ09,SESZ06,1,0.14536162024259322,0.0,1.1453616202425931
DTSZ09,SGSZ04,2,0.2828978533877003,0.0,2.2828978533877002
DTSZ09,SGSZ05,2,0.09341556858919395,0.0,2.0934155685891938
DTSZ09,SGSZ06,1,0.1254454578753541,0.0,1.125445457875354
DTSZ09,SRSZ02,1,0.017744800799463615,0.0,1.0177448007994636
DTSZ09,TMSZ01,1,0.16871917099499573,0.0,1.1687191709949958
DTSZ09,TMSZ02,4,0.31005361931474656,0.0,4.310053619314747
DTSZ09,TMSZ03,2,0.2499327570436068,0.0,2.2499327570436067
DTSZ09,TMSZ04,1,0.10258441821142535,0.0,1.1025844182114253
DTSZ09,TPSZ02,1,0.11435840392912675,0.0,1.1143584039291268
DTSZ09,TPSZ03,1,0.036218498807496675,0.0,1.0362184988074967
DTSZ09,TPSZ06,1,0.07323214926816367,0.0,1.0732321492681636
DTSZ09,TPSZ08,1,0.01585425072924212,0.0,1.015854250729242
DTSZ09,WDSZ05,2,0.04947112073183132,0.0,2.0494711207318312
DTSZ09,WDSZ06,1,0.07747380601010842,0.0,1.0774738060101083
DTSZ09,YSSZ08,1,0.017791587564638722,0.0,1.0177915875646386
DTSZ09,YSSZ09,1,0.100478024764171,0.0,1.100478024764171
DTSZ10,AMSZ01,1,0.0,0.0,1.0
DTSZ10,BDSZ02,3,0.0,0.0,3.0
DTSZ10,BMSZ04,1,0.0,0.0,1.0
DTSZ10,BMSZ10,1,0.0,0.0,1.0
DTSZ10,BMSZ13,2,0.0,0.0,2.0
DTSZ10,CLSZ08,2,0.0,0.0,2.0
DTSZ10,GLSZ02,1,0.0,0.0,1.0
DTSZ10,GLSZ05,2,0.0,0.0,2.0
DTSZ10,HGSZ06,1,0.0,0.0,1.0
DTSZ10,JWSZ03,1,0.0,0.0,1.0
DTSZ10,JWSZ08,1,0.0,0.0,1.0
DTSZ10,KLSZ01,1,0.0,0.0,1.0
DTSZ10,PRSZ03,2,0.0,0.0,2.0
DTSZ10,QTSZ03,1,0.0,0.0,1.0
DTSZ10,SBSZ01,1,0.0,0.0,1.0
DTSZ10,SBSZ03,1,0.0,0.0,1.0
DTSZ10,SGSZ07,1,0.0,0.0,1.0
DTSZ10,TPSZ11,1,0.0,0.0,1.0
DTSZ10,YSSZ03,1,0.0,0.0,1.0
DTSZ10,YSSZ09,1,0.0,0.0,1.0
DTSZ11,AMSZ02,3,0.3027520120324745,0.0,3.3027520120324745
DTSZ11,AMSZ03,2,0.3070836901428377,0.0,2.3070836901428375
DTSZ11,AMSZ04,1,0.062149508234425915,0.0,1.0621495082344259
DTSZ11,AMSZ06,2,0.309554855819434,0.0,2.309554855819434
DTSZ11,AMSZ08,1,0.0979044547475707,0.0,1.0979044547475707
DTSZ11,AMSZ09,4,0.16247883177787592,0.0,4.162478831777876
DTSZ11,BDSZ01,6,0.646202027630193,0.0,6.646202027630193
DTSZ11,BDSZ02,3,0.43914368411525534,0.0,3.439143684115255
DTSZ11,BDSZ04,4,0.9103043474533731,0.0,4.910304347453373
DTSZ11,BDSZ05,2,0.6034409478268493,0.0,2.6034409478268494
DTSZ11,BDSZ06,8,1.3466373303679968,0.0,9.346637330367997
DTSZ11,BKSZ01,2,0.12495113045136223,0.0,2.1249511304513624
DTSZ11,BKSZ02,1,0.13901112778567928,0.0,1.1390111277856794
DTSZ11,BKSZ04,1,0.16425277294832635,0.0,1.1642527729483263
DTSZ11,BKSZ05,4,0.8827897965260538,0.0,4.882789796526054
DTSZ11,BMSZ01,1,0.33113013332892816,0.0,1.3311301333289283
DTSZ11,BMSZ03,1,0.40034562617694885,0.0,1.400345626176949
DTSZ11,BMSZ04,3,0.3050904677089176,1.0377651927547105,4.342855660463628
DTSZ11,BMSZ09,4,0.29591020393300344,0.3862812857501043,4.682191489683107
DTSZ11,BMSZ12,1,0.21234599435394444,0.0,1.2123459943539445
DTSZ11,BMSZ13,3,0.32903166752037555,0.0,3.3290316675203755
DTSZ11,BMSZ16,2,0.19123820127774868,0.18667374815419457,2.377911949431943
DTSZ11,BPSZ02,1,0.08677606971774461,0.0,1.0867760697177447
DTSZ11,BPSZ03,2,0.22423167113998463,0.0,2.2242316711399845
DTSZ11,BPSZ04,2,0.28113537445559256,0.0,2.2811353744555927
DTSZ11,BPSZ05,3,0.2777645616696059,0.0,3.277764561669606
DTSZ11,BPSZ06,1,0.14441515728202808,0.0,1.144415157282028
DTSZ11,BSSZ01,3,0.8438200781266086,0.0,3.8438200781266088
DTSZ11,BSSZ02,2,0.49287973019040227,0.0,2.492879730190402
DTSZ11,BSSZ03,4,0.7720162557435308,0.0,4.772016255743531
DTSZ11,BTSZ01,3,1.0028228127874261,0.0,4.002822812787426
DTSZ11,BTSZ02,1,0.12188180242140517,0.0,1.1218818024214052
DTSZ11,BTSZ03,1,0.15541219721751023,0.0,1.1554121972175102
DTSZ11,BTSZ04,1,0.2475176258888108,0.0,1.2475176258888108
DTSZ11,BTSZ05,3,0.16760954314218993,0.0,3.16760954314219
DTSZ11,BTSZ06,2,0.20289842746939069,0.0,2.202898427469391
DTSZ11,BTSZ08,5,0.2279620889471571,0.0,5.227962088947157
DTSZ11,CKSZ01,1,0.25840772703888726,0.0,1.2584077270388874
DTSZ11,CKSZ02,1,0.3468554337582146,0.0,1.3468554337582146
DTSZ11,CKSZ03,7,0.5328268238260384,0.0,7.5328268238260385
DTSZ11,CKSZ04,3,0.22067193290277476,0.0,3.220671932902775
DTSZ11,CKSZ06,5,0.7047526307777685,0.0,5.704752630777769
DTSZ11,CLSZ04,2,0.2463855676469813,0.0,2.2463855676469815
DTSZ11,CLSZ05,1,0.15597402043170983,0.0,1.1559740204317097
DTSZ11,CLSZ06,1,0.21206332830858798,0.0,1.212063328308588
DTSZ11,CLSZ07,1,0.19358704597763257,0.0,1.1935870459776325
DTSZ11,DTSZ01,1,0.3188664089565153,1.1006829942365712,2.4195494031930864
DTSZ11,DTSZ02,2,0.2844054308915175,3.625049200197195,5.909454631088712
DTSZ11,DTSZ03,6,0.5895941780907794,2.0518713129991535,8.641465491089933
DTSZ11,DTSZ05,1,0.293304587295547,3.1605793626303433,4.45388394992589
DTSZ11,DTSZ07,1,0.3450563137470375,1.6130664554353291,2.9581227691823666
DTSZ11,DTSZ08,2,0.5079386157005118,22.019649350037906,24.527587965738416
DTSZ11,DTSZ11,3,0.5052789184075288,18.037765407615975,21.543044326023505
DTSZ11,DTSZ12,2,0.18682676819687574,0.3306013565736959,2.517428124770572
DTSZ11,GLSZ02,1,0.19342335425241822,0.0,1.1934233542524182
DTSZ11,GLSZ04,8,1.7106949960383835,0.0,9.710694996038384
DTSZ11,GLSZ05,1,0.44546856743297664,0.0,1.4454685674329766
DTSZ11,HGSZ02,4,0.4450447550920672,0.0,4.445044755092067
DTSZ11,HGSZ05,3,0.8024037262393211,0.0,3.802403726239321
DTSZ11,HGSZ06,4,1.1394178080524093,0.0,5.139417808052409
DTSZ11,HGSZ07,2,0.3229161269504712,0.0,2.3229161269504712
DTSZ11,HGSZ08,3,0.4474454581412142,0.0,3.4474454581412144
DTSZ11,JESZ03,1,0.3209330967645882,0.0,1.3209330967645883
DTSZ11,JESZ04,1,0.09614502440183184,0.0,1.0961450244018318
DTSZ11,JWSZ01,1,0.04317051366993549,0.0,1.0431705136699354
DTSZ11,JWSZ03,1,0.18074442834818993,0.0,1.18074442834819
DTSZ11,JWSZ04,2,0.34572155195345294,0.0,2.345721551953453
DTSZ11,JWSZ08,2,0.6143444454929298,0.0,2.6143444454929297
DTSZ11,JWSZ09,2,0.5236305662476871,0.0,2.5236305662476872
DTSZ11,KLSZ01,2,0.5260497725768843,0.0,2.5260497725768842
DTSZ11,KLSZ05,2,0.32505554317674346,0.0,2.3250555431767435
DTSZ11,KLSZ06,3,0.48783693198591305,0.0,3.487836931985913
DTSZ11,KLSZ07,1,0.4130910509793214,0.0,1.4130910509793213
DTSZ11,MPSZ01,1,0.15951229498897657,0.0,1.1595122949889767
DTSZ11,MPSZ02,1,0.3318346182058838,0.0,1.3318346182058838
DTSZ11,MPSZ03,1,0.40684246386232403,0.0,1.406842463862324
DTSZ11,MUSZ01,1,0.14847795429718283,1.9074941967083388,3.0559721510055216
DTSZ11,MUSZ03,1,0.02843835321230957,0.17672500819123757,1.205163361403547
DTSZ11,NTSZ05,1,0.0,0.0,1.0
DTSZ11,NVSZ01,3,0.9436258494454658,0.0,3.943625849445466
DTSZ11,ORSZ01,1,0.06925537103636256,0.0,1.0692553710363626
DTSZ11,ORSZ02,3,0.4283807983829844,0.0,3.4283807983829844
DTSZ11,ORSZ03,2,0.19022978141856592,9.142925326929108,11.333155108347674
DTSZ11,OTSZ01,1,0.0610079634030139,0.6617309992364019,1.7227389626394158
DTSZ11,OTSZ03,6,0.7333114991733017,8.006930851438263,14.740242350611563
DTSZ11,PGSZ01,1,0.13268883496499506,0.0,1.132688834964995
DTSZ11,PGSZ03,4,0.38020727278242467,0.0,4.380207272782425
DTSZ11,PGSZ04,2,0.5421613373195588,0.0,2.542161337319559
DTSZ11,PGSZ05,3,0.39961890963488095,0.0,3.399618909634881
DTSZ11,PRSZ02,2,0.31250866954722967,0.0,2.3125086695472294
DTSZ11,PRSZ03,3,0.6404783813027932,0.0,3.640478381302793
DTSZ11,PRSZ04,1,0.12198640288381708,0.0,1.1219864028838171
DTSZ11,PRSZ05,5,0.6908555469372353,0.0,5.690855546937235
DTSZ11,QTSZ01,1,0.20935182197416982,0.0,1.20935182197417
DTSZ11,QTSZ04,2,0.09838779557935343,0.0,2.0983877955793533
DTSZ11,QTSZ05,1,0.2741286806036114,0.0,1.2741286806036114
DTSZ11,QTSZ06,3,0.22288887208512445,0.0,3.2228888720851243
DTSZ11,QTSZ13,1,0.21094108303742967,0.0,1.2109410830374296
DTSZ11,RCSZ01,1,0.16591799310688587,0.0,1.165917993106886
DTSZ11,RVSZ03,2,0.0,0.0,2.0
DTSZ11,SBSZ02,1,0.09156570192527554,0.0,1.0915657019252756
DTSZ11,SBSZ03,3,0.30602775775345503,0.0,3.306027757753455
DTSZ11,SBSZ04,1,0.1201743852243126,0.0,1.1201743852243127
DTSZ11,SESZ02,3,0.5112699537838035,0.0,3.5112699537838035
DTSZ11,SESZ03,8,0.8987422041773254,0.0,8.898742204177326
DTSZ11,SESZ04,3,0.6827511184917978,0.0,3.682751118491798
DTSZ11,SESZ05,2,0.1934173834498199,0.0,2.19341738344982
DTSZ11,SESZ06,3,0.5761071304902029,0.0,3.576107130490203
DTSZ11,SESZ07,1,0.0,0.0,1.0
DTSZ11,SGSZ04,4,0.9840372650641754,0.0,4.984037265064176
DTSZ11,SGSZ06,3,0.5446485331380286,0.0,3.5446485331380284
DTSZ11,SGSZ07,1,0.10121064718320406,0.0,1.1012106471832042
DTSZ11,SRSZ02,1,0.07629172532327685,0.5513217093859719,1.6276134347092488
DTSZ11,TMSZ01,1,0.34805091506382124,0.0,1.3480509150638214
DTSZ11,TMSZ02,10,1.5442843646184845,0.0,11.544284364618484
DTSZ11,TMSZ03,3,0.9924117974200287,0.0,3.992411797420029
DTSZ11,TMSZ04,5,0.8778196965753386,0.0,5.877819696575338
DTSZ11,TMSZ05,1,0.25107279300450314,0.0,1.2510727930045031
DTSZ11,TNSZ02,1,0.19755095316597043,0.0,1.1975509531659705
DTSZ11,TNSZ04,2,0.22723433971438017,0.0,2.2272343397143803
DTSZ11,TPSZ01,2,0.18391391133194784,0.0,2.1839139113319477
DTSZ11,TPSZ02,5,0.59774263943296,0.0,5.59774263943296
DTSZ11,TPSZ05,1,0.12320868540746154,0.0,1.1232086854074614
DTSZ11,TPSZ06,1,0.2799099599004217,0.0,1.2799099599004218
DTSZ11,TPSZ08,2,0.1592247009253202,0.0,2.15922470092532
DTSZ11,TPSZ09,3,0.23618784539957444,0.0,3.2361878453995745
DTSZ11,TPSZ11,2,0.30166988086515695,0.0,2.301669880865157
DTSZ11,TPSZ12,1,0.13682379617722576,0.0,1.1368237961772258
DTSZ11,WDSZ03,3,0.68043796548532,0.0,3.68043796548532
DTSZ11,WDSZ04,1,0.1550909729986556,0.0,1.1550909729986556
DTSZ11,WDSZ05,1,0.16077441722767302,0.0,1.160774417227673
DTSZ11,WDSZ06,1,0.10280908241705068,0.0,1.1028090824170507
DTSZ11,WDSZ09,1,0.06843294311783858,0.0,1.0684329431178385
DTSZ11,YSSZ01,2,0.285755626811236,0.0,2.285755626811236
DTSZ11,YSSZ02,2,0.4232048733336978,0.0,2.423204873333698
DTSZ11,YSSZ03,2,0.3933670344219126,0.0,2.3933670344219125
DTSZ11,YSSZ04,2,0.28937340427413677,0.0,2.2893734042741367
DTSZ11,YSSZ08,3,0.11660288725216018,0.0,3.11660288725216
DTSZ11,YSSZ09,4,0.7785365003599339,0.0,4.778536500359934
DTSZ12,BDSZ01,1,0.10969027204145773,0.0,1.1096902720414576
DTSZ12,BDSZ02,1,0.16772144028609373,0.0,1.1677214402860938
DTSZ12,BDSZ03,1,0.16820859750106548,0.0,1.1682085975010654
DTSZ12,BDSZ04,4,0.44316100305081896,0.0,4.443161003050819
DTSZ12,BKSZ07,2,0.14851171929925513,0.0,2.1485117192992553
DTSZ12,BKSZ09,1,0.10849686604987231,0.0,1.1084968660498724
DTSZ12,BMSZ03,1,0.16302651195092038,0.0,1.1630265119509204
DTSZ12,BMSZ04,1,0.09519308406448235,0.0,1.0951930840644823
DTSZ12,BPSZ03,1,0.07024205036560309,0.0,1.0702420503656032
DTSZ12,BPSZ04,2,0.1315079982607758,0.0,2.131507998260776
DTSZ12,BSSZ02,1,0.1374449667216728,0.0,1.1374449667216728
DTSZ12,BSSZ03,2,0.1985455944662647,0.0,2.198545594466265
DTSZ12,BTSZ06,1,0.045256540810233614,0.0,1.0452565408102337
DTSZ12,CKSZ02,1,0.12883823045060705,0.0,1.128838230450607
DTSZ12,CLSZ06,1,0.14608414826230176,0.0,1.1460841482623016
DTSZ12,DTSZ01,2,0.09449222062203527,0.4450258139304287,2.5395180345524637
DTSZ12,DTSZ11,1,0.33782479982312946,1.2690484491211347,2.606873248944264
DTSZ12,GLSZ03,1,0.10544780822959463,0.0,1.1054478082295947
DTSZ12,GLSZ05,1,0.21420460293950003,0.0,1.2142046029395
DTSZ12,HGSZ03,1,0.09940540052808267,0.0,1.0994054005280827
DTSZ12,HGSZ04,1,0.11298264639311979,0.0,1.1129826463931198
DTSZ12,HGSZ06,4,0.43400479449908597,0.0,4.434004794499086
DTSZ12,HGSZ07,1,0.18762795336666363,0.0,1.1876279533666636
DTSZ12,HGSZ08,1,0.06480072318516585,0.0,1.064800723185166
DTSZ12,JESZ01,1,0.047108651798585706,0.0,1.0471086517985857
DTSZ12,JESZ02,2,0.0,0.0,2.0
DTSZ12,JESZ05,1,0.15325977014899872,0.0,1.1532597701489986
DTSZ12,JWSZ09,1,0.14911942496758565,0.0,1.1491194249675856
DTSZ12,KLSZ06,1,0.17827725579931458,0.2465819445491004,1.424859200348415
DTSZ12,MPSZ03,2,0.2697998023537143,0.0,2.2697998023537145
DTSZ12,MUSZ01,1,0.03209037209445174,0.17629939925604868,1.2083897713505003
DTSZ12,OTSZ02,2,0.0,0.0,2.0
DTSZ12,OTSZ03,2,0.41413921312419044,1.862888405453381,4.277027618577572
DTSZ12,PGSZ04,3,0.05938014583537424,0.0,3.0593801458353744
DTSZ12,PGSZ05,2,0.18154746338514688,0.0,2.181547463385147
DTSZ12,QTSZ05,1,0.15996504085550625,0.0,1.1599650408555062
DTSZ12,RCSZ01,1,0.0369293106777745,0.0,1.0369293106777746
DTSZ12,SBSZ03,1,0.12137673069606646,0.0,1.1213767306960665
DTSZ12,SESZ02,1,0.12404145576320878,0.0,1.1240414557632088
DTSZ12,SESZ03,4,0.28849670377309733,0.0,4.288496703773097
DTSZ12,SESZ04,2,0.21626386107016773,0.0,2.2162638610701677
DTSZ12,SESZ05,2,0.067385889182757,0.0,2.067385889182757
DTSZ12,SGSZ06,1,0.13309661586520685,0.0,1.133096615865207
DTSZ12,SGSZ07,1,0.12016962498269841,0.0,1.1201696249826985
DTSZ12,TMSZ03,1,0.23865174114188487,0.0,1.238651741141885
DTSZ12,TMSZ04,4,0.25139239586456813,0.0,4.251392395864568
DTSZ12,TNSZ04,2,0.11151976184439269,0.0,2.111519761844393
DTSZ12,TPSZ06,1,0.08499668212464456,0.0,1.0849966821246446
DTSZ12,TPSZ07,1,0.04377004528882047,0.0,1.0437700452888206
DTSZ12,TPSZ11,1,0.10899600159190431,0.0,1.1089960015919043
DTSZ12,WDSZ01,1,0.010429657974451358,0.0,1.0104296579744514
DTSZ12,WDSZ02,1,0.0450055202742906,0.0,1.0450055202742905
DTSZ12,WDSZ03,3,0.2665402447795743,0.0,3.2665402447795744
DTSZ12,WDSZ04,1,0.08253633181960662,0.0,1.0825363318196066
DTSZ12,WDSZ06,1,0.09099431175495587,0.0,1.0909943117549559
GLSZ01,AMSZ01,1,0.3436369032111409,0.0,1.3436369032111408
GLSZ01,AMSZ03,1,0.18033824684963048,0.0,1.1803382468496304
GLSZ01,AMSZ04,1,0.0926673588912709,0.0,1.092667358891271
GLSZ01,AMSZ06,1,0.40005819454902114,0.0,1.4000581945490211
GLSZ01,BDSZ01,2,0.3641594079066854,0.0,2.364159407906685
GLSZ01,BDSZ02,1,0.2847499902193306,0.0,1.2847499902193307
GLSZ01,BDSZ04,2,0.7319761602999364,0.0,2.7319761602999364
GLSZ01,BKSZ07,1,0.24585242065807347,0.0,1.2458524206580734
GLSZ01,BMSZ16,1,0.018873852161183948,0.0,1.018873852161184
GLSZ01,BTSZ08,1,0.1266011940215122,0.0,1.1266011940215122
GLSZ01,CKSZ06,1,0.21740940943399,0.0,1.21740940943399
GLSZ01,CLSZ04,1,0.18298768904976534,0.0,1.1829876890497653
GLSZ01,DTSZ05,2,0.3184028812857569,0.0,2.318402881285757
GLSZ01,DTSZ12,1,0.09388141457317187,0.0,1.093881414573172
GLSZ01,GLSZ05,1,0.38167016217245386,0.12784761524597155,1.5095177774184254
GLSZ01,HGSZ01,1,0.2596414120782112,0.0,1.2596414120782111
GLSZ01,HGSZ03,1,0.2776297836238562,0.0,1.2776297836238562
GLSZ01,HGSZ04,2,0.36225591180255406,0.0,2.362255911802554
GLSZ01,HGSZ05,2,0.6008652455752863,0.0,2.600865245575286
GLSZ01,HGSZ06,2,0.6938295938079955,0.0,2.6938295938079957
GLSZ01,HGSZ07,1,0.3407589482926774,0.0,1.3407589482926774
GLSZ01,HGSZ08,1,0.2161687690757297,0.0375559991348656,1.2537247682105952
GLSZ01,JESZ01,1,0.1399411603638897,0.0,1.1399411603638896
GLSZ01,JESZ05,1,0.3357941644296041,0.0,1.335794164429604
GLSZ01,JWSZ08,1,0.22126785950490024,0.0,1.2212678595049002
GLSZ01,KLSZ01,1,0.4535835524206308,0.15792658233411205,1.611510134754743
GLSZ01,KLSZ09,1,0.05227062874634714,0.032534078975192934,1.0848047077215401
GLSZ01,ORSZ02,1,0.24029274493448263,0.0,1.2402927449344827
GLSZ01,PGSZ02,1,0.17157657237147633,0.0,1.1715765723714764
GLSZ01,PGSZ03,2,0.22609600491977788,0.0,2.226096004919778
GLSZ01,PGSZ04,1,0.33823503569864494,0.0,1.338235035698645
GLSZ01,PGSZ05,1,0.26037282194767447,0.0,1.2603728219476744
GLSZ01,PLSZ04,1,0.033148100997305883,0.0,1.0331481009973058
GLSZ01,SBSZ04,1,0.48514033017599645,0.0,1.4851403301759964
GLSZ01,SESZ02,2,0.5563787124881856,0.0,2.5563787124881854
GLSZ01,SESZ03,3,0.6857308675020427,0.0,3.6857308675020426
GLSZ01,SESZ05,1,0.23617026796797344,0.0,1.2361702679679734
GLSZ01,SESZ06,4,1.0026800096839972,0.0,5.002680009683997
GLSZ01,SGSZ03,1,0.24027474788378875,0.0,1.2402747478837888
GLSZ01,SGSZ04,2,0.6457991330902766,0.0,2.645799133090277
GLSZ01,TMSZ02,3,0.9454784424487835,0.0,3.9454784424487834
GLSZ01,TNSZ04,1,0.12096490461492268,0.0,1.1209649046149226
GLSZ01,TPSZ05,1,0.15996481390405953,0.0,1.1599648139040595
GLSZ01,TPSZ06,1,0.2139125484781668,0.03375100653211151,1.2476635550102784
GLSZ01,TPSZ09,3,0.49757401635792314,0.6103477177882008,4.1079217341461245
GLSZ01,WDSZ02,2,0.15490447585043252,0.0,2.1549044758504325
GLSZ01,WDSZ06,1,0.26036862455313536,0.0,1.2603686245531354
GLSZ01,YSSZ02,1,0.10707921049045811,0.0,1.107079210490458
GLSZ01,YSSZ03,2,0.48058529864098487,0.0,2.480585298640985
GLSZ02,AMSZ01,4,0.5683008903744747,0.0,4.568300890374474
GLSZ02,AMSZ05,1,0.34618591316909386,0.0,1.3461859131690939
GLSZ02,BDSZ01,2,0.8441004550951688,0.37482534539984536,3.218925800495014
GLSZ02,BDSZ02,3,0.699470079308023,0.0,3.699470079308023
GLSZ02,BDSZ03,1,0.5193966208244064,0.12821568528117902,1.6476123061055856
GLSZ02,BDSZ04,4,0.831880988602969,0.0,4.831880988602969
GLSZ02,BDSZ05,1,0.6213690523130646,0.0,1.6213690523130646
GLSZ02,BDSZ06,1,0.7273533255535996,0.0,1.7273533255535996
GLSZ02,BKSZ07,1,0.2775379997702721,0.0,1.277537999770272
GLSZ02,BMSZ05,1,0.2502895620711492,0.0,1.2502895620711492
GLSZ02,BMSZ07,1,0.3108176288475851,0.0,1.3108176288475852
GLSZ02,BMSZ17,2,0.22618447624306404,0.0,2.226184476243064
GLSZ02,BPSZ05,1,0.2752030253180709,0.0,1.2752030253180708
GLSZ02,BSSZ01,2,0.7212590765432239,0.0,2.721259076543224
GLSZ02,BSSZ02,2,0.425194117887758,0.0,2.425194117887758
GLSZ02,BSSZ03,2,0.49958703595575227,0.0,2.499587035955752
GLSZ02,BTSZ01,2,0.41660813648263156,0.0,2.4166081364826315
GLSZ02,CHSZ03,2,0.6927911831796937,0.0,2.692791183179694
GLSZ02,CKSZ03,1,0.22272429567195648,0.0,1.2227242956719564
GLSZ02,CKSZ04,1,0.18037872846494232,0.0,1.1803787284649423
GLSZ02,DTSZ01,3,0.2381222450368951,0.0,3.238122245036895
GLSZ02,DTSZ02,4,0.42681907361480126,0.0,4.426819073614801
GLSZ02,DTSZ03,1,0.2670213168665919,0.0,1.2670213168665918
GLSZ02,DTSZ05,2,0.3186382429732856,0.0,2.3186382429732855
GLSZ02,DTSZ06,2,0.04522697035680522,0.0,2.045226970356805
GLSZ02,DTSZ07,1,0.12420858323534928,0.0,1.1242085832353492
GLSZ02,DTSZ08,2,0.16237528791449274,0.0,2.1623752879144926
GLSZ02,DTSZ09,2,0.15314368170776974,0.0,2.15314368170777
GLSZ02,DTSZ11,1,0.305869199066335,0.0,1.305869199066335
GLSZ02,DTSZ12,1,0.15798223946839346,0.0,1.1579822394683934
GLSZ02,GLSZ01,2,1.138570457362032,0.4759750479187916,3.614545505280824
GLSZ02,GLSZ02,3,0.7282498297374803,12.885649725275298,16.61389955501278
GLSZ02,GLSZ03,6,1.2404244409048935,3.8431294513125036,11.083553892217397
GLSZ02,GLSZ04,3,1.8491757595331486,2.5444448848734287,7.393620644406576
GLSZ02,GLSZ05,10,2.109517132945492,3.1610952122034304,15.270612345148923
GLSZ02,HGSZ03,1,0.30859454782158374,0.0,1.3085945478215837
GLSZ02,HGSZ04,1,0.31012091468773484,0.0,1.3101209146877348
GLSZ02,HGSZ05,1,0.3881799219203731,0.0,1.388179921920373
GLSZ02,JESZ05,2,0.4765405642695787,0.0,2.4765405642695786
GLSZ02,JESZ07,1,0.1406415250526558,0.0,1.1406415250526558
GLSZ02,KLSZ01,1,0.5458385944755294,0.20939739221670808,1.7552359866922376
GLSZ02,KLSZ02,2,0.3521598443036308,0.11116394802602675,2.463323792329658
GLSZ02,KLSZ03,1,0.1520662899865268,0.05360972011417204,1.205676010100699
GLSZ02,KLSZ06,1,0.4689630761903864,0.21507358808623522,1.6840366642766216
GLSZ02,KLSZ08,1,0.3964079481538932,0.25655910565637075,1.6529670538102639
GLSZ02,MPSZ01,1,0.4154577771929137,0.654452371700147,2.0699101488930607
GLSZ02,MPSZ03,1,0.5880046882184523,0.0,1.5880046882184522
GLSZ02,MUSZ03,2,0.05920792130777976,0.0,2.0592079213077796
GLSZ02,NVSZ01,1,0.8560839340169167,0.0,1.8560839340169166
GLSZ02,NVSZ02,1,0.4963275369737898,0.0,1.4963275369737898
GLSZ02,ORSZ02,1,0.3207662911036847,0.0,1.3207662911036846
GLSZ02,OTSZ03,7,0.6737906957927964,0.0,7.673790695792796
GLSZ02,PGSZ02,1,0.1880567808701606,0.0,1.1880567808701605
GLSZ02,PNSZ01,1,0.09660609845213132,0.0,1.0966060984521313
GLSZ02,PRSZ03,2,0.5406211514011054,0.0,2.5406211514011057
GLSZ02,PRSZ05,1,0.5447848603221236,0.0,1.5447848603221237
GLSZ02,PRSZ06,1,0.14371361946689884,0.0,1.1437136194668989
GLSZ02,QTSZ06,1,0.12336470209976694,0.0,1.123364702099767
GLSZ02,QTSZ08,4,0.7595086629534833,0.0,4.7595086629534835
GLSZ02,QTSZ14,1,0.23945167405855874,0.0,1.2394516740585588
GLSZ02,RCSZ02,1,0.17911862141255308,0.0,1.179118621412553
GLSZ02,RCSZ08,1,0.0,0.0,1.0
GLSZ02,SBSZ01,1,0.35073081516584026,0.0,1.3507308151658401
GLSZ02,SBSZ03,1,0.2925023663232555,0.0,1.2925023663232555
GLSZ02,SBSZ04,1,0.2669184546737251,0.0,1.266918454673725
GLSZ02,SBSZ08,1,0.10319372813279003,0.0,1.10319372813279
GLSZ02,SESZ03,2,0.6679981545829203,0.0,2.6679981545829206
GLSZ02,SGSZ06,1,0.5054232113513056,0.5119449202909648,2.0173681316422707
GLSZ02,TMSZ02,2,1.154779617013123,0.0,3.154779617013123
GLSZ02,TMSZ03,1,0.7689065597962887,0.0,1.7689065597962887
GLSZ02,TMSZ04,5,0.8272210570878269,0.0,5.827221057087827
GLSZ02,TMSZ05,3,0.5479424036287647,0.0,3.5479424036287646
GLSZ02,TPSZ02,1,0.448887936779657,0.0,1.448887936779657
GLSZ02,TPSZ06,3,0.3479759461795838,0.5137498327830087,3.8617257789625925
GLSZ02,TPSZ12,1,0.3405936897933895,0.05976213454284035,1.4003558243362297
GLSZ02,YSSZ04,1,0.240758230860853,0.0,1.240758230860853
GLSZ02,YSSZ09,2,0.44981253373598007,0.0,2.44981253373598
GLSZ03,AMSZ02,3,0.6210378649169046,0.0,3.6210378649169046
GLSZ03,AMSZ03,4,0.6300017554281333,0.0,4.630001755428133
GLSZ03,AMSZ04,1,0.13952307836569924,0.0,1.1395230783656993
GLSZ03,AMSZ09,3,1.0225663944438612,0.0,4.022566394443861
GLSZ03,BDSZ01,2,1.6854363807657762,0.49467167384068844,4.180108054606465
GLSZ03,BDSZ02,4,2.2755453642504038,0.0,6.275545364250403
GLSZ03,BDSZ03,1,1.0312757147735954,0.44928877558499675,2.480564490358592
GLSZ03,BDSZ04,4,2.0650662080186666,0.0,6.065066208018667
GLSZ03,BDSZ06,1,1.488478521460271,0.0,2.488478521460271
GLSZ03,BKSZ01,1,0.1476071138841495,0.0,1.1476071138841495
GLSZ03,BKSZ04,1,0.2070007962625005,0.0,1.2070007962625005
GLSZ03,BKSZ05,1,0.6559010660077405,0.0,1.6559010660077405
GLSZ03,BKSZ07,2,0.5148151090508855,0.0,2.5148151090508852
GLSZ03,BKSZ09,1,0.3189428002638795,0.0,1.3189428002638794
GLSZ03,BLSZ02,1,0.08133193322687253,0.0,1.0813319332268725
GLSZ03,BMSZ01,1,0.45132105765994474,0.0,1.4513210576599447
GLSZ03,BMSZ03,1,0.3578444666641848,0.0,1.3578444666641847
GLSZ03,BMSZ04,1,0.21216965133375634,0.0,1.2121696513337563
GLSZ03,BMSZ06,1,0.3108470945677272,0.0,1.3108470945677273
GLSZ03,BMSZ07,2,0.8939619626032228,0.0,2.893961962603223
GLSZ03,BMSZ08,1,0.30905663868161787,0.0,1.3090566386816178
GLSZ03,BMSZ13,1,0.3280051260881284,0.0,1.3280051260881285
GLSZ03,BMSZ15,1,0.1699213627916777,0.0,1.1699213627916776
GLSZ03,BMSZ16,1,0.06552340561112416,0.0,1.0655234056111242
GLSZ03,BMSZ17,1,0.1764794277968249,0.0,1.176479427796825
GLSZ03,BPSZ02,1,0.13538658455127242,0.0,1.1353865845512725
GLSZ03,BPSZ04,2,0.5008386106631593,0.0,2.500838610663159
GLSZ03,BSSZ01,3,1.5234187795418606,0.0,4.523418779541861
GLSZ03,BSSZ02,1,0.671397540022025,0.0,1.6713975400220251
GLSZ03,BSSZ03,1,0.6773989588718611,0.0,1.6773989588718612
GLSZ03,BTSZ05,1,0.11475085656673349,0.0,1.1147508565667335
GLSZ03,CCSZ01,1,0.13898931536161033,0.0,1.1389893153616104
GLSZ03,CKSZ01,1,0.3586699440205017,0.0,1.3586699440205017
GLSZ03,CKSZ03,1,0.4153060707524967,0.0,1.4153060707524967
GLSZ03,CLSZ04,1,0.323821716820607,0.0,1.323821716820607
GLSZ03,DTSZ03,1,0.5736616348370441,0.0,1.5736616348370442
GLSZ03,DTSZ12,1,0.26349868658288245,0.0,1.2634986865828823
GLSZ03,GLSZ02,6,0.8519019583563113,2.867907425359589,9.719809383715901
GLSZ03,GLSZ03,4,2.8933651524774664,11.583811599097471,18.477176751574937
GLSZ03,GLSZ04,9,6.493732773950375,4.876095905414098,20.369828679364474
GLSZ03,GLSZ05,2,2.0535180364333314,1.4568313016125867,5.510349338045918
GLSZ03,HGSZ02,2,1.6817363159184038,0.0,3.681736315918404
GLSZ03,HGSZ04,7,2.7724253037515694,0.0,9.77242530375157
GLSZ03,HGSZ05,2,1.373621901787126,0.0,3.373621901787126
GLSZ03,HGSZ07,1,0.4667206611892862,0.11758610040823389,1.5843067615975202
GLSZ03,HGSZ08,1,0.5895922100034919,0.24724339916060847,1.8368356091641005
GLSZ03,HGSZ09,1,0.1144882142422412,0.0,1.1144882142422412
GLSZ03,JESZ01,2,0.2940639796132864,0.0,2.2940639796132865
GLSZ03,JESZ03,1,0.4856563323595817,0.0,1.4856563323595817
GLSZ03,JESZ04,1,0.08869323095824636,0.0,1.0886932309582464
GLSZ03,JWSZ03,3,0.6073012347906652,0.0,3.6073012347906652
GLSZ03,JWSZ04,1,0.42128472057083577,0.0,1.4212847205708359
GLSZ03,JWSZ08,3,1.0164238476059893,0.0,4.0164238476059895
GLSZ03,JWSZ09,1,0.47875215209031524,0.0,1.4787521520903153
GLSZ03,KLSZ01,2,1.2148710986542248,0.0,3.214871098654225
GLSZ03,KLSZ04,1,0.0,0.0,1.0
GLSZ03,KLSZ08,2,0.7387007117568678,0.0,2.738700711756868
GLSZ03,MDSZ03,1,0.0,0.0,1.0
GLSZ03,MPSZ03,2,1.3786503779839838,1.0152468090311313,4.393897187015115
GLSZ03,MUSZ01,1,0.23573668548488397,0.0,1.235736685484884
GLSZ03,MUSZ03,1,0.06727719392430079,0.0,1.0672771939243009
GLSZ03,NVSZ01,1,1.1185562755119618,0.0,2.1185562755119616
GLSZ03,NVSZ02,1,0.6885992226908524,0.0,1.6885992226908524
GLSZ03,ORSZ01,1,0.08044397655982964,0.0,1.0804439765598297
GLSZ03,ORSZ02,1,0.364956476386539,0.0,1.364956476386539
GLSZ03,ORSZ03,2,0.48233655246932006,0.0,2.48233655246932
GLSZ03,OTSZ03,2,0.9737364813952278,0.0,2.973736481395228
GLSZ03,OTSZ04,1,0.09821861278413042,0.0,1.0982186127841305
GLSZ03,PGSZ02,1,0.4331930542418056,0.0,1.4331930542418057
GLSZ03,PGSZ03,4,1.354522378800693,0.0,5.354522378800693
GLSZ03,PGSZ05,1,0.8821776393111456,0.0,1.8821776393111456
GLSZ03,PLSZ03,1,0.057751105829783364,0.0,1.0577511058297833
GLSZ03,PLSZ04,1,0.1629720013669469,0.8102552956170607,1.9732272969840077
GLSZ03,PLSZ05,1,0.21051964434545156,0.0,1.2105196443454516
GLSZ03,PRSZ03,2,1.117637146779639,0.0,3.1176371467796393
GLSZ03,PRSZ05,2,1.9034981283663421,0.0,3.9034981283663424
GLSZ03,QTSZ04,1,0.05868829191942636,0.0,1.0586882919194263
GLSZ03,QTSZ05,1,0.41291962495326223,0.0,1.4129196249532623
GLSZ03,QTSZ08,1,0.2897756253458528,0.0,1.2897756253458528
GLSZ03,RCSZ01,1,0.1952354118708528,0.0,1.1952354118708528
GLSZ03,RCSZ10,2,0.33951847022124104,0.0,2.339518470221241
GLSZ03,SBSZ03,1,0.4704110761553658,0.0,1.470411076155366
GLSZ03,SBSZ04,1,0.3758346814425707,0.0,1.3758346814425706
GLSZ03,SESZ02,2,1.7442553908521752,0.0,3.7442553908521754
GLSZ03,SESZ03,6,1.5165787363266083,0.0,7.516578736326609
GLSZ03,SESZ04,3,1.42574155807992,0.0,4.42574155807992
GLSZ03,SESZ05,1,0.5590067809644039,0.0,1.559006780964404
GLSZ03,SESZ06,2,1.9317559464282548,0.0,3.9317559464282548
GLSZ03,SGSZ03,2,0.798047125668567,0.0,2.798047125668567
GLSZ03,SGSZ04,1,0.8510014088359865,0.0,1.8510014088359865
GLSZ03,SGSZ05,2,0.6445783200187932,0.0,2.6445783200187933
GLSZ03,SGSZ06,3,1.1107734645264196,0.0,4.110773464526419
GLSZ03,TMSZ02,10,3.6187272377167354,0.0,13.618727237716735
GLSZ03,TMSZ03,3,1.9735072158552105,0.0,4.973507215855211
GLSZ03,TMSZ04,2,1.3405458505066805,0.0,3.3405458505066807
GLSZ03,TMSZ05,4,1.2225707618664425,0.0,5.222570761866443
GLSZ03,TNSZ04,2,0.3275311750054032,0.0,2.327531175005403
GLSZ03,TPSZ05,1,0.28269863199242723,0.0,1.2826986319924272
GLSZ03,TPSZ06,2,0.80600997442621,0.0,2.80600997442621
GLSZ03,TPSZ12,2,0.6660517149331731,0.08018637119506566,2.7462380861282387
GLSZ03,WDSZ01,1,0.08470566439773737,0.0,1.0847056643977373
GLSZ03,WDSZ03,2,0.7465912420638022,0.0,2.7465912420638023
GLSZ03,WDSZ04,1,0.4121793552113068,0.0,1.4121793552113067
GLSZ03,WDSZ05,1,0.37132967602117956,0.0,1.3713296760211795
GLSZ03,WDSZ06,2,0.4411086016071256,0.0,2.4411086016071257
GLSZ03,YSSZ09,2,0.8778892005595803,0.0,2.87788920055958
GLSZ04,AMSZ02,1,0.5344014653190231,0.0,1.5344014653190232
GLSZ04,AMSZ06,1,0.6407678650965727,0.0,1.6407678650965727
GLSZ04,BDSZ01,3,1.0266593319244397,0.0,4.0266593319244395
GLSZ04,BDSZ02,1,1.1194899124175426,0.0,2.1194899124175426
GLSZ04,BDSZ03,2,1.0919361962259948,0.0,3.091936196225995
GLSZ04,BDSZ04,8,3.2908369289260686,0.0,11.290836928926069
GLSZ04,BDSZ05,1,0.9780855223054435,0.0,1.9780855223054434
GLSZ04,BDSZ06,3,1.8587730313158277,0.0,4.8587730313158275
GLSZ04,BKSZ05,1,0.7201710115236362,0.0,1.7201710115236362
GLSZ04,BKSZ07,1,0.9224653438426084,0.0,1.9224653438426085
GLSZ04,BKSZ09,1,0.6105020614653972,0.0,1.610502061465397
GLSZ04,BMSZ01,1,0.6946323673477968,0.0,1.6946323673477968
GLSZ04,BMSZ02,1,0.4845323740350207,0.0,1.4845323740350207
GLSZ04,BMSZ07,1,1.0823533732493102,0.0,2.08235337324931
GLSZ04,BMSZ14,1,0.16829413082837175,0.0,1.1682941308283716
GLSZ04,BMSZ17,1,0.291211817403055,0.0,1.2912118174030551
GLSZ04,BPSZ02,1,0.15513964510308062,0.0,1.1551396451030806
GLSZ04,BSSZ02,2,1.1822147116293362,0.0,3.182214711629336
GLSZ04,BSSZ03,1,0.981793508421387,0.0,1.981793508421387
GLSZ04,BTSZ01,1,0.8631788166437824,0.0,1.8631788166437824
GLSZ04,CHSZ03,6,2.1147472041801443,0.0,8.114747204180144
GLSZ04,CLSZ03,1,0.6430480978623188,0.0,1.6430480978623188
GLSZ04,CLSZ04,2,0.6242030726840132,0.0,2.624203072684013
GLSZ04,DTSZ01,5,0.9697880734459005,0.0,5.9697880734459
GLSZ04,DTSZ02,9,1.3560170207072582,0.0,10.356017020707258
GLSZ04,DTSZ03,6,1.1213083706688631,0.0,7.121308370668864
GLSZ04,DTSZ05,12,1.4843957636430463,0.0,13.484395763643047
GLSZ04,DTSZ08,6,0.6790455834917093,0.0,6.6790455834917095
GLSZ04,DTSZ09,1,0.1764813577264219,0.0,1.176481357726422
GLSZ04,DTSZ11,10,1.1678979044745765,0.0,11.167897904474577
GLSZ04,GLSZ01,1,1.1977744911719272,0.25111162527122405,2.448886116443151
GLSZ04,GLSZ02,3,2.544040681643085,1.282017492715822,6.8260581743589075
GLSZ04,GLSZ03,10,5.956404708243585,2.341129758103993,18.297534466347578
GLSZ04,GLSZ04,12,12.562533183928702,56.54252813996561,81.10506132389432
GLSZ04,GLSZ05,13,5.476465884405719,3.7621721526468885,22.23863803705261
GLSZ04,HGSZ02,2,1.466261542163881,0.0,3.466261542163881
GLSZ04,HGSZ03,1,0.6743973232155452,0.0,1.6743973232155454
GLSZ04,HGSZ04,1,0.8126330355935484,0.0,1.8126330355935485
GLSZ04,HGSZ05,2,1.2296343608328166,0.0,3.229634360832817
GLSZ04,HGSZ06,1,1.303865993636602,0.0,2.303865993636602
GLSZ04,HGSZ07,1,0.46879177375430375,0.0,1.4687917737543037
GLSZ04,HGSZ08,4,1.746559713194167,0.6855330228932969,6.432092736087464
GLSZ04,HGSZ09,1,0.07391421985807992,0.0,1.07391421985808
GLSZ04,JESZ04,1,0.14949944717289138,0.0,1.1494994471728914
GLSZ04,JESZ05,1,1.0563541808297634,0.0,2.0563541808297634
GLSZ04,JWSZ02,1,0.27756158447935336,0.0,1.2775615844793533
GLSZ04,JWSZ06,1,0.2047853157571901,0.0,1.2047853157571902
GLSZ04,JWSZ09,1,0.8554236059272,0.0,1.8554236059272
GLSZ04,KLSZ01,2,1.8093943256258644,0.42671654773956247,4.236110873365426
GLSZ04,KLSZ02,1,1.1053442093132437,0.07691163900031861,2.182255848313562
GLSZ04,KLSZ05,3,2.6224861467883662,0.06592891713119667,5.688415063919563
GLSZ04,KLSZ06,3,1.3919321652334584,0.5334896265306195,4.925421791764078
GLSZ04,KLSZ07,3,1.3223380051141587,0.0,4.322338005114158
GLSZ04,KLSZ08,1,0.8817023379138431,0.606139233741961,2.487841571655804
GLSZ04,KLSZ09,2,0.5974614678509391,0.15900432813052595,2.756465795981465
GLSZ04,MPSZ01,1,1.1806006308856194,1.0212955432914521,3.2018961741770715
GLSZ04,MPSZ02,3,3.00400299833594,1.2960753264940013,7.300078324829942
GLSZ04,MPSZ03,4,1.8125428721377927,1.447246713212025,7.259789585349818
GLSZ04,MUSZ01,2,0.3643819722419521,0.0,2.364381972241952
GLSZ04,MUSZ03,1,0.13133489642298504,0.0,1.131334896422985
GLSZ04,NTSZ03,1,0.18732978396796374,0.0,1.1873297839679637
GLSZ04,NTSZ05,2,0.0,0.0,2.0
GLSZ04,NVSZ01,1,1.6470404008225175,0.0,2.6470404008225175
GLSZ04,NVSZ02,6,1.2696094968709222,0.0,7.269609496870922
GLSZ04,ORSZ01,1,0.08948228180666663,0.0,1.0894822818066667
GLSZ04,ORSZ02,5,1.1073774851441742,0.0,6.107377485144174
GLSZ04,ORSZ03,5,0.8995524894255484,0.0,5.899552489425549
GLSZ04,OTSZ01,1,0.07408657449852588,0.0,1.074086574498526
GLSZ04,OTSZ02,1,0.09787248343790929,0.0,1.0978724834379092
GLSZ04,OTSZ03,13,2.184341751134849,0.0,15.184341751134848
GLSZ04,OTSZ04,1,0.18482893215383128,0.0,1.1848289321538312
GLSZ04,PGSZ03,1,0.6660798325078698,0.0,1.6660798325078698
GLSZ04,PGSZ04,3,1.3638153417022845,0.0,4.363815341702285
GLSZ04,PGSZ05,1,0.759614874242567,0.0,1.759614874242567
GLSZ04,PLSZ04,1,0.09078475151968687,0.0,1.090784751519687
GLSZ04,PRSZ03,3,1.1534943693983175,0.0,4.1534943693983175
GLSZ04,PRSZ04,1,0.2886701745481624,0.0,1.2886701745481624
GLSZ04,PRSZ07,1,0.1753897749738847,0.0,1.1753897749738846
GLSZ04,PRSZ08,1,0.2985974194090575,0.0,1.2985974194090575
GLSZ04,QTSZ01,1,0.41947446209245987,0.0,1.41947446209246
GLSZ04,QTSZ02,1,0.2941639893732563,0.0,1.2941639893732564
GLSZ04,QTSZ04,1,0.10395669094132261,0.0,1.1039566909413225
GLSZ04,QTSZ06,1,0.33455935149078836,0.0,1.3345593514907883
GLSZ04,QTSZ08,6,1.3845658433918693,0.0,7.3845658433918695
GLSZ04,QTSZ10,3,1.0681960021897414,0.0,4.068196002189741
GLSZ04,QTSZ11,2,0.8090830223080302,0.0,2.8090830223080303
GLSZ04,QTSZ12,2,0.5466760944690688,0.0,2.5466760944690687
GLSZ04,QTSZ14,4,1.0547188975449062,0.0,5.054718897544906
GLSZ04,RCSZ05,1,0.20278261394511035,0.2315734783669809,1.4343560923120913
GLSZ04,RCSZ10,1,0.6078740743663197,0.0,1.6078740743663196
GLSZ04,RVSZ05,1,0.35453721094659,0.0,1.35453721094659
GLSZ04,SBSZ01,1,0.6382705869826244,0.0,1.6382705869826244
GLSZ04,SBSZ02,1,0.1372222311977809,0.0,1.1372222311977809
GLSZ04,SBSZ04,2,0.5257087611921254,0.0,2.525708761192125
GLSZ04,SBSZ05,1,0.07758629175855267,0.0,1.0775862917585526
GLSZ04,SESZ03,1,1.1460891887762508,0.0,2.1460891887762505
GLSZ04,SESZ05,3,0.744138279608847,0.0,3.744138279608847
GLSZ04,SESZ06,1,0.9594336304160018,0.0,1.9594336304160018
GLSZ04,SGSZ02,1,0.3323546892182861,0.0,1.332354689218286
GLSZ04,SGSZ04,2,2.3600908611379565,0.0,4.360090861137957
GLSZ04,SGSZ05,1,0.400104927356901,0.0,1.400104927356901
GLSZ04,SGSZ06,3,1.0469154964458784,0.0,4.0469154964458784
GLSZ04,SRSZ02,1,0.11730521923308145,0.0,1.1173052192330815
GLSZ04,TMSZ01,1,1.2023387698059411,0.0,2.202338769805941
GLSZ04,TMSZ02,4,2.2288242180935236,0.0,6.228824218093523
GLSZ04,TMSZ03,4,2.354243302955009,0.0,6.354243302955009
GLSZ04,TMSZ04,4,2.5219285390805113,0.0,6.521928539080511
GLSZ04,TMSZ05,5,1.4775808264668553,0.0,6.4775808264668555
GLSZ04,TNSZ03,2,0.15762254884565552,0.0,2.1576225488456555
GLSZ04,TPSZ02,3,1.3441307896829533,0.0,4.3441307896829535
GLSZ04,TPSZ06,2,0.8316417755605567,0.0,2.8316417755605565
GLSZ04,TPSZ09,1,0.694941652658071,0.07011415549453734,1.7650558081526082
GLSZ04,TPSZ10,1,0.4356764777711425,0.07803776804814828,1.513714245819291
GLSZ04,TPSZ12,4,1.4582343544902516,0.12036624399132201,5.578600598481573
GLSZ04,WCSZ01,2,0.8774501763982271,0.0,2.877450176398227
GLSZ04,WDSZ01,1,0.1861633782795865,0.0,1.1861633782795864
GLSZ04,WDSZ03,1,0.7724802917997324,0.0,1.7724802917997324
GLSZ04,WDSZ06,1,0.3005723421222233,0.0,1.3005723421222233
GLSZ04,WDSZ09,1,0.23597964526435966,0.0,1.2359796452643597
GLSZ04,YSSZ02,1,0.4797253813411776,0.0,1.4797253813411775
GLSZ04,YSSZ04,1,0.6767513139304858,0.0,1.676751313930486
GLSZ04,YSSZ09,2,1.2451426439641946,0.0,3.2451426439641944
GLSZ05,AMSZ01,3,1.5201374480929115,0.0,4.520137448092911
GLSZ05,AMSZ02,1,0.4871610874942515,0.0,1.4871610874942516
GLSZ05,AMSZ04,1,0.13116374928270513,0.0,1.1311637492827051
GLSZ05,AMSZ06,1,0.48204818109839226,0.0,1.4820481810983923
GLSZ05,BDSZ01,5,1.8113371854408113,0.44206337536014,7.2534005608009515
GLSZ05,BDSZ02,1,1.1941293586646318,0.0,2.1941293586646315
GLSZ05,BDSZ03,13,3.1348917455730656,2.368520135040487,18.50341188061355
GLSZ05,BDSZ04,18,4.036050695496443,0.0,22.036050695496442
GLSZ05,BDSZ05,3,2.7610915220184835,0.5001390598114545,6.261230581829938
GLSZ05,BDSZ06,9,2.075670880382763,0.0,11.075670880382763
GLSZ05,BDSZ07,2,1.3911599763675497,0.33238714017525667,3.723547116542806
GLSZ05,BKSZ03,1,0.30995459729226366,0.0,1.3099545972922637
GLSZ05,BKSZ05,1,0.5487515764233325,0.0,1.5487515764233324
GLSZ05,BKSZ08,1,0.01924869478349949,0.0,1.0192486947834996
GLSZ05,BLSZ04,1,0.16233891388231705,0.0,1.162338913882317
GLSZ05,BMSZ01,2,0.8747091777135575,0.0,2.8747091777135574
GLSZ05,BMSZ04,1,0.38477884445561117,0.0,1.384778844455611
GLSZ05,BMSZ05,3,1.4809148532741356,0.0,4.480914853274136
GLSZ05,BMSZ06,2,0.7964982258882978,0.0,2.796498225888298
GLSZ05,BMSZ07,1,1.0334268203974144,0.0,2.0334268203974144
GLSZ05,BMSZ10,1,0.2195333177659607,0.0,1.2195333177659606
GLSZ05,BMSZ15,2,0.30086647319202614,0.0,2.300866473192026
GLSZ05,BMSZ17,2,0.3559759148866153,0.0,2.3559759148866153
GLSZ05,BPSZ02,1,0.08976908993630402,0.0,1.089769089936304
GLSZ05,BPSZ03,1,0.28001655911030043,0.0,1.2800165591103005
GLSZ05,BPSZ05,2,0.6223950513896799,0.0,2.62239505138968
GLSZ05,BSSZ01,3,1.566728423997065,0.0,4.5667284239970645
GLSZ05,BSSZ02,1,0.938889313048793,0.0,1.938889313048793
GLSZ05,BSSZ03,4,1.3123932883758742,0.0,5.312393288375874
GLSZ05,BTSZ03,1,0.26668203511766925,0.0,1.2666820351176693
GLSZ05,BTSZ04,1,0.21415891880907859,0.0,1.2141589188090787
GLSZ05,BTSZ05,1,0.15428011454856733,0.0,1.1542801145485673
GLSZ05,CKSZ03,1,0.6628629457923694,0.0,1.6628629457923694
GLSZ05,CKSZ06,1,0.35463447428110245,0.0,1.3546344742811025
GLSZ05,CLSZ03,2,0.9446322863083224,0.0,2.9446322863083223
GLSZ05,CLSZ04,2,0.6247916850602574,0.0,2.6247916850602575
GLSZ05,DTSZ01,4,0.9012269580681173,0.0,4.901226958068118
GLSZ05,DTSZ02,4,0.9021080127446514,0.0,4.902108012744652
GLSZ05,DTSZ03,6,0.9572145535297176,0.0,6.957214553529718
GLSZ05,DTSZ05,6,0.7716402843666637,0.0,6.771640284366663
GLSZ05,DTSZ08,4,0.5826097002197317,0.0,4.582609700219732
GLSZ05,DTSZ09,2,0.2374523256671173,0.0,2.2374523256671175
GLSZ05,DTSZ10,1,0.09137873949209896,0.0,1.0913787394920988
GLSZ05,DTSZ11,2,0.6905791544945089,0.0,2.690579154494509
GLSZ05,GLSZ01,1,0.9584601537653712,0.11728737503378138,2.0757475287991527
GLSZ05,GLSZ02,8,1.2392328030248938,1.6688924590640821,10.908125262088976
GLSZ05,GLSZ03,4,3.7657825477902964,1.5141673643200975,9.279949912110395
GLSZ05,GLSZ04,15,10.497660890164193,6.853836140380371,32.351497030544564
GLSZ05,GLSZ05,25,7.667791450478438,75.06505891479343,107.73285036527187
GLSZ05,HGSZ01,1,0.665656528022996,0.0,1.665656528022996
GLSZ05,HGSZ03,1,0.6901929075674116,0.0,1.6901929075674116
GLSZ05,HGSZ04,1,0.7308557779077584,0.0,1.7308557779077582
GLSZ05,HGSZ05,2,1.1653996073211508,0.0,3.1653996073211506
GLSZ05,HGSZ06,2,1.4494008679078343,0.0,3.4494008679078343
GLSZ05,HGSZ07,3,0.6688481375796074,0.0,3.6688481375796074
GLSZ05,HGSZ08,3,1.303595184651841,0.3888171525877413,4.692412337239582
GLSZ05,JESZ05,2,0.9634550289412086,0.0,2.9634550289412087
GLSZ05,JESZ06,1,0.08536723152465205,0.0,1.085367231524652
GLSZ05,JESZ07,1,0.10041835786096967,0.0,1.1004183578609696
GLSZ05,JWSZ02,1,0.19853525579733045,0.0,1.1985352557973306
GLSZ05,JWSZ03,1,0.28963453857041377,0.0,1.2896345385704138
GLSZ05,JWSZ04,2,0.29363661093582466,0.0,2.293636610935825
GLSZ05,JWSZ05,1,0.06353308964818725,0.0,1.0635330896481872
GLSZ05,JWSZ08,3,0.7298133226454887,0.0,3.7298133226454886
GLSZ05,JWSZ09,3,0.704989986618569,0.0,3.704989986618569
GLSZ05,KLSZ01,7,1.309924049515771,0.0,8.309924049515772
GLSZ05,KLSZ03,4,0.2876766284603958,0.16299535456631523,4.450671983026711
GLSZ05,MPSZ01,2,1.2333236741986084,1.0568683114704116,4.29019198566902
GLSZ05,MPSZ02,3,4.512640831533259,2.024028267411591,9.53666909894485
GLSZ05,MPSZ03,10,3.8307541629270507,2.3165461840924557,16.147300347019506
GLSZ05,MUSZ01,1,0.451417338202503,0.0,1.451417338202503
GLSZ05,NVSZ01,1,1.5381340380583661,0.0,2.538134038058366
GLSZ05,NVSZ02,2,1.1447977985728313,0.0,3.1447977985728315
GLSZ05,ORSZ02,2,0.8598549422724981,0.0,2.859854942272498
GLSZ05,OTSZ02,2,0.09100812895808412,0.0,2.091008128958084
GLSZ05,OTSZ03,7,1.3164737889577265,0.0,8.316473788957726
GLSZ05,PGSZ01,1,0.2166855186408692,0.0,1.2166855186408692
GLSZ05,PGSZ02,2,0.7615498943822188,0.0,2.7615498943822185
GLSZ05,PGSZ04,3,1.2480372492210159,0.0,4.248037249221015
GLSZ05,PGSZ05,1,0.7500089960295208,0.0,1.7500089960295209
GLSZ05,PLSZ04,4,0.20836412822465974,0.0,4.20836412822466
GLSZ05,PNSZ01,1,0.18936034819678937,0.0,1.1893603481967894
GLSZ05,PNSZ03,1,0.0,0.0,1.0
GLSZ05,PRSZ02,1,0.7804052509915832,0.0,1.780405250991583
GLSZ05,PRSZ03,6,1.1226974316955074,0.0,7.122697431695507
GLSZ05,PRSZ05,3,1.7171276697195854,0.0,4.717127669719585
GLSZ05,PRSZ08,1,0.24943108758940316,0.0,1.2494310875894032
GLSZ05,QTSZ04,1,0.1019517869391909,0.0,1.1019517869391908
GLSZ05,QTSZ05,1,0.39925178420548135,0.0,1.3992517842054815
GLSZ05,QTSZ06,2,0.417333589613606,0.0,2.417333589613606
GLSZ05,QTSZ08,2,0.6424402334637197,0.0,2.6424402334637196
GLSZ05,QTSZ10,1,0.6871613510854132,0.0,1.6871613510854133
GLSZ05,QTSZ11,2,0.7661493868562758,0.0,2.766149386856276
GLSZ05,RCSZ01,2,0.3632288748192091,0.0,2.363228874819209
GLSZ05,RCSZ05,2,0.18441300887230505,0.0,2.184413008872305
GLSZ05,RCSZ08,1,0.0,0.0,1.0
GLSZ05,RCSZ10,1,0.5620309447006355,0.0,1.5620309447006355
GLSZ05,SBSZ02,1,0.1315896922951148,0.0,1.1315896922951147
GLSZ05,SBSZ03,2,0.6081948548310894,0.0,2.6081948548310896
GLSZ05,SBSZ04,1,0.32482133844885414,0.0,1.324821338448854
GLSZ05,SBSZ05,1,0.07873556517214794,0.0,1.078735565172148
GLSZ05,SESZ03,2,1.53316476936804,0.0,3.5331647693680397
GLSZ05,SESZ04,5,1.558649111352725,0.0,6.558649111352725
GLSZ05,SESZ06,3,2.1063974104925918,0.0,5.106397410492592
GLSZ05,SGSZ03,1,0.7736187106949196,0.0,1.7736187106949197
GLSZ05,SGSZ04,3,2.6614159179598196,0.0,5.66141591795982
GLSZ05,SGSZ05,1,0.3697151611819946,0.0,1.3697151611819947
GLSZ05,SGSZ06,6,0.9468974603371905,0.0,6.9468974603371905
GLSZ05,SGSZ07,1,0.7579413013620413,0.0,1.7579413013620413
GLSZ05,SISZ01,1,0.42092391161410264,0.0,1.4209239116141026
GLSZ05,SRSZ02,2,0.20175508245690357,0.0,2.2017550824569034
GLSZ05,TMSZ02,5,2.992784458822715,0.0,7.992784458822715
GLSZ05,TMSZ03,5,2.022076574188654,0.0,7.022076574188654
GLSZ05,TMSZ04,5,2.969787671357592,0.0,7.969787671357592
GLSZ05,TMSZ05,1,0.8656562423976857,0.0,1.8656562423976857
GLSZ05,TPSZ01,1,0.6167934719728898,0.0,1.6167934719728898
GLSZ05,TPSZ02,2,1.1016953844670023,0.0,3.1016953844670025
GLSZ05,TPSZ03,1,0.31946419555902045,0.0,1.3194641955590205
GLSZ05,TPSZ04,1,0.0896122808282334,0.0,1.0896122808282334
GLSZ05,TPSZ06,2,0.7263273465844043,0.0,2.7263273465844042
GLSZ05,TPSZ09,1,0.404722594459981,0.0,1.404722594459981
GLSZ05,TPSZ11,1,0.9556160860246881,0.18492903405401828,2.1405451200787065
GLSZ05,TSSZ03,1,0.10142131733048292,0.0,1.101421317330483
GLSZ05,WCSZ01,1,0.9188620846359217,0.0,1.9188620846359217
GLSZ05,WDSZ01,1,0.13279923975745958,0.0,1.1327992397574596
GLSZ05,WDSZ02,2,0.8093466177944691,0.0,2.809346617794469
GLSZ05,WDSZ06,1,0.2410487136071292,0.0,1.241048713607129
GLSZ05,YSSZ02,1,0.4288231809352666,0.0,1.4288231809352667
GLSZ05,YSSZ04,2,0.6244912955960172,0.0,2.6244912955960173
GLSZ05,YSSZ09,4,1.3506736063031513,0.0,5.350673606303151
HGSZ01,BDSZ05,1,0.38018359925264744,0.0,1.3801835992526474
HGSZ01,BMSZ08,1,0.0882435911484137,0.0,1.0882435911484136
HGSZ01,CHSZ03,2,0.5585070818442547,0.0,2.5585070818442546
HGSZ01,DTSZ02,1,0.1831018957499328,0.0,1.1831018957499329
HGSZ01,DTSZ06,1,0.025560801654552493,0.0,1.0255608016545525
HGSZ01,DTSZ08,1,0.14497214461251132,0.0,1.1449721446125114
HGSZ01,DTSZ11,2,0.33967956149529344,0.0,2.339679561495293
HGSZ01,GLSZ01,2,0.347121061699583,0.0,2.347121061699583
HGSZ01,GLSZ03,1,0.4253701334910393,0.0,1.4253701334910394
HGSZ01,GLSZ05,1,0.5257734551573747,0.0,1.5257734551573747
HGSZ01,HGSZ01,2,3.4543132145036197,23.112896708332524,28.567209922836142
HGSZ01,HGSZ02,6,2.0848788996936545,1.737330044528241,9.822208944221895
HGSZ01,HGSZ03,1,0.7388125484826786,0.9610921188638882,2.699904667346567
HGSZ01,HGSZ04,2,0.640291374106131,1.0444861070905425,3.684777481196673
HGSZ01,HGSZ05,6,1.1582726108386983,1.6859843491790798,8.844256960017777
HGSZ01,HGSZ06,3,1.3526778197424572,0.820180814776874,5.172858634519331
HGSZ01,HGSZ07,1,0.5451091458253026,0.11478323168917716,1.6598923775144798
HGSZ01,JESZ03,1,0.2639096654817702,0.0,1.26390966548177
HGSZ01,JESZ06,1,0.06337083732482766,0.0,1.0633708373248276
HGSZ01,KLSZ07,1,0.2915927812375796,0.0,1.2915927812375796
HGSZ01,MUSZ01,1,0.1094621986871688,0.0,1.1094621986871689
HGSZ01,NVSZ02,1,0.36602690428399265,0.0,1.3660269042839928
HGSZ01,ORSZ02,1,0.20948428861923873,0.0,1.2094842886192387
HGSZ01,OTSZ02,2,0.07777954391264173,0.0,2.0777795439126416
HGSZ01,OTSZ03,1,0.3048439274667409,0.0,1.304843927466741
HGSZ01,PGSZ04,2,0.9189146083249542,0.0,2.918914608324954
HGSZ01,QTSZ11,1,0.15863896627011406,0.0,1.158638966270114
HGSZ01,QTSZ14,2,0.22948669112148193,0.0,2.229486691121482
HGSZ01,RCSZ08,1,0.0,0.0,1.0
HGSZ01,RCSZ10,1,0.12624109774503206,0.0,1.1262410977450321
HGSZ01,SBSZ09,1,0.3203796253264622,0.0,1.3203796253264621
HGSZ01,SESZ02,3,1.4884147519732636,0.630474040250948,5.118888792224212
HGSZ01,SESZ03,9,2.0267198839613045,0.9709424685651873,11.997662352526492
HGSZ01,SESZ05,4,0.722630500026691,0.5822367096260427,5.304867209652733
HGSZ01,SESZ06,1,0.6686035182575357,0.24553725352537997,1.9141407717829155
HGSZ01,SGSZ06,2,0.5160602635106801,1.0929040212189494,3.6089642847296295
HGSZ01,TMSZ01,2,0.40007812496034934,0.0,2.4000781249603493
HGSZ01,TMSZ04,1,0.3422743225063504,0.0,1.3422743225063505
HGSZ01,TPSZ01,1,0.14328778475615478,0.0,1.1432877847561547
HGSZ01,TPSZ02,1,0.27763779554257234,0.0,1.2776377955425724
HGSZ01,TPSZ06,1,0.22804451527991762,0.0,1.2280445152799175
HGSZ01,TPSZ08,1,0.17510997339928483,0.0,1.175109973399285
HGSZ01,TPSZ09,1,0.12414173656149306,0.0,1.124141736561493
HGSZ01,WCSZ01,2,0.3826340438795899,0.0,2.38263404387959
HGSZ01,WDSZ01,1,0.07136271029742597,0.0,1.071362710297426
HGSZ02,AMSZ01,3,1.1964193629483237,0.0,4.1964193629483235
HGSZ02,AMSZ02,1,0.437515665796684,0.0,1.4375156657966839
HGSZ02,AMSZ03,1,0.7134383603439662,0.0,1.7134383603439662
HGSZ02,AMSZ12,1,0.1821476475058123,0.0,1.1821476475058124
HGSZ02,BDSZ06,1,0.8551347643806575,0.0,1.8551347643806575
HGSZ02,BMSZ01,1,0.39510325356642406,0.0,1.395103253566424
HGSZ02,BMSZ05,1,0.3430444974801322,0.0,1.343044497480132
HGSZ02,BMSZ12,1,0.30725884344859883,0.0,1.3072588434485988
HGSZ02,BSSZ01,3,1.0858026332818418,0.0,4.085802633281842
HGSZ02,BTSZ01,2,0.6113999648959447,0.0,2.611399964895945
HGSZ02,CHSZ01,1,0.14955160586954086,0.0,1.149551605869541
HGSZ02,CKSZ01,1,0.366107902684808,0.0,1.366107902684808
HGSZ02,DTSZ01,1,0.4515331445984714,0.0,1.4515331445984714
HGSZ02,DTSZ02,1,0.2555809905933397,0.0,1.2555809905933397
HGSZ02,DTSZ03,2,0.5439969730560344,0.0,2.5439969730560343
HGSZ02,DTSZ08,2,0.5699486645126628,0.0,2.569948664512663
HGSZ02,DTSZ11,5,0.5284455604597595,0.0,5.52844556045976
HGSZ02,DTSZ12,1,0.33308832936600924,0.0,1.3330883293660092
HGSZ02,GLSZ03,2,1.3216956367890695,0.0,3.3216956367890695
HGSZ02,GLSZ04,1,0.9950271837711298,0.0,1.9950271837711298
HGSZ02,HGSZ01,10,2.8061772028406637,1.24777093841102,14.053948141251684
HGSZ02,HGSZ02,2,5.925120480972573,23.806365117067767,31.73148559804034
HGSZ02,HGSZ03,3,2.8762478551626027,2.2268776381176583,8.103125493280261
HGSZ02,HGSZ04,3,2.221185417396122,0.6715101087137759,5.892695526109898
HGSZ02,HGSZ06,3,3.1330262186639306,0.4618723253891905,6.594898544053121
HGSZ02,HGSZ07,2,0.7016649902402807,0.10910409076104377,2.810769081001325
HGSZ02,HGSZ08,1,0.5170943443034809,0.07844996274973769,1.5955443070532187
HGSZ02,JESZ04,1,0.10933010274225592,0.0,1.109330102742256
HGSZ02,KLSZ03,1,0.149551055064969,0.0,1.149551055064969
HGSZ02,KLSZ07,1,0.42051334618644653,0.0,1.4205133461864465
HGSZ02,KLSZ08,1,0.672874789851545,0.0,1.672874789851545
HGSZ02,KLSZ09,1,0.11784559490999166,0.0,1.1178455949099917
HGSZ02,MPSZ01,1,0.18227604859273214,0.0,1.1822760485927322
HGSZ02,MUSZ01,1,0.2674303059825594,0.0,1.2674303059825593
HGSZ02,MUSZ03,2,0.14939983336592721,0.0,2.149399833365927
HGSZ02,NTSZ03,2,0.2996159756542071,0.0,2.299615975654207
HGSZ02,NVSZ01,1,1.2188585020685763,0.0,2.218858502068576
HGSZ02,NVSZ02,3,1.022364514165384,0.0,4.022364514165384
HGSZ02,NVSZ03,2,0.6338615219598601,0.0,2.6338615219598602
HGSZ02,ORSZ02,3,1.3984164358806308,0.0,4.39841643588063
HGSZ02,ORSZ03,4,0.649906499044014,0.0,4.649906499044014
HGSZ02,OTSZ03,2,0.6990859076036111,0.0,2.699085907603611
HGSZ02,PGSZ02,2,0.7436969269935741,0.0,2.7436969269935743
HGSZ02,PGSZ03,2,1.029254624062603,0.0,3.0292546240626033
HGSZ02,PGSZ04,1,1.514566966933716,0.18257342615567723,2.697140393089393
HGSZ02,PGSZ05,1,0.7109733293635517,0.0,1.7109733293635516
HGSZ02,PLSZ03,1,0.1071313369949793,0.0,1.1071313369949793
HGSZ02,PRSZ06,1,0.27220365740075736,0.0,1.2722036574007574
HGSZ02,QTSZ02,1,0.3407581458653383,0.0,1.3407581458653384
HGSZ02,QTSZ08,4,0.8519567016287871,0.0,4.8519567016287874
HGSZ02,QTSZ10,1,0.3244541921163758,0.0,1.3244541921163757
HGSZ02,QTSZ14,1,0.5223813588937923,0.0,1.5223813588937922
HGSZ02,QTSZ15,1,0.2341421920133769,0.0,1.2341421920133768
HGSZ02,RVSZ03,1,0.0,0.0,1.0
HGSZ02,RVSZ05,1,0.38347074793070196,0.0,1.383470747930702
HGSZ02,SBSZ02,1,0.1813919883408359,0.0,1.181391988340836
HGSZ02,SESZ03,2,1.6764074026473794,0.21446354611681046,3.89087094876419
HGSZ02,SGSZ01,1,0.5593457198139018,0.0,1.5593457198139018
HGSZ02,SGSZ02,1,0.33042389374995423,0.0,1.3304238937499542
HGSZ02,SGSZ04,1,0.8374739549381858,0.0,1.8374739549381858
HGSZ02,SGSZ06,3,1.4576903417519969,0.0,4.457690341751997
HGSZ02,SRSZ02,2,0.1885764997101266,0.0,2.1885764997101265
HGSZ02,TMSZ03,4,1.6731336263990801,0.0,5.67313362639908
HGSZ02,TPSZ04,1,0.12461166601159714,0.0,1.1246116660115972
HGSZ02,TSSZ03,1,0.15442873557308556,0.0,1.1544287355730856
HGSZ02,WDSZ02,1,0.4504989318427434,0.0,1.4504989318427435
HGSZ02,WDSZ08,1,0.35865239725726283,0.0,1.3586523972572628
HGSZ02,YSSZ09,2,1.158286733786779,0.0,3.1582867337867793
HGSZ03,AMSZ03,1,0.4331251578036348,0.0,1.4331251578036348
HGSZ03,AMSZ10,2,0.4136710820733284,0.0,2.4136710820733285
HGSZ03,BDSZ03,2,0.7043149458704703,0.0,2.70431494587047
HGSZ03,BDSZ04,1,0.9346754655366966,0.0,1.9346754655366967
HGSZ03,BMSZ01,1,0.43440066326399435,0.0,1.4344006632639943
HGSZ03,BMSZ04,1,0.20271407093403457,0.0,1.2027140709340345
HGSZ03,BMSZ05,4,0.6644554548227712,0.0,4.664455454822772
HGSZ03,BTSZ01,1,0.446126068917364,0.0,1.446126068917364
HGSZ03,CHSZ03,2,0.990355011020103,0.0,2.990355011020103
HGSZ03,CLSZ01,1,0.22566714651479208,0.0,1.2256671465147921
HGSZ03,DTSZ02,1,0.368435161115399,0.0,1.368435161115399
HGSZ03,DTSZ03,2,0.5657050466566993,0.0,2.5657050466566993
HGSZ03,DTSZ05,3,0.6923649490571142,0.0,3.692364949057114
HGSZ03,DTSZ06,1,0.053046368248540664,0.0,1.0530463682485407
HGSZ03,DTSZ08,2,0.2618316455185884,0.0,2.2618316455185883
HGSZ03,GLSZ01,2,0.5942061558222931,0.0,2.594206155822293
HGSZ03,GLSZ02,1,0.42105453707623963,0.0,1.4210545370762397
HGSZ03,HGSZ01,1,0.6666272009455154,0.6872215694282606,2.353848770373776
HGSZ03,HGSZ02,2,1.5860803718342305,1.378987617413499,4.965067989247729
HGSZ03,HGSZ03,7,1.5922701334553144,13.676475596654532,22.26874573010985
HGSZ03,HGSZ04,2,1.0435233682494043,1.6910827286663939,4.734606096915798
HGSZ03,HGSZ06,7,2.8863403030084176,2.743583924220476,12.629924227228893
HGSZ03,HGSZ07,1,0.6315525720745523,0.16106388348455522,1.7926164555591075
HGSZ03,KLSZ03,1,0.08423465246932312,0.0,1.0842346524693232
HGSZ03,KLSZ06,1,0.44259885091441215,0.0,1.442598850914412
HGSZ03,KLSZ08,1,0.4662008529858491,0.0,1.4662008529858492
HGSZ03,MUSZ03,2,0.09428012935818347,0.0,2.0942801293581836
HGSZ03,NVSZ02,4,1.0211949584191735,0.0,5.021194958419174
HGSZ03,OTSZ03,3,0.6463180216771066,0.0,3.6463180216771067
HGSZ03,OTSZ04,2,0.19409334352855043,0.0,2.1940933435285506
HGSZ03,PGSZ02,1,0.38243772353944533,0.0,1.3824377235394454
HGSZ03,PGSZ04,1,1.1419498441258558,0.5211116553736542,2.66306149949951
HGSZ03,PLSZ03,1,0.15335902561284348,0.0,1.1533590256128434
HGSZ03,PRSZ05,1,0.9299078087043717,0.0,1.9299078087043717
HGSZ03,RCSZ01,1,0.2040922289016468,0.0,1.2040922289016467
HGSZ03,RVSZ05,1,0.25314279205976736,0.0,1.2531427920597673
HGSZ03,SBSZ02,1,0.22391213055305625,0.0,1.2239121305530563
HGSZ03,SBSZ06,1,0.2218660164105966,0.0,1.2218660164105966
HGSZ03,SBSZ08,1,0.12687309474401134,0.0,1.1268730947440113
HGSZ03,SESZ03,4,2.4800623568939257,1.9441936267912592,8.424255983685185
HGSZ03,SESZ04,2,1.5227846220424182,1.1954419368805727,4.718226558922991
HGSZ03,SGSZ04,5,1.243463375920091,0.0,6.243463375920091
HGSZ03,SGSZ05,1,0.4018333506583512,0.0,1.4018333506583511
HGSZ03,SGSZ06,1,0.628625384749707,0.0,1.628625384749707
HGSZ03,SLSZ04,1,0.0,0.0,1.0
HGSZ03,SRSZ01,1,0.30543651883055495,0.0,1.305436518830555
HGSZ03,SRSZ02,2,0.1448138545553161,0.0,2.144813854555316
HGSZ03,SRSZ03,1,0.2948275714315916,0.0,1.2948275714315916
HGSZ03,TMSZ03,1,1.1323232508986434,0.0,2.1323232508986436
HGSZ03,TNSZ03,1,0.04661350743050739,0.0,1.0466135074305074
HGSZ03,TPSZ06,1,0.41961447133966645,0.0,1.4196144713396666
HGSZ03,TPSZ11,1,0.37154542761742004,0.0,1.37154542761742
HGSZ03,WDSZ03,1,0.5439394281401817,0.0,1.5439394281401817
HGSZ03,WDSZ08,1,0.26240764169029684,0.0,1.262407641690297
HGSZ03,YSSZ09,2,0.8027048839919525,0.0,2.8027048839919524
HGSZ04,AMSZ01,11,2.3293678070595933,0.0,13.329367807059594
HGSZ04,AMSZ04,2,0.38222182556101336,0.0,2.3822218255610133
HGSZ04,AMSZ05,1,0.49210180470223347,0.0,1.4921018047022334
HGSZ04,AMSZ10,4,0.8434035712346137,0.0,4.843403571234614
HGSZ04,AMSZ12,5,0.5137701123178657,0.0,5.513770112317866
HGSZ04,BDSZ01,1,0.7172006942363812,0.0,1.7172006942363813
HGSZ04,BDSZ03,1,0.9400314177533141,0.0,1.940031417753314
HGSZ04,BDSZ04,2,1.071402198042569,0.0,3.071402198042569
HGSZ04,BKSZ01,1,0.12629909163654346,0.0,1.1262990916365434
HGSZ04,BKSZ05,1,0.6911184195143081,0.0,1.691118419514308
HGSZ04,BMSZ01,1,0.5086049344100745,0.0,1.5086049344100745
HGSZ04,BMSZ04,1,0.22085911345131704,0.0,1.2208591134513171
HGSZ04,BMSZ05,2,0.5413756151148009,0.0,2.541375615114801
HGSZ04,BMSZ08,1,0.2316052268901067,0.0,1.2316052268901068
HGSZ04,BMSZ12,1,0.4937721346335561,0.0,1.4937721346335562
HGSZ04,BMSZ16,1,0.0636947422712246,0.0,1.0636947422712246
HGSZ04,BSSZ01,2,1.3450155695273698,0.0,3.34501556952737
HGSZ04,BSSZ02,1,0.6142022480354118,0.0,1.614202248035412
HGSZ04,BSSZ03,2,0.9845428208562161,0.0,2.984542820856216
HGSZ04,BTSZ01,1,0.5100465242231729,0.0,1.5100465242231729
HGSZ04,BTSZ07,1,0.2931357139333289,0.0,1.2931357139333288
HGSZ04,CHSZ01,1,0.19222214476354008,0.0,1.1922221447635402
HGSZ04,CHSZ03,4,1.7675702924250667,0.0,5.7675702924250665
HGSZ04,CLSZ01,1,0.26220852801005706,0.0,1.262208528010057
HGSZ04,CLSZ04,1,0.36333290717223593,0.0,1.363332907172236
HGSZ04,CLSZ05,1,0.35807107141816774,0.0,1.3580710714181676
HGSZ04,DTSZ03,2,0.6232272307655765,0.0,2.6232272307655764
HGSZ04,DTSZ04,1,0.10513280768799878,0.0,1.1051328076879987
HGSZ04,DTSZ05,5,1.4168500464339626,0.0,6.416850046433963
HGSZ04,DTSZ08,1,0.3702096775587061,0.0,1.370209677558706
HGSZ04,DTSZ09,2,0.25216006499382887,0.0,2.252160064993829
HGSZ04,GLSZ01,1,0.6138104833897028,0.0,1.613810483389703
HGSZ04,GLSZ02,1,0.4294705823999666,0.0,1.4294705823999667
HGSZ04,GLSZ03,7,1.1713521798416626,0.0,8.171352179841662
HGSZ04,GLSZ04,2,1.3436265522703308,0.0,3.343626552270331
HGSZ04,GLSZ05,3,1.4001912888687293,0.0,4.400191288868729
HGSZ04,HGSZ01,5,1.6348933584264258,1.3581448846506576,7.993038243077084
HGSZ04,HGSZ02,3,1.7659493041720886,0.977729072087856,5.743678376259944
HGSZ04,HGSZ03,2,1.6172291965564662,2.0742554891981637,5.69148468575463
HGSZ04,HGSZ04,4,2.821969528485008,40.71665089677175,47.53862042525676
HGSZ04,HGSZ05,3,2.1673618134139603,2.9030457815075796,8.070407594921539
HGSZ04,HGSZ06,9,2.9883688230904175,3.8682351197533045,15.856603942843723
HGSZ04,HGSZ07,5,1.1372766191243224,0.8058344100975001,6.943111029221822
HGSZ04,HGSZ08,1,0.5653113938955028,0.20830687983617382,1.7736182737316766
HGSZ04,JESZ05,1,0.5181811292001404,0.0,1.5181811292001404
HGSZ04,JESZ06,1,0.13557952051169148,0.0,1.1355795205116914
HGSZ04,JWSZ09,1,0.48609867453606387,0.0,1.4860986745360638
HGSZ04,KLSZ05,1,0.3744776227517301,0.0,1.3744776227517301
HGSZ04,KLSZ06,2,0.6964773181058067,0.0,2.696477318105807
HGSZ04,KLSZ07,2,0.7609747502938724,0.0,2.7609747502938724
HGSZ04,KLSZ08,3,0.7759956982464752,0.0,3.7759956982464753
HGSZ04,MPSZ01,1,0.31503242751477045,0.0,1.3150324275147705
HGSZ04,MUSZ01,3,0.3143326635680205,0.0,3.3143326635680204
HGSZ04,MUSZ03,2,0.10276456672760242,0.0,2.1027645667276023
HGSZ04,NVSZ02,3,1.0353728879448094,0.0,4.03537288794481
HGSZ04,ORSZ02,3,0.9464156932524401,0.0,3.9464156932524403
HGSZ04,OTSZ03,6,0.762374043538017,0.0,6.762374043538017
HGSZ04,OTSZ04,1,0.12097429197856119,0.0,1.1209742919785612
HGSZ04,PGSZ02,2,0.9252664158620659,0.0,2.925266415862066
HGSZ04,PGSZ03,1,0.7935112155704745,0.30133301925471295,2.0948442348251874
HGSZ04,PGSZ05,1,1.008577066609912,0.0,2.008577066609912
HGSZ04,PLSZ03,1,0.08414457760518294,0.0,1.084144577605183
HGSZ04,PLSZ04,1,0.1762775917426624,0.8702954254190699,2.0465730171617325
HGSZ04,PNSZ02,1,0.0,0.0,1.0
HGSZ04,PRSZ02,1,0.7895591738331046,0.0,1.7895591738331045
HGSZ04,PRSZ03,1,0.8612148787754614,0.0,1.8612148787754614
HGSZ04,PRSZ06,2,0.3856095913785926,0.0,2.3856095913785924
HGSZ04,QTSZ08,3,1.1557992577388614,0.0,4.155799257738861
HGSZ04,QTSZ10,1,0.41622113577509356,0.0,1.4162211357750936
HGSZ04,QTSZ11,1,0.4570019893764289,0.0,1.4570019893764288
HGSZ04,QTSZ14,1,0.3981984702583452,0.0,1.3981984702583452
HGSZ04,RCSZ02,1,0.22890822687781576,0.0,1.2289082268778158
HGSZ04,RCSZ08,1,0.0,0.0,1.0
HGSZ04,SESZ02,1,1.0944278013891942,0.30826545123985105,2.402693252629045
HGSZ04,SESZ03,3,1.7881237746029859,0.7015208872434107,5.4896446618463965
HGSZ04,SESZ04,6,2.448228791087899,1.4935974470534903,9.94182623814139
HGSZ04,SESZ05,4,1.1982142660246375,2.024760877743296,7.222975143767933
HGSZ04,SESZ06,2,2.114442995759511,0.851136211418431,4.965579207177941
HGSZ04,SGSZ02,1,0.45621993703097813,0.0,1.456219937030978
HGSZ04,SGSZ03,1,0.7135030921339334,0.23434706811496694,1.9478501602489002
HGSZ04,SGSZ04,2,1.6249753759989867,0.6828550583724364,4.307830434371423
HGSZ04,SGSZ06,6,2.987774891242032,1.3953394310427456,10.38311432228478
HGSZ04,SGSZ07,1,0.42176636656415245,0.22217909150635953,1.643945458070512
HGSZ04,SLSZ01,1,0.4134152303731222,0.0,1.4134152303731222
HGSZ04,SRSZ02,1,0.08869610751894189,0.0,1.0886961075189419
HGSZ04,TMSZ02,1,0.8795096850569772,0.0,1.8795096850569772
HGSZ04,TMSZ03,1,1.0358040259164534,0.0,2.0358040259164536
HGSZ04,TMSZ04,4,1.7179317196925485,0.0,5.717931719692548
HGSZ04,TMSZ05,2,0.8355459227330926,0.0,2.8355459227330924
HGSZ04,TPSZ02,1,0.7021942387586128,0.0,1.7021942387586129
HGSZ04,TPSZ12,1,0.3048867098083416,0.0,1.3048867098083416
HGSZ04,WCSZ01,4,1.1277609019097732,0.0,5.127760901909773
HGSZ04,WDSZ01,3,0.2275734484003132,0.0,3.2275734484003133
HGSZ04,YSSZ01,1,0.4721797020084077,0.0,1.4721797020084078
HGSZ04,YSSZ09,2,1.0399166558739505,0.0,3.0399166558739505
HGSZ05,AMSZ01,6,1.9515825412862111,0.0,7.951582541286211
HGSZ05,AMSZ03,1,0.857263863429818,0.6366081803989175,2.4938720438287354
HGSZ05,AMSZ10,1,0.5222443094540637,0.0,1.5222443094540639
HGSZ05,AMSZ12,2,0.43071722026782155,0.6788026944346457,3.1095199147024672
HGSZ05,BDSZ03,1,0.8997023510632733,0.0,1.8997023510632733
HGSZ05,BDSZ06,2,1.5387299442735,0.0,3.5387299442735003
HGSZ05,BMSZ01,1,0.5192429913478711,0.0,1.519242991347871
HGSZ05,BMSZ04,1,0.2650825811807997,0.0,1.2650825811807997
HGSZ05,BMSZ05,1,0.48254890194318467,0.0,1.4825489019431846
HGSZ05,BMSZ06,1,0.35592492389639874,0.0,1.3559249238963988
HGSZ05,BMSZ16,1,0.07537752530140324,0.0,1.0753775253014033
HGSZ05,BMSZ17,1,0.31873346316714635,0.0,1.3187334631671463
HGSZ05,BSSZ03,1,0.6800269964490526,0.0,1.6800269964490526
HGSZ05,BTSZ01,2,0.8826901750461177,0.0,2.882690175046118
HGSZ05,CHSZ03,1,0.7645568677257892,0.0,1.7645568677257892
HGSZ05,CLSZ03,1,0.4247337545592411,0.0,1.4247337545592411
HGSZ05,CLSZ06,1,0.45156338742355273,0.0,1.4515633874235527
HGSZ05,DTSZ01,2,0.46937855974484016,0.0,2.46937855974484
HGSZ05,DTSZ02,3,0.776005923007544,0.0,3.776005923007544
HGSZ05,DTSZ03,5,0.962595335089918,0.0,5.962595335089918
HGSZ05,DTSZ05,5,1.292120141005611,0.0,6.292120141005611
HGSZ05,DTSZ08,2,0.4607690268339824,0.0,2.4607690268339826
HGSZ05,DTSZ09,1,0.20528926588119847,0.0,1.2052892658811984
HGSZ05,DTSZ11,5,0.8471818552742071,0.0,5.847181855274207
HGSZ05,GLSZ01,2,0.6709349377793526,0.0,2.6709349377793528
HGSZ05,GLSZ02,2,0.5818723255741967,0.0,2.5818723255741967
HGSZ05,GLSZ03,3,1.3463171848010291,0.0,4.346317184801029
HGSZ05,GLSZ04,1,0.8829712971558639,0.0,1.8829712971558639
HGSZ05,GLSZ05,2,1.3447641828568142,0.0,3.344764182856814
HGSZ05,HGSZ01,9,1.7726605419834207,1.570516035723815,12.343176577707235
HGSZ05,HGSZ02,1,0.7222521512471523,0.19302273098825393,1.9152748822354062
HGSZ05,HGSZ03,2,1.0528319584477437,1.6447381514565187,4.697570109904262
HGSZ05,HGSZ04,3,1.743879424223507,2.7862358701883974,7.530115294411904
HGSZ05,HGSZ05,18,6.3977352625033,38.447495143991695,62.84523040649499
HGSZ05,HGSZ06,4,2.3911300862213576,1.3309131315750895,7.722043217796447
HGSZ05,HGSZ07,1,0.5587903363319195,0.14457591530200561,1.7033662516339252
HGSZ05,HGSZ09,1,0.09683202713141967,0.0,1.0968320271314196
HGSZ05,KLSZ01,1,0.8269932794745094,0.0,1.8269932794745094
HGSZ05,KLSZ05,1,0.36100449767542386,0.0,1.3610044976754239
HGSZ05,KLSZ06,2,0.8542464218547396,0.0,2.8542464218547394
HGSZ05,KLSZ08,2,0.8308386162623772,0.0,2.830838616262377
HGSZ05,KLSZ09,1,0.09577648515154304,0.0,1.095776485151543
HGSZ05,MDSZ02,1,0.1880866492413766,0.0,1.1880866492413766
HGSZ05,MPSZ02,1,0.6133097540455767,0.0,1.6133097540455767
HGSZ05,MUSZ01,1,0.29271561964608417,0.0,1.292715619646084
HGSZ05,NTSZ01,1,0.0,0.0,1.0
HGSZ05,NTSZ03,1,0.1567936366917743,0.0,1.1567936366917744
HGSZ05,NVSZ01,1,1.162179723620799,0.0,2.162179723620799
HGSZ05,NVSZ02,3,1.4285698277509589,0.0,4.428569827750959
HGSZ05,NVSZ03,1,0.30659289387719224,0.0,1.3065928938771922
HGSZ05,ORSZ02,2,0.7683166027285026,0.0,2.7683166027285027
HGSZ05,ORSZ03,2,0.5105177621796969,0.0,2.510517762179697
HGSZ05,OTSZ03,2,0.816331197802628,0.0,2.816331197802628
HGSZ05,OTSZ04,1,0.1591192082982892,0.0,1.1591192082982893
HGSZ05,PGSZ01,1,0.3261963568073859,0.0,1.3261963568073858
HGSZ05,PGSZ02,1,0.4788649740030751,0.0,1.478864974003075
HGSZ05,PGSZ03,2,0.9462924168479511,0.6950966638552237,3.6413890807031746
HGSZ05,PGSZ04,1,1.43158663344374,0.0,2.43158663344374
HGSZ05,PGSZ05,1,0.8406940347062803,0.0,1.8406940347062803
HGSZ05,PRSZ06,1,0.28034115327659637,0.0,1.2803411532765963
HGSZ05,QTSZ10,1,0.4781986265533827,0.0,1.4781986265533826
HGSZ05,QTSZ11,3,0.8142122973139099,0.0,3.81421229731391
HGSZ05,QTSZ13,1,0.46160422950404045,0.0,1.4616042295040406
HGSZ05,SBSZ09,1,0.7750822338399668,0.0,1.7750822338399668
HGSZ05,SESZ02,1,0.8877864846374648,0.32104385952523906,2.208830344162704
HGSZ05,SESZ03,1,1.0028970051081914,0.28083305681194876,2.28373006192014
HGSZ05,SESZ04,3,2.9307262518548702,1.4791636395322518,7.409889891387122
HGSZ05,SESZ05,2,1.1526897199767714,1.5407649294608838,4.693454649437655
HGSZ05,SESZ06,3,2.382107852361676,1.7011664176734655,7.083274270035141
HGSZ05,SGSZ02,1,0.4794509000919455,0.0,1.4794509000919456
HGSZ05,SGSZ03,2,1.0790338213617887,0.4359857415656036,3.5150195629273924
HGSZ05,SGSZ06,8,2.0900616325422767,2.1110918602305713,12.201153492772848
HGSZ05,TMSZ01,1,0.7960117266857266,0.0,1.7960117266857267
HGSZ05,TMSZ02,2,1.8030223234831189,0.0,3.803022323483119
HGSZ05,TMSZ04,3,1.447482139471459,0.0,4.447482139471459
HGSZ05,TPSZ09,2,0.43846960099284016,0.0,2.43846960099284
HGSZ05,WCSZ01,1,0.5869160257787579,0.0,1.5869160257787578
HGSZ05,WDSZ01,1,0.18352725682512025,0.0,1.1835272568251203
HGSZ05,WDSZ02,1,0.5611747512632674,0.0,1.5611747512632674
HGSZ05,WDSZ03,1,0.6158370994825797,0.0,1.6158370994825797
HGSZ05,WDSZ09,2,0.47796125346756174,0.0,2.4779612534675617
HGSZ05,YSSZ01,1,0.5184858891700282,0.0,1.5184858891700284
HGSZ05,YSSZ03,1,0.7696043083327765,0.0,1.7696043083327764
HGSZ05,YSSZ04,1,0.5952552036317355,0.0,1.5952552036317353
HGSZ06,AMSZ01,3,1.672689920568779,0.0,4.672689920568779
HGSZ06,AMSZ02,2,1.3419829005337138,0.6798084025449775,4.021791303078691
HGSZ06,AMSZ04,2,0.6425460072726593,0.0,2.642546007272659
HGSZ06,AMSZ06,1,0.8988897074067556,0.0,1.8988897074067554
HGSZ06,AMSZ08,1,0.27504493932382196,0.0,1.275044939323822
HGSZ06,AMSZ10,1,0.4655819013331262,0.0,1.4655819013331262
HGSZ06,BDSZ01,1,1.1011265731905946,0.0,2.1011265731905944
HGSZ06,BDSZ04,3,2.3677184896331966,0.0,5.367718489633196
HGSZ06,BDSZ06,1,1.555168397215072,0.0,2.555168397215072
HGSZ06,BKSZ01,2,0.3224921589930022,0.0,2.3224921589930023
HGSZ06,BKSZ04,1,0.32932103009835473,0.0,1.3293210300983547
HGSZ06,BMSZ01,4,1.8458881743228446,0.0,5.845888174322845
HGSZ06,BMSZ05,1,0.5759050495257153,0.0,1.5759050495257152
HGSZ06,BMSZ06,1,0.41999000898682337,0.0,1.4199900089868234
HGSZ06,BMSZ17,1,0.23640209949640814,0.0,1.2364020994964082
HGSZ06,BSSZ01,2,2.0025785186539626,0.0,4.002578518653962
HGSZ06,CHSZ03,1,0.7106940481685826,0.0,1.7106940481685826
HGSZ06,CLSZ04,1,0.4591616771580675,0.0,1.4591616771580675
HGSZ06,CLSZ06,1,0.4378134225040736,0.0,1.4378134225040737
HGSZ06,DTSZ01,1,0.6788501570501743,0.0,1.6788501570501744
HGSZ06,DTSZ02,2,1.0378333382438398,0.0,3.03783333824384
HGSZ06,DTSZ03,3,1.4672571986775023,0.0,4.467257198677502
HGSZ06,DTSZ04,1,0.1250245197412153,0.0,1.1250245197412152
HGSZ06,DTSZ05,2,0.8864912571083828,0.0,2.886491257108383
HGSZ06,DTSZ07,1,0.21522973835937662,0.0,1.2152297383593766
HGSZ06,DTSZ08,2,0.5721407569778563,0.0,2.5721407569778565
HGSZ06,DTSZ10,1,0.028741684679710514,0.0,1.0287416846797106
HGSZ06,DTSZ11,4,1.8965940045942187,0.0,5.896594004594219
HGSZ06,DTSZ12,1,0.21758442359902186,0.0,1.2175844235990219
HGSZ06,GLSZ01,1,0.7921012710437882,0.0,1.7921012710437882
HGSZ06,GLSZ05,1,1.3991102339827903,0.0,2.3991102339827903
HGSZ06,HGSZ01,3,1.891905460116614,0.3112041923240137,5.203109652440628
HGSZ06,HGSZ02,4,2.525723040296771,1.254996950153004,7.780719990449775
HGSZ06,HGSZ03,4,2.1452931617905038,2.795697975696765,8.940991137487268
HGSZ06,HGSZ04,1,1.3023594217314922,0.20272742615844289,2.5050868478899355
HGSZ06,HGSZ05,1,1.2600495465798789,0.20092947530721164,2.4609790218870904
HGSZ06,HGSZ06,2,7.891289423499634,22.022718845856865,31.9140082693565
HGSZ06,HGSZ07,8,2.9572448078361795,1.4325487108292492,12.389793518665428
HGSZ06,HGSZ08,3,2.03649091631689,0.1987325492552331,5.235223465572123
HGSZ06,JESZ05,3,1.2975852309491185,0.0,4.297585230949118
HGSZ06,KLSZ03,2,0.22949143143555087,0.0,2.2294914314355507
HGSZ06,KLSZ06,1,0.8061888609933292,0.0,1.8061888609933292
HGSZ06,KLSZ09,1,0.11785204104406938,0.0,1.1178520410440693
HGSZ06,MPSZ03,2,1.524376319573727,0.0,3.5243763195737268
HGSZ06,MUSZ01,1,0.28125673701059517,0.0,1.2812567370105952
HGSZ06,NVSZ01,2,2.191473739096654,0.0,4.191473739096654
HGSZ06,ORSZ02,1,0.57286482179409,0.0,1.5728648217940902
HGSZ06,ORSZ03,1,0.44949160335416954,0.0,1.4494916033541696
HGSZ06,OTSZ01,2,0.13142620539380606,0.0,2.1314262053938062
HGSZ06,OTSZ03,1,0.6694061394414829,0.0,1.6694061394414828
HGSZ06,OTSZ04,2,0.2058171019208565,0.0,2.2058171019208563
HGSZ06,PGSZ02,2,1.5549278703900964,0.0,3.554927870390096
HGSZ06,PGSZ04,7,3.3282987151568255,0.0,10.328298715156826
HGSZ06,PRSZ02,1,1.032581815519534,0.0,2.032581815519534
HGSZ06,PRSZ03,3,1.5002703938748212,0.0,4.500270393874821
HGSZ06,QTSZ07,1,0.0,0.0,1.0
HGSZ06,QTSZ08,5,1.3496711754853448,0.0,6.349671175485344
HGSZ06,QTSZ13,1,0.47238586398219695,0.0,1.472385863982197
HGSZ06,RCSZ08,1,0.0,0.0,1.0
HGSZ06,RVSZ02,1,0.0,0.0,1.0
HGSZ06,RVSZ05,1,0.2883072312027536,0.0,1.2883072312027535
HGSZ06,SESZ02,1,1.4550375981971964,0.0,2.4550375981971966
HGSZ06,SESZ03,15,3.4387658573100213,0.0,18.43876585731002
HGSZ06,SESZ04,1,1.533330741738539,0.0,2.533330741738539
HGSZ06,SESZ05,1,0.9736974040531078,0.05777424160204555,2.0314716456551536
HGSZ06,SESZ06,2,2.9391563535052994,0.0,4.939156353505299
HGSZ06,SGSZ04,6,2.8022964299808293,0.9021531386701807,9.704449568651011
HGSZ06,SGSZ06,4,3.5294309320016093,0.912907002935477,8.442337934937086
HGSZ06,TMSZ01,1,0.9327084488118302,0.0,1.9327084488118302
HGSZ06,TMSZ03,1,1.4490868070465908,0.0,2.4490868070465908
HGSZ06,TMSZ04,2,1.450629529836743,0.0,3.450629529836743
HGSZ06,TMSZ05,1,0.6118749607139364,0.0,1.6118749607139364
HGSZ06,TPSZ01,1,0.5904165972033869,0.0,1.590416597203387
HGSZ06,TPSZ03,1,0.495800784401276,0.0,1.495800784401276
HGSZ06,TPSZ06,2,1.0021799387204786,0.0,3.0021799387204786
HGSZ06,TPSZ08,1,0.3859438892917464,0.0,1.3859438892917464
HGSZ06,TPSZ09,1,0.457600659357311,0.0,1.457600659357311
HGSZ06,TPSZ12,1,0.6916182588822042,0.026713371165908086,1.7183316300481122
HGSZ06,WDSZ03,2,0.9117504735097811,0.0,2.9117504735097812
HGSZ06,WDSZ05,1,0.6020957225606812,0.0,1.6020957225606813
HGSZ06,YSSZ09,1,0.7545959286852654,0.0,1.7545959286852653
HGSZ07,AMSZ01,2,0.8557299185747695,0.0,2.8557299185747693
HGSZ07,AMSZ02,1,0.37825263967766953,0.0,1.3782526396776695
HGSZ07,AMSZ04,1,0.12541178486285792,0.0,1.125411784862858
HGSZ07,AMSZ06,1,0.2656325957850573,0.0,1.2656325957850574
HGSZ07,AMSZ09,1,0.19613932063837328,0.0,1.1961393206383732
HGSZ07,AMSZ11,1,0.028392403966948063,0.0,1.028392403966948
HGSZ07,BDSZ04,2,0.8876356499529987,0.0,2.8876356499529985
HGSZ07,BMSZ01,2,0.4175701299522418,0.0,2.417570129952242
HGSZ07,BMSZ04,1,0.14304814682398942,0.0,1.1430481468239895
HGSZ07,BMSZ05,1,0.22430329583235495,0.0,1.224303295832355
HGSZ07,BMSZ08,1,0.13646520800789338,0.0,1.1364652080078934
HGSZ07,BPSZ04,1,0.2002161445281074,0.0,1.2002161445281074
HGSZ07,BSSZ01,1,0.5499193460963747,0.0,1.5499193460963747
HGSZ07,BSSZ02,1,0.37089190965512814,0.0,1.3708919096551282
HGSZ07,BSSZ03,1,0.42531562071060725,0.0,1.4253156207106072
HGSZ07,BTSZ01,1,0.25660796195157154,0.0,1.2566079619515715
HGSZ07,CHSZ02,2,0.20310099473710178,0.0,2.2031009947371016
HGSZ07,CHSZ03,1,0.32862252461653224,0.0,1.3286225246165322
HGSZ07,DTSZ01,1,0.3262187269401136,0.0,1.3262187269401136
HGSZ07,DTSZ02,1,0.2103471346806407,0.0,1.2103471346806407
HGSZ07,DTSZ03,1,0.21682087008596262,0.0,1.2168208700859626
HGSZ07,DTSZ05,2,0.34547930200879184,0.0,2.345479302008792
HGSZ07,DTSZ08,2,0.1880223436513102,0.0,2.18802234365131
HGSZ07,DTSZ11,2,0.37225721559963926,0.0,2.3722572155996393
HGSZ07,GLSZ01,1,0.508313009932548,0.0,1.508313009932548
HGSZ07,GLSZ03,1,0.43979544345885563,0.12629173933692245,1.566087182795778
HGSZ07,GLSZ04,2,1.0783171790029351,0.0,3.0783171790029353
HGSZ07,GLSZ05,3,1.4743631634896732,0.0,4.474363163489674
HGSZ07,HGSZ01,1,0.4599551397399907,0.08703919319298808,1.5469943329329787
HGSZ07,HGSZ02,1,0.4180470117224522,0.0868879290895338,1.504934940811986
HGSZ07,HGSZ04,7,1.2908424143236747,0.5435025122628937,8.834344926586569
HGSZ07,HGSZ05,3,1.0313628163756572,0.27920706139764007,4.310569877773298
HGSZ07,HGSZ06,8,2.294608662728651,1.3075908399609744,11.602199502689626
HGSZ07,HGSZ07,8,11.39724025071478,11.707173298231586,31.10441354894637
HGSZ07,HGSZ08,8,1.5061552401993668,0.6496541854986219,10.155809425697989
HGSZ07,JESZ05,1,0.307347142706084,0.0,1.3073471427060839
HGSZ07,KLSZ02,1,0.24610800715034,0.0,1.24610800715034
HGSZ07,KLSZ07,2,0.4419422532507103,0.0,2.4419422532507102
HGSZ07,KLSZ08,2,0.5018369940398532,0.0,2.501836994039853
HGSZ07,MPSZ03,1,0.3998906835773324,0.0,1.3998906835773324
HGSZ07,NVSZ01,1,0.7304150352407461,0.0,1.7304150352407461
HGSZ07,NVSZ02,2,0.6817609680294064,0.0,2.6817609680294066
HGSZ07,ORSZ02,4,0.7566404967555795,0.0,4.75664049675558
HGSZ07,ORSZ03,1,0.19685972636183227,0.0,1.1968597263618324
HGSZ07,OTSZ03,4,0.7024962581888649,0.0,4.702496258188865
HGSZ07,PGSZ02,2,0.3922605173019461,0.0,2.392260517301946
HGSZ07,PGSZ03,1,0.2960654004521553,0.0,1.2960654004521552
HGSZ07,PGSZ04,1,0.8105534789387054,0.0,1.8105534789387054
HGSZ07,PGSZ05,3,0.7351160755113824,0.0,3.7351160755113826
HGSZ07,PNSZ02,2,0.0,0.0,2.0
HGSZ07,PNSZ05,1,0.0384754312236399,0.0,1.03847543122364
HGSZ07,PRSZ03,1,0.4072079401239668,0.0,1.4072079401239668
HGSZ07,QTSZ02,1,0.12843928057089132,0.0,1.1284392805708914
HGSZ07,QTSZ07,1,0.0,0.0,1.0
HGSZ07,QTSZ08,2,0.40663227577805794,0.0,2.406632275778058
HGSZ07,QTSZ10,1,0.20690161085289374,0.0,1.2069016108528938
HGSZ07,QTSZ11,3,0.39395025707014264,0.0,3.3939502570701428
HGSZ07,QTSZ14,3,0.3219113376652826,0.0,3.3219113376652825
HGSZ07,QTSZ15,2,0.2650868965376636,0.0,2.265086896537664
HGSZ07,SESZ02,2,0.766293644064043,0.0,2.766293644064043
HGSZ07,SESZ03,5,1.167164465059008,0.0,6.167164465059008
HGSZ07,SESZ04,2,0.8904434918797298,0.0,2.8904434918797297
HGSZ07,SESZ05,3,0.5566812757879792,0.0,3.5566812757879793
HGSZ07,SGSZ04,4,1.5479263494051863,0.4295967491150614,5.977523098520248
HGSZ07,SGSZ05,1,0.4249673771005234,0.14662718976823996,1.5715945668687632
HGSZ07,SGSZ06,5,1.4233489930573477,0.6226881202599275,7.046037113317275
HGSZ07,TMSZ02,1,0.7810516127278859,0.0,1.781051612727886
HGSZ07,TMSZ03,2,1.1763165533899658,0.0,3.1763165533899658
HGSZ07,TMSZ04,1,0.37239233292289753,0.0,1.3723923329228975
HGSZ07,TMSZ05,1,0.2494985977642483,0.0,1.2494985977642483
HGSZ07,TPSZ02,3,0.5476716196727694,0.0,3.5476716196727693
HGSZ07,TPSZ05,1,0.26108761404086406,0.0,1.261087614040864
HGSZ07,TPSZ12,1,0.35836795998843823,0.013176527634697234,1.3715444876231355
HGSZ07,WCSZ01,1,0.2570552747527398,0.0,1.25705527475274
HGSZ07,WDSZ08,1,0.1766054998298268,0.0,1.1766054998298268
HGSZ07,WDSZ09,1,0.12382775022636737,0.0,1.1238277502263674
HGSZ08,AMSZ01,3,0.919605488119976,0.0,3.9196054881199762
HGSZ08,AMSZ02,1,0.3377051436836299,0.0,1.33770514368363
HGSZ08,AMSZ04,2,0.18768096051876393,0.0,2.187680960518764
HGSZ08,BDSZ01,1,0.6462719265574488,0.046229973617594865,1.6925019001750436
HGSZ08,BDSZ02,1,0.730038315844506,0.0,1.730038315844506
HGSZ08,BDSZ04,4,1.4490348659979544,0.0,5.449034865997954
HGSZ08,BKSZ05,1,0.42724613815180634,0.0,1.4272461381518062
HGSZ08,BLSZ02,1,0.03451964666112375,0.0,1.0345196466611237
HGSZ08,BMSZ05,2,0.42467170842223967,0.0,2.4246717084222396
HGSZ08,BMSZ12,1,0.2257774939068963,0.0,1.2257774939068964
HGSZ08,BPSZ05,1,0.2780544695447947,0.0,1.2780544695447946
HGSZ08,BSSZ01,1,0.6654877545721105,0.0,1.6654877545721105
HGSZ08,BSSZ03,2,0.7968350573132176,0.0,2.7968350573132175
HGSZ08,CHSZ02,1,0.15716003661071934,0.0,1.1571600366107193
HGSZ08,CHSZ03,2,0.8569515100985953,0.0,2.8569515100985954
HGSZ08,CKSZ02,1,0.43602289149186624,0.0,1.4360228914918662
HGSZ08,CKSZ03,1,0.2921571424403397,0.0,1.2921571424403397
HGSZ08,CLSZ04,2,0.26530324431705715,0.0,2.265303244317057
HGSZ08,DTSZ04,1,0.1355305787352564,0.0,1.1355305787352563
HGSZ08,DTSZ05,1,0.23861715643331485,0.0,1.2386171564333148
HGSZ08,DTSZ07,1,0.21217142450472196,0.0,1.212171424504722
HGSZ08,DTSZ10,1,0.028049633523262806,0.0,1.0280496335232627
HGSZ08,DTSZ11,3,0.9771178615867601,0.0,3.97711786158676
HGSZ08,GLSZ01,1,0.755027736280311,0.04299734975239903,1.79802508603271
HGSZ08,GLSZ02,2,0.5623730749430225,0.23317595398271887,2.795549028925741
HGSZ08,GLSZ03,3,2.213620839648388,0.45205749056012845,5.665678330208516
HGSZ08,GLSZ04,1,0.8237335455047229,0.16233876964369406,1.986072315148417
HGSZ08,GLSZ05,7,1.691453430257773,0.5910855771822838,9.282539007440057
HGSZ08,HGSZ02,1,0.4254719760032422,0.08278568599899665,1.5082576620022388
HGSZ08,HGSZ06,4,2.0773879610540895,0.3615153460703037,6.438903307124393
HGSZ08,HGSZ07,8,2.412836153961971,0.8685285426443605,11.281364696606332
HGSZ08,HGSZ08,7,1.4851599993754343,2.052167604810193,10.537327604185627
HGSZ08,JWSZ08,1,0.4352986871929267,0.0,1.4352986871929267
HGSZ08,JWSZ09,1,0.3645331235443529,0.0,1.364533123544353
HGSZ08,KLSZ01,1,0.5955138594693755,0.0,1.5955138594693756
HGSZ08,KLSZ06,1,0.396878640274147,0.0,1.396878640274147
HGSZ08,KLSZ09,2,0.1367073164926825,0.0,2.1367073164926826
HGSZ08,NVSZ01,1,0.9545111667831268,0.0,1.9545111667831268
HGSZ08,NVSZ02,1,0.5442699897186448,0.0,1.5442699897186447
HGSZ08,ORSZ02,1,0.2663400473894214,0.0,1.2663400473894213
HGSZ08,ORSZ03,3,0.5459207024139733,0.0,3.5459207024139734
HGSZ08,OTSZ03,2,0.7565593575230819,0.0,2.756559357523082
HGSZ08,PGSZ04,2,1.4171239909710078,0.0,3.4171239909710076
HGSZ08,PGSZ05,3,0.9030957121634097,0.0,3.9030957121634096
HGSZ08,PLSZ04,1,0.09231644565763085,0.3698500678077227,1.4621665134653536
HGSZ08,PRSZ02,1,0.4937904123109878,0.0,1.4937904123109877
HGSZ08,PRSZ03,1,0.44410231770580905,0.0,1.444102317705809
HGSZ08,QTSZ14,1,0.25684111449610064,0.0,1.2568411144961007
HGSZ08,RCSZ01,1,0.1526057450918188,0.0,1.1526057450918188
HGSZ08,SBSZ04,1,0.3217272232032452,0.0,1.3217272232032453
HGSZ08,SESZ03,2,1.591407917558709,0.0,3.5914079175587093
HGSZ08,SGSZ04,2,1.0126389881366047,0.21847488992926747,3.231113878065872
HGSZ08,SGSZ06,9,2.4507843244202436,1.1696996887727125,12.620484013192957
HGSZ08,SGSZ07,1,0.6406232895686728,0.2727517089072306,1.9133749984759034
HGSZ08,SRSZ02,1,0.09312768406636171,0.0,1.0931276840663617
HGSZ08,SRSZ03,1,0.2345493385929698,0.0,1.2345493385929698
HGSZ08,TMSZ02,2,1.6405541087202105,0.0,3.6405541087202105
HGSZ08,TMSZ03,3,1.3824752053345075,0.0,4.382475205334508
HGSZ08,TMSZ04,1,0.4818444473219314,0.0,1.4818444473219314
HGSZ08,TPSZ06,1,0.34695574393821654,0.02484244459451304,1.3717981885327295
HGSZ08,TPSZ09,1,0.361413415323978,0.05124842173208113,1.4126618370560593
HGSZ08,WCSZ01,1,0.29328758668465543,0.0,1.2932875866846554
HGSZ08,WDSZ01,1,0.09655479974142492,0.0,1.096554799741425
HGSZ08,WDSZ03,3,0.923863997560837,0.0,3.923863997560837
HGSZ08,WDSZ04,1,0.24559721474068083,0.0,1.2455972147406809
HGSZ08,WDSZ05,1,0.2596251324382972,0.0,1.2596251324382972
HGSZ08,YSSZ02,1,0.23448112367690796,0.0,1.234481123676908
HGSZ08,YSSZ03,2,0.7914035156803377,0.0,2.791403515680338
HGSZ08,YSSZ09,2,0.6716011480420451,0.0,2.671601148042045
HGSZ09,AMSZ04,1,0.0,0.0,1.0
HGSZ09,BDSZ01,1,0.0,0.0,1.0
HGSZ09,BTSZ08,1,0.0,0.0,1.0
HGSZ09,GLSZ04,1,0.0,0.0,1.0
HGSZ09,HGSZ05,1,0.0,0.0,1.0
HGSZ09,JWSZ03,1,0.0,0.0,1.0
HGSZ09,PGSZ05,1,0.0,0.0,1.0
HGSZ09,PRSZ02,1,0.0,0.0,1.0
HGSZ09,PRSZ03,1,0.0,0.0,1.0
HGSZ09,SESZ06,3,0.0,0.0,3.0
HGSZ09,SGSZ03,1,0.0,0.0,1.0
HGSZ09,SGSZ07,1,0.0,0.0,1.0
HGSZ09,TPSZ02,1,0.0,0.0,1.0
HGSZ09,WDSZ04,1,0.0,0.0,1.0
HGSZ09,YSSZ08,2,0.0,0.0,2.0
JESZ01,AMSZ03,1,0.19812628359711001,0.0,1.19812628359711
JESZ01,BDSZ04,1,0.3002250607376378,0.0,1.3002250607376378
JESZ01,BDSZ05,1,0.2626932468065036,0.0,1.2626932468065035
JESZ01,BKSZ02,1,0.3668196702318443,0.016580257777103723,1.383399928008948
JESZ01,BKSZ03,1,0.7519658654408266,0.21112966557298615,1.9630955310138127
JESZ01,BKSZ05,2,0.829620947909645,0.0,2.8296209479096452
JESZ01,BKSZ07,1,0.3343318630375886,0.10270826450891625,1.437040127546505
JESZ01,BMSZ01,2,0.4024601180207103,0.0,2.40246011802071
JESZ01,BMSZ05,1,0.1966794568964399,0.0,1.1966794568964398
JESZ01,BMSZ07,1,0.3112377319014234,0.0,1.3112377319014235
JESZ01,BMSZ09,1,0.04334096799677859,0.0,1.0433409679967787
JESZ01,BMSZ12,1,0.1272885121133037,0.0,1.1272885121133036
JESZ01,BMSZ17,1,0.15078373303774,0.0,1.15078373303774
JESZ01,BPSZ03,1,0.25746953641975856,0.0,1.2574695364197586
JESZ01,BTSZ01,1,0.3846213113233767,0.0,1.3846213113233767
JESZ01,CKSZ01,1,0.5241206799625939,0.0,1.524120679962594
JESZ01,CKSZ04,1,0.46697704107313387,0.0,1.4669770410731338
JESZ01,CLSZ01,3,0.25924236308818527,0.18827058637725247,3.4475129494654375
JESZ01,CLSZ04,2,0.25879511455218007,0.0,2.2587951145521803
JESZ01,CLSZ06,1,0.2537111132925901,0.0,1.25371111329259
JESZ01,DTSZ02,5,0.3558840044376582,0.0,5.355884004437658
JESZ01,DTSZ05,1,0.16411636445489097,0.0,1.164116364454891
JESZ01,DTSZ08,1,0.15875095094777114,0.0,1.1587509509477711
JESZ01,DTSZ11,1,0.23281129063286043,0.0,1.2328112906328603
JESZ01,DTSZ12,1,0.13695265248969293,0.0,1.136952652489693
JESZ01,GLSZ03,1,0.213014072071645,0.0,1.213014072071645
JESZ01,HGSZ07,1,0.30256467296409795,0.0,1.302564672964098
JESZ01,JESZ01,1,1.15042670120624,10.088944110751351,12.239370811957592
JESZ01,JESZ02,1,0.5934399513444925,0.1962611369540078,1.7897010882985003
JESZ01,JESZ03,4,0.8908246043584495,0.4132404121048598,5.304065016463309
JESZ01,JESZ04,1,0.3745586975687202,0.6474739313275559,2.0220326288962758
JESZ01,JESZ05,10,1.735416138625351,1.2444858302256632,12.979901968851014
JESZ01,JESZ06,2,0.20679154503511327,0.8337329727427197,3.040524517777833
JESZ01,JESZ10,1,0.0,0.0,1.0
JESZ01,JWSZ02,2,0.7155617849833762,0.2276094645804404,2.9431712495638167
JESZ01,JWSZ03,4,1.2055829213311657,0.656509641798217,5.862092563129383
JESZ01,JWSZ04,1,0.5790369825126456,0.17236766672599058,1.7514046492386361
JESZ01,JWSZ08,2,1.4317617901998765,0.0,3.4317617901998765
JESZ01,KLSZ08,1,0.31123669603437376,0.0,1.3112366960343738
JESZ01,MUSZ03,2,0.07828515417717784,0.0,2.078285154177178
JESZ01,OTSZ03,3,0.38478054204156686,0.0,3.384780542041567
JESZ01,OTSZ04,1,0.0642838419727562,0.0,1.0642838419727563
JESZ01,PNSZ02,2,0.0,0.0,2.0
JESZ01,QTSZ02,1,0.11512348409417635,0.0,1.1151234840941764
JESZ01,QTSZ04,1,0.06925521351946298,0.0,1.069255213519463
JESZ01,QTSZ06,1,0.12500565790233584,0.0,1.1250056579023358
JESZ01,QTSZ07,1,0.0,0.0,1.0
JESZ01,QTSZ09,1,0.024237414040686068,0.0,1.024237414040686
JESZ01,QTSZ10,2,0.26854009370809473,0.0,2.268540093708095
JESZ01,QTSZ13,1,0.1576028740648224,0.0,1.1576028740648223
JESZ01,TPSZ02,1,0.24861432392901617,0.0,1.2486143239290162
JESZ01,TSSZ02,1,0.12616749900897606,0.0,1.126167499008976
JESZ01,TSSZ04,1,0.29593092410646993,0.0,1.2959309241064698
JESZ01,TSSZ05,2,0.3446033157352613,0.0,2.3446033157352613
JESZ01,WCSZ01,1,0.25832722303898464,0.0,1.2583272230389846
JESZ02,BDSZ04,1,0.26839679802228983,0.0,1.2683967980222899
JESZ02,BKSZ03,2,0.6301000882858546,0.4602332342459235,3.0903333225317784
JESZ02,BKSZ05,2,0.8099783634197661,0.19719617050304963,3.007174533922816
JESZ02,BKSZ09,1,0.3728916373965318,0.004641998524392843,1.3775336359209247
JESZ02,BLSZ02,1,0.1024755320816408,0.0,1.1024755320816408
JESZ02,BLSZ04,1,0.1462510998968475,0.0,1.1462510998968476
JESZ02,BMSZ01,1,0.2415692043538222,0.0,1.2415692043538222
JESZ02,BMSZ02,1,0.133119504566804,0.0,1.133119504566804
JESZ02,BMSZ08,1,0.13443511936378777,0.0,1.1344351193637878
JESZ02,BMSZ12,1,0.15135276604754516,0.0,1.151352766047545
JESZ02,BMSZ17,1,0.17847652310984177,0.0,1.1784765231098417
JESZ02,BPSZ01,1,0.18258517030067642,0.0,1.1825851703006764
JESZ02,BSSZ01,1,0.4571844774835214,0.0,1.4571844774835214
JESZ02,BTSZ01,2,0.5359139533460023,0.0,2.5359139533460024
JESZ02,CLSZ04,1,0.27326351163019136,0.0,1.2732635116301914
JESZ02,CLSZ09,3,0.5198172004012781,0.0,3.519817200401278
JESZ02,DTSZ05,1,0.16568163316130077,0.0,1.1656816331613007
JESZ02,DTSZ08,3,0.17102667921265882,0.0,3.171026679212659
JESZ02,DTSZ09,2,0.35093920438538545,0.0,2.3509392043853854
JESZ02,DTSZ12,2,0.3232044738344883,0.0,2.323204473834488
JESZ02,JESZ01,1,0.822972328491472,0.201746596557401,2.0247189250488726
JESZ02,JESZ02,3,1.3781415588033556,17.38579056707259,21.763932125875947
JESZ02,JESZ03,4,1.0611068861154311,1.0289846074481561,6.0900914935635875
JESZ02,JESZ04,1,0.2721058131040779,0.6577797954130722,1.92988560851715
JESZ02,JESZ05,9,1.745692487839287,3.0904347426692995,13.836127230508588
JESZ02,JESZ06,1,0.15503097914125757,0.15121249857132515,1.3062434777125829
JESZ02,JESZ08,1,0.23964292325379727,0.011628203770781055,1.2512711270245784
JESZ02,JESZ10,1,0.0,0.0,1.0
JESZ02,JWSZ02,2,0.5149990547546582,0.21485319961673222,2.7298522543713903
JESZ02,JWSZ03,3,0.895570585853055,0.27842630685691283,4.173996892709968
JESZ02,JWSZ04,2,0.8119665209740998,0.31597513463825416,3.127941655612354
JESZ02,JWSZ06,1,0.12594604940732776,0.0,1.1259460494073277
JESZ02,JWSZ08,1,0.754848811775699,0.0,1.754848811775699
JESZ02,JWSZ09,2,0.9417043563482094,0.0,2.9417043563482093
JESZ02,KLSZ03,1,0.04740919718294182,0.0,1.0474091971829418
JESZ02,KLSZ06,1,0.2712530645142289,0.0,1.2712530645142288
JESZ02,KLSZ09,1,0.04556915373713456,0.0,1.0455691537371345
JESZ02,MUSZ03,1,0.05510071739659802,0.0,1.055100717396598
JESZ02,NVSZ02,1,0.39281832955530505,0.0,1.392818329555305
JESZ02,ORSZ02,1,0.2688995359488548,0.0,1.2688995359488549
JESZ02,ORSZ03,2,0.24804430713984446,0.0,2.2480443071398444
JESZ02,OTSZ03,4,0.4466733772459063,0.0,4.446673377245906
JESZ02,OTSZ04,2,0.1257925087076974,0.0,2.1257925087076974
JESZ02,PGSZ04,1,0.20379650301639757,0.0,1.2037965030163975
JESZ02,PLSZ04,1,0.031322374840051424,0.0,1.0313223748400515
JESZ02,PNSZ02,1,0.0,0.0,1.0
JESZ02,QTSZ08,2,0.5225462298428503,0.0,2.5225462298428503
JESZ02,QTSZ09,2,0.06275575864559896,0.0,2.062755758645599
JESZ02,QTSZ10,1,0.2209854647201866,0.0,1.2209854647201865
JESZ02,QTSZ11,3,0.3885268160238869,0.0,3.388526816023887
JESZ02,QTSZ13,1,0.14466344770372258,0.0,1.1446634477037225
JESZ02,QTSZ15,1,0.1346472112631595,0.0,1.1346472112631596
JESZ02,SBSZ06,1,0.19677909739907573,0.0,1.1967790973990757
JESZ02,SESZ05,1,0.1733937450600536,0.0,1.1733937450600536
JESZ02,SGSZ01,1,0.18935340426891137,0.0,1.1893534042689113
JESZ02,SISZ01,1,0.22764358311186145,0.0,1.2276435831118615
JESZ02,SRSZ01,1,0.13695481813774713,0.0,1.1369548181377471
JESZ02,TPSZ01,1,0.17059839262771653,0.0,1.1705983926277166
JESZ02,TSSZ05,4,0.3838957668989053,0.0,4.383895766898905
JESZ02,WDSZ01,1,0.056228864276323565,0.0,1.0562288642763236
JESZ02,WDSZ02,1,0.22230976513811618,0.0,1.222309765138116
JESZ02,WDSZ03,2,0.7136683414065873,0.0,2.713668341406587
JESZ02,WDSZ07,1,0.04997892800629465,0.0,1.0499789280062946
JESZ03,AMSZ02,1,0.41442926464343516,0.0,1.414429264643435
JESZ03,BDSZ04,1,0.21543676303497952,0.0,1.2154367630349796
JESZ03,BDSZ05,1,0.41425340825673707,0.0,1.414253408256737
JESZ03,BKSZ03,2,1.0137959003344792,0.8118131624717853,3.8256090628062642
JESZ03,BKSZ06,1,0.7253715355258921,0.29228614067516795,2.01765767620106
JESZ03,BKSZ07,1,0.8377390345903022,0.6659334323007683,2.5036724668910706
JESZ03,BKSZ08,1,0.22432211228228063,0.10572310339423321,1.330045215676514
JESZ03,BKSZ09,1,0.8724315623011899,0.02408124352603147,1.8965128058272214
JESZ03,BMSZ01,1,0.4810083257941586,0.0,1.4810083257941586
JESZ03,BMSZ05,1,0.37782520059396163,0.0,1.3778252005939615
JESZ03,BMSZ12,2,0.5935508987922938,0.0,2.593550898792294
JESZ03,BPSZ03,1,0.5736204227449532,0.0,1.5736204227449533
JESZ03,BTSZ01,1,0.8411899590122256,0.22175245116462156,2.062942410176847
JESZ03,CHSZ03,1,0.9187317692721798,0.0,1.91873176927218
JESZ03,CKSZ01,1,0.6647061850350252,0.0,1.6647061850350253
JESZ03,CKSZ03,2,0.8761961086966373,0.0,2.876196108696637
JESZ03,CKSZ04,1,0.5803669554000088,0.0,1.5803669554000088
JESZ03,CKSZ06,2,0.659594697742586,0.0,2.6595946977425857
JESZ03,CLSZ01,2,0.251036164327244,0.7720559806642869,3.023092144991531
JESZ03,CLSZ03,1,0.9004300205419161,0.23061994078463907,2.131049961326555
JESZ03,CLSZ04,8,1.3824558328539898,1.0318293560735416,10.414285188927533
JESZ03,CLSZ05,1,0.9402806422519204,0.2173915514684455,2.1576721937203662
JESZ03,CLSZ06,3,0.6788432390453858,0.6097406744019287,4.288583913447314
JESZ03,CLSZ09,1,0.322082864191322,0.11687899403894005,1.4389618582302621
JESZ03,DTSZ02,2,0.5592483200689563,0.0,2.5592483200689564
JESZ03,DTSZ03,1,0.2967730217595273,0.0,1.2967730217595272
JESZ03,DTSZ05,2,0.4344294244589393,0.0,2.4344294244589393
JESZ03,GLSZ03,1,0.4737974233781825,0.0,1.4737974233781825
JESZ03,HGSZ01,1,0.26674087110040373,0.0,1.2667408711004038
JESZ03,JESZ01,1,0.5183866541567254,0.1350054629095923,1.6533921170663175
JESZ03,JESZ02,5,0.8833094762016852,1.112028636605779,6.995338112807464
JESZ03,JESZ03,3,1.712993165994857,25.595570011627704,30.30856317762256
JESZ03,JESZ05,9,3.130325074135354,7.067465193622138,19.19779026775749
JESZ03,JESZ06,2,0.8249302486951511,1.5371143794940716,4.3620446281892225
JESZ03,JWSZ01,1,0.12562913663978098,0.0,1.125629136639781
JESZ03,JWSZ03,3,1.5436979062465233,0.4508476009836445,4.994545507230168
JESZ03,JWSZ08,1,1.7428657598601272,0.0,2.742865759860127
JESZ03,JWSZ09,3,1.2537223082158362,0.0,4.253722308215837
JESZ03,KLSZ06,2,0.5440985466310609,0.0,2.544098546631061
JESZ03,KLSZ07,1,0.4326145622833236,0.0,1.4326145622833235
JESZ03,KLSZ08,1,0.5631509060176778,0.0,1.5631509060176778
JESZ03,OTSZ03,2,0.8119441137244744,0.0,2.8119441137244743
JESZ03,PNSZ01,1,0.1597151002165969,0.0,1.1597151002165969
JESZ03,PNSZ02,2,0.0,0.0,2.0
JESZ03,PNSZ04,1,0.0,0.0,1.0
JESZ03,QTSZ02,2,0.35779608174100924,0.0,2.357796081741009
JESZ03,QTSZ06,1,0.23054206575794453,0.0,1.2305420657579444
JESZ03,QTSZ07,1,0.0,0.0,1.0
JESZ03,QTSZ08,4,1.0937761767419811,0.0,5.093776176741981
JESZ03,QTSZ09,1,0.10679258230132407,0.0,1.106792582301324
JESZ03,QTSZ10,1,0.4699078741617526,0.0,1.4699078741617526
JESZ03,QTSZ11,3,0.8380581643203096,0.0,3.8380581643203096
JESZ03,QTSZ12,1,0.3336795711396198,0.0,1.3336795711396199
JESZ03,QTSZ14,1,0.4196902000535291,0.0,1.419690200053529
JESZ03,RCSZ10,1,0.26311653657872835,0.0,1.2631165365787282
JESZ03,TMSZ05,1,0.47682822702770195,0.0,1.476828227027702
JESZ03,TNSZ01,1,0.48372493782188514,0.0,1.483724937821885
JESZ03,TPSZ02,1,0.5227850566753149,0.0,1.522785056675315
JESZ03,TSSZ06,1,0.08055658388774266,0.0,1.0805565838877427
JESZ03,WDSZ04,1,0.40526871641331574,0.0,1.4052687164133157
JESZ03,WDSZ05,1,0.49364803036247346,0.0,1.4936480303624735
JESZ03,WDSZ06,2,0.385758307928347,0.0,2.385758307928347
JESZ04,BKSZ02,1,0.03393880545543519,0.0,1.0339388054554353
JESZ04,BMSZ06,1,0.06494435921929487,0.0,1.0649443592192949
JESZ04,BSSZ03,1,0.04662624992196208,0.0,1.046626249921962
JESZ04,CKSZ02,1,0.06133497912426422,0.0,1.0613349791242643
JESZ04,CLSZ03,1,0.07091063023869922,0.1711307525756248,1.242041382814324
JESZ04,GLSZ05,1,0.036265491137338124,0.0,1.0362654911373381
JESZ04,HGSZ02,1,0.02930790562220143,0.0,1.0293079056222014
JESZ04,JESZ05,3,0.1327477390210368,1.255148453267212,4.387896192288249
JESZ04,JWSZ02,1,0.1009117052575742,0.1487023907165234,1.2496140959740976
JESZ04,JWSZ03,2,0.12498335434054156,1.4248812797430657,3.5498646340836073
JESZ04,JWSZ08,1,0.14696226307317564,0.0,1.1469622630731757
JESZ04,ORSZ03,1,0.04547810023810676,0.0,1.0454781002381068
JESZ04,QTSZ06,1,0.016601306976098452,0.0,1.0166013069760984
JESZ04,QTSZ08,1,0.03753526314416959,0.0,1.0375352631441697
JESZ04,QTSZ14,1,0.02965333288222133,0.0,1.0296533328822213
JESZ04,SRSZ02,1,0.021798514346895156,0.0,1.021798514346895
JESZ05,AMSZ01,3,0.7166006101739042,0.0,3.716600610173904
JESZ05,AMSZ06,1,0.36217278285104637,0.0,1.3621727828510464
JESZ05,AMSZ09,1,0.19778345698353725,0.0,1.1977834569835373
JESZ05,AMSZ10,2,0.38594927512647087,0.0,2.385949275126471
JESZ05,AMSZ11,1,0.031695258257590384,0.0,1.0316952582575905
JESZ05,BDSZ02,1,0.41549462755920025,0.0,1.4154946275592002
JESZ05,BDSZ04,4,1.0521470887422737,0.0,5.052147088742274
JESZ05,BKSZ01,4,0.6862779095722353,0.0,4.686277909572235
JESZ05,BKSZ02,2,0.4564492037086222,0.6817579048588673,3.1382071085674896
JESZ05,BKSZ03,2,1.5695213321680133,0.6268924210190697,4.196413753187083
JESZ05,BKSZ04,9,2.036466635799651,2.1057205809282196,13.142187216727871
JESZ05,BKSZ05,16,3.7748513234981074,4.0009815439093295,23.775832867407438
JESZ05,BKSZ06,1,0.8659322135385566,0.20800473396575933,2.0739369475043157
JESZ05,BKSZ07,8,3.183059830157926,1.423821619350199,12.606881449508126
JESZ05,BKSZ08,2,0.5190761156932698,0.14839323562906204,2.6674693513223318
JESZ05,BKSZ09,3,0.9735122552312089,0.05204815610805624,4.025560411339265
JESZ05,BLSZ02,4,0.3732141369006078,0.0,4.373214136900608
JESZ05,BMSZ01,1,0.4181839205823388,0.0,1.4181839205823388
JESZ05,BMSZ03,2,0.46661588545791777,0.0,2.4666158854579177
JESZ05,BMSZ04,4,0.32993077302849405,0.0,4.329930773028494
JESZ05,BMSZ05,1,0.33103369018759954,0.0,1.3310336901875996
JESZ05,BMSZ06,5,0.8955398824800036,0.0,5.895539882480003
JESZ05,BMSZ07,1,0.5539359857552023,0.0,1.5539359857552024
JESZ05,BMSZ08,8,0.5324212795070133,0.0,8.532421279507012
JESZ05,BMSZ12,1,0.34172279186394156,0.0,1.3417227918639416
JESZ05,BMSZ13,1,0.203755650906303,0.0,1.203755650906303
JESZ05,BMSZ14,2,0.2772540713518532,0.0,2.2772540713518534
JESZ05,BMSZ16,1,0.048200202648678935,0.0,1.048200202648679
JESZ05,BPSZ01,3,0.667845352440357,0.0,3.667845352440357
JESZ05,BPSZ02,1,0.2616334605963321,0.0,1.261633460596332
JESZ05,BPSZ03,2,1.066944569690146,0.0,3.066944569690146
JESZ05,BPSZ04,6,0.6346183460075469,0.0,6.634618346007547
JESZ05,BPSZ06,1,0.26137551346335475,0.0,1.2613755134633546
JESZ05,BSSZ01,2,1.256839741316837,0.0,3.256839741316837
JESZ05,BSSZ03,4,0.949119079165174,0.0,4.949119079165174
JESZ05,BTSZ01,3,0.9642190096400649,0.6336042430590595,4.597823252699124
JESZ05,CHSZ03,1,0.4964419002275464,0.0,1.4964419002275464
JESZ05,CKSZ01,3,0.6320539225121076,0.0,3.6320539225121076
JESZ05,CKSZ02,4,1.5769150159154488,0.0,5.576915015915449
JESZ05,CKSZ03,15,1.7365127882008373,0.0,16.736512788200837
JESZ05,CKSZ04,3,0.9280350153552137,0.0,3.9280350153552135
JESZ05,CKSZ05,4,0.4852294036623754,0.0,4.485229403662375
JESZ05,CKSZ06,7,1.0968436786708016,0.0,8.096843678670801
JESZ05,CLSZ03,4,1.3704539749716376,0.7666273180022571,6.137081292973894
JESZ05,CLSZ04,13,1.141344752888807,3.4123507949439795,17.55369554783279
JESZ05,CLSZ05,3,1.4891950944948478,0.5571950664389143,5.046390160933762
JESZ05,CLSZ06,3,0.6073430567289759,0.32623638626517293,3.933579442994149
JESZ05,CLSZ07,1,0.3722160653071612,0.0,1.3722160653071613
JESZ05,CLSZ08,2,0.6404607235027279,0.0,2.640460723502728
JESZ05,CLSZ09,1,0.3082795077234637,0.1414549220038507,1.4497344297273145
JESZ05,DTSZ01,1,0.40406281748857614,0.0,1.404062817488576
JESZ05,DTSZ05,1,0.3006620607797233,0.0,1.3006620607797232
JESZ05,DTSZ07,1,0.17532580483034338,0.0,1.1753258048303434
JESZ05,DTSZ12,1,0.15600373041202478,0.0,1.1560037304120248
JESZ05,GLSZ02,1,0.2644198436211086,0.0,1.2644198436211087
JESZ05,GLSZ04,1,0.5276774419929731,0.0,1.527677441992973
JESZ05,GLSZ05,1,0.47060675251726297,0.0,1.470606752517263
JESZ05,HGSZ06,3,1.2934480924411336,0.0,4.293448092441134
JESZ05,HGSZ07,1,0.3881787809252368,0.0,1.3881787809252368
JESZ05,HGSZ08,1,0.3589913277425521,0.0,1.358991327742552
JESZ05,JESZ01,12,1.6419528949624151,1.5954038449476091,15.237356739910025
JESZ05,JESZ02,5,0.7861122055560347,1.629757261749558,7.415869467305592
JESZ05,JESZ03,4,1.9474306192548863,3.1930877044571555,9.140518323712042
JESZ05,JESZ04,2,0.6177450327293198,2.537249744343969,5.15499477707329
JESZ05,JESZ05,7,2.3897732673333816,69.82177303054257,79.21154629787596
JESZ05,JESZ06,2,0.6192361428991149,2.2855208009308337,4.904756943829948
JESZ05,JESZ08,12,1.177955155488237,0.6205245194497965,13.798479674938033
JESZ05,JESZ10,1,0.0,0.0,1.0
JESZ05,JWSZ02,4,1.0081592480706827,0.0,5.008159248070683
JESZ05,JWSZ03,17,4.961527499708023,4.722855806760892,26.684383306468916
JESZ05,JWSZ04,15,3.097200581546226,3.5039537077568714,21.601154289303096
JESZ05,JWSZ06,1,0.16379477032908948,0.0,1.1637947703290894
JESZ05,JWSZ08,10,2.7755424102409,0.0,12.7755424102409
JESZ05,JWSZ09,29,2.354034423101385,0.0,31.354034423101385
JESZ05,KLSZ01,1,0.6549798356691838,0.0,1.6549798356691838
JESZ05,KLSZ06,1,0.37546568286103277,0.0,1.3754656828610328
JESZ05,KLSZ07,1,0.3696767049565266,0.0,1.3696767049565266
JESZ05,KLSZ08,2,0.4508851491608112,0.0,2.4508851491608112
JESZ05,MSSZ01,1,0.0,0.0,1.0
JESZ05,MUSZ03,1,0.04877883153283494,0.0,1.048778831532835
JESZ05,NVSZ03,1,0.10762729071288724,0.0,1.1076272907128872
JESZ05,ORSZ02,1,0.33601184911806314,0.0,1.336011849118063
JESZ05,ORSZ03,1,0.286931375986109,0.0,1.286931375986109
JESZ05,OTSZ02,1,0.023238549297488847,0.0,1.023238549297489
JESZ05,OTSZ03,1,0.43541011983449496,0.0,1.4354101198344948
JESZ05,OTSZ04,1,0.07674443919361014,0.0,1.07674443919361
JESZ05,PGSZ02,1,0.2900175551483242,0.0,1.2900175551483242
JESZ05,PGSZ03,2,0.44596265207101515,0.0,2.445962652071015
JESZ05,PGSZ04,2,0.4098301783718486,0.0,2.4098301783718488
JESZ05,PGSZ05,2,0.6108919550541015,0.0,2.6108919550541017
JESZ05,PNSZ01,2,0.25672445898859464,0.0,2.256724458988595
JESZ05,PNSZ02,2,0.0,0.0,2.0
JESZ05,PRSZ02,1,0.350601655621488,0.0,1.350601655621488
JESZ05,PRSZ03,1,0.3983698524200852,0.0,1.3983698524200852
JESZ05,PRSZ04,1,0.1256473968635947,0.0,1.1256473968635947
JESZ05,QTSZ01,2,0.4912592593781837,0.0,2.4912592593781837
JESZ05,QTSZ04,3,0.18847595507443937,0.0,3.1884759550744395
JESZ05,QTSZ05,1,0.44826705955505186,0.0,1.448267059555052
JESZ05,QTSZ06,2,0.346219763603867,0.0,2.346219763603867
JESZ05,QTSZ08,6,0.9482856787117322,0.0,6.948285678711732
JESZ05,QTSZ09,1,0.07270354114323,0.0,1.07270354114323
JESZ05,QTSZ10,5,1.0552541733736691,0.0,6.055254173373669
JESZ05,QTSZ11,1,0.5960719986269466,0.0,1.5960719986269467
JESZ05,QTSZ13,1,0.4548788550616664,0.0,1.4548788550616665
JESZ05,QTSZ14,1,0.3191515478279952,0.0,1.3191515478279952
JESZ05,SBSZ01,2,0.5632268149927973,0.0,2.563226814992797
JESZ05,SBSZ02,1,0.17165441763687267,0.0,1.1716544176368726
JESZ05,SBSZ03,7,0.994712566854796,0.0,7.994712566854796
JESZ05,SBSZ04,1,0.4009898407396656,0.0,1.4009898407396655
JESZ05,SBSZ05,2,0.07399108600478349,0.0,2.0739910860047837
JESZ05,SESZ02,3,1.0261465254413114,0.0,4.026146525441312
JESZ05,SESZ03,2,0.6682304784902081,0.0,2.6682304784902082
JESZ05,SESZ04,1,0.6555404020824813,0.0,1.6555404020824813
JESZ05,SESZ05,2,0.39395655325677065,0.0,2.393956553256771
JESZ05,SESZ06,1,0.5278590209257329,0.0,1.527859020925733
JESZ05,SGSZ01,1,0.34854076799026606,0.0,1.3485407679902661
JESZ05,SGSZ04,1,0.5769638567318022,0.0,1.576963856731802
JESZ05,SGSZ06,2,0.4156441710490996,0.0,2.4156441710490997
JESZ05,TMSZ02,2,1.1000861541213998,0.0,3.1000861541213998
JESZ05,TMSZ04,2,0.8430626286786043,0.0,2.843062628678604
JESZ05,TNSZ04,1,0.20093153157334848,0.0,1.2009315315733484
JESZ05,TPSZ03,1,0.10558719871321465,0.0,1.1055871987132146
JESZ05,TPSZ06,1,0.34038572706165143,0.0,1.3403857270616515
JESZ05,TSSZ03,1,0.08565432539367879,0.0,1.0856543253936788
JESZ05,TSSZ05,3,0.6609422677433258,0.0,3.6609422677433257
JESZ05,TSSZ06,3,0.17089165051580013,0.0,3.1708916505158
JESZ05,WDSZ01,2,0.13154102312069418,0.0,2.131541023120694
JESZ05,WDSZ02,2,0.5803147529587654,0.0,2.5803147529587656
JESZ05,WDSZ03,5,1.37229503757245,0.0,6.37229503757245
JESZ05,WDSZ04,3,0.3635933307358883,0.0,3.3635933307358883
JESZ05,WDSZ05,1,0.46463940636058615,0.0,1.464639406360586
JESZ05,WDSZ06,6,0.21332770768203552,0.0,6.213327707682035
JESZ05,WDSZ08,1,0.2126361708976508,0.0,1.2126361708976507
JESZ05,YSSZ02,2,0.47751641682926255,0.0,2.4775164168292627
JESZ05,YSSZ04,3,0.6648846485644733,0.0,3.664884648564473
JESZ05,YSSZ05,2,0.2989096578518373,0.0,2.298909657851837
JESZ05,YSSZ08,1,0.06932943412507238,0.0,1.0693294341250723
JESZ05,YSSZ09,6,1.0290919958195932,0.0,7.029091995819593
JESZ06,BDSZ04,1,0.1484976965407723,0.0,1.1484976965407723
JESZ06,BKSZ04,1,0.16777406519089763,0.0,1.1677740651908977
JESZ06,BKSZ05,1,0.4798740106511957,0.0,1.4798740106511956
JESZ06,BMSZ13,1,0.12343588272107536,0.0,1.1234358827210753
JESZ06,BPSZ04,1,0.2868380422710483,0.0,1.2868380422710484
JESZ06,BPSZ05,2,0.33646154721200344,0.0,2.3364615472120036
JESZ06,BSSZ01,1,0.2466846658778108,0.0,1.2466846658778108
JESZ06,CKSZ02,1,0.3200341344823205,0.0,1.3200341344823205
JESZ06,CLSZ04,2,0.5237800082636402,1.8228058155602596,4.3465858238239
JESZ06,CLSZ05,2,0.3492171362061388,1.5334514254452007,3.8826685616513394
JESZ06,CLSZ06,1,0.3192657423535334,1.0699466424183401,2.3892123847718736
JESZ06,GLSZ05,1,0.16676397102940183,0.0,1.1667639710294018
JESZ06,HGSZ01,1,0.14743284295825135,0.0,1.1474328429582514
JESZ06,HGSZ04,1,0.18611562063890644,0.0,1.1861156206389065
JESZ06,JESZ01,2,0.6058708418490575,0.0,2.6058708418490575
JESZ06,JESZ03,1,0.4129633833733761,2.0105986246531433,3.4235620080265194
JESZ06,JESZ05,1,0.8456313803697901,3.5093650336564446,5.3549964140262345
JESZ06,JWSZ01,1,0.03655019502314879,0.0,1.0365501950231488
JESZ06,JWSZ04,1,0.4739860262977628,1.0533360695439156,2.5273220958416784
JESZ06,JWSZ08,1,0.5534686508300434,0.0,1.5534686508300433
JESZ06,JWSZ09,3,0.6311724955257123,0.0,3.6311724955257123
JESZ06,OTSZ03,2,0.27251869047736066,0.0,2.2725186904773604
JESZ06,PRSZ03,1,0.20514323246935398,0.0,1.205143232469354
JESZ06,QTSZ01,1,0.23535687746536532,0.0,1.2353568774653654
JESZ06,SESZ02,1,0.17452407256830932,0.0,1.1745240725683093
JESZ06,SESZ04,1,0.35554258583224424,0.0,1.3555425858322443
JESZ06,SESZ05,2,0.18611818445112568,0.0,2.1861181844511255
JESZ06,TPSZ07,1,0.03465869955980023,0.0,1.0346586995598002
JESZ06,TPSZ09,1,0.08161553083522041,0.0,1.0816155308352204
JESZ06,WDSZ02,1,0.29170378917539697,0.0,1.291703789175397
JESZ06,WDSZ03,1,0.373296146106948,0.0,1.373296146106948
JESZ06,WDSZ06,1,0.2524990146085017,0.0,1.2524990146085018
JESZ06,YSSZ01,1,0.17520483677560256,0.0,1.1752048367756025
JESZ07,BKSZ09,1,0.19059185528078348,0.0,1.1905918552807835
JESZ07,BPSZ02,1,0.05038268973824983,0.0,1.0503826897382498
JESZ07,GLSZ02,1,0.013501446366700512,0.0,1.0135014463667005
JESZ07,GLSZ05,1,0.12586105672886033,0.0,1.1258610567288603
JESZ07,JWSZ03,1,0.20029516473426942,0.0,1.2002951647342694
JESZ07,JWSZ08,1,0.34861945836827984,0.0,1.3486194583682798
JESZ07,PGSZ04,1,0.07074832878172563,0.0,1.0707483287817257
JESZ08,BDSZ04,1,0.09908622138429292,0.0,1.099086221384293
JESZ08,BKSZ02,1,0.11025117536356677,0.0,1.1102511753635667
JESZ08,BKSZ05,1,0.31366197596659273,0.0,1.3136619759665926
JESZ08,BLSZ02,1,0.03513626490024307,0.0,1.0351362649002431
JESZ08,BMSZ04,1,0.09765015844170644,0.0,1.0976501584417064
JESZ08,BMSZ08,1,0.07138586725497094,0.0,1.071385867254971
JESZ08,BTSZ07,1,0.0683567722041324,0.0,1.0683567722041325
JESZ08,CLSZ04,1,0.24214920190348033,0.14643643876125356,1.388585640664734
JESZ08,CLSZ05,1,0.361224903996805,0.037950614691619415,1.3991755186884243
JESZ08,CLSZ06,3,0.48587201900367877,0.49343942057357215,3.979311439577251
JESZ08,CLSZ08,2,0.5101870484752471,0.0,2.510187048475247
JESZ08,DTSZ02,2,0.1735669729582819,0.0,2.173566972958282
JESZ08,DTSZ03,1,0.09842875600129423,0.0,1.0984287560012942
JESZ08,JESZ01,1,0.15662836212606354,0.0,1.1566283621260636
JESZ08,JESZ03,2,0.4384702111125059,0.2445819180150322,2.683052129127538
JESZ08,JESZ05,11,1.1818883596825638,1.7507402180125975,13.93262857769516
JESZ08,JESZ08,1,1.0817710605265969,6.163060435687639,8.244831496214236
JESZ08,JWSZ04,1,0.29639851832866937,0.16338428876671174,1.4597828070953809
JESZ08,JWSZ08,2,0.4427090401609057,0.0,2.4427090401609055
JESZ08,JWSZ09,4,0.5885485691796906,0.0,4.58854856917969
JESZ08,KLSZ05,1,0.10140545268890856,0.0,1.1014054526889085
JESZ08,ORSZ03,1,0.1162319322019099,0.0,1.1162319322019099
JESZ08,OTSZ03,1,0.1307982178436413,0.0,1.1307982178436413
JESZ08,QTSZ08,1,0.18713810952169393,0.0,1.187138109521694
JESZ08,QTSZ11,2,0.13641360492761098,0.0,2.136413604927611
JESZ08,QTSZ12,1,0.07101005297618183,0.0,1.071010052976182
JESZ08,QTSZ13,2,0.16897365129647876,0.0,2.168973651296479
JESZ08,QTSZ14,1,0.138561080955473,0.0,1.138561080955473
JESZ08,SBSZ03,1,0.21337270722494164,0.0,1.2133727072249416
JESZ08,SBSZ04,1,0.2216856862129976,0.0,1.2216856862129977
JESZ08,SKSZ03,1,0.04874883463266727,0.0,1.0487488346326672
JESZ08,SRSZ01,1,0.09420499320060956,0.0,1.0942049932006095
JESZ08,WCSZ01,3,0.28415903884944427,0.0,3.2841590388494444
JESZ08,WDSZ03,1,0.23392517848592845,0.0,1.2339251784859284
JESZ09,BDSZ04,1,0.04705350033942443,0.0,1.0470535003394243
JESZ09,BPSZ02,2,0.07607254531250765,0.0,2.0760725453125075
JESZ09,JESZ01,1,0.04328074937650298,0.0,1.043280749376503
JESZ09,JWSZ02,1,0.12590572770861458,0.0,1.1259057277086146
JESZ09,JWSZ03,2,0.1780011681372647,0.0,2.1780011681372646
JESZ09,JWSZ08,2,0.1226953223565602,0.0,2.1226953223565603
JESZ09,KLSZ01,1,0.06635176403613337,0.0,1.0663517640361333
JESZ09,PRSZ03,1,0.32938678468632687,0.0,1.329386784686327
JESZ09,QTSZ02,1,0.011252438045943631,0.0,1.0112524380459436
JESZ10,BKSZ07,1,0.20229871205376182,0.0,1.2022987120537618
JESZ10,CLSZ04,1,0.15593660813637547,0.0,1.1559366081363756
JESZ10,JESZ01,1,0.1722666920821002,0.0,1.1722666920821
JESZ10,JESZ02,1,0.11434419956749137,0.0,1.1143441995674914
JESZ10,JESZ05,1,0.33079051957620687,0.0,1.3307905195762069
JESZ10,SBSZ01,1,0.07452720273831238,0.0,1.0745272027383124
JESZ10,SESZ03,1,0.22801709373619597,0.0,1.228017093736196
JESZ10,SESZ04,1,0.15684815409956473,0.0,1.1568481540995648
JESZ10,WDSZ06,3,0.4200984211066806,0.0,3.4200984211066805
JESZ10,YSSZ03,1,0.14487239690172957,0.0,1.1448723969017296
JWSZ01,BKSZ03,1,0.2055797524978609,0.0,1.2055797524978609
JWSZ01,BKSZ07,1,0.23281364640999982,0.0,1.23281364641
JWSZ01,BLSZ02,2,0.07119477688126065,0.0,2.071194776881261
JWSZ01,BMSZ08,2,0.12679413884672333,0.0,2.1267941388467233
JWSZ01,CKSZ04,1,0.46831964662179676,0.0,1.4683196466217967
JWSZ01,CLSZ04,3,0.31535497317883,0.0,3.31535497317883
JWSZ01,DTSZ02,1,0.2017499755215691,0.0,1.201749975521569
JWSZ01,DTSZ03,1,0.16269186974112998,0.0,1.16269186974113
JWSZ01,DTSZ11,1,0.13181593935006067,0.0,1.1318159393500606
JWSZ01,JESZ06,1,0.024158474027844063,0.0,1.024158474027844
JWSZ01,JWSZ01,1,0.12178745086587213,4.795816134425618,5.91760358529149
JWSZ01,JWSZ03,3,0.5637420419889205,0.34896968256715344,3.9127117245560736
JWSZ01,JWSZ06,1,0.10581871236862064,0.043199827614181396,1.1490185399828021
JWSZ01,JWSZ08,1,0.8809255505885311,0.0949858757229388,1.9759114263114699
JWSZ01,JWSZ09,5,1.417848279098254,0.7167519194680437,7.1346001985662975
JWSZ01,MUSZ01,1,0.030300126926416555,0.0,1.0303001269264165
JWSZ01,PNSZ01,2,0.09955955094305123,0.0,2.0995595509430514
JWSZ01,PNSZ03,1,0.0,0.0,1.0
JWSZ01,RVSZ03,1,0.0,0.0,1.0
JWSZ01,SBSZ01,1,0.10211204515778699,0.0,1.102112045157787
JWSZ01,SISZ01,1,0.11356382651217231,0.0,1.1135638265121723
JWSZ01,TPSZ03,1,0.04463229214913244,0.0,1.0446322921491324
JWSZ01,TSSZ05,1,0.24532077413272554,0.0,1.2453207741327255
JWSZ01,TSSZ06,1,0.029962177244876573,0.0,1.0299621772448766
JWSZ01,WCSZ01,1,0.11771288078971404,0.0,1.117712880789714
JWSZ01,WDSZ04,1,0.1280022384068232,0.0,1.1280022384068231
JWSZ01,WDSZ09,1,0.05823885974267387,0.0,1.058238859742674
JWSZ02,AMSZ01,1,0.36192706095914784,0.0,1.3619270609591478
JWSZ02,AMSZ08,1,0.12775363707339446,0.0,1.1277536370733945
JWSZ02,BKSZ07,1,0.5415926598241863,0.0,1.5415926598241863
JWSZ02,BKSZ09,1,0.35578747383378756,0.0,1.3557874738337876
JWSZ02,BLSZ02,3,0.31279540591387367,0.18516685665853314,3.4979622625724067
JWSZ02,BMSZ01,2,0.4558125764998889,0.0,2.455812576499889
JWSZ02,BMSZ08,3,0.2528390272737154,0.0,3.2528390272737155
JWSZ02,BMSZ12,1,0.2185930647532298,0.0,1.2185930647532297
JWSZ02,BMSZ16,1,0.04937869249559171,0.0,1.0493786924955917
JWSZ02,BPSZ03,1,0.24727664544721692,0.0,1.2472766454472168
JWSZ02,BPSZ07,1,0.07856409964663208,0.0,1.0785640996466321
JWSZ02,BSSZ02,1,0.3642462618298008,0.0,1.3642462618298008
JWSZ02,BTSZ04,1,0.3993002875079904,0.0,1.3993002875079905
JWSZ02,BTSZ05,1,0.13621086666623752,0.0,1.1362108666662376
JWSZ02,CHSZ03,1,0.36406062637298836,0.0,1.3640606263729884
JWSZ02,CKSZ02,1,0.556607370709965,0.0,1.556607370709965
JWSZ02,CKSZ03,2,0.6475297925424067,0.0,2.647529792542407
JWSZ02,CKSZ06,1,0.32924090052155885,0.0,1.3292409005215589
JWSZ02,CLSZ01,1,0.14479213158354684,0.0,1.1447921315835468
JWSZ02,CLSZ04,2,0.3432403353705095,0.0,2.3432403353705094
JWSZ02,CLSZ06,1,0.3215166942757085,0.0,1.3215166942757084
JWSZ02,DTSZ01,1,0.32647294843005553,0.0,1.3264729484300555
JWSZ02,DTSZ02,1,0.4418319916052996,0.0,1.4418319916052997
JWSZ02,DTSZ03,2,0.5545489437484751,0.0,2.554548943748475
JWSZ02,DTSZ05,2,0.27923614176835154,0.0,2.2792361417683518
JWSZ02,DTSZ08,3,0.16916931327157697,0.0,3.169169313271577
JWSZ02,GLSZ04,1,0.3066048818635545,0.0,1.3066048818635545
JWSZ02,GLSZ05,1,0.281030588382754,0.0,1.281030588382754
JWSZ02,HGSZ08,1,0.2245863817006767,0.0,1.2245863817006768
JWSZ02,JESZ01,3,0.7193532501727548,0.3947195964837818,4.114072846656537
JWSZ02,JESZ02,2,0.40956854884611266,0.3243347534108381,2.7339033022569508
JWSZ02,JESZ03,2,0.6301941630633161,0.0,2.630194163063316
JWSZ02,JESZ04,1,0.24034099746392568,0.37029449992482355,1.6106354973887491
JWSZ02,JESZ05,6,0.6830945029130555,0.0,6.683094502913056
JWSZ02,JESZ08,1,0.1830784279490782,0.0,1.1830784279490782
JWSZ02,JESZ09,1,0.14034420163401726,0.0,1.1403442016340173
JWSZ02,JWSZ02,1,3.611072149927936,14.45410316969953,19.065175319627468
JWSZ02,JWSZ03,4,1.4281973986409797,0.9135992244566156,6.341796623097595
JWSZ02,JWSZ04,1,0.7635875881569393,0.24207946920231024,2.0056670573592497
JWSZ02,JWSZ06,1,0.31157272577634604,0.05629024406450711,1.367862969840853
JWSZ02,JWSZ08,3,2.278767134841469,0.45087264978825053,5.729639784629719
JWSZ02,JWSZ09,13,2.062738935452056,1.6076650899562617,16.670404025408317
JWSZ02,KLSZ06,1,0.35222084980781126,0.0,1.3522208498078112
JWSZ02,MUSZ03,1,0.047865918992556655,0.0,1.0478659189925565
JWSZ02,ORSZ02,1,0.3153659408907732,0.0,1.3153659408907732
JWSZ02,OTSZ03,1,0.4673213544227501,0.0,1.4673213544227501
JWSZ02,OTSZ04,1,0.10075758811514142,0.0,1.1007575881151415
JWSZ02,PLSZ01,1,0.19639374568452486,0.0,1.1963937456845248
JWSZ02,PNSZ01,2,0.1977699066536043,0.0,2.1977699066536043
JWSZ02,PRSZ03,1,0.8272040700701884,0.0,1.8272040700701884
JWSZ02,QTSZ08,2,0.628241088815111,0.0,2.628241088815111
JWSZ02,QTSZ09,2,0.11199284181418317,0.0,2.111992841814183
JWSZ02,QTSZ11,3,0.6958463958696975,0.0,3.6958463958696974
JWSZ02,QTSZ12,1,0.20701139177074449,0.0,1.2070113917707446
JWSZ02,QTSZ14,3,0.42552365115919893,0.0,3.425523651159199
JWSZ02,RCSZ08,1,0.0,0.0,1.0
JWSZ02,RCSZ10,1,0.14739669131642125,0.0,1.1473966913164213
JWSZ02,SBSZ03,1,0.3808533532021946,0.0,1.3808533532021947
JWSZ02,SESZ06,1,0.4493037061491219,0.0,1.4493037061491219
JWSZ02,SRSZ01,1,0.2536308536802999,0.0,1.2536308536803
JWSZ02,TMSZ02,1,0.87842863906919,0.0,1.87842863906919
JWSZ02,TMSZ04,1,0.3174302724832976,0.0,1.3174302724832976
JWSZ02,TPSZ03,1,0.1524746351348321,0.0,1.152474635134832
JWSZ02,TSSZ05,1,0.6869949998301789,0.0,1.686994999830179
JWSZ02,TSSZ06,1,0.03439250655066034,0.0,1.0343925065506603
JWSZ02,WCSZ01,1,0.41214720077780315,0.0,1.412147200777803
JWSZ02,WDSZ07,1,0.05897557100197995,0.0,1.05897557100198
JWSZ03,BDSZ01,1,0.3221806237695953,0.0,1.3221806237695952
JWSZ03,BDSZ07,1,0.4553642902444282,0.0,1.4553642902444281
JWSZ03,BKSZ02,2,0.4279847227517599,0.7678260991410454,3.1958108218928056
JWSZ03,BKSZ03,2,1.3332094001051642,0.8223303863019754,4.1555397864071395
JWSZ03,BKSZ05,1,0.909661016769749,0.0,1.909661016769749
JWSZ03,BKSZ07,1,0.7364641415055231,0.7821896606650426,2.5186538021705656
JWSZ03,BKSZ09,2,0.7286638336190849,0.0,2.728663833619085
JWSZ03,BLSZ03,2,1.0647408181439626,0.0,3.064740818143963
JWSZ03,BLSZ04,1,0.24440084746084217,0.0,1.2444008474608421
JWSZ03,BMSZ04,1,0.23625253581910724,0.0,1.2362525358191072
JWSZ03,BMSZ05,2,0.5593732540221026,0.0,2.559373254022103
JWSZ03,BMSZ08,1,0.2284895597544278,0.0,1.2284895597544279
JWSZ03,BPSZ04,1,0.4323626072756532,0.0,1.4323626072756532
JWSZ03,BSSZ01,2,0.6575328672202033,0.0,2.6575328672202034
JWSZ03,BTSZ01,1,0.5625063861338511,0.0,1.562506386133851
JWSZ03,BTSZ07,1,0.27184454049674867,0.0,1.2718445404967487
JWSZ03,CHSZ02,1,0.18851657288625273,0.0,1.1885165728862528
JWSZ03,CHSZ03,2,1.5447868469209687,0.0,3.5447868469209687
JWSZ03,CKSZ02,1,0.9534560911730267,0.0,1.9534560911730265
JWSZ03,CLSZ01,3,0.5565352590615391,0.0,3.556535259061539
JWSZ03,CLSZ03,1,0.4385225122413606,0.0,1.4385225122413605
JWSZ03,CLSZ04,3,0.5626403306988835,0.0,3.5626403306988834
JWSZ03,CLSZ09,1,0.14904914611713746,0.0,1.1490491461171375
JWSZ03,DTSZ01,1,0.423606418332007,0.0,1.423606418332007
JWSZ03,DTSZ02,2,0.4631702898042164,0.0,2.4631702898042165
JWSZ03,DTSZ03,1,0.28540035367598776,0.0,1.2854003536759877
JWSZ03,DTSZ05,6,0.3594650933437916,0.0,6.3594650933437915
JWSZ03,DTSZ06,1,0.06459311932309968,0.0,1.0645931193230997
JWSZ03,DTSZ08,3,0.37662665408799295,0.0,3.376626654087993
JWSZ03,DTSZ09,1,0.144478091997161,0.0,1.1444780919971609
JWSZ03,DTSZ10,2,0.0578025661806212,0.0,2.057802566180621
JWSZ03,DTSZ11,1,0.3752304336358125,0.0,1.3752304336358125
JWSZ03,DTSZ12,1,0.23030455370936534,0.0,1.2303045537093653
JWSZ03,GLSZ03,2,0.6263427941524926,0.0,2.6263427941524924
JWSZ03,GLSZ04,1,0.4269635483493122,0.0,1.4269635483493122
JWSZ03,GLSZ05,1,0.5639251086483209,0.0,1.5639251086483208
JWSZ03,HGSZ09,1,0.02614888982863293,0.0,1.0261488898286328
JWSZ03,JESZ01,2,1.3673663964175204,0.6034470821998972,3.970813478617418
JWSZ03,JESZ02,2,0.9215233003921788,0.34690922811946934,3.268432528511648
JWSZ03,JESZ03,5,1.3907646537184268,1.0687122006816145,7.459476854400041
JWSZ03,JESZ04,1,0.3307674098374345,0.7324697508780955,2.0632371607155298
JWSZ03,JESZ05,17,2.968325251551778,4.8824050256817335,24.850730277233513
JWSZ03,JESZ07,1,0.19812695813958137,0.0,1.1981269581395813
JWSZ03,JESZ09,2,0.39012665642603495,0.0,2.390126656426035
JWSZ03,JWSZ01,2,0.3606575073418708,0.3473894483961583,2.708046955738029
JWSZ03,JWSZ02,3,1.8699737538883856,0.8183153942471234,5.6882891481355085
JWSZ03,JWSZ03,8,2.0121420744920235,22.177349094892495,32.18949116938452
JWSZ03,JWSZ04,12,2.7944002468570996,4.493463877643191,19.28786412450029
JWSZ03,JWSZ06,2,0.3868061379399284,0.3604331560975619,2.7472392940374903
JWSZ03,JWSZ08,5,1.7969146340859672,1.0971961191895367,7.894110753275504
JWSZ03,JWSZ09,16,2.846355096049328,3.6975909379495033,22.543946033998832
JWSZ03,KLSZ01,1,0.5728544622423921,0.0,1.5728544622423921
JWSZ03,KLSZ06,2,0.42795609341893603,0.0,2.427956093418936
JWSZ03,MPSZ01,1,0.17353562397344116,0.0,1.1735356239734411
JWSZ03,NTSZ03,1,0.12192334311159514,0.0,1.1219233431115951
JWSZ03,NVSZ02,1,0.5192233916444048,0.0,1.5192233916444047
JWSZ03,ORSZ02,5,1.1258903835793315,0.0,6.125890383579332
JWSZ03,ORSZ03,1,0.3352524159683891,0.0,1.3352524159683892
JWSZ03,OTSZ01,1,0.053343200900652116,0.0,1.053343200900652
JWSZ03,OTSZ03,4,1.6404179555856322,0.0,5.640417955585632
JWSZ03,PNSZ01,1,0.14273700849456838,0.0,1.1427370084945685
JWSZ03,PNSZ02,2,0.0,0.0,2.0
JWSZ03,QTSZ02,1,0.26077450884180653,0.0,1.2607745088418065
JWSZ03,QTSZ06,1,0.20985221317978683,0.0,1.2098522131797869
JWSZ03,QTSZ08,12,1.9134551894327854,0.0,13.913455189432785
JWSZ03,QTSZ09,2,0.12197004282282202,0.0,2.121970042822822
JWSZ03,QTSZ10,2,0.6641612888976596,0.0,2.6641612888976596
JWSZ03,QTSZ11,2,0.8277561123937662,0.0,2.8277561123937662
JWSZ03,QTSZ12,2,0.5975516701625967,0.0,2.5975516701625967
JWSZ03,QTSZ13,1,0.34521326531476654,0.0,1.3452132653147666
JWSZ03,RCSZ10,1,0.22016479439574888,0.0,1.2201647943957488
JWSZ03,SISZ01,1,0.4139395330516287,0.0,1.4139395330516287
JWSZ03,SRSZ01,1,0.2574773195508217,0.0,1.2574773195508218
JWSZ03,SVSZ01,1,0.5515567881628471,0.0,1.5515567881628471
JWSZ03,TMSZ04,1,0.4590948644500262,0.0,1.4590948644500261
JWSZ03,TPSZ01,1,0.29404845113098604,0.0,1.294048451130986
JWSZ03,TPSZ06,1,0.3695604713802554,0.0,1.3695604713802554
JWSZ03,TPSZ08,1,0.11023237310448593,0.0,1.1102323731044859
JWSZ03,TSSZ02,3,0.7345186128635124,0.0,3.7345186128635124
JWSZ03,TSSZ03,3,0.6663962734822981,0.0,3.666396273482298
JWSZ03,TSSZ04,1,0.5325867370284503,0.0,1.5325867370284503
JWSZ03,TSSZ05,4,1.265887886790848,0.0,5.265887886790848
JWSZ03,TSSZ06,1,0.07738907157763517,0.0,1.077389071577635
JWSZ03,WCSZ01,3,0.9982750965950098,0.0,3.99827509659501
JWSZ03,YSSZ03,1,0.37215736002122407,0.0,1.372157360021224
JWSZ04,AMSZ01,1,0.47896526246337956,0.0,1.4789652624633796
JWSZ04,AMSZ12,1,0.26929417143507506,0.0,1.269294171435075
JWSZ04,BDSZ04,2,1.375631231669206,0.0,3.375631231669206
JWSZ04,BDSZ06,1,0.8629846384911817,0.0,1.8629846384911817
JWSZ04,BKSZ01,1,0.19993487339642668,0.0,1.1999348733964266
JWSZ04,BKSZ02,1,0.41975820721105944,0.0,1.4197582072110595
JWSZ04,BKSZ05,1,0.9585591752175715,0.0,1.9585591752175715
JWSZ04,BKSZ07,1,0.7450840401394174,0.0,1.7450840401394174
JWSZ04,BKSZ09,2,0.8434286139826478,0.0,2.8434286139826477
JWSZ04,BLSZ02,2,0.4717660294466759,0.2577456346076294,2.7295116640543053
JWSZ04,BMSZ01,3,1.227688219811982,0.0,4.2276882198119825
JWSZ04,BMSZ02,1,0.24148200866526373,0.0,1.2414820086652638
JWSZ04,BMSZ04,1,0.23865526814182847,0.0,1.2386552681418284
JWSZ04,BMSZ10,1,0.1478642323619748,0.0,1.1478642323619748
JWSZ04,BMSZ17,1,0.2343642131132288,0.0,1.2343642131132289
JWSZ04,BPSZ05,1,0.52570297418145,0.0,1.52570297418145
JWSZ04,BTSZ01,1,0.6091243225392617,0.0,1.6091243225392617
JWSZ04,CHSZ03,1,0.7168561381684823,0.0,1.7168561381684824
JWSZ04,CKSZ01,1,0.5582832563068588,0.0,1.5582832563068587
JWSZ04,CKSZ02,1,0.7819889959744439,0.0,1.781988995974444
JWSZ04,CKSZ06,1,0.39216833062815687,0.0,1.392168330628157
JWSZ04,CLSZ01,1,0.22658055574387534,0.0,1.2265805557438754
JWSZ04,CLSZ02,1,0.14270408294741796,0.0,1.142704082947418
JWSZ04,CLSZ04,2,0.43199923444340943,0.0,2.4319992344434094
JWSZ04,CLSZ09,1,0.2598331869736386,0.0,1.2598331869736386
JWSZ04,DTSZ01,1,0.4488342362693209,0.0,1.448834236269321
JWSZ04,DTSZ02,3,0.571129290512959,0.0,3.571129290512959
JWSZ04,DTSZ05,4,0.5497554349156911,0.0,4.549755434915691
JWSZ04,DTSZ08,1,0.2790631532781738,0.0,1.2790631532781738
JWSZ04,DTSZ09,1,0.13909385235611715,0.0,1.1390938523561172
JWSZ04,DTSZ11,3,0.41059328118551,0.0,3.41059328118551
JWSZ04,GLSZ03,1,0.5313283260813423,0.0,1.5313283260813422
JWSZ04,GLSZ05,1,0.779409683181176,0.0,1.7794096831811759
JWSZ04,JESZ01,1,0.47494025402073514,0.19745732146347975,1.672397575484215
JWSZ04,JESZ02,2,0.6205206221921107,0.4511486387885471,3.071669260980658
JWSZ04,JESZ03,3,1.8146784948879628,0.6287110230727676,5.44338951796073
JWSZ04,JESZ04,2,0.7433197545574375,3.3444205683722545,6.087740322929692
JWSZ04,JESZ05,13,2.547320325867118,3.854209229399852,19.401529555266972
JWSZ04,JESZ06,2,0.3588851011666264,0.5887649425289831,2.9476500436956097
JWSZ04,JESZ08,1,0.4463226253706759,0.043709109938444214,1.4900317353091201
JWSZ04,JESZ09,1,0.13961920600289837,0.0,1.1396192060028985
JWSZ04,JWSZ02,2,1.3281848447209268,0.565404921012001,3.8935897657329277
JWSZ04,JWSZ03,5,1.4639028378710701,2.944753934361465,9.408656772232536
JWSZ04,JWSZ04,11,3.2368026736153324,18.65420980997152,32.89101248358685
JWSZ04,JWSZ06,1,0.3707738277531297,0.18798639777449272,1.5587602255276225
JWSZ04,JWSZ08,5,2.549678332861264,1.139785445349352,8.689463778210616
JWSZ04,JWSZ09,19,3.4551458186114448,4.139996456083008,26.595142274694453
JWSZ04,KLSZ06,2,0.5780349499990992,0.0,2.578034949999099
JWSZ04,KLSZ08,1,0.4891869647992894,0.0,1.4891869647992895
JWSZ04,MUSZ03,3,0.1187046259640012,0.0,3.118704625964001
JWSZ04,NVSZ02,1,0.5475282475076383,0.0,1.5475282475076382
JWSZ04,ORSZ02,1,0.4471197702890332,0.0,1.4471197702890333
JWSZ04,OTSZ03,2,0.8355509862624813,0.0,2.835550986262481
JWSZ04,PLSZ04,2,0.14740988883644407,0.0,2.147409888836444
JWSZ04,PNSZ01,2,0.36975441457285213,0.0,2.369754414572852
JWSZ04,PNSZ02,1,0.0,0.0,1.0
JWSZ04,QTSZ07,1,0.0,0.0,1.0
JWSZ04,QTSZ08,5,1.2703693623488264,0.0,6.270369362348826
JWSZ04,QTSZ09,1,0.0683205772680959,0.0,1.068320577268096
JWSZ04,QTSZ11,2,0.7537729540563537,0.0,2.7537729540563536
JWSZ04,QTSZ12,1,0.32476263140262895,0.0,1.324762631402629
JWSZ04,QTSZ13,3,0.8399587069860279,0.0,3.839958706986028
JWSZ04,QTSZ14,1,0.431735939874283,0.0,1.431735939874283
JWSZ04,RCSZ01,1,0.21657247838520183,0.0,1.2165724783852019
JWSZ04,RCSZ03,1,0.1260103967834484,0.0,1.1260103967834483
JWSZ04,RCSZ10,1,0.24305901922382822,0.0,1.2430590192238282
JWSZ04,SBSZ03,1,0.4909700473146841,0.0,1.490970047314684
JWSZ04,SGSZ06,1,0.29910188471300286,0.0,1.299101884713003
JWSZ04,SISZ01,2,0.6565275408988949,0.0,2.656527540898895
JWSZ04,SRSZ01,1,0.29160714370144974,0.0,1.2916071437014498
JWSZ04,TMSZ02,1,1.1964997115192697,0.0,2.1964997115192695
JWSZ04,TMSZ03,1,0.8818507477159743,0.0,1.8818507477159743
JWSZ04,TNSZ04,1,0.2546062077046333,0.0,1.2546062077046334
JWSZ04,TPSZ01,1,0.2949179836008138,0.0,1.2949179836008138
JWSZ04,TPSZ02,1,0.46081722899973254,0.0,1.4608172289997325
JWSZ04,TSSZ02,2,0.3708199349772719,0.0,2.370819934977272
JWSZ04,TSSZ03,1,0.15256293056785178,0.0,1.1525629305678518
JWSZ04,TSSZ04,2,0.802427196215224,0.0,2.802427196215224
JWSZ04,TSSZ05,1,1.2847495124648454,0.0,2.2847495124648454
JWSZ04,WDSZ02,1,0.5524075175245902,0.0,1.5524075175245902
JWSZ04,WDSZ06,1,0.30048688668983203,0.0,1.300486886689832
JWSZ04,WDSZ08,1,0.28179237005581825,0.0,1.2817923700558183
JWSZ05,BKSZ02,1,0.04939841057366627,0.0,1.0493984105736662
JWSZ05,CKSZ05,1,0.0386884449340673,0.0,1.0386884449340672
JWSZ05,CLSZ06,2,0.09629558007616595,0.0,2.096295580076166
JWSZ05,DTSZ03,1,0.08102182467252302,0.0,1.081021824672523
JWSZ05,GLSZ05,1,0.05227204042040753,0.0,1.0522720404204076
JWSZ05,JWSZ09,3,0.43276948748235783,0.0,3.432769487482358
JWSZ05,SBSZ03,1,0.0926624283151015,0.0,1.0926624283151014
JWSZ05,TPSZ12,1,0.015739237946309482,0.0,1.0157392379463095
JWSZ05,WDSZ03,1,0.0902405262118977,0.0,1.0902405262118977
JWSZ05,WDSZ04,1,0.05091201936654264,0.0,1.0509120193665427
JWSZ06,AMSZ03,1,0.07161205565949162,0.0,1.0716120556594917
JWSZ06,BDSZ01,1,0.04250081310018582,0.0,1.0425008131001858
JWSZ06,BKSZ06,2,0.16124252296692154,0.0,2.1612425229669214
JWSZ06,BKSZ09,1,0.19362546002497585,0.0,1.1936254600249758
JWSZ06,CKSZ06,1,0.2280212555010758,0.0,1.2280212555010759
JWSZ06,GLSZ04,1,0.13277621936647147,0.0,1.1327762193664714
JWSZ06,JESZ05,5,0.8869282464618446,0.0,5.886928246461845
JWSZ06,JWSZ02,1,0.3055001162580682,0.08085995042185297,1.3863600666799212
JWSZ06,JWSZ03,1,0.19242727056149544,0.23467303390201702,1.4271003044635124
JWSZ06,JWSZ08,4,1.3494622461912564,0.5070428320321451,5.856505078223401
JWSZ06,JWSZ09,4,1.592378933705508,1.177332044010416,6.769710977715924
JWSZ06,KLSZ06,1,0.26300318866265804,0.0,1.263003188662658
JWSZ06,PGSZ04,1,0.06312212659905198,0.0,1.063122126599052
JWSZ06,SESZ04,1,0.12815243374644075,0.0,1.1281524337464408
JWSZ06,THSZ01,1,0.0,0.0,1.0
JWSZ06,TMSZ02,1,0.8362585057323305,0.0,1.8362585057323306
JWSZ06,TPSZ05,1,0.004170392320544558,0.0,1.0041703923205445
JWSZ06,WDSZ03,1,0.19845375897951195,0.0,1.198453758979512
JWSZ06,YSSZ04,1,0.2142540678038709,0.0,1.214254067803871
JWSZ06,YSSZ09,1,0.13611038635220662,0.0,1.1361103863522066
JWSZ07,BKSZ02,1,0.0,0.0,1.0
JWSZ07,JWSZ09,1,0.0,0.0,1.0
JWSZ07,KLSZ06,1,0.0,0.0,1.0
JWSZ07,TMSZ02,1,0.0,0.0,1.0
JWSZ07,TMSZ03,1,0.0,0.0,1.0
JWSZ07,TPSZ07,1,0.0,0.0,1.0
JWSZ08,AMSZ02,1,0.6358857202350078,0.0,1.6358857202350077
JWSZ08,AMSZ08,1,0.17995368297499037,0.0,1.1799536829749904
JWSZ08,BDSZ03,1,0.619170878691575,0.0,1.619170878691575
JWSZ08,BDSZ04,1,0.5906783875936282,0.0,1.5906783875936283
JWSZ08,BDSZ08,1,0.2605160404428194,0.0,1.2605160404428193
JWSZ08,BKSZ02,3,0.573045922018944,0.0,3.573045922018944
JWSZ08,BKSZ03,1,1.1090399306975915,0.0,2.1090399306975915
JWSZ08,BKSZ05,4,2.925675287462928,0.0,6.925675287462928
JWSZ08,BKSZ07,1,1.0091271844319314,0.0,2.0091271844319314
JWSZ08,BKSZ09,1,0.6917194173510545,0.0,1.6917194173510546
JWSZ08,BLSZ02,4,0.6439789038287911,0.1990932200463298,4.843072123875121
JWSZ08,BLSZ04,1,0.3518955725212903,0.0,1.3518955725212902
JWSZ08,BMSZ04,2,0.3986572676321619,0.0,2.398657267632162
JWSZ08,BMSZ05,1,0.510726540316899,0.0,1.510726540316899
JWSZ08,BMSZ06,1,0.4748069052583487,0.0,1.4748069052583488
JWSZ08,BMSZ07,1,0.8233137677613477,0.0,1.8233137677613476
JWSZ08,BMSZ08,2,0.5195359168860332,0.0,2.519535916886033
JWSZ08,BMSZ12,2,0.6718124591150971,0.0,2.671812459115097
JWSZ08,BPSZ01,1,0.4139535961127766,0.0,1.4139535961127767
JWSZ08,BPSZ05,2,0.8354798180137,0.0,2.8354798180136997
JWSZ08,BTSZ01,3,1.5078030591290277,0.0,4.507803059129028
JWSZ08,BTSZ03,1,0.24313426106135566,0.0,1.2431342610613556
JWSZ08,CKSZ02,1,1.144958110791065,0.0,2.144958110791065
JWSZ08,CKSZ03,4,2.2117101044931,0.0,6.2117101044931005
JWSZ08,CKSZ05,1,0.3171955981293855,0.0,1.3171955981293855
JWSZ08,CKSZ06,2,0.920106825235814,0.0,2.920106825235814
JWSZ08,CLSZ01,1,0.23812735227804957,0.0,1.2381273522780496
JWSZ08,CLSZ03,1,0.6707398039668663,0.0,1.6707398039668662
JWSZ08,CLSZ04,5,1.278009335536173,0.0,6.278009335536173
JWSZ08,CLSZ06,1,0.574421487336854,0.0,1.574421487336854
JWSZ08,DTSZ01,2,0.7331313346503456,0.0,2.733131334650346
JWSZ08,DTSZ02,2,1.018137968823691,0.0,3.018137968823691
JWSZ08,DTSZ03,1,0.6054691642522725,0.0,1.6054691642522725
JWSZ08,DTSZ05,2,0.8628740026213676,0.0,2.8628740026213677
JWSZ08,DTSZ08,1,0.38019556644994107,0.0,1.380195566449941
JWSZ08,DTSZ11,2,0.8369806413958725,0.0,2.8369806413958725
JWSZ08,GLSZ03,3,1.5401273987565216,0.0,4.540127398756521
JWSZ08,GLSZ05,2,0.917977389074922,0.0,2.917977389074922
JWSZ08,HGSZ08,2,0.6863850663941902,0.0,2.68638506639419
JWSZ08,JESZ01,2,1.4806007321639152,0.0,3.480600732163915
JWSZ08,JESZ02,2,0.7989624540859916,0.0,2.7989624540859914
JWSZ08,JESZ03,2,1.3157318731909855,0.0,3.3157318731909857
JWSZ08,JESZ04,2,0.615906580512976,0.0,2.615906580512976
JWSZ08,JESZ05,8,1.5812692300694764,0.0,9.581269230069477
JWSZ08,JESZ06,2,0.3457258605708478,0.0,2.3457258605708478
JWSZ08,JESZ07,1,0.38271927932024713,0.0,1.3827192793202472
JWSZ08,JESZ08,2,0.5428569925856678,0.0,2.542856992585668
JWSZ08,JESZ09,3,0.4666394047984305,0.0,3.4666394047984306
JWSZ08,JWSZ01,3,0.5563892972148915,0.19332888493802447,3.749718182152916
JWSZ08,JWSZ02,4,1.3683717402558295,0.423179292671265,5.791551032927095
JWSZ08,JWSZ03,4,2.0032371940847766,0.7213286752659483,6.724565869350726
JWSZ08,JWSZ04,3,1.4741759849812708,0.4459272168346888,4.92010320181596
JWSZ08,JWSZ06,6,1.0838790655447363,0.48988466660298297,7.573763732147719
JWSZ08,JWSZ08,13,11.049042429955051,42.12339010753797,66.17243253749302
JWSZ08,JWSZ09,48,8.221489642790688,9.401378032545818,65.62286767533651
JWSZ08,KLSZ01,1,1.0247593909361823,0.0,2.0247593909361825
JWSZ08,KLSZ06,1,0.5668576751705033,0.0,1.5668576751705032
JWSZ08,KLSZ08,4,0.8421690886932577,0.0,4.842169088693257
JWSZ08,KLSZ09,1,0.10213202700184933,0.0,1.1021320270018493
JWSZ08,MSSZ01,1,0.0,0.0,1.0
JWSZ08,MUSZ01,2,0.4732307567753973,0.0,2.473230756775397
JWSZ08,MUSZ03,1,0.09114024358802034,0.0,1.0911402435880204
JWSZ08,NVSZ01,1,1.2761285221503311,0.0,2.276128522150331
JWSZ08,NVSZ02,1,0.8610623389819658,0.0,1.8610623389819658
JWSZ08,ORSZ02,1,0.44364737977919955,0.0,1.4436473797791995
JWSZ08,OTSZ03,6,1.3159708448095067,0.0,7.315970844809507
JWSZ08,OTSZ04,1,0.10817638162125054,0.0,1.1081763816212504
JWSZ08,PLSZ04,2,0.1817958928983917,0.0,2.181795892898392
JWSZ08,PNSZ01,3,1.100241497997102,0.0,4.100241497997102
JWSZ08,PNSZ02,4,0.0,0.0,4.0
JWSZ08,PNSZ03,1,0.0,0.0,1.0
JWSZ08,QTSZ02,1,0.23018154972342142,0.0,1.2301815497234214
JWSZ08,QTSZ03,1,0.17858941199152997,0.0,1.17858941199153
JWSZ08,QTSZ08,4,1.9229363897135003,0.0,5.922936389713501
JWSZ08,QTSZ09,2,0.17775972984206334,0.0,2.1777597298420632
JWSZ08,QTSZ10,1,0.5312543500716845,0.0,1.5312543500716846
JWSZ08,QTSZ11,5,2.9606785795740174,0.0,7.960678579574017
JWSZ08,QTSZ14,3,0.7280772235151374,0.0,3.7280772235151374
JWSZ08,SBSZ03,3,1.2754659460809525,0.0,4.275465946080953
JWSZ08,SESZ03,3,1.033338293023491,0.0,4.0333382930234905
JWSZ08,SESZ06,1,0.6001081977087223,0.0,1.6001081977087224
JWSZ08,SGSZ04,2,1.201801529283181,0.0,3.201801529283181
JWSZ08,SKSZ02,1,0.0,0.0,1.0
JWSZ08,SRSZ02,1,0.12444801237350009,0.0,1.1244480123735001
JWSZ08,SRSZ03,1,0.22630841253876374,0.0,1.2263084125387638
JWSZ08,TMSZ04,1,0.45973778553200895,0.0,1.4597377855320088
JWSZ08,TNSZ01,1,0.5144386146784243,0.0,1.5144386146784243
JWSZ08,TPSZ02,1,0.6240798265255894,0.0,1.6240798265255894
JWSZ08,TPSZ06,1,0.48336874514107914,0.0,1.483368745141079
JWSZ08,TSSZ02,1,0.2825720745374432,0.0,1.2825720745374432
JWSZ08,TSSZ03,3,0.8446514969130461,0.0,3.844651496913046
JWSZ08,TSSZ04,1,0.389736769948002,0.0,1.3897367699480019
JWSZ08,TSSZ05,1,1.1213129934460546,0.0,2.121312993446055
JWSZ08,TSSZ06,2,0.09105884930644637,0.0,2.0910588493064464
JWSZ08,WCSZ01,9,1.7952510662812078,0.0,10.795251066281208
JWSZ08,WDSZ01,1,0.1388667900924892,0.0,1.1388667900924891
JWSZ08,WDSZ02,3,1.1087749253186236,0.0,4.108774925318624
JWSZ08,WDSZ03,1,0.7646451100145464,0.0,1.7646451100145464
JWSZ08,WDSZ05,2,0.929309251294938,0.0,2.929309251294938
JWSZ08,YSSZ01,1,0.4123193212712121,0.0,1.4123193212712122
JWSZ08,YSSZ09,3,2.2481612819249963,0.0,5.248161281924997
JWSZ09,AMSZ02,1,0.3759029204610088,0.0,1.3759029204610087
JWSZ09,AMSZ03,2,0.4133753277296804,0.0,2.4133753277296806
JWSZ09,AMSZ04,1,0.043252249007536464,0.0,1.0432522490075364
JWSZ09,AMSZ08,1,0.1518786080248088,0.0,1.1518786080248087
JWSZ09,AMSZ10,1,0.37933734459419755,0.0,1.3793373445941977
JWSZ09,BDSZ02,1,0.5604273601123966,0.0,1.5604273601123966
JWSZ09,BKSZ02,2,0.3262921463680731,0.0,2.3262921463680732
JWSZ09,BKSZ03,2,0.896954408572815,0.0,2.896954408572815
JWSZ09,BKSZ04,3,0.3836496755850693,0.0,3.3836496755850693
JWSZ09,BKSZ05,5,1.813023925584393,0.0,6.8130239255843925
JWSZ09,BKSZ06,1,0.32372846736022104,0.0,1.323728467360221
JWSZ09,BKSZ07,2,1.1626806497801319,0.0,3.162680649780132
JWSZ09,BKSZ08,1,0.08813783921551221,0.0,1.0881378392155123
JWSZ09,BKSZ09,2,0.7663405521668647,0.0,2.7663405521668647
JWSZ09,BLSZ01,2,0.9828395235260023,0.0,2.9828395235260023
JWSZ09,BLSZ02,11,0.8396331324955653,1.3583349461564225,13.197968078651988
JWSZ09,BLSZ04,2,0.6859872965992707,0.0,2.685987296599271
JWSZ09,BMSZ01,4,1.0912090787098665,0.0,5.091209078709866
JWSZ09,BMSZ02,3,0.5159983755776809,0.0,3.5159983755776807
JWSZ09,BMSZ03,1,0.40376427143658733,0.0,1.4037642714365872
JWSZ09,BMSZ04,1,0.2383705236458763,0.0,1.2383705236458762
JWSZ09,BMSZ06,1,0.3419838713622001,0.0,1.3419838713622
JWSZ09,BMSZ08,2,0.39489895944626774,0.0,2.3948989594462677
JWSZ09,BMSZ09,1,0.033900746351613,0.0,1.033900746351613
JWSZ09,BMSZ12,1,0.42400030556842633,0.0,1.4240003055684263
JWSZ09,BMSZ16,1,0.054932947338134794,0.0,1.0549329473381348
JWSZ09,BMSZ17,1,0.19416688436221352,0.0,1.1941668843622135
JWSZ09,BPSZ02,1,0.21328328848501277,0.0,1.2132832884850129
JWSZ09,BSSZ03,1,0.6848580447025667,0.0,1.6848580447025667
JWSZ09,BTSZ01,2,0.9861205902317217,0.0,2.986120590231722
JWSZ09,BTSZ03,1,0.17652436174028824,0.0,1.1765243617402883
JWSZ09,CHSZ03,3,2.3164943442544645,0.0,5.3164943442544645
JWSZ09,CKSZ01,2,0.5012260273841824,0.0,2.5012260273841824
JWSZ09,CKSZ03,4,1.4908702719968745,0.0,5.490870271996874
JWSZ09,CKSZ04,1,0.5152251991791197,0.0,1.5152251991791197
JWSZ09,CKSZ05,1,0.23197876674641138,0.0,1.2319787667464115
JWSZ09,CKSZ06,4,0.8937881357871368,0.0,4.893788135787137
JWSZ09,CLSZ01,2,0.3550721348414389,0.0,2.3550721348414387
JWSZ09,CLSZ03,1,0.5705410350886557,0.0,1.5705410350886557
JWSZ09,CLSZ04,4,1.5381507685690015,0.0,5.538150768569001
JWSZ09,CLSZ06,6,0.3809079553204956,0.0,6.380907955320495
JWSZ09,CLSZ08,1,0.2700572550649337,0.0,1.2700572550649336
JWSZ09,CLSZ09,2,0.28362166731787003,0.0,2.28362166731787
JWSZ09,DTSZ01,8,0.6907419124141937,0.0,8.690741912414193
JWSZ09,DTSZ02,4,1.4231423904849239,0.0,5.423142390484924
JWSZ09,DTSZ05,10,0.9588221964481101,0.0,10.95882219644811
JWSZ09,DTSZ06,1,0.05691434550582685,0.0,1.0569143455058267
JWSZ09,DTSZ07,1,0.30780164534611204,0.0,1.307801645346112
JWSZ09,DTSZ08,6,0.5331311600962962,0.0,6.533131160096296
JWSZ09,DTSZ09,2,0.30903866120567347,0.0,2.3090386612056735
JWSZ09,DTSZ11,2,0.698670317339907,0.0,2.698670317339907
JWSZ09,DTSZ12,1,0.1841453074588807,0.0,1.1841453074588806
JWSZ09,GLSZ01,1,0.35460574273328227,0.0,1.3546057427332823
JWSZ09,GLSZ02,1,0.159535900427766,0.0,1.159535900427766
JWSZ09,GLSZ03,1,0.8244987364544444,0.0,1.8244987364544443
JWSZ09,GLSZ04,1,0.5696569471033336,0.0,1.5696569471033337
JWSZ09,GLSZ05,4,1.8059791668728595,0.0,5.805979166872859
JWSZ09,HGSZ04,1,0.37278131462752967,0.0,1.3727813146275296
JWSZ09,JESZ01,1,0.6635738783862912,0.1131085360497827,1.776682414436074
JWSZ09,JESZ02,2,0.5528909678245,0.0,2.5528909678245
JWSZ09,JESZ03,3,1.5901594058094135,0.0,4.5901594058094135
JWSZ09,JESZ04,1,0.2891445928505236,0.7118446683503469,2.0009892612008704
JWSZ09,JESZ05,25,2.0720007220555745,0.0,27.072000722055574
JWSZ09,JESZ06,2,0.507097651699922,0.0,2.507097651699922
JWSZ09,JWSZ01,4,0.2875798466682992,0.6644875046469456,4.952067351315245
JWSZ09,JWSZ02,16,1.9667818342418046,3.0703787917236802,21.037160625965484
JWSZ09,JWSZ03,15,5.09220456371226,5.635343095841437,25.727547659553693
JWSZ09,JWSZ04,16,3.3847533642128314,4.598513696619501,23.983267060832333
JWSZ09,JWSZ05,2,0.2763080380879253,0.0,2.2763080380879255
JWSZ09,JWSZ06,3,0.8807010348990916,0.8625463653151889,4.743247400214281
JWSZ09,JWSZ07,1,0.21882292660734115,0.0,1.2188229266073412
JWSZ09,JWSZ08,42,8.02866036826247,5.672626366647509,55.70128673490998
JWSZ09,JWSZ09,47,11.642364443270859,87.30774903442412,145.95011347769497
JWSZ09,KLSZ01,1,0.705233859532895,0.0,1.7052338595328949
JWSZ09,KLSZ03,1,0.01613942712538476,0.0,1.0161394271253847
JWSZ09,KLSZ07,1,0.529972777992784,0.0,1.5299727779927839
JWSZ09,KLSZ08,3,0.5624272097943214,0.0,3.5624272097943215
JWSZ09,KLSZ09,3,0.18981145976604596,0.0,3.189811459766046
JWSZ09,MUSZ01,1,0.2453303565266122,0.0,1.2453303565266123
JWSZ09,NTSZ05,1,0.0,0.0,1.0
JWSZ09,NVSZ02,3,1.0725078451833285,0.0,4.0725078451833285
JWSZ09,ORSZ02,7,0.8168066992460249,0.0,7.816806699246025
JWSZ09,ORSZ03,1,0.4791232866649992,0.0,1.4791232866649993
JWSZ09,OTSZ03,3,0.9618070763174454,0.0,3.9618070763174456
JWSZ09,OTSZ04,2,0.15793563686490522,0.0,2.1579356368649054
JWSZ09,PGSZ04,1,0.6969765793438558,0.0,1.6969765793438558
JWSZ09,PGSZ05,1,0.5238340194562782,0.0,1.5238340194562783
JWSZ09,PLSZ04,1,0.066522594466312,0.0,1.066522594466312
JWSZ09,PNSZ01,3,0.3565324804526346,0.0,3.3565324804526346
JWSZ09,PNSZ02,5,0.0,0.0,5.0
JWSZ09,PRSZ03,2,1.8301448467311603,0.0,3.8301448467311605
JWSZ09,PRSZ08,1,0.10179547929848308,0.0,1.101795479298483
JWSZ09,QTSZ04,4,0.19845445477679818,0.0,4.198454454776798
JWSZ09,QTSZ05,1,0.37216568189179383,0.0,1.3721656818917938
JWSZ09,QTSZ08,12,2.059853974977709,0.0,14.05985397497771
JWSZ09,QTSZ09,2,0.18615040315233045,0.0,2.1861504031523307
JWSZ09,QTSZ10,2,0.528198249848287,0.0,2.528198249848287
JWSZ09,QTSZ11,8,1.1557098443359022,0.0,9.155709844335902
JWSZ09,QTSZ12,2,0.5849072524551182,0.0,2.5849072524551184
JWSZ09,QTSZ14,4,0.6023735824877262,0.0,4.6023735824877265
JWSZ09,QTSZ15,1,0.1578446004334549,0.0,1.1578446004334548
JWSZ09,RCSZ05,1,0.13546567366755805,0.0,1.1354656736675581
JWSZ09,RCSZ09,2,0.19134459156622494,0.0,2.191344591566225
JWSZ09,RCSZ10,1,0.39996180858568053,0.0,1.3999618085856804
JWSZ09,RVSZ05,1,0.17798808423448625,0.0,1.1779880842344863
JWSZ09,SESZ03,2,0.5711402781979077,0.0,2.5711402781979076
JWSZ09,TMSZ02,2,1.8717720177961823,0.0,3.8717720177961823
JWSZ09,TMSZ04,2,1.4191270737287704,0.0,3.4191270737287702
JWSZ09,TMSZ05,1,0.94738193777448,0.0,1.9473819377744799
JWSZ09,TNSZ03,1,0.03796448222824855,0.0,1.0379644822282486
JWSZ09,TPSZ06,1,0.4971807292238054,0.0,1.4971807292238055
JWSZ09,TPSZ12,1,0.2600977098650428,0.0,1.2600977098650428
JWSZ09,TSSZ02,2,0.4884500867260986,0.0,2.4884500867260986
JWSZ09,TSSZ03,5,0.3590800500917799,0.0,5.35908005009178
JWSZ09,TSSZ04,4,0.6835978113797957,0.0,4.683597811379796
JWSZ09,TSSZ05,8,1.4709010982839834,0.0,9.470901098283983
JWSZ09,TSSZ06,2,0.07450139253936752,0.0,2.0745013925393674
JWSZ09,WCSZ01,26,3.050451520849006,0.0,29.050451520849006
JWSZ09,WDSZ01,1,0.12115860072514872,0.0,1.1211586007251486
JWSZ09,WDSZ03,2,0.8097824989032691,0.0,2.809782498903269
JWSZ09,WDSZ06,1,0.30629099268525145,0.0,1.3062909926852515
JWSZ09,WDSZ07,1,0.05120931028603391,0.0,1.0512093102860338
JWSZ09,WDSZ09,1,0.18673297950274226,0.0,1.1867329795027421
JWSZ09,YSSZ09,1,0.7319629711546194,0.0,1.7319629711546194
KLSZ01,AMSZ01,2,1.115151752558109,0.0,3.115151752558109
KLSZ01,AMSZ05,1,0.4387516536537577,0.0,1.4387516536537577
KLSZ01,AMSZ09,1,0.28217193079253566,0.0,1.2821719307925357
KLSZ01,AMSZ10,1,0.44754234353945255,0.0,1.4475423435394525
KLSZ01,BDSZ01,1,0.6059836350058111,0.0,1.6059836350058112
KLSZ01,BDSZ04,1,0.6679959159377299,0.0,1.66799591593773
KLSZ01,BMSZ02,2,0.41803902131331816,0.0,2.418039021313318
KLSZ01,BMSZ04,2,0.36156707690325485,0.0,2.361567076903255
KLSZ01,BMSZ05,4,0.7501559720936465,0.0,4.750155972093647
KLSZ01,BMSZ10,1,0.1393884603619197,0.0,1.1393884603619198
KLSZ01,BMSZ12,1,0.3161286534368538,0.0,1.316128653436854
KLSZ01,BMSZ16,1,0.0714675672744797,0.0,1.0714675672744798
KLSZ01,BPSZ05,1,0.3310310537106394,0.0,1.3310310537106393
KLSZ01,BSSZ01,2,1.3079988529457056,0.0,3.3079988529457056
KLSZ01,BSSZ03,1,0.6190583921909203,0.44593237346896414,2.0649907656598843
KLSZ01,CHSZ01,1,0.13024390084166726,0.0,1.1302439008416671
KLSZ01,CHSZ03,1,0.7713748136961749,0.0,1.7713748136961749
KLSZ01,CKSZ03,1,0.3789560102229902,0.0,1.37895601022299
KLSZ01,CLSZ02,1,0.1127160945351619,0.0,1.112716094535162
KLSZ01,CLSZ04,1,0.2906132953781457,0.0,1.2906132953781457
KLSZ01,DTSZ01,2,0.7064432854983199,0.004701669187705516,2.7111449546860253
KLSZ01,DTSZ02,6,0.49743209861450355,1.3266810825021982,7.824113181116701
KLSZ01,DTSZ03,3,0.7987422042604846,0.4307551256289639,4.2294973298894485
KLSZ01,DTSZ04,1,0.1068393578752088,0.0,1.1068393578752087
KLSZ01,DTSZ05,4,1.393427787740148,0.0,5.393427787740148
KLSZ01,DTSZ06,1,0.06775070740164056,0.0,1.0677507074016406
KLSZ01,DTSZ08,5,0.501000765948458,0.0,5.501000765948458
KLSZ01,DTSZ09,1,0.13948636332492823,0.0,1.1394863633249281
KLSZ01,DTSZ10,1,0.03418334478998585,0.0,1.0341833447899857
KLSZ01,DTSZ11,2,1.0562002735375915,0.0,3.0562002735375913
KLSZ01,GLSZ01,1,0.6977126491309952,0.3135374600138555,2.011250109144851
KLSZ01,GLSZ02,1,0.6592251462682303,0.39018083362169403,2.049405979889924
KLSZ01,GLSZ03,1,0.5906268597695821,0.0,1.590626859769582
KLSZ01,GLSZ04,2,1.5255846877708803,1.1729804133260757,4.698565101096956
KLSZ01,GLSZ05,7,1.7520174813795646,0.0,8.752017481379564
KLSZ01,HGSZ05,1,0.6296665232588393,0.0,1.6296665232588392
KLSZ01,HGSZ08,1,0.40957999526335837,0.0,1.4095799952633583
KLSZ01,JESZ05,1,0.4274927925901991,0.0,1.4274927925901992
KLSZ01,JESZ09,1,0.13347512764564806,0.0,1.133475127645648
KLSZ01,JWSZ08,1,0.6432652232008813,0.0,1.6432652232008813
KLSZ01,JWSZ09,3,0.9023797489946236,0.0,3.9023797489946235
KLSZ01,KLSZ01,9,2.9286062656056417,28.886541565811875,40.81514783141752
KLSZ01,KLSZ06,5,1.2966434178076887,0.8762272928662281,7.172870710673917
KLSZ01,KLSZ08,3,0.7198979790598277,1.3119580954857404,5.031856074545567
KLSZ01,KLSZ09,2,0.3128152339866766,0.2187361815798365,2.531551415566513
KLSZ01,MUSZ01,5,0.1653124473976467,0.5626089828742178,5.727921430271865
KLSZ01,MUSZ02,1,0.0,0.0,1.0
KLSZ01,MUSZ03,1,0.07429579548874848,0.30145505594062044,1.3757508514293688
KLSZ01,NVSZ01,4,2.0818201562969216,1.4644486968433252,7.546268853140247
KLSZ01,NVSZ02,2,1.4773759443106895,0.8136194282216455,4.290995372532335
KLSZ01,NVSZ03,1,0.18858082575483384,0.0,1.1885808257548338
KLSZ01,ORSZ01,1,0.08703149137569949,0.0,1.0870314913756995
KLSZ01,ORSZ02,3,0.6544789126564443,0.0,3.6544789126564443
KLSZ01,ORSZ03,2,0.3211658583837319,0.28645359960010514,2.6076194579838368
KLSZ01,OTSZ03,8,1.083287428816249,0.0,9.083287428816249
KLSZ01,OTSZ04,1,0.13076568699753824,0.0,1.1307656869975382
KLSZ01,PGSZ02,2,0.5420967038985165,0.0,2.5420967038985163
KLSZ01,PGSZ03,1,0.4246811013245402,0.0,1.4246811013245402
KLSZ01,PGSZ04,1,0.6789850257128979,0.0,1.678985025712898
KLSZ01,PLSZ05,2,0.25976153836025306,0.0,2.259761538360253
KLSZ01,PNSZ04,1,0.0,0.0,1.0
KLSZ01,PRSZ02,1,0.5383581224415951,0.0,1.5383581224415952
KLSZ01,QTSZ08,5,1.1082160134918853,0.0,6.1082160134918855
KLSZ01,QTSZ11,1,0.38156183083815454,0.0,1.3815618308381545
KLSZ01,QTSZ13,1,0.3270982137548571,0.0,1.327098213754857
KLSZ01,RCSZ01,1,0.24595742277302687,0.035179833574146,1.2811372563471728
KLSZ01,RCSZ09,1,0.23342140914030504,0.07830133834218828,1.3117227474824933
KLSZ01,RCSZ10,2,0.3503882360637086,0.2961090401737107,2.6464972762374193
KLSZ01,SBSZ03,1,0.4209530880502521,0.0,1.4209530880502521
KLSZ01,SBSZ04,1,0.45725838657851586,0.0,1.4572583865785158
KLSZ01,SESZ02,1,0.5090471908510802,0.0,1.50904719085108
KLSZ01,SESZ03,2,0.8760163633641459,0.0,2.876016363364146
KLSZ01,SESZ04,1,0.6045848588908783,0.0,1.6045848588908784
KLSZ01,SESZ05,1,0.37498231899293566,0.0,1.3749823189929358
KLSZ01,SGSZ03,1,0.489850501175004,0.0,1.489850501175004
KLSZ01,SGSZ04,3,1.3732406933449512,0.0,4.373240693344951
KLSZ01,SGSZ06,5,1.1388356688973165,0.9548009698001705,7.093636638697487
KLSZ01,TMSZ01,1,0.5649082447359746,0.0,1.5649082447359746
KLSZ01,TMSZ02,1,0.5706830323224629,0.0,1.5706830323224628
KLSZ01,TMSZ04,2,0.8569256803840675,0.0,2.8569256803840677
KLSZ01,TNSZ01,1,0.45901546515594205,0.0,1.4590154651559422
KLSZ01,TPSZ02,2,1.1171862332365534,1.3189582967208615,4.436144529957415
KLSZ01,TPSZ03,3,0.6092396353059505,0.5405836278662588,4.149823263172209
KLSZ01,TPSZ05,1,0.5385376111961874,0.10476896165658456,1.6433065728527718
KLSZ01,TPSZ06,3,1.0541745611676179,1.110390146488986,5.164564707656604
KLSZ01,TPSZ08,1,0.3553129231148085,0.0,1.3553129231148084
KLSZ01,TPSZ09,1,0.5145457041074541,0.17263156344758604,1.6871772675550403
KLSZ01,TPSZ11,1,0.7428259002071397,0.5028668665322844,2.245692766739424
KLSZ01,TPSZ12,2,0.6708547351546758,0.07693185639376002,2.7477865915484356
KLSZ01,TSSZ05,1,0.8737578677146847,0.0,1.8737578677146847
KLSZ01,WCSZ01,1,0.40880390446832743,0.0,1.4088039044683274
KLSZ01,WDSZ03,2,0.632830778292065,0.0,2.632830778292065
KLSZ01,WDSZ06,1,0.27309205158393957,0.0,1.2730920515839395
KLSZ01,YSSZ01,1,0.236226434689372,0.0,1.2362264346893719
KLSZ01,YSSZ09,1,0.43483828463132085,0.0,1.4348382846313208
KLSZ02,AMSZ08,1,0.03349165852195257,0.0,1.0334916585219527
KLSZ02,AMSZ12,1,0.04514552969105449,0.0,1.0451455296910546
KLSZ02,BDSZ02,2,0.35237970606700375,0.0,2.352379706067004
KLSZ02,BDSZ04,1,0.27341672927120747,0.0,1.2734167292712075
KLSZ02,BMSZ01,2,0.26418833937711095,0.0,2.264188339377111
KLSZ02,BMSZ02,1,0.06628436357297168,0.0,1.0662843635729717
KLSZ02,BMSZ12,1,0.04974345502084276,0.0,1.0497434550208427
KLSZ02,BMSZ16,1,0.007199551505103261,0.0,1.0071995515051033
KLSZ02,BPSZ03,1,0.06399748334103288,0.0,1.0639974833410328
KLSZ02,CHSZ02,1,0.02946549323893732,0.0,1.0294654932389373
KLSZ02,CHSZ03,1,0.25030107759852954,0.0,1.2503010775985295
KLSZ02,CKSZ05,1,0.10970016707540829,0.0,1.1097001670754083
KLSZ02,DTSZ01,2,0.04503493918402625,0.1345914252942342,2.1796263644782607
KLSZ02,DTSZ04,1,0.02675179021723578,0.0,1.0267517902172358
KLSZ02,DTSZ05,1,0.09964567290980074,0.0,1.0996456729098008
KLSZ02,DTSZ09,3,0.09785864570814137,0.0,3.097858645708141
KLSZ02,DTSZ11,1,0.08579321062093136,0.0,1.0857932106209314
KLSZ02,GLSZ02,2,0.14975745934955026,0.3247289516327982,2.4744864109823483
KLSZ02,GLSZ04,3,1.0973807334772498,0.8691263225068109,4.966507055984061
KLSZ02,GLSZ05,1,0.18553060994469947,0.11907771116995289,1.3046083211146522
KLSZ02,HGSZ07,1,0.22078031731984615,0.0,1.2207803173198462
KLSZ02,KLSZ02,1,0.3676406278236535,3.1847130881343175,4.552353715957971
KLSZ02,KLSZ06,2,0.40645112437350633,0.4400069531900781,2.846458077563584
KLSZ02,KLSZ08,1,0.17070733568372626,0.07524554010545811,1.2459528757891845
KLSZ02,ORSZ02,1,0.10919679465870409,0.0,1.109196794658704
KLSZ02,OTSZ03,1,0.1773553964959104,0.0,1.1773553964959105
KLSZ02,OTSZ04,2,0.06278962808367912,0.0,2.0627896280836793
KLSZ02,PGSZ04,1,0.2017587399053534,0.0,1.2017587399053533
KLSZ02,QTSZ06,1,0.055686198020945654,0.0,1.0556861980209455
KLSZ02,QTSZ08,1,0.11779205243086988,0.0,1.11779205243087
KLSZ02,QTSZ09,1,0.01656241203005003,0.0,1.01656241203005
KLSZ02,RCSZ01,1,0.05751754196825865,0.08357001983582682,1.1410875618040857
KLSZ02,RVSZ01,1,0.0,0.0,1.0
KLSZ02,SGSZ06,2,0.3205246526313056,0.2014055035281164,2.521930156159422
KLSZ02,SKSZ03,1,0.018171172492618303,0.0,1.0181711724926183
KLSZ02,TMSZ02,1,0.291226816887615,0.0,1.2912268168876149
KLSZ02,TMSZ05,1,0.13988014411439273,0.0,1.1398801441143926
KLSZ02,TPSZ01,1,0.06089317334707918,0.0,1.0608931733470792
KLSZ02,TPSZ02,1,0.14393565494224467,0.1942159840343805,1.338151638976625
KLSZ02,TPSZ04,1,0.06051230096913813,0.055499795693144456,1.1160120966622826
KLSZ02,TPSZ06,2,0.13499847115147479,0.0562292730354001,2.191227744186875
KLSZ02,TPSZ07,1,0.11175423005863917,0.26136581469170217,1.3731200447503413
KLSZ02,TSSZ05,1,0.09493376599746044,0.0,1.0949337659974605
KLSZ02,WDSZ06,1,0.13280869210130802,0.0,1.132808692101308
KLSZ02,YSSZ02,1,0.06083964390145492,0.0,1.060839643901455
KLSZ02,YSSZ09,1,0.13221649691964915,0.0,1.132216496919649
KLSZ03,AMSZ01,1,0.1614365270564496,0.0,1.1614365270564495
KLSZ03,BDSZ01,2,0.1916714380013664,0.0,2.191671438001366
KLSZ03,BDSZ04,1,0.24949918512693484,0.0,1.2494991851269348
KLSZ03,BDSZ05,1,0.18518799543361839,0.0,1.1851879954336184
KLSZ03,BKSZ05,1,0.12543449294481232,0.0,1.1254344929448123
KLSZ03,BMSZ01,2,0.25279046480233297,0.0,2.252790464802333
KLSZ03,BMSZ04,1,0.085192445837859,0.0,1.085192445837859
KLSZ03,BMSZ05,1,0.11050544118594002,0.0,1.11050544118594
KLSZ03,BMSZ17,1,0.02486761139612835,0.0,1.0248676113961284
KLSZ03,BSSZ01,2,0.3358655689384394,0.0,2.3358655689384396
KLSZ03,BTSZ02,1,0.09437673314511194,0.0,1.094376733145112
KLSZ03,BTSZ06,1,0.04439772574359863,0.0,1.0443977257435986
KLSZ03,CKSZ01,1,0.21502116020577222,0.0,1.2150211602057723
KLSZ03,CKSZ06,1,0.10279328782471737,0.0,1.1027932878247173
KLSZ03,CLSZ03,1,0.17321372431860604,0.0,1.173213724318606
KLSZ03,CLSZ08,1,0.1044948885997539,0.0,1.1044948885997539
KLSZ03,DTSZ01,1,0.12724751156412356,0.07883601116522344,1.2060835227293472
KLSZ03,DTSZ02,2,0.11819805522168081,0.26238952663587894,2.38058758185756
KLSZ03,DTSZ03,1,0.09613719661382764,0.06240229853980519,1.1585394951536327
KLSZ03,DTSZ05,2,0.17712872141422953,0.0,2.1771287214142294
KLSZ03,DTSZ11,1,0.1484666362608742,0.0,1.1484666362608742
KLSZ03,DTSZ12,1,0.04729402420515276,0.0,1.0472940242051527
KLSZ03,GLSZ02,1,0.1324195877309806,0.17067783118014707,1.3030974189111277
KLSZ03,GLSZ05,4,0.5135764691469794,0.5331304871334848,5.046706956280464
KLSZ03,HGSZ06,3,0.3534166531999533,0.0,3.3534166531999534
KLSZ03,JESZ02,1,0.018704669036854447,0.0,1.0187046690368544
KLSZ03,JWSZ01,1,0.0011355186666590293,0.0,1.001135518666659
KLSZ03,JWSZ08,2,0.019852634738498867,0.0,2.019852634738499
KLSZ03,JWSZ09,1,0.1493373313892086,0.0,1.1493373313892086
KLSZ03,KLSZ03,1,0.051752126770764,6.558853704781165,7.610605831551929
KLSZ03,KLSZ08,3,0.32005401191999344,0.49262585275418636,3.8126798646741795
KLSZ03,MUSZ01,1,0.02074257172707422,0.0,1.0207425717270742
KLSZ03,MUSZ03,2,0.030234103039276636,0.37859469630683223,2.408828799346109
KLSZ03,NVSZ02,2,0.3345851384810244,0.3198059832736714,2.654391121754696
KLSZ03,ORSZ02,4,0.2745105786842722,0.0,4.274510578684272
KLSZ03,ORSZ03,1,0.0753000669201737,0.0,1.0753000669201738
KLSZ03,OTSZ03,1,0.17673657252963787,0.0,1.176736572529638
KLSZ03,OTSZ04,1,0.056526156329275136,0.0,1.0565261563292752
KLSZ03,PGSZ02,1,0.09822012151045556,0.0,1.0982201215104554
KLSZ03,PGSZ04,2,0.22956929056918418,0.0,2.2295692905691844
KLSZ03,PNSZ02,1,0.0,0.0,1.0
KLSZ03,PRSZ05,2,0.3345744117911251,0.0,2.334574411791125
KLSZ03,QTSZ14,1,0.07994680203957052,0.0,1.0799468020395706
KLSZ03,RCSZ01,1,0.059240475125360154,0.05996601858262466,1.1192064937079849
KLSZ03,RCSZ10,2,0.11205840607746413,0.08237738384326525,2.1944357899207296
KLSZ03,SESZ02,1,0.175199352638855,0.0,1.175199352638855
KLSZ03,SESZ05,1,0.09396013370152997,0.0,1.09396013370153
KLSZ03,SGSZ04,1,0.23584986615677855,0.0,1.2358498661567785
KLSZ03,SGSZ06,1,0.19322290589750435,0.0,1.1932229058975043
KLSZ03,SRSZ03,1,0.0855962006244954,0.0,1.0855962006244955
KLSZ03,TMSZ03,1,0.28796389408431405,0.0,1.287963894084314
KLSZ03,TMSZ04,1,0.1517179405962228,0.0,1.1517179405962228
KLSZ03,TSSZ05,1,0.09014113580363342,0.0,1.0901411358036335
KLSZ03,WDSZ02,1,0.07263403723247672,0.0,1.0726340372324767
KLSZ04,BDSZ06,1,0.0,0.0,1.0
KLSZ04,DTSZ05,2,0.0,0.0,2.0
KLSZ04,KLSZ01,1,0.0,0.0,1.0
KLSZ04,QTSZ06,1,0.0,0.0,1.0
KLSZ04,SESZ02,1,0.0,0.0,1.0
KLSZ04,SGSZ04,2,0.0,0.0,2.0
KLSZ04,TMSZ02,1,0.0,0.0,1.0
KLSZ05,AMSZ01,1,0.30056817303425076,0.0,1.3005681730342507
KLSZ05,AMSZ03,1,0.1487400957458864,0.0,1.1487400957458864
KLSZ05,BDSZ02,1,0.41095847584898604,0.0,1.410958475848986
KLSZ05,BDSZ04,2,0.7998366099360777,0.0,2.7998366099360776
KLSZ05,BMSZ05,1,0.20614213450895968,0.0,1.2061421345089598
KLSZ05,BMSZ15,1,0.04469640234913188,0.0,1.0446964023491319
KLSZ05,BSSZ03,1,0.28038248732419285,0.0,1.280382487324193
KLSZ05,CHSZ03,1,0.5860012810960954,0.0,1.5860012810960953
KLSZ05,CKSZ06,1,0.19585264679592024,0.0,1.1958526467959203
KLSZ05,DTSZ03,4,0.3600905305629661,0.14375591421475853,4.503846444777725
KLSZ05,DTSZ05,2,0.34391793589281483,0.28809161277007894,2.632009548662894
KLSZ05,GLSZ04,1,1.339809790118559,0.2516616757000564,2.591471465818615
KLSZ05,HGSZ04,1,0.20687213786872993,0.0,1.20687213786873
KLSZ05,HGSZ05,1,0.35512774920801327,0.0,1.3551277492080134
KLSZ05,JESZ05,1,0.3546073530769162,0.0,1.3546073530769163
KLSZ05,JWSZ09,1,0.33637030607664087,0.0,1.336370306076641
KLSZ05,KLSZ05,3,4.42384261980585,4.793371769887868,12.217214389693718
KLSZ05,KLSZ07,1,0.23584967272592097,0.035616911242890174,1.271466583968811
KLSZ05,KLSZ08,2,0.2269262765955803,0.052736319575882484,2.279662596171463
KLSZ05,MPSZ01,1,0.2772787228793461,0.4123489353816124,1.6896276582609584
KLSZ05,MUSZ01,1,0.06239391642326388,0.02219058398438053,1.0845845004076444
KLSZ05,NVSZ01,2,1.0279385110481716,0.0,3.0279385110481716
KLSZ05,NVSZ02,1,0.47249380147812425,0.0,1.4724938014781244
KLSZ05,ORSZ02,1,0.27279541931438045,0.0,1.2727954193143804
KLSZ05,ORSZ03,1,0.15755482516154842,0.0,1.1575548251615484
KLSZ05,PGSZ01,1,0.1436516131986416,0.0,1.1436516131986416
KLSZ05,PGSZ02,1,0.1808439718510284,0.0,1.1808439718510284
KLSZ05,PGSZ03,1,0.19947708791540297,0.0,1.1994770879154029
KLSZ05,PGSZ04,1,0.32177773178982044,0.0,1.3217777317898205
KLSZ05,QTSZ11,1,0.3077549275997974,0.0,1.3077549275997975
KLSZ05,QTSZ12,1,0.134308799051146,0.0,1.134308799051146
KLSZ05,QTSZ14,1,0.1865582167830654,0.0,1.1865582167830655
KLSZ05,SESZ02,2,0.622547808292045,0.0,2.622547808292045
KLSZ05,SGSZ04,1,0.5127578645209169,0.0,1.5127578645209168
KLSZ05,SGSZ06,1,0.3163859517299569,0.0,1.316385951729957
KLSZ05,TMSZ01,1,0.5151547232539304,0.0,1.5151547232539304
KLSZ05,TMSZ02,2,1.2269140042455968,0.0,3.2269140042455966
KLSZ05,TMSZ03,2,0.9786101850427867,0.0,2.9786101850427866
KLSZ05,TMSZ05,1,0.24685181417124571,0.0,1.2468518141712457
KLSZ05,TPSZ04,1,0.14403379158867888,0.0,1.144033791588679
KLSZ05,WCSZ01,1,0.20467377771815923,0.0,1.2046737777181593
KLSZ05,YSSZ09,1,0.3306498563801257,0.0,1.3306498563801257
KLSZ06,AMSZ01,3,1.0713562885830696,0.0,4.07135628858307
KLSZ06,AMSZ02,2,0.7097054251863982,0.0,2.709705425186398
KLSZ06,BDSZ01,1,0.6533666568128709,0.0,1.6533666568128709
KLSZ06,BDSZ03,1,0.7237753964061636,0.0,1.7237753964061637
KLSZ06,BDSZ04,3,1.3809900389131278,0.0,4.3809900389131275
KLSZ06,BDSZ05,1,0.7204748944715216,0.0,1.7204748944715216
KLSZ06,BKSZ05,1,0.6064610836764626,0.0,1.6064610836764626
KLSZ06,BMSZ01,1,0.506787045212086,0.0,1.506787045212086
KLSZ06,BMSZ02,1,0.307735941777056,0.0,1.307735941777056
KLSZ06,BMSZ03,1,0.4116320942836432,0.0,1.4116320942836431
KLSZ06,BMSZ06,1,0.45397808563407877,0.0,1.4539780856340787
KLSZ06,BMSZ07,1,0.67364490538856,0.0,1.67364490538856
KLSZ06,BMSZ09,1,0.16020672828366303,0.0,1.160206728283663
KLSZ06,BMSZ12,1,0.3672614727996192,0.0,1.367261472799619
KLSZ06,BMSZ14,1,0.2242631950052613,0.0,1.2242631950052614
KLSZ06,BPSZ03,1,0.3016313874737862,0.0,1.3016313874737862
KLSZ06,BPSZ05,1,0.400030307464694,0.0,1.400030307464694
KLSZ06,BPSZ06,1,0.19917366479801862,0.0,1.1991736647980187
KLSZ06,BSSZ01,1,0.8366004480263324,0.0,1.8366004480263323
KLSZ06,BSSZ02,1,0.5321305020280978,0.0,1.5321305020280978
KLSZ06,BTSZ03,1,0.21606255136343117,0.0,1.216062551363431
KLSZ06,CHSZ03,2,1.5857099703222475,0.0,3.5857099703222475
KLSZ06,CKSZ03,3,0.9654500892468818,0.0,3.9654500892468816
KLSZ06,CKSZ04,1,0.26382277714324215,0.0,1.2638227771432422
KLSZ06,CKSZ06,2,0.4782419104759857,0.0,2.478241910475986
KLSZ06,CLSZ04,1,0.31521142045690065,0.0,1.3152114204569005
KLSZ06,CLSZ06,2,0.466827018717519,0.0,2.466827018717519
KLSZ06,DTSZ01,3,0.698799797589794,0.6107035888137431,4.309503386403537
KLSZ06,DTSZ02,3,0.7162621096254524,0.9473551707738428,4.663617280399295
KLSZ06,DTSZ05,4,0.8059629271725498,1.2990101003283545,6.104973027500904
KLSZ06,DTSZ06,1,0.13295230135456335,0.08210154467099505,1.2150538460255582
KLSZ06,DTSZ08,3,0.5148778068799591,0.0,3.514877806879959
KLSZ06,DTSZ09,1,0.1622222219573872,0.0,1.1622222219573872
KLSZ06,DTSZ11,2,0.6258927834818073,0.0,2.6258927834818073
KLSZ06,GLSZ02,1,0.4679866455920296,0.32797993352479343,1.7959665791168231
KLSZ06,GLSZ04,2,1.600646066286328,1.4918182577522052,5.0924643240385326
KLSZ06,GLSZ05,1,0.8073586562458899,0.0,1.8073586562458899
KLSZ06,HGSZ02,1,0.4650320490302085,0.0,1.4650320490302084
KLSZ06,HGSZ03,2,0.8237567904187597,0.0,2.8237567904187597
KLSZ06,HGSZ04,1,0.39301241103344203,0.0,1.393012411033442
KLSZ06,HGSZ06,1,0.8549440811318865,0.0,1.8549440811318865
KLSZ06,HGSZ07,1,0.40592263289937425,0.0,1.4059226328993741
KLSZ06,HGSZ08,1,0.4968517583146132,0.0,1.4968517583146133
KLSZ06,JESZ05,4,0.8273698411227812,0.0,4.827369841122781
KLSZ06,JWSZ02,1,0.2969445479893473,0.0,1.2969445479893473
KLSZ06,JWSZ03,1,0.3193697157198405,0.0,1.3193697157198405
KLSZ06,JWSZ04,1,0.4724679545368807,0.0,1.4724679545368806
KLSZ06,JWSZ07,1,0.06733822366404016,0.0,1.06733822366404
KLSZ06,JWSZ08,1,0.682729441307641,0.0,1.682729441307641
KLSZ06,JWSZ09,1,0.5962317300864152,0.0,1.5962317300864153
KLSZ06,KLSZ01,7,1.8486314033544944,3.3404406533235687,12.189072056678063
KLSZ06,KLSZ02,2,0.7680953604673684,0.21248011297643626,2.980575473443805
KLSZ06,KLSZ03,1,0.3411742280692018,0.2306335059975246,1.5718077340667265
KLSZ06,KLSZ07,3,1.3305009652353583,0.6901713556579682,5.020672320893326
KLSZ06,KLSZ08,1,0.4725311272016322,0.4016591015017597,1.8741902287033918
KLSZ06,KLSZ09,1,0.18619768908879783,0.2988867370100724,1.48508442609887
KLSZ06,MSSZ01,1,0.0,0.0,1.0
KLSZ06,MUSZ01,1,0.14799026977789273,0.3135730846044988,1.4615633543823916
KLSZ06,MUSZ03,1,0.059460493578154056,0.39580902246621574,1.4552695160443698
KLSZ06,NVSZ01,7,2.6024394146976597,1.7963685301698677,11.398807944867528
KLSZ06,NVSZ02,1,0.8940053301922231,0.5291185962707848,2.423123926463008
KLSZ06,ORSZ02,2,0.5846220796429827,0.2968502206178917,2.8814723002608744
KLSZ06,ORSZ03,3,0.580790886947298,0.7696474269426361,4.350438313889934
KLSZ06,OTSZ03,3,0.9229498742871356,0.0,3.9229498742871356
KLSZ06,PGSZ04,2,0.9383058925744308,0.0,2.938305892574431
KLSZ06,PGSZ05,2,0.8038012051002524,0.0,2.8038012051002523
KLSZ06,PLSZ04,1,0.06503172064860627,0.0,1.0650317206486062
KLSZ06,PRSZ02,2,0.6307427785402147,0.0,2.6307427785402147
KLSZ06,PRSZ03,3,0.6994189186588566,0.0,3.6994189186588566
KLSZ06,QTSZ03,1,0.13212951670894835,0.0,1.1321295167089485
KLSZ06,QTSZ12,1,0.2032242185742351,0.0,1.203224218574235
KLSZ06,RCSZ10,1,0.2065509776152184,0.31216057705742145,1.5187115546726397
KLSZ06,SBSZ03,1,0.4485664753589867,0.0,1.4485664753589866
KLSZ06,SBSZ05,1,0.03407974510821587,0.0,1.0340797451082158
KLSZ06,SESZ02,1,0.5501611069468623,0.0,1.5501611069468622
KLSZ06,SESZ03,5,1.0964298161491588,0.0,6.096429816149159
KLSZ06,SESZ04,2,1.0018467589413158,0.0,3.0018467589413156
KLSZ06,SESZ05,2,0.5093512600426745,0.0,2.5093512600426746
KLSZ06,SESZ06,1,0.7012985849222773,0.0,1.7012985849222773
KLSZ06,SGSZ03,2,0.7657339442151438,0.0,2.765733944215144
KLSZ06,SGSZ04,2,1.2062420041759443,0.0,3.2062420041759445
KLSZ06,SGSZ06,3,0.9162480061216778,0.0,3.916248006121678
KLSZ06,SGSZ07,1,0.2757121015812931,0.0,1.2757121015812931
KLSZ06,SRSZ01,1,0.34948233353717467,0.043403763368440915,1.3928860969056156
KLSZ06,TMSZ02,1,0.5740910916812602,0.0,1.57409109168126
KLSZ06,TMSZ03,5,1.7321707080286637,0.0,6.732170708028663
KLSZ06,TMSZ04,1,0.5042957106364088,0.0,1.5042957106364088
KLSZ06,TPSZ04,2,0.4910060191369914,0.08382211897918736,2.5748281381161786
KLSZ06,TPSZ07,1,0.3173979205928798,0.35543899612978846,1.6728369167226682
KLSZ06,TPSZ09,1,0.4704934024623282,0.14400260364363524,1.6144960061059634
KLSZ06,TPSZ11,2,0.7800240427055026,0.025994446317439534,2.8060184890229425
KLSZ06,WCSZ01,1,0.43388395833561827,0.0,1.4338839583356182
KLSZ06,WDSZ04,1,0.3122867328875872,0.0,1.3122867328875871
KLSZ06,YSSZ04,1,0.3675133671790075,0.0,1.3675133671790074
KLSZ06,YSSZ09,3,0.9756267649078589,0.0,3.975626764907859
KLSZ07,AMSZ02,1,0.3971644731743227,0.0,1.3971644731743227
KLSZ07,AMSZ03,2,0.4024424832635037,0.0,2.4024424832635036
KLSZ07,AMSZ06,1,0.4671242433054633,0.0,1.4671242433054634
KLSZ07,AMSZ09,1,0.20896274604724394,0.0,1.2089627460472439
KLSZ07,BDSZ02,1,0.5792893022660174,0.0,1.5792893022660173
KLSZ07,BDSZ04,1,0.43707420056874935,0.0,1.4370742005687493
KLSZ07,BKSZ01,1,0.10396547441216146,0.0,1.1039654744121614
KLSZ07,BKSZ05,1,0.5252398209477838,0.0,1.5252398209477838
KLSZ07,BMSZ01,1,0.4095403216111368,0.0,1.4095403216111368
KLSZ07,BMSZ02,1,0.255722001011703,0.0,1.255722001011703
KLSZ07,BMSZ04,1,0.3223452676774988,0.0,1.3223452676774987
KLSZ07,BMSZ05,2,0.38433196361014704,0.0,2.384331963610147
KLSZ07,BMSZ09,2,0.32596795042854626,0.023749816315355686,2.349717766743902
KLSZ07,BPSZ05,2,0.39449886774355136,0.0,2.3944988677435513
KLSZ07,BSSZ03,2,0.7991804517615357,0.0,2.7991804517615355
KLSZ07,BTSZ01,5,0.7214173452235214,0.0,5.7214173452235215
KLSZ07,CKSZ04,1,0.24508300115788934,0.0,1.2450830011578893
KLSZ07,CKSZ06,1,0.43309457214464403,0.0,1.433094572144644
KLSZ07,CLSZ06,1,0.23831048237500846,0.0,1.2383104823750084
KLSZ07,DTSZ01,1,0.37085273143608755,0.1260752728468486,1.496928004282936
KLSZ07,DTSZ02,1,0.37035680566299123,0.14674289743101462,1.5170997030940057
KLSZ07,DTSZ05,4,0.5251579464730912,0.7552570706094924,5.280415017082584
KLSZ07,DTSZ08,3,0.30325598991877517,0.0,3.303255989918775
KLSZ07,DTSZ11,3,0.531578054100628,0.0,3.531578054100628
KLSZ07,GLSZ04,1,0.9108431999237757,0.0,1.9108431999237756
KLSZ07,HGSZ04,1,0.3532299198515266,0.0,1.3532299198515265
KLSZ07,HGSZ05,1,0.4520606790888223,0.0,1.4520606790888224
KLSZ07,HGSZ07,1,0.4255744190539481,0.0,1.425574419053948
KLSZ07,HGSZ08,1,0.3880686086723832,0.0,1.3880686086723832
KLSZ07,JESZ03,1,0.38105542506152124,0.0,1.3810554250615212
KLSZ07,JESZ08,1,0.09249775144902816,0.0,1.0924977514490282
KLSZ07,JWSZ02,1,0.30708651709307055,0.0,1.3070865170930706
KLSZ07,JWSZ04,1,0.4432824476464581,0.0,1.443282447646458
KLSZ07,KLSZ05,1,0.4006021941601945,0.011507676419059249,1.4121098705792536
KLSZ07,KLSZ06,2,0.9572863559002425,0.8798452037771978,3.8371315596774402
KLSZ07,KLSZ07,1,1.7927353693001447,14.473637436944871,17.266372806245016
KLSZ07,KLSZ08,2,0.38285888102142207,0.3280048172068222,2.7108636982282444
KLSZ07,MPSZ02,2,0.5191783303474108,0.0,2.519178330347411
KLSZ07,MUSZ01,3,0.15981247606371032,0.4331839833603471,3.5929964594240573
KLSZ07,NTSZ03,1,0.3047479109746341,0.16919628901251335,1.4739441999871474
KLSZ07,NVSZ01,4,1.5095607233097532,0.6296154112392426,6.139176134548996
KLSZ07,NVSZ02,4,1.1983024656101486,1.4053660594558488,6.603668525065998
KLSZ07,ORSZ02,4,0.9625810979621,0.25020837306175897,5.212789471023859
KLSZ07,ORSZ03,1,0.23829534428318644,0.17829238707245487,1.4165877313556412
KLSZ07,OTSZ03,3,0.6757314274519725,0.0,3.6757314274519723
KLSZ07,OTSZ04,1,0.18883280560642862,0.11285637578121015,1.3016891813876388
KLSZ07,PGSZ02,1,0.24516954225170126,0.0,1.2451695422517013
KLSZ07,PNSZ01,1,0.1287757217308386,0.0,1.1287757217308385
KLSZ07,QTSZ08,2,0.6092141409199782,0.0,2.609214140919978
KLSZ07,QTSZ11,1,0.34095308318195794,0.0,1.340953083181958
KLSZ07,QTSZ12,1,0.2030019475672218,0.0,1.2030019475672218
KLSZ07,QTSZ14,1,0.3314470656106109,0.0,1.331447065610611
KLSZ07,RCSZ05,1,0.06749799739637855,0.38220125799995436,1.4496992553963328
KLSZ07,RCSZ08,1,0.0,0.0,1.0
KLSZ07,RCSZ09,1,0.11795713759670805,0.06785953043922016,1.1858166680359283
KLSZ07,RCSZ10,1,0.12905612465559163,0.12275941423082766,1.2518155388864194
KLSZ07,SBSZ01,2,1.0546956068554083,0.0,3.0546956068554083
KLSZ07,SBSZ03,1,0.38254681287637743,0.0,1.3825468128763774
KLSZ07,SBSZ04,2,0.4250729197664195,0.0,2.4250729197664196
KLSZ07,SESZ02,2,0.8560145441345284,0.0,2.8560145441345286
KLSZ07,SESZ03,3,0.6980861170494966,0.0,3.6980861170494967
KLSZ07,SESZ06,3,1.0399483656875992,0.0,4.039948365687599
KLSZ07,SGSZ01,1,0.31966328896119683,0.0,1.3196632889611968
KLSZ07,SGSZ03,1,0.4478686057678206,0.0,1.4478686057678205
KLSZ07,SGSZ04,1,0.7664476618641489,0.0,1.766447661864149
KLSZ07,SGSZ07,1,0.2526213582453236,0.0,1.2526213582453236
KLSZ07,SRSZ01,3,0.6282478349879521,0.2132051838378352,3.841453018825787
KLSZ07,TMSZ03,1,0.690376967804501,0.0,1.690376967804501
KLSZ07,TPSZ02,1,0.6557003150680574,0.45460224304180585,2.110302558109863
KLSZ07,TPSZ04,1,0.2633174214433557,0.06353255639916267,1.3268499778425182
KLSZ07,TPSZ06,2,0.5750924267031237,0.3265374013519969,2.9016298280551207
KLSZ07,TPSZ08,1,0.28183763344296275,0.0,1.2818376334429629
KLSZ07,TPSZ11,2,0.7043567607999727,0.4449216769025995,3.149278437702572
KLSZ07,WDSZ03,2,0.6969129663637792,0.0,2.6969129663637794
KLSZ07,WDSZ04,1,0.2919387851143337,0.0,1.2919387851143336
KLSZ08,AMSZ01,1,0.4072970576988154,0.0,1.4072970576988153
KLSZ08,AMSZ02,1,0.2983228757918467,0.0,1.2983228757918468
KLSZ08,AMSZ04,1,0.07089493630686033,0.0,1.0708949363068603
KLSZ08,AMSZ06,1,0.33863456589928054,0.0,1.3386345658992806
KLSZ08,AMSZ09,1,0.1750871989970343,0.0,1.1750871989970344
KLSZ08,BDSZ01,2,0.6318893907997833,0.0,2.6318893907997833
KLSZ08,BDSZ03,1,0.434269039989695,0.0,1.4342690399896951
KLSZ08,BDSZ04,3,0.7935210937398703,0.0,3.7935210937398702
KLSZ08,BDSZ05,1,0.4570114465858336,0.0,1.4570114465858337
KLSZ08,BKSZ05,2,0.542923424805189,0.0,2.542923424805189
KLSZ08,BMSZ01,2,0.4635490938255286,0.0,2.4635490938255287
KLSZ08,BMSZ03,1,0.24662134890819642,0.0,1.2466213489081963
KLSZ08,BMSZ04,1,0.14557696335216747,0.0,1.1455769633521675
KLSZ08,BMSZ07,2,0.5834124072760224,0.0,2.5834124072760223
KLSZ08,BMSZ08,2,0.1902526870355597,0.0,2.1902526870355596
KLSZ08,BMSZ09,2,0.1415022021428307,0.0,2.1415022021428305
KLSZ08,BMSZ16,1,0.046025330653343036,0.0,1.0460253306533431
KLSZ08,BPSZ01,2,0.39322792950474184,0.0,2.393227929504742
KLSZ08,BPSZ04,1,0.23208710499646018,0.0,1.2320871049964601
KLSZ08,BPSZ05,1,0.281758187169936,0.0,1.281758187169936
KLSZ08,BSSZ01,1,0.5947796953693973,0.0,1.5947796953693973
KLSZ08,BSSZ03,1,0.42657740146083134,0.0,1.4265774014608312
KLSZ08,BTSZ01,1,0.305375337155208,0.0,1.305375337155208
KLSZ08,BTSZ04,1,0.3193700749777042,0.0,1.3193700749777042
KLSZ08,BTSZ05,1,0.09359323994085869,0.0,1.0935932399408588
KLSZ08,BTSZ08,1,0.14903419145123686,0.0,1.149034191451237
KLSZ08,CKSZ02,2,0.5085203126100697,0.0,2.5085203126100697
KLSZ08,CKSZ04,1,0.24295241611555315,0.0,1.2429524161155532
KLSZ08,CKSZ06,2,0.5028612148961541,0.0,2.502861214896154
KLSZ08,CLSZ03,2,0.35901338476837635,0.0,2.3590133847683763
KLSZ08,CLSZ04,3,0.4483817191810486,0.0,3.4483817191810484
KLSZ08,DTSZ01,1,0.2700864496031046,0.06236319161606396,1.3324496412191684
KLSZ08,DTSZ02,2,0.38512461544944054,0.21025301171699545,2.595377627166436
KLSZ08,DTSZ03,2,0.3097958573789836,0.0925789906451019,2.4023748480240856
KLSZ08,DTSZ08,2,0.27475456045884067,0.0,2.274754560458841
KLSZ08,DTSZ12,1,0.17340848758427935,0.0,1.1734084875842794
KLSZ08,GLSZ02,1,0.408802210874674,0.13804064386408255,1.5468428547387565
KLSZ08,GLSZ04,2,1.5406163839188511,0.8081087234160746,4.348725107334926
KLSZ08,HGSZ02,2,0.6709374682623084,0.0,2.6709374682623084
KLSZ08,HGSZ05,1,0.377976876220185,0.0,1.377976876220185
KLSZ08,HGSZ06,1,0.6469565714840754,0.0,1.6469565714840755
KLSZ08,HGSZ07,1,0.29188177455676695,0.0,1.291881774556767
KLSZ08,JESZ01,1,0.17818366712643138,0.0,1.1781836671264314
KLSZ08,JESZ03,1,0.3709567921286734,0.0,1.3709567921286734
KLSZ08,JESZ05,1,0.31720865162810025,0.0,1.3172086516281003
KLSZ08,JWSZ01,1,0.05011364385075627,0.0,1.0501136438507563
KLSZ08,JWSZ03,1,0.26696698263868185,0.0,1.2669669826386818
KLSZ08,JWSZ04,1,0.4285606333540154,0.0,1.4285606333540155
KLSZ08,JWSZ08,1,0.4478182697349807,0.0,1.4478182697349806
KLSZ08,JWSZ09,2,0.5922155730180751,0.0,2.592215573018075
KLSZ08,KLSZ01,2,0.8902888680401534,0.686047131550811,3.5763359995909645
KLSZ08,KLSZ03,2,0.3027302499789395,0.25444383093399203,2.5571740809129313
KLSZ08,KLSZ05,2,0.3393931680453544,0.030765350889914146,2.3701585189352685
KLSZ08,KLSZ06,2,0.7481323289183426,0.66696913850024,3.4151014674185824
KLSZ08,KLSZ08,1,0.9614900985652051,10.22176010934864,12.183250207913845
KLSZ08,KLSZ09,1,0.11418049143928583,0.06955828977369587,1.1837387812129818
KLSZ08,MPSZ01,1,0.26186017670565503,0.3089662593779188,1.5708264360835738
KLSZ08,NVSZ01,2,1.599949217027986,0.2943185464149069,3.894267763442893
KLSZ08,NVSZ02,1,0.4715495991721267,0.13225022420626192,1.6037998233783886
KLSZ08,OTSZ01,1,0.05715804471095254,0.0,1.0571580447109525
KLSZ08,OTSZ03,3,0.5795357513573747,0.0,3.5795357513573745
KLSZ08,PGSZ02,3,0.4603031438283771,0.0,3.4603031438283773
KLSZ08,PGSZ04,3,0.8274403002054025,0.0,3.8274403002054025
KLSZ08,PRSZ04,1,0.11030996645424135,0.0,1.1103099664542413
KLSZ08,QTSZ03,1,0.07200311925356002,0.0,1.07200311925356
KLSZ08,QTSZ05,2,0.4206536511201117,0.0,2.4206536511201118
KLSZ08,QTSZ10,1,0.2065998318995984,0.0,1.2065998318995983
KLSZ08,RCSZ01,1,0.13112573357517393,0.01735069873544244,1.1484764323106162
KLSZ08,RCSZ10,2,0.16816624144975362,0.15082777579676954,2.3189940172465233
KLSZ08,SBSZ03,2,0.4421627637096807,0.0,2.4421627637096806
KLSZ08,SBSZ05,1,0.039972279398129876,0.0,1.0399722793981299
KLSZ08,SBSZ06,1,0.18974321895855703,0.0,1.189743218958557
KLSZ08,SESZ02,2,0.8229127398870308,0.0,2.822912739887031
KLSZ08,SESZ03,3,0.6864192850962765,0.0,3.6864192850962763
KLSZ08,SESZ04,2,0.9294636136538839,0.0,2.929463613653884
KLSZ08,SESZ05,1,0.23932093468513327,0.0,1.2393209346851333
KLSZ08,SESZ06,1,0.6069401708362567,0.0,1.6069401708362567
KLSZ08,SGSZ06,3,0.6339232231122053,0.0,3.6339232231122054
KLSZ08,SGSZ07,1,0.2083580498018308,0.0,1.2083580498018307
KLSZ08,TMSZ02,6,1.2103554335614382,0.0,7.210355433561438
KLSZ08,TMSZ04,2,0.6273217137495614,0.0,2.6273217137495615
KLSZ08,TPSZ01,2,0.3084678831346344,0.0,2.3084678831346346
KLSZ08,TPSZ02,3,0.5529242190532984,0.6901240418917248,4.243048260945023
KLSZ08,TPSZ04,1,0.1855878153383948,0.027978515210953462,1.2135663305493483
KLSZ08,TPSZ06,1,0.3371882381121997,0.08132846171122697,1.4185166998234267
KLSZ08,TPSZ09,1,0.26516798915790474,0.055401226650965224,1.32056921580887
KLSZ08,TPSZ11,1,0.5104562182382318,0.0,1.510456218238232
KLSZ08,WDSZ02,1,0.3557909914895744,0.0,1.3557909914895743
KLSZ08,WDSZ03,3,1.0367727862000138,0.0,4.036772786200014
KLSZ08,WDSZ06,1,0.26119170840214717,0.0,1.2611917084021471
KLSZ09,AMSZ02,2,0.0878304834300139,0.0,2.087830483430014
KLSZ09,AMSZ05,2,0.14090145848072264,0.0,2.1409014584807227
KLSZ09,AMSZ10,1,0.0595515177526387,0.0,1.0595515177526387
KLSZ09,BDSZ03,2,0.08606572102006997,0.0,2.08606572102007
KLSZ09,BDSZ05,1,0.09063291188168819,0.0,1.0906329118816882
KLSZ09,BKSZ01,1,0.00994531826577573,0.0,1.0099453182657758
KLSZ09,BMSZ01,1,0.06550954293876157,0.0,1.0655095429387615
KLSZ09,BMSZ08,1,0.03513178493805204,0.0,1.0351317849380521
KLSZ09,BMSZ12,1,0.03038730249046894,0.0,1.0303873024904688
KLSZ09,BPSZ05,1,0.06729731929609935,0.0,1.0672973192960993
KLSZ09,BSSZ01,1,0.09055798677844898,0.0,1.090557986778449
KLSZ09,BSSZ02,1,0.07975935807203027,0.0,1.0797593580720304
KLSZ09,BSSZ03,3,0.10619240820318772,0.0,3.1061924082031878
KLSZ09,CHSZ02,1,0.020104362037943847,0.0,1.0201043620379437
KLSZ09,CLSZ03,1,0.04748136235495777,0.0,1.0474813623549577
KLSZ09,CLSZ07,1,0.06651631187597572,0.0,1.0665163118759757
KLSZ09,DTSZ01,2,0.032874964606300634,0.30746186288246785,2.3403368274887684
KLSZ09,DTSZ03,1,0.06435971122011379,0.21290895180338568,1.2772686630234995
KLSZ09,DTSZ08,2,0.02136427693651263,0.8125175864433121,2.8338818633798244
KLSZ09,DTSZ12,1,0.031182011539020622,0.037922968665898796,1.0691049802049195
KLSZ09,GLSZ01,1,0.07647240812905014,0.09772878275399408,1.1742011908830443
KLSZ09,GLSZ04,2,0.2769247017826126,0.7449432554722505,3.0218679572548632
KLSZ09,GLSZ05,1,0.10924434086035313,0.0,1.1092443408603532
KLSZ09,HGSZ06,2,0.12450668130482097,0.0,2.124506681304821
KLSZ09,HGSZ08,2,0.05029657115109016,0.0,2.0502965711510903
KLSZ09,JESZ05,1,0.08321365062707525,0.0,1.0832136506270753
KLSZ09,JWSZ02,1,0.04062556158231483,0.0,1.0406255615823148
KLSZ09,JWSZ04,1,0.10764782296392847,0.0,1.1076478229639284
KLSZ09,JWSZ08,1,0.04522096234707923,0.0,1.0452209623470792
KLSZ09,JWSZ09,4,0.14263646524457604,0.0,4.142636465244576
KLSZ09,KLSZ06,1,0.1199956320618272,0.43696844602858365,1.5569640780904108
KLSZ09,KLSZ08,2,0.05863791544829643,0.39687087887069844,2.4555087943189946
KLSZ09,KLSZ09,3,0.333073141312792,18.97504757241064,22.308120713723433
KLSZ09,MPSZ03,1,0.0839495467525768,0.0,1.0839495467525768
KLSZ09,NVSZ02,2,0.1450315180889656,0.3975088180226086,2.542540336111574
KLSZ09,ORSZ03,1,0.04855038048386602,0.10946383207607199,1.158014212559938
KLSZ09,OTSZ01,1,0.007173537213715767,0.1524747548900256,1.1596482921037414
KLSZ09,OTSZ03,3,0.06266384074235727,0.9079648622167087,3.9706287029590657
KLSZ09,PGSZ03,1,0.03437846179253087,0.0,1.034378461792531
KLSZ09,PGSZ05,1,0.04941548900920027,0.0,1.0494154890092002
KLSZ09,PRSZ03,1,0.10061891102742,0.0,1.10061891102742
KLSZ09,QTSZ01,1,0.05057372153564194,0.0,1.0505737215356419
KLSZ09,QTSZ04,1,0.011733296418574228,0.0,1.0117332964185741
KLSZ09,QTSZ05,1,0.07517884377953914,0.0,1.075178843779539
KLSZ09,QTSZ08,1,0.04746810722206659,0.0,1.0474681072220666
KLSZ09,QTSZ09,1,0.008517923390790723,0.0,1.0085179233907908
KLSZ09,QTSZ12,1,0.01984787987310574,0.0,1.0198478798731057
KLSZ09,RCSZ01,1,0.018857979206318026,0.0057128726232519534,1.02457085182957
KLSZ09,RCSZ09,1,0.009041806322954775,0.04832607497498604,1.0573678812979408
KLSZ09,RCSZ10,1,0.026743402496365278,0.19354721368216782,1.2202906161785332
KLSZ09,RVSZ05,1,0.012395390426414318,0.0,1.0123953904264142
KLSZ09,SESZ02,1,0.07531062982426427,0.0,1.0753106298242643
KLSZ09,SESZ03,1,0.1309884863766206,0.0,1.1309884863766206
KLSZ09,SESZ04,3,0.2166233952264148,0.0,3.216623395226415
KLSZ09,SGSZ03,2,0.0763343672154734,0.0,2.0763343672154733
KLSZ09,SGSZ04,1,0.12213997254116318,0.0,1.1221399725411632
KLSZ09,SGSZ07,1,0.0495689798599308,0.0,1.0495689798599308
KLSZ09,SRSZ02,1,0.00888257357813627,0.16170813614087204,1.1705907097190085
KLSZ09,TMSZ01,1,0.165077835116405,0.0,1.165077835116405
KLSZ09,TMSZ02,2,0.19833942569634952,0.0,2.1983394256963495
KLSZ09,TMSZ05,1,0.06491392379359917,0.0,1.0649139237935992
KLSZ09,TPSZ02,2,0.09746383738692464,0.0,2.0974638373869245
KLSZ09,TPSZ03,2,0.024336217369114052,0.0,2.024336217369114
KLSZ09,TPSZ06,2,0.026246926529984796,0.0,2.0262469265299847
KLSZ09,TPSZ07,1,0.027926303278854446,0.0,1.0279263032788544
KLSZ09,WDSZ04,1,0.07719216281351547,0.0,1.0771921628135155
KLSZ09,WDSZ09,1,0.011136254674396646,0.0,1.0111362546743967
KLSZ09,YSSZ08,2,0.013236704002510367,0.0,2.0132367040025105
LKSZ01,AMSZ06,1,0.6706544776358349,0.0,1.6706544776358347
LKSZ01,WDSZ06,1,0.3293455223640274,0.0,1.3293455223640274
MDSZ02,AMSZ02,1,0.06309808902465082,0.0,1.0630980890246509
MDSZ02,BDSZ02,1,0.09264720417312199,0.0,1.0926472041731219
MDSZ02,BKSZ05,1,0.08370650810397347,0.0,1.0837065081039734
MDSZ02,BSSZ03,1,0.07226320255251617,0.0,1.072263202552516
MDSZ02,CKSZ04,1,0.05499021634106169,0.0,1.0549902163410616
MDSZ02,MPSZ03,1,0.06682989452722922,0.0,1.0668298945272292
MDSZ02,SESZ04,1,0.1018865075348114,0.0,1.1018865075348114
MDSZ02,TPSZ05,1,0.011300593048776255,0.0,1.0113005930487762
MDSZ02,YSSZ04,1,0.17520572939490758,0.0,1.1752057293949076
MDSZ02,YSSZ08,1,0.010046016935865815,0.0,1.0100460169358658
MDSZ02,YSSZ09,2,0.2680260383630814,0.0,2.2680260383630815
MDSZ03,AMSZ02,1,0.1008025459627034,0.0,1.1008025459627033
MDSZ03,BTSZ07,1,0.05745489398901223,0.0,1.0574548939890123
MDSZ03,CLSZ04,1,0.07550046756711244,0.0,1.0755004675671125
MDSZ03,MUSZ01,1,0.11308674919892822,0.0,1.1130867491989282
MDSZ03,SESZ03,1,0.2515338973991299,0.0,1.25153389739913
MDSZ03,SKSZ03,1,0.012383321924123338,0.0,1.0123833219241234
MDSZ03,YSSZ09,6,0.3892381239590137,0.0,6.3892381239590135
MPSZ01,AMSZ04,1,0.05048877533223616,0.0,1.050488775332236
MPSZ01,AMSZ05,1,0.3299745641899259,0.0,1.3299745641899259
MPSZ01,BDSZ01,2,0.5638310118424352,0.0,2.563831011842435
MPSZ01,BDSZ04,3,1.190956801208028,0.0,4.190956801208028
MPSZ01,BDSZ06,1,0.7035554051037733,0.0,1.7035554051037733
MPSZ01,BDSZ07,1,0.5134170091530814,0.0,1.5134170091530814
MPSZ01,BKSZ06,1,0.16512307866842024,0.0,1.1651230786684201
MPSZ01,BMSZ05,1,0.235936210603793,0.0,1.235936210603793
MPSZ01,BMSZ08,1,0.15915622007160815,0.0,1.1591562200716081
MPSZ01,BMSZ16,1,0.019542915132323705,0.0,1.0195429151323236
MPSZ01,BSSZ01,1,0.43158458810393135,0.0,1.4315845881039313
MPSZ01,CHSZ03,1,0.5046193096986911,0.0,1.504619309698691
MPSZ01,CLSZ06,1,0.2936671564128503,0.0,1.2936671564128503
MPSZ01,DTSZ05,2,0.8274500912078533,0.0,2.8274500912078535
MPSZ01,DTSZ11,1,0.31168212358329517,0.0,1.3116821235832952
MPSZ01,GLSZ02,1,0.2813523934001067,0.4156634386493498,1.6970158320494566
MPSZ01,HGSZ04,1,0.23886844963736484,0.0,1.2388684496373648
MPSZ01,HGSZ06,2,0.6843621441549508,0.0,2.684362144154951
MPSZ01,JWSZ03,1,0.11741629701593487,0.0,1.117416297015935
MPSZ01,MPSZ03,2,1.2116386854786905,1.5842636513201511,4.795902336798841
MPSZ01,MUSZ01,1,0.0784995101666739,0.0,1.078499510166674
MPSZ01,PGSZ04,1,0.3732226871786723,0.0,1.3732226871786724
MPSZ01,PRSZ05,1,0.45554336760985714,0.0,1.4555433676098573
MPSZ01,RCSZ09,1,0.07454201184055087,0.0,1.0745420118405509
MPSZ01,SESZ02,1,0.4134369001227559,0.0,1.4134369001227558
MPSZ01,TMSZ02,2,2.3194790218459023,0.0,4.319479021845902
MPSZ01,TMSZ04,1,0.45065327124294985,0.0,1.4506532712429498
MPSZ02,AMSZ01,2,0.5910442053841015,0.0,2.5910442053841014
MPSZ02,BDSZ04,4,1.4987302289288147,0.0,5.498730228928815
MPSZ02,BDSZ05,2,1.0933161489523175,0.5345972604926565,3.6279134094449743
MPSZ02,BDSZ07,1,0.7552331241748329,0.3014447881710916,2.0566779123459247
MPSZ02,BKSZ07,1,0.3226191147873989,0.0,1.322619114787399
MPSZ02,BMSZ01,1,0.3302798293345979,0.0,1.3302798293345979
MPSZ02,BMSZ04,1,0.21976338442347737,0.0,1.2197633844234774
MPSZ02,BMSZ12,1,0.19997992067523648,0.0,1.1999799206752364
MPSZ02,BPSZ01,1,0.07152015138173763,0.0,1.0715201513817376
MPSZ02,BSSZ01,1,0.44745826091411683,0.0,1.447458260914117
MPSZ02,DTSZ05,1,0.2976129602468759,0.0,1.2976129602468758
MPSZ02,GLSZ04,4,2.060771875346748,2.412849841523775,8.473621716870523
MPSZ02,GLSZ05,3,1.5565882826766335,1.8001650707409451,6.356753353417579
MPSZ02,HGSZ06,1,0.7175676980963925,0.0,1.7175676980963925
MPSZ02,KLSZ06,1,0.3804258957523181,0.0,1.380425895752318
MPSZ02,KLSZ09,1,0.08884422230907627,0.0,1.0888442223090762
MPSZ02,MPSZ03,2,2.4687416259067367,2.9506511491961582,7.419392775102895
MPSZ02,ORSZ02,2,0.6053733058210305,0.0,2.6053733058210304
MPSZ02,ORSZ03,1,0.22108528557447135,0.0,1.2210852855744714
MPSZ02,OTSZ03,1,0.45914150139181875,0.0,1.4591415013918188
MPSZ02,PGSZ02,1,0.21314313424480208,0.0,1.213143134244802
MPSZ02,PGSZ04,1,0.5329436280966477,0.0,1.5329436280966477
MPSZ02,PRSZ03,3,0.8810470784569326,0.0,3.8810470784569326
MPSZ02,QTSZ06,1,0.1469905265930833,0.0,1.1469905265930833
MPSZ02,QTSZ08,2,0.5213428170027657,0.0,2.5213428170027656
MPSZ02,QTSZ11,1,0.17028665483551705,0.0,1.170286654835517
MPSZ02,RCSZ10,2,0.19975725535990058,0.0,2.1997572553599007
MPSZ02,SGSZ06,1,0.41070924519248175,0.0,1.4107092451924816
MPSZ02,TMSZ04,3,0.8405013553044535,0.0,3.8405013553044536
MPSZ02,TPSZ03,1,0.13749809196329393,0.0,1.137498091963294
MPSZ02,TPSZ04,1,0.11415661209288214,0.0,1.114156612092882
MPSZ02,YSSZ09,1,0.44552657878666524,0.0,1.4455265787866654
MPSZ03,AMSZ02,1,0.6147592326606413,0.0,1.6147592326606413
MPSZ03,AMSZ04,1,0.14932785460493692,0.0,1.149327854604937
MPSZ03,AMSZ08,1,0.23838987763148278,0.0,1.2383898776314828
MPSZ03,AMSZ10,1,0.4890098388554776,0.0,1.4890098388554776
MPSZ03,BDSZ01,2,1.448097517699653,0.0,3.4480975176996527
MPSZ03,BDSZ03,1,1.3232100496782244,0.0,2.3232100496782246
MPSZ03,BDSZ04,5,2.4836543896681857,0.0,7.483654389668185
MPSZ03,BDSZ05,3,3.8862125211446186,0.5963144465746508,7.482526967719269
MPSZ03,BDSZ06,1,1.8568582323108362,0.0,2.8568582323108362
MPSZ03,BDSZ07,1,1.8578894203972085,0.1930674744586464,3.050956894855855
MPSZ03,BMSZ01,1,0.7544665676485195,0.0,1.7544665676485196
MPSZ03,BMSZ02,1,0.43561174445377066,0.0,1.4356117444537706
MPSZ03,BMSZ05,1,0.5707640419869665,0.0,1.5707640419869664
MPSZ03,BMSZ07,1,0.8914402862407762,0.0,1.8914402862407762
MPSZ03,BMSZ16,1,0.09477871731039042,0.0,1.0947787173103904
MPSZ03,BPSZ03,1,0.4798736467674908,0.0,1.4798736467674907
MPSZ03,BSSZ03,1,0.9650126551546888,0.0,1.965012655154689
MPSZ03,BTSZ01,1,0.6944785733612902,0.0,1.6944785733612902
MPSZ03,BTSZ05,1,0.24425598616340216,0.0,1.2442559861634022
MPSZ03,BTSZ06,1,0.2146341536626745,0.0,1.2146341536626746
MPSZ03,CHSZ03,3,2.126878330079906,0.0,5.126878330079906
MPSZ03,CKSZ03,1,0.501554699645591,0.0,1.5015546996455909
MPSZ03,DTSZ01,3,0.8187697075487254,0.0,3.8187697075487255
MPSZ03,DTSZ03,7,1.319706442437965,0.0,8.319706442437965
MPSZ03,DTSZ05,4,1.239125094900364,0.0,5.2391250949003645
MPSZ03,DTSZ08,3,0.6923603620415395,0.0,3.6923603620415397
MPSZ03,DTSZ09,1,0.20224624676397426,0.0,1.2022462467639743
MPSZ03,DTSZ11,2,0.8097290951226278,0.0,2.809729095122628
MPSZ03,DTSZ12,1,0.3890262467049056,0.0,1.3890262467049057
MPSZ03,GLSZ02,1,0.6228839353136385,0.0,1.6228839353136384
MPSZ03,GLSZ03,2,1.7664923952275686,0.47061093748707494,4.237103332714644
MPSZ03,GLSZ04,1,1.3179588454225362,0.31268126381974215,2.6306401092422784
MPSZ03,GLSZ05,9,4.679179609513836,1.7433093641454451,15.42248897365928
MPSZ03,HGSZ05,1,0.9899535186912458,0.0,1.9899535186912458
MPSZ03,HGSZ07,1,0.5747864880804125,0.0,1.5747864880804125
MPSZ03,KLSZ02,1,0.3913382510586993,0.0,1.3913382510586993
MPSZ03,KLSZ05,1,0.7104133287682664,0.0,1.7104133287682664
MPSZ03,KLSZ09,1,0.2127324237040855,0.0,1.2127324237040855
MPSZ03,MDSZ02,1,0.3440306464271887,0.0,1.3440306464271887
MPSZ03,MPSZ01,1,0.9756591156481542,0.5467498937162877,2.522409009364442
MPSZ03,MPSZ02,2,2.0414672209710734,1.233896189722538,5.275363410693611
MPSZ03,MPSZ03,19,10.163002013105258,29.902095765807303,59.06509777891256
MPSZ03,NVSZ02,2,1.265370500939682,0.0,3.265370500939682
MPSZ03,ORSZ02,2,1.2337407239961051,0.0,3.233740723996105
MPSZ03,OTSZ01,1,0.09005534964498095,0.0,1.090055349644981
MPSZ03,PGSZ03,1,0.6369333636498612,0.0,1.6369333636498613
MPSZ03,PGSZ05,1,0.9535821724624076,0.0,1.9535821724624076
MPSZ03,PLSZ04,1,0.1011543467231199,0.0,1.10115434672312
MPSZ03,PRSZ03,4,1.7567147979050963,0.0,5.756714797905096
MPSZ03,PRSZ05,1,1.409423911101305,0.0,2.409423911101305
MPSZ03,QTSZ02,1,0.37379455386880067,0.0,1.3737945538688008
MPSZ03,QTSZ08,2,0.9510800394333903,0.0,2.95108003943339
MPSZ03,QTSZ11,1,0.6132693760582636,0.0,1.6132693760582635
MPSZ03,QTSZ14,1,0.4964142150992242,0.0,1.4964142150992241
MPSZ03,RCSZ10,1,0.43542798086361245,0.0,1.4354279808636123
MPSZ03,SBSZ01,1,0.5207297376041051,0.0,1.5207297376041051
MPSZ03,SESZ02,1,1.013978757526803,0.0,2.013978757526803
MPSZ03,SESZ06,3,1.672973765464932,0.0,4.672973765464932
MPSZ03,SGSZ07,1,0.27514019392984834,0.0,1.2751401939298483
MPSZ03,SRSZ02,2,0.2697941002494024,0.0,2.2697941002494026
MPSZ03,TMSZ02,1,1.1799594089213428,0.0,2.1799594089213428
MPSZ03,TMSZ03,2,2.2408140528256353,0.0,4.240814052825636
MPSZ03,TMSZ04,1,1.1786689198213427,0.0,2.1786689198213427
MPSZ03,TMSZ05,1,0.8114370009738254,0.0,1.8114370009738254
MPSZ03,TPSZ06,1,1.0179252376539696,0.0,2.0179252376539694
MPSZ03,TPSZ09,1,0.329752745978736,0.0,1.329752745978736
MPSZ03,TPSZ12,1,0.5156008939344788,0.0,1.515600893934479
MPSZ03,YSSZ09,2,1.0742445288267808,0.0,3.074244528826781
MSSZ01,BMSZ01,2,0.1951975898751858,0.0,2.195197589875186
MSSZ01,BPSZ04,1,0.09952838461210528,0.0,1.0995283846121053
MSSZ01,BPSZ05,2,0.12518296098867876,0.0,2.1251829609886785
MSSZ01,DTSZ09,1,0.08355605234055523,0.0,1.0835560523405552
MSSZ01,GLSZ04,1,0.518497889608597,0.0,1.518497889608597
MSSZ01,JWSZ08,1,0.03214683361107819,0.0,1.0321468336110782
MSSZ01,KLSZ02,1,0.0316981264520963,0.0,1.0316981264520964
MSSZ01,ORSZ02,1,0.08802777803190602,0.0,1.088027778031906
MSSZ01,PRSZ03,2,0.2761960746321075,0.0,2.2761960746321073
MSSZ01,QTSZ06,1,0.042821177321499905,0.0,1.0428211773215
MSSZ01,SESZ03,1,0.19586721419647626,0.0,1.1958672141964763
MSSZ01,TMSZ03,1,0.31127991833008134,0.0,1.3112799183300814
MUSZ01,AMSZ01,4,0.33475870680539827,0.0,4.334758706805398
MUSZ01,AMSZ07,1,0.05934046946766644,0.0,1.0593404694676665
MUSZ01,BDSZ01,2,0.20708877105832887,0.0,2.207088771058329
MUSZ01,BDSZ02,2,0.20704130606416246,0.0,2.2070413060641623
MUSZ01,BDSZ04,2,0.33145048876299193,0.0,2.331450488762992
MUSZ01,BDSZ05,1,0.18331798489151208,0.0,1.183317984891512
MUSZ01,BDSZ06,1,0.2578428265924356,0.0,1.2578428265924355
MUSZ01,BKSZ07,2,0.13931153365120708,0.0,2.139311533651207
MUSZ01,BKSZ09,1,0.11134003412364633,0.0,1.1113400341236463
MUSZ01,BMSZ01,3,0.298492838255204,0.0,3.298492838255204
MUSZ01,BMSZ02,1,0.0637652842151335,0.0,1.0637652842151335
MUSZ01,BMSZ03,1,0.162910934501834,0.20582722697265485,1.368738161474489
MUSZ01,BMSZ04,1,0.12406088026560155,0.23219179605926243,1.3562526763248641
MUSZ01,BMSZ06,1,0.20926826838988108,2.318194960442625,3.527463228832506
MUSZ01,BMSZ09,2,0.14641086059489652,0.27816002532712014,2.4245708859220167
MUSZ01,BMSZ16,1,0.02564069208859169,0.08801011241336208,1.1136508045019538
MUSZ01,BMSZ17,1,0.06352595284051285,0.0,1.0635259528405128
MUSZ01,BPSZ03,2,0.07413170611783447,0.0,2.0741317061178344
MUSZ01,BPSZ04,3,0.16584046609438735,0.0,3.1658404660943873
MUSZ01,BPSZ05,1,0.1182357156451056,0.0,1.1182357156451057
MUSZ01,BSSZ02,1,0.14269561193136085,0.0,1.142695611931361
MUSZ01,BSSZ03,1,0.14627924595112976,0.0,1.1462792459511297
MUSZ01,BTSZ04,1,0.13393536504978948,0.0,1.1339353650497894
MUSZ01,CHSZ03,1,0.259406508929072,0.0,1.259406508929072
MUSZ01,CKSZ03,1,0.16757908009164718,0.0,1.1675790800916472
MUSZ01,CLSZ03,1,0.1578366317978147,0.0,1.1578366317978146
MUSZ01,CLSZ04,2,0.1554258160442737,0.0,2.1554258160442736
MUSZ01,DTSZ01,4,0.11303505283769298,0.9104096865350599,5.023444739372753
MUSZ01,DTSZ05,4,0.11303730418454234,1.901632619734058,6.014669923918601
MUSZ01,DTSZ09,1,0.053848635592966904,0.11695557066256183,1.1708042062555286
MUSZ01,GLSZ02,1,0.07413225517878914,0.0,1.074132255178789
MUSZ01,GLSZ04,3,0.49059093534779413,0.0,3.490590935347794
MUSZ01,HGSZ01,3,0.13803932677744832,0.0,3.1380393267774482
MUSZ01,HGSZ02,1,0.12048381130444458,0.0,1.1204838113044446
MUSZ01,HGSZ04,1,0.10507377550680765,0.0,1.1050737755068076
MUSZ01,HGSZ06,4,0.4402410729069439,0.0,4.440241072906944
MUSZ01,HGSZ07,1,0.15932934730723505,0.0,1.159329347307235
MUSZ01,JWSZ04,2,0.31300485708581943,0.0,2.3130048570858195
MUSZ01,JWSZ08,1,0.19310167004277368,0.0,1.1931016700427737
MUSZ01,JWSZ09,1,0.18405767002293086,0.0,1.1840576700229308
MUSZ01,KLSZ01,3,0.23571930150548398,0.893204792544649,4.1289240940501335
MUSZ01,KLSZ06,2,0.292133840112253,0.8995875658051438,3.191721405917397
MUSZ01,KLSZ07,2,0.23705591083500233,0.30290371129838123,2.5399596221333836
MUSZ01,MDSZ03,1,0.0,0.0,1.0
MUSZ01,MPSZ01,1,0.05062489840449696,0.0,1.050624898404497
MUSZ01,MPSZ03,2,0.2716354751082478,0.0,2.2716354751082477
MUSZ01,MUSZ03,1,0.22875814189539526,0.3956159237694665,1.6243740656648618
MUSZ01,NVSZ02,1,0.27198740725621956,0.5467308410798972,1.8187182483361168
MUSZ01,ORSZ02,2,0.2751933962844877,0.708450830863005,2.9836442271474928
MUSZ01,ORSZ03,1,0.057905655817027196,0.7883081635016561,1.8462138193186832
MUSZ01,OTSZ03,3,0.23751566133574206,1.1051841441788324,4.342699805514574
MUSZ01,OTSZ04,1,0.03489792878758753,0.14700597303009383,1.1819039018176813
MUSZ01,PGSZ01,1,0.08378417074569275,0.0,1.0837841707456928
MUSZ01,PGSZ02,2,0.1564237465604314,0.0,2.1564237465604315
MUSZ01,PGSZ03,5,0.13730091235984074,0.0,5.137300912359841
MUSZ01,PGSZ04,4,0.1373121131135384,0.0,4.137312113113539
MUSZ01,PGSZ05,1,0.11778069949803638,0.0,1.1177806994980364
MUSZ01,PNSZ02,1,0.0,0.0,1.0
MUSZ01,PRSZ04,1,0.0804189206510857,0.0,1.0804189206510857
MUSZ01,PRSZ05,4,0.3407295077679707,0.0,4.34072950776797
MUSZ01,QTSZ05,3,0.24064139975254956,0.0,3.2406413997525494
MUSZ01,QTSZ10,1,0.11401288011772855,0.0,1.1140128801177285
MUSZ01,RCSZ01,3,0.11875533067501523,1.2553342942151573,4.374089624890172
MUSZ01,RCSZ02,1,0.002426975426276081,0.20437846104559065,1.2068054364718668
MUSZ01,RCSZ09,1,0.016195276130746596,0.10002845734527953,1.116223733476026
MUSZ01,SBSZ01,1,0.10735868679642847,0.0,1.1073586867964285
MUSZ01,SBSZ03,3,0.21219300271732125,0.0,3.212193002717321
MUSZ01,SBSZ04,1,0.1361338359047104,0.0,1.1361338359047104
MUSZ01,SESZ02,3,0.29765172242106097,0.0,3.297651722421061
MUSZ01,SESZ03,4,0.2929568393631276,0.0,4.292956839363128
MUSZ01,SESZ04,1,0.19794793571481292,0.0,1.1979479357148128
MUSZ01,SESZ05,1,0.09677421894735232,0.0,1.0967742189473524
MUSZ01,SESZ06,1,0.1874432942865058,0.0,1.1874432942865059
MUSZ01,SGSZ04,2,0.2690975290015177,0.0,2.2690975290015176
MUSZ01,SGSZ06,1,0.15467637800722428,0.0,1.1546763780072242
MUSZ01,SRSZ01,4,0.12514366805719512,0.6013401700527241,4.726483838109919
MUSZ01,SRSZ03,1,0.05527254936861171,0.0,1.0552725493686117
MUSZ01,TMSZ01,2,0.33259312359672516,0.0,2.332593123596725
MUSZ01,TMSZ03,1,0.23794512209812702,0.0,1.237945122098127
MUSZ01,TMSZ04,1,0.13514528484479468,0.0,1.1351452848447947
MUSZ01,TNSZ01,1,0.13674666526776058,0.0,1.1367466652677605
MUSZ01,TPSZ02,2,0.23422132403812124,0.0,2.2342213240381215
MUSZ01,TPSZ03,2,0.07966056922924257,0.0,2.0796605692292425
MUSZ01,TPSZ04,1,0.0688396364421224,0.0,1.0688396364421224
MUSZ01,TPSZ06,2,0.1115889167496255,0.0,2.1115889167496253
MUSZ01,TPSZ09,1,0.09116424314032359,0.0,1.0911642431403237
MUSZ01,TPSZ12,1,0.060451822322979486,0.0,1.0604518223229795
MUSZ01,WDSZ04,2,0.2006163785510309,0.0,2.200616378551031
MUSZ01,WDSZ05,1,0.11496522343263574,0.0,1.1149652234326357
MUSZ01,WDSZ06,1,0.14566348711469324,0.0,1.1456634871146933
MUSZ01,YSSZ06,1,0.02580983612458702,0.0,1.025809836124587
MUSZ01,YSSZ08,1,0.029272184572770785,0.0,1.0292721845727708
MUSZ01,YSSZ09,1,0.17854727743170454,0.0,1.1785472774317045
MUSZ02,AMSZ05,1,0.0,0.0,1.0
MUSZ02,BPSZ01,1,0.0,0.0,1.0
MUSZ02,GLSZ05,1,0.0,0.0,1.0
MUSZ02,KLSZ01,1,0.0,0.0,1.0
MUSZ02,KLSZ03,1,0.0,0.0,1.0
MUSZ02,PGSZ01,1,0.0,0.0,1.0
MUSZ02,RCSZ01,1,0.0,0.0,1.0
MUSZ02,SBSZ04,1,0.0,0.0,1.0
MUSZ02,SESZ02,1,0.0,0.0,1.0
MUSZ02,TMSZ03,1,0.0,0.0,1.0
MUSZ02,TMSZ04,1,0.0,0.0,1.0
MUSZ03,AMSZ03,1,0.03898724850331793,0.0,1.038987248503318
MUSZ03,AMSZ05,1,0.0843697527387966,0.0,1.0843697527387965
MUSZ03,BDSZ01,2,0.09829068569545374,0.0,2.0982906856954537
MUSZ03,BDSZ02,4,0.15981844524534197,0.0,4.159818445245342
MUSZ03,BDSZ04,3,0.2584720520359781,0.0,3.258472052035978
MUSZ03,BDSZ05,3,0.1836221037014631,0.0,3.183622103701463
MUSZ03,BDSZ06,1,0.13218570674077054,0.0,1.1321857067407706
MUSZ03,BMSZ06,1,0.07178329649260154,0.09872306248472441,1.170506358977326
MUSZ03,BMSZ09,1,0.03114690531877435,0.029367211347714788,1.060514116666489
MUSZ03,BMSZ10,2,0.07247201024826244,0.0,2.0724720102482626
MUSZ03,BPSZ01,1,0.017678424492421206,0.0,1.0176784244924213
MUSZ03,BPSZ03,1,0.028830504355091137,0.0,1.0288305043550912
MUSZ03,BPSZ05,1,0.06943564960364106,0.0,1.069435649603641
MUSZ03,BTSZ04,1,0.09159821443033982,0.0,1.0915982144303398
MUSZ03,CKSZ03,1,0.07885686541724064,0.0,1.0788568654172406
MUSZ03,CKSZ06,2,0.07603100218108881,0.0,2.0760310021810886
MUSZ03,CLSZ02,1,0.046250168019519255,0.0,1.0462501680195193
MUSZ03,CLSZ04,2,0.09043825881658882,0.0,2.090438258816589
MUSZ03,CLSZ08,1,0.07615779224850289,0.0,1.0761577922485028
MUSZ03,DTSZ03,1,0.06667513232076579,0.4294953839195078,1.4961705162402734
MUSZ03,DTSZ12,1,0.04117015258490124,0.20997230056597255,1.251142453150874
MUSZ03,GLSZ01,1,0.06030092729736356,0.0,1.0603009272973636
MUSZ03,GLSZ02,1,0.04817618717028395,0.0,1.048176187170284
MUSZ03,GLSZ03,1,0.05358312403110203,0.0,1.053583124031102
MUSZ03,HGSZ02,3,0.10431027145866052,0.0,3.1043102714586603
MUSZ03,HGSZ04,2,0.07224341961496712,0.0,2.072243419614967
MUSZ03,JESZ01,2,0.05811171653569938,0.0,2.0581117165356995
MUSZ03,JESZ02,1,0.006101704249821237,0.0,1.0061017042498213
MUSZ03,JWSZ02,1,0.04887739313174214,0.0,1.048877393131742
MUSZ03,JWSZ04,2,0.15849913088882828,0.0,2.158499130888828
MUSZ03,JWSZ08,1,0.07318361332812738,0.0,1.0731836133281274
MUSZ03,KLSZ01,1,0.12383587415432769,0.4613010390399928,1.5851369131943205
MUSZ03,KLSZ03,1,0.01357278453390544,0.028834771285432204,1.0424075558193377
MUSZ03,KLSZ06,2,0.1561397934453965,0.9346603567150541,3.0908001501604505
MUSZ03,MUSZ01,1,0.06443922864092187,0.45640104197344256,1.5208402706143644
MUSZ03,NVSZ02,1,0.08924722283867212,0.4036404135088561,1.492887636347528
MUSZ03,ORSZ03,1,0.03182145542437815,0.8591912712714931,1.8910127266958712
MUSZ03,PGSZ02,1,0.04260054249286433,0.0,1.0426005424928644
MUSZ03,PGSZ03,1,0.038176950414044244,0.0,1.0381769504140443
MUSZ03,PGSZ04,1,0.04978571439643768,0.0,1.0497857143964378
MUSZ03,PRSZ02,3,0.02379978548042788,0.0,3.0237997854804277
MUSZ03,PRSZ03,1,0.13191437081962218,0.0,1.1319143708196222
MUSZ03,PRSZ08,2,0.03038589930680006,0.0,2.0303858993068
MUSZ03,QTSZ01,2,0.06751180435206525,0.0,2.067511804352065
MUSZ03,QTSZ05,2,0.09489208395422072,0.0,2.0948920839542207
MUSZ03,QTSZ06,1,0.036846383337288645,0.0,1.0368463833372887
MUSZ03,QTSZ10,1,0.058208057544427545,0.0,1.0582080575444275
MUSZ03,QTSZ11,1,0.04527994192477364,0.0,1.0452799419247736
MUSZ03,SBSZ05,1,0.0011693624589033487,0.0,1.0011693624589033
MUSZ03,SESZ02,1,0.05774601964216195,0.0,1.057746019642162
MUSZ03,SESZ05,1,0.055751158817433887,0.0,1.055751158817434
MUSZ03,SGSZ03,1,0.04743671361736752,0.0,1.0474367136173675
MUSZ03,SGSZ04,1,0.10724783609317648,0.0,1.1072478360931766
MUSZ03,SGSZ07,1,0.04042458244349715,0.0,1.0404245824434972
MUSZ03,SISZ01,1,0.043261721755480306,0.0,1.0432617217554803
MUSZ03,TMSZ02,3,0.18917942181991282,0.0,3.189179421819913
MUSZ03,TMSZ03,4,0.3313869731945376,0.0,4.331386973194538
MUSZ03,TNSZ02,1,0.031889814083383754,0.08825883547448059,1.1201486495578643
MUSZ03,TPSZ03,1,0.01863818193843162,0.0,1.0186381819384316
MUSZ03,TPSZ06,1,0.054685266827865314,0.0,1.0546852668278652
MUSZ03,TPSZ11,2,0.11007506696234294,0.0,2.110075066962343
MUSZ03,WDSZ03,5,0.18122979737075215,0.0,5.181229797370752
MUSZ03,YSSZ03,2,0.13376233101681073,0.0,2.133762331016811
NTSZ01,HGSZ05,1,0.0,0.0,1.0
NTSZ02,BTSZ06,1,0.11442004420489887,0.0,1.1144200442048988
NTSZ02,DTSZ05,1,0.22561276945415523,0.0,1.2256127694541552
NTSZ02,DTSZ08,1,0.3898344420755445,0.0,1.3898344420755446
NTSZ02,RCSZ10,1,0.15017153289260268,0.0,1.1501715328926028
NTSZ02,SRSZ02,1,0.11996121137282267,0.0,1.1199612113728228
NTSZ03,AMSZ01,1,0.13674231954227903,0.0,1.136742319542279
NTSZ03,AMSZ02,2,0.12843843971516322,0.0,2.128438439715163
NTSZ03,AMSZ04,1,0.03775461356234815,0.0,1.037754613562348
NTSZ03,AMSZ05,1,0.11762543300677615,0.0,1.117625433006776
NTSZ03,AMSZ09,1,0.05848894780811912,0.0,1.0584889478081192
NTSZ03,AMSZ10,1,0.09165831383386992,0.0,1.09165831383387
NTSZ03,BDSZ02,1,0.12846340847974547,0.0,1.1284634084797456
NTSZ03,BDSZ05,1,0.192316645315981,0.0,1.192316645315981
NTSZ03,BKSZ02,1,0.058417609670024816,0.0,1.0584176096700249
NTSZ03,BKSZ05,1,0.1535477046586836,0.0,1.1535477046586835
NTSZ03,BKSZ07,1,0.1313089000035355,0.0,1.1313089000035355
NTSZ03,BMSZ06,1,0.18426551156387203,0.06106153709527698,1.245327048659149
NTSZ03,BMSZ10,1,0.06052793259319334,0.0,1.0605279325931933
NTSZ03,BPSZ01,1,0.042739755718483395,0.0,1.0427397557184834
NTSZ03,BPSZ02,2,0.05714909468073364,0.0,2.057149094680734
NTSZ03,BPSZ05,1,0.1424724803127004,0.0,1.1424724803127004
NTSZ03,BPSZ07,1,0.01970597872777089,0.0,1.019705978727771
NTSZ03,BSSZ03,1,0.10598030040516707,0.0,1.1059803004051671
NTSZ03,BTSZ03,1,0.04085255311732663,0.0,1.0408525531173267
NTSZ03,BTSZ07,1,0.07136242323067943,0.0,1.0713624232306795
NTSZ03,CKSZ01,1,0.1652781848272165,0.0,1.1652781848272165
NTSZ03,CKSZ02,1,0.11779034534215918,0.0,1.1177903453421592
NTSZ03,CKSZ06,1,0.11181139695552314,0.0,1.1118113969555232
NTSZ03,CLSZ03,1,0.18232968373848416,0.0,1.1823296837384842
NTSZ03,DTSZ08,1,0.08646743805335494,0.0,1.086467438053355
NTSZ03,DTSZ09,1,0.03197642931301123,0.0,1.0319764293130111
NTSZ03,GLSZ04,1,0.23753701580598058,0.0,1.2375370158059806
NTSZ03,HGSZ02,2,0.22924241856051525,0.0,2.2292424185605153
NTSZ03,JWSZ04,1,0.17473052583139595,0.0,1.174730525831396
NTSZ03,MUSZ03,1,0.0,0.22231426084999914,1.222314260849999
NTSZ03,NVSZ02,2,0.3453007998472547,0.5573406769191649,2.9026414767664193
NTSZ03,ORSZ02,9,0.5528851497700552,1.0669586406932785,10.619843790463335
NTSZ03,ORSZ03,2,0.10220100229094521,0.472807287359145,2.57500828965009
NTSZ03,PGSZ05,3,0.22391288433797407,0.0,3.223912884337974
NTSZ03,PRSZ02,1,0.1271656534950934,0.0,1.1271656534950933
NTSZ03,PRSZ03,5,0.41564492762012545,0.0,5.415644927620125
NTSZ03,PRSZ05,1,0.1673508692756254,0.0,1.1673508692756254
NTSZ03,QTSZ06,1,0.08862753487407239,0.0,1.0886275348740724
NTSZ03,RCSZ01,2,0.09714999216251059,0.0,2.0971499921625107
NTSZ03,RCSZ10,1,0.03926091777532576,0.07523337114109811,1.114494288916424
NTSZ03,SBSZ01,1,0.121513812459245,0.0,1.121513812459245
NTSZ03,SESZ02,2,0.23292292319308222,0.0,2.2329229231930823
NTSZ03,SESZ03,2,0.26334935146870514,0.0,2.263349351468705
NTSZ03,SESZ04,1,0.2246951386425345,0.0,1.2246951386425344
NTSZ03,SESZ05,2,0.12168042896330052,0.0,2.1216804289633004
NTSZ03,SESZ06,1,0.20562347363500175,0.0,1.2056234736350018
NTSZ03,SGSZ04,1,0.20349554413977838,0.0,1.2034955441397783
NTSZ03,SGSZ07,2,0.38943074293304375,0.0,2.389430742933044
NTSZ03,SRSZ03,1,0.06068907627104088,0.27368282303749725,1.334371899308538
NTSZ03,TMSZ01,1,0.1849908074841666,0.0,1.1849908074841666
NTSZ03,TMSZ02,3,0.34206473091164813,0.0,3.3420647309116482
NTSZ03,TNSZ02,1,0.04632723864779978,0.023297266456256016,1.0696245051040558
NTSZ03,TPSZ02,1,0.1573503661610103,0.24718838010299354,1.4045387462640038
NTSZ03,TPSZ09,1,0.05576862431945286,0.0,1.0557686243194528
NTSZ03,TPSZ12,1,0.05948445129909721,0.0,1.0594844512990973
NTSZ03,WDSZ02,1,0.10714392943054415,0.0,1.107143929430544
NTSZ03,WDSZ03,2,0.2640120014676665,0.0,2.2640120014676666
NTSZ03,YSSZ03,2,0.2396512249072493,0.0,2.239651224907249
NTSZ03,YSSZ09,2,0.2633245978430514,0.0,2.2633245978430514
NTSZ05,BMSZ06,1,0.0,0.0,1.0
NTSZ05,BPSZ03,1,0.0,0.0,1.0
NTSZ05,BPSZ04,1,0.0,0.0,1.0
NTSZ05,DTSZ11,1,0.0,0.0,1.0
NTSZ05,GLSZ04,2,0.0,0.0,2.0
NTSZ05,JWSZ09,1,0.0,0.0,1.0
NTSZ05,NVSZ01,1,0.0,0.0,1.0
NTSZ05,ORSZ02,1,0.0,0.0,1.0
NTSZ05,PGSZ04,1,0.0,0.0,1.0
NTSZ05,PGSZ05,1,0.0,0.0,1.0
NTSZ05,YSSZ03,1,0.0,0.0,1.0
NVSZ01,AMSZ01,1,1.253361580537156,0.0,2.253361580537156
NVSZ01,AMSZ03,1,0.8435331370442335,0.0,1.8435331370442336
NVSZ01,AMSZ10,1,0.5427698153032281,0.0,1.542769815303228
NVSZ01,BDSZ04,1,0.9317109363944931,0.0,1.931710936394493
NVSZ01,BDSZ05,1,1.1068339673610519,0.0,2.1068339673610517
NVSZ01,BDSZ06,1,1.5670722104414727,0.0,2.5670722104414727
NVSZ01,BKSZ03,1,0.8757739463044735,0.0,1.8757739463044736
NVSZ01,BKSZ04,1,0.32745545134165527,0.0,1.3274554513416552
NVSZ01,BMSZ05,1,0.8780599828482286,0.0,1.8780599828482285
NVSZ01,BMSZ07,1,1.2767694681958257,0.0,2.276769468195826
NVSZ01,BMSZ15,1,0.33478470646077907,0.0,1.3347847064607792
NVSZ01,BMSZ16,1,0.12343292628728421,0.0,1.1234329262872842
NVSZ01,BMSZ17,1,0.3681141250118401,0.0,1.36811412501184
NVSZ01,BPSZ04,1,0.657638017222877,0.0,1.6576380172228768
NVSZ01,BSSZ01,6,3.302860379623923,0.0,9.302860379623922
NVSZ01,BTSZ01,1,0.8384903453578407,0.0,1.8384903453578407
NVSZ01,CLSZ04,1,0.6093018380136203,0.0,1.6093018380136201
NVSZ01,DTSZ01,2,0.7367894177485007,0.005893186693098046,2.742682604441599
NVSZ01,DTSZ02,1,0.8997334574260504,0.0,1.8997334574260503
NVSZ01,DTSZ03,1,1.065605994439187,0.0,2.0656059944391867
NVSZ01,DTSZ05,4,2.7495645165714016,0.0,6.749564516571402
NVSZ01,DTSZ06,1,0.12010499750802281,0.0,1.1201049975080228
NVSZ01,DTSZ08,2,0.7655584072731074,0.0,2.765558407273107
NVSZ01,DTSZ09,1,0.21417668057900863,0.0,1.2141766805790086
NVSZ01,DTSZ11,4,1.1292355581291653,0.0,5.1292355581291655
NVSZ01,GLSZ02,1,0.6973603504155723,0.0,1.6973603504155723
NVSZ01,GLSZ03,1,1.0927975353086157,0.0,2.0927975353086157
NVSZ01,GLSZ04,1,1.5393117590018603,0.0,2.53931175900186
NVSZ01,GLSZ05,1,1.648436726920213,0.0,2.648436726920213
NVSZ01,HGSZ05,1,1.159992630724114,0.0,2.1599926307241137
NVSZ01,HGSZ06,2,2.037949940761883,0.0,4.037949940761883
NVSZ01,HGSZ07,1,0.7041064242600101,0.0,1.7041064242600101
NVSZ01,HGSZ08,1,0.7832705237663422,0.0,1.7832705237663422
NVSZ01,KLSZ01,5,2.361719432575675,1.8845444986534277,9.246263931229104
NVSZ01,KLSZ03,2,0.5319504335426345,0.12966630363689455,2.661616737179529
NVSZ01,KLSZ05,2,0.6405655077447331,0.0,2.640565507744733
NVSZ01,KLSZ06,6,1.789324563393862,0.0,7.789324563393862
NVSZ01,KLSZ07,4,2.2436308998044017,0.8199491103918082,7.063580010196209
NVSZ01,KLSZ08,3,1.2636452241864284,0.49625259327764387,4.759897817464072
NVSZ01,KLSZ09,1,0.2510561345481557,0.1086208903746868,1.3596770249228425
NVSZ01,MUSZ01,1,0.3478371774716314,0.10797310627827454,1.4558102837499058
NVSZ01,NTSZ03,2,0.32404080596010626,0.40201674785966807,2.7260575538197744
NVSZ01,NVSZ01,14,10.745172797373083,30.354854725665348,55.100027523038435
NVSZ01,NVSZ02,6,2.2539603828085952,2.9285226018970167,11.182482984705612
NVSZ01,ORSZ02,5,1.2320741238665036,0.3809112950988529,6.612985418965357
NVSZ01,ORSZ03,4,0.7941388919932478,0.5879515648408684,5.382090456834116
NVSZ01,OTSZ03,2,1.5885636666264966,0.0,3.588563666626497
NVSZ01,OTSZ04,1,0.19787609576352191,0.0,1.197876095763522
NVSZ01,PGSZ02,1,0.6599068572649524,0.0,1.6599068572649522
NVSZ01,PGSZ03,1,0.7759583778030474,0.0,1.7759583778030474
NVSZ01,PGSZ04,1,1.207433490360615,0.0,2.207433490360615
NVSZ01,PRSZ03,1,0.8375033485574319,0.0,1.837503348557432
NVSZ01,QTSZ08,1,0.8887446598389263,0.0,1.8887446598389261
NVSZ01,QTSZ11,1,0.891311810348995,0.0,1.891311810348995
NVSZ01,QTSZ13,2,0.734197238156945,0.0,2.734197238156945
NVSZ01,QTSZ14,2,0.8205930146300764,0.0,2.8205930146300764
NVSZ01,RCSZ01,1,0.606071436677183,0.026200147309833874,1.6322715839870168
NVSZ01,RCSZ05,1,0.19533872731891944,0.4636933074598753,1.6590320347787946
NVSZ01,RCSZ06,1,0.0,0.0,1.0
NVSZ01,RCSZ09,5,0.7358978400199819,0.2825675265009286,6.0184653665209105
NVSZ01,RCSZ10,1,0.6337092639788209,0.031683644174832985,1.6653929081536538
NVSZ01,SBSZ03,1,0.7719787346028305,0.0,1.7719787346028304
NVSZ01,SBSZ04,1,0.6724793608905879,0.0,1.672479360890588
NVSZ01,SESZ02,1,1.068778664121161,0.0,2.0687786641211607
NVSZ01,SESZ03,3,1.598354377098048,0.0,4.5983543770980475
NVSZ01,SESZ05,2,0.9224594036012114,0.0,2.9224594036012115
NVSZ01,SESZ06,2,2.372662217092836,0.0,4.372662217092836
NVSZ01,SGSZ03,1,0.8689263515663733,0.0,1.8689263515663734
NVSZ01,SGSZ06,2,1.20113065993177,0.0,3.2011306599317697
NVSZ01,SRSZ03,1,0.45984291841067343,0.0,1.4598429184106734
NVSZ01,TMSZ03,1,1.2815035367457177,0.0,2.281503536745718
NVSZ01,TMSZ04,2,1.2209770368888382,0.0,3.220977036888838
NVSZ01,TMSZ05,2,1.0466968229090396,0.0,3.0466968229090394
NVSZ01,TPSZ01,1,1.2215519410146543,0.37386121556030877,2.5954131565749634
NVSZ01,TPSZ02,3,2.4515448361491927,3.667753584355885,9.119298420505078
NVSZ01,TPSZ03,2,1.018627520683598,0.5105351191925737,3.5291626398761715
NVSZ01,TPSZ06,6,1.5140454279894018,1.7953447473958395,9.309390175385241
NVSZ01,TPSZ07,1,0.573864009369723,0.5373894591978208,2.111253468567544
NVSZ01,TPSZ09,1,0.8306351554567061,0.10207404171633871,1.932709197173045
NVSZ01,WCSZ01,2,0.9196999365913835,0.0,2.9196999365913836
NVSZ01,WDSZ02,1,0.796403472135292,0.0,1.796403472135292
NVSZ01,WDSZ03,2,1.164840983358724,0.0,3.164840983358724
NVSZ01,WDSZ07,1,0.0676492962664064,0.0,1.0676492962664064
NVSZ01,YSSZ01,1,0.7703753642843773,0.0,1.7703753642843774
NVSZ01,YSSZ02,1,0.4611251789495921,0.0,1.461125178949592
NVSZ01,YSSZ03,1,1.0211661537492718,0.0,2.021166153749272
NVSZ01,YSSZ04,1,0.8027974643631172,0.0,1.8027974643631173
NVSZ01,YSSZ05,1,0.36009559691677917,0.0,1.3600955969167792
NVSZ01,YSSZ09,2,0.8056076216830497,0.0,2.8056076216830497
NVSZ02,AMSZ01,5,1.2162002751915482,0.0,6.216200275191548
NVSZ02,AMSZ02,1,0.5049837757532336,0.0,1.5049837757532336
NVSZ02,AMSZ03,3,0.5618471633548143,0.0,3.5618471633548143
NVSZ02,AMSZ04,3,0.3038689818532601,0.0,3.30386898185326
NVSZ02,AMSZ05,1,0.3913341693391128,0.0,1.3913341693391128
NVSZ02,AMSZ06,2,0.6707292926017717,0.0,2.670729292601772
NVSZ02,AMSZ09,3,0.4962279087835877,0.0,3.4962279087835877
NVSZ02,AMSZ10,1,0.2996624785187985,0.0,1.2996624785187985
NVSZ02,BDSZ02,1,0.7087706324091854,0.0,1.7087706324091854
NVSZ02,BDSZ03,1,0.7270667355428294,0.0,1.7270667355428295
NVSZ02,BDSZ04,3,1.3878273166501787,0.0,4.387827316650179
NVSZ02,BDSZ06,3,2.5244326174516316,0.0,5.524432617451632
NVSZ02,BKSZ05,1,0.7062751285203621,0.0,1.7062751285203621
NVSZ02,BKSZ07,1,0.6021649093961734,0.0,1.6021649093961734
NVSZ02,BKSZ08,2,0.1148638716685191,0.0,2.1148638716685193
NVSZ02,BMSZ04,1,0.26741946197561334,0.0,1.2674194619756134
NVSZ02,BMSZ06,4,1.4532755286263357,0.0,5.453275528626335
NVSZ02,BMSZ08,3,0.4411358298133699,0.0,3.44113582981337
NVSZ02,BMSZ09,1,0.20241930236220343,0.030854897607162722,1.2332741999693662
NVSZ02,BMSZ11,1,0.34051024248743794,0.0,1.340510242487438
NVSZ02,BMSZ14,2,0.3647492382000112,0.0,2.364749238200011
NVSZ02,BPSZ01,1,0.24709783125858528,0.0,1.2470978312585852
NVSZ02,BPSZ02,1,0.16810172632937403,0.0,1.168101726329374
NVSZ02,BPSZ03,1,0.37177287554121696,0.0,1.3717728755412169
NVSZ02,BPSZ04,1,0.37478699340895294,0.0,1.374786993408953
NVSZ02,BPSZ05,3,0.5241423963439986,0.0,3.524142396343999
NVSZ02,BSSZ01,6,1.9391709369975667,0.0,7.9391709369975665
NVSZ02,BSSZ02,5,1.56264205421014,0.0,6.56264205421014
NVSZ02,BSSZ03,9,1.459288421927879,0.0,10.459288421927878
NVSZ02,BTSZ01,5,1.1356314159472758,0.0,6.135631415947276
NVSZ02,BTSZ03,2,0.468454704873822,0.0,2.468454704873822
NVSZ02,BTSZ06,1,0.1743556944876667,0.0,1.1743556944876667
NVSZ02,CKSZ01,1,0.3517697813971974,0.0,1.3517697813971974
NVSZ02,CKSZ02,1,0.6149727257460907,0.0,1.6149727257460906
NVSZ02,CKSZ03,2,0.7772891277108941,0.0,2.777289127710894
NVSZ02,CKSZ05,2,0.33094859631351586,0.0,2.3309485963135157
NVSZ02,CKSZ06,3,0.4664937220012866,0.0,3.4664937220012866
NVSZ02,CLSZ03,2,0.5591646043419931,0.0,2.5591646043419933
NVSZ02,CLSZ04,4,1.5825747363103406,0.0,5.582574736310341
NVSZ02,DTSZ01,2,0.7455311017865471,1.0682946458928861,3.813825747679433
NVSZ02,DTSZ02,2,0.780840779559221,1.875340712504917,4.656181492064138
NVSZ02,DTSZ03,2,1.0858655879036139,0.8544731996188843,3.9403387875224984
NVSZ02,DTSZ05,1,0.580002919426964,0.0,1.580002919426964
NVSZ02,DTSZ08,1,0.48436960811386154,0.0,1.4843696081138615
NVSZ02,DTSZ09,1,0.14779237838829298,0.0,1.147792378388293
NVSZ02,DTSZ12,1,0.27401275198934394,0.0,1.274012751989344
NVSZ02,GLSZ02,1,0.4198520914484761,0.0,1.419852091448476
NVSZ02,GLSZ03,2,0.8898407508704363,0.0,2.8898407508704365
NVSZ02,GLSZ04,5,2.3679398405371272,0.0,7.367939840537128
NVSZ02,GLSZ05,2,1.254765384879818,0.0,3.2547653848798177
NVSZ02,HGSZ01,1,0.3878796150590054,0.0,1.3878796150590054
NVSZ02,HGSZ02,3,1.1351330582275492,0.0,4.135133058227549
NVSZ02,HGSZ03,2,0.6778976454067285,0.0,2.6778976454067287
NVSZ02,HGSZ04,2,0.9830810154424654,0.0,2.9830810154424654
NVSZ02,HGSZ05,2,1.373753913697841,0.0,3.3737539136978407
NVSZ02,HGSZ06,2,1.3959129474027974,0.0,3.395912947402797
NVSZ02,HGSZ07,1,0.47090998745369517,0.0,1.470909987453695
NVSZ02,HGSZ08,1,0.5633597173157179,0.0,1.5633597173157179
NVSZ02,JESZ03,2,0.8203039092135391,0.0,2.820303909213539
NVSZ02,JESZ05,1,0.6444515627200019,0.0,1.6444515627200018
NVSZ02,JWSZ03,2,0.6021546672569924,0.0,2.6021546672569924
NVSZ02,JWSZ04,1,0.6377725068551283,0.0,1.6377725068551283
NVSZ02,JWSZ08,2,1.307126960327363,0.0,3.3071269603273628
NVSZ02,KLSZ01,1,0.838208971871784,0.22605546770004512,2.0642644395718293
NVSZ02,KLSZ03,3,0.15700636166155782,0.16258418964432095,3.319590551305879
NVSZ02,KLSZ05,1,0.37854145025241,0.0,1.37854145025241
NVSZ02,KLSZ06,5,1.173897252375664,0.7785063982805243,6.952403650656188
NVSZ02,KLSZ07,3,1.8522010098888735,0.7428203362016265,5.5950213460905
NVSZ02,KLSZ08,2,0.8174568820920446,1.0178548936018565,3.835311775693901
NVSZ02,KLSZ09,1,0.12455877979728737,0.07830851581231198,1.2028672956095994
NVSZ02,MPSZ03,1,0.7808286900929009,0.0,1.780828690092901
NVSZ02,MUSZ01,2,0.22646095198040656,0.9618258270565956,3.1882867790370018
NVSZ02,MUSZ03,2,0.10737630048824266,0.23859525678398255,2.3459715572722253
NVSZ02,NTSZ03,1,0.39156580389987605,0.14346302642166261,1.5350288303215385
NVSZ02,NVSZ01,4,2.359675681959963,1.1505872566014417,7.5102629385614055
NVSZ02,NVSZ02,2,2.4634413860072626,58.643178896615595,63.106620282622856
NVSZ02,NVSZ04,1,0.2787959994744229,0.0,1.278795999474423
NVSZ02,ORSZ02,3,0.9789724790234748,1.216887576378266,5.195860055401741
NVSZ02,ORSZ03,3,0.6657025942845082,2.120658096145478,5.786360690429986
NVSZ02,OTSZ03,4,1.1522456724311791,0.0,5.152245672431179
NVSZ02,PGSZ02,2,0.5514162494239719,0.0,2.551416249423972
NVSZ02,PGSZ04,3,1.2695544277898156,0.0,4.269554427789815
NVSZ02,PGSZ05,3,1.1056416021408182,0.0,4.105641602140818
NVSZ02,PRSZ02,1,0.6743720850046998,0.0,1.6743720850046997
NVSZ02,PRSZ03,4,1.403939764701292,0.0,5.403939764701292
NVSZ02,PRSZ08,1,0.24343936498710586,0.0,1.2434393649871058
NVSZ02,QTSZ03,1,0.22065126990416156,0.0,1.2206512699041616
NVSZ02,QTSZ05,1,0.4744508348367411,0.0,1.474450834836741
NVSZ02,QTSZ08,1,0.661075091644015,0.0,1.661075091644015
NVSZ02,QTSZ10,2,0.5478179843739202,0.0,2.5478179843739204
NVSZ02,RCSZ01,2,0.45093561874521254,0.07444174713010904,2.525377365875322
NVSZ02,RCSZ09,1,0.25739282542798014,0.05322043604198038,1.3106132614699604
NVSZ02,RCSZ10,1,0.4180699069734044,0.0,1.4180699069734044
NVSZ02,SBSZ01,3,0.6143760149202439,0.0,3.6143760149202437
NVSZ02,SBSZ02,1,0.11273087667154276,0.0,1.1127308766715427
NVSZ02,SBSZ03,3,0.7686799163585776,0.0,3.7686799163585776
NVSZ02,SESZ02,2,1.1084012207694922,0.0,3.108401220769492
NVSZ02,SESZ03,7,1.5272229486413302,0.0,8.527222948641331
NVSZ02,SESZ04,5,1.7490649289143658,0.0,6.749064928914366
NVSZ02,SESZ05,1,0.3797138725265283,0.0,1.3797138725265283
NVSZ02,SESZ06,2,1.3879966798136212,0.0,3.387996679813621
NVSZ02,SGSZ06,3,0.7707459428204196,0.0,3.7707459428204197
NVSZ02,SGSZ07,1,0.2752622523653475,0.0,1.2752622523653474
NVSZ02,TMSZ02,8,2.0218883591011556,0.0,10.021888359101155
NVSZ02,TMSZ03,1,0.9014932077001565,0.0,1.9014932077001565
NVSZ02,TMSZ04,3,1.0087825065752254,0.0,4.008782506575225
NVSZ02,TNSZ01,3,1.3110879830397792,0.0,4.311087983039779
NVSZ02,TNSZ02,1,0.29346287792752923,0.06410419299109715,1.3575670709186265
NVSZ02,TNSZ03,1,0.053210590247344584,0.0,1.0532105902473445
NVSZ02,TPSZ01,3,0.9052267948357018,0.5477237574466187,4.452950552282321
NVSZ02,TPSZ02,9,2.999899470620844,4.629880357106457,16.6297798277273
NVSZ02,TPSZ03,3,0.6098483056159539,0.3980100882553745,4.007858393871328
NVSZ02,TPSZ04,1,0.3370757258839509,0.07029577504350326,1.407371500927454
NVSZ02,TPSZ06,5,1.0492306763498942,0.7270031781526043,6.7762338545024985
NVSZ02,TPSZ08,1,0.2449305203002762,0.0,1.2449305203002763
NVSZ02,TPSZ09,2,0.373813543622483,0.12206284072048121,2.4958763843429645
NVSZ02,TPSZ11,2,0.9413884606144601,0.0,2.9413884606144602
NVSZ02,TPSZ12,2,0.6479563226676851,0.0,2.647956322667685
NVSZ02,WCSZ01,1,0.5462370438034935,0.0,1.5462370438034934
NVSZ02,WDSZ02,4,1.0389688175207845,0.0,5.038968817520784
NVSZ02,WDSZ03,5,1.5200438337933622,0.0,6.520043833793363
NVSZ02,WDSZ04,2,0.48609150292264447,0.0,2.4860915029226445
NVSZ02,WDSZ05,3,0.41562961215796057,0.0,3.415629612157961
NVSZ02,YSSZ01,2,0.3144197991923855,0.0,2.3144197991923856
NVSZ02,YSSZ02,2,0.4320774786740781,0.0,2.432077478674078
NVSZ02,YSSZ03,3,1.0037102976214993,0.0,4.003710297621499
NVSZ02,YSSZ04,3,0.7930016485767506,0.0,3.793001648576751
NVSZ02,YSSZ08,4,0.17110140674943358,0.0,4.171101406749433
NVSZ02,YSSZ09,9,1.4345613596263185,0.0,10.434561359626318
NVSZ03,AMSZ01,1,0.17144852425948473,0.0,1.1714485242594848
NVSZ03,AMSZ03,2,0.0814166393784062,0.0,2.081416639378406
NVSZ03,AMSZ06,1,0.18991674265392988,0.0,1.1899167426539299
NVSZ03,BKSZ01,1,0.03027521368806456,0.0,1.0302752136880646
NVSZ03,BKSZ03,1,0.10139253959065787,0.0,1.1013925395906579
NVSZ03,BMSZ02,1,0.0974838731069656,0.0,1.0974838731069656
NVSZ03,BMSZ03,1,0.21287697517588897,0.0,1.212876975175889
NVSZ03,BMSZ08,1,0.10198206574959152,0.0,1.1019820657495916
NVSZ03,BSSZ03,1,0.14054831798934417,0.0,1.140548317989344
NVSZ03,CKSZ01,1,0.2050469560765213,0.0,1.2050469560765213
NVSZ03,CKSZ02,1,0.09124060202036091,0.0,1.0912406020203609
NVSZ03,CLSZ04,1,0.08637480508922361,0.0,1.0863748050892237
NVSZ03,CLSZ06,1,0.10112796710395858,0.0,1.1011279671039587
NVSZ03,HGSZ02,1,0.09081149892611325,0.0,1.0908114989261133
NVSZ03,HGSZ06,1,0.16865276854986125,0.0,1.1686527685498613
NVSZ03,JESZ05,1,0.11847023772659195,0.0,1.118470237726592
NVSZ03,KLSZ01,1,0.1595608058214666,0.0,1.1595608058214666
NVSZ03,KLSZ09,1,0.018425687450201886,0.0,1.0184256874502018
NVSZ03,MDSZ02,1,0.029210558268319788,0.0,1.0292105582683198
NVSZ03,MUSZ01,1,0.019757829798647496,0.0,1.0197578297986476
NVSZ03,NVSZ02,1,0.16508235498047805,0.0,1.165082354980478
NVSZ03,ORSZ02,1,0.1463644575823794,0.0,1.1463644575823795
NVSZ03,PRSZ03,1,0.16415266063739117,0.0,1.164152660637391
NVSZ03,QTSZ02,1,0.03186691276198692,0.0,1.0318669127619868
NVSZ03,RCSZ02,1,0.020162403840938214,0.0,1.0201624038409383
NVSZ03,SBSZ01,1,0.11536744955015805,0.0,1.115367449550158
NVSZ03,SBSZ03,1,0.14366938274136115,0.0,1.143669382741361
NVSZ03,SESZ04,1,0.15144754541450497,0.0,1.151447545414505
NVSZ03,SGSZ05,1,0.11300827776976852,0.0,1.1130082777697685
NVSZ03,TMSZ02,1,0.16684043550015978,0.0,1.1668404355001598
NVSZ03,TNSZ04,1,0.12730960863088037,0.0,1.1273096086308803
NVSZ03,TPSZ02,1,0.1864589360056332,0.0,1.1864589360056332
NVSZ03,TPSZ03,1,0.08988719995585012,0.0,1.0898871999558501
NVSZ03,WDSZ06,1,0.12017502929859697,0.0,1.120175029298597
NVSZ03,YSSZ02,1,0.042186736905718114,0.0,1.042186736905718
NVSZ04,BMSZ08,1,0.17146979724816064,0.0,1.1714697972481607
NVSZ04,BSSZ02,1,0.40099923389979736,0.0,1.4009992338997974
NVSZ04,BTSZ01,1,0.30440427483633403,0.0,1.304404274836334
NVSZ04,CCSZ01,1,0.05591013513616686,0.0,1.0559101351361668
NVSZ04,CKSZ02,1,0.23001849102628438,0.0,1.2300184910262844
NVSZ04,DTSZ05,2,0.1945692158659357,0.0,2.194569215865936
NVSZ04,GLSZ05,1,0.25922982691470126,0.0,1.2592298269147013
NVSZ04,JWSZ08,1,0.2873641009024656,0.0,1.2873641009024657
NVSZ04,NVSZ02,1,0.3122058450796392,0.30357227356478106,1.6157781186444202
NVSZ04,ORSZ03,1,0.11088303919812109,0.3254046884780088,1.4362877276761299
NVSZ04,PRSZ08,1,0.085592062076083,0.0,1.085592062076083
NVSZ04,SKSZ01,1,0.11780161417540998,0.0,1.11780161417541
NVSZ04,TNSZ04,1,0.46955236363995906,1.3709437361452388,2.840496099785198
NVSZ05,AMSZ02,1,0.0,0.0,1.0
NVSZ05,AMSZ05,1,0.0,0.0,1.0
NVSZ05,BDSZ04,1,0.0,0.0,1.0
NVSZ05,BPSZ04,1,0.0,0.0,1.0
NVSZ05,DTSZ05,1,0.0,0.0,1.0
NVSZ05,QTSZ02,1,0.0,0.0,1.0
NVSZ05,TPSZ11,1,0.0,0.0,1.0
NVSZ05,WDSZ09,1,0.0,0.0,1.0
ORSZ01,BDSZ01,1,0.3876439927251669,0.0,1.387643992725167
ORSZ01,BKSZ03,1,0.339207071238648,0.0,1.339207071238648
ORSZ01,BSSZ01,1,0.906636248688415,0.0,1.906636248688415
ORSZ01,BSSZ03,1,0.4720132492080043,0.0,1.4720132492080042
ORSZ01,KLSZ01,1,0.7103021998864162,0.0,1.7103021998864163
ORSZ01,MUSZ01,1,0.11244574515449261,0.0,1.1124457451544927
ORSZ01,ORSZ03,1,0.20871062991153308,0.0,1.208710629911533
ORSZ01,PGSZ04,1,0.3627597625291227,0.0,1.3627597625291226
ORSZ01,QTSZ05,1,0.7391653102332766,0.0,1.7391653102332767
ORSZ01,RCSZ01,1,0.12940154900609815,0.0,1.1294015490060982
ORSZ01,SESZ03,2,0.8773529149040007,0.0,2.8773529149040007
ORSZ01,TMSZ02,1,0.6953003572918299,0.0,1.69530035729183
ORSZ01,TMSZ03,1,0.7071670000356045,0.0,1.7071670000356045
ORSZ01,TMSZ04,1,0.4361702981427424,0.0,1.4361702981427424
ORSZ01,TPSZ04,1,0.2164296626962447,0.0,1.2164296626962448
ORSZ01,YSSZ04,1,0.6992940083503276,0.0,1.6992940083503276
ORSZ02,AMSZ01,10,1.8413768177461693,0.0,11.84137681774617
ORSZ02,AMSZ02,2,0.6399822628094927,0.0,2.6399822628094927
ORSZ02,AMSZ08,2,0.29798416698534486,0.0,2.2979841669853447
ORSZ02,AMSZ09,2,0.5562497423731039,0.0,2.5562497423731037
ORSZ02,AMSZ10,1,0.23901535306909044,0.0,1.2390153530690904
ORSZ02,AMSZ12,1,0.1242177783916409,0.0,1.124217778391641
ORSZ02,BDSZ01,2,0.96341807248279,0.0,2.96341807248279
ORSZ02,BDSZ03,1,0.5457792403539532,0.0,1.5457792403539532
ORSZ02,BDSZ04,4,1.504325745452136,0.0,5.504325745452136
ORSZ02,BDSZ05,2,0.9094205510761596,0.0,2.9094205510761597
ORSZ02,BDSZ06,1,0.8411592601573323,0.0,1.8411592601573323
ORSZ02,BKSZ05,2,0.9559834703035259,0.0,2.9559834703035257
ORSZ02,BKSZ07,1,0.431030561602899,0.0,1.431030561602899
ORSZ02,BKSZ08,1,0.06840756207393071,0.0,1.0684075620739306
ORSZ02,BMSZ01,2,0.6923355148035012,0.0,2.692335514803501
ORSZ02,BMSZ03,1,0.7000944283881858,0.2649122175778221,1.9650066459660078
ORSZ02,BMSZ04,7,0.7366486012065825,1.0161049080269162,8.752753509233498
ORSZ02,BMSZ06,3,0.9297269525509894,0.5144155051651537,4.444142457716143
ORSZ02,BMSZ07,1,0.7330403480219508,0.13779817222546342,1.870838520247414
ORSZ02,BMSZ08,3,0.8847915180290797,0.5435214599713103,4.42831297800039
ORSZ02,BMSZ09,1,0.3924912614280133,0.05036880697515929,1.4428600684031727
ORSZ02,BMSZ10,1,0.46983942263553696,0.10922753141952798,1.5790669540550648
ORSZ02,BMSZ15,1,0.4174966048475655,0.0,1.4174966048475655
ORSZ02,BMSZ17,1,0.27779073049986247,0.0,1.2777907304998624
ORSZ02,BPSZ02,2,0.2680614525268306,0.0,2.2680614525268306
ORSZ02,BPSZ03,1,0.33884914242063213,0.0,1.3388491424206321
ORSZ02,BPSZ04,9,0.9294819393291424,0.0,9.929481939329142
ORSZ02,BPSZ05,2,0.4490783241879962,0.0,2.449078324187996
ORSZ02,BPSZ06,1,0.15947221150117963,0.0,1.1594722115011797
ORSZ02,BSSZ01,10,2.734813977193183,0.0,12.734813977193184
ORSZ02,BSSZ03,5,0.860199301455201,0.0,5.860199301455201
ORSZ02,BTSZ01,2,0.7817996469488975,0.0,2.7817996469488975
ORSZ02,BTSZ04,1,0.3234107815980878,0.0,1.3234107815980878
ORSZ02,BTSZ07,2,0.6411237449536381,0.0,2.641123744953638
ORSZ02,BTSZ08,2,0.6116756869939338,0.4752776882232885,3.086953375217222
ORSZ02,CKSZ01,1,0.28609069382184354,0.0,1.2860906938218435
ORSZ02,CKSZ02,1,0.474720576450072,0.0,1.474720576450072
ORSZ02,CKSZ03,4,1.5262455058510331,0.0,5.526245505851033
ORSZ02,CKSZ06,4,0.429654739782321,0.0,4.429654739782321
ORSZ02,CLSZ03,1,0.2954631773018961,0.0,1.295463177301896
ORSZ02,CLSZ04,2,0.4065535462662382,0.0,2.406553546266238
ORSZ02,CLSZ07,1,0.2563529393830642,0.0,1.2563529393830641
ORSZ02,DTSZ01,1,0.554897790300567,0.4663015840824147,2.0211993743829817
ORSZ02,DTSZ02,2,0.702127404469312,1.5734281465334563,4.2755555510027685
ORSZ02,DTSZ03,1,0.54579496999882,0.36376000662630625,1.9095549766251263
ORSZ02,DTSZ05,2,0.6050035955837325,2.084389101596359,4.689392697180091
ORSZ02,DTSZ08,1,0.396493904726046,2.3112149604315153,3.7077088651575614
ORSZ02,DTSZ09,2,0.19567525533031113,0.0,2.195675255330311
ORSZ02,DTSZ10,1,0.03319260250363133,0.0,1.0331926025036313
ORSZ02,GLSZ03,1,0.4712825303822626,0.0,1.4712825303822625
ORSZ02,GLSZ04,4,1.7447486519180182,0.0,5.744748651918018
ORSZ02,GLSZ05,3,1.1659742530545236,0.0,4.165974253054523
ORSZ02,HGSZ02,2,0.8351395790929975,0.0,2.8351395790929974
ORSZ02,HGSZ04,3,0.7154024381293768,0.0,3.715402438129377
ORSZ02,HGSZ05,2,0.9023059793600127,0.0,2.9023059793600128
ORSZ02,HGSZ06,3,1.4661470947436965,0.0,4.466147094743697
ORSZ02,HGSZ07,3,0.6362802323903615,0.0,3.6362802323903614
ORSZ02,HGSZ08,1,0.3882062334941748,0.0,1.388206233494175
ORSZ02,JESZ01,1,0.18296738903639678,0.0,1.1829673890363968
ORSZ02,JESZ02,1,0.2296189008962647,0.0,1.2296189008962646
ORSZ02,JESZ03,1,0.46572042278401254,0.0,1.4657204227840126
ORSZ02,JESZ04,1,0.073776206821199,0.0,1.073776206821199
ORSZ02,JESZ05,2,0.6464185040816738,0.0,2.646418504081674
ORSZ02,JWSZ01,1,0.04606630013074227,0.0,1.0460663001307422
ORSZ02,JWSZ03,1,0.43615474736894644,0.0,1.4361547473689464
ORSZ02,JWSZ08,3,1.1738461628309582,0.0,4.173846162830959
ORSZ02,JWSZ09,4,1.0242277052830489,0.0,5.024227705283049
ORSZ02,KLSZ01,2,1.0151563183989782,0.0,3.0151563183989785
ORSZ02,KLSZ03,5,0.19588963190653658,0.0,5.195889631906536
ORSZ02,KLSZ07,1,0.6042743091753073,0.13809970374385713,1.7423740129191645
ORSZ02,KLSZ08,1,0.5076828747341937,0.0,1.5076828747341937
ORSZ02,MPSZ02,2,0.7344482403648815,0.0,2.7344482403648813
ORSZ02,MUSZ01,6,0.20698675704256086,1.715782700675064,7.922769457717624
ORSZ02,NTSZ03,8,0.2371670242175478,1.3681016202684555,9.605268644486003
ORSZ02,NVSZ01,2,1.464423352907619,0.2638773327869874,3.728300685694606
ORSZ02,NVSZ02,5,1.3050169742335371,2.3050666415103667,8.610083615743903
ORSZ02,NVSZ03,1,0.24552484660888127,0.0,1.2455248466088813
ORSZ02,NVSZ04,1,0.27221005189784403,0.0,1.272210051897844
ORSZ02,ORSZ02,4,5.394057865112987,51.474897455163585,60.86895532027657
ORSZ02,ORSZ03,5,0.808744366604293,2.299990136244355,8.108734502848648
ORSZ02,OTSZ02,1,0.03690139411742236,0.06481387062730512,1.1017152647447275
ORSZ02,OTSZ03,5,0.9127451448930626,0.9516789446042088,6.864424089497271
ORSZ02,PGSZ02,3,0.597874240425543,0.0,3.597874240425543
ORSZ02,PGSZ03,4,0.7778032828047269,0.0,4.777803282804727
ORSZ02,PGSZ04,3,0.9620593315604218,0.0,3.962059331560422
ORSZ02,PGSZ05,2,0.8448834359968124,0.0,2.8448834359968123
ORSZ02,PRSZ03,5,1.4901410702151714,0.0,6.490141070215172
ORSZ02,PRSZ05,4,1.234839478523625,0.0,5.234839478523625
ORSZ02,QTSZ05,1,0.5817067836569202,0.08234826864772951,1.6640550523046498
ORSZ02,QTSZ06,2,0.43095865553775764,0.0,2.430958655537758
ORSZ02,QTSZ10,2,0.5024641036013399,0.0,2.5024641036013398
ORSZ02,RCSZ01,1,0.36024392421600887,0.005581300453800809,1.3658252246698097
ORSZ02,RCSZ05,2,0.09925578278543795,0.508560138365649,2.607815921151087
ORSZ02,RVSZ04,1,0.0,0.0,1.0
ORSZ02,SBSZ01,2,0.456324683525456,0.0,2.456324683525456
ORSZ02,SBSZ03,1,0.39823199458440883,0.0,1.3982319945844088
ORSZ02,SBSZ04,1,0.30288751249753765,0.0,1.3028875124975376
ORSZ02,SBSZ05,2,0.059184714819018235,0.0,2.0591847148190183
ORSZ02,SESZ02,2,0.7552635607087185,0.0,2.7552635607087184
ORSZ02,SESZ03,5,1.029377672751416,0.0,6.029377672751416
ORSZ02,SESZ04,3,1.2779639099206952,0.0,4.277963909920695
ORSZ02,SESZ05,3,0.4896130599281523,0.0,3.4896130599281525
ORSZ02,SESZ06,3,1.2860854648028657,0.0,4.2860854648028655
ORSZ02,SGSZ01,1,0.39307392127919666,0.0,1.3930739212791967
ORSZ02,SGSZ03,1,0.43223681813979575,0.0,1.4322368181397958
ORSZ02,SGSZ04,2,1.0342490278632945,0.0,3.0342490278632948
ORSZ02,SGSZ05,1,0.3009291954426897,0.0,1.3009291954426896
ORSZ02,SGSZ06,3,0.8152043050553448,0.0,3.815204305055345
ORSZ02,SGSZ07,2,0.37869545771259033,0.0,2.3786954577125905
ORSZ02,SRSZ01,2,0.7889594466200296,0.2583064948089288,3.0472659414289582
ORSZ02,SRSZ02,1,0.21779966005225654,0.16297160086070667,1.3807712609129632
ORSZ02,TMSZ02,5,1.5177496973797502,0.0,6.517749697379751
ORSZ02,TMSZ03,3,1.475615546089772,0.0,4.475615546089772
ORSZ02,TMSZ04,6,1.5463584134264865,0.0,7.5463584134264865
ORSZ02,TNSZ01,2,0.9607872995052268,0.0,2.9607872995052267
ORSZ02,TNSZ03,2,0.14706326845912607,0.0,2.147063268459126
ORSZ02,TNSZ04,2,0.616806711927871,0.5024680111299038,3.1192747230577744
ORSZ02,TPSZ01,3,0.4514294582113521,0.0,3.451429458211352
ORSZ02,TPSZ02,8,1.3577003175624958,1.9838623127082302,11.341562630270726
ORSZ02,TPSZ03,1,0.2958429971949756,0.0,1.2958429971949756
ORSZ02,TPSZ04,5,0.26158279482816343,0.0,5.261582794828163
ORSZ02,TPSZ06,9,0.9613824822068631,0.0,9.961382482206863
ORSZ02,TPSZ08,2,0.28464247470813064,0.0,2.2846424747081304
ORSZ02,TPSZ12,1,0.31799307572441543,0.0,1.3179930757244154
ORSZ02,WDSZ02,3,0.6217181736358091,0.0,3.6217181736358093
ORSZ02,WDSZ03,4,1.3044991739066836,0.0,5.304499173906684
ORSZ02,WDSZ04,2,0.33796962205199094,0.0,2.337969622051991
ORSZ02,WDSZ05,2,0.5955030164488511,0.0,2.595503016448851
ORSZ02,WDSZ06,3,0.3522143917409468,0.0,3.352214391740947
ORSZ02,WDSZ09,1,0.16247633193832892,0.0,1.1624763319383289
ORSZ02,YSSZ01,1,0.23163297999241134,0.0,1.2316329799924113
ORSZ02,YSSZ02,1,0.3371635561470062,0.0,1.337163556147006
ORSZ02,YSSZ03,1,0.5415765096266006,0.0,1.5415765096266005
ORSZ02,YSSZ04,2,0.48861486721427216,0.0,2.488614867214272
ORSZ02,YSSZ05,1,0.17713204337443803,0.0,1.177132043374438
ORSZ02,YSSZ08,3,0.15545842918735062,0.0,3.1554584291873504
ORSZ02,YSSZ09,10,1.6964245103047253,0.0,11.696424510304725
ORSZ03,AMSZ01,2,0.5600960509980032,0.0,2.5600960509980033
ORSZ03,AMSZ02,1,0.21992127424072674,0.0,1.2199212742407268
ORSZ03,AMSZ06,3,0.4171712428855524,0.0,3.4171712428855523
ORSZ03,AMSZ07,2,0.24374961962781605,0.0,2.243749619627816
ORSZ03,AMSZ09,1,0.1815012628601889,0.0,1.1815012628601889
ORSZ03,BDSZ03,1,0.38022627523295244,0.0,1.3802262752329524
ORSZ03,BDSZ04,5,0.5860048609592987,0.0,5.5860048609592985
ORSZ03,BDSZ05,1,0.4009541830883101,0.0,1.40095418308831
ORSZ03,BMSZ01,1,0.29226191004042834,0.0,1.2922619100404282
ORSZ03,BMSZ03,1,0.42563889778198805,0.29860378133921944,1.7242426791212075
ORSZ03,BMSZ04,3,0.47057504984282883,0.47521878254798017,3.945793832390809
ORSZ03,BMSZ06,1,0.3604748818807167,0.1965607550356888,1.5570356369164053
ORSZ03,BMSZ07,2,0.5011370241635303,0.0,2.5011370241635302
ORSZ03,BMSZ08,2,0.28268891125694845,0.46091812779627045,2.743607039053219
ORSZ03,BMSZ13,1,0.3140353541851396,0.0,1.3140353541851395
ORSZ03,BPSZ02,2,0.13092628220793137,0.0,2.1309262822079313
ORSZ03,BPSZ03,4,0.19745606180655714,0.0,4.197456061806557
ORSZ03,BPSZ05,5,0.4202440068733069,0.0,5.420244006873307
ORSZ03,BSSZ01,3,0.7150188901250923,0.0,3.7150188901250925
ORSZ03,BSSZ02,5,0.7839312624067868,0.0,5.783931262406787
ORSZ03,BSSZ03,5,0.8338544065719807,0.0,5.833854406571981
ORSZ03,BTSZ02,2,0.15871454313076966,0.0,2.1587145431307695
ORSZ03,CKSZ05,1,0.14559392760082465,0.0,1.1455939276008247
ORSZ03,CLSZ02,1,0.11057086114326846,0.0,1.1105708611432685
ORSZ03,CLSZ03,1,0.197238023006703,0.0,1.197238023006703
ORSZ03,CLSZ04,1,0.1857458324345168,0.0,1.1857458324345167
ORSZ03,CLSZ08,1,0.25350337420483543,0.0,1.2535033742048354
ORSZ03,DTSZ01,2,0.25469473197657305,1.1221682947337093,3.376863026710282
ORSZ03,DTSZ02,1,0.2288381104127208,0.9375254097872764,2.1663635201999973
ORSZ03,DTSZ03,1,0.20300273347296124,0.43105724819702335,1.6340599816699846
ORSZ03,DTSZ05,1,0.19776090778400646,1.0791803226980035,2.27694123048201
ORSZ03,DTSZ08,1,0.32921989711107136,2.8164008025127982,4.145620699623869
ORSZ03,GLSZ03,2,0.4603079192305838,0.0,2.460307919230584
ORSZ03,GLSZ04,7,1.63246313511554,0.0,8.63246313511554
ORSZ03,HGSZ02,1,0.2855388895219467,0.0,1.2855388895219466
ORSZ03,HGSZ05,2,0.5757255809360733,0.0,2.5757255809360733
ORSZ03,HGSZ06,2,0.6584596733584493,0.0,2.6584596733584496
ORSZ03,HGSZ07,1,0.2424608217379746,0.0,1.2424608217379747
ORSZ03,JESZ02,2,0.04833854163266394,0.0,2.048338541632664
ORSZ03,JESZ04,2,0.13694256360005222,0.0,2.1369425636000523
ORSZ03,JESZ05,2,0.5090503021394973,0.0,2.509050302139497
ORSZ03,JESZ08,2,0.13039994556336681,0.0,2.130399945563367
ORSZ03,JWSZ03,1,0.32455404402451665,0.0,1.3245540440245167
ORSZ03,JWSZ09,2,0.5741875609867507,0.0,2.5741875609867506
ORSZ03,KLSZ01,2,0.5719810193436621,0.36821178040577074,2.9401927997494326
ORSZ03,KLSZ03,1,0.113680672013762,0.0,1.113680672013762
ORSZ03,KLSZ06,2,0.5706253817014708,0.36288999589860965,2.933515377600081
ORSZ03,KLSZ07,2,0.4672031636419357,0.326406900650844,2.7936100642927797
ORSZ03,MDSZ03,1,0.0,0.0,1.0
ORSZ03,MUSZ01,5,0.3362557956508949,2.23540143872259,7.571657234373484
ORSZ03,NTSZ03,1,0.2771921979177377,0.2989472482588459,1.5761394461765836
ORSZ03,NVSZ01,3,0.694751036202302,0.4553303882338783,4.1500814244361806
ORSZ03,NVSZ02,1,0.5971145916512399,1.1459553768402073,2.7430699684914472
ORSZ03,ORSZ02,4,0.8104787947776867,6.824838980102707,11.635317774880395
ORSZ03,ORSZ03,2,0.9858796225248294,47.576558335753234,50.56243795827806
ORSZ03,OTSZ01,1,0.050875039705859965,0.34499050139859355,1.3958655411044534
ORSZ03,OTSZ03,4,0.5508081749239534,0.9249136136408679,5.4757217885648215
ORSZ03,PGSZ01,1,0.20347595690350348,0.0,1.2034759569035034
ORSZ03,PGSZ02,2,0.3787894158390074,0.0,2.3787894158390075
ORSZ03,PGSZ04,1,0.3917777361585945,0.0,1.3917777361585946
ORSZ03,PGSZ05,4,0.689731179027151,0.0,4.6897311790271505
ORSZ03,PRSZ02,1,0.37187486951688414,0.0,1.371874869516884
ORSZ03,PRSZ04,1,0.1315003687536839,0.0,1.131500368753684
ORSZ03,PRSZ05,2,0.6533524292752079,0.0,2.6533524292752078
ORSZ03,QTSZ05,5,0.4563594054604026,0.4090916651861327,5.865451070646536
ORSZ03,RCSZ02,2,0.08503927068873908,0.3711921074743042,2.4562313781630434
ORSZ03,RCSZ05,1,0.05951204639327189,0.26166213883406725,1.321174185227339
ORSZ03,RCSZ08,1,0.0,0.0,1.0
ORSZ03,RCSZ10,1,0.10607318582885383,0.04407204755599052,1.1501452333848445
ORSZ03,SBSZ01,1,0.3064884917898508,0.0,1.306488491789851
ORSZ03,SBSZ03,3,0.48187003118804983,0.0,3.4818700311880497
ORSZ03,SBSZ04,1,0.22620322995532838,0.0,1.2262032299553285
ORSZ03,SESZ03,4,0.3578179484987312,0.0,4.357817948498731
ORSZ03,SESZ04,2,0.5693695520394265,0.0,2.5693695520394266
ORSZ03,SESZ05,2,0.23529533031692554,0.0,2.2352953303169256
ORSZ03,SESZ06,5,0.7614793395575352,0.0,5.761479339557535
ORSZ03,SGSZ03,1,0.2676421131887182,0.0,1.2676421131887183
ORSZ03,SGSZ04,2,0.5594153359806707,0.0,2.559415335980671
ORSZ03,SGSZ06,1,0.3080291320213641,0.0,1.3080291320213642
ORSZ03,SRSZ03,1,0.15920635287031493,0.22918288191521088,1.3883892347855258
ORSZ03,TMSZ02,2,0.8105170601663683,0.0,2.8105170601663683
ORSZ03,TMSZ04,4,0.6283858869801847,0.0,4.628385886980185
ORSZ03,TPSZ02,3,0.5598853768478568,0.0,3.559885376847857
ORSZ03,TPSZ03,1,0.15767827579403212,0.0,1.157678275794032
ORSZ03,TPSZ04,1,0.14810363034590002,0.0,1.1481036303459
ORSZ03,TPSZ06,1,0.2874381261389968,0.0,1.2874381261389969
ORSZ03,TPSZ11,2,0.2551920193741091,0.0,2.255192019374109
ORSZ03,TPSZ12,1,0.1731935962090939,0.0,1.1731935962090938
ORSZ03,WDSZ01,1,0.0769158836162971,0.0,1.076915883616297
ORSZ03,WDSZ02,1,0.38536348520831554,0.0,1.3853634852083156
ORSZ03,WDSZ03,3,0.7091747319918926,0.0,3.709174731991893
ORSZ03,WDSZ04,2,0.2823915786304231,0.0,2.282391578630423
ORSZ03,WDSZ06,3,0.4825546812819604,0.0,3.4825546812819606
ORSZ03,WDSZ09,1,0.1226373895015892,0.0,1.1226373895015893
ORSZ03,YSSZ02,1,0.18307702782718324,0.0,1.1830770278271832
ORSZ03,YSSZ03,1,0.4076750701341304,0.0,1.4076750701341303
ORSZ03,YSSZ04,2,0.3275363673296428,0.0,2.327536367329643
ORSZ03,YSSZ08,1,0.07407823299926926,0.0,1.0740782329992693
ORSZ03,YSSZ09,3,0.5798737391565024,0.0,3.5798737391565023
OTSZ01,AMSZ01,1,0.06168577666831137,0.0,1.0616857766683114
OTSZ01,BDSZ01,2,0.0695391390377067,0.0,2.0695391390377065
OTSZ01,BMSZ03,1,0.12842485782693877,0.3328120243288668,1.4612368821558055
OTSZ01,BMSZ04,2,0.11244706449776809,0.9720293040972379,3.0844763685950056
OTSZ01,BMSZ05,2,0.11484792325718476,0.2135626099586876,2.328410533215872
OTSZ01,BMSZ09,1,0.04927828907038821,0.17801927562748388,1.227297564697872
OTSZ01,BMSZ11,1,0.07660215583808037,0.0,1.0766021558380803
OTSZ01,BPSZ01,1,0.018174617678718995,0.0,1.018174617678719
OTSZ01,BSSZ01,1,0.08618179457912431,0.0,1.0861817945791243
OTSZ01,CKSZ03,1,0.07278668512166042,0.0,1.0727866851216605
OTSZ01,CLSZ03,1,0.0497799447074462,0.0,1.0497799447074463
OTSZ01,CLSZ04,1,0.06259775638876021,0.0,1.0625977563887603
OTSZ01,DTSZ02,1,0.03914002343642951,0.4098724969232676,1.449012520359697
OTSZ01,DTSZ05,1,0.05026581841784588,0.7644261478869427,1.8146919663047887
OTSZ01,DTSZ08,1,0.08914240373187737,2.4144562318311396,3.5035986355630166
OTSZ01,DTSZ09,1,0.02499286683395031,0.2037066255926352,1.2286994924265855
OTSZ01,DTSZ10,1,0.0044850679010956926,0.0,1.0044850679010957
OTSZ01,GLSZ05,1,0.08453101558409562,0.0,1.0845310155840957
OTSZ01,HGSZ06,1,0.0738223363799817,0.0,1.0738223363799817
OTSZ01,JESZ05,2,0.18137892612204823,0.0,2.1813789261220484
OTSZ01,JWSZ03,1,0.06315619918024697,0.0,1.063156199180247
OTSZ01,KLSZ06,1,0.09132715339923744,0.0,1.0913271533992375
OTSZ01,KLSZ08,1,0.06602598443638473,0.0,1.0660259844363846
OTSZ01,MPSZ03,1,0.07419239166012731,0.0,1.0741923916601273
OTSZ01,MUSZ01,1,0.0102575624468407,0.1284100721181105,1.1386676345649511
OTSZ01,ORSZ03,2,0.0302002577678926,0.705226880325904,2.7354271380937965
OTSZ01,OTSZ02,1,0.09966762823206968,1.1489624079528837,2.248630036184953
OTSZ01,OTSZ03,2,0.11751556116233165,2.2730840864705257,4.3905996476328575
OTSZ01,PGSZ02,1,0.03757569193447601,0.0,1.037575691934476
OTSZ01,PNSZ03,1,0.0,0.0,1.0
OTSZ01,QTSZ09,1,0.006884897932343301,0.0,1.0068848979323433
OTSZ01,SBSZ03,1,0.06584193141368347,0.0,1.0658419314136836
OTSZ01,SESZ02,1,0.059212194653596506,0.0,1.0592121946535964
OTSZ01,SESZ03,1,0.0996771137413758,0.0,1.099677113741376
OTSZ01,SESZ04,1,0.08209025939339867,0.0,1.0820902593933988
OTSZ01,SESZ05,1,0.03827284409888237,0.0,1.0382728440988824
OTSZ01,SESZ06,2,0.16828999079449566,0.0,2.1682899907944955
OTSZ01,SGSZ06,1,0.05794794149024232,0.0,1.0579479414902424
OTSZ01,SRSZ01,1,0.04958287237780103,0.14997959455730667,1.1995624669351077
OTSZ01,TMSZ01,1,0.09736040453461836,0.0,1.0973604045346184
OTSZ01,TNSZ02,1,0.026601816984382822,0.10506092124039446,1.1316627382247773
OTSZ01,WDSZ03,1,0.06988011587054264,0.0,1.0698801158705427
OTSZ01,WDSZ04,1,0.048737038973769554,0.0,1.0487370389737696
OTSZ01,YSSZ02,1,0.02571559896274721,0.0,1.025715598962747
OTSZ01,YSSZ09,1,0.06388208547903253,0.0,1.0638820854790325
OTSZ02,AMSZ06,1,0.20677518623973548,0.0,1.2067751862397356
OTSZ02,BDSZ03,1,0.05673994062698976,0.0,1.0567399406269897
OTSZ02,BDSZ05,1,0.08801804073587711,0.0,1.088018040735877
OTSZ02,BMSZ01,2,0.09979590879415572,0.4146535209824371,2.514449429776593
OTSZ02,BMSZ04,1,0.07707482573771222,0.5176614899760793,1.5947363157137917
OTSZ02,BMSZ09,1,0.06550220065786916,0.06351957120236616,1.1290217718602353
OTSZ02,BMSZ11,1,0.09310810937059713,0.0,1.0931081093705972
OTSZ02,CKSZ01,1,0.12359423436526869,0.0,1.1235942343652687
OTSZ02,DTSZ02,1,0.0528416960065462,0.43899018937099377,1.4918318853775399
OTSZ02,DTSZ12,1,0.08055797975588959,0.1364598334369967,1.2170178131928862
OTSZ02,GLSZ04,1,0.24052570276325183,0.0,1.240525702763252
OTSZ02,JESZ05,1,0.13699433390146643,0.0,1.1369943339014665
OTSZ02,JWSZ09,1,0.09254632658387904,0.0,1.092546326583879
OTSZ02,KLSZ09,1,0.008251126023471167,0.14038421070153723,1.1486353367250084
OTSZ02,NVSZ02,1,0.09916103385672793,0.0,1.099161033856728
OTSZ02,ORSZ02,1,0.0817810708755407,0.28685469299941113,1.3686357638749518
OTSZ02,PGSZ03,1,0.058113888905816265,0.0,1.0581138889058164
OTSZ02,RCSZ01,1,0.02079585160696775,0.00139797538858241,1.0221938269955502
OTSZ02,SBSZ02,1,0.10124035611132254,0.0,1.1012403561113224
OTSZ02,SESZ02,1,0.07759093289784966,0.0,1.0775909328978497
OTSZ02,SESZ05,1,0.04379073006111322,0.0,1.0437907300611131
OTSZ02,SGSZ06,1,0.058577440172368024,0.0,1.058577440172368
OTSZ02,TNSZ01,1,0.03662308394940173,0.0,1.0366230839494017
OTSZ03,AMSZ01,7,1.5704580559666845,0.0,8.570458055966684
OTSZ03,AMSZ02,1,0.3686322718008581,0.0,1.3686322718008581
OTSZ03,AMSZ06,1,0.38750389662594714,0.0,1.3875038966259472
OTSZ03,AMSZ08,2,0.18861263575721948,0.0,2.1886126357572193
OTSZ03,AMSZ09,1,0.22142029095010912,0.0,1.221420290950109
OTSZ03,AMSZ11,1,0.025435849413700955,0.0,1.025435849413701
OTSZ03,AMSZ12,1,0.12911559573138798,0.0,1.1291155957313879
OTSZ03,BDSZ01,5,1.0144964317802911,0.0,6.014496431780291
OTSZ03,BDSZ02,3,0.9028624179680107,0.0,3.9028624179680107
OTSZ03,BDSZ03,1,0.712808254401887,0.0,1.712808254401887
OTSZ03,BDSZ04,14,1.467819566926408,0.0,15.467819566926408
OTSZ03,BDSZ05,2,1.0157458147439087,0.0,3.0157458147439087
OTSZ03,BDSZ08,1,0.11676833751439895,0.0,1.1167683375143989
OTSZ03,BKSZ01,1,0.13249728412673634,0.0,1.1324972841267362
OTSZ03,BKSZ02,1,0.12626166882278006,0.0,1.12626166882278
OTSZ03,BKSZ05,3,0.7236013041629238,0.0,3.7236013041629237
OTSZ03,BKSZ06,1,0.12861333017281795,0.0,1.128613330172818
OTSZ03,BKSZ07,2,0.6934312257323977,0.0,2.6934312257323976
OTSZ03,BLSZ02,2,0.17035337681500248,0.0,2.1703533768150023
OTSZ03,BMSZ01,8,1.1445527619852556,0.0,9.144552761985256
OTSZ03,BMSZ02,4,0.7670969831683713,1.619885614686463,6.386982597854834
OTSZ03,BMSZ03,4,0.48273860898856646,1.6553069225675847,6.138045531556151
OTSZ03,BMSZ04,9,0.8073632261752922,3.691053745174802,13.498416971350094
OTSZ03,BMSZ05,3,0.7353933387462063,0.4674382837560399,4.202831622502246
OTSZ03,BMSZ07,3,1.042690477541864,0.0,4.042690477541864
OTSZ03,BMSZ08,5,0.5417200236140205,1.7494991289548405,7.291219152568861
OTSZ03,BMSZ09,4,0.5239087048247004,0.45539344435414064,4.979302149178841
OTSZ03,BMSZ10,1,0.815811568738189,0.4877554960019211,2.3035670647401103
OTSZ03,BMSZ11,2,1.1687422064426716,4.441155764831501,7.609897971274173
OTSZ03,BMSZ12,1,0.6001168483530763,0.0,1.6001168483530763
OTSZ03,BMSZ13,4,0.22012138347798252,0.0,4.2201213834779825
OTSZ03,BMSZ15,2,0.7809249724907213,0.11375897502127778,2.894683947511999
OTSZ03,BMSZ16,3,0.4611438211138333,0.48232661227217416,3.9434704333860076
OTSZ03,BMSZ17,1,0.6187216018797173,0.82681690709955,2.445538508979267
OTSZ03,BPSZ01,4,0.18429755189924701,0.0,4.184297551899247
OTSZ03,BPSZ03,1,0.32477516029903014,0.0,1.32477516029903
OTSZ03,BPSZ04,3,0.37092507079843245,0.0,3.3709250707984326
OTSZ03,BPSZ05,3,0.4115102398206527,0.0,3.411510239820653
OTSZ03,BPSZ06,1,0.11536103214657031,0.0,1.1153610321465703
OTSZ03,BSSZ01,6,1.2689573375688123,0.0,7.268957337568812
OTSZ03,BSSZ02,2,1.0992700004424087,0.0,3.0992700004424085
OTSZ03,BSSZ03,1,0.7520935845250947,0.0,1.7520935845250947
OTSZ03,BTSZ01,1,0.615086753291679,0.0,1.615086753291679
OTSZ03,BTSZ03,1,0.13922904321167628,0.0,1.1392290432116763
OTSZ03,BTSZ08,1,0.18797958120542194,0.0,1.187979581205422
OTSZ03,CHSZ03,1,0.9476669432467815,0.0,1.9476669432467815
OTSZ03,CKSZ01,1,0.40330803306806573,0.0,1.4033080330680656
OTSZ03,CKSZ02,1,0.607041765097124,0.0,1.607041765097124
OTSZ03,CKSZ03,4,1.4945990372314515,0.0,5.494599037231452
OTSZ03,CKSZ04,1,0.2776837711888108,0.0,1.2776837711888107
OTSZ03,CKSZ05,3,0.17939634425897893,0.0,3.1793963442589788
OTSZ03,CKSZ06,1,0.403079442864845,0.0,1.403079442864845
OTSZ03,CLSZ03,4,1.0226888227150082,0.0,5.022688822715008
OTSZ03,CLSZ04,4,1.1666674568330286,0.0,5.166667456833029
OTSZ03,CLSZ06,1,0.3960913436246055,0.0,1.3960913436246054
OTSZ03,CLSZ08,1,0.19577087866375814,0.0,1.1957708786637582
OTSZ03,DTSZ01,5,0.8287768281866746,0.5722014846651483,6.400978312851823
OTSZ03,DTSZ02,4,1.0945515242090553,1.766726260727017,6.861277784936073
OTSZ03,DTSZ03,3,0.9807904365046022,0.385872027660639,4.366662464165241
OTSZ03,DTSZ05,3,0.6276390415145991,2.5433497701553547,6.170988811669954
OTSZ03,DTSZ06,1,0.1141849261554025,0.21094970140560562,1.325134627561008
OTSZ03,DTSZ08,3,1.4442744966455432,11.93235982895872,16.376634325604265
OTSZ03,DTSZ11,4,0.43990230739199226,4.205407997000381,8.645310304392373
OTSZ03,DTSZ12,1,0.5397334875923425,0.13533002137551328,1.6750635089678558
OTSZ03,GLSZ01,1,0.5343918285402288,0.0,1.5343918285402287
OTSZ03,GLSZ02,4,0.4795617351703997,0.0,4.4795617351704
OTSZ03,GLSZ03,2,0.8956967370901755,0.0,2.8956967370901756
OTSZ03,GLSZ04,8,3.1235261770634346,0.0,11.123526177063434
OTSZ03,GLSZ05,10,2.454223944293806,0.0,12.454223944293807
OTSZ03,HGSZ01,2,0.35342242140601676,0.0,2.353422421406017
OTSZ03,HGSZ02,2,1.0507591017145745,0.0,3.0507591017145748
OTSZ03,HGSZ04,4,0.5909525008395635,0.0,4.590952500839563
OTSZ03,HGSZ06,10,2.246202882405129,0.0,12.246202882405129
OTSZ03,HGSZ07,4,0.6265782626013557,0.0,4.626578262601356
OTSZ03,HGSZ08,1,0.4660030044338535,0.0,1.4660030044338535
OTSZ03,JESZ02,2,0.20504005462324482,0.0,2.205040054623245
OTSZ03,JESZ03,2,0.7363508367325038,0.0,2.7363508367325036
OTSZ03,JESZ04,2,0.15579819924916535,0.0,2.1557981992491655
OTSZ03,JESZ05,6,0.49204716399371545,0.0,6.492047163993716
OTSZ03,JESZ06,2,0.23466071603516345,0.0,2.2346607160351635
OTSZ03,JWSZ01,1,0.037313665500095634,0.0,1.0373136655000956
OTSZ03,JWSZ02,1,0.3206358409475284,0.0,1.3206358409475283
OTSZ03,JWSZ03,2,0.4172827315680816,0.0,2.417282731568082
OTSZ03,JWSZ04,1,0.6656709127801883,0.0,1.6656709127801883
OTSZ03,JWSZ08,6,1.0837738149753926,0.0,7.083773814975393
OTSZ03,JWSZ09,6,0.8898530762378937,0.0,6.889853076237894
OTSZ03,KLSZ01,6,0.704292354133674,0.0,6.704292354133674
OTSZ03,KLSZ02,1,0.19881266277215645,0.0,1.1988126627721565
OTSZ03,KLSZ03,1,0.06515442460557992,0.0,1.06515442460558
OTSZ03,KLSZ05,1,0.40504553341935,0.0,1.40504553341935
OTSZ03,KLSZ06,5,0.7254652157729153,0.0,5.725465215772916
OTSZ03,KLSZ07,1,0.6095954605172911,0.0,1.609595460517291
OTSZ03,KLSZ08,2,0.8092014251628687,0.0,2.8092014251628687
OTSZ03,KLSZ09,3,0.18518907373135643,0.3994717295174356,3.584660803248792
OTSZ03,MPSZ01,1,0.2649924270638875,0.0,1.2649924270638875
OTSZ03,MSSZ01,1,0.0,0.0,1.0
OTSZ03,MUSZ01,5,0.23709253325109786,0.8104984802892475,6.0475910135403455
OTSZ03,NTSZ03,1,0.20896007927098442,0.0,1.2089600792709845
OTSZ03,NTSZ05,1,0.0,0.0,1.0
OTSZ03,NVSZ01,5,1.279948634488117,0.0,6.279948634488117
OTSZ03,NVSZ02,7,1.0313750664406127,0.0,8.031375066440614
OTSZ03,NVSZ05,1,0.0,0.0,1.0
OTSZ03,ORSZ02,7,0.8358051951213284,0.7679409910399121,8.60374618616124
OTSZ03,ORSZ03,4,0.6994214365385238,0.9223101472893135,5.621731583827837
OTSZ03,OTSZ01,1,0.11474370529025497,1.0249132353744463,2.1396569406647012
OTSZ03,OTSZ03,8,2.0966885189468645,40.776683397080134,50.873371916027
OTSZ03,OTSZ04,2,0.35793890800594275,1.2098741387251795,3.567813046731122
OTSZ03,PGSZ03,3,0.5517454665553527,0.0,3.551745466555353
OTSZ03,PGSZ04,8,3.0298526833549118,0.0,11.029852683354912
OTSZ03,PGSZ05,2,0.7416202022188931,0.0,2.7416202022188934
OTSZ03,PLSZ04,1,0.037242988474981954,0.0,1.0372429884749819
OTSZ03,PNSZ02,1,0.0,0.0,1.0
OTSZ03,PRSZ03,10,1.6483202249447069,0.0,11.648320224944706
OTSZ03,PRSZ05,1,0.6944327258702048,0.0,1.6944327258702048
OTSZ03,PRSZ08,1,0.18483161204132686,0.0,1.184831612041327
OTSZ03,QTSZ01,1,0.2970211487277922,0.0,1.2970211487277923
OTSZ03,QTSZ02,2,0.3423848712290916,0.0,2.3423848712290916
OTSZ03,QTSZ04,3,0.188066766109604,0.0,3.188066766109604
OTSZ03,QTSZ05,5,0.6315729837734939,0.0,5.631572983773494
OTSZ03,QTSZ06,1,0.25569594907433757,0.0,1.2556959490743376
OTSZ03,QTSZ08,5,1.064348266505183,0.0,6.064348266505183
OTSZ03,QTSZ09,2,0.15955632082791785,0.0,2.159556320827918
OTSZ03,QTSZ12,1,0.24301559697124017,0.0,1.2430155969712402
OTSZ03,QTSZ14,2,0.9587196415511499,0.0,2.95871964155115
OTSZ03,RCSZ01,3,0.2914063903377514,0.13147429906076125,3.4228806893985126
OTSZ03,RCSZ03,1,0.2737944201049959,0.24186379683090414,1.5156582169358999
OTSZ03,RCSZ09,1,0.29276829874120236,0.10987551565497017,1.4026438143961726
OTSZ03,RCSZ10,7,0.4957454097516951,0.8261449714871886,8.321890381238884
OTSZ03,RVSZ04,1,0.0,0.0,1.0
OTSZ03,SBSZ01,2,0.3136292083402415,0.0,2.3136292083402417
OTSZ03,SBSZ02,1,0.09501224988060325,0.0,1.0950122498806032
OTSZ03,SBSZ03,7,0.6187737953204948,0.0,7.618773795320495
OTSZ03,SESZ02,5,1.3171370754946439,0.0,6.317137075494644
OTSZ03,SESZ03,12,1.2989736153511757,0.0,13.298973615351176
OTSZ03,SESZ04,6,0.8377433784369904,0.0,6.837743378436991
OTSZ03,SESZ05,4,0.2650604732652779,0.0,4.265060473265278
OTSZ03,SESZ06,4,1.3515594995442488,0.0,5.351559499544249
OTSZ03,SESZ07,1,0.0,0.0,1.0
OTSZ03,SGSZ03,1,0.5292430094610351,0.0,1.5292430094610352
OTSZ03,SGSZ04,7,2.1111090699298627,0.0,9.111109069929864
OTSZ03,SGSZ06,5,0.6648975661560027,0.0,5.664897566156003
OTSZ03,SGSZ07,3,0.6216457449073169,0.0,3.621645744907317
OTSZ03,SISZ01,1,0.7052451304760009,0.0,1.7052451304760008
OTSZ03,SKSZ03,1,0.07463190013426091,0.0,1.074631900134261
OTSZ03,SRSZ01,1,0.9344424117770538,0.2998821453405787,2.2343245571176324
OTSZ03,SRSZ02,1,0.28796895406649137,1.36389221835533,2.651861172421821
OTSZ03,SRSZ03,2,0.5138301606592934,3.369064330855584,5.882894491514877
OTSZ03,TMSZ01,2,0.7611757654127317,0.0,2.7611757654127316
OTSZ03,TMSZ02,6,1.7843586655548043,0.0,7.784358665554804
OTSZ03,TMSZ03,6,1.617935619345864,0.0,7.6179356193458645
OTSZ03,TMSZ04,11,1.744185734253049,0.0,12.74418573425305
OTSZ03,TMSZ05,2,0.7404671934251488,0.0,2.7404671934251486
OTSZ03,TPSZ01,1,0.35126909352031616,0.0,1.3512690935203162
OTSZ03,TPSZ02,1,0.7022900811377829,0.0,1.7022900811377828
OTSZ03,TPSZ06,4,0.8187063683985507,0.0,4.8187063683985505
OTSZ03,TPSZ07,1,0.13117352538086002,0.0,1.1311735253808601
OTSZ03,TPSZ08,2,0.23656988328029313,0.0,2.236569883280293
OTSZ03,TPSZ09,4,0.23829204687124636,0.0,4.238292046871246
OTSZ03,TPSZ10,1,0.1811029906296234,0.0,1.1811029906296233
OTSZ03,TPSZ12,1,0.273173691328953,0.0,1.273173691328953
OTSZ03,WDSZ02,9,0.8533532396682647,0.0,9.853353239668264
OTSZ03,WDSZ03,6,0.902934182180921,0.0,6.902934182180921
OTSZ03,WDSZ05,4,0.2932820599727502,0.0,4.29328205997275
OTSZ03,YSSZ03,2,0.7441278760723362,0.0,2.744127876072336
OTSZ03,YSSZ04,1,0.47140509857478036,0.0,1.4714050985747804
OTSZ03,YSSZ06,1,0.14105209192920656,0.0,1.1410520919292066
OTSZ03,YSSZ07,1,0.05852626514201965,0.0,1.0585262651420198
OTSZ03,YSSZ08,2,0.09716049633687653,0.0,2.0971604963368766
OTSZ03,YSSZ09,12,0.6041281793291468,0.0,12.604128179329146
OTSZ04,BDSZ03,1,0.16347838182284138,0.0,1.1634783818228414
OTSZ04,BDSZ04,2,0.2624934530712515,0.0,2.2624934530712517
OTSZ04,BKSZ05,2,0.13134675447625685,0.0,2.1313467544762568
OTSZ04,BMSZ01,2,0.23040548886170897,0.0,2.230405488861709
OTSZ04,BMSZ05,1,0.15386183007377877,0.48245748096538993,1.6363193110391687
OTSZ04,BMSZ07,1,0.14625599793066288,0.0,1.1462559979306628
OTSZ04,BMSZ11,1,0.054320939091534494,0.0,1.0543209390915345
OTSZ04,BPSZ03,1,0.06426933825481568,0.0,1.0642693382548156
OTSZ04,BPSZ05,3,0.18627141732094554,0.0,3.1862714173209454
OTSZ04,BSSZ03,1,0.1381398870326234,0.0,1.1381398870326234
OTSZ04,BTSZ01,1,0.15532383084446147,0.0,1.1553238308444616
OTSZ04,CKSZ01,1,0.21596584189830167,0.0,1.2159658418983017
OTSZ04,CKSZ03,2,0.26565778407629775,0.0,2.2656577840762977
OTSZ04,CKSZ04,1,0.20333026742990173,0.0,1.2033302674299018
OTSZ04,CLSZ02,1,0.1376182842742906,0.0,1.1376182842742906
OTSZ04,DTSZ02,2,0.14076012026453347,1.469712903414319,3.6104730236788525
OTSZ04,DTSZ03,2,0.1921731166584311,0.5035280387972421,2.6957011554556733
OTSZ04,DTSZ05,2,0.1665644763546792,8.093890679454487,10.260455155809167
OTSZ04,DTSZ08,1,0.21164901456899296,3.237701791917378,4.449350806486371
OTSZ04,GLSZ04,1,0.2717954340372144,0.0,1.2717954340372144
OTSZ04,GLSZ05,1,0.14602886611408403,0.0,1.146028866114084
OTSZ04,HGSZ04,2,0.16113068023501564,0.0,2.161130680235016
OTSZ04,HGSZ06,4,0.4160634773975631,0.0,4.416063477397563
OTSZ04,JESZ02,2,0.0,0.0,2.0
OTSZ04,JESZ05,1,0.15003763595223188,0.0,1.150037635952232
OTSZ04,JESZ08,2,0.16031424055271223,0.0,2.160314240552712
OTSZ04,JWSZ08,1,0.11677043881260797,0.0,1.116770438812608
OTSZ04,JWSZ09,2,0.23058815310141179,0.0,2.2305881531014116
OTSZ04,KLSZ02,2,0.04576039984668835,0.0,2.0457603998466882
OTSZ04,KLSZ03,2,0.07134069723358054,0.0,2.0713406972335804
OTSZ04,KLSZ07,1,0.09658494900870458,0.22690812601623372,1.3234930750249383
OTSZ04,NVSZ01,1,0.25334337891993897,0.0,1.253343378919939
OTSZ04,ORSZ03,2,0.08917938939366267,0.7229567654713761,2.8121361548650388
OTSZ04,OTSZ03,1,0.137736482565704,1.266947450839675,2.404683933405379
OTSZ04,PRSZ03,1,0.18356093362513815,0.0,1.183560933625138
OTSZ04,QTSZ05,1,0.18891488865113762,0.0,1.1889148886511376
OTSZ04,QTSZ06,1,0.07206008752714539,0.0,1.0720600875271453
OTSZ04,RCSZ01,1,0.06477698044104561,0.0,1.0647769804410456
OTSZ04,RCSZ03,1,0.04874023494979203,0.20902238472630927,1.2577626196761014
OTSZ04,RCSZ09,1,0.01844909197702106,0.08276772853220618,1.1012168205092272
OTSZ04,RCSZ10,2,0.08453361107527947,0.8685747201711754,2.953108331246455
OTSZ04,SBSZ03,2,0.13155021006766246,0.0,2.1315502100676627
OTSZ04,SESZ02,1,0.12222219778617692,0.0,1.1222221977861768
OTSZ04,SESZ03,3,0.25820047658753453,0.0,3.2582004765875343
OTSZ04,SGSZ06,2,0.2393044464240118,0.0,2.2393044464240117
OTSZ04,SRSZ02,1,0.2076025514466923,0.7544660850752832,1.9620686365219755
OTSZ04,TMSZ02,3,0.3082078774806512,0.0,3.308207877480651
OTSZ04,TMSZ04,2,0.2162302919321878,0.0,2.2162302919321877
OTSZ04,TNSZ01,1,0.08977869476806329,0.0,1.0897786947680632
OTSZ04,TNSZ02,1,0.028552156579409887,0.08036446640103327,1.108916622980443
OTSZ04,TPSZ09,1,0.047982930314936875,0.0,1.0479829303149368
OTSZ04,YSSZ09,1,0.12277189088762527,0.0,1.1227718908876252
PGSZ01,AMSZ01,1,0.2619410316870504,0.0,1.2619410316870505
PGSZ01,AMSZ03,1,0.13277808365495927,0.0,1.1327780836549592
PGSZ01,AMSZ06,1,0.34206597447213205,0.0,1.3420659744721322
PGSZ01,BDSZ06,1,0.45382605561922923,0.0,1.4538260556192293
PGSZ01,BLSZ04,1,0.2735450254459911,0.0,1.273545025445991
PGSZ01,DTSZ01,1,0.20814490198133165,0.0,1.2081449019813317
PGSZ01,DTSZ03,1,0.15342679035644613,0.0,1.1534267903564461
PGSZ01,DTSZ05,1,0.14477267375454195,0.0,1.144772673754542
PGSZ01,DTSZ08,2,0.10934237053159748,0.0,2.1093423705315977
PGSZ01,DTSZ11,1,0.17838951870253786,0.0,1.178389518702538
PGSZ01,GLSZ05,2,0.4061330085897776,0.0,2.4061330085897774
PGSZ01,HGSZ05,2,0.5757213170543397,0.0,2.57572131705434
PGSZ01,JESZ06,1,0.02377410884997578,0.0,1.0237741088499759
PGSZ01,KLSZ05,1,0.14117209346672446,0.0,1.1411720934667244
PGSZ01,KLSZ07,1,0.20269776265086403,0.0,1.202697762650864
PGSZ01,KLSZ08,1,0.22101113605963926,0.0,1.2210111360596392
PGSZ01,MUSZ02,1,0.0,0.0,1.0
PGSZ01,ORSZ02,1,0.24612620678827488,0.0,1.2461262067882748
PGSZ01,ORSZ03,1,0.1603891523672079,0.0,1.1603891523672079
PGSZ01,OTSZ03,1,0.2594557457586148,0.0,1.2594557457586149
PGSZ01,PGSZ02,3,0.8046747915671573,0.0,3.804674791567157
PGSZ01,PGSZ03,4,0.553393397729608,0.0,4.553393397729608
PGSZ01,PGSZ04,4,1.6342072872260924,0.0,5.634207287226093
PGSZ01,PGSZ05,1,0.3704875982705318,0.0,1.3704875982705318
PGSZ01,SESZ02,1,0.34686606522058333,0.0,1.3468660652205833
PGSZ01,SESZ04,1,0.4633082496944477,0.0,1.4633082496944478
PGSZ01,SESZ06,2,1.0020860261575322,0.0,3.0020860261575324
PGSZ01,SGSZ05,1,0.13250425575979338,0.0,1.1325042557597933
PGSZ01,TMSZ03,1,0.507212223459814,0.0,1.507212223459814
PGSZ01,TMSZ05,1,0.20823913809878233,0.0,1.2082391380987823
PGSZ01,YSSZ01,1,0.16863014585538474,0.0,1.1686301458553847
PGSZ01,YSSZ08,1,0.042184594094195664,0.0,1.0421845940941956
PGSZ01,YSSZ09,1,0.2714932690799227,0.0,1.2714932690799228
PGSZ02,AMSZ01,2,0.5510986248940135,0.0,2.5510986248940135
PGSZ02,AMSZ10,1,0.2675217933769577,0.0,1.2675217933769578
PGSZ02,BDSZ01,1,0.4233089080238486,0.0,1.4233089080238486
PGSZ02,BDSZ04,1,0.3119650226048579,0.0,1.3119650226048578
PGSZ02,BMSZ01,2,0.3054955306565582,0.0,2.3054955306565583
PGSZ02,BMSZ04,1,0.12710253417113412,0.0,1.127102534171134
PGSZ02,BMSZ05,6,0.1805042309395585,0.0,6.180504230939558
PGSZ02,BPSZ02,1,0.10584003975919068,0.0,1.1058400397591908
PGSZ02,BSSZ03,1,0.29761393843756473,0.0,1.2976139384375647
PGSZ02,BTSZ01,1,0.2385529422311527,0.0,1.2385529422311528
PGSZ02,BTSZ06,1,0.11241782081769205,0.0,1.112417820817692
PGSZ02,CHSZ03,1,0.33859412568261876,0.0,1.3385941256826188
PGSZ02,CLSZ07,1,0.14023665536716665,0.0,1.1402366553671666
PGSZ02,DTSZ01,2,0.279265384778949,0.0,2.279265384778949
PGSZ02,DTSZ02,1,0.18688580396727705,0.0,1.186885803967277
PGSZ02,DTSZ03,1,0.16150881337327583,0.0,1.1615088133732758
PGSZ02,DTSZ05,1,0.15368936537717817,0.0,1.1536893653771783
PGSZ02,DTSZ08,2,0.1469216084835503,0.0,2.1469216084835505
PGSZ02,DTSZ09,1,0.10460904953479594,0.0,1.104609049534796
PGSZ02,DTSZ11,1,0.2931272252771008,0.0,1.2931272252771007
PGSZ02,GLSZ03,2,0.6524718311260017,0.0,2.6524718311260016
PGSZ02,GLSZ05,2,0.5495434844838878,0.0,2.5495434844838876
PGSZ02,HGSZ01,1,0.35768928693150986,0.0,1.3576892869315098
PGSZ02,HGSZ02,2,1.1081675883563977,0.0,3.1081675883563977
PGSZ02,HGSZ03,4,0.740941195733537,0.0,4.740941195733537
PGSZ02,HGSZ06,2,1.0030562130649405,0.0,3.0030562130649407
PGSZ02,HGSZ07,1,0.35172368041228336,0.0,1.3517236804122834
PGSZ02,HGSZ08,1,0.2614524817487347,0.0,1.2614524817487347
PGSZ02,HGSZ09,1,0.01938072748601909,0.0,1.0193807274860192
PGSZ02,JESZ05,1,0.2336797837778046,0.0,1.2336797837778046
PGSZ02,JWSZ03,1,0.11421101101833618,0.0,1.114211011018336
PGSZ02,KLSZ01,2,0.5220692930097692,0.0,2.5220692930097695
PGSZ02,KLSZ03,1,0.05256402762032933,0.0,1.0525640276203294
PGSZ02,KLSZ05,1,0.1346654717673557,0.0,1.1346654717673557
PGSZ02,KLSZ08,1,0.280990712274833,0.0,1.280990712274833
PGSZ02,MPSZ02,1,0.2805205315431411,0.0,1.2805205315431412
PGSZ02,MUSZ01,1,0.11163424965471923,0.0,1.1116342496547191
PGSZ02,NVSZ01,1,0.6283763771529021,0.0,1.628376377152902
PGSZ02,NVSZ02,3,0.5204941239899792,0.0,3.5204941239899794
PGSZ02,ORSZ02,6,0.5693851136989043,0.0,6.569385113698904
PGSZ02,ORSZ03,1,0.19925131963308168,0.0,1.1992513196330816
PGSZ02,OTSZ01,1,0.03860596498819477,0.0,1.0386059649881947
PGSZ02,OTSZ03,2,0.5092197875106881,0.0,2.509219787510688
PGSZ02,PGSZ01,6,0.6484690055144926,0.0,6.648469005514492
PGSZ02,PGSZ02,3,0.948178940293251,31.131273691116945,35.0794526314102
PGSZ02,PGSZ03,11,5.70714881858184,3.451826835338837,20.158975653920677
PGSZ02,PGSZ04,16,4.262721953971276,2.1885597924884177,22.451281746459692
PGSZ02,PGSZ05,16,3.059587371218474,0.9782255559438894,20.037812927162364
PGSZ02,PRSZ02,2,0.425682400553941,0.0,2.4256824005539412
PGSZ02,PRSZ05,1,0.552166655718784,0.0,1.5521666557187839
PGSZ02,PRSZ08,1,0.2931906937167291,0.0,1.293190693716729
PGSZ02,QTSZ08,1,0.22062698226153812,0.0,1.220626982261538
PGSZ02,QTSZ10,1,0.2971758345026523,0.0,1.2971758345026523
PGSZ02,QTSZ14,1,0.2135097145731811,0.0,1.213509714573181
PGSZ02,RCSZ10,2,0.21421042436148574,0.0,2.214210424361486
PGSZ02,SBSZ03,1,0.3385318792729093,0.0,1.3385318792729093
PGSZ02,SESZ02,5,1.6057150484229645,0.9554161553334755,7.56113120375644
PGSZ02,SESZ03,5,1.4700588037418023,0.7013768857711423,7.171435689512944
PGSZ02,SESZ04,2,1.0310450228575603,0.40820367166831323,3.4392486945258733
PGSZ02,SESZ05,3,0.46481538063079597,0.2565583984580224,3.721373779088818
PGSZ02,SESZ06,4,1.1168498860042635,0.9271377843898817,6.043987670394146
PGSZ02,SGSZ05,1,0.3248177511755527,0.0,1.3248177511755528
PGSZ02,SGSZ06,2,0.3547371311906761,0.0,2.354737131190676
PGSZ02,SGSZ07,1,0.0929234232287717,0.0,1.0929234232287717
PGSZ02,SLSZ01,1,0.28667082844814806,0.0,1.286670828448148
PGSZ02,TMSZ01,1,0.3968176326588342,0.0,1.3968176326588342
PGSZ02,TMSZ02,2,1.2848992893321491,0.0,3.284899289332149
PGSZ02,TMSZ04,3,0.691744412943676,0.0,3.691744412943676
PGSZ02,TPSZ09,1,0.13315812674876332,0.0,1.1331581267487634
PGSZ02,TSSZ05,1,0.29191929202209643,0.0,1.2919192920220963
PGSZ02,WDSZ01,2,0.11776297096491212,0.0,2.117762970964912
PGSZ02,WDSZ02,2,0.3454136701076052,0.0,2.345413670107605
PGSZ02,WDSZ03,1,0.3023794169291214,0.0,1.3023794169291214
PGSZ02,YSSZ01,2,0.2357890182556685,0.0,2.2357890182556686
PGSZ02,YSSZ04,1,0.304928545080269,0.0,1.304928545080269
PGSZ03,AMSZ01,4,1.2421817950572964,0.0,5.242181795057297
PGSZ03,AMSZ08,2,0.4233524604311402,0.0,2.4233524604311403
PGSZ03,AMSZ09,1,0.251530482282048,0.0,1.2515304822820479
PGSZ03,AMSZ10,1,0.40474108093309563,0.0,1.4047410809330956
PGSZ03,AMSZ12,3,0.35721467883940994,0.0,3.35721467883941
PGSZ03,BDSZ01,3,0.9245932447444576,0.0,3.9245932447444574
PGSZ03,BDSZ05,1,0.6084186174470788,0.0,1.6084186174470787
PGSZ03,BKSZ05,1,0.5482493574423072,0.0,1.548249357442307
PGSZ03,BMSZ01,2,0.6792512147393112,0.0,2.679251214739311
PGSZ03,BMSZ02,1,0.27440085481325904,0.0,1.274400854813259
PGSZ03,BMSZ04,1,0.19299793941264895,0.0,1.1929979394126489
PGSZ03,BMSZ05,2,0.5918987892427546,0.0,2.5918987892427547
PGSZ03,BMSZ12,3,0.7050611765849658,0.0,3.705061176584966
PGSZ03,BMSZ17,4,0.3706359102451403,0.0,4.370635910245141
PGSZ03,BPSZ05,1,0.43189888079221916,0.0,1.431898880792219
PGSZ03,BSSZ01,1,0.731134639286743,0.0,1.731134639286743
PGSZ03,BTSZ01,1,0.4917859568053976,0.0,1.4917859568053977
PGSZ03,CHSZ02,1,0.22044384911501072,0.0,1.2204438491150107
PGSZ03,CHSZ03,6,1.9413315156847943,0.0,7.941331515684794
PGSZ03,CKSZ03,1,0.34933419937529575,0.0,1.3493341993752956
PGSZ03,CLSZ01,1,0.31552848281006257,0.0,1.3155284828100626
PGSZ03,CLSZ09,1,0.10435859068506095,0.0,1.104358590685061
PGSZ03,DTSZ02,1,0.3161889611214227,0.0,1.3161889611214228
PGSZ03,DTSZ03,6,0.7395371242131302,0.0,6.73953712421313
PGSZ03,DTSZ05,7,0.6151858608093923,0.0,7.615185860809392
PGSZ03,DTSZ08,5,0.47768339173426005,0.0,5.47768339173426
PGSZ03,DTSZ11,3,0.5110006142381288,0.0,3.511000614238129
PGSZ03,DTSZ12,2,0.5265916111921369,0.0,2.5265916111921367
PGSZ03,GLSZ01,2,0.8053448725277462,0.0,2.8053448725277463
PGSZ03,GLSZ03,3,1.1340216449359288,0.0,4.134021644935929
PGSZ03,GLSZ04,2,0.9890181875221891,0.0,2.989018187522189
PGSZ03,GLSZ05,1,0.5144600947121847,0.0,1.5144600947121847
PGSZ03,HGSZ01,1,0.4153716696685463,0.0,1.4153716696685463
PGSZ03,HGSZ02,1,0.7029894835781575,0.0,1.7029894835781576
PGSZ03,HGSZ04,1,0.5167341045846758,0.3486533268394756,1.8653874314241514
PGSZ03,HGSZ05,2,1.2404527974376385,0.8860100432343285,4.126462840671967
PGSZ03,HGSZ06,1,0.8563326080909842,0.0,1.8563326080909843
PGSZ03,HGSZ07,1,0.3953185394859263,0.0,1.3953185394859262
PGSZ03,HGSZ08,1,0.449670135779101,0.0,1.449670135779101
PGSZ03,JESZ05,1,0.511529869887384,0.0,1.511529869887384
PGSZ03,KLSZ01,2,0.8876235207269257,0.0,2.8876235207269256
PGSZ03,KLSZ05,2,0.34979106816434563,0.0,2.3497910681643455
PGSZ03,KLSZ07,1,0.47273773943345015,0.0,1.4727377394334502
PGSZ03,KLSZ08,2,0.6542085363906915,0.0,2.6542085363906915
PGSZ03,KLSZ09,3,0.1755773126751353,0.0,3.175577312675135
PGSZ03,MPSZ03,1,0.5895853525513426,0.0,1.5895853525513426
PGSZ03,MUSZ01,7,0.39080489720755357,0.0,7.390804897207554
PGSZ03,MUSZ03,1,0.07053528436645704,0.0,1.070535284366457
PGSZ03,NTSZ03,1,0.12420997867206983,0.0,1.1242099786720698
PGSZ03,NVSZ01,1,0.902885556235972,0.0,1.9028855562359719
PGSZ03,NVSZ02,1,0.6276176338878116,0.0,1.6276176338878114
PGSZ03,ORSZ02,3,1.0264798366258443,0.0,4.026479836625844
PGSZ03,ORSZ03,2,0.5839222334767761,0.0,2.583922233476776
PGSZ03,OTSZ03,7,0.8492615103514322,0.0,7.8492615103514325
PGSZ03,OTSZ04,1,0.11339419740220412,0.0,1.1133941974022041
PGSZ03,PGSZ01,5,0.39563358673709287,0.0,5.395633586737093
PGSZ03,PGSZ02,9,2.097938375196479,1.8920774171205559,12.990015792317035
PGSZ03,PGSZ03,8,2.8063460433063763,23.35391992004268,34.16026596334906
PGSZ03,PGSZ04,11,3.481985612684973,5.229552176868186,19.71153778955316
PGSZ03,PGSZ05,5,1.3746987417915695,0.6308741819991871,7.005572923790756
PGSZ03,PLSZ01,1,0.18538459832683984,0.0,1.1853845983268398
PGSZ03,PRSZ02,1,0.7695640128203837,0.0,1.7695640128203838
PGSZ03,PRSZ03,1,0.7925833737933363,0.0,1.7925833737933363
PGSZ03,PRSZ04,1,0.21803169244991347,0.0,1.2180316924499135
PGSZ03,PRSZ06,1,0.21444905316209706,0.0,1.214449053162097
PGSZ03,QTSZ05,1,0.30595572715463376,0.0,1.3059557271546338
PGSZ03,QTSZ08,3,0.8383702061209237,0.0,3.8383702061209237
PGSZ03,QTSZ12,1,0.21075588601594542,0.0,1.2107558860159453
PGSZ03,QTSZ14,3,0.6421071363012446,0.0,3.6421071363012447
PGSZ03,RCSZ01,4,0.2855266548813163,0.0,4.285526654881316
PGSZ03,RCSZ03,1,0.1080793143838059,0.0,1.108079314383806
PGSZ03,RCSZ09,2,0.21452725655687696,0.0,2.214527256556877
PGSZ03,SESZ02,1,0.7430582918751851,0.44208797723444127,2.1851462691096266
PGSZ03,SESZ03,10,3.435774341589861,3.732817283334205,17.168591624924066
PGSZ03,SESZ04,2,2.515455294881856,1.1913590661546292,5.706814361036486
PGSZ03,SESZ05,1,0.5503537309062214,0.29133054470284653,1.841684275609068
PGSZ03,SGSZ02,1,0.22890361499114795,0.0,1.2289036149911479
PGSZ03,SGSZ04,4,1.5137259280421245,0.0,5.513725928042124
PGSZ03,SGSZ05,2,0.582643747401643,0.0,2.582643747401643
PGSZ03,SGSZ06,3,0.8815153290405031,0.0,3.881515329040503
PGSZ03,SLSZ01,1,0.4279858534610352,0.0,1.4279858534610352
PGSZ03,SRSZ01,1,0.31351212880609064,0.0,1.3135121288060907
PGSZ03,SRSZ02,1,0.0966263241682804,0.0,1.0966263241682803
PGSZ03,TMSZ01,1,0.6235542010235459,0.0,1.6235542010235458
PGSZ03,TMSZ02,1,1.0288410352991106,0.0,2.0288410352991106
PGSZ03,TMSZ03,1,0.9729917701812159,0.0,1.9729917701812159
PGSZ03,TMSZ04,5,1.4230123759877178,0.0,6.423012375987717
PGSZ03,TMSZ05,2,1.00619317823996,0.0,3.0061931782399602
PGSZ03,TPSZ06,2,0.7295957961221067,0.0,2.7295957961221067
PGSZ03,TSSZ05,1,0.6116823956420347,0.0,1.6116823956420347
PGSZ03,TSSZ06,1,0.05864350946468698,0.0,1.0586435094646869
PGSZ03,WDSZ01,1,0.11648136107817429,0.0,1.1164813610781743
PGSZ03,WDSZ02,3,0.5819195020717199,0.0,3.58191950207172
PGSZ03,WDSZ04,1,0.31052598211605537,0.0,1.3105259821160553
PGSZ03,YSSZ09,1,0.6086570894920725,0.0,1.6086570894920724
PGSZ04,AMSZ01,3,1.075117064143004,0.0,4.075117064143004
PGSZ04,AMSZ02,1,0.525232181368784,0.0,1.525232181368784
PGSZ04,AMSZ12,2,0.33616381410417573,0.0,2.3361638141041756
PGSZ04,BDSZ01,2,1.385805954375238,0.0,3.385805954375238
PGSZ04,BDSZ03,1,0.7792682508510265,0.0,1.7792682508510265
PGSZ04,BDSZ04,2,1.222841532208699,0.0,3.222841532208699
PGSZ04,BDSZ05,1,0.627368909106344,0.0,1.6273689091063441
PGSZ04,BKSZ05,1,0.560787367106554,0.0,1.560787367106554
PGSZ04,BMSZ01,1,0.3700972352083861,0.0,1.370097235208386
PGSZ04,BMSZ02,4,0.44308268976189225,0.0,4.4430826897618925
PGSZ04,BMSZ05,2,0.3755182599263849,0.0,2.375518259926385
PGSZ04,BMSZ07,1,0.49003743346598283,0.0,1.4900374334659827
PGSZ04,BMSZ17,2,0.23098864523825,0.0,2.23098864523825
PGSZ04,BSSZ01,2,0.9708798012688048,0.0,2.9708798012688047
PGSZ04,BSSZ03,1,0.5669863884012447,0.0,1.5669863884012447
PGSZ04,BTSZ01,2,0.5724405137496161,0.0,2.572440513749616
PGSZ04,CHSZ02,2,0.35026187163262573,0.0,2.350261871632626
PGSZ04,CHSZ03,5,1.669846151416465,0.0,6.669846151416465
PGSZ04,CKSZ01,1,0.3353915119122145,0.0,1.3353915119122144
PGSZ04,CKSZ03,1,0.35114720634026264,0.0,1.3511472063402628
PGSZ04,DTSZ03,2,0.546440778889083,0.0,2.546440778889083
PGSZ04,DTSZ04,1,0.0780625882666815,0.0,1.0780625882666814
PGSZ04,DTSZ05,5,0.7046044840949494,0.0,5.70460448409495
PGSZ04,DTSZ08,5,0.4542143231885649,0.0,5.454214323188565
PGSZ04,DTSZ11,1,0.39760238381700796,0.0,1.397602383817008
PGSZ04,DTSZ12,1,0.1525180968380668,0.0,1.1525180968380668
PGSZ04,GLSZ01,2,0.5848997068570112,0.0,2.584899706857011
PGSZ04,GLSZ02,1,0.31701178738409497,0.0,1.317011787384095
PGSZ04,GLSZ03,3,1.0886307760624443,0.0,4.088630776062445
PGSZ04,GLSZ04,1,0.5369516791281321,0.0,1.5369516791281321
PGSZ04,GLSZ05,2,1.1889082497664358,0.0,3.1889082497664356
PGSZ04,HGSZ02,1,0.7290286521085195,0.1770038962284326,1.9060325483369522
PGSZ04,HGSZ05,1,0.8507531823195107,0.0,1.8507531823195107
PGSZ04,HGSZ06,5,1.6231008162994922,0.0,6.623100816299492
PGSZ04,HGSZ08,3,0.9249958602667226,0.0,3.9249958602667228
PGSZ04,JESZ02,1,0.06846658640011476,0.0,1.0684665864001148
PGSZ04,JESZ05,1,0.31175986563454644,0.0,1.3117598656345464
PGSZ04,JESZ07,1,0.041931013297636335,0.0,1.0419310132976363
PGSZ04,JWSZ06,1,0.1646755739314979,0.0,1.1646755739314978
PGSZ04,JWSZ09,1,0.5363105788797276,0.0,1.5363105788797276
PGSZ04,KLSZ01,2,1.0215229441840157,0.0,3.0215229441840155
PGSZ04,KLSZ02,1,0.17590365845431222,0.0,1.1759036584543123
PGSZ04,KLSZ03,1,0.04295706810133499,0.0,1.042957068101335
PGSZ04,KLSZ05,1,0.24796520264654193,0.0,1.247965202646542
PGSZ04,KLSZ06,1,0.3955094310211616,0.0,1.3955094310211615
PGSZ04,KLSZ08,4,0.8298111478541008,0.0,4.829811147854101
PGSZ04,MPSZ02,1,0.421430717675778,0.0,1.4214307176757779
PGSZ04,MPSZ03,1,0.5642921974907172,0.0,1.5642921974907171
PGSZ04,MUSZ01,1,0.15751023246334353,0.0,1.1575102324633435
PGSZ04,MUSZ03,1,0.04383401264700466,0.0,1.0438340126470047
PGSZ04,NTSZ05,1,0.0,0.0,1.0
PGSZ04,NVSZ01,3,1.6381859549759876,0.0,4.638185954975988
PGSZ04,NVSZ02,3,1.0927492245772976,0.0,4.092749224577298
PGSZ04,ORSZ01,1,0.047546601131831616,0.0,1.0475466011318315
PGSZ04,ORSZ02,1,0.3128796057388746,0.0,1.3128796057388745
PGSZ04,ORSZ03,1,0.2769951037800448,0.0,1.2769951037800449
PGSZ04,OTSZ01,2,0.09078934551586101,0.0,2.090789345515861
PGSZ04,OTSZ03,7,0.616339614772375,0.0,7.616339614772375
PGSZ04,OTSZ04,2,0.12691282989384456,0.0,2.1269128298938447
PGSZ04,PGSZ01,2,1.10743615082456,0.0,3.10743615082456
PGSZ04,PGSZ02,15,3.7375694725393513,0.648493530488881,19.386063003028234
PGSZ04,PGSZ03,5,1.8514616635324797,2.547269760557101,9.39873142408958
PGSZ04,PGSZ04,19,10.590306794122569,24.95044845076224,54.54075524488481
PGSZ04,PGSZ05,12,4.2546953224488036,1.061979603215567,17.31667492566437
PGSZ04,PRSZ01,1,0.0,0.0,1.0
PGSZ04,PRSZ03,4,1.4710433467168442,0.0,5.4710433467168444
PGSZ04,PRSZ05,1,1.257695031240768,0.0,2.257695031240768
PGSZ04,PRSZ06,1,0.19999572372198274,0.0,1.1999957237219827
PGSZ04,QTSZ05,2,0.38183984672715066,0.0,2.381839846727151
PGSZ04,QTSZ08,2,0.5785637783164839,0.0,2.578563778316484
PGSZ04,QTSZ14,1,0.333145816757722,0.0,1.333145816757722
PGSZ04,RCSZ03,1,0.09398859656100715,0.0,1.0939885965610072
PGSZ04,RCSZ10,3,0.2294056288268862,0.0,3.2294056288268864
PGSZ04,SBSZ01,1,0.9334261033689685,0.0,1.9334261033689684
PGSZ04,SBSZ03,1,0.36957187789657225,0.0,1.3695718778965722
PGSZ04,SESZ02,3,2.676457410060358,2.0117818852938254,7.688239295354183
PGSZ04,SESZ03,14,2.9174116997877437,3.3779240824769237,20.295335782264665
PGSZ04,SESZ04,6,2.434932203077985,1.8135304344574434,10.248462637535429
PGSZ04,SESZ05,3,0.953847011527852,0.41028505539847343,4.3641320669263255
PGSZ04,SESZ06,2,2.0285105684769715,0.0,4.028510568476971
PGSZ04,SGSZ04,3,1.4856483540611793,0.0,4.48564835406118
PGSZ04,SGSZ06,3,0.8523452624152654,0.0,3.852345262415265
PGSZ04,SRSZ02,3,0.20996825157496646,0.0,3.2099682515749666
PGSZ04,SRSZ03,1,0.14881704866779094,0.0,1.1488170486677909
PGSZ04,TMSZ01,2,0.9396867648528985,0.0,2.9396867648528984
PGSZ04,TMSZ02,2,1.584908561159565,0.0,3.584908561159565
PGSZ04,TMSZ03,2,1.7506349234838574,0.0,3.750634923483857
PGSZ04,TMSZ04,5,1.8064580097291716,0.0,6.806458009729171
PGSZ04,TMSZ05,5,1.2083051679432257,0.0,6.208305167943226
PGSZ04,TPSZ03,1,0.15595350181394238,0.0,1.1559535018139424
PGSZ04,TPSZ05,1,0.1346969017205948,0.0,1.1346969017205948
PGSZ04,TPSZ06,1,0.4766384974269835,0.0,1.4766384974269835
PGSZ04,TPSZ12,1,0.32451716072358683,0.0,1.3245171607235868
PGSZ04,TSSZ05,2,0.5568460970264805,0.0,2.5568460970264804
PGSZ04,WCSZ01,1,0.42841872507561224,0.0,1.4284187250756122
PGSZ04,WDSZ02,2,0.6271167570738133,0.0,2.6271167570738134
PGSZ04,WDSZ03,1,0.4531489400012629,0.0,1.453148940001263
PGSZ04,WDSZ05,1,0.4102682936240827,0.0,1.4102682936240827
PGSZ04,YSSZ01,2,0.358754930894027,0.0,2.358754930894027
PGSZ04,YSSZ04,1,0.402574897683609,0.0,1.402574897683609
PGSZ04,YSSZ08,1,0.12598102320263244,0.0,1.1259810232026324
PGSZ04,YSSZ09,1,0.5137432254093177,0.0,1.5137432254093177
PGSZ05,AMSZ01,2,1.2106522132155515,0.0,3.2106522132155515
PGSZ05,AMSZ03,1,0.46498298886172384,0.0,1.4649829888617238
PGSZ05,AMSZ08,1,0.1630720529120818,0.0,1.1630720529120817
PGSZ05,AMSZ10,3,0.7721590008199327,0.0,3.772159000819933
PGSZ05,AMSZ12,1,0.20959512102397174,0.0,1.2095951210239717
PGSZ05,BDSZ02,1,1.1439046089758158,0.0,2.1439046089758156
PGSZ05,BDSZ03,1,0.8244971356708898,0.0,1.8244971356708897
PGSZ05,BDSZ05,1,0.679444556054824,0.0,1.6794445560548241
PGSZ05,BDSZ06,1,1.2843256611577705,0.0,2.2843256611577702
PGSZ05,BKSZ01,1,0.1403789952951452,0.0,1.140378995295145
PGSZ05,BKSZ09,1,0.30151352952875826,0.0,1.3015135295287583
PGSZ05,BMSZ01,5,1.0910022326078648,0.0,6.091002232607865
PGSZ05,BMSZ02,1,0.33114476292842165,0.0,1.3311447629284217
PGSZ05,BMSZ04,1,0.21230490459960918,0.0,1.2123049045996093
PGSZ05,BMSZ12,2,0.5018158697140295,0.0,2.5018158697140294
PGSZ05,BMSZ17,2,0.3117345525045804,0.0,2.3117345525045803
PGSZ05,BSSZ01,2,1.3901513017194238,0.0,3.390151301719424
PGSZ05,BTSZ03,1,0.18669763948322143,0.0,1.1866976394832214
PGSZ05,CCSZ01,1,0.12932565976910207,0.0,1.1293256597691022
PGSZ05,CHSZ02,2,0.42283825917519563,0.0,2.4228382591751956
PGSZ05,CHSZ03,1,0.623534826548787,0.0,1.623534826548787
PGSZ05,CKSZ06,1,0.3300684077415264,0.0,1.3300684077415263
PGSZ05,DTSZ01,2,0.401373753099034,0.0,2.4013737530990342
PGSZ05,DTSZ02,2,0.5672553076848008,0.0,2.5672553076848006
PGSZ05,DTSZ03,2,0.6360712828588174,0.0,2.6360712828588175
PGSZ05,DTSZ04,1,0.1069372149731677,0.0,1.1069372149731678
PGSZ05,DTSZ05,5,0.7604354351380664,0.0,5.760435435138066
PGSZ05,DTSZ08,4,0.37529981968015774,0.0,4.375299819680158
PGSZ05,DTSZ09,1,0.1263217879604968,0.0,1.1263217879604968
PGSZ05,DTSZ11,5,0.5450338277358946,0.0,5.545033827735894
PGSZ05,DTSZ12,2,0.30898328334769337,0.0,2.3089832833476933
PGSZ05,GLSZ03,1,0.6170941025050329,0.0,1.617094102505033
PGSZ05,GLSZ04,2,1.1481599293934608,0.0,3.1481599293934606
PGSZ05,GLSZ05,1,0.5875206464945468,0.0,1.5875206464945468
PGSZ05,HGSZ02,2,2.110849230691238,0.0,4.1108492306912385
PGSZ05,HGSZ03,1,0.9165917314023894,0.5740888525600084,2.4906805839623978
PGSZ05,HGSZ05,1,0.8838000651144771,0.0,1.883800065114477
PGSZ05,HGSZ06,2,1.887720499911303,0.0,3.8877204999113033
PGSZ05,HGSZ07,2,0.704959643008423,0.0,2.704959643008423
PGSZ05,HGSZ08,4,1.6924015099807392,0.0,5.692401509980739
PGSZ05,JESZ01,1,0.13295992642690116,0.0,1.1329599264269012
PGSZ05,JESZ04,1,0.04582176124838473,0.0,1.0458217612483847
PGSZ05,JESZ05,2,0.43365123475294703,0.0,2.433651234752947
PGSZ05,KLSZ01,1,0.8275953209196881,0.0,1.8275953209196882
PGSZ05,KLSZ06,1,0.4145202499979001,0.0,1.4145202499979002
PGSZ05,KLSZ07,2,0.5941633411419286,0.0,2.5941633411419285
PGSZ05,KLSZ08,1,0.493297023626743,0.0,1.4932970236267429
PGSZ05,KLSZ09,1,0.06850229215410837,0.0,1.0685022921541083
PGSZ05,MUSZ01,2,0.23010550971442423,0.0,2.2301055097144244
PGSZ05,NTSZ03,4,0.16774486640317035,0.0,4.16774486640317
PGSZ05,NTSZ05,1,0.0,0.0,1.0
PGSZ05,NVSZ01,1,1.0566895442729902,0.0,2.0566895442729902
PGSZ05,NVSZ02,4,1.0754110649023676,0.0,5.075411064902368
PGSZ05,ORSZ03,4,0.503175321756982,0.0,4.503175321756982
PGSZ05,OTSZ03,5,0.8200865565709166,0.0,5.820086556570916
PGSZ05,PGSZ01,1,0.8973316331825697,0.0,1.8973316331825698
PGSZ05,PGSZ02,13,3.704170511271545,0.3489238911180349,17.05309440238958
PGSZ05,PGSZ03,8,2.5271046231292287,0.5399295871395232,11.067034210268753
PGSZ05,PGSZ04,13,4.836962815738086,2.1307089747250045,19.96767179046309
PGSZ05,PGSZ05,6,17.874846418992522,26.851268569517984,50.7261149885105
PGSZ05,PLSZ01,1,0.24439152733549166,0.0,1.2443915273354917
PGSZ05,PRSZ05,1,1.4850826807249902,0.0,2.4850826807249904
PGSZ05,PRSZ06,1,0.22870218434970255,0.0,1.2287021843497026
PGSZ05,QTSZ06,1,0.19616442411200669,0.0,1.1961644241120066
PGSZ05,QTSZ10,1,0.37811236427265105,0.0,1.378112364272651
PGSZ05,QTSZ11,3,0.7857273692792666,0.0,3.7857273692792663
PGSZ05,QTSZ12,1,0.1859327994398055,0.0,1.1859327994398055
PGSZ05,QTSZ13,1,0.36017046451307594,0.0,1.3601704645130759
PGSZ05,RCSZ08,1,0.0,0.0,1.0
PGSZ05,SESZ03,7,3.063896227137121,0.46013705360841817,10.52403328074554
PGSZ05,SESZ04,1,1.123658615200839,0.09386808147804314,2.217526696678882
PGSZ05,SESZ06,1,1.3621183096092058,0.0,2.3621183096092055
PGSZ05,SGSZ02,1,0.16483376998846527,0.0,1.1648337699884652
PGSZ05,SGSZ03,1,0.720046924669577,0.0,1.7200469246695769
PGSZ05,SGSZ04,1,1.0187508541769303,0.0,2.0187508541769303
PGSZ05,SGSZ06,2,0.7524726575611254,0.0,2.7524726575611256
PGSZ05,SKSZ03,1,0.12553962979442704,0.0,1.1255396297944271
PGSZ05,SRSZ01,1,0.3380476079684524,0.0,1.3380476079684525
PGSZ05,SRSZ02,1,0.06028453884611241,0.0,1.0602845388461124
PGSZ05,TMSZ03,2,1.8584937805852295,0.0,3.8584937805852295
PGSZ05,TMSZ04,3,1.5787427030246473,0.0,4.5787427030246475
PGSZ05,TMSZ05,2,0.84798039529971,0.0,2.84798039529971
PGSZ05,TPSZ01,1,0.3233089340416487,0.0,1.3233089340416486
PGSZ05,TPSZ03,1,0.17768578113863703,0.0,1.177685781138637
PGSZ05,TPSZ06,2,0.7947753826759439,0.0,2.794775382675944
PGSZ05,TPSZ08,1,0.13135982183712042,0.0,1.1313598218371204
PGSZ05,TPSZ10,1,0.20336768199659816,0.0,1.2033676819965982
PGSZ05,TPSZ12,1,0.3009180855832864,0.0,1.3009180855832865
PGSZ05,WCSZ01,2,1.110788059660374,0.0,3.110788059660374
PGSZ05,WDSZ01,2,0.1321182875351754,0.0,2.1321182875351754
PGSZ05,WDSZ08,1,0.2199184937815298,0.0,1.2199184937815297
PGSZ05,YSSZ01,1,0.333032725968213,0.0,1.3330327259682129
PGSZ05,YSSZ09,1,0.5874835504448243,0.0,1.5874835504448241
PLSZ01,AMSZ01,1,0.1435036077927231,0.0,1.1435036077927232
PLSZ01,BDSZ02,1,0.1884932233419514,0.0,1.1884932233419514
PLSZ01,BDSZ04,1,0.4988863753295016,0.0,1.4988863753295016
PLSZ01,BMSZ11,1,0.00941856838073844,0.0,1.0094185683807384
PLSZ01,BSSZ03,1,0.1318761556343358,0.0,1.1318761556343357
PLSZ01,JWSZ02,1,0.049462132410780485,0.0,1.0494621324107805
PLSZ01,PGSZ03,1,0.1202790502132197,0.0,1.1202790502132196
PLSZ01,PGSZ05,1,0.16451754517079742,0.0,1.1645175451707974
PLSZ01,PRSZ02,1,0.36267652640095427,0.0,1.3626765264009544
PLSZ01,PRSZ03,1,0.36240563673709225,0.0,1.3624056367370923
PLSZ01,SESZ04,2,0.3034067813920943,0.0,2.3034067813920944
PLSZ01,TMSZ02,2,1.0053816686671913,0.0,3.0053816686671913
PLSZ01,TMSZ03,1,0.3254195365833408,0.0,1.3254195365833408
PLSZ01,TMSZ04,1,0.3342731919479431,0.0,1.3342731919479431
PLSZ03,HGSZ02,1,0.1428058183506176,0.0,1.1428058183506176
PLSZ03,HGSZ04,2,0.09821524696363544,0.0,2.0982152469636355
PLSZ03,TMSZ02,2,0.4722424461084496,0.0,2.47224244610845
PLSZ03,TMSZ03,1,0.15024204413065262,0.0,1.1502420441306527
PLSZ03,YSSZ03,1,0.07430145877909314,0.0,1.074301458779093
PLSZ03,YSSZ09,1,0.06219298566817075,0.0,1.0621929856681707
PLSZ04,BDSZ01,2,0.04626417969921828,0.8397354980785567,2.885999677777775
PLSZ04,BDSZ02,1,0.023876733966217794,0.4034017892199122,1.42727852318613
PLSZ04,BDSZ04,2,0.09827816889542489,0.0,2.098278168895425
PLSZ04,BMSZ02,1,0.006039860304963873,0.0,1.0060398603049638
PLSZ04,BSSZ01,2,0.03253947605804991,0.0,2.0325394760580497
PLSZ04,CHSZ03,1,0.026015725196328672,0.0,1.0260157251963287
PLSZ04,CKSZ03,1,0.013078540338528885,0.0,1.013078540338529
PLSZ04,CLSZ03,2,0.0599462252060436,0.0,2.0599462252060436
PLSZ04,DTSZ05,1,0.007648928269500072,0.0,1.0076489282695
PLSZ04,GLSZ04,1,0.049902677412965724,0.0,1.0499026774129656
PLSZ04,GLSZ05,3,0.022940751524400525,0.0,3.0229407515244007
PLSZ04,HGSZ04,1,0.016931950184136724,1.175879251396175,2.192811201580312
PLSZ04,HGSZ06,1,0.031648045321056556,0.8135333466022002,1.8451813919232567
PLSZ04,HGSZ08,1,0.01828829183404193,0.7117183361458396,1.7300066279798814
PLSZ04,JWSZ04,2,0.012034139546847282,0.0,2.0120341395468473
PLSZ04,JWSZ09,1,0.015537826303853093,0.0,1.015537826303853
PLSZ04,KLSZ05,1,0.007498137287236998,0.0,1.007498137287237
PLSZ04,KLSZ06,1,0.01711431260761087,0.0,1.0171143126076108
PLSZ04,MUSZ01,1,0.012211514346601612,0.0,1.0122115143466015
PLSZ04,OTSZ03,1,0.01365818597416333,0.0,1.0136581859741634
PLSZ04,PRSZ03,1,0.02802719291402877,0.0,1.0280271929140288
PLSZ04,QTSZ06,1,0.00421417135195423,0.0,1.0042141713519541
PLSZ04,QTSZ11,1,0.011705073230802537,0.0,1.0117050732308026
PLSZ04,SESZ02,1,0.027070376488864168,0.0,1.0270703764888642
PLSZ04,SESZ03,2,0.08080127898215861,0.0,2.0808012789821584
PLSZ04,SESZ06,1,0.04604369690848453,0.0,1.0460436969084845
PLSZ04,SGSZ04,1,0.025094926710437775,0.0,1.0250949267104377
PLSZ04,TMSZ02,2,0.09936008917428768,0.0,2.099360089174288
PLSZ04,TMSZ04,2,0.03989281634895976,0.0,2.0398928163489596
PLSZ04,TPSZ02,1,0.011531330567684545,0.0,1.0115313305676845
PLSZ04,TPSZ12,1,0.01611483145513874,0.055590095704150966,1.0717049271592898
PLSZ04,WDSZ02,1,0.005042203727154167,0.0,1.0050422037271542
PLSZ04,WDSZ03,1,0.018157959791152648,0.0,1.0181579597911528
PLSZ04,YSSZ03,1,0.02067755102965299,0.0,1.020677551029653
PLSZ04,YSSZ04,1,0.023166884973230807,0.0,1.0231668849732307
PLSZ04,YSSZ09,1,0.011645946069173626,0.0,1.0116459460691736
PLSZ05,GLSZ03,1,0.0,0.0,1.0
PLSZ05,KLSZ01,2,0.0,0.0,2.0
PLSZ05,QTSZ11,1,0.0,0.0,1.0
PLSZ05,TPSZ02,2,0.0,0.0,2.0
PLSZ05,TPSZ06,1,0.0,0.0,1.0
PNSZ01,BDSZ04,1,0.7077442248726514,0.0,1.7077442248726515
PNSZ01,BKSZ04,1,0.1417524383549614,0.0,1.1417524383549613
PNSZ01,BKSZ07,1,0.23648692858136036,0.0,1.2364869285813604
PNSZ01,BKSZ09,1,0.26093965723186885,0.0,1.260939657231869
PNSZ01,BLSZ02,1,0.06001306386835089,0.0,1.060013063868351
PNSZ01,BMSZ06,1,0.738358801644044,0.0,1.7383588016440439
PNSZ01,BPSZ04,1,0.19725787183371354,0.0,1.1972578718337135
PNSZ01,BTSZ02,1,0.12366184760666914,0.0,1.123661847606669
PNSZ01,CKSZ03,2,0.4922517505815911,0.0,2.492251750581591
PNSZ01,CKSZ05,1,0.13797346176298275,0.0,1.1379734617629826
PNSZ01,CKSZ06,1,0.21038137335472457,0.0,1.2103813733547246
PNSZ01,CLSZ04,1,0.18317767677650068,0.0,1.1831776767765008
PNSZ01,CLSZ06,1,0.2014702434274549,0.0,1.201470243427455
PNSZ01,GLSZ02,1,0.01729331229409142,0.0,1.0172933122940915
PNSZ01,GLSZ05,1,0.09195941680317672,0.0,1.0919594168031768
PNSZ01,HGSZ06,1,0.19042136515781097,0.0,1.190421365157811
PNSZ01,JESZ03,2,0.41285626371372236,0.0,2.4128562637137225
PNSZ01,JESZ05,2,0.4818352727330151,0.0,2.481835272733015
PNSZ01,JWSZ01,2,0.057852353859664,0.0,2.057852353859664
PNSZ01,JWSZ02,2,0.4398022888217243,0.0,2.439802288821724
PNSZ01,JWSZ04,1,0.40314782676783456,0.0,1.4031478267678346
PNSZ01,JWSZ08,1,0.7712432349127495,0.0,1.7712432349127494
PNSZ01,JWSZ09,3,0.9010201493747418,0.0,3.901020149374742
PNSZ01,PNSZ02,3,0.0,0.0,3.0
PNSZ01,PNSZ03,2,0.0,0.0,2.0
PNSZ01,PNSZ05,1,0.046387104828922346,0.0,1.0463871048289224
PNSZ01,QTSZ02,1,0.07841532306937384,0.0,1.0784153230693738
PNSZ01,QTSZ10,1,0.20581549702384358,0.0,1.2058154970238435
PNSZ01,QTSZ11,1,0.20372784851811448,0.0,1.2037278485181144
PNSZ01,QTSZ13,1,0.1514508647891089,0.0,1.1514508647891089
PNSZ01,RCSZ01,1,0.04421017958485375,0.0,1.0442101795848537
PNSZ01,TPSZ02,1,0.1431603210840539,0.0,1.143160321084054
PNSZ01,WCSZ01,1,0.19120285562202752,0.0,1.1912028556220275
PNSZ01,WDSZ03,1,0.27053354065205626,0.0,1.2705335406520564
PNSZ01,WDSZ05,1,0.20619564048403144,0.0,1.2061956404840315
PNSZ02,BDSZ06,1,0.3777398763177554,0.0,1.3777398763177553
PNSZ02,BKSZ04,1,0.1773433889568544,0.0,1.1773433889568543
PNSZ02,BKSZ05,3,0.511922648054591,0.0,3.511922648054591
PNSZ02,BLSZ02,2,0.09781663829648345,0.0,2.0978166382964836
PNSZ02,BMSZ13,1,0.11042740125561194,0.0,1.110427401255612
PNSZ02,BPSZ04,1,0.1865052178270882,0.0,1.1865052178270883
PNSZ02,CKSZ03,1,0.2722604001025899,0.0,1.27226040010259
PNSZ02,CLSZ06,1,0.27518385312520766,0.0,1.2751838531252075
PNSZ02,GLSZ03,1,0.13983036500519536,0.0,1.1398303650051953
PNSZ02,HGSZ04,1,0.07374333080033542,0.0,1.0737433308003355
PNSZ02,HGSZ07,1,0.21248547256544945,0.0,1.2124854725654495
PNSZ02,JESZ02,1,0.03389523397804585,0.0,1.0338952339780458
PNSZ02,JESZ03,2,0.6201776672184284,0.0,2.6201776672184285
PNSZ02,JESZ05,3,0.506115963376706,0.0,3.506115963376706
PNSZ02,JWSZ02,1,0.3200943924734076,0.0,1.3200943924734077
PNSZ02,JWSZ03,1,0.22167600170343282,0.0,1.221676001703433
PNSZ02,JWSZ04,2,0.6150478071216909,0.0,2.615047807121691
PNSZ02,JWSZ08,3,0.6710126364731138,0.0,3.671012636473114
PNSZ02,JWSZ09,7,1.0371538369761273,0.0,8.037153836976128
PNSZ02,KLSZ03,1,0.0,0.0,1.0
PNSZ02,ORSZ03,1,0.19043519235674172,0.0,1.1904351923567418
PNSZ02,OTSZ03,1,0.20307655972715394,0.0,1.203076559727154
PNSZ02,PNSZ01,2,0.18181645619348558,0.0,2.1818164561934856
PNSZ02,PRSZ02,1,0.21273133863408544,0.0,1.2127313386340854
PNSZ02,SBSZ02,2,0.0,0.0,2.0
PNSZ02,TPSZ10,1,0.03830008192655656,0.0,1.0383000819265567
PNSZ02,TPSZ11,1,0.0,0.0,1.0
PNSZ02,TSSZ05,1,0.355852511384609,0.0,1.355852511384609
PNSZ02,WDSZ03,1,0.1766040480961791,0.0,1.176604048096179
PNSZ02,YSSZ09,1,0.18075168004509623,0.0,1.1807516800450961
PNSZ03,AMSZ07,1,0.0,0.0,1.0
PNSZ03,BKSZ09,1,0.0,0.0,1.0
PNSZ03,BPSZ03,1,0.0,0.0,1.0
PNSZ03,CKSZ04,1,0.0,0.0,1.0
PNSZ03,CKSZ06,1,0.0,0.0,1.0
PNSZ03,JWSZ01,1,0.0,0.0,1.0
PNSZ03,JWSZ08,1,0.0,0.0,1.0
PNSZ03,PNSZ01,3,0.0,0.0,3.0
PNSZ03,RCSZ09,1,0.0,0.0,1.0
PNSZ03,SESZ03,1,0.0,0.0,1.0
PNSZ03,TPSZ11,1,0.0,0.0,1.0
PNSZ03,WDSZ01,1,0.0,0.0,1.0
PNSZ04,JESZ03,1,0.0,0.0,1.0
PNSZ04,TPSZ06,1,0.0,0.0,1.0
PNSZ05,BKSZ02,1,0.0,0.0,1.0
PNSZ05,BMSZ08,1,0.0,0.0,1.0
PNSZ05,BPSZ02,1,0.0,0.0,1.0
PNSZ05,BPSZ03,1,0.0,0.0,1.0
PNSZ05,CKSZ02,2,0.0,0.0,2.0
PNSZ05,CKSZ03,1,0.0,0.0,1.0
PNSZ05,HGSZ07,1,0.0,0.0,1.0
PNSZ05,SBSZ01,1,0.0,0.0,1.0
PNSZ05,SESZ06,1,0.0,0.0,1.0
PNSZ05,TMSZ02,1,0.0,0.0,1.0
PNSZ05,TMSZ03,2,0.0,0.0,2.0
PRSZ01,AMSZ10,1,0.0,0.0,1.0
PRSZ01,PGSZ04,1,0.0,0.0,1.0
PRSZ01,PRSZ05,1,0.0,0.0,1.0
PRSZ01,TMSZ02,1,0.0,0.0,1.0
PRSZ02,BDSZ01,2,1.0668717036059803,0.0,3.0668717036059805
PRSZ02,BDSZ04,2,2.1175164672328033,0.0,4.117516467232804
PRSZ02,BKSZ01,1,0.0673690008792647,0.0,1.0673690008792647
PRSZ02,BLSZ02,1,0.07885987697982672,0.0,1.0788598769798268
PRSZ02,BMSZ02,1,0.29305612044804424,0.0,1.2930561204480442
PRSZ02,BMSZ05,2,0.34533997843521497,0.0,2.345339978435215
PRSZ02,BMSZ17,1,0.2444165112918179,0.0,1.244416511291818
PRSZ02,CHSZ02,4,0.668361869551602,0.0,4.668361869551602
PRSZ02,CHSZ03,10,3.1959910173472297,0.0,13.195991017347229
PRSZ02,CLSZ04,1,0.0888791062047273,0.0,1.0888791062047274
PRSZ02,DTSZ01,3,0.3788156209891866,0.0,3.3788156209891866
PRSZ02,DTSZ02,1,0.296603070060056,0.0,1.296603070060056
PRSZ02,DTSZ03,2,0.4874542197970403,0.0,2.48745421979704
PRSZ02,DTSZ05,1,0.232955953750674,0.0,1.232955953750674
PRSZ02,DTSZ11,2,0.34371553997035686,0.0,2.343715539970357
PRSZ02,HGSZ06,2,1.1912951285123325,0.0,3.1912951285123325
PRSZ02,HGSZ08,1,0.4517887811862381,0.0,1.451788781186238
PRSZ02,HGSZ09,1,0.032213410444433724,0.0,1.0322134104444338
PRSZ02,JESZ05,1,0.32277040221010844,0.0,1.3227704022101086
PRSZ02,KLSZ01,1,0.6299810182225041,0.0,1.629981018222504
PRSZ02,MPSZ02,1,0.40480926756944113,0.0,1.404809267569441
PRSZ02,MPSZ03,1,0.6105769876632791,0.0,1.6105769876632792
PRSZ02,MUSZ03,2,0.1120815468866943,0.0,2.1120815468866945
PRSZ02,NTSZ03,2,0.14866712909669694,0.0,2.148667129096697
PRSZ02,NVSZ02,1,0.5472642216475097,0.0,1.5472642216475097
PRSZ02,PGSZ02,2,0.6264509384983183,0.0,2.6264509384983183
PRSZ02,PGSZ03,1,0.5721735732221086,0.0,1.5721735732221087
PRSZ02,PLSZ01,1,0.33308206456827394,0.0,1.333082064568274
PRSZ02,PNSZ02,1,0.0,0.0,1.0
PRSZ02,PRSZ02,2,1.9998888420025835,11.384026518326944,15.383915360329528
PRSZ02,PRSZ03,12,3.294701084469469,5.639412611265032,20.934113695734503
PRSZ02,PRSZ05,2,3.111057054695188,1.0403483820561,6.151405436751288
PRSZ02,QTSZ08,2,0.7809848398258666,0.0,2.7809848398258668
PRSZ02,QTSZ09,1,0.035550416342303895,0.0,1.035550416342304
PRSZ02,QTSZ10,1,0.2658897851945199,0.0,1.26588978519452
PRSZ02,QTSZ14,1,0.3076120859359916,0.0,1.3076120859359917
PRSZ02,RCSZ10,2,0.3268858192813789,0.0,2.326885819281379
PRSZ02,RVSZ03,1,0.0,0.0,1.0
PRSZ02,SBSZ08,1,0.15215998936594272,0.0,1.1521599893659427
PRSZ02,SESZ02,2,1.490415132277283,0.0,3.490415132277283
PRSZ02,SESZ03,1,1.5638299800908977,0.0,2.5638299800908975
PRSZ02,SGSZ03,1,0.5532634888982686,0.0,1.5532634888982686
PRSZ02,SGSZ06,1,0.3666697955309405,0.0,1.3666697955309406
PRSZ02,TMSZ01,1,1.5526733601733382,0.26445358983451067,2.817126950007849
PRSZ02,TMSZ02,6,2.378234001814736,1.8801673575937954,10.25840135940853
PRSZ02,TMSZ03,2,1.8233111624726281,0.790844730121565,4.6141558925941935
PRSZ02,TMSZ04,5,2.0062666976005246,0.0,7.006266697600525
PRSZ02,TPSZ06,1,0.4322119514666353,0.0,1.4322119514666354
PRSZ02,WCSZ01,1,0.45598854808931283,0.0,1.4559885480893129
PRSZ02,WDSZ02,1,0.42673007251428624,0.0,1.4267300725142862
PRSZ02,WDSZ03,1,0.5531365274399995,0.0,1.5531365274399995
PRSZ02,YSSZ05,1,0.23317883826618166,0.0,1.2331788382661817
PRSZ03,AMSZ08,1,0.18650026707888992,0.0,1.18650026707889
PRSZ03,BDSZ02,1,0.8048876723081578,0.0,1.804887672308158
PRSZ03,BDSZ03,3,0.9215214216358562,0.0,3.9215214216358563
PRSZ03,BDSZ04,5,1.6210839590266135,0.0,6.621083959026613
PRSZ03,BDSZ05,2,1.0974232085302515,0.0,3.0974232085302518
PRSZ03,BDSZ06,4,2.081670050345217,0.0,6.081670050345217
PRSZ03,BKSZ04,1,0.1379667282878247,0.0,1.1379667282878247
PRSZ03,BKSZ05,1,0.4258504787748032,0.0,1.4258504787748032
PRSZ03,BMSZ02,1,0.3716248589992229,0.0,1.3716248589992228
PRSZ03,BMSZ04,1,0.22058256249474295,0.0,1.220582562494743
PRSZ03,BMSZ05,2,0.39923109908428167,0.0,2.3992310990842816
PRSZ03,BMSZ08,1,0.2465443795166396,0.0,1.2465443795166395
PRSZ03,BMSZ13,2,0.1032298188247605,0.0,2.1032298188247607
PRSZ03,BSSZ01,1,0.5282884678170179,0.0,1.5282884678170179
PRSZ03,BSSZ02,1,0.47589037704287046,0.0,1.4758903770428704
PRSZ03,BTSZ01,1,0.4503489110364459,0.0,1.4503489110364458
PRSZ03,CHSZ02,1,0.31460020115790305,0.0,1.314600201157903
PRSZ03,CHSZ03,4,2.2197844609059114,0.0,6.219784460905911
PRSZ03,CLSZ07,1,0.14933137656739665,0.0,1.1493313765673967
PRSZ03,DTSZ01,3,0.428781051765593,0.0,3.428781051765593
PRSZ03,DTSZ02,5,0.7079779573556494,0.0,5.7079779573556495
PRSZ03,DTSZ03,1,0.3516302744677234,0.0,1.3516302744677233
PRSZ03,DTSZ05,10,0.739228668961894,0.0,10.739228668961895
PRSZ03,DTSZ06,1,0.05614683789640012,0.0,1.0561468378964
PRSZ03,DTSZ08,1,0.36124986852143837,0.0,1.3612498685214383
PRSZ03,DTSZ10,1,0.03479846275695987,0.0,1.03479846275696
PRSZ03,DTSZ11,5,0.4182527211204548,0.0,5.418252721120455
PRSZ03,GLSZ02,2,0.3012308767155573,0.0,2.3012308767155574
PRSZ03,GLSZ03,1,0.5314554003342589,0.0,1.5314554003342589
PRSZ03,GLSZ04,3,1.3077429172368091,0.0,4.307742917236809
PRSZ03,GLSZ05,6,1.571968665676179,0.0,7.571968665676179
PRSZ03,HGSZ06,1,0.6143808062309587,0.0,1.6143808062309586
PRSZ03,HGSZ08,1,0.4796067244906297,0.0,1.4796067244906297
PRSZ03,HGSZ09,1,0.03621381760326485,0.0,1.036213817603265
PRSZ03,JESZ06,1,0.09449103208761295,0.0,1.094491032087613
PRSZ03,JESZ09,1,0.147845103462322,0.0,1.147845103462322
PRSZ03,JWSZ09,1,1.0346521644829318,0.0,2.0346521644829316
PRSZ03,KLSZ01,1,0.6407954245461408,0.0,1.6407954245461407
PRSZ03,KLSZ06,3,0.5560850817188073,0.0,3.556085081718807
PRSZ03,KLSZ08,2,0.5257540420608737,0.0,2.525754042060874
PRSZ03,KLSZ09,1,0.06681268382632959,0.0,1.0668126838263297
PRSZ03,MPSZ03,3,1.1463220789282362,0.0,4.146322078928236
PRSZ03,MSSZ01,1,0.0,0.0,1.0
PRSZ03,MUSZ03,1,0.06534992453718647,0.0,1.0653499245371865
PRSZ03,NTSZ03,2,0.15351416797990594,0.0,2.153514167979906
PRSZ03,NTSZ05,1,0.0,0.0,1.0
PRSZ03,NVSZ02,3,1.260705581211077,0.0,4.260705581211077
PRSZ03,NVSZ03,1,0.13872843219543374,0.0,1.1387284321954336
PRSZ03,ORSZ02,3,1.091411166803015,0.0,4.091411166803015
PRSZ03,ORSZ03,1,0.37664009742714444,0.0,1.3766400974271444
PRSZ03,OTSZ03,5,0.9221085651529514,0.0,5.922108565152952
PRSZ03,OTSZ04,2,0.16279353740017458,0.0,2.1627935374001748
PRSZ03,PGSZ04,3,1.3807837108858239,0.0,4.380783710885824
PRSZ03,PGSZ05,1,0.6204848760614827,0.0,1.6204848760614827
PRSZ03,PLSZ01,1,0.31046908624964037,0.0,1.3104690862496404
PRSZ03,PLSZ04,1,0.06307135101183202,0.0,1.063071351011832
PRSZ03,PRSZ02,14,3.115705792971265,3.886467866506736,21.002173659478
PRSZ03,PRSZ03,15,8.42138678537008,44.62389561176703,68.04528239713711
PRSZ03,PRSZ04,4,0.7807304587049082,0.816397530803269,5.597127989508177
PRSZ03,PRSZ05,15,4.1240338390003775,2.5343812193956428,21.658415058396017
PRSZ03,PRSZ08,1,0.7405668683100343,0.019137808149224507,1.759704676459259
PRSZ03,QTSZ04,1,0.06174931289971229,0.0,1.0617493128997122
PRSZ03,QTSZ06,1,0.1689801476154432,0.0,1.168980147615443
PRSZ03,QTSZ08,8,1.1505587430065107,0.0,9.15055874300651
PRSZ03,QTSZ09,1,0.04266680699034623,0.0,1.0426668069903462
PRSZ03,QTSZ10,1,0.35133262001648763,0.0,1.3513326200164877
PRSZ03,QTSZ13,2,0.5199553499947406,0.0,2.5199553499947407
PRSZ03,QTSZ14,1,0.3603552652924262,0.0,1.3603552652924262
PRSZ03,RCSZ10,2,0.28696906318829585,0.0,2.286969063188296
PRSZ03,RVSZ05,1,0.271272667604967,0.0,1.271272667604967
PRSZ03,SBSZ03,1,0.5095584465857456,0.0,1.5095584465857455
PRSZ03,SESZ02,1,0.6631218952157709,0.0,1.663121895215771
PRSZ03,SESZ03,3,1.1621028440801442,0.0,4.162102844080144
PRSZ03,SESZ04,2,1.1396574824148216,0.0,3.1396574824148216
PRSZ03,SESZ06,1,0.8072323620030399,0.0,1.80723236200304
PRSZ03,SRSZ01,1,0.37485073386425843,0.0,1.3748507338642584
PRSZ03,SRSZ02,1,0.0962824503392159,0.0,1.096282450339216
PRSZ03,TMSZ01,4,1.2859835558277055,1.1848751633027341,6.470858719130439
PRSZ03,TMSZ02,9,3.9050283213133086,1.0802386620270932,13.985266983340402
PRSZ03,TMSZ03,5,1.856382761496517,0.8526505482296192,7.709033309726136
PRSZ03,TMSZ04,18,4.102036350980596,0.0,22.102036350980597
PRSZ03,TMSZ05,2,0.8552239035848471,0.0,2.855223903584847
PRSZ03,TPSZ06,2,0.9682559439173315,0.0,2.9682559439173315
PRSZ03,TPSZ12,1,0.255609571483331,0.0,1.255609571483331
PRSZ03,TSSZ03,1,0.093352728186522,0.0,1.093352728186522
PRSZ03,WCSZ01,2,0.9425656909939989,0.0,2.942565690993999
PRSZ03,YSSZ08,1,0.130647778180276,0.0,1.130647778180276
PRSZ04,BDSZ01,1,0.2892556824914485,0.0,1.2892556824914485
PRSZ04,BDSZ06,1,0.5939607874112492,0.0,1.5939607874112491
PRSZ04,CCSZ01,1,0.07247887158118052,0.0,1.0724788715811806
PRSZ04,CHSZ03,2,0.6105291300888731,0.0,2.610529130088873
PRSZ04,DTSZ01,1,0.24414135848469756,0.0,1.2441413584846976
PRSZ04,DTSZ02,3,0.25758358340628007,0.0,3.25758358340628
PRSZ04,DTSZ11,2,0.24690962203926708,0.0,2.2469096220392673
PRSZ04,GLSZ04,1,0.3541236900195598,0.0,1.3541236900195597
PRSZ04,GLSZ05,1,0.17750880063636854,0.0,1.1775088006363685
PRSZ04,HGSZ03,1,0.2544249624270533,0.0,1.2544249624270534
PRSZ04,JESZ05,1,0.3584095641475022,0.0,1.3584095641475022
PRSZ04,KLSZ08,1,0.2636092819791454,0.0,1.2636092819791453
PRSZ04,MUSZ01,1,0.08147362924575183,0.0,1.0814736292457519
PRSZ04,NVSZ02,1,0.4186163447456331,0.0,1.418616344745633
PRSZ04,ORSZ02,1,0.22040828737849366,0.0,1.2204082873784936
PRSZ04,PGSZ03,1,0.2054458501898154,0.0,1.2054458501898153
PRSZ04,PRSZ03,1,1.036605580094403,0.33181093226271186,2.368416512357115
PRSZ04,PRSZ05,1,1.081380100056032,0.31354705271099814,2.39492715276703
PRSZ04,QTSZ09,1,0.011254061117760582,0.0,1.0112540611177605
PRSZ04,TMSZ01,1,0.5939430144399825,0.12654240619698578,1.7204854206369682
PRSZ04,TMSZ02,1,1.4291141475072158,0.228064036035161,2.6571781835423764
PRSZ04,TMSZ04,3,0.8703748797664137,0.0,3.8703748797664135
PRSZ04,TMSZ05,2,0.3284487707510732,0.0,2.328448770751073
PRSZ05,AMSZ03,1,0.5883559982212747,0.0,1.5883559982212747
PRSZ05,AMSZ10,3,1.238517057943544,0.0,4.238517057943544
PRSZ05,BDSZ04,5,1.8818012144597647,0.0,6.881801214459765
PRSZ05,BMSZ01,1,0.5115546534230615,0.0,1.5115546534230615
PRSZ05,BMSZ03,1,0.4505814803875993,0.0,1.4505814803875994
PRSZ05,BMSZ07,1,0.7013920175526722,0.0,1.7013920175526722
PRSZ05,BSSZ01,1,0.6879260845652254,0.0,1.6879260845652255
PRSZ05,BSSZ02,1,0.6124934430994975,0.0,1.6124934430994975
PRSZ05,BTSZ01,2,1.0214083357348873,0.0,3.021408335734887
PRSZ05,CHSZ02,4,0.7274775183142197,0.0,4.7274775183142195
PRSZ05,CHSZ03,5,1.9873658703669808,0.0,6.987365870366981
PRSZ05,DTSZ01,3,0.577452626202829,0.0,3.5774526262028292
PRSZ05,DTSZ02,3,0.7907997972536867,0.0,3.790799797253687
PRSZ05,DTSZ03,2,0.6884219428359966,0.0,2.688421942835997
PRSZ05,DTSZ05,3,0.9968408726488966,0.0,3.996840872648897
PRSZ05,DTSZ08,4,0.5985728476570719,0.0,4.5985728476570715
PRSZ05,DTSZ11,3,0.9962547064048352,0.0,3.996254706404835
PRSZ05,GLSZ01,1,0.7615577602646156,0.0,1.7615577602646155
PRSZ05,GLSZ03,6,1.4596197698966156,0.0,7.459619769896616
PRSZ05,GLSZ05,3,1.7621300496075738,0.0,4.762130049607574
PRSZ05,HGSZ06,1,0.9106881788932101,0.0,1.91068817889321
PRSZ05,JESZ05,1,0.768479405852765,0.0,1.7684794058527649
PRSZ05,JWSZ09,1,1.0965119794669673,0.0,2.0965119794669675
PRSZ05,KLSZ03,1,0.11617348204315561,0.0,1.1161734820431557
PRSZ05,KLSZ05,1,0.3547232046747099,0.0,1.35472320467471
PRSZ05,KLSZ08,1,0.5775150929197752,0.0,1.5775150929197752
PRSZ05,MPSZ01,1,0.3351842471851183,0.0,1.3351842471851183
PRSZ05,MPSZ03,1,0.8009102133120024,0.0,1.8009102133120023
PRSZ05,MUSZ01,3,0.3851765441436879,0.0,3.385176544143688
PRSZ05,NTSZ03,2,0.21719840446539104,0.0,2.217198404465391
PRSZ05,NVSZ02,3,1.3615717597893469,0.0,4.361571759789347
PRSZ05,ORSZ02,8,1.4111830271196852,0.0,9.411183027119685
PRSZ05,ORSZ03,2,0.4817518301983745,0.0,2.4817518301983745
PRSZ05,OTSZ03,7,1.0906414370158382,0.0,8.090641437015838
PRSZ05,PGSZ04,2,2.322598692684794,0.0,4.322598692684794
PRSZ05,PGSZ05,1,0.8575976938239086,0.0,1.8575976938239087
PRSZ05,PLSZ04,1,0.09806335790724374,0.0,1.0980633579072436
PRSZ05,PRSZ01,1,0.0,0.0,1.0
PRSZ05,PRSZ02,3,1.8994365429883653,0.7859785902381857,5.685415133226551
PRSZ05,PRSZ03,23,4.597686490492862,4.959375458476985,32.557061948969846
PRSZ05,PRSZ04,2,1.291721534665242,0.4633612179014367,3.7550827525666786
PRSZ05,PRSZ05,9,6.810609416439528,14.700870990568946,30.511480407008474
PRSZ05,PRSZ06,1,1.1711149192802786,0.0,2.1711149192802788
PRSZ05,QTSZ08,2,0.8027135009614907,0.0,2.8027135009614907
PRSZ05,QTSZ11,2,0.8307227130607492,0.0,2.8307227130607493
PRSZ05,QTSZ12,1,0.22445258044607297,0.0,1.2244525804460729
PRSZ05,RCSZ01,2,0.33844802656789336,0.0,2.3384480265678933
PRSZ05,RCSZ08,1,0.0,0.0,1.0
PRSZ05,RCSZ10,4,0.4428345296534798,0.0,4.44283452965348
PRSZ05,RVSZ05,1,0.3138744454867348,0.0,1.3138744454867348
PRSZ05,SESZ02,2,1.424644646648958,0.0,3.424644646648958
PRSZ05,SESZ03,4,1.5020832082789062,0.0,5.502083208278906
PRSZ05,SGSZ02,1,0.21388556624628086,0.0,1.2138855662462809
PRSZ05,TMSZ02,8,5.477779439557235,1.6135545886741411,15.091334028231376
PRSZ05,TMSZ03,5,2.400034182261176,1.135768490105772,8.535802672366948
PRSZ05,TMSZ04,9,6.363547722949243,2.3401656691799415,17.703713392129185
PRSZ05,TMSZ05,5,1.7624745475929493,0.0,6.76247454759295
PRSZ05,TPSZ02,1,0.5821767013668936,0.0,1.5821767013668935
PRSZ05,TPSZ06,1,0.5791998003552603,0.0,1.5791998003552603
PRSZ05,WCSZ01,3,1.2286727777178814,0.0,4.228672777717882
PRSZ05,YSSZ01,1,0.5153941086773826,0.0,1.5153941086773826
PRSZ06,BDSZ04,2,0.5776886681005146,0.0,2.5776886681005147
PRSZ06,BDSZ06,1,0.32837914461351203,0.0,1.328379144613512
PRSZ06,BMSZ15,1,0.0,0.0,1.0
PRSZ06,CHSZ03,1,0.22583797267194536,0.0,1.2258379726719453
PRSZ06,HGSZ05,1,0.23030313356775936,0.0,1.2303031335677594
PRSZ06,HGSZ06,2,0.3623137734946654,0.0,2.3623137734946655
PRSZ06,PGSZ03,1,0.10525626243977058,0.0,1.1052562624397706
PRSZ06,PGSZ04,1,0.2620577925343678,0.0,1.262057792534368
PRSZ06,PGSZ05,1,0.20995487495029,0.0,1.20995487495029
PRSZ06,PRSZ03,1,0.4381810268182499,0.0,1.43818102681825
PRSZ06,PRSZ05,1,0.8076671258568998,0.0,1.8076671258569
PRSZ06,SESZ03,1,0.32209037876877167,0.0,1.3220903787687717
PRSZ06,SESZ06,1,0.4294583072903889,0.0,1.429458307290389
PRSZ06,TMSZ02,5,1.0383966412497116,0.0,6.038396641249712
PRSZ06,TMSZ03,1,0.41185005492372107,0.0,1.411850054923721
PRSZ06,TMSZ04,4,0.586539717771586,0.0,4.586539717771586
PRSZ06,TPSZ11,1,0.054905225477566426,0.0,1.0549052254775664
PRSZ06,WDSZ03,1,0.12997164185785995,0.0,1.12997164185786
PRSZ06,WDSZ04,1,0.0910206991699947,0.0,1.0910206991699947
PRSZ06,YSSZ04,1,0.23932931687039144,0.0,1.2393293168703914
PRSZ06,YSSZ09,1,0.14879824157663304,0.0,1.1487982415766331
PRSZ07,BDSZ04,1,0.8518605886096395,0.0,1.8518605886096395
PRSZ07,DTSZ02,1,0.10024345978048736,0.0,1.1002434597804873
PRSZ07,GLSZ04,1,0.29075350993872545,0.0,1.2907535099387255
PRSZ07,TMSZ02,1,1.1667646773675728,0.0,2.166764677367573
PRSZ07,TMSZ03,1,0.5903777643056966,0.0,1.5903777643056967
PRSZ08,AMSZ01,1,0.31598527507542845,0.0,1.3159852750754284
PRSZ08,BDSZ01,1,0.3229725522163417,0.0,1.3229725522163416
PRSZ08,BDSZ03,1,0.35749498447779676,0.0,1.3574949844777968
PRSZ08,BDSZ04,1,1.307716827599564,0.0,2.307716827599564
PRSZ08,BDSZ06,1,0.7404876693138466,0.0,1.7404876693138465
PRSZ08,BMSZ04,1,0.1579361010332423,0.0,1.1579361010332423
PRSZ08,BMSZ05,1,0.19264806730331507,0.0,1.192648067303315
PRSZ08,BMSZ08,1,0.12345571382583903,0.0,1.123455713825839
PRSZ08,BTSZ08,1,0.11322252136019395,0.0,1.113222521360194
PRSZ08,CHSZ03,1,0.4933258002894308,0.0,1.4933258002894307
PRSZ08,CKSZ06,1,0.22356517680101257,0.0,1.2235651768010125
PRSZ08,DTSZ02,1,0.19469935017023735,0.0,1.1946993501702374
PRSZ08,DTSZ05,1,0.15683561857246311,0.0,1.156835618572463
PRSZ08,DTSZ09,1,0.1752405332373101,0.0,1.1752405332373101
PRSZ08,GLSZ04,1,0.4588850777802409,0.0,1.458885077780241
PRSZ08,JESZ05,1,0.32279674509773126,0.0,1.3227967450977314
PRSZ08,JWSZ09,1,0.9722530062522243,0.0,1.9722530062522243
PRSZ08,MUSZ03,2,0.0838798553388923,0.0,2.083879855338892
PRSZ08,NVSZ02,3,0.7270924148868542,0.0,3.727092414886854
PRSZ08,PGSZ02,1,0.21203331167195957,0.0,1.2120333116719595
PRSZ08,PRSZ03,1,0.8069917924899707,0.2119563094960056,2.018948101985976
PRSZ08,PRSZ06,1,0.25523867453817717,0.0,1.2552386745381772
PRSZ08,PRSZ08,1,1.4717346827323396,0.6574715993311642,3.129206282063504
PRSZ08,QTSZ08,1,0.23531516810162542,0.0,1.2353151681016254
PRSZ08,SESZ03,1,0.5439086785703273,0.0,1.5439086785703273
PRSZ08,TMSZ02,7,3.8535273193986095,1.6908382715692352,12.544365590967844
PRSZ08,TMSZ03,1,0.8320797166919557,0.0,1.8320797166919558
PRSZ08,TMSZ04,2,1.9417890940748184,0.3554030476655124,4.2971921417403305
PRSZ08,TMSZ05,1,0.2874022041345797,0.08422398364028211,1.3716261877748617
PRSZ08,TPSZ01,1,0.11948606697190181,0.0,1.1194860669719018
QTSZ01,AMSZ01,1,0.34219432778934217,0.0,1.3421943277893422
QTSZ01,AMSZ10,1,0.2809190095273477,0.0,1.2809190095273477
QTSZ01,BDSZ01,1,0.26128565983928154,0.0,1.2612856598392814
QTSZ01,BDSZ03,1,0.3111137690104378,0.0,1.3111137690104377
QTSZ01,BKSZ05,2,0.9865325154117333,0.0,2.9865325154117333
QTSZ01,BMSZ01,1,0.3669280380438192,0.0,1.3669280380438191
QTSZ01,BMSZ02,3,0.28656077701608423,0.0,3.286560777016084
QTSZ01,BMSZ04,2,0.24047934150089403,0.0,2.240479341500894
QTSZ01,BMSZ06,1,0.6585820428874458,0.0,1.6585820428874458
QTSZ01,BPSZ03,1,0.1740205210269466,0.0,1.1740205210269465
QTSZ01,BSSZ01,2,0.7915990324823843,0.0,2.7915990324823845
QTSZ01,BTSZ04,1,0.8312302789026781,0.6866359196756416,2.5178661985783197
QTSZ01,BTSZ07,1,0.5767551780021193,1.1070610720505747,2.683816250052694
QTSZ01,CHSZ03,1,0.6728852965496304,0.0,1.6728852965496304
QTSZ01,CLSZ04,2,0.6069452645759443,1.798211650769555,4.405156915345499
QTSZ01,CLSZ06,3,0.8718009375528359,2.7706027249394936,6.642403662492329
QTSZ01,DTSZ03,1,0.2416378601813708,0.0,1.241637860181371
QTSZ01,DTSZ08,1,0.14433199855349077,0.0,1.1443319985534908
QTSZ01,DTSZ09,2,0.18462183644836544,0.0,2.1846218364483656
QTSZ01,DTSZ11,1,0.2010271013295186,0.0,1.2010271013295186
QTSZ01,GLSZ04,1,0.4764997709032914,0.0,1.4764997709032914
QTSZ01,HGSZ08,1,0.18869977440748056,0.0,1.1886997744074805
QTSZ01,JESZ02,1,0.08919715647675701,0.0,1.089197156476757
QTSZ01,JESZ03,1,0.40617326277481713,0.0,1.4061732627748171
QTSZ01,JESZ05,4,0.7711521158951422,0.0,4.771152115895142
QTSZ01,JESZ06,1,0.10128151762913785,0.0,1.101281517629138
QTSZ01,KLSZ09,1,0.0556603932633889,0.0,1.055660393263389
QTSZ01,MUSZ03,3,0.07517455716513705,0.0,3.075174557165137
QTSZ01,OTSZ03,1,0.42125380762782066,0.0,1.4212538076278207
QTSZ01,QTSZ01,2,0.5313252815998988,14.32431542876796,16.855640710367858
QTSZ01,QTSZ02,1,0.1784222271764719,0.3780545081837367,1.5564767353602087
QTSZ01,QTSZ04,1,0.26188797124699886,0.29740374189959556,1.5592917131465944
QTSZ01,QTSZ05,3,0.8106306323818748,1.519147759959848,5.329778392341723
QTSZ01,QTSZ08,3,1.013048445846831,2.1017161083403546,6.114764554187186
QTSZ01,QTSZ09,1,0.0939928207627243,0.0,1.0939928207627243
QTSZ01,QTSZ12,4,0.32511952033750485,0.0,4.325119520337505
QTSZ01,QTSZ13,1,0.2943436564281585,0.01577478034657235,1.310118436774731
QTSZ01,QTSZ14,4,0.4424668069617632,0.0,4.442466806961763
QTSZ01,RCSZ10,1,0.14265044479488068,0.0,1.1426504447948806
QTSZ01,SESZ03,1,0.4801544140102524,0.0,1.4801544140102525
QTSZ01,SGSZ04,1,0.5084330282483808,0.0,1.5084330282483807
QTSZ01,TMSZ02,1,0.6428998658540306,0.0,1.6428998658540306
QTSZ01,TNSZ03,1,0.03248382705520204,0.0,1.0324838270552021
QTSZ01,TSSZ05,1,0.45259730412160226,0.0,1.4525973041216023
QTSZ01,WDSZ09,2,0.17300061039051637,0.0,2.1730006103905164
QTSZ02,AMSZ03,1,0.08239156686555069,0.0,1.0823915668655506
QTSZ02,AMSZ10,1,0.11584775446548379,0.0,1.115847754465484
QTSZ02,AMSZ11,1,0.00831863087275271,0.0,1.0083186308727528
QTSZ02,BDSZ01,1,0.08022392836900147,0.0,1.0802239283690014
QTSZ02,BKSZ05,1,0.19015602163253487,0.0,1.1901560216325349
QTSZ02,BKSZ07,1,0.15227957559837013,0.0,1.1522795755983701
QTSZ02,BKSZ09,1,0.14299117726883137,0.0,1.1429911772688315
QTSZ02,BMSZ01,3,0.28171892057793513,0.0,3.2817189205779354
QTSZ02,BMSZ05,1,0.12150507710581546,0.0,1.1215050771058155
QTSZ02,BMSZ07,1,0.20658681941658405,0.08586082761063622,1.2924476470272204
QTSZ02,BPSZ02,1,0.045662403244897225,0.0,1.0456624032448971
QTSZ02,BPSZ05,1,0.1488279678852477,0.0,1.1488279678852478
QTSZ02,CKSZ03,1,0.17120658941006822,0.0,1.1712065894100683
QTSZ02,CLSZ04,1,0.12823378428735827,0.15472587805787985,1.2829596623452382
QTSZ02,CLSZ06,1,0.15317809408882915,0.0,1.1531780940888292
QTSZ02,DTSZ02,2,0.12889223509959538,0.0,2.1288922350995954
QTSZ02,DTSZ03,1,0.11164307286062089,0.0,1.1116430728606208
QTSZ02,DTSZ05,2,0.1459169998596327,0.0,2.1459169998596326
QTSZ02,DTSZ06,1,0.0013029382981533967,0.0,1.0013029382981533
QTSZ02,DTSZ08,1,0.05278292763070358,0.0,1.0527829276307035
QTSZ02,GLSZ04,1,0.20556992875381896,0.0,1.2055699287538189
QTSZ02,HGSZ04,1,0.08840255677904735,0.0,1.0884025567790474
QTSZ02,HGSZ06,1,0.16109492028856476,0.0,1.1610949202885648
QTSZ02,HGSZ07,1,0.1706976397441433,0.0,1.1706976397441433
QTSZ02,JESZ03,2,0.27535642900198826,0.0,2.275356429001988
QTSZ02,JESZ09,1,0.06707834913531391,0.0,1.067078349135314
QTSZ02,JWSZ03,2,0.19613836201415916,0.0,2.196138362014159
QTSZ02,JWSZ08,1,0.15743844494988907,0.0,1.1574384449498891
QTSZ02,KLSZ09,1,0.03534450211959867,0.0,1.0353445021195986
QTSZ02,MPSZ03,1,0.14031303939107712,0.0,1.1403130393910772
QTSZ02,NVSZ01,1,0.23970722166344377,0.0,1.2397072216634437
QTSZ02,NVSZ03,1,0.03167278510067971,0.0,1.0316727851006797
QTSZ02,NVSZ05,1,0.0,0.0,1.0
QTSZ02,ORSZ02,2,0.18619348635348137,0.0,2.1861934863534813
QTSZ02,ORSZ03,1,0.07904001339982536,0.0,1.0790400133998252
QTSZ02,OTSZ03,1,0.1481080748941516,0.0,1.1481080748941517
QTSZ02,OTSZ04,1,0.026286939990742997,0.0,1.026286939990743
QTSZ02,PGSZ05,1,0.08913377077864836,0.0,1.0891337707786484
QTSZ02,PNSZ01,1,0.034122417242822924,0.0,1.034122417242823
QTSZ02,QTSZ01,1,0.2409350587806319,0.43203623314656076,1.6729712919271926
QTSZ02,QTSZ02,1,0.09235650794054232,7.706083566626686,8.798440074567228
QTSZ02,QTSZ06,1,0.07557884080916291,0.23588025208577804,1.311459092894941
QTSZ02,QTSZ08,2,0.67339177202373,0.3713725810416994,3.044764353065429
QTSZ02,QTSZ10,1,0.15525232826767446,0.5337337208763605,1.688986049144035
QTSZ02,QTSZ11,3,0.03563764649838701,0.4201059960981468,3.455743642596534
QTSZ02,QTSZ13,1,0.11240296583703555,0.0028394729489695943,1.1152424387860052
QTSZ02,QTSZ14,1,0.10041632711728729,0.05693595222932757,1.1573522793466149
QTSZ02,SISZ01,1,0.0780459791929016,0.0,1.0780459791929016
QTSZ02,TSSZ05,1,0.13793621840993522,0.0,1.1379362184099353
QTSZ02,WDSZ01,1,0.020289559266831497,0.0,1.0202895592668315
QTSZ02,WDSZ06,1,0.13155611903831302,0.0,1.131556119038313
QTSZ02,YSSZ02,1,0.05792163223407614,0.0,1.057921632234076
QTSZ02,YSSZ03,1,0.15160560377846116,0.0,1.1516056037784612
QTSZ02,YSSZ09,1,0.13530807436231673,0.0,1.1353080743623167
QTSZ03,BLSZ02,1,0.017323074693226435,0.0,1.0173230746932265
QTSZ03,BMSZ02,1,0.0680663593001881,0.010941795690232377,1.0790081549904205
QTSZ03,BMSZ08,1,0.12089499417014198,0.17215327535040284,1.293048269520545
QTSZ03,CHSZ03,1,0.21904384557229692,0.0,1.219043845572297
QTSZ03,CLSZ04,1,0.16837032168005553,0.0,1.1683703216800556
QTSZ03,CLSZ06,1,0.19267177972304098,0.0,1.192671779723041
QTSZ03,DTSZ10,1,0.0074521581236748615,0.0,1.0074521581236748
QTSZ03,KLSZ06,1,0.18763032388631606,0.0,1.187630323886316
QTSZ03,KLSZ08,1,0.13276593934421885,0.0,1.1327659393442189
QTSZ03,NVSZ02,1,0.1746502118040211,0.0,1.1746502118040212
QTSZ03,ORSZ02,2,0.16352813890746684,0.0,2.1635281389074668
QTSZ03,ORSZ03,1,0.09198243190447936,0.0,1.0919824319044793
QTSZ03,PNSZ02,1,0.0,0.0,1.0
QTSZ03,QTSZ03,1,0.24304463102765633,6.573491615516483,7.816536246544139
QTSZ03,QTSZ08,1,0.3680733847998731,0.26441367096121443,1.6324870557610875
QTSZ03,QTSZ11,2,0.0767380772818003,0.41453332286169287,2.4912714001434932
QTSZ03,QTSZ13,1,0.07803906398194636,0.004125813109145996,1.0821648770910923
QTSZ03,RCSZ01,1,0.03707594666925204,0.0,1.037075946669252
QTSZ03,SESZ02,1,0.14181157878159656,0.0,1.1418115787815966
QTSZ03,SGSZ06,1,0.13502393608991445,0.0,1.1350239360899144
QTSZ03,SKSZ04,1,0.03455045206807689,0.0,1.0345504520680768
QTSZ03,TNSZ04,1,0.19659874336426758,0.5600103804576414,1.7566091238219088
QTSZ03,TPSZ02,1,0.14466460682570298,0.0,1.144664606825703
QTSZ04,AMSZ01,1,0.05146223702461226,0.0,1.0514622370246123
QTSZ04,BDSZ04,1,0.08960083590990525,0.0,1.0896008359099052
QTSZ04,BKSZ02,1,0.03789042284139438,0.0,1.0378904228413943
QTSZ04,BKSZ05,1,0.08122488870872217,0.0,1.0812248887087221
QTSZ04,BKSZ07,2,0.10792844752380666,0.0,2.1079284475238067
QTSZ04,BMSZ03,2,0.14347251684305393,0.25639285263490197,2.399865369477956
QTSZ04,BMSZ04,1,0.04515956299239616,0.0,1.0451595629923962
QTSZ04,BMSZ06,1,0.06334684458500152,0.0,1.0633468445850016
QTSZ04,BMSZ07,2,0.07984801908063134,0.1186221097250381,2.1984701288056696
QTSZ04,BMSZ08,1,0.03691504969390741,0.09507584237511492,1.1319908920690225
QTSZ04,BMSZ12,1,0.05296482166670895,0.04960044005888694,1.1025652617255959
QTSZ04,BTSZ01,1,0.06330394827938944,0.0,1.0633039482793893
QTSZ04,CHSZ03,1,0.0897656200419779,0.0,1.0897656200419779
QTSZ04,CKSZ03,2,0.14946373529691465,0.0,2.149463735296915
QTSZ04,CLSZ04,2,0.06789302425504798,0.0,2.067893024255048
QTSZ04,CLSZ06,1,0.06723688989187854,0.0,1.0672368898918785
QTSZ04,CLSZ07,1,0.04250233728994475,0.02886085650524457,1.0713631937951893
QTSZ04,DTSZ05,1,0.033069254661461045,0.0,1.033069254661461
QTSZ04,DTSZ09,1,0.014866097253784592,0.0,1.0148660972537846
QTSZ04,DTSZ11,2,0.034027336034251045,0.0,2.034027336034251
QTSZ04,GLSZ03,1,0.03523609428018115,0.0,1.0352360942801813
QTSZ04,GLSZ04,1,0.08362951470715656,0.0,1.0836295147071566
QTSZ04,HGSZ08,1,0.026908378332303966,0.0,1.0269083783323039
QTSZ04,JESZ01,1,0.030543207955021433,0.0,1.0305432079550214
QTSZ04,JESZ05,3,0.31995787964999534,0.0,3.319957879649995
QTSZ04,JWSZ09,2,0.12270334765298796,0.0,2.1227033476529877
QTSZ04,ORSZ03,1,0.04205772758541385,0.0,1.042057727585414
QTSZ04,OTSZ03,2,0.10378044544374095,0.0,2.103780445443741
QTSZ04,PRSZ03,1,0.06036011625741827,0.0,1.0603601162574183
QTSZ04,QTSZ04,1,0.03524991711740286,5.334835753079621,6.370085670197024
QTSZ04,QTSZ05,4,0.1396880553914298,0.4860755077918436,4.625763563183273
QTSZ04,QTSZ06,4,0.08855920058579721,1.6038744898548092,5.692433690440606
QTSZ04,QTSZ08,4,0.19294910298840856,0.3825877762552114,4.57553687924362
QTSZ04,QTSZ10,2,0.07574962623607535,0.5375370993847463,2.6132867256208216
QTSZ04,QTSZ11,1,0.03043566542720447,0.1061639525269058,1.1365996179541102
QTSZ04,SBSZ03,1,0.06225206943426037,0.0,1.0622520694342603
QTSZ04,SRSZ01,1,0.02333540635195776,0.0,1.0233354063519577
QTSZ04,TNSZ01,1,0.024542562605902176,0.0,1.0245425626059022
QTSZ04,TPSZ01,1,0.0167240422269123,0.0,1.0167240422269124
QTSZ04,TPSZ02,1,0.0532100992254298,0.0,1.0532100992254299
QTSZ04,TPSZ06,1,0.03486671230184098,0.0,1.034866712301841
QTSZ04,WCSZ01,1,0.04531893836662794,0.0,1.045318938366628
QTSZ05,AMSZ01,1,0.4175590568274724,0.0,1.4175590568274723
QTSZ05,BKSZ04,2,0.3984948214479639,0.0,2.3984948214479638
QTSZ05,BKSZ05,2,1.1411246251855935,0.0,3.1411246251855935
QTSZ05,BLSZ02,1,0.11269889023944087,0.0,1.1126988902394408
QTSZ05,BMSZ01,3,0.7502596284342294,0.2614678260475023,4.011727454481732
QTSZ05,BMSZ03,1,0.8784197725968055,0.4515653147426431,2.3299850873394488
QTSZ05,BMSZ04,2,0.4444414088098048,0.09667836718080174,2.5411197759906066
QTSZ05,BMSZ05,2,0.36737690135078127,0.0,2.3673769013507813
QTSZ05,BMSZ07,1,0.7486251381609237,0.29169908866524075,2.0403242268261645
QTSZ05,BMSZ08,1,0.34453577724942064,0.26106715053475993,1.6056029277841806
QTSZ05,BMSZ09,1,0.23901986697602118,0.023178728055641508,1.2621985950316625
QTSZ05,BMSZ12,3,0.8307765408595252,0.3891588226588168,4.219935363518342
QTSZ05,BMSZ15,2,0.4816602929127655,0.07542971289696315,2.5570900058097283
QTSZ05,BPSZ03,1,0.2679882191208297,0.0,1.2679882191208298
QTSZ05,BPSZ05,2,0.4964692704184904,0.0,2.4964692704184905
QTSZ05,BPSZ06,1,0.2621186802212555,0.0,1.2621186802212554
QTSZ05,BSSZ01,1,0.6866195211312754,0.0,1.6866195211312753
QTSZ05,BSSZ02,2,0.6224045258891128,0.0,2.6224045258891127
QTSZ05,BTSZ08,1,0.4829478125146576,0.22339744636432432,1.7063452588789818
QTSZ05,CKSZ03,1,0.37651115424441856,0.0,1.3765111542444186
QTSZ05,CLSZ01,1,0.15193037107499666,0.0,1.1519303710749966
QTSZ05,CLSZ04,1,0.31847782342800257,0.0,1.3184778234280026
QTSZ05,CLSZ06,2,0.3272612397338943,0.0,2.327261239733894
QTSZ05,DTSZ01,1,0.4449337156016348,0.0,1.4449337156016349
QTSZ05,DTSZ02,3,0.7845305805852116,0.0,3.7845305805852116
QTSZ05,DTSZ05,8,0.7539405990253968,0.0,8.753940599025396
QTSZ05,DTSZ07,1,0.19712047753903253,0.0,1.1971204775390325
QTSZ05,DTSZ08,2,0.30078709781777946,0.0,2.3007870978177793
QTSZ05,DTSZ11,3,0.5597730855537713,0.0,3.559773085553771
QTSZ05,GLSZ03,1,0.43174017406901727,0.0,1.4317401740690172
QTSZ05,KLSZ06,1,0.42742242119576085,0.0,1.427422421195761
QTSZ05,KLSZ08,3,0.6270368551388049,0.0,3.627036855138805
QTSZ05,KLSZ09,2,0.13287829982080887,0.0,2.132878299820809
QTSZ05,MUSZ01,2,0.20426779215630575,0.0,2.2042677921563056
QTSZ05,MUSZ03,3,0.09251420930257805,0.0,3.092514209302578
QTSZ05,NVSZ02,1,0.6466683919970437,0.0,1.6466683919970437
QTSZ05,NVSZ03,1,0.23515710702402146,0.0,1.2351571070240215
QTSZ05,ORSZ01,1,0.10624152004033319,0.0,1.1062415200403333
QTSZ05,ORSZ02,4,0.9345430485813022,0.21973369042797067,5.154276739009273
QTSZ05,ORSZ03,5,0.4580030323356385,0.32473278109082193,5.782735813426461
QTSZ05,OTSZ01,1,0.08324856768035026,0.0,1.0832485676803503
QTSZ05,OTSZ03,6,0.7904915638715476,0.0,6.790491563871548
QTSZ05,OTSZ04,1,0.15975081717894596,0.0,1.159750817178946
QTSZ05,PGSZ03,2,0.5281730958797534,0.0,2.5281730958797533
QTSZ05,PGSZ04,1,0.7681498526262724,0.0,1.7681498526262724
QTSZ05,PLSZ04,1,0.060591498933170895,0.0,1.0605914989331708
QTSZ05,QTSZ01,2,0.9138961648739814,0.43406827306056567,3.347964437934547
QTSZ05,QTSZ04,3,0.4463376242068792,0.21299029851946494,3.6593279227263444
QTSZ05,QTSZ05,4,5.73315321106358,31.994639173496196,41.72779238455978
QTSZ05,QTSZ06,4,1.081641641407648,2.190079733478416,7.271721374886065
QTSZ05,QTSZ08,3,1.1354153797081288,0.2953087521071465,4.430724131815276
QTSZ05,QTSZ09,1,0.10629082721980462,0.0,1.1062908272198047
QTSZ05,QTSZ10,3,0.7122298790025268,1.1312657616957726,4.843495640698299
QTSZ05,QTSZ11,3,0.5023489725933379,0.0,3.502348972593338
QTSZ05,QTSZ12,1,0.33265768412588953,0.0,1.3326576841258895
QTSZ05,QTSZ13,1,0.4188580412377927,0.003873523252701927,1.4227315644904945
QTSZ05,QTSZ14,1,0.44962206469853994,0.05534815487832978,1.5049702195768697
QTSZ05,RCSZ01,1,0.1576157402902152,0.0,1.1576157402902152
QTSZ05,RCSZ06,1,0.0,0.0,1.0
QTSZ05,SESZ06,1,0.6951502533811451,0.0,1.6951502533811451
QTSZ05,SGSZ02,1,0.20401602947579967,0.0,1.2040160294757998
QTSZ05,SGSZ07,1,0.14995597452203227,0.0,1.1499559745220322
QTSZ05,SRSZ01,1,0.3507578908244073,0.0627133466235592,1.4134712374479665
QTSZ05,SRSZ03,1,0.19160656113792676,0.0,1.1916065611379267
QTSZ05,TMSZ03,1,0.6121704845786601,0.0,1.6121704845786602
QTSZ05,TMSZ04,2,0.7450521238933875,0.0,2.7450521238933874
QTSZ05,TSSZ05,1,0.5930068437635353,0.0,1.5930068437635354
QTSZ05,WCSZ01,1,0.3788563526975604,0.0,1.3788563526975604
QTSZ05,WDSZ01,1,0.1115974809963829,0.0,1.111597480996383
QTSZ05,WDSZ03,1,0.634531386890767,0.0,1.634531386890767
QTSZ05,WDSZ09,1,0.21120370239617886,0.0,1.2112037023961788
QTSZ05,YSSZ01,1,0.25634254221798997,0.0,1.25634254221799
QTSZ06,AMSZ01,2,0.1509298590966193,0.0,2.1509298590966193
QTSZ06,BDSZ05,1,0.20690041317203514,0.0,1.2069004131720351
QTSZ06,BKSZ07,1,0.12497633174777181,0.0,1.124976331747772
QTSZ06,BMSZ01,2,0.3039391555686527,0.7610597681481573,3.0649989237168103
QTSZ06,BMSZ02,3,0.13872281129911518,1.3103136586208803,4.449036469919996
QTSZ06,BMSZ04,2,0.15185586675134172,1.1185459044862136,3.2704017712375553
QTSZ06,BMSZ06,2,0.25142430252820497,0.9246362513773262,3.176060553905531
QTSZ06,BMSZ08,3,0.16190991359341578,1.5545662551750121,4.716476168768428
QTSZ06,BMSZ09,1,0.0320999460763452,0.046419426981628154,1.0785193730579734
QTSZ06,BMSZ12,1,0.1774130649136992,0.4968710200007224,1.6742840849144216
QTSZ06,BPSZ04,1,0.12238951481244831,0.0,1.1223895148124483
QTSZ06,BSSZ03,1,0.10998857451903553,0.0,1.1099885745190354
QTSZ06,BTSZ01,2,0.2013242506744328,0.0,2.201324250674433
QTSZ06,BTSZ03,1,0.14049152349116192,0.0,1.140491523491162
QTSZ06,CHSZ03,1,0.1868169401902063,0.0,1.1868169401902062
QTSZ06,CLSZ01,1,0.03273723787773462,0.0,1.0327372378777346
QTSZ06,CLSZ04,2,0.1631306700378776,0.0,2.1631306700378774
QTSZ06,CLSZ06,1,0.11442768233534342,0.0,1.1144276823353434
QTSZ06,DTSZ01,1,0.09792294440468374,0.0,1.0979229444046839
QTSZ06,DTSZ03,1,0.10191124401024433,0.0,1.1019112440102443
QTSZ06,DTSZ05,3,0.25483463977905957,0.0,3.2548346397790597
QTSZ06,DTSZ06,1,0.008619788385552392,0.0,1.0086197883855523
QTSZ06,DTSZ10,1,0.00848782414441278,0.0,1.0084878241444128
QTSZ06,DTSZ11,4,0.19377083578636262,0.0,4.193770835786363
QTSZ06,GLSZ02,1,0.06360977315637047,0.0,1.0636097731563705
QTSZ06,GLSZ04,1,0.15354392191814678,0.0,1.1535439219181467
QTSZ06,GLSZ05,1,0.09307130341470937,0.0,1.0930713034147095
QTSZ06,JESZ01,1,0.08065284752729066,0.0,1.0806528475272907
QTSZ06,JESZ05,2,0.25352127382790984,0.0,2.25352127382791
QTSZ06,JESZ10,1,0.0,0.0,1.0
QTSZ06,JWSZ03,1,0.11038003533888056,0.0,1.1103800353388806
QTSZ06,JWSZ09,2,0.1799674641006067,0.0,2.179967464100607
QTSZ06,KLSZ02,1,0.05271108363564564,0.0,1.0527110836356457
QTSZ06,KLSZ04,1,0.0,0.0,1.0
QTSZ06,MPSZ02,1,0.12049025127107797,0.0,1.120490251271078
QTSZ06,MSSZ01,1,0.0,0.0,1.0
QTSZ06,MUSZ03,1,0.013122771054749112,0.0,1.013122771054749
QTSZ06,OTSZ01,1,0.011043753785440537,0.0,1.0110437537854406
QTSZ06,OTSZ02,1,0.012931627852985636,0.0,1.0129316278529856
QTSZ06,OTSZ03,4,0.3359790242012257,0.0,4.335979024201226
QTSZ06,OTSZ04,1,0.024754950776011045,0.0,1.024754950776011
QTSZ06,PGSZ04,1,0.12576807622039526,0.0,1.1257680762203952
QTSZ06,PLSZ04,1,0.007342636320678912,0.0,1.007342636320679
QTSZ06,PRSZ03,1,0.11868384229147452,0.0,1.1186838422914744
QTSZ06,QTSZ04,3,0.1412807280422894,0.9861994435413487,4.127480171583638
QTSZ06,QTSZ05,3,0.683179762720771,0.7704542532866878,4.453634016007459
QTSZ06,QTSZ06,6,0.10145652482412987,10.934180968810214,17.035637493634344
QTSZ06,QTSZ08,5,1.2690749455234427,2.6579441560784036,8.927019101601847
QTSZ06,QTSZ11,4,0.12956439450497914,1.8306302711472808,5.96019466565226
QTSZ06,QTSZ14,2,0.16582146870242787,0.6071930729066617,2.7730145416090894
QTSZ06,RCSZ01,1,0.030951078230217144,0.0,1.0309510782302171
QTSZ06,SBSZ04,1,0.1258705927751602,0.0,1.1258705927751602
QTSZ06,SESZ02,2,0.15697369092131547,0.0,2.1569736909213155
QTSZ06,SESZ03,2,0.20717980473595318,0.0,2.207179804735953
QTSZ06,SESZ06,1,0.1622231914655097,0.0,1.1622231914655097
QTSZ06,SRSZ01,3,0.09918365715099935,0.0,3.0991836571509994
QTSZ06,TPSZ02,1,0.10990484666434819,0.0,1.1099048466643482
QTSZ06,TPSZ03,1,0.031126363060234197,0.0,1.0311263630602343
QTSZ06,WDSZ01,1,0.013966536159542256,0.0,1.0139665361595422
QTSZ06,WDSZ08,1,0.12791277908376325,0.0,1.1279127790837633
QTSZ06,WDSZ09,1,0.034720289772571855,0.0,1.0347202897725718
QTSZ06,YSSZ01,1,0.06653490764850079,0.0,1.0665349076485007
QTSZ06,YSSZ09,1,0.1484744661216376,0.0,1.1484744661216375
QTSZ07,BDSZ04,1,0.0,0.0,1.0
QTSZ07,BMSZ10,1,0.0,0.0,1.0
QTSZ07,BMSZ13,2,0.0,0.9999597073020687,2.999959707302069
QTSZ07,CLSZ07,1,0.0,0.0,1.0
QTSZ07,HGSZ01,1,0.0,0.0,1.0
QTSZ07,HGSZ06,1,0.0,0.0,1.0
QTSZ07,JESZ01,1,0.0,0.0,1.0
QTSZ07,JESZ03,1,0.0,0.0,1.0
QTSZ07,JESZ05,1,0.0,0.0,1.0
QTSZ07,JWSZ09,1,0.0,0.0,1.0
QTSZ07,MDSZ03,1,0.0,0.0,1.0
QTSZ07,QTSZ06,1,0.0,0.0,1.0
QTSZ07,QTSZ12,1,0.0,0.0,1.0
QTSZ07,SBSZ01,1,0.0,0.0,1.0
QTSZ07,TPSZ03,1,0.0,0.0,1.0
QTSZ08,AMSZ01,4,1.3188966661821113,0.0,5.318896666182111
QTSZ08,AMSZ04,5,0.19785132952875534,0.0,5.197851329528755
QTSZ08,AMSZ06,3,0.39490077231588006,0.0,3.39490077231588
QTSZ08,AMSZ09,2,0.32146980798076646,0.0,2.3214698079807663
QTSZ08,BDSZ01,4,0.6601209999193199,0.0,4.66012099991932
QTSZ08,BDSZ02,2,0.6515219157628002,0.0,2.6515219157628
QTSZ08,BDSZ03,1,0.575727876627747,0.0,1.575727876627747
QTSZ08,BDSZ04,4,1.2949310055521712,0.0,5.294931005552171
QTSZ08,BDSZ05,1,0.5823337100350111,0.0,1.582333710035011
QTSZ08,BDSZ06,1,0.9142053926421562,0.0,1.914205392642156
QTSZ08,BKSZ01,3,0.33923650840047403,0.0,3.3392365084004743
QTSZ08,BKSZ02,1,0.12732198167220385,0.0,1.1273219816722038
QTSZ08,BKSZ03,3,0.7921704837947753,0.0,3.7921704837947754
QTSZ08,BKSZ04,1,0.22078371923246817,0.0,1.2207837192324682
QTSZ08,BKSZ05,4,1.637497100965613,0.0,5.6374971009656125
QTSZ08,BKSZ06,1,0.19037139189260893,0.0,1.1903713918926089
QTSZ08,BKSZ07,2,0.9719882183314449,0.0,2.971988218331445
QTSZ08,BKSZ08,4,0.15756794245712968,0.0,4.1575679424571295
QTSZ08,BKSZ09,2,0.6138244250740413,0.0,2.6138244250740414
QTSZ08,BLSZ02,2,0.2180880020654431,0.0,2.218088002065443
QTSZ08,BMSZ01,2,0.6571396803207771,0.0,2.657139680320777
QTSZ08,BMSZ02,2,0.4607723884823611,0.0,2.460772388482361
QTSZ08,BMSZ03,1,0.5167896362215396,0.28046102255236216,1.7972506587739017
QTSZ08,BMSZ04,2,0.35293414834784886,0.0,2.352934148347849
QTSZ08,BMSZ05,1,0.511920748684625,0.0,1.511920748684625
QTSZ08,BMSZ06,6,1.0780054268829826,0.9225941408952435,8.000599567778226
QTSZ08,BMSZ07,3,1.488215152658196,0.4241254526033732,4.912340605261569
QTSZ08,BMSZ08,2,0.34695762941545766,0.0,2.3469576294154577
QTSZ08,BMSZ09,2,0.27292477964905987,0.0,2.2729247796490597
QTSZ08,BMSZ10,1,0.1291026326281131,0.0,1.129102632628113
QTSZ08,BMSZ11,1,0.2989656147227502,0.0,1.2989656147227502
QTSZ08,BMSZ13,4,0.29789023885710947,0.32080603244809863,4.618696271305208
QTSZ08,BPSZ01,2,0.500748075283266,0.0,2.500748075283266
QTSZ08,BPSZ03,2,0.5413954883475853,0.0,2.541395488347585
QTSZ08,BPSZ04,1,0.3224848527735703,0.0,1.3224848527735702
QTSZ08,BPSZ05,4,0.5748182726824966,0.0,4.574818272682497
QTSZ08,BSSZ01,4,1.481432557682826,0.0,5.481432557682826
QTSZ08,BSSZ02,3,0.7143349393774392,0.0,3.714334939377439
QTSZ08,BSSZ03,4,0.9954629654769386,0.0,4.995462965476938
QTSZ08,BTSZ01,5,0.7367926039885543,0.0,5.736792603988555
QTSZ08,BTSZ07,5,1.6256601976854463,0.612834355836676,7.238494553522123
QTSZ08,BTSZ08,2,0.7711639706248532,0.5565408478101332,3.3277048184349862
QTSZ08,CKSZ01,3,0.46381121739620573,0.0,3.4638112173962057
QTSZ08,CKSZ02,2,0.8569766390097765,0.0,2.8569766390097766
QTSZ08,CKSZ03,5,1.206207945267467,0.0,6.206207945267467
QTSZ08,CKSZ04,1,0.31633662857055816,0.0,1.3163366285705582
QTSZ08,CKSZ06,1,0.48072514085454016,0.0,1.48072514085454
QTSZ08,CLSZ03,1,0.6188098909375678,0.0,1.6188098909375679
QTSZ08,CLSZ04,9,1.3973076180077024,2.5104233560696794,12.907730974077381
QTSZ08,CLSZ05,2,0.6845190522730238,0.0,2.684519052273024
QTSZ08,CLSZ06,6,0.5031196248308227,0.4354258450074123,6.9385454698382345
QTSZ08,CLSZ08,1,0.5755775143128536,0.16444961883443487,1.7400271331472885
QTSZ08,DTSZ01,1,0.723977138995567,0.0,1.7239771389955671
QTSZ08,DTSZ02,4,0.741639656108491,0.0,4.741639656108491
QTSZ08,DTSZ03,1,0.5513584055520879,0.0,1.551358405552088
QTSZ08,DTSZ08,2,0.41251993970051554,0.0,2.4125199397005157
QTSZ08,DTSZ09,2,0.1954306637239813,0.0,2.195430663723981
QTSZ08,DTSZ10,2,0.046800149188130406,0.0,2.0468001491881305
QTSZ08,GLSZ02,2,0.34730079738409636,0.0,2.3473007973840962
QTSZ08,GLSZ04,3,1.486431013181584,0.0,4.486431013181584
QTSZ08,GLSZ05,1,0.5490770730224316,0.0,1.5490770730224317
QTSZ08,HGSZ01,3,0.23799051754703446,0.0,3.2379905175470345
QTSZ08,HGSZ02,3,0.7236002116021844,0.0,3.7236002116021845
QTSZ08,HGSZ04,2,0.6371677058261112,0.0,2.637167705826111
QTSZ08,HGSZ06,4,1.2100175315775155,0.0,5.210017531577515
QTSZ08,HGSZ07,2,0.5973182352751685,0.0,2.5973182352751687
QTSZ08,JESZ02,2,0.3065487312963526,0.0,2.3065487312963526
QTSZ08,JESZ03,3,1.050954618396674,0.0,4.050954618396674
QTSZ08,JESZ05,9,1.1253939743577543,0.0,10.125393974357754
QTSZ08,JWSZ02,3,0.44483354872492226,0.0,3.4448335487249224
QTSZ08,JWSZ03,7,1.9189208758569023,0.0,8.918920875856902
QTSZ08,JWSZ04,5,1.133321927281013,0.0,6.133321927281013
QTSZ08,JWSZ08,3,1.5476089973329032,0.0,4.547608997332903
QTSZ08,JWSZ09,11,0.8812841149771801,0.0,11.88128411497718
QTSZ08,KLSZ01,2,1.0740494495515849,0.0,3.074049449551585
QTSZ08,KLSZ03,1,0.02924155586046095,0.0,1.0292415558604608
QTSZ08,KLSZ06,2,0.6268651301085624,0.0,2.6268651301085626
QTSZ08,KLSZ07,3,0.907842972797381,0.0,3.907842972797381
QTSZ08,KLSZ08,1,0.4488458324386905,0.0,1.4488458324386904
QTSZ08,MPSZ01,1,0.19448990248083414,0.0,1.1944899024808342
QTSZ08,MPSZ02,2,0.5976904732417855,0.0,2.5976904732417854
QTSZ08,MPSZ03,3,0.9883500462476188,0.0,3.9883500462476187
QTSZ08,MUSZ01,1,0.21471142515600555,0.0,1.2147114251560056
QTSZ08,NTSZ03,1,0.12578180711679163,0.0,1.1257818071167915
QTSZ08,NVSZ01,1,0.9140493817627422,0.0,1.9140493817627422
QTSZ08,NVSZ02,1,0.6999635145390032,0.0,1.6999635145390033
QTSZ08,ORSZ02,3,0.6152981594961261,0.0,3.615298159496126
QTSZ08,ORSZ03,1,0.416161906243269,0.0,1.416161906243269
QTSZ08,OTSZ03,4,1.05424649795162,0.0,5.05424649795162
QTSZ08,PGSZ02,2,0.6152538497485457,0.0,2.615253849748546
QTSZ08,PGSZ04,3,1.0189285516505906,0.0,4.018928551650591
QTSZ08,PNSZ02,2,0.0,0.0,2.0
QTSZ08,PRSZ02,2,0.5647025233146802,0.0,2.56470252331468
QTSZ08,PRSZ03,5,3.2689862616265506,0.0,8.268986261626551
QTSZ08,PRSZ05,1,0.5591206056805461,0.0,1.5591206056805462
QTSZ08,PRSZ08,1,0.14202852257486656,0.0,1.1420285225748665
QTSZ08,QTSZ01,2,1.3896724653807653,1.0969766292551615,4.4866490946359265
QTSZ08,QTSZ02,3,0.7211962672562063,0.39245114473049053,4.113647411986697
QTSZ08,QTSZ03,1,0.5130515747449436,0.11046423721648153,1.623515811961425
QTSZ08,QTSZ04,3,0.45386282502279796,0.3681754474437032,3.8220382724665014
QTSZ08,QTSZ05,3,1.2795589056911383,0.316528915526939,4.5960878212180765
QTSZ08,QTSZ06,5,0.5461697587911396,2.9459288568791937,8.492098615670333
QTSZ08,QTSZ08,10,2.479510866388879,61.17053269584263,73.6500435622315
QTSZ08,QTSZ10,5,2.5125785027471825,2.99540762048449,10.507986123231673
QTSZ08,QTSZ11,2,0.540296424696506,1.11823947943797,3.6585359041344763
QTSZ08,QTSZ13,2,0.835628103219307,0.014378323876934222,2.8500064270962415
QTSZ08,RCSZ01,1,0.1560106942196407,0.0,1.1560106942196406
QTSZ08,RCSZ02,1,0.1623331413616769,0.0,1.1623331413616769
QTSZ08,RCSZ10,1,0.31816677840431,0.0,1.31816677840431
QTSZ08,RVSZ05,1,0.23373573141434345,0.0,1.2337357314143436
QTSZ08,SBSZ01,2,0.4133017521832991,0.0,2.4133017521832993
QTSZ08,SBSZ02,1,0.06119619290224331,0.0,1.0611961929022433
QTSZ08,SBSZ03,1,0.4910774336878861,0.0,1.491077433687886
QTSZ08,SBSZ04,1,0.3489301820262576,0.0,1.3489301820262576
QTSZ08,SBSZ06,1,0.12784235033416808,0.0,1.1278423503341681
QTSZ08,SESZ02,2,0.679440087299505,0.0,2.679440087299505
QTSZ08,SESZ03,9,1.7654540453687801,0.0,10.76545404536878
QTSZ08,SESZ04,4,1.404525349250533,0.0,5.404525349250533
QTSZ08,SESZ05,2,0.32287243043161507,0.0,2.322872430431615
QTSZ08,SESZ06,2,1.0335158327463392,0.0,3.033515832746339
QTSZ08,SGSZ03,1,0.40841307590977177,0.0,1.4084130759097717
QTSZ08,SGSZ04,5,1.5175920153797025,0.0,6.5175920153797025
QTSZ08,SGSZ06,5,0.9047205859463063,0.0,5.904720585946306
QTSZ08,SRSZ02,1,0.07289469607180948,0.0,1.0728946960718095
QTSZ08,TMSZ02,3,1.0626495116449826,0.0,4.062649511644983
QTSZ08,TMSZ03,5,1.8736852009603726,0.0,6.873685200960373
QTSZ08,TMSZ04,3,0.9297427865726078,0.0,3.929742786572608
QTSZ08,TNSZ04,1,0.3389804629691314,0.2399949195989936,1.578975382568125
QTSZ08,TPSZ02,4,0.9690708335883415,0.0,4.969070833588342
QTSZ08,TPSZ06,3,0.5154927325001583,0.0,3.5154927325001584
QTSZ08,TPSZ10,2,0.23004624185321046,0.0,2.2300462418532105
QTSZ08,TPSZ11,1,0.29576803906614885,0.0,1.2957680390661488
QTSZ08,TPSZ12,1,0.21902163894809804,0.0,1.2190216389480981
QTSZ08,WDSZ01,1,0.09058818489115539,0.0,1.0905881848911554
QTSZ08,WDSZ02,6,0.54323483803707,0.0,6.54323483803707
QTSZ08,WDSZ03,8,1.4334446693778722,0.0,9.433444669377872
QTSZ08,WDSZ04,2,0.32547178865764853,0.0,2.3254717886576484
QTSZ08,YSSZ01,1,0.36160709960811693,0.0,1.3616070996081169
QTSZ08,YSSZ02,1,0.248823494365982,0.0,1.248823494365982
QTSZ08,YSSZ03,3,0.9405406159094432,0.0,3.940540615909443
QTSZ08,YSSZ04,2,0.6235869783742178,0.0,2.6235869783742176
QTSZ08,YSSZ05,2,0.20631183122043484,0.0,2.206311831220435
QTSZ08,YSSZ08,1,0.06587581351503151,0.0,1.0658758135150315
QTSZ08,YSSZ09,4,1.1262924498556195,0.0,5.12629244985562
QTSZ09,BDSZ02,1,0.07537933026795567,0.0,1.0753793302679557
QTSZ09,BDSZ04,2,0.16466876133681516,0.0,2.164668761336815
QTSZ09,BDSZ05,1,0.12915166299960465,0.0,1.1291516629996046
QTSZ09,BMSZ04,2,0.10151868695608754,0.0,2.1015186869560876
QTSZ09,BMSZ06,1,0.0910057655276188,0.0,1.0910057655276189
QTSZ09,BMSZ08,1,0.06586001080117004,0.0,1.06586001080117
QTSZ09,BMSZ15,2,0.0,0.0,2.0
QTSZ09,BMSZ17,1,0.02752287101670851,0.0,1.0275228710167086
QTSZ09,CKSZ03,3,0.4493003224309639,0.0,3.4493003224309637
QTSZ09,CLSZ04,2,0.31854882811823604,0.7150194147794372,3.0335682428976734
QTSZ09,CLSZ05,1,0.13432473024534605,0.014207851133263488,1.1485325813786096
QTSZ09,CLSZ06,2,0.2860610777809298,0.6126979635460008,2.8987590413269304
QTSZ09,JESZ01,1,0.07955610485846924,0.0,1.0795561048584692
QTSZ09,JESZ02,2,0.023744393061407538,0.0,2.0237443930614076
QTSZ09,JESZ05,1,0.16472505581880748,0.0,1.1647250558188076
QTSZ09,JWSZ03,1,0.08937116835822917,0.0,1.0893711683582292
QTSZ09,JWSZ04,1,0.22792226087887518,0.0,1.2279222608788751
QTSZ09,JWSZ08,1,0.1744880170154989,0.0,1.174488017015499
QTSZ09,KLSZ02,1,0.05087667001888811,0.0,1.050876670018888
QTSZ09,KLSZ09,1,0.0165949861681297,0.0,1.0165949861681296
QTSZ09,ORSZ02,1,0.11190644679630662,0.0,1.1119064467963067
QTSZ09,OTSZ01,1,0.008253395563285106,0.0,1.008253395563285
QTSZ09,OTSZ03,1,0.11130106903999619,0.0,1.1113010690399963
QTSZ09,PRSZ03,1,0.11779481107272437,0.0,1.1177948110727243
QTSZ09,QTSZ01,1,0.2511302739947495,0.4105313518102748,1.6616616258050243
QTSZ09,QTSZ05,2,0.1666969682169775,0.0,2.1666969682169777
QTSZ09,QTSZ07,1,0.0,0.0,1.0
QTSZ09,QTSZ11,1,0.1319327301389094,0.2474556541294129,1.3793883842683223
QTSZ09,SBSZ01,1,0.091051404995059,0.0,1.091051404995059
QTSZ09,SBSZ03,1,0.12788240468817258,0.0,1.1278824046881726
QTSZ09,SESZ03,1,0.15486380930112037,0.0,1.1548638093011203
QTSZ09,SRSZ03,1,0.07295142258597662,0.0,1.0729514225859766
QTSZ09,TMSZ02,1,0.10409309576307721,0.0,1.1040930957630772
QTSZ09,TMSZ03,1,0.15276517238183565,0.0,1.1527651723818357
QTSZ09,TMSZ05,1,0.07484500872635255,0.0,1.0748450087263526
QTSZ09,TPSZ02,1,0.10635460578136638,0.0,1.1063546057813665
QTSZ09,WDSZ03,1,0.1379968569256516,0.0,1.1379968569256516
QTSZ09,WDSZ05,1,0.07984329161726561,0.0,1.0798432916172656
QTSZ09,WDSZ06,2,0.17343203618689382,0.0,2.173432036186894
QTSZ09,YSSZ05,1,0.023702976457841547,0.0,1.0237029764578416
QTSZ09,YSSZ08,1,0.015369752207236935,0.0,1.015369752207237
QTSZ09,YSSZ09,1,0.11521176389667348,0.0,1.1152117638966734
QTSZ10,AMSZ01,1,0.4212568355878177,0.0,1.4212568355878177
QTSZ10,AMSZ06,1,0.42221521366688525,0.0,1.4222152136668853
QTSZ10,AMSZ07,1,0.2671580030747835,0.0,1.2671580030747835
QTSZ10,BDSZ02,1,0.5604375161416659,0.0,1.560437516141666
QTSZ10,BDSZ03,1,0.5164502974343704,0.0,1.5164502974343703
QTSZ10,BKSZ06,1,0.22366446700394668,0.0,1.2236644670039467
QTSZ10,BMSZ01,1,0.4299478991201116,0.0,1.4299478991201116
QTSZ10,BMSZ02,1,0.28238899447392457,0.0,1.2823889944739246
QTSZ10,BMSZ03,3,0.6809365716216036,0.0,3.6809365716216034
QTSZ10,BMSZ04,3,0.3893610072436938,0.0,3.3893610072436937
QTSZ10,BMSZ07,2,0.7293838015510895,0.0,2.7293838015510894
QTSZ10,BMSZ08,1,0.19250493396022897,0.0,1.192504933960229
QTSZ10,BMSZ11,1,0.23396695893619293,0.0,1.233966958936193
QTSZ10,BMSZ13,1,0.4393101977999205,0.0,1.4393101977999205
QTSZ10,BMSZ14,1,0.18676352913772207,0.0,1.186763529137722
QTSZ10,BPSZ03,1,0.28127932969151453,0.0,1.2812793296915146
QTSZ10,BPSZ05,1,0.44028094990595895,0.0,1.440280949905959
QTSZ10,BSSZ01,4,1.0186663416516701,0.0,5.01866634165167
QTSZ10,BSSZ02,1,0.42094233884386434,0.0,1.4209423388438642
QTSZ10,BSSZ03,1,0.4086201966929415,0.0,1.4086201966929415
QTSZ10,CKSZ04,1,0.22595971128160394,0.0,1.2259597112816039
QTSZ10,CKSZ06,2,0.5404614899688,0.0,2.5404614899688
QTSZ10,CLSZ04,3,0.8854984932889709,0.616046767144371,4.501545260433342
QTSZ10,CLSZ05,1,0.3691992989586087,0.03376054272816435,1.402959841686773
QTSZ10,CLSZ06,2,0.5805536954155909,0.6814495148790507,3.2620032102946417
QTSZ10,CLSZ09,1,0.285937134385312,0.08544052875154537,1.3713776631368573
QTSZ10,DTSZ02,1,0.2907858107986601,0.0,1.29078581079866
QTSZ10,GLSZ05,2,0.8265468668523758,0.0,2.8265468668523757
QTSZ10,HGSZ04,1,0.3834886560642137,0.0,1.3834886560642137
QTSZ10,HGSZ05,1,0.5441743199331995,0.0,1.5441743199331994
QTSZ10,JESZ01,2,0.3936267915778216,0.0,2.3936267915778218
QTSZ10,JESZ02,1,0.22862432408781197,0.0,1.228624324087812
QTSZ10,JESZ05,2,1.1439696552860423,0.0,3.1439696552860426
QTSZ10,JWSZ03,2,0.5589885560659433,0.0,2.5589885560659433
QTSZ10,JWSZ04,1,0.4711179748352543,0.0,1.4711179748352543
QTSZ10,JWSZ08,1,0.7906382601101465,0.0,1.7906382601101465
QTSZ10,JWSZ09,2,1.092951089803555,0.0,3.092951089803555
QTSZ10,KLSZ08,1,0.39961058641829417,0.0,1.3996105864182942
QTSZ10,MUSZ03,1,0.08042757402686619,0.0,1.0804275740268663
QTSZ10,NVSZ02,2,0.8931417709248485,0.0,2.8931417709248484
QTSZ10,ORSZ02,1,0.3802462778589122,0.0,1.3802462778589122
QTSZ10,PGSZ02,1,0.26169089791092004,0.0,1.26169089791092
QTSZ10,PGSZ05,1,0.3912634492687451,0.0,1.3912634492687452
QTSZ10,PNSZ01,1,0.14549886545754373,0.0,1.1454988654575438
QTSZ10,PRSZ02,1,0.2755213084120845,0.0,1.2755213084120844
QTSZ10,PRSZ03,1,0.36636646855079014,0.0,1.3663664685507901
QTSZ10,QTSZ02,1,0.37269092548765304,0.11814616143168702,1.4908370869193401
QTSZ10,QTSZ04,2,0.35562068279349507,0.26361753702307394,2.619238219816569
QTSZ10,QTSZ08,5,1.3911517001427234,0.7920064659529851,7.1831581660957085
QTSZ10,QTSZ10,4,1.340836892847628,5.273632436399684,10.614469329247312
QTSZ10,QTSZ11,10,1.2947133872835586,7.135257193081809,18.429970580365367
QTSZ10,SBSZ01,2,0.5171692915617537,0.0,2.517169291561754
QTSZ10,SBSZ03,4,0.6282532482383467,0.0,4.628253248238346
QTSZ10,SESZ03,1,0.48984579011660007,0.0,1.4898457901166
QTSZ10,SESZ06,1,0.6108603113214677,0.0,1.6108603113214677
QTSZ10,SGSZ01,1,0.2835334654446223,0.0,1.2835334654446222
QTSZ10,SKSZ01,1,0.2288790189640429,0.0,1.2288790189640428
QTSZ10,SRSZ01,1,0.2798840379931043,0.0,1.2798840379931042
QTSZ10,TNSZ02,2,0.32291627198830186,0.0,2.322916271988302
QTSZ10,TNSZ03,1,0.033318564000592445,0.0,1.0333185640005924
QTSZ10,TPSZ02,1,0.41312075436100326,0.0,1.4131207543610032
QTSZ10,TPSZ06,1,0.3152276046007144,0.0,1.3152276046007145
QTSZ10,TPSZ07,1,0.05889134855074881,0.0,1.0588913485507487
QTSZ10,TSSZ03,2,0.1711755531609841,0.0,2.171175553160984
QTSZ10,WDSZ03,1,0.5030750873186446,0.0,1.5030750873186447
QTSZ10,WDSZ04,2,0.3608017707483564,0.0,2.360801770748356
QTSZ10,WDSZ05,1,0.3572692689451523,0.0,1.3572692689451524
QTSZ10,YSSZ02,2,0.31894031303391235,0.0,2.318940313033912
QTSZ11,AMSZ01,3,0.8381397484530743,0.0,3.838139748453074
QTSZ11,AMSZ03,2,0.38800546564030897,0.0,2.388005465640309
QTSZ11,AMSZ04,1,0.08268160000583447,0.0,1.0826816000058344
QTSZ11,AMSZ09,2,0.25433514414788144,0.0,2.2543351441478814
QTSZ11,BDSZ04,1,0.34415263498484133,0.0,1.3441526349848414
QTSZ11,BDSZ05,2,0.6058515822820117,0.0,2.605851582282012
QTSZ11,BDSZ07,3,0.4626202455931416,0.0,3.4626202455931416
QTSZ11,BKSZ02,2,0.2534196221596535,0.0,2.2534196221596536
QTSZ11,BKSZ03,2,0.7166850906159079,0.0,2.7166850906159077
QTSZ11,BKSZ04,1,0.21787189725493938,0.0,1.2178718972549394
QTSZ11,BKSZ05,2,1.0041139548519349,0.0,3.0041139548519347
QTSZ11,BKSZ07,5,0.8963573746940979,0.0,5.896357374694098
QTSZ11,BKSZ08,1,0.06415961944513075,0.0,1.0641596194451308
QTSZ11,BKSZ09,2,0.5143906500564931,0.0,2.514390650056493
QTSZ11,BMSZ01,6,0.6948831129165327,0.0,6.694883112916533
QTSZ11,BMSZ02,1,0.19802115897868508,0.0,1.198021158978685
QTSZ11,BMSZ03,1,0.32758025408387953,0.0,1.3275802540838795
QTSZ11,BMSZ04,5,0.3303111468069374,0.0,5.330311146806937
QTSZ11,BMSZ06,3,0.6667630396548647,0.0,3.6667630396548647
QTSZ11,BMSZ07,3,0.8091986930623322,0.0,3.8091986930623323
QTSZ11,BMSZ08,4,0.2942266477018213,0.0,4.294226647701821
QTSZ11,BMSZ13,2,0.5304651334207346,0.0,2.5304651334207344
QTSZ11,BMSZ17,1,0.159235338813763,0.0,1.159235338813763
QTSZ11,BPSZ01,2,0.43182201357484923,0.0,2.431822013574849
QTSZ11,BPSZ03,1,0.2988519223215948,0.0,1.2988519223215949
QTSZ11,BPSZ04,2,0.3718638898117409,0.0,2.371863889811741
QTSZ11,BPSZ05,5,0.5785629761782205,0.0,5.578562976178221
QTSZ11,BSSZ01,1,0.445513765984259,0.0,1.445513765984259
QTSZ11,BSSZ02,1,0.33731068622479454,0.0,1.3373106862247945
QTSZ11,BSSZ03,5,0.8584874020016456,0.0,5.8584874020016455
QTSZ11,CHSZ03,2,1.6088084809850862,0.0,3.608808480985086
QTSZ11,CKSZ02,1,0.4988177208876877,0.0,1.4988177208876876
QTSZ11,CKSZ03,5,0.9774842193180815,0.0,5.9774842193180815
QTSZ11,CKSZ04,2,0.4006592795282991,0.0,2.4006592795282993
QTSZ11,CKSZ05,2,0.23212002978785923,0.0,2.2321200297878594
QTSZ11,CKSZ06,4,0.1806896935682303,0.0,4.1806896935682305
QTSZ11,CLSZ03,3,0.754463099096798,0.0,3.7544630990967978
QTSZ11,CLSZ04,5,1.1359372063056603,1.57399764355033,7.7099348498559905
QTSZ11,CLSZ05,1,0.42344941357273896,0.28472890665664047,1.7081783202293794
QTSZ11,CLSZ06,3,1.1844632117918052,0.879492185282846,5.063955397074651
QTSZ11,CLSZ07,2,1.1587405696497743,0.36547875690373194,3.5242193265535064
QTSZ11,DTSZ03,1,0.27717079862103305,0.0,1.277170798621033
QTSZ11,DTSZ05,1,0.27104786068302233,0.0,1.2710478606830224
QTSZ11,DTSZ09,1,0.13031190420713995,0.0,1.13031190420714
QTSZ11,GLSZ02,1,0.1990442488895643,0.0,1.1990442488895643
QTSZ11,GLSZ03,1,0.32332427695117366,0.0,1.3233242769511737
QTSZ11,GLSZ04,1,0.3258565469774848,0.0,1.3258565469774848
QTSZ11,GLSZ05,2,0.6106473813568576,0.0,2.6106473813568574
QTSZ11,HGSZ01,1,0.22888462136697288,0.0,1.2288846213669729
QTSZ11,HGSZ03,1,0.21152809677181497,0.0,1.211528096771815
QTSZ11,HGSZ04,2,0.3669737997081562,0.0,2.3669737997081564
QTSZ11,HGSZ05,2,0.736539109062099,0.0,2.736539109062099
QTSZ11,HGSZ06,1,0.4081301877626546,0.0,1.4081301877626546
QTSZ11,HGSZ07,1,0.28098165540122766,0.0,1.2809816554012277
QTSZ11,JESZ02,2,0.2991016964988243,0.0,2.2991016964988242
QTSZ11,JESZ03,2,0.6508844282542262,0.0,2.6508844282542263
QTSZ11,JESZ05,4,0.9247795099141408,0.0,4.924779509914141
QTSZ11,JWSZ02,4,0.1866606419420343,0.0,4.1866606419420345
QTSZ11,JWSZ03,2,0.4459206536719848,0.0,2.4459206536719846
QTSZ11,JWSZ04,1,0.3593896229333621,0.0,1.359389622933362
QTSZ11,JWSZ08,6,0.9189953541041764,0.0,6.918995354104176
QTSZ11,JWSZ09,7,0.8351275461010005,0.0,7.835127546101001
QTSZ11,KLSZ01,1,0.47745975012090536,0.0,1.4774597501209055
QTSZ11,MPSZ03,1,0.40839288253128897,0.0,1.408392882531289
QTSZ11,MUSZ03,1,0.07363419678177192,0.0,1.073634196781772
QTSZ11,NVSZ01,1,0.7433372143208119,0.0,1.743337214320812
QTSZ11,ORSZ02,1,0.35715936837125045,0.0,1.3571593683712504
QTSZ11,OTSZ03,2,0.7442063217258502,0.0,2.74420632172585
QTSZ11,PGSZ04,2,0.4897411706371616,0.0,2.4897411706371617
QTSZ11,PGSZ05,1,0.29638394300928345,0.0,1.2963839430092834
QTSZ11,PRSZ05,1,0.391344492002271,0.0,1.391344492002271
QTSZ11,QTSZ01,1,0.6500384086587523,0.5889253034076404,2.2389637120663926
QTSZ11,QTSZ02,3,0.5562897290787276,0.23651615452987884,3.7928058836086063
QTSZ11,QTSZ03,2,0.4539185971360967,0.07595979130270639,2.5298783884388034
QTSZ11,QTSZ04,1,0.1812219389461999,0.07383989081943067,1.2550618297656306
QTSZ11,QTSZ05,6,0.6757736675820788,0.0,6.675773667582079
QTSZ11,QTSZ06,3,0.25741313347430383,1.4535847498429681,4.710997883317272
QTSZ11,QTSZ08,2,0.7703549401983721,0.44939245586084603,3.2197473960592182
QTSZ11,QTSZ10,6,1.6311315050283994,8.407721772206047,16.038853277234445
QTSZ11,QTSZ11,21,1.0407424178970353,28.552125088653327,50.59286750655036
QTSZ11,QTSZ13,6,0.7446791421198724,0.05639646334789355,6.801075605467767
QTSZ11,RCSZ01,1,0.1363305435362034,0.0,1.1363305435362034
QTSZ11,RCSZ10,1,0.15583022914617708,0.0,1.155830229146177
QTSZ11,SBSZ03,4,0.5534562068237661,0.0,4.553456206823766
QTSZ11,SBSZ04,2,0.28421445384675537,0.0,2.2842144538467553
QTSZ11,SBSZ05,1,0.021980284719743507,0.0,1.0219802847197434
QTSZ11,SESZ02,1,0.27172851947942084,0.0,1.2717285194794208
QTSZ11,SESZ03,4,1.0790405102950538,0.0,5.079040510295053
QTSZ11,SESZ04,1,0.4237542132792076,0.0,1.4237542132792076
QTSZ11,SESZ06,2,0.5967714351669041,0.0,2.5967714351669042
QTSZ11,SGSZ04,3,0.836028790884294,0.0,3.836028790884294
QTSZ11,SGSZ06,5,0.4998475858838232,0.0,5.499847585883823
QTSZ11,SGSZ07,4,0.20122824634255704,0.0,4.201228246342557
QTSZ11,SRSZ01,1,0.21110125268865437,0.0,1.2111012526886544
QTSZ11,TMSZ02,4,0.7026497156574562,0.0,4.702649715657456
QTSZ11,TMSZ03,2,0.8396898853543894,0.0,2.8396898853543893
QTSZ11,TMSZ04,2,0.37289727309526693,0.0,2.372897273095267
QTSZ11,TNSZ03,1,0.02824817007907042,0.0,1.0282481700790704
QTSZ11,TPSZ01,1,0.1916954523776174,0.0,1.1916954523776173
QTSZ11,TPSZ02,3,0.5728586276079061,0.0,3.572858627607906
QTSZ11,TPSZ04,1,0.08289408720031571,0.0,1.0828940872003157
QTSZ11,TPSZ05,1,0.15808382678338168,0.0,1.1580838267833817
QTSZ11,TPSZ06,2,0.79826394814893,0.0,2.79826394814893
QTSZ11,TPSZ07,2,0.1615740651391632,0.0,2.1615740651391633
QTSZ11,TPSZ12,2,0.2454919774057894,0.0,2.2454919774057895
QTSZ11,WDSZ01,1,0.08186364191541069,0.0,1.0818636419154106
QTSZ11,WDSZ02,2,0.42017667545176035,0.0,2.4201766754517604
QTSZ11,WDSZ03,5,0.7411100277574437,0.0,5.741110027757443
QTSZ11,WDSZ04,3,0.32969884523286175,0.0,3.329698845232862
QTSZ11,WDSZ05,1,0.33261743543532735,0.0,1.3326174354353273
QTSZ11,WDSZ06,1,0.22915355558795397,0.0,1.229153555587954
QTSZ11,WDSZ09,1,0.1487102949543504,0.0,1.1487102949543504
QTSZ11,YSSZ01,2,0.26658243595438763,0.0,2.266582435954388
QTSZ11,YSSZ02,1,0.22271475690094567,0.0,1.2227147569009458
QTSZ11,YSSZ04,2,0.3847537313431397,0.0,2.3847537313431397
QTSZ11,YSSZ08,2,0.20062246630250127,0.0,2.200622466302501
QTSZ11,YSSZ09,3,0.7502993351882932,0.0,3.750299335188293
QTSZ12,BDSZ02,1,0.17521806861100672,0.0,1.1752180686110067
QTSZ12,BDSZ03,1,0.21496305254925227,0.0,1.2149630525492523
QTSZ12,BDSZ04,2,0.24862098515720168,0.0,2.248620985157202
QTSZ12,BKSZ04,1,0.10224134555115759,0.0,1.1022413455511575
QTSZ12,BKSZ06,1,0.1277647959079544,0.0,1.1277647959079544
QTSZ12,BKSZ09,1,0.2421454360645439,0.0,1.2421454360645439
QTSZ12,BMSZ03,1,0.2871630806727293,1.1290097634202478,2.4161728440929773
QTSZ12,BMSZ04,2,0.15979604350047721,0.0,2.159796043500477
QTSZ12,BMSZ05,1,0.1293169505402549,0.0,1.129316950540255
QTSZ12,BMSZ07,1,0.21510237314639732,0.5130012704155877,1.728103643561985
QTSZ12,BMSZ08,1,0.11193153580512799,0.6915064850930629,1.803438020898191
QTSZ12,BMSZ09,1,0.11310760727668115,0.0,1.1131076072766812
QTSZ12,BMSZ14,2,0.23783688364668226,0.0,2.237836883646682
QTSZ12,BPSZ01,1,0.08124477272213665,0.0,1.0812447727221366
QTSZ12,BPSZ03,1,0.11107128191396413,0.0,1.111071281913964
QTSZ12,BPSZ05,4,0.40964934504600065,0.0,4.409649345046001
QTSZ12,BSSZ02,1,0.18167970446696446,0.0,1.1816797044669645
QTSZ12,BTSZ01,2,0.27581936794413225,0.0,2.2758193679441323
QTSZ12,BTSZ07,1,0.15786205596636693,0.0,1.1578620559663668
QTSZ12,CKSZ01,1,0.2410565317544978,0.0,1.2410565317544977
QTSZ12,CKSZ03,1,0.19600988282942103,0.0,1.196009882829421
QTSZ12,CKSZ05,2,0.11685016088234133,0.0,2.116850160882341
QTSZ12,CLSZ03,1,0.3235226924682686,0.0,1.3235226924682686
QTSZ12,CLSZ07,1,0.170463856568059,0.21667296140004144,1.3871368179681003
QTSZ12,GLSZ04,2,0.41391543713722967,0.0,2.41391543713723
QTSZ12,JESZ03,1,0.2054596866672933,0.0,1.2054596866672933
QTSZ12,JESZ08,1,0.1338704057350556,0.0,1.1338704057350557
QTSZ12,JWSZ02,2,0.17564633753620065,0.0,2.1756463375362007
QTSZ12,JWSZ03,2,0.2249795962860247,0.0,2.224979596286025
QTSZ12,JWSZ04,1,0.28291885089579677,0.0,1.2829188508957967
QTSZ12,JWSZ09,1,0.20970991091389343,0.0,1.2097099109138933
QTSZ12,KLSZ09,1,0.027779227634520322,0.0,1.0277792276345203
QTSZ12,PGSZ02,1,0.09142113815571226,0.0,1.0914211381557122
QTSZ12,PGSZ05,1,0.11601395163677493,0.0,1.1160139516367749
QTSZ12,QTSZ01,3,0.485571109414822,2.134965629431784,5.620536738846606
QTSZ12,QTSZ05,3,0.6294347732214359,0.8940683701344312,4.5235031433558675
QTSZ12,QTSZ11,1,0.06919920349754638,0.9459549785522017,2.015154182049748
QTSZ12,QTSZ14,1,0.4675939900655043,0.4745296747054576,1.9421236647709619
QTSZ12,RCSZ09,1,0.05184614338441447,0.0,1.0518461433844144
QTSZ12,SBSZ03,1,0.21896753346994305,0.0,1.218967533469943
QTSZ12,SESZ03,1,0.20807353962922973,0.0,1.2080735396292297
QTSZ12,SESZ04,1,0.2967230099055136,0.0,1.2967230099055136
QTSZ12,SGSZ04,1,0.21076309342765726,0.0,1.2107630934276572
QTSZ12,TMSZ04,1,0.15845591970980916,0.0,1.1584559197098092
QTSZ12,TPSZ03,1,0.08343192306785917,0.0,1.083431923067859
QTSZ12,WDSZ03,2,0.35633027615219576,0.0,2.3563302761521956
QTSZ12,YSSZ03,2,0.25145713145846466,0.0,2.251457131458465
QTSZ13,AMSZ01,2,0.38037264284981914,0.0,2.380372642849819
QTSZ13,AMSZ02,2,0.40542158823001423,0.0,2.405421588230014
QTSZ13,BDSZ04,1,0.39777715819619913,0.0,1.397777158196199
QTSZ13,BDSZ05,1,0.4377711651633215,0.0,1.4377711651633214
QTSZ13,BKSZ09,1,0.35291915765887627,0.0,1.3529191576588762
QTSZ13,BMSZ01,5,0.7293761842908962,0.0,5.729376184290897
QTSZ13,BMSZ06,3,0.4713110330819887,0.0,3.4713110330819887
QTSZ13,BMSZ08,1,0.17409450575608418,0.0,1.174094505756084
QTSZ13,BMSZ13,1,0.3696902946874489,0.11879007691658719,1.4884803716040362
QTSZ13,BPSZ04,1,0.28209459691116845,0.0,1.2820945969111683
QTSZ13,BPSZ05,1,0.37652077512946014,0.0,1.3765207751294601
QTSZ13,BSSZ01,4,0.7382771512262783,0.0,4.738277151226279
QTSZ13,BTSZ07,1,0.4092476422701594,0.0,1.4092476422701594
QTSZ13,CKSZ01,1,0.3767450083105864,0.0,1.3767450083105863
QTSZ13,CKSZ03,1,0.32907147286734595,0.0,1.329071472867346
QTSZ13,CLSZ03,1,0.35524463354135677,0.0,1.3552446335413568
QTSZ13,CLSZ04,1,0.3501860257769353,0.0,1.3501860257769354
QTSZ13,CLSZ07,1,0.5560820206583751,0.06496538790548481,1.6210474085638598
QTSZ13,CLSZ08,1,0.7543674022325845,0.0,1.7543674022325844
QTSZ13,CLSZ09,3,0.684708836120781,0.0,3.684708836120781
QTSZ13,DTSZ05,2,0.39889329201144874,0.0,2.398893292011449
QTSZ13,DTSZ11,2,0.41042246830913004,0.0,2.41042246830913
QTSZ13,GLSZ04,1,0.3632679132684153,0.0,1.3632679132684153
QTSZ13,HGSZ06,1,0.4212245659846136,0.0,1.4212245659846137
QTSZ13,JESZ05,3,0.6482007418471198,0.0,3.64820074184712
QTSZ13,JESZ08,3,0.3470567528534748,0.0,3.347056752853475
QTSZ13,JWSZ03,1,0.34326913346142823,0.0,1.3432691334614282
QTSZ13,KLSZ01,1,0.4270023459154505,0.0,1.4270023459154504
QTSZ13,NVSZ01,1,0.7466785964162751,0.0,1.7466785964162752
QTSZ13,ORSZ02,1,0.322633795477418,0.0,1.3226337954774179
QTSZ13,PGSZ02,1,0.1858020829508429,0.0,1.1858020829508429
QTSZ13,PNSZ01,1,0.11221216173377602,0.0,1.1122121617337761
QTSZ13,PRSZ03,1,0.29340252361001007,0.0,1.29340252361001
QTSZ13,QTSZ02,1,0.3338924266723959,0.028083508527994766,1.3619759352003906
QTSZ13,QTSZ08,2,0.9930232429526725,0.5244544968985395,3.5174777398512123
QTSZ13,QTSZ11,3,0.39360322208988663,2.440037068100076,5.833640290189963
QTSZ13,QTSZ12,1,0.37665638097115783,0.0,1.3766563809711578
QTSZ13,QTSZ13,2,2.9413699596561944,0.8664462582917841,5.807816217947979
QTSZ13,QTSZ14,1,0.3722403188793256,0.07629489654563644,1.4485352154249622
QTSZ13,QTSZ15,1,0.31560849325831153,0.8807154529047084,2.19632394616302
QTSZ13,SBSZ01,1,0.2082781762483119,0.0,1.208278176248312
QTSZ13,SBSZ03,1,0.292807248881491,0.0,1.292807248881491
QTSZ13,SESZ02,2,0.4719750094997019,0.0,2.471975009499702
QTSZ13,SESZ03,2,0.677455578098281,0.0,2.677455578098281
QTSZ13,SGSZ04,1,0.40791623341073746,0.0,1.4079162334107376
QTSZ13,SGSZ06,1,0.27758374337974034,0.0,1.2775837433797403
QTSZ13,TMSZ04,2,0.5268098571338424,0.0,2.526809857133842
QTSZ13,TPSZ06,2,0.719494127251486,0.0,2.719494127251486
QTSZ13,TPSZ11,1,0.24274390439359134,0.0,1.2427439043935913
QTSZ13,WDSZ01,1,0.09555093165164998,0.0,1.09555093165165
QTSZ13,WDSZ02,1,0.3527970490885896,0.0,1.3527970490885897
QTSZ13,WDSZ06,1,0.2923114786939385,0.0,1.2923114786939385
QTSZ13,YSSZ03,1,0.37453593213919817,0.0,1.3745359321391981
QTSZ13,YSSZ09,1,0.38200101684127546,0.0,1.3820010168412755
QTSZ14,AMSZ06,2,0.3543568385842271,0.0,2.354356838584227
QTSZ14,AMSZ09,2,0.24692002598864687,0.0,2.246920025988647
QTSZ14,AMSZ10,1,0.3037493823062293,0.0,1.3037493823062292
QTSZ14,BDSZ02,1,0.45177251790912,0.0,1.45177251790912
QTSZ14,BDSZ03,3,0.4893821909927143,0.0,3.489382190992714
QTSZ14,BDSZ04,1,0.32258931272977454,0.0,1.3225893127297745
QTSZ14,BDSZ06,1,0.6054605192479111,0.0,1.6054605192479112
QTSZ14,BKSZ05,1,0.594066198099539,0.0,1.594066198099539
QTSZ14,BKSZ07,1,0.31845865839018933,0.0,1.3184586583901894
QTSZ14,BLSZ02,1,0.09462180941964275,0.0,1.0946218094196427
QTSZ14,BMSZ01,5,1.1933498091287895,0.7011945187097423,6.894544327838531
QTSZ14,BMSZ03,1,0.5634440259612485,0.5483920461126989,2.1118360720739475
QTSZ14,BMSZ07,4,2.0711548995029356,0.5761129238317698,6.647267823334706
QTSZ14,BMSZ08,2,0.2867503831463807,0.3992463869315148,2.685996770077896
QTSZ14,BMSZ09,2,0.31012150748876083,0.0,2.310121507488761
QTSZ14,BMSZ10,2,0.36530916441978095,0.0,2.365309164419781
QTSZ14,BMSZ12,1,0.44396059683664474,0.19963629034974112,1.6435968871863857
QTSZ14,BMSZ13,1,0.6355179634502499,0.21081141559192107,1.8463293790421709
QTSZ14,BMSZ14,1,0.31936156065456606,0.039023757184574334,1.3583853178391405
QTSZ14,BMSZ15,3,0.3294938192836369,0.1489769766147543,3.478470795898391
QTSZ14,BMSZ17,2,0.534503436205316,0.0,2.5345034362053163
QTSZ14,BPSZ04,2,0.3660482439252284,0.0,2.3660482439252286
QTSZ14,BPSZ05,2,0.35938671436506026,0.0,2.35938671436506
QTSZ14,BSSZ01,3,0.8332438039366465,0.0,3.8332438039366465
QTSZ14,BSSZ02,1,0.39236937154277246,0.0,1.3923693715427725
QTSZ14,BSSZ03,3,0.7789462894503616,0.0,3.778946289450362
QTSZ14,BTSZ01,1,0.4151905503771055,0.0,1.4151905503771056
QTSZ14,BTSZ02,1,0.1696061658931177,0.0,1.1696061658931176
QTSZ14,BTSZ03,1,0.2164089694508972,0.0,1.2164089694508973
QTSZ14,CCSZ01,1,0.2168371046115157,0.0,1.2168371046115156
QTSZ14,CKSZ02,1,0.3685214091884957,0.0,1.3685214091884956
QTSZ14,CKSZ04,1,0.23017883860087468,0.0,1.2301788386008747
QTSZ14,CKSZ05,3,0.22244681685116532,0.0,3.2224468168511655
QTSZ14,CLSZ04,2,0.295970146974721,0.0,2.295970146974721
QTSZ14,CLSZ06,2,0.30318159268720596,0.0,2.303181592687206
QTSZ14,CLSZ07,1,0.48673418936034013,0.0,1.48673418936034
QTSZ14,CLSZ08,1,0.7041248394628584,0.0,1.7041248394628585
QTSZ14,DTSZ03,1,0.29944736270276845,0.0,1.2994473627027685
QTSZ14,GLSZ02,1,0.18785755478690658,0.0,1.1878575547869066
QTSZ14,GLSZ04,3,1.2311671869692797,0.0,4.23116718696928
QTSZ14,HGSZ01,1,0.2183282107379069,0.0,1.218328210737907
QTSZ14,HGSZ02,2,0.49273438897642086,0.0,2.492734388976421
QTSZ14,HGSZ04,1,0.2841491994569349,0.0,1.284149199456935
QTSZ14,HGSZ07,2,0.7192930622190961,0.0,2.719293062219096
QTSZ14,HGSZ08,1,0.25842122301887777,0.0,1.2584212230188778
QTSZ14,JESZ04,1,0.13003494645970826,0.0,1.1300349464597081
QTSZ14,JESZ05,1,0.42160876290654037,0.0,1.4216087629065404
QTSZ14,JESZ08,1,0.15509293528597407,0.0,1.155092935285974
QTSZ14,JWSZ02,1,0.2472859902591318,0.0,1.2472859902591318
QTSZ14,JWSZ04,1,0.405683612708984,0.0,1.405683612708984
QTSZ14,JWSZ08,1,0.6760367544088505,0.0,1.6760367544088504
QTSZ14,JWSZ09,4,0.6583863091659865,0.0,4.658386309165986
QTSZ14,KLSZ03,1,0.05923540127346031,0.0,1.0592354012734604
QTSZ14,KLSZ05,1,0.19366577357944456,0.0,1.1936657735794445
QTSZ14,NVSZ01,1,0.8173888087742884,0.0,1.8173888087742884
QTSZ14,NVSZ02,2,0.7804797591914061,0.0,2.7804797591914063
QTSZ14,ORSZ03,1,0.2450190839848127,0.0,1.2450190839848128
QTSZ14,OTSZ03,3,0.8587530785912746,0.0,3.8587530785912745
QTSZ14,PGSZ02,3,1.375260159027511,0.0,4.375260159027511
QTSZ14,PGSZ03,2,0.26800097879027057,0.0,2.2680009787902704
QTSZ14,PRSZ02,1,0.24459350714589537,0.0,1.2445935071458953
QTSZ14,PRSZ03,1,0.25254634772557033,0.0,1.2525463477255703
QTSZ14,QTSZ01,2,0.5267910203214453,0.0,2.526791020321445
QTSZ14,QTSZ02,1,0.2953229918690117,0.06633615062238156,1.3616591424913933
QTSZ14,QTSZ05,1,0.5871507694549124,0.1787338199208987,1.7658845893758113
QTSZ14,QTSZ06,2,0.3264267480434918,0.8288565581906544,3.1552833062341463
QTSZ14,QTSZ08,1,0.6332745785980342,0.13073144663656472,1.7640060252345988
QTSZ14,QTSZ10,2,0.5298753319401833,1.0138846197232823,3.543759951663466
QTSZ14,QTSZ13,1,0.4468728999114235,0.003636063555415197,1.4505089634668387
QTSZ14,QTSZ14,1,1.1578384849728391,13.8311040422165,15.988942527189339
QTSZ14,QTSZ15,1,0.36281761399946977,0.1225457484367429,1.4853633624362126
QTSZ14,RCSZ02,1,0.0943612982157187,0.0,1.0943612982157187
QTSZ14,RVSZ03,1,0.0,0.0,1.0
QTSZ14,SBSZ01,1,0.1638046365524547,0.0,1.1638046365524546
QTSZ14,SBSZ03,4,0.7027503690620744,0.0,4.702750369062074
QTSZ14,SBSZ05,1,0.006861429475996314,0.0,1.0068614294759963
QTSZ14,SESZ03,3,0.747429439850907,0.0,3.747429439850907
QTSZ14,SESZ04,4,0.7483773595148749,0.0,4.748377359514875
QTSZ14,SESZ05,1,0.2800103911584438,0.0,1.2800103911584437
QTSZ14,SESZ06,2,0.630346078269836,0.0,2.6303460782698362
QTSZ14,SGSZ04,2,0.43925433417433885,0.0,2.439254334174339
QTSZ14,SGSZ06,4,0.4461039501269043,0.0,4.446103950126904
QTSZ14,SRSZ01,1,0.23813233024926905,0.0,1.238132330249269
QTSZ14,TMSZ01,1,0.35136752470557947,0.0,1.3513675247055794
QTSZ14,TMSZ02,2,0.731485554213813,0.0,2.731485554213813
QTSZ14,TMSZ03,2,0.8133277850273792,0.0,2.8133277850273792
QTSZ14,TMSZ04,3,1.0183440272911497,0.0,4.01834402729115
QTSZ14,TPSZ05,1,0.13542781381893526,0.0,1.1354278138189353
QTSZ14,TPSZ07,1,0.08465630511547051,0.0,1.0846563051154705
QTSZ14,TPSZ11,1,0.285074025067913,0.0,1.285074025067913
QTSZ14,WDSZ02,1,0.35301180951198935,0.0,1.3530118095119894
QTSZ14,YSSZ01,1,0.1939611174150712,0.0,1.1939611174150713
QTSZ14,YSSZ03,1,0.2678187559183699,0.0,1.2678187559183698
QTSZ14,YSSZ05,1,0.164680915436314,0.0,1.164680915436314
QTSZ14,YSSZ09,2,0.5630322461383566,0.0,2.5630322461383566
QTSZ15,AMSZ04,1,0.008586738583777027,0.0,1.008586738583777
QTSZ15,BDSZ04,1,0.20609453133910732,0.0,1.2060945313391074
QTSZ15,BMSZ01,1,0.2358434761808236,0.0,1.2358434761808237
QTSZ15,BPSZ05,2,0.38468785786829907,0.0,2.384687857868299
QTSZ15,BSSZ02,1,0.20275520932185967,0.0,1.2027552093218596
QTSZ15,CKSZ04,1,0.10508270769628424,0.0,1.1050827076962841
QTSZ15,CLSZ06,1,0.3176607326703921,0.0,1.317660732670392
QTSZ15,HGSZ02,1,0.1492719664839556,0.0,1.1492719664839557
QTSZ15,HGSZ07,2,0.34077813052204003,0.0,2.34077813052204
QTSZ15,JESZ02,1,0.037924721674234475,0.0,1.0379247216742344
QTSZ15,JESZ05,1,0.26598164121486034,0.0,1.2659816412148603
QTSZ15,JWSZ09,1,0.3857252715698988,0.0,1.3857252715698989
QTSZ15,OTSZ03,1,0.17263082988737458,0.0,1.1726308298873747
QTSZ15,PGSZ04,1,0.06294580266181271,0.0,1.0629458026618126
QTSZ15,QTSZ13,1,0.40332634351562635,0.002665370925148945,1.4059917144407754
QTSZ15,QTSZ15,1,0.2720675243086778,1.9972497848619208,3.2693173091705985
QTSZ15,RCSZ01,1,0.05991678279059326,0.0,1.0599167827905933
QTSZ15,RCSZ10,1,0.10941988010712118,0.0,1.1094198801071211
QTSZ15,SGSZ03,2,0.14063844281788226,0.0,2.1406384428178824
QTSZ15,SGSZ06,1,0.13866140878369557,0.0,1.1386614087836955
RCSZ01,AMSZ01,1,0.21413230222688007,0.0,1.2141323022268802
RCSZ01,AMSZ06,1,0.2544585393646091,0.0,1.254458539364609
RCSZ01,BDSZ01,1,0.17310191913134224,0.0,1.1731019191313423
RCSZ01,BDSZ02,2,0.2660405355147323,0.0,2.2660405355147324
RCSZ01,BDSZ03,1,0.18325394743744874,0.0,1.1832539474374488
RCSZ01,BDSZ06,1,0.3316971978329738,0.0,1.3316971978329737
RCSZ01,BMSZ05,2,0.11144464474357035,0.0,2.11144464474357
RCSZ01,BMSZ06,2,0.5303637384500994,0.0,2.5303637384500997
RCSZ01,BSSZ01,1,0.3331536925548214,0.0,1.3331536925548213
RCSZ01,CKSZ02,1,0.1769803309537484,0.0,1.1769803309537483
RCSZ01,CKSZ03,1,0.20516034317449292,0.0,1.2051603431744928
RCSZ01,CKSZ04,1,0.214620771571728,0.0,1.2146207715717279
RCSZ01,CKSZ05,1,0.11070576699557515,0.0,1.110705766995575
RCSZ01,CLSZ04,2,0.18177785479485783,0.0,2.181777854794858
RCSZ01,DTSZ01,3,0.10322955097747333,0.2752238677623558,3.378453418739829
RCSZ01,DTSZ02,2,0.15342182172753882,0.38553092038136344,2.538952742108902
RCSZ01,DTSZ04,1,0.046868183785075006,0.0,1.046868183785075
RCSZ01,DTSZ05,1,0.13549509396849194,0.22672286950273213,1.3622179634712241
RCSZ01,DTSZ11,1,0.14961040709710707,0.0,1.1496104070971072
RCSZ01,GLSZ03,3,0.3570707420322457,0.0,3.3570707420322456
RCSZ01,GLSZ04,1,0.34538347647031137,0.0,1.3453834764703114
RCSZ01,GLSZ05,1,0.27715536804328805,0.0,1.277155368043288
RCSZ01,HGSZ03,1,0.1316423398291234,0.0,1.1316423398291233
RCSZ01,HGSZ05,1,0.21563205072527064,0.0,1.2156320507252707
RCSZ01,HGSZ06,1,0.2574119469378719,0.0,1.257411946937872
RCSZ01,HGSZ07,1,0.2172046675382242,0.0,1.2172046675382242
RCSZ01,JESZ03,2,0.25941003440429344,0.0,2.2594100344042936
RCSZ01,JWSZ01,1,0.02461349964839796,0.0,1.024613499648398
RCSZ01,JWSZ04,1,0.26302855777413026,0.0,1.2630285577741303
RCSZ01,KLSZ01,3,0.4391891067927425,0.5045375179412067,3.9437266247339493
RCSZ01,KLSZ03,1,0.0374439516242689,0.14219036034567092,1.1796343119699397
RCSZ01,KLSZ08,2,0.2100174956049984,0.12880937432618783,2.3388268699311863
RCSZ01,MPSZ03,1,0.21120252163916794,0.0,1.211202521639168
RCSZ01,MUSZ01,2,0.0955536486968931,0.1829161069631199,2.278469755660013
RCSZ01,NTSZ03,1,0.16549994642549917,0.15791216838627764,1.3234121148117768
RCSZ01,NVSZ01,1,0.7331945834020412,0.1620968314523832,1.8952914148544244
RCSZ01,NVSZ02,1,0.3835388270000913,0.28992573907219144,1.6734645660722827
RCSZ01,ORSZ02,1,0.1732207355619173,0.06962503116892946,1.2428457667308468
RCSZ01,OTSZ02,1,0.0003022106119538375,0.0,1.000302210611954
RCSZ01,OTSZ03,2,0.2783647804995247,0.3234327973917147,2.6017975778912397
RCSZ01,PGSZ03,2,0.14513925589043963,0.0,2.14513925589044
RCSZ01,PGSZ04,1,0.1515082850055253,0.0,1.1515082850055254
RCSZ01,QTSZ03,1,0.061838879165614126,0.0,1.0618388791656141
RCSZ01,QTSZ05,1,0.2093166665771604,0.0,1.2093166665771604
RCSZ01,QTSZ08,1,0.14049035103320312,0.0,1.1404903510332032
RCSZ01,QTSZ15,1,0.08330145511785982,0.0,1.08330145511786
RCSZ01,RCSZ01,1,0.3997515345324896,2.9398641603852793,4.339615694917769
RCSZ01,RCSZ09,1,0.020029912716759257,0.04354914277944759,1.063579055496207
RCSZ01,RCSZ10,2,0.1419249743908434,0.18366144659533035,2.325586420986174
RCSZ01,SBSZ03,1,0.20260300965896416,0.0,1.2026030096589642
RCSZ01,SESZ02,1,0.20710024624160214,0.0,1.207100246241602
RCSZ01,SESZ03,6,0.7037387455678686,0.0,6.703738745567868
RCSZ01,SESZ04,1,0.2837266105640324,0.0,1.2837266105640324
RCSZ01,SESZ05,2,0.13813635944802485,0.0,2.138136359448025
RCSZ01,SGSZ04,3,0.38487184956313014,0.0,3.38487184956313
RCSZ01,SGSZ06,1,0.19847452859935744,0.0,1.1984745285993574
RCSZ01,SRSZ01,1,0.13191790624718486,0.1550871927847749,1.2870050990319597
RCSZ01,SRSZ02,1,0.02137931406998843,0.39722544047932656,1.418604754549315
RCSZ01,TMSZ02,1,0.39050016911644897,0.0,1.390500169116449
RCSZ01,TMSZ04,3,0.4005194812912952,0.0,3.4005194812912953
RCSZ01,TNSZ04,1,0.1600206314223508,0.0,1.1600206314223507
RCSZ01,TPSZ02,1,0.23458021301426418,0.2407708865142895,1.4753510995285537
RCSZ01,TPSZ06,1,0.09143067625645122,0.03878562587369251,1.1302163021301437
RCSZ01,TPSZ09,2,0.09854596698852663,0.15186327438555378,2.2504092413740806
RCSZ01,TPSZ11,2,0.2762971022616585,0.0,2.2762971022616583
RCSZ01,WDSZ02,1,0.1343065912652727,0.0,1.1343065912652728
RCSZ01,WDSZ06,1,0.18334015399442025,0.0,1.1833401539944202
RCSZ01,YSSZ09,6,0.4536119964362431,0.0,6.453611996436243
RCSZ02,BDSZ04,1,0.0,0.0,1.0
RCSZ02,DTSZ02,1,0.0,0.16391798789191042,1.1639179878919104
RCSZ02,DTSZ04,1,0.0,0.0,1.0
RCSZ02,DTSZ11,1,0.0,0.2231600910679068,1.2231600910679068
RCSZ02,GLSZ05,2,0.0,0.0,2.0
RCSZ02,KLSZ08,1,0.0,0.089779049227966,1.089779049227966
RCSZ02,ORSZ02,1,0.0,0.10552977591371268,1.1055297759137126
RCSZ02,QTSZ14,1,0.0,0.0,1.0
RCSZ02,RCSZ02,1,0.0,0.4175743040787736,1.4175743040787736
RCSZ03,AMSZ12,1,0.05559225620483325,0.0,1.0555922562048332
RCSZ03,BDSZ01,1,0.12003795661605203,0.0,1.120037956616052
RCSZ03,BSSZ01,1,0.25895714794516234,0.0,1.2589571479451624
RCSZ03,BTSZ04,1,0.18258309687814794,0.0,1.1825830968781479
RCSZ03,DTSZ01,1,0.10619416039749997,0.013667919528110736,1.1198620799256107
RCSZ03,DTSZ07,1,0.09774433118433225,0.08591992329080869,1.183664254475141
RCSZ03,OTSZ03,2,0.15594491479563985,0.05751987037393873,2.213464785169579
RCSZ03,OTSZ04,2,0.05275097090173651,0.025245357559505716,2.077996328461242
RCSZ03,PGSZ04,1,0.16347647603198737,0.0,1.1634764760319873
RCSZ03,RCSZ03,1,0.25762835787002125,1.7969484037359014,3.0545767616059223
RCSZ03,RCSZ09,1,0.02256313121401145,0.00596186743313585,1.0285249986471474
RCSZ03,RCSZ10,1,0.061072902133609684,0.010685412669433366,1.071758314803043
RCSZ03,TNSZ04,1,0.12944916017551888,0.0,1.1294491601755188
RCSZ03,TPSZ06,1,0.026881694333623748,0.00397335178854749,1.030855046122171
RCSZ03,WDSZ03,1,0.17476068382676033,0.0,1.1747606838267604
RCSZ03,YSSZ09,1,0.13436275949098248,0.0,1.1343627594909824
RCSZ04,DTSZ02,1,0.0,0.0,1.0
RCSZ04,NVSZ01,1,0.0,0.0,1.0
RCSZ05,BKSZ04,1,0.04486067982952185,0.0,1.044860679829522
RCSZ05,BMSZ13,1,0.010630289531714658,0.0,1.0106302895317147
RCSZ05,BSSZ03,1,0.0675410947886339,0.0,1.067541094788634
RCSZ05,BTSZ01,2,0.1602418571508619,0.0,2.160241857150862
RCSZ05,CKSZ05,1,0.05622555034604957,0.0,1.0562255503460496
RCSZ05,CLSZ04,1,0.0807883602096368,0.0,1.0807883602096369
RCSZ05,DTSZ01,1,0.32379725032671036,2.823069031508317,4.1468662818350275
RCSZ05,DTSZ02,1,0.028986904817381545,0.05700445911447772,1.0859913639318595
RCSZ05,DTSZ12,1,0.07810918123780583,0.011650616813887245,1.089759798051693
RCSZ05,GLSZ04,1,0.23763122545056234,0.05043796710250696,1.2880691925530694
RCSZ05,GLSZ05,1,0.10853631529378266,0.0,1.1085363152937826
RCSZ05,JESZ02,1,0.0038138132810840645,0.0,1.003813813281084
RCSZ05,OTSZ03,1,0.0471639908702,0.05772177229473899,1.104885763164939
RCSZ05,PGSZ04,1,0.08519811513495765,0.0,1.0851981151349577
RCSZ05,PGSZ05,1,0.06490448943271784,0.0,1.0649044894327178
RCSZ05,SESZ04,1,0.11293091268565936,0.0,1.1129309126856595
RCSZ05,SGSZ01,1,0.02811846153456753,0.0,1.0281184615345675
RCSZ05,TMSZ02,1,0.13187338554472797,0.0,1.131873385544728
RCSZ05,TMSZ04,1,0.095812224733828,0.0,1.095812224733828
RCSZ05,TPSZ02,1,0.07280449882660538,0.0,1.0728044988266054
RCSZ05,WDSZ05,1,0.06092534064254027,0.0,1.0609253406425403
RCSZ05,YSSZ05,1,0.016475164760486792,0.0,1.0164751647604868
RCSZ05,YSSZ09,2,0.08263089357014676,0.0,2.0826308935701467
RCSZ06,AMSZ07,1,0.0,0.0,1.0
RCSZ06,NVSZ01,1,0.0,0.0,1.0
RCSZ06,SBSZ03,1,0.0,0.0,1.0
RCSZ08,BDSZ04,1,0.07451224762841115,0.0,1.0745122476284112
RCSZ08,BMSZ01,1,0.049775698859928184,0.0,1.0497756988599283
RCSZ08,CLSZ03,1,0.05780208570176987,0.0,1.0578020857017698
RCSZ08,GLSZ05,1,0.0947010285391291,0.0,1.094701028539129
RCSZ08,HGSZ01,1,0.045860412163953465,0.0,1.0458604121639534
RCSZ08,HGSZ04,1,0.03468192181891907,0.0,1.0346819218189192
RCSZ08,HGSZ06,1,0.06084986437315112,0.0,1.0608498643731512
RCSZ08,KLSZ07,1,0.06236639679977828,0.0,1.0623663967997783
RCSZ08,ORSZ02,1,0.0762021649793279,0.0,1.0762021649793279
RCSZ08,PGSZ05,1,0.0465566949280074,0.0,1.0465566949280074
RCSZ08,PRSZ05,2,0.06531576493365185,0.0,2.065315764933652
RCSZ08,QTSZ10,1,0.03610160269611331,0.0,1.0361016026961134
RCSZ08,SESZ02,1,0.05929494536052425,0.0,1.0592949453605243
RCSZ08,TMSZ03,1,0.12401567154287788,0.0,1.124015671542878
RCSZ08,TPSZ02,1,0.0492130666616042,0.0,1.0492130666616042
RCSZ08,TPSZ06,1,0.016981778000138056,0.0,1.016981778000138
RCSZ08,YSSZ09,1,0.045768655013081055,0.0,1.0457686550130811
RCSZ09,AMSZ01,1,0.16551669343076766,0.0,1.1655166934307677
RCSZ09,BDSZ01,1,0.1176762147675286,0.0,1.1176762147675285
RCSZ09,BDSZ04,1,0.21723368579416902,0.0,1.217233685794169
RCSZ09,BDSZ05,1,0.19242403016747694,0.0,1.192424030167477
RCSZ09,BKSZ03,1,0.0974896623782069,0.0,1.0974896623782069
RCSZ09,BMSZ04,2,0.14744204359950153,0.3064197742048603,2.453861817804362
RCSZ09,BMSZ08,1,0.09384733087034047,0.0,1.0938473308703405
RCSZ09,BMSZ10,1,0.06064158820253356,0.0,1.0606415882025335
RCSZ09,BMSZ14,1,0.06935175535025889,0.0,1.069351755350259
RCSZ09,BMSZ15,1,0.08389834036590121,0.0,1.0838983403659013
RCSZ09,BSSZ03,1,0.14195611176089906,0.0,1.1419561117608992
RCSZ09,BTSZ03,1,0.07018608082284117,0.0,1.0701860808228412
RCSZ09,CKSZ02,1,0.12145305869533708,0.0,1.121453058695337
RCSZ09,CKSZ03,1,0.17149818407715908,0.0,1.171498184077159
RCSZ09,DTSZ01,1,0.30465888808350283,0.07464649889476925,1.379305386978272
RCSZ09,DTSZ02,1,0.09742657068805505,0.3713108302131876,1.4687374009012426
RCSZ09,JESZ02,1,0.011310676686899548,0.0,1.0113106766868996
RCSZ09,JWSZ09,2,0.2764973120367178,0.0,2.276497312036718
RCSZ09,KLSZ06,2,0.43714826269144424,0.5884705591314914,3.0256188218229356
RCSZ09,KLSZ07,2,0.2593783773726706,0.28037152843478713,2.539749905807458
RCSZ09,MPSZ01,1,0.1092567454925055,0.0,1.1092567454925055
RCSZ09,NVSZ01,4,0.7472212385246414,0.6130263110367264,5.360247549561368
RCSZ09,OTSZ03,2,0.21852267337765094,0.7656385540641187,2.9841612274417697
RCSZ09,PGSZ02,1,0.09317802223306237,0.0,1.0931780222330625
RCSZ09,PGSZ03,2,0.07555909857988305,0.0,2.075559098579883
RCSZ09,SBSZ06,1,0.08435748534525957,0.0,1.0843574853452596
RCSZ09,TMSZ02,1,0.23004254724957957,0.0,1.2300425472495795
RCSZ09,TPSZ06,1,0.07114177152659888,0.0,1.071141771526599
RCSZ09,WDSZ02,1,0.08097141654483957,0.0,1.0809714165448396
RCSZ09,YSSZ09,1,0.1527141332835827,0.0,1.1527141332835826
RCSZ10,AMSZ01,1,0.22750330531348756,0.0,1.2275033053134876
RCSZ10,AMSZ03,1,0.12248460204407316,0.0,1.122484602044073
RCSZ10,AMSZ04,1,0.03759756299897469,0.0,1.0375975629989747
RCSZ10,AMSZ10,1,0.1636667293479506,0.0,1.1636667293479506
RCSZ10,BDSZ01,1,0.15169574094663904,0.0,1.151695740946639
RCSZ10,BDSZ04,5,0.625993886766429,0.0,5.6259938867664285
RCSZ10,BDSZ06,2,0.4938624785836054,0.0,2.493862478583605
RCSZ10,BKSZ03,1,0.1436794001005885,0.0,1.1436794001005886
RCSZ10,BKSZ05,1,0.21752486141076746,0.0,1.2175248614107674
RCSZ10,BLSZ02,2,0.06387140835650394,0.0,2.063871408356504
RCSZ10,BMSZ04,2,0.16666388130120155,0.28977372090651166,2.4564376022077132
RCSZ10,BMSZ05,1,0.09840791850997341,0.10478870756334828,1.2031966260733216
RCSZ10,BMSZ09,1,0.07177288281820457,0.012860533513159059,1.0846334163313636
RCSZ10,BMSZ11,1,0.0835008262206389,0.0,1.083500826220639
RCSZ10,BMSZ17,1,0.15708204229749714,0.0,1.1570820422974972
RCSZ10,BPSZ01,2,0.2396018005853082,0.0,2.2396018005853082
RCSZ10,BPSZ04,2,0.18734930450934717,0.0,2.1873493045093473
RCSZ10,BSSZ02,1,0.2102868381148596,0.0,1.2102868381148597
RCSZ10,BSSZ03,1,0.19696887253537151,0.0,1.1969688725353715
RCSZ10,CKSZ02,1,0.18634526096527393,0.0,1.186345260965274
RCSZ10,CKSZ03,1,0.2291623890577292,0.0,1.2291623890577292
RCSZ10,CKSZ06,1,0.209904088479969,0.0,1.209904088479969
RCSZ10,CLSZ03,1,0.1977530698111863,0.0,1.1977530698111862
RCSZ10,DTSZ02,3,0.22824453224533484,0.8897267200434629,4.117971252288798
RCSZ10,DTSZ03,2,0.30464220097831907,0.3865291425207247,2.691171343499044
RCSZ10,DTSZ05,1,0.12213598995470484,0.3562272984335017,1.4783632883882065
RCSZ10,DTSZ12,1,0.05285339098312351,0.019916928496127778,1.0727703194792513
RCSZ10,GLSZ03,1,0.19302038613870554,0.0,1.1930203861387056
RCSZ10,GLSZ04,1,0.4442710591042693,0.0,1.4442710591042693
RCSZ10,GLSZ05,1,0.40618384284717574,0.0,1.4061838428471758
RCSZ10,HGSZ05,1,0.24666186865189865,0.0,1.2466618686518987
RCSZ10,JWSZ04,2,0.3955018406140549,0.0,2.395501840614055
RCSZ10,JWSZ09,1,0.28922796658321015,0.0,1.2892279665832103
RCSZ10,KLSZ01,4,0.5562362608808878,0.5409042832077436,5.0971405440886315
RCSZ10,KLSZ03,2,0.10709607871962964,0.0471288137888009,2.154224892508431
RCSZ10,KLSZ06,1,0.3080512519011306,0.2682322392113706,1.576283491112501
RCSZ10,KLSZ07,2,0.2710746310618765,0.26195441533522595,2.5330290463971026
RCSZ10,KLSZ08,1,0.15491501285717516,0.17439501316377223,1.3293100260209474
RCSZ10,KLSZ09,1,0.055237446050454504,0.12654759316972347,1.181785039220178
RCSZ10,MPSZ02,2,0.2503528994084628,0.0,2.2503528994084627
RCSZ10,MUSZ01,2,0.08175073751422383,0.7098593358635439,2.791610073377768
RCSZ10,NTSZ02,1,0.0,0.0,1.0
RCSZ10,NTSZ03,1,0.02450392269291199,0.04303872016230615,1.0675426428552182
RCSZ10,NVSZ01,1,0.5117161227082998,0.1306019519734177,1.6423180746817174
RCSZ10,OTSZ03,5,0.4206345221867295,1.3159589503131628,6.736593472499892
RCSZ10,OTSZ04,1,0.05820376256642913,0.14459379561139157,1.2027975581778207
RCSZ10,PGSZ03,1,0.12358778548912148,0.0,1.1235877854891214
RCSZ10,PGSZ04,3,0.11095537819427016,0.0,3.1109553781942703
RCSZ10,PRSZ02,1,0.1649679779774214,0.0,1.1649679779774214
RCSZ10,PRSZ03,3,0.43565139362937805,0.0,3.435651393629378
RCSZ10,PRSZ05,4,0.4426403137676171,0.0,4.442640313767617
RCSZ10,QTSZ01,1,0.10869917619964581,0.0,1.1086991761996459
RCSZ10,QTSZ05,1,0.2529439383540652,0.0,1.2529439383540653
RCSZ10,QTSZ15,1,0.10623710181768337,0.0,1.1062371018176833
RCSZ10,RCSZ01,3,0.19514475178034352,0.08004284605117944,3.2751875978315232
RCSZ10,RCSZ09,2,0.5814624241546369,1.9921767434869426,4.57363916764158
RCSZ10,RCSZ10,1,0.22262048654059255,11.851969776842184,13.074590263382776
RCSZ10,SBSZ03,1,0.2170290438646135,0.0,1.2170290438646134
RCSZ10,SBSZ04,2,0.180476292912372,0.0,2.180476292912372
RCSZ10,SESZ02,1,0.2120769260219798,0.0,1.2120769260219797
RCSZ10,SESZ03,3,0.5110195270852793,0.0,3.5110195270852795
RCSZ10,SESZ04,1,0.29507947990186056,0.0,1.2950794799018606
RCSZ10,SESZ06,1,0.2897067252089737,0.0,1.2897067252089738
RCSZ10,SGSZ04,2,0.3661736198279445,0.0,2.3661736198279444
RCSZ10,SGSZ06,2,0.31514492476720124,0.0,2.315144924767201
RCSZ10,SISZ01,1,0.12399272550860367,0.0,1.1239927255086037
RCSZ10,SRSZ02,1,0.036378925344058004,0.25199775630743504,1.288376681651493
RCSZ10,TMSZ02,3,0.5538276155737056,0.0,3.553827615573706
RCSZ10,TMSZ04,3,0.28738240635798734,0.0,3.2873824063579873
RCSZ10,TPSZ01,1,0.07145634369564399,0.0,1.071456343695644
RCSZ10,TPSZ02,1,0.2149284950495957,0.0,1.2149284950495958
RCSZ10,TPSZ03,3,0.10187489216412494,0.0,3.101874892164125
RCSZ10,TPSZ09,1,0.09159390810948347,0.0,1.0915939081094834
RCSZ10,WDSZ01,1,0.02811918392264589,0.0,1.0281191839226458
RCSZ10,WDSZ02,1,0.13270640511800008,0.0,1.132706405118
RCSZ10,WDSZ03,1,0.25821383845055285,0.0,1.2582138384505528
RCSZ10,WDSZ04,1,0.29957245904195146,0.0,1.2995724590419515
RCSZ10,YSSZ02,1,0.08174290937441356,0.0,1.0817429093744135
RCSZ10,YSSZ04,1,0.2801644773604918,0.0,1.2801644773604919
RCSZ10,YSSZ09,2,0.3412332697106801,0.0,2.34123326971068
RVSZ01,BTSZ01,1,0.0,0.0,1.0
RVSZ01,JWSZ02,1,0.0,0.0,1.0
RVSZ01,KLSZ02,1,0.0,0.0,1.0
RVSZ01,OTSZ03,1,0.0,0.0,1.0
RVSZ02,JESZ03,1,0.0,0.0,1.0
RVSZ03,BPSZ02,1,0.023513678962397356,0.0,1.0235136789623973
RVSZ03,DTSZ05,1,0.0756976441838753,0.0,1.0756976441838753
RVSZ03,DTSZ08,1,0.16910911317810742,0.0,1.1691091131781075
RVSZ03,DTSZ11,2,0.07409268094510157,0.0,2.0740926809451015
RVSZ03,HGSZ06,1,0.15873856014056997,0.0,1.15873856014057
RVSZ03,JWSZ09,1,0.16602601573779208,0.0,1.166026015737792
RVSZ03,MUSZ01,1,0.11663138635618582,0.0,1.1166313863561859
RVSZ03,OTSZ01,1,0.01647969973806693,0.0,1.016479699738067
RVSZ03,PRSZ03,1,0.15566175154649306,0.0,1.155661751546493
RVSZ03,WDSZ02,1,0.04404946921133839,0.0,1.0440494692113385
RVSZ04,BDSZ04,1,0.0,0.0,1.0
RVSZ04,KLSZ02,1,0.0,0.0,1.0
RVSZ04,OTSZ03,1,0.0,0.0,1.0
RVSZ04,PRSZ07,1,0.0,0.0,1.0
RVSZ04,QTSZ02,1,0.0,0.0,1.0
RVSZ04,RCSZ05,1,0.0,0.0,1.0
RVSZ05,AMSZ01,1,0.1477008542991947,0.0,1.1477008542991947
RVSZ05,AMSZ04,1,0.0,0.0,1.0
RVSZ05,BSSZ03,1,0.09773238727014197,0.0,1.0977323872701419
RVSZ05,DTSZ02,1,0.06417596287909788,0.08331383952364936,1.1474898024027473
RVSZ05,DTSZ08,2,0.02287341860779771,0.6860889318975703,2.7089623505053684
RVSZ05,DTSZ11,1,0.07015382662256797,0.1450052421735839,1.215159068796152
RVSZ05,GLSZ04,1,0.37956362373211494,0.0,1.379563623732115
RVSZ05,HGSZ06,1,0.13578892953181124,0.0,1.1357889295318113
RVSZ05,JESZ05,1,0.25562844820663494,0.0,1.2556284482066349
RVSZ05,JWSZ09,1,0.15269889941405376,0.0,1.1526988994140537
RVSZ05,MUSZ02,1,0.0,0.0,1.0
RVSZ05,ORSZ02,1,0.155297422010573,0.08555298063299467,1.2408504026435676
RVSZ05,PRSZ03,1,0.14251534723905723,0.0,1.1425153472390572
RVSZ05,QTSZ08,1,0.1114357758245391,0.0,1.111435775824539
RVSZ05,TNSZ01,1,0.10685989845873227,0.0,1.1068598984587323
RVSZ05,YSSZ02,1,0.06051249334538833,0.0,1.0605124933453882
RVSZ05,YSSZ09,1,0.0970627125581554,0.0,1.0970627125581554
SBSZ01,AMSZ01,3,0.589035405765558,0.0,3.589035405765558
SBSZ01,AMSZ02,1,0.2890279104739076,0.0,1.2890279104739075
SBSZ01,BDSZ01,1,0.3805612369949353,0.0,1.3805612369949354
SBSZ01,BMSZ03,1,0.22920824513015636,0.0,1.2292082451301565
SBSZ01,BMSZ05,1,0.4168698031243622,0.0,1.4168698031243623
SBSZ01,BMSZ12,1,0.19392755860092484,0.0,1.1939275586009248
SBSZ01,BMSZ16,1,0.03007822739750374,0.0,1.0300782273975038
SBSZ01,BSSZ01,6,0.8785100124586726,0.0,6.878510012458673
SBSZ01,BSSZ03,1,0.38379770040285166,0.0,1.3837977004028517
SBSZ01,BTSZ01,1,0.3608404934056505,0.0,1.3608404934056506
SBSZ01,CCSZ01,1,0.13653112680709073,0.0,1.1365311268070908
SBSZ01,CLSZ01,1,0.16297571859794685,0.0,1.1629757185979468
SBSZ01,CLSZ06,1,0.26929903987092,0.0,1.26929903987092
SBSZ01,CLSZ07,1,0.24353526751126267,0.0,1.2435352675112628
SBSZ01,DTSZ01,1,0.30640453794852934,0.0,1.3064045379485294
SBSZ01,DTSZ05,1,0.26001016874539573,0.0,1.2600101687453957
SBSZ01,DTSZ08,1,0.1994321378085001,0.0,1.1994321378085
SBSZ01,DTSZ10,1,0.06901660399715834,0.0,1.0690166039971583
SBSZ01,DTSZ11,1,0.3929990849432494,0.0,1.3929990849432494
SBSZ01,GLSZ02,1,0.2333204385150181,0.0,1.233320438515018
SBSZ01,GLSZ04,1,0.5017285822730301,0.0,1.5017285822730302
SBSZ01,GLSZ05,1,0.40544894438317425,0.0,1.4054489443831741
SBSZ01,JESZ09,1,0.10695367261178713,0.0,1.1069536726117872
SBSZ01,JESZ10,1,0.0,0.0,1.0
SBSZ01,JWSZ01,1,0.07896037450502995,0.0,1.07896037450503
SBSZ01,KLSZ02,1,0.13835192770231886,0.0,1.1383519277023189
SBSZ01,KLSZ07,1,0.37113650082084865,0.0,1.3711365008208487
SBSZ01,MPSZ03,1,0.3499529105579209,0.0,1.3499529105579209
SBSZ01,MUSZ01,1,0.14228873424431587,0.0,1.1422887342443158
SBSZ01,NVSZ01,1,0.6359564119473492,0.0,1.6359564119473493
SBSZ01,NVSZ02,2,0.9780309919006016,0.0,2.9780309919006016
SBSZ01,ORSZ02,2,0.44725008649786063,0.0,2.447250086497861
SBSZ01,ORSZ03,2,0.24087196460730212,0.0,2.2408719646073023
SBSZ01,OTSZ03,3,0.5455548786764651,0.0,3.545554878676465
SBSZ01,OTSZ04,1,0.07610252246551737,0.0,1.0761025224655174
SBSZ01,PGSZ02,1,0.254458705840127,0.0,1.2544587058401269
SBSZ01,PGSZ04,1,0.5008901504871792,0.0,1.5008901504871792
SBSZ01,QTSZ08,1,0.3037784970144265,0.0,1.3037784970144264
SBSZ01,QTSZ09,1,0.02896821806683519,0.0,1.0289682180668351
SBSZ01,QTSZ10,2,0.36860062041490615,0.0,2.368600620414906
SBSZ01,QTSZ13,1,0.21658065187212833,0.0,1.2165806518721283
SBSZ01,QTSZ14,1,0.27009931089234285,0.0,1.2700993108923428
SBSZ01,RCSZ10,1,0.15010571229341674,0.0,1.1501057122934166
SBSZ01,SBSZ01,8,0.7133399167677584,7.495241068289942,16.2085809850577
SBSZ01,SBSZ02,2,0.7707525376497643,2.0357160171662834,4.806468554816048
SBSZ01,SBSZ03,8,1.8872527821726972,4.8271976387703495,14.714450420943045
SBSZ01,SBSZ04,2,0.7425742549126769,0.0,2.742574254912677
SBSZ01,SBSZ05,6,0.3549120890366288,1.421591893960603,7.776503982997231
SBSZ01,SBSZ06,1,0.21831129489474502,0.7567028358117334,1.9750141307064784
SBSZ01,SESZ03,1,0.48775155672265147,0.0,1.4877515567226514
SBSZ01,SESZ04,1,0.49822921195520337,0.0,1.4982292119552034
SBSZ01,SESZ05,1,0.2674233666040239,0.0,1.267423366604024
SBSZ01,SGSZ04,1,0.5072418771585027,0.0,1.5072418771585028
SBSZ01,SRSZ02,2,0.13578150757197677,0.0,2.1357815075719766
SBSZ01,TNSZ01,1,0.33141811026672324,0.0,1.3314181102667233
SBSZ01,TPSZ01,1,0.1675329090931083,0.0,1.1675329090931084
SBSZ01,TPSZ03,1,0.13442115390416423,0.0,1.1344211539041642
SBSZ01,TPSZ06,1,0.29248613194592976,0.0,1.2924861319459298
SBSZ01,TSSZ03,1,0.05794725943451605,0.0,1.057947259434516
SBSZ01,TSSZ05,1,0.4801307550443659,0.0,1.4801307550443659
SBSZ01,WCSZ01,2,0.5133590257902558,0.0,2.5133590257902556
SBSZ01,WDSZ01,1,0.1377633126582704,0.0,1.1377633126582705
SBSZ01,WDSZ02,1,0.6148930798501179,0.0,1.614893079850118
SBSZ01,WDSZ03,1,0.6198142278543134,0.2446381148282468,1.8644523426825603
SBSZ01,WDSZ07,1,0.053643962401238275,0.0,1.0536439624012384
SBSZ01,WDSZ08,1,0.42527922625957537,0.0,1.4252792262595753
SBSZ01,WDSZ09,1,0.17551685309355317,0.0,1.1755168530935531
SBSZ01,YSSZ01,8,0.863635183671338,2.7558555744438595,11.619490758115198
SBSZ01,YSSZ02,2,0.4937027367676558,1.885837686647187,4.379540423414843
SBSZ01,YSSZ03,1,0.6871305048373597,0.4880897571606934,2.175220261998053
SBSZ01,YSSZ04,1,0.5080403598815816,0.6371436871946732,2.145184047076255
SBSZ01,YSSZ06,1,0.2193264763603917,0.0,1.2193264763603917
SBSZ01,YSSZ09,3,1.5029372468630642,2.4588726657323954,6.961809912595459
SBSZ02,AMSZ01,1,0.3335178072953144,0.0,1.3335178072953144
SBSZ02,AMSZ06,1,0.42154773112660304,0.0,1.4215477311266032
SBSZ02,AMSZ08,1,0.07946678697204433,0.0,1.0794667869720442
SBSZ02,BMSZ02,1,0.12765951411323692,0.0,1.1276595141132368
SBSZ02,BMSZ05,1,0.26888953413127753,0.0,1.2688895341312776
SBSZ02,BMSZ17,2,0.1352319657232535,0.0,2.1352319657232535
SBSZ02,CLSZ06,1,0.26135771127260843,0.0,1.2613577112726084
SBSZ02,DTSZ02,1,0.213103151196018,0.0,1.213103151196018
SBSZ02,DTSZ06,1,0.055558280755859696,0.0,1.0555582807558597
SBSZ02,DTSZ08,1,0.1298097623429835,0.0,1.1298097623429835
SBSZ02,DTSZ11,1,0.33241383621918397,0.0,1.332413836219184
SBSZ02,GLSZ05,1,0.2651204744888721,0.0,1.2651204744888722
SBSZ02,JESZ05,2,0.9029415863464683,0.0,2.9029415863464685
SBSZ02,KLSZ07,1,0.26580003819958054,0.0,1.2658000381995804
SBSZ02,MDSZ02,1,0.08021047279199293,0.0,1.080210472791993
SBSZ02,NVSZ02,1,0.4249835463098908,0.0,1.4249835463098908
SBSZ02,OTSZ01,1,0.024476370700105665,0.0,1.0244763707001057
SBSZ02,OTSZ03,1,0.34380926131662554,0.0,1.3438092613166255
SBSZ02,PNSZ02,2,0.0,0.0,2.0
SBSZ02,QTSZ08,1,0.23655376612483758,0.0,1.2365537661248376
SBSZ02,RCSZ05,1,0.049064941334626445,0.0,1.0490649413346265
SBSZ02,SBSZ01,2,1.4816494462222338,1.037662190546305,4.519311636768538
SBSZ02,SBSZ02,1,0.10075432130747015,2.6590487169168218,3.759803038224292
SBSZ02,SBSZ03,1,0.534034343132272,0.48867808267613655,2.0227124258084084
SBSZ02,SBSZ04,2,0.5437600992085805,0.3545190880568061,2.898279187265387
SBSZ02,SBSZ06,1,0.15578816180730715,0.24346749292272407,1.3992556547300312
SBSZ02,SGSZ02,1,0.08705233910077294,0.0,1.087052339100773
SBSZ02,SKSZ01,1,0.1077492893071998,0.0,1.1077492893071998
SBSZ02,WDSZ02,1,0.34213373742585906,0.0,1.342133737425859
SBSZ02,WDSZ03,1,0.5978118620207356,0.12990817649579164,1.7277200385165272
SBSZ02,YSSZ01,2,0.31329078049174025,0.4349287280475477,2.748219508539288
SBSZ02,YSSZ02,2,0.382802134724443,0.6372118260904565,3.0200139608148993
SBSZ02,YSSZ09,3,1.4016569464875601,1.0165041067341043,5.418161053221665
SBSZ03,AMSZ01,5,0.9856680414057938,0.0,5.985668041405794
SBSZ03,AMSZ02,2,0.5196154787949178,0.0,2.519615478794918
SBSZ03,AMSZ08,1,0.1859796661952117,0.0,1.1859796661952118
SBSZ03,AMSZ09,1,0.27351899026030607,0.0,1.2735189902603061
SBSZ03,AMSZ10,5,0.7313311099076726,0.0,5.731331109907672
SBSZ03,AMSZ11,1,0.04410520418259924,0.0,1.0441052041825993
SBSZ03,AMSZ12,1,0.17880469263259827,0.0,1.1788046926325983
SBSZ03,BDSZ03,1,0.45751194854744764,0.0,1.4575119485474477
SBSZ03,BDSZ04,2,0.5228276003402083,0.0,2.522827600340208
SBSZ03,BKSZ09,2,0.4336684260801245,0.0,2.4336684260801245
SBSZ03,BMSZ03,2,0.4450013045600134,0.0,2.445001304560013
SBSZ03,BMSZ04,1,0.17265953749648572,0.0,1.1726595374964857
SBSZ03,BMSZ05,2,0.8806917452160705,0.0,2.8806917452160707
SBSZ03,BMSZ08,1,0.2190266616591922,0.0,1.2190266616591923
SBSZ03,BMSZ12,1,0.2457715847533093,0.0,1.2457715847533093
SBSZ03,BMSZ16,1,0.04563317657957225,0.0,1.0456331765795723
SBSZ03,BPSZ04,1,0.3258704639382388,0.0,1.3258704639382388
SBSZ03,BSSZ01,5,1.1381131902727912,0.0,6.138113190272791
SBSZ03,BSSZ02,1,0.430326549647511,0.0,1.430326549647511
SBSZ03,BTSZ01,1,0.38238609827629094,0.0,1.382386098276291
SBSZ03,BTSZ03,1,0.1813056876495305,0.0,1.1813056876495305
SBSZ03,CKSZ01,1,0.3606665289881103,0.0,1.3606665289881104
SBSZ03,CKSZ03,3,1.2026853812276694,0.0,4.20268538122767
SBSZ03,CKSZ05,2,0.33862954431734515,0.0,2.338629544317345
SBSZ03,CKSZ06,1,0.3598340484997892,0.0,1.3598340484997893
SBSZ03,CLSZ03,2,0.4628968950698653,0.0,2.462896895069865
SBSZ03,CLSZ04,1,0.2587493217833998,0.0,1.2587493217833998
SBSZ03,DTSZ01,1,0.37942254259628494,0.0,1.379422542596285
SBSZ03,DTSZ02,2,0.849541623647792,0.0,2.849541623647792
SBSZ03,DTSZ03,2,0.71412066015974,0.0,2.71412066015974
SBSZ03,DTSZ05,8,0.4796501107136066,0.0,8.479650110713607
SBSZ03,DTSZ08,3,0.2930008637786191,0.0,3.293000863778619
SBSZ03,DTSZ09,1,0.18616505371042735,0.0,1.1861650537104274
SBSZ03,DTSZ10,1,0.02784841913434872,0.0,1.0278484191343487
SBSZ03,DTSZ11,4,0.4559357227151485,0.0,4.455935722715148
SBSZ03,DTSZ12,1,0.21542181703379373,0.0,1.2154218170337938
SBSZ03,GLSZ02,1,0.24643762723691043,0.0,1.2464376272369104
SBSZ03,GLSZ03,1,0.47094896123053875,0.0,1.4709489612305386
SBSZ03,GLSZ05,2,0.6205805816331057,0.0,2.6205805816331056
SBSZ03,JESZ05,6,0.5170008166637654,0.0,6.517000816663765
SBSZ03,JWSZ02,1,0.29728365549785135,0.0,1.2972836554978513
SBSZ03,JWSZ04,1,0.4245697194572973,0.0,1.4245697194572973
SBSZ03,JWSZ05,2,0.0958791077006766,0.0,2.0958791077006764
SBSZ03,JWSZ08,2,0.8061887404829772,0.0,2.8061887404829773
SBSZ03,KLSZ01,1,0.55288137409867,0.0,1.55288137409867
SBSZ03,KLSZ05,1,0.22263567654507468,0.0,1.2226356765450748
SBSZ03,KLSZ06,2,0.39913472180146664,0.0,2.3991347218014667
SBSZ03,KLSZ09,1,0.07549205432745305,0.0,1.075492054327453
SBSZ03,MUSZ01,4,0.20322203819635015,0.0,4.20322203819635
SBSZ03,NTSZ03,2,0.136107804543881,0.0,2.136107804543881
SBSZ03,NVSZ01,1,0.6909130937374458,0.0,1.690913093737446
SBSZ03,NVSZ02,3,0.9006817187547348,0.0,3.900681718754735
SBSZ03,NVSZ03,1,0.11953161704010387,0.0,1.119531617040104
SBSZ03,ORSZ02,3,0.6944278194632943,0.0,3.6944278194632942
SBSZ03,ORSZ03,2,0.4029169535480354,0.0,2.4029169535480355
SBSZ03,OTSZ01,1,0.047146979673345704,0.0,1.0471469796733457
SBSZ03,OTSZ03,2,0.7555606808870226,0.0,2.7555606808870223
SBSZ03,OTSZ04,1,0.08952757919212992,0.0,1.08952757919213
SBSZ03,PGSZ04,1,0.4480627219249494,0.0,1.4480627219249493
SBSZ03,PLSZ04,1,0.05313385178506338,0.0,1.0531338517850635
SBSZ03,PNSZ01,1,0.1676667123551293,0.0,1.1676667123551292
SBSZ03,PRSZ06,1,0.1724502883317646,0.0,1.1724502883317647
SBSZ03,QTSZ04,1,0.060863100818443386,0.0,1.0608631008184435
SBSZ03,QTSZ08,2,0.4873072082121057,0.0,2.4873072082121057
SBSZ03,QTSZ09,1,0.040855686917461026,0.0,1.040855686917461
SBSZ03,QTSZ10,4,0.5547627281310179,0.0,4.554762728131018
SBSZ03,QTSZ11,5,0.546532492311204,0.0,5.546532492311204
SBSZ03,QTSZ12,1,0.1666907460902327,0.0,1.1666907460902327
SBSZ03,QTSZ13,2,0.41503465677252693,0.0,2.415034656772527
SBSZ03,QTSZ14,3,0.41613475725093263,0.0,3.4161347572509326
SBSZ03,RCSZ01,1,0.1377729177035733,0.0,1.1377729177035734
SBSZ03,RCSZ08,1,0.0,0.0,1.0
SBSZ03,RCSZ10,1,0.1669990033683802,0.0,1.1669990033683801
SBSZ03,SBSZ01,3,1.8285993954415782,1.4125233324292845,6.241122727870863
SBSZ03,SBSZ02,1,0.7101155433830556,1.1964131779966192,2.906528721379675
SBSZ03,SBSZ03,13,4.545374876866529,27.487259819579045,45.03263469644557
SBSZ03,SBSZ04,14,4.486432054545755,8.395171942132112,26.881603996677867
SBSZ03,SBSZ05,2,0.3103752181709589,0.4735466875704586,2.7839219057414177
SBSZ03,SBSZ08,1,0.28897099131560194,0.0,1.288970991315602
SBSZ03,SBSZ09,1,1.693640513756192,1.0215750946549484,3.7152156084111407
SBSZ03,SESZ03,2,0.6611876499129541,0.0,2.661187649912954
SBSZ03,SESZ05,1,0.3379553284351858,0.0,1.3379553284351857
SBSZ03,SGSZ02,1,0.14309649462781776,0.0,1.1430964946278177
SBSZ03,SGSZ04,1,0.5382915777057061,0.0,1.538291577705706
SBSZ03,SISZ01,1,0.373682491895011,0.0,1.373682491895011
SBSZ03,SKSZ01,1,0.17057080994996396,0.0,1.1705708099499639
SBSZ03,SLSZ01,1,0.31621764959730286,0.0,1.3162176495973028
SBSZ03,THSZ01,1,0.0,0.0,1.0
SBSZ03,TMSZ02,3,0.8924913127899354,0.0,3.8924913127899354
SBSZ03,TMSZ05,1,0.5709724775566251,0.0,1.5709724775566252
SBSZ03,TNSZ01,1,0.32965351381613217,0.0,1.3296535138161323
SBSZ03,TNSZ04,1,0.17982546256222648,0.0,1.1798254625622264
SBSZ03,TPSZ02,1,0.37251255173582837,0.0,1.3725125517358283
SBSZ03,TSSZ03,1,0.08349327845212252,0.0,1.0834932784521225
SBSZ03,TSSZ06,3,0.0984799787433172,0.0,3.0984799787433173
SBSZ03,WCSZ01,3,0.7332808872176834,0.0,3.7332808872176835
SBSZ03,WDSZ01,3,0.2536699504029743,0.0,3.2536699504029745
SBSZ03,WDSZ02,7,1.4691695663165019,1.9676243873614512,10.436793953677952
SBSZ03,WDSZ03,6,1.7039073755616143,1.310724908228995,9.01463228379061
SBSZ03,WDSZ04,2,0.8272862149928296,0.8536932634412607,3.6809794784340903
SBSZ03,WDSZ06,2,0.4643661108640284,0.0,2.4643661108640282
SBSZ03,WDSZ08,2,0.5705068675875963,0.19736670847533316,2.7678735760629296
SBSZ03,YSSZ01,16,1.1858426279965895,5.127340136602558,22.313182764599148
SBSZ03,YSSZ02,1,0.5965591891472821,0.5696427372341968,2.166201926381479
SBSZ03,YSSZ03,2,1.2650414957139098,0.0,3.26504149571391
SBSZ03,YSSZ04,1,0.538797300796143,0.0,1.5387973007961429
SBSZ03,YSSZ08,2,0.315266075019673,0.21784154786970003,2.533107622889373
SBSZ03,YSSZ09,12,2.1566452816546944,3.784164284383224,17.940809566037917
SBSZ04,AMSZ01,5,0.5749148493635095,0.0,5.574914849363509
SBSZ04,AMSZ11,1,0.04131154273994902,0.0,1.041311542739949
SBSZ04,BDSZ01,1,0.32974691409448714,0.0,1.329746914094487
SBSZ04,BDSZ02,1,0.39334842720752144,0.0,1.3933484272075214
SBSZ04,BMSZ01,2,0.4329790769353264,0.0,2.4329790769353266
SBSZ04,BMSZ02,1,0.17462596288525645,0.0,1.1746259628852564
SBSZ04,BSSZ01,1,0.40146233657441865,0.0,1.4014623365744185
SBSZ04,BTSZ01,2,0.46695704518379016,0.0,2.4669570451837903
SBSZ04,CLSZ01,1,0.1452593350569277,0.0,1.1452593350569278
SBSZ04,DTSZ01,2,0.355839301492945,0.0,2.355839301492945
SBSZ04,DTSZ02,2,0.6569194508725354,0.0,2.6569194508725356
SBSZ04,DTSZ03,2,0.8329220188573256,0.0,2.8329220188573254
SBSZ04,DTSZ05,3,1.3534345407528698,0.0,4.35343454075287
SBSZ04,DTSZ09,1,0.18801238512937804,0.0,1.188012385129378
SBSZ04,DTSZ11,2,0.4288320089823504,0.0,2.4288320089823503
SBSZ04,GLSZ01,1,0.36033542566722465,0.0,1.3603354256672247
SBSZ04,GLSZ02,1,0.17850380996539242,0.0,1.1785038099653924
SBSZ04,GLSZ03,1,0.31111054311151154,0.0,1.3111105431115115
SBSZ04,GLSZ04,2,0.605192768745978,0.0,2.605192768745978
SBSZ04,GLSZ05,1,0.33386954693744475,0.0,1.3338695469374446
SBSZ04,JESZ05,2,0.5140959690301868,0.0,2.514095969030187
SBSZ04,JESZ08,1,0.08921100912339823,0.0,1.0892110091233982
SBSZ04,JWSZ08,1,0.46255658365887276,0.0,1.4625565836588728
SBSZ04,KLSZ01,1,0.38802469605642803,0.0,1.388024696056428
SBSZ04,KLSZ08,2,0.28581972922759824,0.0,2.2858197292275984
SBSZ04,NVSZ01,1,0.6046913510382469,0.0,1.6046913510382468
SBSZ04,ORSZ02,2,0.3981968750847961,0.0,2.398196875084796
SBSZ04,ORSZ03,2,0.30368104415260677,0.0,2.303681044152607
SBSZ04,OTSZ03,3,1.2895555121982905,0.0,4.289555512198291
SBSZ04,OTSZ04,1,0.045241525184881566,0.0,1.0452415251848817
SBSZ04,PGSZ02,1,0.20759501778344974,0.0,1.2075950177834498
SBSZ04,QTSZ06,1,0.10420704726849207,0.0,1.1042070472684922
SBSZ04,QTSZ08,2,0.44026054333088693,0.0,2.440260543330887
SBSZ04,QTSZ11,4,0.8831154399481257,0.0,4.883115439948126
SBSZ04,QTSZ14,1,0.24052207764436678,0.0,1.2405220776443668
SBSZ04,RCSZ09,1,0.10134677382735437,0.0,1.1013467738273544
SBSZ04,RCSZ10,1,0.16886753373293553,0.0,1.1688675337329355
SBSZ04,SBSZ01,1,0.5415385998775812,0.6063372347703967,2.147875834647978
SBSZ04,SBSZ03,16,1.8034263703933653,11.057854974282494,28.86128134467586
SBSZ04,SBSZ04,2,0.9210657746988032,8.40995598439557,11.331021759094373
SBSZ04,SBSZ05,1,0.15912904861569596,0.2895079762209346,1.4486370248366307
SBSZ04,SBSZ08,2,0.8569795985999503,0.0,2.8569795985999504
SBSZ04,SGSZ03,1,0.3349737950920397,0.0,1.3349737950920397
SBSZ04,SGSZ06,1,0.2300731754603077,0.0,1.2300731754603076
SBSZ04,SKSZ03,1,0.07482808096055993,0.0,1.07482808096056
SBSZ04,SRSZ02,1,0.07695144060637543,0.0,1.0769514406063754
SBSZ04,TMSZ02,1,0.3713423595079441,0.0,1.3713423595079441
SBSZ04,TMSZ04,1,0.19886521356553774,0.0,1.1988652135655378
SBSZ04,TMSZ05,1,0.30012545538146007,0.0,1.30012545538146
SBSZ04,TPSZ01,1,0.21234670404015188,0.0,1.2123467040401519
SBSZ04,TPSZ02,1,0.3117830894426584,0.0,1.3117830894426583
SBSZ04,TPSZ05,1,0.09545713597629037,0.0,1.0954571359762904
SBSZ04,WCSZ01,3,0.4320015031120405,0.0,3.4320015031120406
SBSZ04,WDSZ01,2,0.26367169414834624,0.0,2.2636716941483463
SBSZ04,WDSZ02,5,0.6869572738237754,1.6787835914093074,7.365740865233083
SBSZ04,WDSZ03,3,1.2232708797010212,0.8292523869408163,5.052523266641837
SBSZ04,WDSZ06,2,0.722353043102646,0.0,2.722353043102646
SBSZ04,WDSZ08,2,0.37977167052415695,0.20154834747158049,2.5813200179957376
SBSZ04,YSSZ01,3,0.40528389954992416,0.0,3.405283899549924
SBSZ04,YSSZ02,1,0.26923341104300547,0.47908638294501366,1.748319793988019
SBSZ04,YSSZ03,2,1.1293913950344128,0.0,3.1293913950344128
SBSZ04,YSSZ08,1,0.15001124095333876,0.0,1.1500112409533387
SBSZ04,YSSZ09,3,0.7566021279388015,1.4545676528249587,5.21116978076376
SBSZ05,BDSZ01,1,0.06412207402131376,0.0,1.0641220740213138
SBSZ05,BMSZ07,1,0.07153767428957086,0.0,1.0715376742895708
SBSZ05,BPSZ07,1,0.022695113096756,0.0,1.022695113096756
SBSZ05,BTSZ01,1,0.09162546106459653,0.0,1.0916254610645966
SBSZ05,CKSZ03,1,0.13254744381066086,0.0,1.1325474438106609
SBSZ05,CLSZ09,1,0.021883972072054413,0.0,1.0218839720720545
SBSZ05,DTSZ01,1,0.08200757157998091,0.0,1.0820075715799808
SBSZ05,DTSZ03,1,0.09494696721356345,0.0,1.0949469672135634
SBSZ05,DTSZ05,1,0.06490858440938346,0.0,1.0649085844093835
SBSZ05,DTSZ08,1,0.02608183309334659,0.0,1.0260818330933466
SBSZ05,DTSZ12,1,0.031281430440447566,0.0,1.0312814304404476
SBSZ05,GLSZ04,1,0.11484148427677536,0.0,1.1148414842767753
SBSZ05,JESZ05,2,0.16683109735204252,0.0,2.1668310973520426
SBSZ05,KLSZ06,1,0.10203160093326157,0.0,1.1020316009332616
SBSZ05,MUSZ03,1,0.023501648202704728,0.0,1.0235016482027048
SBSZ05,NVSZ02,1,0.13694074134661008,0.0,1.1369407413466102
SBSZ05,ORSZ02,2,0.10643112696448036,0.0,2.1064311269644804
SBSZ05,OTSZ04,1,0.006429807808487794,0.0,1.006429807808488
SBSZ05,PGSZ04,1,0.08002513184994485,0.0,1.0800251318499448
SBSZ05,QTSZ08,2,0.10900669795527586,0.0,2.1090066979552757
SBSZ05,QTSZ11,1,0.03193119056501738,0.0,1.0319311905650175
SBSZ05,QTSZ14,1,0.0540502648343828,0.0,1.0540502648343828
SBSZ05,SBSZ01,3,0.27797625882873594,0.6987387801661739,3.97671503899491
SBSZ05,SBSZ02,1,0.08139229363906492,0.0,1.081392293639065
SBSZ05,SBSZ03,4,0.3837759964755914,2.137076457907629,6.5208524543832205
SBSZ05,SBSZ04,2,0.5322865777303173,0.9786693186831038,3.5109558964134213
SBSZ05,SBSZ05,1,0.09887471137408886,7.64973198978894,8.748606701163029
SBSZ05,SBSZ08,1,0.043217858209578686,0.0,1.0432178582095788
SBSZ05,SESZ04,1,0.13729690826995175,0.0,1.1372969082699518
SBSZ05,SISZ01,1,0.027293131379506487,0.0,1.0272931313795064
SBSZ05,WDSZ04,1,0.15203227276289505,0.0,1.152032272762895
SBSZ05,WDSZ08,1,0.03281727269120559,0.05954152118257177,1.0923587938737773
SBSZ05,YSSZ01,2,0.11994815907082784,0.2703342328354946,2.3902823919063225
SBSZ05,YSSZ04,2,0.3020019929266121,0.0,2.3020019929266122
SBSZ05,YSSZ09,1,0.17542764946026504,0.2092160518897062,1.3846437013499713
SBSZ06,AMSZ07,1,0.0,0.0,1.0
SBSZ06,BDSZ01,1,0.0,0.0,1.0
SBSZ06,BKSZ07,1,0.0,0.0,1.0
SBSZ06,QTSZ08,3,0.0,0.0,3.0
SBSZ06,SBSZ01,1,0.0,2.000550956270566,3.000550956270566
SBSZ06,WDSZ09,1,0.0,0.0,1.0
SBSZ07,CKSZ06,1,0.46940514939541383,0.0,1.469405149395414
SBSZ07,SBSZ01,1,0.5348184863816424,0.0,1.5348184863816425
SBSZ07,YSSZ03,1,0.5358760103794615,0.0,1.5358760103794615
SBSZ07,YSSZ09,1,0.4599003538427749,0.0,1.4599003538427748
SBSZ08,AMSZ01,1,0.16085325851518945,0.0,1.1608532585151894
SBSZ08,AMSZ03,2,0.097011927274455,0.0,2.097011927274455
SBSZ08,BKSZ04,1,0.10445616004188336,0.0,1.1044561600418834
SBSZ08,BMSZ01,1,0.10873350933609952,0.0,1.1087335093360995
SBSZ08,CKSZ03,1,0.2737891661752876,0.0,1.2737891661752876
SBSZ08,CKSZ06,1,0.17810255167740915,0.0,1.178102551677409
SBSZ08,GLSZ02,1,0.0611896259142937,0.0,1.0611896259142937
SBSZ08,PRSZ02,1,0.11316059940120361,0.0,1.1131605994012037
SBSZ08,SBSZ03,1,0.2855109705706586,0.0,1.2855109705706587
SBSZ08,SBSZ04,1,0.8957961245613629,0.0,1.8957961245613628
SBSZ08,SBSZ05,1,0.04495317395518467,0.0,1.0449531739551847
SBSZ08,SESZ04,1,0.21097660004138322,0.0,1.2109766000413833
SBSZ08,SESZ05,1,0.11236262124559668,0.0,1.1123626212455966
SBSZ08,SESZ06,1,0.2725185140767805,0.0,1.2725185140767805
SBSZ08,SGSZ03,1,0.11203370077673581,0.0,1.1120337007767358
SBSZ08,WDSZ02,1,0.18163280206516175,0.0,1.1816328020651619
SBSZ08,WDSZ05,1,0.2658632131293736,0.0,1.2658632131293737
SBSZ08,YSSZ01,1,0.16025793151820528,0.0,1.1602579315182053
SBSZ08,YSSZ02,1,0.10543775087014323,0.0,1.1054377508701432
SBSZ08,YSSZ09,1,0.2553597988529249,0.0,1.255359798852925
SBSZ09,AMSZ02,1,0.1841503122315577,0.0,1.1841503122315578
SBSZ09,AMSZ04,1,0.020459188396757193,0.0,1.020459188396757
SBSZ09,BKSZ06,1,0.06625212155966073,0.0,1.0662521215596608
SBSZ09,CKSZ01,1,0.3177037609501716,0.0,1.3177037609501716
SBSZ09,CKSZ06,1,0.22047317366423858,0.0,1.2204731736642387
SBSZ09,HGSZ01,1,0.10592190110515352,0.0,1.1059219011051535
SBSZ09,HGSZ05,1,0.24269669021948703,0.0,1.242696690219487
SBSZ09,NVSZ02,1,0.2516702685552222,0.0,1.2516702685552221
SBSZ09,SBSZ03,1,0.29065805862873395,0.028842992448884584,1.3195010510776186
SBSZ09,SBSZ09,2,1.9805933329401821,1.8298535507637859,5.810446883703968
SBSZ09,SESZ03,2,0.33507091734718036,0.0,2.3350709173471804
SBSZ09,WDSZ01,1,0.04114781092534164,0.0035809475600194086,1.044728758485361
SBSZ09,WDSZ02,2,0.3830154171581067,0.02327590096854748,2.4062913181266543
SBSZ09,WDSZ03,8,1.5391361673419837,0.0842538560462273,9.623390023388211
SBSZ09,WDSZ04,2,0.22646373316513183,0.0307452638091542,2.257208996974286
SBSZ09,WDSZ05,1,0.4011306360818075,0.0,1.4011306360818074
SBSZ09,WDSZ06,1,0.25084767316037526,0.0,1.2508476731603753
SBSZ09,YSSZ01,1,0.142608836565909,0.0,1.142608836565909
SESZ02,AMSZ01,1,0.7315008856908461,0.0,1.731500885690846
SESZ02,AMSZ10,2,0.538929584204477,0.0,2.5389295842044772
SESZ02,AMSZ12,2,0.3279052717254057,0.0,2.3279052717254056
SESZ02,BDSZ01,2,1.1720142425392959,0.0,3.172014242539296
SESZ02,BDSZ02,1,0.9319871774662037,0.0,1.9319871774662039
SESZ02,BDSZ04,1,0.866846446487225,0.0,1.866846446487225
SESZ02,BLSZ02,1,0.09906899954362192,0.0,1.099068999543622
SESZ02,BMSZ01,2,0.5352867563781514,0.0,2.5352867563781514
SESZ02,BMSZ07,1,0.5442157603849487,0.0,1.5442157603849487
SESZ02,BMSZ12,1,0.5126952725389233,0.0,1.5126952725389233
SESZ02,BSSZ01,4,1.9654404998667194,0.0,5.96544049986672
SESZ02,BSSZ03,1,0.6739030706692557,0.0,1.6739030706692557
SESZ02,BTSZ07,1,0.22964311786796493,0.0,1.229643117867965
SESZ02,CHSZ03,2,1.0861278391923803,0.0,3.0861278391923803
SESZ02,CLSZ01,3,0.6099748105576559,0.0,3.609974810557656
SESZ02,CLSZ04,2,0.34875970926394734,0.0,2.3487597092639474
SESZ02,CLSZ06,1,0.3679154422951512,0.0,1.3679154422951512
SESZ02,CLSZ09,2,0.1443966893020075,0.0,2.1443966893020074
SESZ02,DTSZ02,3,0.6624326688770246,0.0,3.662432668877025
SESZ02,DTSZ03,3,1.2174625847190688,0.0,4.217462584719069
SESZ02,DTSZ05,4,0.866948859839379,0.0,4.866948859839379
SESZ02,DTSZ08,1,0.3079169126105655,0.0,1.3079169126105654
SESZ02,DTSZ11,3,0.5214916098976312,0.0,3.521491609897631
SESZ02,GLSZ01,1,0.42712364622736293,0.0,1.4271236462273629
SESZ02,GLSZ02,2,0.5038813015309507,0.0,2.5038813015309507
SESZ02,GLSZ03,2,1.0493550948915493,0.0,3.049355094891549
SESZ02,HGSZ01,3,0.9272092999665308,0.6512337382314131,4.5784430381979435
SESZ02,HGSZ04,2,1.251488179430209,0.5650559057421368,3.816544085172346
SESZ02,HGSZ06,2,1.409406641613315,0.0,3.409406641613315
SESZ02,HGSZ07,2,0.6050368659420167,0.0,2.605036865942017
SESZ02,JESZ05,2,0.6492526799861067,0.0,2.6492526799861067
SESZ02,JESZ06,1,0.10065061015557844,0.0,1.1006506101555784
SESZ02,JWSZ08,3,1.0229266313217498,0.0,4.0229266313217495
SESZ02,JWSZ09,1,0.41316496367335215,0.0,1.413164963673352
SESZ02,KLSZ01,1,0.6815916936853621,0.0,1.681591693685362
SESZ02,KLSZ03,1,0.060214274163170364,0.0,1.0602142741631704
SESZ02,KLSZ04,1,0.0,0.0,1.0
SESZ02,KLSZ05,1,0.2787723924697699,0.0,1.27877239246977
SESZ02,KLSZ06,3,0.5557479579627461,0.0,3.5557479579627462
SESZ02,KLSZ07,2,0.640212620749,0.0,2.6402126207489998
SESZ02,KLSZ08,3,0.7063939768344729,0.0,3.706393976834473
SESZ02,KLSZ09,2,0.16076633988360806,0.0,2.160766339883608
SESZ02,MPSZ01,3,0.48749589949484073,0.0,3.487495899494841
SESZ02,MPSZ03,1,0.5735372935560344,0.0,1.5735372935560346
SESZ02,MUSZ01,3,0.28484859106034444,0.0,3.2848485910603444
SESZ02,MUSZ02,1,0.0,0.0,1.0
SESZ02,MUSZ03,1,0.05528728976846577,0.0,1.0552872897684658
SESZ02,NTSZ03,2,0.20837738010344392,0.0,2.208377380103444
SESZ02,NVSZ02,4,1.1747627094193194,0.0,5.174762709419319
SESZ02,ORSZ02,1,0.2954906714567246,0.0,1.2954906714567245
SESZ02,ORSZ03,2,0.4222130813114716,0.0,2.4222130813114715
SESZ02,OTSZ01,1,0.048465453945122285,0.0,1.0484654539451224
SESZ02,OTSZ03,7,0.7754000294931146,0.0,7.775400029493115
SESZ02,PGSZ01,1,0.5400613854223083,0.0,1.5400613854223084
SESZ02,PGSZ02,8,3.5642669952540458,0.0,11.564266995254046
SESZ02,PGSZ03,1,0.6205560542181665,0.3402094394256883,1.9607654936438548
SESZ02,PGSZ04,3,2.5501083872339967,2.3949168367596614,7.9450252239936585
SESZ02,PLSZ04,3,0.21754265509128504,0.0,3.217542655091285
SESZ02,PRSZ02,1,0.8524138713824814,0.0,1.8524138713824814
SESZ02,PRSZ03,4,1.3158157786701812,0.0,5.315815778670181
SESZ02,PRSZ05,1,1.16646997035473,0.0,2.16646997035473
SESZ02,QTSZ03,1,0.1123116102857335,0.0,1.1123116102857336
SESZ02,QTSZ06,1,0.17388567385500753,0.0,1.1738856738550076
SESZ02,QTSZ08,4,1.0169364221045063,0.0,5.016936422104506
SESZ02,QTSZ10,1,0.3281894892110525,0.0,1.3281894892110526
SESZ02,QTSZ13,2,0.5026926178188793,0.0,2.5026926178188793
SESZ02,QTSZ15,1,0.18649755397083373,0.0,1.1864975539708338
SESZ02,RCSZ01,2,0.2568017116206883,0.0,2.2568017116206884
SESZ02,RCSZ08,1,0.0,0.0,1.0
SESZ02,RCSZ10,1,0.26305629486772436,0.0,1.2630562948677244
SESZ02,SESZ02,14,9.836958478521536,36.97875771318527,60.815716191706805
SESZ02,SESZ03,27,4.813514163528298,3.9990446282865584,35.81255879181485
SESZ02,SESZ04,8,3.5418505068546886,2.256930687395318,13.798781194250006
SESZ02,SESZ05,1,0.9361525603703271,0.45448713879037445,2.3906396991607015
SESZ02,SESZ06,4,2.3231085254942117,1.3576642328994857,7.680772758393697
SESZ02,SGSZ03,1,0.5570823408677079,0.0,1.557082340867708
SESZ02,SGSZ04,2,1.1426271296777284,0.0,3.142627129677728
SESZ02,SGSZ06,3,0.8763360002368824,0.0,3.8763360002368823
SESZ02,SRSZ01,1,0.3425189317410927,0.0,1.3425189317410928
SESZ02,SRSZ03,1,0.20071501161986308,0.0,1.200715011619863
SESZ02,TMSZ01,2,0.9083814309853432,0.0,2.9083814309853433
SESZ02,TMSZ02,1,0.9971290570642914,0.0,1.9971290570642914
SESZ02,TMSZ03,2,1.6753698610291614,0.0,3.6753698610291616
SESZ02,TMSZ04,1,0.6552432669136643,0.0,1.6552432669136643
SESZ02,TMSZ05,4,1.24064027677581,0.0,5.24064027677581
SESZ02,TNSZ01,1,0.3450831269383229,0.0,1.3450831269383228
SESZ02,TNSZ04,1,0.19536486300518624,0.0,1.1953648630051863
SESZ02,TPSZ03,1,0.21177412708478074,0.0,1.2117741270847808
SESZ02,TPSZ06,2,0.8130616910326975,0.0,2.8130616910326975
SESZ02,TPSZ08,1,0.16423760440801258,0.0,1.1642376044080125
SESZ02,TPSZ12,1,0.3190848245126597,0.0,1.3190848245126596
SESZ02,WCSZ01,1,0.4538071746456231,0.0,1.4538071746456231
SESZ02,WDSZ08,1,0.2600124726273235,0.0,1.2600124726273236
SESZ02,WDSZ09,1,0.19187584896990448,0.0,1.1918758489699044
SESZ02,YSSZ01,4,0.4041502127178126,0.0,4.404150212717813
SESZ02,YSSZ04,1,0.43223173473521576,0.0,1.4322317347352158
SESZ02,YSSZ08,1,0.16857613188814508,0.0,1.1685761318881451
SESZ02,YSSZ09,3,1.2935683924080281,0.0,4.293568392408028
SESZ03,AMSZ01,5,1.486477835831296,0.0,6.4864778358312964
SESZ03,AMSZ02,1,0.4524768461869555,0.0,1.4524768461869555
SESZ03,AMSZ03,1,0.43445088228304807,0.0,1.434450882283048
SESZ03,BDSZ01,1,0.8718814147078348,0.0,1.8718814147078349
SESZ03,BDSZ03,1,0.9526726986045989,0.0,1.9526726986045988
SESZ03,BDSZ04,2,1.1814263823784554,0.0,3.181426382378455
SESZ03,BDSZ06,1,0.8705412094795874,0.0,1.8705412094795872
SESZ03,BKSZ01,1,0.17514880691259901,0.0,1.175148806912599
SESZ03,BKSZ03,1,0.26351095308787387,0.0,1.2635109530878739
SESZ03,BLSZ02,1,0.09970937043964508,0.0,1.099709370439645
SESZ03,BMSZ01,8,1.6759768918006948,0.0,9.675976891800694
SESZ03,BMSZ04,1,0.28287258959704925,0.0,1.2828725895970492
SESZ03,BMSZ05,3,0.6870748833671346,0.0,3.6870748833671345
SESZ03,BMSZ06,1,0.4857677171562748,0.0,1.4857677171562749
SESZ03,BMSZ07,2,0.8748663672356267,0.0,2.8748663672356267
SESZ03,BMSZ08,1,0.32227162200679665,0.0,1.3222716220067967
SESZ03,BMSZ10,1,0.09645762397348298,0.0,1.096457623973483
SESZ03,BMSZ12,1,0.42792363586200854,0.0,1.4279236358620087
SESZ03,BMSZ13,2,0.2265930704515401,0.0,2.22659307045154
SESZ03,BMSZ17,4,0.27909951824367213,0.0,4.279099518243672
SESZ03,BSSZ01,1,1.156451086387614,0.0,2.156451086387614
SESZ03,BSSZ02,2,0.955977377636114,0.0,2.9559773776361142
SESZ03,BTSZ01,3,0.9472983755439456,0.0,3.9472983755439457
SESZ03,CCSZ01,1,0.2096551333541045,0.0,1.2096551333541046
SESZ03,CHSZ02,2,0.2981429907928123,0.0,2.298142990792812
SESZ03,CHSZ03,7,1.9775565067630834,0.0,8.977556506763083
SESZ03,DTSZ01,3,0.7744279461804033,0.0,3.7744279461804036
SESZ03,DTSZ02,6,0.4750202723447284,0.0,6.475020272344729
SESZ03,DTSZ03,10,1.286435823373834,0.0,11.286435823373834
SESZ03,DTSZ04,1,0.12729284576531746,0.0,1.1272928457653175
SESZ03,DTSZ05,5,0.6504781950165248,0.0,5.650478195016525
SESZ03,DTSZ06,1,0.0395924273796724,0.0,1.0395924273796724
SESZ03,DTSZ08,9,1.2153710153774027,0.0,10.215371015377404
SESZ03,DTSZ09,2,0.16558150909071712,0.0,2.165581509090717
SESZ03,DTSZ11,7,0.45567181504441834,0.0,7.455671815044418
SESZ03,DTSZ12,5,0.5371246952014783,0.0,5.537124695201478
SESZ03,GLSZ01,2,0.5437605674807237,0.0,2.5437605674807235
SESZ03,GLSZ02,1,0.6667805958953854,0.0,1.6667805958953854
SESZ03,GLSZ03,4,1.2168895871072765,0.0,5.216889587107277
SESZ03,GLSZ05,2,1.580952283335035,0.0,3.580952283335035
SESZ03,HGSZ01,4,0.9046938706887638,0.42075723056672815,5.325451101255492
SESZ03,HGSZ03,2,1.607826080543582,1.0510323958138983,4.65885847635748
SESZ03,HGSZ04,4,1.1794272654582327,0.6357453293924383,5.815172594850671
SESZ03,HGSZ06,14,1.928862083500237,0.0,15.928862083500237
SESZ03,HGSZ07,1,0.4332772360810048,0.0,1.4332772360810049
SESZ03,HGSZ08,1,0.7328987068482407,0.0,1.7328987068482407
SESZ03,JESZ05,3,0.7371906398411944,0.0,3.7371906398411943
SESZ03,JESZ10,1,0.0,0.0,1.0
SESZ03,JWSZ09,2,0.6177711879734351,0.0,2.6177711879734353
SESZ03,KLSZ03,1,0.08014605353859133,0.0,1.0801460535385914
SESZ03,KLSZ06,4,0.555819782236196,0.0,4.555819782236196
SESZ03,KLSZ07,3,1.0138312087955688,0.0,4.013831208795569
SESZ03,KLSZ08,2,0.5628045968488804,0.0,2.5628045968488804
SESZ03,KLSZ09,1,0.07343877297127063,0.0,1.0734387729712707
SESZ03,MDSZ03,1,0.0,0.0,1.0
SESZ03,MPSZ02,1,0.6941664740847977,0.0,1.6941664740847977
SESZ03,MUSZ01,1,0.3535691102807536,0.0,1.3535691102807537
SESZ03,MUSZ03,1,0.07161734971746148,0.0,1.0716173497174615
SESZ03,NTSZ03,2,0.17234393796183595,0.0,2.172343937961836
SESZ03,NVSZ01,4,1.7071842688715189,0.0,5.707184268871519
SESZ03,NVSZ02,5,1.0001529839978376,0.0,6.000152983997838
SESZ03,ORSZ01,2,0.10729838298476152,0.0,2.1072983829847614
SESZ03,ORSZ02,5,0.9580577202693009,0.0,5.958057720269301
SESZ03,ORSZ03,6,0.7131941155427316,0.0,6.7131941155427315
SESZ03,OTSZ01,1,0.04322467878408036,0.0,1.0432246787840804
SESZ03,OTSZ02,1,0.056633346183304595,0.0,1.0566333461833046
SESZ03,OTSZ03,10,1.2471304771820306,0.0,11.247130477182031
SESZ03,OTSZ04,3,0.1831306467406614,0.0,3.1831306467406613
SESZ03,PGSZ02,7,1.4226475390689628,0.3381453838677088,8.760792922936671
SESZ03,PGSZ03,6,1.452614716660002,1.8525814227737583,9.305196139433761
SESZ03,PGSZ04,21,4.226722078263452,4.246364076765287,29.47308615502874
SESZ03,PGSZ05,4,1.7543293762672818,0.30269243907431076,6.057021815341592
SESZ03,PRSZ02,1,0.6557629532467074,0.0,1.6557629532467075
SESZ03,PRSZ03,1,0.8749888708804283,0.0,1.8749888708804283
SESZ03,PRSZ05,1,0.9764471201549134,0.0,1.9764471201549134
SESZ03,PRSZ06,1,0.2699750599885006,0.0,1.2699750599885005
SESZ03,QTSZ06,1,0.22694249133651545,0.0,1.2269424913365155
SESZ03,QTSZ08,8,0.975867957136778,0.0,8.975867957136778
SESZ03,QTSZ09,1,0.042384435039618,0.0,1.042384435039618
SESZ03,QTSZ10,1,0.5026339093882702,0.0,1.5026339093882704
SESZ03,QTSZ11,5,0.7737080863279664,0.0,5.773708086327966
SESZ03,QTSZ12,1,0.1996733172927354,0.0,1.1996733172927354
SESZ03,QTSZ13,2,0.44932272391289074,0.0,2.449322723912891
SESZ03,QTSZ14,3,0.3417786433575173,0.0,3.341778643357517
SESZ03,RCSZ01,3,0.35288324102031043,0.0,3.3528832410203107
SESZ03,RCSZ10,3,0.49433315681799156,0.0,3.4943331568179916
SESZ03,SBSZ01,1,0.7541005594082835,0.0,1.7541005594082835
SESZ03,SBSZ03,2,0.7038732637471855,0.0,2.7038732637471856
SESZ03,SBSZ09,2,0.5981720358433633,0.0,2.5981720358433633
SESZ03,SESZ02,21,5.883779711854466,7.363130294827954,34.24691000668242
SESZ03,SESZ03,28,25.95389293090544,63.400806811183024,117.35469974208846
SESZ03,SESZ04,17,4.953847795045308,9.09705836943964,31.05090616448495
SESZ03,SESZ05,6,1.1545167829171705,2.7250289169467683,9.87954569986394
SESZ03,SESZ06,19,12.80295676219761,4.470733122557484,36.27368988475509
SESZ03,SGSZ03,1,0.7381207027038058,0.09259440753667501,1.8307151102404806
SESZ03,SGSZ04,2,1.8021033968479783,0.0,3.8021033968479783
SESZ03,SGSZ06,6,0.7698965257241809,0.0,6.769896525724181
SESZ03,SKSZ01,1,0.13431441326440535,0.0,1.1343144132644054
SESZ03,SRSZ02,2,0.14300298146578402,0.0,2.143002981465784
SESZ03,TMSZ02,2,1.3850823901131855,0.0,3.3850823901131855
SESZ03,TMSZ03,3,1.6511175524421207,0.0,4.651117552442121
SESZ03,TMSZ04,2,1.4849880956952766,0.0,3.4849880956952766
SESZ03,TMSZ05,5,1.4596706380233193,0.0,6.4596706380233195
SESZ03,TNSZ03,2,0.08571605609678717,0.0,2.0857160560967873
SESZ03,TNSZ04,1,0.2503549787900455,0.0,1.2503549787900454
SESZ03,TPSZ06,5,0.8241356293466905,0.0,5.82413562934669
SESZ03,TPSZ08,1,0.12361421838616689,0.0,1.1236142183861668
SESZ03,TPSZ09,2,0.3474473953515071,0.0,2.347447395351507
SESZ03,TPSZ10,1,0.23705925246515522,0.0,1.2370592524651551
SESZ03,TPSZ12,1,0.3375526974396179,0.0,1.337552697439618
SESZ03,TSSZ03,1,0.08622433164939643,0.0,1.0862243316493965
SESZ03,TSSZ05,3,0.6543754639423374,0.0,3.6543754639423374
SESZ03,WCSZ01,3,0.8270764711259105,0.0,3.8270764711259107
SESZ03,WDSZ01,2,0.16206511383322766,0.0,2.162065113833228
SESZ03,WDSZ02,6,0.6334182914273251,0.0,6.633418291427325
SESZ03,WDSZ03,2,0.5821948014519159,0.0,2.582194801451916
SESZ03,YSSZ01,1,0.7384322377377252,0.0,1.738432237737725
SESZ03,YSSZ02,2,0.6690098710617719,0.0,2.669009871061772
SESZ03,YSSZ04,1,0.5744690891030755,0.0,1.5744690891030755
SESZ03,YSSZ08,2,0.33704953988068975,0.0,2.33704953988069
SESZ04,AMSZ01,8,2.343317369224509,0.0,10.34331736922451
SESZ04,AMSZ03,1,0.48079678639307794,0.0,1.480796786393078
SESZ04,AMSZ06,1,0.6022978210270836,0.0,1.6022978210270837
SESZ04,AMSZ10,2,0.7843633030252238,0.0,2.784363303025224
SESZ04,AMSZ11,1,0.08652019709491468,0.0,1.0865201970949148
SESZ04,AMSZ12,2,0.43853781714489387,0.0,2.4385378171448937
SESZ04,BDSZ02,1,1.0850284861557729,0.0,2.085028486155773
SESZ04,BDSZ03,1,1.1892939199978745,0.0,2.1892939199978745
SESZ04,BDSZ04,2,1.790573776394655,0.0,3.790573776394655
SESZ04,BDSZ05,2,1.321036044152384,0.0,3.3210360441523843
SESZ04,BLSZ02,1,0.14149717043647908,0.0,1.1414971704364791
SESZ04,BMSZ01,1,0.6162514363048148,0.0,1.6162514363048148
SESZ04,BMSZ02,3,0.6223675709334577,0.0,3.6223675709334575
SESZ04,BMSZ04,1,0.3260737672765277,0.0,1.3260737672765277
SESZ04,BMSZ05,3,0.9875681400661618,0.0,3.987568140066162
SESZ04,BMSZ07,2,1.2512596943579823,0.0,3.2512596943579823
SESZ04,BMSZ16,3,0.20646523428437003,0.0,3.2064652342843702
SESZ04,BMSZ17,3,0.5947159626981754,0.0,3.5947159626981753
SESZ04,BPSZ05,1,0.8055151182504161,0.0,1.805515118250416
SESZ04,BPSZ07,1,0.09758229586055256,0.0,1.0975822958605526
SESZ04,BSSZ01,2,1.595971922452081,0.0,3.595971922452081
SESZ04,BTSZ01,2,1.0332720283036059,0.0,3.033272028303606
SESZ04,CHSZ01,1,0.16881278039782904,0.0,1.168812780397829
SESZ04,CHSZ02,1,0.24073669640253775,0.0,1.2407366964025377
SESZ04,CHSZ03,6,2.5401859980384085,0.0,8.540185998038408
SESZ04,CKSZ03,1,0.7539555442145196,0.0,1.7539555442145196
SESZ04,CLSZ01,1,0.22422015267598547,0.0,1.2242201526759855
SESZ04,CLSZ04,1,0.6329684004214019,0.0,1.6329684004214018
SESZ04,CLSZ09,1,0.13020379286596187,0.0,1.1302037928659618
SESZ04,DTSZ01,1,1.0759813920073054,0.0,2.0759813920073054
SESZ04,DTSZ02,6,0.6843641736485492,0.0,6.684364173648549
SESZ04,DTSZ03,3,1.7675493538324032,0.0,4.767549353832403
SESZ04,DTSZ04,1,0.1518684858357333,0.0,1.1518684858357333
SESZ04,DTSZ05,7,0.9894543021359503,0.0,7.98945430213595
SESZ04,DTSZ08,7,1.9916304896175465,0.0,8.991630489617547
SESZ04,DTSZ09,1,0.15159132971830616,0.0,1.1515913297183062
SESZ04,DTSZ11,6,0.5756914731948743,0.0,6.575691473194874
SESZ04,DTSZ12,1,0.2625495737586368,0.0,1.2625495737586367
SESZ04,GLSZ01,1,0.6441184055129731,0.0,1.6441184055129732
SESZ04,GLSZ03,2,1.2805571777208231,0.0,3.280557177720823
SESZ04,GLSZ04,1,0.978903868468343,0.0,1.9789038684683429
SESZ04,GLSZ05,5,1.8194145339263375,0.0,6.819414533926338
SESZ04,HGSZ01,1,1.0194835914279994,0.24904517044342858,2.2685287618714276
SESZ04,HGSZ02,2,1.9673058021933303,0.31000081847814126,4.277306620671471
SESZ04,HGSZ04,4,1.3833001401482066,0.8369618450218227,6.220261985170029
SESZ04,HGSZ05,3,3.456004891222832,1.454513225900011,7.910518117122844
SESZ04,HGSZ06,6,1.976049790358629,0.0,7.976049790358629
SESZ04,HGSZ07,2,0.7769074676760331,0.0,2.776907467676033
SESZ04,JESZ05,1,1.0551406934665792,0.0,2.055140693466579
SESZ04,JESZ06,1,0.12629722843820285,0.0,1.126297228438203
SESZ04,JESZ10,1,0.0,0.0,1.0
SESZ04,JWSZ01,1,0.03349649358249987,0.0,1.0334964935825
SESZ04,JWSZ06,1,0.2787710810034521,0.0,1.278771081003452
SESZ04,JWSZ08,1,0.7793498728652183,0.0,1.7793498728652182
SESZ04,KLSZ01,2,1.0734386592978142,0.0,3.073438659297814
SESZ04,KLSZ03,1,0.08753787402483316,0.0,1.0875378740248332
SESZ04,KLSZ06,2,0.7844496545377769,0.0,2.784449654537777
SESZ04,KLSZ07,1,0.7227434040227291,0.0,1.722743404022729
SESZ04,KLSZ08,5,1.1917812385975226,0.0,6.191781238597523
SESZ04,KLSZ09,3,0.2512090151819632,0.0,3.251209015181963
SESZ04,MDSZ02,1,0.1777072793601249,0.0,1.1777072793601249
SESZ04,MPSZ02,1,0.7507810444872185,0.0,1.7507810444872185
SESZ04,MUSZ01,4,0.4572667071935182,0.0,4.457266707193519
SESZ04,MUSZ03,1,0.09535088591216491,0.0,1.095350885912165
SESZ04,NTSZ03,1,0.12694996772651482,0.0,1.126949967726515
SESZ04,NVSZ01,1,1.471806513390696,0.0,2.471806513390696
SESZ04,NVSZ02,5,1.3827490654504933,0.0,6.3827490654504935
SESZ04,NVSZ03,1,0.2345871358649329,0.0,1.234587135864933
SESZ04,ORSZ02,5,1.2696353287641238,0.0,6.2696353287641235
SESZ04,ORSZ03,2,0.6426645636127584,0.0,2.642664563612758
SESZ04,OTSZ01,1,0.05834869470528903,0.0,1.058348694705289
SESZ04,OTSZ03,6,0.967064853508033,0.0,6.967064853508033
SESZ04,PGSZ02,2,0.9719239209564408,0.16198348563528708,3.133907406591728
SESZ04,PGSZ03,1,1.4726893272399413,0.5517040278331865,3.0243933550731277
SESZ04,PGSZ04,4,2.3629543484357955,1.211499856126948,7.574454204562744
SESZ04,PGSZ05,2,2.364850070936174,0.1800695122827858,4.5449195832189595
SESZ04,PLSZ01,2,0.3953312602691062,0.0,2.3953312602691064
SESZ04,PRSZ03,2,1.317060022742266,0.0,3.317060022742266
SESZ04,PRSZ05,1,1.222218987765682,0.0,2.222218987765682
SESZ04,QTSZ08,6,1.1417241301410996,0.0,7.1417241301411
SESZ04,QTSZ11,1,0.7785458452970885,0.0,1.7785458452970886
SESZ04,QTSZ12,1,0.26569892002057177,0.0,1.2656989200205717
SESZ04,QTSZ14,4,0.725123849753844,0.0,4.725123849753844
SESZ04,RCSZ01,1,0.22601259755741546,0.0,1.2260125975574154
SESZ04,RCSZ10,1,0.5328070488984263,0.0,1.5328070488984262
SESZ04,SBSZ01,1,0.790744045025979,0.0,1.790744045025979
SESZ04,SBSZ08,1,0.11205864640329269,0.0,1.1120586464032927
SESZ04,SESZ02,5,2.73974739056091,1.5578690068950813,9.297616397455991
SESZ04,SESZ03,19,4.102474226358287,4.602621106119622,27.705095332477907
SESZ04,SESZ04,13,6.765728431657957,27.04332481378388,46.80905324544183
SESZ04,SESZ05,4,1.5564071182003725,2.0604499766564137,7.616857094856786
SESZ04,SESZ06,15,5.358031329465695,4.778396288920295,25.13642761838599
SESZ04,SGSZ04,1,1.7153156834100536,0.0,2.7153156834100534
SESZ04,SGSZ05,1,0.36662562225899753,0.0,1.3666256222589976
SESZ04,SGSZ06,5,1.2413363626222769,0.0,6.241336362622277
SESZ04,SGSZ07,1,0.4093296787549079,0.0,1.4093296787549079
SESZ04,SLSZ01,1,0.6527814500901865,0.0,1.6527814500901865
SESZ04,TMSZ02,1,1.418710971832737,0.0,2.418710971832737
SESZ04,TMSZ04,2,1.398352004144315,0.0,3.398352004144315
SESZ04,TMSZ05,4,1.599834828638838,0.0,5.599834828638838
SESZ04,TNSZ04,1,0.2940151691357826,0.0,1.2940151691357826
SESZ04,TPSZ01,2,0.6371779645549581,0.0,2.637177964554958
SESZ04,TPSZ06,4,1.0094306709411103,0.0,5.009430670941111
SESZ04,TPSZ12,3,0.6723762159159891,0.0,3.672376215915989
SESZ04,TSSZ02,1,0.4796010763419377,0.0,1.4796010763419378
SESZ04,TSSZ05,1,0.9390926791077665,0.0,1.9390926791077665
SESZ04,WCSZ01,1,0.8776807966240769,0.0,1.877680796624077
SESZ04,WDSZ01,2,0.20767859693649082,0.0,2.207678596936491
SESZ04,WDSZ02,1,0.7647495978085206,0.0,1.7647495978085206
SESZ04,YSSZ01,3,0.6774106303618609,0.0,3.677410630361861
SESZ04,YSSZ02,1,0.4623661916643434,0.0,1.4623661916643433
SESZ04,YSSZ04,1,0.7043566740989523,0.0,1.7043566740989524
SESZ04,YSSZ08,2,0.2064028928522297,0.0,2.2064028928522297
SESZ05,AMSZ01,1,0.5502848883849888,0.0,1.5502848883849887
SESZ05,BKSZ05,1,0.34829185863792583,0.0,1.3482918586379258
SESZ05,BMSZ01,1,0.24444803361379386,0.0,1.2444480336137937
SESZ05,BMSZ02,1,0.1663260248271299,0.0,1.1663260248271299
SESZ05,BMSZ04,1,0.15278740734478558,0.0,1.1527874073447855
SESZ05,BMSZ07,1,0.33328740576842825,0.0,1.3332874057684283
SESZ05,BMSZ12,2,0.22876348110730405,0.0,2.228763481107304
SESZ05,BMSZ17,1,0.17265826724733935,0.0,1.1726582672473393
SESZ05,BSSZ03,1,0.33469832627197316,0.0,1.3346983262719732
SESZ05,CCSZ01,1,0.11045521702137408,0.0,1.1104552170213742
SESZ05,CHSZ02,1,0.1444061550581657,0.0,1.1444061550581657
SESZ05,CHSZ03,7,1.266185056996282,0.0,8.266185056996282
SESZ05,DTSZ02,1,0.2257531752949304,0.0,1.2257531752949304
SESZ05,DTSZ03,1,0.20458446126098967,0.0,1.2045844612609897
SESZ05,DTSZ05,5,0.19802568563478382,0.0,5.198025685634784
SESZ05,DTSZ11,3,0.22921769551968757,0.0,3.2292176955196874
SESZ05,DTSZ12,2,0.23096695824779254,0.0,2.2309669582477927
SESZ05,GLSZ01,1,0.3227263719241846,0.0,1.3227263719241846
SESZ05,GLSZ03,1,0.33393830874756486,0.0,1.333938308747565
SESZ05,GLSZ04,2,0.8564415525694477,0.0,2.8564415525694478
SESZ05,HGSZ01,5,0.7333648524915122,0.6526981175340075,6.386062970025519
SESZ05,HGSZ04,1,0.40639848520794003,0.4204251134763983,1.8268235986843384
SESZ05,HGSZ05,4,1.5589419580336568,2.236733717801072,7.795675675834729
SESZ05,HGSZ07,3,0.5783911520247792,0.3711834668326547,3.949574618857434
SESZ05,HGSZ08,1,0.25537817489657627,0.0,1.2553781748965762
SESZ05,JESZ05,3,0.37926223540859566,0.0,3.3792622354085955
SESZ05,JESZ06,2,0.08288894578985091,0.0,2.082888945789851
SESZ05,KLSZ03,1,0.055653765249218966,0.0,1.055653765249219
SESZ05,KLSZ06,2,0.3887493584430454,0.0,2.3887493584430453
SESZ05,KLSZ08,1,0.2836925604019975,0.0,1.2836925604019975
SESZ05,MPSZ03,1,0.3682703529755598,0.0,1.3682703529755598
SESZ05,MUSZ01,1,0.16168060178463214,0.0,1.1616806017846322
SESZ05,MUSZ03,1,0.0414684891223444,0.0,1.0414684891223445
SESZ05,NTSZ03,2,0.07964332836369215,0.0,2.079643328363692
SESZ05,NVSZ01,2,0.8686391596547699,0.0,2.86863915965477
SESZ05,NVSZ02,2,0.672972729909689,0.0,2.672972729909689
SESZ05,ORSZ03,2,0.27145046240214593,0.0,2.271450462402146
SESZ05,OTSZ03,4,0.4108564276262175,0.0,4.410856427626218
SESZ05,PGSZ02,3,0.5014208521059568,0.9183320279101373,4.419752880016095
SESZ05,PGSZ04,4,1.0358384585893043,0.9517592182910533,5.987597676880357
SESZ05,QTSZ08,2,0.4064449254281169,0.0,2.406444925428117
SESZ05,QTSZ14,1,0.2986132812664711,0.0,1.298613281266471
SESZ05,RCSZ01,2,0.18567351669596976,0.0,2.18567351669597
SESZ05,SBSZ01,1,0.24993966916624952,0.0,1.2499396691662494
SESZ05,SBSZ08,1,0.06882408897143788,0.0,1.068824088971438
SESZ05,SESZ02,1,0.5104328278383828,0.2931301533046759,1.803562981143059
SESZ05,SESZ03,7,3.741772944248239,2.65176756708319,13.39354051133143
SESZ05,SESZ04,3,1.6554611915817605,1.4476673255496149,6.103128517131376
SESZ05,SESZ05,3,0.9236853973833926,10.92975143386347,14.853436831246862
SESZ05,SESZ06,3,1.3662825885479708,0.842805740189849,5.2090883287378205
SESZ05,SGSZ01,1,0.2778174099601825,0.28298184639991153,1.5607992563600939
SESZ05,SGSZ04,3,0.6872929545874895,0.0,3.6872929545874893
SESZ05,SGSZ06,2,0.5780670471941051,0.0,2.578067047194105
SESZ05,SRSZ02,2,0.08754405051417553,0.0,2.0875440505141754
SESZ05,TMSZ05,2,0.41712127599220583,0.0,2.417121275992206
SESZ05,TPSZ06,2,0.35574279147234233,0.0,2.355742791472342
SESZ05,WDSZ01,1,0.08027879647583809,0.0,1.080278796475838
SESZ05,YSSZ04,1,0.3197965607254459,0.0,1.3197965607254458
SESZ06,AMSZ01,6,2.6597105815562148,0.0,8.659710581556215
SESZ06,AMSZ03,2,0.9340095502060795,0.0,2.9340095502060795
SESZ06,AMSZ10,5,0.9579042242916452,0.0,5.957904224291645
SESZ06,AMSZ12,2,0.746694485125268,0.5811963049088381,3.327890790034106
SESZ06,BDSZ01,2,1.982924090376041,0.0,3.982924090376041
SESZ06,BDSZ03,1,1.3143622640729744,0.0,2.314362264072974
SESZ06,BDSZ08,1,0.1821092370709235,0.0,1.1821092370709234
SESZ06,BKSZ05,1,0.8790147394113506,0.0,1.8790147394113506
SESZ06,BLSZ02,1,0.18956942512029445,0.0,1.1895694251202944
SESZ06,BLSZ03,1,0.45576133094970556,0.0,1.4557613309497055
SESZ06,BMSZ01,5,1.579209323729574,0.0,6.5792093237295735
SESZ06,BMSZ02,1,0.5247526525940551,0.0,1.5247526525940551
SESZ06,BMSZ05,1,1.0702633086063713,0.0,2.0702633086063713
SESZ06,BMSZ09,1,0.12998534461139707,0.0,1.129985344611397
SESZ06,BMSZ15,1,0.1812536433038951,0.0,1.1812536433038952
SESZ06,BMSZ16,1,0.11944474354182036,0.0,1.1194447435418204
SESZ06,BMSZ17,3,0.693142275145211,0.0,3.693142275145211
SESZ06,BSSZ01,3,2.6120818164001594,0.0,5.61208181640016
SESZ06,BTSZ01,1,1.1109734431202074,0.0,2.1109734431202076
SESZ06,CHSZ03,2,2.3029635313284036,0.0,4.302963531328404
SESZ06,CKSZ06,1,0.7184940237319173,0.0,1.7184940237319173
SESZ06,CLSZ04,1,0.8535947163457364,0.0,1.8535947163457362
SESZ06,DTSZ01,2,1.1050445470608163,0.0,3.1050445470608166
SESZ06,DTSZ02,3,1.1531594909229157,0.0,4.153159490922915
SESZ06,DTSZ03,9,1.6012141997620473,0.0,10.601214199762047
SESZ06,DTSZ05,10,1.2945810718960764,0.0,11.294581071896076
SESZ06,DTSZ08,4,0.6817622043354005,0.0,4.6817622043354
SESZ06,DTSZ09,1,0.19617528679757482,0.0,1.1961752867975748
SESZ06,DTSZ11,6,0.7006179047676212,0.0,6.700617904767621
SESZ06,GLSZ01,4,0.9678361894958117,0.0,4.967836189495812
SESZ06,GLSZ03,2,1.3674954464874434,0.0,3.3674954464874434
SESZ06,GLSZ04,1,1.1153033020389598,0.0,2.11530330203896
SESZ06,GLSZ05,2,1.9910823903049262,0.0,3.991082390304926
SESZ06,HGSZ02,1,1.3954353149215462,0.0,2.395435314921546
SESZ06,HGSZ04,1,1.1401038254894909,0.38822190896816017,2.528325734457651
SESZ06,HGSZ05,4,3.100279942846444,1.7962966217562153,8.89657656460266
SESZ06,HGSZ07,1,0.5461550680095265,0.0,1.5461550680095266
SESZ06,HGSZ08,1,0.9991135057941049,0.0,1.9991135057941047
SESZ06,HGSZ09,3,0.25624828224899976,0.0,3.2562482822489995
SESZ06,JESZ05,1,1.2261700469600587,0.0,2.2261700469600587
SESZ06,JESZ06,1,0.12597890591729807,0.0,1.125978905917298
SESZ06,JWSZ08,1,1.0779618031863452,0.0,2.077961803186345
SESZ06,KLSZ07,4,1.7787996782095115,0.0,5.778799678209511
SESZ06,KLSZ08,2,0.9083227511166047,0.0,2.9083227511166045
SESZ06,MPSZ03,3,2.2938001159160457,0.0,5.293800115916046
SESZ06,MUSZ01,2,0.5913241688712669,0.0,2.591324168871267
SESZ06,NTSZ03,1,0.15473394628207493,0.0,1.154733946282075
SESZ06,NVSZ01,2,2.164248042611942,0.0,4.164248042611942
SESZ06,NVSZ02,4,1.63782210679926,0.0,5.63782210679926
SESZ06,ORSZ02,1,0.9770280023989192,0.0,1.977028002398919
SESZ06,ORSZ03,3,1.105180439589117,0.0,4.105180439589117
SESZ06,OTSZ01,1,0.07683958901606741,0.0,1.0768395890160674
SESZ06,OTSZ03,8,1.712641232560821,0.0,9.71264123256082
SESZ06,PGSZ01,3,1.1653858466223588,0.0,4.165385846622359
SESZ06,PGSZ02,3,1.5328444826799135,0.5669024071829131,5.099746889862827
SESZ06,PGSZ03,1,1.3491446801891673,0.37192050075084193,2.721065180940009
SESZ06,PGSZ04,2,2.154931170141242,0.0,4.154931170141242
SESZ06,PGSZ05,2,2.359598585442896,0.0,4.359598585442896
SESZ06,PLSZ04,1,0.08877550651362413,0.0,1.0887755065136242
SESZ06,PNSZ05,1,0.08780121855301289,0.0,1.0878012185530128
SESZ06,PRSZ02,1,0.9274249495851852,0.0,1.9274249495851852
SESZ06,PRSZ03,2,1.6948487645870804,0.0,3.6948487645870802
SESZ06,PRSZ06,1,0.2824634938418462,0.0,1.2824634938418462
SESZ06,QTSZ05,1,0.5284153715022167,0.0,1.5284153715022168
SESZ06,QTSZ08,3,1.1799375397082037,0.0,4.179937539708204
SESZ06,QTSZ09,1,0.07542499530789887,0.0,1.075424995307899
SESZ06,QTSZ10,1,0.9266198889145368,0.0,1.9266198889145367
SESZ06,QTSZ11,3,1.0711590159089408,0.0,4.071159015908941
SESZ06,QTSZ14,2,0.7941696537008022,0.0,2.794169653700802
SESZ06,RCSZ10,1,0.6399154898131416,0.0,1.6399154898131416
SESZ06,SBSZ03,1,0.7232771029061799,0.0,1.72327710290618
SESZ06,SBSZ08,1,0.15790600741386449,0.0,1.1579060074138645
SESZ06,SESZ02,3,2.4799931722540034,1.1469005571010316,6.626893729355035
SESZ06,SESZ03,28,6.797922799376016,5.8902703207980736,40.68819312017409
SESZ06,SESZ04,12,3.800024483298274,6.38079320740473,22.180817690703
SESZ06,SESZ05,2,0.9162174248194204,0.6703190089094283,3.5865364337288486
SESZ06,SESZ06,18,14.244751505594826,95.45678758375674,127.70153908935157
SESZ06,SGSZ01,1,1.5203407059086151,1.2210573113817618,3.741398017290377
SESZ06,SGSZ03,4,4.027268220386942,0.5253590820981903,8.552627302485131
SESZ06,SGSZ04,3,2.6182477101490753,0.0,5.618247710149076
SESZ06,SGSZ06,4,1.4431373339523867,0.0,5.443137333952387
SESZ06,SLSZ01,1,1.2078669195189868,0.0,2.207866919518987
SESZ06,SRSZ02,2,0.24883534439759544,0.0,2.2488353443975955
SESZ06,SRSZ03,1,0.474229497710016,0.0,1.474229497710016
SESZ06,TMSZ02,2,1.8457758141511995,0.0,3.8457758141511995
SESZ06,TMSZ04,1,1.357896716031365,0.0,2.357896716031365
SESZ06,TMSZ05,1,0.9924872349833979,0.0,1.9924872349833977
SESZ06,TNSZ01,1,0.702161128033073,0.0,1.7021611280330728
SESZ06,TNSZ03,1,0.07282676808698897,0.0,1.072826768086989
SESZ06,TPSZ03,1,0.4281407424398468,0.0,1.428140742439847
SESZ06,TPSZ06,1,1.030917994671025,0.0,2.030917994671025
SESZ06,TPSZ10,1,0.3922497514083559,0.0,1.3922497514083558
SESZ06,TPSZ12,1,0.5619195566960905,0.0,1.5619195566960906
SESZ06,WCSZ01,1,0.951515595498432,0.0,1.951515595498432
SESZ06,YSSZ01,3,0.7811057360698354,0.0,3.7811057360698355
SESZ06,YSSZ09,4,1.7234465280185796,0.0,5.723446528018579
SESZ07,AMSZ01,1,0.0,0.0,1.0
SESZ07,DTSZ01,1,0.0,0.0,1.0
SGSZ01,AMSZ01,2,1.4147432670471762,0.6350579544544371,4.049801221501613
SGSZ01,AMSZ10,1,0.7203226666973712,0.010343599900174444,1.7306662665975456
SGSZ01,BMSZ01,1,0.47905967618804113,0.0,1.479059676188041
SGSZ01,BMSZ08,1,0.21737597140667544,0.0,1.2173759714066754
SGSZ01,CLSZ07,1,0.28794251835832463,0.0,1.2879425183583246
SGSZ01,DTSZ01,2,0.44381403045585244,0.0,2.4438140304558527
SGSZ01,DTSZ03,2,0.7687658685798667,0.0,2.768765868579867
SGSZ01,HGSZ02,1,0.739562976614243,0.0,1.739562976614243
SGSZ01,HGSZ04,1,0.5096292399926108,0.5156856538245672,2.025314893817178
SGSZ01,JESZ02,1,0.15602348074488126,0.0,1.1560234807448813
SGSZ01,JESZ05,1,0.7261414376511767,0.0,1.7261414376511768
SGSZ01,KLSZ07,2,0.8158093957192922,0.0,2.8158093957192922
SGSZ01,ORSZ02,3,1.0420110370560576,0.0,4.042011037056057
SGSZ01,RCSZ01,1,0.1781970806295883,0.0,1.1781970806295883
SGSZ01,SESZ06,2,3.9588308034779045,1.8388087784949931,7.797639581972898
SGSZ01,SGSZ06,2,1.1962493922029966,0.0,3.1962493922029966
SGSZ01,TMSZ05,1,0.47245341309855415,0.0,1.4724534130985543
SGSZ01,YSSZ04,1,0.8730677440830689,0.0,1.8730677440830688
SGSZ02,AMSZ01,1,0.530352523276595,0.0,1.530352523276595
SGSZ02,AMSZ02,1,0.44289878810617517,0.0,1.4428987881061752
SGSZ02,AMSZ03,5,0.28099222135371676,0.0,5.280992221353717
SGSZ02,AMSZ05,1,0.20930479441663186,0.0,1.209304794416632
SGSZ02,AMSZ06,3,0.7425296961444294,0.0,3.7425296961444294
SGSZ02,AMSZ10,1,0.28216626862651367,0.0,1.2821662686265136
SGSZ02,AMSZ12,1,0.06647782465102062,0.0,1.0664778246510207
SGSZ02,BDSZ01,1,0.21021045878772673,0.0,1.2102104587877267
SGSZ02,BDSZ04,1,0.32796139709997285,0.0,1.3279613970999729
SGSZ02,BKSZ02,1,0.10566589235489213,0.0,1.105665892354892
SGSZ02,BPSZ01,1,0.07773176387829306,0.0,1.077731763878293
SGSZ02,BSSZ01,1,0.4098367601430303,0.0,1.4098367601430302
SGSZ02,BTSZ01,1,0.25230846588188754,0.0,1.2523084658818875
SGSZ02,CKSZ01,1,0.3379268837249311,0.0,1.3379268837249312
SGSZ02,CKSZ05,1,0.07377331207340412,0.0,1.073773312073404
SGSZ02,CKSZ06,1,0.20156242642310127,0.0,1.2015624264231013
SGSZ02,CLSZ04,1,0.15461096588559398,0.0,1.154610965885594
SGSZ02,HGSZ01,1,0.24172903192846473,0.0,1.2417290319284646
SGSZ02,HGSZ04,1,0.20498910567298767,0.0,1.2049891056729876
SGSZ02,HGSZ05,1,0.34001068383405725,0.0,1.3400106838340573
SGSZ02,JWSZ08,1,0.19015612890261346,0.0,1.1901561289026135
SGSZ02,PGSZ03,1,0.1767919262016184,0.0,1.1767919262016184
SGSZ02,PGSZ05,1,0.24058122728641604,0.0,1.240581227286416
SGSZ02,QTSZ05,1,0.1992220108593412,0.0,1.1992220108593412
SGSZ02,QTSZ08,1,0.15638881817661635,0.0,1.1563888181766164
SGSZ02,SBSZ02,1,0.057960020298343934,0.0,1.057960020298344
SGSZ02,SBSZ03,1,0.2424718636716744,0.0,1.2424718636716743
SGSZ02,TPSZ02,1,0.2076722007687615,0.0,1.2076722007687615
SGSZ02,WDSZ03,2,0.5593534533904536,0.0,2.559353453390454
SGSZ02,WDSZ04,1,0.21619053499986665,0.0,1.2161905349998667
SGSZ02,YSSZ09,1,0.2601725511804926,0.0,1.2601725511804927
SGSZ03,AMSZ01,7,1.3195008686238927,0.5252263545738021,8.844727223197694
SGSZ03,AMSZ02,2,0.5432046049644623,0.9703440269533035,3.513548631917766
SGSZ03,AMSZ04,1,0.1573446058807355,0.06038604455137373,1.2177306504321093
SGSZ03,AMSZ05,1,0.49797161496405234,0.0,1.4979716149640523
SGSZ03,AMSZ10,2,0.32015528813268007,0.11968521831344424,2.4398405064461244
SGSZ03,AMSZ12,1,0.19540886541945104,0.10237683703803811,1.297785702457489
SGSZ03,BMSZ01,2,0.46738668074779427,0.0,2.4673866807477944
SGSZ03,BMSZ03,1,0.2626228234914452,0.0,1.2626228234914452
SGSZ03,BMSZ05,1,0.27820953062621157,0.0,1.2782095306262116
SGSZ03,BMSZ06,1,0.17882605409444255,0.0,1.1788260540944426
SGSZ03,BPSZ01,1,0.1973154503069122,0.0,1.197315450306912
SGSZ03,BPSZ03,1,0.21156027964211846,0.0,1.2115602796421185
SGSZ03,BPSZ05,1,0.2988582380014532,0.0,1.2988582380014533
SGSZ03,BSSZ01,3,0.817962882457483,0.0,3.817962882457483
SGSZ03,BSSZ02,1,0.4680439161801535,0.0,1.4680439161801535
SGSZ03,CHSZ02,1,0.14932877967828043,0.0,1.1493287796782805
SGSZ03,DTSZ01,1,0.3040645321541595,0.0,1.3040645321541595
SGSZ03,DTSZ02,1,0.23219040808751384,0.0,1.232190408087514
SGSZ03,DTSZ06,1,0.03450947666387887,0.0,1.034509476663879
SGSZ03,DTSZ08,1,0.20251329774105378,0.0,1.2025132977410538
SGSZ03,DTSZ09,1,0.14052139174709496,0.0,1.1405213917470949
SGSZ03,GLSZ01,1,0.47243448756033424,0.0,1.4724344875603341
SGSZ03,GLSZ03,2,0.5554393167841767,0.0,2.5554393167841765
SGSZ03,GLSZ05,2,0.8431201572498889,0.0,2.843120157249889
SGSZ03,HGSZ04,1,0.4621593017417053,0.19678645860676275,1.6589457603484679
SGSZ03,HGSZ05,2,1.382228285283211,0.6102571278705426,3.9924854131537533
SGSZ03,HGSZ09,1,0.035051971453635464,0.0,1.0350519714536355
SGSZ03,KLSZ01,1,0.4716797545636576,0.0,1.4716797545636577
SGSZ03,KLSZ06,2,0.4044197008153347,0.0,2.4044197008153345
SGSZ03,KLSZ07,2,0.4895501356476778,0.0,2.489550135647678
SGSZ03,KLSZ09,1,0.06310435989918761,0.0,1.0631043598991876
SGSZ03,MUSZ03,1,0.05198959163851583,0.0,1.0519895916385158
SGSZ03,NTSZ03,1,0.09000992317889867,0.0,1.0900099231788987
SGSZ03,NVSZ01,1,0.8319341726028523,0.0,1.8319341726028524
SGSZ03,ORSZ02,1,0.2973889754409879,0.0,1.297388975440988
SGSZ03,ORSZ03,2,0.31490774570067775,0.0,2.314907745700678
SGSZ03,OTSZ03,1,0.4453774093510053,0.0,1.4453774093510052
SGSZ03,PGSZ05,2,0.7062239989174988,0.0,2.7062239989174985
SGSZ03,PRSZ03,1,0.43086627607858063,0.0,1.4308662760785806
SGSZ03,QTSZ08,1,0.26338190382529814,0.0,1.263381903825298
SGSZ03,QTSZ15,2,0.2871804162936056,0.0,2.2871804162936056
SGSZ03,SBSZ04,1,0.3073511913682066,0.0,1.3073511913682065
SGSZ03,SBSZ08,1,0.08058276536797473,0.0,1.0805827653679747
SGSZ03,SESZ02,2,0.8943876372612827,0.0,2.894387637261283
SGSZ03,SESZ03,1,0.8427651548812386,0.08712124811477695,1.9298864029960154
SGSZ03,SESZ04,1,0.6897180693323102,0.10825907086277912,1.7979771401950893
SGSZ03,SESZ06,3,1.3239409057719602,0.5490737331676883,4.873014638939648
SGSZ03,SGSZ02,1,0.5375624742162461,0.0,1.5375624742162461
SGSZ03,SGSZ03,3,1.4230634424562545,1.5435411915476451,5.9666046340039
SGSZ03,SGSZ04,3,1.6012573964120589,0.48044967905804,5.081707075470099
SGSZ03,SGSZ06,5,1.4104293510472452,0.6462850529921093,7.056714404039354
SGSZ03,SLSZ01,1,0.2671120203979998,0.0,1.2671120203979997
SGSZ03,SRSZ02,1,0.06525279355957683,0.0,1.0652527935595768
SGSZ03,TMSZ03,1,0.6643285170279187,0.0,1.6643285170279187
SGSZ03,TNSZ01,1,0.26354431597333083,0.0,1.2635443159733308
SGSZ03,TNSZ04,1,0.18197053038102015,0.0,1.1819705303810202
SGSZ03,TPSZ01,1,0.17310962206891342,0.0,1.1731096220689134
SGSZ03,TPSZ02,2,0.5101099765517798,0.0,2.51010997655178
SGSZ03,TPSZ09,1,0.1814653047897413,0.0,1.1814653047897412
SGSZ03,TPSZ12,1,0.2604772827250292,0.0,1.2604772827250292
SGSZ03,WCSZ01,3,1.2409393352399454,0.0,4.240939335239945
SGSZ03,WDSZ03,1,0.4399227551374191,0.0,1.439922755137419
SGSZ03,WDSZ04,1,0.25812466948955876,0.0,1.2581246694895587
SGSZ03,WDSZ07,1,0.05146208873865057,0.0,1.0514620887386505
SGSZ03,WDSZ08,1,0.20432800535194132,0.0,1.2043280053519414
SGSZ03,WDSZ09,1,0.15954465449990746,0.0,1.1595446544999075
SGSZ03,YSSZ03,5,1.3606541293767962,0.0,6.360654129376796
SGSZ03,YSSZ04,2,0.4306481369515971,0.0,2.4306481369515973
SGSZ04,AMSZ01,14,3.8736710200674658,1.622580835586051,19.496251855653515
SGSZ04,AMSZ02,1,1.0352917095534009,0.9599391212429427,2.9952308307963436
SGSZ04,AMSZ03,1,1.3514574576798757,0.8993953994158983,3.250852857095774
SGSZ04,AMSZ04,1,0.363517998629141,0.06956770048385949,1.4330856991130005
SGSZ04,AMSZ10,1,0.4519153638930985,0.018994670727885347,1.4709100346209838
SGSZ04,AMSZ11,1,0.10478846356088821,0.0,1.1047884635608882
SGSZ04,BDSZ04,1,0.6970452358072585,0.0,1.6970452358072585
SGSZ04,BLSZ02,1,0.10717056755534835,0.0,1.1071705675553483
SGSZ04,BMSZ02,2,0.46936948042761206,0.0,2.469369480427612
SGSZ04,BMSZ13,1,0.29862647903714756,0.0,1.2986264790371476
SGSZ04,BMSZ17,1,0.21825827799605932,0.0,1.2182582779960593
SGSZ04,BSSZ01,8,3.1002770137353055,0.0,11.100277013735305
SGSZ04,BSSZ03,3,1.8148320786757268,0.8659615569308222,5.680793635606548
SGSZ04,BTSZ01,2,0.9065331749527714,0.0,2.9065331749527714
SGSZ04,BTSZ03,1,0.2089968613273346,0.0,1.2089968613273345
SGSZ04,CCSZ01,1,0.17697919535547427,0.0,1.1769791953554742
SGSZ04,CKSZ01,1,0.4110152123652413,0.0,1.4110152123652413
SGSZ04,CKSZ03,1,0.5445841000923348,0.0,1.5445841000923348
SGSZ04,CLSZ04,1,0.32391401174380385,0.0,1.323914011743804
SGSZ04,DTSZ01,1,0.6802724749229845,0.0,1.6802724749229845
SGSZ04,DTSZ02,4,0.9437013320730149,0.0,4.943701332073015
SGSZ04,DTSZ05,1,0.37560078280910325,0.0,1.3756007828091033
SGSZ04,DTSZ08,1,0.32354653965435365,0.0,1.3235465396543535
SGSZ04,DTSZ09,1,0.12544018231994253,0.0,1.1254401823199425
SGSZ04,DTSZ11,4,0.8496244893368624,0.0,4.849624489336862
SGSZ04,GLSZ01,1,0.5890174121972922,0.0,1.5890174121972922
SGSZ04,GLSZ03,1,0.7179406687579036,0.0,1.7179406687579037
SGSZ04,GLSZ04,2,1.8467602694469758,0.0,3.8467602694469756
SGSZ04,GLSZ05,3,1.5243045680072695,0.0,4.5243045680072695
SGSZ04,HGSZ01,1,0.5960384126766826,0.10413329667069957,1.7001717093473823
SGSZ04,HGSZ02,1,1.102948467210888,0.0,2.1029484672108882
SGSZ04,HGSZ03,2,1.3740478899903614,0.0,3.3740478899903614
SGSZ04,HGSZ04,2,1.426291902355498,0.42112629632798265,3.8474181986834806
SGSZ04,HGSZ05,2,1.5909223379554356,0.44786769730036763,4.038790035255803
SGSZ04,HGSZ06,5,2.7096431568936215,1.4523112589584186,9.16195441585204
SGSZ04,HGSZ07,3,1.1974660386271387,0.23339305216646294,4.430859090793602
SGSZ04,HGSZ08,1,0.6423696630463528,0.1192918348805672,1.76166149792692
SGSZ04,JESZ05,1,0.4705261159503056,0.0,1.4705261159503056
SGSZ04,JWSZ08,1,0.8310344420341504,0.0,1.8310344420341504
SGSZ04,JWSZ09,1,0.5747683422814635,0.0,1.5747683422814633
SGSZ04,KLSZ01,1,0.9403970212446958,0.0,1.9403970212446957
SGSZ04,KLSZ03,1,0.09039535081843637,0.0,1.0903953508184363
SGSZ04,KLSZ04,1,0.0,0.0,1.0
SGSZ04,KLSZ05,1,0.38358804626867615,0.0,1.383588046268676
SGSZ04,KLSZ06,2,0.7542500020544342,0.0,2.7542500020544343
SGSZ04,KLSZ08,2,0.9685096524803459,0.0,2.968509652480346
SGSZ04,KLSZ09,1,0.10153562315642524,0.0,1.1015356231564253
SGSZ04,MUSZ01,2,0.26811009041400086,0.0,2.268110090414001
SGSZ04,MUSZ03,1,0.08223039719464878,0.0,1.0822303971946488
SGSZ04,NVSZ03,1,0.17742487360857903,0.0,1.177424873608579
SGSZ04,ORSZ02,2,0.7674385599189106,0.0,2.7674385599189106
SGSZ04,ORSZ03,1,0.32205097598079613,0.0,1.3220509759807961
SGSZ04,OTSZ03,3,1.0328524932602385,0.0,4.032852493260238
SGSZ04,PGSZ03,1,0.9018488009539288,0.0,1.9018488009539287
SGSZ04,PGSZ04,2,2.2863069882615035,0.0,4.2863069882615035
SGSZ04,PGSZ05,1,1.036612045520576,0.0,2.036612045520576
SGSZ04,PLSZ04,1,0.11295471596274824,0.0,1.1129547159627482
SGSZ04,PRSZ01,1,0.0,0.0,1.0
SGSZ04,QTSZ01,1,0.35547234143309864,0.0,1.3554723414330987
SGSZ04,QTSZ08,5,1.7216054065088089,0.0,6.721605406508809
SGSZ04,QTSZ11,3,0.7929671360681991,0.0,3.7929671360681994
SGSZ04,QTSZ12,1,0.16209528659162598,0.0,1.1620952865916259
SGSZ04,QTSZ13,1,0.3836806813840747,0.0,1.3836806813840747
SGSZ04,QTSZ14,1,0.34710030006092635,0.0,1.3471003000609263
SGSZ04,RCSZ01,3,0.3022255367249281,0.0,3.302225536724928
SGSZ04,RVSZ03,1,0.0,0.0,1.0
SGSZ04,SBSZ01,1,0.6281921866570617,0.0,1.6281921866570617
SGSZ04,SBSZ03,1,0.5540353213973505,0.0,1.5540353213973503
SGSZ04,SESZ02,2,1.9327461019902206,0.0,3.9327461019902206
SGSZ04,SESZ03,3,1.5173445446994176,0.0,4.517344544699418
SGSZ04,SESZ05,2,0.9171916735404241,0.0,2.917191673540424
SGSZ04,SESZ06,2,2.136457072231772,0.0,4.136457072231773
SGSZ04,SGSZ03,4,1.5900846134866626,0.23322045529825278,5.823305068784915
SGSZ04,SGSZ04,20,6.803278913900506,19.78659696097474,46.58987587487525
SGSZ04,SGSZ05,1,0.8287696313789069,0.3869070600654067,2.2156766914443136
SGSZ04,SGSZ06,16,3.8780964440728543,3.447167375497248,23.3252638195701
SGSZ04,SRSZ02,1,0.06412976976656574,0.0,1.0641297697665657
SGSZ04,TMSZ02,2,1.1947863812349433,0.0,3.1947863812349433
SGSZ04,TMSZ03,3,2.072788158195082,0.0,5.072788158195082
SGSZ04,TMSZ05,3,1.2717231712414732,0.0,4.271723171241473
SGSZ04,TNSZ04,1,0.25155393493840195,0.0,1.251553934938402
SGSZ04,TPSZ01,1,0.6461825450925646,0.0,1.6461825450925645
SGSZ04,TPSZ03,1,0.4416456079715503,0.12462241381456651,1.566268021786117
SGSZ04,TPSZ04,1,0.2531783729658296,0.0753463468210608,1.3285247197868906
SGSZ04,TPSZ06,2,0.8972430070282796,0.24832183658764656,3.1455648436159263
SGSZ04,TPSZ09,2,0.47496098753883137,0.0796725829661698,2.5546335705050014
SGSZ04,TPSZ11,3,1.1973348050711747,0.4024508017365858,4.59978560680776
SGSZ04,TSSZ05,1,0.9507099976144163,0.0,1.9507099976144162
SGSZ04,WCSZ01,1,0.3590575184789545,0.0,1.3590575184789544
SGSZ04,WDSZ02,1,0.4785331977728628,0.0,1.4785331977728629
SGSZ04,WDSZ04,1,0.41781452488436605,0.0,1.417814524884366
SGSZ05,BSSZ01,1,0.29168350120695896,0.0,1.291683501206959
SGSZ05,BSSZ03,1,0.23914539482848932,0.3722645578197728,1.6114099526482621
SGSZ05,DTSZ02,1,0.08735825929585302,0.0,1.087358259295853
SGSZ05,DTSZ05,1,0.09072971786257841,0.0,1.0907297178625783
SGSZ05,DTSZ09,2,0.08088481345303919,0.0,2.0808848134530393
SGSZ05,DTSZ11,1,0.07973901448219141,0.0,1.0797390144821915
SGSZ05,GLSZ03,3,0.3869076961132354,0.0,3.3869076961132354
SGSZ05,GLSZ05,1,0.2524156823001663,0.0,1.2524156823001662
SGSZ05,HGSZ03,1,0.15589449548154355,0.0,1.1558944954815435
SGSZ05,HGSZ08,2,0.19227622729170885,0.07755271953425363,2.2698289468259625
SGSZ05,KLSZ06,1,0.23825819144890328,0.0,1.2382581914489033
SGSZ05,KLSZ08,1,0.13146607077839503,0.0,1.131466070778395
SGSZ05,OTSZ03,2,0.310789581124095,0.0,2.310789581124095
SGSZ05,PGSZ01,1,0.11376179517232435,0.0,1.1137617951723244
SGSZ05,PGSZ03,1,0.12339546817289802,0.0,1.123395468172898
SGSZ05,PLSZ04,1,0.010758221703698128,0.0,1.0107582217036981
SGSZ05,SESZ04,1,0.2638257993554532,0.0,1.2638257993554531
SGSZ05,SGSZ04,1,0.5600347603254396,0.2002240651205554,1.760258825445995
SGSZ05,SGSZ05,2,0.279837807975593,1.0111969160436123,3.2910347240192053
SGSZ05,SGSZ06,3,1.356714536708244,0.9822026474821451,5.3389171841903895
SGSZ05,TMSZ02,1,0.29764148419047637,0.0,1.2976414841904764
SGSZ05,TMSZ03,1,0.33940557581736286,0.0,1.3394055758173629
SGSZ05,TMSZ04,2,0.35992342928013504,0.0,2.359923429280135
SGSZ05,TMSZ05,2,0.2515500725388852,0.0,2.251550072538885
SGSZ05,TNSZ03,1,0.010768526906790796,0.0,1.0107685269067908
SGSZ05,TPSZ01,1,0.15071290048314062,0.08247963215492671,1.2331925326380673
SGSZ05,TPSZ02,1,0.2120084991032886,0.1866025485874913,1.39861104769078
SGSZ05,TPSZ04,2,0.11478731641570974,0.08736885510828626,2.202156171523996
SGSZ05,WDSZ07,1,0.01732516018659918,0.0,1.0173251601865991
SGSZ06,AMSZ01,4,1.1952449340854032,0.0,5.195244934085403
SGSZ06,AMSZ02,1,0.7692347600712722,0.6016265419919574,2.3708613020632296
SGSZ06,AMSZ03,2,0.8746016257932783,0.9102002560272819,3.7848018818205604
SGSZ06,AMSZ04,1,0.335296714995699,0.08387821071111219,1.4191749257068114
SGSZ06,AMSZ05,1,0.5694410569763572,0.0,1.5694410569763573
SGSZ06,AMSZ10,1,0.2929603561549526,0.0,1.2929603561549525
SGSZ06,AMSZ12,2,0.2696329844523114,0.0,2.2696329844523113
SGSZ06,BDSZ01,1,0.7645228090128963,0.0,1.7645228090128962
SGSZ06,BDSZ04,3,1.3001650517204126,0.0,4.300165051720413
SGSZ06,BDSZ06,2,1.4687384339981338,0.0,3.4687384339981335
SGSZ06,BKSZ09,1,0.285963006729254,0.0,1.285963006729254
SGSZ06,BMSZ01,3,0.9707661897170766,0.0,3.9707661897170765
SGSZ06,BMSZ03,1,0.3026221861531486,0.0,1.3026221861531486
SGSZ06,BMSZ05,1,0.29343695170227746,0.0,1.2934369517022775
SGSZ06,BMSZ06,3,0.4248016497105409,0.0,3.424801649710541
SGSZ06,BMSZ08,1,0.2604671996050341,0.0,1.260467199605034
SGSZ06,BMSZ12,1,0.32476356903178405,0.0,1.324763569031784
SGSZ06,BMSZ17,2,0.2621343733191982,0.0,2.2621343733191983
SGSZ06,BPSZ07,1,0.0658896144208325,0.0,1.0658896144208325
SGSZ06,BSSZ01,3,1.3022155808403124,0.0,4.302215580840312
SGSZ06,BSSZ02,1,0.7370794723336495,0.1185980802992826,1.855677552632932
SGSZ06,BSSZ03,6,1.4759396831887364,1.609443131408704,9.085382814597441
SGSZ06,BTSZ01,1,0.4160284663091655,0.0,1.4160284663091656
SGSZ06,CHSZ02,1,0.13744213056456445,0.0,1.1374421305645646
SGSZ06,CKSZ02,1,0.5116103576767927,0.0,1.5116103576767927
SGSZ06,CLSZ04,2,0.3135504937052808,0.0,2.313550493705281
SGSZ06,CLSZ07,1,0.22364594279796013,0.0,1.22364594279796
SGSZ06,DTSZ01,2,0.5593000064933209,0.0,2.559300006493321
SGSZ06,DTSZ02,3,0.6150657901226109,0.0,3.615065790122611
SGSZ06,DTSZ03,2,0.6922512029620251,0.0,2.692251202962025
SGSZ06,DTSZ05,1,0.31231514062743954,0.0,1.3123151406274396
SGSZ06,DTSZ08,2,0.36325075631994597,0.0,2.363250756319946
SGSZ06,DTSZ09,3,0.2002735653340851,0.0,3.200273565334085
SGSZ06,DTSZ11,2,0.5013481763946612,0.0,2.5013481763946612
SGSZ06,DTSZ12,1,0.20007833015119617,0.0,1.2000783301511961
SGSZ06,GLSZ01,2,0.5391280005138581,0.22765561556069436,2.7667836160745525
SGSZ06,GLSZ02,2,0.7688109407550493,0.4412092000042292,3.2100201407592786
SGSZ06,GLSZ03,3,1.0376140676500383,0.0,4.037614067650038
SGSZ06,GLSZ04,5,1.9460025328047788,0.0,6.946002532804779
SGSZ06,GLSZ05,6,1.2840605553898594,0.0,7.28406055538986
SGSZ06,HGSZ01,3,0.5357877439840222,0.5526191152586268,4.088406859242649
SGSZ06,HGSZ02,2,1.6860776021329098,0.0,3.68607760213291
SGSZ06,HGSZ03,2,1.083393519190219,0.0,3.083393519190219
SGSZ06,HGSZ04,7,3.375743276045908,0.8484610122125916,11.2242042882585
SGSZ06,HGSZ05,9,3.1270617380009105,2.1668001838373656,14.293861921838277
SGSZ06,HGSZ06,4,2.048218129876917,1.0432569323347876,7.091475062211704
SGSZ06,HGSZ07,8,1.5555323613407603,0.9224701185895114,10.478002479930272
SGSZ06,HGSZ08,9,2.7031945054437223,1.0910910593671814,12.794285564810904
SGSZ06,JESZ05,2,0.5410541752771415,0.0,2.5410541752771416
SGSZ06,KLSZ01,5,1.312717161607535,0.7312981358968234,7.044015297504359
SGSZ06,KLSZ02,1,0.40540466570662487,0.03418183250839833,1.439586498215023
SGSZ06,KLSZ05,1,0.2807190037073207,0.0,1.2807190037073206
SGSZ06,KLSZ09,1,0.07837995672906885,0.0,1.0783799567290688
SGSZ06,MUSZ01,2,0.25679985780484854,0.0,2.2567998578048485
SGSZ06,NVSZ02,2,0.8143213318250717,0.0,2.814321331825072
SGSZ06,ORSZ02,2,0.585501959662333,0.0,2.585501959662333
SGSZ06,ORSZ03,2,0.4081914378629197,0.0,2.4081914378629197
SGSZ06,OTSZ01,1,0.04640768430270636,0.0,1.0464076843027064
SGSZ06,OTSZ03,8,0.8050003953457063,0.0,8.805000395345706
SGSZ06,OTSZ04,3,0.22432878700182338,0.0,3.2243287870018236
SGSZ06,PGSZ02,3,0.8150607473729006,0.0,3.8150607473729004
SGSZ06,PGSZ03,2,1.00270565054191,0.0,3.00270565054191
SGSZ06,PGSZ04,5,1.6610241764709668,0.0,6.661024176470967
SGSZ06,PGSZ05,3,1.243966036367112,0.0,4.243966036367112
SGSZ06,PLSZ04,1,0.08658457199140362,0.5907589388944208,1.6773435108858243
SGSZ06,PRSZ02,1,0.6093868875913091,0.0,1.609386887591309
SGSZ06,QTSZ03,1,0.13268394945840184,0.0,1.1326839494584018
SGSZ06,QTSZ08,4,1.3040333520188678,0.0,5.304033352018868
SGSZ06,QTSZ11,7,0.5669902329778853,0.0,7.5669902329778855
SGSZ06,QTSZ14,4,0.5462442940349203,0.0,4.546244294034921
SGSZ06,RCSZ01,1,0.16281034005910028,0.0,1.1628103400591003
SGSZ06,RCSZ10,3,0.2693670192533866,0.0,3.2693670192533864
SGSZ06,SBSZ03,1,0.34445840759249896,0.0,1.344458407592499
SGSZ06,SBSZ04,1,0.3449220388746135,0.0,1.3449220388746135
SGSZ06,SESZ02,2,1.5150222869421441,0.0,3.515022286942144
SGSZ06,SESZ03,12,1.6300481872701635,0.0,13.630048187270164
SGSZ06,SESZ04,5,1.4728304989277192,0.0,6.472830498927719
SGSZ06,SESZ05,1,0.4551396084306116,0.0,1.4551396084306116
SGSZ06,SESZ06,3,1.8429110781710665,0.0,4.842911078171067
SGSZ06,SGSZ01,2,1.1608530190384088,0.0,3.1608530190384085
SGSZ06,SGSZ03,3,1.545365017565731,0.29707507108172004,4.84244008864745
SGSZ06,SGSZ04,16,2.665313628564339,5.061189223391952,23.72650285195629
SGSZ06,SGSZ05,1,0.7053132121520186,0.680858430595998,2.3861716427480166
SGSZ06,SGSZ06,9,3.6511543327757687,35.39273550684603,48.0438898396218
SGSZ06,SGSZ07,3,1.5552271340346495,1.6903005091298278,6.245527643164477
SGSZ06,SLSZ01,1,0.19783497730835625,0.0,1.1978349773083563
SGSZ06,SRSZ02,1,0.05851108881321878,0.0,1.0585110888132188
SGSZ06,TMSZ02,1,0.5967483591701979,0.0,1.5967483591701979
SGSZ06,TMSZ04,2,0.8352436823243078,0.0,2.835243682324308
SGSZ06,TMSZ05,1,0.3825904968965254,0.0,1.3825904968965255
SGSZ06,TNSZ01,3,0.6930125088628161,0.0,3.6930125088628163
SGSZ06,TNSZ04,1,0.17820886432939217,0.0,1.1782088643293922
SGSZ06,TPSZ02,1,0.7042503958750278,0.0,1.704250395875028
SGSZ06,TPSZ03,1,0.5105223783614321,0.13078255248517548,1.6413049308466077
SGSZ06,TPSZ06,3,1.1263938448782242,0.49612793919102116,4.622521784069246
SGSZ06,TPSZ07,1,0.3236830565419175,0.11974028114261039,1.443423337684528
SGSZ06,TPSZ09,6,0.794053264913841,0.3041593094716696,7.098212574385511
SGSZ06,TPSZ10,1,0.4843127483298199,0.11283071655888197,1.597143464888702
SGSZ06,TPSZ11,3,0.9822024831989379,0.6828471655327507,4.665049648731689
SGSZ06,TPSZ12,2,0.5522616490338266,0.05577709252789937,2.608038741561726
SGSZ06,TSSZ05,1,0.6976939079704066,0.0,1.6976939079704065
SGSZ06,WDSZ01,1,0.07953689417326719,0.0,1.0795368941732673
SGSZ06,WDSZ03,3,0.9365521864887865,0.0,3.9365521864887865
SGSZ06,WDSZ06,2,0.366513577775118,0.0,2.366513577775118
SGSZ06,WDSZ09,1,0.1889944695121351,0.0,1.188994469512135
SGSZ06,YSSZ01,1,0.2607671707871167,0.0,1.2607671707871166
SGSZ06,YSSZ03,1,0.668029953428978,0.0,1.668029953428978
SGSZ06,YSSZ09,3,1.0511363791451886,0.0,4.051136379145189
SGSZ07,AMSZ01,1,0.33538782360090985,0.0,1.3353878236009098
SGSZ07,AMSZ04,1,0.03312062108322222,0.0,1.0331206210832222
SGSZ07,AMSZ11,1,0.010288685599026237,0.0,1.0102886855990263
SGSZ07,AMSZ12,1,0.06370296643122296,0.0,1.063702966431223
SGSZ07,BDSZ05,1,0.3039671732921018,0.0,1.3039671732921019
SGSZ07,BLSZ01,1,0.1980473101331904,0.0,1.1980473101331903
SGSZ07,BMSZ01,1,0.20623094110544288,0.0,1.2062309411054428
SGSZ07,BSSZ03,1,0.2557221686397273,0.11584068102262138,1.3715628496623486
SGSZ07,CLSZ04,1,0.13092451034216118,0.0,1.1309245103421612
SGSZ07,CLSZ09,1,0.04405630042245537,0.0,1.0440563004224555
SGSZ07,DTSZ02,1,0.118303623730985,0.0,1.118303623730985
SGSZ07,DTSZ03,2,0.3084094971581463,0.0,2.3084094971581464
SGSZ07,DTSZ04,1,0.029657757959335916,0.0,1.029657757959336
SGSZ07,DTSZ05,6,0.37561959062662187,0.0,6.375619590626622
SGSZ07,DTSZ07,1,0.08549363809913647,0.0,1.0854936380991365
SGSZ07,DTSZ09,1,0.06950506470616008,0.0,1.0695050647061601
SGSZ07,DTSZ11,3,0.1709753665800932,0.0,3.1709753665800933
SGSZ07,DTSZ12,1,0.10163956987482488,0.0,1.101639569874825
SGSZ07,GLSZ05,1,0.27424202953112226,0.0,1.2742420295311223
SGSZ07,HGSZ06,1,0.6710503819337537,0.11663507070378,1.7876854526375336
SGSZ07,HGSZ08,1,0.2184533407476801,0.08216116721334484,1.300614507961025
SGSZ07,HGSZ09,1,0.015454058338615552,0.0,1.0154540583386156
SGSZ07,JWSZ04,1,0.2378075722716966,0.0,1.2378075722716966
SGSZ07,KLSZ01,1,0.3436509649193155,0.08319959294112649,1.426850557860442
SGSZ07,KLSZ03,2,0.058619351468067384,0.0,2.0586193514680673
SGSZ07,KLSZ06,1,0.26442746432691944,0.0,1.2644274643269195
SGSZ07,KLSZ08,1,0.18206083195265604,0.0,1.182060831952656
SGSZ07,KLSZ09,1,0.026714384757463603,0.0,1.0267143847574636
SGSZ07,MUSZ03,1,0.020480336981495192,0.0,1.0204803369814952
SGSZ07,NTSZ03,2,0.0412870933532358,0.0,2.041287093353236
SGSZ07,NVSZ02,1,0.3091082568151367,0.0,1.3091082568151367
SGSZ07,ORSZ02,1,0.2046021430902511,0.0,1.2046021430902512
SGSZ07,ORSZ03,1,0.12314579818530726,0.0,1.1231457981853072
SGSZ07,OTSZ03,5,0.46094570601914736,0.0,5.460945706019148
SGSZ07,QTSZ04,1,0.029036871025873042,0.0,1.029036871025873
SGSZ07,QTSZ05,1,0.18382395616541516,0.0,1.1838239561654151
SGSZ07,QTSZ08,1,0.19746555097172522,0.0,1.1974655509717251
SGSZ07,QTSZ11,5,0.25434452682043884,0.0,5.2543445268204385
SGSZ07,QTSZ14,1,0.14235687765907679,0.0,1.142356877659077
SGSZ07,RCSZ10,1,0.0887352661099822,0.0,1.0887352661099823
SGSZ07,SESZ04,2,0.5345650656050719,0.0,2.5345650656050718
SGSZ07,SGSZ04,1,0.42235835856934567,0.0943683108440311,1.516726669413377
SGSZ07,SGSZ06,3,1.8347105883541657,0.8724128196633502,5.707123408017516
SGSZ07,SGSZ07,1,0.5148493696912594,10.634954702711301,12.14980407240256
SGSZ07,SRSZ02,1,0.023390961425536084,0.0,1.023390961425536
SGSZ07,SRSZ03,1,0.11596682298900149,0.0,1.1159668229890014
SGSZ07,TMSZ03,1,0.4289650597056019,0.0,1.4289650597056018
SGSZ07,TMSZ05,2,0.28320670986937074,0.0,2.2832067098693707
SGSZ07,TNSZ01,1,0.11764934555995044,0.0,1.1176493455599505
SGSZ07,TPSZ01,2,0.14042397343070206,0.0,2.140423973430702
SGSZ07,TPSZ06,2,0.2692471842676677,0.0,2.269247184267668
SGSZ07,YSSZ01,1,0.12580118770533252,0.0,1.1258011877053324
SISZ01,BDSZ04,1,0.7278462810312389,0.0,1.727846281031239
SISZ01,BMSZ01,5,5.941543408163808,1.999919943645012,12.94146335180882
SISZ01,BMSZ04,1,0.4381775092916106,0.0,1.4381775092916107
SISZ01,BTSZ01,2,1.1001758238906036,0.0,3.100175823890604
SISZ01,CLSZ07,1,0.3492324194629579,0.0,1.349232419462958
SISZ01,GLSZ05,1,0.5153158231863506,0.0,1.5153158231863506
SISZ01,JESZ05,1,1.0535307887373702,0.0,2.05353078873737
SISZ01,JWSZ04,1,0.8741779462310036,0.0,1.8741779462310038
SKSZ01,BKSZ02,1,0.20991087606531109,0.0,1.209910876065311
SKSZ01,MDSZ02,1,0.03572519752763082,0.0,1.035725197527631
SKSZ01,QTSZ10,1,0.20811683671084463,0.0,1.2081168367108446
SKSZ01,SBSZ02,1,0.13200862091117044,0.0,1.1320086209111704
SKSZ01,SBSZ03,1,0.39264209338365846,0.0,1.3926420933836585
SKSZ01,SBSZ04,1,0.5213723975712279,0.0,1.5213723975712279
SKSZ01,SESZ03,1,0.43177058368931187,0.0,1.4317705836893118
SKSZ01,SKSZ02,1,0.0,0.0,1.0
SKSZ01,WDSZ02,1,0.3643930104589637,0.0,1.3643930104589637
SKSZ01,WDSZ03,3,0.9254125422083372,0.0,3.9254125422083375
SKSZ01,WDSZ06,1,0.6814362005025238,0.0,1.6814362005025238
SKSZ01,YSSZ08,1,0.09721164096944315,0.0,1.0972116409694432
SKSZ02,CKSZ03,1,0.0,0.0,1.0
SKSZ02,JWSZ08,1,0.0,0.0,1.0
SKSZ02,WDSZ09,2,0.0,0.0,2.0
SKSZ03,BKSZ04,1,0.062161216543646994,0.0,1.062161216543647
SKSZ03,BKSZ09,1,0.06522386039786304,0.0,1.065223860397863
SKSZ03,BSSZ01,1,0.08679491828900057,0.0,1.0867949182890007
SKSZ03,BTSZ03,1,0.023200046436774098,0.0,1.023200046436774
SKSZ03,CKSZ03,1,0.10242243811199626,0.0,1.1024224381119963
SKSZ03,JESZ08,1,0.06369958693981266,0.0,1.0636995869398127
SKSZ03,KLSZ02,1,0.013077109365474857,0.0,1.013077109365475
SKSZ03,MDSZ03,1,0.0,0.0,1.0
SKSZ03,PNSZ02,1,0.0,0.0,1.0
SKSZ03,SBSZ03,1,0.07774774412806972,0.0,1.0777477441280696
SKSZ03,SKSZ04,1,0.07133661020581608,0.0,1.0713366102058162
SKSZ03,TMSZ01,1,0.07137501201493682,0.0,1.0713750120149368
SKSZ03,TMSZ03,1,0.07554635363568199,0.0,1.075546353635682
SKSZ03,WDSZ02,1,0.04498530320166179,0.0,1.0449853032016618
SKSZ03,WDSZ03,1,0.10562812006778347,0.0,1.1056281200677835
SKSZ03,WDSZ06,1,0.13680168066084394,0.0,1.1368016806608439
SKSZ04,CKSZ06,1,0.4976611348993398,0.0,1.4976611348993398
SKSZ04,CLSZ04,1,0.2120122462347567,0.0,1.2120122462347567
SKSZ04,JESZ05,1,0.4611049686848352,0.0,1.4611049686848352
SKSZ04,JWSZ09,1,0.45077697027516656,0.0,1.4507769702751665
SKSZ04,QTSZ02,1,0.044930531640790375,0.0,1.0449305316407904
SKSZ04,WDSZ05,1,0.3003794999714878,0.0,1.3003794999714877
SKSZ04,YSSZ08,1,0.033134648291516994,0.0,1.033134648291517
SKSZ05,CKSZ02,1,0.0,0.0,1.0
SKSZ05,CKSZ03,1,0.0,0.0,1.0
SKSZ05,WDSZ02,1,0.0,0.0,1.0
SLSZ01,BDSZ04,2,0.5455574502776932,0.0,2.545557450277693
SLSZ01,CKSZ04,1,0.44120406761517605,0.0,1.441204067615176
SLSZ01,HGSZ04,1,0.29684008278829577,0.0,1.2968400827882958
SLSZ01,PGSZ03,1,0.35166691637402064,0.0,1.3516669163740207
SLSZ01,PGSZ04,1,0.9144427392694436,0.0,1.9144427392694436
SLSZ01,SBSZ03,1,0.4358410906896021,0.0,1.435841090689602
SLSZ01,SESZ06,1,1.0253217397465293,0.0,2.0253217397465293
SLSZ01,SGSZ03,1,0.38136808093921826,0.0,1.3813680809392181
SLSZ01,TMSZ01,1,0.7058698056988447,0.0,1.7058698056988448
SLSZ01,TPSZ04,1,0.13309691756200928,0.0,1.1330969175620094
SLSZ01,WDSZ03,1,0.4789722684280217,0.0,1.4789722684280218
SLSZ01,YSSZ03,1,0.7137381281364593,0.0,1.7137381281364594
SLSZ01,YSSZ09,1,0.5760807124764419,0.0,1.576080712476442
SRSZ01,BDSZ02,1,0.40183450605353876,0.0,1.4018345060535387
SRSZ01,BDSZ03,1,0.37444129484962424,0.0,1.3744412948496243
SRSZ01,BDSZ04,1,0.4039892781322532,0.0,1.4039892781322532
SRSZ01,BDSZ06,1,0.6805958061728795,0.0,1.6805958061728794
SRSZ01,BMSZ01,1,0.40846987548210284,0.0,1.4084698754821028
SRSZ01,BMSZ04,2,0.866434252668876,0.4120552290521601,3.278489481721036
SRSZ01,BTSZ01,1,0.4553547173943812,0.0,1.4553547173943813
SRSZ01,CLSZ04,1,0.32976790249172205,0.0,1.3297679024917222
SRSZ01,DTSZ03,3,0.3305037651902158,0.1473949654388853,3.477898730629101
SRSZ01,DTSZ05,1,0.2862577375792474,0.32656286479542745,1.612820602374675
SRSZ01,DTSZ06,1,0.03276912555781529,0.03311607519603681,1.0658852007538522
SRSZ01,DTSZ11,1,0.31984576152915967,0.190803037619921,1.5106487991490807
SRSZ01,GLSZ04,1,0.9072356431118632,0.0,1.9072356431118633
SRSZ01,HGSZ02,1,0.42199236405177276,0.0,1.4219923640517727
SRSZ01,HGSZ05,1,0.6332974615432814,0.0,1.6332974615432814
SRSZ01,JESZ01,1,0.23395979630900374,0.0,1.2339597963090037
SRSZ01,JESZ08,1,0.20766222020283082,0.0,1.2076622202028309
SRSZ01,JWSZ08,1,0.593831682606935,0.0,1.593831682606935
SRSZ01,KLSZ05,1,0.3707868715129243,0.0,1.3707868715129243
SRSZ01,KLSZ06,1,0.49893918440964896,0.058135587107859224,1.5570747715175082
SRSZ01,KLSZ07,2,0.6494049412124057,0.08683615273839894,2.736241093950804
SRSZ01,MUSZ01,1,0.08405005997666994,0.10722731389477404,1.1912773738714442
SRSZ01,NTSZ01,1,0.0,0.0,1.0
SRSZ01,NTSZ03,1,0.11374230325185174,0.06024620219297143,1.1739885054448231
SRSZ01,ORSZ02,3,0.7707015476094454,0.2519419249639624,4.022643472573408
SRSZ01,OTSZ03,1,0.8594616579924402,0.3669006501695316,2.226362308161972
SRSZ01,PGSZ01,1,0.1707564973578786,0.0,1.1707564973578786
SRSZ01,PGSZ04,1,0.47302901250310003,0.0,1.4730290125031
SRSZ01,QTSZ04,1,0.08941164565917945,0.0,1.0894116456591794
SRSZ01,QTSZ06,1,0.19715346700637681,0.0,1.1971534670063768
SRSZ01,QTSZ10,1,0.3510370760964762,0.0,1.3510370760964763
SRSZ01,RCSZ09,1,0.07809518840445806,0.03461693501996478,1.1127121234244228
SRSZ01,RCSZ10,1,0.1634957723234501,0.05952699928891671,1.2230227716123667
SRSZ01,SBSZ01,1,0.2730852551376009,0.0,1.2730852551376008
SRSZ01,SGSZ07,1,0.22836471706600397,0.0,1.228364717066004
SRSZ01,SRSZ01,2,1.0853219151639955,2.864441045987551,5.949762961151547
SRSZ01,TMSZ02,1,0.976902335681954,0.0,1.976902335681954
SRSZ01,TMSZ03,1,0.6600562649172834,0.0,1.6600562649172834
SRSZ01,TPSZ03,1,0.1194971700939274,0.0,1.1194971700939274
SRSZ01,TPSZ06,1,0.2903782307537451,0.0,1.290378230753745
SRSZ01,WDSZ04,1,0.6080856949430944,0.0,1.6080856949430944
SRSZ02,AMSZ01,2,0.13828889190355526,0.0,2.138288891903555
SRSZ02,AMSZ06,1,0.1332518957636676,0.0,1.1332518957636677
SRSZ02,BDSZ01,1,0.07291740543768367,0.0,1.0729174054376838
SRSZ02,BDSZ04,1,0.10628786082419706,0.0,1.106287860824197
SRSZ02,BKSZ05,2,0.11804812354733014,0.0,2.11804812354733
SRSZ02,BMSZ01,1,0.08794014832666686,0.0,1.0879401483266669
SRSZ02,BMSZ04,1,0.08359904573010486,0.2554907378061113,1.339089783536216
SRSZ02,BMSZ08,2,0.08560106181468904,0.3700666013391897,2.4556676631538785
SRSZ02,BMSZ14,1,0.014027795125021596,0.0,1.0140277951250216
SRSZ02,BPSZ01,2,0.0730216329825308,0.0,2.0730216329825306
SRSZ02,BPSZ05,1,0.08510265473083789,0.0,1.085102654730838
SRSZ02,BTSZ02,1,0.03992943230918051,0.0,1.0399294323091806
SRSZ02,BTSZ06,1,0.02170878158724529,0.0,1.0217087815872452
SRSZ02,CKSZ01,1,0.1432530561748572,0.0,1.1432530561748573
SRSZ02,CKSZ04,1,0.04965387187954554,0.0,1.0496538718795456
SRSZ02,CKSZ05,1,0.051966562838326395,0.0,1.0519665628383263
SRSZ02,CLSZ01,1,0.046259983510082404,0.0,1.0462599835100823
SRSZ02,CLSZ04,1,0.07883202577169676,0.0,1.0788320257716968
SRSZ02,DTSZ02,2,0.06904345937379976,1.1041416119079064,3.173185071281706
SRSZ02,DTSZ06,1,0.039800207660743075,0.1410763196895074,1.1808765273502506
SRSZ02,GLSZ05,1,0.09517380442301936,0.0,1.0951738044230193
SRSZ02,HGSZ04,1,0.08358555011572028,0.0,1.0835855501157203
SRSZ02,HGSZ05,1,0.14625523072604552,0.0,1.1462552307260454
SRSZ02,HGSZ06,1,0.11215243094666562,0.0,1.1121524309466657
SRSZ02,JESZ04,1,0.021787107772798756,0.0,1.0217871077727987
SRSZ02,JESZ05,1,0.08565875619463523,0.0,1.0856587561946351
SRSZ02,JWSZ08,1,0.0869418832345457,0.0,1.0869418832345457
SRSZ02,MPSZ03,1,0.10245161571040676,0.0,1.1024516157104067
SRSZ02,NTSZ05,2,0.0,0.0,2.0
SRSZ02,ORSZ01,1,0.012095011099189786,0.0,1.0120950110991898
SRSZ02,ORSZ02,2,0.16365788720696392,0.29960428891555274,2.463262176122517
SRSZ02,OTSZ03,1,0.09895634578019558,1.0569973721841435,2.155953717964339
SRSZ02,OTSZ04,3,0.3650358094232675,6.772232216086651,10.137268025509918
SRSZ02,PGSZ02,1,0.05843426707286666,0.0,1.0584342670728666
SRSZ02,PGSZ03,2,0.08045170237170919,0.0,2.0804517023717093
SRSZ02,PGSZ04,2,0.10750260945306489,0.0,2.107502609453065
SRSZ02,PGSZ05,2,0.10749098608812992,0.0,2.10749098608813
SRSZ02,RCSZ01,1,0.03914179606591863,0.0,1.0391417960659186
SRSZ02,RCSZ08,1,0.0,0.0,1.0
SRSZ02,SBSZ01,1,0.045749198768750325,0.0,1.0457491987687504
SRSZ02,SBSZ03,1,0.0903527986299061,0.0,1.0903527986299062
SRSZ02,SBSZ04,1,0.07280321970959536,0.0,1.0728032197095954
SRSZ02,SESZ03,1,0.1109104464331551,0.0,1.1109104464331552
SRSZ02,SESZ05,2,0.04347210663225648,0.0,2.0434721066322563
SRSZ02,SESZ06,2,0.1986498451553005,0.0,2.1986498451553005
SRSZ02,SGSZ03,1,0.06370876042554215,0.0,1.0637087604255422
SRSZ02,SGSZ04,2,0.2121567006784008,0.0,2.212156700678401
SRSZ02,TMSZ02,1,0.14475408754592084,0.0,1.1447540875459208
SRSZ02,TMSZ03,3,0.2399930597777691,0.0,3.239993059777769
SRSZ02,TNSZ01,1,0.03292481024824722,0.0,1.0329248102482471
SRSZ02,TNSZ04,1,0.07400829039676637,0.0,1.0740082903967663
SRSZ02,TPSZ09,2,0.037667450870992714,0.0,2.037667450870993
SRSZ02,WCSZ01,1,0.060982252983333214,0.0,1.0609822529833333
SRSZ02,WDSZ03,1,0.09364658429157602,0.0,1.0936465842915761
SRSZ02,YSSZ02,1,0.04363205436274768,0.0,1.0436320543627478
SRSZ02,YSSZ03,2,0.11718851767888759,0.0,2.1171885176788874
SRSZ02,YSSZ08,1,0.01209312443395235,0.0,1.0120931244339524
SRSZ03,BDSZ01,1,0.034120575042303765,0.0,1.0341205750423037
SRSZ03,BKSZ07,1,0.03567181467794966,0.0,1.0356718146779496
SRSZ03,BKSZ08,1,0.0042578433784666485,0.0,1.0042578433784666
SRSZ03,BKSZ09,1,0.03309422672565719,0.0,1.033094226725657
SRSZ03,BPSZ05,1,0.043438142498708636,0.0,1.0434381424987087
SRSZ03,CKSZ04,1,0.06157975767515542,0.0,1.0615797576751553
SRSZ03,CKSZ06,1,0.033721985030996555,0.0,1.0337219850309967
SRSZ03,DTSZ02,1,0.04386118940196416,0.5852504858842332,1.6291116752861976
SRSZ03,DTSZ12,1,0.08036798118414362,0.2232837299658768,1.3036517111500203
SRSZ03,HGSZ06,1,0.05776837063089838,0.0,1.0577683706308985
SRSZ03,JWSZ08,1,0.03182889150371866,0.0,1.0318288915037186
SRSZ03,JWSZ09,1,0.06354288719673058,0.0,1.0635428871967305
SRSZ03,KLSZ03,1,0.011689765421968801,0.0,1.0116897654219688
SRSZ03,MUSZ01,1,0.041379718868841064,0.2653047385566013,1.3066844574254421
SRSZ03,NVSZ01,1,0.12487184325495887,0.0,1.124871843254959
SRSZ03,ORSZ03,1,0.024387004694341557,0.48119269261838893,1.5055796973127304
SRSZ03,OTSZ03,1,0.05683117081242928,1.4448513267629977,2.501682497575427
SRSZ03,QTSZ15,1,0.01885467983921379,0.0,1.0188546798392137
SRSZ03,SBSZ03,1,0.04977701284252213,0.0,1.0497770128425221
SRSZ03,TMSZ03,1,0.0753815166262987,0.0,1.0753815166262988
SRSZ03,WDSZ03,2,0.07357362269237389,0.0,2.0735736226923738
SVSZ01,BKSZ05,1,0.0,0.0,1.0
SVSZ01,BPSZ04,1,0.0,0.0,1.0
SVSZ01,DTSZ02,1,0.0,0.0,1.0
SVSZ01,JWSZ03,1,0.0,0.0,1.0
SVSZ01,WDSZ06,1,0.0,0.0,1.0
SVSZ01,YSSZ08,1,0.0,0.0,1.0
SVSZ01,YSSZ09,1,0.0,0.0,1.0
THSZ01,BKSZ06,1,0.0,0.0,1.0
THSZ01,BSSZ01,1,0.0,0.0,1.0
THSZ01,BTSZ07,1,0.0,0.0,1.0
THSZ01,JWSZ06,1,0.0,0.0,1.0
THSZ01,SBSZ03,1,0.0,0.0,1.0
TMSZ01,AMSZ01,1,0.39249005449569063,0.0,1.3924900544956906
TMSZ01,AMSZ06,1,0.3943255220220273,0.0,1.3943255220220272
TMSZ01,BDSZ03,1,0.5437996524772684,0.0,1.5437996524772684
TMSZ01,BDSZ04,2,2.35176051598721,0.0,4.35176051598721
TMSZ01,BKSZ03,1,0.14700527073343156,0.0,1.1470052707334315
TMSZ01,BMSZ03,1,0.3028504922276965,0.0,1.3028504922276964
TMSZ01,BMSZ05,2,0.32540435549998364,0.0,2.3254043554999835
TMSZ01,BMSZ12,1,0.24534890818215335,0.0,1.2453489081821534
TMSZ01,CHSZ01,1,0.15711781972134498,0.0,1.157117819721345
TMSZ01,CHSZ03,1,0.5758799139260755,0.0,1.5758799139260755
TMSZ01,DTSZ05,3,0.41108388145794234,0.0,3.4110838814579423
TMSZ01,DTSZ08,2,0.19879985603327752,0.0,2.1987998560332773
TMSZ01,DTSZ09,1,0.15959948496422005,0.0,1.15959948496422
TMSZ01,DTSZ10,1,0.05377429820822799,0.0,1.053774298208228
TMSZ01,DTSZ11,1,0.25738184369913053,0.0,1.2573818436991306
TMSZ01,GLSZ04,1,0.5948551308122187,0.0,1.5948551308122187
TMSZ01,HGSZ01,1,0.3239762237361771,0.0,1.3239762237361772
TMSZ01,HGSZ07,1,0.40620245095142116,0.0,1.406202450951421
TMSZ01,JESZ05,1,0.3116350170486704,0.0,1.3116350170486704
TMSZ01,KLSZ05,1,0.19390186713189606,0.0,1.193901867131896
TMSZ01,KLSZ09,1,0.07411066311243714,0.0,1.074110663112437
TMSZ01,NTSZ03,1,0.08978893760684062,0.0,1.0897889376068406
TMSZ01,ORSZ02,1,0.35656370515507285,0.0,1.356563705155073
TMSZ01,OTSZ01,1,0.04678221572543995,0.0,1.04678221572544
TMSZ01,OTSZ03,4,0.5958663972239936,0.0,4.595866397223993
TMSZ01,OTSZ04,1,0.11848702266696656,0.0,1.1184870226669665
TMSZ01,PGSZ02,1,0.28268743202328744,0.0,1.2826874320232875
TMSZ01,PGSZ04,2,1.413737677909019,0.0,3.413737677909019
TMSZ01,PGSZ05,1,0.5959572205649203,0.0,1.5959572205649204
TMSZ01,PRSZ02,1,0.9360430473809566,0.29767586009446023,2.233718907475417
TMSZ01,PRSZ03,4,1.8995820973343178,1.2966122025163533,7.196194299850672
TMSZ01,QTSZ10,1,0.2614753089327499,0.0,1.26147530893275
TMSZ01,QTSZ14,1,0.2800291766973006,0.0,1.2800291766973007
TMSZ01,RCSZ10,1,0.15362478791885287,0.0,1.1536247879188528
TMSZ01,RVSZ02,1,0.0,0.0,1.0
TMSZ01,SESZ02,1,0.6088430168244072,0.0,1.6088430168244072
TMSZ01,SESZ03,1,1.0186235575684741,0.0,2.018623557568474
TMSZ01,SGSZ02,1,0.15920129900509933,0.0,1.1592012990050993
TMSZ01,SKSZ03,1,0.06847294306282667,0.0,1.0684729430628266
TMSZ01,SLSZ01,1,0.23023043663817946,0.0,1.2302304366381795
TMSZ01,TMSZ01,1,0.7825969665792216,3.241094688764392,5.0236916553436135
TMSZ01,TMSZ02,19,6.770258574151297,3.4674196722119577,29.237678246363256
TMSZ01,TMSZ03,7,2.548993895313629,1.6235554729067638,11.172549368220393
TMSZ01,TMSZ04,11,2.4529060253797135,1.0732505392214506,14.526156564601164
TMSZ01,TMSZ05,2,0.538624766392177,0.0,2.538624766392177
TMSZ01,WCSZ01,1,0.36932026953363406,0.0,1.3693202695336342
TMSZ02,AMSZ01,3,3.34199802309765,0.0,6.34199802309765
TMSZ02,AMSZ03,1,0.892297829007771,0.0,1.892297829007771
TMSZ02,AMSZ12,1,0.42612670203685304,0.0,1.426126702036853
TMSZ02,BDSZ01,7,1.6226689921160848,0.0,8.622668992116084
TMSZ02,BDSZ02,2,3.2869643430696933,0.41624097064610877,5.703205313715801
TMSZ02,BDSZ03,2,1.4098393906011288,0.0,3.409839390601129
TMSZ02,BDSZ04,28,16.892222971155178,5.237614302432125,50.129837273587306
TMSZ02,BDSZ06,4,2.8434462778125495,0.0,6.84344627781255
TMSZ02,BDSZ07,1,1.2584342467196836,0.0,2.2584342467196836
TMSZ02,BMSZ02,2,1.9139582738986252,0.0,3.913958273898625
TMSZ02,BMSZ05,6,1.3040491584478833,0.0,7.304049158447883
TMSZ02,BMSZ07,1,1.7449701591691753,0.0,2.744970159169175
TMSZ02,BMSZ08,1,0.6494004431166359,0.0,1.6494004431166358
TMSZ02,BMSZ09,1,0.24254822966077583,0.0,1.242548229660776
TMSZ02,BMSZ12,1,0.8343516507438465,0.0,1.8343516507438467
TMSZ02,BMSZ13,1,0.36549518097559847,0.0,1.3654951809755984
TMSZ02,BPSZ04,1,0.4261441858166602,0.0,1.4261441858166601
TMSZ02,BPSZ05,1,1.098646206520888,0.0,2.098646206520888
TMSZ02,BSSZ02,1,1.2026992183514975,0.0,2.2026992183514977
TMSZ02,BSSZ03,2,2.2546228889380786,0.0,4.254622888938078
TMSZ02,BTSZ01,6,3.5470991386370168,0.0,9.547099138637016
TMSZ02,BTSZ05,1,0.447739481848344,0.0,1.447739481848344
TMSZ02,CHSZ02,14,2.5790534293937655,0.0,16.579053429393767
TMSZ02,CHSZ03,10,5.951415116036318,0.0,15.95141511603632
TMSZ02,CKSZ03,1,0.720395233947722,0.0,1.720395233947722
TMSZ02,CLSZ01,1,0.7490968964315237,0.0,1.7490968964315237
TMSZ02,CLSZ04,1,0.6198717838376931,0.0,1.6198717838376933
TMSZ02,DTSZ01,4,1.1549483727008116,0.0,5.154948372700812
TMSZ02,DTSZ02,7,1.237346222576865,0.0,8.237346222576864
TMSZ02,DTSZ03,9,1.772003909797019,0.0,10.77200390979702
TMSZ02,DTSZ05,8,1.1867229489266413,0.0,9.186722948926642
TMSZ02,DTSZ06,1,0.21798558289722164,0.0,1.2179855828972217
TMSZ02,DTSZ08,7,1.4107033384428986,0.0,8.410703338442898
TMSZ02,DTSZ09,3,0.47749137675878456,0.0,3.4774913767587847
TMSZ02,DTSZ11,12,0.7775748996429325,0.0,12.777574899642932
TMSZ02,DTSZ12,1,0.4268005325799468,0.0,1.4268005325799469
TMSZ02,GLSZ01,4,0.948936995548958,0.0,4.948936995548958
TMSZ02,GLSZ02,3,1.2667535325917125,0.0,4.2667535325917125
TMSZ02,GLSZ03,11,2.521814732871096,0.0,13.521814732871096
TMSZ02,GLSZ04,6,3.2987718841652165,0.0,9.298771884165216
TMSZ02,GLSZ05,5,5.15172821349522,0.0,10.15172821349522
TMSZ02,HGSZ02,1,0.9118100059610815,0.0,1.9118100059610814
TMSZ02,HGSZ05,2,2.148537883141584,0.0,4.148537883141584
TMSZ02,HGSZ08,4,2.1733273166346883,0.0,6.173327316634689
TMSZ02,JESZ03,1,1.129756618132896,0.0,2.129756618132896
TMSZ02,JESZ05,1,1.833944223564947,0.0,2.833944223564947
TMSZ02,JWSZ01,1,0.30866031791547865,0.0,1.3086603179154785
TMSZ02,JWSZ02,1,1.01112407205507,0.0,2.01112407205507
TMSZ02,JWSZ06,1,1.0066945780305179,0.0,2.006694578030518
TMSZ02,JWSZ07,1,0.47069624387093223,0.0,1.4706962438709321
TMSZ02,JWSZ09,1,1.7528751688813544,0.0,2.7528751688813546
TMSZ02,KLSZ02,1,0.4891563077966198,0.0,1.4891563077966197
TMSZ02,KLSZ04,1,0.0,0.0,1.0
TMSZ02,KLSZ05,2,0.9733756452518638,0.0,2.973375645251864
TMSZ02,KLSZ06,2,1.0518781560327455,0.0,3.0518781560327453
TMSZ02,KLSZ08,4,1.4612760865221186,0.0,5.461276086522119
TMSZ02,KLSZ09,2,0.6678456645150412,0.0,2.667845664515041
TMSZ02,MPSZ01,2,1.7767327273993128,0.0,3.7767327273993128
TMSZ02,MPSZ03,1,1.6898951536200413,0.0,2.689895153620041
TMSZ02,MSSZ01,1,0.0,0.0,1.0
TMSZ02,MUSZ01,1,0.6063669944445921,0.0,1.606366994444592
TMSZ02,MUSZ03,3,0.21604289086991318,0.0,3.2160428908699132
TMSZ02,NTSZ03,5,0.33398075973896346,0.0,5.333980759738964
TMSZ02,NVSZ01,1,1.883296347748368,0.0,2.883296347748368
TMSZ02,NVSZ02,6,1.605757301732187,0.0,7.6057573017321864
TMSZ02,NVSZ03,1,0.431218283097359,0.0,1.431218283097359
TMSZ02,ORSZ01,2,0.4607360968297892,0.0,2.4607360968297893
TMSZ02,ORSZ02,4,1.523336916308674,0.0,5.523336916308674
TMSZ02,ORSZ03,3,0.9075050585110302,0.0,3.9075050585110302
TMSZ02,OTSZ01,1,0.14767849474894792,0.0,1.147678494748948
TMSZ02,OTSZ03,11,2.4357700446872377,0.0,13.435770044687239
TMSZ02,OTSZ04,7,0.5911828385461193,0.0,7.5911828385461195
TMSZ02,PGSZ02,1,1.2230910488487923,0.0,2.2230910488487923
TMSZ02,PGSZ03,1,0.980354849613443,0.0,1.9803548496134429
TMSZ02,PGSZ04,3,1.6947689252482188,0.0,4.694768925248219
TMSZ02,PLSZ01,5,0.7259868956866251,0.0,5.725986895686625
TMSZ02,PLSZ03,1,0.36836568825321336,0.0,1.3683656882532134
TMSZ02,PLSZ04,4,0.2448866306844445,0.0,4.244886630684444
TMSZ02,PNSZ01,1,0.6667046663220256,0.0,1.6667046663220257
TMSZ02,PNSZ05,2,0.43356664724548316,0.0,2.4335666472454833
TMSZ02,PRSZ01,1,0.0,0.0,1.0
TMSZ02,PRSZ02,3,1.8231907979965374,0.9384198919327831,5.761610689929321
TMSZ02,PRSZ03,12,2.2467948388030035,2.7542991307734748,17.001093969576477
TMSZ02,PRSZ04,4,0.9820120202144792,0.720581908764209,5.702593928978688
TMSZ02,PRSZ05,7,4.567552433193614,1.7787408424898128,13.346293275683427
TMSZ02,PRSZ06,7,1.673622661326518,0.0,8.673622661326519
TMSZ02,PRSZ07,1,1.300827283494688,0.0,2.300827283494688
TMSZ02,PRSZ08,5,2.3905596477983937,0.15320041867249753,7.543760066470892
TMSZ02,QTSZ01,1,0.5816590333190815,0.0,1.5816590333190814
TMSZ02,QTSZ08,4,2.101105215266528,0.0,6.101105215266529
TMSZ02,QTSZ09,1,0.057261223751258326,0.0,1.0572612237512584
TMSZ02,QTSZ11,5,2.4140661191505886,0.0,7.414066119150588
TMSZ02,QTSZ13,1,0.9291179152657657,0.0,1.9291179152657656
TMSZ02,QTSZ14,2,1.1222994014878938,0.0,3.1222994014878935
TMSZ02,RCSZ01,1,0.30835500253216447,0.0,1.3083550025321644
TMSZ02,RCSZ05,1,0.23532834271106326,0.0,1.2353283427110633
TMSZ02,RCSZ08,1,0.0,0.0,1.0
TMSZ02,RCSZ09,4,0.515919759610555,0.0,4.515919759610555
TMSZ02,RCSZ10,1,0.8359502289669716,0.0,1.8359502289669716
TMSZ02,SBSZ03,1,0.8549142790388624,0.0,1.8549142790388624
TMSZ02,SESZ02,1,1.2370358312326029,0.0,2.237035831232603
TMSZ02,SESZ03,3,1.6946925243933948,0.0,4.694692524393394
TMSZ02,SESZ04,2,1.853345683822505,0.0,3.8533456838225053
TMSZ02,SESZ06,3,2.055629271589978,0.0,5.055629271589979
TMSZ02,SGSZ04,2,3.0613490683761135,0.0,5.0613490683761135
TMSZ02,SGSZ05,1,0.5465951150243349,0.0,1.5465951150243349
TMSZ02,SGSZ06,2,1.2659652056279196,0.0,3.2659652056279196
TMSZ02,SISZ01,1,0.8545390918055954,0.0,1.8545390918055955
TMSZ02,SRSZ01,1,0.6668813481494545,0.0,1.6668813481494547
TMSZ02,SRSZ02,1,0.3036857313659711,0.0,1.303685731365971
TMSZ02,TMSZ01,14,3.677835566982581,2.8562515158049258,20.534087082787504
TMSZ02,TMSZ02,92,35.911688519753085,128.96673507141819,256.87842359117127
TMSZ02,TMSZ03,31,6.124143810932114,7.02153233123875,44.14567614217086
TMSZ02,TMSZ04,36,12.38710822042835,4.996118718378844,53.3832269388072
TMSZ02,TMSZ05,13,2.520940350286919,1.1546753991127086,16.67561574939963
TMSZ02,TPSZ02,1,0.9058006308573461,0.0,1.905800630857346
TMSZ02,TPSZ06,2,1.8451193826352812,0.0,3.845119382635281
TMSZ02,TPSZ11,1,0.8173331233599486,0.0,1.8173331233599486
TMSZ02,TPSZ12,3,0.9412459670955592,0.0,3.941245967095559
TMSZ02,WCSZ01,7,4.3014416384663425,0.0,11.301441638466343
TMSZ02,WDSZ01,1,0.17124194200556728,0.0,1.1712419420055673
TMSZ02,WDSZ02,1,0.9057167217329005,0.0,1.9057167217329005
TMSZ02,WDSZ03,1,1.0416495175565628,0.0,2.0416495175565625
TMSZ02,WDSZ07,1,0.27123721639754445,0.0,1.2712372163975445
TMSZ02,YSSZ01,1,1.3059235072796835,0.0,2.3059235072796835
TMSZ02,YSSZ02,2,1.1068410736651901,0.0,3.10684107366519
TMSZ02,YSSZ03,1,1.1687612525432414,0.0,2.1687612525432414
TMSZ02,YSSZ04,1,1.1193010983860658,0.0,2.1193010983860656
TMSZ02,YSSZ07,1,0.33705752440386655,0.0,1.3370575244038665
TMSZ02,YSSZ08,3,0.8460363171285659,0.0,3.846036317128566
TMSZ03,AMSZ01,4,1.9408732113107752,0.0,5.940873211310775
TMSZ03,AMSZ04,2,0.24205159469786772,0.0,2.242051594697868
TMSZ03,AMSZ08,1,0.26347899731890306,0.0,1.2634789973189031
TMSZ03,BDSZ01,5,1.8242583398209709,0.38582988529701906,7.21008822511799
TMSZ03,BDSZ02,2,3.810230364771897,0.7798104309954554,6.590040795767353
TMSZ03,BDSZ03,5,1.4709225332613467,0.8264162096770781,7.297338742938425
TMSZ03,BDSZ04,8,4.858241812914287,1.9215776674135745,14.77981948032786
TMSZ03,BDSZ05,3,2.6064195452670518,0.0,5.606419545267052
TMSZ03,BDSZ06,5,2.668162914315096,1.2259601811032872,8.894123095418383
TMSZ03,BKSZ01,1,0.16044712363176009,0.0,1.1604471236317602
TMSZ03,BKSZ02,1,0.05820210484340811,0.0,1.058202104843408
TMSZ03,BKSZ05,3,1.1478644056224783,0.0,4.147864405622478
TMSZ03,BKSZ09,1,0.4200965192103502,0.0,1.4200965192103503
TMSZ03,BMSZ01,1,0.7579058009456077,0.0,1.7579058009456077
TMSZ03,BMSZ02,1,0.5451873555338462,0.0,1.5451873555338462
TMSZ03,BMSZ04,1,0.45212208744420407,0.0,1.452122087444204
TMSZ03,BMSZ05,2,0.8919200118667285,0.0,2.8919200118667288
TMSZ03,BPSZ03,1,0.2891669807797808,0.0,1.2891669807797808
TMSZ03,BSSZ01,1,1.4573592298334794,0.0,2.4573592298334797
TMSZ03,BTSZ01,1,1.3278891599255118,0.0,2.327889159925512
TMSZ03,CHSZ03,10,6.644684662978369,0.0,16.64468466297837
TMSZ03,CLSZ03,1,0.5955565895147745,0.0,1.5955565895147745
TMSZ03,CLSZ09,1,0.12561078329138775,0.0,1.1256107832913878
TMSZ03,DTSZ02,7,1.1421014843942956,0.0,8.142101484394296
TMSZ03,DTSZ03,5,1.7597436614579742,0.0,6.759743661457974
TMSZ03,DTSZ05,9,1.0768557264740637,0.0,10.076855726474063
TMSZ03,DTSZ06,1,0.06559017726005727,0.0,1.0655901772600573
TMSZ03,DTSZ07,1,0.588964265571016,0.0,1.588964265571016
TMSZ03,DTSZ08,6,0.709718097345761,0.0,6.709718097345761
TMSZ03,DTSZ09,3,0.31445993798604127,0.0,3.314459937986041
TMSZ03,DTSZ11,4,0.5474392528326132,0.0,4.547439252832613
TMSZ03,DTSZ12,2,0.6113594583336175,0.0,2.6113594583336175
TMSZ03,GLSZ01,1,0.8934251403044132,0.0,1.8934251403044131
TMSZ03,GLSZ02,2,0.9841951590394893,0.0,2.9841951590394893
TMSZ03,GLSZ03,7,2.3937133537476036,0.0,9.393713353747604
TMSZ03,GLSZ04,1,1.7866713900301487,0.0,2.7866713900301487
TMSZ03,GLSZ05,7,4.817195518993266,0.0,11.817195518993266
TMSZ03,HGSZ02,2,1.3193981578971345,0.0,3.3193981578971345
TMSZ03,HGSZ03,1,0.881027949767169,0.0,1.881027949767169
TMSZ03,HGSZ06,1,1.683147626829382,0.0,2.683147626829382
TMSZ03,HGSZ07,1,0.667016664613593,0.0,1.6670166646135929
TMSZ03,HGSZ08,1,1.1575451979546614,0.0,2.1575451979546614
TMSZ03,JESZ05,2,1.3909978855195237,0.0,3.390997885519524
TMSZ03,JWSZ04,1,0.6253830987138919,0.0,1.625383098713892
TMSZ03,JWSZ07,1,0.14536860471029384,0.0,1.1453686047102938
TMSZ03,KLSZ05,1,0.5846185210168067,0.0,1.5846185210168067
TMSZ03,KLSZ06,2,0.7975364091906751,0.0,2.797536409190675
TMSZ03,KLSZ07,1,1.079813423397774,0.0,2.0798134233977743
TMSZ03,KLSZ08,2,0.8095611960184348,0.0,2.809561196018435
TMSZ03,MPSZ01,1,0.5131186250801818,0.0,1.5131186250801818
TMSZ03,MPSZ02,1,1.319704807856852,0.0,2.3197048078568523
TMSZ03,MPSZ03,2,1.862425555778005,0.0,3.862425555778005
TMSZ03,MUSZ02,2,0.0,0.0,2.0
TMSZ03,MUSZ03,7,0.3029014109874364,0.0,7.302901410987436
TMSZ03,NVSZ02,2,1.607741339789172,0.0,3.6077413397891718
TMSZ03,ORSZ01,1,0.08153063748542384,0.0,1.0815306374854239
TMSZ03,ORSZ02,6,1.4702777354395578,0.0,7.4702777354395575
TMSZ03,ORSZ03,2,0.7300805879470934,0.0,2.7300805879470933
TMSZ03,OTSZ03,7,1.3939231141835366,0.0,8.393923114183536
TMSZ03,PGSZ02,1,1.2020415331173475,0.0,2.2020415331173475
TMSZ03,PGSZ03,3,1.2458436877091763,0.0,4.2458436877091765
TMSZ03,PGSZ04,2,2.437087747829733,0.0,4.437087747829732
TMSZ03,PGSZ05,2,1.5843007734250636,0.0,3.5843007734250634
TMSZ03,PLSZ01,2,0.46610024516829407,0.0,2.466100245168294
TMSZ03,PLSZ03,1,0.13211347918685737,0.0,1.1321134791868575
TMSZ03,PLSZ04,3,0.34155791953037806,0.0,3.341557919530378
TMSZ03,PNSZ01,1,0.3186104716081151,0.0,1.318610471608115
TMSZ03,PNSZ05,1,0.08016333682355847,0.0,1.0801633368235586
TMSZ03,PRSZ02,2,1.660613935857386,0.7104971901211299,4.371111125978516
TMSZ03,PRSZ03,5,2.270632021630133,1.1930277962442983,8.463659817874431
TMSZ03,PRSZ05,6,5.401939349179972,1.5272266890391784,12.929166038219151
TMSZ03,PRSZ07,1,0.3906129827846884,0.0,1.3906129827846885
TMSZ03,PRSZ08,1,0.8420493930698779,0.0,1.8420493930698778
TMSZ03,QTSZ08,5,1.2156906875803635,0.0,6.215690687580364
TMSZ03,QTSZ09,1,0.09440771113358948,0.0,1.0944077111335895
TMSZ03,QTSZ10,2,1.4083893571326491,0.0,3.4083893571326493
TMSZ03,QTSZ11,2,1.0627147989208594,0.0,3.0627147989208594
TMSZ03,QTSZ13,1,0.614376164999074,0.0,1.614376164999074
TMSZ03,RCSZ01,1,0.2568294627518665,0.0,1.2568294627518666
TMSZ03,RCSZ10,2,0.6780387256976381,0.0,2.678038725697638
TMSZ03,RVSZ05,2,0.46534573831649434,0.0,2.4653457383164943
TMSZ03,SBSZ03,1,0.6450230685877333,0.0,1.6450230685877334
TMSZ03,SESZ02,2,1.8338878948166362,0.0,3.833887894816636
TMSZ03,SESZ03,5,2.3442580795310604,0.0,7.344258079531061
TMSZ03,SESZ04,2,1.584325035809354,0.0,3.584325035809354
TMSZ03,SGSZ03,1,1.005352090079144,0.0,2.005352090079144
TMSZ03,SGSZ04,1,2.323560710365834,0.0,3.323560710365834
TMSZ03,SKSZ03,1,0.15073844316907165,0.0,1.1507384431690717
TMSZ03,SRSZ01,1,0.4945707434025991,0.0,1.494570743402599
TMSZ03,SRSZ02,3,0.31500426730042586,0.0,3.315004267300426
TMSZ03,SRSZ03,1,0.5335830025867911,0.0,1.5335830025867911
TMSZ03,TMSZ01,5,1.6327901064508863,1.293725638319166,7.926515744770052
TMSZ03,TMSZ02,45,12.194475065391414,7.459994009561225,64.65446907495264
TMSZ03,TMSZ03,25,8.959223330122382,67.1995721640544,101.15879549417679
TMSZ03,TMSZ04,18,7.462114097778809,2.473261969393331,27.93537606717214
TMSZ03,TMSZ05,5,2.5764742799236404,0.0,7.576474279923641
TMSZ03,TNSZ03,1,0.07213159784312752,0.0,1.0721315978431276
TMSZ03,TPSZ05,1,0.37249633494795786,0.0,1.3724963349479578
TMSZ03,TPSZ06,2,1.0236904436488465,0.0,3.0236904436488468
TMSZ03,TPSZ10,1,0.47209553522820796,0.0,1.472095535228208
TMSZ03,TSSZ05,1,1.1691778220797453,0.0,2.169177822079745
TMSZ03,WDSZ01,3,0.2024281863177942,0.0,3.2024281863177944
TMSZ03,WDSZ02,2,0.7760986385591581,0.0,2.776098638559158
TMSZ03,WDSZ03,1,0.9465430133314623,0.0,1.9465430133314623
TMSZ03,WDSZ04,1,0.36179973830180606,0.0,1.3617997383018061
TMSZ03,WDSZ05,1,0.29002486283614815,0.0,1.2900248628361481
TMSZ03,WDSZ08,1,0.38449013742673666,0.0,1.3844901374267367
TMSZ03,YSSZ01,1,1.0309806477243404,0.0,2.0309806477243404
TMSZ04,AMSZ01,1,0.997680016173213,0.0,1.997680016173213
TMSZ04,AMSZ02,1,0.4476730389124062,0.0,1.4476730389124062
TMSZ04,AMSZ03,1,0.500364408442462,0.0,1.5003644084424619
TMSZ04,AMSZ09,1,0.35978933947652236,0.0,1.3597893394765224
TMSZ04,BDSZ01,5,1.1840505082363835,0.0,6.184050508236384
TMSZ04,BDSZ02,1,1.4961666276672723,0.19469652390464146,2.690863151571914
TMSZ04,BDSZ03,2,1.074108034723838,0.0,3.074108034723838
TMSZ04,BDSZ04,28,12.12045166098415,5.434396873691682,45.554848534675834
TMSZ04,BDSZ05,2,1.4010481147910092,0.0,3.401048114791009
TMSZ04,BDSZ06,5,2.8089653182629917,1.315754917835017,9.124720236098009
TMSZ04,BDSZ07,1,0.7180571918324948,0.0,1.7180571918324947
TMSZ04,BKSZ05,1,0.40411040857417063,0.0,1.4041104085741707
TMSZ04,BKSZ08,1,0.0,0.0,1.0
TMSZ04,BMSZ01,1,0.6887566677660231,0.0,1.688756667766023
TMSZ04,BMSZ02,1,0.47311476216192905,0.0,1.473114762161929
TMSZ04,BMSZ05,1,0.9287738627477543,0.0,1.9287738627477542
TMSZ04,BMSZ07,1,1.0493811124603283,0.0,2.0493811124603285
TMSZ04,BMSZ17,1,0.1874192781837767,0.0,1.1874192781837767
TMSZ04,BPSZ04,3,0.2970406275744177,0.0,3.2970406275744177
TMSZ04,BPSZ05,1,0.8108508355945342,0.0,1.8108508355945343
TMSZ04,BSSZ03,1,1.1087012549217425,0.0,2.1087012549217423
TMSZ04,BTSZ01,3,1.2207861279340257,0.0,4.2207861279340255
TMSZ04,BTSZ05,1,0.12019070376392908,0.0,1.1201907037639292
TMSZ04,BTSZ06,2,0.3693829417717096,0.0,2.3693829417717094
TMSZ04,CHSZ02,4,0.745004136731872,0.0,4.745004136731872
TMSZ04,CHSZ03,7,2.512312243701105,0.0,9.512312243701105
TMSZ04,CKSZ03,1,0.6372826695791165,0.0,1.6372826695791165
TMSZ04,CLSZ04,1,0.5039114989871595,0.0,1.5039114989871596
TMSZ04,DTSZ01,1,1.2993944798086934,0.0,2.2993944798086936
TMSZ04,DTSZ02,5,0.8998677126348597,0.0,5.89986771263486
TMSZ04,DTSZ03,3,1.5659593914751135,0.0,4.565959391475113
TMSZ04,DTSZ05,11,0.6041387952930749,0.0,11.604138795293075
TMSZ04,DTSZ07,1,0.42649877748407294,0.0,1.426498777484073
TMSZ04,DTSZ08,4,0.537208202049321,0.0,4.537208202049321
TMSZ04,DTSZ09,2,0.20804075067058173,0.0,2.2080407506705817
TMSZ04,DTSZ11,4,0.554062279904151,0.0,4.5540622799041515
TMSZ04,DTSZ12,2,0.46172240607465487,0.0,2.4617224060746548
TMSZ04,GLSZ02,4,0.9972554109004517,0.0,4.9972554109004514
TMSZ04,GLSZ03,2,1.1833159532459663,0.0,3.183315953245966
TMSZ04,GLSZ04,3,2.1656128107451766,0.0,5.165612810745177
TMSZ04,GLSZ05,3,1.9946187425626893,0.0,4.99461874256269
TMSZ04,HGSZ01,1,0.7163051023724416,0.0,1.7163051023724416
TMSZ04,HGSZ02,1,0.7801664840032806,0.0,1.7801664840032805
TMSZ04,HGSZ03,1,0.6248045152960239,0.0,1.6248045152960238
TMSZ04,HGSZ04,2,1.1490765181241764,0.0,3.1490765181241764
TMSZ04,HGSZ05,2,1.1009464151658992,0.0,3.1009464151658994
TMSZ04,HGSZ06,5,1.900356204572862,0.0,6.900356204572862
TMSZ04,HGSZ07,1,0.5324354492193676,0.0,1.5324354492193675
TMSZ04,HGSZ08,2,1.0068181901566098,0.0,3.0068181901566096
TMSZ04,JWSZ03,1,0.5202172759003856,0.0,1.5202172759003856
TMSZ04,JWSZ08,3,0.8261424167011684,0.0,3.8261424167011686
TMSZ04,JWSZ09,1,1.3848127534706507,0.0,2.3848127534706505
TMSZ04,KLSZ01,2,1.0250339546617127,0.0,3.025033954661713
TMSZ04,KLSZ06,2,0.8137551544507164,0.0,2.8137551544507167
TMSZ04,KLSZ08,1,0.7934402509174731,0.0,1.793440250917473
TMSZ04,MPSZ02,1,1.0465215164351869,0.0,2.046521516435187
TMSZ04,MPSZ03,2,1.6291138696406158,0.0,3.6291138696406158
TMSZ04,NVSZ01,3,1.6872229832088685,0.0,4.687222983208868
TMSZ04,NVSZ02,1,1.1514709898114655,0.0,2.1514709898114655
TMSZ04,ORSZ01,1,0.07530844817861101,0.0,1.075308448178611
TMSZ04,ORSZ02,5,1.193262613809477,0.0,6.193262613809477
TMSZ04,ORSZ03,2,0.5721977858653119,0.0,2.572197785865312
TMSZ04,OTSZ01,1,0.05700596408898951,0.0,1.0570059640889895
TMSZ04,OTSZ03,12,1.377127778381206,0.0,13.377127778381206
TMSZ04,OTSZ04,1,0.1505911977561577,0.0,1.1505911977561576
TMSZ04,PGSZ02,1,0.7682846930871627,0.0,1.7682846930871627
TMSZ04,PGSZ03,1,0.6640812539683772,0.0,1.6640812539683774
TMSZ04,PGSZ04,7,2.9354010104160895,0.0,9.93540101041609
TMSZ04,PLSZ04,1,0.08448098105799988,0.0,1.0844809810579998
TMSZ04,PRSZ02,2,1.0667582059831504,0.0,3.0667582059831506
TMSZ04,PRSZ03,16,1.7650331372802637,0.0,17.765033137280263
TMSZ04,PRSZ04,1,0.4423544701205283,0.0,1.4423544701205282
TMSZ04,PRSZ05,4,3.5503697630925517,1.1088023846318436,8.659172147724394
TMSZ04,PRSZ06,2,0.6606125317863624,0.0,2.6606125317863625
TMSZ04,PRSZ08,4,1.7472386920956373,0.13155618281222217,5.878794874907859
TMSZ04,QTSZ05,1,0.29038180962624816,0.0,1.2903818096262483
TMSZ04,QTSZ08,2,0.7022284295137727,0.0,2.702228429513773
TMSZ04,QTSZ11,2,0.7482592809411337,0.0,2.7482592809411335
TMSZ04,QTSZ12,2,0.3821449085744177,0.0,2.3821449085744177
TMSZ04,QTSZ13,1,0.529955065149582,0.0,1.529955065149582
TMSZ04,QTSZ14,3,0.48288450319727344,0.0,3.4828845031972735
TMSZ04,RCSZ09,1,0.160493678703863,0.0,1.160493678703863
TMSZ04,RCSZ10,1,0.561768942200211,0.0,1.561768942200211
TMSZ04,SESZ02,1,1.1153786410784836,0.0,2.1153786410784834
TMSZ04,SESZ03,1,1.406406795913864,0.0,2.406406795913864
TMSZ04,SESZ04,2,1.2000247193811744,0.0,3.200024719381174
TMSZ04,SESZ06,1,0.9935260168154393,0.0,1.9935260168154394
TMSZ04,SGSZ04,3,2.936764793329367,0.0,5.936764793329367
TMSZ04,SGSZ06,4,1.0789570628133562,0.0,5.078957062813356
TMSZ04,TMSZ01,4,1.3556794441553492,1.034760285121861,6.39043972927721
TMSZ04,TMSZ02,26,7.391418193637253,4.644312933759513,38.035731127396765
TMSZ04,TMSZ03,11,3.032190845689558,2.777665046429877,16.809855892119433
TMSZ04,TMSZ04,37,20.320155091326114,34.986603668619004,92.30675875994513
TMSZ04,TMSZ05,9,2.306572223891583,1.3695622602683466,12.676134484159931
TMSZ04,TPSZ02,1,0.7872169180277578,0.0,1.7872169180277577
TMSZ04,TPSZ06,1,0.8158883456907685,0.0,1.8158883456907686
TMSZ04,TPSZ10,1,0.1949406669581557,0.0,1.1949406669581557
TMSZ04,TPSZ12,1,0.395115521131007,0.0,1.395115521131007
TMSZ04,WCSZ01,1,1.0341165307350493,0.0,2.0341165307350493
TMSZ04,WDSZ02,3,0.3651200733091407,0.0,3.3651200733091406
TMSZ04,WDSZ05,1,0.24672949137668987,0.0,1.2467294913766898
TMSZ04,YSSZ02,1,0.43679492096867983,0.0,1.43679492096868
TMSZ04,YSSZ04,1,0.6345948091192384,0.0,1.6345948091192384
TMSZ04,YSSZ08,1,0.12572004417532767,0.0,1.1257200441753277
TMSZ04,YSSZ09,3,1.1067545567504704,0.0,4.10675455675047
TMSZ05,AMSZ02,1,0.381229777516288,0.0,1.381229777516288
TMSZ05,AMSZ03,3,0.3886192188819939,0.0,3.3886192188819937
TMSZ05,AMSZ06,1,0.322742167518626,0.0,1.322742167518626
TMSZ05,BDSZ01,4,0.9767814160827996,0.0,4.976781416082799
TMSZ05,BDSZ02,4,1.0758254652813317,0.0,5.075825465281332
TMSZ05,BDSZ03,1,0.6997923030372779,0.0,1.699792303037278
TMSZ05,BDSZ04,8,2.762942247848458,0.0,10.762942247848457
TMSZ05,BDSZ05,1,0.7372748582032035,0.0,1.7372748582032034
TMSZ05,BDSZ06,3,2.365904004405949,0.6456527953295272,6.011556799735477
TMSZ05,BDSZ08,1,0.6445337088141243,0.0,1.6445337088141243
TMSZ05,BKSZ05,1,0.4489152938682172,0.0,1.4489152938682173
TMSZ05,BKSZ07,1,0.4665723190645027,0.0,1.4665723190645026
TMSZ05,BMSZ01,1,0.3788710207946092,0.0,1.3788710207946093
TMSZ05,BMSZ03,1,0.2978053943038385,0.0,1.2978053943038386
TMSZ05,BMSZ09,1,0.06447973450455687,0.0,1.064479734504557
TMSZ05,BMSZ10,1,0.1241382438255073,0.0,1.1241382438255072
TMSZ05,BPSZ01,1,0.34060716488213666,0.0,1.3406071648821367
TMSZ05,BSSZ01,2,0.7309636464078068,0.0,2.730963646407807
TMSZ05,BSSZ02,1,0.4022570783599244,0.0,1.4022570783599244
TMSZ05,BSSZ03,3,0.8221874849016735,0.0,3.8221874849016735
TMSZ05,BTSZ01,2,0.9633243487421612,0.0,2.9633243487421614
TMSZ05,CHSZ03,2,1.051034526794622,0.0,3.0510345267946217
TMSZ05,CKSZ03,1,0.3637633777238143,0.0,1.3637633777238143
TMSZ05,CKSZ04,2,0.8438949963766917,0.0,2.843894996376692
TMSZ05,CKSZ06,1,1.1349920331446968,0.0,2.1349920331446968
TMSZ05,CLSZ03,1,0.8956695938002477,0.0,1.8956695938002477
TMSZ05,CLSZ04,1,0.20803402739590163,0.0,1.2080340273959016
TMSZ05,DTSZ02,1,0.2930784637668024,0.0,1.2930784637668025
TMSZ05,DTSZ03,1,0.29964406244084046,0.0,1.2996440624408405
TMSZ05,DTSZ11,2,0.39512956273065014,0.0,2.3951295627306504
TMSZ05,GLSZ02,3,0.4027382193503694,0.0,3.4027382193503692
TMSZ05,GLSZ03,3,0.9782118714285373,0.0,3.9782118714285373
TMSZ05,GLSZ04,4,1.4947006551440802,0.0,5.49470065514408
TMSZ05,GLSZ05,1,0.6376309370012618,0.0,1.6376309370012618
TMSZ05,HGSZ04,1,0.38386714228359764,0.0,1.3838671422835978
TMSZ05,HGSZ06,2,0.9856709488985546,0.0,2.9856709488985547
TMSZ05,HGSZ08,2,0.5077916557879572,0.0,2.5077916557879574
TMSZ05,HGSZ09,1,0.0335167061227038,0.0,1.0335167061227037
TMSZ05,JWSZ09,1,0.9910221699505862,0.0,1.9910221699505861
TMSZ05,KLSZ05,1,0.23273844939905033,0.0,1.2327384493990503
TMSZ05,KLSZ09,2,0.11877194310430052,0.0,2.1187719431043006
TMSZ05,MPSZ01,2,0.4093272296431207,0.0,2.4093272296431207
TMSZ05,MPSZ03,1,0.5586118157037544,0.0,1.5586118157037543
TMSZ05,MUSZ01,1,0.16927903126116975,0.0,1.1692790312611698
TMSZ05,NVSZ01,1,0.7155116660898068,0.0,1.7155116660898067
TMSZ05,OTSZ01,1,0.04822781455886304,0.0,1.048227814558863
TMSZ05,OTSZ03,2,0.7226284063032197,0.0,2.72262840630322
TMSZ05,PGSZ01,1,0.20987208509151847,0.0,1.2098720850915186
TMSZ05,PGSZ03,1,0.5849437917613113,0.0,1.5849437917613112
TMSZ05,PGSZ04,4,1.4856657233909776,0.0,5.485665723390977
TMSZ05,PNSZ02,1,0.0,0.0,1.0
TMSZ05,PRSZ03,1,0.7614852026144098,0.0,1.7614852026144097
TMSZ05,PRSZ04,2,0.40154624753519197,0.0,2.401546247535192
TMSZ05,PRSZ05,3,2.2319448262920325,0.0,5.2319448262920325
TMSZ05,PRSZ08,2,1.102826221225635,0.03880431976934922,3.141630540994984
TMSZ05,QTSZ02,1,0.17767975490505872,0.0,1.1776797549050588
TMSZ05,RCSZ10,1,0.20171835650850434,0.0,1.2017183565085043
TMSZ05,SBSZ03,1,0.40714408680065617,0.0,1.4071440868006562
TMSZ05,SBSZ04,1,0.4281312299686237,0.0,1.4281312299686237
TMSZ05,SESZ02,4,1.2845152338942738,0.0,5.284515233894274
TMSZ05,SESZ03,5,1.1834410306095617,0.0,6.183441030609561
TMSZ05,SESZ04,3,1.1728249880350226,0.0,4.172824988035023
TMSZ05,SESZ05,2,0.498172038671088,0.0,2.498172038671088
TMSZ05,SESZ06,1,0.5422988996027268,0.0,1.5422988996027267
TMSZ05,SGSZ01,1,0.3212102214452635,0.0,1.3212102214452635
TMSZ05,SGSZ04,1,0.4384112090416795,0.0,1.4384112090416794
TMSZ05,SGSZ05,1,0.20622097519857832,0.0,1.2062209751985784
TMSZ05,SGSZ06,2,0.5384858166339017,0.0,2.5384858166339015
TMSZ05,SGSZ07,2,0.36728415008233756,0.0,2.3672841500823374
TMSZ05,TMSZ01,1,0.5970759938860499,0.0,1.59707599388605
TMSZ05,TMSZ02,12,7.140962663256979,1.8575426664290848,20.99850532968606
TMSZ05,TMSZ03,6,2.2438618527746916,0.0,8.243861852774693
TMSZ05,TMSZ04,12,3.830256341205346,3.0982119449616143,18.92846828616696
TMSZ05,TMSZ05,1,1.4501570410751794,21.358826753623504,23.808983794698683
TMSZ05,TPSZ02,1,0.3896630478759331,0.0,1.389663047875933
TMSZ05,TPSZ06,1,0.306710580923458,0.0,1.306710580923458
TMSZ05,WDSZ03,1,0.3532473469604412,0.0,1.3532473469604411
TMSZ05,WDSZ04,2,0.45552027199465384,0.0,2.455520271994654
TMSZ05,WDSZ05,2,0.5279296974966449,0.0,2.5279296974966448
TMSZ05,WDSZ09,1,0.18807258820758033,0.0,1.1880725882075804
TMSZ05,YSSZ01,1,0.2781681031173938,0.0,1.2781681031173937
TMSZ05,YSSZ02,1,0.30786494333775544,0.0,1.3078649433377554
TMSZ05,YSSZ08,1,0.12374403187137778,0.0,1.1237440318713778
TMSZ05,YSSZ09,3,0.9896892032819706,0.0,3.9896892032819706
TNSZ01,AMSZ06,1,0.47885938969708763,0.0,1.4788593896970876
TNSZ01,AMSZ09,1,0.12151373667979773,0.0,1.1215137366797978
TNSZ01,BDSZ03,1,0.29578944833635695,0.0,1.295789448336357
TNSZ01,BDSZ04,2,0.5567262625017799,0.0,2.5567262625017797
TNSZ01,BKSZ01,1,0.1243640981790418,0.0,1.1243640981790417
TNSZ01,BMSZ06,1,0.4876242615696984,0.0,1.4876242615696984
TNSZ01,BMSZ16,1,0.03953649053685945,0.0,1.0395364905368594
TNSZ01,BPSZ05,2,0.4665038907465116,0.0,2.4665038907465116
TNSZ01,BSSZ01,1,0.6043515866506242,0.0,1.6043515866506242
TNSZ01,BTSZ01,1,0.38643482236297716,0.0,1.3864348223629772
TNSZ01,BTSZ03,1,0.17648832884143564,0.0,1.1764883288414356
TNSZ01,BTSZ06,1,0.12330309090766615,0.0,1.1233030909076662
TNSZ01,BTSZ07,1,0.20832154261332106,0.0,1.2083215426133211
TNSZ01,CLSZ04,1,0.27026328361456536,0.0,1.2702632836145653
TNSZ01,DTSZ01,1,0.20407332338518275,0.0,1.2040733233851828
TNSZ01,DTSZ11,1,0.3087190228539265,0.0,1.3087190228539265
TNSZ01,GLSZ01,1,0.30698250958615,0.0,1.30698250958615
TNSZ01,GLSZ05,1,0.3460306152035583,0.0,1.3460306152035584
TNSZ01,JESZ03,1,0.3735421083864048,0.0,1.3735421083864048
TNSZ01,JWSZ08,1,0.5145235997179404,0.0,1.5145235997179403
TNSZ01,KLSZ01,1,0.6049609392155734,0.0,1.6049609392155735
TNSZ01,MSSZ01,2,0.0,0.0,2.0
TNSZ01,NTSZ03,1,0.11837616895409737,0.0,1.1183761689540974
TNSZ01,NVSZ01,1,0.6420586189187343,0.0,1.6420586189187343
TNSZ01,NVSZ02,4,1.1436364014610987,0.0,5.143636401461099
TNSZ01,ORSZ02,1,0.429308446822228,0.0,1.429308446822228
TNSZ01,OTSZ04,1,0.09294833714677864,0.0,1.0929483371467787
TNSZ01,RVSZ01,1,0.0,0.0,1.0
TNSZ01,SBSZ03,1,0.3737738168469209,0.0,1.373773816846921
TNSZ01,SESZ03,1,0.30994786691322523,0.0,1.3099478669132252
TNSZ01,SGSZ03,1,0.249004566548582,0.0,1.249004566548582
TNSZ01,SGSZ06,1,0.388518098674445,0.0,1.388518098674445
TNSZ01,SGSZ07,1,0.20261120863022972,0.0,1.2026112086302296
TNSZ01,SRSZ01,1,0.2386485801468224,0.0,1.2386485801468223
TNSZ01,SRSZ02,1,0.027702239351102578,0.0,1.0277022393511026
TNSZ01,TNSZ04,1,0.40790900774910527,0.0,1.4079090077491052
TNSZ01,TPSZ01,1,0.14861436034331715,0.0,1.1486143603433172
TNSZ01,TPSZ02,2,0.5499102658577835,0.0,2.5499102658577835
TNSZ01,WDSZ04,1,0.2961176195356264,0.0,1.2961176195356263
TNSZ01,YSSZ09,1,0.3820020445122567,0.0,1.3820020445122567
TNSZ02,BMSZ13,1,0.22349939652343756,0.02502426056295375,1.2485236570863913
TNSZ02,CKSZ04,1,0.10361888976372116,0.0,1.1036188897637211
TNSZ02,CLSZ04,1,0.1985437832663981,0.0,1.198543783266398
TNSZ02,DTSZ03,1,0.14528072652635984,0.0,1.1452807265263598
TNSZ02,DTSZ08,1,0.1044357854384739,0.2134253678971445,1.3178611533356184
TNSZ02,DTSZ09,2,0.058304633126430645,0.026610718905797297,2.084915352032228
TNSZ02,HGSZ07,1,0.23429924395812637,0.0,1.2342992439581264
TNSZ02,MUSZ03,1,0.00997496234277607,0.11241758124840878,1.1223925435911848
TNSZ02,NTSZ03,2,0.06978281515821932,0.028157925602249594,2.097940740760469
TNSZ02,ORSZ02,1,0.24892362773381083,0.0734678868812132,1.322391514615024
TNSZ02,ORSZ03,1,0.10824834640944339,0.10614857003267364,1.2143969164421171
TNSZ02,OTSZ01,1,0.027240281769167457,0.37553867987243245,1.4027789616416
TNSZ02,OTSZ02,1,0.0,0.001321549043401298,1.0013215490434013
TNSZ02,OTSZ04,1,0.027658266155117642,0.09147857839167774,1.1191368445467955
TNSZ02,QTSZ10,2,0.19554270913294058,0.0,2.1955427091329405
TNSZ02,RVSZ03,1,0.0,0.0,1.0
TNSZ02,TNSZ02,1,0.524628478091108,4.946174730600439,6.470803208691547
TNSZ02,TPSZ01,1,0.05714555478065797,0.0,1.057145554780658
TNSZ02,WDSZ02,1,0.13240143346495153,0.0,1.1324014334649515
TNSZ02,WDSZ03,1,0.23920601830828636,0.0,1.2392060183082863
TNSZ02,YSSZ04,1,0.2912650480499444,0.0,1.2912650480499444
TNSZ03,BMSZ04,1,0.3522034743550493,0.11397947867172721,1.4661829530267765
TNSZ03,BPSZ04,1,0.30081248916792463,0.0,1.3008124891679247
TNSZ03,BTSZ06,1,0.1461497766452709,0.2952442029673249,1.4413939796125956
TNSZ03,GLSZ04,1,0.5665978366577666,0.0,1.5665978366577666
TNSZ03,HGSZ03,1,0.22183759209121776,0.0,1.2218375920912177
TNSZ03,JWSZ08,1,0.4101347761310403,0.0,1.4101347761310403
TNSZ03,JWSZ09,1,0.4010207604602179,0.0,1.4010207604602178
TNSZ03,ORSZ02,2,0.5362177434546842,0.19613218140709382,2.732349924861778
TNSZ03,QTSZ01,2,0.6800028584179639,0.3359401577441731,3.015943016162137
TNSZ03,QTSZ08,1,0.5280922100840175,0.058662521342782645,1.5867547314268002
TNSZ03,QTSZ11,1,0.15373559559795333,0.0,1.1537355955979534
TNSZ03,SESZ03,1,0.460925954514115,0.0,1.4609259545141149
TNSZ03,SESZ06,1,0.45263624901486593,0.0,1.4526362490148659
TNSZ03,TMSZ03,1,0.4780831736124405,0.0,1.4780831736124405
TNSZ03,TPSZ02,1,0.3115495097941557,0.0,1.3115495097941556
TNSZ04,BDSZ04,1,0.1289623154848687,0.0,1.1289623154848687
TNSZ04,BDSZ06,1,0.16606227080524863,0.0,1.1660622708052486
TNSZ04,BDSZ07,1,0.09994581138132376,0.0,1.0999458113813239
TNSZ04,BMSZ04,1,0.09732801212628096,0.0,1.097328012126281
TNSZ04,BMSZ07,1,0.10144440919642893,0.0,1.1014444091964288
TNSZ04,BMSZ08,1,0.07409898767372931,0.0,1.0740989876737292
TNSZ04,BMSZ11,1,0.0767430105437035,0.0,1.0767430105437035
TNSZ04,BPSZ01,1,0.05277448254928507,0.0,1.052774482549285
TNSZ04,BPSZ02,1,0.039928740007587234,0.0,1.0399287400075872
TNSZ04,BPSZ05,1,0.15974960015081333,0.0,1.1597496001508134
TNSZ04,BSSZ01,2,0.329708004849326,0.0,2.329708004849326
TNSZ04,BSSZ02,1,0.14884099914584975,0.0,1.1488409991458497
TNSZ04,BSSZ03,2,0.1512415331098744,0.0,2.151241533109874
TNSZ04,BTSZ01,3,0.21615910024128127,0.0,3.2161591002412813
TNSZ04,BTSZ06,1,0.03582508384298243,0.0,1.0358250838429823
TNSZ04,CKSZ06,1,0.124618558007618,0.0,1.124618558007618
TNSZ04,CLSZ03,1,0.1288151409389486,0.0,1.1288151409389486
TNSZ04,CLSZ04,1,0.11790041749642412,0.0,1.1179004174964242
TNSZ04,DTSZ02,1,0.06806842786786477,0.0,1.0680684278678647
TNSZ04,DTSZ03,1,0.13339024963138446,0.0,1.1333902496313843
TNSZ04,DTSZ09,1,0.03525342108329435,0.0,1.0352534210832944
TNSZ04,DTSZ11,1,0.0633347014196819,0.0,1.063334701419682
TNSZ04,DTSZ12,1,0.04466484325039469,0.0,1.0446648432503947
TNSZ04,JESZ05,1,0.14415071061991636,0.0,1.1441507106199165
TNSZ04,JWSZ04,1,0.2903129812844074,0.0,1.2903129812844074
TNSZ04,JWSZ08,1,0.14913083203371744,0.0,1.1491308320337175
TNSZ04,ORSZ02,3,0.18317307431700458,0.0,3.1831730743170046
TNSZ04,QTSZ02,1,0.05146335386816471,0.0,1.0514633538681648
TNSZ04,QTSZ03,1,0.09146390236377559,0.0,1.0914639023637756
TNSZ04,QTSZ08,3,0.1721036882145598,0.0,3.17210368821456
TNSZ04,QTSZ11,2,0.07031353905267379,0.0,2.0703135390526737
TNSZ04,QTSZ13,2,0.06766960241675232,0.0,2.0676696024167525
TNSZ04,QTSZ15,1,0.03821439792759263,0.0,1.0382143979275926
TNSZ04,RCSZ01,1,0.05086284622986124,0.0,1.0508628462298613
TNSZ04,SESZ04,1,0.13760621472804035,0.0,1.1376062147280404
TNSZ04,SGSZ03,1,0.08093627366260843,0.0,1.0809362736626085
TNSZ04,SGSZ04,1,0.19256700221340098,0.0,1.192567002213401
TNSZ04,SGSZ06,2,0.21191460218319666,0.0,2.211914602183197
TNSZ04,TPSZ02,4,0.21613736739874997,0.0,4.21613736739875
TNSZ04,TPSZ12,1,0.04186388671059494,0.0,1.041863886710595
TNSZ04,WDSZ05,1,0.08381596465848462,0.0,1.0838159646584846
TNSZ04,YSSZ03,1,0.131441639311071,0.0,1.131441639311071
TPSZ01,AMSZ01,2,0.7721561024404038,0.0,2.7721561024404036
TPSZ01,AMSZ12,1,0.12949027011931785,0.0,1.129490270119318
TPSZ01,BKSZ07,1,0.2270553821816356,0.0,1.2270553821816357
TPSZ01,BKSZ09,1,0.2136126623492344,0.0,1.2136126623492345
TPSZ01,BMSZ06,1,0.30043187809612004,0.0,1.30043187809612
TPSZ01,BMSZ07,1,0.32773678017611413,0.0,1.3277367801761142
TPSZ01,BMSZ17,1,0.13246503541791665,0.0,1.1324650354179167
TPSZ01,BPSZ01,1,0.09730146888831197,0.0,1.097301468888312
TPSZ01,BPSZ02,1,0.10880294106546237,0.0,1.1088029410654623
TPSZ01,BSSZ01,3,1.2109878834070096,0.24435532270492794,4.455343206111937
TPSZ01,BSSZ02,1,0.5259426659294208,0.22770878005775394,1.7536514459871748
TPSZ01,BSSZ03,6,1.1128910065297144,2.1568628801280676,9.269753886657782
TPSZ01,BTSZ02,1,0.12973812926543826,0.0,1.1297381292654383
TPSZ01,BTSZ07,1,0.134239638875786,0.0,1.134239638875786
TPSZ01,CHSZ03,2,0.905711781054661,0.0,2.905711781054661
TPSZ01,CKSZ03,1,0.26844827276858885,0.0,1.2684482727685888
TPSZ01,CKSZ06,1,0.26546703532826393,0.0,1.265467035328264
TPSZ01,DTSZ01,3,0.37324293633858135,0.0,3.373242936338581
TPSZ01,DTSZ02,1,0.17096096037168487,0.0,1.1709609603716848
TPSZ01,DTSZ03,1,0.2539330531984673,0.0,1.2539330531984674
TPSZ01,DTSZ05,3,0.37749458131035923,0.0,3.3774945813103594
TPSZ01,DTSZ11,1,0.20401543642868167,0.0,1.2040154364286817
TPSZ01,GLSZ03,2,0.3899316870631872,0.0,2.389931687063187
TPSZ01,GLSZ05,2,0.6998396475689859,0.0,2.699839647568986
TPSZ01,HGSZ06,1,0.6203187970375001,0.0,1.6203187970375001
TPSZ01,JESZ02,1,0.08600654459133308,0.0,1.0860065445913332
TPSZ01,JWSZ04,1,0.37585438874533,0.0,1.37585438874533
TPSZ01,JWSZ08,1,0.398026272729202,0.0,1.398026272729202
TPSZ01,KLSZ02,1,0.15086458091638516,0.0,1.150864580916385
TPSZ01,KLSZ07,1,0.20988703257744762,0.13808485799334397,1.3479718905707916
TPSZ01,KLSZ08,2,0.26156125776112343,0.0,2.2615612577611235
TPSZ01,LKSZ01,1,0.5594850700160499,0.0,1.5594850700160499
TPSZ01,NVSZ01,1,1.1030176011846518,0.22297833324224933,2.325995934426901
TPSZ01,NVSZ02,6,0.8935236616098786,1.1448035974383666,8.038327259048245
TPSZ01,ORSZ02,7,0.3714520679121853,0.0,7.371452067912186
TPSZ01,ORSZ03,2,0.17894647106674602,0.0,2.178946471066746
TPSZ01,OTSZ03,2,0.7133238206422863,0.0,2.7133238206422865
TPSZ01,OTSZ04,1,0.05967311598625952,0.0,1.0596731159862596
TPSZ01,QTSZ08,2,0.517643219902144,0.0,2.517643219902144
TPSZ01,QTSZ10,1,0.18526155794143923,0.0,1.1852615579414392
TPSZ01,QTSZ11,2,0.38911020063791435,0.0,2.3891102006379143
TPSZ01,RCSZ10,1,0.11385167178299849,0.0,1.1138516717829985
TPSZ01,SBSZ01,1,0.23104158555757923,0.0,1.2310415855575791
TPSZ01,SESZ04,1,0.3707187403509977,0.0,1.3707187403509977
TPSZ01,SESZ06,1,0.5991627439616501,0.0,1.5991627439616503
TPSZ01,SGSZ04,2,0.776171321763601,0.0,2.7761713217636013
TPSZ01,SGSZ05,1,0.32253208893039353,0.22818142593570073,1.5507135148660942
TPSZ01,TNSZ01,1,0.22042992079957718,0.0,1.2204299207995772
TPSZ01,TNSZ02,1,0.08656325524933661,0.0,1.0865632552493367
TPSZ01,TPSZ01,4,0.7869213913087678,11.81707358848337,16.603994979792137
TPSZ01,TPSZ02,3,1.0271879189131963,2.4249767740351484,6.452164692948344
TPSZ01,TPSZ03,3,0.4112939912724262,0.979199978872848,4.390493970145274
TPSZ01,TPSZ06,2,0.3863680492677789,0.41503354377508433,2.801401593042863
TPSZ01,WDSZ02,2,0.23344309963714469,0.0,2.2334430996371446
TPSZ01,WDSZ04,1,0.20760560372904718,0.0,1.2076056037290472
TPSZ01,YSSZ01,1,0.16086625646934286,0.0,1.1608662564693428
TPSZ01,YSSZ05,1,0.08556519456454689,0.0,1.0855651945645468
TPSZ01,YSSZ06,1,0.04759885140402775,0.0,1.0475988514040278
TPSZ01,YSSZ09,2,0.5268254176063201,0.0,2.52682541760632
TPSZ02,AMSZ01,3,1.414550095391554,0.0,4.414550095391554
TPSZ02,AMSZ02,4,0.8068169227308811,0.0,4.8068169227308815
TPSZ02,AMSZ08,2,0.43648315982106695,0.0,2.436483159821067
TPSZ02,AMSZ10,2,0.559672055902171,0.0,2.559672055902171
TPSZ02,AMSZ12,1,0.2616931419786412,0.0,1.2616931419786412
TPSZ02,BDSZ02,1,0.8196229859411657,0.0,1.8196229859411657
TPSZ02,BDSZ03,1,0.9403838442905365,0.0,1.9403838442905363
TPSZ02,BDSZ04,1,0.6130508233755243,0.0,1.6130508233755243
TPSZ02,BDSZ05,2,1.2047830912144906,0.0,3.2047830912144906
TPSZ02,BDSZ06,2,1.7000683678555666,0.0,3.7000683678555664
TPSZ02,BKSZ02,1,0.23505098121094178,0.0,1.2350509812109418
TPSZ02,BKSZ07,1,0.5837067141939107,0.0,1.5837067141939107
TPSZ02,BLSZ02,1,0.140103292911554,0.0,1.140103292911554
TPSZ02,BMSZ02,1,0.40410425855954707,0.0,1.4041042585595471
TPSZ02,BMSZ03,1,0.5437032580913307,0.0,1.5437032580913308
TPSZ02,BMSZ04,1,0.3173853641193809,0.0,1.317385364119381
TPSZ02,BMSZ08,1,0.3771678011825116,0.0,1.3771678011825115
TPSZ02,BMSZ09,2,0.25861362966319196,0.0,2.258613629663192
TPSZ02,BMSZ17,1,0.259334229435678,0.0,1.259334229435678
TPSZ02,BPSZ03,1,0.4533309589247355,0.0,1.4533309589247354
TPSZ02,BSSZ01,4,1.9768175286797525,0.43624659478125577,6.413064123461009
TPSZ02,BSSZ02,2,1.4718221940560472,0.34036316830670577,3.812185362362753
TPSZ02,BSSZ03,9,2.9907137627205307,4.105275410604215,16.095989173324746
TPSZ02,CHSZ02,1,0.2704890777460924,0.0,1.2704890777460924
TPSZ02,CHSZ03,1,0.8718007635302701,0.0,1.87180076353027
TPSZ02,CKSZ01,2,0.5149157585066028,0.0,2.5149157585066026
TPSZ02,CKSZ03,1,0.49394392668457027,0.0,1.4939439266845702
TPSZ02,CKSZ05,1,0.2226295655691261,0.0,1.2226295655691262
TPSZ02,CLSZ04,2,0.44915136885025403,0.0,2.449151368850254
TPSZ02,DTSZ01,3,0.45844013251771554,0.0,3.4584401325177154
TPSZ02,DTSZ02,2,0.7096126228096126,0.0,2.7096126228096127
TPSZ02,DTSZ03,6,0.8278907147386251,0.0,6.827890714738625
TPSZ02,DTSZ05,11,0.7891973067635919,0.0,11.789197306763592
TPSZ02,DTSZ06,1,0.08799171656788068,0.0,1.0879917165678807
TPSZ02,DTSZ08,3,0.5222528815220335,0.0,3.5222528815220335
TPSZ02,DTSZ09,1,0.16702348992161958,0.0,1.1670234899216196
TPSZ02,DTSZ11,5,0.7891914913097929,0.0,5.789191491309793
TPSZ02,GLSZ01,1,0.7475103434677236,0.13210667121492825,1.879617014682652
TPSZ02,GLSZ02,2,0.6208731585886225,0.0,2.6208731585886227
TPSZ02,GLSZ04,5,2.729931312687776,0.0,7.729931312687776
TPSZ02,GLSZ05,3,1.5720638708367887,0.0,4.5720638708367884
TPSZ02,HGSZ01,1,0.49575959421649374,0.0,1.4957595942164938
TPSZ02,HGSZ07,1,0.46922903952278183,0.0,1.4692290395227818
TPSZ02,HGSZ09,1,0.047681588540356916,0.0,1.047681588540357
TPSZ02,JESZ02,1,0.263529651767664,0.0,1.263529651767664
TPSZ02,JWSZ04,1,0.6363312848357615,0.0,1.6363312848357614
TPSZ02,JWSZ09,2,0.8111164328601411,0.0,2.8111164328601412
TPSZ02,KLSZ01,3,1.7107142085310967,0.840596367382332,5.551310575913429
TPSZ02,KLSZ02,2,0.583034294798433,0.1223060399962236,2.705340334794657
TPSZ02,KLSZ03,1,0.21826705349312348,0.0,1.2182670534931235
TPSZ02,KLSZ07,1,0.6965731255154918,0.2135511917388555,1.9101243172543472
TPSZ02,KLSZ08,2,0.7936121105036479,1.346228631788111,4.139840742291759
TPSZ02,KLSZ09,1,0.1713618230141576,0.0,1.1713618230141576
TPSZ02,MUSZ01,3,0.27372930449114413,0.0,3.273729304491144
TPSZ02,NTSZ03,2,0.38791631066761934,0.3294310380384214,2.7173473487060407
TPSZ02,NVSZ01,2,2.5413745509078036,1.3114618632770272,5.852836414184831
TPSZ02,NVSZ02,10,2.4172756265322546,7.040387100159222,19.457662726691478
TPSZ02,ORSZ02,7,1.0601580641622528,1.197308105058449,9.2574661692207
TPSZ02,ORSZ03,1,0.39599555139563136,0.0,1.3959955513956315
TPSZ02,OTSZ01,1,0.07328767713738768,0.0,1.0732876771373876
TPSZ02,OTSZ03,3,1.11253455582869,0.0,4.11253455582869
TPSZ02,PLSZ05,2,0.3223160625353217,0.0,2.3223160625353216
TPSZ02,PNSZ01,1,0.21036425492791377,0.0,1.2103642549279137
TPSZ02,PRSZ03,1,0.5892760911377928,0.0,1.5892760911377928
TPSZ02,QTSZ03,1,0.22863151991658462,0.0,1.2286315199165847
TPSZ02,QTSZ04,1,0.1256171251644627,0.0,1.1256171251644627
TPSZ02,QTSZ08,5,1.423128148745895,0.0,6.423128148745895
TPSZ02,QTSZ09,2,0.15801739982813168,0.0,2.1580173998281316
TPSZ02,QTSZ11,2,0.888586996095002,0.0,2.888586996095002
TPSZ02,SBSZ03,2,1.0158586176888726,0.0,3.0158586176888726
TPSZ02,SESZ02,1,0.899790748777456,0.0,1.899790748777456
TPSZ02,SGSZ03,2,0.791496029112101,0.0,2.791496029112101
TPSZ02,SGSZ05,1,0.7051894966282247,0.6351303798366248,2.340319876464849
TPSZ02,SGSZ06,2,0.9698511577708099,0.0,2.96985115777081
TPSZ02,SRSZ02,2,0.24390396092300903,0.0,2.243903960923009
TPSZ02,SRSZ03,1,0.28435555619274827,0.0,1.2843555561927482
TPSZ02,TMSZ02,1,0.5730708821579055,0.0,1.5730708821579054
TPSZ02,TMSZ03,1,0.9178181766636712,0.0,1.9178181766636713
TPSZ02,TMSZ04,1,0.5471005324661405,0.0,1.5471005324661404
TPSZ02,TNSZ01,2,0.9227369242678745,0.0,2.9227369242678742
TPSZ02,TNSZ04,2,0.5975450519103801,0.0,2.59754505191038
TPSZ02,TPSZ01,5,1.376050084298374,3.307544128484472,9.683594212782847
TPSZ02,TPSZ02,7,3.627357368205643,41.307383328910014,51.93474069711566
TPSZ02,TPSZ03,4,0.8161742764204359,1.808071958876784,6.62424623529722
TPSZ02,TPSZ04,7,0.7813144507151648,1.9544120129446507,9.735726463659816
TPSZ02,TPSZ05,1,1.0634062700214832,0.17743551721002035,2.240841787231503
TPSZ02,TPSZ06,7,1.5630213879118093,2.69080078005282,11.25382216796463
TPSZ02,TPSZ07,1,0.4054022066487223,0.36495698358939466,1.7703591902381168
TPSZ02,TPSZ11,1,0.9286850171994445,0.3363855105174396,2.265070527716884
TPSZ02,TPSZ12,2,0.46998720734164423,0.0,2.469987207341644
TPSZ02,WDSZ01,2,0.2245136828514103,0.0,2.2245136828514105
TPSZ02,WDSZ02,1,0.7845011951521296,0.0,1.7845011951521297
TPSZ02,WDSZ03,5,1.5086094878224976,0.0,6.508609487822498
TPSZ02,WDSZ04,1,0.3458390573539371,0.0,1.3458390573539372
TPSZ02,WDSZ05,1,0.5081567720069537,0.0,1.5081567720069537
TPSZ02,WDSZ06,1,0.38393192917060226,0.0,1.3839319291706023
TPSZ02,WDSZ08,1,0.36985560434723913,0.0,1.3698556043472392
TPSZ02,YSSZ01,1,0.5963463235206217,0.0,1.5963463235206217
TPSZ02,YSSZ02,2,0.6926703512747461,0.0,2.692670351274746
TPSZ02,YSSZ03,1,0.9100950402237528,0.0,1.9100950402237529
TPSZ02,YSSZ04,1,0.4974335602693298,0.0,1.4974335602693298
TPSZ02,YSSZ08,1,0.21149610574607072,0.0,1.2114961057460707
TPSZ02,YSSZ09,1,0.7471280750035183,0.0,1.7471280750035183
TPSZ03,AMSZ01,1,0.3136752312341607,0.0,1.3136752312341606
TPSZ03,AMSZ02,1,0.21803260113688688,0.0,1.218032601136887
TPSZ03,AMSZ03,2,0.26332371612135463,0.14655517295373943,2.4098788890750944
TPSZ03,BDSZ01,1,0.2094419382081509,0.0,1.209441938208151
TPSZ03,BDSZ03,2,0.22879696479231118,0.0,2.2287969647923114
TPSZ03,BDSZ04,1,0.2856115857324843,0.0,1.2856115857324844
TPSZ03,BKSZ03,1,0.16204863359273017,0.0,1.1620486335927303
TPSZ03,BKSZ06,1,0.05688427533740098,0.0,1.056884275337401
TPSZ03,BKSZ08,1,0.02264695875764383,0.0,1.0226469587576439
TPSZ03,BMSZ01,1,0.2208229951294438,0.0,1.2208229951294438
TPSZ03,BMSZ04,1,0.15093025857904335,0.0,1.1509302585790433
TPSZ03,BMSZ05,1,0.13871932721995722,0.0,1.1387193272199572
TPSZ03,BMSZ09,1,0.017385995211190945,0.0,1.017385995211191
TPSZ03,BSSZ03,3,0.7608308151393269,0.48533872470121786,4.246169539840545
TPSZ03,BTSZ01,1,0.21070350728758497,0.0,1.210703507287585
TPSZ03,CHSZ02,1,0.09296966212269306,0.0,1.092969662122693
TPSZ03,CKSZ02,1,0.16031344050675855,0.0,1.1603134405067586
TPSZ03,CLSZ01,1,0.10861204050216917,0.0,1.108612040502169
TPSZ03,CLSZ04,2,0.21182992549293062,0.0,2.2118299254929306
TPSZ03,DTSZ02,5,0.2585130062277302,0.0,5.25851300622773
TPSZ03,DTSZ03,2,0.29119554393289954,0.0,2.2911955439328997
TPSZ03,DTSZ05,2,0.25839065356756585,0.0,2.2583906535675657
TPSZ03,DTSZ11,1,0.14834829665470545,0.0,1.1483482966547054
TPSZ03,DTSZ12,1,0.07976857943489954,0.0,1.0797685794348995
TPSZ03,GLSZ01,1,0.3620676498782961,0.0472274217709965,1.4092950716492927
TPSZ03,GLSZ05,2,0.4993207497354251,0.0,2.4993207497354253
TPSZ03,HGSZ06,1,0.41693391730655216,0.0,1.4169339173065523
TPSZ03,HGSZ08,1,0.19707966981292357,0.0,1.1970796698129236
TPSZ03,JESZ05,1,0.21398761750559803,0.0,1.2139876175055981
TPSZ03,JWSZ02,1,0.18269647964793048,0.0,1.1826964796479305
TPSZ03,KLSZ01,1,0.31071146865188853,0.047566252986831745,1.3582777216387203
TPSZ03,MPSZ02,1,0.25689111283399674,0.0,1.2568911128339968
TPSZ03,MUSZ01,3,0.0510129094363118,0.0,3.0510129094363116
TPSZ03,MUSZ03,1,0.022307829830650206,0.0,1.0223078298306503
TPSZ03,NVSZ01,1,0.8768002071924627,0.07150368485202228,1.9483038920444848
TPSZ03,NVSZ02,3,0.5056892281655604,0.16968507669942898,3.6753743048649894
TPSZ03,NVSZ03,1,0.0652247344925869,0.0,1.065224734492587
TPSZ03,ORSZ01,1,0.025859148620707754,0.0,1.0258591486207078
TPSZ03,ORSZ03,2,0.10587265062983374,0.0,2.1058726506298338
TPSZ03,OTSZ03,2,0.34790142959612363,0.0,2.347901429596124
TPSZ03,PGSZ04,1,0.2947420549526552,0.0,1.2947420549526552
TPSZ03,PGSZ05,1,0.22702242946590878,0.0,1.227022429465909
TPSZ03,PRSZ05,1,0.2469734780788484,0.0,1.2469734780788484
TPSZ03,QTSZ06,1,0.06996807154275261,0.0,1.0699680715427526
TPSZ03,QTSZ12,2,0.08444619975511576,0.0,2.084446199755116
TPSZ03,RCSZ10,3,0.10583720121999506,0.0,3.105837201219995
TPSZ03,SBSZ01,1,0.20135723649025053,0.0,1.2013572364902505
TPSZ03,SESZ03,1,0.3431431701894167,0.0,1.3431431701894168
TPSZ03,SESZ04,1,0.2745249214343754,0.0,1.2745249214343755
TPSZ03,SGSZ06,2,0.6716705025451994,0.2142359668527347,2.885906469397934
TPSZ03,SRSZ01,1,0.09337620080642181,0.0,1.0933762008064218
TPSZ03,TNSZ04,1,0.1359954384035346,0.0,1.1359954384035347
TPSZ03,TPSZ01,1,0.33208069983277433,0.17529307265794256,1.5073737724907168
TPSZ03,TPSZ02,2,0.8431751351741128,0.5710051346789421,3.414180269853055
TPSZ03,TPSZ03,4,0.42279191159083507,13.256682893047744,17.67947480463858
TPSZ03,TPSZ06,4,0.39536182622935145,0.578899670945339,4.97426149717469
TPSZ03,TPSZ07,3,0.3018417953719556,0.0,3.3018417953719554
TPSZ03,TPSZ09,1,0.14636388414725926,0.022453779390494144,1.1688176635377534
TPSZ03,TPSZ11,3,0.4538690675490812,0.21296060190359128,3.6668296694526723
TPSZ03,TSSZ03,1,0.035788251901647826,0.0,1.035788251901648
TPSZ03,WDSZ02,1,0.14146095103845055,0.0,1.1414609510384506
TPSZ03,WDSZ03,1,0.26779230420304223,0.0,1.2677923042030423
TPSZ03,WDSZ05,1,0.1600836983796736,0.0,1.1600836983796736
TPSZ03,WDSZ06,1,0.20778548235616343,0.0,1.2077854823561633
TPSZ03,WDSZ09,1,0.07748214945737449,0.0,1.0774821494573745
TPSZ03,YSSZ01,1,0.15491318262691042,0.0,1.1549131826269103
TPSZ04,AMSZ01,3,0.29949802474257803,0.0,3.299498024742578
TPSZ04,AMSZ02,2,0.18611246836780104,0.0,2.186112468367801
TPSZ04,AMSZ05,1,0.15133797228794035,0.0,1.1513379722879404
TPSZ04,AMSZ12,1,0.03934077572604119,0.0,1.039340775726041
TPSZ04,BDSZ02,1,0.13298021908461757,0.0,1.1329802190846177
TPSZ04,BDSZ05,1,0.15526163312623723,0.0,1.1552616331262373
TPSZ04,BMSZ05,3,0.18456790930682945,0.0,3.1845679093068293
TPSZ04,BMSZ07,1,0.14589539162226092,0.0,1.145895391622261
TPSZ04,BMSZ12,1,0.049570479332018115,0.0,1.0495704793320182
TPSZ04,BSSZ01,2,0.3740153945690108,0.06181245560821853,2.4358278501772292
TPSZ04,BTSZ01,1,0.14952972628263503,0.0,1.149529726282635
TPSZ04,CHSZ02,1,0.03710235975287788,0.0,1.037102359752878
TPSZ04,CHSZ03,2,0.3980362809250372,0.0,2.3980362809250373
TPSZ04,CKSZ06,1,0.12009571387144752,0.0,1.1200957138714476
TPSZ04,CLSZ03,1,0.18984885954481778,0.0,1.1898488595448178
TPSZ04,DTSZ02,2,0.11539646785235745,0.0,2.1153964678523574
TPSZ04,DTSZ08,1,0.06886932639958003,0.0,1.06886932639958
TPSZ04,GLSZ05,2,0.36705217188652817,0.0,2.3670521718865283
TPSZ04,HGSZ02,1,0.12338657748028843,0.0,1.1233865774802885
TPSZ04,HGSZ07,1,0.19913219466740037,0.0,1.1991321946674003
TPSZ04,JWSZ08,1,0.13658690099083096,0.0,1.136586900990831
TPSZ04,KLSZ02,1,0.0873059611618777,0.018377605156464666,1.1056835663183422
TPSZ04,KLSZ05,1,0.09568632379064419,0.0,1.0956863237906442
TPSZ04,KLSZ06,1,0.2542883430366192,0.106499070963774,1.3607874140003933
TPSZ04,KLSZ07,1,0.13748957860784508,0.044352635427558885,1.1818422140354041
TPSZ04,KLSZ08,2,0.17028791536961174,0.021277999361556478,2.1915659147311684
TPSZ04,KLSZ09,1,0.029989518909412753,0.0,1.0299895189094128
TPSZ04,MPSZ02,1,0.13742574460675813,0.0,1.1374257446067582
TPSZ04,NVSZ02,2,0.3534729986751407,0.21660562556667387,2.5700786242418148
TPSZ04,ORSZ02,6,0.23699678239988628,0.0,6.236996782399887
TPSZ04,OTSZ03,1,0.1381036493216838,0.0,1.1381036493216838
TPSZ04,OTSZ04,1,0.02761566293479966,0.0,1.0276156629347997
TPSZ04,PLSZ03,1,0.010948764910142395,0.0,1.0109487649101423
TPSZ04,QTSZ08,1,0.09168752747794182,0.0,1.0916875274779418
TPSZ04,QTSZ11,1,0.07529202313674511,0.0,1.075292023136745
TPSZ04,QTSZ13,1,0.06408277210809281,0.0,1.0640827721080928
TPSZ04,RCSZ01,1,0.04546860047996441,0.004755119089971936,1.0502237195699364
TPSZ04,RCSZ02,1,0.006244488387440261,0.007025456135789124,1.0132699445232294
TPSZ04,SGSZ04,2,0.33610533987684116,0.19409519676293446,2.5302005366397755
TPSZ04,SLSZ01,1,0.024308520722191668,0.0,1.0243085207221916
TPSZ04,SRSZ02,1,0.012158740532585607,0.0,1.0121587405325856
TPSZ04,TPSZ02,8,0.9304308494914284,3.2221600889519624,12.15259093844339
TPSZ04,TPSZ04,3,0.1513473771281358,9.072653240909682,12.224000618037818
TPSZ04,TPSZ06,8,0.4799197851304556,0.0,8.479919785130456
TPSZ04,TPSZ08,1,0.11719112058572162,0.0,1.1171911205857217
TPSZ04,TPSZ12,2,0.12333548936246637,0.029900345882587043,2.1532358352450536
TPSZ04,WDSZ02,1,0.07935371301984052,0.0,1.0793537130198405
TPSZ04,WDSZ03,1,0.15984556101768377,0.0,1.1598455610176837
TPSZ05,AMSZ01,2,0.4857625045676841,0.0,2.485762504567684
TPSZ05,AMSZ02,1,0.2182186977968187,0.0,1.2182186977968188
TPSZ05,AMSZ09,1,0.16946321323236918,0.0,1.1694632132323692
TPSZ05,BDSZ03,1,0.27845175310105374,0.0,1.2784517531010537
TPSZ05,BDSZ04,1,0.4138095049554143,0.0,1.4138095049554142
TPSZ05,BMSZ05,1,0.17161995255739618,0.0,1.1716199525573963
TPSZ05,BMSZ13,1,0.05601545993916968,0.0,1.0560154599391698
TPSZ05,BMSZ17,1,0.04342272055280343,0.0,1.0434227205528035
TPSZ05,BSSZ02,1,0.37510540134433235,0.00891787698717917,1.3840232783315116
TPSZ05,BTSZ01,1,0.24492558218648483,0.0,1.2449255821864849
TPSZ05,CHSZ03,1,0.3753881449376064,0.0,1.3753881449376064
TPSZ05,CLSZ06,1,0.24999635067915663,0.0,1.2499963506791567
TPSZ05,DTSZ02,1,0.1513424414704242,0.0,1.1513424414704243
TPSZ05,DTSZ03,1,0.2939083803295072,0.0,1.2939083803295073
TPSZ05,DTSZ08,1,0.08913733466422771,0.0,1.0891373346642277
TPSZ05,DTSZ11,1,0.14162162040846912,0.0,1.141621620408469
TPSZ05,DTSZ12,1,0.09094178712015533,0.0,1.0909417871201552
TPSZ05,GLSZ01,1,0.26375224332629776,0.004776818862797585,1.2685290621890954
TPSZ05,HGSZ07,1,0.3237052742194997,0.0,1.3237052742194997
TPSZ05,JWSZ06,1,0.10388279276096822,0.0,1.1038827927609682
TPSZ05,OTSZ03,2,0.38468042465399166,0.0,2.3846804246539914
TPSZ05,QTSZ11,1,0.22243260979700719,0.0,1.222432609797007
TPSZ05,QTSZ14,1,0.16561036572894935,0.0,1.1656103657289494
TPSZ05,RCSZ10,1,0.10141222980111712,0.0,1.101412229801117
TPSZ05,TMSZ03,1,0.5277446584549409,0.0,1.527744658454941
TPSZ05,TMSZ05,1,0.18233719608239146,0.0,1.1823371960823914
TPSZ05,TPSZ02,1,0.7176055169483947,0.03210180200064848,1.749707318949043
TPSZ05,TPSZ06,1,0.6338960026174928,0.9541663724667186,2.5880623750842116
TPSZ05,TPSZ08,1,0.19850219379339687,0.0,1.1985021937933968
TPSZ05,WCSZ01,1,0.17149174915784193,0.0,1.171491749157842
TPSZ05,WDSZ04,1,0.153815892815782,0.0,1.153815892815782
TPSZ06,AMSZ01,6,0.935830618989516,0.0,6.935830618989516
TPSZ06,AMSZ02,1,0.3705588979716055,0.0,1.3705588979716055
TPSZ06,AMSZ03,1,0.3407004247320613,0.10338372962395016,1.4440841543560115
TPSZ06,AMSZ08,1,0.11749517848895043,0.0,1.1174951784889504
TPSZ06,AMSZ10,1,0.28921652429984884,0.0,1.2892165242998488
TPSZ06,AMSZ12,1,0.1276143175613888,0.0,1.1276143175613889
TPSZ06,BDSZ03,2,0.49413545805215237,0.0,2.494135458052152
TPSZ06,BDSZ04,1,0.40818553579289296,0.0,1.408185535792893
TPSZ06,BKSZ03,1,0.2560235812099561,0.0,1.256023581209956
TPSZ06,BKSZ05,2,0.6549522796866601,0.0,2.6549522796866603
TPSZ06,BMSZ06,3,0.32284806609554556,0.0,3.3228480660955455
TPSZ06,BMSZ07,1,0.3711019007705155,0.0,1.3711019007705154
TPSZ06,BMSZ17,1,0.15710945912316324,0.0,1.1571094591231632
TPSZ06,BSSZ01,8,1.4841255959918058,0.0,9.484125595991806
TPSZ06,BSSZ03,2,1.0361524922607013,0.3938477860109418,3.4300002782716428
TPSZ06,BTSZ05,1,0.1403405653540468,0.0,1.1403405653540468
TPSZ06,CCSZ01,1,0.166422707613082,0.0,1.166422707613082
TPSZ06,CKSZ03,1,0.3061213227047694,0.0,1.3061213227047694
TPSZ06,CLSZ03,1,0.2363349679421214,0.0,1.2363349679421214
TPSZ06,CLSZ04,1,0.20387432796417715,0.0,1.203874327964177
TPSZ06,CLSZ07,1,0.20992381988530853,0.0,1.2099238198853086
TPSZ06,CLSZ09,1,0.0780882434023888,0.0,1.0780882434023888
TPSZ06,DTSZ02,2,0.33896891744439656,0.0,2.3389689174443964
TPSZ06,DTSZ03,1,0.2727938892316456,0.0,1.2727938892316457
TPSZ06,DTSZ05,2,0.34040433213764615,0.0,2.340404332137646
TPSZ06,DTSZ07,1,0.12788299128720426,0.0,1.1278829912872044
TPSZ06,DTSZ11,1,0.302551851663389,0.0,1.302551851663389
TPSZ06,GLSZ01,1,0.6011509876814101,0.03556555102194779,1.6367165387033578
TPSZ06,GLSZ02,1,0.3108685203179353,0.0772022842887665,1.3880708046067018
TPSZ06,GLSZ03,3,0.8062531510840559,0.0,3.806253151084056
TPSZ06,GLSZ04,1,0.6937179306806176,0.0,1.6937179306806176
TPSZ06,GLSZ05,1,0.6329650937732035,0.0,1.6329650937732034
TPSZ06,HGSZ01,2,0.23856679871000164,0.0,2.2385667987100017
TPSZ06,HGSZ06,1,0.5855520344300861,0.0,1.5855520344300862
TPSZ06,JWSZ03,1,0.27436624938448734,0.0,1.2743662493844874
TPSZ06,JWSZ08,1,0.45376553044675877,0.0,1.4537655304467587
TPSZ06,JWSZ09,1,0.39898066846975444,0.0,1.3989806684697546
TPSZ06,KLSZ01,2,0.7525790039192467,0.255408292625391,3.0079872965446377
TPSZ06,KLSZ07,2,0.5256711414664029,0.0475831050252785,2.5732542464916817
TPSZ06,KLSZ08,1,0.36528592044085695,0.020697649199112128,1.3859835696399692
TPSZ06,KLSZ09,1,0.0847779998915142,0.0,1.0847779998915141
TPSZ06,MPSZ01,1,0.1685374422718949,0.0,1.1685374422718948
TPSZ06,MUSZ01,1,0.12198543998833823,0.0,1.1219854399883382
TPSZ06,NVSZ01,6,1.38599764179426,0.387334260700141,7.773331902494401
TPSZ06,NVSZ02,6,1.0471482806729755,0.4471820780776577,7.494330358750633
TPSZ06,ORSZ02,2,0.4337327817758221,0.0,2.433732781775822
TPSZ06,PGSZ03,1,0.2603275954673369,0.0,1.260327595467337
TPSZ06,PGSZ04,3,0.5202890039108478,0.0,3.5202890039108476
TPSZ06,PLSZ04,1,0.05936117548811598,0.0,1.059361175488116
TPSZ06,PRSZ03,2,0.5483391112727125,0.0,2.5483391112727123
TPSZ06,QTSZ04,2,0.0966492578908058,0.0,2.096649257890806
TPSZ06,QTSZ08,1,0.2724923288648034,0.0,1.2724923288648033
TPSZ06,QTSZ11,2,0.7156469829425102,0.0,2.71564698294251
TPSZ06,QTSZ14,1,0.2399311062135845,0.0,1.2399311062135845
TPSZ06,RCSZ01,2,0.21689729625818585,0.008780912382726144,2.225678208640912
TPSZ06,RCSZ03,1,0.14768356496168886,0.032208516447414424,1.1798920814091032
TPSZ06,SBSZ01,1,0.3200345026413697,0.0,1.3200345026413696
TPSZ06,SBSZ03,1,0.31183817460497854,0.0,1.3118381746049785
TPSZ06,SBSZ06,1,0.14905400946890396,0.0,1.149054009468904
TPSZ06,SESZ02,1,0.3648791593325149,0.0,1.364879159332515
TPSZ06,SESZ03,7,1.0371463670097403,0.0,8.03714636700974
TPSZ06,SESZ05,2,0.3032488688175203,0.0,2.30324886881752
TPSZ06,SGSZ04,2,0.7398427166445422,0.1677553945342728,2.907598111178815
TPSZ06,SGSZ06,1,0.47213658470769015,0.12049446497503861,1.5926310496827287
TPSZ06,SGSZ07,2,0.33482463775675825,0.05066548342288678,2.385490121179645
TPSZ06,SRSZ01,1,0.19373168013966088,0.0,1.193731680139661
TPSZ06,SRSZ02,1,0.0627462011402499,0.0,1.06274620114025
TPSZ06,TMSZ04,2,0.6296603594673995,0.0,2.6296603594673993
TPSZ06,TPSZ01,3,0.5084667746697425,0.2891818627748977,3.7976486374446403
TPSZ06,TPSZ02,4,1.0747330559981878,0.6723306025745776,5.747063658572765
TPSZ06,TPSZ03,3,0.45090516211578596,0.2987794861435366,3.7496846482593225
TPSZ06,TPSZ04,3,0.45694130443974984,0.3086877166172673,3.765629021057017
TPSZ06,TPSZ05,1,0.5946386264952913,1.5635520647035812,3.1581906911988726
TPSZ06,TPSZ06,2,2.1395685029253246,3.191918570931063,7.331487073856389
TPSZ06,TPSZ07,3,0.28522262663399667,2.4491923838001814,5.734415010434178
TPSZ06,TPSZ09,1,0.37213279899614304,0.0650292138398534,1.4371620128359965
TPSZ06,TPSZ12,1,0.3224928151832431,0.012809987654887686,1.3353028028381309
TPSZ06,TSSZ03,1,0.05075989785623136,0.0,1.0507598978562314
TPSZ06,WDSZ02,3,0.43886562305005045,0.0,3.4388656230500505
TPSZ06,WDSZ03,3,0.6655516890646374,0.0,3.665551689064637
TPSZ06,WDSZ04,1,0.21692547587778652,0.0,1.2169254758777865
TPSZ06,WDSZ05,1,0.2566341518714592,0.0,1.2566341518714592
TPSZ06,WDSZ06,1,0.2335503707586609,0.0,1.2335503707586608
TPSZ06,YSSZ04,1,0.253888315254584,0.0,1.253888315254584
TPSZ06,YSSZ09,3,0.710301238953965,0.0,3.710301238953965
TPSZ07,AMSZ02,1,0.09281135143228464,0.0,1.0928113514322846
TPSZ07,BDSZ01,1,0.07714513577316459,0.0,1.0771451357731645
TPSZ07,BDSZ05,1,0.11516241598652101,0.0,1.115162415986521
TPSZ07,BSSZ03,2,0.16586762134259428,0.33651874256035835,2.5023863639029527
TPSZ07,BTSZ03,1,0.035071939972597416,0.0,1.0350719399725974
TPSZ07,DTSZ01,1,0.05651617790611176,0.0,1.0565161779061119
TPSZ07,DTSZ05,1,0.06676968303040513,0.0,1.0667696830304052
TPSZ07,DTSZ08,3,0.028191614006622807,0.0,3.028191614006623
TPSZ07,HGSZ07,1,0.12492249411227507,0.0,1.124922494112275
TPSZ07,JESZ06,1,0.011922630716301182,0.0,1.0119226307163012
TPSZ07,KLSZ02,1,0.07216447377922505,0.019875155005573512,1.0920396287847987
TPSZ07,KLSZ06,1,0.1498875732591964,0.07400993103647989,1.2238975042956763
TPSZ07,KLSZ09,1,0.01162059797608653,0.0,1.0116205979760866
TPSZ07,MPSZ02,1,0.09559585969905714,0.0,1.0955958596990572
TPSZ07,NVSZ01,1,0.37222732065719666,0.15259373112098001,1.5248210517781766
TPSZ07,ORSZ03,1,0.04474875612614028,0.0,1.0447487561261404
TPSZ07,OTSZ03,1,0.08509087683119655,0.0,1.0850908768311966
TPSZ07,PLSZ04,1,0.008451231002660903,0.0,1.008451231002661
TPSZ07,QTSZ10,1,0.06046111397969346,0.0,1.0604611139796936
TPSZ07,QTSZ11,2,0.09072422388210309,0.0,2.090724223882103
TPSZ07,QTSZ14,1,0.04391264957393548,0.0,1.0439126495739355
TPSZ07,SGSZ02,1,0.02632501248650293,0.0,1.0263250124865029
TPSZ07,SGSZ06,1,0.15474218719351987,0.0864783508923832,1.2412205380859032
TPSZ07,TPSZ02,2,0.31217335522956285,0.5204145528585813,2.832587908088144
TPSZ07,TPSZ03,3,0.07505631326270405,0.2411941576863205,3.316250470949025
TPSZ07,TPSZ06,3,0.3104893149510254,3.753413788984715,7.06390310393574
TPSZ07,TPSZ07,1,0.10853684504950924,5.802881044387681,6.911417889437191
TPSZ07,TPSZ12,1,0.07350012057923255,0.012211764959246,1.0857118855384784
TPSZ07,YSSZ04,1,0.1299111102032446,0.0,1.1299111102032446
TPSZ08,AMSZ03,1,0.2051585118015678,0.3208171543144118,1.5259756661159796
TPSZ08,BSSZ01,1,0.40871059802590737,0.0,1.4087105980259074
TPSZ08,CKSZ03,1,0.1902953896778183,0.0,1.1902953896778183
TPSZ08,DTSZ03,1,0.18977183066003034,0.0,1.1897718306600304
TPSZ08,DTSZ05,1,0.10820766261349972,0.0,1.1082076626134998
TPSZ08,DTSZ08,2,0.05486588281585902,0.0,2.054865882815859
TPSZ08,DTSZ11,2,0.10581297033996727,0.0,2.1058129703399673
TPSZ08,JWSZ03,1,0.10886052064633749,0.0,1.1088605206463376
TPSZ08,KLSZ01,2,0.2874534831981457,0.4564714771853663,2.743924960383512
TPSZ08,KLSZ02,1,0.11489385733577927,0.0,1.1148938573357792
TPSZ08,KLSZ07,1,0.12243478692220527,0.07930568984570527,1.2017404767679105
TPSZ08,LKSZ01,1,0.317130657915732,0.0,1.317130657915732
TPSZ08,NTSZ03,1,0.04490509710137462,0.0,1.0449050971013747
TPSZ08,OTSZ03,2,0.26983696365942766,0.0,2.2698369636594276
TPSZ08,PGSZ05,1,0.17378738517498238,0.0,1.1737873851749825
TPSZ08,PNSZ01,1,0.03071091567085501,0.0,1.030710915670855
TPSZ08,QTSZ01,1,0.12525298822656766,0.0,1.1252529882265676
TPSZ08,QTSZ11,1,0.19692872410334752,0.0,1.1969287241033475
TPSZ08,SESZ02,1,0.2456917242706565,0.0,1.2456917242706564
TPSZ08,SESZ04,1,0.30093503779579894,0.0,1.3009350377957989
TPSZ08,TMSZ03,1,0.4049784504446624,0.0,1.4049784504446623
TPSZ08,TPSZ04,1,0.13249894391775047,0.0922796715684224,1.2247786154861728
TPSZ08,TPSZ08,1,0.2434951007745319,0.0,1.2434951007745318
TPSZ08,TPSZ11,1,0.6173825169080014,0.0510891194433826,1.668471636351384
TPSZ09,AMSZ01,1,0.4780306585482949,0.0,1.478030658548295
TPSZ09,BDSZ01,1,0.28565211884197583,0.0,1.2856521188419758
TPSZ09,BKSZ06,1,0.11771468951531049,0.0,1.1177146895153105
TPSZ09,BMSZ01,1,0.2722401723516166,0.0,1.2722401723516166
TPSZ09,BMSZ12,1,0.11633564645652666,0.0,1.1163356464565266
TPSZ09,BMSZ17,1,0.0780558125910099,0.0,1.0780558125910098
TPSZ09,BPSZ04,1,0.2634421869896409,0.0,1.2634421869896408
TPSZ09,BPSZ05,1,0.2357801583846953,0.0,1.2357801583846952
TPSZ09,BSSZ01,1,0.5563851169753027,0.0,1.5563851169753027
TPSZ09,BTSZ05,1,0.06069219383682265,0.0,1.0606921938368226
TPSZ09,CKSZ03,1,0.3187324188977059,0.0,1.3187324188977059
TPSZ09,DTSZ01,1,0.18525514053273323,0.0,1.1852551405327332
TPSZ09,DTSZ02,1,0.1512486312901155,0.0,1.1512486312901156
TPSZ09,DTSZ03,2,0.3542862579962495,0.0,2.3542862579962494
TPSZ09,DTSZ05,1,0.21816431480328552,0.0,1.2181643148032855
TPSZ09,DTSZ07,1,0.06191830602784469,0.0,1.0619183060278448
TPSZ09,DTSZ08,2,0.10713345421505166,0.0,2.1071334542150515
TPSZ09,DTSZ11,2,0.2155959804886869,0.0,2.215595980488687
TPSZ09,GLSZ01,3,0.7362729283703036,0.2543709382935049,3.9906438666638087
TPSZ09,GLSZ04,1,0.618138951013521,0.10722155127257929,1.7253605022861003
TPSZ09,HGSZ05,1,0.39716161060520044,0.0,1.3971616106052005
TPSZ09,JESZ05,1,0.3535876205007701,0.0,1.35358762050077
TPSZ09,JESZ06,1,0.04304210774461955,0.0,1.0430421077446195
TPSZ09,JESZ08,1,0.1300576620942482,0.0,1.1300576620942482
TPSZ09,KLSZ01,3,0.7568616326979765,0.24570235681242913,4.0025639895104055
TPSZ09,KLSZ03,1,0.05749326171255439,0.06678850062454575,1.1242817623371
TPSZ09,KLSZ06,1,0.4012188760708077,0.07493342762992142,1.4761523037007291
TPSZ09,KLSZ08,1,0.24582344310220267,0.02194200137059038,1.267765444472793
TPSZ09,MUSZ01,1,0.07162388129588784,0.0,1.0716238812958878
TPSZ09,NVSZ02,1,0.43179199592524325,0.06717235257314273,1.498964348498386
TPSZ09,ORSZ01,1,0.014793085216209043,0.0,1.014793085216209
TPSZ09,ORSZ02,1,0.3068840625656491,0.0,1.306884062565649
TPSZ09,OTSZ03,4,0.5524253124962846,0.0,4.552425312496284
TPSZ09,OTSZ04,1,0.05667631912347413,0.0,1.056676319123474
TPSZ09,PGSZ03,1,0.17764331285782706,0.0,1.177643312857827
TPSZ09,PGSZ04,1,0.40377065601094664,0.0,1.4037706560109466
TPSZ09,QTSZ08,2,0.5969880260665731,0.0,2.596988026066573
TPSZ09,RCSZ01,2,0.14384805910098986,0.059814175171833614,2.203662234272824
TPSZ09,SBSZ01,1,0.2522427736944307,0.0,1.2522427736944306
TPSZ09,SESZ03,2,0.6976502465223524,0.0,2.697650246522352
TPSZ09,SGSZ04,3,0.6038406578387923,0.20276636973255108,3.8066070275713435
TPSZ09,SGSZ06,6,2.2090576694157305,0.513729638941381,8.722787308357113
TPSZ09,SRSZ02,2,0.0623638343916923,0.0,2.062363834391692
TPSZ09,TPSZ02,1,0.40315037773866447,0.1269478985825033,1.5300982763211677
TPSZ09,TPSZ06,2,0.6712279133996834,0.051741092573838736,2.722969005973522
TPSZ09,TPSZ09,3,0.3740371294804377,7.050472227362552,10.42450935684299
TPSZ09,TPSZ11,2,1.1536633342067155,0.15606576326328048,3.309729097469996
TPSZ10,BPSZ05,1,0.02338236461910401,0.0,1.023382364619104
TPSZ10,BSSZ03,1,0.03257624791094196,0.03727989449998534,1.0698561424109272
TPSZ10,DTSZ03,1,0.03274979888587765,0.0,1.0327497988858776
TPSZ10,DTSZ05,1,0.0141797963985002,0.0,1.0141797963985002
TPSZ10,DTSZ11,1,0.014794945672146021,0.0,1.0147949456721461
TPSZ10,GLSZ04,1,0.07704512095506927,0.03139561809229397,1.1084407390473634
TPSZ10,GLSZ05,1,0.032639834473809075,0.0,1.032639834473809
TPSZ10,QTSZ12,1,0.01783566113277305,0.0,1.017835661132773
TPSZ10,SBSZ08,1,0.023059524053919433,0.0,1.0230595240539195
TPSZ10,SESZ03,1,0.0795848986439919,0.0,1.079584898643992
TPSZ10,SGSZ06,2,0.14560463422565434,0.12198669834631413,2.2675913325719685
TPSZ10,TMSZ03,1,0.06657460020139094,0.0,1.066574600201391
TPSZ10,TPSZ10,2,0.4399725728273326,0.8093018441274272,3.24927441695476
TPSZ11,AMSZ10,1,0.3114207168981255,0.0,1.3114207168981256
TPSZ11,BDSZ05,1,0.5913906374578498,0.0,1.5913906374578497
TPSZ11,BKSZ01,1,0.10409771189237696,0.0,1.104097711892377
TPSZ11,BMSZ01,1,0.35429183177114715,0.0,1.3542918317711472
TPSZ11,BMSZ17,2,0.21388694774585462,0.0,2.2138869477458547
TPSZ11,BSSZ02,1,0.44379931396165073,0.0,1.4437993139616507
TPSZ11,BTSZ06,1,0.10149787849380519,0.0,1.1014978784938052
TPSZ11,CLSZ08,1,0.31100725807533575,0.0,1.3110072580753358
TPSZ11,DTSZ01,1,0.4245527364104924,0.0,1.4245527364104924
TPSZ11,DTSZ02,1,0.20863101417818722,0.0,1.2086310141781873
TPSZ11,DTSZ03,1,0.26711153424174144,0.0,1.2671115342417414
TPSZ11,DTSZ06,1,0.01626816273689095,0.0,1.016268162736891
TPSZ11,DTSZ10,1,0.016362078283178066,0.0,1.0163620782831781
TPSZ11,DTSZ11,3,0.21779824663992445,0.0,3.2177982466399246
TPSZ11,DTSZ12,1,0.13349911757323296,0.0,1.133499117573233
TPSZ11,GLSZ02,1,0.7005142264655083,0.09119949624944793,1.7917137227149562
TPSZ11,GLSZ05,1,0.44930164094181724,0.0637955873636907,1.5130972283055077
TPSZ11,HGSZ03,1,0.34995234640883416,0.0,1.349952346408834
TPSZ11,HGSZ07,1,0.4398376143904023,0.011105442617651024,1.4509430570080535
TPSZ11,KLSZ01,2,0.7183599734601517,0.14586730333095052,2.864227276791102
TPSZ11,KLSZ07,1,0.27127171280530626,0.022420925760219056,1.2936926385655254
TPSZ11,KLSZ08,1,0.4464117550498152,0.022121155548711788,1.468532910598527
TPSZ11,MUSZ01,2,0.12979581736587595,0.0,2.129795817365876
TPSZ11,MUSZ03,3,0.08251941728565464,0.0,3.0825194172856545
TPSZ11,NVSZ02,2,0.9590206827490848,0.0,2.9590206827490846
TPSZ11,NVSZ05,1,0.0,0.0,1.0
TPSZ11,ORSZ03,2,0.3118911807158902,0.0,2.3118911807158904
TPSZ11,OTSZ03,1,0.3805755079893165,0.0,1.3805755079893165
TPSZ11,PGSZ04,1,0.5143389604403759,0.0,1.5143389604403759
TPSZ11,PNSZ02,2,0.0,0.0,2.0
TPSZ11,PNSZ03,1,0.0,0.0,1.0
TPSZ11,QTSZ13,1,0.21137177165667256,0.0,1.2113717716566725
TPSZ11,QTSZ14,1,0.30241810792963786,0.0,1.302418107929638
TPSZ11,RCSZ01,2,0.2175559443019267,0.0,2.217555944301927
TPSZ11,RCSZ10,1,0.18857360044617053,0.0,1.1885736004461704
TPSZ11,SGSZ04,2,0.8232194266040591,0.15298396298246913,2.9762033895865283
TPSZ11,SGSZ06,2,1.7167588514227679,0.20479326955217425,3.921552120974942
TPSZ11,SRSZ03,1,0.18994255187755085,0.0,1.1899425518775508
TPSZ11,TPSZ02,1,0.399650971013224,0.08457327149887153,1.4842242425120955
TPSZ11,TPSZ03,3,0.48110275232340577,0.201103016491421,3.6822057688148266
TPSZ12,AMSZ01,1,0.4083484701883304,0.0,1.4083484701883304
TPSZ12,BDSZ02,1,0.4792337733093449,0.0,1.4792337733093448
TPSZ12,BDSZ04,3,0.7599682082097534,0.0,3.759968208209753
TPSZ12,BMSZ03,1,0.18445766064936137,0.0,1.1844576606493613
TPSZ12,BMSZ04,1,0.11249479193761891,0.0,1.112494791937619
TPSZ12,BMSZ05,2,0.27103163000540825,0.0,2.271031630005408
TPSZ12,BTSZ01,2,0.27870749632335545,0.0,2.2787074963233556
TPSZ12,CKSZ02,1,0.2696946729597121,0.0,1.269694672959712
TPSZ12,DTSZ02,1,0.189625565745285,0.0,1.189625565745285
TPSZ12,DTSZ03,1,0.22874274772879866,0.0,1.2287427477287987
TPSZ12,DTSZ05,1,0.17142081351288377,0.0,1.1714208135128839
TPSZ12,DTSZ11,1,0.1929947822166045,0.0,1.1929947822166045
TPSZ12,GLSZ02,1,0.6002020107362523,0.21809100200877293,1.8182930127450252
TPSZ12,GLSZ03,2,0.7140972340513312,0.2051045957713071,2.919201829822638
TPSZ12,GLSZ04,6,1.7743153193509424,0.7811575684950098,8.555472887845953
TPSZ12,GLSZ05,3,0.7847493498084388,0.21511875230600183,3.9998681021144407
TPSZ12,HGSZ04,1,0.33301339902862537,0.0,1.3330133990286255
TPSZ12,HGSZ06,2,0.7174233689966805,0.14322999287348653,2.860653361870167
TPSZ12,HGSZ07,1,0.4002064510145507,0.003545324831786259,1.403751775846337
TPSZ12,HGSZ08,1,0.37493502101221826,0.2459152783733379,1.620850299385556
TPSZ12,JWSZ05,1,0.07205839689107893,0.0,1.0720583968910788
TPSZ12,JWSZ08,1,0.2510413682236399,0.0,1.2510413682236399
TPSZ12,JWSZ09,1,0.2604803611882809,0.0,1.2604803611882809
TPSZ12,KLSZ01,1,0.4481076035069773,0.06438639883185214,1.5124940023388294
TPSZ12,MPSZ03,1,0.33684189040635854,0.0,1.3368418904063586
TPSZ12,NTSZ03,1,0.0707666733320607,0.0,1.0707666733320607
TPSZ12,NVSZ02,1,0.4498735651457552,0.0,1.4498735651457553
TPSZ12,ORSZ02,1,0.22216188277334267,0.0,1.2221618827733427
TPSZ12,ORSZ03,2,0.2371668713019158,0.0,2.2371668713019157
TPSZ12,OTSZ03,1,0.31113039913319074,0.0,1.3111303991331908
TPSZ12,PGSZ04,1,0.4789417087146468,0.0,1.4789417087146468
TPSZ12,PLSZ04,1,0.10009269810343877,0.20541667048956885,1.3055093685930075
TPSZ12,PRSZ03,1,0.3124448876393179,0.0,1.3124448876393178
TPSZ12,QTSZ08,1,0.22899339736378196,0.0,1.2289933973637819
TPSZ12,QTSZ11,2,0.2554217809376037,0.0,2.2554217809376036
TPSZ12,SESZ02,1,0.391594212874331,0.0,1.391594212874331
TPSZ12,SESZ04,3,0.6877333118502948,0.0,3.6877333118502946
TPSZ12,SESZ06,2,1.1384171806317336,0.0,3.1384171806317336
TPSZ12,SGSZ03,1,0.3847636877344554,0.0,1.3847636877344554
TPSZ12,SGSZ05,1,0.3572793073669009,0.2128856971952484,1.5701650045621494
TPSZ12,SGSZ06,2,0.620179578406616,0.24518149244480872,2.8653610708514248
TPSZ12,TMSZ02,2,1.022775814748231,0.0,3.022775814748231
TPSZ12,TMSZ04,2,0.5465741847957813,0.0,2.5465741847957815
TPSZ12,TMSZ05,1,0.20822496772409743,0.0,1.2082249677240975
TPSZ12,TNSZ02,1,0.12295057912098815,0.0,1.1229505791209882
TPSZ12,TNSZ04,1,0.125321193064289,0.0,1.125321193064289
TPSZ12,TPSZ02,2,0.41515001949599184,0.0,2.415150019495992
TPSZ12,TPSZ04,1,0.14738639371413323,0.018760604634195734,1.166146998348329
TPSZ12,TPSZ06,2,0.34190246522575035,0.00602876619853583,2.3479312314242864
TPSZ12,TPSZ12,3,3.094172913755779,5.434887379561331,11.529060293317109
TPSZ12,WDSZ02,1,0.24869107305924057,0.0,1.2486910730592407
TPSZ12,WDSZ04,2,0.18710289203578967,0.0,2.1871028920357896
TPSZ12,WDSZ06,1,0.2005468245962271,0.0,1.2005468245962272
TPSZ12,YSSZ05,1,0.1281531468493115,0.0,1.1281531468493116
TPSZ12,YSSZ09,3,0.3498940015115424,0.0,3.3498940015115424
TSSZ02,BKSZ03,1,0.1895469717367532,0.0,1.1895469717367533
TSSZ02,BLSZ02,1,0.04156557092385023,0.0,1.0415655709238503
TSSZ02,BMSZ10,1,0.0501132289750842,0.0,1.0501132289750843
TSSZ02,BPSZ03,1,0.2770953557030296,0.0,1.2770953557030296
TSSZ02,CLSZ06,1,0.25902972804454727,0.0,1.2590297280445473
TSSZ02,CLSZ07,1,0.15355822127874252,0.0,1.1535582212787425
TSSZ02,JESZ01,1,0.16292309512457903,0.0,1.162923095124579
TSSZ02,JESZ05,2,0.4833125850237243,0.0,2.4833125850237243
TSSZ02,JWSZ04,1,0.542544730221317,0.0,1.542544730221317
TSSZ02,JWSZ09,1,0.6158882484168625,0.0,1.6158882484168626
TSSZ02,SESZ04,1,1.1372756523583005,0.0,2.1372756523583005
TSSZ02,WDSZ02,1,0.061382654929368834,0.0,1.0613826549293688
TSSZ02,WDSZ09,1,0.02576395726056407,0.0,1.0257639572605641
TSSZ03,BKSZ03,2,0.17426073721765203,0.0,2.174260737217652
TSSZ03,BKSZ04,1,0.09391883167589496,0.0,1.093918831675895
TSSZ03,BKSZ05,2,0.16847566098894887,0.0,2.168475660988949
TSSZ03,BMSZ10,1,0.017228275950935876,0.0,1.017228275950936
TSSZ03,CKSZ03,1,0.19201239306950943,0.0,1.1920123930695095
TSSZ03,CKSZ06,3,0.18348940859228915,0.0,3.183489408592289
TSSZ03,CLSZ04,1,0.11718422611739865,0.0,1.1171842261173985
TSSZ03,GLSZ05,1,0.44860248561019145,0.0,1.4486024856101913
TSSZ03,HGSZ05,1,0.5386698475932026,0.0,1.5386698475932026
TSSZ03,JESZ02,1,0.046484367242314285,0.0,1.0464843672423143
TSSZ03,JWSZ03,2,0.24043333572754721,0.0,2.2404333357275474
TSSZ03,JWSZ04,2,0.5001815819061883,0.0,2.5001815819061886
TSSZ03,JWSZ08,3,0.40645283318713804,0.0,3.406452833187138
TSSZ03,JWSZ09,3,0.5137013004009822,0.0,3.513701300400982
TSSZ03,PRSZ03,1,0.547694064392383,0.0,1.5476940643923829
TSSZ03,QTSZ10,1,0.11202174604165588,0.0,1.112021746041656
TSSZ03,SBSZ01,1,0.07424440777345769,0.0,1.0742444077734576
TSSZ03,SBSZ04,1,0.14981585837869157,0.0,1.1498158583786915
TSSZ03,TSSZ05,1,0.19157081071523197,0.0,1.1915708107152319
TSSZ03,WDSZ02,1,0.02265743077933402,0.0,1.0226574307793341
TSSZ03,WDSZ03,1,0.13889108998357672,0.0,1.1388910899835767
TSSZ03,YSSZ09,1,0.12200930665208269,0.0,1.1220093066520826
TSSZ04,AMSZ02,1,0.013928947967062951,0.0,1.013928947967063
TSSZ04,BDSZ04,1,0.21009837475857251,0.0,1.2100983747585725
TSSZ04,CKSZ04,1,0.032762793484805576,0.0,1.0327627934848056
TSSZ04,CLSZ06,1,0.04089319809554518,0.0,1.0408931980955451
TSSZ04,CLSZ08,1,0.050115770736016994,0.0,1.050115770736017
TSSZ04,JESZ04,1,0.011569574574353444,0.0,1.0115695745743534
TSSZ04,JESZ05,2,0.24399226193852058,0.0,2.2439922619385206
TSSZ04,JWSZ04,1,0.09581664145976303,0.0,1.095816641459763
TSSZ04,JWSZ09,7,0.23008683085407974,0.0,7.23008683085408
TSSZ04,TSSZ03,1,0.07073560613037529,1.0001703287344574,2.0709059348648324
TSSZ05,AMSZ01,1,0.26165684601758515,0.0,1.2616568460175852
TSSZ05,BKSZ02,1,0.21293167442682218,0.0,1.2129316744268221
TSSZ05,BKSZ05,1,0.4245433012678782,0.0,1.424543301267878
TSSZ05,BLSZ02,3,0.15049614035107473,0.0,3.1504961403510747
TSSZ05,BMSZ01,1,0.19497190946511966,0.0,1.1949719094651197
TSSZ05,BMSZ03,1,0.1347161656707513,0.0,1.1347161656707514
TSSZ05,BMSZ08,1,0.07978300187199523,0.0,1.0797830018719952
TSSZ05,BPSZ01,1,0.19463220212415733,0.0,1.1946322021241573
TSSZ05,BPSZ03,1,0.18592960321839297,0.0,1.185929603218393
TSSZ05,BPSZ04,3,0.3270334015806195,0.0,3.3270334015806196
TSSZ05,BPSZ05,1,0.4708684036923911,0.0,1.4708684036923911
TSSZ05,BPSZ06,1,0.19051901301136662,0.0,1.1905190130113665
TSSZ05,BSSZ01,1,0.23711906463901078,0.0,1.237119064639011
TSSZ05,BSSZ03,1,0.33738304134851266,0.0,1.3373830413485126
TSSZ05,BTSZ03,1,0.17742064421597556,0.0,1.1774206442159756
TSSZ05,CKSZ01,1,0.3694949524306979,0.0,1.3694949524306979
TSSZ05,CKSZ03,4,0.9093813593275196,0.0,4.9093813593275195
TSSZ05,CKSZ06,1,0.33845887431508975,0.0,1.3384588743150898
TSSZ05,CLSZ06,1,0.23638750427157024,0.0,1.2363875042715702
TSSZ05,DTSZ02,1,0.4027771152234587,0.0,1.4027771152234587
TSSZ05,GLSZ05,1,0.33432848747785104,0.0,1.3343284874778512
TSSZ05,HGSZ06,2,1.5895248113926017,0.0,3.589524811392602
TSSZ05,JESZ02,3,0.04938619616322751,0.0,3.0493861961632276
TSSZ05,JESZ05,4,0.4462384766817671,0.0,4.446238476681767
TSSZ05,JWSZ03,4,0.5625641787278458,0.0,4.562564178727846
TSSZ05,JWSZ08,2,0.8349045797897885,0.0,2.8349045797897885
TSSZ05,JWSZ09,7,1.0652350342791124,0.0,8.065235034279112
TSSZ05,KLSZ01,1,0.2711562590584772,0.0,1.2711562590584773
TSSZ05,KLSZ02,1,0.14680532185529893,0.0,1.146805321855299
TSSZ05,NVSZ01,1,0.5219202345505808,0.0,1.521920234550581
TSSZ05,PGSZ02,1,0.20571409572454863,0.0,1.2057140957245487
TSSZ05,PGSZ03,1,0.2243556031374538,0.0,1.2243556031374538
TSSZ05,PGSZ04,1,0.4570670625454587,0.0,1.4570670625454587
TSSZ05,PNSZ02,1,0.0,0.0,1.0
TSSZ05,PRSZ03,1,0.5802128161259719,0.0,1.5802128161259719
TSSZ05,QTSZ01,1,0.31992952407805686,0.0,1.3199295240780569
TSSZ05,QTSZ08,1,0.2569316142701465,0.0,1.2569316142701465
TSSZ05,SBSZ01,1,0.3745990235691119,0.0,1.374599023569112
TSSZ05,SESZ03,2,2.1174277679295597,0.0,4.117427767929559
TSSZ05,SESZ04,1,0.46267382586732886,0.0,1.4626738258673289
TSSZ05,SGSZ04,1,0.863566068039757,0.0,1.863566068039757
TSSZ05,SGSZ06,2,1.2788189268708485,0.0,3.2788189268708487
TSSZ05,TPSZ06,1,0.1868736553752476,0.0,1.1868736553752477
TSSZ05,TSSZ05,1,2.7646099920998815,0.0,3.7646099920998815
TSSZ05,TSSZ06,1,0.05704249132320131,0.0,1.0570424913232013
TSSZ05,WDSZ01,2,0.14386621543163602,0.0,2.143866215431636
TSSZ05,WDSZ02,4,2.2608454257519193,0.0,6.260845425751919
TSSZ05,WDSZ03,1,0.3491415274899438,0.0,1.3491415274899439
TSSZ05,YSSZ03,1,0.5719619524881031,0.0,1.571961952488103
TSSZ05,YSSZ08,1,0.10673478608729237,0.0,1.1067347860872925
TSSZ05,YSSZ09,1,0.7590598273380547,0.0,1.7590598273380547
TSSZ06,AMSZ06,1,0.2685528236569087,0.0,1.2685528236569086
TSSZ06,BPSZ05,1,0.074627554902184,0.0,1.074627554902184
TSSZ06,CKSZ06,1,0.04519640784272016,0.0,1.04519640784272
TSSZ06,CLSZ03,1,0.12793913226789838,0.0,1.1279391322678984
TSSZ06,JESZ03,1,0.09698175369905328,0.0,1.0969817536990534
TSSZ06,JESZ05,3,0.4217273603280039,0.0,3.421727360328004
TSSZ06,JWSZ02,1,0.11598623229318343,0.0,1.1159862322931835
TSSZ06,JWSZ03,1,0.10126412319784288,0.0,1.1012641231978428
TSSZ06,JWSZ08,2,0.09307849941473076,0.0,2.0930784994147307
TSSZ06,JWSZ09,2,0.1699805216345343,0.0,2.1699805216345345
TSSZ06,PGSZ03,1,0.056280033016023336,0.0,1.0562800330160234
TSSZ06,RCSZ01,1,0.09051077548286438,0.0,1.0905107754828645
TSSZ06,SBSZ03,1,0.3076594859303338,0.0,1.3076594859303339
TSSZ06,SESZ06,1,0.2980350770994321,0.0,1.2980350770994322
TSSZ06,WDSZ03,1,0.3992528490371847,0.0,1.3992528490371847
TSSZ06,YSSZ09,1,0.33292737019550117,0.0,1.3329273701955011
WCSZ01,AMSZ02,1,0.39729674862910636,0.0,1.3972967486291064
WCSZ01,AMSZ05,1,0.3702681868890952,0.0,1.3702681868890951
WCSZ01,AMSZ09,1,0.20940734551715443,0.0,1.2094073455171543
WCSZ01,BDSZ01,2,0.5688905533336762,0.0,2.5688905533336763
WCSZ01,BDSZ04,3,1.5445638429662774,0.0,4.544563842966277
WCSZ01,BDSZ05,1,1.062162478074607,0.0,2.0621624780746073
WCSZ01,BKSZ02,2,0.35454326080453213,0.0,2.3545432608045322
WCSZ01,BKSZ03,2,1.3065415716032907,0.0,3.3065415716032907
WCSZ01,BKSZ04,1,0.31429763166091707,0.0,1.3142976316609172
WCSZ01,BKSZ05,1,0.9160304465094606,0.0,1.9160304465094606
WCSZ01,BLSZ02,3,0.31813408806625304,0.0,3.318134088066253
WCSZ01,BMSZ07,3,1.0484091331323153,0.0,4.048409133132315
WCSZ01,BMSZ09,1,0.06577726939182217,0.0,1.0657772693918222
WCSZ01,BMSZ13,1,0.27160616947803884,0.0,1.271606169478039
WCSZ01,BMSZ15,1,0.1615161602333222,0.0,1.1615161602333222
WCSZ01,BPSZ01,1,0.31361783285367595,0.0,1.313617832853676
WCSZ01,BPSZ03,2,0.7417929377244501,0.0,2.7417929377244503
WCSZ01,BPSZ06,1,0.3083277082374364,0.0,1.3083277082374365
WCSZ01,BSSZ01,2,0.8604463683904467,0.0,2.8604463683904466
WCSZ01,BSSZ02,1,0.4738132166035367,0.0,1.4738132166035367
WCSZ01,BTSZ01,1,0.5509791856283284,0.0,1.5509791856283284
WCSZ01,BTSZ02,2,0.2554362701085349,0.0,2.255436270108535
WCSZ01,BTSZ07,1,0.2437022188474689,0.0,1.243702218847469
WCSZ01,CKSZ01,1,0.585388867040595,0.0,1.585388867040595
WCSZ01,CKSZ02,3,1.594588521298087,0.0,4.594588521298087
WCSZ01,CKSZ03,6,1.1731043999877615,0.0,7.1731043999877615
WCSZ01,CKSZ04,1,0.4956329845162268,0.0,1.4956329845162268
WCSZ01,CKSZ06,6,0.3049155721638986,0.0,6.304915572163899
WCSZ01,CLSZ04,1,0.35919646166233554,0.0,1.3591964616623355
WCSZ01,CLSZ06,1,0.3882407607922043,0.0,1.3882407607922043
WCSZ01,CLSZ07,1,0.2474591927125055,0.0,1.2474591927125056
WCSZ01,CLSZ08,1,0.26985876163436806,0.0,1.2698587616343682
WCSZ01,DTSZ05,1,0.39531006903027677,0.0,1.3953100690302769
WCSZ01,GLSZ04,2,0.6035803728115952,0.0,2.603580372811595
WCSZ01,GLSZ05,1,0.5976064596330563,0.0,1.5976064596330564
WCSZ01,HGSZ01,1,0.36277569204098226,0.0,1.3627756920409824
WCSZ01,HGSZ04,3,0.33117449950335104,0.0,3.331174499503351
WCSZ01,HGSZ06,1,0.5442765187187302,0.0,1.5442765187187302
WCSZ01,HGSZ07,1,0.34994449847045067,0.0,1.3499444984704507
WCSZ01,HGSZ08,1,0.47323737941515137,0.0,1.4732373794151514
WCSZ01,JESZ01,1,0.43587346567617197,0.0,1.435873465676172
WCSZ01,JESZ05,2,1.0925807104370346,0.0,3.0925807104370344
WCSZ01,JESZ08,2,0.37468449428467215,0.0,2.374684494284672
WCSZ01,JWSZ01,1,0.1765759094996835,0.0,1.1765759094996835
WCSZ01,JWSZ02,3,0.7885972230818166,0.0,3.7885972230818163
WCSZ01,JWSZ03,6,2.392759424416307,0.0,8.392759424416306
WCSZ01,JWSZ08,6,2.4523393368831323,0.0,8.452339336883131
WCSZ01,JWSZ09,30,3.50755413227799,0.0,33.50755413227799
WCSZ01,KLSZ05,1,0.2790093629868586,0.0,1.2790093629868586
WCSZ01,KLSZ06,1,0.41413742394886915,0.0,1.414137423948869
WCSZ01,KLSZ08,1,0.4460753392870752,0.0,1.4460753392870753
WCSZ01,NVSZ01,1,0.909168731684975,0.0,1.909168731684975
WCSZ01,NVSZ02,1,0.7906160680498504,0.0,1.7906160680498504
WCSZ01,ORSZ03,1,0.5441967480616261,0.0,1.544196748061626
WCSZ01,OTSZ01,1,0.05922521216059709,0.0,1.0592252121605972
WCSZ01,OTSZ03,1,0.6733994980059542,0.0,1.6733994980059541
WCSZ01,PGSZ02,1,0.3798000615822461,0.0,1.379800061582246
WCSZ01,PNSZ02,1,0.0,0.0,1.0
WCSZ01,PRSZ02,1,0.8108974105622038,0.0,1.8108974105622038
WCSZ01,PRSZ03,2,2.2289160351430133,0.0,4.228916035143014
WCSZ01,PRSZ05,1,0.8601033875633736,0.0,1.8601033875633735
WCSZ01,QTSZ08,1,0.41785767882893704,0.0,1.417857678828937
WCSZ01,RCSZ05,1,0.09886341762018924,0.0,1.0988634176201892
WCSZ01,SBSZ03,3,0.776617913474553,0.0,3.776617913474553
WCSZ01,SBSZ04,1,0.513603608302574,0.0,1.513603608302574
WCSZ01,SESZ03,1,0.3674155884251902,0.0,1.3674155884251902
WCSZ01,SESZ04,1,0.5553042638617334,0.0,1.5553042638617334
WCSZ01,SGSZ03,3,0.9339910838886984,0.0,3.9339910838886984
WCSZ01,SGSZ07,1,0.1502780858118157,0.0,1.1502780858118158
WCSZ01,SISZ01,1,0.4878078099178625,0.0,1.4878078099178624
WCSZ01,TMSZ01,1,1.3097932861803816,0.0,2.3097932861803816
WCSZ01,TMSZ02,3,2.517762185458081,0.0,5.517762185458081
WCSZ01,TMSZ03,1,1.27394595088964,0.0,2.2739459508896402
WCSZ01,TMSZ04,1,0.42787168106787715,0.0,1.427871681067877
WCSZ01,TPSZ03,1,0.17632285125110572,0.0,1.1763228512511057
WCSZ01,TPSZ05,1,0.16209782012586665,0.0,1.1620978201258667
WCSZ01,WCSZ01,7,2.744033689530829,16.00272525975132,25.746758949282146
WCSZ01,WDSZ01,1,0.1238671336127053,0.0,1.1238671336127053
WCSZ01,WDSZ02,3,0.7567917357276169,0.0,3.756791735727617
WCSZ01,WDSZ03,3,1.1581304405610242,0.0,4.158130440561024
WCSZ01,WDSZ04,1,0.38126416293816856,0.0,1.3812641629381686
WCSZ01,WDSZ05,4,0.5841782816221361,0.0,4.584178281622136
WCSZ01,WDSZ06,2,0.47722231511408203,0.0,2.477222315114082
WCSZ01,YSSZ01,1,0.3598481713312439,0.0,1.3598481713312438
WCSZ01,YSSZ02,1,0.32204009589327265,0.0,1.3220400958932728
WCSZ01,YSSZ03,2,0.7173787876684119,0.0,2.717378787668412
WCSZ01,YSSZ04,1,0.4817128232254433,0.0,1.4817128232254433
WCSZ01,YSSZ09,4,1.3736375259378832,0.0,5.373637525937883
WDSZ01,AMSZ02,1,0.1696799149831084,0.0,1.1696799149831083
WDSZ01,AMSZ03,1,0.11536759806882163,0.0,1.1153675980688216
WDSZ01,AMSZ06,1,0.24597998838367766,0.0,1.2459799883836777
WDSZ01,AMSZ08,1,0.04533561158795094,0.0,1.0453356115879509
WDSZ01,BDSZ04,1,0.11754172335471241,0.0,1.1175417233547125
WDSZ01,BKSZ07,1,0.18552775508882152,0.0,1.1855277550888215
WDSZ01,BMSZ06,1,0.3955196137675271,0.0,1.3955196137675272
WDSZ01,BMSZ12,1,0.1095456415104223,0.0,1.1095456415104223
WDSZ01,BPSZ01,1,0.04367342290732777,0.0,1.0436734229073277
WDSZ01,BPSZ04,1,0.18129783919688883,0.0,1.181297839196889
WDSZ01,BPSZ05,1,0.21059682013074052,0.0,1.2105968201307404
WDSZ01,BSSZ03,1,0.17480606444836294,0.0,1.1748060644483629
WDSZ01,BTSZ01,1,0.20468960519291193,0.0,1.204689605192912
WDSZ01,BTSZ05,1,0.03584357643148301,0.0,1.035843576431483
WDSZ01,CKSZ02,1,0.1620530116124253,0.0,1.1620530116124252
WDSZ01,CKSZ03,1,0.2572974952193351,0.0,1.2572974952193352
WDSZ01,CKSZ04,1,0.17852036894606318,0.0,1.1785203689460633
WDSZ01,CKSZ06,3,0.19665279075499315,0.0,3.1966527907549933
WDSZ01,CLSZ01,2,0.10451680324056487,0.0,2.104516803240565
WDSZ01,CLSZ03,1,0.20070721491217083,0.0,1.200707214912171
WDSZ01,DTSZ03,1,0.17240238120512924,0.0,1.1724023812051292
WDSZ01,GLSZ03,1,0.15562716270757007,0.0,1.15562716270757
WDSZ01,HGSZ04,1,0.15741476650807495,0.0,1.157414766508075
WDSZ01,JESZ05,3,0.25906463091007303,0.0,3.259064630910073
WDSZ01,JWSZ08,1,0.30118982793374766,0.0,1.3011898279337477
WDSZ01,JWSZ09,1,0.26127274466793404,0.0,1.261272744667934
WDSZ01,MSSZ01,1,0.0,0.0,1.0
WDSZ01,NVSZ01,1,0.2981886864677387,0.0,1.2981886864677388
WDSZ01,ORSZ02,1,0.1545211180836891,0.0,1.1545211180836892
WDSZ01,OTSZ03,2,0.2970901721415837,0.0,2.2970901721415835
WDSZ01,PGSZ02,3,0.2836404658239771,0.0,3.2836404658239773
WDSZ01,PGSZ03,1,0.12261217460969642,0.0,1.1226121746096964
WDSZ01,PNSZ03,1,0.0,0.0,1.0
WDSZ01,QTSZ05,1,0.1875403708616723,0.0,1.1875403708616723
WDSZ01,QTSZ11,1,0.04195906649175376,0.0,1.0419590664917537
WDSZ01,QTSZ13,1,0.12124838416888083,0.0,1.1212483841688807
WDSZ01,SBSZ01,1,0.15336397131045867,0.0,1.1533639713104586
WDSZ01,SBSZ03,2,0.3016790410982182,0.0,2.301679041098218
WDSZ01,SESZ03,1,0.27137077697433853,0.0,1.2713707769743385
WDSZ01,SESZ06,1,0.2499623007290033,0.0,1.2499623007290033
WDSZ01,SGSZ06,2,0.1956752069938398,0.0,2.19567520699384
WDSZ01,SKSZ04,1,0.06196240063971934,0.0,1.0619624006397193
WDSZ01,TMSZ02,1,0.2717375956401193,0.0,1.2717375956401193
WDSZ01,TMSZ03,2,0.31582024104189876,0.0,2.315820241041899
WDSZ01,TPSZ02,1,0.18170795999958994,0.0,1.1817079599995899
WDSZ01,TPSZ03,1,0.0542300271950526,0.0,1.0542300271950527
WDSZ01,TSSZ05,1,0.17430150993727575,0.0,1.1743015099372758
WDSZ01,WCSZ01,1,0.15763647918003684,0.0,1.1576364791800369
WDSZ01,WDSZ01,3,1.082218330917295,24.026785951945246,28.109004282862543
WDSZ01,WDSZ02,15,0.6818632363200533,2.753789660534916,18.435652896854968
WDSZ01,WDSZ03,25,2.582050705035287,2.6006431801868186,30.182693885222104
WDSZ01,WDSZ04,12,1.0343544798029791,4.809457310382311,17.84381179018529
WDSZ01,WDSZ05,7,0.33097933741608143,1.35773734381221,8.688716681228293
WDSZ01,WDSZ06,9,0.9220342108778198,3.8008659199267587,13.722900130804579
WDSZ01,WDSZ07,1,0.023651889485428294,0.13424102258217385,1.1578929120676023
WDSZ01,WDSZ08,2,0.08662987288930192,0.10161860417546947,2.1882484770647714
WDSZ01,WDSZ09,8,0.23882854271864157,0.42591856871763295,8.664747111436274
WDSZ01,YSSZ01,2,0.1588060774083445,0.0,2.1588060774083444
WDSZ01,YSSZ03,1,0.26469971165685147,0.0,1.2646997116568515
WDSZ01,YSSZ04,2,0.4784432579947274,0.0,2.4784432579947273
WDSZ01,YSSZ05,1,0.057592435769995225,0.0,1.0575924357699953
WDSZ01,YSSZ06,1,0.023602765135776457,0.0,1.0236027651357764
WDSZ01,YSSZ08,2,0.0895972538338366,0.0,2.0895972538338365
WDSZ01,YSSZ09,2,0.4062755696722645,0.0,2.4062755696722644
WDSZ02,AMSZ01,4,1.036138165552972,0.0,5.036138165552972
WDSZ02,BDSZ01,2,0.5530242336619495,0.0,2.5530242336619495
WDSZ02,BDSZ04,1,0.2480133082890191,0.0,1.248013308289019
WDSZ02,BDSZ06,1,0.5108682312479742,0.0,1.5108682312479742
WDSZ02,BKSZ01,1,0.14352451212584003,0.0,1.14352451212584
WDSZ02,BKSZ09,1,0.2601445079906273,0.0,1.2601445079906273
WDSZ02,BMSZ08,1,0.16732831781286464,0.0,1.1673283178128646
WDSZ02,BMSZ09,1,0.08205322222249227,0.0,1.0820532222224923
WDSZ02,BMSZ15,1,0.10711116495643533,0.0,1.1071111649564354
WDSZ02,BMSZ17,2,0.19726159314372685,0.0,2.1972615931437267
WDSZ02,BPSZ02,1,0.18606459102577874,0.0,1.1860645910257788
WDSZ02,BPSZ04,2,0.3898153195460474,0.0,2.3898153195460474
WDSZ02,BPSZ05,1,0.3585531573410907,0.0,1.3585531573410907
WDSZ02,BSSZ01,1,0.44974013597749934,0.0,1.4497401359774993
WDSZ02,BTSZ01,1,0.38067200581453686,0.0,1.380672005814537
WDSZ02,CHSZ03,3,3.190568737503896,0.0,6.190568737503896
WDSZ02,CKSZ03,6,1.0791126468949341,0.0,7.079112646894934
WDSZ02,CKSZ06,2,0.46119779263286265,0.0,2.4611977926328628
WDSZ02,CLSZ06,1,0.2916712436262696,0.0,1.2916712436262696
WDSZ02,DTSZ01,1,0.35593145015810695,0.0,1.355931450158107
WDSZ02,DTSZ02,2,1.10532686752908,0.0,3.10532686752908
WDSZ02,DTSZ03,2,0.6899264205583493,0.0,2.6899264205583493
WDSZ02,DTSZ05,5,1.1302162431934222,0.0,6.130216243193422
WDSZ02,DTSZ08,1,0.19508867116752296,0.0,1.195088671167523
WDSZ02,DTSZ11,1,0.2817179310332489,0.0,1.281717931033249
WDSZ02,GLSZ05,2,0.7767062209082588,0.0,2.7767062209082587
WDSZ02,HGSZ06,1,0.4688789145148594,0.0,1.4688789145148595
WDSZ02,HGSZ08,1,0.2788705761004615,0.0,1.2788705761004615
WDSZ02,JESZ05,4,1.1467222077297965,0.0,5.1467222077297965
WDSZ02,JESZ06,1,0.1095657678929906,0.0,1.1095657678929907
WDSZ02,JWSZ04,1,0.4107023882817597,0.0,1.4107023882817598
WDSZ02,JWSZ08,2,0.9406719892251232,0.0,2.940671989225123
WDSZ02,KLSZ03,1,0.0665316800029684,0.0,1.0665316800029685
WDSZ02,NTSZ03,1,0.09542191744019421,0.0,1.0954219174401942
WDSZ02,NVSZ02,1,0.6185279932173361,0.0,1.6185279932173362
WDSZ02,NVSZ03,1,0.11682715129288422,0.0,1.1168271512928842
WDSZ02,ORSZ02,2,0.5374865652466064,0.0,2.5374865652466063
WDSZ02,ORSZ03,1,0.22512500713097156,0.0,1.2251250071309716
WDSZ02,OTSZ01,1,0.055042582250262206,0.0,1.0550425822502623
WDSZ02,OTSZ03,2,0.7778167938741082,0.0,2.7778167938741083
WDSZ02,PGSZ02,1,0.2658183735609288,0.0,1.2658183735609287
WDSZ02,PGSZ03,2,0.38085268346198925,0.0,2.380852683461989
WDSZ02,PGSZ04,2,0.8383991436708231,0.0,2.838399143670823
WDSZ02,PNSZ02,2,0.0,0.0,2.0
WDSZ02,PRSZ03,1,0.38861282336018754,0.0,1.3886128233601875
WDSZ02,QTSZ07,1,0.0,0.0,1.0
WDSZ02,QTSZ08,7,0.9217115364136441,0.0,7.921711536413644
WDSZ02,QTSZ10,1,0.3131582921404204,0.0,1.3131582921404203
WDSZ02,QTSZ13,1,0.27699442847714073,0.0,1.2769944284771406
WDSZ02,RCSZ01,1,0.1617349170621053,0.0,1.1617349170621054
WDSZ02,RCSZ10,1,0.16908963112765613,0.0,1.1690896311276562
WDSZ02,SBSZ01,1,0.6560651499854997,0.0,1.6560651499854997
WDSZ02,SBSZ02,1,0.4710940213663802,0.0,1.4710940213663801
WDSZ02,SBSZ03,8,1.572848848580862,3.7758467839393894,13.34869563252025
WDSZ02,SBSZ04,2,0.9590713977411235,1.1430144009000434,4.102085798641166
WDSZ02,SBSZ08,2,0.33862786337067036,0.0,2.3386278633706703
WDSZ02,SESZ03,3,0.8618907142921967,0.0,3.8618907142921968
WDSZ02,SKSZ01,1,0.3961918946766187,0.0,1.3961918946766187
WDSZ02,SKSZ03,1,0.12121543185206536,0.0,1.1212154318520653
WDSZ02,SKSZ05,1,0.0,0.0,1.0
WDSZ02,SLSZ01,1,0.2621814190939485,0.0,1.2621814190939484
WDSZ02,SRSZ02,1,0.09788306977730632,0.0,1.0978830697773063
WDSZ02,TMSZ03,2,1.28496490526793,0.0,3.28496490526793
WDSZ02,TMSZ04,3,0.8863749208845381,0.0,3.886374920884538
WDSZ02,TNSZ02,1,0.15225176011561253,0.0,1.1522517601156126
WDSZ02,TNSZ03,1,0.03206685753745245,0.0,1.0320668575374525
WDSZ02,TPSZ01,1,0.19391563769504142,0.0,1.1939156376950415
WDSZ02,TPSZ03,1,0.1648807809852057,0.0,1.1648807809852058
WDSZ02,TPSZ04,1,0.09998478599387924,0.0,1.0999847859938792
WDSZ02,TPSZ06,1,0.3444618079054474,0.0,1.3444618079054473
WDSZ02,TSSZ03,1,0.06288520458086588,0.0,1.0628852045808659
WDSZ02,TSSZ05,2,1.2064229081464661,0.0,3.2064229081464664
WDSZ02,WCSZ01,2,0.6557382129598759,0.0,2.655738212959876
WDSZ02,WDSZ01,13,0.6930590455863517,2.5866238760998086,16.27968292168616
WDSZ02,WDSZ02,9,3.0554928334537177,14.90950242838114,26.964995261834858
WDSZ02,WDSZ03,14,2.7706145228875863,5.287944214153243,22.05855873704083
WDSZ02,WDSZ05,4,0.8723168532153711,1.7616085614361665,6.633925414651538
WDSZ02,WDSZ06,7,0.8943400456239381,5.088777897007664,12.983117942631601
WDSZ02,WDSZ09,4,0.5621547989278679,0.45635161952611975,5.018506418453987
WDSZ02,YSSZ01,2,0.4299534923769171,0.0,2.4299534923769173
WDSZ02,YSSZ02,1,0.3339703340083061,0.0,1.3339703340083062
WDSZ02,YSSZ03,1,0.5378994007629787,0.0,1.5378994007629787
WDSZ02,YSSZ04,1,0.450161852587949,0.0,1.450161852587949
WDSZ02,YSSZ05,2,0.27845799234242163,0.0,2.2784579923424215
WDSZ02,YSSZ09,16,2.108221180018453,0.0,18.108221180018454
WDSZ03,AMSZ01,4,1.3878808193730072,0.0,5.387880819373008
WDSZ03,AMSZ02,7,0.5963827926342987,0.0,7.596382792634299
WDSZ03,AMSZ10,6,0.7399811799918686,0.0,6.739981179991869
WDSZ03,AMSZ12,3,0.2528074792362564,0.0,3.2528074792362562
WDSZ03,BDSZ01,2,0.7707045751313205,0.0,2.7707045751313206
WDSZ03,BDSZ03,1,0.5953728926149497,0.0,1.5953728926149497
WDSZ03,BDSZ04,1,0.34805142977992654,0.0,1.3480514297799266
WDSZ03,BKSZ02,1,0.1782240702523418,0.0,1.1782240702523419
WDSZ03,BKSZ04,2,0.39602577039030123,0.0,2.396025770390301
WDSZ03,BKSZ05,3,1.7644645893286866,0.0,4.7644645893286866
WDSZ03,BKSZ06,1,0.12774106673067046,0.0,1.1277410667306704
WDSZ03,BKSZ08,1,0.08056010025300606,0.0,1.080560100253006
WDSZ03,BKSZ09,1,0.32911008554118715,0.0,1.329110085541187
WDSZ03,BLSZ02,2,0.3744395685877031,0.0,2.374439568587703
WDSZ03,BMSZ02,1,0.32881010123825705,0.0,1.3288101012382572
WDSZ03,BMSZ05,3,0.974005659264547,0.0,3.974005659264547
WDSZ03,BMSZ06,1,0.3425505599801662,0.0,1.3425505599801661
WDSZ03,BMSZ07,2,0.8796842282119106,0.0,2.879684228211911
WDSZ03,BMSZ12,1,0.3787810094778645,0.0,1.3787810094778645
WDSZ03,BMSZ17,1,0.14927524559486235,0.0,1.1492752455948623
WDSZ03,BPSZ04,2,0.6534020948918786,0.0,2.6534020948918786
WDSZ03,BSSZ01,2,1.0530959605736483,0.0,3.053095960573648
WDSZ03,BSSZ02,1,0.5370625794128884,0.0,1.5370625794128885
WDSZ03,BSSZ03,1,0.5546743405150965,0.0,1.5546743405150965
WDSZ03,BTSZ01,5,1.153825977759209,0.0,6.153825977759209
WDSZ03,BTSZ03,1,0.17352238128102956,0.0,1.1735223812810296
WDSZ03,CCSZ01,1,0.18995742722800335,0.0,1.1899574272280034
WDSZ03,CHSZ02,1,0.16384509655776602,0.0,1.163845096557766
WDSZ03,CHSZ03,3,3.2000434631944565,0.0,6.200043463194456
WDSZ03,CKSZ02,1,0.7306004412441339,0.0,1.730600441244134
WDSZ03,CKSZ03,4,1.6824916473825586,0.0,5.682491647382559
WDSZ03,CKSZ04,1,0.34758096744450884,0.0,1.3475809674445087
WDSZ03,CKSZ06,1,0.5563606359914498,0.0,1.55636063599145
WDSZ03,CLSZ01,1,0.17295263286417265,0.0,1.1729526328641726
WDSZ03,DTSZ01,6,0.25769549205639525,0.0,6.257695492056396
WDSZ03,DTSZ02,5,2.226082683690838,0.0,7.226082683690838
WDSZ03,DTSZ03,7,3.0386323443292325,0.0,10.038632344329233
WDSZ03,DTSZ05,8,0.819466855829244,0.0,8.819466855829244
WDSZ03,DTSZ08,4,0.4699672730259954,0.0,4.469967273025995
WDSZ03,DTSZ09,1,0.18625375568882013,0.0,1.1862537556888202
WDSZ03,DTSZ11,1,0.5702063257034573,0.0,1.5702063257034573
WDSZ03,DTSZ12,3,0.4009324820061179,0.0,3.4009324820061178
WDSZ03,GLSZ01,1,0.4601909375062815,0.0,1.4601909375062814
WDSZ03,GLSZ04,1,0.5026085308178909,0.0,1.502608530817891
WDSZ03,GLSZ05,3,1.2777242150116863,0.0,4.277724215011686
WDSZ03,HGSZ03,1,0.4262736792294455,0.0,1.4262736792294455
WDSZ03,HGSZ04,1,0.4888680524972488,0.0,1.4888680524972489
WDSZ03,HGSZ06,3,1.3459666312789498,0.0,4.34596663127895
WDSZ03,HGSZ08,2,0.5964269448188214,0.0,2.5964269448188215
WDSZ03,HGSZ09,1,0.02446594902313734,0.0,1.0244659490231374
WDSZ03,JESZ05,4,1.0060785941207915,0.0,5.006078594120791
WDSZ03,JWSZ04,1,0.6580616675249322,0.0,1.6580616675249322
WDSZ03,JWSZ05,1,0.07183907676724471,0.0,1.0718390767672448
WDSZ03,JWSZ06,1,0.1479554172085982,0.0,1.1479554172085982
WDSZ03,JWSZ08,1,0.9235748715368731,0.0,1.9235748715368732
WDSZ03,JWSZ09,1,0.6557283519415387,0.0,1.6557283519415387
WDSZ03,KLSZ01,1,0.7868547298587426,0.0,1.7868547298587427
WDSZ03,KLSZ07,2,0.6622478273593307,0.0,2.6622478273593306
WDSZ03,KLSZ08,3,0.7357734692037482,0.0,3.7357734692037483
WDSZ03,LKSZ01,1,0.20857236345277863,0.0,1.2085723634527787
WDSZ03,MUSZ01,1,0.18748160949596385,0.0,1.187481609495964
WDSZ03,MUSZ03,5,0.13332540035364204,0.0,5.133325400353642
WDSZ03,NTSZ03,3,0.22884194356170942,0.0,3.2288419435617093
WDSZ03,NVSZ01,1,0.94105101563623,0.0,1.94105101563623
WDSZ03,NVSZ02,7,1.1263094395767543,0.0,8.126309439576755
WDSZ03,ORSZ02,5,0.8283459396165653,0.0,5.8283459396165656
WDSZ03,ORSZ03,2,0.3338589957214666,0.0,2.3338589957214664
WDSZ03,OTSZ03,6,0.6532872260826311,0.0,6.6532872260826315
WDSZ03,PGSZ04,1,0.7387743145772185,0.0,1.7387743145772185
WDSZ03,PLSZ04,1,0.04998799387802641,0.0,1.0499879938780263
WDSZ03,PNSZ02,2,0.0,0.0,2.0
WDSZ03,PRSZ03,1,0.6869583661315362,0.0,1.6869583661315362
WDSZ03,PRSZ06,1,0.13356974951567763,0.0,1.1335697495156776
WDSZ03,QTSZ02,1,0.23214056257644636,0.0,1.2321405625764463
WDSZ03,QTSZ05,1,0.39976423226323315,0.0,1.399764232263233
WDSZ03,QTSZ08,11,0.9412473751700591,0.0,11.94124737517006
WDSZ03,QTSZ09,1,0.04261729638859832,0.0,1.0426172963885982
WDSZ03,QTSZ10,2,0.43408349291245363,0.0,2.4340834929124537
WDSZ03,QTSZ11,5,0.5868369094138092,0.0,5.586836909413809
WDSZ03,QTSZ12,3,0.24204692374092593,0.0,3.2420469237409257
WDSZ03,QTSZ14,1,0.3778177212385406,0.0,1.3778177212385407
WDSZ03,RCSZ01,2,0.2203664638760616,0.0,2.2203664638760614
WDSZ03,RCSZ03,1,0.09890032137010231,0.0,1.0989003213701023
WDSZ03,RCSZ10,1,0.2647937464244416,0.0,1.2647937464244416
WDSZ03,SBSZ02,1,1.00251397444882,0.3228675386608159,2.325381513109636
WDSZ03,SBSZ03,6,1.7040426797489074,2.4041674598007887,10.108210139549696
WDSZ03,SBSZ04,1,1.0972316427102977,0.581326346186787,2.6785579888970847
WDSZ03,SBSZ06,1,0.21467999894314074,0.0,1.2146799989431407
WDSZ03,SBSZ08,1,0.36524966336045556,0.0,1.3652496633604556
WDSZ03,SBSZ09,4,1.7642796948529114,3.0886755287851733,8.852955223638084
WDSZ03,SESZ03,2,0.6517925437457178,0.0,2.6517925437457177
WDSZ03,SESZ05,1,0.3877006267833411,0.0,1.3877006267833412
WDSZ03,SGSZ02,3,0.33399072785117806,0.0,3.333990727851178
WDSZ03,SGSZ03,1,0.6902605401670635,0.0,1.6902605401670634
WDSZ03,SGSZ04,1,0.7414580532142089,0.0,1.7414580532142088
WDSZ03,SGSZ06,2,0.43061618706199234,0.0,2.4306161870619922
WDSZ03,SISZ01,1,0.27691440739547574,0.0,1.2769144073954757
WDSZ03,SKSZ01,4,0.7016044673073965,0.0,4.701604467307396
WDSZ03,SKSZ03,1,0.14226638851954873,0.0,1.1422663885195488
WDSZ03,SRSZ02,1,0.09473668151281753,0.0,1.0947366815128174
WDSZ03,SRSZ03,1,0.19948470004774552,0.0,1.1994847000477455
WDSZ03,TMSZ01,1,0.6006802038930743,0.0,1.6006802038930743
WDSZ03,TMSZ02,4,1.7775679202464245,0.0,5.777567920246424
WDSZ03,TMSZ03,1,0.8223547034482352,0.0,1.8223547034482352
WDSZ03,TMSZ04,1,0.2996453939459551,0.0,1.2996453939459551
WDSZ03,TNSZ02,1,0.1231523318846269,0.0,1.1231523318846268
WDSZ03,TPSZ02,6,0.9198981074488953,0.0,6.919898107448895
WDSZ03,TPSZ03,1,0.13918810483612182,0.0,1.1391881048361219
WDSZ03,TPSZ06,6,0.7999249457237655,0.0,6.799924945723766
WDSZ03,TPSZ07,1,0.08205727405460986,0.0,1.08205727405461
WDSZ03,TPSZ12,2,0.34835496126277304,0.0,2.348354961262773
WDSZ03,TSSZ03,2,0.11150164106222515,0.0,2.111501641062225
WDSZ03,TSSZ05,3,1.0843143845313716,0.0,4.084314384531371
WDSZ03,TSSZ06,1,0.035608369537054034,0.0,1.035608369537054
WDSZ03,WCSZ01,5,1.0976161276426595,0.0,6.0976161276426595
WDSZ03,WDSZ01,22,0.9050993908616829,1.5591910125280992,24.464290403389782
WDSZ03,WDSZ02,24,4.523192728758585,5.5112342775012335,34.03442700625982
WDSZ03,WDSZ03,40,7.8670662216820455,90.19141282978151,138.05847905146356
WDSZ03,WDSZ04,13,2.4777892590242367,7.048989060882886,22.526778319907123
WDSZ03,WDSZ05,3,1.4995742079793188,1.0058926473259542,5.505466855305273
WDSZ03,WDSZ06,6,0.5596620402438973,1.8845240798693677,8.444186120113265
WDSZ03,WDSZ07,3,0.6138801058368457,0.3804524839389891,3.9943325897758353
WDSZ03,WDSZ08,3,0.793332509427647,0.4400951474295025,4.23342765685715
WDSZ03,WDSZ09,8,1.2754688079002072,0.5397661953095797,9.815235003209787
WDSZ03,YSSZ01,6,0.5324141767246005,0.0,6.5324141767246005
WDSZ03,YSSZ03,1,1.1846369777529269,0.0,2.184636977752927
WDSZ03,YSSZ04,1,0.655797880104813,0.0,1.655797880104813
WDSZ03,YSSZ08,3,0.24050975269630995,0.0,3.24050975269631
WDSZ03,YSSZ09,14,1.8357640628352336,4.074282628258003,19.910046691093235
WDSZ04,AMSZ01,3,0.5731050856206835,0.0,3.5731050856206834
WDSZ04,AMSZ04,1,0.0706720731911903,0.0,1.0706720731911903
WDSZ04,AMSZ06,2,0.5203436700212175,0.0,2.5203436700212176
WDSZ04,AMSZ08,2,0.2500996368392098,0.0,2.25009963683921
WDSZ04,AMSZ12,2,0.27259080521433665,0.0,2.2725908052143367
WDSZ04,BKSZ01,1,0.1596366851966261,0.0,1.159636685196626
WDSZ04,BMSZ02,1,0.2382112688756853,0.0,1.2382112688756852
WDSZ04,BMSZ07,2,0.6799105174522098,0.0,2.6799105174522095
WDSZ04,BMSZ08,1,0.18316178001909883,0.0,1.1831617800190988
WDSZ04,BMSZ12,2,0.3781019012555818,0.0,2.3781019012555817
WDSZ04,BSSZ01,2,0.9146780764742832,0.0,2.9146780764742832
WDSZ04,BTSZ01,1,0.3967087430869772,0.0,1.3967087430869771
WDSZ04,BTSZ03,1,0.20163191567589117,0.0,1.2016319156758912
WDSZ04,CHSZ03,1,0.7982454277780104,0.0,1.7982454277780104
WDSZ04,CKSZ03,1,0.42108721316761016,0.0,1.4210872131676102
WDSZ04,CKSZ05,1,0.22479030960026633,0.0,1.2247903096002664
WDSZ04,CLSZ01,1,0.1902477330353292,0.0,1.1902477330353292
WDSZ04,DTSZ01,2,0.3812524103926441,0.0,2.3812524103926442
WDSZ04,DTSZ02,2,0.4507497348797905,0.0,2.4507497348797904
WDSZ04,DTSZ03,3,0.6870182882176801,0.0,3.68701828821768
WDSZ04,DTSZ05,4,0.4599853501665042,0.0,4.459985350166504
WDSZ04,DTSZ06,1,0.0704586186368099,0.0,1.07045861863681
WDSZ04,DTSZ08,1,0.24219647011131468,0.0,1.2421964701113146
WDSZ04,DTSZ11,1,0.360908977058435,0.0,1.360908977058435
WDSZ04,DTSZ12,2,0.35341864423761127,0.0,2.3534186442376113
WDSZ04,GLSZ01,1,0.4195553138432427,0.0,1.4195553138432426
WDSZ04,GLSZ03,1,0.4251932802250683,0.0,1.4251932802250682
WDSZ04,GLSZ05,1,0.4484771752098182,0.0,1.4484771752098182
WDSZ04,HGSZ09,1,0.040421921701540194,0.0,1.0404219217015402
WDSZ04,JESZ03,2,0.6098959343768002,0.0,2.6098959343768002
WDSZ04,JESZ05,3,0.44118273405905684,0.0,3.4411827340590566
WDSZ04,JESZ08,2,0.17502268859277917,0.0,2.175022688592779
WDSZ04,JWSZ01,1,0.07746057034814939,0.0,1.0774605703481495
WDSZ04,JWSZ05,1,0.09322691103716138,0.0,1.0932269110371613
WDSZ04,KLSZ06,1,0.377496272580297,0.0,1.377496272580297
WDSZ04,KLSZ07,1,0.4001729829249622,0.0,1.4001729829249623
WDSZ04,KLSZ09,1,0.0828361083131526,0.0,1.0828361083131526
WDSZ04,MDSZ03,1,0.0,0.0,1.0
WDSZ04,MUSZ01,1,0.1464162476809998,0.0,1.1464162476809998
WDSZ04,NVSZ01,2,0.8393693390025063,0.0,2.8393693390025065
WDSZ04,NVSZ02,4,0.8403198897517541,0.0,4.840319889751754
WDSZ04,ORSZ02,2,0.6862443555488701,0.0,2.68624435554887
WDSZ04,ORSZ03,1,0.28880710591530295,0.0,1.288807105915303
WDSZ04,OTSZ01,1,0.05744362001339121,0.0,1.0574436200133912
WDSZ04,OTSZ03,2,0.8218167206426776,0.0,2.8218167206426776
WDSZ04,PGSZ03,1,0.35617247288983134,0.0,1.3561724728898312
WDSZ04,PLSZ04,1,0.061824549401069795,0.0,1.0618245494010699
WDSZ04,PNSZ02,2,0.0,0.0,2.0
WDSZ04,PRSZ06,1,0.12944349539450997,0.0,1.12944349539451
WDSZ04,QTSZ08,3,0.6739462188650818,0.0,3.6739462188650815
WDSZ04,QTSZ10,2,0.38359901347941844,0.0,2.3835990134794183
WDSZ04,QTSZ11,5,0.6801866072836149,0.0,5.6801866072836145
WDSZ04,QTSZ14,2,0.33586644339484045,0.0,2.3358664433948406
WDSZ04,RCSZ08,2,0.0,0.0,2.0
WDSZ04,SBSZ02,2,0.3113582139565149,0.0,2.311358213956515
WDSZ04,SBSZ03,1,0.4876908528736573,0.6724564737632607,2.1601473266369178
WDSZ04,SBSZ08,1,0.2419341134617338,0.0,1.2419341134617339
WDSZ04,SBSZ09,2,0.7078550208588602,1.0610881269372936,3.768943147796154
WDSZ04,SESZ03,1,0.3493533841975121,0.0,1.349353384197512
WDSZ04,SGSZ02,1,0.16781122045696276,0.0,1.1678112204569628
WDSZ04,SGSZ03,1,0.3753346174825615,0.0,1.3753346174825616
WDSZ04,SKSZ01,1,0.4039998243931791,0.0,1.403999824393179
WDSZ04,SRSZ01,1,0.2805243106662921,0.0,1.280524310666292
WDSZ04,TMSZ05,2,0.972614585685308,0.0,2.972614585685308
WDSZ04,TNSZ01,2,0.6912929736818128,0.0,2.6912929736818128
WDSZ04,TPSZ01,1,0.24006319040811003,0.0,1.24006319040811
WDSZ04,TPSZ02,2,0.468944595657782,0.0,2.4689445956577822
WDSZ04,TPSZ06,2,0.6941825821992247,0.0,2.6941825821992245
WDSZ04,TPSZ12,3,0.5381916450908438,0.0,3.5381916450908437
WDSZ04,TSSZ02,1,0.15148157766310616,0.0,1.1514815776631062
WDSZ04,WCSZ01,3,0.7878605029108887,0.0,3.7878605029108887
WDSZ04,WDSZ01,19,0.8262308321917592,2.553770981291863,22.38000181348362
WDSZ04,WDSZ02,2,1.9170195973888822,2.5586655007493784,6.4756850981382605
WDSZ04,WDSZ03,10,2.030628402155584,4.041704460363718,16.072332862519303
WDSZ04,WDSZ04,8,1.0393425521879935,18.431858158186845,27.471200710374838
WDSZ04,WDSZ05,5,0.6954900570456948,2.4676509956839476,8.163141052729642
WDSZ04,WDSZ06,2,0.741500630372387,1.6128258305109566,4.354326460883343
WDSZ04,WDSZ07,1,0.08589201427359593,0.2234776823836198,1.3093696966572157
WDSZ04,WDSZ09,3,0.4168585791733711,0.38589897084284,3.802757550016211
WDSZ04,YSSZ01,3,0.3908326732884251,0.0,3.390832673288425
WDSZ04,YSSZ02,1,0.3104112347294217,0.0,1.3104112347294217
WDSZ04,YSSZ03,1,0.5758629978701157,0.0,1.5758629978701157
WDSZ04,YSSZ09,1,0.7278279089906502,0.0,1.7278279089906503
WDSZ05,AMSZ01,1,0.36495463826141494,0.0,1.3649546382614148
WDSZ05,AMSZ06,1,0.3820360050763986,0.0,1.3820360050763987
WDSZ05,AMSZ10,3,0.5732000702482937,0.0,3.573200070248294
WDSZ05,BKSZ07,1,0.3511416966974568,0.0,1.3511416966974568
WDSZ05,BMSZ01,1,0.2517013363428648,0.0,1.2517013363428648
WDSZ05,BMSZ05,1,0.2726305515045261,0.0,1.272630551504526
WDSZ05,BMSZ16,1,0.03302021701953351,0.0,1.0330202170195335
WDSZ05,BMSZ17,1,0.13805019646840688,0.0,1.1380501964684069
WDSZ05,BPSZ04,2,0.4523658855769655,0.0,2.4523658855769654
WDSZ05,BPSZ05,1,0.4442237277517993,0.0,1.4442237277517993
WDSZ05,BSSZ01,2,0.7537274715284946,0.0,2.7537274715284945
WDSZ05,BTSZ01,1,0.3718387181294775,0.0,1.3718387181294776
WDSZ05,CHSZ02,1,0.1147922108345873,0.0,1.1147922108345873
WDSZ05,CLSZ04,1,0.2700842287956368,0.0,1.2700842287956369
WDSZ05,DTSZ02,3,0.9115764425640079,0.0,3.911576442564008
WDSZ05,DTSZ05,3,0.33345572370494514,0.0,3.333455723704945
WDSZ05,DTSZ06,1,0.06288655532558067,0.0,1.0628865553255806
WDSZ05,DTSZ08,1,0.180290420684095,0.0,1.180290420684095
WDSZ05,DTSZ09,2,0.32735414840432714,0.0,2.327354148404327
WDSZ05,DTSZ11,1,0.36340521041428536,0.0,1.3634052104142853
WDSZ05,DTSZ12,1,0.15229503416524753,0.0,1.1522950341652476
WDSZ05,GLSZ03,1,0.35809679321193655,0.0,1.3580967932119365
WDSZ05,HGSZ06,1,0.4905271309905974,0.0,1.4905271309905974
WDSZ05,HGSZ08,1,0.26284039482550947,0.0,1.2628403948255094
WDSZ05,JESZ03,2,0.589111744244254,0.0,2.589111744244254
WDSZ05,JESZ05,2,0.6926051577844424,0.0,2.6926051577844423
WDSZ05,JWSZ08,2,0.7596559685444187,0.0,2.759655968544419
WDSZ05,KLSZ01,1,0.4561441515787462,0.0,1.456144151578746
WDSZ05,KLSZ08,1,0.4583575152776923,0.0,1.4583575152776924
WDSZ05,NVSZ02,3,0.6805178793479195,0.0,3.6805178793479194
WDSZ05,ORSZ02,3,0.5398934950154698,0.0,3.5398934950154697
WDSZ05,ORSZ03,1,0.2043888688525344,0.0,1.2043888688525344
WDSZ05,OTSZ03,4,0.6869757510676459,0.0,4.686975751067646
WDSZ05,PGSZ04,1,0.5201475021564809,0.0,1.520147502156481
WDSZ05,PRSZ01,1,0.0,0.0,1.0
WDSZ05,QTSZ08,2,0.5071054450837706,0.0,2.507105445083771
WDSZ05,QTSZ09,1,0.033034253319168164,0.0,1.033034253319168
WDSZ05,QTSZ10,1,0.2809195145043937,0.0,1.2809195145043937
WDSZ05,QTSZ11,2,0.4012114734601146,0.0,2.4012114734601147
WDSZ05,RCSZ01,1,0.17592237216216697,0.0,1.175922372162167
WDSZ05,RCSZ05,1,0.093232626409735,0.0,1.093232626409735
WDSZ05,RCSZ09,1,0.10691145156852418,0.0,1.106911451568524
WDSZ05,SBSZ08,1,0.11039375944697638,0.0,1.1103937594469764
WDSZ05,SBSZ09,2,0.8756193757692792,0.0,2.875619375769279
WDSZ05,SESZ03,2,0.8011116500929021,0.0,2.801111650092902
WDSZ05,SKSZ04,1,0.3235741402429902,0.0,1.3235741402429901
WDSZ05,TMSZ03,1,0.4477075910731355,0.0,1.4477075910731356
WDSZ05,TMSZ04,1,0.21310802564994158,0.0,1.2131080256499416
WDSZ05,TMSZ05,1,0.3579278205969032,0.0,1.3579278205969032
WDSZ05,TPSZ02,2,0.45858682941708695,0.0,2.458586829417087
WDSZ05,TPSZ03,1,0.15370916687364936,0.0,1.1537091668736494
WDSZ05,TPSZ06,1,0.3300565828194707,0.0,1.3300565828194708
WDSZ05,TPSZ12,1,0.1776864906050511,0.0,1.177686490605051
WDSZ05,TSSZ05,1,0.48732555331262506,0.0,1.487325553312625
WDSZ05,WCSZ01,4,0.7943556785835092,0.0,4.794355678583509
WDSZ05,WDSZ01,9,0.3732840020653293,3.2237508757019713,12.5970348777673
WDSZ05,WDSZ02,3,1.4928323931385485,1.8771905291398816,6.37002292227843
WDSZ05,WDSZ03,6,1.7186382488246028,1.7631522207733898,9.481790469597993
WDSZ05,WDSZ04,4,1.998201353461113,2.6472087527218044,8.645410106182917
WDSZ05,WDSZ05,3,1.583018380250424,15.357061947937478,19.940080328187904
WDSZ05,WDSZ06,1,0.869386466608503,1.6561581277062853,3.5255445943147885
WDSZ05,WDSZ07,1,0.061962802941894074,0.1402958101304706,1.2022586130723647
WDSZ05,WDSZ09,3,0.40313567308077497,0.342645612048465,3.74578128512924
WDSZ05,YSSZ02,1,0.26354799317078453,0.0,1.2635479931707845
WDSZ05,YSSZ04,1,0.4071714808164246,0.0,1.4071714808164246
WDSZ05,YSSZ09,3,0.8950285622454893,0.0,3.895028562245489
WDSZ06,AMSZ01,2,0.3918784499434167,0.0,2.391878449943417
WDSZ06,AMSZ10,1,0.1903278764221317,0.0,1.1903278764221317
WDSZ06,BMSZ02,1,0.11872681738641261,0.0,1.1187268173864127
WDSZ06,BMSZ07,1,0.24666859522863582,0.0,1.2466685952286358
WDSZ06,BMSZ13,1,0.050904632978014584,0.0,1.0509046329780145
WDSZ06,BPSZ01,1,0.056383391306953176,0.0,1.0563833913069531
WDSZ06,BPSZ05,2,0.30848669481530033,0.0,2.3084866948153
WDSZ06,BSSZ01,1,0.2948032312981644,0.0,1.2948032312981643
WDSZ06,BTSZ01,2,0.41373388903870945,0.0,2.4137338890387094
WDSZ06,BTSZ06,1,0.06752080878865717,0.0,1.0675208087886572
WDSZ06,CKSZ03,2,0.47127831721160796,0.0,2.471278317211608
WDSZ06,CKSZ04,2,0.3863355728379711,0.0,2.386335572837971
WDSZ06,CKSZ06,1,0.2361125436959977,0.0,1.2361125436959977
WDSZ06,CLSZ06,1,0.1871335127521706,0.0,1.1871335127521707
WDSZ06,DTSZ01,1,0.19625252460557266,0.0,1.1962525246055726
WDSZ06,DTSZ05,5,1.0741412527043015,0.0,6.074141252704301
WDSZ06,DTSZ07,1,0.23521105549773308,0.0,1.2352110554977331
WDSZ06,DTSZ08,2,0.15251775879415524,0.0,2.152517758794155
WDSZ06,DTSZ11,3,0.6670947834604748,0.0,3.667094783460475
WDSZ06,DTSZ12,1,0.07773480855690382,0.0,1.0777348085569038
WDSZ06,GLSZ01,1,0.21555557668139852,0.0,1.2155555766813986
WDSZ06,GLSZ03,2,0.3430124978794176,0.0,2.3430124978794176
WDSZ06,GLSZ04,1,0.2415408733861129,0.0,1.2415408733861129
WDSZ06,GLSZ05,1,0.23665940389610118,0.0,1.2366594038961012
WDSZ06,JESZ03,1,0.23738065101781963,0.0,1.2373806510178196
WDSZ06,JESZ05,3,0.25374415377205306,0.0,3.253744153772053
WDSZ06,JESZ06,1,0.04229930436035556,0.0,1.0422993043603554
WDSZ06,JESZ10,3,0.0,0.0,3.0
WDSZ06,JWSZ04,1,0.3190305293224847,0.0,1.3190305293224847
WDSZ06,KLSZ08,2,0.19796493715569766,0.0,2.1979649371556977
WDSZ06,MUSZ01,1,0.09165385534818195,0.0,1.091653855348182
WDSZ06,NVSZ01,1,0.4154141467396852,0.0,1.4154141467396852
WDSZ06,NVSZ02,2,0.7757673391728775,0.0,2.7757673391728774
WDSZ06,ORSZ02,3,0.2752261162451232,0.0,3.2752261162451233
WDSZ06,ORSZ03,3,0.19642493826300814,0.0,3.196424938263008
WDSZ06,OTSZ03,3,0.7346576145519913,0.0,3.7346576145519914
WDSZ06,QTSZ02,1,0.10189664280527616,0.0,1.101896642805276
WDSZ06,QTSZ08,1,0.19566150857942236,0.0,1.1956615085794224
WDSZ06,QTSZ09,2,0.04777910765065013,0.0,2.04777910765065
WDSZ06,QTSZ11,3,0.10344948077157677,0.0,3.1034494807715767
WDSZ06,QTSZ12,1,0.12749697493535464,0.0,1.1274969749353547
WDSZ06,QTSZ13,1,0.16440034845157037,0.0,1.1644003484515704
WDSZ06,RCSZ10,1,0.09470520211360077,0.0,1.0947052021136008
WDSZ06,SBSZ01,1,0.1900251112616531,0.0,1.1900251112616531
WDSZ06,SBSZ04,1,0.32613907105064877,0.0,1.3261390710506489
WDSZ06,SBSZ09,2,0.45816702863352887,0.0,2.458167028633529
WDSZ06,SKSZ03,1,0.08397787919416479,0.0,1.0839778791941648
WDSZ06,SRSZ01,1,0.14317649493421858,0.0,1.1431764949342185
WDSZ06,SRSZ02,1,0.0457049445135089,0.0,1.045704944513509
WDSZ06,SVSZ01,2,0.5686686426454223,0.0,2.5686686426454224
WDSZ06,TMSZ04,1,0.157528668356772,0.0,1.157528668356772
WDSZ06,TPSZ01,1,0.10553471030129331,0.0,1.1055347103012934
WDSZ06,TPSZ03,2,0.16666600105318227,0.0,2.166666001053182
WDSZ06,TPSZ06,1,0.1678509980273134,0.0,1.1678509980273133
WDSZ06,TPSZ09,1,0.06728982164262629,0.0,1.0672898216426263
WDSZ06,TPSZ12,1,0.10639359397165361,0.0,1.1063935939716536
WDSZ06,TSSZ02,1,0.0697589541610769,0.0,1.0697589541610768
WDSZ06,WCSZ01,1,0.235636492230698,0.0,1.235636492230698
WDSZ06,WDSZ01,14,0.4498068860703194,1.8148436294362942,16.264650515506613
WDSZ06,WDSZ02,7,0.849712627023554,2.394221365246148,10.243933992269703
WDSZ06,WDSZ03,5,0.8563827771702492,0.9462237684700735,6.802606545640322
WDSZ06,WDSZ04,2,0.492613998493362,0.9052102703114367,3.397824268804799
WDSZ06,WDSZ06,10,1.323813995219158,21.49491899492935,32.818732990148504
WDSZ06,WDSZ07,1,0.03573096312060565,0.1217033296992042,1.15743429281981
WDSZ06,WDSZ09,4,0.17439913033918708,0.3306189744094638,4.50501810474865
WDSZ06,YSSZ02,1,0.11855470397825578,0.0,1.1185547039782557
WDSZ06,YSSZ09,2,0.5714987861776066,0.0,2.5714987861776066
WDSZ07,AMSZ02,1,0.07059682529405925,0.0,1.0705968252940592
WDSZ07,AMSZ04,1,0.006790551378860237,0.0,1.0067905513788602
WDSZ07,AMSZ07,1,0.047345179289359725,0.0,1.0473451792893598
WDSZ07,BDSZ01,1,0.03030877332595832,0.0,1.0303087733259584
WDSZ07,BSSZ02,1,0.06641179959948122,0.0,1.0664117995994813
WDSZ07,BTSZ03,1,0.050227399323459196,0.0,1.0502273993234592
WDSZ07,CKSZ03,1,0.13257600614540585,0.0,1.1325760061454058
WDSZ07,DTSZ01,1,0.07108435356149645,0.0,1.0710843535614964
WDSZ07,JESZ05,1,0.2015193893369525,0.0,1.2015193893369525
WDSZ07,JWSZ09,1,0.1347391124544985,0.0,1.1347391124544985
WDSZ07,NVSZ01,1,0.1198571083831402,0.0,1.1198571083831401
WDSZ07,SBSZ01,1,0.10877750646214021,0.0,1.1087775064621401
WDSZ07,SGSZ03,1,0.06041641323182026,0.0,1.0604164132318203
WDSZ07,SGSZ05,1,0.03940312722021752,0.0,1.0394031272202175
WDSZ07,SKSZ01,1,0.1034651524075283,0.0,1.1034651524075283
WDSZ07,TMSZ02,1,0.11280723154369297,0.0,1.112807231543693
WDSZ07,TMSZ05,1,0.11221679856160927,0.0,1.1122167985616094
WDSZ07,WDSZ03,2,0.3954238740497576,0.0,2.3954238740497575
WDSZ07,YSSZ09,1,0.13603339842995527,0.0,1.1360333984299553
WDSZ08,BLSZ01,1,0.08251110833035429,0.0,1.0825111083303542
WDSZ08,BSSZ01,1,0.1353019362979672,0.0,1.1353019362979673
WDSZ08,CKSZ01,1,0.20718118328543847,0.0,1.2071811832854384
WDSZ08,DTSZ02,1,0.12978994970790675,0.0,1.1297899497079067
WDSZ08,HGSZ02,1,0.10383429771254177,0.0,1.1038342977125417
WDSZ08,HGSZ03,1,0.1021196019417686,0.0,1.1021196019417685
WDSZ08,JESZ05,1,0.135611920881752,0.0,1.1356119208817521
WDSZ08,JWSZ04,1,0.17307660441733586,0.0,1.1730766044173357
WDSZ08,PGSZ05,1,0.09648288046678787,0.0,1.0964828804667879
WDSZ08,QTSZ06,1,0.03436373404115785,0.0,1.0343637340411578
WDSZ08,SBSZ01,1,0.20685622048474428,0.0,1.2068562204847444
WDSZ08,SBSZ03,2,0.25787844649118163,0.25543468691598104,2.513313133407163
WDSZ08,SBSZ04,1,0.3249436609554938,0.19582064655806275,1.5207643075135566
WDSZ08,SBSZ05,1,0.03229983641295488,0.02381540730920446,1.0561152437221595
WDSZ08,SESZ03,1,0.16688082939283644,0.0,1.1668808293928365
WDSZ08,SGSZ03,1,0.08580716397726958,0.0,1.0858071639772695
WDSZ08,SGSZ06,1,0.08066176865233532,0.0,1.0806617686523352
WDSZ08,TMSZ03,1,0.15934452343847705,0.0,1.159344523438477
WDSZ08,TPSZ02,1,0.09565078807015111,0.0,1.0956507880701511
WDSZ08,WDSZ01,2,0.051585243881782754,0.06813371175317175,2.1197189556349545
WDSZ08,WDSZ02,1,0.43847247666431644,0.16697265422363733,1.6054451308879538
WDSZ08,WDSZ03,3,0.572418843815262,0.2900989577237748,3.862517801539037
WDSZ08,YSSZ01,2,0.1299338127604407,0.0,2.1299338127604406
WDSZ08,YSSZ09,1,0.19699316791879137,0.0,1.1969931679187913
WDSZ09,AMSZ11,1,0.010148981722349152,0.0,1.0101489817223492
WDSZ09,BDSZ03,1,0.0533218527482818,0.0,1.0533218527482817
WDSZ09,BDSZ07,1,0.050776275194801386,0.0,1.0507762751948013
WDSZ09,BKSZ05,1,0.19699604355287909,0.0,1.196996043552879
WDSZ09,BMSZ05,1,0.1591321121284926,0.0,1.1591321121284925
WDSZ09,BMSZ09,1,0.0,0.0,1.0
WDSZ09,BPSZ03,1,0.11641061184881724,0.0,1.1164106118488173
WDSZ09,BSSZ01,1,0.14703219906585932,0.0,1.1470321990658594
WDSZ09,BSSZ02,1,0.14612984499554063,0.0,1.1461298449955406
WDSZ09,CHSZ02,1,0.03362152355208971,0.0,1.0336215235520898
WDSZ09,CHSZ03,1,0.5080542465245627,0.0,1.5080542465245625
WDSZ09,CKSZ01,1,0.25788576462883234,0.0,1.2578857646288324
WDSZ09,CKSZ02,1,0.16483447867348278,0.0,1.1648344786734828
WDSZ09,CKSZ05,1,0.07333845151721183,0.0,1.0733384515172117
WDSZ09,CLSZ04,1,0.12365313584127804,0.0,1.123653135841278
WDSZ09,CLSZ07,1,0.08271355409403808,0.0,1.082713554094038
WDSZ09,DTSZ05,1,0.12995272151650508,0.0,1.129952721516505
WDSZ09,DTSZ11,1,0.14042773089060273,0.0,1.1404277308906028
WDSZ09,GLSZ04,1,0.13101419947640183,0.0,1.1310141994764018
WDSZ09,HGSZ01,1,0.11799446425198852,0.0,1.1179944642519886
WDSZ09,HGSZ05,2,0.4448909726997863,0.0,2.4448909726997865
WDSZ09,HGSZ06,1,0.201645783313105,0.0,1.2016457833131051
WDSZ09,JWSZ01,1,0.019837783037986435,0.0,1.0198377830379863
WDSZ09,JWSZ08,1,0.23620311693830376,0.0,1.2362031169383036
WDSZ09,KLSZ06,1,0.2558676916948046,0.0,1.2558676916948046
WDSZ09,KLSZ09,1,0.01217199050047641,0.0,1.0121719905004765
WDSZ09,NVSZ05,1,0.0,0.0,1.0
WDSZ09,ORSZ02,1,0.15444644352937573,0.0,1.1544464435293758
WDSZ09,ORSZ03,1,0.1497512655116599,0.0,1.14975126551166
WDSZ09,QTSZ01,1,0.0771457447012087,0.0,1.0771457447012087
WDSZ09,QTSZ06,1,0.04572716589827701,0.0,1.045727165898277
WDSZ09,QTSZ08,1,0.13068673440396245,0.0,1.1306867344039624
WDSZ09,QTSZ11,2,0.11508120443310187,0.0,2.115081204433102
WDSZ09,SBSZ01,1,0.16205475489086232,0.0,1.1620547548908624
WDSZ09,SBSZ03,1,0.22660441001107737,0.0,1.2266044100110773
WDSZ09,SESZ02,1,0.1325675023717258,0.0,1.1325675023717259
WDSZ09,SGSZ03,1,0.13603480707979682,0.0,1.1360348070797968
WDSZ09,SKSZ02,1,0.0,0.0,1.0
WDSZ09,SKSZ04,1,0.02972323463650827,0.0,1.0297232346365082
WDSZ09,TMSZ01,1,0.1607530989574743,0.0,1.1607530989574744
WDSZ09,TMSZ05,1,0.15011763061683142,0.0,1.1501176306168315
WDSZ09,TPSZ06,1,0.10278905762251804,0.0,1.102789057622518
WDSZ09,TSSZ02,1,0.028069727303709494,0.0,1.0280697273037096
WDSZ09,WDSZ01,10,0.19291668491794775,0.16945084812400177,10.362367533041951
WDSZ09,WDSZ02,2,0.42107907455744104,0.1645308814559159,2.5856099560133567
WDSZ09,WDSZ03,7,3.0058034998185836,0.3470285204411102,10.352832020259694
WDSZ09,WDSZ04,4,0.5474889177703701,0.27879942597031865,4.826288343740689
WDSZ09,WDSZ05,1,0.2328052730915269,0.05379573596231152,1.2866010090538385
WDSZ09,WDSZ06,5,0.5080509315057674,0.4680609844900936,5.976111915995861
WDSZ09,WDSZ09,2,0.1972372084544617,4.5199923602871,6.717229568741562
WDSZ09,YSSZ02,1,0.08456310671735355,0.0,1.0845631067173536
WDSZ09,YSSZ03,1,0.19444699078669933,0.0,1.1944469907866992
YSSZ01,AMSZ03,1,0.318132409822324,0.0,1.318132409822324
YSSZ01,AMSZ05,1,0.33863350929769853,0.0,1.3386335092976984
YSSZ01,AMSZ07,1,0.3552423135357163,0.0,1.3552423135357163
YSSZ01,AMSZ09,2,0.28810655521870754,0.0,2.2881065552187074
YSSZ01,AMSZ10,1,0.3092921055869897,0.0,1.3092921055869897
YSSZ01,AMSZ12,1,0.14980566369508364,0.0,1.1498056636950835
YSSZ01,BDSZ03,1,0.38339612394054434,0.0,1.3833961239405443
YSSZ01,BDSZ06,1,0.5721890479088554,0.0,1.5721890479088554
YSSZ01,BKSZ05,1,0.455224613270637,0.0,1.455224613270637
YSSZ01,BMSZ01,1,0.26217924116638786,0.0,1.262179241166388
YSSZ01,BMSZ02,2,0.273997186470916,0.0,2.273997186470916
YSSZ01,BMSZ06,2,0.2850658655034494,0.0,2.2850658655034493
YSSZ01,BMSZ09,1,0.0792320833884032,0.0,1.0792320833884033
YSSZ01,BMSZ17,1,0.15903599548661923,0.0,1.1590359954866192
YSSZ01,BPSZ03,1,0.1919534605450244,0.0,1.1919534605450244
YSSZ01,BPSZ06,1,0.1605097692099893,0.0,1.1605097692099893
YSSZ01,BSSZ01,1,0.45403280438651694,0.0,1.454032804386517
YSSZ01,BSSZ03,1,0.3008829976429992,0.0,1.3008829976429992
YSSZ01,BTSZ06,1,0.09441719348749786,0.0,1.0944171934874978
YSSZ01,CCSZ01,1,0.1457133557346421,0.0,1.1457133557346422
YSSZ01,CHSZ03,1,0.5797570128863907,0.0,1.5797570128863907
YSSZ01,CKSZ01,1,0.32866699520058007,0.0,1.32866699520058
YSSZ01,CKSZ03,1,0.321084216225822,0.0,1.321084216225822
YSSZ01,CKSZ04,1,0.18577428109774613,0.0,1.185774281097746
YSSZ01,CKSZ05,1,0.14718629501646438,0.0,1.1471862950164644
YSSZ01,DTSZ05,1,0.17090073993542085,0.0,1.1709007399354208
YSSZ01,DTSZ11,1,0.28771992303006416,0.0,1.2877199230300642
YSSZ01,HGSZ04,1,0.27747389341090506,0.0,1.2774738934109051
YSSZ01,HGSZ05,1,0.41605918251117485,0.0,1.4160591825111748
YSSZ01,JESZ05,1,0.36398507850964695,0.0,1.363985078509647
YSSZ01,MDSZ02,1,0.23040870731236268,0.0,1.2304087073123626
YSSZ01,NVSZ01,2,0.7856358196359479,0.0,2.7856358196359476
YSSZ01,ORSZ02,2,0.6026020145730034,0.0,2.6026020145730033
YSSZ01,PGSZ05,1,0.3998020226511817,0.0,1.3998020226511816
YSSZ01,PRSZ02,1,0.3402847931951053,0.0,1.3402847931951052
YSSZ01,PRSZ05,1,0.518553321737129,0.0,1.518553321737129
YSSZ01,QTSZ11,1,0.1708672509771114,0.0,1.1708672509771114
YSSZ01,QTSZ13,1,0.23128340617114998,0.0,1.23128340617115
YSSZ01,RCSZ02,1,0.037812231700620876,0.0,1.0378122317006209
YSSZ01,SBSZ01,9,0.49383044619973965,1.2531384491047532,10.746968895304493
YSSZ01,SBSZ02,2,0.2817249297158277,0.3889624445731464,2.670687374288974
YSSZ01,SBSZ03,11,0.9586614534518216,2.0503840050592284,14.00904545851105
YSSZ01,SBSZ04,1,0.5655964258820172,0.0,1.5655964258820172
YSSZ01,SBSZ05,3,0.06387827627257206,0.1435093324944331,3.2073876087670055
YSSZ01,SESZ02,2,0.6954185039811314,0.0,2.6954185039811316
YSSZ01,SESZ03,2,0.7418557428589214,0.0,2.741855742858921
YSSZ01,SESZ04,3,0.6857842217688337,0.0,3.6857842217688335
YSSZ01,SESZ06,1,0.7248606671222456,0.0,1.7248606671222455
YSSZ01,SGSZ01,1,0.3178741050689123,0.0,1.3178741050689122
YSSZ01,SGSZ06,2,0.41059084763393233,0.0,2.4105908476339324
YSSZ01,SGSZ07,1,0.10094289184157539,0.0,1.1009428918415753
YSSZ01,TMSZ02,3,0.7725224274494306,0.0,3.7725224274494304
YSSZ01,TMSZ03,1,0.4711917776000097,0.0,1.4711917776000096
YSSZ01,TNSZ01,1,0.29601513422019105,0.0,1.296015134220191
YSSZ01,TPSZ01,1,0.1494681229799322,0.0,1.1494681229799322
YSSZ01,TPSZ02,3,0.6665039120918802,0.0,3.6665039120918803
YSSZ01,TPSZ09,1,0.14314567905424336,0.0,1.1431456790542434
YSSZ01,WDSZ01,3,0.15809654063725853,0.0,3.1580965406372585
YSSZ01,WDSZ02,1,0.500928651840098,0.0,1.500928651840098
YSSZ01,WDSZ03,6,0.9273716906042955,0.0,6.9273716906042955
YSSZ01,WDSZ04,1,0.43989882864413776,0.0,1.4398988286441377
YSSZ01,WDSZ05,1,0.3253984128415636,0.0,1.3253984128415637
YSSZ01,WDSZ08,1,0.31176536140965116,0.0,1.3117653614096512
YSSZ01,WDSZ09,1,0.1603358148860914,0.0,1.1603358148860914
YSSZ01,YSSZ01,1,0.8115343858960359,26.58195103147924,28.393485417375274
YSSZ01,YSSZ02,5,0.603423274212483,2.1882060247220854,7.791629298934568
YSSZ01,YSSZ03,27,4.857578383487424,5.697947682435635,37.55552606592306
YSSZ01,YSSZ04,7,1.4983728033270514,4.271035069860912,12.769407873187962
YSSZ01,YSSZ05,10,0.4352293245599722,0.2984562253521113,10.733685549912083
YSSZ01,YSSZ06,2,0.195768812449398,0.0,2.195768812449398
YSSZ01,YSSZ08,3,0.415862563825269,0.2663484855383263,3.682211049363595
YSSZ01,YSSZ09,17,2.8456701051096607,10.874921007134514,30.720591112244175
YSSZ02,AMSZ01,2,0.4980098223901522,0.0,2.498009822390152
YSSZ02,AMSZ04,1,0.06874597005699537,0.0,1.0687459700569955
YSSZ02,AMSZ07,1,0.2377453809240528,0.0,1.2377453809240528
YSSZ02,AMSZ08,1,0.13476340648247997,0.0,1.13476340648248
YSSZ02,AMSZ10,1,0.20291151443423555,0.0,1.2029115144342355
YSSZ02,BKSZ01,1,0.07025392224090468,0.0,1.0702539222409047
YSSZ02,BKSZ02,1,0.16627664983304175,0.0,1.1662766498330417
YSSZ02,BKSZ04,1,0.18367096712318315,0.0,1.183670967123183
YSSZ02,BKSZ09,1,0.2156989050145025,0.0,1.2156989050145026
YSSZ02,BMSZ05,1,0.21524298553937152,0.0,1.2152429855393716
YSSZ02,BMSZ11,1,0.13580118221392162,0.0,1.1358011822139216
YSSZ02,BPSZ04,1,0.22815336436145076,0.0,1.2281533643614508
YSSZ02,BSSZ01,1,0.38991300800488193,0.0,1.389913008004882
YSSZ02,BTSZ01,1,0.27301871889976254,0.0,1.2730187188997626
YSSZ02,CHSZ02,1,0.14826930056653306,0.0,1.148269300566533
YSSZ02,CKSZ04,1,0.1856391248385324,0.0,1.1856391248385325
YSSZ02,CKSZ05,1,0.14599753799109597,0.0,1.145997537991096
YSSZ02,CLSZ04,1,0.1869203248944012,0.0,1.1869203248944011
YSSZ02,DTSZ02,2,0.2301974426739684,0.0,2.2301974426739686
YSSZ02,DTSZ03,1,0.15325846864334428,0.0,1.1532584686433442
YSSZ02,DTSZ08,1,0.15824813061872098,0.0,1.158248130618721
YSSZ02,DTSZ11,1,0.33524492558026475,0.0,1.3352449255802648
YSSZ02,GLSZ01,1,0.2536107871875763,0.0,1.2536107871875763
YSSZ02,GLSZ05,1,0.3068114167090115,0.0,1.3068114167090115
YSSZ02,JESZ05,4,0.39026472994273337,0.0,4.390264729942733
YSSZ02,JWSZ08,1,0.3942375717316535,0.0,1.3942375717316535
YSSZ02,KLSZ02,1,0.11084771099303382,0.0,1.110847710993034
YSSZ02,KLSZ07,1,0.2860988662047223,0.0,1.2860988662047224
YSSZ02,MPSZ01,1,0.1493394118302973,0.0,1.1493394118302973
YSSZ02,NVSZ01,1,0.46024225961465143,0.0,1.4602422596146514
YSSZ02,NVSZ02,3,0.4847321520051296,0.0,3.4847321520051295
YSSZ02,NVSZ03,1,0.0874300842526034,0.0,1.0874300842526035
YSSZ02,ORSZ02,1,0.25764357809331984,0.0,1.2576435780933197
YSSZ02,ORSZ03,2,0.23100007594731947,0.0,2.2310000759473194
YSSZ02,OTSZ01,1,0.03835403801800258,0.0,1.0383540380180025
YSSZ02,OTSZ03,4,0.5121894565410284,0.0,4.512189456541028
YSSZ02,OTSZ04,1,0.08702504801335585,0.0,1.0870250480133559
YSSZ02,PGSZ04,2,0.5759087359082237,0.0,2.575908735908224
YSSZ02,QTSZ08,1,0.21184698980594882,0.0,1.2118469898059487
YSSZ02,QTSZ10,2,0.2042037295859871,0.0,2.204203729585987
YSSZ02,QTSZ11,1,0.17991524546451,0.0,1.1799152454645099
YSSZ02,QTSZ14,1,0.20507564820502192,0.0,1.205075648205022
YSSZ02,RCSZ05,1,0.053101675851353156,0.0,1.0531016758513532
YSSZ02,RCSZ10,1,0.1161326363317233,0.0,1.1161326363317232
YSSZ02,SBSZ01,3,1.4389257911025832,5.680187745973184,10.119113537075767
YSSZ02,SBSZ02,2,0.6674777943536222,0.8385735438923902,3.506051338246013
YSSZ02,SBSZ03,1,0.4818611821215328,0.47461693341853817,1.956478115540071
YSSZ02,SBSZ04,1,0.4986021685115756,0.5411355559961745,2.03973772450775
YSSZ02,SBSZ08,1,0.08034011362117842,0.0,1.0803401136211783
YSSZ02,SESZ03,2,0.7178027034702466,0.0,2.7178027034702463
YSSZ02,TMSZ04,1,0.277129074007429,0.0,1.277129074007429
YSSZ02,TMSZ05,2,0.38288695910166093,0.0,2.382886959101661
YSSZ02,TPSZ02,3,0.4457365866281847,0.0,3.445736586628185
YSSZ02,TPSZ12,1,0.11966563486690024,0.0,1.1196656348669003
YSSZ02,WCSZ01,1,0.26160546778196625,0.0,1.2616054677819664
YSSZ02,WDSZ02,3,0.4358934584924496,0.0,3.4358934584924494
YSSZ02,WDSZ03,1,0.5496760040318052,0.0,1.5496760040318052
YSSZ02,WDSZ04,1,0.3450317461556524,0.0,1.3450317461556525
YSSZ02,WDSZ05,1,0.33742221734693256,0.0,1.3374222173469326
YSSZ02,WDSZ06,1,0.2929563232049068,0.0,1.2929563232049068
YSSZ02,WDSZ09,2,0.17208703761426297,0.0,2.172087037614263
YSSZ02,YSSZ01,5,0.5577982378689801,3.2094476354294255,8.767245873298405
YSSZ02,YSSZ02,2,0.4927054542184833,6.221216447788839,8.713921902007321
YSSZ02,YSSZ03,4,2.572582994160231,2.8205976760064173,9.393180670166648
YSSZ02,YSSZ04,1,0.6276519286460595,0.9487933499710911,2.5764452786171503
YSSZ02,YSSZ05,2,0.28237730862701715,0.14153694589792493,2.423914254524942
YSSZ02,YSSZ09,10,1.801790912499711,10.132428107305783,21.934219019805496
YSSZ03,AMSZ01,5,1.549806794249507,0.0,6.549806794249507
YSSZ03,AMSZ10,3,1.2383521535933701,0.0,4.23835215359337
YSSZ03,AMSZ11,3,0.1771374655752366,0.0,3.1771374655752367
YSSZ03,AMSZ12,4,0.47126404370458874,0.0,4.471264043704589
YSSZ03,BDSZ01,1,0.6102582005303488,0.0,1.6102582005303487
YSSZ03,BDSZ04,1,0.6063142557269273,0.0,1.6063142557269274
YSSZ03,BKSZ01,1,0.13706166247990284,0.0,1.1370616624799028
YSSZ03,BKSZ07,1,0.6108026301940055,0.0,1.6108026301940055
YSSZ03,BKSZ09,1,0.4313303733622409,0.0,1.431330373362241
YSSZ03,BLSZ02,1,0.12865903843014856,0.0,1.1286590384301485
YSSZ03,BMSZ05,1,0.43259392927637075,0.0,1.4325939292763707
YSSZ03,BMSZ12,1,0.5414587430766784,0.0,1.5414587430766784
YSSZ03,BSSZ01,5,1.8210631458991495,0.0,6.821063145899149
YSSZ03,BSSZ03,1,0.7488649530005106,0.0,1.7488649530005107
YSSZ03,BTSZ01,3,1.1254424517963881,0.0,4.125442451796388
YSSZ03,CKSZ05,1,0.22295776028257508,0.0,1.2229577602825752
YSSZ03,DTSZ01,1,0.5514492887685305,0.0,1.5514492887685305
YSSZ03,DTSZ02,3,0.7252463772824682,0.0,3.725246377282468
YSSZ03,DTSZ03,4,1.0124947408870362,0.0,5.012494740887036
YSSZ03,DTSZ05,1,0.4721667260575625,0.0,1.4721667260575626
YSSZ03,DTSZ07,1,0.24270997597707877,0.0,1.2427099759770788
YSSZ03,DTSZ08,2,0.4188903640117364,0.0,2.4188903640117365
YSSZ03,DTSZ09,1,0.27805091052406106,0.0,1.278050910524061
YSSZ03,DTSZ10,1,0.05315518831660092,0.0,1.0531551883166008
YSSZ03,DTSZ11,5,0.9007733931652511,0.0,5.900773393165251
YSSZ03,GLSZ01,2,0.6482423030690285,0.0,2.6482423030690283
YSSZ03,HGSZ04,2,1.068351190483684,0.0,3.0683511904836838
YSSZ03,HGSZ05,1,0.915393625148367,0.0,1.915393625148367
YSSZ03,HGSZ08,2,0.638424075250768,0.0,2.638424075250768
YSSZ03,JESZ01,1,0.28461042092820776,0.0,1.2846104209282077
YSSZ03,JESZ05,1,0.5743660745407578,0.0,1.574366074540758
YSSZ03,JESZ06,1,0.1823617215615215,0.0,1.1823617215615214
YSSZ03,JESZ08,1,0.17488117600297817,0.0,1.1748811760029783
YSSZ03,JESZ10,1,0.0,0.0,1.0
YSSZ03,JWSZ06,1,0.3157755367003337,0.0,1.3157755367003336
YSSZ03,JWSZ09,2,0.8677468387862847,0.0,2.867746838786285
YSSZ03,KLSZ06,1,0.5178472995782217,0.0,1.5178472995782217
YSSZ03,LKSZ01,1,0.38786164418511915,0.0,1.387861644185119
YSSZ03,MUSZ03,2,0.11558277127060311,0.0,2.1155827712706032
YSSZ03,NTSZ03,1,0.14277873371554534,0.0,1.1427787337155453
YSSZ03,NVSZ01,2,1.4942498521789611,0.0,3.494249852178961
YSSZ03,NVSZ02,6,0.9924737024731045,0.0,6.992473702473104
YSSZ03,ORSZ02,4,1.4487839486887852,0.0,5.448783948688785
YSSZ03,ORSZ03,1,0.3967271404839164,0.0,1.3967271404839163
YSSZ03,OTSZ03,2,0.7984435249186506,0.0,2.7984435249186506
YSSZ03,PLSZ03,2,0.08618602160699795,0.0,2.086186021606998
YSSZ03,PLSZ04,1,0.07547364876220579,0.0,1.0754736487622059
YSSZ03,QTSZ02,1,0.3014882077943417,0.0,1.3014882077943417
YSSZ03,QTSZ06,1,0.25778197901957073,0.0,1.2577819790195708
YSSZ03,QTSZ08,4,1.5322906287170504,0.0,5.532290628717051
YSSZ03,QTSZ11,3,0.650528600916511,0.0,3.6505286009165108
YSSZ03,QTSZ12,2,0.286802234213019,0.0,2.286802234213019
YSSZ03,QTSZ14,2,0.46390954973531634,0.0,2.4639095497353165
YSSZ03,RCSZ01,2,0.3269514347332757,0.0,2.326951434733276
YSSZ03,RCSZ10,1,0.34215168023561493,0.0,1.3421516802356148
YSSZ03,SBSZ03,2,1.3201566255271315,0.0,3.3201566255271313
YSSZ03,SBSZ04,2,1.608504722560211,0.0,3.6085047225602107
YSSZ03,SBSZ06,1,0.24858201417944248,0.0,1.2485820141794424
YSSZ03,SGSZ03,5,1.4111037650829172,0.0,6.411103765082917
YSSZ03,SGSZ06,1,0.5708117566159446,0.0,1.5708117566159445
YSSZ03,SLSZ01,2,1.7187429449328546,0.0,3.7187429449328544
YSSZ03,SRSZ02,1,0.10018751934558154,0.0,1.1001875193455815
YSSZ03,TMSZ04,1,0.6279394752900558,0.0,1.6279394752900558
YSSZ03,TMSZ05,1,0.7820749855930962,0.0,1.7820749855930962
YSSZ03,TNSZ04,1,0.28844465751567144,0.0,1.2884446575156714
YSSZ03,TPSZ02,1,0.6409672780671736,0.0,1.6409672780671736
YSSZ03,TPSZ03,1,0.24745384225197148,0.0,1.2474538422519714
YSSZ03,TPSZ06,2,1.1472327564583589,0.0,3.147232756458359
YSSZ03,TSSZ05,1,1.0901057158850016,0.0,2.0901057158850014
YSSZ03,WCSZ01,3,0.9954113797635811,0.0,3.9954113797635813
YSSZ03,WDSZ01,2,0.2606185363044688,0.0,2.260618536304469
YSSZ03,WDSZ02,6,1.1409280113059868,0.0,7.140928011305987
YSSZ03,WDSZ03,1,0.8234543214167241,0.0,1.8234543214167243
YSSZ03,WDSZ05,1,0.6627604606376386,0.0,1.6627604606376387
YSSZ03,WDSZ08,1,0.41165194146480805,0.0,1.411651941464808
YSSZ03,YSSZ01,21,3.891933682341831,6.946806896978883,31.838740579320714
YSSZ03,YSSZ02,6,2.277990696930981,3.9537950288103394,12.231785725741322
YSSZ03,YSSZ03,18,14.724847139764508,31.321817476424076,64.04666461618858
YSSZ03,YSSZ04,7,1.957934608478073,5.18256647279898,14.140501081277053
YSSZ03,YSSZ05,3,0.989249953712641,0.19072705256641398,4.179977006279055
YSSZ03,YSSZ07,1,0.3083095735741069,0.0,1.3083095735741068
YSSZ03,YSSZ08,3,0.6004981615711326,0.23052503302991115,3.831023194601044
YSSZ03,YSSZ09,21,5.3553333415541715,10.189719296637886,36.54505263819206
YSSZ04,AMSZ01,4,1.1854116082828776,0.0,5.185411608282878
YSSZ04,AMSZ07,1,0.38066035171604246,0.0,1.3806603517160425
YSSZ04,AMSZ08,2,0.46414698326919707,0.0,2.464146983269197
YSSZ04,AMSZ12,1,0.2886203961107248,0.0,1.2886203961107248
YSSZ04,BDSZ04,3,0.9834079039762919,0.0,3.9834079039762917
YSSZ04,BKSZ07,1,0.33724678030084143,0.0,1.3372467803008414
YSSZ04,BMSZ01,1,0.3480378433485895,0.0,1.3480378433485896
YSSZ04,BMSZ02,2,0.3236289425165583,0.0,2.3236289425165584
YSSZ04,BMSZ05,2,0.32060435607700793,0.0,2.3206043560770078
YSSZ04,BMSZ15,1,0.20883676130333123,0.0,1.2088367613033313
YSSZ04,BSSZ01,4,1.4039963875250798,0.0,5.40399638752508
YSSZ04,BSSZ02,1,0.49386932689301216,0.0,1.493869326893012
YSSZ04,BTSZ06,2,0.2989837013275917,0.0,2.2989837013275918
YSSZ04,BTSZ07,1,0.17481073899376237,0.0,1.1748107389937623
YSSZ04,CHSZ03,2,1.808334486128835,0.0,3.8083344861288353
YSSZ04,CKSZ06,1,0.3254506331108698,0.0,1.3254506331108697
YSSZ04,CLSZ01,1,0.1747360539305271,0.0,1.1747360539305272
YSSZ04,CLSZ03,1,0.41007620585450777,0.0,1.4100762058545078
YSSZ04,CLSZ06,2,0.461768705689437,0.0,2.461768705689437
YSSZ04,DTSZ01,1,0.36618406489499444,0.0,1.3661840648949943
YSSZ04,DTSZ02,4,0.7035475808545897,0.0,4.70354758085459
YSSZ04,DTSZ03,2,0.4656713888718474,0.0,2.4656713888718476
YSSZ04,DTSZ05,7,0.3058643770739346,0.0,7.305864377073934
YSSZ04,DTSZ08,1,0.2154695872686867,0.0,1.2154695872686867
YSSZ04,DTSZ11,4,0.31843199066758426,0.0,4.318431990667584
YSSZ04,GLSZ02,1,0.22375374396209552,0.0,1.2237537439620956
YSSZ04,GLSZ03,1,0.38623166450014484,0.0,1.386231664500145
YSSZ04,GLSZ04,1,0.4350127016776556,0.0,1.4350127016776555
YSSZ04,GLSZ05,1,0.4181078818214818,0.0,1.4181078818214818
YSSZ04,HGSZ01,1,0.29034035032778954,0.0,1.2903403503277895
YSSZ04,HGSZ06,1,0.5723885296574633,0.0,1.5723885296574633
YSSZ04,HGSZ08,1,0.3142251915919683,0.0,1.3142251915919683
YSSZ04,HGSZ09,1,0.0320757482550763,0.0,1.0320757482550762
YSSZ04,JESZ03,2,0.7189323693455338,0.0,2.718932369345534
YSSZ04,JESZ05,3,0.878516000353882,0.0,3.878516000353882
YSSZ04,JWSZ06,1,0.1626510603539772,0.0,1.1626510603539773
YSSZ04,JWSZ08,1,0.7521895395826953,0.0,1.7521895395826954
YSSZ04,KLSZ06,1,0.36100572613488785,0.0,1.3610057261348878
YSSZ04,KLSZ08,1,0.34560115725166923,0.0,1.3456011572516693
YSSZ04,MDSZ02,1,0.29453554775060414,0.0,1.2945355477506042
YSSZ04,NTSZ03,1,0.0883339727472772,0.0,1.0883339727472772
YSSZ04,NVSZ01,1,0.8572690384775353,0.0,1.8572690384775354
YSSZ04,NVSZ02,4,1.0871188322905196,0.0,5.087118832290519
YSSZ04,ORSZ01,1,0.05812354640356368,0.0,1.0581235464035637
YSSZ04,ORSZ02,7,1.1174481749321052,0.0,8.117448174932106
YSSZ04,ORSZ03,2,0.4523199470318598,0.0,2.4523199470318597
YSSZ04,OTSZ01,1,0.05557477973479803,0.0,1.055574779734798
YSSZ04,OTSZ03,3,0.7626312399830039,0.0,3.762631239983004
YSSZ04,PGSZ02,1,0.3434172702070392,0.0,1.3434172702070393
YSSZ04,PGSZ04,1,0.7444860691810103,0.0,1.7444860691810105
YSSZ04,PLSZ04,1,0.059759790163862556,0.0,1.0597597901638625
YSSZ04,PRSZ06,1,0.18340642488493586,0.0,1.1834064248849359
YSSZ04,QTSZ08,2,0.6641536906100061,0.0,2.6641536906100063
YSSZ04,QTSZ11,1,0.22780899543585054,0.0,1.2278089954358506
YSSZ04,RCSZ01,1,0.15151204662958798,0.0,1.151512046629588
YSSZ04,SBSZ03,3,0.9713522714384919,0.0,3.9713522714384917
YSSZ04,SBSZ05,2,0.19799085125683683,0.0,2.197990851256837
YSSZ04,SBSZ08,1,0.12043013089220622,0.0,1.1204301308922062
YSSZ04,SBSZ09,1,0.7396162467368557,0.0,1.7396162467368557
YSSZ04,SESZ02,1,0.4502035130937901,0.0,1.45020351309379
YSSZ04,SESZ03,1,0.6690862792004515,0.0,1.6690862792004515
YSSZ04,SESZ05,1,0.40177583448205295,0.0,1.401775834482053
YSSZ04,SGSZ01,1,0.5441803206937786,0.0,1.5441803206937785
YSSZ04,SGSZ03,2,0.6253597640222233,0.0,2.6253597640222233
YSSZ04,SLSZ01,1,0.43991981562515686,0.0,1.439919815625157
YSSZ04,SRSZ02,1,0.07341394501289843,0.0,1.0734139450128983
YSSZ04,TMSZ02,1,0.6112953908740726,0.0,1.6112953908740726
YSSZ04,TMSZ04,1,0.3918192829573609,0.0,1.391819282957361
YSSZ04,TMSZ05,1,0.42121405326896694,0.0,1.421214053268967
YSSZ04,TPSZ06,1,0.3434482455703321,0.0,1.343448245570332
YSSZ04,TPSZ07,1,0.09642256473062406,0.0,1.096422564730624
YSSZ04,TPSZ12,1,0.20854645977033853,0.0,1.2085464597703386
YSSZ04,WCSZ01,3,0.763395393719189,0.0,3.763395393719189
YSSZ04,WDSZ01,1,0.14539268652360746,0.0,1.1453926865236075
YSSZ04,WDSZ02,1,0.6316610515097725,0.0,1.6316610515097725
YSSZ04,WDSZ03,3,1.3042500848171656,0.0,4.304250084817165
YSSZ04,WDSZ05,1,0.4214762028721621,0.0,1.4214762028721621
YSSZ04,YSSZ01,8,1.410287585291962,6.683170703720995,16.093458289012958
YSSZ04,YSSZ02,1,0.6644785342921818,0.8246826341035671,2.489161168395749
YSSZ04,YSSZ03,5,2.3945685795544844,4.23044260032039,11.625011179874875
YSSZ04,YSSZ04,8,4.652686524053813,28.36461609516482,41.01730261921863
YSSZ04,YSSZ05,3,1.915703043915805,0.48715292251865416,5.402855966434459
YSSZ04,YSSZ08,4,0.6862023856653452,1.2140885545968632,5.900290940262208
YSSZ04,YSSZ09,6,1.8970947708909203,4.208490416407217,12.105585187298137
YSSZ05,AMSZ01,1,0.6229594777001686,0.0,1.6229594777001686
YSSZ05,AMSZ10,1,0.37941467772919857,0.026492109029979803,1.4059067867591786
YSSZ05,AMSZ12,1,0.11153484185061464,0.07194533512561796,1.1834801769762326
YSSZ05,BDSZ01,1,0.2485016046240454,0.0,1.2485016046240454
YSSZ05,BMSZ01,1,0.2666391416878037,0.0,1.2666391416878038
YSSZ05,BMSZ05,3,0.42018024430100226,0.0,3.4201802443010023
YSSZ05,BPSZ05,1,0.3039807614484046,0.0,1.3039807614484045
YSSZ05,BSSZ01,1,0.7376836199210522,0.0,1.7376836199210524
YSSZ05,BTSZ01,1,0.35347565782848295,0.0,1.353475657828483
YSSZ05,CHSZ03,1,0.5919949720544695,0.0,1.5919949720544695
YSSZ05,CLSZ01,1,0.16704480338391378,0.0,1.1670448033839138
YSSZ05,DTSZ01,1,0.261917168271316,0.0,1.261917168271316
YSSZ05,DTSZ02,1,0.20534801226575305,0.0,1.2053480122657532
YSSZ05,DTSZ03,1,0.22496132240423475,0.0,1.2249613224042348
YSSZ05,KLSZ09,1,0.03926947065406395,0.0,1.039269470654064
YSSZ05,ORSZ02,4,0.660810059527256,0.0,4.660810059527256
YSSZ05,ORSZ03,1,0.21460254875806714,0.0,1.2146025487580672
YSSZ05,OTSZ03,1,0.4083535222470321,0.0,1.408353522247032
YSSZ05,OTSZ04,1,0.08126043387651061,0.0,1.0812604338765106
YSSZ05,PRSZ06,1,0.17804344109086565,0.0,1.1780434410908656
YSSZ05,QTSZ08,3,0.5382467523923652,0.0,3.5382467523923653
YSSZ05,QTSZ09,1,0.026200778400552353,0.0,1.0262007784005525
YSSZ05,QTSZ10,1,0.25728886110633004,0.0,1.25728886110633
YSSZ05,QTSZ11,1,0.1875170935458501,0.0,1.18751709354585
YSSZ05,QTSZ14,1,0.4304657316661385,0.0,1.4304657316661384
YSSZ05,RCSZ01,1,0.11450436414355118,0.0,1.1145043641435513
YSSZ05,SBSZ04,1,0.427814252136792,0.0,1.427814252136792
YSSZ05,SESZ06,2,1.5182534398811514,0.0,3.5182534398811516
YSSZ05,SKSZ04,1,0.22119082699492332,0.0,1.2211908269949232
YSSZ05,TMSZ05,1,0.30537409364844575,0.0,1.3053740936484457
YSSZ05,TPSZ02,1,0.28241834740391386,0.0,1.282418347403914
YSSZ05,TPSZ12,1,0.12760623188824124,0.0,1.1276062318882412
YSSZ05,WCSZ01,1,0.29807624220886675,0.0,1.2980762422088667
YSSZ05,WDSZ01,1,0.07055697323094336,0.0,1.0705569732309435
YSSZ05,WDSZ02,2,0.3666479643122124,0.0,2.3666479643122122
YSSZ05,WDSZ09,1,0.12475297518776125,0.0,1.1247529751877612
YSSZ05,YSSZ01,4,0.5032212995558697,0.5104431993225291,5.0136644988783985
YSSZ05,YSSZ02,1,0.21435752645654446,0.11485495724894032,1.3292124837054848
YSSZ05,YSSZ03,2,1.2337613355728017,0.3706567959745703,3.604418131547372
YSSZ05,YSSZ04,2,1.8185963512112076,0.8181721406572262,4.636768491868434
YSSZ05,YSSZ05,1,2.17730387933802,4.405235621642646,7.5825395009806655
YSSZ05,YSSZ08,5,0.41119909058163684,1.43000089913708,6.841199989718717
YSSZ05,YSSZ09,2,0.8666698075115118,0.25433461341244656,3.1210044209239585
YSSZ06,AMSZ06,1,0.0,0.0,1.0
YSSZ06,AMSZ10,1,0.0,0.0,1.0
YSSZ06,BMSZ05,1,0.0,0.0,1.0
YSSZ06,BTSZ01,1,0.0,0.0,1.0
YSSZ06,CKSZ03,1,0.0,0.0,1.0
YSSZ06,DTSZ11,1,0.0,0.0,1.0
YSSZ06,HGSZ02,1,0.0,0.0,1.0
YSSZ06,MDSZ02,1,0.0,0.0,1.0
YSSZ06,MDSZ03,1,0.0,0.0,1.0
YSSZ06,PGSZ03,1,0.0,0.0,1.0
YSSZ06,QTSZ14,1,0.0,0.0,1.0
YSSZ06,SBSZ01,1,0.0,0.0,1.0
YSSZ06,YSSZ01,2,0.0,0.0,2.0
YSSZ07,AMSZ02,1,0.0,0.0,1.0
YSSZ07,CKSZ01,1,0.0,0.0,1.0
YSSZ07,OTSZ03,1,0.0,0.0,1.0
YSSZ07,QTSZ01,1,0.0,0.0,1.0
YSSZ07,TMSZ02,1,0.0,0.0,1.0
YSSZ07,WDSZ05,1,0.0,0.0,1.0
YSSZ07,YSSZ03,1,0.0,0.0,1.0
YSSZ07,YSSZ09,2,0.0,0.0,2.0
YSSZ08,AMSZ01,1,0.21290694361048093,0.0,1.212906943610481
YSSZ08,AMSZ02,1,0.13320726606738156,0.0,1.1332072660673815
YSSZ08,AMSZ10,2,0.15973442241128186,0.0,2.1597344224112818
YSSZ08,AMSZ12,2,0.13065366025817665,0.0,2.1306536602581767
YSSZ08,BDSZ04,1,0.13188008601419274,0.0,1.1318800860141927
YSSZ08,BDSZ05,1,0.1423777289567322,0.0,1.1423777289567323
YSSZ08,BKSZ05,1,0.16157056306159293,0.0,1.161570563061593
YSSZ08,BMSZ09,1,0.003427429921598662,0.0,1.0034274299215986
YSSZ08,BSSZ03,2,0.22392690956858313,0.0,2.223926909568583
YSSZ08,BTSZ01,2,0.2899942967744702,0.0,2.28999429677447
YSSZ08,DTSZ08,1,0.07374220140475367,0.0,1.0737422014047537
YSSZ08,DTSZ09,1,0.06703021566836379,0.0,1.0670302156683638
YSSZ08,DTSZ11,2,0.05475881109025142,0.0,2.0547588110902515
YSSZ08,GLSZ05,1,0.08467784032580407,0.0,1.0846778403258042
YSSZ08,HGSZ09,1,0.002196937159415158,0.0,1.0021969371594153
YSSZ08,JESZ05,1,0.16311310826552108,0.0,1.163113108265521
YSSZ08,KLSZ09,1,0.022397914210649444,0.0,1.0223979142106494
YSSZ08,MDSZ02,1,0.03492044069246554,0.0,1.0349204406924655
YSSZ08,MUSZ01,1,0.03501119388435656,0.0,1.0350111938843565
YSSZ08,NVSZ02,5,0.3846607392661291,0.0,5.384660739266129
YSSZ08,ORSZ02,3,0.24146204418368472,0.0,3.2414620441836846
YSSZ08,ORSZ03,1,0.08437549951843938,0.0,1.0843754995184394
YSSZ08,OTSZ03,1,0.11000528568486283,0.0,1.1100052856848628
YSSZ08,PGSZ01,1,0.0630020197585928,0.0,1.0630020197585928
YSSZ08,PGSZ04,1,0.16496129131939422,0.0,1.1649612913193943
YSSZ08,PRSZ03,1,0.1858147867951973,0.0,1.1858147867951974
YSSZ08,QTSZ09,1,0.008702532192948212,0.0,1.0087025321929481
YSSZ08,QTSZ11,2,0.10125177471828886,0.0,2.101251774718289
YSSZ08,QTSZ13,1,0.06943280234632057,0.0,1.0694328023463207
YSSZ08,QTSZ14,1,0.1239356444043249,0.0,1.123935644404325
YSSZ08,SBSZ03,3,0.22934719946701157,0.2296240847725894,3.4589712842396008
YSSZ08,SBSZ04,1,0.23915757291577608,0.0,1.239157572915776
YSSZ08,SESZ03,1,0.2345736817721813,0.0,1.2345736817721813
YSSZ08,SKSZ01,1,0.0612161485466044,0.0,1.0612161485466043
YSSZ08,SVSZ01,1,0.07456725583404913,0.0,1.074567255834049
YSSZ08,TMSZ02,1,0.18777984488507013,0.0,1.18777984488507
YSSZ08,TMSZ04,2,0.18348540954113152,0.0,2.1834854095411314
YSSZ08,TPSZ02,1,0.12784417867834771,0.0,1.1278441786783477
YSSZ08,TPSZ12,1,0.05284351668082082,0.0,1.0528435166808208
YSSZ08,WCSZ01,1,0.09660445863102174,0.0,1.0966044586310217
YSSZ08,WDSZ01,1,0.036716505621477644,0.0,1.0367165056214775
YSSZ08,WDSZ02,3,0.12544137154132595,0.0,3.125441371541326
YSSZ08,WDSZ03,4,0.480485175786943,0.0,4.480485175786943
YSSZ08,YSSZ01,4,0.2914572382657993,0.4035392018664699,4.694996440132269
YSSZ08,YSSZ02,1,0.12107217204369496,0.09317841757096336,1.2142505896146583
YSSZ08,YSSZ03,3,0.7381027261898032,0.3296086188263454,4.067711345016148
YSSZ08,YSSZ05,3,0.33045113504002227,0.38220906354975587,3.712660198589778
YSSZ08,YSSZ08,1,0.1132129312671146,3.7971753470663034,4.910388278333418
YSSZ08,YSSZ09,6,0.6105090877573213,0.7663048749468725,7.376813962704193
YSSZ09,AMSZ01,9,1.9913834230434297,0.0,10.99138342304343
YSSZ09,AMSZ05,2,0.6058210436663349,0.0,2.605821043666335
YSSZ09,AMSZ06,1,0.6224784483742988,0.0,1.6224784483742987
YSSZ09,AMSZ07,1,0.4227806845581185,0.0,1.4227806845581186
YSSZ09,AMSZ09,1,0.5024949885036508,0.0,1.502494988503651
YSSZ09,AMSZ10,1,0.38899603540366673,0.0,1.3889960354036668
YSSZ09,AMSZ11,1,0.08717259548929389,0.0,1.087172595489294
YSSZ09,AMSZ12,1,0.23030575273849763,0.0,1.2303057527384977
YSSZ09,BDSZ04,2,0.763314799338847,0.0,2.763314799338847
YSSZ09,BDSZ05,1,0.5299577850012303,0.0,1.5299577850012303
YSSZ09,BKSZ01,1,0.16937319362382824,0.0,1.1693731936238283
YSSZ09,BKSZ04,1,0.20887835003316954,0.0,1.2088783500331695
YSSZ09,BKSZ05,3,1.9806495985236054,0.0,4.9806495985236054
YSSZ09,BKSZ08,2,0.1274449311265861,0.0,2.127444931126586
YSSZ09,BLSZ02,1,0.10253029418643732,0.0,1.1025302941864372
YSSZ09,BMSZ01,2,0.5753261801145297,0.0,2.57532618011453
YSSZ09,BMSZ02,1,0.29723811752601403,0.0,1.297238117526014
YSSZ09,BMSZ04,1,0.19199362259712097,0.0,1.191993622597121
YSSZ09,BMSZ05,2,0.4422559225361222,0.0,2.4422559225361224
YSSZ09,BMSZ06,2,0.5715097283845186,0.0,2.5715097283845187
YSSZ09,BMSZ09,1,0.054660896873962105,0.0,1.0546608968739621
YSSZ09,BPSZ04,1,0.4169339125412185,0.0,1.4169339125412184
YSSZ09,BSSZ01,5,1.781107078540528,0.0,6.781107078540528
YSSZ09,BSSZ02,2,0.7550346210733301,0.0,2.75503462107333
YSSZ09,BSSZ03,1,0.5738499159904237,0.0,1.5738499159904236
YSSZ09,BTSZ01,1,0.4081249278207663,0.0,1.4081249278207664
YSSZ09,BTSZ05,1,0.1251398785608131,0.0,1.125139878560813
YSSZ09,CHSZ02,2,0.23115395476760425,0.0,2.2311539547676045
YSSZ09,CKSZ03,3,1.6255237076710267,0.0,4.625523707671027
YSSZ09,CKSZ06,1,0.43949340906594225,0.0,1.4394934090659421
YSSZ09,CLSZ01,1,0.17385863416080458,0.0,1.1738586341608046
YSSZ09,CLSZ03,2,0.5073205955569627,0.0,2.507320595556963
YSSZ09,DTSZ01,1,0.4351211059051488,0.0,1.4351211059051487
YSSZ09,DTSZ02,3,0.6315930735886156,0.0,3.6315930735886157
YSSZ09,DTSZ03,2,0.5648893103612421,0.0,2.564889310361242
YSSZ09,DTSZ05,4,0.8258952445456083,0.0,4.825895244545608
YSSZ09,DTSZ08,4,0.4007968155922126,0.0,4.400796815592212
YSSZ09,DTSZ09,1,0.18613133208918678,0.0,1.1861313320891869
YSSZ09,DTSZ10,1,0.034850240062465794,0.0,1.0348502400624657
YSSZ09,DTSZ11,5,0.43903376219468726,0.0,5.439033762194687
YSSZ09,GLSZ02,2,0.34038426434074753,0.0,2.3403842643407478
YSSZ09,GLSZ03,2,0.8552116647999344,0.0,2.8552116647999344
YSSZ09,GLSZ04,1,0.5151969196349946,0.0,1.5151969196349946
YSSZ09,GLSZ05,5,1.358267010781604,0.0,6.358267010781604
YSSZ09,HGSZ02,1,0.5126119419135571,0.0,1.512611941913557
YSSZ09,HGSZ05,1,0.7243174177176693,0.0,1.7243174177176694
YSSZ09,HGSZ06,4,2.238841475959094,0.0,6.238841475959094
YSSZ09,HGSZ08,1,0.448269355461354,0.0,1.448269355461354
YSSZ09,JESZ03,1,0.5830598331801116,0.0,1.5830598331801116
YSSZ09,JESZ05,5,0.8769650285554833,0.0,5.8769650285554835
YSSZ09,JESZ06,1,0.09849541831006864,0.0,1.0984954183100686
YSSZ09,JWSZ08,1,0.8750251585606701,0.0,1.87502515856067
YSSZ09,JWSZ09,1,0.5831174545155999,0.0,1.5831174545156
YSSZ09,KLSZ03,2,0.1152554220863939,0.0,2.1152554220863937
YSSZ09,KLSZ05,1,0.2950443579508363,0.0,1.2950443579508364
YSSZ09,KLSZ06,2,0.5294205203055298,0.0,2.5294205203055298
YSSZ09,KLSZ07,1,0.4695190856299021,0.0,1.469519085629902
YSSZ09,MDSZ03,3,0.0,0.0,3.0
YSSZ09,MPSZ02,1,0.588608198517847,0.0,1.5886081985178468
YSSZ09,MPSZ03,2,0.8772052922381411,0.0,2.8772052922381413
YSSZ09,MUSZ01,2,0.24561042473164219,0.0,2.245610424731642
YSSZ09,NTSZ03,1,0.11108939388727533,0.0,1.1110893938872752
YSSZ09,NVSZ01,1,0.7106389792378706,0.0,1.7106389792378707
YSSZ09,NVSZ02,7,0.8969022663533385,0.0,7.896902266353338
YSSZ09,ORSZ02,10,1.3348394754620974,0.0,11.334839475462097
YSSZ09,ORSZ03,2,0.38587621958638757,0.0,2.3858762195863874
YSSZ09,OTSZ03,6,0.6633352111018698,0.0,6.66333521110187
YSSZ09,PGSZ04,2,1.2829304744573176,0.0,3.2829304744573173
YSSZ09,PLSZ04,1,0.053639287875163144,0.0,1.0536392878751633
YSSZ09,PNSZ02,1,0.0,0.0,1.0
YSSZ09,PRSZ03,1,0.6534459755729948,0.0,1.6534459755729949
YSSZ09,QTSZ08,1,0.346858950755069,0.0,1.346858950755069
YSSZ09,QTSZ11,3,0.5485316609247467,0.0,3.5485316609247466
YSSZ09,QTSZ13,1,0.3910313902471274,0.0,1.3910313902471274
YSSZ09,QTSZ14,3,0.4713825948082692,0.0,3.471382594808269
YSSZ09,RCSZ01,2,0.25459915986325005,0.0,2.25459915986325
YSSZ09,RCSZ03,1,0.11662913561859242,0.0,1.1166291356185924
YSSZ09,RCSZ09,1,0.10685512806387408,0.0,1.106855128063874
YSSZ09,RCSZ10,2,0.3428607152954531,0.0,2.342860715295453
YSSZ09,SBSZ01,4,1.4497438064592805,1.8193674746074626,7.269111281066743
YSSZ09,SBSZ02,3,1.6645960917990603,2.560121848138496,7.224717939937556
YSSZ09,SBSZ03,11,2.26340540318823,4.120779330733131,17.384184733921362
YSSZ09,SBSZ04,4,1.6106732852288819,2.4043042779838655,8.014977563212748
YSSZ09,SBSZ07,1,0.0,0.0,1.0
YSSZ09,SBSZ08,1,0.16828107837219636,0.0,1.1682810783721964
YSSZ09,SESZ03,5,1.4266811078165063,0.0,6.426681107816506
YSSZ09,SESZ04,1,0.8407157408693958,0.0,1.840715740869396
YSSZ09,SESZ06,2,2.0593361186476002,0.0,4.0593361186476
YSSZ09,SGSZ01,1,0.5807788413189643,0.0,1.5807788413189643
YSSZ09,SGSZ02,1,0.18284877221217008,0.0,1.18284877221217
YSSZ09,SGSZ06,2,0.609448364797236,0.0,2.609448364797236
YSSZ09,TMSZ04,3,1.184733542965971,0.0,4.184733542965971
YSSZ09,TMSZ05,3,1.0935719061098386,0.0,4.093571906109839
YSSZ09,TNSZ02,2,0.31495763839067614,0.0,2.314957638390676
YSSZ09,TNSZ04,1,0.19345898798763983,0.0,1.1934589879876398
YSSZ09,TPSZ01,1,0.30255940151067195,0.0,1.3025594015106718
YSSZ09,TPSZ06,4,1.5947095767894606,0.0,5.594709576789461
YSSZ09,TPSZ12,1,0.2275277995561299,0.0,1.22752779955613
YSSZ09,TSSZ03,1,0.08309255503075795,0.0,1.083092555030758
YSSZ09,TSSZ06,1,0.054770749980937956,0.0,1.054770749980938
YSSZ09,WCSZ01,6,0.43243006283593055,0.0,6.43243006283593
YSSZ09,WDSZ01,2,0.24598721533561244,0.0,2.2459872153356124
YSSZ09,WDSZ02,12,1.4762285885649324,0.0,13.476228588564933
YSSZ09,WDSZ03,6,1.7223305447196742,0.9515802376221522,8.673910782341826
YSSZ09,WDSZ06,2,0.5457175616844632,0.0,2.545717561684463
YSSZ09,WDSZ07,1,0.07359147241325437,0.0,1.0735914724132543
YSSZ09,WDSZ08,1,0.4069806300761406,0.0,1.4069806300761405
YSSZ09,WDSZ09,1,0.2644067611783771,0.0,1.2644067611783771
YSSZ09,YSSZ01,13,1.8631801068461964,17.08810567068501,31.951285777531204
YSSZ09,YSSZ02,9,2.3053041203859035,9.036716403934303,20.342020524320205
YSSZ09,YSSZ03,8,3.929930271684262,5.749526158309192,17.679456429993454
YSSZ09,YSSZ04,4,1.532460571160195,2.784997319933971,8.317457891094167
YSSZ09,YSSZ05,1,0.42009169839451505,0.07192566325586418,1.4920173616503793
YSSZ09,YSSZ07,2,0.21009548827043775,0.0,2.210095488270438
YSSZ09,YSSZ08,5,0.6051613570826819,0.8453827626374752,6.450544119720158
YSSZ09,YSSZ09,18,5.835922604299606,41.591694209168516,65.42761681346812
