ORIGIN_SUBZONE,DESTINATION_SUBZONE,PT_COUNT,VH_COUNT,WK_COUNT,COUNT
AMSZ01,AMSZ01,4,5.6808279842658065,44.45813711598134,54.13896510024715
AMSZ01,AMSZ02,5,1.4645292617444445,2.709506732685482,9.174035994429927
AMSZ01,AMSZ03,12,1.7883753693963227,2.015700515472338,15.804075884868661
AMSZ01,AMSZ04,4,0.7728472807464692,0.4701103351530195,5.242957615899488
AMSZ01,AMSZ05,4,1.7580869421182481,1.4344543711570046,7.192541313275252
AMSZ01,AMSZ06,8,1.9474475334162193,0.46984823066012227,10.417295764076343
AMSZ01,AMSZ07,3,1.6514541701489125,0.0,4.651454170148913
AMSZ01,AMSZ09,8,1.08264554970857,0.303769572585676,9.386415122294245
AMSZ01,AMSZ10,3,0.9128533882796527,0.06549478964826856,3.9783481779279213
AMSZ01,AMSZ11,1,0.13858430183171125,0.030336825115363453,1.1689211269470747
AMSZ01,AMSZ12,5,0.7985635951843347,0.6610806638469074,6.459644259031242
AMSZ01,BDSZ01,2,1.101543509107018,0.0,3.1015435091070183
AMSZ01,BDSZ03,1,0.6384467960376095,0.0,1.6384467960376095
AMSZ01,BDSZ04,2,0.8073123089367981,0.0,2.807312308936798
AMSZ01,BDSZ06,1,0.7199122512819845,0.0,1.7199122512819844
AMSZ01,BKSZ09,1,0.38121130256597935,0.0,1.3812113025659793
AMSZ01,BMSZ14,1,0.14113129956212844,0.0,1.1411312995621286
AMSZ01,BPSZ03,1,0.36550075235449103,0.0,1.365500752354491
AMSZ01,BSSZ01,12,3.8858461014475525,0.4588699948894124,16.344716096336963
AMSZ01,BSSZ02,3,2.176405377597492,0.2188593184789967,5.395264696076489
AMSZ01,BTSZ01,1,0.49542030028399014,0.0,1.49542030028399
AMSZ01,BTSZ05,1,0.21063607945556906,0.0,1.210636079455569
AMSZ01,CHSZ03,2,1.3982437597749529,0.0,3.398243759774953
AMSZ01,CKSZ03,4,1.6444448974251578,0.0,5.644444897425158
AMSZ01,CKSZ04,1,0.25582489951419585,0.0,1.2558248995141958
AMSZ01,CKSZ05,1,0.2043513572493623,0.0,1.2043513572493623
AMSZ01,CKSZ06,1,0.4349296814453649,0.0,1.434929681445365
AMSZ01,CLSZ03,1,0.42478143746365016,0.0,1.42478143746365
AMSZ01,CLSZ04,1,0.2800562810704331,0.0,1.2800562810704332
AMSZ01,CLSZ05,1,0.2336871291981787,0.0,1.2336871291981786
AMSZ01,DTSZ02,3,0.8828505840535664,0.0,3.8828505840535663
AMSZ01,DTSZ09,2,0.23492758576086273,0.0,2.234927585760863
AMSZ01,DTSZ12,1,0.16875281015980698,0.0,1.168752810159807
AMSZ01,GLSZ02,2,0.4583237615700545,0.0,2.4583237615700546
AMSZ01,HGSZ01,1,0.34537933076335,0.0,1.34537933076335
AMSZ01,HGSZ02,2,1.4120180163661011,0.0,3.412018016366101
AMSZ01,HGSZ03,1,0.7281386770841648,0.0,1.7281386770841647
AMSZ01,HGSZ04,8,3.7518026661365487,0.0,11.751802666136548
AMSZ01,HGSZ05,1,0.7821075293020726,0.0,1.7821075293020727
AMSZ01,HGSZ06,7,2.1192348558408387,0.0,9.119234855840839
AMSZ01,HGSZ07,4,0.7911827844841521,0.0,4.791182784484152
AMSZ01,HGSZ08,2,0.7468061301623395,0.0,2.7468061301623394
AMSZ01,JESZ05,1,0.3112788776927941,0.0,1.3112788776927942
AMSZ01,JWSZ02,1,0.30571032544677135,0.0,1.3057103254467712
AMSZ01,JWSZ04,1,0.5245012013999603,0.0,1.5245012013999601
AMSZ01,JWSZ08,1,0.6418017750580491,0.0,1.6418017750580491
AMSZ01,KLSZ01,1,0.8281439335316625,0.0,1.8281439335316625
AMSZ01,KLSZ02,1,0.2165774491477438,0.0,1.216577449147744
AMSZ01,KLSZ05,1,0.21520633971075068,0.0,1.2152063397107506
AMSZ01,KLSZ06,1,0.5665086407243757,0.0,1.5665086407243756
AMSZ01,MUSZ01,1,0.30216798385640753,0.0,1.3021679838564075
AMSZ01,NTSZ03,1,0.12908729232776328,0.0,1.1290872923277633
AMSZ01,NVSZ01,1,1.1425450530938785,0.0,2.1425450530938788
AMSZ01,NVSZ02,3,0.957145370059327,0.0,3.957145370059327
AMSZ01,ORSZ02,5,1.0260332764282676,0.0,6.026033276428268
AMSZ01,OTSZ03,4,1.2119179041636947,0.0,5.211917904163695
AMSZ01,OTSZ04,1,0.08508732736100588,0.0,1.085087327361006
AMSZ01,PGSZ02,1,0.5328315833875176,0.0,1.5328315833875177
AMSZ01,PGSZ03,3,0.9699682338038382,0.0,3.9699682338038382
AMSZ01,PGSZ04,2,1.3467244575819148,0.0,3.3467244575819146
AMSZ01,PGSZ05,3,1.6396836834413082,0.0,4.639683683441309
AMSZ01,PLSZ04,1,0.0622984641589263,0.0,1.0622984641589264
AMSZ01,PRSZ05,1,0.6997696773249689,0.0,1.6997696773249689
AMSZ01,PRSZ08,1,0.20629917603013578,0.0,1.2062991760301358
AMSZ01,QTSZ05,1,0.35781839940458354,0.0,1.3578183994045836
AMSZ01,QTSZ08,1,0.4298502648349815,0.0,1.4298502648349816
AMSZ01,QTSZ10,1,0.4005303693678897,0.0,1.4005303693678897
AMSZ01,QTSZ11,2,0.6733960456035932,0.0,2.6733960456035932
AMSZ01,RCSZ01,1,0.18420943115412888,0.0,1.184209431154129
AMSZ01,RCSZ03,1,0.0737634376593201,0.0,1.0737634376593201
AMSZ01,SBSZ01,2,0.8814877750849628,0.0,2.881487775084963
AMSZ01,SBSZ03,5,0.702895055208082,0.0,5.702895055208082
AMSZ01,SBSZ04,1,0.44138147006523754,0.0,1.4413814700652376
AMSZ01,SBSZ05,1,0.032148826485537185,0.0,1.0321488264855372
AMSZ01,SESZ02,3,1.6191685040318426,0.0,4.619168504031842
AMSZ01,SESZ03,4,1.9366409975334988,0.0,5.936640997533499
AMSZ01,SESZ04,9,1.5675616889192878,0.0,10.567561688919287
AMSZ01,SESZ05,1,0.43095599289354714,0.0,1.4309559928935471
AMSZ01,SESZ06,5,3.417300825687883,0.0,8.417300825687883
AMSZ01,SGSZ01,2,1.6914232079374627,0.527585705323188,4.219008913260651
AMSZ01,SGSZ02,1,0.4201263761481608,0.0,1.4201263761481608
AMSZ01,SGSZ03,6,2.641678957107948,0.12583378680521393,8.767512743913162
AMSZ01,SGSZ04,13,2.194406343501114,0.9464319025532517,16.140838246054365
AMSZ01,SGSZ05,1,0.5241374500084847,0.10415159392551182,1.6282890439339965
AMSZ01,SGSZ06,3,0.9162689306344249,0.0,3.916268930634425
AMSZ01,SGSZ07,1,0.35167856030854705,0.0,1.351678560308547
AMSZ01,SRSZ01,1,0.2786368186983257,0.0,1.2786368186983257
AMSZ01,SRSZ02,1,0.07508097751831776,0.0,1.0750809775183177
AMSZ01,TMSZ04,7,1.5282363897059257,0.0,8.528236389705926
AMSZ01,TPSZ01,1,0.5976556069193811,0.0,1.597655606919381
AMSZ01,TPSZ02,2,0.9897047813684676,0.0,2.9897047813684674
AMSZ01,TPSZ03,1,0.39473163733613653,0.0,1.3947316373361365
AMSZ01,TPSZ04,1,0.18175274954646722,0.0,1.1817527495464673
AMSZ01,TPSZ06,6,0.9330029459564587,0.0,6.933002945956459
AMSZ01,TPSZ07,1,0.1648255286466866,0.0,1.1648255286466866
AMSZ01,TPSZ10,1,0.3455753212950752,0.0,1.3455753212950752
AMSZ01,WDSZ02,7,1.155600758612264,0.0,8.155600758612264
AMSZ01,WDSZ03,4,1.7206076057280721,0.0,5.720607605728072
AMSZ01,WDSZ05,1,0.4520079838923245,0.0,1.4520079838923245
AMSZ01,WDSZ06,1,0.2902479285457568,0.0,1.2902479285457569
AMSZ01,YSSZ02,2,0.573949001459225,0.0,2.573949001459225
AMSZ01,YSSZ04,3,0.5763045418638351,0.0,3.576304541863835
AMSZ01,YSSZ05,1,0.4668851765049785,0.0,1.4668851765049786
AMSZ01,YSSZ08,1,0.2071187655033368,0.0,1.2071187655033369
AMSZ01,YSSZ09,10,2.0405329153041474,0.0,12.040532915304148
AMSZ02,AMSZ01,8,1.9727517830077708,3.7906021920880084,13.763353975095779
AMSZ02,AMSZ02,7,0.8026132942458678,43.65138980121648,51.45400309546235
AMSZ02,AMSZ05,1,0.7924603322477329,0.22257842641210437,2.0150387586598373
AMSZ02,AMSZ06,1,0.592284576475115,0.13996071017120243,1.7322452866463174
AMSZ02,AMSZ10,3,0.7483948228289923,0.1224910124754337,3.870885835304426
AMSZ02,AMSZ11,1,0.07737958456366481,0.07163381173442372,1.1490133962980886
AMSZ02,AMSZ12,1,0.1813651104226668,0.6437307873000688,1.8250958977227356
AMSZ02,BDSZ01,2,0.4489363078200668,0.0,2.448936307820067
AMSZ02,BDSZ03,1,0.42776636156083075,0.0,1.4277663615608307
AMSZ02,BDSZ04,1,0.33547994266300707,0.0,1.335479942663007
AMSZ02,BKSZ07,1,0.19159967792235927,0.0,1.1915996779223592
AMSZ02,BMSZ01,2,0.3829137707037738,0.0,2.382913770703774
AMSZ02,BMSZ08,1,0.12021454111947605,0.0,1.1202145411194762
AMSZ02,BMSZ12,3,0.39668004122751127,0.0,3.396680041227511
AMSZ02,BMSZ15,1,0.1073710955702728,0.0,1.1073710955702727
AMSZ02,BMSZ17,1,0.28324961332512427,0.0,1.2832496133251243
AMSZ02,BSSZ01,5,1.2323944738852688,0.393408608440735,6.625803082326004
AMSZ02,BSSZ02,1,0.5810112622973392,0.1482929303947437,1.729304192692083
AMSZ02,BSSZ03,1,0.41496404271784415,0.2707056538698043,1.6856696965876485
AMSZ02,CHSZ02,1,0.16448980699076265,0.0,1.1644898069907628
AMSZ02,CKSZ06,1,0.27007302709419967,0.0,1.2700730270941998
AMSZ02,CLSZ04,1,0.17887191350117254,0.0,1.1788719135011725
AMSZ02,CLSZ09,2,0.08926303876153054,0.0,2.0892630387615307
AMSZ02,DTSZ01,1,0.28425982562703955,0.0,1.2842598256270397
AMSZ02,DTSZ02,1,0.22993391161529372,0.0,1.2299339116152936
AMSZ02,DTSZ03,5,0.36857783155951235,0.0,5.368577831559512
AMSZ02,DTSZ05,6,0.2385133258323269,0.0,6.238513325832327
AMSZ02,DTSZ08,2,0.25244626377393065,0.0,2.2524462637739306
AMSZ02,DTSZ09,2,0.1715675930716429,0.0,2.171567593071643
AMSZ02,DTSZ10,1,0.03297488581254666,0.0,1.0329748858125467
AMSZ02,DTSZ11,2,0.3184957283968362,0.0,2.318495728396836
AMSZ02,GLSZ03,4,0.5584376302898302,0.0,4.558437630289831
AMSZ02,GLSZ04,1,0.5200212853061569,0.0,1.5200212853061568
AMSZ02,HGSZ04,1,0.31867260962771704,0.0,1.318672609627717
AMSZ02,HGSZ05,1,0.38710015309346946,0.1165654645282288,1.5036656176216983
AMSZ02,HGSZ06,1,0.6054827265961452,0.11333911333295901,1.7188218399291044
AMSZ02,HGSZ08,1,0.2692116346593016,0.0,1.2692116346593016
AMSZ02,JESZ03,1,0.29673357777932324,0.0,1.2967335777793232
AMSZ02,KLSZ06,2,0.3869033177255351,0.0,2.386903317725535
AMSZ02,KLSZ07,1,0.34281680079930965,0.0,1.3428168007993095
AMSZ02,KLSZ08,2,0.38992019294435987,0.0,2.38992019294436
AMSZ02,KLSZ09,1,0.0994292780051693,0.0,1.0994292780051693
AMSZ02,MDSZ02,1,0.09224942638664504,0.0,1.0922494263866451
AMSZ02,MDSZ03,1,0.0,0.0,1.0
AMSZ02,MPSZ03,1,0.3399104000095693,0.0,1.3399104000095692
AMSZ02,NTSZ03,1,0.08332924492469443,0.0,1.0833292449246945
AMSZ02,NVSZ02,4,0.4777558872019459,0.0,4.477755887201946
AMSZ02,NVSZ05,1,0.0,0.0,1.0
AMSZ02,ORSZ02,2,0.45840175566442765,0.0,2.4584017556644278
AMSZ02,ORSZ03,3,0.354813795417875,0.0,3.354813795417875
AMSZ02,OTSZ03,4,0.5638229771923451,0.0,4.563822977192345
AMSZ02,PGSZ02,1,0.20278720061794,0.0,1.20278720061794
AMSZ02,PGSZ04,1,0.612124497038342,0.0,1.6121244970383422
AMSZ02,QTSZ08,1,0.294387352359632,0.0,1.294387352359632
AMSZ02,QTSZ11,1,0.21958256924277814,0.0,1.2195825692427782
AMSZ02,QTSZ13,2,0.22177479981834405,0.0,2.221774799818344
AMSZ02,RCSZ10,1,0.13942174753860803,0.0,1.139421747538608
AMSZ02,SBSZ01,1,0.28681575585575697,0.0,1.286815755855757
AMSZ02,SBSZ03,2,0.39646599807748434,0.0,2.3964659980774843
AMSZ02,SBSZ09,1,0.42316950656035135,0.0,1.4231695065603513
AMSZ02,SESZ03,1,0.8754221446198805,0.0,1.8754221446198804
AMSZ02,SESZ06,1,0.5921825653444951,0.0,1.592182565344495
AMSZ02,SGSZ02,1,0.5512655562296018,0.0,1.5512655562296018
AMSZ02,SGSZ03,2,0.6496560955521287,0.1375087307259108,2.7871648262780395
AMSZ02,SGSZ04,3,1.5004110038304392,0.6278461373027288,5.128257141133169
AMSZ02,SGSZ06,3,0.8267695702028319,0.5501077007012481,4.37687727090408
AMSZ02,SGSZ07,1,0.2332124913378427,0.0,1.2332124913378426
AMSZ02,SISZ01,1,0.3652032318018217,0.0,1.3652032318018217
AMSZ02,TMSZ02,1,0.49434445777335023,0.0,1.4943444577733502
AMSZ02,TMSZ04,1,0.2874434722611387,0.0,1.2874434722611388
AMSZ02,TMSZ05,2,0.45079737265213554,0.0,2.4507973726521355
AMSZ02,TPSZ02,1,0.3677826460639538,0.0,1.3677826460639537
AMSZ02,TPSZ03,1,0.21465147814565155,0.0,1.2146514781456514
AMSZ02,TPSZ04,2,0.22649810798516562,0.0,2.2264981079851656
AMSZ02,TPSZ05,1,0.2340275991191903,0.0,1.2340275991191902
AMSZ02,TPSZ06,2,0.3125574608961375,0.0,2.3125574608961377
AMSZ02,TPSZ07,1,0.10442897926775041,0.0,1.1044289792677504
AMSZ02,TPSZ12,1,0.1652510073196963,0.0,1.1652510073196962
AMSZ02,WCSZ01,1,0.2468936416266582,0.0,1.2468936416266583
AMSZ02,WDSZ01,1,0.11052224200947044,0.0,1.1105222420094705
AMSZ02,WDSZ03,3,0.6137219982235819,0.0,3.613721998223582
AMSZ02,WDSZ07,1,0.05287375437629444,0.0,1.0528737543762945
AMSZ02,YSSZ02,1,0.13482605289979968,0.0,1.1348260528997998
AMSZ02,YSSZ03,1,0.4225866884559442,0.0,1.4225866884559442
AMSZ02,YSSZ07,1,0.06744563716565702,0.0,1.067445637165657
AMSZ02,YSSZ08,1,0.15281311225080732,0.0,1.1528131122508074
AMSZ02,YSSZ09,4,0.7155717252176906,0.0,4.715571725217691
AMSZ03,AMSZ01,15,3.792331399179499,4.011550338301241,22.80388173748074
AMSZ03,AMSZ02,1,0.7177844350778594,1.888897346136381,3.6066817812142404
AMSZ03,AMSZ03,4,1.9256842271048393,16.08147922186104,22.00716344896588
AMSZ03,AMSZ06,1,0.6778483085047262,0.2566952204950643,1.9345435289997905
AMSZ03,AMSZ07,1,0.34557917545737127,0.0,1.3455791754573712
AMSZ03,AMSZ10,1,0.5244120794830592,0.04052988190367686,1.564941961386736
AMSZ03,AMSZ12,2,0.2117345815896443,0.6044407234044608,2.816175304994105
AMSZ03,BKSZ03,1,0.2646989108008538,0.0,1.2646989108008537
AMSZ03,BKSZ07,1,0.19974889940171073,0.0,1.1997488994017107
AMSZ03,BKSZ09,1,0.2534350115646583,0.0,1.2534350115646582
AMSZ03,BMSZ01,1,0.28656761267344494,0.0,1.2865676126734449
AMSZ03,BMSZ11,1,0.1624279130210765,0.0,1.1624279130210766
AMSZ03,BSSZ01,6,1.7629944247108917,0.5177959801067845,8.280790404817676
AMSZ03,BSSZ02,2,0.9933162839416867,0.33239767783800145,3.3257139617796883
AMSZ03,BSSZ03,6,1.206496539356003,2.536338050996553,9.742834590352556
AMSZ03,CHSZ03,1,0.5815866170907315,0.0,1.5815866170907316
AMSZ03,CKSZ03,1,0.25952425196286294,0.0,1.2595242519628629
AMSZ03,CKSZ04,1,0.16788558121666775,0.0,1.1678855812166677
AMSZ03,DTSZ01,1,0.4422587821406466,0.0,1.4422587821406467
AMSZ03,DTSZ02,1,0.25982933878522263,0.0,1.2598293387852226
AMSZ03,DTSZ05,2,0.350678900050803,0.0,2.350678900050803
AMSZ03,DTSZ08,2,0.24916589041540937,0.0,2.2491658904154095
AMSZ03,DTSZ09,1,0.14541801151615316,0.0,1.1454180115161532
AMSZ03,DTSZ11,3,0.42632948648794855,0.0,3.4263294864879486
AMSZ03,DTSZ12,1,0.19970591422886588,0.0,1.199705914228866
AMSZ03,GLSZ02,1,0.27747521279578286,0.0,1.277475212795783
AMSZ03,GLSZ03,4,0.5335609280010951,0.0,4.533560928001095
AMSZ03,GLSZ05,1,0.5992710571603764,0.0,1.5992710571603763
AMSZ03,HGSZ02,1,0.3961661083215096,0.0,1.3961661083215096
AMSZ03,HGSZ05,2,0.8883129013293832,0.15784199351512646,3.0461548948445096
AMSZ03,HGSZ06,1,0.7487970101701541,0.2640173824181703,2.0128143925883246
AMSZ03,JESZ05,2,0.574835076544447,0.0,2.574835076544447
AMSZ03,JWSZ06,1,0.1387975915707074,0.0,1.1387975915707074
AMSZ03,JWSZ09,1,0.4638911657175628,0.0,1.4638911657175628
AMSZ03,KLSZ05,1,0.09752154220428079,0.0,1.0975215422042808
AMSZ03,KLSZ07,3,0.7548777249514768,0.0,3.7548777249514766
AMSZ03,MPSZ02,1,0.27803663929066097,0.0,1.278036639290661
AMSZ03,MUSZ03,1,0.04419875389413139,0.0,1.0441987538941313
AMSZ03,NVSZ01,1,0.9690264776481363,0.0,1.9690264776481363
AMSZ03,NVSZ02,2,0.88837498871349,0.0,2.88837498871349
AMSZ03,NVSZ03,2,0.2254982223649947,0.0,2.225498222364995
AMSZ03,ORSZ02,1,0.3531289912130202,0.0,1.3531289912130202
AMSZ03,OTSZ03,4,0.6054622337540099,0.0,4.60546223375401
AMSZ03,PGSZ01,1,0.20190742817969787,0.0,1.2019074281796978
AMSZ03,PLSZ01,1,0.21051017118680107,0.0,1.2105101711868012
AMSZ03,QTSZ09,1,0.04175710753649004,0.0,1.04175710753649
AMSZ03,QTSZ11,3,0.5347718068847513,0.0,3.534771806884751
AMSZ03,QTSZ13,1,0.20288952019799394,0.0,1.2028895201979939
AMSZ03,QTSZ14,1,0.24977902189172205,0.0,1.249779021891722
AMSZ03,RCSZ10,1,0.20955147770538463,0.0,1.2095514777053846
AMSZ03,SBSZ01,1,0.3610075658904305,0.0,1.3610075658904304
AMSZ03,SBSZ04,1,0.3002747701707567,0.0,1.3002747701707567
AMSZ03,SBSZ08,1,0.09097246831112443,0.0,1.0909724683111244
AMSZ03,SESZ04,1,0.7774771951861061,0.0,1.7774771951861061
AMSZ03,SESZ06,1,0.8927047264213878,0.0,1.8927047264213877
AMSZ03,SGSZ02,4,0.4494982208822341,0.0,4.4494982208822345
AMSZ03,SGSZ04,3,1.66329044192646,1.7213907181321215,6.384681160058581
AMSZ03,SGSZ06,1,0.5558709090671193,0.3281539323531389,1.8840248414202583
AMSZ03,TMSZ02,1,0.5554998345244572,0.0,1.5554998345244573
AMSZ03,TMSZ03,1,0.6288749672853162,0.0,1.6288749672853162
AMSZ03,TMSZ04,1,0.34501577788704285,0.0,1.3450157778870429
AMSZ03,TMSZ05,2,0.4675309317547835,0.0,2.4675309317547836
AMSZ03,TPSZ02,1,0.45341435722278683,0.0,1.453414357222787
AMSZ03,TPSZ03,1,0.41041406024221977,0.13811079000139903,1.5485248502436186
AMSZ03,TPSZ06,1,0.32822556898426436,0.12045939378061439,1.4486849627648788
AMSZ03,TPSZ08,1,0.3085474450550128,0.0,1.3085474450550127
AMSZ03,WDSZ01,1,0.09352704949753785,0.0,1.0935270494975378
AMSZ03,WDSZ02,1,0.4220119747040856,0.0,1.4220119747040856
AMSZ04,AMSZ01,3,0.5103526094236396,2.378578267867798,5.888930877291438
AMSZ04,AMSZ02,1,0.23053866796553724,1.8588597299238896,3.089398397889427
AMSZ04,AMSZ03,2,0.4009596956630848,2.001238527027799,4.402198222690884
AMSZ04,AMSZ04,1,0.3225840923910158,15.800042913970694,17.12262700636171
AMSZ04,AMSZ10,3,0.31691449004562416,0.10263694994958396,3.419551439995208
AMSZ04,BMSZ07,1,0.09909753147054522,0.0,1.0990975314705451
AMSZ04,BMSZ12,1,0.09903882769241533,0.0,1.0990388276924152
AMSZ04,BMSZ13,1,0.05116796582201812,0.0,1.051167965822018
AMSZ04,BMSZ17,1,0.0613999299645846,0.0,1.0613999299645847
AMSZ04,BSSZ01,9,1.3388007506154342,1.0276346928417588,11.366435443457192
AMSZ04,BSSZ02,1,0.3421187549188999,0.32679172573997123,1.6689104806588713
AMSZ04,BSSZ03,1,0.18859320500595175,0.5590013332594032,1.7475945382653548
AMSZ04,BTSZ01,1,0.10688134957437763,0.0,1.1068813495743777
AMSZ04,CHSZ03,2,0.37151098167944574,0.0,2.371510981679446
AMSZ04,CLSZ01,1,0.05960775618755126,0.0,1.0596077561875512
AMSZ04,DTSZ02,4,0.041752949794319275,0.0,4.041752949794319
AMSZ04,DTSZ03,2,0.15277065482771446,0.0,2.1527706548277146
AMSZ04,DTSZ05,3,0.15935408032996295,0.0,3.159354080329963
AMSZ04,DTSZ08,1,0.07550707829727743,0.0,1.0755070782972775
AMSZ04,DTSZ11,1,0.08322703363332931,0.0,1.0832270336333294
AMSZ04,GLSZ01,1,0.09487347832534512,0.0,1.094873478325345
AMSZ04,GLSZ03,1,0.10060845417542266,0.0,1.1006084541754226
AMSZ04,HGSZ04,2,0.21186776294147322,0.0,2.2118677629414734
AMSZ04,HGSZ06,2,0.2427345894361722,0.0,2.2427345894361723
AMSZ04,HGSZ07,1,0.16776555594119605,0.0,1.1677655559411961
AMSZ04,HGSZ08,2,0.11261485035829379,0.0,2.1126148503582938
AMSZ04,HGSZ09,1,0.0027997802044077637,0.0,1.0027997802044077
AMSZ04,JESZ06,1,0.019090219477956503,0.0,1.0190902194779565
AMSZ04,JWSZ09,1,0.1567185541506977,0.0,1.1567185541506977
AMSZ04,KLSZ06,1,0.10690339216157294,0.0,1.106903392161573
AMSZ04,KLSZ08,1,0.08438875222873893,0.0,1.084388752228739
AMSZ04,MPSZ01,1,0.03169170845149854,0.0,1.0316917084514985
AMSZ04,MUSZ03,1,0.01725479812861054,0.0,1.0172547981286106
AMSZ04,NTSZ03,1,0.01642106897827108,0.0,1.0164210689782711
AMSZ04,NVSZ02,2,0.32520076628194605,0.0,2.325200766281946
AMSZ04,ORSZ03,1,0.06298018000045091,0.0,1.062980180000451
AMSZ04,PLSZ04,1,0.007553382493137937,0.0,1.007553382493138
AMSZ04,QTSZ08,5,0.8509217729158143,0.0,5.8509217729158145
AMSZ04,QTSZ11,1,0.08139594687365691,0.0,1.081395946873657
AMSZ04,QTSZ15,1,0.05388160258312639,0.0,1.0538816025831264
AMSZ04,RCSZ10,2,0.05301474362489081,0.0,2.0530147436248907
AMSZ04,RVSZ05,1,0.12301783606509134,0.0,1.1230178360650913
AMSZ04,SBSZ03,1,0.10637073922418133,0.0,1.1063707392241813
AMSZ04,SBSZ04,1,0.13904269188151694,0.0,1.1390426918815169
AMSZ04,SBSZ09,1,0.12995931090499466,0.0,1.1299593109049946
AMSZ04,SGSZ03,1,0.19465127874438568,0.05523610953648492,1.2498873882808705
AMSZ04,SGSZ04,2,0.5117984140990939,0.5761721868272316,3.0879706009263255
AMSZ04,SGSZ06,5,0.9144204604819083,1.0730924600708613,6.98751292055277
AMSZ04,TMSZ03,2,0.2767980311818294,0.0,2.2767980311818294
AMSZ04,TMSZ04,1,0.06333957952476066,0.0,1.0633395795247607
AMSZ04,TNSZ01,1,0.06661501942846891,0.0,1.066615019428469
AMSZ04,TPSZ01,1,0.1420648563441256,0.11544210302453121,1.2575069593686568
AMSZ04,TPSZ02,1,0.10787097705118814,0.0,1.107870977051188
AMSZ04,TPSZ04,1,0.046124474263173926,0.0,1.046124474263174
AMSZ04,TPSZ06,1,0.05690170881107613,0.1253610302190149,1.182262739030091
AMSZ04,WDSZ02,1,0.07751223852239617,0.0,1.077512238522396
AMSZ04,WDSZ04,1,0.13023336648968517,0.0,1.130233366489685
AMSZ04,WDSZ07,1,0.018271748507010542,0.0,1.0182717485070105
AMSZ04,YSSZ09,1,0.0821475034408013,0.0,1.0821475034408012
AMSZ05,AMSZ01,4,2.3120805741735238,5.125127720733522,11.437208294907045
AMSZ05,AMSZ02,1,0.6719993290808289,2.00235197735741,3.674351306438239
AMSZ05,AMSZ06,1,2.5398348186370456,0.8537747407819317,4.3936095594189775
AMSZ05,AMSZ10,1,0.37346420300694183,0.11032469666046511,1.483788899667407
AMSZ05,BKSZ09,1,0.27418539239134865,0.0,1.2741853923913486
AMSZ05,BMSZ04,1,0.17449926597376306,0.0,1.174499265973763
AMSZ05,BMSZ05,1,0.23972205788961345,0.0,1.2397220578896135
AMSZ05,BPSZ05,1,0.353361390210073,0.0,1.353361390210073
AMSZ05,BSSZ01,3,3.1516907793013655,0.9084487869971823,7.060139566298547
AMSZ05,BTSZ01,1,0.2989480199505313,0.0,1.2989480199505312
AMSZ05,DTSZ01,3,0.3798545646420062,0.0,3.379854564642006
AMSZ05,DTSZ03,2,0.46118689273198255,0.0,2.4611868927319827
AMSZ05,DTSZ05,2,0.4241487904883642,0.0,2.4241487904883643
AMSZ05,GLSZ02,1,0.26266906677201524,0.0,1.2626690667720153
AMSZ05,GLSZ03,1,0.2585866196446995,0.0,1.2585866196446995
AMSZ05,HGSZ07,1,0.5073018098077221,0.0,1.5073018098077222
AMSZ05,HGSZ08,1,0.1836364654442159,0.0,1.183636465444216
AMSZ05,KLSZ01,1,0.4785577284033771,0.0,1.478557728403377
AMSZ05,KLSZ06,1,0.38385726849026075,0.0,1.3838572684902608
AMSZ05,KLSZ09,2,0.21748113961147125,0.0,2.217481139611471
AMSZ05,MPSZ01,1,0.12273197009196334,0.0,1.1227319700919633
AMSZ05,MUSZ02,1,0.0,0.0,1.0
AMSZ05,MUSZ03,1,0.07398169366482388,0.0,1.0739816936648239
AMSZ05,NTSZ03,1,0.07715693296442584,0.0,1.077156932964426
AMSZ05,NVSZ02,1,0.716685321135425,0.0,1.716685321135425
AMSZ05,NVSZ05,1,0.0,0.0,1.0
AMSZ05,OTSZ01,1,0.03158627767816331,0.0,1.0315862776781632
AMSZ05,OTSZ02,1,0.05500706339839757,0.0,1.0550070633983977
AMSZ05,SGSZ02,1,0.2954584476775272,0.0,1.2954584476775273
AMSZ05,SGSZ03,1,0.3151873884753413,0.0,1.3151873884753413
AMSZ05,TMSZ05,1,0.3816139510933033,0.0,1.3816139510933034
AMSZ05,TPSZ06,1,0.17771241706455657,0.0,1.1777124170645565
AMSZ05,TSSZ03,1,0.074968253512014,0.0,1.074968253512014
AMSZ05,WCSZ01,1,0.31210176111431176,0.0,1.3121017611143118
AMSZ05,WDSZ09,1,0.11795365605161716,0.0,1.1179536560516172
AMSZ05,YSSZ01,1,0.27800479805177847,0.0,1.2780047980517786
AMSZ05,YSSZ03,1,0.4626942049708678,0.0,1.4626942049708678
AMSZ05,YSSZ09,3,0.5600896864057232,0.0,3.560089686405723
AMSZ06,AMSZ01,10,2.503636698818499,1.682828950162811,14.18646564898131
AMSZ06,AMSZ02,1,0.5635601999020428,0.42142565497377116,1.984985854875814
AMSZ06,AMSZ06,2,5.181980327286044,17.23778544847255,24.419765775758595
AMSZ06,AMSZ09,2,0.7830446526260667,0.5355922010080435,3.31863685363411
AMSZ06,AMSZ10,2,0.5242574667027091,0.04007213949220881,2.5643296061949177
AMSZ06,BDSZ03,1,0.2654271778198869,0.0,1.265427177819887
AMSZ06,BMSZ02,1,0.12881465036211454,0.0,1.1288146503621146
AMSZ06,BSSZ01,2,2.028346611684766,0.08235384100315023,4.110700452687916
AMSZ06,BTSZ01,2,0.24595525310956012,0.0,2.2459552531095603
AMSZ06,BTSZ03,1,0.1002540464883544,0.0,1.1002540464883543
AMSZ06,BTSZ08,1,0.06272724741687569,0.0,1.0627272474168756
AMSZ06,CKSZ03,1,0.32275638349971847,0.0,1.3227563834997185
AMSZ06,CLSZ08,1,0.2542401604250051,0.0,1.254240160425005
AMSZ06,DTSZ02,2,0.2148142808935812,0.0,2.2148142808935813
AMSZ06,DTSZ03,4,0.20500572289569338,0.0,4.205005722895693
AMSZ06,DTSZ05,1,0.16137538830827225,0.0,1.1613753883082722
AMSZ06,DTSZ08,5,0.24498662593443585,0.0,5.244986625934436
AMSZ06,DTSZ11,2,0.19201797689017314,0.0,2.192017976890173
AMSZ06,GLSZ01,1,0.20781915806868234,0.0,1.2078191580686823
AMSZ06,GLSZ04,1,0.3262817217351201,0.0,1.3262817217351202
AMSZ06,GLSZ05,1,0.27931075254048393,0.0,1.2793107525404839
AMSZ06,HGSZ06,1,0.4749221468583862,0.0,1.4749221468583862
AMSZ06,JESZ05,4,0.3102749822422756,0.0,4.310274982242276
AMSZ06,KLSZ02,1,0.08115764503048864,0.0,1.0811576450304887
AMSZ06,KLSZ07,1,0.22597523118569005,0.0,1.22597523118569
AMSZ06,KLSZ08,1,0.2548948238708151,0.0,1.254894823870815
AMSZ06,LKSZ01,1,0.6046902191294207,0.0,1.6046902191294206
AMSZ06,MUSZ02,1,0.0,0.0,1.0
AMSZ06,NTSZ03,1,0.038710873788557615,0.0,1.0387108737885575
AMSZ06,NVSZ02,2,0.5416267052278176,0.0,2.5416267052278174
AMSZ06,ORSZ03,2,0.21046232179606467,0.0,2.2104623217960646
AMSZ06,OTSZ03,3,0.28077254186801254,0.0,3.2807725418680125
AMSZ06,PGSZ01,1,0.13384604313960619,0.0,1.1338460431396062
AMSZ06,QTSZ02,1,0.10447518062475247,0.0,1.1044751806247524
AMSZ06,QTSZ06,1,0.12083640759476616,0.0,1.120836407594766
AMSZ06,QTSZ08,3,0.38596656425192155,0.0,3.3859665642519214
AMSZ06,QTSZ12,1,0.09593831207274407,0.0,1.0959383120727442
AMSZ06,QTSZ14,2,0.21526055247941397,0.0,2.215260552479414
AMSZ06,RCSZ01,1,0.10089763488376725,0.0,1.1008976348837674
AMSZ06,SBSZ02,1,0.09384376119598131,0.0,1.0938437611959813
AMSZ06,SESZ04,1,0.4875193633833694,0.0,1.4875193633833694
AMSZ06,SGSZ02,3,0.4310816814444473,0.0,3.4310816814444474
AMSZ06,SRSZ02,1,0.04933662662478013,0.0,1.0493366266247801
AMSZ06,TMSZ01,1,0.5373048822202164,0.0,1.5373048822202164
AMSZ06,TMSZ05,1,0.2446243157125733,0.0,1.2446243157125734
AMSZ06,WDSZ01,3,0.02679937515424692,0.0,3.026799375154247
AMSZ06,WDSZ02,1,0.2165357363492493,0.0,1.2165357363492493
AMSZ06,WDSZ04,2,0.33284278363282427,0.0,2.3328427836328243
AMSZ06,YSSZ06,2,0.20077787299968053,0.0,2.2007778729996805
AMSZ06,YSSZ09,1,0.402012911831562,0.0,1.402012911831562
AMSZ07,AMSZ01,5,1.6128604927082946,0.9436766906310127,7.556537183339308
AMSZ07,AMSZ03,1,0.26747672004740897,0.19277437210043616,1.4602510921478453
AMSZ07,AMSZ11,1,0.009458016813033801,0.695782562505469,1.7052405793185028
AMSZ07,BKSZ03,1,0.13735671911674718,0.0,1.137356719116747
AMSZ07,BMSZ01,1,0.16588910689288425,0.0,1.1658891068928843
AMSZ07,BSSZ01,2,1.629540463284416,0.16777222889120866,3.797312692175624
AMSZ07,BTSZ01,1,0.19753168124882034,0.0,1.1975316812488204
AMSZ07,DTSZ02,1,0.11427186128552344,0.0,1.1142718612855234
AMSZ07,DTSZ08,1,0.14180505815179426,0.0,1.1418050581517942
AMSZ07,DTSZ12,1,0.1155408962685523,0.0,1.1155408962685522
AMSZ07,MUSZ01,1,0.06752823124193069,0.0,1.0675282312419307
AMSZ07,NVSZ01,1,0.3827072866585933,0.0,1.3827072866585932
AMSZ07,NVSZ02,1,0.26422524145496784,0.0,1.2642252414549677
AMSZ07,NVSZ04,1,0.0067249175530064206,0.0,1.0067249175530064
AMSZ07,ORSZ02,1,0.1980174680244549,0.0,1.1980174680244549
AMSZ07,ORSZ03,1,0.13128129545843567,0.0,1.1312812954584357
AMSZ07,PGSZ04,1,0.2882831283902946,0.0,1.2882831283902947
AMSZ07,QTSZ11,1,0.1967356681132053,0.0,1.1967356681132053
AMSZ07,RCSZ09,1,0.07527310720768224,0.0,1.0752731072076822
AMSZ07,SBSZ01,1,0.2004718340505472,0.0,1.2004718340505471
AMSZ07,TPSZ09,1,0.08204079243035399,0.0,1.082040792430354
AMSZ07,WDSZ07,1,0.024155225146702566,0.0,1.0241552251467025
AMSZ07,YSSZ02,1,0.08201188709958192,0.0,1.0820118870995818
AMSZ07,YSSZ05,1,0.28169736910680043,0.0,1.2816973691068005
AMSZ07,YSSZ09,1,0.3271155322464585,0.0,1.3271155322464585
AMSZ08,AMSZ01,2,0.7874869684996872,0.04043945430313306,2.82792642280282
AMSZ08,AMSZ04,1,0.045006098608995244,0.008391539501161912,1.0533976381101573
AMSZ08,AMSZ07,1,0.270055711481543,0.0,1.270055711481543
AMSZ08,AMSZ08,2,4.6133538497054145,2.9457398817393656,9.55909373144478
AMSZ08,BDSZ02,1,0.2370427720482898,0.0,1.2370427720482897
AMSZ08,BMSZ02,1,0.13683636791640885,0.0,1.1368363679164089
AMSZ08,BSSZ01,1,0.548583893152387,0.0054387404334383955,1.5540226335858254
AMSZ08,BSSZ03,2,0.29364908270490725,0.0,2.293649082704907
AMSZ08,DTSZ02,1,0.1852958863405261,0.0,1.185295886340526
AMSZ08,DTSZ03,1,0.21860972068573345,0.0,1.2186097206857334
AMSZ08,JWSZ02,1,0.24404732446449862,0.0,1.2440473244644985
AMSZ08,JWSZ09,2,0.6770663866723191,0.0,2.677066386672319
AMSZ08,KLSZ09,1,0.023188460036605362,0.0,1.0231884600366055
AMSZ08,MPSZ03,1,0.2620866278551872,0.0,1.2620866278551872
AMSZ08,ORSZ02,1,0.26852286097263117,0.0,1.2685228609726311
AMSZ08,OTSZ03,1,0.19495530522534757,0.0,1.1949553052253477
AMSZ08,OTSZ04,1,0.05049236625536923,0.0,1.0504923662553691
AMSZ08,PGSZ03,1,0.1258321641240476,0.0,1.1258321641240476
AMSZ08,PNSZ01,1,0.1387059020891436,0.0,1.1387059020891437
AMSZ08,PRSZ03,1,0.4074260858669939,0.0,1.407426085866994
AMSZ08,QTSZ01,1,0.14197266351363586,0.0,1.1419726635136358
AMSZ08,QTSZ14,1,0.2312751847882085,0.0,1.2312751847882084
AMSZ08,RCSZ08,1,0.0,0.0,1.0
AMSZ08,SBSZ02,1,0.15840979595118918,0.0,1.1584097959511892
AMSZ08,SBSZ03,2,0.3132510156279233,0.0,2.313251015627923
AMSZ08,SBSZ04,1,0.3186562319543758,0.0,1.3186562319543758
AMSZ08,TMSZ03,1,0.3764350472219331,0.0,1.376435047221933
AMSZ08,TMSZ05,1,0.2713048286921006,0.0,1.2713048286921005
AMSZ08,TPSZ02,2,0.33415161446939345,0.0,2.3341516144693935
AMSZ08,TPSZ06,1,0.17764730192520142,0.0,1.1776473019252014
AMSZ08,TSSZ05,1,0.28592365627711414,0.0,1.2859236562771141
AMSZ08,WDSZ02,2,0.10502587660933888,0.0,2.105025876609339
AMSZ08,WDSZ04,1,0.4517728633319997,0.0,1.4517728633319997
AMSZ08,YSSZ02,1,0.13091091755769174,0.0,1.1309109175576917
AMSZ08,YSSZ04,1,0.5543527997274038,0.0,1.5543527997274038
AMSZ08,YSSZ09,1,0.420666367645979,0.0,1.420666367645979
AMSZ09,AMSZ01,10,4.571840874732166,1.2689463373565564,15.840787212088722
AMSZ09,AMSZ04,1,0.13715246916825655,0.10553714663290233,1.2426896158011589
AMSZ09,AMSZ06,3,1.5058241138109993,0.6401353875983824,5.145959501409382
AMSZ09,AMSZ07,1,0.5294305272085024,0.0,1.5294305272085023
AMSZ09,AMSZ09,3,1.8128146879923444,16.728092592273317,21.54090728026566
AMSZ09,AMSZ10,3,1.4370469654432845,0.12211542720793685,4.5591623926512215
AMSZ09,AMSZ11,1,0.0699957087805869,0.04487757019255215,1.114873278973139
AMSZ09,BDSZ03,1,0.25658907364042255,0.0,1.2565890736404226
AMSZ09,BKSZ01,1,0.1193153395451892,0.0,1.1193153395451891
AMSZ09,BMSZ01,1,0.2679465470093984,0.0,1.2679465470093985
AMSZ09,BMSZ05,1,0.19031515247894487,0.0,1.1903151524789448
AMSZ09,BMSZ17,1,0.21763318841109436,0.0,1.2176331884110945
AMSZ09,BSSZ01,2,1.5664437283197266,0.05291934563657553,3.6193630739563023
AMSZ09,BSSZ02,1,0.40128340234124404,0.03742420941718721,1.4387076117584314
AMSZ09,DTSZ01,2,0.2589128241993694,0.0,2.2589128241993692
AMSZ09,DTSZ02,2,0.28134888122799045,0.0,2.2813488812279905
AMSZ09,DTSZ05,3,0.4356809840246374,0.0,3.4356809840246374
AMSZ09,DTSZ08,1,0.20015290368171063,0.0,1.2001529036817107
AMSZ09,DTSZ09,1,0.24192781855246456,0.0,1.2419278185524645
AMSZ09,DTSZ11,4,0.0756145367162551,0.0,4.075614536716255
AMSZ09,GLSZ03,3,0.3881650882364513,0.0,3.3881650882364513
AMSZ09,GLSZ05,1,0.30929088580234454,0.0,1.3092908858023447
AMSZ09,HGSZ07,1,0.377692491110317,0.0,1.377692491110317
AMSZ09,KLSZ01,2,0.35136629755619875,0.0,2.351366297556199
AMSZ09,KLSZ08,1,0.23858092598435826,0.0,1.2385809259843583
AMSZ09,NTSZ03,1,0.09754901360813044,0.0,1.0975490136081305
AMSZ09,NVSZ02,3,0.5131816400077889,0.0,3.513181640007789
AMSZ09,NVSZ03,1,0.10076976211675874,0.0,1.1007697621167587
AMSZ09,ORSZ02,4,0.4342704397667274,0.0,4.434270439766728
AMSZ09,ORSZ03,1,0.17374118686851106,0.0,1.173741186868511
AMSZ09,OTSZ03,3,0.38815742830294325,0.0,3.3881574283029434
AMSZ09,PGSZ03,1,0.2707089701548096,0.0,1.2707089701548095
AMSZ09,PRSZ01,1,0.0,0.0,1.0
AMSZ09,QTSZ02,1,0.10598363145324563,0.0,1.1059836314532456
AMSZ09,QTSZ08,1,0.3101328541931561,0.0,1.310132854193156
AMSZ09,QTSZ11,2,0.35854861319772824,0.0,2.358548613197728
AMSZ09,QTSZ14,1,0.2111965537904024,0.0,1.2111965537904024
AMSZ09,SBSZ03,2,0.349493326050684,0.0,2.349493326050684
AMSZ09,SESZ03,3,0.7577539397757193,0.0,3.757753939775719
AMSZ09,SESZ04,1,0.7004461246985865,0.0,1.7004461246985865
AMSZ09,SGSZ03,1,0.26901822470224823,0.0,1.2690182247022483
AMSZ09,SRSZ03,1,0.16517185790607014,0.0,1.1651718579060701
AMSZ09,TMSZ04,1,0.307381601609814,0.0,1.3073816016098139
AMSZ09,TNSZ01,1,0.19644051385605435,0.0,1.1964405138560543
AMSZ09,TPSZ05,1,0.15489724293824786,0.0,1.1548972429382478
AMSZ09,WCSZ01,1,0.25821083069839046,0.0,1.2582108306983906
AMSZ09,WDSZ03,1,0.42040644578068337,0.0,1.4204064457806833
AMSZ09,YSSZ01,1,0.21417438255169624,0.0,1.2141743825516962
AMSZ10,AMSZ01,4,1.6604014499322541,1.0055639003430772,6.665965350275331
AMSZ10,AMSZ02,1,0.6202383962949779,0.5999518655700858,2.2201902618650635
AMSZ10,AMSZ03,1,0.44406143228052747,0.1228408856175505,1.5669023178980779
AMSZ10,AMSZ04,1,0.08894105719210757,0.06123538634561581,1.1501764435377235
AMSZ10,AMSZ06,1,0.8869557382404242,0.12048969691039929,2.0074454351508235
AMSZ10,AMSZ09,2,0.7751917582325336,0.4151172439131434,3.190309002145677
AMSZ10,AMSZ10,2,1.3208431860201222,6.174779988521988,9.49562317454211
AMSZ10,AMSZ11,1,0.06659689602361381,0.15753955918664903,1.224136455210263
AMSZ10,BDSZ01,1,0.17416792100999315,0.0,1.1741679210099931
AMSZ10,BDSZ04,1,0.28284784128501833,0.0,1.2828478412850184
AMSZ10,BKSZ03,1,0.16438723879842387,0.0,1.1643872387984238
AMSZ10,BKSZ07,1,0.17268958638559795,0.0,1.172689586385598
AMSZ10,BKSZ09,1,0.17650908802633034,0.0,1.1765090880263303
AMSZ10,BMSZ06,1,0.21449972919143198,0.0,1.214499729191432
AMSZ10,BPSZ01,1,0.12270598609514405,0.0,1.122705986095144
AMSZ10,BTSZ03,1,0.09290733070128404,0.0,1.092907330701284
AMSZ10,BTSZ05,1,0.05455783637782279,0.0,1.0545578363778227
AMSZ10,CHSZ01,1,0.10023047920183291,0.0,1.100230479201833
AMSZ10,CKSZ05,2,0.13601095823363826,0.0,2.1360109582336384
AMSZ10,CKSZ06,2,0.3364375602801885,0.0,2.3364375602801886
AMSZ10,DTSZ02,1,0.17680231182358352,0.0,1.1768023118235835
AMSZ10,DTSZ05,1,0.17089903660135314,0.0,1.1708990366013532
AMSZ10,DTSZ06,1,0.02729050689238814,0.0,1.027290506892388
AMSZ10,DTSZ11,1,0.1609028886162013,0.0,1.1609028886162014
AMSZ10,DTSZ12,2,0.22094906036037876,0.0,2.220949060360379
AMSZ10,GLSZ03,1,0.18645474277692536,0.0,1.1864547427769254
AMSZ10,HGSZ03,2,0.3920685942329623,0.0,2.3920685942329625
AMSZ10,HGSZ04,1,0.20257802834977162,0.0,1.2025780283497716
AMSZ10,HGSZ05,1,0.3722505267540191,0.0,1.372250526754019
AMSZ10,HGSZ06,1,0.5161058448170933,0.0,1.5161058448170932
AMSZ10,JESZ05,1,0.3049127088233831,0.0,1.3049127088233832
AMSZ10,JWSZ09,1,0.4168891903427485,0.0,1.4168891903427485
AMSZ10,KLSZ01,1,0.308821624101664,0.0,1.3088216241016641
AMSZ10,KLSZ09,1,0.01830153869874525,0.0,1.0183015386987453
AMSZ10,MPSZ03,1,0.2575507965268183,0.0,1.2575507965268182
AMSZ10,NVSZ01,1,0.5490118983889193,0.0,1.5490118983889194
AMSZ10,NVSZ02,1,0.3441226505354167,0.0,1.3441226505354167
AMSZ10,ORSZ03,1,0.13560622247517692,0.0,1.1356062224751768
AMSZ10,OTSZ03,1,0.28620845740065615,0.0,1.2862084574006563
AMSZ10,PGSZ02,1,0.16841256457552137,0.0,1.1684125645755215
AMSZ10,PGSZ03,1,0.20489939808216306,0.0,1.204899398082163
AMSZ10,PGSZ05,2,0.32247180636902617,0.0,2.322471806369026
AMSZ10,PRSZ05,2,0.40230437705394423,0.0,2.402304377053944
AMSZ10,QTSZ01,1,0.24628186461316898,0.0,1.246281864613169
AMSZ10,QTSZ02,1,0.08636030299163093,0.0,1.0863603029916309
AMSZ10,RCSZ10,1,0.1021004661597748,0.0,1.1021004661597749
AMSZ10,SBSZ01,1,0.2877071356372839,0.0,1.2877071356372838
AMSZ10,SBSZ03,5,0.32687274554383405,0.0,5.3268727455438345
AMSZ10,SESZ02,2,0.5526984074394495,0.0,2.5526984074394496
AMSZ10,SESZ04,2,0.6060420014239416,0.0,2.6060420014239414
AMSZ10,SESZ06,2,1.0166759092402897,0.0,3.0166759092402895
AMSZ10,SGSZ02,1,0.2646325060901121,0.0,1.264632506090112
AMSZ10,SGSZ03,2,0.38694589733662993,0.05641947566930341,2.4433653730059333
AMSZ10,SGSZ04,1,0.5092385502800785,0.04259015160100366,1.5518287018810821
AMSZ10,SGSZ06,1,0.28454522696802914,0.0,1.284545226968029
AMSZ10,TPSZ01,1,0.12475909207892522,0.0,1.1247590920789252
AMSZ10,TPSZ06,1,0.17972214044671603,0.0,1.179722140446716
AMSZ10,TPSZ11,1,0.25828849046035596,0.0,1.258288490460356
AMSZ10,TPSZ12,1,0.10836567987477358,0.0,1.1083656798747736
AMSZ10,WDSZ01,2,0.0799599973323987,0.0,2.0799599973323986
AMSZ10,WDSZ03,4,0.8532255263151147,0.0,4.853225526315114
AMSZ10,WDSZ05,2,0.2604512865759196,0.0,2.2604512865759196
AMSZ10,WDSZ06,1,0.23738127597434666,0.0,1.2373812759743466
AMSZ10,YSSZ01,4,0.08765564238771649,0.0,4.087655642387716
AMSZ10,YSSZ03,1,0.32687224392394876,0.0,1.3268722439239489
AMSZ10,YSSZ05,1,0.2893319348213258,0.24346848925826609,1.532800424079592
AMSZ10,YSSZ08,1,0.12871537389079685,0.0,1.128715373890797
AMSZ10,YSSZ09,3,0.3581740577929569,0.0,3.358174057792957
AMSZ11,AMSZ01,1,0.30629467035042285,0.0,1.3062946703504228
AMSZ11,AMSZ02,1,0.3114738735477299,0.0,1.3114738735477298
AMSZ11,DTSZ01,1,0.1525361619355873,0.0,1.1525361619355874
AMSZ11,JESZ05,2,0.27581579921460264,0.0,2.2758157992146026
AMSZ11,ORSZ03,1,0.10173363650285616,0.0,1.101733636502856
AMSZ11,SBSZ04,1,0.2256187400058894,0.0,1.2256187400058893
AMSZ11,SESZ03,1,0.7273126006683565,0.0,1.7273126006683563
AMSZ11,SESZ06,1,0.3350425565704417,0.0,1.3350425565704418
AMSZ11,SGSZ04,1,0.5217301899070159,0.0,1.521730189907016
AMSZ11,SGSZ06,1,0.2259710347836892,0.0,1.2259710347836892
AMSZ11,TPSZ02,1,0.1738346494362523,0.0,1.1738346494362524
AMSZ11,YSSZ03,1,0.170829567714855,0.0,1.170829567714855
AMSZ11,YSSZ09,5,0.471806519362786,0.0,5.471806519362786
AMSZ12,AMSZ01,6,1.9460764651101505,0.0,7.946076465110151
AMSZ12,AMSZ03,1,0.3091508957465162,0.0,1.3091508957465163
AMSZ12,AMSZ10,1,0.22492704906195043,0.0,1.2249270490619504
AMSZ12,BKSZ07,1,0.10586703484411267,0.0,1.1058670348441126
AMSZ12,BMSZ06,1,0.30367004711106627,0.0,1.3036700471110663
AMSZ12,BMSZ15,1,0.021360552124401088,0.0,1.0213605521244011
AMSZ12,BSSZ03,2,0.3193902942297772,0.0,2.3193902942297773
AMSZ12,BTSZ06,1,0.03404842259702746,0.0,1.0340484225970275
AMSZ12,CKSZ03,2,0.3607555877588851,0.0,2.3607555877588853
AMSZ12,DTSZ03,1,0.16978651933234523,0.0,1.1697865193323453
AMSZ12,DTSZ11,1,0.11469559669338295,0.0,1.114695596693383
AMSZ12,GLSZ03,1,0.12092368416693709,0.0,1.120923684166937
AMSZ12,HGSZ02,1,0.1461656324784498,0.0,1.1461656324784497
AMSZ12,HGSZ04,4,0.4880820115065675,0.0,4.488082011506568
AMSZ12,JWSZ04,1,0.30205418705578346,0.0,1.3020541870557834
AMSZ12,ORSZ02,1,0.19949064151309878,0.0,1.1994906415130988
AMSZ12,ORSZ03,1,0.11108384247917097,0.0,1.111083842479171
AMSZ12,OTSZ03,1,0.16870388645572418,0.0,1.1687038864557242
AMSZ12,PGSZ03,2,0.23612105460417107,0.0,2.236121054604171
AMSZ12,PGSZ04,1,0.37666017014973224,0.0,1.3766601701497323
AMSZ12,QTSZ08,1,0.19043187315852772,0.0,1.1904318731585277
AMSZ12,QTSZ11,1,0.12220079260788673,0.0,1.1222007926078867
AMSZ12,SBSZ01,1,0.08581774038409407,0.0,1.085817740384094
AMSZ12,SESZ02,2,0.6140065292172171,0.0,2.614006529217217
AMSZ12,SESZ06,1,0.48255782747524534,0.0,1.4825578274752453
AMSZ12,SGSZ06,1,0.2725178960573838,0.0,1.2725178960573837
AMSZ12,SGSZ07,1,0.20875937380179027,0.0,1.2087593738017903
AMSZ12,TMSZ02,1,0.38061488547624267,0.0,1.3806148854762426
AMSZ12,TPSZ01,1,0.05003712882075065,0.0,1.0500371288207506
AMSZ12,TPSZ04,2,0.13786976801412038,0.0,2.1378697680141205
AMSZ12,TPSZ06,1,0.1131509399720318,0.0,1.1131509399720318
AMSZ12,WDSZ03,3,0.5148983282890942,0.0,3.514898328289094
AMSZ12,WDSZ04,1,0.2152657300589373,0.0,1.2152657300589373
AMSZ12,YSSZ01,3,0.021057341937062955,0.0,3.021057341937063
AMSZ12,YSSZ03,3,0.753760763668532,0.0,3.7537607636685317
AMSZ12,YSSZ04,1,0.5894871434284981,0.0,1.589487143428498
AMSZ12,YSSZ05,1,0.09286650013834605,0.0,1.092866500138346
AMSZ12,YSSZ08,1,0.09568586247594221,0.0,1.0956858624759422
BDSZ01,AMSZ01,2,0.7692486231526243,0.0,2.7692486231526243
BDSZ01,AMSZ10,1,0.32017249339279263,0.0,1.3201724933927927
BDSZ01,BDSZ01,4,5.981464372922895,25.782352334694846,35.76381670761774
BDSZ01,BDSZ02,4,1.4103958326437729,0.6135944851419929,6.023990317785766
BDSZ01,BDSZ04,8,4.239589433671068,1.340246368885012,13.57983580255608
BDSZ01,BDSZ06,3,1.957718725584553,0.0,4.957718725584553
BDSZ01,BKSZ08,1,0.031419465442125614,0.0,1.0314194654421256
BDSZ01,BLSZ01,1,0.1948398894873433,0.0,1.1948398894873433
BDSZ01,BMSZ03,1,0.27040433017323384,0.0,1.2704043301732337
BDSZ01,BMSZ05,4,0.6827039240419578,0.0,4.682703924041958
BDSZ01,BSSZ01,2,0.9032579779402949,0.0,2.903257977940295
BDSZ01,BSSZ02,1,0.3542716125876684,0.0,1.3542716125876684
BDSZ01,BTSZ01,1,0.4140392827566321,0.0,1.4140392827566322
BDSZ01,CHSZ02,1,0.20091709920589787,0.0,1.200917099205898
BDSZ01,CHSZ03,5,1.3477906257475418,0.0,6.347790625747542
BDSZ01,CLSZ07,1,0.1930966103381803,0.0,1.1930966103381804
BDSZ01,DTSZ01,2,0.5992750341747194,0.0,2.5992750341747195
BDSZ01,DTSZ02,2,0.7593004211977326,0.0,2.7593004211977323
BDSZ01,DTSZ05,7,0.4385137703547625,0.0,7.438513770354763
BDSZ01,DTSZ07,1,0.14943943198408396,0.0,1.149439431984084
BDSZ01,DTSZ08,4,0.3641302765292455,0.0,4.364130276529245
BDSZ01,DTSZ09,1,0.11063228643281078,0.0,1.1106322864328109
BDSZ01,DTSZ10,1,0.019042128789345684,0.0,1.0190421287893456
BDSZ01,DTSZ11,8,0.4108985001758771,0.0,8.410898500175877
BDSZ01,DTSZ12,2,0.45027224478341915,0.0,2.4502722447834193
BDSZ01,GLSZ01,3,0.6791596144093643,0.0,3.6791596144093646
BDSZ01,GLSZ02,2,0.8473469031621353,0.1341458491975851,2.9814927523597206
BDSZ01,GLSZ03,5,1.8946320064060862,0.9418329391805539,7.8364649455866395
BDSZ01,GLSZ04,2,1.1924853240319953,0.0,3.1924853240319955
BDSZ01,GLSZ05,5,1.9672375543160854,0.3915423196053074,7.358779873921392
BDSZ01,HGSZ01,1,0.39199421291538006,0.0,1.39199421291538
BDSZ01,HGSZ04,1,0.3676334048676097,0.0,1.3676334048676098
BDSZ01,HGSZ08,2,0.7611270531881196,0.2871054471128074,3.0482325003009274
BDSZ01,HGSZ09,1,0.09876397039928989,0.0,1.09876397039929
BDSZ01,JWSZ06,1,0.25351528218059355,0.0,1.2535152821805935
BDSZ01,KLSZ01,1,0.6382434987938771,0.0,1.638243498793877
BDSZ01,KLSZ02,2,0.36377082099392744,0.0,2.3637708209939277
BDSZ01,KLSZ03,2,0.20024136592117503,0.0,2.2002413659211753
BDSZ01,KLSZ06,1,0.4237274975002924,0.0,1.4237274975002925
BDSZ01,KLSZ08,2,0.7205606367559407,0.0,2.7205606367559407
BDSZ01,MPSZ01,1,0.29768391180782494,0.0,1.297683911807825
BDSZ01,MPSZ03,1,0.7135602781782391,0.0,1.713560278178239
BDSZ01,MUSZ03,1,0.09417266784573466,0.0,1.0941726678457346
BDSZ01,NVSZ02,4,1.1184377422946696,0.0,5.118437742294669
BDSZ01,ORSZ02,2,0.6632980378269898,0.0,2.6632980378269897
BDSZ01,OTSZ01,2,0.07434927900653415,0.0,2.074349279006534
BDSZ01,OTSZ03,5,0.758306284456553,0.0,5.758306284456553
BDSZ01,OTSZ04,1,0.09155603795066604,0.0,1.0915560379506661
BDSZ01,PGSZ02,2,0.6184494694752384,0.0,2.6184494694752383
BDSZ01,PGSZ03,2,0.6094689108819314,0.0,2.6094689108819313
BDSZ01,PGSZ04,1,1.0843216038983075,0.0,2.0843216038983075
BDSZ01,PRSZ02,1,0.6285402697426091,0.0,1.6285402697426092
BDSZ01,PRSZ03,1,0.7835254939539967,0.0,1.7835254939539968
BDSZ01,PRSZ04,1,0.2050878477986303,0.0,1.2050878477986302
BDSZ01,PRSZ08,1,0.3208669284651173,0.0,1.3208669284651173
BDSZ01,QTSZ02,1,0.13866186344602738,0.0,1.1386618634460275
BDSZ01,QTSZ08,5,0.7268760084131374,0.0,5.726876008413138
BDSZ01,RCSZ01,2,0.21158560448205574,0.0,2.211585604482056
BDSZ01,RCSZ09,2,0.1293018331376946,0.0,2.1293018331376947
BDSZ01,RCSZ10,1,0.15178128137834543,0.0,1.1517812813783455
BDSZ01,SBSZ04,1,0.35460301362048463,0.0,1.3546030136204847
BDSZ01,SBSZ05,1,0.020012491223970873,0.0,1.020012491223971
BDSZ01,SESZ02,1,0.6222380660247627,0.0,1.6222380660247628
BDSZ01,SESZ03,2,1.113527962501462,0.0,3.113527962501462
BDSZ01,SESZ04,1,0.7358365052522284,0.0,1.7358365052522284
BDSZ01,SESZ06,2,1.116052650414214,0.0,3.116052650414214
BDSZ01,SGSZ02,1,0.11928028493982287,0.0,1.119280284939823
BDSZ01,SGSZ04,1,0.8655826680516693,0.0,1.8655826680516694
BDSZ01,SGSZ06,4,1.1332558174158847,0.0,5.133255817415884
BDSZ01,SRSZ02,1,0.08213290744351379,0.0,1.0821329074435138
BDSZ01,TMSZ02,8,2.1032586270272735,0.0,10.103258627027273
BDSZ01,TMSZ03,6,2.808234286709808,0.49583738709211495,9.304071673801923
BDSZ01,TMSZ04,10,2.6496649472383567,0.0,12.649664947238357
BDSZ01,TMSZ05,5,0.9599551089199624,0.0,5.959955108919963
BDSZ01,TNSZ04,1,0.15677203649082216,0.0,1.156772036490822
BDSZ01,TPSZ03,2,0.2358770225285524,0.0,2.2358770225285522
BDSZ01,TPSZ09,1,0.1804225446792986,0.0,1.1804225446792986
BDSZ01,TPSZ12,1,0.3176357805954206,0.013553714853022909,1.3311894954484436
BDSZ01,WCSZ01,2,1.0677878183658773,0.0,3.0677878183658773
BDSZ01,WDSZ03,2,0.5485643624232416,0.0,2.5485643624232415
BDSZ01,WDSZ07,1,0.09756506376432386,0.0,1.097565063764324
BDSZ01,YSSZ03,1,0.35368220124916266,0.0,1.3536822012491627
BDSZ01,YSSZ05,1,0.17473413127475645,0.0,1.1747341312747563
BDSZ01,YSSZ09,1,0.3902188080695485,0.0,1.3902188080695486
BDSZ02,AMSZ08,1,0.10367449544655886,0.0,1.103674495446559
BDSZ02,BDSZ01,5,1.4952651960842143,0.32728346933943137,6.822548665423646
BDSZ02,BDSZ02,1,4.016819746946297,16.539799011517946,21.556618758464243
BDSZ02,BDSZ04,8,3.567184361150697,1.1983588079704224,12.76554316912112
BDSZ02,BDSZ06,1,1.283451058463955,0.0907396526803285,2.3741907111442835
BDSZ02,BMSZ01,1,0.3539812457986716,0.0,1.3539812457986715
BDSZ02,BMSZ02,1,0.2724814374085045,0.0,1.2724814374085045
BDSZ02,BMSZ05,1,0.23202987084863438,0.0,1.2320298708486344
BDSZ02,BMSZ16,1,0.04048765660096788,0.0,1.040487656600968
BDSZ02,BMSZ17,1,0.23758675600404558,0.0,1.2375867560040457
BDSZ02,BPSZ05,1,0.31172838814820936,0.0,1.3117283881482094
BDSZ02,BSSZ01,2,0.9191745323900885,0.0,2.9191745323900884
BDSZ02,CHSZ03,4,1.055627926799437,0.0,5.055627926799437
BDSZ02,CLSZ04,1,0.2075969613993458,0.0,1.2075969613993458
BDSZ02,DTSZ01,1,0.3602340646488847,0.0,1.3602340646488846
BDSZ02,DTSZ02,2,0.49336710682960006,0.0,2.4933671068296
BDSZ02,DTSZ03,4,0.5530286269320712,0.0,4.553028626932071
BDSZ02,DTSZ05,1,0.31361138740909916,0.0,1.313611387409099
BDSZ02,DTSZ08,1,0.2598506364725668,0.0,1.2598506364725668
BDSZ02,DTSZ10,2,0.04576617041734971,0.0,2.0457661704173495
BDSZ02,DTSZ11,4,0.4479200059785096,0.0,4.44792000597851
BDSZ02,GLSZ01,1,0.5272261682381679,0.0,1.527226168238168
BDSZ02,GLSZ02,1,0.32748893304237975,0.0,1.3274889330423798
BDSZ02,GLSZ03,3,1.1433284190045925,0.0,4.143328419004592
BDSZ02,GLSZ05,2,1.49816100428174,0.0,3.49816100428174
BDSZ02,HGSZ08,1,0.3621724307020842,0.0,1.3621724307020842
BDSZ02,JESZ05,1,0.27597161826810424,0.0,1.2759716182681042
BDSZ02,JESZ06,1,0.05489239227717127,0.0,1.0548923922771714
BDSZ02,JWSZ09,1,0.516856552378024,0.0,1.516856552378024
BDSZ02,KLSZ02,1,0.1616981680168872,0.0,1.1616981680168872
BDSZ02,KLSZ05,1,0.2146663508867427,0.0,1.2146663508867428
BDSZ02,KLSZ07,1,0.3840155597715164,0.0,1.3840155597715165
BDSZ02,MDSZ02,1,0.176247826728866,0.0,1.176247826728866
BDSZ02,MUSZ03,4,0.05034175625236834,0.0,4.050341756252369
BDSZ02,NTSZ03,1,0.10675585241409553,0.0,1.1067558524140955
BDSZ02,OTSZ01,1,0.05859531772835199,0.0,1.058595317728352
BDSZ02,OTSZ02,1,0.034668575136030874,0.0,1.034668575136031
BDSZ02,OTSZ03,5,1.0868158280227485,0.0,6.086815828022749
BDSZ02,OTSZ04,1,0.11690218024369867,0.0,1.1169021802436987
BDSZ02,PGSZ05,1,0.5941164993396096,0.0,1.5941164993396097
BDSZ02,PLSZ01,1,0.2951812829443553,0.0,1.2951812829443554
BDSZ02,PLSZ04,1,0.08740352060503152,0.1359198766257701,1.2233233972308015
BDSZ02,PLSZ05,1,0.22971713746003533,0.0,1.2297171374600353
BDSZ02,PRSZ03,1,0.9109124327902134,0.0,1.9109124327902134
BDSZ02,QTSZ08,1,0.33446378920856407,0.0,1.334463789208564
BDSZ02,QTSZ09,1,0.04589028853593852,0.0,1.0458902885359385
BDSZ02,QTSZ10,1,0.31251416842269036,0.0,1.3125141684226904
BDSZ02,QTSZ12,1,0.19394494985052252,0.0,1.1939449498505226
BDSZ02,QTSZ13,1,0.3617348112465926,0.0,1.3617348112465926
BDSZ02,QTSZ14,1,0.39187880862002245,0.0,1.3918788086200224
BDSZ02,QTSZ15,1,0.1669890504043839,0.0,1.1669890504043838
BDSZ02,SBSZ04,1,0.2614235686783902,0.0,1.2614235686783901
BDSZ02,SESZ02,1,0.6051387666628937,0.0,1.6051387666628938
BDSZ02,SRSZ01,1,0.24795235792565376,0.0,1.2479523579256537
BDSZ02,TMSZ02,2,3.2459859534194035,0.1377378278324948,5.383723781251898
BDSZ02,TMSZ03,1,1.774452129527705,0.37943876112727654,3.153890890654982
BDSZ02,TMSZ04,2,2.2548949255405812,0.19086906019366756,4.445763985734249
BDSZ02,TMSZ05,4,1.0058324130610603,0.0,5.005832413061061
BDSZ02,TNSZ01,1,0.2749241014383218,0.0,1.2749241014383217
BDSZ02,TPSZ02,1,0.3542570686730563,0.0,1.3542570686730562
BDSZ02,TPSZ12,2,0.32661200914162564,0.0,2.3266120091416256
BDSZ02,WDSZ09,1,0.056107400941926414,0.0,1.0561074009419265
BDSZ03,AMSZ01,1,0.4297557490946006,0.0,1.4297557490946007
BDSZ03,AMSZ06,1,0.36624957696789473,0.0,1.3662495769678946
BDSZ03,AMSZ09,1,0.21016668188732654,0.0,1.2101666818873265
BDSZ03,BDSZ03,4,3.9232091431460057,24.38055559948829,32.30376474263429
BDSZ03,BDSZ04,24,12.388802867121385,6.797458761719907,43.186261628841294
BDSZ03,BDSZ05,1,1.3950756759781695,0.34938627403382516,2.7444619500119947
BDSZ03,BDSZ06,4,1.8000177486769593,0.47758599015417236,6.277603738831131
BDSZ03,BDSZ07,1,1.414635399071669,0.21334959431198852,2.627984993383657
BDSZ03,BDSZ08,1,0.3522253030828178,0.0,1.3522253030828177
BDSZ03,BKSZ08,1,0.008114490513932647,0.0,1.0081144905139325
BDSZ03,BMSZ04,1,0.22352320392168756,0.0,1.2235232039216877
BDSZ03,BMSZ07,1,0.4808688625228239,0.0,1.480868862522824
BDSZ03,BMSZ09,1,0.04926730935523129,0.0,1.0492673093552314
BDSZ03,BPSZ01,2,0.10664683145649147,0.0,2.1066468314564917
BDSZ03,BPSZ05,1,0.4250482937173477,0.0,1.4250482937173476
BDSZ03,BSSZ02,2,0.7234837510775363,0.0,2.723483751077536
BDSZ03,BSSZ03,2,0.7724576164585893,0.0,2.7724576164585892
BDSZ03,BTSZ01,1,0.4021626933673319,0.0,1.402162693367332
BDSZ03,CHSZ03,4,2.367121133285024,0.0,6.367121133285024
BDSZ03,CKSZ02,1,0.25632271338990387,0.0,1.256322713389904
BDSZ03,CKSZ03,1,0.16672149536742908,0.0,1.1667214953674292
BDSZ03,DTSZ01,5,0.4499626384121485,0.0,5.449962638412148
BDSZ03,DTSZ02,4,1.244614813366767,0.0,5.244614813366767
BDSZ03,DTSZ03,2,1.1432742302602208,0.0,3.1432742302602206
BDSZ03,DTSZ05,5,0.8064985720459916,0.0,5.806498572045991
BDSZ03,DTSZ08,3,0.6022808438919117,0.0,3.602280843891912
BDSZ03,DTSZ09,2,0.26049857540036697,0.0,2.260498575400367
BDSZ03,DTSZ11,2,0.630922661651911,0.0,2.630922661651911
BDSZ03,DTSZ12,1,0.31088431998293264,0.0,1.3108843199829328
BDSZ03,GLSZ02,1,0.5217044938013427,0.04786497019941783,1.5695694640007605
BDSZ03,GLSZ03,2,2.066939860820287,0.41703122582158275,4.48397108664187
BDSZ03,GLSZ04,2,1.5320843322650324,0.0,3.5320843322650326
BDSZ03,GLSZ05,9,3.948247413850073,1.5543931516453606,14.502640565495433
BDSZ03,HGSZ03,2,0.7729724558006709,0.0,2.7729724558006708
BDSZ03,HGSZ05,1,0.6627250541771753,0.0,1.6627250541771752
BDSZ03,HGSZ06,1,0.9398571586534271,0.0,1.9398571586534272
BDSZ03,JWSZ08,1,0.40892125554663133,0.0,1.4089212555466313
BDSZ03,KLSZ06,3,0.5008187077875813,0.0,3.500818707787581
BDSZ03,KLSZ08,1,0.5358564250678969,0.0,1.5358564250678968
BDSZ03,KLSZ09,1,0.05484995947070174,0.0,1.0548499594707017
BDSZ03,MPSZ03,1,0.8261334819078634,0.26886463606583766,2.094998117973701
BDSZ03,MUSZ01,1,0.29613406295569455,0.0,1.2961340629556946
BDSZ03,MUSZ02,1,0.0,0.0,1.0
BDSZ03,MUSZ03,1,0.10275609584417035,0.0,1.1027560958441704
BDSZ03,NVSZ02,2,1.3268444518961413,0.0,3.3268444518961413
BDSZ03,ORSZ02,3,1.054465428458969,0.0,4.054465428458969
BDSZ03,OTSZ01,1,0.054628842940088955,0.0,1.054628842940089
BDSZ03,PGSZ03,1,0.28994536263131276,0.0,1.2899453626313129
BDSZ03,PGSZ04,2,1.6693964064146947,0.0,3.6693964064146947
BDSZ03,PGSZ05,1,0.4676718449814199,0.0,1.46767184498142
BDSZ03,PLSZ04,1,0.1284185720516678,0.0,1.1284185720516677
BDSZ03,PRSZ03,3,0.9387172387026512,0.0,3.938717238702651
BDSZ03,PRSZ08,1,0.23093636765661607,0.0,1.230936367656616
BDSZ03,QTSZ01,1,0.2414290744612643,0.0,1.2414290744612644
BDSZ03,QTSZ08,1,0.3896104769043587,0.0,1.3896104769043587
BDSZ03,QTSZ09,1,0.030659906453805535,0.0,1.0306599064538056
BDSZ03,QTSZ12,1,0.1490205322147766,0.0,1.1490205322147766
BDSZ03,QTSZ14,3,0.5290376422180614,0.0,3.5290376422180616
BDSZ03,RCSZ01,2,0.26588091050818835,0.0,2.2658809105081885
BDSZ03,SBSZ03,1,0.36166444660325003,0.0,1.3616644466032501
BDSZ03,SESZ03,2,1.2557166411405902,0.0,3.25571664114059
BDSZ03,SESZ06,1,0.7976203998034717,0.0,1.7976203998034717
BDSZ03,SGSZ03,1,0.5515710731502123,0.0,1.5515710731502121
BDSZ03,SRSZ01,1,0.38885138430955224,0.0,1.3888513843095522
BDSZ03,SRSZ03,1,0.26086099441409966,0.0,1.2608609944140996
BDSZ03,TMSZ02,2,2.16891988605521,0.0,4.16891988605521
BDSZ03,TMSZ03,4,1.8005109133535866,0.4937739376501294,6.294284851003716
BDSZ03,TMSZ04,3,1.6317016705825467,0.0,4.6317016705825464
BDSZ03,TMSZ05,1,0.5764523503926618,0.0,1.5764523503926617
BDSZ03,TPSZ02,2,0.811799216730375,0.0,2.811799216730375
BDSZ03,TPSZ03,1,0.10885303565994077,0.0,1.1088530356599409
BDSZ03,TPSZ06,3,0.7228974305970257,0.0,3.7228974305970257
BDSZ03,WDSZ03,1,0.41159252162214166,0.0,1.4115925216221417
BDSZ03,WDSZ09,1,0.052283637947139104,0.0,1.0522836379471392
BDSZ03,YSSZ09,1,0.4512273867428224,0.0,1.4512273867428225
BDSZ04,AMSZ01,4,3.0680146468285376,0.0,7.068014646828537
BDSZ04,AMSZ02,1,0.4740823323638986,0.0,1.4740823323638985
BDSZ04,AMSZ10,1,0.5796384845660926,0.0,1.5796384845660927
BDSZ04,BDSZ01,10,4.1016193249223125,0.5717900899166031,14.673409414838915
BDSZ04,BDSZ02,6,2.537604546907723,1.7425496541244119,10.280154201032135
BDSZ04,BDSZ03,27,5.704671660631435,5.01299787615309,37.71766953678453
BDSZ04,BDSZ04,67,20.39015851041399,111.46385770213797,198.85401621255195
BDSZ04,BDSZ05,11,6.419800642386631,0.39302857015972653,17.812829212546358
BDSZ04,BDSZ06,29,3.907519415781364,10.48847884491278,43.39599826069414
BDSZ04,BDSZ07,3,2.0413261058129044,0.4222338811691815,5.463559986982086
BDSZ04,BDSZ08,4,1.0139958124796224,0.0,5.013995812479623
BDSZ04,BKSZ01,2,0.15004325115162115,0.0,2.150043251151621
BDSZ04,BKSZ05,1,0.3825944821119549,0.0,1.382594482111955
BDSZ04,BKSZ08,1,0.0,0.0,1.0
BDSZ04,BLSZ02,1,0.12498097188253088,0.0,1.1249809718825308
BDSZ04,BMSZ01,1,0.6600599643627502,0.0,1.66005996436275
BDSZ04,BMSZ02,3,0.3814493240969863,0.0,3.3814493240969865
BDSZ04,BMSZ03,2,0.7739009936245133,0.0,2.773900993624513
BDSZ04,BMSZ05,2,1.1554788394732523,0.0,3.1554788394732523
BDSZ04,BMSZ08,1,0.5440530729900421,0.0,1.5440530729900421
BDSZ04,BMSZ16,1,0.05850492042908075,0.0,1.0585049204290808
BDSZ04,BMSZ17,1,0.26449842913330796,0.0,1.264498429133308
BDSZ04,BSSZ01,5,1.8492424582076954,0.0,6.849242458207695
BDSZ04,BSSZ03,1,1.0754607936701863,0.0,2.075460793670186
BDSZ04,BTSZ01,2,1.6449713485827568,0.0,3.644971348582757
BDSZ04,CHSZ02,2,0.8680570879267744,0.0,2.8680570879267746
BDSZ04,CHSZ03,12,5.061838930965469,0.0,17.061838930965468
BDSZ04,CKSZ06,1,0.1762672728862076,0.0,1.1762672728862076
BDSZ04,CLSZ03,1,0.46742853390418815,0.0,1.4674285339041881
BDSZ04,DTSZ01,1,1.3966863772542235,0.0,2.3966863772542233
BDSZ04,DTSZ02,6,0.6515721481739467,0.0,6.651572148173947
BDSZ04,DTSZ03,5,1.053288111983965,0.0,6.053288111983965
BDSZ04,DTSZ05,11,0.8881043451015729,0.0,11.888104345101572
BDSZ04,DTSZ06,1,0.04022786141179939,0.0,1.0402278614117995
BDSZ04,DTSZ08,9,1.3304127453934158,0.0,10.330412745393415
BDSZ04,DTSZ09,2,0.2719633809286884,0.0,2.2719633809286885
BDSZ04,DTSZ11,4,0.7468612707646095,0.0,4.74686127076461
BDSZ04,GLSZ01,2,0.7921047773025481,0.0,2.7921047773025482
BDSZ04,GLSZ02,1,1.2625665440353147,0.0,2.2625665440353147
BDSZ04,GLSZ03,4,1.9058454094903374,0.0,5.905845409490338
BDSZ04,GLSZ04,8,4.297296038455931,0.0,12.297296038455931
BDSZ04,GLSZ05,17,4.405549928095196,0.0,21.405549928095198
BDSZ04,HGSZ01,1,0.8873867137217576,0.0,1.8873867137217575
BDSZ04,HGSZ04,1,0.7827685417088126,0.0,1.7827685417088126
BDSZ04,HGSZ06,5,3.547348358207018,0.0,8.547348358207017
BDSZ04,HGSZ07,1,0.7284911755632855,0.0,1.7284911755632855
BDSZ04,HGSZ08,5,1.6147745674936154,0.0,6.614774567493615
BDSZ04,JESZ01,1,0.12394484215658146,0.0,1.1239448421565814
BDSZ04,JESZ02,1,0.020451025538262255,0.0,1.0204510255382622
BDSZ04,JESZ03,1,0.8417307007829705,0.0,1.8417307007829704
BDSZ04,JESZ05,5,2.3515644489649534,0.0,7.351564448964954
BDSZ04,JESZ09,1,0.11872953003278036,0.0,1.1187295300327804
BDSZ04,JWSZ04,2,1.4492443297435842,0.0,3.449244329743584
BDSZ04,JWSZ08,2,1.4236801194324815,0.0,3.4236801194324817
BDSZ04,KLSZ01,1,0.9238992000288223,0.0,1.9238992000288224
BDSZ04,KLSZ03,1,0.20959965641482559,0.0,1.2095996564148255
BDSZ04,KLSZ05,5,1.7598628730867527,0.0,6.759862873086753
BDSZ04,KLSZ06,1,0.7549772916637919,0.0,1.754977291663792
BDSZ04,KLSZ07,1,0.805927300238203,0.0,1.805927300238203
BDSZ04,KLSZ08,2,0.9473483064948555,0.0,2.9473483064948556
BDSZ04,KLSZ09,1,0.09802524287707938,0.0,1.0980252428770794
BDSZ04,MPSZ01,3,0.7326230110749886,0.0,3.7326230110749887
BDSZ04,MPSZ02,2,2.078063704757001,0.0,4.078063704757001
BDSZ04,MPSZ03,6,1.9295990333938917,0.0,7.929599033393892
BDSZ04,MUSZ01,1,0.6096000824870944,0.0,1.6096000824870944
BDSZ04,MUSZ03,2,0.19818723936938126,0.0,2.198187239369381
BDSZ04,NTSZ03,1,0.21833950517877385,0.0,1.2183395051787738
BDSZ04,NVSZ01,2,1.715352163149269,0.0,3.715352163149269
BDSZ04,NVSZ02,3,1.248144512612733,0.0,4.248144512612733
BDSZ04,ORSZ02,3,1.4286065262657266,0.0,4.428606526265726
BDSZ04,ORSZ03,1,0.9219289527508548,0.0,1.921928952750855
BDSZ04,OTSZ03,12,1.1622969280845699,0.0,13.16229692808457
BDSZ04,OTSZ04,2,0.3201020070760202,0.0,2.32010200707602
BDSZ04,PGSZ04,2,1.9021502432395843,0.0,3.9021502432395843
BDSZ04,PLSZ01,1,0.34076436887348394,0.0,1.3407643688734838
BDSZ04,PNSZ01,1,0.2685099495508973,0.0,1.2685099495508974
BDSZ04,PRSZ03,7,1.270221078123483,0.0,8.270221078123484
BDSZ04,PRSZ05,3,3.2037814499504753,0.0,6.203781449950475
BDSZ04,PRSZ06,4,0.8024465062708344,0.0,4.802446506270835
BDSZ04,PRSZ08,2,2.1682889496470406,0.0,4.1682889496470406
BDSZ04,QTSZ04,1,0.0875245256054486,0.0,1.0875245256054487
BDSZ04,QTSZ07,1,0.0,0.0,1.0
BDSZ04,QTSZ08,4,1.156692538391389,0.0,5.156692538391389
BDSZ04,QTSZ11,2,1.1882735915540654,0.0,3.1882735915540654
BDSZ04,QTSZ12,2,0.43773011768807446,0.0,2.4377301176880746
BDSZ04,QTSZ14,1,0.5294122430716564,0.0,1.5294122430716564
BDSZ04,QTSZ15,1,0.22392999578198677,0.0,1.2239299957819867
BDSZ04,RCSZ08,1,0.0,0.0,1.0
BDSZ04,RCSZ09,1,0.15796411396962215,0.0,1.1579641139696222
BDSZ04,RCSZ10,5,0.662566105654377,0.0,5.662566105654377
BDSZ04,SESZ03,2,1.5212931551213247,0.0,3.5212931551213247
BDSZ04,SGSZ02,1,0.3905446861147264,0.0,1.3905446861147264
BDSZ04,SGSZ03,2,0.8414034517578682,0.0,2.841403451757868
BDSZ04,SGSZ04,1,1.6064525039619257,0.0,2.6064525039619255
BDSZ04,SGSZ06,3,1.070451330625589,0.0,4.070451330625589
BDSZ04,SISZ01,1,0.5728841100575894,0.0,1.5728841100575894
BDSZ04,SLSZ01,2,0.25243698288064137,0.0,2.252436982880641
BDSZ04,SRSZ02,2,0.18802730867561496,0.0,2.188027308675615
BDSZ04,TMSZ02,15,7.45633611836411,2.17633248591755,24.632668604281662
BDSZ04,TMSZ03,9,3.529776159647709,2.0875761373951707,14.61735229704288
BDSZ04,TMSZ04,28,10.393371978179243,2.64223961330758,41.03561159148683
BDSZ04,TMSZ05,8,1.7131875244362798,0.0,9.713187524436279
BDSZ04,TNSZ01,2,0.9058659112975292,0.0,2.9058659112975294
BDSZ04,TPSZ02,3,1.0270073636935968,0.0,4.027007363693597
BDSZ04,TPSZ05,1,0.19605371391047122,0.0,1.1960537139104712
BDSZ04,TPSZ12,3,0.5213871712371011,0.0,3.521387171237101
BDSZ04,TSSZ02,1,0.4189286799494001,0.0,1.4189286799494
BDSZ04,TSSZ04,1,0.4881017615563801,0.0,1.48810176155638
BDSZ04,WCSZ01,4,4.958034156062738,0.0,8.958034156062737
BDSZ04,WDSZ01,1,0.10042494357585062,0.0,1.1004249435758506
BDSZ04,WDSZ02,1,0.403083154378249,0.0,1.403083154378249
BDSZ04,WDSZ04,1,0.22262896536584878,0.0,1.2226289653658489
BDSZ04,WDSZ08,1,0.4487360119187946,0.0,1.4487360119187946
BDSZ04,YSSZ03,1,0.8065083888539964,0.0,1.8065083888539966
BDSZ04,YSSZ04,1,0.7701079108097898,0.0,1.7701079108097897
BDSZ04,YSSZ08,1,0.2649493305532684,0.0,1.2649493305532684
BDSZ04,YSSZ09,4,1.659422462449977,0.0,5.659422462449977
BDSZ05,AMSZ01,1,0.4333897691858857,0.0,1.4333897691858857
BDSZ05,AMSZ08,1,0.08238643798182545,0.0,1.0823864379818255
BDSZ05,BDSZ03,5,1.515232384379725,1.9168369424705185,8.432069326850243
BDSZ05,BDSZ04,7,4.547081004245271,2.694747322950015,14.241828327195286
BDSZ05,BDSZ05,6,13.843466780227581,12.502676365561797,32.34614314578938
BDSZ05,BDSZ06,4,2.7182233727788083,1.0461723030292096,7.764395675808018
BDSZ05,BDSZ07,1,1.4163125146605087,0.6928296140012555,3.109142128661764
BDSZ05,BLSZ02,1,0.07418437101913569,0.0,1.0741843710191357
BDSZ05,BMSZ02,1,0.20322320486264525,0.0,1.2032232048626452
BDSZ05,BMSZ07,1,0.4333793268319045,0.0,1.4333793268319046
BDSZ05,BSSZ03,1,0.6705837100757811,0.0,1.670583710075781
BDSZ05,BTSZ02,1,0.12523979043709466,0.0,1.1252397904370945
BDSZ05,CHSZ03,2,1.2985563270160059,0.0,3.298556327016006
BDSZ05,CLSZ01,1,0.21584620395225837,0.0,1.2158462039522584
BDSZ05,DTSZ01,3,0.37848553310575,0.0,3.37848553310575
BDSZ05,DTSZ02,2,0.895257574416878,0.0,2.895257574416878
BDSZ05,DTSZ03,2,0.9932688083583636,0.0,2.993268808358364
BDSZ05,DTSZ05,3,1.1817239662882306,0.0,4.181723966288231
BDSZ05,DTSZ08,4,0.4515097328052729,0.0,4.451509732805273
BDSZ05,DTSZ11,2,0.8367610158823494,0.0,2.8367610158823493
BDSZ05,DTSZ12,1,0.28542595998047654,0.0,1.2854259599804765
BDSZ05,GLSZ02,1,0.6080015996409361,0.0,1.6080015996409363
BDSZ05,GLSZ04,1,0.9129417450091363,0.0,1.9129417450091362
BDSZ05,GLSZ05,5,2.265086771092829,1.130620847166258,8.395707618259086
BDSZ05,HGSZ01,1,0.3795039045861393,0.0,1.3795039045861393
BDSZ05,HGSZ04,1,0.31987516837332236,0.0,1.3198751683733223
BDSZ05,HGSZ08,1,0.5610609470711729,0.0,1.561060947071173
BDSZ05,JESZ01,1,0.08979508009742325,0.0,1.0897950800974232
BDSZ05,JESZ03,1,0.36300631753598783,0.0,1.3630063175359879
BDSZ05,JESZ05,1,0.4186798052409915,0.0,1.4186798052409915
BDSZ05,KLSZ06,1,0.5089823220310955,0.0,1.5089823220310956
BDSZ05,KLSZ08,1,0.5334286334818037,0.0,1.5334286334818037
BDSZ05,MPSZ01,1,0.4596993203654477,0.0,1.4596993203654476
BDSZ05,MPSZ02,4,1.7631226444218515,0.0,5.763122644421852
BDSZ05,MPSZ03,2,1.8385037728407643,1.0162722406652767,4.854776013506041
BDSZ05,MUSZ01,1,0.19901086243331426,0.0,1.1990108624333142
BDSZ05,MUSZ03,3,0.24208783385781352,0.0,3.2420878338578136
BDSZ05,NTSZ03,1,0.12055972680087898,0.0,1.120559726800879
BDSZ05,NVSZ01,1,0.9197275513699716,0.0,1.9197275513699716
BDSZ05,NVSZ02,1,0.5954262067482663,0.0,1.5954262067482663
BDSZ05,ORSZ01,1,0.05805022623691269,0.0,1.0580502262369127
BDSZ05,ORSZ02,2,0.7035839882461763,0.0,2.7035839882461765
BDSZ05,ORSZ03,2,0.5610929424058118,0.0,2.5610929424058115
BDSZ05,OTSZ02,1,0.038150279637018766,0.0,1.0381502796370188
BDSZ05,OTSZ03,3,0.9935867748214628,0.0,3.9935867748214626
BDSZ05,PGSZ03,1,0.42501553786184887,0.0,1.425015537861849
BDSZ05,PGSZ04,1,0.9185797048788286,0.0,1.9185797048788285
BDSZ05,PRSZ02,1,0.4397768583357179,0.0,1.4397768583357178
BDSZ05,PRSZ03,1,0.7857716129998842,0.0,1.7857716129998842
BDSZ05,QTSZ08,2,0.5443640864166644,0.0,2.5443640864166643
BDSZ05,QTSZ09,1,0.0405764046856442,0.0,1.0405764046856443
BDSZ05,QTSZ11,2,0.5226027754960944,0.0,2.5226027754960945
BDSZ05,QTSZ13,2,0.3759231590330994,0.0,2.3759231590330994
BDSZ05,RCSZ09,1,0.1773021410820008,0.0,1.1773021410820008
BDSZ05,TMSZ03,3,2.009111770347915,0.0,5.009111770347915
BDSZ05,TMSZ04,5,2.2067882874728357,0.0,7.206788287472836
BDSZ05,TNSZ01,1,0.4162580107982509,0.0,1.416258010798251
BDSZ05,TPSZ04,1,0.13306493635757485,0.0,1.1330649363575749
BDSZ05,TPSZ07,1,0.10635279294534938,0.0,1.1063527929453494
BDSZ05,TPSZ11,1,0.4487054825470516,0.0,1.4487054825470516
BDSZ05,TPSZ12,1,0.39730422592166575,0.0,1.3973042259216657
BDSZ06,AMSZ01,1,0.37073173897564904,0.0,1.370731738975649
BDSZ06,BDSZ01,4,1.831683885842511,0.0,5.831683885842511
BDSZ06,BDSZ02,1,1.2397970386374153,0.24600722078102083,2.485804259418436
BDSZ06,BDSZ03,3,1.4951670197790587,0.0,4.495167019779059
BDSZ06,BDSZ04,31,10.277693886123433,9.585918092671141,50.86361197879457
BDSZ06,BDSZ05,4,3.1507579288683973,0.34279367485836304,7.493551603726761
BDSZ06,BDSZ06,12,13.057414391597797,19.180143402250522,44.23755779384832
BDSZ06,BDSZ08,1,0.886358580643148,0.0,1.886358580643148
BDSZ06,BLSZ02,1,0.12171607779551157,0.0,1.1217160777955115
BDSZ06,BMSZ01,1,0.533904542046674,0.0,1.533904542046674
BDSZ06,BMSZ05,1,0.3840158498838971,0.0,1.384015849883897
BDSZ06,BMSZ12,2,0.7050550137875425,0.0,2.7050550137875424
BDSZ06,BMSZ17,1,0.18955394758978225,0.0,1.1895539475897823
BDSZ06,BPSZ03,1,0.23912439127734655,0.0,1.2391243912773466
BDSZ06,BSSZ01,1,0.5751471111051066,0.0,1.5751471111051067
BDSZ06,BTSZ01,1,0.4174743917510307,0.0,1.4174743917510306
BDSZ06,CHSZ02,2,0.44484570784310196,0.0,2.444845707843102
BDSZ06,CHSZ03,8,2.4043940074637744,0.0,10.404394007463775
BDSZ06,CKSZ06,1,0.5851295760505344,0.0,1.5851295760505344
BDSZ06,DTSZ01,4,0.3519854785198046,0.0,4.351985478519804
BDSZ06,DTSZ02,7,0.7952414399383931,0.0,7.795241439938393
BDSZ06,DTSZ03,2,0.8454727023955732,0.0,2.8454727023955733
BDSZ06,DTSZ05,5,1.4832939339475892,0.0,6.483293933947589
BDSZ06,DTSZ08,7,1.2318536436836818,0.0,8.231853643683682
BDSZ06,DTSZ11,8,0.8125025853095295,0.0,8.81250258530953
BDSZ06,DTSZ12,1,0.2109083217340487,0.0,1.2109083217340486
BDSZ06,GLSZ02,1,0.5662553053055756,0.0,1.5662553053055754
BDSZ06,GLSZ03,1,0.8813171948378928,0.0,1.8813171948378928
BDSZ06,GLSZ04,5,2.4788716519847447,0.0,7.478871651984745
BDSZ06,GLSZ05,9,2.9799496737021878,0.0,11.979949673702187
BDSZ06,HGSZ02,1,0.48727520303074173,0.0,1.4872752030307417
BDSZ06,HGSZ05,2,1.1781789268169145,0.0,3.1781789268169147
BDSZ06,KLSZ04,1,0.0,0.0,1.0
BDSZ06,KLSZ07,1,0.5972984380251118,0.0,1.5972984380251118
BDSZ06,KLSZ08,1,0.5162730507105826,0.0,1.5162730507105826
BDSZ06,MPSZ02,1,0.6328232162411099,0.0,1.63282321624111
BDSZ06,MPSZ03,3,1.9009790376698623,0.0,4.900979037669862
BDSZ06,MUSZ01,2,0.36770975995909694,0.0,2.367709759959097
BDSZ06,MUSZ03,1,0.06238346044777712,0.0,1.062383460447777
BDSZ06,NTSZ05,1,0.0,0.0,1.0
BDSZ06,NVSZ02,3,1.213938161428118,0.0,4.213938161428118
BDSZ06,ORSZ02,1,0.4048275045269531,0.0,1.4048275045269532
BDSZ06,ORSZ03,2,0.43208806529036076,0.0,2.432088065290361
BDSZ06,OTSZ03,2,0.6222152410089322,0.0,2.622215241008932
BDSZ06,PGSZ01,1,0.1992175250332316,0.0,1.1992175250332315
BDSZ06,PGSZ04,1,1.1307571259253926,0.0,2.130757125925393
BDSZ06,PNSZ02,1,0.0,0.0,1.0
BDSZ06,PRSZ03,2,1.7123878914295538,0.0,3.712387891429554
BDSZ06,PRSZ04,1,0.29739890211920006,0.0,1.2973989021192
BDSZ06,PRSZ05,1,1.5305575470632793,0.0,2.530557547063279
BDSZ06,PRSZ06,1,0.2405816965321032,0.0,1.2405816965321033
BDSZ06,PRSZ08,1,0.5184589628694777,0.0,1.5184589628694778
BDSZ06,QTSZ08,1,0.4266109693331715,0.0,1.4266109693331714
BDSZ06,QTSZ11,1,0.41658151369837626,0.0,1.4165815136983761
BDSZ06,QTSZ14,1,0.3561446403525996,0.0,1.3561446403525996
BDSZ06,RCSZ01,1,0.17873399474072407,0.0,1.178733994740724
BDSZ06,RCSZ10,1,0.28526546540075415,0.0,1.2852654654007543
BDSZ06,SBSZ03,1,0.34754591057782047,0.0,1.3475459105778205
BDSZ06,SESZ03,1,0.6765374354672457,0.0,1.6765374354672455
BDSZ06,SGSZ06,2,0.6146308460289435,0.0,2.6146308460289434
BDSZ06,SRSZ01,1,0.3422365226156507,0.0,1.3422365226156507
BDSZ06,TMSZ02,6,3.000895704491751,0.0,9.00089570449175
BDSZ06,TMSZ03,4,2.2851658209894854,1.0785643355967716,7.363730156586257
BDSZ06,TMSZ04,5,4.127750102525086,1.8311066701767675,10.958856772701854
BDSZ06,TMSZ05,5,1.6188589174454007,0.7357298176321191,7.35458873507752
BDSZ06,TNSZ02,1,0.13068645332097525,0.0,1.1306864533209753
BDSZ06,TNSZ04,1,0.16490373059769198,0.0,1.164903730597692
BDSZ06,TPSZ02,2,0.8390729945142785,0.0,2.8390729945142787
BDSZ06,TPSZ04,1,0.09618818766095139,0.0,1.0961881876609514
BDSZ06,TPSZ06,1,0.558265260394341,0.0,1.558265260394341
BDSZ06,TPSZ09,1,0.23051442669115207,0.0,1.230514426691152
BDSZ06,WDSZ02,1,0.3978307401742138,0.0,1.3978307401742138
BDSZ06,YSSZ01,1,0.31261362845906354,0.0,1.3126136284590635
BDSZ07,BDSZ03,1,0.5423298885670916,0.03918167219085771,1.5815115607579493
BDSZ07,BDSZ04,4,3.0932452907354335,0.3585222289569787,7.451767519692412
BDSZ07,BDSZ07,3,0.690885986214825,1.0008883940633369,4.6917743802781615
BDSZ07,BKSZ04,1,0.04781109848725157,0.0,1.0478110984872515
BDSZ07,BMSZ15,1,0.0,0.0,1.0
BDSZ07,BTSZ06,1,0.10118686661894749,0.0,1.1011868666189475
BDSZ07,CHSZ03,1,0.5490101503657561,0.0,1.549010150365756
BDSZ07,DTSZ01,1,0.4140297337045234,0.0,1.4140297337045233
BDSZ07,DTSZ04,1,0.08517744389214421,0.0,1.0851774438921442
BDSZ07,DTSZ05,1,0.251804996080609,0.0,1.251804996080609
BDSZ07,DTSZ11,2,0.359166036235489,0.0,2.359166036235489
BDSZ07,GLSZ04,1,0.6512136589578772,0.0,1.6512136589578772
BDSZ07,GLSZ05,2,1.0639398881989137,0.049893033262957895,3.1138329214618716
BDSZ07,JESZ06,1,0.027990299714182425,0.0,1.0279902997141823
BDSZ07,JWSZ03,1,0.0,0.0,1.0
BDSZ07,MPSZ01,1,0.26595454914731853,0.0,1.2659545491473185
BDSZ07,MPSZ02,2,1.0937493177083009,0.37243595559052795,3.4661852732988288
BDSZ07,MPSZ03,3,1.5080082619838509,0.17909284381389948,4.68710110579775
BDSZ07,NTSZ02,1,0.0,0.0,1.0
BDSZ07,QTSZ11,2,0.3328525209900643,0.0,2.3328525209900643
BDSZ07,QTSZ12,1,0.2218401562597123,0.0,1.2218401562597123
BDSZ07,SESZ03,1,0.6240393921584078,0.0,1.6240393921584078
BDSZ07,TMSZ04,1,1.0481516988734467,0.0,2.048151698873447
BDSZ07,WDSZ09,1,0.027612765110743145,0.0,1.0276127651107432
BDSZ08,BDSZ03,1,0.24527613188465572,0.0,1.2452761318846557
BDSZ08,BDSZ04,6,2.77754376084503,0.0,8.777543760845031
BDSZ08,BTSZ03,1,0.05918088415269881,0.0,1.0591808841526988
BDSZ08,DTSZ05,1,0.16823100432012073,0.0,1.1682310043201207
BDSZ08,DTSZ08,1,0.1550287022174725,0.0,1.1550287022174726
BDSZ08,GLSZ02,1,0.186228279770871,0.0,1.186228279770871
BDSZ08,GLSZ03,1,0.19592015814371974,0.0,1.1959201581437198
BDSZ08,GLSZ05,1,0.49430192590158134,0.0,1.4943019259015813
BDSZ08,JWSZ08,1,0.8508527949726921,0.0,1.850852794972692
BDSZ08,MPSZ03,1,0.3354955764050446,0.0,1.3354955764050447
BDSZ08,MUSZ03,1,0.08312278100648822,0.0,1.0831227810064883
BDSZ08,TMSZ05,2,0.44881800038101005,0.0,2.44881800038101
BKSZ01,AMSZ09,1,0.10332351997890939,0.0,1.1033235199789093
BKSZ01,BDSZ04,1,0.05867444823714124,0.0,1.0586744482371413
BKSZ01,BKSZ01,1,0.6249031656487559,5.809061656881083,7.4339648225298385
BKSZ01,BKSZ02,2,0.607023945250908,0.3070379706928337,2.9140619159437415
BKSZ01,BKSZ04,1,0.3017367721119047,0.2502224537323315,1.551959225844236
BKSZ01,BKSZ05,1,0.6426328654768145,0.22981034881129445,1.872443214288109
BKSZ01,BKSZ07,1,0.25111198298659154,0.09900453986846541,1.350116522855057
BKSZ01,BMSZ01,1,0.18357178121662052,0.0,1.1835717812166204
BKSZ01,BMSZ07,1,0.18761264680900452,0.0,1.1876126468090045
BKSZ01,BPSZ03,1,0.2959422088563251,0.09948472464144542,1.3954269334977705
BKSZ01,BPSZ04,1,0.28165577390607943,0.060850150177768944,1.3425059240838484
BKSZ01,BPSZ05,4,1.2802313054004757,0.9285345606123115,6.2087658660127865
BKSZ01,BSSZ03,2,0.23143201655490234,0.0,2.231432016554902
BKSZ01,CKSZ02,1,0.6349358996143736,0.11547412867645258,1.7504100282908264
BKSZ01,CKSZ04,1,0.32876648125970065,0.10057678156420803,1.4293432628239087
BKSZ01,CLSZ01,1,0.13511081814227965,0.0,1.1351108181422798
BKSZ01,DTSZ03,1,0.1433072009557822,0.0,1.1433072009557823
BKSZ01,DTSZ05,2,0.18355488042650472,0.0,2.1835548804265046
BKSZ01,DTSZ08,1,0.13646480284001383,0.0,1.1364648028400137
BKSZ01,DTSZ11,1,0.16175790100282428,0.0,1.1617579010028243
BKSZ01,GLSZ03,1,0.1475752324784414,0.0,1.1475752324784414
BKSZ01,HGSZ06,2,0.2787779615219225,0.0,2.2787779615219224
BKSZ01,JESZ01,1,0.1363495854895054,0.0,1.1363495854895054
BKSZ01,JESZ05,4,0.31954340964312783,0.0,4.319543409643128
BKSZ01,JWSZ04,1,0.40686223293587964,0.0,1.4068622329358798
BKSZ01,JWSZ06,1,0.09869790245985678,0.0,1.0986979024598569
BKSZ01,KLSZ06,1,0.17039196204845547,0.0,1.1703919620484555
BKSZ01,KLSZ09,1,0.016127478979490597,0.0,1.0161274789794905
BKSZ01,NVSZ01,1,0.2823451900557097,0.0,1.2823451900557097
BKSZ01,NVSZ03,1,0.06955702612850419,0.0,1.0695570261285041
BKSZ01,OTSZ03,1,0.16203164478162305,0.0,1.162031644781623
BKSZ01,PGSZ05,1,0.10657004468334692,0.0,1.1065700446833469
BKSZ01,PRSZ02,1,0.02158102014675781,0.0,1.021581020146758
BKSZ01,QTSZ05,1,0.2031179913582177,0.0,1.2031179913582177
BKSZ01,QTSZ08,3,0.4192636432535136,0.0,3.4192636432535135
BKSZ01,QTSZ11,1,0.12466048240190858,0.0,1.1246604824019086
BKSZ01,SESZ06,1,0.23805348921871608,0.0,1.238053489218716
BKSZ01,TNSZ01,1,0.10442095225210371,0.0,1.1044209522521038
BKSZ01,TPSZ11,1,0.1338237492146537,0.0,1.1338237492146537
BKSZ01,WDSZ02,1,0.12713871635788188,0.0,1.1271387163578819
BKSZ01,WDSZ04,1,0.21783439013509032,0.0,1.2178343901350903
BKSZ01,YSSZ02,1,0.061380134924001975,0.0,1.061380134924002
BKSZ01,YSSZ03,1,0.16058575811213793,0.0,1.160585758112138
BKSZ01,YSSZ09,1,0.21955958473746606,0.0,1.219559584737466
BKSZ02,BKSZ01,2,0.681617348514112,0.23352010548664867,2.9151374540007606
BKSZ02,BKSZ02,3,0.6022452241848487,15.559887247457004,19.162132471641854
BKSZ02,BKSZ03,1,0.7436432133800845,0.7951869939634556,2.53883020734354
BKSZ02,BKSZ04,1,0.8587598816776203,1.5447548692843633,3.4035147509619836
BKSZ02,BKSZ05,2,1.7151915735981877,1.027525836527261,4.742717410125449
BKSZ02,BKSZ06,3,0.7201970983916388,0.6978329162256474,4.418030014617286
BKSZ02,BKSZ07,5,2.38958552619647,1.0262138312299198,8.41579935742639
BKSZ02,BMSZ01,1,0.2958504333564385,0.0,1.2958504333564385
BKSZ02,BMSZ02,2,0.2152086743421192,0.0,2.215208674342119
BKSZ02,BPSZ04,1,0.3469485257669868,0.09405569347470498,1.4410042192416919
BKSZ02,BPSZ05,2,0.7694177016279259,0.5327346365725486,3.3021523382004743
BKSZ02,BPSZ07,2,0.16789148819697874,0.0,2.167891488196979
BKSZ02,BSSZ03,1,0.31910300431480837,0.0,1.3191030043148084
BKSZ02,BTSZ01,3,0.6158786871799992,0.0,3.615878687179999
BKSZ02,CHSZ02,1,0.08339152697392832,0.0,1.0833915269739283
BKSZ02,CKSZ01,1,0.814485101781152,0.3906445489017015,2.2051296506828533
BKSZ02,CKSZ02,2,1.5951010369777472,0.6556375506154312,4.250738587593179
BKSZ02,CKSZ03,2,0.7067433022301709,0.6348931878369888,3.3416364900671596
BKSZ02,CKSZ05,1,0.34481769525372197,0.15643288797430863,1.5012505832280307
BKSZ02,CLSZ01,1,0.1532803921028044,0.0,1.1532803921028043
BKSZ02,CLSZ06,1,0.23143657693967895,0.0,1.231436576939679
BKSZ02,CLSZ07,1,0.2381714003331379,0.0,1.2381714003331379
BKSZ02,CLSZ09,1,0.08634509519623626,0.0,1.0863450951962363
BKSZ02,DTSZ05,4,0.34066598101628065,0.0,4.340665981016281
BKSZ02,DTSZ11,1,0.33839176084836614,0.0,1.3383917608483662
BKSZ02,DTSZ12,1,0.17821258998524706,0.0,1.1782125899852471
BKSZ02,JESZ01,1,0.5157895848054569,0.0,1.5157895848054568
BKSZ02,JESZ04,1,0.1779781793788473,0.0,1.1779781793788473
BKSZ02,JESZ05,7,0.9688356141897028,1.423002981418721,9.391838595608425
BKSZ02,JESZ08,2,0.20116393359109802,0.0,2.201163933591098
BKSZ02,JWSZ03,2,0.6174288554697441,0.22785352230033776,2.845282377770082
BKSZ02,JWSZ05,1,0.0983624471955696,0.0,1.0983624471955695
BKSZ02,JWSZ07,1,0.038586615155933375,0.0,1.0385866151559333
BKSZ02,JWSZ08,3,0.8789639973606642,0.0,3.878963997360664
BKSZ02,JWSZ09,1,0.796840311139557,0.0,1.796840311139557
BKSZ02,NTSZ03,1,0.06695048622614175,0.0,1.0669504862261419
BKSZ02,OTSZ03,1,0.37290574948432625,0.0,1.3729057494843262
BKSZ02,PNSZ01,2,0.11063805500618813,0.0,2.1106380550061883
BKSZ02,PNSZ03,1,0.0,0.0,1.0
BKSZ02,PNSZ05,1,0.04591898781439769,0.0,1.0459189878143977
BKSZ02,PRSZ03,2,0.6142848303003545,0.0,2.6142848303003543
BKSZ02,QTSZ05,1,0.28315549080920555,0.0,1.2831554908092055
BKSZ02,QTSZ06,1,0.13540308837019494,0.0,1.1354030883701949
BKSZ02,QTSZ08,2,0.45361311950493294,0.0,2.453613119504933
BKSZ02,QTSZ11,2,0.5120989175459604,0.0,2.5120989175459605
BKSZ02,RCSZ09,1,0.0928557074079425,0.0,1.0928557074079426
BKSZ02,SGSZ02,1,0.09513658915604592,0.0,1.0951365891560458
BKSZ02,SGSZ07,1,0.07957051224790734,0.0,1.0795705122479073
BKSZ02,SKSZ01,1,0.1753970838753277,0.0,1.1753970838753278
BKSZ02,SRSZ02,1,0.06221614100829196,0.0,1.062216141008292
BKSZ02,TMSZ03,1,0.33324162073653874,0.0,1.3332416207365387
BKSZ02,TMSZ05,1,0.3414574594364864,0.0,1.3414574594364863
BKSZ02,TPSZ02,1,0.42480531537273025,0.0,1.4248053153727303
BKSZ02,TSSZ03,1,0.09108089454287431,0.0,1.0910808945428743
BKSZ02,TSSZ05,1,0.6807300221741496,0.0,1.6807300221741497
BKSZ02,WCSZ01,1,0.3672438550486051,0.0,1.367243855048605
BKSZ02,WDSZ03,1,0.4574153634720521,0.0,1.4574153634720521
BKSZ02,YSSZ03,1,0.3573503317878183,0.0,1.3573503317878184
BKSZ03,AMSZ03,1,0.21452542987867665,0.0,1.2145254298786767
BKSZ03,AMSZ11,1,0.01820648992999759,0.0,1.0182064899299976
BKSZ03,BKSZ03,9,0.605882486508032,24.96626786159935,34.57215034810738
BKSZ03,BKSZ04,1,0.7866846800569722,0.6227774978636741,2.409462177920646
BKSZ03,BKSZ05,3,1.7899459372402169,1.0795206784249307,5.869466615665148
BKSZ03,BKSZ06,2,0.8666273963777196,0.945133810186341,3.8117612065640603
BKSZ03,BKSZ07,7,4.172945185073893,1.3386364906247945,12.511581675698688
BKSZ03,BKSZ08,2,0.3050730648382794,0.13737236145970627,2.4424454262979856
BKSZ03,BMSZ01,2,0.47211030359089223,0.0,2.4721103035908922
BKSZ03,BMSZ02,1,0.19332413478086197,0.0,1.193324134780862
BKSZ03,BMSZ05,1,0.23545541611284046,0.0,1.2354554161128404
BKSZ03,BMSZ06,1,0.16921388314123917,0.0,1.169213883141239
BKSZ03,BPSZ04,1,0.3820516633510578,0.0,1.3820516633510578
BKSZ03,BSSZ03,1,0.313743723921212,0.0,1.313743723921212
BKSZ03,BTSZ03,1,0.17078900871851624,0.0,1.1707890087185162
BKSZ03,CCSZ01,1,0.11877139919520513,0.0,1.118771399195205
BKSZ03,CHSZ03,1,0.3796019517469788,0.0,1.3796019517469789
BKSZ03,CKSZ01,2,0.7150017602360266,0.29531862845642864,3.010320388692455
BKSZ03,CKSZ02,2,1.437929897486001,0.28691280192789864,3.7248426994139
BKSZ03,CKSZ03,2,0.6046043014260807,0.2652668786547,2.869871180080781
BKSZ03,CKSZ04,1,0.5357501687202367,0.08959602892769686,1.6253461976479335
BKSZ03,CKSZ05,1,0.416979480242637,0.0,1.416979480242637
BKSZ03,CKSZ06,1,0.44069671173634534,0.0,1.4406967117363454
BKSZ03,CLSZ08,1,0.39371300796720493,0.0,1.3937130079672049
BKSZ03,DTSZ01,1,0.35204423631130805,0.0,1.352044236311308
BKSZ03,DTSZ03,2,0.3707605651163346,0.0,2.370760565116335
BKSZ03,DTSZ05,1,0.22539776818699664,0.0,1.2253977681869967
BKSZ03,DTSZ08,3,0.27763799572557846,0.0,3.2776379957255783
BKSZ03,DTSZ11,1,0.36665160122660656,0.0,1.3666516012266066
BKSZ03,GLSZ03,1,0.3462988262623631,0.0,1.346298826262363
BKSZ03,GLSZ05,2,0.5542628967964872,0.0,2.5542628967964873
BKSZ03,JESZ01,3,0.921502889703415,0.30400440174693094,4.225507291450346
BKSZ03,JESZ02,1,0.5778119149580421,0.11967273862508725,1.6974846535831294
BKSZ03,JESZ03,2,0.8543731233583693,0.32270688854747015,3.1770800119058396
BKSZ03,JESZ05,4,1.283130361264537,0.7086545328392458,5.991784894103783
BKSZ03,JWSZ01,1,0.06890135235720148,0.0,1.0689013523572015
BKSZ03,JWSZ03,2,0.8979670658050145,0.36986585735582866,3.267832923160843
BKSZ03,JWSZ04,1,0.5364307004574135,0.14851773311201885,1.6849484335694325
BKSZ03,JWSZ08,1,1.2047794987446598,0.0,2.20477949874466
BKSZ03,JWSZ09,2,1.2642894760831456,0.0,3.2642894760831456
BKSZ03,KLSZ08,1,0.5154906397897074,0.0,1.5154906397897074
BKSZ03,NVSZ01,1,0.6081401960265636,0.0,1.6081401960265636
BKSZ03,NVSZ03,1,0.13029132824024095,0.0,1.130291328240241
BKSZ03,ORSZ01,1,0.035766394826045024,0.0,1.035766394826045
BKSZ03,ORSZ02,1,0.3305378329769914,0.0,1.3305378329769915
BKSZ03,QTSZ08,4,0.5774625111977408,0.0,4.577462511197741
BKSZ03,QTSZ11,3,0.9250657317731468,0.0,3.925065731773147
BKSZ03,RVSZ03,1,0.0,0.0,1.0
BKSZ03,SRSZ03,2,0.36558550777139504,0.0,2.365585507771395
BKSZ03,TMSZ01,1,0.24504009307088867,0.0,1.2450400930708887
BKSZ03,TMSZ04,1,0.18126169241494425,0.0,1.1812616924149442
BKSZ03,TNSZ04,1,0.1724040002222819,0.0,1.172404000222282
BKSZ03,TPSZ02,1,0.291109703153214,0.0,1.291109703153214
BKSZ03,TPSZ03,1,0.12355510906247999,0.0,1.12355510906248
BKSZ03,TPSZ06,1,0.2782175826462724,0.0,1.2782175826462723
BKSZ03,TSSZ02,1,0.1286448529204781,0.0,1.128644852920478
BKSZ03,TSSZ03,2,0.19775939226825234,0.0,2.197759392268252
BKSZ03,WCSZ01,4,0.7017609444806655,0.0,4.701760944480665
BKSZ03,WDSZ09,2,0.350038732502764,0.0,2.350038732502764
BKSZ04,BKSZ03,1,0.579317493541229,0.3286991185150057,1.9080166120562345
BKSZ04,BKSZ04,2,0.5642839208967266,7.8460982252337415,10.410382146130468
BKSZ04,BKSZ05,2,1.6397549862877652,1.4266308590303014,5.066385845318067
BKSZ04,BKSZ07,2,0.9222886090719129,1.6034015901197862,4.525690199191699
BKSZ04,BKSZ09,1,0.47702409744983415,0.0489290766598662,1.5259531741097003
BKSZ04,BMSZ13,1,0.11442227947164184,0.0,1.1144222794716419
BKSZ04,BPSZ05,1,0.39598838311118106,0.16160747035182677,1.5575958534630079
BKSZ04,BTSZ01,1,0.492441772649876,0.12753967718397924,1.6199814498338552
BKSZ04,BTSZ06,1,0.06117478041627328,0.0,1.0611747804162732
BKSZ04,CHSZ03,2,1.812285898178147,0.0,3.812285898178147
BKSZ04,CKSZ01,1,0.6165372855494657,0.12471663470470726,1.741253920254173
BKSZ04,CKSZ06,3,0.17693996861666839,0.0,3.1769399686166686
BKSZ04,DTSZ10,1,0.07022738564765434,0.0,1.0702273856476543
BKSZ04,DTSZ11,1,0.22153955289058377,0.0,1.2215395528905837
BKSZ04,GLSZ05,1,0.21587346763503418,0.0,1.2158734676350342
BKSZ04,HGSZ08,1,0.1351785443189166,0.0,1.1351785443189166
BKSZ04,JESZ03,1,0.36896452285899756,0.22247850699859664,1.5914430298575941
BKSZ04,JESZ05,3,0.8293878158986344,0.6249509465242441,4.4543387624228785
BKSZ04,JESZ06,1,0.1498527454756513,0.48503910504073106,1.6348918505163823
BKSZ04,JWSZ03,1,0.20665585754836,0.0,1.20665585754836
BKSZ04,JWSZ09,2,0.8835152819904336,0.0,2.8835152819904337
BKSZ04,NVSZ01,1,0.3077721376718935,0.0,1.3077721376718934
BKSZ04,PNSZ02,1,0.0,0.0,1.0
BKSZ04,PRSZ03,1,0.20615701776014245,0.0,1.2061570177601424
BKSZ04,QTSZ05,2,0.2642160580384154,0.0,2.264216058038415
BKSZ04,QTSZ08,1,0.1932696549139068,0.0,1.1932696549139068
BKSZ04,QTSZ11,1,0.17596447572499496,0.0,1.175964475724995
BKSZ04,RCSZ05,1,0.06010183478036498,0.0,1.060101834780365
BKSZ04,SBSZ08,1,0.11668999301398904,0.0,1.116689993013989
BKSZ04,SKSZ03,2,0.09300694214938043,0.0,2.0930069421493807
BKSZ04,TPSZ01,1,0.06683974773215862,0.0,1.0668397477321587
BKSZ04,TSSZ03,1,0.11794419828821949,0.0,1.1179441982882194
BKSZ04,WCSZ01,1,0.25435503421789024,0.0,1.2543550342178902
BKSZ04,WDSZ03,3,1.0512467702341781,0.0,4.051246770234178
BKSZ04,YSSZ02,1,0.09123357843135478,0.0,1.0912335784313547
BKSZ04,YSSZ08,1,0.06754790753047889,0.0,1.0675479075304788
BKSZ05,BKSZ02,1,0.9614392485135724,0.07969902937125191,2.041138277884824
BKSZ05,BKSZ03,4,2.764020488594925,1.0751842004463878,7.8392046890413125
BKSZ05,BKSZ04,1,1.7530206194776354,1.6979041629097031,4.450924782387339
BKSZ05,BKSZ05,4,4.595533876177968,12.315457039684581,20.91099091586255
BKSZ05,BKSZ07,1,0.9176248546266669,0.18398473892201125,2.101609593548678
BKSZ05,BLSZ02,3,0.14054191144892347,0.0,3.1405419114489233
BKSZ05,BMSZ05,2,1.1446664426598119,0.0,3.144666442659812
BKSZ05,BMSZ06,1,0.21314392635583634,0.0,1.2131439263558363
BKSZ05,BMSZ12,2,0.8744788084003169,0.0,2.8744788084003168
BKSZ05,BMSZ16,1,0.059423717694681355,0.0,1.0594237176946812
BKSZ05,BPSZ02,1,0.41820464245341854,0.15381419704658347,1.5720188395000019
BKSZ05,BPSZ04,2,1.3757256535047786,0.26924835172716466,3.6449740052319433
BKSZ05,BPSZ05,4,2.761441035201024,0.9238495592292434,7.685290594430267
BKSZ05,BTSZ01,6,3.8140512825750634,0.9617893494028776,10.77584063197794
BKSZ05,BTSZ06,2,0.3741860301185932,0.0,2.3741860301185933
BKSZ05,BTSZ08,1,0.3092127359985826,0.0,1.3092127359985826
BKSZ05,CKSZ03,6,2.086827151572565,0.0,8.086827151572566
BKSZ05,CKSZ04,1,0.5831962258966984,0.0,1.5831962258966983
BKSZ05,CKSZ05,1,0.4602004642045731,0.0,1.4602004642045732
BKSZ05,CLSZ01,1,0.776906661978536,0.09575477497629155,1.8726614369548273
BKSZ05,CLSZ04,5,2.2831235275729234,0.0,7.283123527572924
BKSZ05,CLSZ07,1,0.44164417682163304,0.0,1.441644176821633
BKSZ05,CLSZ08,1,0.49673426133092236,0.0,1.4967342613309222
BKSZ05,DTSZ02,1,0.4859996085647009,0.0,1.485999608564701
BKSZ05,DTSZ03,1,0.5519878676642233,0.0,1.5519878676642231
BKSZ05,DTSZ04,1,0.1581878267284269,0.0,1.158187826728427
BKSZ05,DTSZ05,3,1.0584780818524255,0.0,4.058478081852425
BKSZ05,DTSZ08,1,0.5420462223329318,0.0,1.5420462223329316
BKSZ05,DTSZ11,3,0.8028603602238711,0.0,3.802860360223871
BKSZ05,GLSZ03,1,0.7017443900931163,0.0,1.7017443900931162
BKSZ05,GLSZ05,1,0.8066109819432625,0.0,1.8066109819432625
BKSZ05,HGSZ04,1,0.38775684337263844,0.0,1.3877568433726384
BKSZ05,JESZ01,1,0.5792399195651008,0.0,1.5792399195651008
BKSZ05,JESZ03,1,1.1824339403006316,0.24736984469021814,2.42980378499085
BKSZ05,JESZ05,11,2.2037091794332797,0.996078036641575,14.199787216074855
BKSZ05,JESZ06,1,0.21439596365129823,0.0,1.2143959636512982
BKSZ05,JESZ08,1,0.1545886813048077,0.0,1.1545886813048076
BKSZ05,JWSZ03,1,0.6260743599261911,0.0,1.626074359926191
BKSZ05,JWSZ08,2,2.24775624056034,0.0,4.24775624056034
BKSZ05,JWSZ09,3,1.637397346516998,0.0,4.637397346516998
BKSZ05,KLSZ06,2,0.7307064891171543,0.0,2.7307064891171544
BKSZ05,KLSZ07,2,1.2853151155381926,0.0,3.2853151155381926
BKSZ05,MUSZ01,1,0.33068873365535945,0.0,1.3306887336553594
BKSZ05,NTSZ03,1,0.15031193535624385,0.0,1.1503119353562439
BKSZ05,NVSZ02,1,1.1396827492763044,0.0,2.1396827492763046
BKSZ05,ORSZ02,1,0.638658579719928,0.0,1.638658579719928
BKSZ05,ORSZ03,1,0.5394255652611522,0.0,1.5394255652611522
BKSZ05,OTSZ01,1,0.08054864436701749,0.0,1.0805486443670176
BKSZ05,OTSZ03,2,1.0478654297513146,0.0,3.0478654297513144
BKSZ05,PGSZ04,1,1.0934064856774501,0.0,2.09340648567745
BKSZ05,QTSZ01,1,0.5382135683078316,0.0,1.5382135683078317
BKSZ05,QTSZ02,1,0.32553100279842595,0.0,1.325531002798426
BKSZ05,QTSZ05,2,0.7948236703539902,0.0,2.79482367035399
BKSZ05,QTSZ08,3,1.88106270729592,0.0,4.88106270729592
BKSZ05,QTSZ11,4,1.750525760354111,0.0,5.750525760354111
BKSZ05,QTSZ14,1,0.5321590583747854,0.0,1.5321590583747855
BKSZ05,RCSZ10,1,0.31512166171356887,0.0,1.3151216617135688
BKSZ05,SBSZ01,1,0.6096126880790561,0.0,1.6096126880790562
BKSZ05,SBSZ03,1,0.6091198999958725,0.0,1.6091198999958725
BKSZ05,SBSZ07,1,0.0,0.0,1.0
BKSZ05,SESZ05,1,0.3853038484421405,0.0,1.3853038484421405
BKSZ05,SGSZ05,1,0.25345874307139804,0.0,1.253458743071398
BKSZ05,SRSZ02,1,0.1748567856780981,0.0,1.174856785678098
BKSZ05,THSZ01,1,0.0,0.0,1.0
BKSZ05,TMSZ03,2,1.661496951350302,0.0,3.661496951350302
BKSZ05,TMSZ04,1,0.41238420222831146,0.0,1.4123842022283115
BKSZ05,TMSZ05,1,1.1058846612776958,0.0,2.105884661277696
BKSZ05,TPSZ06,1,0.664598594164852,0.0,1.664598594164852
BKSZ05,WCSZ01,2,1.6130244426745246,0.0,3.613024442674525
BKSZ05,WDSZ02,4,1.7929650361355227,0.0,5.792965036135523
BKSZ05,YSSZ01,1,0.5966314327388196,0.0,1.5966314327388196
BKSZ06,AMSZ09,1,0.11355483632444013,0.0,1.11355483632444
BKSZ06,BDSZ04,1,0.05999836259730944,0.0,1.0599983625973095
BKSZ06,BKSZ02,3,0.5032709578749617,0.4130903567427852,3.9163613146177467
BKSZ06,BKSZ03,2,0.7039641579460576,0.2804759819948327,2.98444013994089
BKSZ06,BKSZ05,3,1.2551453092064795,0.18403632280391422,4.439181632010394
BKSZ06,BKSZ06,3,0.8561289584361873,14.473335089327211,18.3294640477634
BKSZ06,BKSZ07,8,5.174524936061562,1.2268048306888153,14.401329766750377
BKSZ06,BMSZ01,1,0.19617804143482218,0.0,1.1961780414348222
BKSZ06,BMSZ12,2,0.3301750178020805,0.0,2.3301750178020804
BKSZ06,BSSZ01,1,0.2465295681882457,0.0,1.2465295681882458
BKSZ06,BTSZ01,2,0.42287946896604145,0.035032811363076434,2.457912280329118
BKSZ06,BTSZ06,1,0.06110507052670925,0.0,1.0611050705267093
BKSZ06,CKSZ03,1,0.41131135717131106,0.0,1.4113113571713112
BKSZ06,CLSZ07,1,0.19051525059448757,0.0,1.1905152505944876
BKSZ06,DTSZ01,1,0.21541020797707186,0.0,1.2154102079770719
BKSZ06,DTSZ02,1,0.16947183704851612,0.0,1.1694718370485162
BKSZ06,JESZ05,5,1.4131426369399283,0.38734411786621875,6.800486754806147
BKSZ06,JWSZ06,1,0.0898587694169986,0.0,1.0898587694169986
BKSZ06,KLSZ09,1,0.02159931011949291,0.0,1.021599310119493
BKSZ06,MPSZ01,1,0.09812216726056398,0.0,1.0981221672605639
BKSZ06,OTSZ03,3,0.2464013208386659,0.0,3.246401320838666
BKSZ06,PNSZ02,1,0.0,0.0,1.0
BKSZ06,QTSZ08,1,0.2053919299943089,0.0,1.205391929994309
BKSZ06,QTSZ10,1,0.1655452375826112,0.0,1.1655452375826112
BKSZ06,QTSZ11,1,0.1508637862631751,0.0,1.1508637862631752
BKSZ06,QTSZ12,1,0.0818065413288801,0.0,1.0818065413288802
BKSZ06,QTSZ14,1,0.2095339055649163,0.0,1.2095339055649164
BKSZ06,SBSZ09,1,0.26565917991183396,0.0,1.265659179911834
BKSZ06,THSZ01,1,0.0,0.0,1.0
BKSZ06,TNSZ01,1,0.12189499335452317,0.0,1.1218949933545233
BKSZ06,TPSZ03,1,0.04983562528106501,0.0,1.049835625281065
BKSZ06,TPSZ09,1,0.07017073276973483,0.0,1.0701707327697347
BKSZ06,TSSZ05,1,0.34428296487865173,0.0,1.3442829648786518
BKSZ06,WDSZ03,1,0.2905473960204857,0.0,1.2905473960204856
BKSZ06,YSSZ09,1,0.2651801643062498,0.0,1.26518016430625
BKSZ07,AMSZ10,1,0.30314576225943624,0.0,1.3031457622594362
BKSZ07,AMSZ12,1,0.14262083877182447,0.0,1.1426208387718244
BKSZ07,BDSZ04,1,0.011116786224527851,0.0,1.0111167862245278
BKSZ07,BKSZ02,4,1.2087330539098444,1.6315768471945131,6.840309901104357
BKSZ07,BKSZ03,7,1.6330130660260742,2.0570898713973618,10.690102937423436
BKSZ07,BKSZ04,3,1.1432985666161757,2.5785336679203956,6.7218322345365715
BKSZ07,BKSZ05,3,3.227967464553484,1.2905268228846771,7.518494287438161
BKSZ07,BKSZ06,1,0.46248535109738365,0.3834519422333255,1.8459372933307092
BKSZ07,BKSZ07,2,1.6500233270318956,39.6507506828012,43.3007740098331
BKSZ07,BKSZ08,3,0.5567808830636211,0.562996021041422,4.119776904105043
BKSZ07,BKSZ09,5,1.603162578421377,0.1655892786984249,6.768751857119802
BKSZ07,BLSZ01,1,0.19154112816178429,0.0,1.1915411281617843
BKSZ07,BLSZ02,1,0.1031588374990903,0.0,1.1031588374990904
BKSZ07,BMSZ05,1,0.19221674954494672,0.0,1.1922167495449467
BKSZ07,BMSZ06,1,0.23817506932791432,0.0,1.2381750693279143
BKSZ07,BMSZ07,2,0.5974714002657,0.0,2.5974714002657002
BKSZ07,BMSZ12,2,0.5628384256916724,0.0,2.5628384256916723
BKSZ07,BPSZ04,2,0.5595468521470031,0.0,2.559546852147003
BKSZ07,BPSZ05,2,0.589493750331681,0.0,2.5894937503316813
BKSZ07,BPSZ07,1,0.1753020928827357,0.0,1.1753020928827358
BKSZ07,BSSZ01,1,0.36633999514263127,0.0,1.3663399951426314
BKSZ07,BTSZ01,6,1.3858012319790032,0.5852603215677455,7.971061553546749
BKSZ07,BTSZ03,1,0.6645459596077419,0.0,1.6645459596077419
BKSZ07,BTSZ05,1,0.12023218214996685,0.0,1.1202321821499668
BKSZ07,BTSZ06,1,0.1409288486945836,0.0,1.1409288486945837
BKSZ07,CHSZ03,1,0.49685656444495774,0.0,1.4968565644449576
BKSZ07,CKSZ02,1,0.8704215246833537,0.1007885107938629,1.9712100354772164
BKSZ07,CKSZ03,2,0.5763820704756476,0.0,2.5763820704756477
BKSZ07,CKSZ04,2,0.7552674169536319,0.0,2.755267416953632
BKSZ07,CKSZ06,1,0.4367531072516576,0.0,1.4367531072516577
BKSZ07,CLSZ04,2,0.40315499783942743,0.0,2.4031549978394273
BKSZ07,CLSZ05,1,0.5562606458918637,0.0,1.5562606458918637
BKSZ07,CLSZ08,1,0.4740249395801111,0.0,1.474024939580111
BKSZ07,CLSZ09,1,0.16782641373398846,0.0,1.1678264137339884
BKSZ07,DTSZ01,1,0.21779473528072352,0.0,1.2177947352807235
BKSZ07,DTSZ02,1,0.19137332221868247,0.0,1.1913733222186824
BKSZ07,DTSZ03,1,0.19654280265459884,0.0,1.1965428026545988
BKSZ07,DTSZ05,6,0.1047346502162485,0.0,6.1047346502162485
BKSZ07,DTSZ08,2,0.2109648686731367,0.0,2.2109648686731367
BKSZ07,DTSZ11,1,0.305147811254134,0.0,1.305147811254134
BKSZ07,DTSZ12,2,0.2509693414911403,0.0,2.2509693414911403
BKSZ07,GLSZ01,2,0.4540099666704982,0.0,2.4540099666704984
BKSZ07,GLSZ02,1,0.17164469648212102,0.0,1.171644696482121
BKSZ07,GLSZ03,2,0.39867821195354647,0.0,2.3986782119535466
BKSZ07,GLSZ04,1,0.24617779965215078,0.0,1.2461777996521508
BKSZ07,JESZ02,1,0.7800892949876461,0.13221386989167597,1.912303164879322
BKSZ07,JESZ05,13,2.3000288685210517,1.6929331065542232,16.992961975075275
BKSZ07,JESZ10,1,0.0,0.0,1.0
BKSZ07,JWSZ01,1,0.0933383516395167,0.0,1.0933383516395168
BKSZ07,JWSZ03,1,0.4682387205943737,0.1686469188783508,1.6368856394727245
BKSZ07,JWSZ04,2,0.7369141243016889,0.0,2.736914124301689
BKSZ07,JWSZ08,4,2.010621125956552,0.0,6.010621125956552
BKSZ07,JWSZ09,6,0.4308054547793065,0.0,6.430805454779306
BKSZ07,KLSZ03,1,0.04060525792745233,0.0,1.0406052579274523
BKSZ07,KLSZ08,2,0.3670662451514353,0.0,2.3670662451514355
BKSZ07,MPSZ02,1,0.2761018868243311,0.0,1.276101886824331
BKSZ07,MUSZ01,2,0.23090313412134877,0.0,2.2309031341213488
BKSZ07,NTSZ03,1,0.14740363003648416,0.0,1.147403630036484
BKSZ07,NVSZ01,1,0.7596982575175512,0.0,1.759698257517551
BKSZ07,NVSZ03,1,0.13135858158783914,0.0,1.131358581587839
BKSZ07,ORSZ02,1,0.2833485018731398,0.0,1.2833485018731399
BKSZ07,OTSZ03,2,0.4343299003523756,0.0,2.4343299003523757
BKSZ07,PNSZ01,1,0.10481170501552753,0.0,1.1048117050155275
BKSZ07,PNSZ02,1,0.0,0.0,1.0
BKSZ07,PRSZ03,2,0.49875057583362326,0.0,2.4987505758336233
BKSZ07,QTSZ01,1,0.3437050499373505,0.0,1.3437050499373506
BKSZ07,QTSZ02,1,0.2892788149099013,0.0,1.2892788149099013
BKSZ07,QTSZ04,2,0.12529776691096703,0.0,2.125297766910967
BKSZ07,QTSZ08,3,0.8363513709098382,0.0,3.8363513709098385
BKSZ07,QTSZ10,1,0.3404816464825683,0.0,1.3404816464825684
BKSZ07,QTSZ11,5,0.574794447074114,0.0,5.5747944470741135
BKSZ07,QTSZ12,1,0.23410438452947363,0.0,1.2341043845294737
BKSZ07,QTSZ14,2,0.46186157489706736,0.0,2.4618615748970676
BKSZ07,RCSZ01,1,0.11354885462962391,0.0,1.113548854629624
BKSZ07,SBSZ02,1,0.08202709289140414,0.0,1.0820270928914042
BKSZ07,SRSZ03,1,0.16548226608301747,0.0,1.1654822660830175
BKSZ07,TPSZ03,1,0.12905887112703462,0.0,1.1290588711270346
BKSZ07,TSSZ05,1,0.7462440324639362,0.0,1.7462440324639363
BKSZ07,WDSZ01,1,0.14043202794312815,0.0,1.1404320279431281
BKSZ07,WDSZ03,1,0.3178274786098075,0.0,1.3178274786098074
BKSZ07,WDSZ05,1,0.36416527572181306,0.0,1.364165275721813
BKSZ07,YSSZ03,1,0.325999339028454,0.0,1.3259993390284541
BKSZ08,BDSZ01,1,0.06401165377456228,0.0,1.0640116537745623
BKSZ08,BDSZ04,1,0.05396962151224092,0.0,1.053969621512241
BKSZ08,BKSZ03,2,0.24822985804613598,0.597960950262883,2.8461908083090193
BKSZ08,BKSZ05,3,1.209550150190305,0.6781271538154581,4.887677304005763
BKSZ08,BKSZ07,2,0.41073442189251497,0.8762774607661792,3.2870118826586943
BKSZ08,BMSZ02,1,0.10028983675027404,0.0,1.100289836750274
BKSZ08,BMSZ05,1,0.11752482608443865,0.0,1.1175248260844386
BKSZ08,BMSZ07,1,0.16353876803905265,0.0,1.1635387680390528
BKSZ08,BMSZ17,1,0.050772688426756654,0.0,1.0507726884267568
BKSZ08,BPSZ05,1,0.2276753505513558,0.0818797777968499,1.3095551283482056
BKSZ08,BTSZ01,2,0.618297831762924,0.2166057289306527,2.8349035606935766
BKSZ08,CKSZ03,1,0.24355182310799808,0.0,1.243551823107998
BKSZ08,CLSZ04,1,0.146995651301026,0.0,1.146995651301026
BKSZ08,CLSZ09,2,0.16213141412109586,0.0,2.1621314141210957
BKSZ08,DTSZ03,1,0.16504650078576993,0.0,1.16504650078577
BKSZ08,DTSZ05,1,0.06697437850087147,0.0,1.0669743785008714
BKSZ08,DTSZ09,1,0.07128021055063585,0.0,1.0712802105506358
BKSZ08,GLSZ05,1,0.10114435872979861,0.0,1.1011443587297987
BKSZ08,JESZ03,1,0.2826336090664432,0.18749361698976796,1.4701272260562113
BKSZ08,JESZ05,2,0.55743633961451,0.36167628153375736,2.919112621148267
BKSZ08,JWSZ09,1,0.2992488351525571,0.0,1.299248835152557
BKSZ08,KLSZ06,1,0.1221311674479473,0.0,1.1221311674479473
BKSZ08,PGSZ04,1,0.10294111594128458,0.0,1.1029411159412845
BKSZ08,QTSZ08,5,0.5109855919017222,0.0,5.510985591901722
BKSZ08,QTSZ10,1,0.13946189205924503,0.0,1.139461892059245
BKSZ08,QTSZ11,1,0.09740049210538292,0.0,1.0974004921053828
BKSZ08,SRSZ03,1,0.12624813952599195,0.0,1.126248139525992
BKSZ08,TMSZ04,1,0.03263852215396424,0.0,1.0326385221539642
BKSZ08,TPSZ03,1,0.05981200216054371,0.0,1.0598120021605437
BKSZ08,TPSZ06,1,0.10007325669953973,0.0,1.1000732566995397
BKSZ08,WDSZ03,1,0.18820529762425922,0.0,1.1882052976242592
BKSZ08,YSSZ08,1,0.04148628728539353,0.0,1.0414862872853936
BKSZ08,YSSZ09,2,0.11757810712972955,0.0,2.1175781071297295
BKSZ09,AMSZ01,1,0.3423236888585311,0.0,1.342323688858531
BKSZ09,AMSZ03,1,0.21663192324540909,0.0,1.216631923245409
BKSZ09,AMSZ05,1,0.39515615304542784,0.0,1.395156153045428
BKSZ09,AMSZ10,2,0.36985585837570173,0.0,2.369855858375702
BKSZ09,BKSZ02,1,0.5645678459580351,0.0,1.564567845958035
BKSZ09,BKSZ04,1,0.636061140404573,0.5082076691212987,2.1442688095258715
BKSZ09,BKSZ05,2,1.872745620172922,0.4229746188943147,4.295720239067236
BKSZ09,BKSZ06,1,0.5146202458413645,0.09739918734256567,1.6120194331839302
BKSZ09,BKSZ07,4,2.40921159433001,1.5407610048678846,7.949972599197895
BKSZ09,BKSZ09,4,2.710819358919396,5.564900682219165,12.275720041138563
BKSZ09,BLSZ02,1,0.07091042462184112,0.0,1.070910424621841
BKSZ09,BMSZ02,1,0.19405513065171962,0.0,1.1940551306517195
BKSZ09,BMSZ07,1,0.38727933772535916,0.0,1.3872793377253592
BKSZ09,BMSZ17,1,0.2671072645398845,0.0,1.2671072645398844
BKSZ09,BPSZ02,1,0.17452675799114847,0.0,1.1745267579911485
BKSZ09,BPSZ05,1,0.5206578154989026,0.0,1.5206578154989026
BKSZ09,BPSZ07,1,0.13339274535022033,0.0,1.1333927453502204
BKSZ09,BTSZ01,4,1.8214208893963022,0.4378402109155601,6.259261100311862
BKSZ09,BTSZ02,1,0.17390604891235392,0.0,1.1739060489123538
BKSZ09,CHSZ03,1,0.6681555292658414,0.0,1.6681555292658414
BKSZ09,CKSZ02,1,0.6663563552793649,0.0,1.666356355279365
BKSZ09,CLSZ04,3,0.8803382114953102,0.24623036105021306,4.126568572545524
BKSZ09,DTSZ03,2,0.4541637615790671,0.0,2.4541637615790672
BKSZ09,DTSZ04,1,0.149317238858042,0.0,1.149317238858042
BKSZ09,DTSZ05,3,0.2907432391577329,0.0,3.2907432391577327
BKSZ09,DTSZ08,1,0.20028129334183792,0.0,1.2002812933418379
BKSZ09,GLSZ03,1,0.3087668167844137,0.0,1.3087668167844138
BKSZ09,GLSZ04,1,0.3361051753661701,0.0,1.3361051753661701
BKSZ09,JESZ02,1,0.48576995359436875,0.26609240835660986,1.7518623619509786
BKSZ09,JESZ03,1,0.6843915617014378,0.3518147763688742,2.036206338070312
BKSZ09,JESZ05,3,1.0060744051189865,0.5638485796305942,4.569922984749581
BKSZ09,JESZ07,1,0.09987804862821871,0.0,1.0998780486282187
BKSZ09,JWSZ02,2,0.5330416363436713,0.0,2.5330416363436714
BKSZ09,JWSZ03,2,0.764129326733798,0.0,2.764129326733798
BKSZ09,JWSZ04,1,0.6494514059711732,0.0,1.6494514059711731
BKSZ09,JWSZ06,1,0.09270883771935219,0.0,1.0927088377193521
BKSZ09,JWSZ09,1,0.8147013265963284,0.0,1.8147013265963285
BKSZ09,MSSZ01,1,0.0,0.0,1.0
BKSZ09,MUSZ01,1,0.18452555321970907,0.0,1.184525553219709
BKSZ09,NVSZ02,1,0.49825474398494835,0.0,1.4982547439849483
BKSZ09,OTSZ03,1,0.40327131342452455,0.0,1.4032713134245245
BKSZ09,PNSZ01,1,0.10937100405641155,0.0,1.1093710040564115
BKSZ09,PNSZ02,2,0.0,0.0,2.0
BKSZ09,PNSZ03,1,0.0,0.0,1.0
BKSZ09,QTSZ02,1,0.15715182755003682,0.0,1.1571518275500368
BKSZ09,QTSZ08,1,0.4006611907905908,0.0,1.4006611907905908
BKSZ09,QTSZ11,2,0.4378393346689976,0.0,2.4378393346689977
BKSZ09,QTSZ12,1,0.21617930702524732,0.0,1.2161793070252473
BKSZ09,QTSZ13,1,0.288780050133479,0.0,1.288780050133479
BKSZ09,SBSZ03,1,0.3155699521878984,0.0,1.3155699521878983
BKSZ09,SESZ05,1,0.209799885085988,0.0,1.209799885085988
BKSZ09,SKSZ03,1,0.08240713985084183,0.0,1.082407139850842
BKSZ09,SRSZ03,1,0.19798051359270757,0.0,1.1979805135927075
BKSZ09,TMSZ03,2,0.793627373457702,0.0,2.793627373457702
BKSZ09,TSSZ04,1,0.2106378468789537,0.0,1.2106378468789538
BKSZ09,WCSZ01,1,0.3574212530345796,0.0,1.3574212530345795
BKSZ09,WDSZ02,1,0.38690157955853,0.0,1.38690157955853
BKSZ09,WDSZ03,1,0.347909801013423,0.0,1.347909801013423
BKSZ09,YSSZ02,1,0.17694656290045507,0.0,1.1769465629004552
BKSZ09,YSSZ03,1,0.3651398001937717,0.0,1.3651398001937718
BLSZ01,BDSZ01,1,0.03016006695510951,0.0,1.0301600669551094
BLSZ01,BKSZ07,1,0.26542244009592303,0.0,1.265422440095923
BLSZ01,BPSZ05,2,0.46153653211046486,0.0,2.4615365321104647
BLSZ01,CKSZ06,1,0.22281766900960137,0.0,1.2228176690096013
BLSZ01,JWSZ09,2,1.5255597550192113,0.0,3.525559755019211
BLSZ01,SGSZ07,1,0.24202575554109568,0.0,1.2420257555410956
BLSZ01,YSSZ09,1,0.2524777812665486,0.0,1.2524777812665486
BLSZ02,BDSZ04,2,0.17697390921590708,0.0,2.1769739092159073
BLSZ02,BKSZ04,1,0.12002483483928962,0.0,1.1200248348392896
BLSZ02,BKSZ05,1,0.0984322785229623,0.0,1.0984322785229623
BLSZ02,BKSZ07,1,0.20494164092477365,0.0,1.2049416409247737
BLSZ02,BKSZ09,1,0.115557914635189,0.0,1.115557914635189
BLSZ02,BLSZ03,2,0.30499459316777594,0.0,2.304994593167776
BLSZ02,BMSZ01,1,0.1204130482695758,0.0,1.1204130482695758
BLSZ02,BMSZ10,1,0.04312140999456519,0.0,1.0431214099945652
BLSZ02,BPSZ04,1,0.12013886553685907,0.0,1.1201388655368592
BLSZ02,CKSZ03,2,0.32289097879292655,0.0,2.3228909787929264
BLSZ02,CKSZ04,1,0.08615098996918176,0.0,1.0861509899691817
BLSZ02,GLSZ03,1,0.0476273471365513,0.0,1.0476273471365514
BLSZ02,JESZ01,1,0.12112790677559528,0.0,1.1211279067755953
BLSZ02,JESZ02,1,0.11393375761152673,0.0,1.1139337576115267
BLSZ02,JESZ05,3,0.19524726582591603,0.0,3.195247265825916
BLSZ02,JWSZ04,2,0.8740110358819323,1.2428753302088258,4.116886366090759
BLSZ02,JWSZ08,3,0.17022669505678575,0.5225730145606485,3.6927997096174345
BLSZ02,JWSZ09,4,0.9502539814646865,4.234593893678455,9.184847875143141
BLSZ02,KLSZ05,1,0.036111541955199535,0.0,1.0361115419551996
BLSZ02,OTSZ03,1,0.15821925037878456,0.0,1.1582192503787845
BLSZ02,PNSZ03,1,0.0,0.0,1.0
BLSZ02,QTSZ04,1,0.0285348496341798,0.0,1.0285348496341797
BLSZ02,QTSZ05,1,0.11271306265662966,0.0,1.1127130626566297
BLSZ02,QTSZ08,2,0.24582126560382536,0.0,2.2458212656038254
BLSZ02,SESZ02,1,0.04044467434492056,0.0,1.0404446743449205
BLSZ02,SESZ03,2,0.10440164099229851,0.0,2.1044016409922985
BLSZ02,SGSZ04,2,0.24230780073655833,0.0,2.242307800736558
BLSZ02,SGSZ06,1,0.07935992340046842,0.0,1.0793599234004685
BLSZ02,TPSZ02,1,0.10442092341689602,0.0,1.104420923416896
BLSZ02,TSSZ04,1,0.09936639401867886,0.0,1.0993663940186789
BLSZ02,TSSZ05,1,0.09981601675241657,0.0,1.0998160167524165
BLSZ02,WCSZ01,2,0.21103462463784883,0.0,2.2110346246378487
BLSZ02,WDSZ03,1,0.15559840987581758,0.0,1.1555984098758176
BLSZ02,YSSZ09,1,0.09578116796987227,0.0,1.0957811679698723
BLSZ03,BMSZ04,1,0.3031422188666492,0.0,1.3031422188666493
BLSZ03,CLSZ06,1,0.5443874375608098,0.0,1.5443874375608098
BLSZ03,JWSZ03,2,1.2257998901461147,0.0,3.2257998901461145
BLSZ03,JWSZ09,1,0.9266704534236544,0.0,1.9266704534236543
BLSZ04,BKSZ07,1,0.10653529267785572,0.0,1.1065352926778558
BLSZ04,CLSZ06,1,0.1301528559440749,0.0,1.130152855944075
BLSZ04,JWSZ03,1,0.17120368960539922,0.0,1.1712036896053992
BLSZ04,JWSZ09,2,0.2552585140003891,0.0,2.2552585140003893
BLSZ04,OTSZ03,1,0.17152961181508347,0.0,1.1715296118150835
BLSZ04,SBSZ05,1,0.0,0.0,1.0
BLSZ04,WDSZ05,1,0.16532003595647213,0.0,1.1653200359564722
BMSZ01,AMSZ09,1,0.17799236093104615,0.0,1.177992360931046
BMSZ01,BDSZ02,2,0.8259226925232449,0.0,2.825922692523245
BMSZ01,BDSZ03,1,0.47194116418713955,0.0,1.4719411641871396
BMSZ01,BDSZ04,1,0.44386877245160195,0.0,1.443868772451602
BMSZ01,BDSZ06,1,0.7154434541998055,0.0,1.7154434541998054
BMSZ01,BDSZ07,1,0.2753456238745734,0.0,1.2753456238745735
BMSZ01,BDSZ08,1,0.22387341573063296,0.0,1.223873415730633
BMSZ01,BKSZ02,1,0.13534586274577545,0.0,1.1353458627457755
BMSZ01,BKSZ06,1,0.08740632638650063,0.0,1.0874063263865006
BMSZ01,BLSZ02,1,0.07194291872002873,0.0,1.0719429187200287
BMSZ01,BMSZ01,5,3.818148540356696,20.025511652169723,28.843660192526418
BMSZ01,BMSZ03,1,0.6932336518673284,0.08845285616851661,1.781686508035845
BMSZ01,BMSZ04,5,0.6229335747738288,0.21994211724424187,5.842875692018071
BMSZ01,BMSZ06,2,0.7548052356176714,0.018610451607766233,2.7734156872254374
BMSZ01,BMSZ07,1,0.7083227479555989,0.03742958882099114,1.7457523367765901
BMSZ01,BMSZ09,1,0.21245487475423117,0.002893064828676527,1.2153479395829077
BMSZ01,BMSZ10,3,0.7402231280522195,0.04028280320645032,3.7805059312586695
BMSZ01,BMSZ11,2,1.4794116972879183,0.11916473355144758,3.598576430839366
BMSZ01,BMSZ12,6,0.5542192767424128,0.15319098230501613,6.707410259047429
BMSZ01,BMSZ13,10,2.1914046665805342,0.4070060970382094,12.598410763618745
BMSZ01,BMSZ14,2,1.0217579657438725,0.2364575018548973,3.25821546759877
BMSZ01,BMSZ15,6,1.3577859788433428,0.12279911210565966,7.480585090949003
BMSZ01,BMSZ16,4,0.3962586766879096,0.09295672511502072,4.48921540180293
BMSZ01,BMSZ17,2,0.6360908702056397,0.2608105424352873,2.896901412640927
BMSZ01,BPSZ03,2,0.26529549519093765,0.0,2.2652954951909376
BMSZ01,BPSZ04,2,0.33907994758750165,0.0,2.3390799475875017
BMSZ01,BSSZ01,3,1.1387374306357994,0.0,4.1387374306358
BMSZ01,BTSZ07,1,0.19025198405087979,0.0,1.1902519840508798
BMSZ01,CHSZ03,1,0.9360292357957821,0.0,1.936029235795782
BMSZ01,CKSZ01,1,0.36402536356897475,0.0,1.3640253635689747
BMSZ01,CKSZ03,4,1.2834564976836862,0.0,5.283456497683686
BMSZ01,CKSZ04,2,0.3477476762654617,0.0,2.347747676265462
BMSZ01,CKSZ06,2,0.43903997698207825,0.0,2.439039976982078
BMSZ01,CLSZ03,2,0.3651953083746921,0.0,2.365195308374692
BMSZ01,CLSZ04,2,0.38208268611341084,0.0,2.382082686113411
BMSZ01,CLSZ05,1,0.31877496632182356,0.0,1.3187749663218236
BMSZ01,CLSZ06,1,0.30508780514421496,0.0,1.305087805144215
BMSZ01,CLSZ08,2,0.4664052156894238,0.0,2.4664052156894236
BMSZ01,DTSZ01,1,0.4904629119060556,0.0,1.4904629119060555
BMSZ01,DTSZ02,1,0.4218251103976593,0.0,1.4218251103976594
BMSZ01,DTSZ08,2,0.42366656718092577,0.0,2.4236665671809257
BMSZ01,DTSZ11,1,0.49379305798701056,0.0,1.4937930579870105
BMSZ01,GLSZ04,3,0.9439197233402445,0.0,3.9439197233402448
BMSZ01,GLSZ05,2,0.8496723451553896,0.0,2.8496723451553896
BMSZ01,HGSZ04,2,0.4250939945296165,0.0,2.4250939945296164
BMSZ01,HGSZ05,1,0.5063942449766526,0.0,1.5063942449766525
BMSZ01,HGSZ06,5,1.261142884877538,0.0,6.261142884877538
BMSZ01,HGSZ07,1,0.28644139798752183,0.0,1.2864413979875218
BMSZ01,JESZ01,1,0.17579157757806374,0.0,1.1757915775780639
BMSZ01,JESZ02,1,0.2015148515594601,0.0,1.20151485155946
BMSZ01,JESZ03,1,0.48996933183413094,0.0,1.489969331834131
BMSZ01,JESZ05,1,0.4606481949769037,0.0,1.4606481949769037
BMSZ01,JWSZ02,1,0.3783785593566259,0.0,1.378378559356626
BMSZ01,JWSZ04,1,0.3998515322768823,0.0,1.3998515322768823
BMSZ01,JWSZ09,3,0.7260210341655238,0.0,3.726021034165524
BMSZ01,KLSZ01,1,0.6052314044983748,0.0,1.6052314044983746
BMSZ01,KLSZ02,1,0.15676128967865557,0.0,1.1567612896786557
BMSZ01,KLSZ03,1,0.13288770862147095,0.0,1.132887708621471
BMSZ01,KLSZ05,1,0.24172459200257376,0.0,1.2417245920025737
BMSZ01,KLSZ06,2,0.6381029359391627,0.0,2.6381029359391626
BMSZ01,KLSZ07,2,0.6851026659395336,0.0,2.6851026659395334
BMSZ01,KLSZ08,2,0.7547059616076761,0.0,2.754705961607676
BMSZ01,KLSZ09,1,0.07739190923249516,0.0,1.077391909232495
BMSZ01,MUSZ01,1,0.16977153232547018,0.0,1.1697715323254703
BMSZ01,NVSZ01,1,0.7119064106937217,0.0,1.7119064106937216
BMSZ01,NVSZ02,2,1.0538963621463795,0.0,3.0538963621463795
BMSZ01,ORSZ02,1,0.4066928766112616,0.0,1.4066928766112616
BMSZ01,OTSZ01,1,0.10320244182243024,0.015670681985999392,1.1188731238084295
BMSZ01,OTSZ02,1,0.03236898183799463,0.006347951462410505,1.0387169333004052
BMSZ01,OTSZ03,8,0.9423269844391787,0.0,8.942326984439179
BMSZ01,OTSZ04,2,0.21543382434431524,0.0,2.2154338243443155
BMSZ01,PGSZ02,2,0.49467809888920566,0.0,2.4946780988892057
BMSZ01,PGSZ03,2,0.2647500315105839,0.0,2.2647500315105837
BMSZ01,PGSZ04,4,0.8564653900457267,0.0,4.856465390045726
BMSZ01,PGSZ05,4,0.8996994263182478,0.0,4.899699426318248
BMSZ01,PRSZ05,1,0.4796734510380029,0.0,1.479673451038003
BMSZ01,QTSZ02,1,0.3189537957534711,0.0,1.3189537957534712
BMSZ01,QTSZ03,1,0.3597384772945584,0.0,1.3597384772945584
BMSZ01,QTSZ06,1,0.3568042641753209,0.06100831882058154,1.4178125829959023
BMSZ01,QTSZ08,2,0.72443793625816,0.0,2.72443793625816
BMSZ01,QTSZ10,1,0.42684853478651397,0.0,1.4268485347865139
BMSZ01,QTSZ11,1,0.4356478248088407,0.0,1.4356478248088407
BMSZ01,QTSZ13,3,0.4595790275255596,0.0,3.45957902752556
BMSZ01,QTSZ14,7,1.0615027198397038,0.0915825754795562,8.15308529531926
BMSZ01,SBSZ04,1,0.23735010998699474,0.0,1.2373501099869948
BMSZ01,SESZ02,3,0.6671612015217306,0.0,3.6671612015217305
BMSZ01,SESZ03,3,0.8608113328614652,0.0,3.860811332861465
BMSZ01,SESZ04,2,0.5919175686871778,0.0,2.591917568687178
BMSZ01,SESZ06,4,1.0653411259335548,0.0,5.065341125933555
BMSZ01,SGSZ01,1,0.2649074438282381,0.0,1.2649074438282382
BMSZ01,SGSZ03,1,0.369330341706995,0.0,1.369330341706995
BMSZ01,SGSZ04,1,0.4756523762827707,0.0,1.4756523762827707
BMSZ01,SGSZ06,3,0.6975084062589914,0.0,3.6975084062589914
BMSZ01,TMSZ02,1,0.5018137313190346,0.0,1.5018137313190345
BMSZ01,TMSZ03,1,0.607516328775089,0.0,1.6075163287750889
BMSZ01,TMSZ04,5,0.8473008142344853,0.0,5.847300814234485
BMSZ01,TMSZ05,1,0.5088488368460908,0.0,1.5088488368460908
BMSZ01,TPSZ03,1,0.15081180942637304,0.0,1.150811809426373
BMSZ01,TPSZ09,2,0.22741505899960113,0.0,2.2274150589996013
BMSZ01,TPSZ11,1,0.3393409866655299,0.0,1.33934098666553
BMSZ01,TSSZ05,1,0.732167834795906,0.0,1.732167834795906
BMSZ01,WDSZ02,1,0.38921610933883655,0.0,1.3892161093388364
BMSZ01,WDSZ05,1,0.23628821209748913,0.0,1.2362882120974892
BMSZ01,YSSZ02,1,0.22685108793187128,0.0,1.2268510879318713
BMSZ01,YSSZ04,1,0.44346317681289993,0.0,1.4434631768128998
BMSZ01,YSSZ05,2,0.09634715948666707,0.0,2.096347159486667
BMSZ01,YSSZ08,1,0.0871991170815611,0.0,1.0871991170815611
BMSZ01,YSSZ09,2,0.6172225824212173,0.0,2.6172225824212174
BMSZ02,AMSZ01,1,0.27469728919339365,0.0,1.2746972891933936
BMSZ02,BDSZ04,2,0.556669558500477,0.0,2.556669558500477
BMSZ02,BDSZ05,1,0.3299796728983059,0.0,1.3299796728983058
BMSZ02,BKSZ02,1,0.17933145557375968,0.0,1.1793314555737597
BMSZ02,BKSZ05,2,0.5453803799390456,0.0,2.5453803799390458
BMSZ02,BKSZ07,1,0.25279055794983524,0.0,1.2527905579498353
BMSZ02,BKSZ08,1,0.03773650236757237,0.0,1.0377365023675724
BMSZ02,BKSZ09,1,0.24173551061564919,0.0,1.2417355106156491
BMSZ02,BMSZ01,1,0.5024207845979379,0.2105812086861342,1.7130019932840723
BMSZ02,BMSZ04,5,1.0261825732297003,4.268453604232282,10.294636177461982
BMSZ02,BMSZ06,2,0.9283633942942228,1.782012522384874,4.710375916679096
BMSZ02,BMSZ07,5,1.4851950934532145,1.0468283542605914,7.532023447713805
BMSZ02,BMSZ08,1,0.34341962353696387,0.8439692747450006,2.1873888982819643
BMSZ02,BMSZ09,2,0.5309257942578535,0.31296385486748224,2.8438896491253356
BMSZ02,BMSZ10,1,0.3945465107914809,0.0,1.394546510791481
BMSZ02,BMSZ11,2,1.0972029422700287,0.0,3.0972029422700285
BMSZ02,BMSZ14,3,1.0444715009004673,0.0,4.0444715009004675
BMSZ02,BMSZ15,1,0.3510567113290135,0.04591943090729988,1.3969761422363134
BMSZ02,BMSZ16,1,0.07581134691151477,0.06163481379488756,1.1374461607064024
BMSZ02,BPSZ02,1,0.08429553767376469,0.0,1.0842955376737646
BMSZ02,BPSZ03,1,0.1313304365407605,0.0,1.1313304365407606
BMSZ02,BPSZ05,1,0.22835125464385223,0.0,1.2283512546438522
BMSZ02,BSSZ01,1,0.3674316752116187,0.0,1.3674316752116187
BMSZ02,CKSZ06,1,0.2873720513169222,0.0,1.2873720513169222
BMSZ02,CLSZ05,1,0.15412621497343967,0.0,1.1541262149734397
BMSZ02,CLSZ06,3,0.223481706618871,0.0,3.223481706618871
BMSZ02,DTSZ03,1,0.28301936466601635,0.0,1.2830193646660164
BMSZ02,GLSZ04,1,0.3939130816939212,0.0,1.3939130816939211
BMSZ02,GLSZ05,1,0.3131179851671255,0.0,1.3131179851671255
BMSZ02,JWSZ03,1,0.22400624170608782,0.0,1.2240062417060877
BMSZ02,JWSZ04,1,0.29852409345156783,0.0,1.2985240934515678
BMSZ02,JWSZ08,1,0.5023819971728387,0.0,1.5023819971728387
BMSZ02,JWSZ09,1,0.41386309185789916,0.0,1.4138630918578992
BMSZ02,KLSZ01,1,0.4503763477017874,0.0,1.4503763477017875
BMSZ02,KLSZ02,1,0.16066389227970249,0.0,1.1606638922797026
BMSZ02,KLSZ06,1,0.33911027918911946,0.0,1.3391102791891194
BMSZ02,KLSZ07,2,0.4864773170614899,0.0,2.4864773170614898
BMSZ02,KLSZ08,1,0.3638596800181809,0.0,1.363859680018181
BMSZ02,MUSZ01,2,0.19363719456223713,0.06949946951462103,2.263136664076858
BMSZ02,MUSZ02,1,0.0,0.0,1.0
BMSZ02,MUSZ03,1,0.03956133199655897,0.0,1.0395613319965589
BMSZ02,NVSZ02,1,0.5316812217510798,0.0,1.5316812217510798
BMSZ02,NVSZ03,1,0.1251392968268679,0.0,1.1251392968268679
BMSZ02,OTSZ01,1,0.06760347978059959,0.0,1.0676034797805996
BMSZ02,OTSZ02,1,0.01563197895828175,0.09910745528353576,1.1147394342418175
BMSZ02,OTSZ03,1,0.4800047803482425,0.313512727554016,1.7935175079022585
BMSZ02,PGSZ03,1,0.20946108731890167,0.0,1.2094610873189016
BMSZ02,PGSZ04,5,0.46168524788684434,0.0,5.4616852478868445
BMSZ02,PRSZ02,1,0.30688572314039053,0.0,1.3068857231403905
BMSZ02,PRSZ03,1,0.38069950081817583,0.0,1.3806995008181757
BMSZ02,QTSZ01,2,0.4975235067864882,0.0,2.497523506786488
BMSZ02,QTSZ03,1,0.0837476849517025,0.2747643176673341,1.3585120026190367
BMSZ02,QTSZ04,1,0.0842203044903723,0.18022009580647408,1.2644404002968463
BMSZ02,QTSZ06,2,0.36424576420544896,1.490591570273833,3.8548373344792823
BMSZ02,QTSZ08,3,0.4822890679943144,0.0,3.4822890679943144
BMSZ02,QTSZ10,1,0.2566065409348629,0.0,1.2566065409348628
BMSZ02,QTSZ11,1,0.24184894549459504,0.0,1.2418489454945951
BMSZ02,RCSZ10,1,0.17379731745628152,0.0,1.1737973174562815
BMSZ02,SBSZ02,1,0.09017553031072686,0.0,1.0901755303107268
BMSZ02,SBSZ04,1,0.0914941558069331,0.0,1.091494155806933
BMSZ02,SESZ03,1,0.42725101373340935,0.0,1.4272510137334093
BMSZ02,SESZ04,2,0.4793187689512736,0.0,2.4793187689512735
BMSZ02,SGSZ04,1,0.4167612482877038,0.0,1.416761248287704
BMSZ02,TMSZ03,1,0.46492146835448545,0.0,1.4649214683544853
BMSZ02,TMSZ04,1,0.31706808217296373,0.0,1.3170680821729637
BMSZ02,TPSZ02,1,0.3462371172901051,0.0,1.346237117290105
BMSZ02,WDSZ02,1,0.3022582070615678,0.0,1.3022582070615678
BMSZ02,WDSZ03,1,0.30601229141607234,0.0,1.3060122914160723
BMSZ02,WDSZ06,1,0.2020021271864555,0.0,1.2020021271864554
BMSZ02,YSSZ01,2,0.24316557880925488,0.0,2.243165578809255
BMSZ02,YSSZ08,1,0.07943192900452624,0.0,1.0794319290045262
BMSZ02,YSSZ09,1,0.33401305435271006,0.0,1.33401305435271
BMSZ03,BDSZ01,1,0.22112910967289476,0.0,1.2211291096728947
BMSZ03,BDSZ03,1,0.25147785157241803,0.0,1.251477851572418
BMSZ03,BDSZ04,1,0.38994872766441135,0.0,1.3899487276644114
BMSZ03,BKSZ09,2,0.38043280219993975,0.0,2.3804328021999397
BMSZ03,BMSZ02,1,0.4808291157814042,1.6951143100384547,3.1759434258198587
BMSZ03,BMSZ04,3,0.9130152183204594,4.350936896742484,8.263952115062942
BMSZ03,BMSZ07,2,1.2636566000422427,1.7514959720030843,5.015152572045327
BMSZ03,BMSZ08,1,0.44174639692303524,1.334438294492344,2.7761846914153794
BMSZ03,BMSZ09,2,0.7460903422293805,0.20917505534395212,2.9552653975733327
BMSZ03,BMSZ11,1,0.7194624959364831,1.378956768471456,3.098419264407939
BMSZ03,BMSZ12,1,0.5450500732225942,0.6417669888553886,2.1868170620779828
BMSZ03,BMSZ14,1,0.3236212345267618,0.3432905906775538,1.6669118252043156
BMSZ03,BMSZ17,2,0.5024544840371936,1.3249578636072545,3.827412347644448
BMSZ03,CHSZ03,1,0.7100953126551898,0.0,1.7100953126551897
BMSZ03,CKSZ03,1,0.34922142195655426,0.0,1.3492214219565541
BMSZ03,CLSZ04,1,0.23598071440986598,0.0,1.235980714409866
BMSZ03,CLSZ06,2,0.1954981950297796,0.0,2.1954981950297796
BMSZ03,DTSZ02,1,0.20599701208949323,0.0,1.2059970120894932
BMSZ03,DTSZ03,2,0.4576311681234645,0.0,2.4576311681234646
BMSZ03,DTSZ05,7,0.5236969908231932,0.0,7.523696990823193
BMSZ03,DTSZ08,3,0.09180616307391036,0.0,3.0918061630739104
BMSZ03,DTSZ11,2,0.3199530315202271,0.0,2.3199530315202272
BMSZ03,DTSZ12,1,0.18125231786589974,0.0,1.1812523178658998
BMSZ03,GLSZ03,1,0.29366589990108466,0.0,1.2936658999010846
BMSZ03,GLSZ05,1,0.32682749406737177,0.0,1.3268274940673717
BMSZ03,HGSZ08,1,0.18803990607337215,0.0,1.1880399060733722
BMSZ03,JESZ05,3,0.3206823775395823,0.0,3.3206823775395824
BMSZ03,JWSZ04,1,0.3810272220610662,0.0,1.3810272220610662
BMSZ03,JWSZ09,1,0.5009011337065705,0.0,1.5009011337065705
BMSZ03,KLSZ06,1,0.2826621945096675,0.0,1.2826621945096675
BMSZ03,KLSZ08,2,0.2907751326203809,0.0,2.290775132620381
BMSZ03,MUSZ01,1,0.0866611353660364,0.8125907825795009,1.8992519179455374
BMSZ03,ORSZ02,3,0.3895587304171399,0.502041874623892,3.891600605041032
BMSZ03,OTSZ03,3,0.32416196996230556,1.3129020104280602,4.637063980390366
BMSZ03,PNSZ01,1,0.13186175078746062,0.0,1.1318617507874607
BMSZ03,QTSZ02,1,0.11549754772487032,0.05040691012247698,1.1659044578473472
BMSZ03,QTSZ04,1,0.1503825155527518,0.042879912838584916,1.1932624283913367
BMSZ03,QTSZ05,2,1.8393760491551223,0.973814918269032,4.813190967424155
BMSZ03,QTSZ06,1,0.4637218757506565,1.0536552390981033,2.5173771148487596
BMSZ03,QTSZ08,2,0.6924813096672977,0.22167116336136844,2.9141524730286665
BMSZ03,QTSZ10,4,0.5782061219413968,0.0,4.578206121941397
BMSZ03,QTSZ11,1,0.17308418152140637,0.0,1.1730841815214064
BMSZ03,QTSZ12,2,0.2853762704024375,0.0,2.2853762704024376
BMSZ03,SBSZ01,1,0.22017758430130274,0.0,1.2201775843013027
BMSZ03,TMSZ01,1,0.5518335722844455,0.0,1.5518335722844454
BMSZ03,TNSZ03,1,0.048512521104646884,0.0,1.0485125211046469
BMSZ03,TPSZ02,1,0.29837403508563304,0.0,1.298374035085633
BMSZ03,TPSZ04,1,0.1145793459934023,0.0,1.1145793459934024
BMSZ03,WCSZ01,1,0.27547155712041493,0.0,1.275471557120415
BMSZ03,WDSZ07,1,0.08057033524460684,0.0,1.0805703352446068
BMSZ03,YSSZ02,1,0.14548345045676947,0.0,1.1454834504567695
BMSZ04,AMSZ01,1,0.2721260743644509,0.0,1.272126074364451
BMSZ04,AMSZ12,1,0.1291414393568552,0.0,1.1291414393568553
BMSZ04,BDSZ03,1,0.3744569158008349,0.0,1.3744569158008348
BMSZ04,BKSZ06,1,0.08784881766742839,0.0,1.0878488176674284
BMSZ04,BKSZ07,1,0.21908431179969706,0.0,1.219084311799697
BMSZ04,BLSZ03,1,0.22541663995486022,0.0,1.2254166399548603
BMSZ04,BMSZ01,1,0.4353041431908025,0.10019038573545581,1.5354945289262583
BMSZ04,BMSZ02,4,0.8521357443722354,3.67846869127511,8.530604435647346
BMSZ04,BMSZ03,6,1.2985681853470201,4.861120550128772,12.159688735475793
BMSZ04,BMSZ04,2,0.4407669463560801,9.964745539696876,12.405512486052956
BMSZ04,BMSZ05,4,0.689226515886786,0.9117374163586562,5.600963932245443
BMSZ04,BMSZ06,3,1.0666003661996057,2.217181258648817,6.283781624848423
BMSZ04,BMSZ07,4,1.3650604672885,0.5969251775892132,5.961985644877713
BMSZ04,BMSZ08,9,0.8113553035845888,5.524040891404031,15.33539619498862
BMSZ04,BMSZ09,2,0.3283059014700808,0.22342283304279528,2.551728734512876
BMSZ04,BMSZ10,5,1.1281815744571972,5.229095243845455,11.357276818302651
BMSZ04,BMSZ12,1,0.29122871991228455,0.14251896119984628,1.4337476811121308
BMSZ04,BMSZ13,1,0.4239092803480755,0.06141815745417083,1.4853274378022463
BMSZ04,BMSZ14,2,0.4945320267382994,1.8724481986334294,4.366980225371729
BMSZ04,BMSZ15,3,0.8498506922939625,0.3399504031692119,4.189801095463174
BMSZ04,BMSZ17,2,0.4844890868019255,0.8322245018372063,3.316713588639132
BMSZ04,BPSZ04,1,0.1464822238392105,0.0,1.1464822238392105
BMSZ04,BPSZ05,1,0.20970090483125658,0.0,1.2097009048312566
BMSZ04,BSSZ01,1,0.4397172402925312,0.0,1.4397172402925311
BMSZ04,BSSZ03,1,0.32876159554162854,0.0,1.3287615955416285
BMSZ04,BTSZ01,2,0.43433103336444784,0.0,2.434331033364448
BMSZ04,BTSZ06,1,0.09685389653358295,0.0,1.096853896533583
BMSZ04,CKSZ03,3,0.634412886484872,0.0,3.634412886484872
BMSZ04,CKSZ06,1,0.3752463992984863,0.0,1.3752463992984862
BMSZ04,CLSZ01,1,0.11676378296714543,0.0,1.1167637829671455
BMSZ04,CLSZ04,3,0.4490281525463293,0.0,3.449028152546329
BMSZ04,CLSZ06,1,0.16128675109475868,0.0,1.1612867510947587
BMSZ04,DTSZ01,2,0.3689126255510733,0.0,2.368912625551073
BMSZ04,DTSZ02,4,0.5133409643290133,0.18595512357038133,4.699296087899395
BMSZ04,DTSZ03,2,0.47119706187542343,0.0,2.4711970618754235
BMSZ04,DTSZ05,6,0.5748034938626445,0.6983588892149335,7.273162383077578
BMSZ04,DTSZ08,4,0.4746441726040292,1.9991258998960326,6.473770072500062
BMSZ04,DTSZ11,2,0.4789031135621874,0.30305014177516326,2.781953255337351
BMSZ04,DTSZ12,1,0.21018872458198776,0.0,1.2101887245819878
BMSZ04,GLSZ03,1,0.28971346028455874,0.0,1.2897134602845588
BMSZ04,HGSZ05,1,0.3968118504709602,0.0,1.3968118504709601
BMSZ04,HGSZ06,2,0.6884814041504792,0.0,2.688481404150479
BMSZ04,JESZ05,4,0.5733566742415301,0.0,4.573356674241531
BMSZ04,JESZ08,1,0.10436647134108475,0.0,1.1043664713410848
BMSZ04,JWSZ03,1,0.27879003034279976,0.0,1.2787900303427997
BMSZ04,JWSZ04,1,0.36647050113768986,0.0,1.3664705011376899
BMSZ04,JWSZ08,1,0.5215641133168359,0.0,1.521564113316836
BMSZ04,JWSZ09,2,0.6223662584653507,0.0,2.622366258465351
BMSZ04,KLSZ03,2,0.08693992492361328,0.0,2.0869399249236134
BMSZ04,KLSZ07,1,0.39423473681898175,0.0,1.3942347368189818
BMSZ04,KLSZ08,2,0.4771184959735717,0.0,2.4771184959735715
BMSZ04,MUSZ01,1,0.1251902122511597,0.10468669902722412,1.2298769112783838
BMSZ04,NVSZ01,2,1.011600923055002,0.0,3.011600923055002
BMSZ04,NVSZ02,2,0.8580489325825287,0.0,2.8580489325825287
BMSZ04,ORSZ02,3,0.5231238329948376,0.1582245843789324,3.68134841737377
BMSZ04,OTSZ01,1,0.06511547858331117,0.30803241972523,1.3731478983085412
BMSZ04,OTSZ02,1,0.03362663512303973,0.0948897727277068,1.1285164078507464
BMSZ04,OTSZ03,9,1.0644803367076527,2.0286528008003644,12.093133137508017
BMSZ04,PGSZ02,1,0.13453788204699535,0.0,1.1345378820469953
BMSZ04,PGSZ03,1,0.2611780317598246,0.0,1.2611780317598247
BMSZ04,PGSZ04,1,0.5223528044585053,0.0,1.5223528044585053
BMSZ04,PRSZ03,2,0.6707197404007158,0.0,2.670719740400716
BMSZ04,PRSZ08,1,0.09777057346871205,0.0,1.097770573468712
BMSZ04,QTSZ01,2,0.2443092316570922,0.0,2.244309231657092
BMSZ04,QTSZ04,1,0.09463269694925748,0.0,1.0946326969492575
BMSZ04,QTSZ06,2,0.391409094583174,0.36043439466747107,2.7518434892506454
BMSZ04,QTSZ08,2,0.7152582108696656,0.0,2.7152582108696657
BMSZ04,QTSZ09,1,0.04279218138690141,0.0,1.0427921813869014
BMSZ04,QTSZ10,2,0.3606857194611098,0.0,2.36068571946111
BMSZ04,QTSZ11,4,0.5591193442584135,0.0,4.559119344258414
BMSZ04,QTSZ12,1,0.2570979131504685,0.0,1.2570979131504685
BMSZ04,QTSZ13,1,0.2566225206723725,0.0,1.2566225206723725
BMSZ04,QTSZ14,1,0.29854000754610027,0.0,1.2985400075461002
BMSZ04,RCSZ01,1,0.18784634391171728,0.0,1.1878463439117173
BMSZ04,RCSZ09,1,0.1359013220398485,0.0254088107258141,1.1613101327656628
BMSZ04,RCSZ10,3,0.13360661603534482,0.0,3.133606616035345
BMSZ04,RVSZ05,1,0.3856212950107957,0.0,1.3856212950107958
BMSZ04,SESZ03,1,0.47530549077316847,0.0,1.4753054907731684
BMSZ04,SESZ05,1,0.2064869552910921,0.0,1.2064869552910922
BMSZ04,SGSZ03,1,0.2564346171741806,0.0,1.2564346171741807
BMSZ04,SGSZ04,1,0.42567927123945637,0.0,1.4256792712394564
BMSZ04,SGSZ06,1,0.23443914572664928,0.0,1.2344391457266493
BMSZ04,SISZ01,1,0.43308643028984134,0.0,1.4330864302898414
BMSZ04,SRSZ01,1,0.3452686520883961,0.07983392018397877,1.425102572272375
BMSZ04,SRSZ02,1,0.11201209189588161,0.098084917087894,1.2100970089837755
BMSZ04,TMSZ03,2,0.7846903317495364,0.0,2.7846903317495366
BMSZ04,TMSZ05,1,0.29208854003272083,0.0,1.292088540032721
BMSZ04,TNSZ03,1,0.04288244069266779,0.0,1.0428824406926678
BMSZ04,TNSZ04,1,0.29689226800005647,0.0,1.2968922680000565
BMSZ04,TPSZ02,1,0.35401891157431403,0.0,1.354018911574314
BMSZ04,TPSZ11,1,0.158800224729274,0.0,1.158800224729274
BMSZ04,WCSZ01,1,0.2564938160741213,0.0,1.2564938160741213
BMSZ04,YSSZ09,1,0.3418548338790492,0.0,1.3418548338790492
BMSZ05,AMSZ01,1,0.3397844365906379,0.0,1.339784436590638
BMSZ05,AMSZ03,1,0.22652805676457227,0.0,1.2265280567645722
BMSZ05,BDSZ01,3,0.5022259763436825,0.0,3.5022259763436825
BMSZ05,BDSZ02,1,0.49692609099999185,0.0,1.4969260909999917
BMSZ05,BDSZ04,5,0.594583954807303,0.0,5.594583954807303
BMSZ05,BKSZ05,1,0.46797249526811824,0.0,1.4679724952681181
BMSZ05,BKSZ07,1,0.21001242354346827,0.0,1.2100124235434682
BMSZ05,BKSZ09,1,0.285309008571281,0.0,1.285309008571281
BMSZ05,BMSZ01,4,1.5968544212929825,0.5253757351963932,6.122230156489375
BMSZ05,BMSZ02,1,0.4329638508292085,0.22041354742637184,1.6533773982555802
BMSZ05,BMSZ04,4,0.9126069950533754,3.196186877802063,8.108793872855438
BMSZ05,BMSZ05,1,1.0358012186466414,14.527083718905415,16.562884937552056
BMSZ05,BMSZ06,1,0.3626759963056773,0.0604526424834133,1.4231286387890907
BMSZ05,BMSZ08,1,0.45369049314120785,0.3019410036880091,1.7556314968292168
BMSZ05,BMSZ09,1,0.24901340810820846,0.06898894474753814,1.3180023528557467
BMSZ05,BMSZ13,1,0.564627575215409,0.05345061193702895,1.618078187152438
BMSZ05,BMSZ14,1,0.3228815383088932,0.2236454033850079,1.5465269416939011
BMSZ05,BMSZ16,1,0.3327614223811956,0.23957688866443924,1.5723383110456348
BMSZ05,BPSZ02,1,0.17454000025368174,0.0,1.1745400002536817
BMSZ05,BPSZ05,2,0.4050264550334441,0.0,2.405026455033444
BMSZ05,BSSZ03,1,0.3641703699343804,0.0,1.3641703699343803
BMSZ05,BTSZ01,1,0.3623670142981351,0.0,1.362367014298135
BMSZ05,BTSZ04,1,0.4141767373110693,0.0,1.4141767373110694
BMSZ05,CKSZ01,2,0.5233218398148513,0.0,2.523321839814851
BMSZ05,CKSZ03,2,0.5449247164378521,0.0,2.544924716437852
BMSZ05,CKSZ04,1,0.22712879025712396,0.0,1.227128790257124
BMSZ05,CKSZ05,1,0.2002908967768436,0.0,1.2002908967768435
BMSZ05,CLSZ04,1,0.19728948211931768,0.0,1.1972894821193176
BMSZ05,CLSZ06,1,0.18760718398284645,0.0,1.1876071839828464
BMSZ05,DTSZ01,2,0.5035984392002505,0.08759115633848331,2.591189595538734
BMSZ05,DTSZ03,1,0.35851096860531945,0.07229000000190401,1.4308009686072234
BMSZ05,GLSZ02,1,0.2103675567939615,0.0,1.2103675567939616
BMSZ05,GLSZ05,3,0.6105174410355473,0.0,3.6105174410355474
BMSZ05,HGSZ03,3,0.37089647854492175,0.0,3.3708964785449216
BMSZ05,HGSZ04,2,0.3346592125824128,0.0,2.334659212582413
BMSZ05,HGSZ05,1,0.536587347088366,0.0,1.536587347088366
BMSZ05,HGSZ06,2,0.8596576662444285,0.0,2.8596576662444284
BMSZ05,HGSZ08,2,0.34386916347220453,0.0,2.3438691634722044
BMSZ05,JESZ05,5,0.6215599176877796,0.0,5.6215599176877795
BMSZ05,JWSZ03,1,0.4038761809852105,0.0,1.4038761809852105
BMSZ05,JWSZ08,1,0.6270260182720008,0.0,1.6270260182720007
BMSZ05,KLSZ01,3,0.6193961837452322,0.0,3.6193961837452324
BMSZ05,KLSZ03,1,0.07073564660044562,0.0,1.0707356466004456
BMSZ05,KLSZ05,1,0.18628249092810825,0.0,1.1862824909281082
BMSZ05,KLSZ06,2,0.6043589013396802,0.0,2.60435890133968
BMSZ05,KLSZ07,1,0.49225282159141476,0.0,1.4922528215914148
BMSZ05,KLSZ09,1,0.07911209378150617,0.0,1.0791120937815062
BMSZ05,MPSZ01,1,0.2215790533851883,0.0,1.2215790533851882
BMSZ05,MPSZ02,1,0.3484766699877514,0.0,1.3484766699877513
BMSZ05,MPSZ03,1,0.3957384136906762,0.0,1.395738413690676
BMSZ05,MUSZ01,3,0.1321941048496487,0.4792232192411109,3.6114173240907594
BMSZ05,NTSZ03,1,0.16915703215901182,0.0,1.169157032159012
BMSZ05,NVSZ01,1,1.0334177401909832,0.0,2.033417740190983
BMSZ05,OTSZ01,1,0.08886205730343313,0.8010981630956363,1.8899602203990695
BMSZ05,OTSZ02,1,0.04486131727931077,0.11424046139906842,1.1591017786783793
BMSZ05,OTSZ03,6,1.3483387231365638,5.647418485181453,12.995757208318018
BMSZ05,OTSZ04,2,0.35268329061887405,0.3811639572081186,2.7338472478269926
BMSZ05,PGSZ02,2,0.27837143144503973,0.0,2.2783714314450396
BMSZ05,PGSZ03,1,0.32611439597850134,0.0,1.3261143959785013
BMSZ05,PGSZ04,3,0.6928457909938189,0.0,3.692845790993819
BMSZ05,PRSZ02,1,0.540603495807484,0.0,1.540603495807484
BMSZ05,PRSZ03,1,0.5672009740538012,0.0,1.5672009740538013
BMSZ05,PRSZ05,1,0.8691377010323572,0.0,1.8691377010323573
BMSZ05,PRSZ08,1,0.18021971438008183,0.0,1.1802197143800819
BMSZ05,QTSZ02,1,0.1577601272407939,0.0,1.157760127240794
BMSZ05,QTSZ05,2,0.6573074537465597,0.0,2.6573074537465597
BMSZ05,QTSZ10,1,0.3386636393475626,0.0,1.3386636393475626
BMSZ05,RCSZ05,1,0.09488782642000154,0.0,1.0948878264200015
BMSZ05,RCSZ10,2,0.2156372261313988,0.0,2.215637226131399
BMSZ05,RVSZ04,1,0.0,0.0,1.0
BMSZ05,SBSZ01,2,0.501932977593805,0.0,2.501932977593805
BMSZ05,SBSZ03,1,0.3071720341927899,0.0,1.30717203419279
BMSZ05,SBSZ04,2,0.08474194855071229,0.0,2.0847419485507124
BMSZ05,SESZ03,2,1.0083420815499906,0.0,3.0083420815499906
BMSZ05,SESZ04,3,0.9180375851277682,0.0,3.9180375851277685
BMSZ05,SGSZ06,3,0.4109832393980361,0.0,3.410983239398036
BMSZ05,TMSZ01,2,0.6331095357447408,0.0,2.6331095357447407
BMSZ05,TMSZ02,5,1.2350955270480082,0.0,6.235095527048008
BMSZ05,TMSZ04,2,0.6796215706005878,0.0,2.6796215706005877
BMSZ05,TPSZ02,1,0.42642142784351134,0.0,1.4264214278435112
BMSZ05,TPSZ04,1,0.09701363794376908,0.0,1.0970136379437692
BMSZ05,TPSZ12,1,0.14908747197705777,0.0,1.1490874719770579
BMSZ05,WDSZ02,2,0.3360405404474604,0.0,2.3360405404474602
BMSZ05,WDSZ03,1,0.40371727149480774,0.0,1.4037172714948079
BMSZ05,WDSZ06,1,0.18586636757869412,0.0,1.185866367578694
BMSZ05,WDSZ09,1,0.05312661554382364,0.0,1.0531266155438237
BMSZ05,YSSZ04,1,0.4125225573240625,0.0,1.4125225573240625
BMSZ05,YSSZ05,1,0.17892137269957373,0.0,1.1789213726995738
BMSZ05,YSSZ06,1,0.1028606812715267,0.0,1.1028606812715267
BMSZ06,BKSZ03,1,0.053478442139314214,0.0,1.0534784421393142
BMSZ06,BMSZ04,1,0.15105652424070307,0.5010926848766297,1.6521492091173329
BMSZ06,BMSZ13,2,0.10495795365188255,0.17940394284095013,2.2843618964928325
BMSZ06,DTSZ03,1,0.11020118751732527,0.0,1.1102011875173252
BMSZ06,HGSZ07,1,0.13031609203958375,0.0,1.1303160920395838
BMSZ06,NVSZ02,1,0.11647080735639964,0.0,1.1164708073563996
BMSZ06,OTSZ03,1,0.0618195290974755,0.31950862884523257,1.3813281579427081
BMSZ06,QTSZ01,1,0.19813556021445342,0.0,1.1981355602144534
BMSZ06,YSSZ09,1,0.07356390374268805,0.0,1.073563903742688
BMSZ07,AMSZ04,1,0.0613212344340069,0.0,1.0613212344340068
BMSZ07,BKSZ05,1,0.860512595753449,0.0,1.860512595753449
BMSZ07,BKSZ07,4,0.6589787804600994,0.0,4.6589787804600995
BMSZ07,BKSZ08,1,0.10383644445512763,0.0,1.1038364444551276
BMSZ07,BLSZ02,1,0.08101396913938846,0.0,1.0810139691393885
BMSZ07,BMSZ02,4,1.0821986158086718,0.6984381976787689,5.78063681348744
BMSZ07,BMSZ03,3,2.050968161845639,2.3065187800379103,7.357486941883549
BMSZ07,BMSZ04,6,0.868875513906334,0.6660573663785174,7.534932880284851
BMSZ07,BMSZ07,1,4.523475791126759,16.785665937562488,22.309141728689248
BMSZ07,BMSZ08,3,1.3935568010138275,0.7235299934905409,5.1170867945043685
BMSZ07,BMSZ09,1,0.3694715864916495,0.011821979274340592,1.3812935657659902
BMSZ07,BMSZ13,2,1.7525372734476374,0.19854464579843958,3.951081919246077
BMSZ07,BMSZ16,1,0.13102786488939558,0.011337980665417509,1.1423658455548131
BMSZ07,BPSZ01,1,0.32225407221936,0.0,1.3222540722193599
BMSZ07,BPSZ03,1,0.30178872167566545,0.0,1.3017887216756654
BMSZ07,BPSZ04,1,0.39825581001424126,0.0,1.3982558100142413
BMSZ07,BSSZ01,1,0.6926332761420309,0.0,1.6926332761420309
BMSZ07,BSSZ02,1,0.43781312707509884,0.0,1.437813127075099
BMSZ07,BTSZ01,1,0.6310456597867792,0.0,1.6310456597867793
BMSZ07,CHSZ03,1,1.1346644249940487,0.0,2.1346644249940487
BMSZ07,CKSZ01,2,0.4338433573027093,0.0,2.433843357302709
BMSZ07,CKSZ03,1,0.4324886295337607,0.0,1.4324886295337607
BMSZ07,CKSZ06,1,0.5319231040461226,0.0,1.5319231040461228
BMSZ07,CLSZ04,2,0.6204383761105022,0.0,2.6204383761105023
BMSZ07,CLSZ05,1,0.4604101994769787,0.0,1.4604101994769787
BMSZ07,CLSZ06,2,0.5006208026864232,0.0,2.500620802686423
BMSZ07,DTSZ01,1,0.504455566971641,0.0,1.5044555669716408
BMSZ07,DTSZ04,1,0.232718518768484,0.0,1.232718518768484
BMSZ07,DTSZ05,3,1.9718135697178627,0.0,4.971813569717863
BMSZ07,DTSZ08,2,0.6465409583112539,0.0,2.646540958311254
BMSZ07,GLSZ02,1,0.2919122875964939,0.0,1.291912287596494
BMSZ07,GLSZ03,1,0.552980310164527,0.0,1.552980310164527
BMSZ07,JESZ05,2,1.3497843959111615,0.0,3.3497843959111613
BMSZ07,JWSZ08,1,0.8448003426386756,0.0,1.8448003426386756
BMSZ07,KLSZ06,1,0.5612571320558701,0.0,1.5612571320558701
BMSZ07,KLSZ08,2,0.7893175874831938,0.0,2.7893175874831937
BMSZ07,MPSZ03,1,0.6130621268156834,0.0,1.6130621268156835
BMSZ07,MUSZ01,1,0.2924728922629979,0.0,1.2924728922629978
BMSZ07,NVSZ01,1,1.3837073072616506,0.0,2.3837073072616506
BMSZ07,ORSZ02,2,0.6950239714791767,0.03853589640541776,2.7335598678845945
BMSZ07,ORSZ03,1,0.3571816928558895,0.0,1.3571816928558895
BMSZ07,OTSZ03,1,0.8993999265476046,0.0,1.8993999265476047
BMSZ07,OTSZ04,1,0.31329389447343053,0.0,1.3132938944734305
BMSZ07,PGSZ02,1,0.35262053299546087,0.0,1.3526205329954608
BMSZ07,PGSZ04,1,0.6644686765538679,0.0,1.6644686765538679
BMSZ07,QTSZ02,1,0.631847408895748,0.018598658081091575,1.6504460669768395
BMSZ07,QTSZ04,1,0.28198111341343657,0.01927782324124286,1.3012589366546794
BMSZ07,QTSZ05,2,2.07670871686825,0.3126521137801098,4.38936083064836
BMSZ07,QTSZ08,1,0.9875380659489124,0.07766423717395173,2.065202303122864
BMSZ07,QTSZ10,1,0.6763008012353896,0.0,1.6763008012353895
BMSZ07,QTSZ11,3,0.9031602845199314,0.0,3.9031602845199314
BMSZ07,QTSZ12,1,0.5299038450707986,0.0,1.5299038450707987
BMSZ07,QTSZ14,2,0.8032186134050759,0.11127579393867068,2.9144944073437467
BMSZ07,SBSZ05,1,0.0,0.0,1.0
BMSZ07,SESZ02,1,0.36412988486424624,0.0,1.3641298848642462
BMSZ07,SESZ03,1,0.6376200806147055,0.0,1.6376200806147057
BMSZ07,SESZ04,2,0.8453888269591239,0.0,2.845388826959124
BMSZ07,SRSZ01,1,0.6748111950016975,0.020198768393424483,1.6950099633951219
BMSZ07,TMSZ02,1,0.6078275230727387,0.0,1.6078275230727388
BMSZ07,TMSZ04,1,0.4347281297506072,0.0,1.4347281297506072
BMSZ07,TPSZ01,1,0.3218682214887206,0.0,1.3218682214887205
BMSZ07,TPSZ06,1,0.43173932494791606,0.0,1.431739324947916
BMSZ07,TPSZ12,1,0.2847565895515955,0.0,1.2847565895515956
BMSZ07,WCSZ01,1,0.4228964852005339,0.0,1.422896485200534
BMSZ07,WDSZ02,1,0.5397598748825303,0.0,1.5397598748825303
BMSZ07,WDSZ03,1,0.5848406776727587,0.0,1.5848406776727586
BMSZ07,WDSZ04,2,0.49444807098395804,0.0,2.494448070983958
BMSZ07,WDSZ05,2,0.5784826015440697,0.0,2.57848260154407
BMSZ07,WDSZ06,1,0.41706920650624213,0.0,1.417069206506242
BMSZ07,YSSZ01,1,0.31620857289042764,0.0,1.3162085728904276
BMSZ08,AMSZ01,1,0.1606264065452369,0.0,1.160626406545237
BMSZ08,AMSZ10,1,0.18875460730980576,0.0,1.1887546073098059
BMSZ08,BDSZ06,1,0.3333829579943539,0.0,1.333382957994354
BMSZ08,BLSZ02,4,0.0,0.0,4.0
BMSZ08,BMSZ01,1,0.28121302263045117,0.1269729751593622,1.4081859977898135
BMSZ08,BMSZ02,1,0.28755979876353277,0.750205051112972,2.037764849876505
BMSZ08,BMSZ03,3,0.7361938647781681,3.706837213030921,7.443031077809089
BMSZ08,BMSZ04,8,2.074866982517888,3.179033549404015,13.253900531921904
BMSZ08,BMSZ05,2,0.1891528747042429,0.3729702617059904,2.562123136410233
BMSZ08,BMSZ06,2,1.7253727472810065,0.2535314435843019,3.9789041908653084
BMSZ08,BMSZ07,1,0.42694970445261904,0.2775787324538274,1.7045284369064464
BMSZ08,BMSZ08,6,0.5891924713836245,8.432302089154625,15.02149456053825
BMSZ08,BMSZ09,3,0.31963789576836593,0.2444120448604777,3.5640499406288435
BMSZ08,BMSZ10,2,0.5195077747879993,0.3851790365267635,2.9046868113147624
BMSZ08,BMSZ12,1,0.24072876542952254,0.12018381199360126,1.3609125774231237
BMSZ08,BMSZ13,1,0.29611972859941865,0.0819034512675908,1.3780231798670095
BMSZ08,BMSZ14,3,0.43574233307743837,1.6376539084484316,5.07339624152587
BMSZ08,BMSZ15,2,0.6975953996488836,0.14569133661581168,2.8432867362646954
BMSZ08,BSSZ03,1,0.1565427059643239,0.0,1.1565427059643238
BMSZ08,BTSZ01,1,0.15626311360182546,0.0,1.1562631136018255
BMSZ08,BTSZ03,1,0.07770037745706965,0.0,1.0777003774570697
BMSZ08,BTSZ07,1,0.20248473862629182,0.0,1.2024847386262918
BMSZ08,CHSZ02,1,0.07081144439330149,0.0,1.0708114443933014
BMSZ08,CHSZ03,2,0.6877917654797169,0.0,2.6877917654797168
BMSZ08,CKSZ03,3,0.48477659370718723,0.0,3.484776593707187
BMSZ08,CLSZ01,1,0.07020054461026962,0.0,1.0702005446102696
BMSZ08,CLSZ03,1,0.14290269755386217,0.0,1.142902697553862
BMSZ08,CLSZ04,3,0.2010776968142406,0.0,3.2010776968142407
BMSZ08,CLSZ05,1,0.043618527955566797,0.0,1.0436185279555668
BMSZ08,DTSZ02,4,0.12437325611259699,0.14289165630913173,4.267264912421729
BMSZ08,DTSZ05,3,0.22095092381665862,0.18038735884410675,3.4013382826607654
BMSZ08,DTSZ08,3,0.14633162373937875,0.40477473126973523,3.551106355009114
BMSZ08,GLSZ03,1,0.16697930726260413,0.0,1.1669793072626042
BMSZ08,GLSZ04,1,0.27988532038514424,0.0,1.2798853203851444
BMSZ08,GLSZ05,1,0.22480946381761066,0.0,1.2248094638176106
BMSZ08,HGSZ04,1,0.0840217591466073,0.0,1.0840217591466073
BMSZ08,HGSZ06,1,0.25247052609939874,0.0,1.2524705260993987
BMSZ08,HGSZ07,1,0.19831330604165057,0.0,1.1983133060416506
BMSZ08,JESZ05,3,0.19148974972611357,0.0,3.1914897497261134
BMSZ08,JWSZ01,1,0.0199978714692099,0.0,1.01999787146921
BMSZ08,JWSZ08,1,0.2852469408486928,0.0,1.2852469408486928
BMSZ08,JWSZ09,1,0.3163178177463296,0.0,1.3163178177463295
BMSZ08,KLSZ09,2,0.09677980562462916,0.0,2.096779805624629
BMSZ08,MPSZ03,1,0.19303438709556606,0.0,1.193034387095566
BMSZ08,NVSZ01,2,0.5372781482428455,0.0,2.5372781482428453
BMSZ08,NVSZ02,1,0.34093104592854323,0.0,1.3409310459285433
BMSZ08,NVSZ04,1,0.116047923335473,0.0,1.116047923335473
BMSZ08,ORSZ01,1,0.04322804102562029,0.0,1.0432280410256203
BMSZ08,ORSZ02,2,0.32361405949883676,0.1240467122266419,2.4476607717254786
BMSZ08,ORSZ03,2,0.14312706970657166,0.1690879852690516,2.3122150549756233
BMSZ08,OTSZ02,1,0.0167104307237156,0.05568578306446103,1.0723962137881766
BMSZ08,OTSZ03,5,0.49601282289569704,1.2083088035846226,6.704321626480319
BMSZ08,PNSZ01,1,0.08590490245463508,0.0,1.085904902454635
BMSZ08,PRSZ08,1,0.10015026745065361,0.0,1.1001502674506536
BMSZ08,QTSZ03,1,0.11139819563056011,0.015670644307126693,1.1270688399376867
BMSZ08,QTSZ04,1,0.04291961729286894,0.013019407769945444,1.0559390250628145
BMSZ08,QTSZ06,2,0.23426027982991043,0.5757044854571087,2.809964765287019
BMSZ08,QTSZ08,4,0.3404268839691143,0.0,4.340426883969115
BMSZ08,QTSZ10,1,0.11989893210590313,0.0,1.1198989321059032
BMSZ08,QTSZ11,4,0.13000404784034492,0.0,4.130004047840345
BMSZ08,QTSZ12,1,0.15390799836185637,0.0,1.1539079983618563
BMSZ08,QTSZ14,2,0.2673783171600303,0.13923987460834109,2.4066181917683713
BMSZ08,RCSZ09,1,0.05784712401864887,0.0,1.0578471240186489
BMSZ08,SBSZ01,1,0.13349555858430903,0.0,1.133495558584309
BMSZ08,SESZ03,1,0.3213991787088152,0.0,1.3213991787088153
BMSZ08,SESZ04,1,0.2561698079959594,0.0,1.2561698079959593
BMSZ08,SGSZ06,1,0.14914189848840947,0.0,1.1491418984884094
BMSZ08,SISZ01,1,0.3005882961509612,0.0,1.3005882961509612
BMSZ08,SRSZ02,1,0.04637855577085029,0.13697110254122175,1.183349658312072
BMSZ08,TMSZ02,1,0.4813756751914464,0.0,1.4813756751914464
BMSZ08,TNSZ02,1,0.20222437681681502,0.11987821514581085,1.322102591962626
BMSZ08,TPSZ06,2,0.1757933753019344,0.0,2.1757933753019345
BMSZ08,TSSZ05,1,0.1779252522146024,0.0,1.1779252522146024
BMSZ08,WDSZ01,1,0.0460261750740947,0.0,1.0460261750740947
BMSZ08,WDSZ02,1,0.15913845689732933,0.0,1.1591384568973293
BMSZ08,WDSZ04,1,0.29152768456117056,0.0,1.2915276845611705
BMSZ09,BDSZ03,1,0.15849220636682335,0.0,1.1584922063668233
BMSZ09,BKSZ07,1,0.16379441589594146,0.0,1.1637944158959415
BMSZ09,BMSZ01,1,0.29584156208716045,0.10347026295038242,1.3993118250375427
BMSZ09,BMSZ02,2,0.24321040556477388,0.068796369456336,2.3120067750211097
BMSZ09,BMSZ03,1,0.5853309217376313,0.19406352754057418,1.7793944492782057
BMSZ09,BMSZ04,2,0.4779669651332671,1.4777977387394192,3.955764703872686
BMSZ09,BMSZ07,1,0.35579451617906366,0.10990042064318417,1.4656949368222478
BMSZ09,BMSZ08,3,0.4895352526459414,1.3964219328738228,4.885957185519764
BMSZ09,BMSZ09,1,0.31409265486331117,4.793774124097941,6.107866778961252
BMSZ09,BMSZ12,2,0.330976803896171,0.2891209681954055,2.620097772091577
BMSZ09,BPSZ01,1,0.09236131258029356,0.0,1.0923613125802936
BMSZ09,BPSZ05,1,0.13582274068649194,0.0,1.135822740686492
BMSZ09,BTSZ01,1,0.17431427745582503,0.0,1.174314277455825
BMSZ09,CHSZ03,1,0.362450115950388,0.0,1.362450115950388
BMSZ09,CLSZ03,1,0.2274331076130263,0.0,1.2274331076130263
BMSZ09,CLSZ07,1,0.15137952857564474,0.0,1.1513795285756447
BMSZ09,DTSZ01,1,0.18575820409149912,0.0821295470028499,1.267887751094349
BMSZ09,DTSZ02,5,0.5516180220254852,0.6898212648880366,6.241439286913522
BMSZ09,DTSZ04,1,0.06302955824445655,0.0,1.0630295582444567
BMSZ09,DTSZ05,1,0.17847440039855195,0.14583225593294866,1.3243066563315005
BMSZ09,DTSZ11,4,0.20263509211979044,0.42660500613628116,4.629240098256072
BMSZ09,JESZ01,1,0.08183079814621876,0.0,1.0818307981462187
BMSZ09,JESZ05,1,0.32516186576710876,0.0,1.3251618657671087
BMSZ09,JWSZ09,1,0.2962988675445489,0.0,1.2962988675445488
BMSZ09,KLSZ06,1,0.257760189071557,0.0,1.257760189071557
BMSZ09,KLSZ07,1,0.1808257676362924,0.04443750122891924,1.2252632688652116
BMSZ09,KLSZ08,2,0.3320593811375605,0.0,2.3320593811375607
BMSZ09,MPSZ02,2,0.21708817877197342,0.0,2.2170881787719736
BMSZ09,MUSZ01,3,0.0,0.1832218220483338,3.183221822048334
BMSZ09,NVSZ03,2,0.14742445177958807,0.0,2.147424451779588
BMSZ09,ORSZ02,2,0.7351026569044112,0.34092543744253595,3.076028094346947
BMSZ09,OTSZ03,5,0.8080002849767399,1.4550836867986463,7.263083971775386
BMSZ09,OTSZ04,1,0.0971734763117409,0.11065860347819119,1.207832079789932
BMSZ09,QTSZ03,1,0.06814821950306608,0.0,1.068148219503066
BMSZ09,QTSZ08,3,0.5590438626185332,0.0,3.559043862618533
BMSZ09,QTSZ10,1,0.1557433961390835,0.0,1.1557433961390835
BMSZ09,QTSZ11,1,0.14668092764816001,0.0,1.14668092764816
BMSZ09,QTSZ12,1,0.2242957792896356,0.0,1.2242957792896356
BMSZ09,QTSZ14,2,0.4167965187884167,0.0,2.416796518788417
BMSZ09,SESZ03,1,0.3023501149578187,0.0,1.3023501149578187
BMSZ09,SESZ06,1,0.2690030787398099,0.0,1.2690030787398099
BMSZ09,SRSZ02,1,0.029214299885299538,0.08800220840289404,1.1172165082881935
BMSZ09,TMSZ02,1,0.42020957907730316,0.0,1.4202095790773033
BMSZ09,TMSZ05,1,0.23546641941189264,0.0,1.2354664194118927
BMSZ09,TPSZ02,1,0.19707152629727662,0.0,1.1970715262972766
BMSZ09,TPSZ03,1,0.0808427135339575,0.0,1.0808427135339576
BMSZ09,TPSZ06,1,0.1539774548463718,0.0,1.1539774548463717
BMSZ09,WCSZ01,1,0.15390952309873618,0.0,1.1539095230987362
BMSZ09,WDSZ02,1,0.14181754889982817,0.0,1.1418175488998281
BMSZ09,YSSZ09,1,0.22639105510370736,0.0,1.2263910551037074
BMSZ10,AMSZ10,1,0.46174028777803217,0.0,1.461740287778032
BMSZ10,BMSZ01,2,1.0903915797510961,0.19737121782107075,3.2877627975721673
BMSZ10,BMSZ02,1,0.3553532214150927,0.1827793168503978,1.5381325382654905
BMSZ10,BMSZ04,4,0.8364634838034605,2.8614494652632834,7.697912949066744
BMSZ10,BMSZ07,1,0.49596511693123385,0.10398898773623654,1.5999541046674703
BMSZ10,BMSZ08,1,0.5236361817165552,0.5003577255952386,2.023993907311794
BMSZ10,BMSZ10,2,1.0436306900576986,4.727321613841812,7.77095230389951
BMSZ10,BMSZ12,1,0.3353990743887674,0.1585342882860604,1.4939333626748277
BMSZ10,BMSZ15,1,0.40616586822414846,0.03996446716684503,1.4461303353909936
BMSZ10,CKSZ03,1,0.38121103320151,0.0,1.38121103320151
BMSZ10,CLSZ04,1,0.2645748244540379,0.0,1.264574824454038
BMSZ10,DTSZ01,1,0.27458284612658596,0.03243426438393937,1.3070171105105253
BMSZ10,DTSZ02,2,0.49876530895464927,0.1684215046192092,2.667186813573858
BMSZ10,DTSZ03,1,0.2897777182182861,0.020210567829156176,1.3099882860474423
BMSZ10,DTSZ05,4,0.6396153433320597,0.31158912792154203,4.951204471253602
BMSZ10,DTSZ08,2,0.273309318003609,0.802046644540881,3.07535596254449
BMSZ10,DTSZ10,1,0.024614235664124788,0.0,1.0246142356641248
BMSZ10,DTSZ11,1,0.40614623537965294,0.1987844603024167,1.6049306956820697
BMSZ10,DTSZ12,1,0.21530422528009652,0.0192781089662706,1.234582334246367
BMSZ10,GLSZ05,2,0.6867636322355327,0.0,2.686763632235533
BMSZ10,HGSZ01,1,0.23279425703005896,0.0,1.232794257030059
BMSZ10,JESZ05,1,0.481466508891932,0.0,1.4814665088919319
BMSZ10,KLSZ01,1,0.45202228485304313,0.0,1.452022284853043
BMSZ10,KLSZ07,1,0.35309016101328894,0.0,1.3530901610132888
BMSZ10,MUSZ01,1,0.1073556831115548,0.1098501229668372,1.217205806078392
BMSZ10,MUSZ03,1,0.0163515722718518,0.23706407531368853,1.2534156475855405
BMSZ10,ORSZ02,1,0.3959777072431483,0.04692472155811299,1.4429024288012613
BMSZ10,OTSZ02,1,0.059539083382783485,0.1876400141370572,1.2471790975198407
BMSZ10,OTSZ03,4,1.608748840488441,2.4402519535192497,8.049000794007691
BMSZ10,QTSZ05,1,0.4697297582092144,0.05231426113798483,1.5220440193471991
BMSZ10,QTSZ07,1,0.0,0.0,1.0
BMSZ10,QTSZ08,1,0.4153742892655729,0.0,1.415374289265573
BMSZ10,QTSZ14,3,0.5238717356937902,0.0,3.52387173569379
BMSZ10,RCSZ09,1,0.08644320733506032,0.027429273235425225,1.1138724805704856
BMSZ10,RCSZ10,1,0.1716847704169474,0.0745518115013283,1.246236581918276
BMSZ10,SRSZ01,3,0.21925254607531974,0.8766344166341336,4.095886962709454
BMSZ10,SRSZ02,2,0.03935401834009452,0.5636759532699216,2.6030299716100163
BMSZ10,TMSZ05,1,0.3841171685766536,0.0,1.3841171685766536
BMSZ10,TNSZ02,1,0.15616719996066292,0.05920998097785242,1.2153771809385152
BMSZ10,TPSZ05,1,0.05260697737673728,0.0,1.0526069773767373
BMSZ10,TSSZ02,1,0.13944658332276816,0.0,1.1394465833227683
BMSZ10,YSSZ02,1,0.13119542222286248,0.0,1.1311954222228624
BMSZ11,AMSZ03,1,0.1344744517503771,0.0,1.134474451750377
BMSZ11,AMSZ08,1,0.05693431691499362,0.0,1.0569343169149936
BMSZ11,BMSZ01,1,0.47360718724134776,0.06276501512036622,1.536372202361714
BMSZ11,BMSZ02,2,0.2564372777777307,0.41109009146402337,2.667527369241754
BMSZ11,BMSZ04,1,0.14290319906025872,0.3248396296514626,1.4677428287117213
BMSZ11,BMSZ07,1,0.37092583653052397,0.057143485590693294,1.4280693221212173
BMSZ11,BMSZ08,1,0.28175619359682463,0.2844789923027705,1.566235185899595
BMSZ11,BMSZ11,1,0.4715517847868269,6.896148875416082,8.367700660202908
BMSZ11,BMSZ13,1,0.23420414753408156,0.039380417603647126,1.2735845651377287
BMSZ11,BMSZ14,1,0.0911772500603697,0.0,1.0911772500603698
BMSZ11,BMSZ16,1,0.040948380088060204,0.06725967533242824,1.1082080554204883
BMSZ11,BPSZ01,1,0.10108176988780941,0.0,1.1010817698878095
BMSZ11,BSSZ01,1,0.39506531976401926,0.0,1.3950653197640193
BMSZ11,BTSZ01,1,0.23270090225421813,0.0,1.2327009022542181
BMSZ11,CHSZ02,1,0.04120518910019898,0.0,1.041205189100199
BMSZ11,CKSZ03,1,0.21396847927998575,0.0,1.2139684792799859
BMSZ11,CLSZ05,1,0.044774776848623084,0.0,1.044774776848623
BMSZ11,CLSZ06,3,0.24815282734040206,0.0,3.248152827340402
BMSZ11,CLSZ09,1,0.08155797781040106,0.0,1.081557977810401
BMSZ11,DTSZ01,1,0.13338349477669337,0.0,1.1333834947766934
BMSZ11,DTSZ03,1,0.25035827577149294,0.0,1.250358275771493
BMSZ11,DTSZ05,1,0.16140493652636387,0.07477371415502732,1.2361786506813912
BMSZ11,DTSZ06,1,0.025603322543040135,0.014189323953431593,1.0397926464964717
BMSZ11,GLSZ03,1,0.16271139283118113,0.0,1.1627113928311812
BMSZ11,GLSZ05,1,0.18712316584879043,0.0,1.1871231658487904
BMSZ11,KLSZ09,1,0.1250297209441906,0.0,1.1250297209441906
BMSZ11,NVSZ02,1,0.24090665771290384,0.0,1.2409066577129038
BMSZ11,OTSZ01,1,0.021759719550377223,0.2312320672852489,1.252991786835626
BMSZ11,OTSZ02,1,0.07671285800248902,0.03296423632948041,1.1096770943319694
BMSZ11,OTSZ03,3,0.40813161782982094,0.503781632273453,3.9119132501032743
BMSZ11,PLSZ01,1,0.1253427578320214,0.0,1.1253427578320214
BMSZ11,PLSZ04,1,0.021043208526111794,0.0,1.0210432085261119
BMSZ11,QTSZ01,1,0.16234685233959892,0.0,1.162346852339599
BMSZ11,QTSZ08,1,0.20791355306608844,0.0,1.2079135530660885
BMSZ11,QTSZ11,2,0.17834908507111938,0.0,2.1783490850711194
BMSZ11,RCSZ01,1,0.11045173086964917,0.0,1.110451730869649
BMSZ11,RCSZ10,1,0.08109196238614158,0.0,1.0810919623861417
BMSZ11,TNSZ04,1,0.28619777669391516,0.0,1.2861977766939152
BMSZ11,TSSZ05,1,0.08802137456166546,0.0,1.0880213745616654
BMSZ11,YSSZ02,1,0.032689268688042394,0.0,1.0326892686880424
BMSZ12,AMSZ01,1,0.25579349157855236,0.0,1.2557934915785522
BMSZ12,AMSZ02,1,0.24335389006699057,0.0,1.2433538900669905
BMSZ12,AMSZ04,1,0.020816674057348432,0.0,1.0208166740573483
BMSZ12,BDSZ06,2,0.5554817931595785,0.0,2.5554817931595784
BMSZ12,BKSZ05,1,0.3231762916017243,0.0,1.3231762916017242
BMSZ12,BKSZ07,2,0.3453976543311213,0.0,2.3453976543311215
BMSZ12,BKSZ09,1,0.1802012538530325,0.0,1.1802012538530324
BMSZ12,BMSZ01,5,1.5067862842545092,0.31914215543072966,6.8259284396852395
BMSZ12,BMSZ03,1,0.8598678135302881,0.4157176077121244,2.2755854212424125
BMSZ12,BMSZ04,1,0.2421498287981754,0.08998645890553642,1.3321362877037117
BMSZ12,BMSZ05,1,0.19811543109531968,0.007700998211294328,1.205816429306614
BMSZ12,BMSZ06,1,0.44026231279888306,0.19758652653912329,1.6378488393380062
BMSZ12,BMSZ08,1,0.3454933117490098,0.1331428133969526,1.4786361251459623
BMSZ12,BMSZ09,2,0.2776923794117293,0.09215875346096315,2.3698511328726926
BMSZ12,BMSZ13,2,1.267653305937159,0.13185813841831734,3.399511444355477
BMSZ12,BMSZ14,1,0.3490373578252314,0.027550529161981446,1.3765878869872128
BMSZ12,BMSZ16,1,0.0633326219151259,0.01444074597344778,1.0777733678885737
BMSZ12,BPSZ01,1,0.15882338803657137,0.0,1.1588233880365713
BMSZ12,BPSZ04,1,0.22156409820082348,0.0,1.2215640982008236
BMSZ12,BPSZ05,2,0.3400137640622867,0.0,2.3400137640622867
BMSZ12,BTSZ01,1,0.19193348752557016,0.0,1.1919334875255703
BMSZ12,BTSZ02,1,0.1647618786266872,0.0,1.1647618786266871
BMSZ12,CKSZ01,1,0.3864490317199501,0.0,1.38644903171995
BMSZ12,CKSZ03,2,0.5496441891377706,0.0,2.5496441891377706
BMSZ12,DTSZ05,1,0.23009910598008163,0.0,1.2300991059800817
BMSZ12,DTSZ11,1,0.30413763507103087,0.0,1.3041376350710308
BMSZ12,HGSZ02,1,0.24547884942999174,0.0,1.2454788494299918
BMSZ12,HGSZ04,1,0.18525597802785557,0.0,1.1852559780278555
BMSZ12,HGSZ05,1,0.49125064311943256,0.0,1.4912506431194326
BMSZ12,HGSZ08,1,0.13828056254904006,0.0,1.13828056254904
BMSZ12,JESZ01,1,0.13399313479101294,0.0,1.1339931347910128
BMSZ12,JESZ02,1,0.1433457597192056,0.0,1.1433457597192056
BMSZ12,JESZ03,1,0.25429859337361366,0.0,1.2542985933736137
BMSZ12,JESZ05,2,0.6423584228829716,0.0,2.6423584228829715
BMSZ12,JWSZ04,1,0.38392964358449344,0.0,1.3839296435844934
BMSZ12,JWSZ08,2,0.5360547497233087,0.0,2.536054749723309
BMSZ12,JWSZ09,1,0.4912308407834752,0.0,1.4912308407834751
BMSZ12,KLSZ01,1,0.2924615473962662,0.0,1.2924615473962662
BMSZ12,KLSZ02,1,0.16667571930736277,0.0,1.1666757193073627
BMSZ12,MPSZ02,1,0.23478792853186722,0.0,1.2347879285318673
BMSZ12,ORSZ02,1,0.22493172155017302,0.0,1.224931721550173
BMSZ12,OTSZ01,1,0.034030863426648066,0.2543995618410268,1.2884304252676748
BMSZ12,OTSZ03,3,0.26798288814192495,0.0,3.267982888141925
BMSZ12,PGSZ03,2,0.15003518868045498,0.0,2.150035188680455
BMSZ12,PGSZ05,2,0.20965280662304794,0.0,2.209652806623048
BMSZ12,QTSZ05,4,0.9364335027980469,0.4419374616830118,5.378370964481059
BMSZ12,QTSZ06,3,0.6838095000427724,0.7275418148009406,4.411351314843714
BMSZ12,QTSZ09,1,0.03559765739582527,0.0,1.0355976573958252
BMSZ12,QTSZ10,1,0.25542730464796826,0.0,1.2554273046479683
BMSZ12,QTSZ14,1,0.455177906777723,0.056765291369208486,1.5119431981469316
BMSZ12,SBSZ01,1,0.1273432997800615,0.0,1.1273432997800614
BMSZ12,SBSZ03,1,0.2148678588360653,0.0,1.2148678588360653
BMSZ12,SESZ05,1,0.18275262163078704,0.0,1.182752621630787
BMSZ12,SGSZ04,1,0.4398255204562701,0.0,1.43982552045627
BMSZ12,SGSZ06,2,0.28369975000598785,0.0,2.283699750005988
BMSZ12,SRSZ01,1,0.18953922379101457,0.09008734500033273,1.2796265687913473
BMSZ12,TMSZ03,1,0.5149708265484528,0.0,1.5149708265484527
BMSZ12,TPSZ01,1,0.1065556390352535,0.0,1.1065556390352536
BMSZ12,TPSZ04,1,0.11126438364954196,0.0,1.111264383649542
BMSZ12,TPSZ09,1,0.08368855083825068,0.0,1.0836885508382508
BMSZ12,WDSZ01,1,0.06353563780270521,0.0,1.0635356378027052
BMSZ12,WDSZ03,1,0.3688975526635015,0.0,1.3688975526635014
BMSZ12,WDSZ04,1,0.44256287121858356,0.0,1.4425628712185836
BMSZ12,YSSZ03,1,0.2559762761089661,0.0,1.2559762761089661
BMSZ13,AMSZ12,1,0.12474207397205624,0.0,1.1247420739720562
BMSZ13,BKSZ04,1,0.24495144029477747,0.0,1.2449514402947774
BMSZ13,BKSZ08,1,0.03465778053893976,0.0,1.0346577805389399
BMSZ13,BMSZ01,10,3.812353624235422,1.1417727045883979,14.95412632882382
BMSZ13,BMSZ02,2,0.6395284772326744,0.30851644351118707,2.948044920743861
BMSZ13,BMSZ04,1,0.28022558093064787,0.0670103476292739,1.3472359285599216
BMSZ13,BMSZ05,1,0.22419674194212724,0.07585938721105506,1.3000561291531825
BMSZ13,BMSZ06,1,0.2273162217846653,0.0,1.2273162217846654
BMSZ13,BMSZ07,4,1.584803528932392,0.27557871590669003,5.860382244839082
BMSZ13,BMSZ08,1,0.28797487004587047,0.08746836894764869,1.3754432389935192
BMSZ13,BMSZ11,1,0.3660565849519864,0.0,1.3660565849519863
BMSZ13,BMSZ12,4,1.4891477821550496,0.34286125149140023,5.832009033646449
BMSZ13,BMSZ13,4,2.444213956663183,15.038734894680328,21.48294885134351
BMSZ13,BMSZ15,3,0.45236442144102984,0.034448134584823854,3.486812556025854
BMSZ13,BMSZ17,3,1.0711078532388516,0.37299136095365987,4.444099214192511
BMSZ13,BPSZ05,1,0.2443146140385191,0.0,1.244314614038519
BMSZ13,CHSZ02,1,0.08578104110437211,0.0,1.085781041104372
BMSZ13,CLSZ01,1,0.10871071742149786,0.0,1.1087107174214978
BMSZ13,DTSZ01,1,0.2632521808695384,0.0,1.2632521808695385
BMSZ13,DTSZ02,3,0.34289212741586317,0.0,3.342892127415863
BMSZ13,DTSZ03,1,0.27049141413238753,0.0,1.2704914141323875
BMSZ13,DTSZ05,4,1.1730625768557619,0.0,5.173062576855762
BMSZ13,DTSZ08,5,0.5564724401878925,0.0,5.556472440187893
BMSZ13,DTSZ10,2,0.052192345478633,0.0,2.052192345478633
BMSZ13,DTSZ11,2,0.5736002872048869,0.0,2.573600287204887
BMSZ13,GLSZ03,1,0.26807402732777197,0.0,1.268074027327772
BMSZ13,JESZ05,3,0.3445706051747677,0.0,3.3445706051747677
BMSZ13,JESZ06,1,0.057230980397287454,0.0,1.0572309803972875
BMSZ13,KLSZ08,1,0.20789427257101456,0.0,1.2078942725710147
BMSZ13,KLSZ09,1,0.03424349238398454,0.0,1.0342434923839845
BMSZ13,MSSZ01,1,0.0,0.0,1.0
BMSZ13,ORSZ01,1,0.018307610866109315,0.0,1.0183076108661093
BMSZ13,ORSZ03,1,0.1849655291952245,0.0,1.1849655291952246
BMSZ13,OTSZ03,2,0.8733546789342773,0.0,2.873354678934277
BMSZ13,PNSZ02,1,0.0,0.0,1.0
BMSZ13,PRSZ03,1,0.38284611865916734,0.0,1.3828461186591674
BMSZ13,QTSZ07,1,0.0,0.0,1.0
BMSZ13,QTSZ08,3,0.6221927465951682,0.046567364439280924,3.668760111034449
BMSZ13,QTSZ10,1,0.35927191064203867,0.0,1.3592719106420388
BMSZ13,QTSZ11,1,0.2932615942093464,0.0,1.2932615942093464
BMSZ13,QTSZ13,1,0.24650507786122244,0.0007031887015907007,1.247208266562813
BMSZ13,QTSZ14,3,0.401675016124853,0.20758482442689813,3.609259840551751
BMSZ13,RCSZ09,1,0.09749334389264004,0.0,1.09749334389264
BMSZ13,SESZ03,2,0.8444267778832049,0.0,2.844426777883205
BMSZ13,SGSZ04,1,0.4277773531806543,0.0,1.4277773531806544
BMSZ13,TPSZ05,1,0.041396056654820906,0.0,1.0413960566548208
BMSZ13,TSSZ05,2,0.13925829514380633,0.0,2.139258295143806
BMSZ13,TSSZ06,1,0.006623373866774765,0.0,1.0066233738667747
BMSZ13,WDSZ06,1,0.1942204553628339,0.0,1.194220455362834
BMSZ14,AMSZ01,1,0.15381310240190119,0.0,1.1538131024019012
BMSZ14,AMSZ12,1,0.06913778069351358,0.0,1.0691377806935136
BMSZ14,BMSZ01,3,1.1845855433139099,0.2646663098105724,4.449251853124482
BMSZ14,BMSZ02,2,1.0519541842048201,1.7371806197057225,4.789134803910542
BMSZ14,BMSZ03,1,0.6651805256266812,0.3473784800696834,2.0125590056963647
BMSZ14,BMSZ04,3,0.6145511388222901,0.7605691890133482,4.3751203278356385
BMSZ14,BMSZ08,3,0.47917145638528313,0.5937242456025777,4.072895701987861
BMSZ14,BMSZ12,1,0.40732065979097154,0.0884989977031957,1.4958196574941673
BMSZ14,BMSZ14,2,0.7366451430313168,5.660657155183274,8.39730229821459
BMSZ14,BMSZ17,1,0.194549534804079,0.19836173893892484,1.392911273743004
BMSZ14,BTSZ01,1,0.19277597458947313,0.0,1.192775974589473
BMSZ14,GLSZ04,1,0.1946635300934007,0.0,1.1946635300934008
BMSZ14,JESZ05,2,0.4369264145589219,0.0,2.436926414558922
BMSZ14,KLSZ06,1,0.25546003261172284,0.0,1.255460032611723
BMSZ14,NVSZ02,2,0.4687969991882455,0.0,2.4687969991882457
BMSZ14,NVSZ03,1,0.06532675330161399,0.0,1.065326753301614
BMSZ14,OTSZ03,2,0.4026749212870947,0.31221850810659335,2.714893429393688
BMSZ14,QTSZ08,1,0.2204429512078852,0.0,1.2204429512078852
BMSZ14,QTSZ10,1,0.17645418634276588,0.0,1.1764541863427658
BMSZ14,QTSZ11,1,0.14437377605507587,0.0,1.1443737760550758
BMSZ14,QTSZ12,2,0.32936891458762996,0.0,2.32936891458763
BMSZ14,QTSZ14,1,0.2762876320286368,0.03679767566021094,1.3130853076888478
BMSZ14,RCSZ09,1,0.08332652024124552,0.0,1.0833265202412454
BMSZ14,SRSZ02,1,0.03439426157382662,0.0,1.0343942615738266
BMSZ14,WCSZ01,1,0.1618180632556708,0.0,1.1618180632556707
BMSZ15,AMSZ03,1,0.10670261750233742,0.0,1.1067026175023373
BMSZ15,AMSZ12,1,0.059760267146335026,0.0,1.059760267146335
BMSZ15,BDSZ04,1,0.15514459218199464,0.0,1.1551445921819947
BMSZ15,BMSZ01,9,2.2594653967004388,0.1685501164866588,11.428015513187097
BMSZ15,BMSZ02,3,0.3044236861825848,0.39264103100868825,3.697064717191273
BMSZ15,BMSZ04,2,0.4768318527572469,0.10116692021821762,2.5779987729754645
BMSZ15,BMSZ05,2,0.30403385824403545,0.025970754227516983,2.3300046124715523
BMSZ15,BMSZ08,3,0.35296916204767015,0.07147915545977333,3.4244483175074434
BMSZ15,BMSZ13,3,0.17621728203350823,0.05240323778081853,3.228620519814327
BMSZ15,BMSZ15,3,0.4146942775935255,0.007138230792832667,3.421832508386358
BMSZ15,BTSZ07,1,0.057672978013645064,0.0,1.0576729780136451
BMSZ15,CHSZ03,1,0.27981656563386886,0.0,1.279816565633869
BMSZ15,CKSZ03,2,0.28596935413832414,0.0,2.285969354138324
BMSZ15,CKSZ06,1,0.14074943578027518,0.0,1.1407494357802752
BMSZ15,CLSZ02,1,0.11210647958763219,0.0,1.112106479587632
BMSZ15,DTSZ01,2,0.1598478241569261,0.0,2.159847824156926
BMSZ15,DTSZ05,1,0.1268132556877644,0.020670384423180442,1.1474836401109447
BMSZ15,DTSZ08,1,0.22476006908629587,0.05032901646416003,1.275089085550456
BMSZ15,GLSZ02,1,0.10122948014605507,0.0,1.1012294801460552
BMSZ15,GLSZ03,1,0.15670865690763486,0.0,1.1567086569076348
BMSZ15,JESZ10,1,0.0,0.0,1.0
BMSZ15,JWSZ04,1,0.24067300410817208,0.0,1.2406730041081722
BMSZ15,KLSZ05,1,0.0920522474942367,0.0,1.0920522474942367
BMSZ15,NVSZ01,1,0.30958631630119965,0.0,1.3095863163011996
BMSZ15,ORSZ02,1,0.13304196382479436,0.0,1.1330419638247944
BMSZ15,OTSZ03,2,0.32354901940563713,0.0747484694791719,2.398297488884809
BMSZ15,PLSZ04,1,0.018771895888709214,0.0,1.0187718958887093
BMSZ15,PRSZ08,1,0.08571946815304027,0.0,1.0857194681530402
BMSZ15,QTSZ05,2,0.556227627582963,0.017348497542238165,2.5735761251252014
BMSZ15,QTSZ09,2,0.0335240500401265,0.0,2.0335240500401266
BMSZ15,QTSZ14,2,0.2974630661221149,0.0061592649172512405,2.303622331039366
BMSZ15,RCSZ09,1,0.06284643233461022,0.0,1.0628464323346103
BMSZ15,SISZ01,1,0.12938117949013866,0.0,1.1293811794901387
BMSZ15,TMSZ02,1,0.27235734181363547,0.0,1.2723573418136356
BMSZ15,TNSZ02,1,0.06420353276629497,0.011400219550821008,1.0756037523171158
BMSZ15,WCSZ01,1,0.12468576314481362,0.0,1.1246857631448137
BMSZ16,BDSZ04,1,0.1534300110208316,0.0,1.1534300110208315
BMSZ16,BMSZ01,4,0.9687526842395594,0.2952566436314719,5.264009327871031
BMSZ16,BMSZ05,1,0.7014951970024579,0.2990291633213324,2.0005243603237903
BMSZ16,BMSZ07,1,0.14250748693080534,0.05595972526041098,1.1984672121912163
BMSZ16,BMSZ08,2,0.10326625610386088,0.193812213945978,2.297078470049839
BMSZ16,BMSZ11,1,0.14704352655622302,0.0667396047293384,1.2137831312855616
BMSZ16,BMSZ13,1,0.11324445472720004,0.03473095307974076,1.1479754078069409
BMSZ16,BMSZ16,2,0.29523577762556763,7.614259461858508,9.909495239484077
BMSZ16,BPSZ04,1,0.10349704944455275,0.0,1.1034970494445528
BMSZ16,CKSZ01,1,0.2615614213961726,0.0,1.2615614213961726
BMSZ16,CKSZ02,1,0.1262064952794964,0.0,1.1262064952794963
BMSZ16,DTSZ02,1,0.12099531002309495,0.051331373122158803,1.1723266831452537
BMSZ16,DTSZ03,2,0.5452231889475808,0.06574236673829018,2.610965555685871
BMSZ16,DTSZ05,1,0.12066563235281395,0.10567319743983422,1.226338829792648
BMSZ16,DTSZ11,3,0.09275359911974598,0.4401337453152815,3.5328873444350273
BMSZ16,GLSZ01,1,0.11204239998639241,0.0,1.1120423999863924
BMSZ16,HGSZ01,1,0.10167795429494904,0.0,1.101677954294949
BMSZ16,HGSZ02,1,0.11379714497806058,0.0,1.1137971449780606
BMSZ16,HGSZ05,1,0.20763186253038785,0.0,1.207631862530388
BMSZ16,JESZ05,1,0.1314160114799601,0.0,1.13141601147996
BMSZ16,JWSZ02,1,0.09377380779105692,0.0,1.0937738077910568
BMSZ16,JWSZ03,1,0.060215671247940375,0.0,1.0602156712479405
BMSZ16,JWSZ08,2,0.07821991111758822,0.0,2.0782199111175883
BMSZ16,JWSZ09,1,0.19827912706336795,0.0,1.198279127063368
BMSZ16,KLSZ01,2,0.10708052184186449,0.0,2.1070805218418647
BMSZ16,KLSZ02,1,0.02284183380541389,0.0,1.022841833805414
BMSZ16,KLSZ05,1,0.07488049602489609,0.0,1.074880496024896
BMSZ16,KLSZ08,1,0.1255744055668273,0.0,1.1255744055668273
BMSZ16,MPSZ03,1,0.13956956953007718,0.0,1.1395695695300772
BMSZ16,MUSZ01,1,0.05656240839221673,0.04823718266886726,1.104799591061084
BMSZ16,NVSZ02,1,0.16695060285771154,0.0,1.1669506028577115
BMSZ16,OTSZ03,1,0.24203223201139862,0.7291465036404309,1.9711787356518293
BMSZ16,PGSZ02,1,0.07160125731263024,0.0,1.0716012573126303
BMSZ16,PNSZ01,1,0.044114756062853436,0.0,1.0441147560628534
BMSZ16,QTSZ11,1,0.08766124397960526,0.0,1.0876612439796052
BMSZ16,SBSZ03,1,0.11294761186662357,0.0,1.1129476118666235
BMSZ16,SESZ04,3,0.09179228348573336,0.0,3.0917922834857334
BMSZ16,SESZ06,1,0.22090245772381562,0.0,1.2209024577238157
BMSZ16,SISZ01,1,0.10628963973828237,0.0,1.1062896397382824
BMSZ16,TMSZ04,1,0.13282514117023392,0.0,1.132825141170234
BMSZ16,TNSZ01,1,0.10344155736942504,0.0,1.103441557369425
BMSZ17,BDSZ04,2,0.20605823748282084,0.0,2.206058237482821
BMSZ17,BKSZ08,1,0.021143477173834187,0.0,1.0211434771738341
BMSZ17,BMSZ01,3,0.8428283086225258,2.4763001210251536,6.319128429647679
BMSZ17,BMSZ03,2,0.24037927194129224,2.541132851226772,4.7815121231680635
BMSZ17,BMSZ04,1,0.19094314496547904,0.9825989899412435,2.1735421349067225
BMSZ17,BMSZ07,1,0.1672483537554719,0.0,1.1672483537554719
BMSZ17,BMSZ12,1,0.17369913374913576,0.0,1.1736991337491358
BMSZ17,BPSZ03,1,0.10484390351690122,0.0,1.1048439035169013
BMSZ17,BTSZ07,1,0.09764577365701974,0.0,1.0976457736570198
BMSZ17,BTSZ08,1,0.05420927551220092,0.0,1.054209275512201
BMSZ17,CKSZ03,1,0.1538191652713868,0.0,1.1538191652713867
BMSZ17,CLSZ04,1,0.14607380175371085,0.0,1.1460738017537109
BMSZ17,CLSZ06,1,0.15512816716064895,0.0,1.155128167160649
BMSZ17,CLSZ07,1,0.11896469959678727,0.0,1.1189646995967872
BMSZ17,DTSZ03,1,0.15423353312381438,0.0,1.1542335331238145
BMSZ17,GLSZ02,1,0.11408410472555734,0.0,1.1140841047255574
BMSZ17,GLSZ03,1,0.1623275540062436,0.0,1.1623275540062437
BMSZ17,GLSZ04,1,0.15279692305754872,0.0,1.1527969230575488
BMSZ17,GLSZ05,2,0.28924195751136056,0.0,2.2892419575113605
BMSZ17,HGSZ05,1,0.2636081142200233,0.0,1.2636081142200233
BMSZ17,JESZ01,1,0.1324632999757889,0.0,1.1324632999757889
BMSZ17,JESZ02,1,0.05510922943049528,0.0,1.0551092294304953
BMSZ17,JESZ03,1,0.18304122327081698,0.0,1.183041223270817
BMSZ17,JESZ05,1,0.18635508052084696,0.0,1.186355080520847
BMSZ17,JWSZ03,1,0.09382613465958385,0.0,1.093826134659584
BMSZ17,JWSZ09,1,0.21800165277232944,0.0,1.2180016527723294
BMSZ17,NVSZ01,1,0.27799958899919336,0.0,1.2779995889991933
BMSZ17,NVSZ02,1,0.24701537807151605,0.0,1.247015378071516
BMSZ17,PGSZ03,3,0.05937691839221322,0.0,3.0593769183922133
BMSZ17,PGSZ04,3,0.09458680950474765,0.0,3.0945868095047477
BMSZ17,PGSZ05,3,0.13235763862633157,0.0,3.1323576386263317
BMSZ17,PRSZ02,1,0.1601684087223097,0.0,1.1601684087223096
BMSZ17,QTSZ02,1,0.06423853543664018,0.0,1.0642385354366402
BMSZ17,QTSZ14,2,0.5089486821661382,0.0,2.508948682166138
BMSZ17,SBSZ02,1,0.0,0.0,1.0
BMSZ17,SESZ03,6,0.5437804574690627,0.0,6.543780457469063
BMSZ17,SESZ04,1,0.2243213592058959,0.0,1.224321359205896
BMSZ17,SESZ05,1,0.10848377151081723,0.0,1.1084837715108171
BMSZ17,SESZ06,2,0.5108910834251722,0.0,2.510891083425172
BMSZ17,SGSZ01,1,0.09187577078131232,0.0,1.0918757707813123
BMSZ17,SGSZ04,1,0.267259559146765,0.0,1.267259559146765
BMSZ17,SGSZ06,3,0.18872857722137962,0.0,3.18872857722138
BMSZ17,SISZ01,1,0.06497435360974951,0.0,1.0649743536097496
BMSZ17,TMSZ03,1,0.21524987509862786,0.0,1.2152498750986278
BMSZ17,TPSZ02,1,0.11577130317377177,0.0,1.1157713031737717
BMSZ17,TPSZ06,1,0.1263887322222378,0.0,1.126388732222238
BMSZ17,TPSZ09,2,0.039648872286075464,0.0,2.0396488722860755
BMSZ17,WDSZ02,1,0.0,0.0,1.0
BMSZ17,WDSZ03,1,0.1296812778532968,0.0,1.1296812778532968
BMSZ17,YSSZ09,1,0.15017952564260775,0.0,1.1501795256426077
BPSZ01,AMSZ10,1,0.19146894174137474,0.0,1.1914689417413746
BPSZ01,BDSZ01,1,0.24577298097122938,0.0,1.2457729809712295
BPSZ01,BDSZ03,2,0.20338630413052086,0.0,2.203386304130521
BPSZ01,BDSZ06,1,0.23796900094758994,0.0,1.2379690009475899
BPSZ01,BKSZ05,1,0.6754515532766421,0.14555827373320768,1.8210098270098498
BPSZ01,BKSZ06,1,0.2506651806789427,0.0,1.2506651806789426
BPSZ01,BKSZ07,2,0.837782527085693,0.0,2.837782527085693
BPSZ01,BMSZ07,1,0.26030986517258226,0.0,1.2603098651725824
BPSZ01,BMSZ11,1,0.10944196216402181,0.0,1.109441962164022
BPSZ01,BMSZ12,1,0.20499332491654024,0.0,1.2049933249165403
BPSZ01,BPSZ01,8,0.30626512745092843,6.714628037136421,15.02089316458735
BPSZ01,BPSZ02,2,1.9288628137574668,0.00056338973523146,3.929426203492698
BPSZ01,BPSZ03,3,1.4908642606990197,1.23321320038924,5.72407746108826
BPSZ01,BPSZ04,4,0.6742323481942954,1.116927440304243,5.791159788498539
BPSZ01,BPSZ05,8,2.5111186575863917,3.2486873555022817,13.759806013088674
BPSZ01,BPSZ06,1,0.44753277579321316,0.0,1.447532775793213
BPSZ01,BTSZ01,2,0.3927831233461703,0.0,2.3927831233461703
BPSZ01,CHSZ03,2,1.285562487557859,0.0,3.285562487557859
BPSZ01,CKSZ01,1,0.8813103708584488,0.712608624865019,2.5939189957234676
BPSZ01,CKSZ03,1,0.6189468000251017,0.5174244417613137,2.1363712417864154
BPSZ01,CKSZ06,1,0.8557463485959225,0.3104902235173924,2.166236572113315
BPSZ01,DTSZ03,2,0.28907292281175706,0.0,2.2890729228117572
BPSZ01,DTSZ05,3,0.23659436509024068,0.0,3.236594365090241
BPSZ01,DTSZ08,3,0.13673038731937448,0.0,3.1367303873193744
BPSZ01,DTSZ09,1,0.12267766754127298,0.0,1.122677667541273
BPSZ01,DTSZ11,1,0.29191046977736634,0.0,1.2919104697773665
BPSZ01,DTSZ12,2,0.2395145470375309,0.0,2.239514547037531
BPSZ01,GLSZ03,1,0.2503907369947883,0.0,1.2503907369947882
BPSZ01,JESZ02,1,0.2394709966528358,0.0,1.2394709966528359
BPSZ01,JESZ03,1,0.30926599167672914,0.0,1.309265991676729
BPSZ01,JESZ04,1,0.07830689757012303,0.0,1.078306897570123
BPSZ01,JESZ05,3,0.3692363545666013,0.0,3.3692363545666013
BPSZ01,JWSZ09,1,0.49268708777413306,0.0,1.492687087774133
BPSZ01,KLSZ08,1,0.3188917354831151,0.0,1.3188917354831151
BPSZ01,MPSZ02,1,0.2260085023519608,0.0,1.2260085023519607
BPSZ01,MUSZ02,1,0.0,0.0,1.0
BPSZ01,MUSZ03,1,0.03618975431261288,0.0,1.0361897543126128
BPSZ01,NTSZ03,1,0.042643222815047906,0.0,1.042643222815048
BPSZ01,NVSZ02,2,0.5469560732123395,0.0,2.5469560732123395
BPSZ01,ORSZ01,1,0.030028822541678886,0.0,1.030028822541679
BPSZ01,ORSZ02,2,0.3426537356541175,0.0,2.3426537356541175
BPSZ01,OTSZ01,1,0.029307580021989327,0.0,1.0293075800219893
BPSZ01,OTSZ03,3,0.36369912124804504,0.0,3.363699121248045
BPSZ01,OTSZ04,1,0.07437519559799641,0.0,1.0743751955979963
BPSZ01,QTSZ08,3,0.4940164707387177,0.0,3.4940164707387176
BPSZ01,QTSZ11,3,0.4764535298034132,0.0,3.4764535298034134
BPSZ01,QTSZ12,2,0.19352557953682098,0.0,2.193525579536821
BPSZ01,RCSZ10,2,0.18320110342621862,0.0,2.1832011034262186
BPSZ01,SGSZ02,1,0.10835477237192068,0.0,1.1083547723719207
BPSZ01,SGSZ03,1,0.22494398044046865,0.0,1.2249439804404687
BPSZ01,SRSZ02,2,0.10669664256447665,0.0,2.1066966425644766
BPSZ01,TMSZ05,1,0.28194619923345976,0.0,1.2819461992334598
BPSZ01,TNSZ04,1,0.14298582436951976,0.0,1.1429858243695197
BPSZ01,TSSZ05,1,0.42988854792629305,0.0,1.429888547926293
BPSZ01,WCSZ01,1,0.38443638925571155,0.0,1.3844363892557117
BPSZ01,WDSZ01,1,0.09961897835978831,0.0,1.0996189783597883
BPSZ01,WDSZ02,1,0.4238851302636087,0.0,1.4238851302636086
BPSZ01,WDSZ06,2,0.4218026018899598,0.0,2.4218026018899597
BPSZ01,YSSZ09,1,0.35116532680582585,0.0,1.351165326805826
BPSZ02,AMSZ05,1,0.20578257769353353,0.0,1.2057825776935336
BPSZ02,BKSZ09,1,0.1823462245307127,0.0,1.1823462245307126
BPSZ02,BMSZ02,1,0.11722932125812904,0.0,1.117229321258129
BPSZ02,BMSZ05,1,0.12827679038744808,0.0,1.128276790387448
BPSZ02,BMSZ12,1,0.1632370891651833,0.0,1.1632370891651833
BPSZ02,BPSZ01,3,0.8291941972966341,0.6748895489098158,4.50408374620645
BPSZ02,BPSZ02,2,1.360705653741302,16.919323406420173,20.280029060161475
BPSZ02,BPSZ03,2,1.2855964935844173,1.4170211083255047,4.702617601909922
BPSZ02,BPSZ04,5,0.7809221917564475,0.8098940551178271,6.590816246874274
BPSZ02,BPSZ05,4,1.8296095253588425,1.5397858355621876,7.36939536092103
BPSZ02,BPSZ06,1,0.18748331656539108,0.0,1.187483316565391
BPSZ02,BPSZ07,1,0.03941764405988809,0.0,1.0394176440598881
BPSZ02,BTSZ01,5,0.45766528825566466,0.0,5.457665288255665
BPSZ02,BTSZ02,1,0.17159616329245173,0.0,1.1715961632924516
BPSZ02,BTSZ03,1,0.08750866943637187,0.0,1.0875086694363718
BPSZ02,BTSZ06,1,0.07775452653898247,0.0,1.0777545265389825
BPSZ02,BTSZ07,1,0.06721399562763802,0.0,1.067213995627638
BPSZ02,CCSZ01,1,0.09053136273831731,0.0,1.0905313627383173
BPSZ02,CKSZ01,1,0.753200642821441,0.3674362848601078,2.1206369276815487
BPSZ02,CKSZ03,3,0.7346930404985168,0.49615836629458643,4.230851406793103
BPSZ02,CKSZ05,2,0.5543605297319327,0.22461659287487093,2.778977122606804
BPSZ02,CKSZ06,2,0.4643433689769643,0.5510410386586662,3.0153844076356306
BPSZ02,CLSZ07,1,0.13293608210745717,0.0,1.1329360821074572
BPSZ02,DTSZ01,1,0.1819189463896775,0.0,1.1819189463896775
BPSZ02,DTSZ02,1,0.1440266939478488,0.0,1.1440266939478487
BPSZ02,DTSZ03,2,0.24031350165268545,0.0,2.2403135016526856
BPSZ02,DTSZ05,4,0.2364514054656221,0.0,4.236451405465622
BPSZ02,DTSZ08,1,0.1459972979673801,0.0,1.14599729796738
BPSZ02,DTSZ11,2,0.15505012520986466,0.0,2.155050125209865
BPSZ02,GLSZ01,1,0.20296714138309963,0.0,1.2029671413830996
BPSZ02,GLSZ03,1,0.15568377146701798,0.0,1.155683771467018
BPSZ02,HGSZ07,1,0.20762888324818818,0.0,1.207628883248188
BPSZ02,JESZ01,1,0.13320663858514178,0.0,1.1332066385851418
BPSZ02,JESZ05,1,0.3702912827771699,0.0,1.3702912827771698
BPSZ02,JESZ07,1,0.016205847982767956,0.0,1.016205847982768
BPSZ02,JESZ09,1,0.22805917503078563,0.0,1.2280591750307857
BPSZ02,JWSZ02,1,0.11173885085980742,0.0,1.1117388508598074
BPSZ02,KLSZ08,2,0.22760264915082937,0.0,2.227602649150829
BPSZ02,MPSZ03,1,0.13909746794504607,0.0,1.139097467945046
BPSZ02,NTSZ03,2,0.05888890820680908,0.0,2.058888908206809
BPSZ02,NVSZ01,1,0.2245640642537842,0.0,1.2245640642537843
BPSZ02,NVSZ02,1,0.2976639576638913,0.0,1.2976639576638913
BPSZ02,ORSZ02,2,0.3104015014563725,0.0,2.3104015014563726
BPSZ02,ORSZ03,1,0.16736884082336556,0.0,1.1673688408233656
BPSZ02,PNSZ05,1,0.04075168543005073,0.0,1.0407516854300507
BPSZ02,QTSZ02,1,0.06028105570408006,0.0,1.06028105570408
BPSZ02,QTSZ05,1,0.19486378996438972,0.0,1.1948637899643897
BPSZ02,QTSZ08,1,0.1999438624773021,0.0,1.199943862477302
BPSZ02,QTSZ12,2,0.12552810888849045,0.0,2.1255281088884903
BPSZ02,QTSZ13,1,0.1238381875305168,0.0,1.1238381875305168
BPSZ02,RCSZ09,1,0.061408433148491585,0.0,1.0614084331484916
BPSZ02,RCSZ10,1,0.08386737040531525,0.0,1.0838673704053152
BPSZ02,SGSZ03,1,0.12795114398672516,0.0,1.1279511439867251
BPSZ02,SGSZ04,1,0.28607452374200193,0.0,1.286074523742002
BPSZ02,SLSZ04,1,0.0,0.0,1.0
BPSZ02,TMSZ03,1,0.15819093527229788,0.0,1.1581909352722979
BPSZ02,TMSZ05,1,0.21430064867988025,0.0,1.2143006486798802
BPSZ02,TNSZ04,1,0.08383582660450616,0.0,1.083835826604506
BPSZ02,TPSZ01,1,0.04825120973329438,0.0,1.0482512097332943
BPSZ02,WDSZ02,1,0.18409059559429325,0.0,1.1840905955942933
BPSZ02,YSSZ01,1,0.14508043333666967,0.0,1.1450804333366698
BPSZ02,YSSZ09,1,0.20501054260186446,0.0,1.2050105426018645
BPSZ03,AMSZ01,2,0.23326210300672656,0.0,2.2332621030067266
BPSZ03,BDSZ06,1,0.11356543197105982,0.0,1.1135654319710597
BPSZ03,BKSZ02,1,0.19471534262653079,0.0,1.1947153426265307
BPSZ03,BKSZ05,1,0.3756092122827092,0.22923519333191789,1.6048444056146272
BPSZ03,BLSZ02,1,0.03692137041241384,0.0,1.0369213704124138
BPSZ03,BMSZ01,2,0.2919243898524309,0.0,2.291924389852431
BPSZ03,BMSZ02,2,0.1851941280165336,0.0,2.1851941280165335
BPSZ03,BMSZ07,1,0.2105942123434791,0.0,1.2105942123434792
BPSZ03,BMSZ17,1,0.12505357346332618,0.0,1.1250535734633262
BPSZ03,BPSZ01,5,0.038670988476271366,3.5063331524229837,8.545004140899255
BPSZ03,BPSZ02,1,1.018224537975804,0.3927782562843653,2.411002794260169
BPSZ03,BPSZ03,8,0.9817828584918044,30.7512068508065,39.73298970929831
BPSZ03,BPSZ04,5,1.311906551611494,2.84343219474753,9.155338746359025
BPSZ03,BPSZ05,7,2.9750785392163994,2.7648114894632556,12.739890028679655
BPSZ03,BSSZ03,1,0.1953258390245618,0.0,1.1953258390245618
BPSZ03,CKSZ02,2,0.7397412549546352,0.3015439596548666,3.041285214609502
BPSZ03,CKSZ03,1,0.32632654731821065,0.2109549144573251,1.5372814617755357
BPSZ03,CKSZ04,2,0.48074831750957586,0.0,2.4807483175095757
BPSZ03,CLSZ06,1,0.15240986095243325,0.0,1.1524098609524334
BPSZ03,DTSZ01,2,0.2689936876902954,0.0,2.2689936876902954
BPSZ03,DTSZ03,3,0.2341406826330477,0.0,3.234140682633048
BPSZ03,DTSZ05,3,0.20461600205818947,0.0,3.2046160020581893
BPSZ03,DTSZ08,2,0.17773895017238386,0.0,2.177738950172384
BPSZ03,DTSZ11,2,0.1896111642845494,0.0,2.1896111642845493
BPSZ03,DTSZ12,1,0.10280220764575092,0.0,1.1028022076457509
BPSZ03,GLSZ05,1,0.19291130302965723,0.0,1.1929113030296572
BPSZ03,JESZ03,1,0.24150734512802433,0.0,1.2415073451280243
BPSZ03,JESZ05,2,0.6073858820535089,0.0,2.6073858820535087
BPSZ03,JWSZ09,1,0.3764849738775028,0.0,1.3764849738775027
BPSZ03,KLSZ02,1,0.030463569806685804,0.0,1.0304635698066857
BPSZ03,KLSZ07,1,0.19133446356187414,0.0,1.1913344635618741
BPSZ03,MDSZ02,1,0.061478223356902624,0.0,1.0614782233569027
BPSZ03,MUSZ01,1,0.0899384750107481,0.0,1.0899384750107481
BPSZ03,MUSZ03,1,0.037335461476755906,0.0,1.0373354614767558
BPSZ03,NVSZ02,2,0.6019136503065208,0.0,2.6019136503065208
BPSZ03,ORSZ02,4,0.4365034497745936,0.0,4.436503449774594
BPSZ03,ORSZ03,4,0.20626848320861446,0.0,4.206268483208614
BPSZ03,PNSZ03,1,0.0,0.0,1.0
BPSZ03,PNSZ05,1,0.04475997697624005,0.0,1.0447599769762401
BPSZ03,QTSZ01,1,0.11732681022041408,0.0,1.1173268102204141
BPSZ03,QTSZ05,2,0.26575987048042543,0.0,2.2657598704804256
BPSZ03,QTSZ08,2,0.5418008008462665,0.0,2.5418008008462665
BPSZ03,QTSZ10,2,0.1515268975845767,0.0,2.1515268975845765
BPSZ03,QTSZ11,1,0.16230376612581426,0.0,1.1623037661258142
BPSZ03,QTSZ12,1,0.07589585324597674,0.0,1.0758958532459768
BPSZ03,RVSZ03,1,0.0,0.0,1.0
BPSZ03,TNSZ01,1,0.1080655172106505,0.0,1.1080655172106506
BPSZ03,TSSZ02,1,0.14850227206894703,0.0,1.148502272068947
BPSZ03,TSSZ05,1,0.338801612382166,0.0,1.338801612382166
BPSZ03,WCSZ01,4,0.37542192283998665,0.0,4.375421922839987
BPSZ03,WDSZ02,1,0.2077832594530914,0.0,1.2077832594530915
BPSZ03,WDSZ09,1,0.07734149229836036,0.0,1.0773414922983604
BPSZ03,YSSZ01,1,0.1462269136756432,0.0,1.146226913675643
BPSZ04,AMSZ05,1,0.35477289557343955,0.0,1.3547728955734395
BPSZ04,BKSZ01,1,0.33142281472342355,0.11345232290217151,1.444875137625595
BPSZ04,BKSZ04,2,0.4138860513875271,0.0,2.413886051387527
BPSZ04,BKSZ05,1,0.6929218447094089,0.12367415238898655,1.8165959970983954
BPSZ04,BLSZ02,1,0.052070509889725274,0.0,1.0520705098897252
BPSZ04,BMSZ01,3,0.3694801571607066,0.0,3.3694801571607065
BPSZ04,BMSZ04,1,0.08771292093896747,0.0,1.0877129209389675
BPSZ04,BMSZ06,2,0.437779372918762,0.0,2.437779372918762
BPSZ04,BMSZ07,1,0.2923643956406203,0.0,1.2923643956406203
BPSZ04,BMSZ16,1,0.024505101718024055,0.0,1.024505101718024
BPSZ04,BPSZ01,2,0.8475505348397042,0.4867135874306598,3.3342641222703637
BPSZ04,BPSZ02,4,0.3411414441983572,0.026347574510172087,4.36748901870853
BPSZ04,BPSZ03,4,2.2628775337581413,1.5727661146097156,7.835643648367856
BPSZ04,BPSZ04,1,0.6995061481593499,8.360948633384103,10.060454781543452
BPSZ04,BPSZ05,5,2.405040982829375,1.457292126303731,8.862333109133106
BPSZ04,BPSZ07,1,0.12201576211129743,0.0,1.1220157621112974
BPSZ04,BSSZ01,1,0.4490424027574762,0.0,1.4490424027574762
BPSZ04,BSSZ03,1,0.2650742805439068,0.0,1.2650742805439068
BPSZ04,BTSZ01,2,0.4777775569921006,0.0,2.4777775569921006
BPSZ04,BTSZ03,1,0.1083861964717437,0.0,1.1083861964717436
BPSZ04,CKSZ01,3,0.8054196707609413,0.2710899917333691,4.076509662494311
BPSZ04,CKSZ02,1,0.5559498505443312,0.02877561551078509,1.5847254660551162
BPSZ04,CKSZ03,8,0.6381971337039232,0.559033618255583,9.197230751959506
BPSZ04,CKSZ06,1,0.7209609713885416,0.0,1.7209609713885416
BPSZ04,DTSZ02,1,0.17139116505229499,0.0,1.171391165052295
BPSZ04,DTSZ08,4,0.14026894521051403,0.0,4.140268945210514
BPSZ04,DTSZ09,1,0.10962714971747682,0.0,1.1096271497174768
BPSZ04,DTSZ11,3,0.18538013557619573,0.0,3.185380135576196
BPSZ04,GLSZ03,2,0.26602812134140674,0.0,2.2660281213414066
BPSZ04,HGSZ07,1,0.22920497130889325,0.0,1.2292049713088933
BPSZ04,JESZ05,3,0.4216765147459301,0.0,3.42167651474593
BPSZ04,JESZ06,1,0.060137904772221466,0.0,1.0601379047722215
BPSZ04,JWSZ06,1,0.09515159169556765,0.0,1.0951515916955676
BPSZ04,JWSZ08,2,0.6082086785081543,0.0,2.6082086785081544
BPSZ04,JWSZ09,1,0.43829511704073737,0.0,1.4382951170407374
BPSZ04,KLSZ08,1,0.25654015438597033,0.0,1.2565401543859704
BPSZ04,MUSZ01,1,0.12725254108636963,0.0,1.1272525410863696
BPSZ04,NVSZ01,1,0.4523067384776506,0.0,1.4523067384776507
BPSZ04,NVSZ02,1,0.3459793724680409,0.0,1.345979372468041
BPSZ04,NVSZ03,2,0.1767257977909898,0.0,2.17672579779099
BPSZ04,NVSZ05,1,0.0,0.0,1.0
BPSZ04,ORSZ01,1,0.025979635138580634,0.0,1.0259796351385806
BPSZ04,ORSZ02,4,0.4126546461890594,0.0,4.4126546461890594
BPSZ04,OTSZ03,3,0.30732424227013583,0.0,3.307324242270136
BPSZ04,PNSZ02,2,0.0,0.0,2.0
BPSZ04,QTSZ06,1,0.0987162379232272,0.0,1.0987162379232271
BPSZ04,QTSZ08,1,0.21921783991263857,0.0,1.2192178399126385
BPSZ04,QTSZ10,1,0.1609915746992629,0.0,1.160991574699263
BPSZ04,QTSZ11,2,0.35377248581574516,0.0,2.353772485815745
BPSZ04,QTSZ14,1,0.20407973948320468,0.0,1.2040797394832046
BPSZ04,RCSZ10,1,0.09617747319503545,0.0,1.0961774731950356
BPSZ04,SESZ03,1,0.3288142868433677,0.0,1.3288142868433677
BPSZ04,SESZ04,1,0.28721369205749653,0.0,1.2872136920574966
BPSZ04,SGSZ04,1,0.35477125430007767,0.0,1.3547712543000776
BPSZ04,SVSZ01,1,0.22357835976067897,0.0,1.2235783597606789
BPSZ04,TMSZ02,1,0.18691120483800577,0.0,1.1869112048380057
BPSZ04,TMSZ04,2,0.07500463584465193,0.0,2.075004635844652
BPSZ04,TNSZ01,1,0.202460370274479,0.0,1.202460370274479
BPSZ04,TNSZ03,1,0.011524658825332566,0.0,1.0115246588253326
BPSZ04,TNSZ04,1,0.12698361575338502,0.0,1.126983615753385
BPSZ04,TPSZ06,1,0.204469140725534,0.0,1.204469140725534
BPSZ04,TPSZ09,1,0.10298980644414547,0.0,1.1029898064441455
BPSZ04,TSSZ05,2,0.26949630961746945,0.0,2.2694963096174696
BPSZ04,WDSZ01,1,0.08901021736916588,0.0,1.0890102173691658
BPSZ04,WDSZ02,2,0.32046733286147594,0.0,2.320467332861476
BPSZ04,WDSZ03,1,0.28931123574808154,0.0,1.2893112357480816
BPSZ04,WDSZ05,2,0.6675880391183318,0.0,2.667588039118332
BPSZ04,WDSZ06,1,0.26929144042685055,0.0,1.2692914404268505
BPSZ04,YSSZ09,1,0.271169091654647,0.0,1.271169091654647
BPSZ05,AMSZ01,1,0.4580712015153804,0.0,1.4580712015153803
BPSZ05,BDSZ02,1,0.3928203408623559,0.0,1.3928203408623558
BPSZ05,BKSZ01,4,0.9739133652016199,0.6589153239010419,5.632828689102661
BPSZ05,BKSZ02,2,0.7510856289585998,0.6612020816447776,3.412287710603377
BPSZ05,BKSZ05,6,3.8216349174482414,2.1110092666986784,11.93264418414692
BPSZ05,BKSZ07,1,0.606491475941058,0.0,1.606491475941058
BPSZ05,BKSZ09,1,0.5191854097753085,0.0,1.5191854097753086
BPSZ05,BLSZ01,1,0.17176351499959783,0.0,1.1717635149995977
BPSZ05,BMSZ01,1,0.3553581360289008,0.0,1.3553581360289009
BPSZ05,BMSZ05,4,0.5176212732075741,0.0,4.517621273207574
BPSZ05,BMSZ06,1,0.3545629549730326,0.0,1.3545629549730327
BPSZ05,BMSZ09,1,0.023734545058757748,0.0,1.0237345450587578
BPSZ05,BMSZ12,2,0.6156757689349106,0.0,2.615675768934911
BPSZ05,BMSZ13,1,0.32853268843838934,0.0,1.3285326884383895
BPSZ05,BPSZ01,5,0.7665890725214872,2.45121097687346,8.217800049394947
BPSZ05,BPSZ02,4,0.7926306064285096,1.0804603338348397,5.873090940263349
BPSZ05,BPSZ03,7,4.543183548589758,4.482255853339203,16.02543940192896
BPSZ05,BPSZ04,7,2.373438769806527,4.664273958857797,14.037712728664324
BPSZ05,BPSZ05,6,3.0397780569241952,46.22187731325546,55.26165537017965
BPSZ05,BPSZ06,1,1.2162938994629058,0.0,2.216293899462906
BPSZ05,BPSZ07,2,0.3802557532300443,0.0,2.380255753230044
BPSZ05,BSSZ02,1,0.4373966611840546,0.0,1.4373966611840547
BPSZ05,BTSZ01,6,1.4765183878959771,0.0,7.476518387895977
BPSZ05,BTSZ03,1,0.22238272106830337,0.0,1.2223827210683034
BPSZ05,BTSZ05,1,0.16162827191613244,0.0,1.1616282719161324
BPSZ05,CHSZ03,1,0.9769239983874557,0.0,1.9769239983874556
BPSZ05,CKSZ01,1,1.0856784574869889,0.8975424760995464,2.9832209335865354
BPSZ05,CKSZ02,5,3.8846328773211822,0.9072250939812819,9.791857971302464
BPSZ05,CKSZ03,9,1.4637128787954912,1.626288749374849,12.09000162817034
BPSZ05,CKSZ04,1,0.5548994750768869,0.08512055644381826,1.6400200315207052
BPSZ05,CKSZ05,7,1.3802567561341295,0.9129503070437003,9.29320706317783
BPSZ05,CKSZ06,4,0.4623758878645343,0.24015010389778116,4.7025259917623154
BPSZ05,CLSZ01,2,0.34282094417963815,0.0,2.342820944179638
BPSZ05,CLSZ03,1,0.49364919523360107,0.0,1.493649195233601
BPSZ05,CLSZ05,1,0.35492237319204417,0.0,1.3549223731920441
BPSZ05,CLSZ09,1,0.09078137454005665,0.0,1.0907813745400567
BPSZ05,DTSZ01,2,0.42674785260051235,0.0,2.426747852600512
BPSZ05,DTSZ02,2,0.5393271723824813,0.0,2.5393271723824813
BPSZ05,DTSZ03,5,0.6385486478972199,0.0,5.6385486478972195
BPSZ05,DTSZ05,4,0.7041681678053799,0.0,4.7041681678053795
BPSZ05,DTSZ08,3,0.41848692147203903,0.0,3.418486921472039
BPSZ05,DTSZ11,6,0.28745735443778936,0.0,6.287457354437789
BPSZ05,GLSZ05,2,0.694923484444921,0.0,2.694923484444921
BPSZ05,HGSZ07,1,0.33085688369891336,0.0,1.3308568836989134
BPSZ05,HGSZ08,1,0.3132016568628702,0.0,1.3132016568628702
BPSZ05,JESZ01,1,0.43766481254400985,0.0,1.43766481254401
BPSZ05,JESZ05,4,0.9746150313905024,0.0,4.974615031390503
BPSZ05,JESZ06,2,0.2066137381439536,0.0,2.2066137381439535
BPSZ05,JWSZ08,2,1.1764912229192923,0.0,3.1764912229192923
BPSZ05,JWSZ09,2,1.122743256146066,0.0,3.122743256146066
BPSZ05,KLSZ01,1,0.5224279544215031,0.0,1.5224279544215031
BPSZ05,KLSZ08,2,0.5101458778674963,0.0,2.5101458778674965
BPSZ05,KLSZ09,1,0.05307586327297376,0.0,1.0530758632729738
BPSZ05,MUSZ01,1,0.22343925333025452,0.0,1.2234392533302545
BPSZ05,MUSZ03,1,0.0672122326595597,0.0,1.0672122326595597
BPSZ05,NTSZ03,1,0.12105934350734006,0.0,1.1210593435073402
BPSZ05,NTSZ05,1,0.0,0.0,1.0
BPSZ05,NVSZ02,2,1.020789862548658,0.0,3.020789862548658
BPSZ05,ORSZ02,5,1.1043261392881456,0.0,6.104326139288146
BPSZ05,ORSZ03,4,0.5903108731850165,0.0,4.590310873185016
BPSZ05,OTSZ01,1,0.03997446794649038,0.0,1.0399744679464904
BPSZ05,OTSZ03,8,0.6646482464438664,0.0,8.664648246443866
BPSZ05,OTSZ04,1,0.08663388762432338,0.0,1.0866338876243233
BPSZ05,PGSZ04,1,0.5908914868482305,0.0,1.5908914868482305
BPSZ05,PLSZ04,1,0.07551393123314389,0.0,1.0755139312331439
BPSZ05,PNSZ01,1,0.11684319147038595,0.0,1.116843191470386
BPSZ05,QTSZ05,1,0.39219281444423276,0.0,1.3921928144442328
BPSZ05,QTSZ08,3,1.0788612646296412,0.0,4.078861264629641
BPSZ05,QTSZ09,1,0.06322180783526307,0.0,1.063221807835263
BPSZ05,QTSZ10,1,0.4087224445880519,0.0,1.408722444588052
BPSZ05,QTSZ11,4,1.213468782177436,0.0,5.213468782177436
BPSZ05,QTSZ12,3,0.5177604204832738,0.0,3.517760420483274
BPSZ05,QTSZ13,1,0.37033765770692467,0.0,1.3703376577069246
BPSZ05,QTSZ14,2,0.6988410939591821,0.0,2.698841093959182
BPSZ05,QTSZ15,1,0.19074710083572016,0.0,1.1907471008357202
BPSZ05,RCSZ01,1,0.12473346526081013,0.0,1.12473346526081
BPSZ05,RCSZ09,1,0.10361674051925954,0.0,1.1036167405192596
BPSZ05,SGSZ03,1,0.3001575153086872,0.0,1.3001575153086873
BPSZ05,SRSZ02,1,0.0766786496823928,0.0,1.0766786496823928
BPSZ05,TMSZ02,1,0.33242619876011525,0.0,1.3324261987601154
BPSZ05,TMSZ04,1,0.26046779871069525,0.0,1.2604677987106951
BPSZ05,TNSZ01,2,0.5553218917157248,0.0,2.5553218917157245
BPSZ05,TNSZ04,3,0.3839233934041446,0.0,3.3839233934041446
BPSZ05,TPSZ10,1,0.1918682424295029,0.0,1.1918682424295028
BPSZ05,TPSZ12,1,0.2323506579022514,0.0,1.2323506579022514
BPSZ05,TSSZ04,1,0.2596153070162123,0.0,1.2596153070162124
BPSZ05,TSSZ05,2,0.8344435132528016,0.0,2.8344435132528014
BPSZ05,WDSZ01,2,0.15710534030964013,0.0,2.15710534030964
BPSZ05,WDSZ02,1,0.6012255713358894,0.0,1.6012255713358894
BPSZ05,WDSZ05,1,0.524453547290153,0.0,1.524453547290153
BPSZ05,WDSZ09,1,0.16760733672273964,0.0,1.1676073367227398
BPSZ05,YSSZ09,1,0.5095114407092504,0.0,1.5095114407092503
BPSZ06,BPSZ01,1,0.6985071973756478,0.0,1.6985071973756478
BPSZ06,BPSZ03,1,0.5700233397116924,0.0,1.5700233397116925
BPSZ06,BPSZ05,1,0.505390445143358,0.0,1.505390445143358
BPSZ06,BSSZ01,1,0.5145400742650401,0.0,1.5145400742650401
BPSZ06,BTSZ01,1,0.4374617141515574,0.0,1.4374617141515573
BPSZ06,CKSZ01,1,0.9431577050985118,0.0,1.9431577050985118
BPSZ06,CKSZ02,1,0.42739669426077503,0.0,1.427396694260775
BPSZ06,DTSZ05,1,0.12940281025937775,0.0,1.1294028102593778
BPSZ06,DTSZ11,2,0.20817987928469345,0.0,2.2081798792846934
BPSZ06,KLSZ06,1,0.30375572226592085,0.0,1.3037557222659208
BPSZ06,OTSZ03,1,0.23067529592586783,0.0,1.2306752959258678
BPSZ06,QTSZ05,1,0.3050753403180824,0.0,1.3050753403180824
BPSZ06,TPSZ03,1,0.13097477335312616,0.0,1.1309747733531261
BPSZ06,WCSZ01,2,0.4613905513251173,0.0,2.4613905513251173
BPSZ06,WDSZ01,1,0.13406845725808977,0.0,1.1340684572580897
BPSZ07,BKSZ07,1,0.3596333089423598,0.36471531110168043,1.72434862004404
BPSZ07,BKSZ09,1,0.3313432300273384,0.08161590204755113,1.4129591320748895
BPSZ07,BPSZ04,1,0.3746548859722056,0.24729150190917806,1.6219463878813838
BPSZ07,BPSZ05,2,0.6142948192206563,0.8985529303286595,3.512847749549316
BPSZ07,BPSZ07,1,0.5421671682706173,0.0,1.5421671682706173
BPSZ07,BSSZ02,1,0.21199681925943892,0.0,1.211996819259439
BPSZ07,BTSZ01,1,0.7956745766461645,0.40783851811835503,2.20351309476452
BPSZ07,CHSZ03,1,0.3786084824592587,0.0,1.3786084824592586
BPSZ07,CLSZ06,1,0.23399663211799773,0.0,1.2339966321179978
BPSZ07,JWSZ02,1,0.1717005435976837,0.0,1.1717005435976837
BPSZ07,NTSZ03,1,0.04068120599763426,0.0,1.0406812059976343
BPSZ07,QTSZ08,1,0.2894458589802387,0.0,1.2894458589802387
BPSZ07,RCSZ10,1,0.11422371237921093,0.0,1.114223712379211
BPSZ07,SBSZ05,1,0.013757228266688888,0.0,1.013757228266689
BPSZ07,SGSZ06,1,0.23912528338397793,0.0,1.2391252833839779
BPSZ07,TPSZ02,1,0.20929618717283888,0.0,1.209296187172839
BPSZ07,WDSZ01,1,0.07940005730289576,0.0,1.0794000573028957
BSSZ01,AMSZ01,13,4.602916263554113,0.8414149702313783,18.444331233785494
BSSZ01,AMSZ02,4,0.26308981624942424,0.7829761039412063,5.046065920190631
BSSZ01,AMSZ03,2,1.2730220638597438,0.2361973202873007,3.5092193841470447
BSSZ01,AMSZ04,5,0.48744050777332704,0.07958093328972791,5.567021441063055
BSSZ01,AMSZ05,1,1.8364612452702513,0.21380841342894788,3.050269658699199
BSSZ01,AMSZ06,4,0.7386804887452534,0.28471713959949085,5.023397628344744
BSSZ01,AMSZ08,1,0.449082514742907,0.05477110446400637,1.5038536192069134
BSSZ01,AMSZ09,1,1.1875829309025272,0.02049430744005471,2.208077238342582
BSSZ01,BDSZ01,2,1.0543689878878495,0.0,3.0543689878878495
BSSZ01,BDSZ04,3,0.9673893814125976,0.0,3.9673893814125973
BSSZ01,BDSZ05,1,0.7765478972445211,0.0,1.7765478972445212
BSSZ01,BDSZ06,1,0.9818672572335438,0.0,1.9818672572335438
BSSZ01,BKSZ06,1,0.15133848683655454,0.0,1.1513384868365546
BSSZ01,BKSZ07,1,0.7677404585162904,0.0,1.7677404585162904
BSSZ01,BMSZ01,4,1.1156399723728279,0.0,5.115639972372827
BSSZ01,BMSZ04,1,0.5057688910676487,0.0,1.5057688910676488
BSSZ01,BMSZ06,2,0.9855596608187455,0.0,2.9855596608187454
BSSZ01,BMSZ07,3,2.844649669284998,0.0,5.844649669284998
BSSZ01,BMSZ08,1,0.6273956860497601,0.0,1.62739568604976
BSSZ01,BMSZ11,1,0.07847969277511206,0.0,1.0784796927751121
BSSZ01,BMSZ17,1,0.26525364506092025,0.0,1.2652536450609202
BSSZ01,BPSZ04,1,0.4417644204979064,0.0,1.4417644204979063
BSSZ01,BSSZ01,10,38.5782563012027,43.48066646862036,92.05892276982306
BSSZ01,BSSZ02,2,2.842143956079499,0.2706992609973342,5.112843217076834
BSSZ01,BSSZ03,12,4.128355406836056,2.006671979615688,18.135027386451746
BSSZ01,BTSZ01,4,1.7500996234206248,0.0,5.750099623420625
BSSZ01,BTSZ03,2,0.5550485600426829,0.0,2.5550485600426827
BSSZ01,CKSZ01,1,0.4619193199964831,0.0,1.461919319996483
BSSZ01,CKSZ02,1,0.6339070531508859,0.0,1.633907053150886
BSSZ01,CKSZ03,1,0.6696165059759431,0.0,1.6696165059759431
BSSZ01,CKSZ04,1,0.4976440038960652,0.0,1.4976440038960652
BSSZ01,CKSZ06,2,0.502748216126734,0.0,2.502748216126734
BSSZ01,CLSZ07,1,0.28746438401077784,0.0,1.2874643840107778
BSSZ01,DTSZ01,1,1.2966589013555192,0.0,2.296658901355519
BSSZ01,DTSZ02,3,1.2286214654366656,0.0,4.228621465436666
BSSZ01,DTSZ03,3,1.8934637858637147,0.0,4.893463785863714
BSSZ01,DTSZ05,5,0.9643534276884722,0.0,5.964353427688472
BSSZ01,DTSZ08,3,0.4560050086515441,0.0,3.456005008651544
BSSZ01,DTSZ11,5,0.4880384233836732,0.0,5.488038423383673
BSSZ01,DTSZ12,1,0.3621649645425063,0.0,1.3621649645425062
BSSZ01,GLSZ05,3,1.5123092080414944,0.0,4.512309208041494
BSSZ01,HGSZ02,1,0.5298878476448814,0.0,1.5298878476448814
BSSZ01,HGSZ04,1,0.6238285081229135,0.0,1.6238285081229136
BSSZ01,HGSZ06,4,1.4103040672277192,0.0,5.410304067227719
BSSZ01,HGSZ08,2,0.7700460215764624,0.0,2.770046021576462
BSSZ01,JESZ02,1,0.1980832119198003,0.0,1.1980832119198004
BSSZ01,JESZ05,2,1.0493735372947337,0.0,3.0493735372947337
BSSZ01,JESZ06,1,0.09336413876244935,0.0,1.0933641387624493
BSSZ01,KLSZ03,2,0.08245291108420572,0.0,2.082452911084206
BSSZ01,KLSZ05,1,0.5749861858751908,0.0,1.5749861858751908
BSSZ01,KLSZ06,1,0.8061286289024772,0.0,1.8061286289024772
BSSZ01,KLSZ08,1,0.7708287534424701,0.0,1.77082875344247
BSSZ01,KLSZ09,1,0.13247242114495303,0.0,1.132472421144953
BSSZ01,MPSZ01,1,0.2836333450090216,0.0,1.2836333450090216
BSSZ01,MPSZ02,1,0.8296006230058255,0.0,1.8296006230058255
BSSZ01,MPSZ03,1,1.018487662722877,0.0,2.018487662722877
BSSZ01,MUSZ01,1,0.49790912827414396,0.0,1.497909128274144
BSSZ01,NTSZ03,1,0.16806240124269184,0.0,1.168062401242692
BSSZ01,NVSZ01,5,2.1282483552139606,0.0,7.128248355213961
BSSZ01,NVSZ02,2,1.2931681333866938,0.0,3.293168133386694
BSSZ01,ORSZ02,9,2.573869055243249,0.0,11.573869055243248
BSSZ01,ORSZ03,4,1.139666019289908,0.0,5.139666019289908
BSSZ01,OTSZ03,5,1.187895010475921,0.0,6.187895010475921
BSSZ01,PGSZ02,1,0.6392017323371606,0.0,1.6392017323371606
BSSZ01,PGSZ03,1,0.54312374381123,0.0,1.54312374381123
BSSZ01,PGSZ05,1,0.7533796703750372,0.0,1.753379670375037
BSSZ01,PLSZ04,1,0.08999256821048653,0.0,1.0899925682104865
BSSZ01,QTSZ01,1,0.44579292522591996,0.0,1.4457929252259198
BSSZ01,QTSZ02,1,0.3192693449492694,0.0,1.3192693449492694
BSSZ01,QTSZ05,1,0.5118858146161229,0.0,1.511885814616123
BSSZ01,QTSZ08,5,1.258591125225467,0.0,6.2585911252254665
BSSZ01,QTSZ10,4,2.2430863297106587,0.0,6.243086329710659
BSSZ01,QTSZ11,2,0.9546671592707945,0.0,2.9546671592707945
BSSZ01,QTSZ13,3,0.34881225959401263,0.0,3.3488122595940126
BSSZ01,QTSZ14,3,0.5674366698655158,0.0,3.5674366698655158
BSSZ01,QTSZ15,1,0.1754975418959258,0.0,1.175497541895926
BSSZ01,RCSZ01,3,0.3494484325167401,0.0,3.34944843251674
BSSZ01,RCSZ03,1,0.17183409718067633,0.0,1.1718340971806764
BSSZ01,RCSZ09,1,0.2640024721607757,0.0,1.2640024721607757
BSSZ01,RVSZ05,1,0.2971784341049042,0.0,1.2971784341049042
BSSZ01,SBSZ01,3,0.8087153389336,0.0,3.8087153389336
BSSZ01,SBSZ03,2,0.6675509005858271,0.0,2.667550900585827
BSSZ01,SBSZ04,1,0.4796508230535075,0.0,1.4796508230535075
BSSZ01,SBSZ05,1,0.0708509545888767,0.0,1.0708509545888767
BSSZ01,SBSZ06,1,0.16983098574829292,0.0,1.169830985748293
BSSZ01,SBSZ08,1,0.07496965233398628,0.0,1.0749696523339862
BSSZ01,SESZ02,2,1.4522983003068022,0.0,3.4522983003068024
BSSZ01,SESZ03,2,1.292963521994134,0.0,3.292963521994134
BSSZ01,SESZ04,2,1.0092874404852383,0.0,3.009287440485238
BSSZ01,SESZ06,2,1.8984709246628886,0.0,3.8984709246628886
BSSZ01,SGSZ03,1,0.5726756457683743,0.0,1.5726756457683742
BSSZ01,SGSZ04,6,2.1713713259734253,0.0,8.171371325973425
BSSZ01,SGSZ06,2,0.8597998230778756,0.0,2.859799823077876
BSSZ01,TMSZ03,3,2.052124873544338,0.0,5.052124873544338
BSSZ01,TMSZ04,1,1.0417286348789174,0.0,2.0417286348789174
BSSZ01,TNSZ01,1,0.546018938713122,0.0,1.546018938713122
BSSZ01,TNSZ04,1,0.3321831304015599,0.0,1.33218313040156
BSSZ01,TPSZ01,3,1.7256766570961453,0.18917142512108265,4.914848082217228
BSSZ01,TPSZ02,4,1.5309256627107544,0.48266247431749293,6.013588137028248
BSSZ01,TPSZ03,1,0.8543398939605474,0.05634334820277732,1.9106832421633246
BSSZ01,TPSZ06,4,0.8848853264247568,0.0,4.884885326424757
BSSZ01,TPSZ09,1,0.2717639397847545,0.0,1.2717639397847544
BSSZ01,WCSZ01,2,0.9010382458977748,0.0,2.901038245897775
BSSZ01,WDSZ02,1,0.745495832158735,0.0,1.745495832158735
BSSZ01,WDSZ03,2,0.8206564669272979,0.0,2.8206564669272978
BSSZ01,WDSZ04,1,0.30963998034708257,0.0,1.3096399803470826
BSSZ01,WDSZ05,1,0.4705257863819072,0.0,1.4705257863819072
BSSZ01,WDSZ06,3,0.2612804094903538,0.0,3.261280409490354
BSSZ01,WDSZ08,1,0.2897715166839147,0.0,1.2897715166839148
BSSZ01,WDSZ09,1,0.19243436118353902,0.0,1.192434361183539
BSSZ01,YSSZ01,1,1.0628041077330252,0.0,2.062804107733025
BSSZ01,YSSZ03,2,1.2014044250643172,0.0,3.201404425064317
BSSZ01,YSSZ04,1,0.6696395965210726,0.0,1.6696395965210726
BSSZ01,YSSZ08,1,0.24979598277445503,0.0,1.249795982774455
BSSZ01,YSSZ09,8,1.451075852045713,0.0,9.451075852045713
BSSZ02,AMSZ01,7,3.2615044804868916,0.5815090240708799,10.84301350455777
BSSZ02,AMSZ03,1,1.007338913576794,0.20061428196900755,2.2079531955458016
BSSZ02,AMSZ04,1,0.44029500808959615,0.1450679546133965,1.5853629627029928
BSSZ02,AMSZ05,1,1.3767715300555994,0.12949944647085787,2.506270976526457
BSSZ02,BDSZ01,1,0.48080531035445173,0.0,1.4808053103544516
BSSZ02,BDSZ03,2,1.2368410637727514,0.0,3.2368410637727516
BSSZ02,BLSZ02,1,0.07638923317118873,0.0,1.0763892331711888
BSSZ02,BMSZ02,1,0.3275771575904341,0.0,1.327577157590434
BSSZ02,BPSZ05,1,0.43644392166218693,0.0,1.436443921662187
BSSZ02,BSSZ01,6,3.975407109414058,0.6385266239643821,10.613933733378438
BSSZ02,BSSZ02,4,5.560402486544309,34.49022898820229,44.050631474746595
BSSZ02,BSSZ03,12,3.504389788843107,5.07774319824757,20.582132987090677
BSSZ02,BTSZ01,3,1.6268283556905838,0.0,4.626828355690584
BSSZ02,BTSZ05,1,0.24507910918839484,0.0,1.2450791091883948
BSSZ02,CLSZ09,1,0.10705991193283179,0.0,1.1070599119328317
BSSZ02,DTSZ01,2,0.8539375225451059,0.0,2.853937522545106
BSSZ02,DTSZ02,1,0.48245709082819843,0.0,1.4824570908281984
BSSZ02,DTSZ03,4,1.6605806525457518,0.0,5.660580652545752
BSSZ02,DTSZ05,6,0.7518864005567888,0.0,6.7518864005567885
BSSZ02,DTSZ08,3,0.8256524610928814,0.0,3.8256524610928815
BSSZ02,DTSZ09,2,0.2548390272840602,0.0,2.2548390272840604
BSSZ02,DTSZ11,2,0.6497054713445808,0.0,2.6497054713445807
BSSZ02,GLSZ02,2,0.39494676845467247,0.0,2.3949467684546724
BSSZ02,GLSZ03,1,0.672737195201658,0.0,1.672737195201658
BSSZ02,GLSZ04,1,0.982186625749863,0.0,1.982186625749863
BSSZ02,GLSZ05,3,1.366319770895485,0.0,4.366319770895485
BSSZ02,HGSZ04,1,0.462949697456025,0.0,1.462949697456025
BSSZ02,HGSZ08,1,0.6341525253268929,0.0,1.634152525326893
BSSZ02,JESZ05,1,0.4870257203632334,0.0,1.4870257203632333
BSSZ02,KLSZ06,2,0.7123938458288502,0.0,2.71239384582885
BSSZ02,KLSZ09,1,0.0759685301883772,0.0,1.0759685301883772
BSSZ02,MPSZ03,1,0.5934151221805446,0.0,1.5934151221805446
BSSZ02,MUSZ01,1,0.21226117599199967,0.0,1.2122611759919997
BSSZ02,NVSZ02,5,1.4072013972597543,0.0,6.407201397259755
BSSZ02,ORSZ01,1,0.0748204988397998,0.0,1.0748204988397998
BSSZ02,ORSZ02,3,1.2162166398238747,0.0,4.216216639823875
BSSZ02,ORSZ03,3,0.8214956954176584,0.0,3.821495695417658
BSSZ02,OTSZ03,2,1.724197280408757,0.0,3.724197280408757
BSSZ02,PGSZ05,1,0.5841277666790609,0.0,1.5841277666790607
BSSZ02,PRSZ02,1,0.6682614133803865,0.0,1.6682614133803866
BSSZ02,PRSZ03,2,0.9480088815025004,0.0,2.9480088815025005
BSSZ02,PRSZ05,1,0.7087144438624317,0.0,1.7087144438624318
BSSZ02,QTSZ05,2,0.40999845409295443,0.0,2.409998454092954
BSSZ02,QTSZ08,4,1.3192923843972468,0.0,5.319292384397247
BSSZ02,QTSZ10,1,0.40725396912292117,0.0,1.4072539691229211
BSSZ02,QTSZ11,3,1.2898726890746621,0.0,4.289872689074662
BSSZ02,QTSZ12,1,0.20766861268476397,0.0,1.207668612684764
BSSZ02,QTSZ13,1,0.4372400754978458,0.0,1.4372400754978458
BSSZ02,QTSZ14,2,0.6023884150077298,0.0,2.60238841500773
BSSZ02,QTSZ15,2,0.3834483164712183,0.0,2.383448316471218
BSSZ02,RCSZ10,1,0.26785803969943867,0.0,1.2678580396994388
BSSZ02,SBSZ03,1,0.538557639293415,0.0,1.538557639293415
BSSZ02,SESZ03,2,1.5881697141665085,0.0,3.5881697141665088
BSSZ02,SESZ06,1,1.271863272448074,0.0,2.271863272448074
BSSZ02,SESZ07,1,0.0,0.0,1.0
BSSZ02,SGSZ02,1,0.29059286183602556,0.0,1.2905928618360256
BSSZ02,SGSZ03,1,0.5248979100679214,0.0,1.5248979100679214
BSSZ02,SGSZ06,1,0.7256186026376518,0.1278992462911357,1.8535178489287873
BSSZ02,SKSZ03,1,0.13334264111519267,0.0,1.1333426411151928
BSSZ02,SRSZ02,1,0.16089557737100274,0.0,1.1608955773710028
BSSZ02,THSZ01,1,0.0,0.0,1.0
BSSZ02,TMSZ04,1,0.44460782547589317,0.0,1.4446078254758932
BSSZ02,TMSZ05,3,1.5411856525871628,0.0,4.541185652587163
BSSZ02,TNSZ01,1,0.42554701520241633,0.0,1.4255470152024163
BSSZ02,TNSZ04,2,0.430611943470093,0.0,2.430611943470093
BSSZ02,TPSZ01,1,0.9649084314709175,0.11219428425940733,2.077102715730325
BSSZ02,TPSZ02,1,0.8103089604472181,0.17721526649527203,1.9875242269424902
BSSZ02,TPSZ05,1,0.7096342238879025,0.035497964519810604,1.7451321884077131
BSSZ02,TPSZ06,3,1.4794288791500796,0.2841658496616777,4.763594728811757
BSSZ02,TPSZ11,1,0.5865942949629958,0.0,1.5865942949629956
BSSZ02,TPSZ12,1,0.39062510176040804,0.0,1.390625101760408
BSSZ02,WCSZ01,1,0.4503231291073217,0.0,1.4503231291073218
BSSZ02,WDSZ02,2,0.9184548040486599,0.0,2.9184548040486598
BSSZ02,WDSZ03,1,0.5469371561448437,0.0,1.5469371561448437
BSSZ02,WDSZ07,1,0.08854702237676583,0.0,1.088547022376766
BSSZ02,WDSZ09,1,0.1698327770064367,0.0,1.1698327770064367
BSSZ02,YSSZ04,1,0.617231881942189,0.0,1.617231881942189
BSSZ02,YSSZ09,2,0.9766687245980744,0.0,2.9766687245980745
BSSZ03,AMSZ01,5,2.5804292696680493,0.5758597084198828,8.156288978087932
BSSZ03,AMSZ02,3,0.9288676251988401,0.9152157758267914,4.844083401025632
BSSZ03,AMSZ03,2,0.9024474373450553,0.5738663811052716,3.476313818450327
BSSZ03,AMSZ04,4,0.1665550340213462,0.2332892824270481,4.3998443164483945
BSSZ03,AMSZ07,1,0.31250471285471265,0.0,1.3125047128547127
BSSZ03,AMSZ09,1,0.25067208198770047,0.0,1.2506720819877004
BSSZ03,AMSZ10,1,0.31941782607419855,0.0,1.3194178260741984
BSSZ03,BDSZ03,3,0.6659952443246082,0.0,3.665995244324608
BSSZ03,BDSZ04,1,0.40639923638989556,0.0,1.4063992363898956
BSSZ03,BKSZ01,1,0.0695461522461537,0.0,1.0695461522461538
BSSZ03,BKSZ02,1,0.08151947901001488,0.0,1.0815194790100149
BSSZ03,BKSZ03,1,0.24124481090355987,0.0,1.2412448109035599
BSSZ03,BMSZ01,2,0.5262342631978767,0.0,2.5262342631978765
BSSZ03,BMSZ02,1,0.19622988791212054,0.0,1.1962298879121205
BSSZ03,BMSZ06,1,0.14781091910172567,0.0,1.1478109191017256
BSSZ03,BMSZ08,1,0.2529384446554825,0.0,1.2529384446554825
BSSZ03,BPSZ04,1,0.22305904776452085,0.0,1.223059047764521
BSSZ03,BPSZ07,1,0.11685799262842153,0.0,1.1168579926284214
BSSZ03,BSSZ01,13,3.88132515729009,0.7930476822307498,17.67437283952084
BSSZ03,BSSZ02,10,9.849214431949312,2.5025861020591007,22.351800534008415
BSSZ03,BSSZ03,25,4.81003913325599,48.23445388596486,78.04449301922085
BSSZ03,BTSZ03,1,0.148303925942106,0.0,1.148303925942106
BSSZ03,BTSZ07,1,0.15861717909440162,0.0,1.1586171790944015
BSSZ03,CCSZ01,1,0.09072590814632973,0.0,1.0907259081463296
BSSZ03,CHSZ03,1,0.6558901320252524,0.0,1.6558901320252524
BSSZ03,CKSZ02,1,0.30998276663961194,0.0,1.309982766639612
BSSZ03,CKSZ05,1,0.052176231163270824,0.0,1.0521762311632707
BSSZ03,CLSZ04,1,0.19193595185695617,0.0,1.191935951856956
BSSZ03,DTSZ01,2,0.547923331240497,0.0,2.547923331240497
BSSZ03,DTSZ02,5,0.5621290395906947,0.0,5.562129039590695
BSSZ03,DTSZ03,1,0.40135648870819535,0.0,1.4013564887081953
BSSZ03,DTSZ05,6,0.36137341735957135,0.0,6.361373417359571
BSSZ03,DTSZ11,3,0.8241620685452284,0.0,3.8241620685452284
BSSZ03,GLSZ02,1,0.3310055140660143,0.0,1.3310055140660144
BSSZ03,GLSZ03,3,1.0542215697014128,0.0,4.054221569701413
BSSZ03,GLSZ04,1,0.7782390757235155,0.0,1.7782390757235156
BSSZ03,GLSZ05,4,1.0203013837941217,0.0,5.020301383794122
BSSZ03,HGSZ05,1,0.48336542672918176,0.0,1.4833654267291818
BSSZ03,HGSZ07,2,0.46543124140876335,0.0,2.4654312414087634
BSSZ03,HGSZ08,1,0.3438988228789079,0.0,1.343898822878908
BSSZ03,JESZ04,1,0.038150132505199004,0.0,1.038150132505199
BSSZ03,JESZ05,3,0.49210819629892333,0.0,3.4921081962989233
BSSZ03,JWSZ09,1,0.42405437291636666,0.0,1.4240543729163666
BSSZ03,KLSZ01,1,0.6307175392828566,0.0751647476273226,1.705882286910179
BSSZ03,KLSZ06,1,0.3616862080954891,0.0,1.361686208095489
BSSZ03,KLSZ07,2,0.48179807117672285,0.0,2.4817980711767227
BSSZ03,KLSZ08,2,0.5302629670013277,0.0,2.5302629670013275
BSSZ03,KLSZ09,2,0.09615742081178372,0.0,2.096157420811784
BSSZ03,MDSZ02,1,0.09131322297260593,0.0,1.091313222972606
BSSZ03,MPSZ03,1,0.45784504414540905,0.0,1.457845044145409
BSSZ03,NTSZ03,1,0.09448827155184544,0.0,1.0944882715518454
BSSZ03,NVSZ01,3,1.759479352518404,0.2700296187151586,5.029508971233563
BSSZ03,NVSZ02,12,0.6488776161670438,0.0,12.648877616167043
BSSZ03,NVSZ03,1,0.1208773692810789,0.0,1.120877369281079
BSSZ03,ORSZ01,1,0.03900495255291157,0.0,1.0390049525529115
BSSZ03,ORSZ02,4,0.8689875804115702,0.0,4.86898758041157
BSSZ03,ORSZ03,4,0.4053004407527162,0.0,4.4053004407527165
BSSZ03,OTSZ03,3,0.9568591328015376,0.0,3.9568591328015374
BSSZ03,PGSZ02,1,0.23536807567413726,0.0,1.2353680756741372
BSSZ03,PNSZ02,1,0.0,0.0,1.0
BSSZ03,PNSZ03,1,0.0,0.0,1.0
BSSZ03,PRSZ05,1,0.40959851587173496,0.0,1.409598515871735
BSSZ03,QTSZ02,1,0.3526915043448527,0.0,1.3526915043448526
BSSZ03,QTSZ06,1,0.1836262614636059,0.0,1.183626261463606
BSSZ03,QTSZ08,4,1.0632542082522245,0.0,5.063254208252225
BSSZ03,QTSZ10,1,0.2713377457346325,0.0,1.2713377457346324
BSSZ03,QTSZ11,2,0.7110571532123281,0.0,2.711057153212328
BSSZ03,QTSZ14,3,0.4712233310659293,0.0,3.4712233310659295
BSSZ03,QTSZ15,1,0.14688772313773873,0.0,1.1468877231377388
BSSZ03,RCSZ01,1,0.12277270744944435,0.0,1.1227727074494442
BSSZ03,RCSZ05,1,0.04109752439249034,0.0,1.0410975243924903
BSSZ03,RCSZ09,3,0.13165724636658935,0.0,3.1316572463665895
BSSZ03,RVSZ05,1,0.16743005594867166,0.0,1.1674300559486717
BSSZ03,SBSZ01,1,0.41511526648588437,0.0,1.4151152664858844
BSSZ03,SBSZ03,1,0.32154595930927077,0.0,1.3215459593092707
BSSZ03,SESZ03,1,0.7395834730461989,0.0,1.7395834730461988
BSSZ03,SESZ05,1,0.4196432022645225,0.0,1.4196432022645225
BSSZ03,SESZ06,1,0.9681989966598038,0.0,1.9681989966598037
BSSZ03,SGSZ02,1,0.12741469337882597,0.0,1.127414693378826
BSSZ03,SGSZ04,2,1.6730232188400709,0.2496031553799062,3.9226263742199774
BSSZ03,SGSZ05,1,0.41013150714372565,0.5882753711437474,1.998406878287473
BSSZ03,SGSZ06,6,2.003858742796164,0.5905043581348967,8.59436310093106
BSSZ03,SGSZ07,1,0.2165052268330373,0.04294717283484094,1.2594523996678784
BSSZ03,SRSZ02,1,0.051435493345601595,0.0,1.0514354933456016
BSSZ03,SRSZ03,1,0.14976342756094302,0.0,1.149763427560943
BSSZ03,TMSZ02,3,1.0309952344997109,0.0,4.030995234499711
BSSZ03,TMSZ03,2,1.3245053530242543,0.0,3.3245053530242545
BSSZ03,TMSZ04,2,0.7166190422774212,0.0,2.7166190422774212
BSSZ03,TMSZ05,3,1.0016507108531536,0.0,4.001650710853154
BSSZ03,TNSZ04,2,0.2299595884015834,0.0,2.2299595884015835
BSSZ03,TPSZ01,4,0.6120397715053698,0.5961199962899454,5.2081597677953155
BSSZ03,TPSZ02,10,2.2737745855119713,1.9267423925893166,14.200516978101287
BSSZ03,TPSZ03,1,0.49459841050099,0.22747351812388047,1.7220719286248705
BSSZ03,TPSZ05,1,0.7425533870736207,0.11742122837753427,1.859974615451155
BSSZ03,TPSZ06,10,1.273404074279222,1.4477175259004609,12.721121600179682
BSSZ03,TPSZ07,1,0.16171223964877765,0.039920974547462865,1.2016332141962405
BSSZ03,TPSZ12,1,0.18484021345017054,0.0,1.1848402134501705
BSSZ03,TSSZ05,2,0.8264561827391603,0.0,2.82645618273916
BSSZ03,WCSZ01,1,0.24455540720034066,0.0,1.2445554072003406
BSSZ03,WDSZ02,2,0.3560330396241196,0.0,2.3560330396241196
BSSZ03,WDSZ03,2,0.5185844904391129,0.0,2.518584490439113
BSSZ03,YSSZ01,1,0.20876051005927124,0.0,1.2087605100592713
BSSZ03,YSSZ03,1,0.3034834533122899,0.0,1.3034834533122899
BSSZ03,YSSZ04,1,0.36356176649853245,0.0,1.3635617664985324
BSSZ03,YSSZ06,1,0.029132370443215618,0.0,1.0291323704432156
BSSZ03,YSSZ09,5,1.090243354449016,0.0,6.090243354449016
BTSZ01,AMSZ02,1,0.3863606980705981,0.0,1.386360698070598
BTSZ01,AMSZ04,1,0.06284248675977742,0.0,1.0628424867597774
BTSZ01,AMSZ05,1,0.28945406455451117,0.0,1.2894540645545112
BTSZ01,AMSZ06,2,0.40213296010991134,0.0,2.4021329601099115
BTSZ01,AMSZ09,1,0.21371487670605718,0.0,1.2137148767060573
BTSZ01,BDSZ01,1,0.46902179765188523,0.0,1.4690217976518851
BTSZ01,BDSZ03,1,0.5581264096100923,0.0,1.5581264096100922
BTSZ01,BDSZ04,2,0.32072691733805303,0.0,2.320726917338053
BTSZ01,BKSZ01,1,0.2039383011755748,0.0,1.2039383011755749
BTSZ01,BKSZ02,3,0.2855155474933754,0.0,3.2855155474933753
BTSZ01,BKSZ03,2,0.7415692730062894,0.0,2.7415692730062893
BTSZ01,BKSZ04,1,0.6913618127110787,0.14844098728256833,1.8398027999936468
BTSZ01,BKSZ05,9,5.78534350409952,2.2501578630176824,17.035501367117202
BTSZ01,BKSZ06,1,0.4916215518179208,0.02297401605317,1.5145955678710907
BTSZ01,BKSZ07,4,1.6660545217040923,0.11966310622807266,5.785717627932165
BTSZ01,BKSZ08,2,0.37037604948246144,0.10611495912342929,2.476491008605891
BTSZ01,BKSZ09,2,0.9401702460116227,0.04172776308721731,2.98189800909884
BTSZ01,BMSZ02,1,0.2824462861491627,0.0,1.2824462861491628
BTSZ01,BMSZ03,1,0.3240063688444682,0.0,1.324006368844468
BTSZ01,BMSZ04,3,0.343084415818155,0.0,3.343084415818155
BTSZ01,BMSZ05,2,0.46803389963773717,0.0,2.4680338996377373
BTSZ01,BMSZ06,3,0.3598155187375931,0.0,3.359815518737593
BTSZ01,BMSZ12,1,0.2668177377934017,0.0,1.2668177377934016
BTSZ01,BPSZ01,1,0.25332355548196467,0.0,1.2533235554819646
BTSZ01,BPSZ02,3,0.16804342824538976,0.0,3.1680434282453898
BTSZ01,BPSZ03,1,0.4878146372370244,0.0,1.4878146372370245
BTSZ01,BPSZ04,1,0.40303605831407957,0.0,1.4030360583140795
BTSZ01,BPSZ05,4,0.5617077148515343,0.0,4.561707714851535
BTSZ01,BPSZ06,1,0.558405700591851,0.0,1.558405700591851
BTSZ01,BSSZ01,3,1.1370896487581161,0.0,4.137089648758116
BTSZ01,BSSZ02,2,0.8600324411446966,0.0,2.8600324411446967
BTSZ01,BSSZ03,1,0.5618670711670882,0.0,1.5618670711670881
BTSZ01,BTSZ01,18,6.022757424517503,29.84172903581964,53.86448646033715
BTSZ01,BTSZ02,1,0.22598679804079055,0.0,1.2259867980407906
BTSZ01,BTSZ03,5,1.8876987073706863,1.3361167391898885,8.223815446560575
BTSZ01,BTSZ05,1,0.3296502712336614,0.0,1.3296502712336613
BTSZ01,BTSZ06,2,0.42188451062253496,0.0,2.421884510622535
BTSZ01,CKSZ01,3,0.3626504874153245,0.0,3.3626504874153245
BTSZ01,CKSZ02,5,1.04673057256038,0.0,6.04673057256038
BTSZ01,CKSZ03,1,0.5106730760143385,0.0,1.5106730760143385
BTSZ01,CKSZ04,2,0.6778272825468824,0.0,2.6778272825468825
BTSZ01,CKSZ05,1,0.24479954882538021,0.0,1.2447995488253802
BTSZ01,CKSZ06,4,0.13371330085867675,0.0,4.133713300858677
BTSZ01,CLSZ01,1,0.46873658013102015,0.196976205404762,1.665712785535782
BTSZ01,CLSZ02,1,0.2828158226560658,0.38058825208444924,1.663404074740515
BTSZ01,CLSZ03,1,0.7499587879362275,0.1558253023453579,1.9057840902815855
BTSZ01,CLSZ04,7,1.4707264013112593,0.8851683118223375,9.355894713133596
BTSZ01,CLSZ06,7,0.7626234432716211,1.0226268091430928,8.785250252414713
BTSZ01,CLSZ07,1,0.4513483067893451,0.0,1.4513483067893451
BTSZ01,CLSZ08,1,0.5679546771141242,0.0,1.5679546771141242
BTSZ01,DTSZ01,3,0.4163944042165191,0.0,3.4163944042165193
BTSZ01,DTSZ02,2,0.516059189423129,0.0,2.516059189423129
BTSZ01,DTSZ03,4,0.9296475698942586,0.0,4.929647569894259
BTSZ01,DTSZ05,5,1.151982568276087,0.0,6.151982568276087
BTSZ01,DTSZ06,1,0.035124332703760856,0.0,1.035124332703761
BTSZ01,DTSZ08,4,0.4400870236770145,0.0,4.440087023677014
BTSZ01,DTSZ11,3,1.0357399934208484,0.0,4.035739993420848
BTSZ01,DTSZ12,2,0.40189239331914695,0.0,2.401892393319147
BTSZ01,GLSZ02,2,0.34815648512577163,0.0,2.3481564851257715
BTSZ01,GLSZ03,2,0.5340647112240714,0.0,2.5340647112240715
BTSZ01,HGSZ02,1,0.3008166634750734,0.0,1.3008166634750733
BTSZ01,HGSZ04,2,0.505538088895441,0.0,2.505538088895441
BTSZ01,HGSZ05,1,0.5564480500720141,0.0,1.5564480500720141
BTSZ01,HGSZ07,1,0.29434696568759394,0.0,1.2943469656875939
BTSZ01,JESZ02,2,0.4510719350642447,0.0,2.4510719350642445
BTSZ01,JESZ03,1,0.7360825462811931,0.10734492692173037,1.8434274732029234
BTSZ01,JESZ05,3,0.702987880619249,0.3575276280459627,4.060515508665212
BTSZ01,JWSZ03,1,0.43515218464025546,0.0,1.4351521846402555
BTSZ01,JWSZ04,1,0.6516076031781759,0.0,1.651607603178176
BTSZ01,JWSZ09,3,0.9124383961248526,0.0,3.912438396124853
BTSZ01,KLSZ01,1,0.6287904906097752,0.0,1.6287904906097752
BTSZ01,KLSZ07,4,0.6008735836918286,0.0,4.600873583691829
BTSZ01,KLSZ08,1,0.4163991144396636,0.0,1.4163991144396637
BTSZ01,MDSZ02,1,0.1011828628760087,0.0,1.1011828628760088
BTSZ01,MPSZ02,1,0.5353549837820121,0.0,1.5353549837820122
BTSZ01,MPSZ03,1,0.6128890850512062,0.0,1.612889085051206
BTSZ01,MUSZ01,1,0.18657261097576727,0.0,1.1865726109757673
BTSZ01,NTSZ03,1,0.12106103065799559,0.0,1.1210610306579956
BTSZ01,NVSZ01,1,0.8580460524476322,0.0,1.8580460524476323
BTSZ01,NVSZ02,3,1.1641808060862286,0.0,4.164180806086229
BTSZ01,ORSZ01,1,0.056355535680309016,0.0,1.056355535680309
BTSZ01,ORSZ02,2,0.6829176911505263,0.0,2.6829176911505264
BTSZ01,OTSZ03,1,0.4773298746204467,0.0,1.4773298746204466
BTSZ01,OTSZ04,1,0.08170498336000659,0.0,1.0817049833600065
BTSZ01,PGSZ02,1,0.27778539587998285,0.0,1.2777853958799827
BTSZ01,PGSZ03,1,0.22339597545752435,0.0,1.2233959754575243
BTSZ01,PGSZ04,2,0.6373153182831599,0.0,2.63731531828316
BTSZ01,PRSZ02,1,0.33925537720945276,0.0,1.3392553772094526
BTSZ01,PRSZ03,2,0.32075231411669625,0.0,2.3207523141166964
BTSZ01,PRSZ05,2,0.22539246140329341,0.0,2.2253924614032936
BTSZ01,QTSZ01,1,0.5984922101915587,0.027270111867722525,1.6257623220592812
BTSZ01,QTSZ03,1,0.12978724072091066,0.0,1.1297872407209106
BTSZ01,QTSZ04,2,0.14724440754353574,0.0,2.1472444075435355
BTSZ01,QTSZ06,1,0.22460117208413322,0.0,1.2246011720841332
BTSZ01,QTSZ08,5,0.9965479628093626,0.0,5.9965479628093625
BTSZ01,QTSZ12,2,0.17146893507086325,0.0,2.1714689350708634
BTSZ01,QTSZ14,1,0.37197134522395453,0.0,1.3719713452239546
BTSZ01,RCSZ01,2,0.22103451881180175,0.0,2.221034518811802
BTSZ01,RCSZ05,1,0.07227365066208469,0.0,1.0722736506620847
BTSZ01,RCSZ10,1,0.2157121557791742,0.0,1.2157121557791741
BTSZ01,RVSZ01,1,0.0,0.0,1.0
BTSZ01,SBSZ01,1,0.39496692243044595,0.0,1.394966922430446
BTSZ01,SBSZ03,2,0.5971646219920789,0.0,2.597164621992079
BTSZ01,SBSZ05,1,0.005781991494423184,0.0,1.0057819914944233
BTSZ01,SESZ02,1,0.39178805807387945,0.0,1.3917880580738795
BTSZ01,SESZ03,3,0.7125957351089849,0.0,3.7125957351089847
BTSZ01,SESZ04,2,0.5861146435054388,0.0,2.586114643505439
BTSZ01,SESZ06,1,0.5679178559447938,0.0,1.5679178559447937
BTSZ01,SGSZ04,1,0.6887132267241005,0.0,1.6887132267241005
BTSZ01,SGSZ06,3,0.6079436048040846,0.0,3.6079436048040847
BTSZ01,SISZ01,1,0.31675331577563015,0.0,1.3167533157756302
BTSZ01,SRSZ02,1,0.07569857676649835,0.0,1.0756985767664984
BTSZ01,TMSZ01,2,0.5172990071868584,0.0,2.5172990071868586
BTSZ01,TMSZ02,5,0.5132196639662088,0.0,5.5132196639662086
BTSZ01,TMSZ03,2,0.7937618884553415,0.0,2.7937618884553412
BTSZ01,TMSZ04,3,0.4502845124490165,0.0,3.4502845124490165
BTSZ01,TMSZ05,2,1.0785796477849436,0.0,3.0785796477849434
BTSZ01,TNSZ03,1,0.046697369728963954,0.0,1.0466973697289639
BTSZ01,TNSZ04,3,0.24228993161798096,0.0,3.242289931617981
BTSZ01,TPSZ02,1,0.6119105133617077,0.0,1.6119105133617078
BTSZ01,TPSZ04,1,0.06991207348922178,0.0,1.0699120734892218
BTSZ01,TPSZ05,1,0.1653169455453336,0.0,1.1653169455453336
BTSZ01,TPSZ12,1,0.2030289061616876,0.0,1.2030289061616877
BTSZ01,WCSZ01,1,0.4044290984874499,0.0,1.40442909848745
BTSZ01,WDSZ01,1,0.11686469437178044,0.0,1.1168646943717804
BTSZ01,WDSZ02,2,0.7276523832720753,0.0,2.7276523832720754
BTSZ01,WDSZ03,5,1.0119157178288576,0.0,6.011915717828858
BTSZ01,WDSZ04,1,0.3533040756393101,0.0,1.35330407563931
BTSZ01,WDSZ05,1,0.39623190272510084,0.0,1.396231902725101
BTSZ01,WDSZ06,1,0.3008459783372825,0.0,1.3008459783372825
BTSZ01,YSSZ01,1,0.29514160217885055,0.0,1.2951416021788504
BTSZ01,YSSZ02,1,0.31139998890200016,0.0,1.311399988902
BTSZ01,YSSZ05,1,0.14016518885927737,0.0,1.1401651888592774
BTSZ01,YSSZ08,2,0.16573154875590945,0.0,2.1657315487559092
BTSZ01,YSSZ09,2,0.5538591759654133,0.0,2.5538591759654135
BTSZ02,BKSZ09,1,0.2340756832984242,0.0,1.2340756832984243
BTSZ02,BMSZ04,1,0.2323154690262843,0.0,1.2323154690262843
BTSZ02,BMSZ12,1,0.10126932874656068,0.0,1.1012693287465607
BTSZ02,BPSZ02,1,0.16598528571406265,0.0,1.1659852857140627
BTSZ02,BTSZ07,1,0.4123626454047402,0.0,1.4123626454047402
BTSZ02,CLSZ05,1,0.09803134775629505,0.0,1.098031347756295
BTSZ02,DTSZ11,1,0.1362020575267658,0.0,1.1362020575267657
BTSZ02,GLSZ05,1,0.11513685385925392,0.0,1.1151368538592539
BTSZ02,KLSZ03,1,0.04776291169731245,0.0,1.0477629116973124
BTSZ02,KLSZ08,1,0.14418617751835783,0.0,1.1441861775183577
BTSZ02,NVSZ02,1,0.290862992528536,0.0,1.290862992528536
BTSZ02,ORSZ02,1,0.3191247027709733,0.0,1.3191247027709734
BTSZ02,ORSZ03,2,0.2089144644639349,0.0,2.208914464463935
BTSZ02,PNSZ01,1,0.06592483934022636,0.0,1.0659248393402263
BTSZ02,SRSZ02,1,0.02834585506405704,0.0,1.028345855064057
BTSZ02,TPSZ01,1,0.09554695901603003,0.0,1.09554695901603
BTSZ02,WCSZ01,2,0.30395242626736496,0.0,2.303952426267365
BTSZ03,AMSZ04,1,0.017120060620718046,0.0,1.017120060620718
BTSZ03,AMSZ06,1,0.24622743771029726,0.0,1.2462274377102973
BTSZ03,BDSZ01,1,0.20174977275097242,0.0,1.2017497727509725
BTSZ03,BDSZ08,1,0.09959620778954698,0.0,1.099596207789547
BTSZ03,BKSZ05,3,0.73015859417028,0.0,3.73015859417028
BTSZ03,BKSZ06,1,0.17697109309525985,0.0,1.17697109309526
BTSZ03,BKSZ07,3,0.6913086617186163,0.0,3.691308661718616
BTSZ03,BMSZ08,1,0.09192242186477348,0.0,1.0919224218647734
BTSZ03,BPSZ04,1,0.2799438972332404,0.0,1.2799438972332404
BTSZ03,BPSZ05,1,0.26523495519172774,0.0,1.2652349551917277
BTSZ03,BSSZ01,1,0.37618511635273294,0.0,1.376185116352733
BTSZ03,BSSZ03,1,0.1661691268488682,0.0,1.1661691268488683
BTSZ03,BTSZ01,3,1.1938654034852962,0.4995121201920002,4.693377523677297
BTSZ03,BTSZ07,1,0.3374644982897394,0.13648514179660162,1.473949640086341
BTSZ03,CKSZ03,1,0.22419405212706092,0.0,1.224194052127061
BTSZ03,CKSZ06,1,0.18532161776821296,0.0,1.1853216177682129
BTSZ03,CLSZ04,1,0.3742358105970603,0.1737938655333727,1.5480296761304329
BTSZ03,CLSZ06,1,0.36695768952642244,0.15026378672517157,1.5172214762515939
BTSZ03,DTSZ01,1,0.1420528233239697,0.0,1.1420528233239697
BTSZ03,DTSZ02,3,0.15829974657849885,0.0,3.158299746578499
BTSZ03,GLSZ05,1,0.19560007636622634,0.0,1.1956000763662264
BTSZ03,JESZ01,1,0.11301155772781653,0.0,1.1130115577278166
BTSZ03,KLSZ06,1,0.17418116654816673,0.0,1.1741811665481667
BTSZ03,NVSZ01,1,0.2111489918516789,0.0,1.211148991851679
BTSZ03,OTSZ03,2,0.3564755723910021,0.0,2.3564755723910022
BTSZ03,PGSZ04,1,0.19935030695993122,0.0,1.1993503069599312
BTSZ03,QTSZ06,1,0.22416102493063111,0.0,1.2241610249306312
BTSZ03,QTSZ08,1,0.2166949791131641,0.039951674162331446,1.2566466532754954
BTSZ03,QTSZ14,1,0.21997270381950515,0.0,1.2199727038195052
BTSZ03,QTSZ15,1,0.06464022447323464,0.0,1.0646402244732347
BTSZ03,RCSZ01,1,0.09912238416704997,0.0,1.0991223841670499
BTSZ03,RCSZ10,1,0.0950869518568769,0.0,1.0950869518568769
BTSZ03,SBSZ03,1,0.3017492967631251,0.0,1.3017492967631252
BTSZ03,SESZ03,1,0.30351829099404604,0.0,1.3035182909940461
BTSZ03,SESZ04,1,0.32175959398246406,0.0,1.321759593982464
BTSZ03,WDSZ03,1,0.325952260502286,0.0,1.325952260502286
BTSZ03,WDSZ04,1,0.2525956305059516,0.0,1.2525956305059516
BTSZ04,BTSZ04,1,0.4930335386460315,0.45077041465860584,1.9438039533046372
BTSZ04,BTSZ07,2,0.7942988512109742,0.11805431304728048,2.9123531642582545
BTSZ04,CLSZ06,2,0.49261189001499783,0.12958522775059758,2.6221971177655954
BTSZ04,DTSZ06,2,0.02621970044841118,0.0,2.026219700448411
BTSZ04,DTSZ11,1,0.11114239220234388,0.0,1.1111423922023438
BTSZ04,GLSZ05,1,0.10800678213777783,0.0,1.108006782137778
BTSZ04,JWSZ09,1,0.42914199007902865,0.0,1.4291419900790285
BTSZ04,KLSZ08,1,0.13657382586617595,0.0,1.136573825866176
BTSZ04,ORSZ02,1,0.3420752278173522,0.0,1.3420752278173522
BTSZ04,QTSZ01,2,0.6057509115991674,0.10699188153054194,2.712742793129709
BTSZ04,QTSZ09,1,0.06486049254660785,0.0,1.0648604925466079
BTSZ04,QTSZ10,1,0.3822720172431175,0.19460434401150822,1.5768763612546257
BTSZ04,TNSZ03,1,0.014012380185935161,0.0,1.014012380185935
BTSZ05,AMSZ01,1,0.3883644053655029,0.0,1.3883644053655029
BTSZ05,BKSZ05,1,0.462151096351122,0.0,1.462151096351122
BTSZ05,BMSZ05,1,0.16917091448227242,0.0,1.1691709144822724
BTSZ05,BSSZ02,1,0.3073805602222083,0.0,1.3073805602222084
BTSZ05,BSSZ03,1,0.26474619188058307,0.0,1.2647461918805831
BTSZ05,BTSZ01,1,0.35744320348354575,0.0,1.3574432034835457
BTSZ05,BTSZ03,1,0.382484372661586,0.0,1.382484372661586
BTSZ05,CKSZ01,1,0.4255753962908998,0.0,1.4255753962909
BTSZ05,CKSZ03,1,0.389622231090373,0.0,1.389622231090373
BTSZ05,CKSZ06,1,0.3310750472266931,0.0,1.331075047226693
BTSZ05,CLSZ04,1,0.2558333550919493,0.0,1.2558333550919494
BTSZ05,CLSZ05,1,0.08431714211758862,0.0,1.0843171421175886
BTSZ05,DTSZ02,1,0.16178791281100918,0.0,1.1617879128110091
BTSZ05,DTSZ05,1,0.17352202876695874,0.0,1.1735220287669588
BTSZ05,DTSZ08,2,0.10999552464611144,0.0,2.1099955246461115
BTSZ05,DTSZ11,3,0.0,0.0,3.0
BTSZ05,GLSZ05,1,0.21575539804260224,0.0,1.2157553980426021
BTSZ05,JESZ05,1,0.35649419593522613,0.0,1.3564941959352261
BTSZ05,JWSZ02,1,0.30917441071385554,0.0,1.3091744107138554
BTSZ05,NVSZ04,1,0.18346132078702143,0.0,1.1834613207870215
BTSZ05,ORSZ03,1,0.13118427680982142,0.0,1.1311842768098215
BTSZ05,OTSZ03,1,0.30030509669960015,0.0,1.3003050966996001
BTSZ05,RCSZ09,1,0.07694503222638971,0.0,1.0769450322263898
BTSZ05,TMSZ03,1,0.37104733731365563,0.0,1.3710473373136556
BTSZ05,TPSZ06,1,0.1548145584873535,0.0,1.1548145584873535
BTSZ05,TPSZ09,1,0.09854773096485249,0.0,1.0985477309648526
BTSZ05,YSSZ01,1,0.27152946695887886,0.0,1.2715294669588788
BTSZ05,YSSZ09,1,0.2672717925702364,0.0,1.2672717925702364
BTSZ06,AMSZ12,1,0.05946355385324277,0.0,1.0594635538532429
BTSZ06,BDSZ07,1,0.1144596227804346,0.0,1.1144596227804346
BTSZ06,BKSZ04,1,0.11593845912081018,0.0,1.1159384591208101
BTSZ06,BKSZ05,1,0.2495915785684625,0.0,1.2495915785684626
BTSZ06,BKSZ06,1,0.1311117045822793,0.0,1.1311117045822794
BTSZ06,BKSZ09,2,0.1642607009952958,0.0,2.1642607009952957
BTSZ06,BMSZ05,1,0.10276923042585502,0.0,1.102769230425855
BTSZ06,BMSZ06,3,0.35393899370068854,0.0,3.3539389937006887
BTSZ06,BTSZ01,2,0.2433122217424106,0.0,2.2433122217424106
BTSZ06,BTSZ03,1,0.21719549272757716,0.0,1.2171954927275772
BTSZ06,CHSZ03,1,0.2251646691795906,0.0,1.2251646691795905
BTSZ06,CKSZ02,1,0.13506010143178712,0.0,1.1350601014317871
BTSZ06,CKSZ03,1,0.23450370675557608,0.0,1.234503706755576
BTSZ06,CLSZ04,1,0.1836174315049747,0.0,1.1836174315049748
BTSZ06,DTSZ05,2,0.176305853983368,0.0,2.176305853983368
BTSZ06,DTSZ11,3,0.023456711031954937,0.0,3.023456711031955
BTSZ06,HGSZ07,1,0.19018698395458947,0.0,1.1901869839545896
BTSZ06,JESZ05,1,0.2674639895158411,0.0,1.267463989515841
BTSZ06,KLSZ03,1,0.03163859754808401,0.0,1.031638597548084
BTSZ06,NVSZ02,1,0.16425912018463393,0.0,1.164259120184634
BTSZ06,ORSZ02,1,0.12758561375120758,0.0,1.1275856137512075
BTSZ06,OTSZ03,1,0.15497172187192956,0.0,1.1549717218719295
BTSZ06,PGSZ04,1,0.12580542779037052,0.0,1.1258054277903704
BTSZ06,QTSZ02,1,0.06533914090634366,0.0,1.0653391409063437
BTSZ06,QTSZ14,1,0.11338217292963694,0.0,1.113382172929637
BTSZ06,RCSZ02,1,0.042927578389605,0.0,1.042927578389605
BTSZ06,SBSZ02,1,0.04431882157181403,0.0,1.044318821571814
BTSZ06,SGSZ06,1,0.14883023025583042,0.0,1.1488302302558304
BTSZ06,SRSZ02,1,0.015040556985825047,0.0,1.015040556985825
BTSZ06,TMSZ04,1,0.12253420467630978,0.0,1.1225342046763098
BTSZ06,TNSZ01,2,0.22454879572453187,0.0,2.224548795724532
BTSZ06,WDSZ07,1,0.020010644300068978,0.0,1.020010644300069
BTSZ06,YSSZ04,1,0.3121730977062371,0.0,1.3121730977062371
BTSZ06,YSSZ09,1,0.09883326955153787,0.0,1.098833269551538
BTSZ07,BMSZ08,1,0.1412672912207941,0.0,1.1412672912207942
BTSZ07,BMSZ15,1,0.1073159567911546,0.0,1.1073159567911546
BTSZ07,BPSZ02,2,0.07193549332497873,0.0,2.071935493324979
BTSZ07,BSSZ01,2,0.39343011777630177,0.0,2.393430117776302
BTSZ07,BTSZ01,2,0.27237313574956856,0.0,2.2723731357495685
BTSZ07,BTSZ04,1,0.503246619775065,0.39330396669904355,1.8965505864741083
BTSZ07,BTSZ06,1,0.02184611943528379,1.0001703287344574,2.022016448169741
BTSZ07,CLSZ05,1,0.0956346616442938,0.0,1.0956346616442938
BTSZ07,CLSZ06,1,0.1844396289947424,0.0,1.1844396289947423
BTSZ07,DTSZ03,1,0.1461624028773237,0.0,1.1461624028773236
BTSZ07,GLSZ05,1,0.10807812745929576,0.0,1.1080781274592957
BTSZ07,HGSZ04,1,0.07313911266698185,0.0,1.0731391126669818
BTSZ07,JESZ08,1,0.1357456843034375,0.0,1.1357456843034375
BTSZ07,JWSZ03,1,0.10347896013781016,0.0,1.10347896013781
BTSZ07,ORSZ03,1,0.11034521901147672,0.0,1.1103452190114766
BTSZ07,QTSZ06,1,0.2471332925183842,0.21503800201857826,1.4621712945369625
BTSZ07,QTSZ08,3,0.5173430034374249,0.20089714587483185,3.7182401493122565
BTSZ07,QTSZ11,1,0.0675357388643764,0.19060249277673733,1.2581382316411138
BTSZ07,SESZ02,1,0.14448977821017603,0.0,1.144489778210176
BTSZ07,TPSZ06,1,0.09804278414013491,0.0,1.098042784140135
BTSZ07,TPSZ12,1,0.0518516622498721,0.0,1.0518516622498721
BTSZ07,WCSZ01,1,0.1342434680238598,0.0,1.1342434680238598
BTSZ07,YSSZ01,1,0.12783094974582662,0.0,1.1278309497458265
BTSZ07,YSSZ09,1,0.14309079164014188,0.0,1.1430907916401418
BTSZ08,BKSZ05,2,0.25242079622947206,0.0,2.252420796229472
BTSZ08,BKSZ06,1,0.1420228782747847,0.0,1.1420228782747848
BTSZ08,BMSZ02,1,0.07998985733423852,0.0,1.0799898573342386
BTSZ08,BMSZ06,1,0.18516967793348338,0.0,1.1851696779334833
BTSZ08,BTSZ08,1,0.027456351602847668,1.8161026191381062,2.843558970740954
BTSZ08,CLSZ06,1,0.15770574548080218,0.0,1.1577057454808022
BTSZ08,DTSZ05,3,0.14954966817249116,0.0,3.149549668172491
BTSZ08,DTSZ11,3,0.03222535288733102,0.0,3.032225352887331
BTSZ08,GLSZ01,1,0.07367854441624756,0.0,1.0736785444162475
BTSZ08,GLSZ03,1,0.09511220557421966,0.0,1.0951122055742197
BTSZ08,HGSZ09,1,0.001157863801107189,0.0,1.0011578638011072
BTSZ08,KLSZ08,1,0.09511961193280463,0.0,1.0951196119328046
BTSZ08,ORSZ02,2,0.15256018735259613,0.3087727403548185,2.4613329277074145
BTSZ08,OTSZ03,1,0.20686125443074638,0.0,1.2068612544307464
BTSZ08,PRSZ08,1,0.039518879210455125,0.0,1.039518879210455
BTSZ08,QTSZ05,1,0.38436915204193617,0.11903134508647055,1.5034004971284067
BTSZ08,QTSZ08,2,0.36133872179963733,0.24905939023043103,2.6103981120300683
BTSZ08,SBSZ04,1,0.17790338016444815,0.0,1.177903380164448
BTSZ08,TNSZ04,1,0.3858398713594053,1.5070556785864224,2.8928955499458278
CCSZ01,AMSZ01,1,0.19804892292124548,0.0,1.1980489229212454
CCSZ01,AMSZ03,1,0.04969904605607817,0.0,1.0496990460560782
CCSZ01,BKSZ03,1,0.060640849088154064,0.0,1.060640849088154
CCSZ01,BTSZ01,2,0.06556766537351458,0.0,2.0655676653735147
CCSZ01,CCSZ01,1,1.2301201056111415,1.0001703287344574,3.2302904343455987
CCSZ01,NVSZ05,1,0.0,0.0,1.0
CCSZ01,ORSZ02,1,0.11012496328795952,0.0,1.1101249632879595
CCSZ01,PNSZ01,1,0.05134674917927966,0.0,1.0513467491792796
CCSZ01,SESZ05,1,0.053847041997266795,0.0,1.0538470419972668
CCSZ01,TPSZ06,1,0.03305236026299202,0.0,1.033052360262992
CCSZ01,WDSZ02,1,0.039574697233844096,0.0,1.039574697233844
CCSZ01,YSSZ01,1,0.10797759898825297,0.0,1.107977598988253
CHSZ01,CHSZ01,1,0.2273144917531677,0.0,1.2273144917531678
CHSZ01,HGSZ04,1,0.0412192508723886,0.0,1.0412192508723885
CHSZ01,PRSZ03,1,0.29583770303238827,0.0,1.2958377030323882
CHSZ01,PRSZ04,1,0.06086944387779459,0.0,1.0608694438777946
CHSZ01,RCSZ09,1,0.037967335344458904,0.0,1.037967335344459
CHSZ01,SESZ04,1,0.11473348939083151,0.0,1.1147334893908316
CHSZ01,TMSZ01,1,0.22205828572940658,0.0,1.2220582857294067
CHSZ02,AMSZ01,1,0.06968278448457116,0.0,1.069682784484571
CHSZ02,AMSZ02,1,0.10619747132473142,0.0,1.1061974713247313
CHSZ02,AMSZ06,1,0.17646282177449685,0.0,1.1764628217744968
CHSZ02,BDSZ01,1,0.07080352566389193,0.0,1.070803525663892
CHSZ02,BDSZ04,4,0.34368529908345447,0.0,4.343685299083455
CHSZ02,BDSZ06,2,0.3921703891675058,0.0,2.392170389167506
CHSZ02,BKSZ02,1,0.3028607698212842,0.0,1.3028607698212842
CHSZ02,BMSZ12,1,0.06974758498533894,0.0,1.0697475849853388
CHSZ02,BMSZ13,1,0.0,0.0,1.0
CHSZ02,BMSZ17,1,0.028791028256046083,0.0,1.0287910282560462
CHSZ02,CHSZ02,1,0.5813444586829352,0.0,1.5813444586829353
CHSZ02,CHSZ03,1,0.14728832281143914,0.0,1.1472883228114392
CHSZ02,CKSZ03,1,0.3412839006849531,0.0,1.341283900684953
CHSZ02,CLSZ06,1,0.11451848963473826,0.0,1.1145184896347382
CHSZ02,GLSZ02,1,0.08579435178450331,0.0,1.0857943517845032
CHSZ02,HGSZ07,1,0.19047039540091254,0.0,1.1904703954009126
CHSZ02,HGSZ08,1,0.0758888838481201,0.0,1.0758888838481202
CHSZ02,HGSZ09,1,0.002689233533843768,0.0,1.0026892335338438
CHSZ02,JWSZ03,1,0.048311472700670384,0.0,1.0483114727006704
CHSZ02,KLSZ02,1,0.008774175272148394,0.0,1.0087741752721484
CHSZ02,KLSZ09,1,0.02766716635759678,0.0,1.0276671663575967
CHSZ02,NVSZ02,1,0.238588586269426,0.0,1.238588586269426
CHSZ02,PGSZ03,1,0.09378877463493238,0.0,1.0937887746349324
CHSZ02,PGSZ04,2,0.1020447131611798,0.0,2.1020447131611797
CHSZ02,PGSZ05,1,0.11476593099151426,0.0,1.1147659309915143
CHSZ02,PRSZ02,3,0.13789420514780287,0.0,3.137894205147803
CHSZ02,PRSZ03,5,0.5460931743375118,0.0,5.5460931743375115
CHSZ02,PRSZ05,3,0.7257840104268901,0.0,3.72578401042689
CHSZ02,SESZ03,1,0.2821047952998618,0.0,1.2821047952998619
CHSZ02,SESZ05,1,0.09384461147167752,0.0,1.0938446114716776
CHSZ02,SGSZ03,1,0.08346790009401939,0.0,1.0834679000940195
CHSZ02,SGSZ06,1,0.12090327156459856,0.0,1.1209032715645986
CHSZ02,TMSZ02,10,1.5090962674000428,0.0,11.509096267400043
CHSZ02,TMSZ04,3,0.39160700896755385,0.0,3.391607008967554
CHSZ02,TPSZ02,1,0.11277110767477988,0.0,1.11277110767478
CHSZ02,TPSZ04,1,0.03053034458454884,0.0,1.0305303445845488
CHSZ02,WDSZ01,1,0.019320599439798445,0.0,1.0193205994397985
CHSZ02,WDSZ05,1,0.004791370503459046,0.0,1.004791370503459
CHSZ02,YSSZ02,1,0.02847197212941522,0.0,1.0284719721294153
CHSZ02,YSSZ09,2,0.1796988306299689,0.0,2.179698830629969
CHSZ03,AMSZ01,2,1.7125830676246903,0.0,3.7125830676246903
CHSZ03,AMSZ03,1,0.5718894313964342,0.0,1.5718894313964342
CHSZ03,BDSZ01,3,1.8118099832155188,0.0,4.811809983215519
CHSZ03,BDSZ02,1,1.7533120040832664,0.0,2.7533120040832664
CHSZ03,BDSZ03,3,2.302983886205384,0.0,5.302983886205384
CHSZ03,BDSZ04,12,3.396451705054475,0.0,15.396451705054474
CHSZ03,BDSZ05,2,1.7998474755946658,0.0,3.7998474755946656
CHSZ03,BDSZ06,4,2.998104628751142,0.0,6.9981046287511415
CHSZ03,BKSZ03,1,0.3263538286807113,0.0,1.3263538286807113
CHSZ03,BKSZ05,3,1.176051340645707,0.0,4.1760513406457065
CHSZ03,BMSZ03,1,0.5431040740296115,0.0,1.5431040740296114
CHSZ03,BMSZ05,1,1.4138300808375042,0.0,2.413830080837504
CHSZ03,BMSZ07,1,2.1045123605323806,0.0,3.1045123605323806
CHSZ03,BMSZ08,3,0.4688000135626855,0.0,3.4688000135626855
CHSZ03,BPSZ01,1,0.6123568188489323,0.0,1.6123568188489323
CHSZ03,BPSZ03,1,0.5485652813580696,0.0,1.5485652813580697
CHSZ03,BPSZ05,1,1.9256820874272678,0.0,2.9256820874272678
CHSZ03,BSSZ01,1,2.0265808326669825,0.0,3.0265808326669825
CHSZ03,BSSZ03,1,1.4802852684804884,0.0,2.4802852684804884
CHSZ03,CHSZ02,1,0.8505958589164921,0.0,1.8505958589164921
CHSZ03,CHSZ03,5,4.57291294801447,14.002384602282405,23.575297550296874
CHSZ03,CKSZ02,1,1.0612095284882412,0.0,2.0612095284882415
CHSZ03,CKSZ06,1,0.5988092573054754,0.0,1.5988092573054753
CHSZ03,CLSZ03,1,1.3902111982743481,0.0,2.390211198274348
CHSZ03,CLSZ06,1,1.1556619457578499,0.0,2.15566194575785
CHSZ03,DTSZ01,1,1.7183203223559447,0.0,2.718320322355945
CHSZ03,DTSZ03,1,1.4488917170184359,0.0,2.448891717018436
CHSZ03,GLSZ02,2,0.6089437022860408,0.0,2.608943702286041
CHSZ03,GLSZ04,4,2.6691675840702667,0.0,6.669167584070267
CHSZ03,GLSZ05,2,1.533088116644165,0.0,3.5330881166441648
CHSZ03,HGSZ01,1,0.7796929188677912,0.0,1.7796929188677912
CHSZ03,HGSZ02,1,1.3636825623455224,0.0,2.3636825623455224
CHSZ03,HGSZ03,1,0.4988429587161748,0.0,1.4988429587161747
CHSZ03,HGSZ04,5,1.5039793928846756,0.0,6.503979392884675
CHSZ03,HGSZ06,1,1.5251710765742723,0.0,2.5251710765742725
CHSZ03,HGSZ08,1,1.10784025589044,0.0,2.10784025589044
CHSZ03,JESZ03,1,1.827866080757385,0.0,2.827866080757385
CHSZ03,JESZ05,2,2.2811449340082177,0.0,4.281144934008218
CHSZ03,JWSZ02,1,0.6064514522632303,0.0,1.6064514522632303
CHSZ03,JWSZ03,1,0.4930741234181398,0.0,1.4930741234181397
CHSZ03,JWSZ04,1,0.8814213414350809,0.0,1.8814213414350809
CHSZ03,JWSZ09,1,2.0440180504026277,0.0,3.0440180504026277
CHSZ03,KLSZ01,1,1.23357837447425,0.0,2.23357837447425
CHSZ03,KLSZ02,1,0.42526282311454616,0.0,1.425262823114546
CHSZ03,KLSZ05,1,0.6814150560836357,0.0,1.6814150560836358
CHSZ03,MPSZ01,1,0.4632566534012619,0.0,1.4632566534012619
CHSZ03,MPSZ03,2,1.9771544064650057,0.0,3.9771544064650057
CHSZ03,MUSZ01,1,0.8331114674215075,0.0,1.8331114674215074
CHSZ03,OTSZ03,1,1.4017370887404559,0.0,2.4017370887404557
CHSZ03,PGSZ02,1,1.010502739953334,0.0,2.010502739953334
CHSZ03,PGSZ03,5,1.485432902693285,0.0,6.485432902693285
CHSZ03,PGSZ04,6,2.7040946839485662,0.0,8.704094683948567
CHSZ03,PLSZ04,1,0.10213027027039827,0.0,1.1021302702703983
CHSZ03,PRSZ02,7,6.8922903386678005,0.0,13.8922903386678
CHSZ03,PRSZ03,6,1.6736872711052897,0.0,7.6736872711052895
CHSZ03,PRSZ04,2,0.899797096051455,0.0,2.899797096051455
CHSZ03,PRSZ05,4,2.9026803751438934,0.0,6.902680375143893
CHSZ03,PRSZ08,1,1.07201087205549,0.0,2.0720108720554897
CHSZ03,QTSZ01,1,0.5177017954254035,0.0,1.5177017954254035
CHSZ03,QTSZ03,1,0.1364641908260259,0.0,1.1364641908260258
CHSZ03,QTSZ04,1,0.08972634072410013,0.0,1.0897263407241002
CHSZ03,QTSZ14,1,1.287805281193339,0.0,2.287805281193339
CHSZ03,SBSZ03,2,0.7567330585641286,0.0,2.7567330585641288
CHSZ03,SESZ02,3,3.070292091333548,0.0,6.070292091333548
CHSZ03,SESZ03,6,1.9027678999984325,0.0,7.902767899998432
CHSZ03,SESZ04,5,2.2865445366928334,0.0,7.286544536692833
CHSZ03,SESZ05,5,0.5921872590296255,0.0,5.592187259029625
CHSZ03,SESZ06,3,3.4150282100642397,0.0,6.415028210064239
CHSZ03,SGSZ06,1,0.9619010077005655,0.0,1.9619010077005656
CHSZ03,SGSZ07,1,0.4244146170162641,0.0,1.4244146170162642
CHSZ03,TMSZ02,7,6.948627849974897,0.0,13.948627849974898
CHSZ03,TMSZ03,8,4.561992217170604,0.0,12.561992217170605
CHSZ03,TMSZ04,13,5.706633917424752,0.0,18.706633917424753
CHSZ03,TMSZ05,2,1.4345173138116143,0.0,3.4345173138116145
CHSZ03,TPSZ01,1,0.8109547345971876,0.0,1.8109547345971877
CHSZ03,TPSZ04,2,0.14254896129144076,0.0,2.142548961291441
CHSZ03,TPSZ05,1,0.18811926557084455,0.0,1.1881192655708446
CHSZ03,TPSZ06,1,0.9209551877517569,0.0,1.920955187751757
CHSZ03,WDSZ01,1,0.26013563730753225,0.0,1.2601356373075323
CHSZ03,WDSZ02,3,0.5726456799850466,0.0,3.5726456799850466
CHSZ03,WDSZ03,1,0.9912183567150927,0.0,1.9912183567150927
CHSZ03,WDSZ09,1,0.47846818232501964,0.0,1.4784681823250196
CHSZ03,YSSZ01,2,0.279473201012746,0.0,2.279473201012746
CHSZ03,YSSZ04,1,0.5727306610519602,0.0,1.5727306610519602
CHSZ03,YSSZ05,1,0.22248651563902885,0.0,1.2224865156390288
CHSZ03,YSSZ09,3,1.214682114543376,0.0,4.2146821145433755
CKSZ01,BKSZ02,1,0.4373639750279301,0.20588849971432027,1.6432524747422503
CKSZ01,BKSZ03,2,0.5933738579316502,0.3653480908368209,2.958721948768471
CKSZ01,BKSZ04,1,0.37802568460837443,0.7098304135883937,2.0878560981967684
CKSZ01,BKSZ05,2,0.7661139357863203,0.37864456521626405,3.1447585010025843
CKSZ01,BMSZ01,2,0.3176366681673146,0.0,2.3176366681673146
CKSZ01,BMSZ03,1,0.18657176813247717,0.0,1.1865717681324772
CKSZ01,BMSZ05,2,0.21372928710387046,0.0,2.2137292871038703
CKSZ01,BMSZ07,2,0.3018019935818434,0.0,2.3018019935818432
CKSZ01,BMSZ12,1,0.18284704414163808,0.0,1.182847044141638
CKSZ01,BMSZ16,1,0.023845242935391822,0.0,1.023845242935392
CKSZ01,BPSZ01,1,0.8943973926922573,1.2824996040190693,3.1768969967113265
CKSZ01,BPSZ04,2,0.617411696191263,0.3040243867636601,2.9214360829549233
CKSZ01,BPSZ05,3,1.3038524887610565,1.3130027261991426,5.616855214960199
CKSZ01,BPSZ06,1,0.3687634669783575,0.0,1.3687634669783575
CKSZ01,BTSZ01,1,0.2814898817567745,0.0,1.2814898817567744
CKSZ01,CHSZ03,1,0.8218083660190502,0.0,1.82180836601905
CKSZ01,CKSZ01,1,0.7676703866241539,6.807490935810235,8.57516132243439
CKSZ01,CKSZ02,6,2.338199875779174,1.9807850663193876,10.318984942098563
CKSZ01,CKSZ03,11,1.8279994156372232,8.409144578586648,21.23714399422387
CKSZ01,CKSZ04,1,0.5283025072426819,0.47969126353231706,2.007993770774999
CKSZ01,CKSZ06,2,0.8428060811380566,0.7638155277874601,3.6066216089255168
CKSZ01,CLSZ01,1,0.06830461408066457,0.0,1.0683046140806645
CKSZ01,CLSZ02,1,0.1326790276446043,0.0,1.1326790276446044
CKSZ01,CLSZ07,2,0.17890657561453635,0.0,2.1789065756145365
CKSZ01,DTSZ01,1,0.2187917416797604,0.0,1.2187917416797605
CKSZ01,DTSZ05,1,0.1354455159507767,0.0,1.1354455159507766
CKSZ01,DTSZ11,1,0.22927336958591973,0.0,1.2292733695859197
CKSZ01,GLSZ03,2,0.26219550080311926,0.0,2.262195500803119
CKSZ01,HGSZ02,1,0.20843856320549153,0.0,1.2084385632054915
CKSZ01,JESZ05,2,0.6167955473776567,0.0,2.6167955473776567
CKSZ01,JWSZ04,1,0.3707151880200583,0.0,1.3707151880200583
CKSZ01,JWSZ09,1,0.42167754140080754,0.0,1.4216775414008076
CKSZ01,KLSZ03,1,0.0369126905389297,0.0,1.0369126905389296
CKSZ01,MPSZ03,1,0.20701240174119379,0.0,1.2070124017411938
CKSZ01,NVSZ02,1,0.3878405213323962,0.0,1.387840521332396
CKSZ01,NVSZ03,1,0.09591721005240156,0.0,1.0959172100524015
CKSZ01,ORSZ01,1,0.022231975403667125,0.0,1.022231975403667
CKSZ01,ORSZ02,4,0.4696123311984059,0.0,4.469612331198406
CKSZ01,OTSZ01,1,0.026079831555174113,0.0,1.026079831555174
CKSZ01,OTSZ04,1,0.07239056285102538,0.0,1.0723905628510253
CKSZ01,QTSZ02,1,0.08478337962886247,0.0,1.0847833796288624
CKSZ01,QTSZ07,1,0.0,0.0,1.0
CKSZ01,QTSZ08,4,0.5783508707670394,0.0,4.578350870767039
CKSZ01,QTSZ12,1,0.11967393011559425,0.0,1.1196739301155942
CKSZ01,QTSZ13,1,0.15941680085339208,0.0,1.159416800853392
CKSZ01,QTSZ14,1,0.17025829227203199,0.0,1.170258292272032
CKSZ01,SBSZ01,1,0.3089544068170449,0.0,1.308954406817045
CKSZ01,SBSZ03,2,0.262048694358963,0.0,2.262048694358963
CKSZ01,SBSZ09,1,0.34146442083846285,0.0,1.341464420838463
CKSZ01,SGSZ02,1,0.12800873247881892,0.0,1.1280087324788188
CKSZ01,TPSZ02,1,0.2169756610274421,0.0,1.216975661027442
CKSZ01,TSSZ05,1,0.4345631359486221,0.0,1.4345631359486222
CKSZ01,WCSZ01,1,0.2518265837294095,0.0,1.2518265837294096
CKSZ01,WDSZ01,1,0.07410767963653025,0.0,1.0741076796365303
CKSZ01,WDSZ05,1,0.25795038211543525,0.0,1.2579503821154352
CKSZ01,WDSZ08,1,0.08963011626042261,0.0,1.0896301162604227
CKSZ01,WDSZ09,1,0.13022911228247916,0.0,1.1302291122824792
CKSZ01,YSSZ01,1,0.21195764438650297,0.0,1.211957644386503
CKSZ01,YSSZ07,1,0.02456843019690475,0.0,1.0245684301969047
CKSZ02,AMSZ12,2,0.3112704789700562,0.0,2.311270478970056
CKSZ02,BDSZ01,1,0.320010073443868,0.0,1.320010073443868
CKSZ02,BDSZ04,1,0.07874514065831575,0.0,1.0787451406583157
CKSZ02,BKSZ02,1,0.9888153329780268,0.4656364241133178,2.4544517570913444
CKSZ02,BKSZ03,2,1.6937341661182868,0.48056155867850897,4.174295724796796
CKSZ02,BKSZ05,2,1.9690657258882012,0.4147242002918643,4.383789926180065
CKSZ02,BKSZ09,1,0.6344525121513895,0.0,1.6344525121513895
CKSZ02,BMSZ02,1,0.2790760834351405,0.0,1.2790760834351405
CKSZ02,BMSZ04,1,0.2074939092347801,0.0,1.20749390923478
CKSZ02,BMSZ08,2,0.18535019725921617,0.0,2.185350197259216
CKSZ02,BMSZ12,1,0.3397052795345103,0.0,1.3397052795345104
CKSZ02,BMSZ16,1,0.04778398325581938,0.0,1.0477839832558193
CKSZ02,BPSZ02,1,0.5701967671588736,0.04244380874759728,1.6126405759064708
CKSZ02,BPSZ03,1,0.8290790939276498,0.17985806296297163,2.0089371568906214
CKSZ02,BPSZ04,3,0.8136448025802951,0.22930374482148438,4.04294854740178
CKSZ02,BPSZ05,6,2.5447790996383595,0.7993200506674915,9.344099150305851
CKSZ02,BPSZ06,1,0.4680097714757752,0.0,1.4680097714757752
CKSZ02,BSSZ01,1,0.5028410618129422,0.0,1.5028410618129422
CKSZ02,BSSZ03,1,0.3764059271678197,0.0,1.3764059271678197
CKSZ02,BTSZ01,5,1.569531294603287,0.0,6.569531294603287
CKSZ02,BTSZ06,1,0.21468538127535197,0.0,1.214685381275352
CKSZ02,CHSZ02,1,0.15726511164729975,0.0,1.1572651116472998
CKSZ02,CHSZ03,1,0.9546502394875737,0.0,1.9546502394875738
CKSZ02,CKSZ01,5,2.117631986086097,5.10232266553139,12.219954651617488
CKSZ02,CKSZ02,7,1.2239566926890038,5.797994304441823,14.021950997130826
CKSZ02,CKSZ03,14,2.937910854770783,9.911147289007042,26.849058143777825
CKSZ02,CKSZ04,2,2.819067643796255,1.4195311132895516,6.238598757085807
CKSZ02,CKSZ05,1,0.7930967850758394,0.15733689911339513,1.9504336841892345
CKSZ02,CLSZ01,1,0.2061939240289288,0.0,1.2061939240289288
CKSZ02,DTSZ02,5,0.7422319128116962,0.0,5.742231912811696
CKSZ02,DTSZ03,2,0.49451584856433983,0.0,2.49451584856434
CKSZ02,DTSZ05,2,0.345006316741512,0.0,2.345006316741512
CKSZ02,DTSZ08,4,0.45771935664663915,0.0,4.457719356646639
CKSZ02,DTSZ11,1,0.4907543122314007,0.0,1.4907543122314006
CKSZ02,HGSZ08,2,0.3413780195560188,0.0,2.3413780195560188
CKSZ02,JESZ01,1,0.45979231934029297,0.0,1.459792319340293
CKSZ02,JESZ05,2,1.977541468308162,0.0,3.977541468308162
CKSZ02,JESZ06,1,0.1383226428744697,0.0,1.1383226428744697
CKSZ02,JWSZ03,1,0.5789135993754516,0.0,1.5789135993754515
CKSZ02,JWSZ08,1,1.271175724075317,0.0,2.271175724075317
CKSZ02,JWSZ09,1,0.9578554043732204,0.0,1.9578554043732204
CKSZ02,KLSZ06,2,0.48931265800608903,0.0,2.489312658006089
CKSZ02,KLSZ08,2,0.509926033550245,0.0,2.509926033550245
CKSZ02,NTSZ03,1,0.10728779988855473,0.0,1.1072877998885546
CKSZ02,NTSZ05,1,0.0,0.0,1.0
CKSZ02,NVSZ02,2,0.9767678880705367,0.0,2.976767888070537
CKSZ02,NVSZ04,1,0.07661247182953562,0.0,1.0766124718295356
CKSZ02,ORSZ02,1,0.3517927978171206,0.0,1.3517927978171205
CKSZ02,OTSZ03,2,0.7787203966231812,0.0,2.7787203966231813
CKSZ02,PNSZ01,1,0.15183250681144694,0.0,1.151832506811447
CKSZ02,PNSZ05,3,0.0916734533886884,0.0,3.0916734533886885
CKSZ02,QTSZ08,4,1.995478700987339,0.0,5.995478700987339
CKSZ02,QTSZ11,1,0.3751589077755853,0.0,1.3751589077755852
CKSZ02,QTSZ14,1,0.3726950724416914,0.0,1.3726950724416915
CKSZ02,RCSZ01,1,0.18914908409995548,0.0,1.1891490840999555
CKSZ02,RCSZ09,1,0.1363797723198153,0.0,1.1363797723198152
CKSZ02,RCSZ10,1,0.25357222201524543,0.0,1.2535722220152454
CKSZ02,SGSZ06,1,0.28379169983387936,0.0,1.2837916998338794
CKSZ02,SISZ01,1,0.4084112747054982,0.0,1.4084112747054982
CKSZ02,SKSZ05,1,0.0,0.0,1.0
CKSZ02,TMSZ04,1,0.1704566375512051,0.0,1.170456637551205
CKSZ02,TPSZ12,1,0.2466700879422929,0.0,1.246670087942293
CKSZ02,TSSZ04,1,0.35485158290406565,0.0,1.3548515829040657
CKSZ02,TSSZ05,2,1.4372895477794028,0.0,3.437289547779403
CKSZ02,WCSZ01,4,1.4869265545247377,0.0,5.486926554524738
CKSZ02,WDSZ01,1,0.2805535137878268,0.0,1.2805535137878268
CKSZ02,WDSZ03,1,0.5325208810353557,0.0,1.5325208810353557
CKSZ02,YSSZ09,1,0.5325122092358753,0.0,1.5325122092358754
CKSZ03,AMSZ01,2,0.5613372963092853,0.0,2.5613372963092855
CKSZ03,AMSZ03,1,0.19771903734096027,0.0,1.1977190373409603
CKSZ03,AMSZ06,1,0.3563103093083633,0.0,1.3563103093083633
CKSZ03,AMSZ07,1,0.2229816494299404,0.0,1.2229816494299404
CKSZ03,AMSZ12,1,0.15669631088891672,0.0,1.1566963108889168
CKSZ03,BKSZ03,1,0.6150384796525021,0.2525430913212577,1.8675815709737598
CKSZ03,BKSZ04,3,0.26089306698604714,0.9267885984451549,4.187681665431202
CKSZ03,BKSZ05,2,1.3005820676772724,0.0,3.300582067677272
CKSZ03,BKSZ06,1,0.4110713421522188,0.0,1.4110713421522187
CKSZ03,BKSZ07,1,0.4751594067173687,0.0,1.4751594067173688
CKSZ03,BLSZ02,2,0.1430683333332213,0.0,2.1430683333332214
CKSZ03,BLSZ03,1,0.42659968173694923,0.0,1.4265996817369493
CKSZ03,BMSZ01,3,0.8934277151361744,0.0,3.8934277151361742
CKSZ03,BMSZ02,1,0.2280252124507141,0.0,1.228025212450714
CKSZ03,BMSZ04,2,0.24867645269744285,0.0,2.2486764526974428
CKSZ03,BMSZ05,2,0.33725844223741397,0.0,2.337258442237414
CKSZ03,BMSZ07,1,0.3581139459646823,0.0,1.3581139459646823
CKSZ03,BMSZ08,2,0.20607552587706524,0.0,2.2060755258770652
CKSZ03,BMSZ12,2,0.3722091647335076,0.0,2.3722091647335075
CKSZ03,BMSZ15,2,0.141231497135857,0.0,2.141231497135857
CKSZ03,BMSZ17,2,0.2354654508203681,0.0,2.235465450820368
CKSZ03,BPSZ01,1,1.2640841725823762,0.8864503529589087,3.150534525541285
CKSZ03,BPSZ02,2,0.4321276642978317,0.19135540958915584,2.6234830738869874
CKSZ03,BPSZ03,1,0.6351056961559964,0.23752478061830387,1.8726304767743003
CKSZ03,BPSZ04,6,0.686743774506622,1.003156463403685,7.689900237910307
CKSZ03,BPSZ05,9,2.2116322966386823,1.5791089136559984,12.790741210294682
CKSZ03,BSSZ01,1,0.39223091013623856,0.0,1.3922309101362385
CKSZ03,BSSZ03,1,0.30755441476603107,0.0,1.307554414766031
CKSZ03,BTSZ01,1,0.5025018924333647,0.0,1.5025018924333646
CKSZ03,BTSZ06,1,0.12920353519878033,0.0,1.1292035351987804
CKSZ03,CKSZ01,11,1.6239061541158515,7.676974767566904,20.300880921682754
CKSZ03,CKSZ02,14,3.758872566096496,10.115043828770034,27.87391639486653
CKSZ03,CKSZ03,8,2.513868909405823,24.75380232407141,35.26767123347723
CKSZ03,CKSZ04,9,2.073757563051439,8.190697847626309,19.264455410677748
CKSZ03,CKSZ05,5,0.7546215505754681,1.4873605663007199,7.241982116876188
CKSZ03,CKSZ06,9,1.0662959069033469,2.213658088483081,12.279953995386428
CKSZ03,CLSZ03,2,1.2032842836857052,0.0,3.203284283685705
CKSZ03,CLSZ04,4,0.6934373751988799,0.0,4.69343737519888
CKSZ03,CLSZ06,1,0.21101753590929717,0.0,1.2110175359092972
CKSZ03,DTSZ02,1,0.24410591569830042,0.0,1.2441059156983005
CKSZ03,DTSZ05,2,0.2997541777056486,0.0,2.2997541777056485
CKSZ03,DTSZ08,3,0.26570044194713666,0.0,3.2657004419471365
CKSZ03,DTSZ11,3,0.30281607415871653,0.0,3.3028160741587165
CKSZ03,GLSZ02,1,0.21767855840857378,0.0,1.2176785584085739
CKSZ03,GLSZ03,1,0.3500362897333298,0.0,1.3500362897333298
CKSZ03,GLSZ05,1,0.3014807319639312,0.0,1.3014807319639312
CKSZ03,HGSZ08,2,0.2693755655216285,0.0,2.2693755655216283
CKSZ03,JESZ03,2,0.5568196237062197,0.0,2.55681962370622
CKSZ03,JESZ05,9,1.7943494111539713,0.0,10.794349411153972
CKSZ03,JWSZ01,1,0.05374734078280215,0.0,1.0537473407828022
CKSZ03,JWSZ07,1,0.036491669171849185,0.0,1.036491669171849
CKSZ03,JWSZ08,3,1.2186065405527633,0.0,4.218606540552763
CKSZ03,JWSZ09,6,0.8522535454890976,0.0,6.852253545489098
CKSZ03,KLSZ01,1,0.5205983871547131,0.0,1.520598387154713
CKSZ03,KLSZ06,2,0.3982380974048699,0.0,2.39823809740487
CKSZ03,KLSZ07,1,0.3453367243965185,0.0,1.3453367243965184
CKSZ03,ORSZ02,4,0.8876937202619046,0.0,4.887693720261905
CKSZ03,OTSZ03,2,0.6480233252642615,0.0,2.6480233252642615
CKSZ03,OTSZ04,3,0.08814232209042276,0.0,3.0881423220904227
CKSZ03,PLSZ04,1,0.07433507239165553,0.0,1.0743350723916556
CKSZ03,PNSZ01,3,0.2113873309140472,0.0,3.211387330914047
CKSZ03,PRSZ06,1,0.08092380531953333,0.0,1.0809238053195334
CKSZ03,QTSZ02,1,0.17931595931809344,0.0,1.1793159593180935
CKSZ03,QTSZ06,1,0.05108694235477642,0.0,1.0510869423547764
CKSZ03,QTSZ08,7,0.9630835344989163,0.0,7.963083534498916
CKSZ03,QTSZ09,2,0.24287363946564366,0.0,2.2428736394656434
CKSZ03,QTSZ10,1,0.28643182378909254,0.0,1.2864318237890926
CKSZ03,QTSZ11,4,1.2185040377668956,0.0,5.218504037766896
CKSZ03,QTSZ12,1,0.21371036068864738,0.0,1.2137103606886475
CKSZ03,SBSZ03,2,0.5786380759683535,0.0,2.5786380759683536
CKSZ03,SGSZ05,1,0.1951676347073865,0.0,1.1951676347073865
CKSZ03,SKSZ02,1,0.0,0.0,1.0
CKSZ03,SKSZ03,2,0.5909127384420702,0.485967813065856,3.076880551507926
CKSZ03,SRSZ03,1,0.18058500167072702,0.0,1.180585001670727
CKSZ03,TMSZ04,1,0.1544355997624176,0.0,1.1544355997624176
CKSZ03,TPSZ06,1,0.2875978360664697,0.0,1.2875978360664697
CKSZ03,TSSZ03,1,0.09796180157488683,0.0,1.0979618015748869
CKSZ03,TSSZ05,4,1.6381489594948098,0.0,5.63814895949481
CKSZ03,TSSZ06,1,0.032912624613913886,0.0,1.032912624613914
CKSZ03,WCSZ01,5,0.9236577401001782,0.0,5.923657740100178
CKSZ03,WDSZ01,2,0.20831683209336707,0.0,2.208316832093367
CKSZ03,WDSZ02,4,1.0751714289714098,0.0,5.07517142897141
CKSZ03,WDSZ03,3,0.9993997020219493,0.0,3.9993997020219494
CKSZ03,WDSZ06,2,0.45757321950819435,0.0,2.4575732195081943
CKSZ03,WDSZ09,1,0.19928323066074477,0.0,1.1992832306607448
CKSZ03,YSSZ01,1,0.31892500913972227,0.0,1.3189250091397222
CKSZ03,YSSZ08,1,0.09262034596584888,0.0,1.0926203459658488
CKSZ03,YSSZ09,3,1.1876046598913534,0.0,4.187604659891353
CKSZ04,AMSZ01,1,0.23106065935188883,0.0,1.231060659351889
CKSZ04,AMSZ03,1,0.23252745373182088,0.0,1.232527453731821
CKSZ04,BKSZ01,1,0.2444812141673748,0.18624289197025742,1.4307241061376323
CKSZ04,BKSZ02,1,0.5235374098619646,0.07718675689111096,1.6007241667530754
CKSZ04,BKSZ03,1,0.6231166686532684,0.10284540700511284,1.7259620756583811
CKSZ04,BKSZ05,3,1.1192779498958139,0.0,4.119277949895814
CKSZ04,BKSZ07,1,0.42117444108240265,0.0,1.4211744410824028
CKSZ04,BMSZ01,2,0.4514594921817643,0.0,2.4514594921817645
CKSZ04,BMSZ05,1,0.209104891258686,0.0,1.209104891258686
CKSZ04,BPSZ05,4,1.0627174475176113,0.4950475590341933,5.557765006551805
CKSZ04,BPSZ06,1,0.25215502374522963,0.0,1.2521550237452297
CKSZ04,BTSZ01,2,0.5588429817836076,0.0,2.5588429817836076
CKSZ04,BTSZ05,2,0.10931725459742264,0.0,2.1093172545974226
CKSZ04,BTSZ08,1,0.14110034332675955,0.0,1.1411003433267595
CKSZ04,CKSZ01,1,0.7955592901544499,0.22493322755727294,2.020492517711723
CKSZ04,CKSZ02,2,1.3875126423089936,0.6062044294924085,3.9937170718014023
CKSZ04,CKSZ03,15,1.4924218872199178,4.456493222205627,20.948915109425545
CKSZ04,CKSZ04,3,0.590472203820107,6.088602867051194,9.679075070871301
CKSZ04,CKSZ05,1,0.7144062034683565,0.14829650085101756,1.862702704319374
CKSZ04,CKSZ06,3,0.8513967030208275,0.6142409619644228,4.46563766498525
CKSZ04,CLSZ01,1,0.08516598676712335,0.0,1.0851659867671233
CKSZ04,CLSZ06,1,0.22844859645243643,0.0,1.2284485964524365
CKSZ04,CLSZ09,2,0.19931938940152305,0.0,2.199319389401523
CKSZ04,DTSZ01,1,0.29870647684399704,0.0,1.298706476843997
CKSZ04,DTSZ03,1,0.2448713291436928,0.0,1.2448713291436928
CKSZ04,DTSZ05,1,0.1813557537974435,0.0,1.1813557537974435
CKSZ04,DTSZ08,1,0.22224621131690267,0.0,1.2222462113169026
CKSZ04,DTSZ09,1,0.15559971289012237,0.0,1.1555997128901223
CKSZ04,DTSZ11,4,0.12682095975395835,0.0,4.1268209597539585
CKSZ04,DTSZ12,1,0.18169443693747375,0.0,1.1816944369374738
CKSZ04,GLSZ02,2,0.197218383275517,0.0,2.197218383275517
CKSZ04,HGSZ04,1,0.22161106259628394,0.0,1.221611062596284
CKSZ04,JESZ05,3,0.5054136589146153,0.0,3.505413658914615
CKSZ04,JWSZ01,1,0.06264090327793076,0.0,1.0626409032779307
CKSZ04,JWSZ05,1,0.049146039578754595,0.0,1.0491460395787546
CKSZ04,JWSZ09,2,1.1283267908884742,0.0,3.128326790888474
CKSZ04,KLSZ06,1,0.2834132029850525,0.0,1.2834132029850525
CKSZ04,KLSZ07,1,0.3151534507025365,0.0,1.3151534507025364
CKSZ04,KLSZ08,1,0.4065420705946635,0.0,1.4065420705946634
CKSZ04,MUSZ03,1,0.040775921067982765,0.0,1.0407759210679828
CKSZ04,ORSZ02,1,0.28872622542221144,0.0,1.2887262254222114
CKSZ04,OTSZ01,2,0.07203047327497983,0.0,2.07203047327498
CKSZ04,OTSZ03,2,0.6174302283085342,0.0,2.6174302283085344
CKSZ04,OTSZ04,1,0.09034622624903246,0.0,1.0903462262490324
CKSZ04,PNSZ02,1,0.0,0.0,1.0
CKSZ04,PNSZ03,1,0.0,0.0,1.0
CKSZ04,QTSZ08,3,0.7114244405247652,0.0,3.711424440524765
CKSZ04,QTSZ09,1,0.043879961994164655,0.0,1.0438799619941646
CKSZ04,QTSZ10,2,0.283711747632269,0.0,2.283711747632269
CKSZ04,QTSZ11,3,0.582403012289686,0.0,3.582403012289686
CKSZ04,QTSZ12,1,0.14104245879162045,0.0,1.1410424587916204
CKSZ04,QTSZ13,1,0.2388096442606841,0.0,1.2388096442606842
CKSZ04,QTSZ14,1,0.2481996655219889,0.0,1.248199665521989
CKSZ04,QTSZ15,1,0.14488120934121548,0.0,1.1448812093412155
CKSZ04,RCSZ01,1,0.14314950309692615,0.0,1.143149503096926
CKSZ04,RCSZ10,1,0.16132376341443905,0.0,1.161323763414439
CKSZ04,SBSZ08,1,0.0976618114357404,0.0,1.0976618114357404
CKSZ04,SLSZ01,1,0.1602405977475579,0.0,1.1602405977475578
CKSZ04,SRSZ02,1,0.06106706129631416,0.0,1.0610670612963142
CKSZ04,SRSZ03,1,0.16915639268224064,0.0,1.1691563926822406
CKSZ04,SVSZ01,1,0.6142904497168075,0.0,1.6142904497168074
CKSZ04,TMSZ05,3,1.8799756713063798,0.0,4.879975671306379
CKSZ04,TNSZ02,1,0.09004653655434675,0.0,1.0900465365543468
CKSZ04,TPSZ08,1,0.09715335117633152,0.0,1.0971533511763316
CKSZ04,TSSZ04,1,0.22557153294805207,0.0,1.225571532948052
CKSZ04,WDSZ01,1,0.16215732781184378,0.0,1.1621573278118438
CKSZ04,WDSZ02,1,0.45114847449014844,0.0,1.4511484744901484
CKSZ04,WDSZ03,1,0.43152730797320227,0.0,1.4315273079732023
CKSZ04,WDSZ06,1,0.2684326714955187,0.0,1.2684326714955187
CKSZ04,YSSZ01,1,0.21030355745640572,0.0,1.2103035574564056
CKSZ04,YSSZ02,1,0.16779619743906513,0.0,1.1677961974390652
CKSZ05,AMSZ01,3,0.5522804138354498,0.0,3.55228041383545
CKSZ05,AMSZ10,2,0.39003028689726316,0.0,2.390030286897263
CKSZ05,BDSZ04,1,0.1305407406386114,0.0,1.1305407406386114
CKSZ05,BKSZ03,1,0.5208782028016447,0.0,1.5208782028016445
CKSZ05,BKSZ05,2,0.91417731017028,0.0,2.91417731017028
CKSZ05,BLSZ02,1,0.05403648880684113,0.0,1.0540364888068412
CKSZ05,BMSZ01,1,0.3335809856665106,0.0,1.3335809856665106
CKSZ05,BMSZ05,1,0.20134957907000225,0.0,1.2013495790700022
CKSZ05,BMSZ07,1,0.3518251810463618,0.0,1.3518251810463617
CKSZ05,BMSZ09,1,0.04668689437765791,0.0,1.046686894377658
CKSZ05,BPSZ02,1,0.3459634011035052,0.0756495835558983,1.4216129846594037
CKSZ05,BPSZ03,1,0.5992837215720878,0.03348245368541079,1.6327661752574985
CKSZ05,BPSZ04,1,0.3452314003379736,0.0,1.3452314003379735
CKSZ05,BPSZ05,2,0.700986367739375,0.06463840573562984,2.765624773475005
CKSZ05,BTSZ03,1,0.1242531093284928,0.0,1.1242531093284929
CKSZ05,BTSZ06,1,0.07511335260850635,0.0,1.0751133526085064
CKSZ05,CKSZ02,2,0.9218886064607988,0.10719161323937039,3.029080219700169
CKSZ05,CKSZ03,5,1.3647427103939587,0.8589643646884237,7.223707075082382
CKSZ05,CKSZ04,1,0.8712377762103526,0.15119776286069028,2.022435539071043
CKSZ05,CKSZ05,5,3.019460784783096,21.295381688636358,29.314842473419453
CKSZ05,CKSZ06,2,1.903887745069208,0.4136607917306829,4.317548536799891
CKSZ05,DTSZ01,1,0.2662084314480913,0.0,1.2662084314480913
CKSZ05,DTSZ05,4,0.2865516859227518,0.0,4.286551685922752
CKSZ05,DTSZ08,2,0.15638544257384338,0.0,2.1563854425738436
CKSZ05,DTSZ11,1,0.29471143187416804,0.0,1.294711431874168
CKSZ05,JESZ03,1,0.3260267124306281,0.0,1.326026712430628
CKSZ05,JESZ05,8,0.7232969113105471,0.0,8.723296911310547
CKSZ05,JWSZ05,1,0.05586521017093943,0.0,1.0558652101709394
CKSZ05,JWSZ06,1,0.08290608347794909,0.0,1.0829060834779491
CKSZ05,JWSZ08,1,0.5987255713063859,0.0,1.598725571306386
CKSZ05,JWSZ09,1,0.5815568390459671,0.0,1.5815568390459671
CKSZ05,KLSZ01,1,0.39082041551650193,0.0,1.3908204155165018
CKSZ05,KLSZ02,1,0.0834466298804494,0.0,1.0834466298804495
CKSZ05,KLSZ07,1,0.29366766818679824,0.0,1.2936676681867982
CKSZ05,NVSZ02,2,0.6518563146479331,0.0,2.651856314647933
CKSZ05,ORSZ03,2,0.2756411045725015,0.0,2.2756411045725016
CKSZ05,OTSZ03,1,0.3523207750005617,0.0,1.3523207750005617
CKSZ05,PNSZ01,1,0.09086195961133153,0.0,1.0908619596113316
CKSZ05,QTSZ01,1,0.247585789025106,0.0,1.247585789025106
CKSZ05,QTSZ05,1,0.21704135293440838,0.0,1.2170413529344084
CKSZ05,QTSZ07,1,0.0,0.0,1.0
CKSZ05,QTSZ11,6,0.4839595121304262,0.0,6.4839595121304265
CKSZ05,QTSZ12,2,0.12547814807781832,0.0,2.125478148077818
CKSZ05,QTSZ13,1,0.18847645291264215,0.0,1.1884764529126421
CKSZ05,QTSZ14,2,0.25268493153482025,0.0,2.2526849315348203
CKSZ05,RCSZ01,2,0.20419078585649045,0.0,2.2041907858564906
CKSZ05,RCSZ03,1,0.07264603094077021,0.0,1.0726460309407702
CKSZ05,RCSZ05,1,0.06949388773699515,0.0,1.069493887736995
CKSZ05,SBSZ03,1,0.28974646779852936,0.0,1.2897464677985293
CKSZ05,SGSZ02,1,0.10220587229643174,0.0,1.1022058722964316
CKSZ05,SGSZ04,1,0.3852342063833345,0.0,1.3852342063833345
CKSZ05,SRSZ02,1,0.06239367862098367,0.0,1.0623936786209838
CKSZ05,TMSZ02,1,0.19865521907665928,0.0,1.1986552190766593
CKSZ05,TPSZ02,1,0.24736224847802527,0.0,1.2473622484780253
CKSZ05,TPSZ09,1,0.10646771812073183,0.0,1.1064677181207319
CKSZ05,WDSZ02,1,0.4894079126343152,0.0,1.4894079126343152
CKSZ05,WDSZ04,1,0.37818765224955503,0.0,1.378187652249555
CKSZ05,WDSZ09,1,0.07362299171125125,0.0,1.0736229917112512
CKSZ05,YSSZ01,2,0.3506969505293009,0.0,2.3506969505293007
CKSZ05,YSSZ02,1,0.17617794504305503,0.0,1.176177945043055
CKSZ06,AMSZ01,3,0.5597790721034236,0.0,3.5597790721034235
CKSZ06,AMSZ10,2,0.6788902254220353,0.0,2.6788902254220353
CKSZ06,BDSZ04,2,0.14110650589314905,0.0,2.141106505893149
CKSZ06,BKSZ02,1,0.5795597213139883,0.0,1.5795597213139883
CKSZ06,BKSZ03,1,0.5739310727996175,0.0,1.5739310727996174
CKSZ06,BKSZ04,3,0.19866110413707375,0.0,3.1986611041370736
CKSZ06,BKSZ05,1,1.1764329112412015,0.0,2.1764329112412018
CKSZ06,BLSZ01,1,0.2933163538299727,0.0,1.2933163538299728
CKSZ06,BLSZ02,1,0.0934467138650938,0.0,1.0934467138650938
CKSZ06,BLSZ03,1,0.4076595979467212,0.0,1.4076595979467212
CKSZ06,BMSZ01,3,0.6026903669982127,0.0,3.6026903669982127
CKSZ06,BMSZ02,2,0.3663734562579769,0.0,2.366373456257977
CKSZ06,BMSZ04,2,0.22794917168494255,0.0,2.2279491716849424
CKSZ06,BMSZ13,1,0.23603844014636652,0.0,1.2360384401463664
CKSZ06,BMSZ15,1,0.15124566724039445,0.0,1.1512456672403943
CKSZ06,BPSZ02,1,0.5229563863503162,0.12050028623067104,1.6434566725809872
CKSZ06,BPSZ04,1,0.5112535794492209,0.0,1.511253579449221
CKSZ06,BSSZ01,1,0.4612508905383652,0.0,1.4612508905383652
CKSZ06,BTSZ01,1,0.3001864082547853,0.0,1.3001864082547854
CKSZ06,BTSZ05,1,0.12162846694959539,0.0,1.1216284669495953
CKSZ06,BTSZ08,1,0.14763828332050094,0.0,1.147638283320501
CKSZ06,CHSZ03,1,0.32913101785652105,0.0,1.329131017856521
CKSZ06,CKSZ01,2,1.4653642548862824,1.1330091035402925,4.598373358426575
CKSZ06,CKSZ03,7,1.3691720673853864,3.3099664739351216,11.679138541320508
CKSZ06,CKSZ04,2,1.0829715408597642,0.39788136718999007,3.480852908049754
CKSZ06,CKSZ05,1,1.4357996379989035,0.6218827755670654,3.0576824135659693
CKSZ06,CKSZ06,22,3.177335196875272,53.9029926592935,79.08032785616878
CKSZ06,CLSZ02,1,0.12750330502121127,0.0,1.1275033050212113
CKSZ06,CLSZ04,2,0.3600643026617567,0.0,2.3600643026617565
CKSZ06,CLSZ06,1,0.22510614115551034,0.0,1.2251061411555104
CKSZ06,DTSZ01,1,0.31978517253854627,0.0,1.3197851725385463
CKSZ06,DTSZ02,4,0.540680400476078,0.0,4.540680400476078
CKSZ06,DTSZ05,5,0.39737808226128624,0.0,5.3973780822612865
CKSZ06,DTSZ08,1,0.29145289918147005,0.0,1.29145289918147
CKSZ06,DTSZ11,5,0.4383043471656755,0.0,5.438304347165675
CKSZ06,DTSZ12,1,0.2267582375605176,0.0,1.2267582375605177
CKSZ06,GLSZ01,1,0.5822237033041476,0.0,1.5822237033041477
CKSZ06,GLSZ02,1,0.1906348260783841,0.0,1.1906348260783841
CKSZ06,JESZ03,1,0.5671098485282736,0.0,1.5671098485282737
CKSZ06,JESZ05,13,0.4835412909008928,0.0,13.483541290900893
CKSZ06,JWSZ04,1,0.5802283341604891,0.0,1.580228334160489
CKSZ06,JWSZ06,1,0.21406383290081077,0.0,1.2140638329008109
CKSZ06,JWSZ08,3,1.4018009284089783,0.0,4.401800928408978
CKSZ06,JWSZ09,3,0.7334987965074916,0.0,3.7334987965074915
CKSZ06,KLSZ03,2,0.0685756016716435,0.0,2.0685756016716437
CKSZ06,KLSZ06,2,0.41829955461160745,0.0,2.4182995546116075
CKSZ06,KLSZ07,1,0.46533022077023056,0.0,1.4653302207702306
CKSZ06,KLSZ08,2,0.47160237255272636,0.0,2.4716023725527263
CKSZ06,MPSZ02,1,0.1291252423286156,0.0,1.1291252423286156
CKSZ06,MUSZ03,2,0.09582804928938443,0.0,2.0958280492893846
CKSZ06,NTSZ03,2,0.10942695482098802,0.0,2.109426954820988
CKSZ06,NVSZ02,3,0.6369559971646434,0.0,3.6369559971646432
CKSZ06,ORSZ01,1,0.057323784975717475,0.0,1.0573237849757176
CKSZ06,ORSZ02,3,0.6248028049578688,0.0,3.6248028049578687
CKSZ06,PGSZ05,1,0.3946723639815559,0.0,1.394672363981556
CKSZ06,PLSZ04,1,0.0611549170076138,0.0,1.0611549170076138
CKSZ06,PNSZ01,1,0.14913729500671638,0.0,1.1491372950067165
CKSZ06,PNSZ03,1,0.0,0.0,1.0
CKSZ06,QTSZ05,1,0.3782516124915432,0.0,1.3782516124915432
CKSZ06,QTSZ08,3,0.6249767135749017,0.0,3.6249767135749016
CKSZ06,QTSZ10,1,0.38981830052667693,0.0,1.3898183005266769
CKSZ06,QTSZ11,4,0.7957144874314199,0.0,4.79571448743142
CKSZ06,QTSZ12,1,0.231121746761755,0.0,1.231121746761755
CKSZ06,QTSZ14,1,0.4168923149898045,0.0,1.4168923149898045
CKSZ06,RCSZ10,1,0.23306178590430493,0.0,1.233061785904305
CKSZ06,SBSZ07,1,0.0,0.0,1.0
CKSZ06,SBSZ08,1,0.12935599971092468,0.0,1.1293559997109246
CKSZ06,SBSZ09,1,0.6360297856689459,0.0,1.6360297856689459
CKSZ06,SGSZ02,1,0.1825957263536611,0.0,1.182595726353661
CKSZ06,SKSZ01,1,0.4252564604075839,0.0,1.425256460407584
CKSZ06,SKSZ03,1,0.2882482108281294,0.5142025156686013,1.8024507264967307
CKSZ06,SKSZ04,4,1.000370252809118,0.0,5.000370252809118
CKSZ06,SRSZ03,1,0.22265683281728735,0.0,1.2226568328172873
CKSZ06,TMSZ05,1,0.3723810946768112,0.0,1.3723810946768111
CKSZ06,TPSZ01,1,0.1641153627762506,0.0,1.1641153627762506
CKSZ06,TPSZ04,1,0.07219072055493242,0.0,1.0721907205549324
CKSZ06,TPSZ06,1,0.33788212621753616,0.0,1.3378821262175362
CKSZ06,TSSZ02,1,0.3189465815655596,0.0,1.3189465815655597
CKSZ06,TSSZ03,1,0.11431066344450896,0.0,1.114310663444509
CKSZ06,TSSZ05,1,1.020900762069331,0.0,2.020900762069331
CKSZ06,TSSZ06,1,0.016530978626755663,0.0,1.0165309786267556
CKSZ06,WCSZ01,11,0.6499169889964859,0.0,11.649916988996486
CKSZ06,WDSZ01,3,0.23534536400650347,0.0,3.2353453640065033
CKSZ06,WDSZ02,4,0.7331288596053662,0.0,4.733128859605366
CKSZ06,WDSZ06,1,0.43563284317201967,0.0,1.4356328431720198
CKSZ06,YSSZ04,1,0.5219982830778768,0.0,1.5219982830778767
CKSZ06,YSSZ09,1,0.47823142135896396,0.0,1.478231421358964
CLSZ01,BDSZ05,1,0.2211870928851211,0.0,1.2211870928851212
CLSZ01,BKSZ05,1,0.6178820856007058,0.2836033948467467,1.9014854804474526
CLSZ01,BMSZ04,1,0.13909430574546983,0.0,1.1390943057454699
CLSZ01,BMSZ08,1,0.08812648817339919,0.0,1.0881264881733992
CLSZ01,BMSZ13,1,0.05957971762958263,0.0,1.0595797176295827
CLSZ01,BPSZ05,2,0.37692421653454455,0.0,2.3769242165345448
CLSZ01,BTSZ01,3,1.3533040578280882,0.5929756668991866,4.946279724727275
CLSZ01,CKSZ02,1,0.35522010551325195,0.0,1.355220105513252
CLSZ01,CKSZ04,1,0.4289203746085391,0.0,1.428920374608539
CLSZ01,CLSZ05,1,0.2775587738906324,0.04075323126164324,1.3183120051522756
CLSZ01,CLSZ06,2,0.7430793721326475,0.4029892194382921,3.14606859157094
CLSZ01,DTSZ12,1,0.13708754875832965,0.0,1.1370875487583296
CLSZ01,HGSZ04,1,0.1437616216529429,0.0,1.143761621652943
CLSZ01,JESZ01,2,0.8882829043408115,0.061522178612676615,2.949805082953488
CLSZ01,JESZ03,2,0.9451900501644857,1.426001581418438,4.371191631582923
CLSZ01,JESZ05,2,1.7906133898527776,1.1921821201568445,4.982795510009622
CLSZ01,JWSZ02,1,0.28300421036724044,0.0,1.2830042103672405
CLSZ01,JWSZ03,2,0.5343344098655055,0.0,2.5343344098655054
CLSZ01,JWSZ04,1,0.5958191929707016,0.0,1.5958191929707017
CLSZ01,JWSZ08,1,0.5124627107616215,0.0,1.5124627107616215
CLSZ01,JWSZ09,2,0.9434172615539097,0.0,2.94341726155391
CLSZ01,KLSZ06,1,0.23842735827474612,0.0,1.238427358274746
CLSZ01,QTSZ01,1,0.3689350624895947,0.0,1.3689350624895946
CLSZ01,QTSZ05,1,0.2928185262669172,0.0,1.2928185262669172
CLSZ01,QTSZ06,1,0.17892467827397146,0.0,1.1789246782739715
CLSZ01,SBSZ01,1,0.23331157762517313,0.0,1.233311577625173
CLSZ01,SBSZ04,1,0.3392493786892776,0.0,1.3392493786892776
CLSZ01,SESZ02,2,0.20109089782104314,0.0,2.201090897821043
CLSZ01,SESZ03,1,0.3811139123528521,0.0,1.381113912352852
CLSZ01,TMSZ02,1,0.26897009565272045,0.0,1.2689700956527203
CLSZ01,WDSZ03,1,0.3742590441637112,0.0,1.3742590441637113
CLSZ01,YSSZ04,1,0.41984062181990733,0.0,1.4198406218199073
CLSZ01,YSSZ09,1,0.2682089557305548,0.0,1.2682089557305547
CLSZ02,BMSZ02,1,0.0,0.0,1.0
CLSZ02,BMSZ15,1,0.0,0.0,1.0
CLSZ02,BTSZ01,1,0.0,0.0,1.0
CLSZ02,CKSZ01,1,0.0,0.0,1.0
CLSZ02,CLSZ01,1,0.0,0.0,1.0
CLSZ02,DTSZ02,1,0.0,0.0,1.0
CLSZ02,DTSZ12,1,0.0,0.0,1.0
CLSZ02,JWSZ04,1,0.0,0.0,1.0
CLSZ02,MUSZ03,1,0.0,0.0,1.0
CLSZ03,BMSZ16,1,0.04154669982409936,0.0,1.0415466998240994
CLSZ03,CKSZ03,1,0.663296753556453,0.0,1.6632967535564531
CLSZ03,CLSZ04,1,1.2426808224830288,0.3109777798548107,2.5536586023378396
CLSZ03,CLSZ06,2,2.480305575934493,0.4291381588610671,4.90944373479556
CLSZ03,DTSZ05,1,0.3737315625943077,0.0,1.3737315625943076
CLSZ03,JESZ05,1,1.7450302952034904,0.16205794166681903,2.9070882368703095
CLSZ03,JESZ06,1,0.5290356890602483,0.947975916235206,2.4770116052954543
CLSZ03,KLSZ09,1,0.03853297020868543,0.0,1.0385329702086854
CLSZ03,NTSZ03,1,0.08540798553574748,0.0,1.0854079855357475
CLSZ03,NVSZ02,1,0.7423670482254302,0.0,1.74236704822543
CLSZ03,OTSZ03,1,0.5810187901592122,0.0,1.581018790159212
CLSZ03,QTSZ08,1,0.6327376578545518,0.0,1.6327376578545518
CLSZ03,QTSZ10,1,0.4967080565791807,0.1498635424928037,1.6465715990719845
CLSZ03,QTSZ11,2,0.2956887807909072,0.0,2.295688780790907
CLSZ03,QTSZ13,1,0.3925718474119454,0.0,1.3925718474119453
CLSZ03,QTSZ14,1,0.5145052434093639,0.0,1.514505243409364
CLSZ03,TPSZ03,1,0.14483422116274974,0.0,1.1448342211627498
CLSZ04,AMSZ01,1,0.22559585347944647,0.0,1.2255958534794464
CLSZ04,AMSZ02,1,0.21516187008071103,0.0,1.215161870080711
CLSZ04,AMSZ07,1,0.19081007695146068,0.0,1.1908100769514607
CLSZ04,AMSZ08,1,0.08467660892052938,0.0,1.0846766089205293
CLSZ04,BDSZ01,1,0.3090309950450856,0.0,1.3090309950450856
CLSZ04,BDSZ04,1,0.12147895507344648,0.0,1.1214789550734465
CLSZ04,BKSZ02,1,0.19571459241278655,0.0,1.1957145924127865
CLSZ04,BKSZ05,6,2.8186912861507176,0.0,8.818691286150717
CLSZ04,BKSZ07,1,0.34191533838921945,0.0,1.3419153383892195
CLSZ04,BKSZ09,2,0.6917076881259216,0.026089813821084735,2.717797501947006
CLSZ04,BLSZ02,1,0.07097482697437728,0.0,1.0709748269743773
CLSZ04,BMSZ01,2,0.36107344991254775,0.0,2.361073449912548
CLSZ04,BMSZ03,5,0.48338526024248657,0.0,5.483385260242486
CLSZ04,BMSZ04,2,0.1957905011319227,0.0,2.1957905011319228
CLSZ04,BMSZ05,1,0.27757811466660814,0.0,1.277578114666608
CLSZ04,BMSZ06,2,0.6131167131839517,0.0,2.6131167131839517
CLSZ04,BMSZ07,1,0.41394304872927745,0.0,1.4139430487292775
CLSZ04,BMSZ08,1,0.14535218675535153,0.0,1.1453521867553516
CLSZ04,BMSZ10,1,0.11216789598105882,0.0,1.1121678959810588
CLSZ04,BMSZ15,1,0.144295217436905,0.0,1.144295217436905
CLSZ04,BMSZ17,1,0.1568021286185738,0.0,1.156802128618574
CLSZ04,BTSZ01,8,2.008985221885553,1.253956097708554,11.262941319594107
CLSZ04,BTSZ03,2,0.550880059970667,0.6642239182790264,3.2151039782496933
CLSZ04,BTSZ04,2,1.6808457734644973,0.32019143174578724,4.0010372052102845
CLSZ04,BTSZ05,1,0.14099006810456574,0.0,1.1409900681045657
CLSZ04,BTSZ06,3,0.31835326821627835,0.0,3.318353268216278
CLSZ04,CKSZ03,2,0.5018764806185873,0.0,2.5018764806185874
CLSZ04,CKSZ06,2,0.3222936616764966,0.0,2.3222936616764964
CLSZ04,CLSZ02,1,0.26557189656983327,0.7759994361916597,2.041571332761493
CLSZ04,CLSZ03,1,1.0800615945882963,0.9680210347327451,3.0480826293210415
CLSZ04,CLSZ04,3,0.780386838753042,19.61832061551987,23.398707454272913
CLSZ04,CLSZ05,4,1.3420791374504697,1.4156440254385787,6.757723162889048
CLSZ04,CLSZ06,11,1.451723663048043,11.577795911299084,24.029519574347127
CLSZ04,CLSZ07,1,0.7134142842118187,0.14612664396284505,1.8595409281746638
CLSZ04,CLSZ08,1,0.738605523779966,0.16436161937376637,1.9029671431537323
CLSZ04,DTSZ01,2,0.3069510606299349,0.0,2.306951060629935
CLSZ04,DTSZ03,4,0.6610778389450427,0.0,4.661077838945043
CLSZ04,DTSZ04,1,0.11971460141894905,0.0,1.119714601418949
CLSZ04,DTSZ05,3,0.5587944763878699,0.0,3.55879447638787
CLSZ04,DTSZ08,3,0.3360900943232397,0.0,3.33609009432324
CLSZ04,DTSZ09,1,0.13026488777186582,0.0,1.1302648877718657
CLSZ04,DTSZ11,3,0.8187292950461363,0.0,3.8187292950461362
CLSZ04,GLSZ01,1,0.36572136680998507,0.0,1.365721366809985
CLSZ04,GLSZ03,1,0.2693494904540824,0.0,1.2693494904540823
CLSZ04,GLSZ04,1,0.20520729727375578,0.0,1.2052072972737558
CLSZ04,HGSZ06,1,0.31092250956652157,0.0,1.3109225095665216
CLSZ04,HGSZ08,1,0.18796071180939208,0.0,1.187960711809392
CLSZ04,JESZ03,4,0.7094197883125818,0.5944674705663987,5.303887258878981
CLSZ04,JESZ05,9,1.100132121877997,1.9619376825832187,12.062069804461217
CLSZ04,JESZ06,2,0.351841585114569,0.7516014355148147,3.103443020629384
CLSZ04,JESZ08,1,0.29793375070858025,0.06566490533784483,1.363598656046425
CLSZ04,JWSZ01,2,0.11516964691703171,0.0,2.115169646917032
CLSZ04,JWSZ03,1,0.30966769071866135,0.0,1.3096676907186613
CLSZ04,JWSZ04,2,0.45349074303347514,0.0,2.453490743033475
CLSZ04,JWSZ08,2,0.7254363291773502,0.0,2.7254363291773505
CLSZ04,JWSZ09,5,1.2810804116415733,0.0,6.2810804116415735
CLSZ04,KLSZ01,1,0.4098249838712196,0.0,1.4098249838712196
CLSZ04,KLSZ06,1,0.24833018242696614,0.0,1.2483301824269661
CLSZ04,KLSZ08,4,0.6434516454170326,0.0,4.6434516454170325
CLSZ04,MUSZ01,2,0.20204607381942621,0.0,2.2020460738194263
CLSZ04,MUSZ03,1,0.05102500190659045,0.0,1.0510250019065905
CLSZ04,NVSZ02,4,0.626709077034381,0.0,4.626709077034381
CLSZ04,NVSZ03,2,0.19179243271717158,0.0,2.1917924327171714
CLSZ04,ORSZ02,3,0.4646680634426208,0.0,3.4646680634426206
CLSZ04,OTSZ01,1,0.07652495222497488,0.0,1.076524952224975
CLSZ04,OTSZ03,4,0.8103372741536308,0.0,4.810337274153631
CLSZ04,OTSZ04,1,0.07979822044154437,0.0,1.0797982204415444
CLSZ04,PNSZ01,1,0.08779718303083858,0.0,1.0877971830308386
CLSZ04,PNSZ02,1,0.0,0.0,1.0
CLSZ04,PRSZ04,1,0.0,0.0,1.0
CLSZ04,QTSZ01,2,0.60487386367675,0.46647729231179613,3.0713511559885465
CLSZ04,QTSZ03,2,0.29442972404807916,0.0,2.2944297240480793
CLSZ04,QTSZ04,3,0.16264014814038985,0.0,3.16264014814039
CLSZ04,QTSZ05,1,0.261358995966105,0.0,1.2613589959661051
CLSZ04,QTSZ06,2,0.3249087143606503,0.0,2.3249087143606504
CLSZ04,QTSZ07,1,0.0,0.0,1.0
CLSZ04,QTSZ08,11,0.8318410530277548,0.24390928342379048,12.075750336451545
CLSZ04,QTSZ09,2,0.10832891530462344,0.0,2.1083289153046234
CLSZ04,QTSZ10,1,0.36118197310026506,0.4441431303985666,1.8053251034988316
CLSZ04,QTSZ11,6,1.0594856973638174,0.5413439371487329,7.60082963451255
CLSZ04,QTSZ13,1,0.29456950825859074,0.0,1.2945695082585909
CLSZ04,QTSZ14,1,0.34420215821321876,0.0,1.3442021582132186
CLSZ04,QTSZ15,1,0.29502371235655117,0.0,1.2950237123565511
CLSZ04,RCSZ01,1,0.12358765002792296,0.0,1.123587650027923
CLSZ04,RCSZ10,1,0.1361678627879844,0.0,1.1361678627879843
CLSZ04,SESZ02,1,0.20924128892734634,0.0,1.2092412889273463
CLSZ04,SESZ03,1,0.34260925469411074,0.0,1.3426092546941106
CLSZ04,SESZ06,1,0.4236867284077365,0.0,1.4236867284077366
CLSZ04,SGSZ04,1,0.266790299005589,0.0,1.266790299005589
CLSZ04,SGSZ06,3,0.33586221983681525,0.0,3.335862219836815
CLSZ04,SRSZ01,1,0.21004722631768605,0.0,1.210047226317686
CLSZ04,TMSZ04,1,0.04615539040626901,0.0,1.046155390406269
CLSZ04,TMSZ05,1,0.32923503734903103,0.0,1.3292350373490311
CLSZ04,TNSZ01,1,0.3023676706949585,0.0,1.3023676706949585
CLSZ04,TNSZ02,1,0.11684681771226539,0.0,1.1168468177122655
CLSZ04,TNSZ04,1,0.20249949663024494,0.0,1.202499496630245
CLSZ04,TPSZ01,1,0.09022866483570961,0.0,1.0902286648357096
CLSZ04,TPSZ02,1,0.25144788398129164,0.0,1.2514478839812917
CLSZ04,TPSZ03,1,0.10368737882133396,0.0,1.103687378821334
CLSZ04,TPSZ04,1,0.06031452865124289,0.0,1.060314528651243
CLSZ04,TPSZ06,4,0.8291658802490101,0.0,4.82916588024901
CLSZ04,TSSZ05,1,0.7967229643085448,0.0,1.796722964308545
CLSZ04,TSSZ06,1,0.03807792006653604,0.0,1.038077920066536
CLSZ04,WCSZ01,3,0.6997751482765961,0.0,3.699775148276596
CLSZ04,WDSZ02,1,0.3047525831120884,0.0,1.3047525831120885
CLSZ04,WDSZ07,1,0.07260214693549132,0.0,1.0726021469354914
CLSZ04,YSSZ02,1,0.19269262510320292,0.0,1.1926926251032028
CLSZ05,AMSZ01,1,0.14972846597724268,0.0,1.1497284659772427
CLSZ05,BMSZ01,1,0.3149016748369867,0.0,1.3149016748369866
CLSZ05,BMSZ02,2,0.23341775255807426,0.0,2.2334177525580743
CLSZ05,BPSZ05,1,0.36278782727988135,0.0,1.3627878272798815
CLSZ05,BTSZ01,1,0.528268169079168,0.14848424078778025,1.6767524098669482
CLSZ05,BTSZ07,1,0.24555942052109492,0.0,1.245559420521095
CLSZ05,CLSZ01,1,0.1287854251330809,0.22631441075575176,1.3550998358888326
CLSZ05,CLSZ04,3,1.2300829394919237,1.354153717927808,5.584236657419732
CLSZ05,CLSZ05,1,1.1214287386005402,2.7367347972229124,4.8581635358234525
CLSZ05,CLSZ06,2,1.5222854516898592,1.5238087339777198,5.046094185667579
CLSZ05,CLSZ07,1,0.47368585739181884,0.07010817556627125,1.5437940329580901
CLSZ05,CLSZ09,1,0.12280956340454065,0.2637800468820975,1.3865896102866382
CLSZ05,DTSZ11,1,0.23753777284827426,0.0,1.2375377728482744
CLSZ05,GLSZ03,1,0.2571743162191602,0.0,1.2571743162191602
CLSZ05,HGSZ01,1,0.26182619395114776,0.0,1.2618261939511477
CLSZ05,HGSZ04,1,0.19287897042033791,0.0,1.192878970420338
CLSZ05,JESZ01,1,0.3266112347378247,0.0,1.3266112347378247
CLSZ05,JESZ05,3,1.0936529833715734,0.9895314265773005,5.083184409948874
CLSZ05,JESZ08,1,0.9869759532906083,0.49193574470887463,2.478911697999483
CLSZ05,MUSZ01,1,0.10917175877043195,0.0,1.109171758770432
CLSZ05,NVSZ02,1,0.48228666299855016,0.0,1.48228666299855
CLSZ05,ORSZ03,2,0.33093535938875485,0.0,2.330935359388755
CLSZ05,OTSZ03,2,0.6491131074133826,0.0,2.6491131074133825
CLSZ05,QTSZ08,1,0.4355483714355065,0.0,1.4355483714355066
CLSZ05,QTSZ09,1,0.0546908391288815,0.0,1.0546908391288814
CLSZ05,QTSZ11,1,0.14785519005424091,0.19520183411970898,1.34305702417395
CLSZ06,BKSZ02,2,0.3552558335364799,0.0,2.35525583353648
CLSZ06,BKSZ03,1,0.33552459185584277,0.0,1.3355245918558427
CLSZ06,BKSZ09,1,0.33679491271634643,0.009762055930661772,1.346556968647008
CLSZ06,BLSZ03,1,0.17050862087718638,0.0,1.1705086208771864
CLSZ06,BLSZ04,1,0.16735164039088815,0.0,1.1673516403908881
CLSZ06,BMSZ01,2,0.35078805949511715,0.0,2.350788059495117
CLSZ06,BMSZ02,2,0.23292660412763852,0.0,2.2329266041276385
CLSZ06,BMSZ03,1,0.25359635703344147,0.0,1.2535963570334414
CLSZ06,BMSZ04,1,0.14622592255687,0.0,1.14622592255687
CLSZ06,BMSZ05,1,0.26213087633380444,0.0,1.2621308763338044
CLSZ06,BMSZ06,1,0.25281472928023874,0.0,1.2528147292802387
CLSZ06,BMSZ07,2,0.5696009164545925,0.0,2.5696009164545925
CLSZ06,BMSZ08,1,0.16398192813586934,0.0,1.1639819281358694
CLSZ06,BMSZ10,1,0.09508676370300327,0.0,1.0950867637030033
CLSZ06,BMSZ11,2,0.26316068587885477,0.0,2.2631606858788547
CLSZ06,BMSZ17,1,0.17565717535073377,0.0,1.1756571753507337
CLSZ06,BPSZ07,1,0.08964094404711133,0.0,1.0896409440471113
CLSZ06,BTSZ01,4,0.7370776134877912,0.5983078540261543,5.335385467513945
CLSZ06,BTSZ04,1,0.5587674727617165,0.126395380245341,1.6851628530070575
CLSZ06,BTSZ06,1,0.141243065792027,0.0,1.141243065792027
CLSZ06,BTSZ07,1,0.2641056130917274,0.0,1.2641056130917274
CLSZ06,BTSZ08,1,0.18351529108114437,0.0,1.1835152910811444
CLSZ06,CHSZ03,1,0.5334886761353389,0.0,1.533488676135339
CLSZ06,CKSZ02,1,0.47536736002027574,0.0,1.4753673600202757
CLSZ06,CKSZ03,1,0.27194983642440074,0.0,1.2719498364244006
CLSZ06,CKSZ04,2,0.2847776273806898,0.0,2.2847776273806897
CLSZ06,CKSZ05,2,0.18684511139312412,0.0,2.186845111393124
CLSZ06,CLSZ01,2,0.30682756206160205,0.4479534960853864,2.7547810581469885
CLSZ06,CLSZ02,2,0.391830722946786,0.8437529691928057,3.235583692139592
CLSZ06,CLSZ03,1,0.9954743356303843,0.8392515800828826,2.8347259157132667
CLSZ06,CLSZ04,9,1.6022308894361748,11.77567870110314,22.377909590539314
CLSZ06,CLSZ05,2,0.6402104472394156,1.2542217833011555,3.8944322305405707
CLSZ06,CLSZ06,4,2.5515214696054676,31.728659912379428,38.280181381984896
CLSZ06,CLSZ07,3,1.70441486839661,0.9416595774901492,5.646074445886759
CLSZ06,CLSZ08,4,1.4390452509903717,1.9125181597846281,7.351563410775
CLSZ06,CLSZ09,1,0.13983073418938816,0.3553950138017424,1.4952257479911304
CLSZ06,DTSZ01,1,0.2560979544687517,0.0,1.2560979544687516
CLSZ06,DTSZ02,2,0.32815413193571236,0.0,2.328154131935712
CLSZ06,DTSZ03,4,0.4550958500842738,0.0,4.455095850084274
CLSZ06,DTSZ05,1,0.21982690976535493,0.0,1.219826909765355
CLSZ06,DTSZ09,3,0.16129684840401878,0.0,3.1612968484040187
CLSZ06,DTSZ11,1,0.3766630007766314,0.0,1.3766630007766314
CLSZ06,GLSZ01,1,0.3320794351693201,0.0,1.3320794351693201
CLSZ06,GLSZ05,1,0.3025012844046917,0.0,1.3025012844046917
CLSZ06,JESZ01,1,0.21584102352772905,0.0,1.215841023527729
CLSZ06,JESZ02,1,0.29969981980380694,0.0,1.299699819803807
CLSZ06,JESZ03,6,0.8482021194168088,0.5875265810966844,7.435728700513493
CLSZ06,JESZ05,7,1.0031958144911048,0.8919791618334769,8.895174976324583
CLSZ06,JESZ06,1,0.20829803513124764,0.3746711410565874,1.5829691761878348
CLSZ06,JESZ08,6,0.5288742663522836,0.34600318758979215,6.874877453942076
CLSZ06,JWSZ02,3,0.26833877280781726,0.0,3.2683387728078173
CLSZ06,JWSZ03,1,0.29510871758013363,0.0,1.2951087175801337
CLSZ06,JWSZ05,2,0.0996862203117965,0.0,2.0996862203117965
CLSZ06,JWSZ08,4,0.7039446495421298,0.0,4.70394464954213
CLSZ06,JWSZ09,4,0.7135557004071816,0.0,4.7135557004071815
CLSZ06,KLSZ06,1,0.2754414068249847,0.0,1.2754414068249846
CLSZ06,MPSZ01,1,0.12894969154592553,0.0,1.1289496915459256
CLSZ06,OTSZ03,3,0.4770670591916678,0.0,3.477067059191668
CLSZ06,PGSZ04,1,0.22415454576106228,0.0,1.2241545457610623
CLSZ06,PLSZ01,1,0.10709278895291682,0.0,1.1070927889529167
CLSZ06,QTSZ01,2,0.9095925903415193,0.47646286904296237,3.3860554593844814
CLSZ06,QTSZ02,1,0.13583959480376573,0.0,1.1358395948037656
CLSZ06,QTSZ03,1,0.20449781512745693,0.0,1.204497815127457
CLSZ06,QTSZ05,1,0.2758326826539617,0.0,1.2758326826539617
CLSZ06,QTSZ08,5,0.654584369849612,0.216279855204119,5.870864225053731
CLSZ06,QTSZ09,1,0.05084802958618414,0.0,1.0508480295861842
CLSZ06,QTSZ11,1,0.230761582062439,0.26818834253738194,1.4989499245998208
CLSZ06,QTSZ13,3,0.3436150659654439,0.005686272023999068,3.349301337989443
CLSZ06,QTSZ14,2,0.4127488677812722,0.0,2.4127488677812723
CLSZ06,QTSZ15,2,0.26553516558344104,0.0,2.265535165583441
CLSZ06,RVSZ05,1,0.0912035221577798,0.0,1.0912035221577798
CLSZ06,SBSZ01,1,0.2612537095203283,0.0,1.2612537095203282
CLSZ06,SESZ02,1,0.17428001465585016,0.0,1.17428001465585
CLSZ06,SKSZ02,1,0.0,0.0,1.0
CLSZ06,SKSZ04,1,0.15252731816196485,0.0,1.1525273181619649
CLSZ06,TNSZ03,1,0.028275445293877505,0.0,1.0282754452938776
CLSZ06,TPSZ02,1,0.25504482903809494,0.0,1.255044829038095
CLSZ06,TPSZ08,1,0.03286058121191976,0.0,1.0328605812119198
CLSZ06,TSSZ03,1,0.061962259691164666,0.0,1.0619622596911646
CLSZ07,AMSZ01,1,0.14862468665979842,0.0,1.1486246866597984
CLSZ07,AMSZ12,1,0.09102894766623594,0.0,1.091028947666236
CLSZ07,BDSZ01,1,0.17016305945553595,0.0,1.170163059455536
CLSZ07,BKSZ02,1,0.23612706496608904,0.0,1.2361270649660892
CLSZ07,BKSZ05,1,0.4394671619924735,0.0,1.4394671619924735
CLSZ07,BKSZ06,1,0.2575223904623614,0.0,1.2575223904623614
CLSZ07,BMSZ03,1,0.26320608837145665,0.0,1.2632060883714566
CLSZ07,BMSZ09,1,0.025890533010925046,0.0,1.0258905330109251
CLSZ07,BMSZ11,1,0.07143492865652827,0.0,1.0714349286565283
CLSZ07,BMSZ15,1,0.0471207922399064,0.0,1.0471207922399064
CLSZ07,BMSZ17,1,0.13004285353969347,0.0,1.1300428535396936
CLSZ07,BPSZ02,1,0.08965210921881572,0.0,1.0896521092188158
CLSZ07,BPSZ07,1,0.026964468534445552,0.0,1.0269644685344455
CLSZ07,BTSZ01,1,0.32010121540383407,0.0,1.320101215403834
CLSZ07,BTSZ07,1,0.21753016501576902,0.022168448421964103,1.2396986134377332
CLSZ07,CKSZ01,2,0.5046203725209681,0.0,2.504620372520968
CLSZ07,CLSZ03,1,0.4775406329757101,0.16370317547112614,1.6412438084468364
CLSZ07,CLSZ04,1,0.5846079779610851,0.06913115415848886,1.653739132119574
CLSZ07,CLSZ05,1,0.13932294089162076,0.05875569291688965,1.1980786338085105
CLSZ07,CLSZ06,1,0.6141610838702353,0.13903840356084016,1.7531994874310755
CLSZ07,CLSZ07,3,1.0431265512997592,8.16776253482685,12.210889086126608
CLSZ07,DTSZ01,1,0.18729263244571856,0.0,1.1872926324457185
CLSZ07,DTSZ03,1,0.21483539613901378,0.0,1.2148353961390137
CLSZ07,DTSZ05,1,0.16678710440876054,0.0,1.1667871044087605
CLSZ07,DTSZ11,1,0.19775572981262296,0.0,1.197755729812623
CLSZ07,HGSZ06,1,0.2830932152000555,0.0,1.2830932152000556
CLSZ07,JESZ05,5,0.5473988489697537,0.0,5.547398848969753
CLSZ07,JWSZ09,1,0.4344465490777968,0.0,1.434446549077797
CLSZ07,KLSZ09,1,0.03326649906289252,0.0,1.0332664990628926
CLSZ07,MDSZ02,1,0.08071280264615649,0.0,1.0807128026461565
CLSZ07,MUSZ01,1,0.07953848035819615,0.0,1.0795384803581962
CLSZ07,NVSZ02,1,0.3594319611822942,0.0,1.3594319611822943
CLSZ07,ORSZ02,1,0.27129547517644786,0.0,1.2712954751764478
CLSZ07,PGSZ02,1,0.10456133848152382,0.0,1.1045613384815238
CLSZ07,PGSZ04,1,0.11297239692739611,0.0,1.1129723969273961
CLSZ07,PRSZ03,1,0.19937808115913497,0.0,1.199378081159135
CLSZ07,QTSZ04,1,0.0666302032239077,0.044421329781971504,1.1110515330058792
CLSZ07,QTSZ07,1,0.0,0.0,1.0
CLSZ07,QTSZ11,2,0.5201028231713899,0.33421145317232437,2.854314276343714
CLSZ07,QTSZ12,1,0.23308899355987867,0.0,1.2330889935598788
CLSZ07,QTSZ13,1,0.29563705436710713,0.0008648216925963895,1.2965018760597036
CLSZ07,QTSZ14,1,0.2870041565051037,0.0,1.2870041565051036
CLSZ07,SBSZ03,1,0.2551626923168303,0.0,1.2551626923168304
CLSZ07,SGSZ01,1,0.09772241928828745,0.0,1.0977224192882875
CLSZ07,SGSZ02,1,0.1207808637573593,0.0,1.1207808637573593
CLSZ07,TPSZ06,1,0.18132953751638242,0.0,1.1813295375163824
CLSZ07,TSSZ02,1,0.16368292855924393,0.0,1.1636829285592438
CLSZ07,WCSZ01,1,0.2226309296368384,0.0,1.2226309296368383
CLSZ07,WDSZ06,1,0.27532814970077374,0.0,1.2753281497007738
CLSZ07,WDSZ09,1,0.10987671263065182,0.0,1.109876712630652
CLSZ08,AMSZ06,1,0.4666079930856408,0.0,1.4666079930856408
CLSZ08,BKSZ03,1,0.2852184758855571,0.0,1.2852184758855572
CLSZ08,BKSZ05,1,0.6494413540673887,0.0,1.6494413540673887
CLSZ08,BMSZ01,3,0.675705440165074,0.0,3.675705440165074
CLSZ08,BMSZ05,1,0.28109536662886575,0.0,1.2810953666288658
CLSZ08,BTSZ01,1,0.49085348547233015,0.0,1.49085348547233
CLSZ08,CLSZ04,2,0.9697385545508931,0.4615447088500254,3.4312832634009185
CLSZ08,CLSZ06,5,2.4709678666451764,1.9710796880140122,9.442047554659188
CLSZ08,CLSZ08,6,1.5311503297563538,8.864641441136957,16.39579177089331
CLSZ08,CLSZ09,1,0.12556242029071682,0.16284457833192734,1.2884069986226443
CLSZ08,DTSZ01,1,0.29390819361490317,0.0,1.2939081936149033
CLSZ08,DTSZ02,1,0.24847633418338766,0.0,1.2484763341833878
CLSZ08,DTSZ05,1,0.2864905038893959,0.0,1.286490503889396
CLSZ08,DTSZ06,2,0.07312366135266136,0.0,2.0731236613526614
CLSZ08,DTSZ09,1,0.19443629720623853,0.0,1.1944362972062386
CLSZ08,DTSZ10,2,0.07309061703537635,0.0,2.0730906170353762
CLSZ08,DTSZ11,1,0.4330520976235991,0.0,1.433052097623599
CLSZ08,DTSZ12,1,0.1767919740825842,0.0,1.1767919740825843
CLSZ08,JESZ05,1,0.6931432482478426,0.0,1.6931432482478426
CLSZ08,JESZ08,2,0.6958346746065136,0.4786018475596497,3.1744365221661632
CLSZ08,KLSZ03,1,0.0412096636627102,0.0,1.0412096636627102
CLSZ08,MUSZ03,1,0.06461299489032611,0.0,1.064612994890326
CLSZ08,OTSZ03,1,0.4058415813449603,0.0,1.4058415813449603
CLSZ08,QTSZ08,2,0.959509256176758,0.073053572008539,3.0325628281852968
CLSZ08,QTSZ10,1,0.5834669157528086,0.2789180900708124,1.862385005823621
CLSZ08,QTSZ11,2,0.3333980593033906,0.7028453719655305,3.036243431268921
CLSZ08,QTSZ13,2,0.6081953217194666,0.0065548217111251,2.6147501434305918
CLSZ08,QTSZ14,2,0.772232495254338,0.0,2.772232495254338
CLSZ08,RCSZ01,1,0.12269008156085179,0.0,1.1226900815608518
CLSZ08,RCSZ08,1,0.0,0.0,1.0
CLSZ08,TNSZ01,1,0.21259172114540634,0.0,1.2125917211454063
CLSZ08,TPSZ01,1,0.09124099951783983,0.0,1.0912409995178398
CLSZ08,TSSZ04,1,0.2960483924317288,0.0,1.2960483924317288
CLSZ08,TSSZ05,1,0.5197068587208199,0.0,1.51970685872082
CLSZ08,WCSZ01,1,0.3440748041252028,0.0,1.3440748041252029
CLSZ08,WDSZ03,1,0.5304919659938777,0.0,1.5304919659938778
CLSZ09,AMSZ02,2,0.061414873312662356,0.0,2.0614148733126623
CLSZ09,BKSZ02,1,0.0967565144742878,0.0,1.096756514474288
CLSZ09,BKSZ05,3,0.30626232011541527,0.0,3.3062623201154153
CLSZ09,BMSZ11,1,0.016074751834915708,0.0,1.0160747518349158
CLSZ09,CKSZ02,1,0.06414281552133952,0.0,1.0641428155213395
CLSZ09,CKSZ03,1,0.13528367176719286,0.0,1.1352836717671928
CLSZ09,CLSZ04,2,0.22983012113988416,0.0,2.229830121139884
CLSZ09,CLSZ06,2,0.3159735473853483,0.0,2.315973547385348
CLSZ09,CLSZ09,1,0.10261073435617954,0.0,1.1026107343561795
CLSZ09,HGSZ02,1,0.053193889444877206,0.0,1.0531938894448771
CLSZ09,JESZ02,1,0.048241076005574625,0.0,1.0482410760055747
CLSZ09,JESZ03,2,0.18230871219074415,0.0,2.182308712190744
CLSZ09,JESZ05,1,0.17151553330238625,0.0,1.1715155333023863
CLSZ09,JWSZ02,1,0.11392276118328527,0.0,1.1139227611832854
CLSZ09,JWSZ03,1,0.09580813521943495,0.0,1.0958081352194349
CLSZ09,JWSZ04,1,0.22948612438702815,0.0,1.229486124387028
CLSZ09,JWSZ09,2,0.27552887717395624,0.0,2.275528877173956
CLSZ09,OTSZ01,1,0.007988898070707856,0.0,1.007988898070708
CLSZ09,QTSZ02,1,0.03523180994365787,0.0,1.035231809943658
CLSZ09,QTSZ13,1,0.05135381508147177,0.0,1.0513538150814719
CLSZ09,SBSZ03,1,0.09543912402911106,0.0,1.095439124029111
CLSZ09,SESZ04,1,0.10973875199452096,0.0,1.109738751994521
CLSZ09,SGSZ07,1,0.07938378280990069,0.0,1.0793837828099007
CLSZ09,TMSZ03,1,0.12250935925411896,0.0,1.1225093592541189
DTSZ01,AMSZ01,2,0.46227793633891723,0.0,2.4622779363389173
DTSZ01,AMSZ02,1,0.2539975356316307,0.0,1.2539975356316306
DTSZ01,AMSZ05,2,0.6691531724609504,0.0,2.6691531724609505
DTSZ01,AMSZ06,1,0.25583966984328327,0.0,1.2558396698432832
DTSZ01,BDSZ01,1,0.5876807411712546,0.0,1.5876807411712546
DTSZ01,BDSZ02,1,0.42797011636103244,0.0,1.4279701163610325
DTSZ01,BDSZ03,4,0.5738796846156482,0.0,4.573879684615648
DTSZ01,BDSZ04,5,0.43990907374609095,0.0,5.439909073746091
DTSZ01,BDSZ05,2,0.6232445142797588,0.0,2.623244514279759
DTSZ01,BDSZ06,1,0.9154952270056085,0.0,1.9154952270056085
DTSZ01,BDSZ07,1,0.3708970948936705,0.0,1.3708970948936705
DTSZ01,BKSZ06,1,0.11879275123086122,0.0,1.1187927512308613
DTSZ01,BKSZ07,1,0.18651843026148957,0.0,1.1865184302614895
DTSZ01,BKSZ09,1,0.2395205135734467,0.0,1.2395205135734466
DTSZ01,BMSZ01,1,0.31737493685859947,0.0,1.3173749368585994
DTSZ01,BMSZ04,3,0.22889752405080221,0.0,3.228897524050802
DTSZ01,BMSZ06,1,0.4408867557922315,0.0,1.4408867557922316
DTSZ01,BMSZ09,1,0.15052030929429625,0.04184528247858959,1.1923655917728857
DTSZ01,BMSZ10,2,0.22353698173531047,0.07649299745012508,2.3000299791854357
DTSZ01,BMSZ11,1,0.2789861287187185,0.0,1.2789861287187185
DTSZ01,BMSZ12,1,0.25668193521700783,0.0,1.2566819352170078
DTSZ01,BMSZ13,1,0.2696809243714572,0.0,1.2696809243714573
DTSZ01,BPSZ01,1,0.29203839969011325,0.0,1.2920383996901132
DTSZ01,BPSZ02,1,0.14285361870669508,0.0,1.142853618706695
DTSZ01,BPSZ03,1,0.19034246995857318,0.0,1.1903424699585732
DTSZ01,BPSZ04,3,0.18195130498459589,0.0,3.181951304984596
DTSZ01,BPSZ05,4,0.16669829792544116,0.0,4.166698297925441
DTSZ01,BSSZ02,1,0.3709360216215714,0.0,1.3709360216215714
DTSZ01,BSSZ03,1,0.40318956654353655,0.0,1.4031895665435365
DTSZ01,BTSZ01,1,0.2894936433897637,0.0,1.2894936433897637
DTSZ01,BTSZ06,1,0.13712882999364065,0.0,1.1371288299936406
DTSZ01,BTSZ07,1,0.20071716868688855,0.0,1.2007171686868885
DTSZ01,CKSZ01,1,0.33260105868504,0.0,1.3326010586850399
DTSZ01,CLSZ03,1,0.24418088193508114,0.0,1.244180881935081
DTSZ01,CLSZ04,2,0.2531510164387481,0.0,2.253151016438748
DTSZ01,CLSZ06,1,0.17279896832675062,0.0,1.1727989683267506
DTSZ01,CLSZ07,1,0.2109578592258094,0.0,1.2109578592258095
DTSZ01,DTSZ01,5,2.4213583685091487,24.563143001880583,31.98450137038973
DTSZ01,DTSZ02,1,0.32336300622817626,1.6046994334853566,2.928062439713533
DTSZ01,DTSZ03,1,0.3393262732561179,0.6765519755204912,2.015878248776609
DTSZ01,DTSZ05,2,0.509859957883299,0.9691525750613984,3.4790125329446973
DTSZ01,DTSZ11,2,0.589431955415855,0.7776573003306056,3.367089255746461
DTSZ01,GLSZ03,1,0.42742687837177634,0.0,1.4274268783717763
DTSZ01,GLSZ04,6,1.1143983360908707,0.0,7.11439833609087
DTSZ01,GLSZ05,3,0.6635222138737433,0.0,3.663522213873743
DTSZ01,HGSZ02,1,0.2651995982442147,0.0,1.2651995982442146
DTSZ01,HGSZ04,1,0.25336319355602827,0.0,1.2533631935560283
DTSZ01,HGSZ05,1,0.32248094846584796,0.0,1.322480948465848
DTSZ01,HGSZ06,1,0.2805253206181952,0.0,1.2805253206181952
DTSZ01,HGSZ07,1,0.3222341151936226,0.0,1.3222341151936226
DTSZ01,HGSZ08,1,0.2779128417837861,0.0,1.2779128417837862
DTSZ01,JESZ01,1,0.27349556200282804,0.0,1.273495562002828
DTSZ01,JESZ05,3,0.3799118632108566,0.0,3.3799118632108565
DTSZ01,JWSZ08,3,0.606165747433015,0.0,3.606165747433015
DTSZ01,JWSZ09,4,0.5725091027487464,0.0,4.572509102748747
DTSZ01,KLSZ01,3,1.1150848383385878,1.0140068129819895,5.129091651320577
DTSZ01,KLSZ02,2,0.2711945107941604,0.07897146501722933,2.3501659758113895
DTSZ01,KLSZ06,2,0.8540003216184231,1.2082075588676702,4.062207880486094
DTSZ01,KLSZ08,1,0.3762575422441457,0.3701641232592574,1.746421665503403
DTSZ01,KLSZ09,1,0.11399464921789375,0.37142750650326234,1.4854221557211562
DTSZ01,MPSZ01,2,0.31322008231583853,0.0,2.3132200823158384
DTSZ01,MPSZ03,3,0.9131516996382124,0.0,3.9131516996382123
DTSZ01,MUSZ01,2,0.1785519311848898,0.9058364689754834,3.084388400160373
DTSZ01,NVSZ01,3,1.0521988763801489,0.8375565596942016,4.88975543607435
DTSZ01,NVSZ02,4,0.9862052136736569,0.0,4.9862052136736565
DTSZ01,ORSZ02,2,0.4240850518437622,0.16875134697456728,2.592836398818329
DTSZ01,ORSZ03,1,0.16886054114235943,0.0,1.1688605411423594
DTSZ01,OTSZ03,3,0.5687946181540361,1.6735548457566596,5.242349463910696
DTSZ01,OTSZ04,2,0.18248297100124003,0.0,2.18248297100124
DTSZ01,PGSZ03,2,0.26705157250782774,0.0,2.2670515725078277
DTSZ01,PGSZ04,3,0.5441490482902724,0.0,3.544149048290272
DTSZ01,PRSZ02,1,0.3575494698877781,0.0,1.3575494698877781
DTSZ01,PRSZ03,5,0.6814548506333815,0.0,5.681454850633381
DTSZ01,PRSZ05,1,0.5484228757797959,0.0,1.5484228757797958
DTSZ01,QTSZ01,1,0.23421777994137657,0.0,1.2342177799413765
DTSZ01,QTSZ05,1,0.27880056043953294,0.0,1.278800560439533
DTSZ01,QTSZ07,1,0.0,0.0,1.0
DTSZ01,RCSZ01,1,0.17771814341532696,0.12625140634258572,1.3039695497579127
DTSZ01,RCSZ02,1,0.14123191726022502,0.2844908366887797,1.4257227539490047
DTSZ01,RCSZ03,1,0.19254903446521518,0.5328185554569778,1.725367589922193
DTSZ01,RCSZ10,2,0.5593885705803748,10.718660078619537,13.278048649199912
DTSZ01,RVSZ05,2,0.698190014219951,0.0,2.698190014219951
DTSZ01,SBSZ05,1,0.02009769119528463,0.0,1.0200976911952846
DTSZ01,SESZ03,2,0.5827158751243303,0.0,2.58271587512433
DTSZ01,SESZ04,1,0.37201293672288493,0.0,1.3720129367228848
DTSZ01,SESZ06,2,0.6746549742463263,0.0,2.674654974246326
DTSZ01,SGSZ01,1,0.42542009140304576,0.0,1.4254200914030457
DTSZ01,SGSZ03,1,0.31266854834842456,0.0,1.3126685483484246
DTSZ01,SGSZ04,1,0.511261829939104,0.0,1.5112618299391039
DTSZ01,SGSZ06,3,0.47337007369078554,0.0,3.4733700736907855
DTSZ01,TMSZ02,2,0.5473596584756149,0.0,2.5473596584756146
DTSZ01,TMSZ04,1,0.19299406633259636,0.0,1.1929940663325964
DTSZ01,TMSZ05,1,0.2626524383860722,0.0,1.2626524383860722
DTSZ01,TNSZ01,1,0.416699434172472,0.0,1.4166994341724721
DTSZ01,TPSZ01,2,0.26078006277257443,0.0,2.2607800627725743
DTSZ01,TPSZ02,1,0.4104885525339012,0.0,1.4104885525339013
DTSZ01,TPSZ04,1,0.1394182127726692,0.0,1.1394182127726693
DTSZ01,TPSZ07,1,0.17332601579489706,0.0,1.173326015794897
DTSZ01,TPSZ09,1,0.24596019564336988,0.0,1.24596019564337
DTSZ01,WDSZ02,1,0.32658449280746304,0.0,1.326584492807463
DTSZ01,WDSZ03,5,0.9885992578262944,0.0,5.988599257826294
DTSZ01,WDSZ04,3,0.34697369585047033,0.0,3.3469736958504703
DTSZ01,WDSZ09,1,0.0770670538121499,0.0,1.0770670538121498
DTSZ01,YSSZ03,1,0.31097070390226184,0.0,1.3109707039022618
DTSZ01,YSSZ04,2,0.408404179674327,0.0,2.408404179674327
DTSZ01,YSSZ09,3,0.49744692715613026,0.0,3.49744692715613
DTSZ02,AMSZ01,5,0.7407164293712429,0.0,5.740716429371243
DTSZ02,AMSZ02,1,0.43017833058634525,0.0,1.4301783305863451
DTSZ02,AMSZ03,1,0.44559282972013053,0.0,1.4455928297201306
DTSZ02,AMSZ04,1,0.13017912647610808,0.0,1.130179126476108
DTSZ02,AMSZ06,2,0.4475972861676744,0.0,2.4475972861676745
DTSZ02,AMSZ07,1,0.3610046343058456,0.0,1.3610046343058455
DTSZ02,AMSZ09,1,0.29486678484035694,0.0,1.294866784840357
DTSZ02,AMSZ11,1,0.03129932748837967,0.0,1.0312993274883797
DTSZ02,BDSZ01,1,0.7023942528295288,0.0,1.7023942528295288
DTSZ02,BDSZ02,3,0.5417472694494404,0.0,3.5417472694494405
DTSZ02,BDSZ03,2,0.9272710203599737,0.0,2.9272710203599734
DTSZ02,BDSZ04,9,1.320953368332353,0.0,10.320953368332352
DTSZ02,BDSZ05,2,1.0598924775816891,0.0,3.0598924775816894
DTSZ02,BDSZ06,4,1.9929683739344026,0.0,5.992968373934403
DTSZ02,BKSZ05,1,0.5460640725768974,0.0,1.5460640725768973
DTSZ02,BKSZ06,1,0.15671935004174056,0.0,1.1567193500417405
DTSZ02,BKSZ07,2,0.5183269728868707,0.0,2.5183269728868707
DTSZ02,BLSZ02,1,0.10447989872938696,0.0,1.104479898729387
DTSZ02,BMSZ02,1,0.3824293083793494,0.0,1.3824293083793493
DTSZ02,BMSZ04,5,0.46787509883219763,0.41514059566223843,5.8830156944944365
DTSZ02,BMSZ06,2,0.6765008851378462,0.0,2.6765008851378465
DTSZ02,BMSZ07,1,0.7765049612443052,0.0,1.7765049612443051
DTSZ02,BMSZ08,4,0.3309666528887241,0.18941242027924096,4.520379073167965
DTSZ02,BMSZ09,4,0.5282767674453563,0.09123348716752579,4.619510254612882
DTSZ02,BMSZ10,1,0.49168570414812907,0.0425566241137158,1.534242328261845
DTSZ02,BMSZ13,2,0.4559707212341336,0.0,2.4559707212341335
DTSZ02,BPSZ02,1,0.1363492297613974,0.0,1.1363492297613975
DTSZ02,BPSZ04,3,0.25385681124821297,0.0,3.253856811248213
DTSZ02,BPSZ05,1,0.391993225719208,0.0,1.391993225719208
DTSZ02,BSSZ01,4,1.3591003724495,0.0,5.3591003724495
DTSZ02,BSSZ02,4,0.9462861559283637,0.0,4.946286155928364
DTSZ02,BSSZ03,1,0.672026299575109,0.0,1.672026299575109
DTSZ02,BTSZ01,4,1.2161981113570421,0.0,5.216198111357042
DTSZ02,BTSZ03,3,0.2841531534727596,0.0,3.2841531534727597
DTSZ02,BTSZ05,2,0.3307592833978704,0.0,2.3307592833978705
DTSZ02,CKSZ02,3,0.4166002680804997,0.0,3.4166002680805
DTSZ02,CKSZ03,1,0.45270411757372536,0.0,1.4527041175737254
DTSZ02,CKSZ04,1,0.20764170250314976,0.0,1.2076417025031498
DTSZ02,CKSZ06,5,0.021299094270347447,0.0,5.021299094270347
DTSZ02,CLSZ02,1,0.11564932218466713,0.0,1.115649322184667
DTSZ02,CLSZ03,1,0.3560093126132512,0.0,1.356009312613251
DTSZ02,CLSZ05,1,0.4906172372680313,0.0,1.4906172372680313
DTSZ02,CLSZ06,3,0.18797666259303503,0.0,3.187976662593035
DTSZ02,CLSZ08,1,0.29815970417485277,0.0,1.2981597041748527
DTSZ02,DTSZ01,1,0.5308920049085804,0.3729489669580084,1.9038409718665887
DTSZ02,DTSZ02,3,1.4799465147031028,55.57034174689826,60.05028826160136
DTSZ02,DTSZ03,2,1.5284603318315682,0.5691923760869962,4.097652707918565
DTSZ02,DTSZ04,1,0.22495963226557214,0.0,1.224959632265572
DTSZ02,DTSZ05,6,0.6313132078615992,3.3986504808101716,10.02996368867177
DTSZ02,DTSZ07,1,0.15131529498100402,0.38626951733629367,1.5375848123172977
DTSZ02,DTSZ08,4,0.2938471967740254,7.357268424654074,11.651115621428099
DTSZ02,DTSZ09,1,0.29540427610816816,0.0224523545946268,1.3178566307027948
DTSZ02,DTSZ11,1,0.49970236764688786,0.4878356447509708,1.9875380123978588
DTSZ02,DTSZ12,1,0.400277414194748,0.0707654209734807,1.4710428351682288
DTSZ02,GLSZ02,4,0.27242592413488764,0.0,4.272425924134888
DTSZ02,GLSZ03,1,0.6228064693406974,0.0,1.6228064693406974
DTSZ02,GLSZ04,5,2.2400161802162573,0.0,7.240016180216257
DTSZ02,GLSZ05,5,1.6376643227722512,0.0,6.637664322772251
DTSZ02,HGSZ02,1,0.32341081232783314,0.0,1.3234108123278332
DTSZ02,HGSZ03,1,0.45423088561118297,0.0,1.454230885611183
DTSZ02,HGSZ04,1,0.48574699704498336,0.0,1.4857469970449833
DTSZ02,HGSZ05,1,0.568771855061572,0.0,1.5687718550615721
DTSZ02,HGSZ06,3,1.3512983687807365,0.0,4.3512983687807365
DTSZ02,HGSZ07,1,0.35238931084257863,0.0,1.3523893108425786
DTSZ02,JESZ01,1,0.29908602504969717,0.0,1.2990860250496972
DTSZ02,JESZ03,1,0.5352149171271091,0.0,1.5352149171271092
DTSZ02,JESZ04,1,0.12720994362077892,0.0,1.127209943620779
DTSZ02,JESZ05,3,0.6059027522151208,0.0,3.605902752215121
DTSZ02,JWSZ02,2,0.39778188879052695,0.0,2.397781888790527
DTSZ02,JWSZ03,1,0.23795627488075213,0.0,1.2379562748807522
DTSZ02,JWSZ04,4,0.5940936345688091,0.0,4.594093634568809
DTSZ02,JWSZ08,2,0.5976029919722753,0.0,2.597602991972275
DTSZ02,JWSZ09,3,0.6018956632292649,0.0,3.601895663229265
DTSZ02,KLSZ01,4,0.8954852456160701,0.1980693659228143,5.093554611538885
DTSZ02,KLSZ03,2,0.2639577115810771,0.03185834803994326,2.2958160596210204
DTSZ02,KLSZ06,5,1.168640901379494,0.3953446061536647,6.563985507533158
DTSZ02,MUSZ01,3,0.363592047924471,1.0853701943461171,4.448962242270588
DTSZ02,NVSZ01,2,1.4344923382652992,0.0,3.434492338265299
DTSZ02,NVSZ03,1,0.32941053389427616,0.0,1.329410533894276
DTSZ02,ORSZ01,1,0.11994022696266224,0.0,1.1199402269626622
DTSZ02,ORSZ02,8,2.081618784280763,1.9759304413854246,12.057549225666188
DTSZ02,ORSZ03,3,0.37873670764205586,1.3538334389904274,4.732570146632483
DTSZ02,OTSZ01,1,0.11081124381679514,0.17256675942448568,1.283378003241281
DTSZ02,OTSZ03,6,1.1299719364914882,0.7371747387778628,7.867146675269351
DTSZ02,OTSZ04,3,0.3383855021613158,0.7669764313752184,4.105361933536535
DTSZ02,PGSZ04,2,0.639439837513993,0.0,2.639439837513993
DTSZ02,PGSZ05,1,0.5047433526234094,0.0,1.5047433526234095
DTSZ02,PRSZ03,6,0.7169643965035577,0.0,6.716964396503558
DTSZ02,PRSZ04,2,0.3268124305271417,0.0,2.326812430527142
DTSZ02,PRSZ05,2,0.6754707044566725,0.0,2.6754707044566723
DTSZ02,PRSZ07,1,0.10840146145359542,0.0,1.1084014614535955
DTSZ02,PRSZ08,1,0.35633330735473856,0.0,1.3563333073547386
DTSZ02,QTSZ02,3,0.4060297547355542,0.0,3.4060297547355542
DTSZ02,QTSZ04,1,0.11631451206505918,0.0,1.1163145120650593
DTSZ02,QTSZ05,1,0.41007615144448606,0.0,1.410076151444486
DTSZ02,QTSZ08,1,0.4552614066212342,0.0,1.4552614066212342
DTSZ02,QTSZ10,1,0.5564013809524097,0.0,1.5564013809524098
DTSZ02,RCSZ05,2,0.153224166141669,2.0981728505482593,4.251397016689928
DTSZ02,RCSZ06,1,0.0,0.0,1.0
DTSZ02,RCSZ10,1,0.28803715999477003,0.19452549286803922,1.4825626528628093
DTSZ02,SBSZ03,2,0.5537523181843922,0.0,2.553752318184392
DTSZ02,SBSZ04,2,0.3597335517187146,0.0,2.3597335517187146
DTSZ02,SESZ02,2,0.6619293191908378,0.0,2.661929319190838
DTSZ02,SESZ03,6,0.6029071917388116,0.0,6.602907191738812
DTSZ02,SESZ04,4,0.8781981390805165,0.0,4.878198139080516
DTSZ02,SESZ05,1,0.38589469056545506,0.0,1.385894690565455
DTSZ02,SESZ06,1,0.621151888107786,0.0,1.621151888107786
DTSZ02,SGSZ04,1,0.7999592394008721,0.0,1.799959239400872
DTSZ02,SGSZ06,4,0.7584482371104825,0.0,4.758448237110483
DTSZ02,SGSZ07,2,0.31727212017931494,0.0,2.317272120179315
DTSZ02,TMSZ02,9,1.62516927280947,0.0,10.62516927280947
DTSZ02,TMSZ03,2,1.2094274875260766,0.0,3.2094274875260766
DTSZ02,TMSZ04,7,1.51636542035877,0.0,8.51636542035877
DTSZ02,TNSZ02,1,0.32083080502420286,0.01650971806865552,1.3373405230928583
DTSZ02,TNSZ04,1,0.28127637013280093,0.0,1.281276370132801
DTSZ02,TPSZ01,1,0.42765586896124336,0.0,1.4276558689612433
DTSZ02,TPSZ02,1,0.6412491964395235,0.0,1.6412491964395235
DTSZ02,TPSZ03,3,0.2632707425773318,0.0,3.263270742577332
DTSZ02,TPSZ04,1,0.1665263286720958,0.0,1.1665263286720957
DTSZ02,TPSZ06,3,0.6649154344619883,0.0,3.6649154344619883
DTSZ02,TPSZ10,1,0.30251276349148276,0.0,1.3025127634914828
DTSZ02,TPSZ12,1,0.2625011870969753,0.0,1.2625011870969753
DTSZ02,WDSZ01,1,0.11818794861306627,0.0,1.1181879486130664
DTSZ02,WDSZ02,3,0.8139481711611765,0.0,3.8139481711611767
DTSZ02,WDSZ03,1,0.44263228660081594,0.0,1.4426322866008159
DTSZ02,WDSZ04,1,0.27235531608522867,0.0,1.2723553160852288
DTSZ02,WDSZ05,2,0.2686871257527647,0.0,2.2686871257527645
DTSZ02,WDSZ09,1,0.14228124567674622,0.0,1.1422812456767462
DTSZ02,YSSZ02,3,0.4928604562444994,0.0,3.4928604562444994
DTSZ02,YSSZ03,2,0.9602478563546105,0.0,2.9602478563546106
DTSZ02,YSSZ04,1,0.4475986318121835,0.0,1.4475986318121836
DTSZ02,YSSZ05,1,0.13068374118068488,0.0,1.130683741180685
DTSZ02,YSSZ09,2,0.6195510172655561,0.0,2.619551017265556
DTSZ03,AMSZ01,3,0.938437432715728,0.0,3.938437432715728
DTSZ03,AMSZ02,1,0.4279830881176098,0.0,1.4279830881176099
DTSZ03,AMSZ03,1,0.41227339107073485,0.0,1.4122733910707348
DTSZ03,AMSZ04,2,0.39138825743990496,0.0,2.391388257439905
DTSZ03,AMSZ05,1,0.26512921526894206,0.0,1.2651292152689422
DTSZ03,AMSZ06,2,0.5184904837668529,0.0,2.518490483766853
DTSZ03,AMSZ12,1,0.14770432431020278,0.0,1.1477043243102028
DTSZ03,BDSZ02,2,1.1850127482389623,0.0,3.1850127482389623
DTSZ03,BDSZ03,2,1.0034738225586974,0.0,3.003473822558697
DTSZ03,BDSZ04,5,1.2083728214329357,0.0,6.208372821432936
DTSZ03,BDSZ05,4,1.7980731494617765,0.0,5.798073149461777
DTSZ03,BDSZ06,3,2.176902269211151,0.0,5.176902269211151
DTSZ03,BKSZ01,1,0.1008196774610434,0.0,1.1008196774610435
DTSZ03,BKSZ03,1,0.55384097104287,0.0,1.55384097104287
DTSZ03,BKSZ05,2,0.8612157885658945,0.0,2.8612157885658944
DTSZ03,BKSZ07,1,0.6635745761260452,0.0,1.6635745761260452
DTSZ03,BKSZ08,1,0.03340488139365439,0.0,1.0334048813936545
DTSZ03,BKSZ09,2,0.46897332552666754,0.0,2.4689733255266675
DTSZ03,BLSZ02,1,0.13110157031756742,0.0,1.1311015703175675
DTSZ03,BMSZ01,2,0.820003964522214,0.0,2.820003964522214
DTSZ03,BMSZ02,1,0.47138732247446585,0.0,1.4713873224744658
DTSZ03,BMSZ04,2,0.3289140018071041,0.0,2.328914001807104
DTSZ03,BMSZ06,4,2.6045005373573216,0.0,6.604500537357321
DTSZ03,BMSZ08,2,0.43591703728773123,0.0,2.435917037287731
DTSZ03,BMSZ10,1,0.25407063753997305,0.02269006354160975,1.276760701081583
DTSZ03,BMSZ11,1,0.35937449683931766,0.0,1.3593744968393175
DTSZ03,BMSZ13,2,0.445803930328656,0.0,2.445803930328656
DTSZ03,BMSZ15,1,0.2667184442430315,0.0,1.2667184442430315
DTSZ03,BMSZ16,2,0.44457243631957727,0.029025210752063168,2.4735976470716405
DTSZ03,BPSZ03,4,0.4559981646312129,0.0,4.455998164631213
DTSZ03,BPSZ04,1,0.37377277294957173,0.0,1.3737727729495717
DTSZ03,BPSZ05,3,0.327135901859277,0.0,3.327135901859277
DTSZ03,BSSZ01,1,0.9904937480700172,0.0,1.9904937480700173
DTSZ03,BSSZ02,4,1.0942139159883444,0.0,5.094213915988345
DTSZ03,BSSZ03,2,0.8346776037322985,0.0,2.8346776037322985
DTSZ03,BTSZ07,2,0.2760974547737507,0.0,2.2760974547737507
DTSZ03,CHSZ03,1,0.9769714752764115,0.0,1.9769714752764114
DTSZ03,CKSZ02,1,0.7010999790901725,0.0,1.7010999790901726
DTSZ03,CKSZ03,2,0.7856517600863395,0.0,2.7856517600863393
DTSZ03,CLSZ03,1,0.23769787379835075,0.0,1.2376978737983508
DTSZ03,CLSZ04,4,0.8849754523928005,0.0,4.8849754523928
DTSZ03,CLSZ06,5,0.2749634270792732,0.0,5.274963427079273
DTSZ03,CLSZ07,1,0.22381838608843085,0.0,1.2238183860884309
DTSZ03,DTSZ01,3,1.0217884755309588,0.8594096179774002,4.881198093508359
DTSZ03,DTSZ02,2,1.7574693794338057,1.2041428465319168,4.961612225965722
DTSZ03,DTSZ03,2,4.130851849147229,28.61024336697874,34.74109521612597
DTSZ03,DTSZ05,3,0.7973136938329641,1.1688006072958315,4.966114301128796
DTSZ03,DTSZ06,2,0.24332150206629863,0.263047009369958,2.5063685114362566
DTSZ03,DTSZ07,1,0.24144876570434373,0.5144727644901802,1.7559215301945241
DTSZ03,DTSZ08,2,0.5072601311137569,1.3104721569303823,3.817732288044139
DTSZ03,DTSZ11,2,0.5218865202573059,0.29081879014930406,2.81270531040661
DTSZ03,GLSZ02,2,0.5517300090750674,0.0,2.5517300090750674
DTSZ03,GLSZ03,3,1.0463575192209345,0.0,4.046357519220934
DTSZ03,GLSZ04,7,2.8754508371255074,0.0,9.875450837125507
DTSZ03,GLSZ05,2,1.4747079210324492,0.0,3.474707921032449
DTSZ03,HGSZ02,1,0.5186772410989321,0.0,1.5186772410989322
DTSZ03,HGSZ03,1,0.5830030269964669,0.0,1.583003026996467
DTSZ03,HGSZ05,3,1.2672948653838112,0.0,4.267294865383811
DTSZ03,HGSZ06,5,1.7836269806431235,0.0,6.783626980643124
DTSZ03,HGSZ07,2,0.644964287732925,0.0,2.644964287732925
DTSZ03,JWSZ01,1,0.03241790136970783,0.0,1.032417901369708
DTSZ03,JWSZ02,1,0.3971507140137095,0.0,1.3971507140137094
DTSZ03,JWSZ03,1,0.3668285123854773,0.0,1.3668285123854773
DTSZ03,JWSZ09,1,0.9242484383205061,0.0,1.924248438320506
DTSZ03,KLSZ01,3,1.102145980200466,0.15295381746684694,4.255099797667313
DTSZ03,KLSZ02,1,0.4316805942161786,0.0,1.4316805942161785
DTSZ03,KLSZ03,2,0.4170339889792759,0.04929498327579884,2.4663289722550745
DTSZ03,KLSZ05,3,1.012313491083457,0.040228215624685856,4.052541706708143
DTSZ03,KLSZ06,4,1.4322354467986556,0.49002300697760354,5.922258453776259
DTSZ03,KLSZ07,1,0.8200154282133731,0.09166793663902845,1.9116833648524016
DTSZ03,KLSZ08,1,0.7276132985246019,0.17336950323023925,1.9009828017548411
DTSZ03,MPSZ01,1,0.49349426272941643,0.0,1.4934942627294165
DTSZ03,MPSZ02,1,0.699690073146066,0.0,1.699690073146066
DTSZ03,MPSZ03,5,1.2302149523094885,0.0,6.230214952309488
DTSZ03,MPSZ04,1,0.0,0.0,1.0
DTSZ03,MUSZ01,1,0.38587839115612094,0.12932021254887874,1.5151986037049998
DTSZ03,NVSZ01,2,1.6176994783922591,0.0,3.617699478392259
DTSZ03,NVSZ02,1,0.9596539637258056,0.15024602797860365,2.1098999917044092
DTSZ03,ORSZ02,1,0.586716784793944,0.061651589787228726,1.6483683745811728
DTSZ03,ORSZ03,3,0.6693930241626229,0.23155665165067568,3.9009496758132984
DTSZ03,OTSZ02,1,0.04042623878270346,0.03395216071551766,1.0743783994982212
DTSZ03,OTSZ03,2,1.1011959721341362,0.4938258178632554,3.595021789997392
DTSZ03,OTSZ04,1,0.49502607855806546,0.16804214088145614,1.6630682194395217
DTSZ03,PGSZ03,5,0.8246360735414974,0.0,5.824636073541497
DTSZ03,PGSZ04,4,1.089171330387369,0.0,5.089171330387369
DTSZ03,PGSZ05,2,1.186196890052813,0.0,3.186196890052813
DTSZ03,PRSZ03,2,1.0454395149717608,0.0,3.045439514971761
DTSZ03,PRSZ05,4,1.4005856809273893,0.0,5.4005856809273896
DTSZ03,QTSZ01,1,0.3803088902539232,0.0,1.3803088902539233
DTSZ03,QTSZ02,1,0.17785995924089254,0.0,1.1778599592408925
DTSZ03,QTSZ08,1,0.6274338049723239,0.0,1.6274338049723238
DTSZ03,QTSZ13,1,0.4090612238883485,0.0,1.4090612238883484
DTSZ03,RCSZ10,1,0.4970613947491443,0.26626787894703957,1.7633292736961839
DTSZ03,SBSZ03,5,0.7521996744796975,0.0,5.752199674479698
DTSZ03,SBSZ04,1,0.31922252092256564,0.0,1.3192225209225656
DTSZ03,SBSZ05,1,0.031239822327387673,0.0,1.0312398223273878
DTSZ03,SESZ02,4,1.8689631271733513,0.0,5.868963127173352
DTSZ03,SESZ03,9,1.059447684453634,0.0,10.059447684453634
DTSZ03,SESZ04,1,0.8679143544993317,0.0,1.8679143544993317
DTSZ03,SESZ05,1,0.4122315561148449,0.0,1.4122315561148449
DTSZ03,SESZ06,6,1.5641406328794976,0.0,7.564140632879497
DTSZ03,SGSZ01,3,0.6387223901447592,0.0,3.638722390144759
DTSZ03,SGSZ04,3,1.7558445912439697,0.0,4.75584459124397
DTSZ03,SGSZ06,2,0.6133265156061802,0.0,2.6133265156061802
DTSZ03,SGSZ07,2,0.36595266693849754,0.0,2.3659526669384974
DTSZ03,SRSZ02,1,0.3077448002083838,0.19466759013774698,1.5024123903461308
DTSZ03,TMSZ02,8,1.428310822260822,0.0,9.428310822260823
DTSZ03,TMSZ03,3,2.033035270422331,0.0,5.033035270422332
DTSZ03,TMSZ04,5,1.5811300126913421,0.0,6.581130012691342
DTSZ03,TMSZ05,1,0.6795062910119546,0.0,1.6795062910119545
DTSZ03,TNSZ02,1,0.2587823608899638,0.0,1.2587823608899638
DTSZ03,TPSZ01,1,0.429284706599057,0.0,1.429284706599057
DTSZ03,TPSZ02,4,1.286173198075882,0.0,5.286173198075882
DTSZ03,TPSZ03,2,0.3159271035856422,0.0,2.315927103585642
DTSZ03,TPSZ05,1,0.1838381071601118,0.0,1.1838381071601118
DTSZ03,TPSZ06,2,0.6360290411094501,0.0,2.6360290411094502
DTSZ03,TPSZ08,1,0.14719058101049556,0.0,1.1471905810104956
DTSZ03,TPSZ12,1,0.34125918044393644,0.0,1.3412591804439364
DTSZ03,WDSZ01,1,0.12301180212255111,0.0,1.123011802122551
DTSZ03,WDSZ02,1,0.6569720844946786,0.0,1.6569720844946785
DTSZ03,WDSZ03,4,2.076398751849006,0.0,6.0763987518490055
DTSZ03,WDSZ04,2,0.3830460301325798,0.0,2.3830460301325798
DTSZ03,WDSZ05,1,0.3582038424046189,0.0,1.358203842404619
DTSZ03,YSSZ01,1,0.4954264164915255,0.0,1.4954264164915254
DTSZ03,YSSZ03,3,1.1560888494213688,0.0,4.156088849421369
DTSZ03,YSSZ05,1,0.15231206408344253,0.0,1.1523120640834426
DTSZ03,YSSZ09,3,1.0181398458161304,0.0,4.018139845816131
DTSZ04,DTSZ12,1,0.0,0.0,1.0
DTSZ04,GLSZ02,1,0.0,0.0,1.0
DTSZ04,JWSZ09,2,0.0,0.0,2.0
DTSZ05,AMSZ01,5,0.5611147521072308,0.0,5.561114752107231
DTSZ05,AMSZ02,3,0.10700892963432515,0.0,3.107008929634325
DTSZ05,AMSZ03,2,0.31122030766507125,0.0,2.3112203076650712
DTSZ05,AMSZ05,1,0.16321949833215882,0.0,1.1632194983321589
DTSZ05,AMSZ06,1,0.24690111211971716,0.0,1.246901112119717
DTSZ05,AMSZ09,2,0.20051289042378848,0.0,2.2005128904237883
DTSZ05,BDSZ01,3,0.5814996598756732,0.0,3.581499659875673
DTSZ05,BDSZ02,1,0.4190736936402603,0.0,1.4190736936402604
DTSZ05,BDSZ03,4,1.0565408262780507,0.0,5.0565408262780505
DTSZ05,BDSZ04,13,0.8441533376401992,0.0,13.844153337640199
DTSZ05,BDSZ05,5,1.0660287219151086,0.0,6.066028721915108
DTSZ05,BDSZ06,5,1.4407908827245686,0.0,6.440790882724569
DTSZ05,BDSZ08,1,0.1689216874163258,0.0,1.1689216874163257
DTSZ05,BKSZ01,2,0.11868244402188613,0.0,2.118682444021886
DTSZ05,BKSZ02,2,0.1262987512214768,0.0,2.126298751221477
DTSZ05,BKSZ03,2,0.3748011961461064,0.0,2.374801196146106
DTSZ05,BKSZ05,7,1.1386020468726599,0.0,8.13860204687266
DTSZ05,BKSZ07,3,0.2882245088051384,0.0,3.2882245088051385
DTSZ05,BKSZ08,1,0.008506622353649245,0.0,1.0085066223536492
DTSZ05,BKSZ09,3,0.2612856256764024,0.0,3.2612856256764022
DTSZ05,BLSZ02,1,0.05841877659497167,0.0,1.0584187765949717
DTSZ05,BMSZ01,3,0.6386245475976745,0.0,3.6386245475976744
DTSZ05,BMSZ02,1,0.23571608925237236,0.0,1.2357160892523724
DTSZ05,BMSZ03,3,0.494120937782893,0.0,3.494120937782893
DTSZ05,BMSZ04,3,0.5207862411410363,1.3105603606512972,4.831346601792333
DTSZ05,BMSZ05,1,0.18732177623047613,0.0,1.1873217762304762
DTSZ05,BMSZ07,4,0.9663302924803918,0.0,4.966330292480392
DTSZ05,BMSZ08,2,0.5025573103813931,0.44487860092228243,2.947435911303675
DTSZ05,BMSZ09,3,0.4389731408606325,0.24474010935132226,3.6837132502119547
DTSZ05,BMSZ10,1,0.3037344522028311,0.0,1.3037344522028311
DTSZ05,BMSZ12,1,0.24722478139749188,0.0,1.247224781397492
DTSZ05,BMSZ13,2,0.24144536734552213,0.0,2.241445367345522
DTSZ05,BMSZ16,1,0.10887906031374406,0.08861168925282814,1.1974907495665723
DTSZ05,BPSZ01,1,0.10829651589055783,0.0,1.1082965158905578
DTSZ05,BPSZ02,2,0.19580105066051695,0.0,2.195801050660517
DTSZ05,BPSZ03,2,0.22449864516055934,0.0,2.2244986451605593
DTSZ05,BPSZ04,3,0.1302964231462194,0.0,3.1302964231462194
DTSZ05,BPSZ05,4,0.1445625270283782,0.0,4.144562527028378
DTSZ05,BSSZ01,7,0.6099462202264377,0.0,7.609946220226438
DTSZ05,BSSZ02,3,0.7182264905246063,0.0,3.7182264905246063
DTSZ05,BSSZ03,4,0.7200942326358211,0.0,4.720094232635821
DTSZ05,BTSZ01,4,1.152181884074231,0.0,5.152181884074231
DTSZ05,BTSZ03,1,0.10116851006665775,0.0,1.1011685100666577
DTSZ05,BTSZ05,1,0.15794865846630957,0.0,1.1579486584663097
DTSZ05,BTSZ06,2,0.1808725733118666,0.0,2.180872573311867
DTSZ05,BTSZ08,3,0.2019054171419865,0.0,3.2019054171419867
DTSZ05,CHSZ03,1,0.6772334867588259,0.0,1.6772334867588259
DTSZ05,CKSZ01,1,0.23189630045250822,0.0,1.2318963004525083
DTSZ05,CKSZ02,1,0.311746346309068,0.0,1.311746346309068
DTSZ05,CKSZ03,5,0.7281178388154621,0.0,5.7281178388154625
DTSZ05,CKSZ04,1,0.13091033810856872,0.0,1.1309103381085688
DTSZ05,CKSZ05,3,0.0,0.0,3.0
DTSZ05,CKSZ06,3,0.0,0.0,3.0
DTSZ05,CLSZ03,2,0.4174164568879655,0.0,2.4174164568879655
DTSZ05,CLSZ04,3,0.3273152383574988,0.0,3.3273152383574987
DTSZ05,CLSZ06,2,0.22401588764851899,0.0,2.2240158876485188
DTSZ05,CLSZ08,1,0.13102481886864198,0.0,1.131024818868642
DTSZ05,DTSZ01,4,0.4144916100245976,1.453821256551913,5.868312866576511
DTSZ05,DTSZ02,6,0.6741716794528173,8.961994946516601,15.636166625969418
DTSZ05,DTSZ03,4,0.6218294617578987,1.6098651471302572,6.231694608888156
DTSZ05,DTSZ05,4,0.5084189639676093,97.29699926428445,101.80541822825207
DTSZ05,DTSZ08,1,0.8188120215748623,8.111116288422359,9.929928309997221
DTSZ05,DTSZ09,1,0.2617857455048307,0.6382212357508426,1.9000069812556732
DTSZ05,GLSZ01,1,0.38988241634585374,0.0,1.3898824163458539
DTSZ05,GLSZ02,2,0.30610576053108873,0.0,2.306105760531089
DTSZ05,GLSZ04,11,3.046315959039508,0.0,14.046315959039507
DTSZ05,GLSZ05,4,0.9701519736052215,0.0,4.970151973605222
DTSZ05,HGSZ03,2,0.36837262418487104,0.0,2.368372624184871
DTSZ05,HGSZ04,1,0.23500258099073318,0.0,1.2350025809907332
DTSZ05,HGSZ05,3,1.0888138183644025,0.0,4.088813818364402
DTSZ05,HGSZ06,4,1.294354700975652,0.0,5.294354700975652
DTSZ05,HGSZ07,2,0.325761946316463,0.0,2.325761946316463
DTSZ05,HGSZ08,1,0.3251785690020961,0.0,1.325178569002096
DTSZ05,JESZ03,2,0.46731374622363503,0.0,2.467313746223635
DTSZ05,JESZ05,4,0.6151230044430607,0.0,4.615123004443061
DTSZ05,JWSZ02,1,0.20070092901452172,0.0,1.2007009290145216
DTSZ05,JWSZ03,4,0.22652744918985754,0.0,4.226527449189858
DTSZ05,JWSZ04,3,0.3321066364753931,0.0,3.3321066364753933
DTSZ05,JWSZ08,3,0.798959060711657,0.0,3.798959060711657
DTSZ05,JWSZ09,9,0.8206889758716622,0.0,9.820688975871661
DTSZ05,KLSZ01,3,0.7012620219666442,0.0,3.7012620219666443
DTSZ05,KLSZ02,1,0.16291396473815833,0.0,1.1629139647381583
DTSZ05,KLSZ03,5,0.2656578454224887,0.0,5.2656578454224885
DTSZ05,KLSZ04,1,0.0,0.0,1.0
DTSZ05,KLSZ05,1,0.2576729468107002,0.033878593075946754,1.2915515398866468
DTSZ05,KLSZ06,7,0.9124885588686523,2.7517942455476136,10.664282804416267
DTSZ05,KLSZ07,2,0.4436761717818894,0.34651043219761596,2.7901866039795054
DTSZ05,KLSZ09,2,0.24713457269171038,0.2756293539354799,2.5227639266271904
DTSZ05,MPSZ01,1,0.1862128138877871,0.0,1.1862128138877872
DTSZ05,MPSZ02,2,0.5164091862191915,0.0,2.5164091862191915
DTSZ05,MPSZ03,4,1.0747208507488635,0.0,5.0747208507488635
DTSZ05,MUSZ01,4,0.0,1.2512105822547661,5.251210582254766
DTSZ05,MUSZ03,1,0.03833574738518575,0.7072436932890382,1.745579440674224
DTSZ05,NTSZ02,1,0.0,0.0,1.0
DTSZ05,NVSZ01,2,1.3018397830732198,0.0,3.30183978307322
DTSZ05,NVSZ02,5,0.6861546458635115,0.0,5.686154645863511
DTSZ05,NVSZ04,1,0.06451043613980438,0.0,1.0645104361398043
DTSZ05,ORSZ02,5,0.5122533935421808,0.28552979739507706,5.797783190937258
DTSZ05,ORSZ03,3,0.4049055194337727,0.6392346296960952,4.044140149129868
DTSZ05,OTSZ01,1,0.06479751978449123,1.3924357714026057,2.457233291187097
DTSZ05,OTSZ03,2,1.1042705415902625,6.147176213160132,9.251446754750395
DTSZ05,PGSZ02,2,0.331112893674038,0.0,2.331112893674038
DTSZ05,PGSZ03,2,0.2259922709532471,0.0,2.225992270953247
DTSZ05,PGSZ04,8,3.17091188497966,0.0,11.17091188497966
DTSZ05,PGSZ05,3,0.551991999439016,0.0,3.551991999439016
DTSZ05,PRSZ03,9,0.9990953340795203,0.0,9.99909533407952
DTSZ05,PRSZ08,1,0.0710751554026557,0.0,1.0710751554026556
DTSZ05,QTSZ02,1,0.22247221422967164,0.0,1.2224722142296716
DTSZ05,QTSZ04,1,0.057568240605669396,0.0,1.0575682406056695
DTSZ05,QTSZ05,6,0.45280959986897995,0.0,6.45280959986898
DTSZ05,QTSZ06,3,0.1108435454308619,0.0,3.110843545430862
DTSZ05,QTSZ13,1,0.3607361173460933,0.0,1.3607361173460932
DTSZ05,QTSZ14,1,0.29834762729330727,0.0,1.2983476272933072
DTSZ05,QTSZ15,1,0.21144867946344809,0.0,1.211448679463448
DTSZ05,RCSZ01,1,0.21710180563694317,0.05177208956252394,1.2688738951994671
DTSZ05,RVSZ03,1,0.0,0.0,1.0
DTSZ05,RVSZ05,1,0.4089813254250042,0.0,1.408981325425004
DTSZ05,SBSZ01,1,0.19036585140460996,0.0,1.19036585140461
DTSZ05,SBSZ03,9,0.9336514809025774,0.0,9.933651480902578
DTSZ05,SBSZ04,3,0.03840139745928672,0.0,3.0384013974592867
DTSZ05,SBSZ05,1,0.0,0.0,1.0
DTSZ05,SESZ02,4,0.5738034758732348,0.0,4.573803475873235
DTSZ05,SESZ03,7,0.6147810889108328,0.0,7.614781088910833
DTSZ05,SESZ04,5,0.6112982040457812,0.0,5.611298204045781
DTSZ05,SESZ05,4,0.18697086626257137,0.0,4.1869708662625715
DTSZ05,SESZ06,6,0.7540158864360808,0.0,6.754015886436081
DTSZ05,SGSZ04,2,0.9497918780799768,0.0,2.949791878079977
DTSZ05,SGSZ05,1,0.19999124703223806,0.0,1.199991247032238
DTSZ05,SGSZ06,2,0.5003460347853312,0.0,2.5003460347853315
DTSZ05,SGSZ07,4,0.35332797768151575,0.0,4.3533279776815155
DTSZ05,SISZ01,1,0.24814296136884614,0.0,1.2481429613688462
DTSZ05,SKSZ04,1,0.22002035473537718,0.0,1.2200203547353772
DTSZ05,SRSZ01,2,0.44549699698725126,0.5516219477890447,2.997118944776296
DTSZ05,SRSZ03,1,0.3880743766210545,5.337302411086997,6.725376787708051
DTSZ05,TMSZ01,1,0.3601408517782747,0.0,1.3601408517782747
DTSZ05,TMSZ02,6,0.9902701421742147,0.0,6.990270142174214
DTSZ05,TMSZ03,9,1.1338807297489413,0.0,10.133880729748942
DTSZ05,TMSZ04,12,0.7938196632927084,0.0,12.793819663292709
DTSZ05,TNSZ01,1,0.27087247660964986,0.0,1.2708724766096497
DTSZ05,TNSZ02,1,0.1681181719233118,0.06857279749237087,1.2366909694156827
DTSZ05,TPSZ02,6,0.47286416105399565,0.0,6.472864161053995
DTSZ05,TPSZ03,1,0.14309544811163535,0.0,1.1430954481116353
DTSZ05,TPSZ06,6,0.4467261078431974,0.0,6.446726107843197
DTSZ05,TPSZ09,1,0.14452404390544027,0.0,1.1445240439054403
DTSZ05,TPSZ12,1,0.17297760984157715,0.0,1.1729776098415772
DTSZ05,WDSZ02,7,0.3673977331860418,0.0,7.367397733186042
DTSZ05,WDSZ03,9,1.0172528743605362,0.0,10.017252874360537
DTSZ05,WDSZ04,2,0.07886158932269502,0.0,2.078861589322695
DTSZ05,WDSZ06,2,0.21577026736993477,0.0,2.2157702673699347
DTSZ05,WDSZ09,1,0.03286272730950386,0.0,1.032862727309504
DTSZ05,YSSZ01,1,0.19954230155784497,0.0,1.199542301557845
DTSZ05,YSSZ03,1,0.21844594426875166,0.0,1.2184459442687516
DTSZ05,YSSZ04,4,0.31063359183168143,0.0,4.310633591831682
DTSZ05,YSSZ05,1,0.06969862831635672,0.0,1.0696986283163568
DTSZ05,YSSZ09,9,1.1841938812722954,0.0,10.184193881272295
DTSZ06,AMSZ06,1,0.06287465499667864,0.0,1.0628746549966785
DTSZ06,BDSZ04,1,0.03345567763836218,0.0,1.033455677638362
DTSZ06,BPSZ05,1,0.023287573690063863,0.0,1.023287573690064
DTSZ06,BSSZ03,1,0.01865279653162668,0.0,1.0186527965316268
DTSZ06,CLSZ08,2,0.050282868725127654,0.0,2.0502828687251275
DTSZ06,DTSZ03,2,0.03804170590091581,0.0,2.0380417059009157
DTSZ06,DTSZ12,1,0.1872755489228944,0.0,1.1872755489228943
DTSZ06,GLSZ02,1,0.008751832428232898,0.0,1.008751832428233
DTSZ06,GLSZ04,1,0.07579327983211631,0.0,1.0757932798321164
DTSZ06,HGSZ03,1,0.014879585781595919,0.0,1.014879585781596
DTSZ06,HGSZ06,1,0.025848432270823275,0.0,1.0258484322708232
DTSZ06,JESZ01,1,0.001122774668404788,0.0,1.0011227746684048
DTSZ06,JWSZ03,1,0.009002339549568496,0.0,1.0090023395495684
DTSZ06,KLSZ06,1,0.0531415403700406,0.0,1.0531415403700406
DTSZ06,MUSZ03,1,0.016260548969809278,0.0,1.0162605489698093
DTSZ06,NVSZ01,1,0.04900088356066766,0.0,1.0490008835606677
DTSZ06,ORSZ01,1,0.0,0.0,1.0
DTSZ06,OTSZ03,1,0.025765785641563954,0.0,1.025765785641564
DTSZ06,PRSZ03,1,0.04422510223181646,0.0,1.0442251022318165
DTSZ06,QTSZ05,1,0.020280881629518414,0.0,1.0202808816295184
DTSZ06,QTSZ06,1,0.01946336755457479,0.0,1.0194633675545748
DTSZ06,QTSZ08,1,0.027596345496483737,0.0,1.0275963454964838
DTSZ06,RCSZ01,1,0.015994453812729806,0.0,1.01599445381273
DTSZ06,SBSZ02,1,0.0529908886866699,0.0,1.05299088868667
DTSZ06,SESZ03,1,0.04371785339434236,0.0,1.0437178533943423
DTSZ06,SGSZ03,1,0.014765239433207475,0.0,1.0147652394332074
DTSZ06,TPSZ02,1,0.015681154976193833,0.0,1.015681154976194
DTSZ06,TPSZ11,1,0.038134506117208915,0.0,1.038134506117209
DTSZ06,WDSZ04,1,0.013712377188776645,0.0,1.0137123771887766
DTSZ07,BMSZ01,1,0.1744400046546204,0.0,1.1744400046546204
DTSZ07,CKSZ04,1,0.28221509837911546,0.0,1.2822150983791154
DTSZ07,DTSZ03,1,0.09232698555886187,0.0,1.092326985558862
DTSZ07,GLSZ02,1,0.07924250201066754,0.0,1.0792425020106675
DTSZ07,HGSZ06,1,0.22212255765066358,0.0,1.2221225576506636
DTSZ07,JESZ02,1,0.028770604004242705,0.0,1.0287706040042428
DTSZ07,JESZ03,1,0.17967436080953916,0.0,1.1796743608095392
DTSZ07,JESZ05,1,0.35720707648493927,0.0,1.3572070764849393
DTSZ07,JWSZ08,1,0.12370659453727316,0.0,1.123706594537273
DTSZ07,JWSZ09,1,0.316224060875392,0.0,1.316224060875392
DTSZ07,ORSZ02,1,0.13827381276354772,0.0,1.1382738127635477
DTSZ07,OTSZ01,1,0.00579634227010663,0.0,1.0057963422701066
DTSZ08,AMSZ01,4,0.7540970143885685,0.0,4.754097014388568
DTSZ08,AMSZ02,1,0.2661381302543552,0.0,1.266138130254355
DTSZ08,AMSZ03,2,0.2357793087415161,0.0,2.235779308741516
DTSZ08,AMSZ04,1,0.039063193561395974,0.0,1.0390631935613959
DTSZ08,AMSZ06,3,0.2651774180453849,0.0,3.265177418045385
DTSZ08,AMSZ07,1,0.17383273938179625,0.0,1.1738327393817962
DTSZ08,AMSZ09,3,0.23843364189945848,0.0,3.2384336418994586
DTSZ08,BDSZ01,3,0.5564698440481347,0.0,3.556469844048135
DTSZ08,BDSZ02,2,0.4783079892940558,0.0,2.4783079892940556
DTSZ08,BDSZ03,1,0.38051143073572785,0.0,1.3805114307357278
DTSZ08,BDSZ04,8,0.6634175324084554,0.0,8.663417532408456
DTSZ08,BDSZ05,1,0.41629842505510223,0.0,1.4162984250551023
DTSZ08,BDSZ06,5,1.2306311742926535,0.0,6.230631174292654
DTSZ08,BKSZ03,3,0.3350100699230411,0.0,3.335010069923041
DTSZ08,BKSZ05,2,0.5506678573925836,0.0,2.5506678573925834
DTSZ08,BKSZ07,3,0.29743693799043225,0.0,3.2974369379904322
DTSZ08,BMSZ01,3,0.8182397222111837,0.0,3.8182397222111835
DTSZ08,BMSZ03,1,0.34097741792025743,0.0,1.3409774179202574
DTSZ08,BMSZ04,5,0.4315505646839665,2.3489073616808764,7.780457926364843
DTSZ08,BMSZ06,1,0.5625142939029754,0.0,1.5625142939029755
DTSZ08,BMSZ07,1,0.4499163178246139,0.0,1.449916317824614
DTSZ08,BMSZ08,4,0.22943246355984834,1.614642972160235,5.844075435720083
DTSZ08,BMSZ10,1,0.2384469676762589,0.038412808320554125,1.276859775996813
DTSZ08,BMSZ13,4,0.43863262076711274,0.0,4.4386326207671125
DTSZ08,BMSZ14,1,0.1726758084245929,0.0,1.172675808424593
DTSZ08,BMSZ15,1,0.39744560981121385,0.042948363666993374,1.4403939734782072
DTSZ08,BPSZ01,2,0.25869175779804177,0.0,2.258691757798042
DTSZ08,BPSZ03,2,0.2414751214245943,0.0,2.2414751214245943
DTSZ08,BPSZ04,3,0.18709921467812773,0.0,3.1870992146781276
DTSZ08,BPSZ05,1,0.2064040294291021,0.0,1.206404029429102
DTSZ08,BSSZ01,3,0.5930834465736345,0.0,3.5930834465736345
DTSZ08,BSSZ02,3,0.5619487787545646,0.0,3.5619487787545645
DTSZ08,BSSZ03,3,0.6891450503112876,0.0,3.6891450503112875
DTSZ08,BTSZ01,3,0.8961400236043571,0.0,3.896140023604357
DTSZ08,BTSZ05,1,0.052755679959004625,0.0,1.0527556799590045
DTSZ08,BTSZ07,1,0.16203325209388833,0.0,1.1620332520938883
DTSZ08,CHSZ03,1,0.5378379286861837,0.0,1.5378379286861836
DTSZ08,CKSZ02,3,0.3577939108771799,0.0,3.35779391087718
DTSZ08,CKSZ03,2,0.3355070457869128,0.0,2.3355070457869127
DTSZ08,CKSZ04,1,0.20214479972092197,0.0,1.202144799720922
DTSZ08,CKSZ05,2,0.2764774684972463,0.0,2.276477468497246
DTSZ08,CKSZ06,2,0.2673354980014565,0.0,2.2673354980014566
DTSZ08,CLSZ03,1,0.25161950031431474,0.0,1.2516195003143147
DTSZ08,CLSZ04,1,0.16285257615612875,0.0,1.1628525761561288
DTSZ08,CLSZ06,2,0.22936933003134216,0.0,2.229369330031342
DTSZ08,DTSZ01,2,0.34012443268757175,0.37614401674884074,2.7162684494364124
DTSZ08,DTSZ02,3,0.40329345491837953,1.6218782912686138,5.025171746186993
DTSZ08,DTSZ03,3,0.44555664803766454,0.32637593666348497,3.77193258470115
DTSZ08,DTSZ05,1,0.6880762140462581,2.993199854499879,4.681276068546137
DTSZ08,DTSZ06,1,0.10031133498305295,0.2984734685134486,1.3987848034965014
DTSZ08,DTSZ12,3,0.42081915439611584,0.8688384597164273,4.289657614112543
DTSZ08,GLSZ02,3,0.12205082250596139,0.0,3.1220508225059613
DTSZ08,GLSZ04,9,2.1678206123203023,0.0,11.167820612320302
DTSZ08,GLSZ05,4,0.9638977524489935,0.0,4.963897752448993
DTSZ08,HGSZ01,1,0.2128550099649022,0.0,1.2128550099649023
DTSZ08,HGSZ02,2,0.6290008224536195,0.0,2.6290008224536194
DTSZ08,HGSZ03,1,0.1831918888915269,0.0,1.183191888891527
DTSZ08,HGSZ04,1,0.22198109382172151,0.0,1.2219810938217215
DTSZ08,HGSZ05,1,0.31471908722752345,0.0,1.3147190872275234
DTSZ08,HGSZ06,6,1.0787469308399773,0.0,7.078746930839977
DTSZ08,JESZ01,1,0.21155092762232813,0.0,1.2115509276223282
DTSZ08,JESZ02,3,0.016165742257187764,0.0,3.0161657422571877
DTSZ08,JESZ05,2,0.5217752998663157,0.0,2.5217752998663157
DTSZ08,JWSZ02,2,0.2614591610430662,0.0,2.2614591610430663
DTSZ08,JWSZ03,1,0.19840231768192473,0.0,1.1984023176819247
DTSZ08,JWSZ04,1,0.2828693369324127,0.0,1.2828693369324127
DTSZ08,JWSZ08,1,0.39086503389329086,0.0,1.3908650338932909
DTSZ08,JWSZ09,6,0.49279005359091327,0.0,6.492790053590913
DTSZ08,KLSZ01,5,0.5516406263834236,0.0,5.551640626383423
DTSZ08,KLSZ03,1,0.08441193363701999,0.0,1.08441193363702
DTSZ08,KLSZ06,3,0.5467833426799465,0.0,3.5467833426799467
DTSZ08,KLSZ07,1,0.3920502842764758,0.0,1.392050284276476
DTSZ08,KLSZ09,2,0.12886378617930275,0.32392246835665905,2.4527862545359618
DTSZ08,MPSZ03,4,1.14899509986456,0.0,5.14899509986456
DTSZ08,MUSZ01,3,0.13847568852525005,0.32245018905160705,3.460925877576857
DTSZ08,NTSZ02,2,0.0,0.0,2.0
DTSZ08,NVSZ01,1,0.830673297738992,0.0,1.8306732977389921
DTSZ08,NVSZ02,1,0.5084023806031234,0.0,1.5084023806031235
DTSZ08,NVSZ05,1,0.0,0.0,1.0
DTSZ08,ORSZ02,2,0.3758908812725949,0.0,2.375890881272595
DTSZ08,ORSZ03,3,0.5557967693456434,0.47511304838313356,4.0309098177287765
DTSZ08,OTSZ03,4,1.0244497440556215,13.319397699257664,18.343847443313287
DTSZ08,OTSZ04,2,0.1793244131721672,2.1884468481663863,4.367771261338554
DTSZ08,PGSZ02,2,0.2686840988636482,0.0,2.2686840988636483
DTSZ08,PGSZ03,5,0.45249895088103254,0.0,5.452498950881033
DTSZ08,PGSZ04,6,0.889121497872393,0.0,6.889121497872393
DTSZ08,PGSZ05,3,0.4334732163820598,0.0,3.43347321638206
DTSZ08,PRSZ03,2,0.4839445261450303,0.0,2.4839445261450304
DTSZ08,PRSZ05,5,0.7687307925729412,0.0,5.768730792572941
DTSZ08,QTSZ01,1,0.2437322945873662,0.0,1.2437322945873661
DTSZ08,QTSZ05,1,0.21658735162687723,0.0,1.2165873516268773
DTSZ08,QTSZ08,1,0.2974076175311542,0.0,1.2974076175311542
DTSZ08,QTSZ11,1,0.26708341077249814,0.0,1.2670834107724982
DTSZ08,QTSZ14,1,0.29245507301722057,0.0,1.2924550730172206
DTSZ08,RCSZ03,1,0.15628635891249934,0.22532672953121619,1.3816130884437157
DTSZ08,RVSZ05,1,0.40128852033797896,0.0,1.401288520337979
DTSZ08,SBSZ01,2,0.40220885929201877,0.0,2.4022088592920188
DTSZ08,SBSZ02,1,0.016841340335540904,0.0,1.016841340335541
DTSZ08,SBSZ03,4,0.6171221456617516,0.0,4.617122145661751
DTSZ08,SBSZ05,1,0.0,0.0,1.0
DTSZ08,SESZ02,1,0.2630064677072265,0.0,1.2630064677072266
DTSZ08,SESZ03,6,0.4998026425313693,0.0,6.499802642531369
DTSZ08,SESZ04,6,0.5899614389434925,0.0,6.589961438943493
DTSZ08,SESZ06,4,0.7703503697795225,0.0,4.770350369779522
DTSZ08,SGSZ03,1,0.2746594763460152,0.0,1.2746594763460153
DTSZ08,SGSZ04,2,0.6760929894566152,0.0,2.676092989456615
DTSZ08,SGSZ06,2,0.2742091655064129,0.0,2.274209165506413
DTSZ08,SRSZ02,1,0.08661416301940782,1.5839981708147906,2.6706123338341983
DTSZ08,TMSZ02,8,1.317191020061359,0.0,9.317191020061358
DTSZ08,TMSZ03,3,1.0156153208327865,0.0,4.0156153208327865
DTSZ08,TMSZ04,3,0.5084435067188294,0.0,3.5084435067188293
DTSZ08,TNSZ02,1,0.18304153638160475,0.0316736728057465,1.2147152091873512
DTSZ08,TNSZ04,1,0.18630846002081217,0.0,1.1863084600208122
DTSZ08,TPSZ02,1,0.32903169720684505,0.0,1.329031697206845
DTSZ08,TPSZ04,1,0.0599822682217301,0.0,1.0599822682217301
DTSZ08,TPSZ05,1,0.11322369539965234,0.0,1.1132236953996524
DTSZ08,TPSZ06,1,0.29153058328211917,0.0,1.2915305832821191
DTSZ08,TPSZ07,1,0.05373639490294185,0.0,1.053736394902942
DTSZ08,TPSZ08,2,0.14785751162986863,0.0,2.147857511629869
DTSZ08,TPSZ09,1,0.13134303418807722,0.0,1.1313430341880772
DTSZ08,WDSZ02,1,0.24131554429882132,0.0,1.2413155442988213
DTSZ08,WDSZ03,4,1.072990829625316,0.0,5.072990829625316
DTSZ08,WDSZ04,2,0.24380543652013467,0.0,2.2438054365201348
DTSZ08,WDSZ05,1,0.12935728936703905,0.0,1.129357289367039
DTSZ08,WDSZ06,1,0.09028113995284334,0.0,1.0902811399528434
DTSZ08,YSSZ02,1,0.20790456555490217,0.0,1.207904565554902
DTSZ08,YSSZ03,2,0.3508299309156774,0.0,2.3508299309156775
DTSZ08,YSSZ04,2,0.35562513545461105,0.0,2.355625135454611
DTSZ08,YSSZ08,1,0.07342714869966614,0.0,1.073427148699666
DTSZ08,YSSZ09,3,0.6900948956257378,0.0,3.690094895625738
DTSZ09,AMSZ02,3,0.15173508065863112,0.0,3.1517350806586313
DTSZ09,AMSZ06,2,0.2386276732900151,0.0,2.238627673290015
DTSZ09,AMSZ09,2,0.038919561444762975,0.0,2.038919561444763
DTSZ09,BDSZ01,2,0.10654268264730093,0.0,2.106542682647301
DTSZ09,BDSZ03,3,0.03146710767796222,0.0,3.0314671076779622
DTSZ09,BDSZ04,1,0.11486107024147332,0.0,1.1148610702414734
DTSZ09,BKSZ08,1,0.01349568105005261,0.0,1.0134956810500526
DTSZ09,BMSZ01,1,0.11764463208865185,0.0,1.117644632088652
DTSZ09,BMSZ02,1,0.10723210430980808,0.0,1.1072321043098081
DTSZ09,BMSZ04,1,0.14155779090735776,0.0,1.1415577909073578
DTSZ09,BPSZ03,1,0.05672846001542449,0.0,1.0567284600154245
DTSZ09,BPSZ04,1,0.08959845709202081,0.0,1.0895984570920207
DTSZ09,BSSZ02,2,0.12410018987796127,0.0,2.1241001898779612
DTSZ09,BTSZ01,1,0.15258925791217479,0.0,1.1525892579121748
DTSZ09,CLSZ06,4,0.2289710937956302,0.0,4.22897109379563
DTSZ09,CLSZ08,1,0.17880448957274014,0.0,1.17880448957274
DTSZ09,DTSZ01,1,0.15244314942099255,0.0,1.1524431494209926
DTSZ09,DTSZ02,1,0.07214174312847442,0.0,1.0721417431284743
DTSZ09,DTSZ03,2,0.19682334202527796,0.0,2.196823342025278
DTSZ09,GLSZ02,2,0.03180913685244355,0.0,2.0318091368524436
DTSZ09,GLSZ04,1,0.20090683122466893,0.0,1.200906831224669
DTSZ09,GLSZ05,1,0.10982901014766425,0.0,1.1098290101476642
DTSZ09,HGSZ04,1,0.05528964826963858,0.0,1.0552896482696386
DTSZ09,HGSZ05,1,0.16104590659632953,0.0,1.1610459065963294
DTSZ09,JESZ02,1,0.025142209118008928,0.0,1.025142209118009
DTSZ09,JESZ05,1,0.11627728340489561,0.0,1.1162772834048955
DTSZ09,JWSZ03,1,0.05623902500046039,0.0,1.0562390250004603
DTSZ09,JWSZ09,1,0.14803204065382772,0.0,1.1480320406538278
DTSZ09,KLSZ01,1,0.15491642877435044,0.0,1.1549164287743505
DTSZ09,KLSZ02,3,0.0,0.0,3.0
DTSZ09,KLSZ06,1,0.1876027051188177,0.0,1.1876027051188176
DTSZ09,MPSZ03,1,0.12573969145158642,0.0,1.1257396914515865
DTSZ09,MUSZ01,1,0.033687580844329115,0.0,1.033687580844329
DTSZ09,NTSZ03,1,0.031973719870501134,0.0,1.0319737198705012
DTSZ09,NVSZ01,1,0.233231059896797,0.0,1.233231059896797
DTSZ09,NVSZ02,1,0.14390252186964644,0.0,1.1439025218696464
DTSZ09,ORSZ02,3,0.04240359315603585,0.0,3.042403593156036
DTSZ09,ORSZ03,1,0.09956977730089628,0.0,1.0995697773008963
DTSZ09,PGSZ04,1,0.09753175063030396,0.0,1.097531750630304
DTSZ09,PGSZ05,1,0.08266725699099618,0.0,1.082667256990996
DTSZ09,PRSZ08,1,0.12469463364619786,0.0,1.1246946336461978
DTSZ09,QTSZ01,2,0.01370250762666725,0.0,2.0137025076266672
DTSZ09,QTSZ04,1,0.018652830384316584,0.0,1.0186528303843165
DTSZ09,QTSZ05,2,0.20238596465463107,0.0,2.202385964654631
DTSZ09,QTSZ06,1,0.09980791821692636,0.0,1.0998079182169263
DTSZ09,QTSZ08,2,0.2222068789562096,0.0,2.2222068789562095
DTSZ09,QTSZ14,1,0.09404236920306165,0.0,1.0940423692030616
DTSZ09,SBSZ03,1,0.09754428715843512,0.0,1.097544287158435
DTSZ09,SESZ02,1,0.13412689229560287,0.0,1.134126892295603
DTSZ09,SESZ03,2,0.21725957013921846,0.0,2.2172595701392184
DTSZ09,SESZ04,1,0.1471699671000849,0.0,1.1471699671000848
DTSZ09,SESZ06,1,0.14597034266531536,0.0,1.1459703426653154
DTSZ09,SGSZ04,2,0.3150874870382339,0.0,2.315087487038234
DTSZ09,SGSZ05,2,0.12351029296182327,0.0,2.1235102929618233
DTSZ09,SGSZ06,1,0.13992407912110097,0.0,1.139924079121101
DTSZ09,SRSZ02,1,0.015876026240696055,0.0,1.015876026240696
DTSZ09,TMSZ01,1,0.2035148950093147,0.0,1.2035148950093146
DTSZ09,TMSZ02,4,0.42502384040016133,0.0,4.425023840400161
DTSZ09,TMSZ03,2,0.21333434345021618,0.0,2.2133343434502164
DTSZ09,TMSZ04,1,0.0839560455229512,0.0,1.083956045522951
DTSZ09,TPSZ02,1,0.13465868975694398,0.0,1.134658689756944
DTSZ09,TPSZ03,1,0.05319221244494995,0.0,1.05319221244495
DTSZ09,TPSZ06,1,0.07424245984204528,0.0,1.0742424598420452
DTSZ09,TPSZ08,1,0.011608540982503893,0.0,1.011608540982504
DTSZ09,WDSZ05,2,0.0335096013161587,0.0,2.0335096013161587
DTSZ09,WDSZ06,1,0.06905775222146435,0.0,1.0690577522214644
DTSZ09,YSSZ08,1,0.024820213135795882,0.0,1.024820213135796
DTSZ09,YSSZ09,1,0.10903861418043202,0.0,1.109038614180432
DTSZ10,AMSZ01,1,0.0,0.0,1.0
DTSZ10,BDSZ02,3,0.0,0.0,3.0
DTSZ10,BMSZ04,1,0.0,0.0,1.0
DTSZ10,BMSZ10,1,0.0,0.0,1.0
DTSZ10,BMSZ13,2,0.0,0.0,2.0
DTSZ10,CLSZ08,2,0.0,0.0,2.0
DTSZ10,GLSZ02,1,0.0,0.0,1.0
DTSZ10,GLSZ05,2,0.0,0.0,2.0
DTSZ10,HGSZ06,1,0.0,0.0,1.0
DTSZ10,JWSZ03,1,0.0,0.0,1.0
DTSZ10,JWSZ08,1,0.0,0.0,1.0
DTSZ10,KLSZ01,1,0.0,0.0,1.0
DTSZ10,PRSZ03,2,0.0,0.0,2.0
DTSZ10,QTSZ03,1,0.0,0.0,1.0
DTSZ10,SBSZ01,1,0.0,0.0,1.0
DTSZ10,SBSZ03,1,0.0,0.0,1.0
DTSZ10,SGSZ07,1,0.0,0.0,1.0
DTSZ10,TPSZ11,1,0.0,0.0,1.0
DTSZ10,YSSZ03,1,0.0,0.0,1.0
DTSZ10,YSSZ09,1,0.0,0.0,1.0
DTSZ11,AMSZ02,3,0.20009663514570653,0.0,3.2000966351457065
DTSZ11,AMSZ03,2,0.251738899165364,0.0,2.251738899165364
DTSZ11,AMSZ04,1,0.03760209610633509,0.0,1.037602096106335
DTSZ11,AMSZ06,2,0.3647641940791061,0.0,2.364764194079106
DTSZ11,AMSZ08,1,0.0606527169651863,0.0,1.0606527169651863
DTSZ11,AMSZ09,4,0.014644809585769513,0.0,4.01464480958577
DTSZ11,BDSZ01,6,0.6323817626013133,0.0,6.632381762601313
DTSZ11,BDSZ02,3,0.47645034830456084,0.0,3.476450348304561
DTSZ11,BDSZ04,4,0.6902398361664804,0.0,4.69023983616648
DTSZ11,BDSZ05,2,0.5554572311874072,0.0,2.555457231187407
DTSZ11,BDSZ06,8,2.4909476527752465,0.0,10.490947652775247
DTSZ11,BKSZ01,2,0.11943654190510532,0.0,2.119436541905105
DTSZ11,BKSZ02,1,0.13853559864514334,0.0,1.1385355986451433
DTSZ11,BKSZ04,1,0.18027989549633466,0.0,1.1802798954963347
DTSZ11,BKSZ05,4,1.0693192107492293,0.0,5.06931921074923
DTSZ11,BMSZ01,1,0.3460301036991086,0.0,1.3460301036991087
DTSZ11,BMSZ03,1,0.44904793826235656,0.0,1.4490479382623564
DTSZ11,BMSZ04,3,0.262427958807843,0.9915140934821564,4.253942052289999
DTSZ11,BMSZ09,4,0.3144315974471916,0.21392294987491475,4.528354547322106
DTSZ11,BMSZ12,1,0.2132288319971576,0.0,1.2132288319971576
DTSZ11,BMSZ13,3,0.3467885504779465,0.0,3.3467885504779464
DTSZ11,BMSZ16,2,0.21019946030340048,0.16005470225914376,2.3702541625625444
DTSZ11,BPSZ02,1,0.061963496509344414,0.0,1.0619634965093445
DTSZ11,BPSZ03,2,0.2166908402054232,0.0,2.2166908402054233
DTSZ11,BPSZ04,2,0.2514132421704441,0.0,2.251413242170444
DTSZ11,BPSZ05,3,0.16865485805463723,0.0,3.168654858054637
DTSZ11,BPSZ06,1,0.11922787760652277,0.0,1.1192278776065228
DTSZ11,BSSZ01,3,0.5596989083924797,0.0,3.5596989083924795
DTSZ11,BSSZ02,2,0.45441484023171513,0.0,2.454414840231715
DTSZ11,BSSZ03,4,0.7908114948730193,0.0,4.79081149487302
DTSZ11,BTSZ01,3,1.159389941859641,0.0,4.159389941859641
DTSZ11,BTSZ02,1,0.0963794278431463,0.0,1.0963794278431462
DTSZ11,BTSZ03,1,0.1414150578273351,0.0,1.1414150578273352
DTSZ11,BTSZ04,1,0.20840885256668804,0.0,1.208408852566688
DTSZ11,BTSZ05,3,0.11719941486898168,0.0,3.1171994148689817
DTSZ11,BTSZ06,2,0.29393083648379176,0.0,2.2939308364837916
DTSZ11,BTSZ08,5,0.12036224253680765,0.0,5.120362242536808
DTSZ11,CKSZ01,1,0.2437078887502945,0.0,1.2437078887502946
DTSZ11,CKSZ02,1,0.33711769903571537,0.0,1.3371176990357154
DTSZ11,CKSZ03,7,0.5405822653661982,0.0,7.540582265366198
DTSZ11,CKSZ04,3,0.2599800707783695,0.0,3.2599800707783695
DTSZ11,CKSZ06,5,0.1391424119654518,0.0,5.139142411965452
DTSZ11,CLSZ04,2,0.25147265173811983,0.0,2.25147265173812
DTSZ11,CLSZ05,1,0.1749250156973013,0.0,1.1749250156973012
DTSZ11,CLSZ06,1,0.19761422353048164,0.0,1.1976142235304816
DTSZ11,CLSZ07,1,0.14813699201448122,0.0,1.1481369920144813
DTSZ11,DTSZ01,1,0.3534889087903714,0.551207852547978,1.9046967613383494
DTSZ11,DTSZ02,2,0.35366967852673964,2.8005308000476936,5.154200478574433
DTSZ11,DTSZ03,6,0.8389721106477508,2.9910279359362626,9.830000046584013
DTSZ11,DTSZ05,1,0.36202831837609073,2.706128533853729,4.068156852229819
DTSZ11,DTSZ07,1,0.3904254480845793,2.0572713026378917,3.447696750722471
DTSZ11,DTSZ08,2,0.5777940358068312,24.049112362738928,26.62690639854576
DTSZ11,DTSZ11,3,0.4799188664099729,22.708282888164472,26.188201754574443
DTSZ11,DTSZ12,2,0.2868235542009848,0.5144297137305274,2.801253267931512
DTSZ11,GLSZ02,1,0.2059393611112729,0.0,1.205939361111273
DTSZ11,GLSZ04,8,1.7242455000181736,0.0,9.724245500018174
DTSZ11,GLSZ05,1,0.47649998660419396,0.0,1.476499986604194
DTSZ11,HGSZ02,4,0.8301590657477712,0.0,4.830159065747771
DTSZ11,HGSZ05,3,0.8722662219378099,0.0,3.87226622193781
DTSZ11,HGSZ06,4,1.0772788045961068,0.0,5.077278804596107
DTSZ11,HGSZ07,2,0.27183446658920996,0.0,2.27183446658921
DTSZ11,HGSZ08,3,0.430924126941691,0.0,3.430924126941691
DTSZ11,JESZ03,1,0.3089921555696843,0.0,1.3089921555696842
DTSZ11,JESZ04,1,0.07900256700730254,0.0,1.0790025670073025
DTSZ11,JWSZ01,1,0.010693925188416132,0.0,1.0106939251884162
DTSZ11,JWSZ03,1,0.17716069758433195,0.0,1.1771606975843318
DTSZ11,JWSZ04,2,0.363232879618535,0.0,2.363232879618535
DTSZ11,JWSZ08,2,0.5048147840471049,0.0,2.504814784047105
DTSZ11,JWSZ09,2,0.4577882967322193,0.0,2.457788296732219
DTSZ11,KLSZ01,2,0.5518866319629978,0.0,2.551886631962998
DTSZ11,KLSZ05,2,0.3306907020298782,0.0,2.3306907020298784
DTSZ11,KLSZ06,3,0.5254507932786123,0.0,3.5254507932786123
DTSZ11,KLSZ07,1,0.4006492984637595,0.0,1.4006492984637595
DTSZ11,MPSZ01,1,0.15341245426462205,0.0,1.153412454264622
DTSZ11,MPSZ02,1,0.317683781337225,0.0,1.317683781337225
DTSZ11,MPSZ03,1,0.44889004657326964,0.0,1.4488900465732697
DTSZ11,MUSZ01,1,0.18182579776523713,1.7126706223220813,2.8944964200873184
DTSZ11,MUSZ03,1,0.0493298794934559,0.0,1.0493298794934558
DTSZ11,NTSZ05,1,0.0,0.0,1.0
DTSZ11,NVSZ01,3,0.7104268413036144,0.0,3.7104268413036143
DTSZ11,ORSZ01,1,0.06232500713904479,0.0,1.0623250071390449
DTSZ11,ORSZ02,3,0.42587072637263246,0.0,3.4258707263726325
DTSZ11,ORSZ03,2,0.24865134577838505,5.447492859848854,7.696144205627239
DTSZ11,OTSZ01,1,0.0826961735970358,0.5426945737151545,1.6253907473121902
DTSZ11,OTSZ03,6,0.8996712673699635,6.554040537342209,13.45371180471217
DTSZ11,PGSZ01,1,0.09696571613042679,0.0,1.0969657161304267
DTSZ11,PGSZ03,4,0.2841584650811258,0.0,4.284158465081126
DTSZ11,PGSZ04,2,0.5492404467373829,0.0,2.549240446737383
DTSZ11,PGSZ05,3,0.41725983095320485,0.0,3.417259830953205
DTSZ11,PRSZ02,2,0.39952706790023274,0.0,2.399527067900233
DTSZ11,PRSZ03,3,0.6635222087907723,0.0,3.663522208790772
DTSZ11,PRSZ04,1,0.09294130295764497,0.0,1.092941302957645
DTSZ11,PRSZ05,5,0.73997762361122,0.0,5.73997762361122
DTSZ11,QTSZ01,1,0.24125059878729951,0.0,1.2412505987872995
DTSZ11,QTSZ04,2,0.09039329509503753,0.0,2.0903932950950375
DTSZ11,QTSZ05,1,0.25698498526949426,0.0,1.2569849852694943
DTSZ11,QTSZ06,3,0.1258046364406349,0.0,3.125804636440635
DTSZ11,QTSZ13,1,0.27766495002434743,0.0,1.2776649500243473
DTSZ11,RCSZ01,1,0.2023411516592266,0.0,1.2023411516592266
DTSZ11,RVSZ03,2,0.0,0.0,2.0
DTSZ11,SBSZ02,1,0.044585396468275446,0.0,1.0445853964682754
DTSZ11,SBSZ03,3,0.3706419709910412,0.0,3.3706419709910413
DTSZ11,SBSZ04,1,0.11934222529708656,0.0,1.1193422252970866
DTSZ11,SESZ02,3,0.5121666146282466,0.0,3.5121666146282466
DTSZ11,SESZ03,8,0.64654373193956,0.0,8.64654373193956
DTSZ11,SESZ04,3,0.4931804178513158,0.0,3.493180417851316
DTSZ11,SESZ05,2,0.2185888392228233,0.0,2.2185888392228232
DTSZ11,SESZ06,3,0.6487014655643553,0.0,3.648701465564355
DTSZ11,SESZ07,1,0.0,0.0,1.0
DTSZ11,SGSZ04,4,1.129154564886696,0.0,5.129154564886696
DTSZ11,SGSZ06,3,0.5277639533873432,0.0,3.527763953387343
DTSZ11,SGSZ07,1,0.08495432124973341,0.0,1.0849543212497335
DTSZ11,SRSZ02,1,0.11190091193605323,0.0,1.1119009119360532
DTSZ11,TMSZ01,1,0.31080688167230786,0.0,1.310806881672308
DTSZ11,TMSZ02,10,1.6191502543904275,0.0,11.619150254390428
DTSZ11,TMSZ03,3,0.880640100350925,0.0,3.880640100350925
DTSZ11,TMSZ04,5,0.6707012623697559,0.0,5.6707012623697555
DTSZ11,TMSZ05,1,0.2619297000898618,0.0,1.261929700089862
DTSZ11,TNSZ02,1,0.17440230696498216,0.0,1.174402306964982
DTSZ11,TNSZ04,2,0.18594683786290117,0.0,2.1859468378629012
DTSZ11,TPSZ01,2,0.15038243182217673,0.0,2.1503824318221767
DTSZ11,TPSZ02,5,0.6105556668412405,0.0,5.610555666841241
DTSZ11,TPSZ05,1,0.13578016344247454,0.0,1.1357801634424745
DTSZ11,TPSZ06,1,0.2809637849320095,0.0,1.2809637849320095
DTSZ11,TPSZ08,2,0.1423271334334599,0.0,2.1423271334334597
DTSZ11,TPSZ09,3,0.1913829246637288,0.0,3.1913829246637286
DTSZ11,TPSZ11,2,0.34271353072560273,0.0,2.342713530725603
DTSZ11,TPSZ12,1,0.11802607003851867,0.0,1.1180260700385187
DTSZ11,WDSZ03,3,0.7401451403438251,0.0,3.740145140343825
DTSZ11,WDSZ04,1,0.1297646848061589,0.0,1.1297646848061589
DTSZ11,WDSZ05,1,0.13313717160379093,0.0,1.133137171603791
DTSZ11,WDSZ06,1,0.07445780579817872,0.0,1.0744578057981786
DTSZ11,WDSZ09,1,0.03236546266054738,0.0,1.0323654626605474
DTSZ11,YSSZ01,2,0.27338824858486,0.0,2.27338824858486
DTSZ11,YSSZ02,2,0.4068287413228725,0.0,2.4068287413228724
DTSZ11,YSSZ03,2,0.34410592833369585,0.0,2.344105928333696
DTSZ11,YSSZ04,2,0.3515610610800975,0.0,2.3515610610800977
DTSZ11,YSSZ08,3,0.0,0.0,3.0
DTSZ11,YSSZ09,4,0.7922230853613784,0.0,4.792223085361378
DTSZ12,BDSZ01,1,0.05790035047723559,0.0,1.0579003504772355
DTSZ12,BDSZ02,1,0.16765208807688184,0.0,1.167652088076882
DTSZ12,BDSZ03,1,0.126454225149569,0.0,1.126454225149569
DTSZ12,BDSZ04,4,0.35082721124548133,0.0,4.350827211245481
DTSZ12,BKSZ07,2,0.16696972484683847,0.0,2.1669697248468385
DTSZ12,BKSZ09,1,0.09822664213718121,0.0,1.0982266421371811
DTSZ12,BMSZ03,1,0.18041870430960602,0.0,1.180418704309606
DTSZ12,BMSZ04,1,0.10233814100648143,0.0,1.1023381410064814
DTSZ12,BPSZ03,1,0.07146322502498396,0.0,1.071463225024984
DTSZ12,BPSZ04,2,0.11583750344787604,0.0,2.1158375034478762
DTSZ12,BSSZ02,1,0.11936704350586111,0.0,1.1193670435058611
DTSZ12,BSSZ03,2,0.12355651172704975,0.0,2.12355651172705
DTSZ12,BTSZ06,1,0.09114598066777961,0.0,1.0911459806677797
DTSZ12,CKSZ02,1,0.12415796711736297,0.0,1.124157967117363
DTSZ12,CLSZ06,1,0.17251612142543657,0.0,1.1725161214254365
DTSZ12,DTSZ01,2,0.20253793045036064,0.5693824785809543,2.771920409031315
DTSZ12,DTSZ11,1,0.42775044228930187,1.1317973020774377,2.5595477443667396
DTSZ12,GLSZ03,1,0.12230286897810279,0.0,1.1223028689781027
DTSZ12,GLSZ05,1,0.2750417327705371,0.0,1.275041732770537
DTSZ12,HGSZ03,1,0.10854941836184795,0.0,1.1085494183618478
DTSZ12,HGSZ04,1,0.08858126683356324,0.0,1.0885812668335633
DTSZ12,HGSZ06,4,0.42482285452823343,0.0,4.424822854528234
DTSZ12,HGSZ07,1,0.1828988544060132,0.0,1.1828988544060133
DTSZ12,HGSZ08,1,0.04005254146175143,0.0,1.0400525414617514
DTSZ12,JESZ01,1,0.03499174347671764,0.0,1.0349917434767177
DTSZ12,JESZ02,2,0.020789997237802647,0.0,2.0207899972378027
DTSZ12,JESZ05,1,0.1304682424292296,0.0,1.1304682424292296
DTSZ12,JWSZ09,1,0.1458733013850212,0.0,1.1458733013850213
DTSZ12,KLSZ06,1,0.2322927078593089,0.07791463093888529,1.310207338798194
DTSZ12,MPSZ03,2,0.289853569637749,0.0,2.289853569637749
DTSZ12,MUSZ01,1,0.04922641026963782,0.20054443523273993,1.2497708455023777
DTSZ12,OTSZ02,2,0.02222850790826088,0.0,2.022228507908261
DTSZ12,OTSZ03,2,0.42844600469835165,1.8885910311624385,4.31703703586079
DTSZ12,PGSZ04,3,0.0,0.0,3.0
DTSZ12,PGSZ05,2,0.1361082001628576,0.0,2.1361082001628575
DTSZ12,QTSZ05,1,0.21019900415698153,0.0,1.2101990041569815
DTSZ12,RCSZ01,1,0.07421160620647152,0.1317907598412708,1.2060023660477424
DTSZ12,SBSZ03,1,0.11492828536065446,0.0,1.1149282853606544
DTSZ12,SESZ02,1,0.1380492918793689,0.0,1.138049291879369
DTSZ12,SESZ03,4,0.3001870500136003,0.0,4.300187050013601
DTSZ12,SESZ04,2,0.16362195735974763,0.0,2.1636219573597475
DTSZ12,SESZ05,2,0.015138731483636975,0.0,2.015138731483637
DTSZ12,SGSZ06,1,0.13729904793317493,0.0,1.1372990479331748
DTSZ12,SGSZ07,1,0.15933218466481655,0.0,1.1593321846648166
DTSZ12,TMSZ03,1,0.22300557371959875,0.0,1.2230055737195988
DTSZ12,TMSZ04,4,0.11002953910639222,0.0,4.110029539106392
DTSZ12,TNSZ04,2,0.08410931205143578,0.0,2.0841093120514356
DTSZ12,TPSZ06,1,0.07949398982031221,0.0,1.0794939898203122
DTSZ12,TPSZ07,1,0.0425707007884483,0.0,1.0425707007884484
DTSZ12,TPSZ11,1,0.19534057972375193,0.0,1.195340579723752
DTSZ12,WDSZ01,1,0.034897195392787614,0.0,1.0348971953927877
DTSZ12,WDSZ02,1,0.02354160194790121,0.0,1.0235416019479011
DTSZ12,WDSZ03,3,0.27758998777461885,0.0,3.277589987774619
DTSZ12,WDSZ04,1,0.10344134448697044,0.0,1.1034413444869704
DTSZ12,WDSZ06,1,0.08136498081925342,0.0,1.0813649808192534
GLSZ01,AMSZ01,1,0.37737339003856357,0.0,1.3773733900385636
GLSZ01,AMSZ03,1,0.22349440197357975,0.0,1.2234944019735798
GLSZ01,AMSZ04,1,0.06747002634233858,0.0,1.0674700263423387
GLSZ01,AMSZ06,1,0.4080731610731918,0.0,1.4080731610731918
GLSZ01,BDSZ01,2,0.2999264154104856,0.0,2.2999264154104857
GLSZ01,BDSZ02,1,0.3823788646608431,0.0,1.382378864660843
GLSZ01,BDSZ04,2,0.6809157952169791,0.0,2.680915795216979
GLSZ01,BKSZ07,1,0.19961303241437478,0.0,1.1996130324143748
GLSZ01,BMSZ16,1,0.017334671191090945,0.0,1.017334671191091
GLSZ01,BTSZ08,1,0.12669498861774045,0.0,1.1266949886177404
GLSZ01,CKSZ06,1,0.25193569471705407,0.0,1.2519356947170541
GLSZ01,CLSZ04,1,0.16742022388348013,0.0,1.16742022388348
GLSZ01,DTSZ05,2,0.3575749075785086,0.0,2.357574907578509
GLSZ01,DTSZ12,1,0.10875344376789943,0.0,1.1087534437678994
GLSZ01,GLSZ05,1,0.566673733153944,0.09099717680360583,1.6576709099575497
GLSZ01,HGSZ01,1,0.20562034875414412,0.0,1.2056203487541441
GLSZ01,HGSZ03,1,0.2883494747605556,0.0,1.2883494747605555
GLSZ01,HGSZ04,2,0.2789001821412189,0.0,2.2789001821412187
GLSZ01,HGSZ05,2,0.5099048442566748,0.0,2.509904844256675
GLSZ01,HGSZ06,2,0.7382405493038139,0.0,2.7382405493038138
GLSZ01,HGSZ07,1,0.34936686620438595,0.0,1.3493668662043858
GLSZ01,HGSZ08,1,0.30285733143935145,0.12934806356130563,1.432205395000657
GLSZ01,JESZ01,1,0.08116837015932073,0.0,1.0811683701593207
GLSZ01,JESZ05,1,0.3388821656024873,0.0,1.3388821656024872
GLSZ01,JWSZ08,1,0.07521644616313104,0.0,1.075216446163131
GLSZ01,KLSZ01,1,0.5855428356656954,0.07897261948580678,1.6645154551515022
GLSZ01,KLSZ09,1,0.07764128785298176,0.021623789951925623,1.0992650778049073
GLSZ01,ORSZ02,1,0.3168799119831209,0.0,1.316879911983121
GLSZ01,PGSZ02,1,0.15164103392836542,0.0,1.1516410339283654
GLSZ01,PGSZ03,2,0.1852859247279101,0.0,2.18528592472791
GLSZ01,PGSZ04,1,0.3232531296682766,0.0,1.3232531296682766
GLSZ01,PGSZ05,1,0.22734936201932354,0.0,1.2273493620193237
GLSZ01,PLSZ04,1,0.03620616147714128,0.0,1.0362061614771412
GLSZ01,SBSZ04,1,0.4862049706879403,0.0,1.4862049706879403
GLSZ01,SESZ02,2,0.3748117136899215,0.0,2.3748117136899216
GLSZ01,SESZ03,3,0.5511815075502592,0.0,3.5511815075502593
GLSZ01,SESZ05,1,0.20644683542174896,0.0,1.206446835421749
GLSZ01,SESZ06,4,0.7014823810744594,0.0,4.7014823810744595
GLSZ01,SGSZ03,1,0.2875105051989878,0.0,1.2875105051989877
GLSZ01,SGSZ04,2,0.9768355712710908,0.0,2.9768355712710908
GLSZ01,TMSZ02,3,0.9774876375067644,0.0,3.9774876375067643
GLSZ01,TNSZ04,1,0.14415394534707074,0.0,1.1441539453470708
GLSZ01,TPSZ05,1,0.20662139657772458,0.0,1.2066213965777246
GLSZ01,TPSZ06,1,0.27111306171873434,0.03222020772571646,1.3033332694444508
GLSZ01,TPSZ09,3,0.6071869990303335,0.64684313094157,4.254030129971904
GLSZ01,WDSZ02,2,0.11827132693817358,0.0,2.1182713269381734
GLSZ01,WDSZ06,1,0.3039854928649674,0.0,1.3039854928649675
GLSZ01,YSSZ02,1,0.09747370380815226,0.0,1.0974737038081523
GLSZ01,YSSZ03,2,0.3812939751688753,0.0,2.3812939751688753
GLSZ02,AMSZ01,4,0.49546735507302014,0.0,4.49546735507302
GLSZ02,AMSZ05,1,0.37722167239982124,0.0,1.3772216723998212
GLSZ02,BDSZ01,2,0.7965500559427745,0.24806785296616501,3.04461790890894
GLSZ02,BDSZ02,3,0.8370706579350049,0.0,3.837070657935005
GLSZ02,BDSZ03,1,0.48180491931442754,0.0,1.4818049193144276
GLSZ02,BDSZ04,4,0.872068898013331,0.0,4.872068898013331
GLSZ02,BDSZ05,1,0.5676187847570977,0.0,1.5676187847570977
GLSZ02,BDSZ06,1,0.7685517643840172,0.0,1.7685517643840172
GLSZ02,BKSZ07,1,0.18646047173516042,0.0,1.1864604717351603
GLSZ02,BMSZ05,1,0.20323708226699216,0.0,1.2032370822669922
GLSZ02,BMSZ07,1,0.31415342249970407,0.0,1.314153422499704
GLSZ02,BMSZ17,2,0.2749900406301298,0.0,2.2749900406301298
GLSZ02,BPSZ05,1,0.22580805268924461,0.0,1.2258080526892445
GLSZ02,BSSZ01,2,0.7787202106119046,0.0,2.7787202106119047
GLSZ02,BSSZ02,2,0.44440250012717286,0.0,2.4444025001271728
GLSZ02,BSSZ03,2,0.5550887418354512,0.0,2.5550887418354513
GLSZ02,BTSZ01,2,0.35162216874110264,0.0,2.3516221687411027
GLSZ02,CHSZ03,2,0.7270581599323795,0.0,2.7270581599323798
GLSZ02,CKSZ03,1,0.2056494409440061,0.0,1.2056494409440062
GLSZ02,CKSZ04,1,0.184077813580579,0.0,1.184077813580579
GLSZ02,DTSZ01,3,0.2909885721688488,0.0,3.2909885721688488
GLSZ02,DTSZ02,4,0.4040449610611787,0.0,4.404044961061179
GLSZ02,DTSZ03,1,0.30009071763181744,0.0,1.3000907176318175
GLSZ02,DTSZ05,2,0.30175340277570273,0.0,2.3017534027757027
GLSZ02,DTSZ06,2,0.04713892234287088,0.0,2.047138922342871
GLSZ02,DTSZ07,1,0.09244833478523759,0.0,1.0924483347852376
GLSZ02,DTSZ08,2,0.17232139145636768,0.0,2.1723213914563675
GLSZ02,DTSZ09,2,0.1791948753542677,0.0,2.1791948753542676
GLSZ02,DTSZ11,1,0.34605198748436156,0.0,1.3460519874843615
GLSZ02,DTSZ12,1,0.18348358043191923,0.0,1.1834835804319193
GLSZ02,GLSZ01,2,1.2101127102430966,0.545862160866215,3.755974871109312
GLSZ02,GLSZ02,3,0.9006468207573766,16.674458752575937,20.575105573333314
GLSZ02,GLSZ03,6,1.5545459154250594,2.19813723974816,9.75268315517322
GLSZ02,GLSZ04,3,1.7492757949125801,2.5304630911183144,7.279738886030895
GLSZ02,GLSZ05,10,2.076018408151073,2.344301760308703,14.420320168459776
GLSZ02,HGSZ03,1,0.2988091413037989,0.0,1.2988091413037988
GLSZ02,HGSZ04,1,0.301324832739274,0.0,1.3013248327392741
GLSZ02,HGSZ05,1,0.43574636723356586,0.0,1.4357463672335657
GLSZ02,JESZ05,2,0.4290471478181324,0.0,2.4290471478181326
GLSZ02,JESZ07,1,0.08797606529810105,0.0,1.087976065298101
GLSZ02,KLSZ01,1,0.5756093673356248,0.15682947396387323,1.732438841299498
GLSZ02,KLSZ02,2,0.3833541649304293,0.07374998100925687,2.457104145939686
GLSZ02,KLSZ03,1,0.14540781487522664,0.029666100709509577,1.1750739155847363
GLSZ02,KLSZ06,1,0.41986213805044903,0.041323414828935305,1.4611855528793842
GLSZ02,KLSZ08,1,0.38726458191334834,0.2731909792567003,1.6604555611700484
GLSZ02,MPSZ01,1,0.44097597259174826,0.5920011733521453,2.0329771459438937
GLSZ02,MPSZ03,1,0.5009285300412338,0.0,1.5009285300412338
GLSZ02,MUSZ03,2,0.061653083077180634,0.0,2.0616530830771804
GLSZ02,NVSZ01,1,0.8314205735393825,0.0,1.8314205735393825
GLSZ02,NVSZ02,1,0.5681474798292117,0.0,1.5681474798292117
GLSZ02,ORSZ02,1,0.3588994375473477,0.0,1.3588994375473478
GLSZ02,OTSZ03,7,0.6152868949189103,0.0,7.61528689491891
GLSZ02,PGSZ02,1,0.15188543691814904,0.0,1.151885436918149
GLSZ02,PNSZ01,1,0.10499746676709343,0.0,1.1049974667670934
GLSZ02,PRSZ03,2,0.5735361024951203,0.0,2.57353610249512
GLSZ02,PRSZ05,1,0.5565137476071237,0.0,1.5565137476071236
GLSZ02,PRSZ06,1,0.15997372276798794,0.0,1.159973722767988
GLSZ02,QTSZ06,1,0.10982164903311328,0.0,1.1098216490331132
GLSZ02,QTSZ08,4,0.6980871388248965,0.0,4.698087138824897
GLSZ02,QTSZ14,1,0.22653922521143594,0.0,1.226539225211436
GLSZ02,RCSZ02,1,0.10680141331508329,0.0,1.1068014133150832
GLSZ02,RCSZ08,1,0.0,0.0,1.0
GLSZ02,SBSZ01,1,0.3284027940789132,0.0,1.3284027940789132
GLSZ02,SBSZ03,1,0.26540663820384924,0.0,1.2654066382038494
GLSZ02,SBSZ04,1,0.2291203768294086,0.0,1.2291203768294086
GLSZ02,SBSZ08,1,0.07488303036176834,0.0,1.0748830303617682
GLSZ02,SESZ03,2,0.8157680719631296,0.0,2.8157680719631295
GLSZ02,SGSZ06,1,0.42833698158538847,0.17204938715094145,1.6003863687363298
GLSZ02,TMSZ02,2,1.1174849774109612,0.0,3.117484977410961
GLSZ02,TMSZ03,1,0.7830718285092207,0.0,1.7830718285092209
GLSZ02,TMSZ04,5,0.652109924356933,0.0,5.6521099243569335
GLSZ02,TMSZ05,3,0.5162359444107114,0.0,3.5162359444107114
GLSZ02,TPSZ02,1,0.4082739257879361,0.0,1.408273925787936
GLSZ02,TPSZ06,3,0.3412996541318403,0.07547938098675451,3.416779035118595
GLSZ02,TPSZ12,1,0.3707730309053691,0.044573308547454234,1.4153463394528234
GLSZ02,YSSZ04,1,0.28017665366480493,0.0,1.280176653664805
GLSZ02,YSSZ09,2,0.4030480634289013,0.0,2.4030480634289013
GLSZ03,AMSZ02,3,0.3998928322190737,0.0,3.3998928322190736
GLSZ03,AMSZ03,4,0.4910802630232671,0.0,4.491080263023267
GLSZ03,AMSZ04,1,0.1888225993073676,0.0,1.1888225993073676
GLSZ03,AMSZ09,3,1.0292501759571768,0.0,4.029250175957177
GLSZ03,BDSZ01,2,1.7290957382141845,0.3290609486399995,4.058156686854184
GLSZ03,BDSZ02,4,1.7251078415870222,0.0,5.725107841587022
GLSZ03,BDSZ03,1,1.2688765269692646,0.3173260940100438,2.586202620979308
GLSZ03,BDSZ04,4,2.1524962179590426,0.0,6.152496217959042
GLSZ03,BDSZ06,1,1.6221028932742725,0.0,2.6221028932742723
GLSZ03,BKSZ01,1,0.12084002838037937,0.0,1.1208400283803794
GLSZ03,BKSZ04,1,0.21157137219302308,0.0,1.211571372193023
GLSZ03,BKSZ05,1,0.5762348429546305,0.0,1.5762348429546305
GLSZ03,BKSZ07,2,0.6557182715194289,0.0,2.655718271519429
GLSZ03,BKSZ09,1,0.3149726737166612,0.0,1.3149726737166612
GLSZ03,BLSZ02,1,0.0,0.0,1.0
GLSZ03,BMSZ01,1,0.4087893456181952,0.0,1.4087893456181952
GLSZ03,BMSZ03,1,0.35281527851198896,0.0,1.352815278511989
GLSZ03,BMSZ04,1,0.22302223153781103,0.0,1.223022231537811
GLSZ03,BMSZ06,1,0.3069100549982437,0.0,1.3069100549982438
GLSZ03,BMSZ07,2,0.8062480414804782,0.0,2.8062480414804782
GLSZ03,BMSZ08,1,0.27528336333916437,0.0,1.2752833633391645
GLSZ03,BMSZ13,1,0.24641327487182912,0.0,1.246413274871829
GLSZ03,BMSZ15,1,0.23646596051874605,0.0,1.236465960518746
GLSZ03,BMSZ16,1,0.05794461257139966,0.0,1.0579446125713996
GLSZ03,BMSZ17,1,0.17712038490372656,0.0,1.1771203849037266
GLSZ03,BPSZ02,1,0.10020224810602256,0.0,1.1002022481060225
GLSZ03,BPSZ04,2,0.4870078834405622,0.0,2.4870078834405622
GLSZ03,BSSZ01,3,1.5398653543764065,0.0,4.539865354376406
GLSZ03,BSSZ02,1,0.7074855896038538,0.0,1.7074855896038539
GLSZ03,BSSZ03,1,0.6815783593844675,0.0,1.6815783593844675
GLSZ03,BTSZ05,1,0.1706938302459689,0.0,1.1706938302459688
GLSZ03,CCSZ01,1,0.08750954427305178,0.0,1.0875095442730518
GLSZ03,CKSZ01,1,0.33823369083434207,0.0,1.338233690834342
GLSZ03,CKSZ03,1,0.36288555844675874,0.0,1.3628855584467587
GLSZ03,CLSZ04,1,0.33566698845562565,0.0,1.3356669884556256
GLSZ03,DTSZ03,1,0.5602358941864399,0.0,1.56023589418644
GLSZ03,DTSZ12,1,0.22737136221297163,0.0,1.2273713622129716
GLSZ03,GLSZ02,6,1.369683827523657,1.892790093298244,9.2624739208219
GLSZ03,GLSZ03,4,3.7829788991849025,14.889564505418232,22.672543404603132
GLSZ03,GLSZ04,9,7.108383521750942,2.7737092137758808,18.88209273552682
GLSZ03,GLSZ05,2,2.6836008017091837,1.461627951713202,6.145228753422385
GLSZ03,HGSZ02,2,1.4098584075630833,0.0,3.4098584075630836
GLSZ03,HGSZ04,7,2.1649496871805525,0.0,9.164949687180552
GLSZ03,HGSZ05,2,1.5477981239941192,0.0,3.547798123994119
GLSZ03,HGSZ07,1,0.553584917304223,0.13402952798623088,1.687614445290454
GLSZ03,HGSZ08,1,0.6360909387193718,0.3134323525954362,1.949523291314808
GLSZ03,HGSZ09,1,0.1375247356157246,0.0,1.1375247356157245
GLSZ03,JESZ01,2,0.1507179452067838,0.0,2.1507179452067837
GLSZ03,JESZ03,1,0.46519357887046514,0.0,1.465193578870465
GLSZ03,JESZ04,1,0.02152910959993178,0.0,1.0215291095999317
GLSZ03,JWSZ03,3,0.4877193800161533,0.0,3.4877193800161534
GLSZ03,JWSZ04,1,0.29930104176182454,0.0,1.2993010417618245
GLSZ03,JWSZ08,3,0.5594018456738393,0.0,3.559401845673839
GLSZ03,JWSZ09,1,0.522465678766221,0.0,1.522465678766221
GLSZ03,KLSZ01,2,1.3251568404852367,0.0,3.3251568404852367
GLSZ03,KLSZ04,1,0.0,0.0,1.0
GLSZ03,KLSZ08,2,0.6386183474213998,0.0,2.6386183474214
GLSZ03,MDSZ03,1,0.0,0.0,1.0
GLSZ03,MPSZ03,2,1.484665104324957,0.5976244395581535,4.08228954388311
GLSZ03,MUSZ01,1,0.21660934527198902,0.0,1.216609345271989
GLSZ03,MUSZ03,1,0.06175273558771996,0.0,1.0617527355877199
GLSZ03,NVSZ01,1,1.1957083440227347,0.0,2.1957083440227345
GLSZ03,NVSZ02,1,0.761653000185158,0.0,1.761653000185158
GLSZ03,ORSZ01,1,0.08561834472459237,0.0,1.0856183447245924
GLSZ03,ORSZ02,1,0.35350206619347224,0.0,1.3535020661934722
GLSZ03,ORSZ03,2,0.4728626024421496,0.0,2.4728626024421496
GLSZ03,OTSZ03,2,1.055356133014339,0.0,3.055356133014339
GLSZ03,OTSZ04,1,0.01410636854308736,0.0,1.0141063685430873
GLSZ03,PGSZ02,1,0.4229949806749657,0.0,1.4229949806749658
GLSZ03,PGSZ03,4,0.9940741264222198,0.0,4.99407412642222
GLSZ03,PGSZ05,1,0.9641830073838124,0.0,1.9641830073838125
GLSZ03,PLSZ03,1,0.023249624773782195,0.0,1.0232496247737821
GLSZ03,PLSZ04,1,0.20429499424645325,1.2081810176975587,2.412476011944012
GLSZ03,PLSZ05,1,0.17052381091514487,0.0,1.1705238109151448
GLSZ03,PRSZ03,2,0.9442000218376683,0.0,2.944200021837668
GLSZ03,PRSZ05,2,1.7378849515347252,0.0,3.737884951534725
GLSZ03,QTSZ04,1,0.04533411708840998,0.0,1.04533411708841
GLSZ03,QTSZ05,1,0.4194544450198636,0.0,1.4194544450198636
GLSZ03,QTSZ08,1,0.3053867028029057,0.0,1.3053867028029056
GLSZ03,RCSZ01,1,0.17598812903328523,0.0,1.1759881290332852
GLSZ03,RCSZ10,2,0.3538847819685751,0.0,2.353884781968575
GLSZ03,SBSZ03,1,0.4259557819834406,0.0,1.4259557819834405
GLSZ03,SBSZ04,1,0.3516399851760599,0.0,1.3516399851760599
GLSZ03,SESZ02,2,1.5952460054497617,0.0,3.595246005449762
GLSZ03,SESZ03,6,1.4681438861344598,0.0,7.46814388613446
GLSZ03,SESZ04,3,1.3786773845946891,0.0,4.378677384594689
GLSZ03,SESZ05,1,0.5269187396650266,0.0,1.5269187396650266
GLSZ03,SESZ06,2,1.7793657235738018,0.0,3.779365723573802
GLSZ03,SGSZ03,2,0.7391105155338978,0.0,2.739110515533898
GLSZ03,SGSZ04,1,0.8991884169015869,0.0,1.899188416901587
GLSZ03,SGSZ05,2,0.6771611354734329,0.0,2.677161135473433
GLSZ03,SGSZ06,3,1.0280813239099058,0.0,4.028081323909905
GLSZ03,TMSZ02,10,3.9820401963627194,0.0,13.98204019636272
GLSZ03,TMSZ03,3,1.9953436433838394,0.0,4.99534364338384
GLSZ03,TMSZ04,2,1.484003497634625,0.0,3.484003497634625
GLSZ03,TMSZ05,4,1.4394315404199107,0.0,5.4394315404199105
GLSZ03,TNSZ04,2,0.26248741686556604,0.0,2.262487416865566
GLSZ03,TPSZ05,1,0.3362708293070305,0.0,1.3362708293070304
GLSZ03,TPSZ06,2,0.9208877965785616,0.0,2.920887796578562
GLSZ03,TPSZ12,2,0.5007007769847026,0.08279867681015865,2.583499453794861
GLSZ03,WDSZ01,1,0.05558079271276346,0.0,1.0555807927127634
GLSZ03,WDSZ03,2,0.7362096421960133,0.0,2.7362096421960134
GLSZ03,WDSZ04,1,0.33811852238720314,0.0,1.3381185223872032
GLSZ03,WDSZ05,1,0.37741751945265034,0.0,1.3774175194526503
GLSZ03,WDSZ06,2,0.4249841765301857,0.0,2.424984176530186
GLSZ03,YSSZ09,2,0.7733782552527838,0.0,2.773378255252784
GLSZ04,AMSZ02,1,0.6110780413220551,0.0,1.6110780413220551
GLSZ04,AMSZ06,1,0.6202820372295653,0.0,1.6202820372295652
GLSZ04,BDSZ01,3,1.063519130919543,0.0,4.063519130919543
GLSZ04,BDSZ02,1,1.1612938405805886,0.0,2.161293840580589
GLSZ04,BDSZ03,2,1.106841542816359,0.0,3.106841542816359
GLSZ04,BDSZ04,8,3.5111326566065966,0.0,11.511132656606597
GLSZ04,BDSZ05,1,0.8379246436845271,0.0,1.8379246436845271
GLSZ04,BDSZ06,3,1.799452198027215,0.0,4.799452198027215
GLSZ04,BKSZ05,1,0.5835115379575949,0.0,1.583511537957595
GLSZ04,BKSZ07,1,0.7181272941605679,0.0,1.7181272941605679
GLSZ04,BKSZ09,1,0.4465462925268052,0.0,1.446546292526805
GLSZ04,BMSZ01,1,0.5784870175784763,0.0,1.5784870175784764
GLSZ04,BMSZ02,1,0.43801512533112846,0.0,1.4380151253311284
GLSZ04,BMSZ07,1,1.0407543628430727,0.0,2.0407543628430727
GLSZ04,BMSZ14,1,0.11359592674319517,0.0,1.1135959267431952
GLSZ04,BMSZ17,1,0.27539741904202486,0.0,1.275397419042025
GLSZ04,BPSZ02,1,0.08144825478503953,0.0,1.0814482547850395
GLSZ04,BSSZ02,2,0.8831666449865941,0.0,2.883166644986594
GLSZ04,BSSZ03,1,0.9240380937235682,0.0,1.9240380937235682
GLSZ04,BTSZ01,1,0.7869432753979408,0.0,1.7869432753979408
GLSZ04,CHSZ03,6,1.8953954651704479,0.0,7.895395465170448
GLSZ04,CLSZ03,1,0.46654777789900265,0.0,1.4665477778990026
GLSZ04,CLSZ04,2,0.556340819883446,0.0,2.556340819883446
GLSZ04,DTSZ01,5,0.3652496527019446,0.0,5.365249652701944
GLSZ04,DTSZ02,9,0.8605359996513934,0.0,9.860535999651393
GLSZ04,DTSZ03,6,0.7297817516057885,0.0,6.729781751605788
GLSZ04,DTSZ05,12,1.0990635042677726,0.0,13.099063504267772
GLSZ04,DTSZ08,6,0.46225309711603474,0.0,6.462253097116035
GLSZ04,DTSZ09,1,0.16400034412641865,0.0,1.1640003441264186
GLSZ04,DTSZ11,10,1.2060830403069587,0.0,11.20608304030696
GLSZ04,GLSZ01,1,1.2408696071971197,0.11653725779573772,2.3574068649928575
GLSZ04,GLSZ02,3,2.498884553690039,0.7369658094265139,6.235850363116553
GLSZ04,GLSZ03,10,6.47259049129221,1.0674002899954664,17.539990781287674
GLSZ04,GLSZ04,12,17.678580739504756,61.920448446596396,91.59902918610115
GLSZ04,GLSZ05,13,6.329624289210257,3.4107515884555126,22.74037587766577
GLSZ04,HGSZ02,2,1.118431439003056,0.0,3.1184314390030563
GLSZ04,HGSZ03,1,0.6647023028999735,0.0,1.6647023028999735
GLSZ04,HGSZ04,1,0.7189401825186673,0.0,1.7189401825186672
GLSZ04,HGSZ05,2,1.1984440704237436,0.0,3.1984440704237436
GLSZ04,HGSZ06,1,1.1682490440100137,0.0,2.1682490440100137
GLSZ04,HGSZ07,1,0.5236699471536346,0.0,1.5236699471536346
GLSZ04,HGSZ08,4,1.793689081956393,0.17887655376380035,5.972565635720193
GLSZ04,HGSZ09,1,0.08612325209513169,0.0,1.0861232520951316
GLSZ04,JESZ04,1,0.10750523971473203,0.0,1.107505239714732
GLSZ04,JESZ05,1,0.9226338286554566,0.0,1.9226338286554565
GLSZ04,JWSZ02,1,0.22915213913026442,0.0,1.2291521391302644
GLSZ04,JWSZ06,1,0.13371393255490843,0.0,1.1337139325549084
GLSZ04,JWSZ09,1,0.836335965756225,0.0,1.836335965756225
GLSZ04,KLSZ01,2,1.7891163346185073,0.2335030563063267,4.022619390924834
GLSZ04,KLSZ02,1,1.185633986687057,0.03084256355803544,2.2164765502450927
GLSZ04,KLSZ05,3,2.645824000222693,0.054783416644611636,5.700607416867305
GLSZ04,KLSZ06,3,1.8181409181251165,0.16385384780631182,4.981994765931429
GLSZ04,KLSZ07,3,0.9791944910902324,0.0,3.979194491090232
GLSZ04,KLSZ08,1,0.8534022592632737,0.24261940701309848,2.096021666276372
GLSZ04,KLSZ09,2,0.6979270314806496,0.07405233142937384,2.7719793629100233
GLSZ04,MPSZ01,1,1.2471300668643326,0.8301447902369252,3.0772748571012576
GLSZ04,MPSZ02,3,2.9167316959822465,0.8979142023273069,6.8146458983095535
GLSZ04,MPSZ03,4,1.9171386646263766,0.9095474694928212,6.826686134119198
GLSZ04,MUSZ01,2,0.3941814045058867,0.0,2.3941814045058867
GLSZ04,MUSZ03,1,0.1073540492073437,0.0,1.1073540492073437
GLSZ04,NTSZ03,1,0.18532278669247998,0.0,1.18532278669248
GLSZ04,NTSZ05,2,0.0,0.0,2.0
GLSZ04,NVSZ01,1,1.506089910525681,0.0,2.506089910525681
GLSZ04,NVSZ02,6,1.1816384294612174,0.0,7.181638429461217
GLSZ04,ORSZ01,1,0.06917800566853408,0.0,1.069178005668534
GLSZ04,ORSZ02,5,1.37916947417373,0.0,6.37916947417373
GLSZ04,ORSZ03,5,0.6329100911854635,0.0,5.6329100911854635
GLSZ04,OTSZ01,1,0.0642248762856769,0.0,1.064224876285677
GLSZ04,OTSZ02,1,0.05544410551232968,0.0,1.0554441055123296
GLSZ04,OTSZ03,13,2.7019148265978408,0.0,15.701914826597841
GLSZ04,OTSZ04,1,0.15324335006871737,0.0,1.1532433500687174
GLSZ04,PGSZ03,1,0.5730274976133806,0.0,1.5730274976133805
GLSZ04,PGSZ04,3,1.1706674015125516,0.0,4.170667401512551
GLSZ04,PGSZ05,1,0.8012483973473823,0.0,1.8012483973473823
GLSZ04,PLSZ04,1,0.09186294701373582,0.0,1.0918629470137358
GLSZ04,PRSZ03,3,0.9550586864590477,0.0,3.9550586864590476
GLSZ04,PRSZ04,1,0.20454386008486025,0.0,1.2045438600848604
GLSZ04,PRSZ07,1,0.0884546618368989,0.0,1.0884546618368989
GLSZ04,PRSZ08,1,0.34592514594650536,0.0,1.3459251459465054
GLSZ04,QTSZ01,1,0.3802427436558648,0.0,1.3802427436558649
GLSZ04,QTSZ02,1,0.23077013637147467,0.0,1.2307701363714747
GLSZ04,QTSZ04,1,0.06511120111477758,0.0,1.0651112011147776
GLSZ04,QTSZ06,1,0.18626891973360143,0.0,1.1862689197336014
GLSZ04,QTSZ08,6,1.2113286311484899,0.0,7.21132863114849
GLSZ04,QTSZ10,3,0.9760942428864025,0.0,3.9760942428864023
GLSZ04,QTSZ11,2,0.7914303158420463,0.0,2.7914303158420464
GLSZ04,QTSZ12,2,0.5863995495117772,0.0,2.586399549511777
GLSZ04,QTSZ14,4,0.8944620361659554,0.0,4.894462036165955
GLSZ04,RCSZ05,1,0.15134650733929192,0.0,1.151346507339292
GLSZ04,RCSZ10,1,0.5719486352066669,0.0,1.571948635206667
GLSZ04,RVSZ05,1,0.27242180435360225,0.0,1.2724218043536022
GLSZ04,SBSZ01,1,0.6908101148239991,0.0,1.6908101148239991
GLSZ04,SBSZ02,1,0.09247033845649474,0.0,1.0924703384564947
GLSZ04,SBSZ04,2,0.26334226000954736,0.0,2.2633422600095474
GLSZ04,SBSZ05,1,0.05174559997644511,0.0,1.0517455999764451
GLSZ04,SESZ03,1,1.081536797992207,0.0,2.0815367979922073
GLSZ04,SESZ05,3,0.42952045720804594,0.0,3.4295204572080458
GLSZ04,SESZ06,1,0.9634664494040627,0.0,1.9634664494040628
GLSZ04,SGSZ02,1,0.3375426386478295,0.0,1.3375426386478295
GLSZ04,SGSZ04,2,2.025423452627377,0.0,4.025423452627377
GLSZ04,SGSZ05,1,0.3561971710231122,0.0,1.3561971710231122
GLSZ04,SGSZ06,3,0.8608594440637992,0.0,3.860859444063799
GLSZ04,SRSZ02,1,0.10866471833350203,0.0,1.108664718333502
GLSZ04,TMSZ01,1,1.0262631920205683,0.0,2.0262631920205685
GLSZ04,TMSZ02,4,2.245930580058217,0.0,6.245930580058217
GLSZ04,TMSZ03,4,2.513015662580335,0.0,6.513015662580335
GLSZ04,TMSZ04,4,2.733081368151619,0.0,6.733081368151619
GLSZ04,TMSZ05,5,1.4697775986183215,0.0,6.469777598618322
GLSZ04,TNSZ03,2,0.13132699977630782,0.0,2.131326999776308
GLSZ04,TPSZ02,3,1.2572038674231796,0.0,4.257203867423179
GLSZ04,TPSZ06,2,0.7634279336953022,0.0,2.763427933695302
GLSZ04,TPSZ09,1,0.730857030414239,0.03696596869842568,1.7678229991126646
GLSZ04,TPSZ10,1,0.49817607313163015,0.04433244508725019,1.5425085182188802
GLSZ04,TPSZ12,4,1.8416995380054804,0.050886264433348934,5.89258580243883
GLSZ04,WCSZ01,2,1.0517274113381245,0.0,3.0517274113381245
GLSZ04,WDSZ01,1,0.1516139009828513,0.0,1.1516139009828512
GLSZ04,WDSZ03,1,0.7284269689166517,0.0,1.7284269689166516
GLSZ04,WDSZ06,1,0.2761479467559782,0.0,1.2761479467559782
GLSZ04,WDSZ09,1,0.2088761157614394,0.0,1.2088761157614394
GLSZ04,YSSZ02,1,0.4436716458446483,0.0,1.4436716458446484
GLSZ04,YSSZ04,1,0.5942114393182866,0.0,1.5942114393182867
GLSZ04,YSSZ09,2,0.934514308919907,0.0,2.934514308919907
GLSZ05,AMSZ01,3,1.4882781135748944,0.0,4.488278113574895
GLSZ05,AMSZ02,1,0.5449196237183297,0.0,1.5449196237183296
GLSZ05,AMSZ04,1,0.17083441108084044,0.0,1.1708344110808404
GLSZ05,AMSZ06,1,0.434836814017978,0.0,1.4348368140179781
GLSZ05,BDSZ01,5,2.2096458789292006,0.6239314809991379,7.833577359928339
GLSZ05,BDSZ02,1,1.2443194460082558,0.0,2.244319446008256
GLSZ05,BDSZ03,13,3.83618140235702,1.3387226639243015,18.17490406628132
GLSZ05,BDSZ04,18,4.103151343798083,0.0,22.103151343798082
GLSZ05,BDSZ05,3,2.9971163636434763,0.16299530255580835,6.160111666199285
GLSZ05,BDSZ06,9,1.9062538828563838,0.0,10.906253882856383
GLSZ05,BDSZ07,2,1.2300772371313669,0.18930823214720313,3.41938546927857
GLSZ05,BKSZ03,1,0.2983548346985325,0.0,1.2983548346985325
GLSZ05,BKSZ05,1,0.5360679970666107,0.0,1.5360679970666107
GLSZ05,BKSZ08,1,0.023887268483597787,0.0,1.0238872684835978
GLSZ05,BLSZ04,1,0.10854180399390667,0.0,1.1085418039939068
GLSZ05,BMSZ01,2,0.8954887767201312,0.0,2.895488776720131
GLSZ05,BMSZ04,1,0.3485467916567261,0.0,1.3485467916567262
GLSZ05,BMSZ05,3,1.6826436499601913,0.0,4.682643649960191
GLSZ05,BMSZ06,2,0.9846130747050125,0.0,2.9846130747050124
GLSZ05,BMSZ07,1,1.0268858569667256,0.0,2.0268858569667256
GLSZ05,BMSZ10,1,0.1437361213415725,0.0,1.1437361213415724
GLSZ05,BMSZ15,2,0.1396609482745276,0.0,2.1396609482745275
GLSZ05,BMSZ17,2,0.3453983315579638,0.0,2.3453983315579636
GLSZ05,BPSZ02,1,0.07159180089627788,0.0,1.071591800896278
GLSZ05,BPSZ03,1,0.19478843262618126,0.0,1.1947884326261813
GLSZ05,BPSZ05,2,0.640932866296815,0.0,2.640932866296815
GLSZ05,BSSZ01,3,1.4842684807664988,0.0,4.484268480766499
GLSZ05,BSSZ02,1,0.8899773167139132,0.0,1.8899773167139133
GLSZ05,BSSZ03,4,1.172165879442983,0.0,5.172165879442983
GLSZ05,BTSZ03,1,0.17871414885155035,0.0,1.1787141488515505
GLSZ05,BTSZ04,1,0.08784585645138525,0.0,1.0878458564513853
GLSZ05,BTSZ05,1,0.20536946730383626,0.0,1.2053694673038362
GLSZ05,CKSZ03,1,0.5269169233063896,0.0,1.5269169233063895
GLSZ05,CKSZ06,1,0.27682169058895645,0.0,1.2768216905889564
GLSZ05,CLSZ03,2,0.7587116418150168,0.0,2.758711641815017
GLSZ05,CLSZ04,2,0.5768010244245249,0.0,2.5768010244245247
GLSZ05,DTSZ01,4,0.43069020907661043,0.0,4.4306902090766105
GLSZ05,DTSZ02,4,1.0344275008301784,0.0,5.034427500830178
GLSZ05,DTSZ03,6,0.7211109411560724,0.0,6.7211109411560725
GLSZ05,DTSZ05,6,0.7888970938640604,0.0,6.78889709386406
GLSZ05,DTSZ08,4,0.4331775957131997,0.0,4.433177595713199
GLSZ05,DTSZ09,2,0.21340576038978287,0.0,2.213405760389783
GLSZ05,DTSZ10,1,0.09701886201328384,0.0,1.097018862013284
GLSZ05,DTSZ11,2,0.732205780427548,0.0,2.732205780427548
GLSZ05,GLSZ01,1,1.0125463815585303,0.10702453243278812,2.119570913991318
GLSZ05,GLSZ02,8,1.3423338305451071,0.7377498643191912,10.080083694864298
GLSZ05,GLSZ03,4,4.22814786802072,1.6111588325447759,9.839306700565496
GLSZ05,GLSZ04,15,14.297917968209319,6.683435659963129,35.98135362817245
GLSZ05,GLSZ05,25,7.166963464469679,77.38031009128083,109.54727355575051
GLSZ05,HGSZ01,1,0.6489340438804296,0.0,1.6489340438804296
GLSZ05,HGSZ03,1,0.6611276729616996,0.0,1.6611276729616997
GLSZ05,HGSZ04,1,0.7032907367522816,0.0,1.7032907367522816
GLSZ05,HGSZ05,2,1.1764408831468043,0.0,3.176440883146804
GLSZ05,HGSZ06,2,1.3152780809292057,0.0,3.3152780809292057
GLSZ05,HGSZ07,3,0.5523857345843907,0.0,3.5523857345843908
GLSZ05,HGSZ08,3,1.2618881367561405,0.1816016028021902,4.443489739558331
GLSZ05,JESZ05,2,0.9724403893977572,0.0,2.9724403893977573
GLSZ05,JESZ06,1,0.07019948356022733,0.0,1.0701994835602273
GLSZ05,JESZ07,1,0.07377742085980141,0.0,1.0737774208598014
GLSZ05,JWSZ02,1,0.20011713389403182,0.0,1.2001171338940317
GLSZ05,JWSZ03,1,0.26542237299235966,0.0,1.2654223729923597
GLSZ05,JWSZ04,2,0.4141232198385466,0.0,2.4141232198385465
GLSZ05,JWSZ05,1,0.015796373985718988,0.0,1.015796373985719
GLSZ05,JWSZ08,3,0.33720350072433536,0.0,3.3372035007243355
GLSZ05,JWSZ09,3,0.7382702700180084,0.0,3.7382702700180084
GLSZ05,KLSZ01,7,0.9562339999574893,0.0,7.956233999957489
GLSZ05,KLSZ03,4,0.3036773244817997,0.08186980079250315,4.385547125274303
GLSZ05,MPSZ01,2,1.260208760596062,1.1282066191151074,4.388415379711169
GLSZ05,MPSZ02,3,5.101670996904488,2.925598339787845,11.027269336692333
GLSZ05,MPSZ03,10,4.070797974229305,1.7516687908231223,15.822466765052427
GLSZ05,MUSZ01,1,0.45779106602187225,0.0,1.4577910660218723
GLSZ05,NVSZ01,1,1.4378723452789943,0.0,2.4378723452789943
GLSZ05,NVSZ02,2,1.1639074702642376,0.0,3.1639074702642374
GLSZ05,ORSZ02,2,0.8606899777792487,0.0,2.8606899777792485
GLSZ05,OTSZ02,2,0.06016706351318601,0.0,2.060167063513186
GLSZ05,OTSZ03,7,1.3170185812453872,0.0,8.317018581245387
GLSZ05,PGSZ01,1,0.20277022408308956,0.0,1.2027702240830895
GLSZ05,PGSZ02,2,0.7945791832966408,0.0,2.7945791832966407
GLSZ05,PGSZ04,3,1.3033413807240868,0.0,4.303341380724087
GLSZ05,PGSZ05,1,0.7811361210174893,0.0,1.7811361210174894
GLSZ05,PLSZ04,4,0.16493759419110235,0.0,4.164937594191103
GLSZ05,PNSZ01,1,0.219676010170233,0.0,1.219676010170233
GLSZ05,PNSZ03,1,0.0,0.0,1.0
GLSZ05,PRSZ02,1,0.8173953134844705,0.0,1.8173953134844705
GLSZ05,PRSZ03,6,0.9579361620039031,0.0,6.957936162003903
GLSZ05,PRSZ05,3,1.2108607320781895,0.0,4.2108607320781895
GLSZ05,PRSZ08,1,0.24324331707407615,0.0,1.2432433170740762
GLSZ05,QTSZ04,1,0.07476728510876085,0.0,1.0747672851087609
GLSZ05,QTSZ05,1,0.364750125043382,0.0,1.364750125043382
GLSZ05,QTSZ06,2,0.2594891874207787,0.0,2.2594891874207788
GLSZ05,QTSZ08,2,0.655549308636429,0.0,2.655549308636429
GLSZ05,QTSZ10,1,0.6372251028218798,0.0,1.6372251028218798
GLSZ05,QTSZ11,2,0.7888977417754901,0.0,2.7888977417754903
GLSZ05,RCSZ01,2,0.302869260100619,0.0,2.302869260100619
GLSZ05,RCSZ05,2,0.16942599467846947,0.0,2.1694259946784693
GLSZ05,RCSZ08,1,0.0,0.0,1.0
GLSZ05,RCSZ10,1,0.5286415187751528,0.0,1.5286415187751528
GLSZ05,SBSZ02,1,0.08250272022333144,0.0,1.0825027202233315
GLSZ05,SBSZ03,2,0.6477699697873778,0.0,2.6477699697873778
GLSZ05,SBSZ04,1,0.39818076686867687,0.0,1.398180766868677
GLSZ05,SBSZ05,1,0.050047452597013965,0.0,1.050047452597014
GLSZ05,SESZ03,2,1.4920851516652585,0.0,3.4920851516652585
GLSZ05,SESZ04,5,1.0474950542492092,0.0,6.047495054249209
GLSZ05,SESZ06,3,2.071986745751051,0.0,5.071986745751051
GLSZ05,SGSZ03,1,0.7265846177586828,0.0,1.7265846177586828
GLSZ05,SGSZ04,3,2.1125887844733953,0.0,5.112588784473395
GLSZ05,SGSZ05,1,0.3233742724226953,0.0,1.3233742724226953
GLSZ05,SGSZ06,6,0.5471480574602151,0.0,6.547148057460215
GLSZ05,SGSZ07,1,0.8257815943333454,0.0,1.8257815943333453
GLSZ05,SISZ01,1,0.4134954018274491,0.0,1.413495401827449
GLSZ05,SRSZ02,2,0.1459560821185289,0.0,2.145956082118529
GLSZ05,TMSZ02,5,2.716915046620698,0.0,7.716915046620699
GLSZ05,TMSZ03,5,1.8076660484635592,0.0,6.80766604846356
GLSZ05,TMSZ04,5,3.1457214092579036,0.0,8.145721409257904
GLSZ05,TMSZ05,1,0.8863920548865392,0.0,1.8863920548865392
GLSZ05,TPSZ01,1,0.5521316246294724,0.0,1.5521316246294723
GLSZ05,TPSZ02,2,1.0392157600452872,0.0,3.039215760045287
GLSZ05,TPSZ03,1,0.276771849739669,0.0,1.276771849739669
GLSZ05,TPSZ04,1,0.09743097864029672,0.0,1.0974309786402967
GLSZ05,TPSZ06,2,0.6156771464324657,0.0,2.615677146432466
GLSZ05,TPSZ09,1,0.4012372493836975,0.0,1.4012372493836975
GLSZ05,TPSZ11,1,0.9662632148263901,0.09701528495633267,2.0632784997827227
GLSZ05,TSSZ03,1,0.09076056462563833,0.0,1.0907605646256384
GLSZ05,WCSZ01,1,1.0720257268246056,0.0,2.072025726824606
GLSZ05,WDSZ01,1,0.10311767802322826,0.0,1.1031176780232284
GLSZ05,WDSZ02,2,0.7859695349240842,0.0,2.7859695349240843
GLSZ05,WDSZ06,1,0.2314231423943085,0.0,1.2314231423943085
GLSZ05,YSSZ02,1,0.3630255759380957,0.0,1.3630255759380958
GLSZ05,YSSZ04,2,0.5201009009463593,0.0,2.5201009009463595
GLSZ05,YSSZ09,4,1.3057464865527955,0.0,5.3057464865527955
HGSZ01,BDSZ05,1,0.3562632207423124,0.0,1.3562632207423124
HGSZ01,BMSZ08,1,0.08001067781150628,0.0,1.0800106778115062
HGSZ01,CHSZ03,2,0.5848425015540741,0.0,2.584842501554074
HGSZ01,DTSZ02,1,0.17498326429034344,0.0,1.1749832642903435
HGSZ01,DTSZ06,1,0.024997083959470503,0.0,1.0249970839594704
HGSZ01,DTSZ08,1,0.1611152103971073,0.0,1.1611152103971074
HGSZ01,DTSZ11,2,0.26632260479076486,0.0,2.2663226047907647
HGSZ01,GLSZ01,2,0.35975271005361775,0.0,2.359752710053618
HGSZ01,GLSZ03,1,0.3917109362174639,0.0,1.3917109362174638
HGSZ01,GLSZ05,1,0.5162986922503595,0.0,1.5162986922503596
HGSZ01,HGSZ01,2,3.5234867930296287,24.404676962506112,29.928163755535742
HGSZ01,HGSZ02,6,2.5906875540416388,2.306125121705976,10.896812675747615
HGSZ01,HGSZ03,1,0.7837980933877745,0.933980974946915,2.717779068334689
HGSZ01,HGSZ04,2,0.9629040329750432,1.0527777232192124,4.0156817561942555
HGSZ01,HGSZ05,6,1.0033157759402271,1.2312457135182278,8.234561489458455
HGSZ01,HGSZ06,3,1.3224313506065977,0.8293682976353862,5.151799648241984
HGSZ01,HGSZ07,1,0.5481915123067753,0.09619066776807114,1.6443821800748464
HGSZ01,JESZ03,1,0.22307521134417854,0.0,1.2230752113441785
HGSZ01,JESZ06,1,0.043869196053696456,0.0,1.0438691960536965
HGSZ01,KLSZ07,1,0.2840059800195799,0.0,1.2840059800195798
HGSZ01,MUSZ01,1,0.10236953858119477,0.0,1.1023695385811947
HGSZ01,NVSZ02,1,0.39799314378872713,0.0,1.3979931437887272
HGSZ01,ORSZ02,1,0.20176854189182897,0.0,1.201768541891829
HGSZ01,OTSZ02,2,0.09130048852522323,0.0,2.0913004885252233
HGSZ01,OTSZ03,1,0.28571096720714434,0.0,1.2857109672071443
HGSZ01,PGSZ04,2,0.9003530205068094,0.0,2.9003530205068095
HGSZ01,QTSZ11,1,0.17567159754986372,0.0,1.1756715975498637
HGSZ01,QTSZ14,2,0.21808602163260463,0.0,2.2180860216326046
HGSZ01,RCSZ08,1,0.0,0.0,1.0
HGSZ01,RCSZ10,1,0.11422627344966314,0.0,1.114226273449663
HGSZ01,SBSZ09,1,0.23853908810107657,0.0,1.2385390881010765
HGSZ01,SESZ02,3,1.3277842548298822,0.2727051027201322,4.600489357550014
HGSZ01,SESZ03,9,1.8385680681802765,0.7787392051520835,11.61730727333236
HGSZ01,SESZ05,4,0.7480503023151689,0.7305191939298677,5.478569496245036
HGSZ01,SESZ06,1,0.6562188045617068,0.08990441295208612,1.7461232175137928
HGSZ01,SGSZ06,2,0.5033399712431486,0.2738785932054216,2.77721856444857
HGSZ01,TMSZ01,2,0.44141323578315655,0.0,2.4414132357831564
HGSZ01,TMSZ04,1,0.2931969242527292,0.0,1.2931969242527293
HGSZ01,TPSZ01,1,0.16668769307285608,0.0,1.166687693072856
HGSZ01,TPSZ02,1,0.2606313053379122,0.0,1.2606313053379121
HGSZ01,TPSZ06,1,0.19820749164743212,0.0,1.1982074916474321
HGSZ01,TPSZ08,1,0.18041736944658104,0.0,1.1804173694465812
HGSZ01,TPSZ09,1,0.11629822484646271,0.0,1.1162982248464628
HGSZ01,WCSZ01,2,0.2659989991597691,0.0,2.265998999159769
HGSZ01,WDSZ01,1,0.07510627232446976,0.0,1.0751062723244698
HGSZ02,AMSZ01,3,1.1978848744295199,0.0,4.19788487442952
HGSZ02,AMSZ02,1,0.36261721706840855,0.0,1.3626172170684085
HGSZ02,AMSZ03,1,0.4990168496453928,0.0,1.4990168496453928
HGSZ02,AMSZ12,1,0.17419108101419295,0.0,1.174191081014193
HGSZ02,BDSZ06,1,0.7613271892808371,0.0,1.761327189280837
HGSZ02,BMSZ01,1,0.33051487627782133,0.0,1.3305148762778214
HGSZ02,BMSZ05,1,0.267359687081388,0.0,1.2673596870813881
HGSZ02,BMSZ12,1,0.3593765170995179,0.0,1.359376517099518
HGSZ02,BSSZ01,3,1.0555731518509432,0.0,4.055573151850943
HGSZ02,BTSZ01,2,0.6488652463947168,0.0,2.648865246394717
HGSZ02,CHSZ01,1,0.11657747528368738,0.0,1.1165774752836874
HGSZ02,CKSZ01,1,0.33312994201714946,0.0,1.3331299420171494
HGSZ02,DTSZ01,1,0.421316717682113,0.0,1.4213167176821129
HGSZ02,DTSZ02,1,0.36725672647937335,0.0,1.3672567264793734
HGSZ02,DTSZ03,2,0.6434489334832902,0.0,2.64344893348329
HGSZ02,DTSZ08,2,0.5046414626757874,0.0,2.5046414626757874
HGSZ02,DTSZ11,5,0.4222587296496512,0.0,5.422258729649651
HGSZ02,DTSZ12,1,0.31479442452929374,0.0,1.3147944245292937
HGSZ02,GLSZ03,2,1.1072205264652677,0.0,3.1072205264652677
HGSZ02,GLSZ04,1,0.8644944104262087,0.0,1.8644944104262087
HGSZ02,HGSZ01,10,3.013238725637769,1.4059138070872637,14.419152532725033
HGSZ02,HGSZ02,2,6.533081802068921,23.55531366401284,32.088395466081764
HGSZ02,HGSZ03,3,3.2388075910957004,2.2137684451921134,8.452576036287812
HGSZ02,HGSZ04,3,2.2280853570377563,1.2197987604004419,6.447884117438198
HGSZ02,HGSZ06,3,2.886025406274896,0.27173850460531096,6.157763910880208
HGSZ02,HGSZ07,2,0.7513490024880592,0.07415434213294426,2.8255033446210036
HGSZ02,HGSZ08,1,0.52058129980733,0.019953185459707617,1.5405344852670377
HGSZ02,JESZ04,1,0.08915254748357902,0.0,1.089152547483579
HGSZ02,KLSZ03,1,0.09738931620996358,0.0,1.0973893162099635
HGSZ02,KLSZ07,1,0.6443794863888294,0.0,1.6443794863888295
HGSZ02,KLSZ08,1,0.700036724994451,0.0,1.700036724994451
HGSZ02,KLSZ09,1,0.05551212840708733,0.0,1.0555121284070874
HGSZ02,MPSZ01,1,0.14597682809107834,0.0,1.1459768280910783
HGSZ02,MUSZ01,1,0.19038492156453926,0.0,1.1903849215645392
HGSZ02,MUSZ03,2,0.12575736135915735,0.0,2.1257573613591574
HGSZ02,NTSZ03,2,0.2536424699889544,0.0,2.2536424699889546
HGSZ02,NVSZ01,1,1.076078660623667,0.0,2.0760786606236667
HGSZ02,NVSZ02,3,1.3662315675341368,0.0,4.366231567534137
HGSZ02,NVSZ03,2,0.47359358943958146,0.0,2.4735935894395813
HGSZ02,ORSZ02,3,1.2842391631135077,0.0,4.284239163113508
HGSZ02,ORSZ03,4,0.49722470262586616,0.0,4.497224702625866
HGSZ02,OTSZ03,2,0.8348670780151001,0.0,2.8348670780151
HGSZ02,PGSZ02,2,0.6895606635149142,0.0,2.6895606635149143
HGSZ02,PGSZ03,2,1.3261000914429526,0.0,3.3261000914429526
HGSZ02,PGSZ04,1,1.5132202694569072,0.06383525650408385,2.577055525960991
HGSZ02,PGSZ05,1,0.7818000140104264,0.0,1.7818000140104264
HGSZ02,PLSZ03,1,0.08051187309345874,0.0,1.0805118730934586
HGSZ02,PRSZ06,1,0.355007684582718,0.0,1.355007684582718
HGSZ02,QTSZ02,1,0.20607684441541346,0.0,1.2060768444154135
HGSZ02,QTSZ08,4,0.890564328770927,0.0,4.890564328770927
HGSZ02,QTSZ10,1,0.3273275914897314,0.0,1.3273275914897313
HGSZ02,QTSZ14,1,0.4897895670050121,0.0,1.489789567005012
HGSZ02,QTSZ15,1,0.2137082731224337,0.0,1.2137082731224338
HGSZ02,RVSZ03,1,0.0,0.0,1.0
HGSZ02,RVSZ05,1,0.2958726155002756,0.0,1.2958726155002755
HGSZ02,SBSZ02,1,0.07375501594851175,0.0,1.0737550159485116
HGSZ02,SESZ03,2,2.082886865664426,0.17562349103645167,4.258510356700877
HGSZ02,SGSZ01,1,0.5828651915648521,0.0,1.582865191564852
HGSZ02,SGSZ02,1,0.34883720612777364,0.0,1.3488372061277736
HGSZ02,SGSZ04,1,0.9450048940271213,0.0,1.9450048940271212
HGSZ02,SGSZ06,3,1.2231612344690943,0.0,4.223161234469094
HGSZ02,SRSZ02,2,0.17065292254562467,0.0,2.170652922545625
HGSZ02,TMSZ03,4,1.7731432303249972,0.0,5.773143230324997
HGSZ02,TPSZ04,1,0.07649277810349334,0.0,1.0764927781034934
HGSZ02,TSSZ03,1,0.1300685025740157,0.0,1.1300685025740158
HGSZ02,WDSZ02,1,0.4354905100714942,0.0,1.435490510071494
HGSZ02,WDSZ08,1,0.3321515377364162,0.0,1.3321515377364161
HGSZ02,YSSZ09,2,0.8984485253663046,0.0,2.8984485253663044
HGSZ03,AMSZ03,1,0.44262212863374545,0.0,1.4426221286337455
HGSZ03,AMSZ10,2,0.4134255539580506,0.0,2.4134255539580507
HGSZ03,BDSZ03,2,0.6918921871881871,0.0,2.691892187188187
HGSZ03,BDSZ04,1,0.9493125368068572,0.0,1.9493125368068571
HGSZ03,BMSZ01,1,0.3911186144449684,0.0,1.3911186144449683
HGSZ03,BMSZ04,1,0.18162145286573428,0.0,1.1816214528657343
HGSZ03,BMSZ05,4,0.3244600955238918,0.0,4.324460095523892
HGSZ03,BTSZ01,1,0.37507890773630476,0.0,1.3750789077363048
HGSZ03,CHSZ03,2,0.9024761299211804,0.0,2.9024761299211805
HGSZ03,CLSZ01,1,0.21995905223949555,0.0,1.2199590522394956
HGSZ03,DTSZ02,1,0.3863105084496191,0.0,1.3863105084496192
HGSZ03,DTSZ03,2,0.6187442119256813,0.0,2.6187442119256814
HGSZ03,DTSZ05,3,0.5378663098968867,0.0,3.5378663098968866
HGSZ03,DTSZ06,1,0.055033906495956866,0.0,1.0550339064959569
HGSZ03,DTSZ08,2,0.22056687851483336,0.0,2.220566878514833
HGSZ03,GLSZ01,2,0.7012109970292002,0.0,2.7012109970292
HGSZ03,GLSZ02,1,0.3796400024543677,0.0,1.3796400024543676
HGSZ03,HGSZ01,1,0.7623461112426544,0.4616911471810063,2.2240372584236607
HGSZ03,HGSZ02,2,2.153358217924451,1.5669802207051375,5.720338438629589
HGSZ03,HGSZ03,7,0.9921324983313147,16.45574331199245,24.447875810323765
HGSZ03,HGSZ04,2,1.088921473498356,1.445534030756419,4.534455504254775
HGSZ03,HGSZ06,7,2.94782972451847,1.7144386503798275,11.662268374898298
HGSZ03,HGSZ07,1,0.6443727769938584,0.19008781877075237,1.8344605957646107
HGSZ03,KLSZ03,1,0.07405973253442273,0.0,1.0740597325344228
HGSZ03,KLSZ06,1,0.3657138442559978,0.0,1.3657138442559977
HGSZ03,KLSZ08,1,0.5121497296462515,0.0,1.5121497296462514
HGSZ03,MUSZ03,2,0.10095203834807845,0.0,2.1009520383480784
HGSZ03,NVSZ02,4,0.8034003301043041,0.0,4.803400330104304
HGSZ03,OTSZ03,3,0.5177272573391122,0.0,3.517727257339112
HGSZ03,OTSZ04,2,0.13775359301198167,0.0,2.1377535930119818
HGSZ03,PGSZ02,1,0.34953337291041603,0.0,1.349533372910416
HGSZ03,PGSZ04,1,1.3779062192999398,0.31446724284672267,2.6923734621466626
HGSZ03,PLSZ03,1,0.16921020530463413,0.0,1.169210205304634
HGSZ03,PRSZ05,1,1.0260726920913394,0.0,2.0260726920913394
HGSZ03,RCSZ01,1,0.19300899858932724,0.0,1.1930089985893273
HGSZ03,RVSZ05,1,0.3015695886609393,0.0,1.3015695886609393
HGSZ03,SBSZ02,1,0.20706736419383917,0.0,1.2070673641938392
HGSZ03,SBSZ06,1,0.2487279594192782,0.0,1.2487279594192782
HGSZ03,SBSZ08,1,0.12697313687728118,0.0,1.126973136877281
HGSZ03,SESZ03,4,2.4435928772451923,1.4025969496979396,7.8461898269431325
HGSZ03,SESZ04,2,1.6828886306846762,0.4485426392310148,4.131431269915691
HGSZ03,SGSZ04,5,1.523628751288053,0.0,6.523628751288053
HGSZ03,SGSZ05,1,0.4342265010165022,0.0,1.4342265010165023
HGSZ03,SGSZ06,1,0.6387418178880673,0.0,1.6387418178880673
HGSZ03,SLSZ04,1,0.0,0.0,1.0
HGSZ03,SRSZ01,1,0.2804729640567485,0.0,1.2804729640567485
HGSZ03,SRSZ02,2,0.14476506345524373,0.0,2.1447650634552438
HGSZ03,SRSZ03,1,0.3184768543358443,0.0,1.3184768543358443
HGSZ03,TMSZ03,1,1.2467010519569017,0.0,2.2467010519569017
HGSZ03,TNSZ03,1,0.04761408005017591,0.0,1.0476140800501759
HGSZ03,TPSZ06,1,0.40300240438942286,0.0,1.403002404389423
HGSZ03,TPSZ11,1,0.4311332569993962,0.0,1.4311332569993962
HGSZ03,WDSZ03,1,0.47642931133562866,0.0,1.4764293113356286
HGSZ03,WDSZ08,1,0.2595984800973875,0.0,1.2595984800973876
HGSZ03,YSSZ09,2,0.7766016160285585,0.0,2.7766016160285583
HGSZ04,AMSZ01,11,2.5567441930740573,0.0,13.556744193074056
HGSZ04,AMSZ04,2,0.38632916513798093,0.0,2.386329165137981
HGSZ04,AMSZ05,1,0.3626291443903063,0.0,1.3626291443903062
HGSZ04,AMSZ10,4,0.6583181511559782,0.0,4.658318151155978
HGSZ04,AMSZ12,5,0.36927155296391007,0.0,5.36927155296391
HGSZ04,BDSZ01,1,0.6811369542072209,0.0,1.6811369542072208
HGSZ04,BDSZ03,1,0.8560214695271775,0.0,1.8560214695271775
HGSZ04,BDSZ04,2,0.92595851771915,0.0,2.92595851771915
HGSZ04,BKSZ01,1,0.10634020476508811,0.0,1.106340204765088
HGSZ04,BKSZ05,1,0.6330399384975212,0.0,1.6330399384975212
HGSZ04,BMSZ01,1,0.4336800700558854,0.0,1.4336800700558854
HGSZ04,BMSZ04,1,0.18939616867857512,0.0,1.189396168678575
HGSZ04,BMSZ05,2,0.43922572309264557,0.0,2.4392257230926457
HGSZ04,BMSZ08,1,0.1896591233699672,0.0,1.1896591233699672
HGSZ04,BMSZ12,1,0.4460441745325456,0.0,1.4460441745325456
HGSZ04,BMSZ16,1,0.05268517824489997,0.0,1.0526851782449
HGSZ04,BSSZ01,2,1.3797397880521574,0.0,3.3797397880521576
HGSZ04,BSSZ02,1,0.6212435259206666,0.0,1.6212435259206666
HGSZ04,BSSZ03,2,1.028563577413231,0.0,3.028563577413231
HGSZ04,BTSZ01,1,0.5094394344606921,0.0,1.509439434460692
HGSZ04,BTSZ07,1,0.20352253555786787,0.0,1.2035225355578678
HGSZ04,CHSZ01,1,0.1586853512459096,0.0,1.1586853512459097
HGSZ04,CHSZ03,4,1.6163891951721794,0.0,5.61638919517218
HGSZ04,CLSZ01,1,0.18465745380325102,0.0,1.184657453803251
HGSZ04,CLSZ04,1,0.3556935623938701,0.0,1.3556935623938702
HGSZ04,CLSZ05,1,0.3405556136351475,0.0,1.3405556136351475
HGSZ04,DTSZ03,2,0.6737307224654281,0.0,2.673730722465428
HGSZ04,DTSZ04,1,0.07192910070839205,0.0,1.071929100708392
HGSZ04,DTSZ05,5,1.3909757520815953,0.0,6.390975752081595
HGSZ04,DTSZ08,1,0.37563955129480103,0.0,1.375639551294801
HGSZ04,DTSZ09,2,0.2562105254846165,0.0,2.2562105254846165
HGSZ04,GLSZ01,1,0.47026902640235385,0.0,1.470269026402354
HGSZ04,GLSZ02,1,0.39764848600665115,0.0,1.3976484860066511
HGSZ04,GLSZ03,7,1.3066953455463102,0.0,8.30669534554631
HGSZ04,GLSZ04,2,1.2792365987401002,0.0,3.2792365987401
HGSZ04,GLSZ05,3,1.221574640978436,0.0,4.221574640978436
HGSZ04,HGSZ01,5,1.6919746377136589,1.4886749623046986,8.180649600018358
HGSZ04,HGSZ02,3,1.6858790289913035,1.003029959312235,5.688908988303538
HGSZ04,HGSZ03,2,1.6697205150980552,1.9109008242042373,5.580621339302293
HGSZ04,HGSZ04,4,4.032913433424624,43.787216530078176,51.8201299635028
HGSZ04,HGSZ05,3,1.9955895550283043,2.2099747435589903,7.205564298587294
HGSZ04,HGSZ06,9,3.3770620504840343,4.624454298562622,17.001516349046657
HGSZ04,HGSZ07,5,1.1104861900767498,0.5381814520241406,6.64866764210089
HGSZ04,HGSZ08,1,0.5508517685781532,0.08754673212704578,1.638398500705199
HGSZ04,JESZ05,1,0.42452244985170956,0.0,1.4245224498517095
HGSZ04,JESZ06,1,0.11670286888075146,0.0,1.1167028688807514
HGSZ04,JWSZ09,1,0.4406244649065013,0.0,1.4406244649065014
HGSZ04,KLSZ05,1,0.4181664596881908,0.0,1.4181664596881909
HGSZ04,KLSZ06,2,0.5445031986255878,0.0,2.5445031986255877
HGSZ04,KLSZ07,2,0.7042829782705724,0.0,2.704282978270572
HGSZ04,KLSZ08,3,0.758101809415148,0.0,3.758101809415148
HGSZ04,MPSZ01,1,0.34615821500273836,0.0,1.3461582150027382
HGSZ04,MUSZ01,3,0.262986087528103,0.0,3.262986087528103
HGSZ04,MUSZ03,2,0.11064598545958854,0.0,2.1106459854595885
HGSZ04,NVSZ02,3,0.9914584212761969,0.0,3.9914584212761968
HGSZ04,ORSZ02,3,0.9182220683198066,0.0,3.918222068319807
HGSZ04,OTSZ03,6,0.7582426328264761,0.0,6.758242632826476
HGSZ04,OTSZ04,1,0.10217102632662846,0.0,1.1021710263266284
HGSZ04,PGSZ02,2,0.8372256226570931,0.0,2.837225622657093
HGSZ04,PGSZ03,1,0.5830452529701177,0.05136437608611449,1.634409629056232
HGSZ04,PGSZ05,1,0.8581383203490102,0.0,1.8581383203490103
HGSZ04,PLSZ03,1,0.07646628683582532,0.0,1.0764662868358252
HGSZ04,PLSZ04,1,0.215993356220151,0.5449669539851033,1.7609603102052542
HGSZ04,PNSZ02,1,0.0,0.0,1.0
HGSZ04,PRSZ02,1,0.7628723738483468,0.0,1.7628723738483467
HGSZ04,PRSZ03,1,0.8501789942097586,0.0,1.8501789942097586
HGSZ04,PRSZ06,2,0.3631541110477759,0.0,2.363154111047776
HGSZ04,QTSZ08,3,0.9532709038203505,0.0,3.9532709038203504
HGSZ04,QTSZ10,1,0.41993946088555595,0.0,1.419939460885556
HGSZ04,QTSZ11,1,0.40488088800772176,0.0,1.4048808880077217
HGSZ04,QTSZ14,1,0.4103263853795985,0.0,1.4103263853795984
HGSZ04,RCSZ02,1,0.20486657424077326,0.0,1.2048665742407731
HGSZ04,RCSZ08,1,0.0,0.0,1.0
HGSZ04,SESZ02,1,1.0020661834794002,0.14278522160680476,2.144851405086205
HGSZ04,SESZ03,3,1.6664795241582075,0.718800580142899,5.385280104301106
HGSZ04,SESZ04,6,2.944802317614579,1.1198266324448887,10.064628950059468
HGSZ04,SESZ05,4,1.0819596274772223,1.6957236593238552,6.777683286801078
HGSZ04,SESZ06,2,1.9637291447925358,0.5068913409180387,4.470620485710574
HGSZ04,SGSZ02,1,0.4811357934002076,0.0,1.4811357934002076
HGSZ04,SGSZ03,1,0.7948327900961359,0.13499937446649224,1.9298321645626282
HGSZ04,SGSZ04,2,1.7425110332239686,0.42826497853752,4.170776011761489
HGSZ04,SGSZ06,6,3.896385797730005,0.9507012409491916,10.847087038679197
HGSZ04,SGSZ07,1,0.3947610736987277,0.055911959334969404,1.4506730330336972
HGSZ04,SLSZ01,1,0.3515268652929647,0.0,1.3515268652929646
HGSZ04,SRSZ02,1,0.09371981216480481,0.0,1.0937198121648048
HGSZ04,TMSZ02,1,0.7718199657001434,0.0,1.7718199657001434
HGSZ04,TMSZ03,1,1.0534614594153033,0.0,2.0534614594153036
HGSZ04,TMSZ04,4,1.824313547946728,0.0,5.824313547946728
HGSZ04,TMSZ05,2,1.0045950200084688,0.0,3.004595020008469
HGSZ04,TPSZ02,1,0.6886275229214447,0.0,1.6886275229214447
HGSZ04,TPSZ12,1,0.302652109988824,0.0,1.302652109988824
HGSZ04,WCSZ01,4,1.3873598032034167,0.0,5.387359803203417
HGSZ04,WDSZ01,3,0.10716067407912819,0.0,3.107160674079128
HGSZ04,YSSZ01,1,0.3884214711434124,0.0,1.3884214711434124
HGSZ04,YSSZ09,2,0.9771745694605013,0.0,2.977174569460501
HGSZ05,AMSZ01,6,2.089534088712431,0.0,8.089534088712432
HGSZ05,AMSZ03,1,0.798369064321635,0.15144890938636751,1.9498179737080026
HGSZ05,AMSZ10,1,0.5312791917371485,0.0,1.5312791917371484
HGSZ05,AMSZ12,2,0.48021208285110834,0.40982319398652983,2.8900352768376383
HGSZ05,BDSZ03,1,0.9396227254389588,0.0,1.9396227254389586
HGSZ05,BDSZ06,2,1.4534384546114756,0.0,3.453438454611476
HGSZ05,BMSZ01,1,0.3897171120702518,0.0,1.3897171120702518
HGSZ05,BMSZ04,1,0.22760569929411567,0.0,1.2276056992941156
HGSZ05,BMSZ05,1,0.4021712020772911,0.0,1.4021712020772912
HGSZ05,BMSZ06,1,0.15536077559202266,0.0,1.1553607755920225
HGSZ05,BMSZ16,1,0.06185101479620784,0.0,1.061851014796208
HGSZ05,BMSZ17,1,0.2406762336420513,0.0,1.2406762336420514
HGSZ05,BSSZ03,1,0.7098614899913782,0.0,1.7098614899913782
HGSZ05,BTSZ01,2,0.7290037534834769,0.0,2.729003753483477
HGSZ05,CHSZ03,1,0.7581451963411874,0.0,1.7581451963411874
HGSZ05,CLSZ03,1,0.28719865281993245,0.0,1.2871986528199324
HGSZ05,CLSZ06,1,0.2940816173757452,0.0,1.2940816173757452
HGSZ05,DTSZ01,2,0.6145904687948471,0.0,2.614590468794847
HGSZ05,DTSZ02,3,0.921330343868885,0.0,3.921330343868885
HGSZ05,DTSZ03,5,0.8794172924021529,0.0,5.879417292402153
HGSZ05,DTSZ05,5,1.2311683311029604,0.0,6.23116833110296
HGSZ05,DTSZ08,2,0.411122261192508,0.0,2.411122261192508
HGSZ05,DTSZ09,1,0.1657462489748514,0.0,1.1657462489748514
HGSZ05,DTSZ11,5,0.8982914675406364,0.0,5.898291467540636
HGSZ05,GLSZ01,2,0.6190501089002322,0.0,2.619050108900232
HGSZ05,GLSZ02,2,0.6707168622426573,0.0,2.6707168622426574
HGSZ05,GLSZ03,3,1.2179081304705868,0.0,4.217908130470587
HGSZ05,GLSZ04,1,0.7636102168858389,0.0,1.763610216885839
HGSZ05,GLSZ05,2,1.1828226432217652,0.0,3.1828226432217654
HGSZ05,HGSZ01,9,2.3982295815051327,1.556477571916429,12.954707153421563
HGSZ05,HGSZ02,1,0.7653792497350187,0.17169908424098063,1.9370783339759994
HGSZ05,HGSZ03,2,1.0659943216803356,0.9628765754193134,4.028870897099649
HGSZ05,HGSZ04,3,1.8397047352416667,2.610936646299245,7.450641381540912
HGSZ05,HGSZ05,18,6.779588112997155,43.881004107219866,68.66059222021701
HGSZ05,HGSZ06,4,2.6533849238183254,1.0572182513031587,7.710603175121484
HGSZ05,HGSZ07,1,0.6320921163209834,0.1011346292796368,1.7332267456006203
HGSZ05,HGSZ09,1,0.09007283702486431,0.0,1.0900728370248642
HGSZ05,KLSZ01,1,0.7967466524906033,0.0,1.7967466524906033
HGSZ05,KLSZ05,1,0.297543058183298,0.0,1.297543058183298
HGSZ05,KLSZ06,2,1.0675428944549932,0.0,3.067542894454993
HGSZ05,KLSZ08,2,0.8863121469280131,0.0,2.886312146928013
HGSZ05,KLSZ09,1,0.09027481769704486,0.0,1.090274817697045
HGSZ05,MDSZ02,1,0.1442120363351892,0.0,1.144212036335189
HGSZ05,MPSZ02,1,0.5808313910131554,0.0,1.5808313910131555
HGSZ05,MUSZ01,1,0.2238744225489977,0.0,1.2238744225489977
HGSZ05,NTSZ01,1,0.0,0.0,1.0
HGSZ05,NTSZ03,1,0.13279410620658172,0.0,1.1327941062065818
HGSZ05,NVSZ01,1,1.1870379541423428,0.0,2.187037954142343
HGSZ05,NVSZ02,3,1.6497383943413926,0.0,4.649738394341393
HGSZ05,NVSZ03,1,0.3414447274914077,0.0,1.3414447274914076
HGSZ05,ORSZ02,2,0.7685719567111272,0.0,2.7685719567111273
HGSZ05,ORSZ03,2,0.5655710835313296,0.0,2.5655710835313297
HGSZ05,OTSZ03,2,0.6245312476640679,0.0,2.624531247664068
HGSZ05,OTSZ04,1,0.13827522510683016,0.0,1.1382752251068302
HGSZ05,PGSZ01,1,0.2618909767621251,0.0,1.2618909767621251
HGSZ05,PGSZ02,1,0.547641909379265,0.0,1.547641909379265
HGSZ05,PGSZ03,2,0.7440075474788056,0.27557649292060127,3.019584040399407
HGSZ05,PGSZ04,1,1.4500298995659642,0.0,2.450029899565964
HGSZ05,PGSZ05,1,0.8232341920593973,0.0,1.8232341920593973
HGSZ05,PRSZ06,1,0.2248047510378009,0.0,1.2248047510378008
HGSZ05,QTSZ10,1,0.44865512831819837,0.0,1.4486551283181983
HGSZ05,QTSZ11,3,0.8358901246132611,0.0,3.835890124613261
HGSZ05,QTSZ13,1,0.42957108328878474,0.0,1.4295710832887847
HGSZ05,SBSZ09,1,0.7590416016285151,0.0,1.759041601628515
HGSZ05,SESZ02,1,0.97447993288945,0.16516844459085778,2.1396483774803077
HGSZ05,SESZ03,1,1.3547167443339563,0.2349591804856645,2.5896759248196206
HGSZ05,SESZ04,3,3.0573848008189475,1.0563197779886653,7.113704578807614
HGSZ05,SESZ05,2,1.1661643546792537,1.1042319762329784,4.270396330912233
HGSZ05,SESZ06,3,2.2922457472604814,1.2933499695531925,6.585595716813674
HGSZ05,SGSZ02,1,0.49444669472124786,0.0,1.4944466947212478
HGSZ05,SGSZ03,2,1.3404312053153626,0.41497853867492546,3.7554097439902883
HGSZ05,SGSZ06,8,2.003288770531399,0.5529828912585809,10.55627166178998
HGSZ05,TMSZ01,1,0.7393181411531373,0.0,1.7393181411531373
HGSZ05,TMSZ02,2,1.6613940923139257,0.0,3.661394092313926
HGSZ05,TMSZ04,3,1.3910933456664774,0.0,4.391093345666477
HGSZ05,TPSZ09,2,0.37321190142327726,0.0,2.3732119014232773
HGSZ05,WCSZ01,1,0.437566041176992,0.0,1.437566041176992
HGSZ05,WDSZ01,1,0.1283930432461032,0.0,1.1283930432461031
HGSZ05,WDSZ02,1,0.46960691556654477,0.0,1.4696069155665448
HGSZ05,WDSZ03,1,0.5324678941110927,0.0,1.5324678941110927
HGSZ05,WDSZ09,2,0.4779482501046553,0.0,2.4779482501046552
HGSZ05,YSSZ01,1,0.453607915243071,0.0,1.453607915243071
HGSZ05,YSSZ03,1,0.7186519934444594,0.0,1.7186519934444595
HGSZ05,YSSZ04,1,0.5651642779611585,0.0,1.5651642779611585
HGSZ06,AMSZ01,3,1.7446691186635306,0.0,4.744669118663531
HGSZ06,AMSZ02,2,1.3039921398847032,0.5148839369507706,3.8188760768354735
HGSZ06,AMSZ04,2,0.7404834587526146,0.0,2.740483458752615
HGSZ06,AMSZ06,1,0.8224954791780561,0.0,1.822495479178056
HGSZ06,AMSZ08,1,0.2632418849932396,0.0,1.2632418849932396
HGSZ06,AMSZ10,1,0.4658536069482275,0.0,1.4658536069482275
HGSZ06,BDSZ01,1,1.0567671824665232,0.0,2.0567671824665235
HGSZ06,BDSZ04,3,1.8833018710338514,0.0,4.883301871033852
HGSZ06,BDSZ06,1,1.5533448943300614,0.0,2.5533448943300616
HGSZ06,BKSZ01,2,0.2696665975993155,0.0,2.2696665975993153
HGSZ06,BKSZ04,1,0.3325883257633013,0.0,1.3325883257633013
HGSZ06,BMSZ01,4,1.5527258523099174,0.0,5.552725852309917
HGSZ06,BMSZ05,1,0.5783346248975569,0.0,1.578334624897557
HGSZ06,BMSZ06,1,0.4658241822830709,0.0,1.4658241822830709
HGSZ06,BMSZ17,1,0.3209857677549541,0.0,1.3209857677549541
HGSZ06,BSSZ01,2,1.9717157386626527,0.0,3.9717157386626525
HGSZ06,CHSZ03,1,0.7129926404105592,0.0,1.712992640410559
HGSZ06,CLSZ04,1,0.40992979247248046,0.0,1.4099297924724805
HGSZ06,CLSZ06,1,0.35430641698679083,0.0,1.3543064169867909
HGSZ06,DTSZ01,1,0.511432977677396,0.0,1.511432977677396
HGSZ06,DTSZ02,2,1.253918393128871,0.0,3.2539183931288713
HGSZ06,DTSZ03,3,1.7760484482725445,0.0,4.776048448272545
HGSZ06,DTSZ04,1,0.08673424369419554,0.0,1.0867342436941956
HGSZ06,DTSZ05,2,0.8142850433215173,0.0,2.8142850433215174
HGSZ06,DTSZ07,1,0.2043901867861236,0.0,1.2043901867861235
HGSZ06,DTSZ08,2,0.6955014851704919,0.0,2.695501485170492
HGSZ06,DTSZ10,1,0.01818506067727414,0.0,1.0181850606772742
HGSZ06,DTSZ11,4,1.6138139180594533,0.0,5.613813918059453
HGSZ06,DTSZ12,1,0.2335995618187689,0.0,1.233599561818769
HGSZ06,GLSZ01,1,0.7618809967262583,0.0,1.7618809967262583
HGSZ06,GLSZ05,1,1.4133297148448556,0.0,2.4133297148448554
HGSZ06,HGSZ01,3,1.8023639096156967,0.24552207846985408,5.04788598808555
HGSZ06,HGSZ02,4,2.925620166291582,0.9283767131811667,7.853996879472748
HGSZ06,HGSZ03,4,2.4146502327562733,1.6184872059680717,8.033137438724344
HGSZ06,HGSZ04,1,1.3304076119321535,0.39576207844350747,2.726169690375661
HGSZ06,HGSZ05,1,1.3093408383762046,0.11535246058361184,2.4246932989598164
HGSZ06,HGSZ06,2,7.585604840279322,23.250925421283803,32.83653026156313
HGSZ06,HGSZ07,8,2.907963040388058,1.5271859023196828,12.435148942707741
HGSZ06,HGSZ08,3,2.411052587931677,0.42204172415780555,5.833094312089482
HGSZ06,JESZ05,3,0.8673762175797907,0.0,3.8673762175797908
HGSZ06,KLSZ03,2,0.14916630483102833,0.0,2.149166304831028
HGSZ06,KLSZ06,1,0.8121245625153922,0.0,1.8121245625153923
HGSZ06,KLSZ09,1,0.11148157317338907,0.0,1.1114815731733891
HGSZ06,MPSZ03,2,1.5065075759676345,0.0,3.5065075759676345
HGSZ06,MUSZ01,1,0.311470489088201,0.0,1.311470489088201
HGSZ06,NVSZ01,2,1.9925886588377877,0.0,3.9925886588377875
HGSZ06,ORSZ02,1,0.7294491860879806,0.0,1.7294491860879806
HGSZ06,ORSZ03,1,0.5682026893093078,0.0,1.5682026893093077
HGSZ06,OTSZ01,2,0.1403816630421783,0.0,2.140381663042178
HGSZ06,OTSZ03,1,0.6573727446211058,0.0,1.6573727446211057
HGSZ06,OTSZ04,2,0.24218417507593173,0.0,2.242184175075932
HGSZ06,PGSZ02,2,1.535247185749431,0.0,3.535247185749431
HGSZ06,PGSZ04,7,2.341874444396948,0.0,9.341874444396948
HGSZ06,PRSZ02,1,1.0225061491339813,0.0,2.0225061491339815
HGSZ06,PRSZ03,3,1.229185909412937,0.0,4.229185909412937
HGSZ06,QTSZ07,1,0.0,0.0,1.0
HGSZ06,QTSZ08,5,1.6050046829857398,0.0,6.60500468298574
HGSZ06,QTSZ13,1,0.4855349165569134,0.0,1.4855349165569134
HGSZ06,RCSZ08,1,0.0,0.0,1.0
HGSZ06,RVSZ02,1,0.0,0.0,1.0
HGSZ06,RVSZ05,1,0.3054481655406625,0.0,1.3054481655406625
HGSZ06,SESZ02,1,1.3441967080332846,0.0,2.3441967080332846
HGSZ06,SESZ03,15,2.725680818475351,0.0,17.72568081847535
HGSZ06,SESZ04,1,1.5690280009133315,0.0,2.5690280009133315
HGSZ06,SESZ05,1,1.013237665179931,0.17898096060391167,2.1922186257838425
HGSZ06,SESZ06,2,2.7134068204304493,0.0,4.71340682043045
HGSZ06,SGSZ04,6,3.2859435279615785,0.7854765391341106,10.071420067095689
HGSZ06,SGSZ06,4,5.313021490007122,0.9989421150142503,10.311963605021372
HGSZ06,TMSZ01,1,0.9472360512164022,0.0,1.9472360512164022
HGSZ06,TMSZ03,1,1.4679828550200682,0.0,2.467982855020068
HGSZ06,TMSZ04,2,1.4935227930928041,0.0,3.4935227930928043
HGSZ06,TMSZ05,1,0.6488339460762477,0.0,1.6488339460762478
HGSZ06,TPSZ01,1,0.6114373014212399,0.0,1.61143730142124
HGSZ06,TPSZ03,1,0.48172604096941485,0.0,1.4817260409694148
HGSZ06,TPSZ06,2,1.1028696954437993,0.0,3.1028696954437995
HGSZ06,TPSZ08,1,0.4628529070837671,0.0,1.462852907083767
HGSZ06,TPSZ09,1,0.4338792133802398,0.0,1.4338792133802398
HGSZ06,TPSZ12,1,0.7916417080268655,0.018176148678715257,1.8098178567055807
HGSZ06,WDSZ03,2,0.8276920994753684,0.0,2.8276920994753683
HGSZ06,WDSZ05,1,0.5521368770483693,0.0,1.5521368770483694
HGSZ06,YSSZ09,1,0.7272233537212093,0.0,1.7272233537212092
HGSZ07,AMSZ01,2,0.8101310313105987,0.0,2.8101310313105987
HGSZ07,AMSZ02,1,0.35803965457885206,0.0,1.358039654578852
HGSZ07,AMSZ04,1,0.11595461688483646,0.0,1.1159546168848364
HGSZ07,AMSZ06,1,0.30853893040634867,0.0,1.3085389304063486
HGSZ07,AMSZ09,1,0.23069099724024014,0.0,1.2306909972402402
HGSZ07,AMSZ11,1,0.030709384864958177,0.0,1.0307093848649582
HGSZ07,BDSZ04,2,0.6205468597327227,0.0,2.620546859732723
HGSZ07,BMSZ01,2,0.40620254455054877,0.0,2.4062025445505486
HGSZ07,BMSZ04,1,0.12555931559083375,0.0,1.1255593155908337
HGSZ07,BMSZ05,1,0.23258269530852138,0.0,1.2325826953085213
HGSZ07,BMSZ08,1,0.13428054275674028,0.0,1.1342805427567404
HGSZ07,BPSZ04,1,0.15938352470567702,0.0,1.159383524705677
HGSZ07,BSSZ01,1,0.5643023833137278,0.0,1.564302383313728
HGSZ07,BSSZ02,1,0.3494779110235921,0.0,1.3494779110235922
HGSZ07,BSSZ03,1,0.41514137261363465,0.0,1.4151413726136346
HGSZ07,BTSZ01,1,0.2565220553594858,0.0,1.2565220553594858
HGSZ07,CHSZ02,2,0.21089727175197828,0.0,2.2108972717519784
HGSZ07,CHSZ03,1,0.33529231322015807,0.0,1.3352923132201582
HGSZ07,DTSZ01,1,0.3021722199886438,0.0,1.3021722199886439
HGSZ07,DTSZ02,1,0.18424320514163217,0.0,1.184243205141632
HGSZ07,DTSZ03,1,0.2103942130873892,0.0,1.2103942130873893
HGSZ07,DTSZ05,2,0.3156952876453702,0.0,2.31569528764537
HGSZ07,DTSZ08,2,0.23456695931192906,0.0,2.234566959311929
HGSZ07,DTSZ11,2,0.38230850056631305,0.0,2.382308500566313
HGSZ07,GLSZ01,1,0.5530659223494505,0.0,1.5530659223494505
HGSZ07,GLSZ03,1,0.42220073706886596,0.0704937018408624,1.4926944389097285
HGSZ07,GLSZ04,2,0.9814812068339848,0.0,2.9814812068339847
HGSZ07,GLSZ05,3,1.2329482641348104,0.0,4.23294826413481
HGSZ07,HGSZ01,1,0.4931847211502156,0.06625454572999591,1.5594392668802115
HGSZ07,HGSZ02,1,0.3957439332600521,0.08048435431442354,1.4762282875744757
HGSZ07,HGSZ04,7,1.4462190780227364,0.3302067623306688,8.776425840353404
HGSZ07,HGSZ05,3,1.0067949474705573,0.19189225776464588,4.198687205235204
HGSZ07,HGSZ06,8,3.2646418203219474,1.7878868752990054,13.052528695620953
HGSZ07,HGSZ07,8,11.619739477521268,12.572658185904334,32.1923976634256
HGSZ07,HGSZ08,8,1.7212775157359161,0.04203084622860141,9.763308361964517
HGSZ07,JESZ05,1,0.29651739005394206,0.0,1.2965173900539422
HGSZ07,KLSZ02,1,0.20205945730037594,0.0,1.202059457300376
HGSZ07,KLSZ07,2,0.42211448413518365,0.0,2.4221144841351836
HGSZ07,KLSZ08,2,0.4702470739093567,0.0,2.4702470739093565
HGSZ07,MPSZ03,1,0.40715826427441537,0.0,1.4071582642744154
HGSZ07,NVSZ01,1,0.7491451614995049,0.0,1.7491451614995048
HGSZ07,NVSZ02,2,0.6333382504321542,0.0,2.6333382504321543
HGSZ07,ORSZ02,4,0.5577320891837745,0.0,4.557732089183775
HGSZ07,ORSZ03,1,0.17789216181334716,0.0,1.177892161813347
HGSZ07,OTSZ03,4,0.7321617570421817,0.0,4.7321617570421814
HGSZ07,PGSZ02,2,0.4403316739495779,0.0,2.440331673949578
HGSZ07,PGSZ03,1,0.28767290093620324,0.0,1.2876729009362031
HGSZ07,PGSZ04,1,0.7972011439257615,0.0,1.7972011439257614
HGSZ07,PGSZ05,3,0.9250125215863266,0.0,3.9250125215863267
HGSZ07,PNSZ02,2,0.0,0.0,2.0
HGSZ07,PNSZ05,1,0.02583241645269211,0.0,1.0258324164526922
HGSZ07,PRSZ03,1,0.4439193992772858,0.0,1.4439193992772859
HGSZ07,QTSZ02,1,0.11590866217633397,0.0,1.1159086621763339
HGSZ07,QTSZ07,1,0.0,0.0,1.0
HGSZ07,QTSZ08,2,0.38903346491523255,0.0,2.3890334649152325
HGSZ07,QTSZ10,1,0.19944366748313627,0.0,1.1994436674831364
HGSZ07,QTSZ11,3,0.4162437457594553,0.0,3.416243745759455
HGSZ07,QTSZ14,3,0.29519918579024784,0.0,3.295199185790248
HGSZ07,QTSZ15,2,0.2322995053395061,0.0,2.232299505339506
HGSZ07,SESZ02,2,0.7127450273790746,0.0,2.7127450273790745
HGSZ07,SESZ03,5,1.101173803332967,0.0,6.101173803332967
HGSZ07,SESZ04,2,0.8501910320396229,0.0,2.850191032039623
HGSZ07,SESZ05,3,0.5589589400832121,0.0,3.5589589400832122
HGSZ07,SGSZ04,4,1.421444680280145,0.3660177404185473,5.787462420698692
HGSZ07,SGSZ05,1,0.400712928547942,0.08153937791232016,1.4822523064602622
HGSZ07,SGSZ06,5,1.5247338663606773,0.405578529396962,6.930312395757639
HGSZ07,TMSZ02,1,0.7057608074257055,0.0,1.7057608074257056
HGSZ07,TMSZ03,2,1.018246120474282,0.0,3.018246120474282
HGSZ07,TMSZ04,1,0.3330913687987746,0.0,1.3330913687987747
HGSZ07,TMSZ05,1,0.2421647350144311,0.0,1.2421647350144311
HGSZ07,TPSZ02,3,0.4028941337404866,0.0,3.4028941337404865
HGSZ07,TPSZ05,1,0.22489571030110878,0.0,1.2248957103011087
HGSZ07,TPSZ12,1,0.367697020437022,0.005017708127414849,1.3727147285644368
HGSZ07,WCSZ01,1,0.21057444115554197,0.0,1.210574441155542
HGSZ07,WDSZ08,1,0.1753772117576922,0.0,1.1753772117576922
HGSZ07,WDSZ09,1,0.10194238082505488,0.0,1.1019423808250548
HGSZ08,AMSZ01,3,0.7510531306692553,0.0,3.751053130669255
HGSZ08,AMSZ02,1,0.3008791300056731,0.0,1.300879130005673
HGSZ08,AMSZ04,2,0.0915096281499055,0.0,2.0915096281499057
HGSZ08,BDSZ01,1,0.62829271054689,0.04009925880569534,1.6683919693525853
HGSZ08,BDSZ02,1,0.7145794330372358,0.0,1.714579433037236
HGSZ08,BDSZ04,4,1.454315313264471,0.0,5.4543153132644715
HGSZ08,BKSZ05,1,0.41169224982223396,0.0,1.411692249822234
HGSZ08,BLSZ02,1,0.004148014311322823,0.0,1.0041480143113228
HGSZ08,BMSZ05,2,0.40481033471788563,0.0,2.4048103347178857
HGSZ08,BMSZ12,1,0.26073964189798465,0.0,1.2607396418979846
HGSZ08,BPSZ05,1,0.23685783388191037,0.0,1.2368578338819103
HGSZ08,BSSZ01,1,0.6686092995721511,0.0,1.668609299572151
HGSZ08,BSSZ03,2,0.761285359358951,0.0,2.761285359358951
HGSZ08,CHSZ02,1,0.2001658075483206,0.0,1.2001658075483206
HGSZ08,CHSZ03,2,0.8227810609452006,0.0,2.822781060945201
HGSZ08,CKSZ02,1,0.4176769127460839,0.0,1.4176769127460838
HGSZ08,CKSZ03,1,0.23664780086880746,0.0,1.2366478008688075
HGSZ08,CLSZ04,2,0.2612852192848074,0.0,2.261285219284807
HGSZ08,DTSZ04,1,0.14232562802398624,0.0,1.1423256280239862
HGSZ08,DTSZ05,1,0.21619261949223167,0.0,1.2161926194922317
HGSZ08,DTSZ07,1,0.26033488362300505,0.0,1.260334883623005
HGSZ08,DTSZ10,1,0.022950809737478973,0.0,1.0229508097374789
HGSZ08,DTSZ11,3,1.1980155803938124,0.0,4.198015580393813
HGSZ08,GLSZ01,1,0.8597595748394803,0.036036073620306426,1.8957956484597869
HGSZ08,GLSZ02,2,0.7599387653390025,0.15566710690026905,2.9156058722392713
HGSZ08,GLSZ03,3,2.495515919551362,0.41846464702698777,5.91398056657835
HGSZ08,GLSZ04,1,0.7080158124360266,0.07117400152778368,1.7791898139638103
HGSZ08,GLSZ05,7,1.7767054139754828,0.5071251299429925,9.283830543918475
HGSZ08,HGSZ02,1,0.4703984706887057,0.0760860466245947,1.5464845173133004
HGSZ08,HGSZ06,4,1.9007324429787862,0.2856380249455669,6.186370467924353
HGSZ08,HGSZ07,8,2.376780819329175,0.7402977968600496,11.117078616189225
HGSZ08,HGSZ08,7,1.4104217870298144,2.438802863828872,10.849224650858687
HGSZ08,JWSZ08,1,0.2236326323629953,0.0,1.2236326323629954
HGSZ08,JWSZ09,1,0.27483356910355045,0.0,1.2748335691035504
HGSZ08,KLSZ01,1,0.5896139874515312,0.0,1.5896139874515312
HGSZ08,KLSZ06,1,0.394668391414271,0.0,1.394668391414271
HGSZ08,KLSZ09,2,0.10592830049352396,0.0,2.105928300493524
HGSZ08,NVSZ01,1,1.0004227591245998,0.0,2.0004227591246
HGSZ08,NVSZ02,1,0.5540878229912298,0.0,1.5540878229912298
HGSZ08,ORSZ02,1,0.21026929487220508,0.0,1.2102692948722051
HGSZ08,ORSZ03,3,0.4139087389197529,0.0,3.413908738919753
HGSZ08,OTSZ03,2,0.7014386673021475,0.0,2.7014386673021473
HGSZ08,PGSZ04,2,1.4612541621606223,0.0,3.461254162160622
HGSZ08,PGSZ05,3,0.9492890947076844,0.0,3.9492890947076846
HGSZ08,PLSZ04,1,0.1368676374228087,0.5020005938123784,1.638868231235187
HGSZ08,PRSZ02,1,0.4895924276894024,0.0,1.4895924276894024
HGSZ08,PRSZ03,1,0.4478618057161265,0.0,1.4478618057161265
HGSZ08,QTSZ14,1,0.28006991068223014,0.0,1.2800699106822302
HGSZ08,RCSZ01,1,0.15708351976780416,0.0,1.1570835197678042
HGSZ08,SBSZ04,1,0.3385550398105242,0.0,1.3385550398105241
HGSZ08,SESZ03,2,1.3019760736086479,0.0,3.301976073608648
HGSZ08,SGSZ04,2,1.0926311641419941,0.11660038438878305,3.209231548530777
HGSZ08,SGSZ06,9,3.813915324050874,1.2952853738914,14.109200697942274
HGSZ08,SGSZ07,1,0.5770547671529576,0.2945474262247574,1.871602193377715
HGSZ08,SRSZ02,1,0.10297071041898025,0.0,1.1029707104189803
HGSZ08,SRSZ03,1,0.21645778600136242,0.0,1.2164577860013623
HGSZ08,TMSZ02,2,1.3385928166609649,0.0,3.338592816660965
HGSZ08,TMSZ03,3,1.2060159741116487,0.0,4.206015974111649
HGSZ08,TMSZ04,1,0.4453265068188362,0.0,1.4453265068188361
HGSZ08,TPSZ06,1,0.3304452866712117,0.022208627399030758,1.3526539140702425
HGSZ08,TPSZ09,1,0.37575792201125663,0.0,1.3757579220112566
HGSZ08,WCSZ01,1,0.20067987738729312,0.0,1.200679877387293
HGSZ08,WDSZ01,1,0.12870699984144887,0.0,1.128706999841449
HGSZ08,WDSZ03,3,0.9428959489631663,0.0,3.9428959489631663
HGSZ08,WDSZ04,1,0.29660869589526645,0.0,1.2966086958952665
HGSZ08,WDSZ05,1,0.2534351695489993,0.0,1.2534351695489994
HGSZ08,YSSZ02,1,0.22086637384980834,0.0,1.2208663738498085
HGSZ08,YSSZ03,2,0.635603607791706,0.0,2.635603607791706
HGSZ08,YSSZ09,2,0.565263825022726,0.0,2.565263825022726
HGSZ09,AMSZ04,1,0.0,0.0,1.0
HGSZ09,BDSZ01,1,0.0,0.0,1.0
HGSZ09,BTSZ08,1,0.0,0.0,1.0
HGSZ09,GLSZ04,1,0.0,0.0,1.0
HGSZ09,HGSZ05,1,0.0,0.0,1.0
HGSZ09,JWSZ03,1,0.0,0.0,1.0
HGSZ09,PGSZ05,1,0.0,0.0,1.0
HGSZ09,PRSZ02,1,0.0,0.0,1.0
HGSZ09,PRSZ03,1,0.0,0.0,1.0
HGSZ09,SESZ06,3,0.0,0.0,3.0
HGSZ09,SGSZ03,1,0.0,0.0,1.0
HGSZ09,SGSZ07,1,0.0,0.0,1.0
HGSZ09,TPSZ02,1,0.0,0.0,1.0
HGSZ09,WDSZ04,1,0.0,0.0,1.0
HGSZ09,YSSZ08,2,0.0,0.0,2.0
JESZ01,AMSZ03,1,0.1990812918078706,0.0,1.1990812918078706
JESZ01,BDSZ04,1,0.12799835671164556,0.0,1.1279983567116456
JESZ01,BDSZ05,1,0.14773958820804162,0.0,1.1477395882080417
JESZ01,BKSZ02,1,0.44288309243468665,0.0,1.4428830924346867
JESZ01,BKSZ03,1,0.8019241515831896,0.14743317306361226,1.949357324646802
JESZ01,BKSZ05,2,0.6733007623275934,0.0,2.6733007623275933
JESZ01,BKSZ07,1,0.30403362126578454,0.04202889163594888,1.3460625129017334
JESZ01,BMSZ01,2,0.3934522011696466,0.0,2.3934522011696466
JESZ01,BMSZ05,1,0.19311663163255477,0.0,1.1931166316325548
JESZ01,BMSZ07,1,0.2955761213674429,0.0,1.2955761213674428
JESZ01,BMSZ09,1,0.027022523386637576,0.0,1.0270225233866377
JESZ01,BMSZ12,1,0.19260053140005257,0.0,1.1926005314000525
JESZ01,BMSZ17,1,0.1731894820515093,0.0,1.1731894820515092
JESZ01,BPSZ03,1,0.2102228594189144,0.0,1.2102228594189144
JESZ01,BTSZ01,1,0.39821687651333554,0.0,1.3982168765133356
JESZ01,CKSZ01,1,0.4576306531810206,0.0,1.4576306531810206
JESZ01,CKSZ04,1,0.31934156368112293,0.0,1.319341563681123
JESZ01,CLSZ01,3,0.29738905481759115,0.13412544745867036,3.4315145022762614
JESZ01,CLSZ04,2,0.30559578204997356,0.0,2.3055957820499735
JESZ01,CLSZ06,1,0.17624095739746468,0.0,1.1762409573974646
JESZ01,DTSZ02,5,0.37260077379961504,0.0,5.372600773799615
JESZ01,DTSZ05,1,0.1551281767386682,0.0,1.155128176738668
JESZ01,DTSZ08,1,0.19191204528159347,0.0,1.1919120452815934
JESZ01,DTSZ11,1,0.2416397707338381,0.0,1.241639770733838
JESZ01,DTSZ12,1,0.14936244196661425,0.0,1.1493624419666142
JESZ01,GLSZ03,1,0.1912909112309768,0.0,1.1912909112309769
JESZ01,HGSZ07,1,0.2756766702673951,0.0,1.2756766702673952
JESZ01,JESZ01,1,1.2689445618654127,11.31227984829853,13.581224410163943
JESZ01,JESZ02,1,0.6172595711769322,0.2135110714369958,1.830770642613928
JESZ01,JESZ03,4,0.8726420863378518,0.507298926049864,5.379941012387715
JESZ01,JESZ04,1,0.5134008783003435,0.572365791588704,2.0857666698890474
JESZ01,JESZ05,10,1.5422424502315988,0.880322870101761,12.42256532033336
JESZ01,JESZ06,2,0.3374039402530081,0.19440827671082003,2.531812216963828
JESZ01,JESZ10,1,0.0,0.0,1.0
JESZ01,JWSZ02,2,1.0273820567650915,0.25324207025771467,3.280624127022806
JESZ01,JWSZ03,4,1.2253187843402413,0.6057662283477065,5.831085012687948
JESZ01,JWSZ04,1,0.6804731499522444,0.1373215796221084,1.8177947295743528
JESZ01,JWSZ08,2,1.6709674212033072,0.0,3.670967421203307
JESZ01,KLSZ08,1,0.32115906760021884,0.0,1.321159067600219
JESZ01,MUSZ03,2,0.07463590116110835,0.0,2.074635901161108
JESZ01,OTSZ03,3,0.30794693833339815,0.0,3.307946938333398
JESZ01,OTSZ04,1,0.06830222171692209,0.0,1.068302221716922
JESZ01,PNSZ02,2,0.0,0.0,2.0
JESZ01,QTSZ02,1,0.15808796470835473,0.0,1.1580879647083546
JESZ01,QTSZ04,1,0.04884363273997248,0.0,1.0488436327399724
JESZ01,QTSZ06,1,0.13390823963033455,0.0,1.1339082396303346
JESZ01,QTSZ07,1,0.0,0.0,1.0
JESZ01,QTSZ09,1,0.027821335842302466,0.0,1.0278213358423025
JESZ01,QTSZ10,2,0.1800550349001942,0.0,2.180055034900194
JESZ01,QTSZ13,1,0.14247596031576007,0.0,1.1424759603157602
JESZ01,TPSZ02,1,0.2156322961971892,0.0,1.2156322961971893
JESZ01,TSSZ02,1,0.1460779682134882,0.0,1.1460779682134883
JESZ01,TSSZ04,1,0.21730160621557099,0.0,1.217301606215571
JESZ01,TSSZ05,2,0.24378018582123712,0.0,2.243780185821237
JESZ01,WCSZ01,1,0.24376985373858137,0.0,1.2437698537385813
JESZ02,BDSZ04,1,0.11378343738217248,0.0,1.1137834373821724
JESZ02,BKSZ03,2,0.8356387231885516,0.23881137475209233,3.0744500979406437
JESZ02,BKSZ05,2,0.6587669892627133,0.30562555857827206,2.9643925478409856
JESZ02,BKSZ09,1,0.3699947749125994,0.004555681544729265,1.3745504564573285
JESZ02,BLSZ02,1,0.10132337758800551,0.0,1.1013233775880056
JESZ02,BLSZ04,1,0.17525239370856796,0.0,1.175252393708568
JESZ02,BMSZ01,1,0.23984482254828998,0.0,1.23984482254829
JESZ02,BMSZ02,1,0.15397175865756504,0.0,1.153971758657565
JESZ02,BMSZ08,1,0.12046847972576062,0.0,1.1204684797257607
JESZ02,BMSZ12,1,0.2003148450937205,0.0,1.2003148450937204
JESZ02,BMSZ17,1,0.1961785734179876,0.0,1.1961785734179875
JESZ02,BPSZ01,1,0.21881478104099908,0.0,1.218814781040999
JESZ02,BSSZ01,1,0.32938349564962593,0.0,1.329383495649626
JESZ02,BTSZ01,2,0.3944320214718531,0.0,2.394432021471853
JESZ02,CLSZ04,1,0.25883445683055484,0.0,1.258834456830555
JESZ02,CLSZ09,3,0.6444031530399713,0.0,3.6444031530399714
JESZ02,DTSZ05,1,0.1377484502276002,0.0,1.1377484502276003
JESZ02,DTSZ08,3,0.10399218702968523,0.0,3.1039921870296854
JESZ02,DTSZ09,2,0.3197550557237002,0.0,2.3197550557237
JESZ02,DTSZ12,2,0.24209876508441727,0.0,2.242098765084417
JESZ02,JESZ01,1,0.7983140217714347,0.22942815742627112,2.027742179197706
JESZ02,JESZ02,3,1.3204186522604804,17.485004092202228,21.80542274446271
JESZ02,JESZ03,4,1.2993937726323315,1.4045507625651676,6.7039445351974996
JESZ02,JESZ04,1,0.36564336370752026,0.9171261011409115,2.282769464848432
JESZ02,JESZ05,9,2.4405057049073764,2.7093119598806803,14.149817664788056
JESZ02,JESZ06,1,0.18764300999403025,0.12652469442778852,1.3141677044218187
JESZ02,JESZ08,1,0.281261109990503,0.0056789773860245404,1.2869400873765278
JESZ02,JESZ10,1,0.0,0.0,1.0
JESZ02,JWSZ02,2,0.594156993015584,0.14987222827771293,2.744029221293297
JESZ02,JWSZ03,3,1.0272324680277405,0.1626666449269878,4.189899112954729
JESZ02,JWSZ04,2,0.9724759599206961,0.2610101316718062,3.233486091592502
JESZ02,JWSZ06,1,0.1893025739962965,0.0,1.1893025739962966
JESZ02,JWSZ08,1,0.835129578210024,0.0,1.835129578210024
JESZ02,JWSZ09,2,0.9875691427378451,0.0,2.9875691427378452
JESZ02,KLSZ03,1,0.038889880527881386,0.0,1.0388898805278814
JESZ02,KLSZ06,1,0.23700923909754398,0.0,1.237009239097544
JESZ02,KLSZ09,1,0.020692288162872188,0.0,1.0206922881628722
JESZ02,MUSZ03,1,0.04296565224996286,0.0,1.0429656522499628
JESZ02,NVSZ02,1,0.40855598322322,0.0,1.40855598322322
JESZ02,ORSZ02,1,0.2509672092371372,0.0,1.2509672092371371
JESZ02,ORSZ03,2,0.24362954697151087,0.0,2.243629546971511
JESZ02,OTSZ03,4,0.4093318824560963,0.0,4.4093318824560965
JESZ02,OTSZ04,2,0.10384281758768184,0.0,2.1038428175876818
JESZ02,PGSZ04,1,0.08746141207532929,0.0,1.0874614120753292
JESZ02,PLSZ04,1,0.03819249647250758,0.0,1.0381924964725076
JESZ02,PNSZ02,1,0.0,0.0,1.0
JESZ02,QTSZ08,2,0.3499007740815883,0.0,2.3499007740815885
JESZ02,QTSZ09,2,0.04071004679975486,0.0,2.040710046799755
JESZ02,QTSZ10,1,0.17903782904844798,0.0,1.179037829048448
JESZ02,QTSZ11,3,0.2073557809568116,0.0,3.2073557809568114
JESZ02,QTSZ13,1,0.10473069557709076,0.0,1.1047306955770908
JESZ02,QTSZ15,1,0.15588320195157088,0.0,1.1558832019515708
JESZ02,SBSZ06,1,0.1983672233279624,0.0,1.1983672233279623
JESZ02,SESZ05,1,0.11796678309848481,0.0,1.1179667830984847
JESZ02,SGSZ01,1,0.15684093047065834,0.0,1.1568409304706584
JESZ02,SISZ01,1,0.21740898592398467,0.0,1.2174089859239847
JESZ02,SRSZ01,1,0.14778934653475104,0.0,1.147789346534751
JESZ02,TPSZ01,1,0.1813001150654443,0.0,1.1813001150654443
JESZ02,TSSZ05,4,0.10300660400616858,0.0,4.103006604006168
JESZ02,WDSZ01,1,0.07065762592824483,0.0,1.0706576259282448
JESZ02,WDSZ02,1,0.22120565848801096,0.0,1.2212056584880109
JESZ02,WDSZ03,2,0.5145562839629395,0.0,2.5145562839629396
JESZ02,WDSZ07,1,0.037696813945161015,0.0,1.037696813945161
JESZ03,AMSZ02,1,0.40179138779528045,0.0,1.4017913877952806
JESZ03,BDSZ04,1,0.06459746368899907,0.0,1.064597463688999
JESZ03,BDSZ05,1,0.27777720426223584,0.0,1.277777204262236
JESZ03,BKSZ03,2,1.220499911294119,0.45734277142306445,3.6778426827171833
JESZ03,BKSZ06,1,0.6028508136158713,0.2567886159279365,1.8596394295438077
JESZ03,BKSZ07,1,0.6188493649209654,0.5688966219981867,2.1877459869191522
JESZ03,BKSZ08,1,0.22756250952938195,0.07788077214180505,1.3054432816711872
JESZ03,BKSZ09,1,0.8669636294875915,0.018048877543060487,1.885012507030652
JESZ03,BMSZ01,1,0.4530867612600869,0.0,1.4530867612600868
JESZ03,BMSZ05,1,0.33935156196077904,0.0,1.339351561960779
JESZ03,BMSZ12,2,0.5704448149247543,0.0,2.5704448149247545
JESZ03,BPSZ03,1,0.46311726098758216,0.0,1.4631172609875822
JESZ03,BTSZ01,1,0.7019269354482514,0.11006949671346143,1.8119964321617128
JESZ03,CHSZ03,1,0.7531713251005775,0.0,1.7531713251005776
JESZ03,CKSZ01,1,0.5782940913818319,0.0,1.578294091381832
JESZ03,CKSZ03,2,0.6662050512472046,0.0,2.6662050512472044
JESZ03,CKSZ04,1,0.5877636062994329,0.0,1.587763606299433
JESZ03,CKSZ06,2,0.7042523930643635,0.0,2.7042523930643636
JESZ03,CLSZ01,2,0.5387539351138575,0.8992163227880527,3.43797025790191
JESZ03,CLSZ03,1,1.1136351517875234,0.14183930519897375,2.255474456986497
JESZ03,CLSZ04,8,1.5491035630285805,0.5799333368785371,10.129036899907117
JESZ03,CLSZ05,1,1.0679651910094343,0.09106853351066163,2.159033724520096
JESZ03,CLSZ06,3,0.45886869850283424,0.2479151887034996,3.706783887206334
JESZ03,CLSZ09,1,0.295608383234059,0.053373735604796343,1.3489821188388553
JESZ03,DTSZ02,2,0.4857256651477305,0.0,2.4857256651477306
JESZ03,DTSZ03,1,0.29820823264831414,0.0,1.2982082326483142
JESZ03,DTSZ05,2,0.39073448519123427,0.0,2.3907344851912344
JESZ03,GLSZ03,1,0.4574046652263253,0.0,1.4574046652263253
JESZ03,HGSZ01,1,0.2645528746117795,0.0,1.2645528746117796
JESZ03,JESZ01,1,0.6080709188725923,0.09349187344430494,1.7015627923168972
JESZ03,JESZ02,5,0.9199341185151568,1.257949351858052,7.177883470373208
JESZ03,JESZ03,3,1.767447744153141,27.85307955508563,32.62052729923877
JESZ03,JESZ05,9,4.663308292996774,6.183645821091233,19.846954114088007
JESZ03,JESZ06,2,0.8969475845152537,1.7490858451064277,4.646033429621681
JESZ03,JWSZ01,1,0.1482249256642226,0.0,1.1482249256642225
JESZ03,JWSZ03,3,1.6815417060556774,0.3606557937105399,5.042197499766218
JESZ03,JWSZ08,1,1.8152167092955191,0.0,2.815216709295519
JESZ03,JWSZ09,3,1.1155398382325936,0.0,4.115539838232594
JESZ03,KLSZ06,2,0.4660501930837706,0.0,2.4660501930837704
JESZ03,KLSZ07,1,0.34942109494286244,0.0,1.3494210949428624
JESZ03,KLSZ08,1,0.5629944160034364,0.0,1.5629944160034364
JESZ03,OTSZ03,2,0.6894753159882708,0.0,2.689475315988271
JESZ03,PNSZ01,1,0.12343146462807518,0.0,1.1234314646280752
JESZ03,PNSZ02,2,0.0,0.0,2.0
JESZ03,PNSZ04,1,0.0,0.0,1.0
JESZ03,QTSZ02,2,0.2594154822027525,0.0,2.2594154822027526
JESZ03,QTSZ06,1,0.2409554638062613,0.0,1.2409554638062612
JESZ03,QTSZ07,1,0.0,0.0,1.0
JESZ03,QTSZ08,4,1.0171465420020391,0.0,5.017146542002039
JESZ03,QTSZ09,1,0.09381021085478146,0.0,1.0938102108547814
JESZ03,QTSZ10,1,0.40676016798070536,0.0,1.4067601679807054
JESZ03,QTSZ11,3,0.7861314576837142,0.0,3.786131457683714
JESZ03,QTSZ12,1,0.2888220431862775,0.0,1.2888220431862776
JESZ03,QTSZ14,1,0.3857290485915719,0.0,1.3857290485915719
JESZ03,RCSZ10,1,0.22760185447500048,0.0,1.2276018544750005
JESZ03,TMSZ05,1,0.36613980840886384,0.0,1.3661398084088638
JESZ03,TNSZ01,1,0.3940022397345067,0.0,1.3940022397345067
JESZ03,TPSZ02,1,0.3980506512141319,0.0,1.398050651214132
JESZ03,TSSZ06,1,0.07588562366887794,0.0,1.0758856236688779
JESZ03,WDSZ04,1,0.38438237794931307,0.0,1.3843823779493132
JESZ03,WDSZ05,1,0.45262406240782266,0.0,1.4526240624078226
JESZ03,WDSZ06,2,0.3958717110908159,0.0,2.395871711090816
JESZ04,BKSZ02,1,0.031285220545640834,0.0,1.0312852205456409
JESZ04,BMSZ06,1,0.0933161654501046,0.0,1.0933161654501047
JESZ04,BSSZ03,1,0.03962617329936495,0.0,1.039626173299365
JESZ04,CKSZ02,1,0.045342131247668414,0.0,1.0453421312476685
JESZ04,CLSZ03,1,0.06367183470625364,0.0,1.0636718347062537
JESZ04,GLSZ05,1,0.015391595017426239,0.0,1.0153915950174262
JESZ04,HGSZ02,1,0.014053247552412912,0.0,1.0140532475524129
JESZ04,JESZ05,3,0.17866395697706017,1.8255303875537072,5.0041943445307675
JESZ04,JWSZ02,1,0.10921926075193936,0.0952024284336994,1.2044216891856387
JESZ04,JWSZ03,2,0.09640114548570532,1.079287998272625,3.1756891437583303
JESZ04,JWSZ08,1,0.18865758654466613,0.0,1.1886575865446662
JESZ04,ORSZ03,1,0.04409184606381119,0.0,1.0440918460638111
JESZ04,QTSZ06,1,0.02229386683640358,0.0,1.0222938668364037
JESZ04,QTSZ08,1,0.021467950822125083,0.0,1.0214679508221252
JESZ04,QTSZ14,1,0.026824945678609727,0.0,1.0268249456786098
JESZ04,SRSZ02,1,0.009693073020141635,0.0,1.0096930730201417
JESZ05,AMSZ01,3,0.6501561967628682,0.0,3.650156196762868
JESZ05,AMSZ06,1,0.33739483878028026,0.0,1.3373948387802803
JESZ05,AMSZ09,1,0.21685968413349127,0.0,1.2168596841334913
JESZ05,AMSZ10,2,0.36038514387749887,0.0,2.3603851438774988
JESZ05,AMSZ11,1,0.013214618802425375,0.0,1.0132146188024254
JESZ05,BDSZ02,1,0.2599926770784241,0.0,1.259992677078424
JESZ05,BDSZ04,4,0.6533299528556031,0.0,4.653329952855604
JESZ05,BKSZ01,4,0.74221474333688,0.0,4.74221474333688
JESZ05,BKSZ02,2,0.47615408973276296,0.23073993101905252,2.706894020751815
JESZ05,BKSZ03,2,1.4568993370436774,0.3567266924707144,3.813626029514392
JESZ05,BKSZ04,9,1.9315412548377537,1.1695073718386066,12.101048626676361
JESZ05,BKSZ05,16,3.4988603319943845,2.1077567268499955,21.60661705884438
JESZ05,BKSZ06,1,0.9341158084552329,0.12598001118957952,2.0600958196448125
JESZ05,BKSZ07,8,3.9671789377614335,0.0,11.967178937761433
JESZ05,BKSZ08,2,0.6033416285217831,0.11580621496809489,2.719147843489878
JESZ05,BKSZ09,3,1.1214512331471282,0.03980284085498424,4.161254074002113
JESZ05,BLSZ02,4,0.43665369633108836,0.0,4.4366536963310885
JESZ05,BMSZ01,1,0.42181017228290496,0.0,1.421810172282905
JESZ05,BMSZ03,2,0.44522854548524177,0.0,2.4452285454852416
JESZ05,BMSZ04,4,0.3574041485951828,0.0,4.357404148595183
JESZ05,BMSZ05,1,0.39175110014048914,0.0,1.3917511001404892
JESZ05,BMSZ06,5,1.0520841413305297,0.0,6.05208414133053
JESZ05,BMSZ07,1,0.5395210346066228,0.0,1.5395210346066228
JESZ05,BMSZ08,8,0.328720841506516,0.0,8.328720841506517
JESZ05,BMSZ12,1,0.3750645897719762,0.0,1.3750645897719762
JESZ05,BMSZ13,1,0.168107911916559,0.0,1.168107911916559
JESZ05,BMSZ14,2,0.4333567759427757,0.0,2.4333567759427757
JESZ05,BMSZ16,1,0.05390665298200705,0.0,1.0539066529820071
JESZ05,BPSZ01,3,0.6289929807993034,0.0,3.6289929807993033
JESZ05,BPSZ02,1,0.21995234555498414,0.0,1.219952345554984
JESZ05,BPSZ03,2,0.9726490084963634,0.0,2.9726490084963633
JESZ05,BPSZ04,6,0.825903218443074,0.0,6.825903218443074
JESZ05,BPSZ06,1,0.2411871684444062,0.0,1.2411871684444062
JESZ05,BSSZ01,2,1.1537837796502943,0.0,3.1537837796502943
JESZ05,BSSZ03,4,1.0136174657472217,0.0,5.013617465747222
JESZ05,BTSZ01,3,1.0486252498454005,0.1891907048114469,4.237815954656847
JESZ05,CHSZ03,1,0.46491364802905066,0.0,1.4649136480290506
JESZ05,CKSZ01,3,0.4980208228347613,0.0,3.498020822834761
JESZ05,CKSZ02,4,1.4805536824039793,0.0,5.480553682403979
JESZ05,CKSZ03,15,2.5270562555504235,0.0,17.527056255550423
JESZ05,CKSZ04,3,0.8371669789088213,0.0,3.8371669789088214
JESZ05,CKSZ05,4,0.4662753233871119,0.0,4.466275323387112
JESZ05,CKSZ06,7,0.8174423510173533,0.0,7.817442351017354
JESZ05,CLSZ03,4,1.6366883902684866,0.7318705883722864,6.368558978640773
JESZ05,CLSZ04,13,0.988990939427023,2.059440545749477,16.0484314851765
JESZ05,CLSZ05,3,1.614637242123085,0.2752932563534133,4.889930498476499
JESZ05,CLSZ06,3,0.47316851357343165,0.03739107873661118,3.5105595923100426
JESZ05,CLSZ07,1,0.3632327466644193,0.0,1.3632327466644192
JESZ05,CLSZ08,2,0.6791688828273342,0.0,2.679168882827334
JESZ05,CLSZ09,1,0.31528091605782604,0.09250798442145584,1.4077889004792818
JESZ05,DTSZ01,1,0.3578737967248167,0.0,1.3578737967248167
JESZ05,DTSZ05,1,0.2588023948484902,0.0,1.25880239484849
JESZ05,DTSZ07,1,0.18495706016450386,0.0,1.1849570601645039
JESZ05,DTSZ12,1,0.141623557894013,0.0,1.141623557894013
JESZ05,GLSZ02,1,0.301450815219464,0.0,1.301450815219464
JESZ05,GLSZ04,1,0.4427843650293878,0.0,1.4427843650293877
JESZ05,GLSZ05,1,0.4759760963350646,0.0,1.4759760963350645
JESZ05,HGSZ06,3,1.2888493706401738,0.0,4.288849370640174
JESZ05,HGSZ07,1,0.27956889228258397,0.0,1.279568892282584
JESZ05,HGSZ08,1,0.36876844221109834,0.0,1.3687684422110984
JESZ05,JESZ01,12,1.7325475322833563,0.1295735959958542,13.86212112827921
JESZ05,JESZ02,5,0.8939779736413694,1.54772208159172,7.44170005523309
JESZ05,JESZ03,4,2.5689247379861397,3.2593144975089503,9.82823923549509
JESZ05,JESZ04,2,0.6364284994967306,2.676109481934398,5.312537981431129
JESZ05,JESZ05,7,3.0088471148656075,82.93852837469288,92.94737548955848
JESZ05,JESZ06,2,0.5888250050669048,2.940761543913725,5.52958654898063
JESZ05,JESZ08,12,1.4339031016537254,0.553264184355831,13.987167286009557
JESZ05,JESZ10,1,0.0,0.0,1.0
JESZ05,JWSZ02,4,0.7254158801569561,0.0,4.725415880156956
JESZ05,JWSZ03,17,5.963578931919981,1.4787537318564132,24.442332663776398
JESZ05,JWSZ04,15,2.942273558547008,1.9446822896992708,19.886955848246277
JESZ05,JWSZ06,1,0.17017988895646247,0.0,1.1701798889564625
JESZ05,JWSZ08,10,2.554036525327192,0.0,12.554036525327191
JESZ05,JWSZ09,29,2.0865255553492683,0.0,31.08652555534927
JESZ05,KLSZ01,1,0.584640018963952,0.0,1.584640018963952
JESZ05,KLSZ06,1,0.3344279510720906,0.0,1.3344279510720907
JESZ05,KLSZ07,1,0.3778919208785404,0.0,1.3778919208785405
JESZ05,KLSZ08,2,0.43489114906017207,0.0,2.434891149060172
JESZ05,MSSZ01,1,0.0,0.0,1.0
JESZ05,MUSZ03,1,0.052081993042365646,0.0,1.0520819930423657
JESZ05,NVSZ03,1,0.12193876168057403,0.0,1.121938761680574
JESZ05,ORSZ02,1,0.36762731028798157,0.0,1.3676273102879817
JESZ05,ORSZ03,1,0.34010370664978334,0.0,1.3401037066497834
JESZ05,OTSZ02,1,0.014658968655446459,0.0,1.0146589686554464
JESZ05,OTSZ03,1,0.4102746824967609,0.0,1.410274682496761
JESZ05,OTSZ04,1,0.07187831717392415,0.0,1.0718783171739241
JESZ05,PGSZ02,1,0.25511939329353867,0.0,1.2551193932935387
JESZ05,PGSZ03,2,0.3670837604019377,0.0,2.367083760401938
JESZ05,PGSZ04,2,0.39585807005358054,0.0,2.3958580700535803
JESZ05,PGSZ05,2,0.4955605391182056,0.0,2.4955605391182054
JESZ05,PNSZ01,2,0.22544848400053272,0.0,2.2254484840005326
JESZ05,PNSZ02,2,0.0,0.0,2.0
JESZ05,PRSZ02,1,0.27373813742684944,0.0,1.2737381374268495
JESZ05,PRSZ03,1,0.3175988709740185,0.0,1.3175988709740185
JESZ05,PRSZ04,1,0.022671690748600582,0.0,1.0226716907486006
JESZ05,QTSZ01,2,0.4495149634459842,0.0,2.449514963445984
JESZ05,QTSZ04,3,0.1907522946685626,0.0,3.1907522946685627
JESZ05,QTSZ05,1,0.4244007242145583,0.0,1.4244007242145584
JESZ05,QTSZ06,2,0.2906453199171588,0.0,2.290645319917159
JESZ05,QTSZ08,6,0.9345828096581251,0.0,6.934582809658125
JESZ05,QTSZ09,1,0.06297420564580684,0.0,1.062974205645807
JESZ05,QTSZ10,5,0.7870478785200513,0.0,5.787047878520052
JESZ05,QTSZ11,1,0.5804990390239594,0.0,1.5804990390239593
JESZ05,QTSZ13,1,0.47177078454972354,0.0,1.4717707845497237
JESZ05,QTSZ14,1,0.32516443072061724,0.0,1.3251644307206172
JESZ05,SBSZ01,2,0.5478013399461145,0.0,2.5478013399461146
JESZ05,SBSZ02,1,0.14827628481842137,0.0,1.1482762848184214
JESZ05,SBSZ03,7,0.7988218954497445,0.0,7.798821895449745
JESZ05,SBSZ04,1,0.3728126167836548,0.0,1.3728126167836547
JESZ05,SBSZ05,2,0.04314094918453461,0.0,2.0431409491845347
JESZ05,SESZ02,3,1.1633290325110615,0.0,4.1633290325110615
JESZ05,SESZ03,2,0.8896445996163366,0.0,2.8896445996163367
JESZ05,SESZ04,1,0.5580334189358547,0.0,1.5580334189358547
JESZ05,SESZ05,2,0.3812066279825406,0.0,2.381206627982541
JESZ05,SESZ06,1,0.5179710220760276,0.0,1.5179710220760276
JESZ05,SGSZ01,1,0.4118432093206277,0.0,1.4118432093206277
JESZ05,SGSZ04,1,0.5863489260519172,0.0,1.5863489260519172
JESZ05,SGSZ06,2,0.37877077859673164,0.0,2.378770778596732
JESZ05,TMSZ02,2,0.7962593784385921,0.0,2.796259378438592
JESZ05,TMSZ04,2,0.5896787502276112,0.0,2.5896787502276113
JESZ05,TNSZ04,1,0.17327930717762674,0.0,1.1732793071776269
JESZ05,TPSZ03,1,0.07524846289242634,0.0,1.0752484628924264
JESZ05,TPSZ06,1,0.3036341786983619,0.0,1.3036341786983618
JESZ05,TSSZ03,1,0.09937284924307588,0.0,1.0993728492430759
JESZ05,TSSZ05,3,0.48613855069627826,0.0,3.4861385506962783
JESZ05,TSSZ06,3,0.1286171784061711,0.0,3.128617178406171
JESZ05,WDSZ01,2,0.11331898615095046,0.0,2.1133189861509503
JESZ05,WDSZ02,2,0.5799134744482158,0.0,2.5799134744482157
JESZ05,WDSZ03,5,1.4149110908388056,0.0,6.414911090838806
JESZ05,WDSZ04,3,0.2399715104633314,0.0,3.2399715104633313
JESZ05,WDSZ05,1,0.44337970546308764,0.0,1.4433797054630877
JESZ05,WDSZ06,6,0.21918238554159447,0.0,6.219182385541594
JESZ05,WDSZ08,1,0.12273035601756563,0.0,1.1227303560175657
JESZ05,YSSZ02,2,0.5271996895167265,0.0,2.5271996895167264
JESZ05,YSSZ04,3,0.5712056181216946,0.0,3.5712056181216947
JESZ05,YSSZ05,2,0.27744257856552873,0.0,2.2774425785655286
JESZ05,YSSZ08,1,0.10141714242845258,0.0,1.1014171424284527
JESZ05,YSSZ09,6,1.0581248343259555,0.0,7.058124834325955
JESZ06,BDSZ04,1,0.0676593828303898,0.0,1.0676593828303897
JESZ06,BKSZ04,1,0.19688776726242094,0.0,1.196887767262421
JESZ06,BKSZ05,1,0.38893369558497076,0.0,1.3889336955849707
JESZ06,BMSZ13,1,0.05118103185877457,0.0,1.0511810318587747
JESZ06,BPSZ04,1,0.2327946250997543,0.0,1.2327946250997543
JESZ06,BPSZ05,2,0.4245310076855586,0.0,2.424531007685559
JESZ06,BSSZ01,1,0.24573967228606497,0.0,1.245739672286065
JESZ06,CKSZ02,1,0.3310637692845805,0.0,1.3310637692845804
JESZ06,CLSZ04,2,0.6806034134743302,1.0903950046074002,3.77099841808173
JESZ06,CLSZ05,2,0.392842705936837,2.7465961489298123,5.139438854866649
JESZ06,CLSZ06,1,0.45620526919450044,0.5943180448269062,2.0505233140214068
JESZ06,GLSZ05,1,0.17495614567104112,0.0,1.1749561456710411
JESZ06,HGSZ01,1,0.20913415962830811,0.0,1.209134159628308
JESZ06,HGSZ04,1,0.146814331507226,0.0,1.1468143315072261
JESZ06,JESZ01,2,0.5509841308153413,0.7055653824333511,3.2565495132486926
JESZ06,JESZ03,1,0.4889856721543413,2.0698799380153092,3.5588656101696508
JESZ06,JESZ05,1,0.8899865460920723,3.084168393016283,4.974154939108356
JESZ06,JWSZ01,1,0.010335648660237371,0.0,1.0103356486602373
JESZ06,JWSZ04,1,0.5676945428901592,0.7091517670443853,2.2768463099345446
JESZ06,JWSZ08,1,0.5965097625771953,0.0,1.5965097625771953
JESZ06,JWSZ09,3,0.4807823121025256,0.0,3.4807823121025256
JESZ06,OTSZ03,2,0.3216953637560056,0.0,2.321695363756006
JESZ06,PRSZ03,1,0.1614126506176933,0.0,1.1614126506176934
JESZ06,QTSZ01,1,0.200501470541031,0.0,1.200501470541031
JESZ06,SESZ02,1,0.10050980639296485,0.0,1.1005098063929648
JESZ06,SESZ04,1,0.29072517801226117,0.0,1.290725178012261
JESZ06,SESZ05,2,0.08595579610041315,0.0,2.0859557961004134
JESZ06,TPSZ07,1,0.021476616129988295,0.0,1.0214766161299882
JESZ06,TPSZ09,1,0.08627002075055064,0.0,1.0862700207505507
JESZ06,WDSZ02,1,0.30461955430798576,0.0,1.3046195543079857
JESZ06,WDSZ03,1,0.3686801285493651,0.0,1.368680128549365
JESZ06,WDSZ06,1,0.2639419495448001,0.0,1.2639419495448
JESZ06,YSSZ01,1,0.20958587269447754,0.0,1.2095858726944775
JESZ07,BKSZ09,1,0.1488473617597034,0.0,1.1488473617597035
JESZ07,BPSZ02,1,0.0583424451127427,0.0,1.0583424451127428
JESZ07,GLSZ02,1,0.021077215271881073,0.0,1.021077215271881
JESZ07,GLSZ05,1,0.0678841970867804,0.0,1.0678841970867805
JESZ07,JWSZ03,1,0.155091126059144,0.0,1.155091126059144
JESZ07,JWSZ08,1,0.4663557430856415,0.0,1.4663557430856415
JESZ07,PGSZ04,1,0.08240191162335513,0.0,1.0824019116233552
JESZ08,BDSZ04,1,0.02964472777838742,0.0,1.0296447277783873
JESZ08,BKSZ02,1,0.15834756382816373,0.0,1.1583475638281637
JESZ08,BKSZ05,1,0.30118662941604796,0.0,1.301186629416048
JESZ08,BLSZ02,1,0.032845599353792866,0.0,1.0328455993537928
JESZ08,BMSZ04,1,0.09581538485960281,0.0,1.0958153848596028
JESZ08,BMSZ08,1,0.06270625307080172,0.0,1.0627062530708018
JESZ08,BTSZ07,1,0.07097367058453807,0.0,1.070973670584538
JESZ08,CLSZ04,1,0.2630390865082624,0.056511896000926605,1.319550982509189
JESZ08,CLSZ05,1,0.24378847732585962,0.1836908924998512,1.4274793698257109
JESZ08,CLSZ06,3,0.6340043887204806,0.20058991004169088,3.8345942987621715
JESZ08,CLSZ08,2,0.5803125941391791,0.0,2.580312594139179
JESZ08,DTSZ02,2,0.1525433290747093,0.0,2.1525433290747094
JESZ08,DTSZ03,1,0.12729122483606017,0.0,1.1272912248360603
JESZ08,JESZ01,1,0.12569416196080152,0.0,1.1256941619608014
JESZ08,JESZ03,2,0.4819393935421322,0.1723618251300408,2.654301218672173
JESZ08,JESZ05,11,1.183076132487294,2.251896323458752,14.434972455946045
JESZ08,JESZ08,1,1.2410304396948948,6.046878859771916,8.287909299466811
JESZ08,JWSZ04,1,0.34464690235076395,0.08813142734057465,1.4327783296913386
JESZ08,JWSZ08,2,0.46762125979416896,0.0,2.467621259794169
JESZ08,JWSZ09,4,0.3759966031538012,0.0,4.375996603153801
JESZ08,KLSZ05,1,0.08474639288114166,0.0,1.0847463928811416
JESZ08,ORSZ03,1,0.12281931111738828,0.0,1.1228193111173883
JESZ08,OTSZ03,1,0.1283571400636022,0.0,1.128357140063602
JESZ08,QTSZ08,1,0.21022754382613093,0.0,1.210227543826131
JESZ08,QTSZ11,2,0.18796511683968273,0.0,2.1879651168396825
JESZ08,QTSZ12,1,0.07811959680801175,0.0,1.0781195968080117
JESZ08,QTSZ13,2,0.12309639193034712,0.0,2.123096391930347
JESZ08,QTSZ14,1,0.1653344893689329,0.0,1.165334489368933
JESZ08,SBSZ03,1,0.17648405649629842,0.0,1.1764840564962984
JESZ08,SBSZ04,1,0.1510501893904978,0.0,1.1510501893904979
JESZ08,SKSZ03,1,0.062047477791550947,0.0,1.062047477791551
JESZ08,SRSZ01,1,0.09297329252266766,0.0,1.0929732925226676
JESZ08,WCSZ01,3,0.2256161034262724,0.0,3.2256161034262725
JESZ08,WDSZ03,1,0.21865907505118956,0.0,1.2186590750511896
JESZ09,BDSZ04,1,0.01399604682272399,0.0,1.013996046822724
JESZ09,BPSZ02,2,0.019745333777577836,0.0,2.019745333777578
JESZ09,JESZ01,1,0.056471575398778805,0.0,1.0564715753987788
JESZ09,JWSZ02,1,0.10908859755951515,0.0,1.109088597559515
JESZ09,JWSZ03,2,0.17771727129370415,0.0,2.1777172712937043
JESZ09,JWSZ08,2,0.10787827365800183,0.0,2.107878273658002
JESZ09,KLSZ01,1,0.06995520098454258,0.0,1.0699552009845426
JESZ09,PRSZ03,1,0.42678930970258444,0.0,1.4267893097025843
JESZ09,QTSZ02,1,0.018358390802217028,0.0,1.0183583908022171
JESZ10,BKSZ07,1,0.2250761302139226,0.0,1.2250761302139226
JESZ10,CLSZ04,1,0.19981541113741003,0.0,1.19981541113741
JESZ10,JESZ01,1,0.20818497045498305,0.0,1.208184970454983
JESZ10,JESZ02,1,0.12387319056418222,0.0,1.1238731905641823
JESZ10,JESZ05,1,0.5298091050634239,0.0,1.529809105063424
JESZ10,SBSZ01,1,0.025462269027564603,0.0,1.0254622690275645
JESZ10,SESZ03,1,0.3157998406065932,0.0,1.3157998406065932
JESZ10,SESZ04,1,0.09240032413795271,0.0,1.0924003241379527
JESZ10,WDSZ06,3,0.14498640626859138,0.0,3.1449864062685915
JESZ10,YSSZ03,1,0.13459235252426469,0.0,1.1345923525242647
JWSZ01,BKSZ03,1,0.15038151772758043,0.0,1.1503815177275805
JWSZ01,BKSZ07,1,0.18520412260302216,0.0,1.185204122603022
JWSZ01,BLSZ02,2,0.037127229780009485,0.0,2.0371272297800096
JWSZ01,BMSZ08,2,0.07783489728554063,0.0,2.0778348972855407
JWSZ01,CKSZ04,1,0.4109094689470001,0.0,1.410909468947
JWSZ01,CLSZ04,3,0.2598308887901989,0.0,3.2598308887901988
JWSZ01,DTSZ02,1,0.17952065323405275,0.0,1.1795206532340528
JWSZ01,DTSZ03,1,0.17539218670223922,0.0,1.1753921867022392
JWSZ01,DTSZ11,1,0.0854237815796801,0.0,1.0854237815796801
JWSZ01,JESZ06,1,0.028112625832691782,0.0,1.0281126258326918
JWSZ01,JWSZ01,1,0.16276190974797114,4.63431684589322,5.7970787556411905
JWSZ01,JWSZ03,3,0.5397485844502872,0.5166634428705693,4.056412027320857
JWSZ01,JWSZ06,1,0.1029042998635752,0.019310884151743705,1.122215184015319
JWSZ01,JWSZ08,1,1.0705892082598374,0.06433265013713241,2.13492185839697
JWSZ01,JWSZ09,5,1.6196461583951722,0.7654184669260257,7.385064625321197
JWSZ01,MUSZ01,1,0.04727410152552666,0.0,1.0472741015255267
JWSZ01,PNSZ01,2,0.07227038702381065,0.0,2.072270387023811
JWSZ01,PNSZ03,1,0.0,0.0,1.0
JWSZ01,RVSZ03,1,0.0,0.0,1.0
JWSZ01,SBSZ01,1,0.09745322560569102,0.0,1.097453225605691
JWSZ01,SISZ01,1,0.16175239923277973,0.0,1.1617523992327796
JWSZ01,TPSZ03,1,0.04047574482488454,0.0,1.0404757448248845
JWSZ01,TSSZ05,1,0.18422014713098253,0.0,1.1842201471309826
JWSZ01,TSSZ06,1,0.03137661829223295,0.0,1.031376618292233
JWSZ01,WCSZ01,1,0.1050155605355562,0.0,1.1050155605355563
JWSZ01,WDSZ04,1,0.12404046240447962,0.0,1.1240404624044795
JWSZ01,WDSZ09,1,0.050733820220632296,0.0,1.0507338202206322
JWSZ02,AMSZ01,1,0.30866482707776144,0.0,1.3086648270777614
JWSZ02,AMSZ08,1,0.0679144441183294,0.0,1.0679144441183295
JWSZ02,BKSZ07,1,0.5119996113181529,0.0,1.5119996113181529
JWSZ02,BKSZ09,1,0.36622884345191137,0.0,1.3662288434519114
JWSZ02,BLSZ02,3,0.2758836554809665,0.0,3.2758836554809667
JWSZ02,BMSZ01,2,0.4351787326948414,0.0,2.4351787326948413
JWSZ02,BMSZ08,3,0.143827989115675,0.0,3.143827989115675
JWSZ02,BMSZ12,1,0.2475938094161975,0.0,1.2475938094161976
JWSZ02,BMSZ16,1,0.031983635416301934,0.0,1.031983635416302
JWSZ02,BPSZ03,1,0.2813324350661452,0.0,1.2813324350661452
JWSZ02,BPSZ07,1,0.035500191284515245,0.0,1.0355001912845152
JWSZ02,BSSZ02,1,0.31650867015228995,0.0,1.31650867015229
JWSZ02,BTSZ04,1,0.21727809653133245,0.0,1.2172780965313326
JWSZ02,BTSZ05,1,0.1004489706420209,0.0,1.1004489706420209
JWSZ02,CHSZ03,1,0.3637090539905544,0.0,1.3637090539905543
JWSZ02,CKSZ02,1,0.5968107179697767,0.0,1.5968107179697766
JWSZ02,CKSZ03,2,0.7001717837983364,0.0,2.7001717837983366
JWSZ02,CKSZ06,1,0.35574375525359814,0.0,1.3557437552535982
JWSZ02,CLSZ01,1,0.11661203428330053,0.0,1.1166120342833006
JWSZ02,CLSZ04,2,0.48035237564963457,0.0,2.4803523756496344
JWSZ02,CLSZ06,1,0.2584766221787905,0.0,1.2584766221787906
JWSZ02,DTSZ01,1,0.32643296210440104,0.0,1.326432962104401
JWSZ02,DTSZ02,1,0.38360883828579695,0.0,1.383608838285797
JWSZ02,DTSZ03,2,0.5152981952249405,0.0,2.5152981952249407
JWSZ02,DTSZ05,2,0.26023067756802304,0.0,2.260230677568023
JWSZ02,DTSZ08,3,0.20055369021396383,0.0,3.200553690213964
JWSZ02,GLSZ04,1,0.19917483499758776,0.0,1.1991748349975877
JWSZ02,GLSZ05,1,0.2248631222800732,0.0,1.2248631222800732
JWSZ02,HGSZ08,1,0.1776604661763066,0.0,1.1776604661763066
JWSZ02,JESZ01,3,0.9953151655841865,0.3479014123252425,4.343216577909429
JWSZ02,JESZ02,2,0.5040686314129991,0.4415443546242947,2.9456129860372937
JWSZ02,JESZ03,2,0.631977207690638,0.0,2.631977207690638
JWSZ02,JESZ04,1,0.22849600959175598,0.22739958497171964,1.4558955945634757
JWSZ02,JESZ05,6,0.6762065182363993,0.0,6.676206518236399
JWSZ02,JESZ08,1,0.1970700207211895,0.0,1.1970700207211895
JWSZ02,JESZ09,1,0.12480215304289975,0.0,1.1248021530428998
JWSZ02,JWSZ02,1,3.3424265544710132,14.782849645641273,19.125276200112285
JWSZ02,JWSZ03,4,1.6987008668769044,0.9695202276420186,6.668221094518922
JWSZ02,JWSZ04,1,0.7867368317134578,0.24045944262631364,2.0271962743397713
JWSZ02,JWSZ06,1,0.33100205041596314,0.06312703651055145,1.3941290869265146
JWSZ02,JWSZ08,3,2.658460710860687,0.3754143886274629,6.03387509948815
JWSZ02,JWSZ09,13,2.558768948938213,1.5519174869077823,17.110686435845995
JWSZ02,KLSZ06,1,0.3577480312497105,0.0,1.3577480312497106
JWSZ02,MUSZ03,1,0.05065948671130567,0.0,1.0506594867113057
JWSZ02,ORSZ02,1,0.29741953028591317,0.0,1.297419530285913
JWSZ02,OTSZ03,1,0.42420803205022983,0.0,1.4242080320502297
JWSZ02,OTSZ04,1,0.08723991300060467,0.0,1.0872399130006047
JWSZ02,PLSZ01,1,0.1597405670108743,0.0,1.1597405670108742
JWSZ02,PNSZ01,2,0.203604056510898,0.0,2.203604056510898
JWSZ02,PRSZ03,1,0.9663344328077269,0.0,1.9663344328077268
JWSZ02,QTSZ08,2,0.5602723582231169,0.0,2.560272358223117
JWSZ02,QTSZ09,2,0.16881006976587123,0.0,2.1688100697658714
JWSZ02,QTSZ11,3,0.6239562374864484,0.0,3.6239562374864485
JWSZ02,QTSZ12,1,0.18341071973542203,0.0,1.183410719735422
JWSZ02,QTSZ14,3,0.42041882196531855,0.0,3.4204188219653187
JWSZ02,RCSZ08,1,0.0,0.0,1.0
JWSZ02,RCSZ10,1,0.16906094623133866,0.0,1.1690609462313386
JWSZ02,SBSZ03,1,0.33281395439546063,0.0,1.3328139543954607
JWSZ02,SESZ06,1,0.35027242741463865,0.0,1.3502724274146387
JWSZ02,SRSZ01,1,0.25110710366372063,0.0,1.2511071036637207
JWSZ02,TMSZ02,1,0.5755196441823716,0.0,1.5755196441823716
JWSZ02,TMSZ04,1,0.1761190255563848,0.0,1.176119025556385
JWSZ02,TPSZ03,1,0.11102845529086923,0.0,1.1110284552908691
JWSZ02,TSSZ05,1,0.8140940196431273,0.0,1.8140940196431274
JWSZ02,TSSZ06,1,0.03422393291208253,0.0,1.0342239329120826
JWSZ02,WCSZ01,1,0.3962967912352513,0.0,1.3962967912352513
JWSZ02,WDSZ07,1,0.051566731355110494,0.0,1.0515667313551105
JWSZ03,BDSZ01,1,0.2742971546222005,0.0,1.2742971546222006
JWSZ03,BDSZ07,1,0.5969880343949251,0.0,1.5969880343949252
JWSZ03,BKSZ02,2,0.4873800838476409,0.3714614298481807,2.8588415136958214
JWSZ03,BKSZ03,2,1.4607076672471793,0.5031437105066338,3.963851377753813
JWSZ03,BKSZ05,1,0.9607613594899937,0.0,1.9607613594899937
JWSZ03,BKSZ07,1,0.590677173909226,0.3672070071354604,1.9578841810446863
JWSZ03,BKSZ09,2,0.8878570352366515,0.0,2.8878570352366513
JWSZ03,BLSZ03,2,1.1411740981986698,0.0,3.14117409819867
JWSZ03,BLSZ04,1,0.2954932166016542,0.0,1.2954932166016542
JWSZ03,BMSZ04,1,0.19317303388152707,0.0,1.1931730338815272
JWSZ03,BMSZ05,2,0.4608984596907435,0.0,2.4608984596907435
JWSZ03,BMSZ08,1,0.1889680628722519,0.0,1.1889680628722519
JWSZ03,BPSZ04,1,0.39453994360593014,0.0,1.3945399436059303
JWSZ03,BSSZ01,2,0.5212174659779287,0.0,2.5212174659779287
JWSZ03,BTSZ01,1,0.6179400070607589,0.0,1.617940007060759
JWSZ03,BTSZ07,1,0.21036042912240194,0.0,1.210360429122402
JWSZ03,CHSZ02,1,0.19202292031049592,0.0,1.192022920310496
JWSZ03,CHSZ03,2,1.5257714740830333,0.0,3.525771474083033
JWSZ03,CKSZ02,1,0.8941611783808708,0.0,1.894161178380871
JWSZ03,CLSZ01,3,0.5818516528080587,0.0,3.5818516528080586
JWSZ03,CLSZ03,1,0.47593523795146014,0.0,1.47593523795146
JWSZ03,CLSZ04,3,0.4851690010732945,0.0,3.4851690010732943
JWSZ03,CLSZ09,1,0.14431704092065975,0.0,1.1443170409206598
JWSZ03,DTSZ01,1,0.3725857422027529,0.0,1.372585742202753
JWSZ03,DTSZ02,2,0.5265157761884885,0.0,2.5265157761884884
JWSZ03,DTSZ03,1,0.3315325264061509,0.0,1.3315325264061508
JWSZ03,DTSZ05,6,0.40179601046533125,0.0,6.401796010465331
JWSZ03,DTSZ06,1,0.0551003103531895,0.0,1.0551003103531895
JWSZ03,DTSZ08,3,0.44824491391377375,0.0,3.448244913913774
JWSZ03,DTSZ09,1,0.16145017730942543,0.0,1.1614501773094255
JWSZ03,DTSZ10,2,0.08904616403811828,0.0,2.0890461640381184
JWSZ03,DTSZ11,1,0.39873723467570216,0.0,1.398737234675702
JWSZ03,DTSZ12,1,0.2489672359508241,0.0,1.2489672359508242
JWSZ03,GLSZ03,2,0.5628809615453327,0.0,2.562880961545333
JWSZ03,GLSZ04,1,0.33601550682311543,0.0,1.3360155068231154
JWSZ03,GLSZ05,1,0.5459020935021393,0.0,1.5459020935021393
JWSZ03,HGSZ09,1,0.0320674830050219,0.0,1.0320674830050218
JWSZ03,JESZ01,2,1.3759538744083204,0.7152121037494963,4.091165978157816
JWSZ03,JESZ02,2,0.9882944906037028,0.2608013523664243,3.249095842970127
JWSZ03,JESZ03,5,1.432642871675928,0.34654572719924925,6.779188598875177
JWSZ03,JESZ04,1,0.32301026534560323,0.30787103437215974,1.630881299717763
JWSZ03,JESZ05,17,3.685148508918783,2.274586917025574,22.959735425944356
JWSZ03,JESZ07,1,0.22124661573975388,0.0,1.221246615739754
JWSZ03,JESZ09,2,0.47139065681299636,0.0,2.4713906568129964
JWSZ03,JWSZ01,2,0.44576264470577304,0.23240727109282883,2.678169915798602
JWSZ03,JWSZ02,3,1.8318090817000665,0.7249498360542072,5.556758917754274
JWSZ03,JWSZ03,8,1.47124251909002,31.708379144220928,41.17962166331095
JWSZ03,JWSZ04,12,2.812348715812533,2.0985237763407913,16.910872492153324
JWSZ03,JWSZ06,2,0.41636080585270546,0.14849555657608332,2.564856362428789
JWSZ03,JWSZ08,5,2.228438183610784,0.6687355123478392,7.897173695958624
JWSZ03,JWSZ09,16,2.8359784973525484,2.2719806061415793,21.107959103494128
JWSZ03,KLSZ01,1,0.5725925404848489,0.0,1.5725925404848489
JWSZ03,KLSZ06,2,0.39585580745124743,0.0,2.3958558074512473
JWSZ03,MPSZ01,1,0.10712371092430463,0.0,1.1071237109243046
JWSZ03,NTSZ03,1,0.107892936056365,0.0,1.107892936056365
JWSZ03,NVSZ02,1,0.5842090249403783,0.0,1.5842090249403782
JWSZ03,ORSZ02,5,1.1735637462636723,0.0,6.173563746263673
JWSZ03,ORSZ03,1,0.3083642967818805,0.0,1.3083642967818805
JWSZ03,OTSZ01,1,0.04781814313446673,0.0,1.0478181431344666
JWSZ03,OTSZ03,4,1.5550390223501565,0.0,5.555039022350156
JWSZ03,PNSZ01,1,0.13806903234381168,0.0,1.1380690323438116
JWSZ03,PNSZ02,2,0.0,0.0,2.0
JWSZ03,QTSZ02,1,0.2578369581800309,0.0,1.2578369581800308
JWSZ03,QTSZ06,1,0.18193155667551622,0.0,1.1819315566755162
JWSZ03,QTSZ08,12,1.1157893776477572,0.0,13.115789377647758
JWSZ03,QTSZ09,2,0.11507185517089899,0.0,2.115071855170899
JWSZ03,QTSZ10,2,0.8484522777773235,0.0,2.8484522777773233
JWSZ03,QTSZ11,2,0.7391046654482827,0.0,2.7391046654482825
JWSZ03,QTSZ12,2,0.6532588012522761,0.0,2.653258801252276
JWSZ03,QTSZ13,1,0.35588271613548783,0.0,1.3558827161354878
JWSZ03,RCSZ10,1,0.2110686061277623,0.0,1.2110686061277622
JWSZ03,SISZ01,1,0.4053430237353844,0.0,1.4053430237353843
JWSZ03,SRSZ01,1,0.2968848241066054,0.0,1.2968848241066053
JWSZ03,SVSZ01,1,0.5452932724157364,0.0,1.5452932724157364
JWSZ03,TMSZ04,1,0.2904120951069609,0.0,1.2904120951069609
JWSZ03,TPSZ01,1,0.20148732257028334,0.0,1.2014873225702833
JWSZ03,TPSZ06,1,0.3434305342481978,0.0,1.3434305342481978
JWSZ03,TPSZ08,1,0.10964395121178926,0.0,1.1096439512117893
JWSZ03,TSSZ02,3,0.757308695071544,0.0,3.757308695071544
JWSZ03,TSSZ03,3,0.898855512178328,0.0,3.898855512178328
JWSZ03,TSSZ04,1,0.5464529466245271,0.0,1.5464529466245271
JWSZ03,TSSZ05,4,0.9319699488077473,0.0,4.9319699488077475
JWSZ03,TSSZ06,1,0.10047417758848813,0.0,1.100474177588488
JWSZ03,WCSZ01,3,1.1145009692787724,0.0,4.114500969278772
JWSZ03,YSSZ03,1,0.35688605258061845,0.0,1.3568860525806183
JWSZ04,AMSZ01,1,0.4364235462891184,0.0,1.4364235462891184
JWSZ04,AMSZ12,1,0.214588639981748,0.0,1.214588639981748
JWSZ04,BDSZ04,2,0.8907407382198783,0.0,2.890740738219878
JWSZ04,BDSZ06,1,0.7509646660896827,0.0,1.7509646660896827
JWSZ04,BKSZ01,1,0.1463988291484229,0.0,1.1463988291484228
JWSZ04,BKSZ02,1,0.39750349794745543,0.0,1.3975034979474554
JWSZ04,BKSZ05,1,1.0782757845311055,0.0,2.0782757845311055
JWSZ04,BKSZ07,1,0.640712022534416,0.0,1.6407120225344158
JWSZ04,BKSZ09,2,1.1099880757680516,0.0,3.109988075768052
JWSZ04,BLSZ02,2,0.5502199781834515,0.16378483979093364,2.714004817974385
JWSZ04,BMSZ01,3,1.0720236966226608,0.0,4.072023696622661
JWSZ04,BMSZ02,1,0.26824274635809786,0.0,1.2682427463580979
JWSZ04,BMSZ04,1,0.19934794585541013,0.0,1.1993479458554102
JWSZ04,BMSZ10,1,0.05537213362104948,0.0,1.0553721336210495
JWSZ04,BMSZ17,1,0.23552916757642178,0.0,1.2355291675764217
JWSZ04,BPSZ05,1,0.5542903278826442,0.0,1.554290327882644
JWSZ04,BTSZ01,1,0.6825260505946562,0.0,1.6825260505946562
JWSZ04,CHSZ03,1,0.7562257219379632,0.0,1.7562257219379633
JWSZ04,CKSZ01,1,0.5179110062357729,0.0,1.517911006235773
JWSZ04,CKSZ02,1,0.7606558402340872,0.0,1.760655840234087
JWSZ04,CKSZ06,1,0.6284459993044246,0.0,1.6284459993044247
JWSZ04,CLSZ01,1,0.2764351106761135,0.0,1.2764351106761134
JWSZ04,CLSZ02,1,0.1518045526080432,0.0,1.1518045526080432
JWSZ04,CLSZ04,2,0.43711981167659797,0.0,2.437119811676598
JWSZ04,CLSZ09,1,0.23074439879124892,0.0,1.230744398791249
JWSZ04,DTSZ01,1,0.3966787058605633,0.0,1.3966787058605634
JWSZ04,DTSZ02,3,0.6180041737148148,0.0,3.618004173714815
JWSZ04,DTSZ05,4,0.5992789829636097,0.0,4.59927898296361
JWSZ04,DTSZ08,1,0.32552237636076464,0.0,1.3255223763607646
JWSZ04,DTSZ09,1,0.18235098836395594,0.0,1.182350988363956
JWSZ04,DTSZ11,3,0.5560668392127324,0.0,3.5560668392127326
JWSZ04,GLSZ03,1,0.5083156050078902,0.0,1.50831560500789
JWSZ04,GLSZ05,1,0.6971974704950915,0.0,1.6971974704950914
JWSZ04,JESZ01,1,0.5973900189484865,0.10340564824974584,1.7007956671982325
JWSZ04,JESZ02,2,0.7496325024488254,0.2792359112049772,3.0288684136538024
JWSZ04,JESZ03,3,1.9513309846674247,0.3465777242259137,5.297908708893338
JWSZ04,JESZ04,2,0.8124165315339722,3.8325939562515305,6.645010487785503
JWSZ04,JESZ05,13,3.7657031731874095,2.5582328712384403,19.323936044425853
JWSZ04,JESZ06,2,0.3450395813247792,0.4312946718695591,2.7763342531943382
JWSZ04,JESZ08,1,0.4465420472414008,0.01333492316572656,1.4598769704071273
JWSZ04,JESZ09,1,0.14493725109604846,0.0,1.1449372510960485
JWSZ04,JWSZ02,2,1.3017859067798556,0.2765289162489121,3.5783148230287676
JWSZ04,JWSZ03,5,1.4237751909807992,1.2871425124513582,7.710917703432157
JWSZ04,JWSZ04,11,1.9716780048136031,24.504921099464333,37.47659910427794
JWSZ04,JWSZ06,1,0.4354196503426732,0.15266880015121856,1.588088450493892
JWSZ04,JWSZ08,5,2.4502271228613752,0.550601195195616,8.00082831805699
JWSZ04,JWSZ09,19,3.392367188136716,2.499935272960587,24.892302461097305
JWSZ04,KLSZ06,2,0.4747945243063177,0.0,2.4747945243063176
JWSZ04,KLSZ08,1,0.5457892180512602,0.0,1.5457892180512602
JWSZ04,MUSZ03,3,0.11867322425730154,0.0,3.1186732242573014
JWSZ04,NVSZ02,1,0.5860813363180006,0.0,1.5860813363180006
JWSZ04,ORSZ02,1,0.45495829270911037,0.0,1.4549582927091103
JWSZ04,OTSZ03,2,0.7651427694381122,0.0,2.7651427694381123
JWSZ04,PLSZ04,2,0.18235715718932663,0.0,2.1823571571893265
JWSZ04,PNSZ01,2,0.397590335153021,0.0,2.397590335153021
JWSZ04,PNSZ02,1,0.0,0.0,1.0
JWSZ04,QTSZ07,1,0.0,0.0,1.0
JWSZ04,QTSZ08,5,1.4302065679821012,0.0,6.430206567982101
JWSZ04,QTSZ09,1,0.0721451441048484,0.0,1.0721451441048484
JWSZ04,QTSZ11,2,0.764122630842096,0.0,2.764122630842096
JWSZ04,QTSZ12,1,0.33184492016008044,0.0,1.3318449201600804
JWSZ04,QTSZ13,3,0.8865952447421741,0.0,3.886595244742174
JWSZ04,QTSZ14,1,0.4172254150006072,0.0,1.4172254150006072
JWSZ04,RCSZ01,1,0.22866644923698,0.0,1.22866644923698
JWSZ04,RCSZ03,1,0.10508670849119059,0.0,1.1050867084911906
JWSZ04,RCSZ10,1,0.25612692530307113,0.0,1.2561269253030711
JWSZ04,SBSZ03,1,0.4478946497652156,0.0,1.4478946497652156
JWSZ04,SGSZ06,1,0.33751745677810235,0.0,1.3375174567781023
JWSZ04,SISZ01,2,0.6233466734403627,0.0,2.6233466734403628
JWSZ04,SRSZ01,1,0.35666051705570545,0.0,1.3566605170557056
JWSZ04,TMSZ02,1,0.8653182651955229,0.0,1.865318265195523
JWSZ04,TMSZ03,1,0.8020154076564119,0.0,1.8020154076564119
JWSZ04,TNSZ04,1,0.2538885503950385,0.0,1.2538885503950385
JWSZ04,TPSZ01,1,0.2172417767699617,0.0,1.2172417767699617
JWSZ04,TPSZ02,1,0.3812261861609554,0.0,1.3812261861609554
JWSZ04,TSSZ02,2,0.4861688527800014,0.0,2.4861688527800014
JWSZ04,TSSZ03,1,0.17573500251837434,0.0,1.1757350025183744
JWSZ04,TSSZ04,2,0.8857174414125545,0.0,2.8857174414125546
JWSZ04,TSSZ05,1,1.4039674890611071,0.0,2.403967489061107
JWSZ04,WDSZ02,1,0.5347423501793462,0.0,1.5347423501793462
JWSZ04,WDSZ06,1,0.2836429633640244,0.0,1.2836429633640245
JWSZ04,WDSZ08,1,0.21335896914226687,0.0,1.2133589691422668
JWSZ05,BKSZ02,1,0.062225112896165904,0.0,1.062225112896166
JWSZ05,CKSZ05,1,0.04125252911362135,0.0,1.0412525291136214
JWSZ05,CLSZ06,2,0.08214313752096394,0.0,2.082143137520964
JWSZ05,DTSZ03,1,0.1042794317871033,0.0,1.1042794317871034
JWSZ05,GLSZ05,1,0.022153684090481723,0.0,1.0221536840904817
JWSZ05,JWSZ09,3,0.4432707200010085,0.0,3.4432707200010086
JWSZ05,SBSZ03,1,0.07269775334608304,0.0,1.072697753346083
JWSZ05,TPSZ12,1,0.012948281082859866,0.0,1.0129482810828598
JWSZ05,WDSZ03,1,0.10324387339368889,0.0,1.103243873393689
JWSZ05,WDSZ04,1,0.055785476767426886,0.0,1.0557854767674268
JWSZ06,AMSZ03,1,0.06330710678533268,0.0,1.0633071067853326
JWSZ06,BDSZ01,1,0.01463866007163627,0.0,1.0146386600716362
JWSZ06,BKSZ06,2,0.14800545479344956,0.0,2.1480054547934495
JWSZ06,BKSZ09,1,0.14758349266384044,0.0,1.1475834926638404
JWSZ06,CKSZ06,1,0.24975098731835396,0.0,1.2497509873183539
JWSZ06,GLSZ04,1,0.03583821778904448,0.0,1.0358382177890444
JWSZ06,JESZ05,5,0.6946496877301264,0.0,5.694649687730126
JWSZ06,JWSZ02,1,0.35866306541063864,0.09133442177700962,1.4499974871876482
JWSZ06,JWSZ03,1,0.1681276686523789,0.08467691477540076,1.2528045834277797
JWSZ06,JWSZ08,4,1.555375895282239,0.379962976307245,5.935338871589484
JWSZ06,JWSZ09,4,2.0413349512786216,1.4440397894274941,7.485374740706115
JWSZ06,KLSZ06,1,0.2659930977213062,0.0,1.265993097721306
JWSZ06,PGSZ04,1,0.03593803105651415,0.0,1.035938031056514
JWSZ06,SESZ04,1,0.08852223132247941,0.0,1.0885222313224794
JWSZ06,THSZ01,1,0.0,0.0,1.0
JWSZ06,TMSZ02,1,0.5606150462267612,0.0,1.5606150462267612
JWSZ06,TPSZ05,1,0.0,0.0,1.0
JWSZ06,WDSZ03,1,0.2312309441951872,0.0,1.2312309441951872
JWSZ06,YSSZ04,1,0.20800819434177692,0.0,1.2080081943417769
JWSZ06,YSSZ09,1,0.13241726735592424,0.0,1.1324172673559243
JWSZ07,BKSZ02,1,0.0,0.0,1.0
JWSZ07,JWSZ09,1,0.0,0.0,1.0
JWSZ07,KLSZ06,1,0.0,0.0,1.0
JWSZ07,TMSZ02,1,0.0,0.0,1.0
JWSZ07,TMSZ03,1,0.0,0.0,1.0
JWSZ07,TPSZ07,1,0.0,0.0,1.0
JWSZ08,AMSZ02,1,0.6097579104848841,0.0,1.609757910484884
JWSZ08,AMSZ08,1,0.12481150307584978,0.0,1.1248115030758499
JWSZ08,BDSZ03,1,0.4608103832710154,0.0,1.4608103832710153
JWSZ08,BDSZ04,1,0.33753964521606894,0.0,1.337539645216069
JWSZ08,BDSZ08,1,0.19198017007651919,0.0,1.1919801700765191
JWSZ08,BKSZ02,3,0.37428058846370776,0.0,3.3742805884637077
JWSZ08,BKSZ03,1,1.081335303829311,0.0,2.081335303829311
JWSZ08,BKSZ05,4,3.0402736337268714,0.0,7.040273633726871
JWSZ08,BKSZ07,1,0.9093595261976836,0.0,1.9093595261976835
JWSZ08,BKSZ09,1,0.6934910401635647,0.0,1.6934910401635648
JWSZ08,BLSZ02,4,0.8694234319736929,0.10061537467055377,4.970038806644246
JWSZ08,BLSZ04,1,0.3617519456905098,0.0,1.3617519456905098
JWSZ08,BMSZ04,2,0.36209860823986834,0.0,2.3620986082398683
JWSZ08,BMSZ05,1,0.5961845460378493,0.0,1.5961845460378492
JWSZ08,BMSZ06,1,0.5295414077882534,0.0,1.5295414077882534
JWSZ08,BMSZ07,1,0.6760600105096961,0.0,1.676060010509696
JWSZ08,BMSZ08,2,0.5205951147038216,0.0,2.5205951147038217
JWSZ08,BMSZ12,2,0.6702889815448642,0.0,2.6702889815448643
JWSZ08,BPSZ01,1,0.38336596797609257,0.0,1.3833659679760926
JWSZ08,BPSZ05,2,0.7274124546088743,0.0,2.7274124546088743
JWSZ08,BTSZ01,3,1.4315097237910526,0.0,4.431509723791052
JWSZ08,BTSZ03,1,0.18645753358380285,0.0,1.1864575335838028
JWSZ08,CKSZ02,1,1.2163889005441402,0.0,2.21638890054414
JWSZ08,CKSZ03,4,2.3789482861125943,0.0,6.378948286112594
JWSZ08,CKSZ05,1,0.35485895805466716,0.0,1.3548589580546673
JWSZ08,CKSZ06,2,0.7175272523309807,0.0,2.7175272523309806
JWSZ08,CLSZ01,1,0.21185762962074567,0.0,1.2118576296207457
JWSZ08,CLSZ03,1,0.7078117207777984,0.0,1.7078117207777983
JWSZ08,CLSZ04,5,1.089518323000392,0.0,6.089518323000392
JWSZ08,CLSZ06,1,0.5436691840130431,0.0,1.543669184013043
JWSZ08,DTSZ01,2,0.6208113568145661,0.0,2.620811356814566
JWSZ08,DTSZ02,2,0.9564605506461706,0.0,2.9564605506461707
JWSZ08,DTSZ03,1,0.7071057232969282,0.0,1.7071057232969282
JWSZ08,DTSZ05,2,0.6847280596328145,0.0,2.6847280596328145
JWSZ08,DTSZ08,1,0.38689479815965605,0.0,1.386894798159656
JWSZ08,DTSZ11,2,0.7516056744748031,0.0,2.751605674474803
JWSZ08,GLSZ03,3,1.377933750512411,0.0,4.377933750512411
JWSZ08,GLSZ05,2,0.8486582494498085,0.0,2.8486582494498087
JWSZ08,HGSZ08,2,0.628249203227726,0.0,2.628249203227726
JWSZ08,JESZ01,2,1.481897798334257,0.0,3.481897798334257
JWSZ08,JESZ02,2,0.5635571097578865,0.0,2.5635571097578866
JWSZ08,JESZ03,2,1.349343194746613,0.0,3.349343194746613
JWSZ08,JESZ04,2,0.6138530412567572,0.0,2.6138530412567573
JWSZ08,JESZ05,8,1.7074328217643413,0.0,9.70743282176434
JWSZ08,JESZ06,2,0.394169465292833,0.0,2.394169465292833
JWSZ08,JESZ07,1,0.477922063101019,0.0,1.477922063101019
JWSZ08,JESZ08,2,0.4488245969754809,0.0,2.4488245969754807
JWSZ08,JESZ09,3,0.4379783890754475,0.0,3.4379783890754476
JWSZ08,JWSZ01,3,0.6591292399741332,0.17567150409737567,3.834800744071509
JWSZ08,JWSZ02,4,1.3857294755059741,0.3496555885909204,5.735385064096894
JWSZ08,JWSZ03,4,2.1535426168650664,0.3841534262478054,6.537696043112872
JWSZ08,JWSZ04,3,1.4752055494959722,0.2649831062485396,4.740188655744512
JWSZ08,JWSZ06,6,1.267528890250002,0.3627690790913094,7.630297969341312
JWSZ08,JWSZ08,13,14.877834124345405,44.34675547407314,72.22458959841855
JWSZ08,JWSZ09,48,7.251401723006765,8.015777669774751,63.267179392781514
JWSZ08,KLSZ01,1,0.8824403144025853,0.0,1.8824403144025852
JWSZ08,KLSZ06,1,0.654648952214191,0.0,1.654648952214191
JWSZ08,KLSZ08,4,0.7890632793820712,0.0,4.789063279382071
JWSZ08,KLSZ09,1,0.03906874879377328,0.0,1.0390687487937733
JWSZ08,MSSZ01,1,0.0,0.0,1.0
JWSZ08,MUSZ01,2,0.5118149981443761,0.0,2.5118149981443763
JWSZ08,MUSZ03,1,0.1008318669432939,0.0,1.100831866943294
JWSZ08,NVSZ01,1,1.1895829224654737,0.0,2.1895829224654735
JWSZ08,NVSZ02,1,0.9058893117929662,0.0,1.9058893117929663
JWSZ08,ORSZ02,1,0.4932299225020372,0.0,1.4932299225020371
JWSZ08,OTSZ03,6,1.7976925671133837,0.0,7.797692567113383
JWSZ08,OTSZ04,1,0.1069298765152027,0.0,1.1069298765152027
JWSZ08,PLSZ04,2,0.195269486875488,0.0,2.195269486875488
JWSZ08,PNSZ01,3,1.3436863119169162,0.0,4.343686311916916
JWSZ08,PNSZ02,4,0.0,0.0,4.0
JWSZ08,PNSZ03,1,0.0,0.0,1.0
JWSZ08,QTSZ02,1,0.2655926716333305,0.0,1.2655926716333306
JWSZ08,QTSZ03,1,0.14469439180292717,0.0,1.144694391802927
JWSZ08,QTSZ08,4,2.2721045510436246,0.0,6.272104551043625
JWSZ08,QTSZ09,2,0.2105151898007162,0.0,2.210515189800716
JWSZ08,QTSZ10,1,0.5785450073461869,0.0,1.5785450073461869
JWSZ08,QTSZ11,5,2.1830883295056305,0.0,7.1830883295056305
JWSZ08,QTSZ14,3,0.613951998423791,0.0,3.613951998423791
JWSZ08,SBSZ03,3,0.9603472708516664,0.0,3.9603472708516665
JWSZ08,SESZ03,3,0.525221340274963,0.0,3.525221340274963
JWSZ08,SESZ06,1,0.4827226004027078,0.0,1.4827226004027079
JWSZ08,SGSZ04,2,1.2301316756804315,0.0,3.2301316756804317
JWSZ08,SKSZ02,1,0.0,0.0,1.0
JWSZ08,SRSZ02,1,0.14983242740010522,0.0,1.1498324274001053
JWSZ08,SRSZ03,1,0.19596909845545246,0.0,1.1959690984554525
JWSZ08,TMSZ04,1,0.40485345202695433,0.0,1.4048534520269542
JWSZ08,TNSZ01,1,0.5486673399318869,0.0,1.5486673399318869
JWSZ08,TPSZ02,1,0.6111135571453724,0.0,1.6111135571453725
JWSZ08,TPSZ06,1,0.4085893232883313,0.0,1.4085893232883313
JWSZ08,TSSZ02,1,0.23670016731141225,0.0,1.2367001673114122
JWSZ08,TSSZ03,3,0.6613081760666943,0.0,3.6613081760666946
JWSZ08,TSSZ04,1,0.3213613882771427,0.0,1.3213613882771427
JWSZ08,TSSZ05,1,1.0605074367865464,0.0,2.0605074367865464
JWSZ08,TSSZ06,2,0.13753002011603646,0.0,2.1375300201160363
JWSZ08,WCSZ01,9,1.6396830016743604,0.0,10.63968300167436
JWSZ08,WDSZ01,1,0.10926185667031657,0.0,1.1092618566703165
JWSZ08,WDSZ02,3,1.3385335234388152,0.0,4.338533523438815
JWSZ08,WDSZ03,1,0.6193157117691396,0.0,1.6193157117691395
JWSZ08,WDSZ05,2,0.7065260440167369,0.0,2.706526044016737
JWSZ08,YSSZ01,1,0.5055769093403222,0.0,1.5055769093403222
JWSZ08,YSSZ09,3,2.00089982903235,0.0,5.00089982903235
JWSZ09,AMSZ02,1,0.431425757740912,0.0,1.431425757740912
JWSZ09,AMSZ03,2,0.28927123287352624,0.0,2.289271232873526
JWSZ09,AMSZ04,1,0.019464594732940498,0.0,1.0194645947329406
JWSZ09,AMSZ08,1,0.08629910517871124,0.0,1.0862991051787112
JWSZ09,AMSZ10,1,0.3987751713157616,0.0,1.3987751713157617
JWSZ09,BDSZ02,1,0.595657937601914,0.0,1.595657937601914
JWSZ09,BKSZ02,2,0.3675026307296708,0.0,2.3675026307296707
JWSZ09,BKSZ03,2,0.7973532335115284,0.0,2.7973532335115285
JWSZ09,BKSZ04,3,0.35566863449400044,0.0,3.3556686344940005
JWSZ09,BKSZ05,5,2.116004558355655,0.0,7.116004558355655
JWSZ09,BKSZ06,1,0.3059198328490419,0.0,1.305919832849042
JWSZ09,BKSZ07,2,1.0052624520313969,0.0,3.005262452031397
JWSZ09,BKSZ08,1,0.06256275684797155,0.0,1.0625627568479716
JWSZ09,BKSZ09,2,0.5620385419429121,0.0,2.562038541942912
JWSZ09,BLSZ01,2,0.9241840255434268,0.0,2.924184025543427
JWSZ09,BLSZ02,11,1.608104393854033,1.7359404430074272,14.34404483686146
JWSZ09,BLSZ04,2,0.7213621753831367,0.0,2.7213621753831365
JWSZ09,BMSZ01,4,0.9238578131510835,0.0,4.923857813151083
JWSZ09,BMSZ02,3,0.3212787029795802,0.0,3.3212787029795803
JWSZ09,BMSZ03,1,0.36272294851430387,0.0,1.3627229485143038
JWSZ09,BMSZ04,1,0.24988846338269954,0.0,1.2498884633826997
JWSZ09,BMSZ06,1,0.33041030615149114,0.0,1.3304103061514911
JWSZ09,BMSZ08,2,0.4075017466406455,0.0,2.4075017466406456
JWSZ09,BMSZ09,1,0.02869145421545449,0.0,1.0286914542154544
JWSZ09,BMSZ12,1,0.44540773815294915,0.0,1.445407738152949
JWSZ09,BMSZ16,1,0.04909108616630967,0.0,1.0490910861663096
JWSZ09,BMSZ17,1,0.19631415360671461,0.0,1.1963141536067146
JWSZ09,BPSZ02,1,0.1492047107921866,0.0,1.1492047107921866
JWSZ09,BSSZ03,1,0.8262954485713071,0.0,1.8262954485713072
JWSZ09,BTSZ01,2,0.8965549391635823,0.0,2.8965549391635825
JWSZ09,BTSZ03,1,0.15466833264005542,0.0,1.1546683326400555
JWSZ09,CHSZ03,3,1.91304178622076,0.0,4.91304178622076
JWSZ09,CKSZ01,2,0.35725611370801014,0.0,2.35725611370801
JWSZ09,CKSZ03,4,1.6037214083694642,0.0,5.603721408369465
JWSZ09,CKSZ04,1,0.5803554282449186,0.0,1.5803554282449186
JWSZ09,CKSZ05,1,0.20707441566634815,0.0,1.2070744156663482
JWSZ09,CKSZ06,4,0.7353592465610714,0.0,4.735359246561071
JWSZ09,CLSZ01,2,0.26192220832076185,0.0,2.2619222083207617
JWSZ09,CLSZ03,1,0.6259608335557655,0.0,1.6259608335557654
JWSZ09,CLSZ04,4,1.2890756731946342,0.0,5.289075673194635
JWSZ09,CLSZ06,6,0.3187199718239444,0.0,6.318719971823945
JWSZ09,CLSZ08,1,0.21650408288868683,0.0,1.2165040828886868
JWSZ09,CLSZ09,2,0.28534470765785946,0.0,2.2853447076578597
JWSZ09,DTSZ01,8,0.7724020699543734,0.0,8.772402069954374
JWSZ09,DTSZ02,4,1.465406537561479,0.0,5.4654065375614795
JWSZ09,DTSZ05,10,0.8264948437322659,0.0,10.826494843732267
JWSZ09,DTSZ06,1,0.04910744793092156,0.0,1.0491074479309215
JWSZ09,DTSZ07,1,0.36005074669815423,0.0,1.3600507466981542
JWSZ09,DTSZ08,6,0.573614893259582,0.0,6.573614893259582
JWSZ09,DTSZ09,2,0.28752905375393645,0.0,2.2875290537539366
JWSZ09,DTSZ11,2,0.6373581641224171,0.0,2.637358164122417
JWSZ09,DTSZ12,1,0.19339618107350007,0.0,1.1933961810735
JWSZ09,GLSZ01,1,0.32555219029152466,0.0,1.3255521902915246
JWSZ09,GLSZ02,1,0.16473431902500604,0.0,1.1647343190250061
JWSZ09,GLSZ03,1,0.9548819647121932,0.0,1.954881964712193
JWSZ09,GLSZ04,1,0.47151583625570714,0.0,1.471515836255707
JWSZ09,GLSZ05,4,1.5850509560045047,0.0,5.585050956004505
JWSZ09,HGSZ04,1,0.3528582326201582,0.0,1.3528582326201581
JWSZ09,JESZ01,1,0.6097444906224889,0.0,1.609744490622489
JWSZ09,JESZ02,2,0.48689156736729733,0.0,2.486891567367297
JWSZ09,JESZ03,3,1.5939170906373537,0.0,4.593917090637354
JWSZ09,JESZ04,1,0.27687474960504,0.4680670083506923,1.7449417579557325
JWSZ09,JESZ05,25,2.0421390590505144,0.0,27.042139059050513
JWSZ09,JESZ06,2,0.49578098865363585,0.0,2.4957809886536357
JWSZ09,JWSZ01,4,0.38688416966298994,0.9586263513233213,5.345510520986311
JWSZ09,JWSZ02,16,2.7403176611885023,3.279771439407696,22.0200891005962
JWSZ09,JWSZ03,15,7.580069421367036,2.603121442990341,25.18319086435738
JWSZ09,JWSZ04,16,3.511405680456664,3.3653838223270447,22.87678950278371
JWSZ09,JWSZ05,2,0.47913796979035267,0.0,2.4791379697903526
JWSZ09,JWSZ06,3,0.8968272683732534,1.2539693009880086,5.150796569361262
JWSZ09,JWSZ07,1,0.22553214193325857,0.0,1.2255321419332585
JWSZ09,JWSZ08,42,6.4335749571474485,5.100481882942703,53.53405684009015
JWSZ09,JWSZ09,47,12.391345240202764,91.23541363244256,150.62675887264533
JWSZ09,KLSZ01,1,0.719761073614796,0.0,1.7197610736147961
JWSZ09,KLSZ03,1,0.0018806336086497294,0.0,1.0018806336086497
JWSZ09,KLSZ07,1,0.5330224779368418,0.0,1.5330224779368418
JWSZ09,KLSZ08,3,0.5076089937180841,0.0,3.507608993718084
JWSZ09,KLSZ09,3,0.15260646066743108,0.0,3.152606460667431
JWSZ09,MUSZ01,1,0.33647957574080445,0.0,1.3364795757408046
JWSZ09,NTSZ05,1,0.0,0.0,1.0
JWSZ09,NVSZ02,3,0.9792931569737847,0.0,3.979293156973785
JWSZ09,ORSZ02,7,1.00820506378991,0.0,8.00820506378991
JWSZ09,ORSZ03,1,0.5517606830806037,0.0,1.5517606830806037
JWSZ09,OTSZ03,3,0.9059854249500313,0.0,3.9059854249500314
JWSZ09,OTSZ04,2,0.15091852747066856,0.0,2.1509185274706684
JWSZ09,PGSZ04,1,0.7343773795226809,0.0,1.734377379522681
JWSZ09,PGSZ05,1,0.5442170194189453,0.0,1.5442170194189453
JWSZ09,PLSZ04,1,0.0967313219155675,0.0,1.0967313219155674
JWSZ09,PNSZ01,3,0.33928791283794024,0.0,3.33928791283794
JWSZ09,PNSZ02,5,0.0,0.0,5.0
JWSZ09,PRSZ03,2,1.792869429613781,0.0,3.792869429613781
JWSZ09,PRSZ08,1,0.05361644988390193,0.0,1.053616449883902
JWSZ09,QTSZ04,4,0.31174931709290343,0.0,4.311749317092904
JWSZ09,QTSZ05,1,0.33633019894720073,0.0,1.3363301989472007
JWSZ09,QTSZ08,12,1.21008863926414,0.0,13.21008863926414
JWSZ09,QTSZ09,2,0.21740203337835234,0.0,2.2174020333783524
JWSZ09,QTSZ10,2,0.6181085402090787,0.0,2.6181085402090787
JWSZ09,QTSZ11,8,0.9665809536745088,0.0,8.966580953674509
JWSZ09,QTSZ12,2,0.6447733043745723,0.0,2.6447733043745725
JWSZ09,QTSZ14,4,0.45900864107124606,0.0,4.459008641071246
JWSZ09,QTSZ15,1,0.16413634321996465,0.0,1.1641363432199647
JWSZ09,RCSZ05,1,0.11853895067046556,0.0,1.1185389506704655
JWSZ09,RCSZ09,2,0.21360450968465797,0.0,2.213604509684658
JWSZ09,RCSZ10,1,0.4603682459827993,0.0,1.4603682459827994
JWSZ09,RVSZ05,1,0.15095472478663022,0.0,1.1509547247866303
JWSZ09,SESZ03,2,0.7321072712672894,0.0,2.7321072712672896
JWSZ09,TMSZ02,2,1.4308272733255587,0.0,3.4308272733255585
JWSZ09,TMSZ04,2,0.9767237734987615,0.0,2.9767237734987617
JWSZ09,TMSZ05,1,0.9706871299380984,0.0,1.9706871299380984
JWSZ09,TNSZ03,1,0.028955467118420904,0.0,1.028955467118421
JWSZ09,TPSZ06,1,0.4641783715473865,0.0,1.4641783715473866
JWSZ09,TPSZ12,1,0.2508364662844422,0.0,1.2508364662844422
JWSZ09,TSSZ02,2,0.40311794732454903,0.0,2.403117947324549
JWSZ09,TSSZ03,5,0.35053782258523564,0.0,5.350537822585236
JWSZ09,TSSZ04,4,1.0949737997161335,0.0,5.094973799716134
JWSZ09,TSSZ05,8,1.122808890680324,0.0,9.122808890680323
JWSZ09,TSSZ06,2,0.09257721278153072,0.0,2.0925772127815305
JWSZ09,WCSZ01,26,3.0250693942387215,0.0,29.02506939423872
JWSZ09,WDSZ01,1,0.13139044128594904,0.0,1.131390441285949
JWSZ09,WDSZ03,2,0.8112775083022422,0.0,2.811277508302242
JWSZ09,WDSZ06,1,0.2929612164236448,0.0,1.2929612164236448
JWSZ09,WDSZ07,1,0.0817891590086708,0.0,1.0817891590086708
JWSZ09,WDSZ09,1,0.20271804017742137,0.0,1.2027180401774213
JWSZ09,YSSZ09,1,0.702720178960308,0.0,1.7027201789603081
KLSZ01,AMSZ01,2,1.0239233226622972,0.0,3.0239233226622972
KLSZ01,AMSZ05,1,0.3397095613212023,0.0,1.3397095613212022
KLSZ01,AMSZ09,1,0.26035906735444797,0.0,1.260359067354448
KLSZ01,AMSZ10,1,0.4352979601709774,0.0,1.4352979601709774
KLSZ01,BDSZ01,1,0.5548238211560496,0.0,1.5548238211560497
KLSZ01,BDSZ04,1,0.6697304196519466,0.0,1.6697304196519465
KLSZ01,BMSZ02,2,0.4217471770803558,0.0,2.4217471770803556
KLSZ01,BMSZ04,2,0.35285109656788066,0.0,2.3528510965678806
KLSZ01,BMSZ05,4,0.6908751916571109,0.0,4.690875191657111
KLSZ01,BMSZ10,1,0.11322927606797184,0.0,1.1132292760679718
KLSZ01,BMSZ12,1,0.38071486087591566,0.0,1.3807148608759157
KLSZ01,BMSZ16,1,0.06372001975923337,0.0,1.0637200197592334
KLSZ01,BPSZ05,1,0.2669000357951037,0.0,1.2669000357951037
KLSZ01,BSSZ01,2,1.237988561772687,0.0,3.2379885617726867
KLSZ01,BSSZ03,1,0.6413793520724488,0.26163011387699026,1.903009465949439
KLSZ01,CHSZ01,1,0.16666727377451387,0.0,1.1666672737745138
KLSZ01,CHSZ03,1,0.7682619132382617,0.0,1.7682619132382618
KLSZ01,CKSZ03,1,0.3500261981567151,0.0,1.3500261981567152
KLSZ01,CLSZ02,1,0.1067434558499078,0.0,1.1067434558499079
KLSZ01,CLSZ04,1,0.25040056963127105,0.0,1.250400569631271
KLSZ01,DTSZ01,2,0.6297729234930636,0.13895750953708427,2.7687304330301474
KLSZ01,DTSZ02,6,0.6437494482740407,0.32513565761233165,6.968885105886372
KLSZ01,DTSZ03,3,1.0091836162754344,0.10863953210200018,4.117823148377434
KLSZ01,DTSZ04,1,0.11836751463257568,0.0,1.1183675146325758
KLSZ01,DTSZ05,4,1.503828386481095,0.0,5.503828386481095
KLSZ01,DTSZ06,1,0.07767683518392055,0.0,1.0776768351839205
KLSZ01,DTSZ08,5,0.6268959125488374,0.0,5.626895912548838
KLSZ01,DTSZ09,1,0.1410767831402024,0.0,1.1410767831402024
KLSZ01,DTSZ10,1,0.023854023431915495,0.0,1.0238540234319156
KLSZ01,DTSZ11,2,0.9695409023174811,0.0,2.969540902317481
KLSZ01,GLSZ01,1,0.8507884665606248,0.21507672007111336,2.065865186631738
KLSZ01,GLSZ02,1,0.6874728736804695,0.22082965894764128,1.9083025326281107
KLSZ01,GLSZ03,1,0.5874035847762461,0.0,1.5874035847762462
KLSZ01,GLSZ04,2,1.4957482109948872,0.8174797196616334,4.31322793065652
KLSZ01,GLSZ05,7,1.8542630647684832,0.0,8.854263064768483
KLSZ01,HGSZ05,1,0.5667645255101251,0.0,1.5667645255101252
KLSZ01,HGSZ08,1,0.3999798276906964,0.0,1.3999798276906965
KLSZ01,JESZ05,1,0.3724225272553873,0.0,1.3724225272553874
KLSZ01,JESZ09,1,0.18102331171823105,0.0,1.181023311718231
KLSZ01,JWSZ08,1,0.5422336652204164,0.0,1.5422336652204165
KLSZ01,JWSZ09,3,0.7448330691431809,0.0,3.744833069143181
KLSZ01,KLSZ01,9,2.915838472006527,32.37686309914403,44.29270157115056
KLSZ01,KLSZ06,5,1.2212827002913982,1.8958996189088773,8.117182319200277
KLSZ01,KLSZ08,3,0.8185118748459804,1.5651549239754556,5.383666798821436
KLSZ01,KLSZ09,2,0.32776751604429605,0.16644369415087784,2.4942112101951737
KLSZ01,MUSZ01,5,0.18960559389161433,0.17591420039843972,5.365519794290054
KLSZ01,MUSZ02,1,0.0,0.0,1.0
KLSZ01,MUSZ03,1,0.10366327047672558,0.27828227483134443,1.38194554530807
KLSZ01,NVSZ01,4,1.9356901755261429,1.4312425860012892,7.3669327615274325
KLSZ01,NVSZ02,2,1.5673003943958568,0.41257417227502885,3.9798745666708855
KLSZ01,NVSZ03,1,0.2862664183750683,0.0,1.2862664183750683
KLSZ01,ORSZ01,1,0.0914189487055814,0.0,1.0914189487055814
KLSZ01,ORSZ02,3,0.7336075513366052,0.0,3.733607551336605
KLSZ01,ORSZ03,2,0.40615013630015384,0.01628587087433403,2.4224360071744875
KLSZ01,OTSZ03,8,0.9936714363363403,0.0,8.99367143633634
KLSZ01,OTSZ04,1,0.16509369634228208,0.0,1.165093696342282
KLSZ01,PGSZ02,2,0.4427303037985712,0.0,2.4427303037985713
KLSZ01,PGSZ03,1,0.3590879532687622,0.0,1.3590879532687623
KLSZ01,PGSZ04,1,0.6624487347843987,0.0,1.6624487347843986
KLSZ01,PLSZ05,2,0.3299744772309695,0.0,2.3299744772309694
KLSZ01,PNSZ04,1,0.0,0.0,1.0
KLSZ01,PRSZ02,1,0.5340961741944779,0.0,1.5340961741944779
KLSZ01,QTSZ08,5,1.474660782438823,0.0,6.474660782438823
KLSZ01,QTSZ11,1,0.4123432631636303,0.0,1.4123432631636303
KLSZ01,QTSZ13,1,0.3526168282807213,0.0,1.3526168282807212
KLSZ01,RCSZ01,1,0.2986312963288939,0.03627720207564946,1.3349084984045434
KLSZ01,RCSZ09,1,0.2715386488167032,0.05957595371949908,1.3311146025362022
KLSZ01,RCSZ10,2,0.23451166445817193,0.0,2.234511664458172
KLSZ01,SBSZ03,1,0.4044388571231711,0.0,1.4044388571231712
KLSZ01,SBSZ04,1,0.38757565164511787,0.0,1.3875756516451179
KLSZ01,SESZ02,1,0.4770855729886039,0.0,1.4770855729886039
KLSZ01,SESZ03,2,0.8561705396623766,0.0,2.8561705396623767
KLSZ01,SESZ04,1,0.560301844572781,0.0,1.560301844572781
KLSZ01,SESZ05,1,0.3351906043422542,0.0,1.3351906043422541
KLSZ01,SGSZ03,1,0.516554457451154,0.0,1.516554457451154
KLSZ01,SGSZ04,3,1.440082386589512,0.0,4.440082386589512
KLSZ01,SGSZ06,5,0.9784540768789886,0.4709434528453699,6.449397529724359
KLSZ01,TMSZ01,1,0.4666661368421388,0.0,1.4666661368421388
KLSZ01,TMSZ02,1,0.5539338469421812,0.0,1.553933846942181
KLSZ01,TMSZ04,2,0.6873849203289133,0.0,2.6873849203289133
KLSZ01,TNSZ01,1,0.5724396063019037,0.0,1.5724396063019037
KLSZ01,TPSZ02,2,1.0278462328489033,0.8962287869517142,3.9240750198006173
KLSZ01,TPSZ03,3,0.652865020621486,0.4474766048156108,4.100341625437097
KLSZ01,TPSZ05,1,0.5402472241019503,0.08707282191241093,1.627320046014361
KLSZ01,TPSZ06,3,1.1436125581239156,0.9560181138759606,5.0996306719998765
KLSZ01,TPSZ08,1,0.38269883617820355,0.0,1.3826988361782035
KLSZ01,TPSZ09,1,0.48043836622213254,0.23887887915416994,1.7193172453763026
KLSZ01,TPSZ11,1,0.8171450919023729,0.36098751442548627,2.178132606327859
KLSZ01,TPSZ12,2,0.6554481203341469,0.040349671888302775,2.6957977922224496
KLSZ01,TSSZ05,1,1.0116975125698735,0.0,2.0116975125698735
KLSZ01,WCSZ01,1,0.38117567284399817,0.0,1.3811756728439981
KLSZ01,WDSZ03,2,0.5610670012726379,0.0,2.561067001272638
KLSZ01,WDSZ06,1,0.24723260731677688,0.0,1.2472326073167768
KLSZ01,YSSZ01,1,0.23305336739416582,0.0,1.2330533673941657
KLSZ01,YSSZ09,1,0.37845696725279465,0.0,1.3784569672527947
KLSZ02,AMSZ08,1,0.05051356846595769,0.0,1.0505135684659577
KLSZ02,AMSZ12,1,0.053089847903492984,0.0,1.053089847903493
KLSZ02,BDSZ02,2,0.3314110401004866,0.0,2.3314110401004866
KLSZ02,BDSZ04,1,0.2612976083112397,0.0,1.2612976083112397
KLSZ02,BMSZ01,2,0.22859313591548602,0.0,2.228593135915486
KLSZ02,BMSZ02,1,0.06935639470504268,0.0,1.0693563947050426
KLSZ02,BMSZ12,1,0.06242945235562243,0.0,1.0624294523556224
KLSZ02,BMSZ16,1,0.005458238740953295,0.0,1.0054582387409532
KLSZ02,BPSZ03,1,0.0524948064836942,0.0,1.0524948064836943
KLSZ02,CHSZ02,1,0.05105965817841493,0.0,1.0510596581784148
KLSZ02,CHSZ03,1,0.2083230197805931,0.0,1.2083230197805932
KLSZ02,CKSZ05,1,0.06265010815331352,0.0,1.0626501081533135
KLSZ02,DTSZ01,2,0.13945212366312074,0.1347047851210162,2.274156908784137
KLSZ02,DTSZ04,1,0.017130123358948927,0.0,1.017130123358949
KLSZ02,DTSZ05,1,0.10058870696594838,0.0,1.1005887069659483
KLSZ02,DTSZ09,3,0.06209481911802081,0.0,3.0620948191180206
KLSZ02,DTSZ11,1,0.08417007864191817,0.0,1.0841700786419182
KLSZ02,GLSZ02,2,0.2575355847155677,0.2782090249726478,2.5357446096882157
KLSZ02,GLSZ04,3,0.9769434419406552,1.0462552236181908,5.023198665558846
KLSZ02,GLSZ05,1,0.22252541363400952,0.12192435751362533,1.3444497711476349
KLSZ02,HGSZ07,1,0.2211632679194179,0.0,1.221163267919418
KLSZ02,KLSZ02,1,0.36949819748176105,3.2637846372733135,4.633282834755074
KLSZ02,KLSZ06,2,0.4468354299029263,0.20642486142687513,2.6532602913298016
KLSZ02,KLSZ08,1,0.20041918951392584,0.12948740962899344,1.3299065991429193
KLSZ02,ORSZ02,1,0.12135169391652896,0.0,1.121351693916529
KLSZ02,OTSZ03,1,0.21634478023901885,0.0,1.2163447802390188
KLSZ02,OTSZ04,2,0.06650882164237006,0.0,2.06650882164237
KLSZ02,PGSZ04,1,0.16604901279917278,0.0,1.1660490127991727
KLSZ02,QTSZ06,1,0.07378132660922827,0.0,1.0737813266092282
KLSZ02,QTSZ08,1,0.1081428574358184,0.0,1.1081428574358183
KLSZ02,QTSZ09,1,0.020011792819589657,0.0,1.0200117928195898
KLSZ02,RCSZ01,1,0.06898511151428909,0.04187098279578828,1.1108560943100774
KLSZ02,RVSZ01,1,0.0,0.0,1.0
KLSZ02,SGSZ06,2,0.237740135255847,0.1300211559639855,2.3677612912198325
KLSZ02,SKSZ03,1,0.0274063271592627,0.0,1.0274063271592626
KLSZ02,TMSZ02,1,0.258331465499405,0.0,1.2583314654994049
KLSZ02,TMSZ05,1,0.1238465430005812,0.0,1.1238465430005813
KLSZ02,TPSZ01,1,0.08434202537277534,0.0,1.0843420253727754
KLSZ02,TPSZ02,1,0.17888977027184172,0.15865012049163665,1.3375398907634783
KLSZ02,TPSZ04,1,0.08654758546378676,0.08577328676855812,1.1723208722323448
KLSZ02,TPSZ06,2,0.1590116792995395,0.13493248818891349,2.2939441674884526
KLSZ02,TPSZ07,1,0.08826419751226537,0.26799369368556564,1.356257891197831
KLSZ02,TSSZ05,1,0.08426798346486866,0.0,1.0842679834648687
KLSZ02,WDSZ06,1,0.14182974521291258,0.0,1.1418297452129127
KLSZ02,YSSZ02,1,0.03885547868134016,0.0,1.0388554786813402
KLSZ02,YSSZ09,1,0.11445841088011059,0.0,1.1144584108801106
KLSZ03,AMSZ01,1,0.15790974099438893,0.0,1.157909740994389
KLSZ03,BDSZ01,2,0.19417474886955458,0.0,2.1941747488695547
KLSZ03,BDSZ04,1,0.2738371222325535,0.0,1.2738371222325535
KLSZ03,BDSZ05,1,0.16526181342059243,0.0,1.1652618134205923
KLSZ03,BKSZ05,1,0.11259483118607512,0.0,1.1125948311860752
KLSZ03,BMSZ01,2,0.2684263809683542,0.0,2.268426380968354
KLSZ03,BMSZ04,1,0.09101067802389666,0.0,1.0910106780238966
KLSZ03,BMSZ05,1,0.1059251236082563,0.0,1.1059251236082563
KLSZ03,BMSZ17,1,0.041317925402664366,0.0,1.0413179254026643
KLSZ03,BSSZ01,2,0.2976720890206569,0.0,2.297672089020657
KLSZ03,BTSZ02,1,0.11703127023191634,0.0,1.1170312702319163
KLSZ03,BTSZ06,1,0.08719514810230308,0.0,1.087195148102303
KLSZ03,CKSZ01,1,0.2531396243431487,0.0,1.2531396243431487
KLSZ03,CKSZ06,1,0.11226909699198073,0.0,1.1122690969919806
KLSZ03,CLSZ03,1,0.22295009377591224,0.0,1.2229500937759124
KLSZ03,CLSZ08,1,0.15330271777139245,0.0,1.1533027177713924
KLSZ03,DTSZ01,1,0.17182557200320622,0.06537316797863135,1.2371987399818376
KLSZ03,DTSZ02,2,0.12806922908543733,0.11362190933105426,2.2416911384164915
KLSZ03,DTSZ03,1,0.12154682213707038,0.03460036067312897,1.1561471828101992
KLSZ03,DTSZ05,2,0.17929685850404814,0.0,2.179296858504048
KLSZ03,DTSZ11,1,0.17171521333631912,0.0,1.1717152133363191
KLSZ03,DTSZ12,1,0.06471005784565496,0.0,1.064710057845655
KLSZ03,GLSZ02,1,0.19075525613108962,0.11589303548813497,1.3066482916192246
KLSZ03,GLSZ05,4,0.5830931587554316,0.5183249255417225,5.101418084297154
KLSZ03,HGSZ06,3,0.1962740289244288,0.0,3.196274028924429
KLSZ03,JESZ02,1,0.030729255541042284,0.0,1.0307292555410423
KLSZ03,JWSZ01,1,0.0,0.0,1.0
KLSZ03,JWSZ08,2,0.0,0.0,2.0
KLSZ03,JWSZ09,1,0.1458572199209253,0.0,1.1458572199209254
KLSZ03,KLSZ03,1,0.05641158155964879,6.840485677154522,7.896897258714171
KLSZ03,KLSZ08,3,0.2500975750809558,0.5853287495788032,3.835426324659759
KLSZ03,MUSZ01,1,0.03162774293458743,0.0,1.0316277429345875
KLSZ03,MUSZ03,2,0.05872701942441553,0.44405749024907226,2.502784509673488
KLSZ03,NVSZ02,2,0.23620181566430853,0.15522699246597446,2.391428808130283
KLSZ03,ORSZ02,4,0.14873566389134085,0.0,4.14873566389134
KLSZ03,ORSZ03,1,0.06885198106729208,0.0,1.068851981067292
KLSZ03,OTSZ03,1,0.20599167919286815,0.0,1.2059916791928682
KLSZ03,OTSZ04,1,0.0640131015145989,0.0,1.0640131015145988
KLSZ03,PGSZ02,1,0.09798428163678184,0.0,1.0979842816367817
KLSZ03,PGSZ04,2,0.15347995318967264,0.0,2.1534799531896724
KLSZ03,PNSZ02,1,0.0,0.0,1.0
KLSZ03,PRSZ05,2,0.18312141676814125,0.0,2.183121416768141
KLSZ03,QTSZ14,1,0.10382035249728584,0.0,1.1038203524972858
KLSZ03,RCSZ01,1,0.08582129705363106,0.025107677960896437,1.1109289750145277
KLSZ03,RCSZ10,2,0.10780343433357766,0.10202811652223784,2.2098315508558155
KLSZ03,SESZ02,1,0.15539271214110242,0.0,1.1553927121411025
KLSZ03,SESZ05,1,0.06963480613154806,0.0,1.0696348061315482
KLSZ03,SGSZ04,1,0.32765592039521185,0.0,1.3276559203952119
KLSZ03,SGSZ06,1,0.2422585806564053,0.0,1.2422585806564053
KLSZ03,SRSZ03,1,0.10447141617701064,0.0,1.1044714161770106
KLSZ03,TMSZ03,1,0.28487323077292853,0.0,1.2848732307729285
KLSZ03,TMSZ04,1,0.14940766702546285,0.0,1.149407667025463
KLSZ03,TSSZ05,1,0.09015952809580793,0.0,1.0901595280958079
KLSZ03,WDSZ02,1,0.08556616566744432,0.0,1.0855661656674442
KLSZ04,BDSZ06,1,0.0,0.0,1.0
KLSZ04,DTSZ05,2,0.0,0.0,2.0
KLSZ04,KLSZ01,1,0.0,0.0,1.0
KLSZ04,QTSZ06,1,0.0,0.0,1.0
KLSZ04,SESZ02,1,0.0,0.0,1.0
KLSZ04,SGSZ04,2,0.0,0.0,2.0
KLSZ04,TMSZ02,1,0.0,0.0,1.0
KLSZ05,AMSZ01,1,0.2576650931746377,0.0,1.2576650931746376
KLSZ05,AMSZ03,1,0.10328431908960628,0.0,1.1032843190896062
KLSZ05,BDSZ02,1,0.3177698818457053,0.0,1.3177698818457053
KLSZ05,BDSZ04,2,0.6569025740971873,0.0,2.656902574097187
KLSZ05,BMSZ05,1,0.1490908844613613,0.0,1.1490908844613612
KLSZ05,BMSZ15,1,0.0772851050385246,0.0,1.0772851050385246
KLSZ05,BSSZ03,1,0.28402178615010587,0.0,1.284021786150106
KLSZ05,CHSZ03,1,0.5978765040142336,0.0,1.5978765040142338
KLSZ05,CKSZ06,1,0.21045932951378615,0.0,1.2104593295137862
KLSZ05,DTSZ03,4,0.47993595928553723,0.10470497085826196,4.5846409301438
KLSZ05,DTSZ05,2,0.29586324819137716,0.10723848579681401,2.403101733988191
KLSZ05,GLSZ04,1,1.2936500493563496,0.15472934495408755,2.4483793943104373
KLSZ05,HGSZ04,1,0.14368440738089475,0.0,1.1436844073808947
KLSZ05,HGSZ05,1,0.35414852469296615,0.0,1.354148524692966
KLSZ05,JESZ05,1,0.3280587566895387,0.0,1.3280587566895388
KLSZ05,JWSZ09,1,0.3234632303176833,0.0,1.3234632303176834
KLSZ05,KLSZ05,3,5.015085947594939,4.831688765595186,12.846774713190126
KLSZ05,KLSZ07,1,0.258353818828199,0.02418454960934152,1.2825383684375407
KLSZ05,KLSZ08,2,0.3459587910305717,0.05842026680671056,2.404379057837282
KLSZ05,MPSZ01,1,0.3729846046529807,0.7067956646666278,2.079780269319609
KLSZ05,MUSZ01,1,0.07920556260748086,0.012272453733587823,1.0914780163410687
KLSZ05,NVSZ01,2,0.9361174842434062,0.0,2.936117484243406
KLSZ05,NVSZ02,1,0.5429805295922011,0.0,1.5429805295922012
KLSZ05,ORSZ02,1,0.29285977329153734,0.0,1.2928597732915375
KLSZ05,ORSZ03,1,0.13328805051032636,0.0,1.1332880505103264
KLSZ05,PGSZ01,1,0.16205530123252224,0.0,1.1620553012325223
KLSZ05,PGSZ02,1,0.12454792887411058,0.0,1.1245479288741105
KLSZ05,PGSZ03,1,0.18141272056431462,0.0,1.1814127205643146
KLSZ05,PGSZ04,1,0.35923616864063573,0.0,1.3592361686406358
KLSZ05,QTSZ11,1,0.23610342848318444,0.0,1.2361034284831844
KLSZ05,QTSZ12,1,0.1008383232882434,0.0,1.1008383232882435
KLSZ05,QTSZ14,1,0.2006682915595499,0.0,1.20066829155955
KLSZ05,SESZ02,2,0.4836305731112763,0.0,2.4836305731112764
KLSZ05,SGSZ04,1,0.5015677488556624,0.0,1.5015677488556625
KLSZ05,SGSZ06,1,0.30026826199557205,0.0,1.300268261995572
KLSZ05,TMSZ01,1,0.5637484636476382,0.0,1.5637484636476382
KLSZ05,TMSZ02,2,1.1511331519983368,0.0,3.1511331519983368
KLSZ05,TMSZ03,2,0.8943087958569955,0.0,2.8943087958569955
KLSZ05,TMSZ05,1,0.2675814521289775,0.0,1.2675814521289774
KLSZ05,TPSZ04,1,0.1506596209596193,0.0,1.1506596209596194
KLSZ05,WCSZ01,1,0.16737775965116647,0.0,1.1673777596511665
KLSZ05,YSSZ09,1,0.3048677935064908,0.0,1.3048677935064907
KLSZ06,AMSZ01,3,0.9167068780169818,0.0,3.916706878016982
KLSZ06,AMSZ02,2,0.6695265658175413,0.0,2.6695265658175416
KLSZ06,BDSZ01,1,0.5972439909956649,0.0,1.5972439909956648
KLSZ06,BDSZ03,1,0.6889841500074457,0.0,1.6889841500074456
KLSZ06,BDSZ04,3,1.23042973329061,0.0,4.23042973329061
KLSZ06,BDSZ05,1,0.6897373922675523,0.0,1.6897373922675523
KLSZ06,BKSZ05,1,0.6193638710084375,0.0,1.6193638710084375
KLSZ06,BMSZ01,1,0.4671966918321513,0.0,1.4671966918321513
KLSZ06,BMSZ02,1,0.2831231613271648,0.0,1.2831231613271648
KLSZ06,BMSZ03,1,0.37703606502228487,0.0,1.3770360650222848
KLSZ06,BMSZ06,1,0.4100805092635505,0.0,1.4100805092635504
KLSZ06,BMSZ07,1,0.6333595315885882,0.0,1.6333595315885883
KLSZ06,BMSZ09,1,0.17424130395151566,0.0,1.1742413039515156
KLSZ06,BMSZ12,1,0.3274669587047811,0.0,1.3274669587047812
KLSZ06,BMSZ14,1,0.19614408018503476,0.0,1.1961440801850347
KLSZ06,BPSZ03,1,0.24030952567603694,0.0,1.240309525676037
KLSZ06,BPSZ05,1,0.3566614274200837,0.0,1.3566614274200837
KLSZ06,BPSZ06,1,0.1871736534384552,0.0,1.1871736534384552
KLSZ06,BSSZ01,1,0.9090666602285395,0.0,1.9090666602285395
KLSZ06,BSSZ02,1,0.511595411196143,0.0,1.5115954111961432
KLSZ06,BTSZ03,1,0.17380303833415098,0.0,1.173803038334151
KLSZ06,CHSZ03,2,1.477416747492266,0.0,3.477416747492266
KLSZ06,CKSZ03,3,1.0117376120228168,0.0,4.0117376120228165
KLSZ06,CKSZ04,1,0.2423401403342227,0.0,1.2423401403342227
KLSZ06,CKSZ06,2,0.4633691133344242,0.0,2.463369113334424
KLSZ06,CLSZ04,1,0.2894588825551044,0.0,1.2894588825551043
KLSZ06,CLSZ06,2,0.4722951737673151,0.0,2.472295173767315
KLSZ06,DTSZ01,3,0.8703984841532826,0.9818061432400479,4.852204627393331
KLSZ06,DTSZ02,3,0.9067512571630301,0.607032910719329,4.513784167882359
KLSZ06,DTSZ05,4,0.9799317390304564,0.4344504948789397,5.414382233909396
KLSZ06,DTSZ06,1,0.13976711700215122,0.05354625116558728,1.1933133681677386
KLSZ06,DTSZ08,3,0.4800726534479281,0.0,3.480072653447928
KLSZ06,DTSZ09,1,0.18323283927644635,0.0,1.1832328392764464
KLSZ06,DTSZ11,2,0.5853489167453091,0.0,2.585348916745309
KLSZ06,GLSZ02,1,0.5423057613167157,0.068797569076605,1.6111033303933207
KLSZ06,GLSZ04,2,1.5946611486616131,0.9811136157394488,4.575774764401062
KLSZ06,GLSZ05,1,0.8859941619366136,0.0,1.8859941619366136
KLSZ06,HGSZ02,1,0.425976151795798,0.0,1.425976151795798
KLSZ06,HGSZ03,2,0.7573854920676891,0.0,2.757385492067689
KLSZ06,HGSZ04,1,0.30653285721029117,0.0,1.3065328572102912
KLSZ06,HGSZ06,1,0.8660933739452772,0.0,1.8660933739452772
KLSZ06,HGSZ07,1,0.408793017721785,0.0,1.4087930177217851
KLSZ06,HGSZ08,1,0.46228934815888517,0.0,1.4622893481588852
KLSZ06,JESZ05,4,0.874418762550137,0.0,4.874418762550137
KLSZ06,JWSZ02,1,0.30709357483311633,0.0,1.3070935748331163
KLSZ06,JWSZ03,1,0.2653601887652672,0.0,1.2653601887652672
KLSZ06,JWSZ04,1,0.4167481804661965,0.0,1.4167481804661965
KLSZ06,JWSZ07,1,0.05590269422342388,0.0,1.055902694223424
KLSZ06,JWSZ08,1,0.5713655320061838,0.0,1.5713655320061837
KLSZ06,JWSZ09,1,0.5604560337265562,0.0,1.560456033726556
KLSZ06,KLSZ01,7,2.077289462499219,3.6059476471156104,12.68323710961483
KLSZ06,KLSZ02,2,0.8991087696142843,0.31696563887767787,3.2160744084919624
KLSZ06,KLSZ03,1,0.3631676935664997,0.15774531881486714,1.5209130123813668
KLSZ06,KLSZ07,3,1.3585274485462109,1.3943167176172997,5.75284416616351
KLSZ06,KLSZ08,1,0.5288586647669531,0.7709467782642899,2.299805443031243
KLSZ06,KLSZ09,1,0.21026475039317158,0.36762965896563665,1.5778944093588083
KLSZ06,MSSZ01,1,0.0,0.0,1.0
KLSZ06,MUSZ01,1,0.18234335062057191,0.27016875353789876,1.4525121041584705
KLSZ06,MUSZ03,1,0.06973868129293541,0.5766706944414354,1.646409375734371
KLSZ06,NVSZ01,7,2.663959720675622,1.8578931598432749,11.521852880518898
KLSZ06,NVSZ02,1,0.9561729442972999,0.220169687253725,2.176342631551025
KLSZ06,ORSZ02,2,0.6082498848253006,0.13661636423843132,2.7448662490637323
KLSZ06,ORSZ03,3,0.5654706820369361,0.6071916009877446,4.172662283024681
KLSZ06,OTSZ03,3,0.8916780204459173,0.0,3.891678020445917
KLSZ06,PGSZ04,2,1.1141785679505698,0.0,3.11417856795057
KLSZ06,PGSZ05,2,0.7728822845913609,0.0,2.7728822845913608
KLSZ06,PLSZ04,1,0.06516017118093774,0.0,1.0651601711809378
KLSZ06,PRSZ02,2,0.7420984025863949,0.0,2.742098402586395
KLSZ06,PRSZ03,3,0.6873341427342213,0.0,3.687334142734221
KLSZ06,QTSZ03,1,0.18170871776075778,0.0,1.1817087177607577
KLSZ06,QTSZ12,1,0.2089658615684077,0.0,1.2089658615684078
KLSZ06,RCSZ10,1,0.25928979497591204,0.39588092780951517,1.6551707227854273
KLSZ06,SBSZ03,1,0.3986056788727928,0.0,1.3986056788727927
KLSZ06,SBSZ05,1,0.020873736628030434,0.0,1.0208737366280305
KLSZ06,SESZ02,1,0.5079957587055177,0.0,1.5079957587055177
KLSZ06,SESZ03,5,0.8327137316644411,0.0,5.832713731664441
KLSZ06,SESZ04,2,0.8591920237862709,0.0,2.859192023786271
KLSZ06,SESZ05,2,0.4724493041789866,0.0,2.4724493041789866
KLSZ06,SESZ06,1,0.6200720773612086,0.0,1.6200720773612085
KLSZ06,SGSZ03,2,0.7434348790664658,0.0,2.7434348790664655
KLSZ06,SGSZ04,2,1.3732603623370998,0.0,3.3732603623371
KLSZ06,SGSZ06,3,0.981678813571482,0.0,3.981678813571482
KLSZ06,SGSZ07,1,0.24000435966499312,0.0,1.2400043596649932
KLSZ06,SRSZ01,1,0.4663826981055486,0.09225039465419052,1.5586330927597392
KLSZ06,TMSZ02,1,0.636688601300455,0.0,1.6366886013004551
KLSZ06,TMSZ03,5,1.6821502738310026,0.0,6.682150273831002
KLSZ06,TMSZ04,1,0.4519572566607079,0.0,1.451957256660708
KLSZ06,TPSZ04,2,0.5485901607601473,0.0,2.5485901607601473
KLSZ06,TPSZ07,1,0.41339082864137,0.5289155789889566,1.9423064076303265
KLSZ06,TPSZ09,1,0.46079357113095143,0.179161517826999,1.6399550889579504
KLSZ06,TPSZ11,2,0.8278809599179054,0.39485862937254984,3.2227395892904553
KLSZ06,WCSZ01,1,0.3890802930590008,0.0,1.389080293059001
KLSZ06,WDSZ04,1,0.2912021380340709,0.0,1.291202138034071
KLSZ06,YSSZ04,1,0.3586114401770176,0.0,1.3586114401770177
KLSZ06,YSSZ09,3,0.9537954803366672,0.0,3.9537954803366673
KLSZ07,AMSZ02,1,0.43512406082657046,0.0,1.4351240608265705
KLSZ07,AMSZ03,2,0.3352504937938991,0.0,2.335250493793899
KLSZ07,AMSZ06,1,0.46722268476715373,0.0,1.4672226847671537
KLSZ07,AMSZ09,1,0.16112963040337042,0.0,1.1611296304033705
KLSZ07,BDSZ02,1,0.500569975708066,0.0,1.500569975708066
KLSZ07,BDSZ04,1,0.42933608081157276,0.0,1.4293360808115727
KLSZ07,BKSZ01,1,0.06692279238151223,0.0,1.0669227923815123
KLSZ07,BKSZ05,1,0.5399527651327214,0.0,1.5399527651327214
KLSZ07,BMSZ01,1,0.44222842691940695,0.0,1.442228426919407
KLSZ07,BMSZ02,1,0.26898744290209803,0.0,1.268987442902098
KLSZ07,BMSZ04,1,0.2802993896097491,0.0,1.2802993896097492
KLSZ07,BMSZ05,2,0.4279474826946717,0.0,2.427947482694672
KLSZ07,BMSZ09,2,0.22117302362175578,0.011442861911857104,2.232615885533613
KLSZ07,BPSZ05,2,0.3767427498918589,0.0,2.376742749891859
KLSZ07,BSSZ03,2,0.7825804175459697,0.0,2.7825804175459696
KLSZ07,BTSZ01,5,0.8456051724795522,0.0,5.845605172479552
KLSZ07,CKSZ04,1,0.22407001160051526,0.0,1.2240700116005152
KLSZ07,CKSZ06,1,0.5267228371249392,0.0,1.526722837124939
KLSZ07,CLSZ06,1,0.1833316773324686,0.0,1.1833316773324687
KLSZ07,DTSZ01,1,0.37495095485128005,0.11891512978529394,1.4938660846365739
KLSZ07,DTSZ02,1,0.3675178967955454,0.14173223905369312,1.5092501358492385
KLSZ07,DTSZ05,4,0.5551254822530101,0.2143825928479667,4.769508075100977
KLSZ07,DTSZ08,3,0.30242714808215065,0.0,3.3024271480821508
KLSZ07,DTSZ11,3,0.6161759451765008,0.0,3.6161759451765008
KLSZ07,GLSZ04,1,0.8194703489656707,0.0,1.8194703489656707
KLSZ07,HGSZ04,1,0.3319891147326535,0.0,1.3319891147326535
KLSZ07,HGSZ05,1,0.46287081204776886,0.0,1.462870812047769
KLSZ07,HGSZ07,1,0.42427536938345467,0.0,1.4242753693834547
KLSZ07,HGSZ08,1,0.3572201666153726,0.0,1.3572201666153725
KLSZ07,JESZ03,1,0.295296322961758,0.0,1.295296322961758
KLSZ07,JESZ08,1,0.09195221213346101,0.0,1.091952212133461
KLSZ07,JWSZ02,1,0.30439703596874634,0.0,1.3043970359687465
KLSZ07,JWSZ04,1,0.4562036218370842,0.0,1.4562036218370842
KLSZ07,KLSZ05,1,0.35658638134036674,0.007974713122652381,1.364561094463019
KLSZ07,KLSZ06,2,1.086746287593124,1.0750100343350357,4.16175632192816
KLSZ07,KLSZ07,1,2.030926904017,14.477363457997276,17.508290362014275
KLSZ07,KLSZ08,2,0.5666811683264384,0.28076218066352276,2.8474433489899615
KLSZ07,MPSZ02,2,0.5579527904711895,0.0,2.5579527904711896
KLSZ07,MUSZ01,3,0.12125188774071217,0.3874122510825492,3.5086641388232613
KLSZ07,NTSZ03,1,0.34667431828456335,0.20657151209982716,1.5532458303843906
KLSZ07,NVSZ01,4,1.851288284093898,0.6308218126017179,6.4821100966956156
KLSZ07,NVSZ02,4,1.2325891924573802,1.6518778047953846,6.8844669972527655
KLSZ07,ORSZ02,4,0.8995592514850288,0.19742848526150722,5.096987736746535
KLSZ07,ORSZ03,1,0.2386196339122928,0.12152408485180731,1.3601437187641001
KLSZ07,OTSZ03,3,0.5775460859605298,0.0,3.5775460859605297
KLSZ07,OTSZ04,1,0.2103443890405461,0.040403298547759356,1.2507476875883055
KLSZ07,PGSZ02,1,0.16192712777757162,0.0,1.1619271277775716
KLSZ07,PNSZ01,1,0.1401159199526476,0.0,1.1401159199526476
KLSZ07,QTSZ08,2,0.5958960034850044,0.0,2.5958960034850045
KLSZ07,QTSZ11,1,0.3332898080762021,0.0,1.3332898080762021
KLSZ07,QTSZ12,1,0.2194163852776875,0.0,1.2194163852776876
KLSZ07,QTSZ14,1,0.3632774946433236,0.0,1.3632774946433237
KLSZ07,RCSZ05,1,0.09628213977387878,0.5391811608459312,1.6354633006198098
KLSZ07,RCSZ08,1,0.0,0.0,1.0
KLSZ07,RCSZ09,1,0.17835247035822402,0.0872147442430672,1.2655672146012913
KLSZ07,RCSZ10,1,0.20545846287076022,0.13029135009761877,1.3357498129683791
KLSZ07,SBSZ01,2,0.950559314623872,0.0,2.950559314623872
KLSZ07,SBSZ03,1,0.3598668508130212,0.0,1.3598668508130212
KLSZ07,SBSZ04,2,0.29742252694281446,0.0,2.2974225269428143
KLSZ07,SESZ02,2,0.6373392804437938,0.0,2.637339280443794
KLSZ07,SESZ03,3,0.6631297954751713,0.0,3.663129795475171
KLSZ07,SESZ06,3,0.8792096295379808,0.0,3.8792096295379808
KLSZ07,SGSZ01,1,0.2894121571191537,0.0,1.2894121571191537
KLSZ07,SGSZ03,1,0.5101666888167817,0.0,1.5101666888167817
KLSZ07,SGSZ04,1,0.8876574295195209,0.0,1.8876574295195208
KLSZ07,SGSZ07,1,0.23643227416060275,0.0,1.2364322741606029
KLSZ07,SRSZ01,3,0.5607261143806749,0.11559108643044029,3.6763172008111153
KLSZ07,TMSZ03,1,0.712607141174451,0.0,1.712607141174451
KLSZ07,TPSZ02,1,0.5901536509454324,0.2776178488652358,1.8677714998106683
KLSZ07,TPSZ04,1,0.24610799719560086,0.014839706572639392,1.2609477037682402
KLSZ07,TPSZ06,2,0.6654048519388504,0.2375872061251031,2.9029920580639534
KLSZ07,TPSZ08,1,0.2283112548615682,0.0,1.2283112548615682
KLSZ07,TPSZ11,2,0.6236879367514074,1.0341635744984268,3.6578515112498344
KLSZ07,WDSZ03,2,0.6998171477873029,0.0,2.6998171477873028
KLSZ07,WDSZ04,1,0.31613602322178563,0.0,1.3161360232217856
KLSZ08,AMSZ01,1,0.4365938109578939,0.0,1.436593810957894
KLSZ08,AMSZ02,1,0.31172587166300175,0.0,1.3117258716630018
KLSZ08,AMSZ04,1,0.060070904262975296,0.0,1.0600709042629752
KLSZ08,AMSZ06,1,0.36785888431303826,0.0,1.3678588843130384
KLSZ08,AMSZ09,1,0.1891063145828929,0.0,1.1891063145828928
KLSZ08,BDSZ01,2,0.5395316569777773,0.0,2.5395316569777773
KLSZ08,BDSZ03,1,0.4643548280167389,0.0,1.4643548280167389
KLSZ08,BDSZ04,3,0.5614014691772221,0.0,3.561401469177222
KLSZ08,BDSZ05,1,0.4723988906641574,0.0,1.4723988906641574
KLSZ08,BKSZ05,2,0.4071180290858542,0.0,2.4071180290858543
KLSZ08,BMSZ01,2,0.45430777598563493,0.0,2.454307775985635
KLSZ08,BMSZ03,1,0.25715718918550273,0.0,1.2571571891855027
KLSZ08,BMSZ04,1,0.15280448551107945,0.0,1.1528044855110795
KLSZ08,BMSZ07,2,0.5419940131539371,0.0,2.5419940131539374
KLSZ08,BMSZ08,2,0.19023287494898436,0.0,2.1902328749489843
KLSZ08,BMSZ09,2,0.14841071979248074,0.0,2.148410719792481
KLSZ08,BMSZ16,1,0.035672991191179955,0.0,1.03567299119118
KLSZ08,BPSZ01,2,0.37445570296644587,0.0,2.3744557029664457
KLSZ08,BPSZ04,1,0.1756000262838042,0.0,1.1756000262838042
KLSZ08,BPSZ05,1,0.25058910750068203,0.0,1.250589107500682
KLSZ08,BSSZ01,1,0.6562796556297412,0.0,1.6562796556297412
KLSZ08,BSSZ03,1,0.4262130241028968,0.0,1.4262130241028967
KLSZ08,BTSZ01,1,0.3079512078952897,0.0,1.3079512078952897
KLSZ08,BTSZ04,1,0.23522079707542623,0.0,1.2352207970754263
KLSZ08,BTSZ05,1,0.10731768432047518,0.0,1.1073176843204753
KLSZ08,BTSZ08,1,0.15067166871015303,0.0,1.150671668710153
KLSZ08,CKSZ02,2,0.535990353917473,0.0,2.535990353917473
KLSZ08,CKSZ04,1,0.24071337302233164,0.0,1.2407133730223316
KLSZ08,CKSZ06,2,0.5021297911835209,0.0,2.502129791183521
KLSZ08,CLSZ03,2,0.2743264255533536,0.0,2.2743264255533537
KLSZ08,CLSZ04,3,0.3719719337630397,0.0,3.3719719337630396
KLSZ08,DTSZ01,1,0.2826119287788621,0.04899549715297251,1.3316074259318345
KLSZ08,DTSZ02,2,0.489816000541374,0.10172800577979456,2.5915440063211683
KLSZ08,DTSZ03,2,0.4229883939956195,0.0831408257319866,2.506129219727606
KLSZ08,DTSZ08,2,0.31466966526949847,0.0,2.3146696652694985
KLSZ08,DTSZ12,1,0.20891135165258612,0.0,1.2089113516525862
KLSZ08,GLSZ02,1,0.45858244539471926,0.114316381276639,1.5728988266713582
KLSZ08,GLSZ04,2,1.9080982893629985,0.46049113449083606,4.368589423853835
KLSZ08,HGSZ02,2,0.6294037396023713,0.0,2.6294037396023713
KLSZ08,HGSZ05,1,0.3847612262704252,0.0,1.3847612262704252
KLSZ08,HGSZ06,1,0.6248033971813887,0.0,1.6248033971813887
KLSZ08,HGSZ07,1,0.29190887580784836,0.0,1.2919088758078483
KLSZ08,JESZ01,1,0.13744054163731848,0.0,1.1374405416373186
KLSZ08,JESZ03,1,0.33722185013052725,0.0,1.3372218501305273
KLSZ08,JESZ05,1,0.29721827395838496,0.0,1.2972182739583848
KLSZ08,JWSZ01,1,0.01421460680875091,0.0,1.014214606808751
KLSZ08,JWSZ03,1,0.2514401126070357,0.0,1.2514401126070358
KLSZ08,JWSZ04,1,0.3848624013424142,0.0,1.3848624013424142
KLSZ08,JWSZ08,1,0.3848740857671443,0.0,1.3848740857671444
KLSZ08,JWSZ09,2,0.5334580185406307,0.0,2.533458018540631
KLSZ08,KLSZ01,2,1.3012840543758775,0.7440210463654682,4.045305100741346
KLSZ08,KLSZ03,2,0.2902990060297808,0.2558905689043247,2.5461895749341057
KLSZ08,KLSZ05,2,0.3895632050356149,0.03229793960920454,2.4218611446448195
KLSZ08,KLSZ06,2,0.8686305102842772,0.9935789014652646,3.8622094117495416
KLSZ08,KLSZ08,1,0.9386466408337457,10.776017927739574,12.714664568573319
KLSZ08,KLSZ09,1,0.1313787144087469,0.0741242996664436,1.2055030140751903
KLSZ08,MPSZ01,1,0.29026472594363106,0.2800338654491214,1.5702985913927525
KLSZ08,NVSZ01,2,2.323974981619039,0.15623580400555956,4.480210785624599
KLSZ08,NVSZ02,1,0.5643498970239113,0.0866145833453363,1.6509644803692474
KLSZ08,OTSZ01,1,0.06347108925777854,0.0,1.0634710892577786
KLSZ08,OTSZ03,3,0.5336617267855152,0.0,3.5336617267855153
KLSZ08,PGSZ02,3,0.28939379518904906,0.0,3.2893937951890493
KLSZ08,PGSZ04,3,0.7615343802730169,0.0,3.761534380273017
KLSZ08,PRSZ04,1,0.08701056188765317,0.0,1.087010561887653
KLSZ08,QTSZ03,1,0.06134041382944774,0.0,1.0613404138294478
KLSZ08,QTSZ05,2,0.41848374725069387,0.0,2.418483747250694
KLSZ08,QTSZ10,1,0.21797637384633173,0.0,1.2179763738463318
KLSZ08,RCSZ01,1,0.19355867400748958,0.04208453563457209,1.2356432096420615
KLSZ08,RCSZ10,2,0.13275233984326207,0.12395372116205448,2.2567060610053162
KLSZ08,SBSZ03,2,0.39716035596574195,0.0,2.3971603559657417
KLSZ08,SBSZ05,1,0.024516594162525118,0.0,1.0245165941625252
KLSZ08,SBSZ06,1,0.18631878771140475,0.0,1.1863187877114048
KLSZ08,SESZ02,2,0.6975731811688036,0.0,2.6975731811688037
KLSZ08,SESZ03,3,0.6488327964590395,0.0,3.6488327964590397
KLSZ08,SESZ04,2,0.8549149261649918,0.0,2.8549149261649918
KLSZ08,SESZ05,1,0.18860923640878177,0.0,1.1886092364087817
KLSZ08,SESZ06,1,0.564556811220194,0.0,1.564556811220194
KLSZ08,SGSZ06,3,0.5761531265119276,0.0,3.5761531265119277
KLSZ08,SGSZ07,1,0.17667140021234246,0.0,1.1766714002123424
KLSZ08,TMSZ02,6,0.9203918762166371,0.0,6.920391876216637
KLSZ08,TMSZ04,2,0.5330231364265786,0.0,2.5330231364265785
KLSZ08,TPSZ01,2,0.28593959408710856,0.0,2.2859395940871083
KLSZ08,TPSZ02,3,0.5567050806652485,0.44561204235089763,4.002317123016146
KLSZ08,TPSZ04,1,0.1640989730767634,0.0,1.1640989730767635
KLSZ08,TPSZ06,1,0.323883660490787,0.11506693187842804,1.438950592369215
KLSZ08,TPSZ09,1,0.31382756969908115,0.05818419808067398,1.372011767779755
KLSZ08,TPSZ11,1,0.6541730087659406,0.007688771653370375,1.661861780419311
KLSZ08,WDSZ02,1,0.41422880588508026,0.0,1.4142288058850803
KLSZ08,WDSZ03,3,0.8590741289142263,0.0,3.8590741289142265
KLSZ08,WDSZ06,1,0.24431544601793145,0.0,1.2443154460179315
KLSZ09,AMSZ02,2,0.05370891031273178,0.0,2.0537089103127317
KLSZ09,AMSZ05,2,0.08034905148830185,0.0,2.0803490514883016
KLSZ09,AMSZ10,1,0.05388090315318632,0.0,1.0538809031531864
KLSZ09,BDSZ03,2,0.052664043833311254,0.0,2.0526640438333112
KLSZ09,BDSZ05,1,0.07393915666917932,0.0,1.0739391566691794
KLSZ09,BKSZ01,1,0.015682312073163045,0.0,1.015682312073163
KLSZ09,BMSZ01,1,0.07178103667571788,0.0,1.071781036675718
KLSZ09,BMSZ08,1,0.03850718481950921,0.0,1.038507184819509
KLSZ09,BMSZ12,1,0.030408317996819135,0.0,1.030408317996819
KLSZ09,BPSZ05,1,0.059280044134288584,0.0,1.0592800441342887
KLSZ09,BSSZ01,1,0.09229805343852968,0.0,1.0922980534385296
KLSZ09,BSSZ02,1,0.07651342613510909,0.0,1.076513426135109
KLSZ09,BSSZ03,3,0.14947505301018815,0.0,3.149475053010188
KLSZ09,CHSZ02,1,0.025001522479511696,0.0,1.0250015224795117
KLSZ09,CLSZ03,1,0.0799031694815501,0.0,1.0799031694815502
KLSZ09,CLSZ07,1,0.07445483746445211,0.0,1.074454837464452
KLSZ09,DTSZ01,2,0.08308334251853501,0.4423311264682375,2.5254144689867726
KLSZ09,DTSZ03,1,0.06921230891504336,0.20120564165241256,1.270417950567456
KLSZ09,DTSZ08,2,0.03762771276458725,0.35993603016618786,2.3975637429307755
KLSZ09,DTSZ12,1,0.03987664944563116,0.04603722552907893,1.08591387497471
KLSZ09,GLSZ01,1,0.07261907181096217,0.0415924008935191,1.1142114727044812
KLSZ09,GLSZ04,2,0.27360416047925007,0.5248119332913104,2.7984160937705607
KLSZ09,GLSZ05,1,0.1205898518101755,0.0,1.1205898518101756
KLSZ09,HGSZ06,2,0.09512310493306318,0.0,2.095123104933063
KLSZ09,HGSZ08,2,0.06483254267492905,0.0,2.064832542674929
KLSZ09,JESZ05,1,0.05529256192158592,0.0,1.0552925619215858
KLSZ09,JWSZ02,1,0.03250234164912793,0.0,1.032502341649128
KLSZ09,JWSZ04,1,0.11649941217693834,0.0,1.1164994121769383
KLSZ09,JWSZ08,1,0.02198982138880713,0.0,1.0219898213888072
KLSZ09,JWSZ09,4,0.13093080459269887,0.0,4.1309308045926985
KLSZ09,KLSZ06,1,0.13299995817904117,0.5552553985038512,1.6882553566828924
KLSZ09,KLSZ08,2,0.0972184238720376,0.4424697230248421,2.53968814689688
KLSZ09,KLSZ09,3,0.5562073809103738,19.824911348258983,23.38111872916936
KLSZ09,MPSZ03,1,0.07609069432692411,0.0,1.0760906943269242
KLSZ09,NVSZ02,2,0.09712554215193109,0.15052578192877447,2.2476513240807057
KLSZ09,ORSZ03,1,0.04827109683767173,0.11573605946011602,1.1640071562977878
KLSZ09,OTSZ01,1,0.0073067876742854195,0.22757671971750162,1.234883507391787
KLSZ09,OTSZ03,3,0.01527964557507772,0.421064480434414,3.436344126009492
KLSZ09,PGSZ03,1,0.02979375067997937,0.0,1.0297937506799795
KLSZ09,PGSZ05,1,0.04710638603211493,0.0,1.047106386032115
KLSZ09,PRSZ03,1,0.09058295682289746,0.0,1.0905829568228975
KLSZ09,QTSZ01,1,0.05208450415645641,0.0,1.0520845041564564
KLSZ09,QTSZ04,1,0.01221793152832224,0.0,1.0122179315283222
KLSZ09,QTSZ05,1,0.06966782969908987,0.0,1.0696678296990898
KLSZ09,QTSZ08,1,0.034446333431613456,0.0,1.0344463334316134
KLSZ09,QTSZ09,1,0.007832569259072197,0.0,1.0078325692590722
KLSZ09,QTSZ12,1,0.023844853919268265,0.0,1.0238448539192682
KLSZ09,RCSZ01,1,0.01955424454994517,0.0481106138116764,1.0676648583616217
KLSZ09,RCSZ09,1,0.0,0.0767764543887452,1.0767764543887453
KLSZ09,RCSZ10,1,0.04040458843539,0.2612196257156652,1.3016242141510552
KLSZ09,RVSZ05,1,0.036398983043050705,0.0,1.0363989830430507
KLSZ09,SESZ02,1,0.0769222607445155,0.0,1.0769222607445155
KLSZ09,SESZ03,1,0.1254429450961399,0.0,1.1254429450961398
KLSZ09,SESZ04,3,0.10416992817145983,0.0,3.10416992817146
KLSZ09,SGSZ03,2,0.09354386932626897,0.0,2.093543869326269
KLSZ09,SGSZ04,1,0.1315456864567346,0.0,1.1315456864567346
KLSZ09,SGSZ07,1,0.07765858795028631,0.0,1.0776585879502862
KLSZ09,SRSZ02,1,0.006932922198502104,0.2605642480806842,1.2674971702791864
KLSZ09,TMSZ01,1,0.19114065405553246,0.0,1.1911406540555325
KLSZ09,TMSZ02,2,0.16742620919309434,0.0,2.1674262091930943
KLSZ09,TMSZ05,1,0.04919670943215536,0.0,1.0491967094321553
KLSZ09,TPSZ02,2,0.0760054593177417,0.0,2.0760054593177415
KLSZ09,TPSZ03,2,0.04249732875724357,0.0,2.0424973287572437
KLSZ09,TPSZ06,2,0.01587681207536282,0.0,2.015876812075363
KLSZ09,TPSZ07,1,0.014311573662282626,0.0,1.0143115736622825
KLSZ09,WDSZ04,1,0.07387956416661855,0.0,1.0738795641666186
KLSZ09,WDSZ09,1,0.009294937561687235,0.0,1.0092949375616873
KLSZ09,YSSZ08,2,0.008089380503373815,0.0,2.0080893805033737
LKSZ01,AMSZ06,1,0.7458434708848192,0.0,1.7458434708848192
LKSZ01,WDSZ06,1,0.2541565291151415,0.0,1.2541565291151415
MDSZ02,AMSZ02,1,0.027755934427586015,0.0,1.027755934427586
MDSZ02,BDSZ02,1,0.07743608751378168,0.0,1.0774360875137816
MDSZ02,BKSZ05,1,0.07118149240006774,0.0,1.0711814924000678
MDSZ02,BSSZ03,1,0.052420383949733584,0.0,1.0524203839497335
MDSZ02,CKSZ04,1,0.04043881465648999,0.0,1.04043881465649
MDSZ02,MPSZ03,1,0.07483047305648326,0.0,1.0748304730564833
MDSZ02,SESZ04,1,0.10579826473547276,0.0,1.1057982647354727
MDSZ02,TPSZ05,1,0.010298683941835241,0.0,1.0102986839418353
MDSZ02,YSSZ04,1,0.25448102505935716,0.0,1.2544810250593572
MDSZ02,YSSZ08,1,0.02648892762817566,0.0,1.0264889276281757
MDSZ02,YSSZ09,2,0.2588699126310373,0.0,2.258869912631037
MDSZ03,AMSZ02,1,0.08870551796534107,0.0,1.088705517965341
MDSZ03,BTSZ07,1,0.054504245502614054,0.0,1.0545042455026141
MDSZ03,CLSZ04,1,0.08675717032108789,0.0,1.0867571703210879
MDSZ03,MUSZ01,1,0.051995504570696446,0.0,1.0519955045706963
MDSZ03,SESZ03,1,0.24738237873433908,0.0,1.247382378734339
MDSZ03,SKSZ03,1,0.02828138054558959,0.0,1.0282813805455895
MDSZ03,YSSZ09,6,0.4423738023603059,0.0,6.442373802360306
MPSZ01,AMSZ04,1,0.0,0.0,1.0
MPSZ01,AMSZ05,1,0.3348234772759184,0.0,1.3348234772759184
MPSZ01,BDSZ01,2,0.39544341385776893,0.0,2.3954434138577687
MPSZ01,BDSZ04,3,1.1624651124578944,0.0,4.162465112457895
MPSZ01,BDSZ06,1,0.898272006994815,0.0,1.898272006994815
MPSZ01,BDSZ07,1,0.6911457312101815,0.0,1.6911457312101814
MPSZ01,BKSZ06,1,0.20073726920553558,0.0,1.2007372692055356
MPSZ01,BMSZ05,1,0.21059045724001718,0.0,1.2105904572400172
MPSZ01,BMSZ08,1,0.1767361438575336,0.0,1.1767361438575337
MPSZ01,BMSZ16,1,0.022480885571880223,0.0,1.0224808855718803
MPSZ01,BSSZ01,1,0.37337074967763834,0.0,1.3733707496776384
MPSZ01,CHSZ03,1,0.493889470643845,0.0,1.493889470643845
MPSZ01,CLSZ06,1,0.23501754225332952,0.0,1.2350175422533296
MPSZ01,DTSZ05,2,0.9790921952855519,0.0,2.979092195285552
MPSZ01,DTSZ11,1,0.36666067136246433,0.0,1.3666606713624643
MPSZ01,GLSZ02,1,0.5209831786914344,0.26498270818651004,1.7859658868779444
MPSZ01,HGSZ04,1,0.1748868361363051,0.0,1.1748868361363052
MPSZ01,HGSZ06,2,0.5797035541858374,0.0,2.5797035541858375
MPSZ01,JWSZ03,1,0.01879139790581484,0.0,1.0187913979058147
MPSZ01,MPSZ03,2,1.5097110066365313,1.7350300521299333,5.244741058766465
MPSZ01,MUSZ01,1,0.07904198158246041,0.0,1.0790419815824603
MPSZ01,PGSZ04,1,0.4133332599702295,0.0,1.4133332599702295
MPSZ01,PRSZ05,1,0.47090657385322954,0.0,1.4709065738532296
MPSZ01,RCSZ09,1,0.1299566025393058,0.0,1.1299566025393057
MPSZ01,SESZ02,1,0.3680094054359607,0.0,1.3680094054359606
MPSZ01,TMSZ02,2,1.8269812643829486,0.0,3.8269812643829484
MPSZ01,TMSZ04,1,0.36696981178985094,0.0,1.366969811789851
MPSZ02,AMSZ01,2,0.44885169340251313,0.0,2.448851693402513
MPSZ02,BDSZ04,4,1.4462872540385614,0.0,5.446287254038562
MPSZ02,BDSZ05,2,1.2421081313443743,0.028021137581635085,3.2701292689260097
MPSZ02,BDSZ07,1,0.8760046716712367,0.35503525156868726,2.231039923239924
MPSZ02,BKSZ07,1,0.30649280817251634,0.0,1.3064928081725165
MPSZ02,BMSZ01,1,0.3559940311541339,0.0,1.3559940311541339
MPSZ02,BMSZ04,1,0.18086702008508895,0.0,1.180867020085089
MPSZ02,BMSZ12,1,0.34848002077256623,0.0,1.3484800207725662
MPSZ02,BPSZ01,1,0.0911038738349352,0.0,1.0911038738349352
MPSZ02,BSSZ01,1,0.4232487983796233,0.0,1.4232487983796234
MPSZ02,DTSZ05,1,0.3099945916730179,0.0,1.3099945916730178
MPSZ02,GLSZ04,4,1.6755130407100904,1.4162410670814864,7.0917541077915764
MPSZ02,GLSZ05,3,2.2631259715207577,2.7865161852341696,8.049642156754928
MPSZ02,HGSZ06,1,0.5607779667226339,0.0,1.5607779667226338
MPSZ02,KLSZ06,1,0.3480103452449387,0.0,1.3480103452449388
MPSZ02,KLSZ09,1,0.06082319938343348,0.0,1.0608231993834334
MPSZ02,MPSZ03,2,2.8575448229641274,3.414237146436184,8.271781969400312
MPSZ02,ORSZ02,2,0.5125200853328508,0.0,2.512520085332851
MPSZ02,ORSZ03,1,0.19414248736283624,0.0,1.1941424873628361
MPSZ02,OTSZ03,1,0.4988472901894102,0.0,1.4988472901894103
MPSZ02,PGSZ02,1,0.1835667519382144,0.0,1.1835667519382145
MPSZ02,PGSZ04,1,0.4848595882326437,0.0,1.4848595882326436
MPSZ02,PRSZ03,3,0.7400488092217887,0.0,3.740048809221789
MPSZ02,QTSZ06,1,0.16190583956976604,0.0,1.1619058395697661
MPSZ02,QTSZ08,2,0.43875453778464985,0.0,2.43875453778465
MPSZ02,QTSZ11,1,0.24658299725795813,0.0,1.246582997257958
MPSZ02,RCSZ10,2,0.09533774728946069,0.0,2.0953377472894608
MPSZ02,SGSZ06,1,0.3808400956468223,0.0,1.3808400956468223
MPSZ02,TMSZ04,3,0.6029575203744985,0.0,3.6029575203744986
MPSZ02,TPSZ03,1,0.1479687099695597,0.0,1.1479687099695597
MPSZ02,TPSZ04,1,0.12494780978556053,0.0,1.1249478097855605
MPSZ02,YSSZ09,1,0.3914914889746665,0.0,1.3914914889746666
MPSZ03,AMSZ02,1,0.6087586567601551,0.0,1.608758656760155
MPSZ03,AMSZ04,1,0.09005092570783349,0.0,1.0900509257078335
MPSZ03,AMSZ08,1,0.18290701622150268,0.0,1.1829070162215027
MPSZ03,AMSZ10,1,0.539737447892372,0.0,1.539737447892372
MPSZ03,BDSZ01,2,1.515017341516491,0.0,3.515017341516491
MPSZ03,BDSZ03,1,1.4052696810194605,0.0,2.4052696810194605
MPSZ03,BDSZ04,5,2.545704158666207,0.0,7.545704158666207
MPSZ03,BDSZ05,3,3.8394942749156993,0.2234832775312503,7.06297755244695
MPSZ03,BDSZ06,1,1.9057343961127022,0.0,2.9057343961127025
MPSZ03,BDSZ07,1,2.144181800128425,0.1268660189417196,3.2710478190701444
MPSZ03,BMSZ01,1,0.6692048425509513,0.0,1.6692048425509514
MPSZ03,BMSZ02,1,0.44918827321203325,0.0,1.4491882732120334
MPSZ03,BMSZ05,1,0.5742525014409726,0.0,1.5742525014409727
MPSZ03,BMSZ07,1,0.816642512444936,0.0,1.8166425124449361
MPSZ03,BMSZ16,1,0.09383305511612154,0.0,1.0938330551161215
MPSZ03,BPSZ03,1,0.4434999665293996,0.0,1.4434999665293997
MPSZ03,BSSZ03,1,0.8806764879272136,0.0,1.8806764879272135
MPSZ03,BTSZ01,1,0.7235884451294944,0.0,1.7235884451294945
MPSZ03,BTSZ05,1,0.23595092258135555,0.0,1.2359509225813556
MPSZ03,BTSZ06,1,0.18523043836554398,0.0,1.185230438365544
MPSZ03,CHSZ03,3,1.9771860898073363,0.0,4.977186089807336
MPSZ03,CKSZ03,1,0.37350449004372827,0.0,1.3735044900437283
MPSZ03,DTSZ01,3,0.6600453320437198,0.0,3.66004533204372
MPSZ03,DTSZ03,7,1.1126722230305037,0.0,8.112672223030504
MPSZ03,DTSZ05,4,1.2817154057196045,0.0,5.281715405719605
MPSZ03,DTSZ08,3,0.5986008601993544,0.0,3.5986008601993547
MPSZ03,DTSZ09,1,0.13267061219271836,0.0,1.1326706121927184
MPSZ03,DTSZ11,2,0.8593861094806272,0.0,2.859386109480627
MPSZ03,DTSZ12,1,0.3318937592410114,0.0,1.3318937592410114
MPSZ03,GLSZ02,1,0.7615015503566056,0.0,1.7615015503566056
MPSZ03,GLSZ03,2,1.699884959275474,0.16944934224741137,3.8693343015228856
MPSZ03,GLSZ04,1,1.3584002135410955,0.12145997300327678,2.4798601865443723
MPSZ03,GLSZ05,9,5.698939102425221,0.955748346772771,15.654687449197992
MPSZ03,HGSZ05,1,0.9452067987244095,0.0,1.9452067987244095
MPSZ03,HGSZ07,1,0.62394066045872,0.0,1.6239406604587199
MPSZ03,KLSZ02,1,0.4116973597185497,0.0,1.4116973597185498
MPSZ03,KLSZ05,1,0.6870089804932331,0.0,1.6870089804932331
MPSZ03,KLSZ09,1,0.2553399597618022,0.0,1.2553399597618022
MPSZ03,MDSZ02,1,0.30784189361524344,0.0,1.3078418936152434
MPSZ03,MPSZ01,1,1.1022489254168095,0.46349920211790213,2.5657481275347114
MPSZ03,MPSZ02,2,1.7907087190503723,1.8050734747010646,5.595782193751437
MPSZ03,MPSZ03,19,11.258348670330577,31.134645859127524,61.3929945294581
MPSZ03,NVSZ02,2,1.198103683457652,0.0,3.198103683457652
MPSZ03,ORSZ02,2,1.3488998396851486,0.0,3.3488998396851484
MPSZ03,OTSZ01,1,0.09154087672607784,0.0,1.091540876726078
MPSZ03,PGSZ03,1,0.4885048237133864,0.0,1.4885048237133864
MPSZ03,PGSZ05,1,0.8826369931917148,0.0,1.8826369931917148
MPSZ03,PLSZ04,1,0.09365827994119431,0.0,1.0936582799411942
MPSZ03,PRSZ03,4,1.4917380313426298,0.0,5.49173803134263
MPSZ03,PRSZ05,1,1.2644395663963348,0.0,2.2644395663963346
MPSZ03,QTSZ02,1,0.34605247390083954,0.0,1.3460524739008395
MPSZ03,QTSZ08,2,0.7719487273056155,0.0,2.7719487273056154
MPSZ03,QTSZ11,1,0.5297811638913706,0.0,1.5297811638913705
MPSZ03,QTSZ14,1,0.4953260556905457,0.0,1.4953260556905457
MPSZ03,RCSZ10,1,0.37665934416053626,0.0,1.3766593441605361
MPSZ03,SBSZ01,1,0.3361453261498552,0.0,1.3361453261498553
MPSZ03,SESZ02,1,0.8773647285013803,0.0,1.8773647285013801
MPSZ03,SESZ06,3,1.8554229362209969,0.0,4.855422936220997
MPSZ03,SGSZ07,1,0.25302482440252877,0.0,1.2530248244025288
MPSZ03,SRSZ02,2,0.27227936481846565,0.0,2.272279364818466
MPSZ03,TMSZ02,1,1.04317936514538,0.0,2.04317936514538
MPSZ03,TMSZ03,2,2.309314200703878,0.0,4.309314200703878
MPSZ03,TMSZ04,1,1.20021193064,0.0,2.20021193064
MPSZ03,TMSZ05,1,0.7089245121739063,0.0,1.7089245121739063
MPSZ03,TPSZ06,1,0.8849107452934909,0.0,1.884910745293491
MPSZ03,TPSZ09,1,0.2865679154677908,0.0,1.2865679154677907
MPSZ03,TPSZ12,1,0.4679516313092004,0.0,1.4679516313092005
MPSZ03,YSSZ09,2,1.0477468406274844,0.0,3.047746840627484
MSSZ01,BMSZ01,2,0.2479027620382242,0.0,2.2479027620382244
MSSZ01,BPSZ04,1,0.0861818061661683,0.0,1.0861818061661683
MSSZ01,BPSZ05,2,0.09178250232522414,0.0,2.0917825023252243
MSSZ01,DTSZ09,1,0.07446012052553543,0.0,1.0744601205255355
MSSZ01,GLSZ04,1,0.5167859784466019,0.0,1.516785978446602
MSSZ01,JWSZ08,1,0.006867444781161137,0.0,1.0068674447811612
MSSZ01,KLSZ02,1,0.03939867170450102,0.0,1.039398671704501
MSSZ01,ORSZ02,1,0.10567459046060107,0.0,1.1056745904606011
MSSZ01,PRSZ03,2,0.2599980798618877,0.0,2.2599980798618877
MSSZ01,QTSZ06,1,0.06144607089923121,0.0,1.0614460708992313
MSSZ01,SESZ03,1,0.20519266248126458,0.0,1.2051926624812646
MSSZ01,TMSZ03,1,0.304309310309862,0.0,1.304309310309862
MUSZ01,AMSZ01,4,0.1591620458979868,0.0,4.159162045897987
MUSZ01,AMSZ07,1,0.06452605809384304,0.0,1.064526058093843
MUSZ01,BDSZ01,2,0.13362909571693343,0.0,2.1336290957169335
MUSZ01,BDSZ02,2,0.20881466048323188,0.0,2.208814660483232
MUSZ01,BDSZ04,2,0.306192159712028,0.0,2.306192159712028
MUSZ01,BDSZ05,1,0.15522852935043388,0.0,1.1552285293504339
MUSZ01,BDSZ06,1,0.2920316707285223,0.0,1.2920316707285222
MUSZ01,BKSZ07,2,0.17404082839306895,0.0,2.174040828393069
MUSZ01,BKSZ09,1,0.13555264476545945,0.0,1.1355526447654594
MUSZ01,BMSZ01,3,0.34730733248073997,0.0,3.34730733248074
MUSZ01,BMSZ02,1,0.07377940306486581,0.0,1.0737794030648657
MUSZ01,BMSZ03,1,0.1569334968331272,0.08599351338234701,1.2429270102154744
MUSZ01,BMSZ04,1,0.13718926380513763,0.3357077116524487,1.4728969754575862
MUSZ01,BMSZ06,1,0.08598359826904181,2.517714970716627,3.603698568985669
MUSZ01,BMSZ09,2,0.16524035105920362,0.31131664510038526,2.476556996159589
MUSZ01,BMSZ16,1,0.02916446263896033,0.05021844235310079,1.079382904992061
MUSZ01,BMSZ17,1,0.06780269062466888,0.0,1.067802690624669
MUSZ01,BPSZ03,2,0.08761136071289133,0.0,2.0876113607128914
MUSZ01,BPSZ04,3,0.08751016695897347,0.0,3.0875101669589733
MUSZ01,BPSZ05,1,0.10097078480726909,0.0,1.1009707848072692
MUSZ01,BSSZ02,1,0.1301086686755995,0.0,1.1301086686755994
MUSZ01,BSSZ03,1,0.1695512368318168,0.0,1.1695512368318168
MUSZ01,BTSZ04,1,0.17519945051945102,0.0,1.175199450519451
MUSZ01,CHSZ03,1,0.29153035487082923,0.0,1.2915303548708292
MUSZ01,CKSZ03,1,0.15403573027308443,0.0,1.1540357302730844
MUSZ01,CLSZ03,1,0.15234766351177384,0.0,1.1523476635117738
MUSZ01,CLSZ04,2,0.17447758376759276,0.0,2.174477583767593
MUSZ01,DTSZ01,4,0.38721156717188326,0.8179166553287471,5.205128222500631
MUSZ01,DTSZ05,4,0.3653561926676486,2.8992666549354724,7.264622847603121
MUSZ01,DTSZ09,1,0.0766218531131903,0.10187829213006762,1.178500145243258
MUSZ01,GLSZ02,1,0.11967242199379854,0.0,1.1196724219937986
MUSZ01,GLSZ04,3,0.32833123832509575,0.0,3.3283312383250956
MUSZ01,HGSZ01,3,0.06342239779688187,0.0,3.0634223977968817
MUSZ01,HGSZ02,1,0.07526515245967909,0.0,1.075265152459679
MUSZ01,HGSZ04,1,0.0809161434976632,0.0,1.0809161434976633
MUSZ01,HGSZ06,4,0.3083439842086768,0.0,4.308343984208677
MUSZ01,HGSZ07,1,0.16155104485269725,0.0,1.1615510448526973
MUSZ01,JWSZ04,2,0.3290649077179295,0.0,2.3290649077179295
MUSZ01,JWSZ08,1,0.16784132286484627,0.0,1.1678413228648463
MUSZ01,JWSZ09,1,0.2137476205994604,0.0,1.2137476205994604
MUSZ01,KLSZ01,3,0.201767841129816,0.47211155358677614,3.673879394716592
MUSZ01,KLSZ06,2,0.3409259770604383,0.17152899181725836,2.5124549688776967
MUSZ01,KLSZ07,2,0.24763692285128044,0.4486542606789683,2.6962911835302483
MUSZ01,MDSZ03,1,0.0,0.0,1.0
MUSZ01,MPSZ01,1,0.06032833524092904,0.0,1.060328335240929
MUSZ01,MPSZ03,2,0.22333452851779503,0.0,2.2233345285177952
MUSZ01,MUSZ03,1,0.3269736432455069,0.336342159677076,1.6633158029225827
MUSZ01,NVSZ02,1,0.3400594099394767,0.31771921319006524,1.657778623129542
MUSZ01,ORSZ02,2,0.31794113424298387,0.7799294515787712,3.0978705858217555
MUSZ01,ORSZ03,1,0.08184575871959576,0.850578065021379,1.9324238237409748
MUSZ01,OTSZ03,3,0.19394680040244935,1.8498357137386134,5.043782514141062
MUSZ01,OTSZ04,1,0.03969692003313493,0.1165927246984087,1.1562896447315436
MUSZ01,PGSZ01,1,0.10400338955854607,0.0,1.1040033895585462
MUSZ01,PGSZ02,2,0.13295874399325788,0.0,2.132958743993258
MUSZ01,PGSZ03,5,0.07955461482302081,0.0,5.079554614823021
MUSZ01,PGSZ04,4,0.07764113731089092,0.0,4.0776411373108905
MUSZ01,PGSZ05,1,0.12638979723074256,0.0,1.1263897972307426
MUSZ01,PNSZ02,1,0.0,0.0,1.0
MUSZ01,PRSZ04,1,0.06607668445537429,0.0,1.0660766844553744
MUSZ01,PRSZ05,4,0.2845933826401155,0.0,4.284593382640115
MUSZ01,QTSZ05,3,0.1642721589038746,0.0,3.1642721589038745
MUSZ01,QTSZ10,1,0.12448305755868548,0.0,1.1244830575586855
MUSZ01,RCSZ01,3,0.1508704275067087,0.46612634414483245,3.616996771651541
MUSZ01,RCSZ02,1,0.030555685461662156,0.22911979997887505,1.2596754854405372
MUSZ01,RCSZ09,1,0.03100015952764725,0.10527131621352097,1.1362714757411683
MUSZ01,SBSZ01,1,0.12726375939611356,0.0,1.1272637593961137
MUSZ01,SBSZ03,3,0.14960751688597212,0.0,3.1496075168859723
MUSZ01,SBSZ04,1,0.1301079354483923,0.0,1.1301079354483923
MUSZ01,SESZ02,3,0.27020601986129744,0.0,3.2702060198612974
MUSZ01,SESZ03,4,0.37935271139262583,0.0,4.379352711392626
MUSZ01,SESZ04,1,0.18205171381292606,0.0,1.182051713812926
MUSZ01,SESZ05,1,0.10699862417655333,0.0,1.1069986241765533
MUSZ01,SESZ06,1,0.199395279822494,0.0,1.199395279822494
MUSZ01,SGSZ04,2,0.24622214205814374,0.0,2.246222142058144
MUSZ01,SGSZ06,1,0.17205147586679337,0.0,1.1720514758667933
MUSZ01,SRSZ01,4,0.044171782446889137,0.7362497711361656,4.7804215535830545
MUSZ01,SRSZ03,1,0.06737651746737446,0.0,1.0673765174673744
MUSZ01,TMSZ01,2,0.40056435556288783,0.0,2.4005643555628877
MUSZ01,TMSZ03,1,0.22320855705978968,0.0,1.2232085570597897
MUSZ01,TMSZ04,1,0.107561357996334,0.0,1.107561357996334
MUSZ01,TNSZ01,1,0.19243308799992462,0.0,1.1924330879999245
MUSZ01,TPSZ02,2,0.19925825537565606,0.0,2.199258255375656
MUSZ01,TPSZ03,2,0.10710865372305546,0.0,2.1071086537230554
MUSZ01,TPSZ04,1,0.08949055035690841,0.0,1.0894905503569083
MUSZ01,TPSZ06,2,0.10524048448758917,0.0,2.1052404844875894
MUSZ01,TPSZ09,1,0.09807598613213524,0.0,1.0980759861321352
MUSZ01,TPSZ12,1,0.0584958271201969,0.0,1.058495827120197
MUSZ01,WDSZ04,2,0.2052152139901015,0.0,2.2052152139901016
MUSZ01,WDSZ05,1,0.11271806938191395,0.0,1.1127180693819139
MUSZ01,WDSZ06,1,0.15504901347026925,0.0,1.1550490134702693
MUSZ01,YSSZ06,1,0.04436791554877447,0.0,1.0443679155487744
MUSZ01,YSSZ08,1,0.028525853397482807,0.0,1.0285258533974828
MUSZ01,YSSZ09,1,0.15775768929214393,0.0,1.157757689292144
MUSZ02,AMSZ05,1,0.0,0.0,1.0
MUSZ02,BPSZ01,1,0.0,0.0,1.0
MUSZ02,GLSZ05,1,0.0,0.0,1.0
MUSZ02,KLSZ01,1,0.0,0.0,1.0
MUSZ02,KLSZ03,1,0.0,0.0,1.0
MUSZ02,PGSZ01,1,0.0,0.0,1.0
MUSZ02,RCSZ01,1,0.0,0.0,1.0
MUSZ02,SBSZ04,1,0.0,0.0,1.0
MUSZ02,SESZ02,1,0.0,0.0,1.0
MUSZ02,TMSZ03,1,0.0,0.0,1.0
MUSZ02,TMSZ04,1,0.0,0.0,1.0
MUSZ03,AMSZ03,1,0.024593784276533207,0.0,1.0245937842765331
MUSZ03,AMSZ05,1,0.07006103457253614,0.0,1.070061034572536
MUSZ03,BDSZ01,2,0.08172819831030452,0.0,2.0817281983103046
MUSZ03,BDSZ02,4,0.08351430534363002,0.0,4.0835143053436305
MUSZ03,BDSZ04,3,0.18127618669139506,0.0,3.1812761866913952
MUSZ03,BDSZ05,3,0.12635830383324476,0.0,3.1263583038332445
MUSZ03,BDSZ06,1,0.16413999343688404,0.0,1.1641399934368841
MUSZ03,BMSZ06,1,0.05010587363500727,0.0,1.0501058736350073
MUSZ03,BMSZ09,1,0.025789193265289872,0.1768353197127596,1.2026245129780495
MUSZ03,BMSZ10,2,0.09281662882659189,0.0,2.0928166288265917
MUSZ03,BPSZ01,1,0.02298146741248324,0.0,1.0229814674124833
MUSZ03,BPSZ03,1,0.026369574089186963,0.0,1.026369574089187
MUSZ03,BPSZ05,1,0.059690532584280885,0.0,1.059690532584281
MUSZ03,BTSZ04,1,0.11330528633098155,0.0,1.1133052863309816
MUSZ03,CKSZ03,1,0.08146119180074583,0.0,1.0814611918007457
MUSZ03,CKSZ06,2,0.06323353293877254,0.0,2.0632335329387725
MUSZ03,CLSZ02,1,0.045821184846422065,0.0,1.045821184846422
MUSZ03,CLSZ04,2,0.11592692132341899,0.0,2.115926921323419
MUSZ03,CLSZ08,1,0.10993295147696205,0.0,1.109932951476962
MUSZ03,DTSZ03,1,0.0690415644755436,0.3687049239900035,1.437746488465547
MUSZ03,DTSZ12,1,0.0361297901463798,0.07501475718127441,1.1111445473276542
MUSZ03,GLSZ01,1,0.04806213563029033,0.0,1.0480621356302904
MUSZ03,GLSZ02,1,0.049400304754478465,0.0,1.0494003047544784
MUSZ03,GLSZ03,1,0.059703116681315165,0.0,1.0597031166813151
MUSZ03,HGSZ02,3,0.0653011180626125,0.0,3.0653011180626124
MUSZ03,HGSZ04,2,0.04711482784624251,0.0,2.0471148278462423
MUSZ03,JESZ01,2,0.03643800415678156,0.0,2.0364380041567816
MUSZ03,JESZ02,1,0.01632811765873704,0.0,1.016328117658737
MUSZ03,JWSZ02,1,0.04576780644926565,0.0,1.0457678064492657
MUSZ03,JWSZ04,2,0.194788961729882,0.0,2.194788961729882
MUSZ03,JWSZ08,1,0.06739821212389539,0.0,1.0673982121238954
MUSZ03,KLSZ01,1,0.12313321668747454,0.2142630291627073,1.3373962458501818
MUSZ03,KLSZ03,1,0.022505015280338724,0.16703549700598447,1.1895405122863232
MUSZ03,KLSZ06,2,0.20547701613277752,0.37342024580730343,2.5788972619400807
MUSZ03,MUSZ01,1,0.11497978290711415,1.013946290983707,2.1289260738908213
MUSZ03,NVSZ02,1,0.08611813110629499,0.3241299978009011,1.4102481289071962
MUSZ03,ORSZ03,1,0.04730910458025281,1.077931662074427,2.12524076665468
MUSZ03,PGSZ02,1,0.035382638612709835,0.0,1.0353826386127098
MUSZ03,PGSZ03,1,0.04105612021989781,0.0,1.0410561202198978
MUSZ03,PGSZ04,1,0.06649974163442998,0.0,1.06649974163443
MUSZ03,PRSZ02,3,0.0602207177198213,0.0,3.0602207177198215
MUSZ03,PRSZ03,1,0.11421852325354825,0.0,1.1142185232535482
MUSZ03,PRSZ08,2,0.06330756028332196,0.0,2.063307560283322
MUSZ03,QTSZ01,2,0.04129802881882071,0.0,2.0412980288188205
MUSZ03,QTSZ05,2,0.11043461935819053,0.0,2.1104346193581907
MUSZ03,QTSZ06,1,0.04925464553943761,0.0,1.0492546455394376
MUSZ03,QTSZ10,1,0.05305738746095893,0.0,1.053057387460959
MUSZ03,QTSZ11,1,0.04591161188943251,0.0,1.0459116118894325
MUSZ03,SBSZ05,1,0.003619079480845426,0.0,1.0036190794808455
MUSZ03,SESZ02,1,0.06384325193948921,0.0,1.0638432519394891
MUSZ03,SESZ05,1,0.058863579265747354,0.0,1.0588635792657473
MUSZ03,SGSZ03,1,0.049282619043903395,0.0,1.0492826190439033
MUSZ03,SGSZ04,1,0.11556413346968673,0.0,1.1155641334696866
MUSZ03,SGSZ07,1,0.07905107187878226,0.0,1.0790510718787822
MUSZ03,SISZ01,1,0.04433687955388737,0.0,1.0443368795538874
MUSZ03,TMSZ02,3,0.1446911596693059,0.0,3.144691159669306
MUSZ03,TMSZ03,4,0.3213694253121999,0.0,4.3213694253122
MUSZ03,TNSZ02,1,0.03545727783535325,0.20873868357458553,1.2441959614099387
MUSZ03,TPSZ03,1,0.028767895316282398,0.0,1.0287678953162824
MUSZ03,TPSZ06,1,0.048439809526944884,0.0,1.048439809526945
MUSZ03,TPSZ11,2,0.09563165239527864,0.0,2.0956316523952787
MUSZ03,WDSZ03,5,0.24462725935872465,0.0,5.244627259358724
MUSZ03,YSSZ03,2,0.11171093975856537,0.0,2.111710939758565
NTSZ01,HGSZ05,1,0.0,0.0,1.0
NTSZ02,BTSZ06,1,0.09464225246407874,0.0,1.0946422524640786
NTSZ02,DTSZ05,1,0.12820138122855007,0.0,1.12820138122855
NTSZ02,DTSZ08,1,0.32776016491801274,0.0,1.3277601649180126
NTSZ02,RCSZ10,1,0.2945465722133589,0.0,1.294546572213359
NTSZ02,SRSZ02,1,0.15484962917601472,0.0,1.1548496291760146
NTSZ03,AMSZ01,1,0.1382076816158677,0.0,1.1382076816158677
NTSZ03,AMSZ02,2,0.1273354130352377,0.0,2.1273354130352375
NTSZ03,AMSZ04,1,0.043487160150401674,0.0,1.0434871601504017
NTSZ03,AMSZ05,1,0.129174542755709,0.0,1.129174542755709
NTSZ03,AMSZ09,1,0.060691446045073545,0.0,1.0606914460450736
NTSZ03,AMSZ10,1,0.08399214419432047,0.0,1.0839921441943206
NTSZ03,BDSZ02,1,0.132408038526011,0.0,1.132408038526011
NTSZ03,BDSZ05,1,0.15666445308957336,0.0,1.1566644530895733
NTSZ03,BKSZ02,1,0.08928099065340946,0.0,1.0892809906534096
NTSZ03,BKSZ05,1,0.13401940192141087,0.0,1.134019401921411
NTSZ03,BKSZ07,1,0.09483448392331617,0.0,1.0948344839233162
NTSZ03,BMSZ06,1,0.08671248991926758,0.0,1.0867124899192675
NTSZ03,BMSZ10,1,0.07461516861540092,0.0,1.0746151686154009
NTSZ03,BPSZ01,1,0.04461429706080927,0.0,1.0446142970608092
NTSZ03,BPSZ02,2,0.05904905713279975,0.0,2.0590490571327997
NTSZ03,BPSZ05,1,0.1100088151072041,0.0,1.110008815107204
NTSZ03,BPSZ07,1,0.019873501906186447,0.0,1.0198735019061864
NTSZ03,BSSZ03,1,0.13616280634687078,0.0,1.1361628063468707
NTSZ03,BTSZ03,1,0.05405884338434146,0.0,1.0540588433843414
NTSZ03,BTSZ07,1,0.0918076224239975,0.0,1.0918076224239974
NTSZ03,CKSZ01,1,0.1776655126242268,0.0,1.1776655126242268
NTSZ03,CKSZ02,1,0.1067414223528,0.0,1.1067414223528
NTSZ03,CKSZ06,1,0.11244649478227284,0.0,1.1124464947822728
NTSZ03,CLSZ03,1,0.18701657791359053,0.0,1.1870165779135906
NTSZ03,DTSZ08,1,0.09560997486926759,0.0,1.0956099748692676
NTSZ03,DTSZ09,1,0.05553002272472381,0.0,1.0555300227247237
NTSZ03,GLSZ04,1,0.20885852687178466,0.0,1.2088585268717846
NTSZ03,HGSZ02,2,0.1585367640341643,0.0,2.158536764034164
NTSZ03,JWSZ04,1,0.17194738348526334,0.0,1.1719473834852634
NTSZ03,MUSZ03,1,0.004062515930477521,0.2088902875264271,1.2129528034569046
NTSZ03,NVSZ02,2,0.2999940954308431,0.5269071037961592,2.8269011992270023
NTSZ03,ORSZ02,9,0.8501179046249211,1.30195071935082,11.152068623975742
NTSZ03,ORSZ03,2,0.16343273632599908,0.5044021897843897,2.667834926110389
NTSZ03,PGSZ05,3,0.15470018706092575,0.0,3.154700187060926
NTSZ03,PRSZ02,1,0.14243943704162232,0.0,1.1424394370416224
NTSZ03,PRSZ03,5,0.43424601655464645,0.0,5.4342460165546465
NTSZ03,PRSZ05,1,0.15207818374266782,0.0,1.152078183742668
NTSZ03,QTSZ06,1,0.1126738106926196,0.0,1.1126738106926195
NTSZ03,RCSZ01,2,0.07987022164932854,0.13546779023264613,2.2153380118819745
NTSZ03,RCSZ10,1,0.05511701039135996,0.07137620999424486,1.1264932203856046
NTSZ03,SBSZ01,1,0.10262451143756272,0.0,1.1026245114375628
NTSZ03,SESZ02,2,0.19825888802754157,0.0,2.1982588880275418
NTSZ03,SESZ03,2,0.25645154024102884,0.0,2.256451540241029
NTSZ03,SESZ04,1,0.1930383528322714,0.0,1.1930383528322714
NTSZ03,SESZ05,2,0.09392630621977631,0.0,2.0939263062197764
NTSZ03,SESZ06,1,0.18232258853675873,0.0,1.1823225885367588
NTSZ03,SGSZ04,1,0.26691967714412446,0.0,1.2669196771441245
NTSZ03,SGSZ07,2,0.5146007133483635,0.0,2.5146007133483637
NTSZ03,SRSZ03,1,0.10233947021673784,0.002105358880877295,1.104444829097615
NTSZ03,TMSZ01,1,0.2215255942794527,0.0,1.2215255942794527
NTSZ03,TMSZ02,3,0.26370436451813556,0.0,3.2637043645181354
NTSZ03,TNSZ02,1,0.03666254915817811,0.0681815207587115,1.1048440699168895
NTSZ03,TPSZ02,1,0.1882156693613828,0.1807339138762166,1.3689495832375993
NTSZ03,TPSZ09,1,0.06289052344397952,0.0,1.0628905234439796
NTSZ03,TPSZ12,1,0.047639502646028044,0.0,1.0476395026460281
NTSZ03,WDSZ02,1,0.08498265779984605,0.0,1.084982657799846
NTSZ03,WDSZ03,2,0.24773050522546827,0.0,2.2477305052254684
NTSZ03,YSSZ03,2,0.17525509883280296,0.0,2.1752550988328028
NTSZ03,YSSZ09,2,0.17082832982007748,0.0,2.1708283298200777
NTSZ05,BMSZ06,1,0.0,0.0,1.0
NTSZ05,BPSZ03,1,0.0,0.0,1.0
NTSZ05,BPSZ04,1,0.0,0.0,1.0
NTSZ05,DTSZ11,1,0.0,0.0,1.0
NTSZ05,GLSZ04,2,0.0,0.0,2.0
NTSZ05,JWSZ09,1,0.0,0.0,1.0
NTSZ05,NVSZ01,1,0.0,0.0,1.0
NTSZ05,ORSZ02,1,0.0,0.0,1.0
NTSZ05,PGSZ04,1,0.0,0.0,1.0
NTSZ05,PGSZ05,1,0.0,0.0,1.0
NTSZ05,YSSZ03,1,0.0,0.0,1.0
NVSZ01,AMSZ01,1,1.2170606986679358,0.0,2.217060698667936
NVSZ01,AMSZ03,1,0.7842937872306432,0.0,1.7842937872306432
NVSZ01,AMSZ10,1,0.5384062569096573,0.0,1.5384062569096573
NVSZ01,BDSZ04,1,0.9053231740915669,0.0,1.905323174091567
NVSZ01,BDSZ05,1,0.9822190801486824,0.0,1.9822190801486825
NVSZ01,BDSZ06,1,1.4440193350108854,0.0,2.4440193350108856
NVSZ01,BKSZ03,1,0.8053610888063647,0.0,1.8053610888063647
NVSZ01,BKSZ04,1,0.40682866665825085,0.0,1.4068286666582508
NVSZ01,BMSZ05,1,0.9084281630726532,0.0,1.9084281630726532
NVSZ01,BMSZ07,1,1.3386453428173604,0.0,2.3386453428173604
NVSZ01,BMSZ15,1,0.44063165034091534,0.0,1.4406316503409153
NVSZ01,BMSZ16,1,0.13259748553559128,0.0,1.1325974855355914
NVSZ01,BMSZ17,1,0.37831533263222966,0.0,1.3783153326322297
NVSZ01,BPSZ04,1,0.6414619232938091,0.0,1.641461923293809
NVSZ01,BSSZ01,6,3.251404445405408,0.0,9.251404445405408
NVSZ01,BTSZ01,1,0.8512288534491966,0.0,1.8512288534491965
NVSZ01,CLSZ04,1,0.5363759741438925,0.0,1.5363759741438925
NVSZ01,DTSZ01,2,0.8205533608234191,0.1027225870405676,2.9232759478639867
NVSZ01,DTSZ02,1,0.8906823792619876,0.0,1.8906823792619876
NVSZ01,DTSZ03,1,0.9800870111554321,0.0,1.980087011155432
NVSZ01,DTSZ05,4,2.748019232419091,0.0,6.748019232419091
NVSZ01,DTSZ06,1,0.11319991257449202,0.0,1.113199912574492
NVSZ01,DTSZ08,2,0.7687414092476331,0.0,2.768741409247633
NVSZ01,DTSZ09,1,0.2178811861596768,0.0,1.2178811861596768
NVSZ01,DTSZ11,4,1.0276187307851037,0.0,5.027618730785104
NVSZ01,GLSZ02,1,0.6536457896528949,0.0,1.6536457896528949
NVSZ01,GLSZ03,1,1.1323332750680313,0.0,2.1323332750680315
NVSZ01,GLSZ04,1,1.3492544020155712,0.0,2.3492544020155712
NVSZ01,GLSZ05,1,1.5499064023211457,0.0,2.5499064023211457
NVSZ01,HGSZ05,1,1.1186710983169084,0.0,2.1186710983169084
NVSZ01,HGSZ06,2,1.6380182399689343,0.0,3.6380182399689343
NVSZ01,HGSZ07,1,0.7028179583775082,0.0,1.702817958377508
NVSZ01,HGSZ08,1,0.8433440231015183,0.0,1.8433440231015183
NVSZ01,KLSZ01,5,1.9283923434064236,1.7541803807152638,8.682572724121687
NVSZ01,KLSZ03,2,0.5769345657520519,0.08173176547213855,2.6586663312241905
NVSZ01,KLSZ05,2,0.6976101230446002,0.0,2.6976101230446003
NVSZ01,KLSZ06,6,2.01667170996936,0.6996176761038047,8.716289386073164
NVSZ01,KLSZ07,4,2.2666281779764432,0.8561199280237499,7.122748106000193
NVSZ01,KLSZ08,3,1.1374486619465294,0.39792917172541864,4.535377833671948
NVSZ01,KLSZ09,1,0.2854150921353844,0.052982662966124965,1.3383977551015094
NVSZ01,MUSZ01,1,0.42511174453839323,0.09049839532996318,1.5156101398683564
NVSZ01,NTSZ03,2,0.3439742374835674,0.5356363397741313,2.8796105772576985
NVSZ01,NVSZ01,14,11.766197554053765,31.819292327121136,57.5854898811749
NVSZ01,NVSZ02,6,3.2097497031796083,2.7135304893756556,11.923280192555263
NVSZ01,ORSZ02,5,1.140839362151188,0.008824626772635718,6.149663988923823
NVSZ01,ORSZ03,4,0.9173198923545438,0.14989577674126808,5.067215669095813
NVSZ01,OTSZ03,2,1.4628706255824138,0.0,3.462870625582414
NVSZ01,OTSZ04,1,0.25603984200208013,0.0,1.2560398420020802
NVSZ01,PGSZ02,1,0.6638232620162253,0.0,1.6638232620162254
NVSZ01,PGSZ03,1,0.6944685230279581,0.0,1.6944685230279581
NVSZ01,PGSZ04,1,1.1878132829806947,0.0,2.1878132829806947
NVSZ01,PRSZ03,1,0.7013523930319385,0.0,1.7013523930319385
NVSZ01,QTSZ08,1,0.9212725838577496,0.0,1.9212725838577496
NVSZ01,QTSZ11,1,0.8172100252624267,0.0,1.8172100252624266
NVSZ01,QTSZ13,2,0.6994662229749634,0.0,2.6994662229749635
NVSZ01,QTSZ14,2,0.9021277749977031,0.0,2.902127774997703
NVSZ01,RCSZ01,1,0.5865823160897846,0.02374912422253265,1.6103314403123172
NVSZ01,RCSZ05,1,0.22355758581052015,0.35622653867746723,1.5797841244879873
NVSZ01,RCSZ06,1,0.0,0.0,1.0
NVSZ01,RCSZ09,5,0.8188982997507578,0.21666554311389052,6.035563842864648
NVSZ01,RCSZ10,1,0.6177490166095213,0.0,1.6177490166095212
NVSZ01,SBSZ03,1,0.6890346000866161,0.0,1.689034600086616
NVSZ01,SBSZ04,1,0.6917839053836456,0.0,1.6917839053836456
NVSZ01,SESZ02,1,1.0074918999514169,0.0,2.007491899951417
NVSZ01,SESZ03,3,1.260453100834642,0.0,4.260453100834642
NVSZ01,SESZ05,2,0.8497974722043162,0.0,2.8497974722043162
NVSZ01,SESZ06,2,2.0507065867622685,0.0,4.050706586762269
NVSZ01,SGSZ03,1,0.9723475723017749,0.0,1.972347572301775
NVSZ01,SGSZ06,2,1.093754773254949,0.0,3.093754773254949
NVSZ01,SRSZ03,1,0.5363872668543608,0.0,1.5363872668543608
NVSZ01,TMSZ03,1,1.1896552640048859,0.0,2.1896552640048856
NVSZ01,TMSZ04,2,1.1377320456059334,0.0,3.1377320456059334
NVSZ01,TMSZ05,2,0.956591639654576,0.0,2.956591639654576
NVSZ01,TPSZ01,1,1.2340783238166755,0.16904651088646536,2.403124834703141
NVSZ01,TPSZ02,3,3.102530320916488,3.3891077754396055,9.491638096356093
NVSZ01,TPSZ03,2,1.173730548504244,0.3080475436567737,3.4817780921610173
NVSZ01,TPSZ06,6,1.8784985586217418,1.7156995681741958,9.594198126795938
NVSZ01,TPSZ07,1,0.6583153457694811,0.452165981468663,2.110481327238144
NVSZ01,TPSZ09,1,0.8048148784702805,0.10655211244955422,1.9113669909198348
NVSZ01,WCSZ01,2,0.6715439771912682,0.0,2.671543977191268
NVSZ01,WDSZ02,1,0.7426618316036188,0.0,1.7426618316036189
NVSZ01,WDSZ03,2,0.8719270593265601,0.0,2.87192705932656
NVSZ01,WDSZ07,1,0.11049302333662672,0.0,1.1104930233366268
NVSZ01,YSSZ01,1,0.8733741502300276,0.0,1.8733741502300276
NVSZ01,YSSZ02,1,0.46158973887566557,0.0,1.4615897388756656
NVSZ01,YSSZ03,1,0.8889564213565143,0.0,1.8889564213565144
NVSZ01,YSSZ04,1,0.7606488755037575,0.0,1.7606488755037575
NVSZ01,YSSZ05,1,0.34756535647890135,0.0,1.3475653564789014
NVSZ01,YSSZ09,2,0.600634871658301,0.0,2.600634871658301
NVSZ02,AMSZ01,5,1.0819845043372969,0.0,6.081984504337297
NVSZ02,AMSZ02,1,0.5263454837930881,0.0,1.526345483793088
NVSZ02,AMSZ03,3,0.41533638832596803,0.0,3.415336388325968
NVSZ02,AMSZ04,3,0.22937466778538157,0.0,3.2293746677853816
NVSZ02,AMSZ05,1,0.38542093718763937,0.0,1.3854209371876394
NVSZ02,AMSZ06,2,0.5383761074120759,0.0,2.538376107412076
NVSZ02,AMSZ09,3,0.5164170723933532,0.0,3.516417072393353
NVSZ02,AMSZ10,1,0.2693955197461932,0.0,1.2693955197461932
NVSZ02,BDSZ02,1,0.7426688141415464,0.0,1.7426688141415463
NVSZ02,BDSZ03,1,0.7429873578858507,0.0,1.7429873578858506
NVSZ02,BDSZ04,3,1.0320068068220178,0.0,4.032006806822018
NVSZ02,BDSZ06,3,2.441398204940588,0.0,5.4413982049405885
NVSZ02,BKSZ05,1,0.7153491568020811,0.0,1.715349156802081
NVSZ02,BKSZ07,1,0.6479980004928751,0.0,1.6479980004928751
NVSZ02,BKSZ08,2,0.1389287257321878,0.0,2.1389287257321876
NVSZ02,BMSZ04,1,0.2699987932150322,0.0,1.269998793215032
NVSZ02,BMSZ06,4,1.7362863605701713,0.0,5.736286360570171
NVSZ02,BMSZ08,3,0.3788171952468407,0.0,3.3788171952468407
NVSZ02,BMSZ09,1,0.22130788107189053,0.020252795991187827,1.2415606770630783
NVSZ02,BMSZ11,1,0.25273217809396037,0.0,1.2527321780939604
NVSZ02,BMSZ14,2,0.29868302189072427,0.0,2.2986830218907244
NVSZ02,BPSZ01,1,0.160776600012312,0.0,1.160776600012312
NVSZ02,BPSZ02,1,0.12465959338506591,0.0,1.1246595933850658
NVSZ02,BPSZ03,1,0.3619558010075406,0.0,1.3619558010075405
NVSZ02,BPSZ04,1,0.35220552835511865,0.0,1.3522055283551186
NVSZ02,BPSZ05,3,0.4674353417059244,0.0,3.4674353417059245
NVSZ02,BSSZ01,6,2.0023086683211364,0.0,8.002308668321136
NVSZ02,BSSZ02,5,1.7334781938632413,0.0,6.733478193863242
NVSZ02,BSSZ03,9,1.1636662688093717,0.0,10.163666268809372
NVSZ02,BTSZ01,5,1.1718766678747605,0.0,6.171876667874761
NVSZ02,BTSZ03,2,0.38891259103038545,0.0,2.3889125910303854
NVSZ02,BTSZ06,1,0.18874795311850306,0.0,1.188747953118503
NVSZ02,CKSZ01,1,0.34868997914378996,0.0,1.3486899791437899
NVSZ02,CKSZ02,1,0.6774442203539865,0.0,1.6774442203539865
NVSZ02,CKSZ03,2,0.8000424733912135,0.0,2.8000424733912137
NVSZ02,CKSZ05,2,0.24876149098662542,0.0,2.2487614909866256
NVSZ02,CKSZ06,3,0.26865978075892166,0.0,3.2686597807589215
NVSZ02,CLSZ03,2,0.5282706600379845,0.0,2.5282706600379843
NVSZ02,CLSZ04,4,1.6136347434520584,0.0,5.613634743452058
NVSZ02,DTSZ01,2,0.7172144966801595,0.8297733122735819,3.5469878089537414
NVSZ02,DTSZ02,2,0.8691184994732459,2.0450398690142135,4.91415836848746
NVSZ02,DTSZ03,2,1.0393298879960033,0.6405988087765355,3.6799286967725386
NVSZ02,DTSZ05,1,0.4891201662523791,0.0,1.4891201662523792
NVSZ02,DTSZ08,1,0.4849921927219039,0.0,1.4849921927219039
NVSZ02,DTSZ09,1,0.19692617321056752,0.0,1.1969261732105676
NVSZ02,DTSZ12,1,0.3537764593143403,0.0,1.3537764593143402
NVSZ02,GLSZ02,1,0.4357181601376497,0.0,1.4357181601376496
NVSZ02,GLSZ03,2,0.7871889063102485,0.0,2.7871889063102486
NVSZ02,GLSZ04,5,2.3546407664012787,0.0,7.354640766401278
NVSZ02,GLSZ05,2,1.1579359864930676,0.0,3.157935986493068
NVSZ02,HGSZ01,1,0.42359649569827096,0.0,1.423596495698271
NVSZ02,HGSZ02,3,1.0710104335487298,0.0,4.07101043354873
NVSZ02,HGSZ03,2,0.7211231160898243,0.0,2.7211231160898244
NVSZ02,HGSZ04,2,1.039056004724092,0.0,3.0390560047240918
NVSZ02,HGSZ05,2,1.431005526255109,0.0,3.4310055262551087
NVSZ02,HGSZ06,2,1.3740174719085483,0.0,3.374017471908548
NVSZ02,HGSZ07,1,0.5337152097971418,0.0,1.5337152097971418
NVSZ02,HGSZ08,1,0.6194200488160825,0.0,1.6194200488160826
NVSZ02,JESZ03,2,0.8533874808713424,0.0,2.8533874808713424
NVSZ02,JESZ05,1,0.6387111025056947,0.0,1.6387111025056948
NVSZ02,JWSZ03,2,0.5114880995514928,0.0,2.5114880995514928
NVSZ02,JWSZ04,1,0.675055972741773,0.0,1.6750559727417729
NVSZ02,JWSZ08,2,1.3353698100845568,0.0,3.335369810084557
NVSZ02,KLSZ01,1,1.0236536265075413,0.18016670837866816,2.2038203348862093
NVSZ02,KLSZ03,3,0.17523749712414452,0.0846598271491333,3.259897324273278
NVSZ02,KLSZ05,1,0.4047847125689688,0.0,1.4047847125689688
NVSZ02,KLSZ06,5,1.2358907229820286,0.7008726384407352,6.936763361422764
NVSZ02,KLSZ07,3,1.6067966616887075,0.9010651368951093,5.507861798583817
NVSZ02,KLSZ08,2,0.8185072853444718,0.8826656271513571,3.701172912495829
NVSZ02,KLSZ09,1,0.16141848601874703,0.0499198762796119,1.211338362298359
NVSZ02,MPSZ03,1,0.8547361328493367,0.0,1.8547361328493368
NVSZ02,MUSZ01,2,0.20346085457150564,0.8692945634418997,3.0727554180134056
NVSZ02,MUSZ03,2,0.12642798788697132,0.10463151462487107,2.2310595025118425
NVSZ02,NTSZ03,1,0.49154690209680635,0.23569764701311996,1.7272445491099264
NVSZ02,NVSZ01,4,3.119703635182481,1.4174625246764532,8.537166159858934
NVSZ02,NVSZ02,2,2.6103129448106963,58.088306630696856,62.69861957550755
NVSZ02,NVSZ04,1,0.3198036435891226,0.0,1.3198036435891227
NVSZ02,ORSZ02,3,1.2007343344128631,1.5250868140362488,5.725821148449112
NVSZ02,ORSZ03,3,0.5370955800155174,2.4000955106636797,5.937191090679197
NVSZ02,OTSZ03,4,1.183219220966683,0.0,5.1832192209666825
NVSZ02,PGSZ02,2,0.5486408869867655,0.0,2.5486408869867656
NVSZ02,PGSZ04,3,1.1842518016690669,0.0,4.184251801669067
NVSZ02,PGSZ05,3,1.1331008535080134,0.0,4.133100853508013
NVSZ02,PRSZ02,1,0.686656240647824,0.0,1.686656240647824
NVSZ02,PRSZ03,4,1.3331098444391174,0.0,5.333109844439117
NVSZ02,PRSZ08,1,0.23513888795932855,0.0,1.2351388879593286
NVSZ02,QTSZ03,1,0.1693457119531281,0.0,1.169345711953128
NVSZ02,QTSZ05,1,0.47112658195001217,0.0,1.4711265819500121
NVSZ02,QTSZ08,1,0.6716546017765975,0.0,1.6716546017765976
NVSZ02,QTSZ10,2,0.5960281761404993,0.0,2.596028176140499
NVSZ02,RCSZ01,2,0.5361336921196752,0.11469149638668345,2.6508251885063587
NVSZ02,RCSZ09,1,0.2645797366780236,0.03788672822880705,1.3024664649068307
NVSZ02,RCSZ10,1,0.45672709271781453,0.1402136447180227,1.5969407374358373
NVSZ02,SBSZ01,3,0.49718762511007,0.0,3.4971876251100698
NVSZ02,SBSZ02,1,0.09921849902241049,0.0,1.0992184990224105
NVSZ02,SBSZ03,3,0.6761335983723594,0.0,3.6761335983723593
NVSZ02,SESZ02,2,1.2432302226706875,0.0,3.2432302226706877
NVSZ02,SESZ03,7,1.0688392842135377,0.0,8.068839284213539
NVSZ02,SESZ04,5,1.355363445235113,0.0,6.355363445235113
NVSZ02,SESZ05,1,0.3735816448789425,0.0,1.3735816448789424
NVSZ02,SESZ06,2,1.3689031716356566,0.0,3.3689031716356563
NVSZ02,SGSZ06,3,0.5702264851704962,0.0,3.570226485170496
NVSZ02,SGSZ07,1,0.28271037536264304,0.0,1.282710375362643
NVSZ02,TMSZ02,8,1.4835779916360414,0.0,9.483577991636041
NVSZ02,TMSZ03,1,0.9806279421041915,0.0,1.9806279421041915
NVSZ02,TMSZ04,3,0.9642339369415858,0.0,3.9642339369415858
NVSZ02,TNSZ01,3,1.499387367410509,0.0,4.499387367410509
NVSZ02,TNSZ02,1,0.3278676109285631,0.02926866708836223,1.3571362780169254
NVSZ02,TNSZ03,1,0.07183340791374958,0.0,1.0718334079137495
NVSZ02,TPSZ01,3,1.1312974559511448,0.5743593622484301,4.705656818199575
NVSZ02,TPSZ02,9,3.8200341134377305,4.5766326770251675,17.3966667904629
NVSZ02,TPSZ03,3,0.7720310198024544,0.5313127912671793,4.303343811069634
NVSZ02,TPSZ04,1,0.3516800084811228,0.051059713299601184,1.402739721780724
NVSZ02,TPSZ06,5,1.158066379356964,0.871266069813293,7.029332449170258
NVSZ02,TPSZ08,1,0.2975144967048714,0.0,1.2975144967048715
NVSZ02,TPSZ09,2,0.45620330309458124,0.098099519300644,2.5543028223952255
NVSZ02,TPSZ11,2,0.9403095233942294,0.0,2.9403095233942294
NVSZ02,TPSZ12,2,0.6248657045203068,0.0,2.6248657045203068
NVSZ02,WCSZ01,1,0.6283973568459443,0.0,1.6283973568459444
NVSZ02,WDSZ02,4,1.251170425487946,0.0,5.251170425487946
NVSZ02,WDSZ03,5,1.4614337728241715,0.0,6.461433772824171
NVSZ02,WDSZ04,2,0.36599674758356254,0.0,2.3659967475835626
NVSZ02,WDSZ05,3,0.34755226864322225,0.0,3.347552268643222
NVSZ02,YSSZ01,2,0.27938644351076763,0.0,2.279386443510768
NVSZ02,YSSZ02,2,0.454391216048905,0.0,2.454391216048905
NVSZ02,YSSZ03,3,1.111470277964431,0.0,4.111470277964431
NVSZ02,YSSZ04,3,0.5889442277855556,0.0,3.5889442277855554
NVSZ02,YSSZ08,4,0.14071084384625338,0.0,4.140710843846254
NVSZ02,YSSZ09,9,1.299539267872799,0.0,10.299539267872799
NVSZ03,AMSZ01,1,0.1881562578636757,0.0,1.1881562578636757
NVSZ03,AMSZ03,2,0.03478683673241425,0.0,2.0347868367324145
NVSZ03,AMSZ06,1,0.19544274477509105,0.0,1.195442744775091
NVSZ03,BKSZ01,1,0.046210050984424926,0.0,1.046210050984425
NVSZ03,BKSZ03,1,0.07807756518196082,0.0,1.0780775651819607
NVSZ03,BMSZ02,1,0.10128690411322866,0.0,1.1012869041132287
NVSZ03,BMSZ03,1,0.2364582765099231,0.0,1.236458276509923
NVSZ03,BMSZ08,1,0.10573266381787272,0.0,1.1057326638178728
NVSZ03,BSSZ03,1,0.11396718053745176,0.0,1.1139671805374518
NVSZ03,CKSZ01,1,0.1961799086366309,0.0,1.196179908636631
NVSZ03,CKSZ02,1,0.09033899508478388,0.0,1.090338995084784
NVSZ03,CLSZ04,1,0.07640141388580879,0.0,1.076401413885809
NVSZ03,CLSZ06,1,0.08819031961313319,0.0,1.0881903196131333
NVSZ03,HGSZ02,1,0.04931305355384997,0.0,1.04931305355385
NVSZ03,HGSZ06,1,0.1584305236842123,0.0,1.1584305236842123
NVSZ03,JESZ05,1,0.12248750542049688,0.0,1.1224875054204968
NVSZ03,KLSZ01,1,0.15611346244865687,0.0,1.1561134624486569
NVSZ03,KLSZ09,1,0.04009268463740378,0.0,1.0400926846374037
NVSZ03,MDSZ02,1,0.032162483375341035,0.0,1.032162483375341
NVSZ03,MUSZ01,1,0.0419766972522353,0.0,1.0419766972522353
NVSZ03,NVSZ02,1,0.1461827160530435,0.0,1.1461827160530436
NVSZ03,ORSZ02,1,0.15176419804328806,0.0,1.151764198043288
NVSZ03,PRSZ03,1,0.16395421653087963,0.0,1.1639542165308796
NVSZ03,QTSZ02,1,0.0355233355959151,0.0,1.035523335595915
NVSZ03,RCSZ02,1,0.05586137289471974,0.0,1.0558613728947197
NVSZ03,SBSZ01,1,0.08654506694542935,0.0,1.0865450669454293
NVSZ03,SBSZ03,1,0.11368727101105201,0.0,1.113687271011052
NVSZ03,SESZ04,1,0.15139764607363448,0.0,1.1513976460736344
NVSZ03,SGSZ05,1,0.11697994734805475,0.0,1.1169799473480548
NVSZ03,TMSZ02,1,0.1522682209709623,0.0,1.1522682209709623
NVSZ03,TNSZ04,1,0.1923308898911572,0.0,1.1923308898911573
NVSZ03,TPSZ02,1,0.22889472032580535,0.0,1.2288947203258054
NVSZ03,TPSZ03,1,0.11989554027907903,0.0,1.1198955402790791
NVSZ03,WDSZ06,1,0.10916413895699052,0.0,1.1091641389569906
NVSZ03,YSSZ02,1,0.023745190971029676,0.0,1.0237451909710298
NVSZ04,BMSZ08,1,0.18338606139451935,0.0,1.1833860613945193
NVSZ04,BSSZ02,1,0.4029724015891586,0.0,1.4029724015891585
NVSZ04,BTSZ01,1,0.33588413809901974,0.0,1.3358841380990198
NVSZ04,CCSZ01,1,0.08221758655959899,0.0,1.082217586559599
NVSZ04,CKSZ02,1,0.1818112590711376,0.0,1.1818112590711376
NVSZ04,DTSZ05,2,0.18735358843828998,0.0,2.18735358843829
NVSZ04,GLSZ05,1,0.17490752652605915,0.0,1.1749075265260591
NVSZ04,JWSZ08,1,0.2833103881472393,0.0,1.2833103881472394
NVSZ04,NVSZ02,1,0.2256972774696641,0.24746407248990848,1.4731613499595726
NVSZ04,ORSZ03,1,0.08286964404771117,0.1961481228921336,1.2790177669398448
NVSZ04,PRSZ08,1,0.09610185694103741,0.0,1.0961018569410375
NVSZ04,SKSZ01,1,0.05214057824064778,0.0,1.0521405782406479
NVSZ04,TNSZ04,1,0.7113476934752906,1.5563983907759533,3.267746084251244
NVSZ05,AMSZ02,1,0.0,0.0,1.0
NVSZ05,AMSZ05,1,0.0,0.0,1.0
NVSZ05,BDSZ04,1,0.0,0.0,1.0
NVSZ05,BPSZ04,1,0.0,0.0,1.0
NVSZ05,DTSZ05,1,0.0,0.0,1.0
NVSZ05,QTSZ02,1,0.0,0.0,1.0
NVSZ05,TPSZ11,1,0.0,0.0,1.0
NVSZ05,WDSZ09,1,0.0,0.0,1.0
ORSZ01,BDSZ01,1,0.22958208758182203,0.0,1.229582087581822
ORSZ01,BKSZ03,1,0.3321302616510232,0.0,1.3321302616510233
ORSZ01,BSSZ01,1,1.0433030748669312,0.0,2.043303074866931
ORSZ01,BSSZ03,1,0.58385521609693,0.0,1.58385521609693
ORSZ01,KLSZ01,1,0.6144575551964091,0.0,1.614457555196409
ORSZ01,MUSZ01,1,0.14932473120133508,0.0,1.149324731201335
ORSZ01,ORSZ03,1,0.28953028479428733,0.0,1.2895302847942873
ORSZ01,PGSZ04,1,0.3144484245892065,0.0,1.3144484245892065
ORSZ01,QTSZ05,1,0.9210987542121738,0.0,1.9210987542121738
ORSZ01,RCSZ01,1,0.2251155038139287,0.0,1.2251155038139288
ORSZ01,SESZ03,2,0.6714297642402398,0.0,2.67142976424024
ORSZ01,TMSZ02,1,0.7231508697901292,0.0,1.7231508697901292
ORSZ01,TMSZ03,1,0.5792393531453864,0.0,1.5792393531453865
ORSZ01,TMSZ04,1,0.35578763424504195,0.0,1.355787634245042
ORSZ01,TPSZ04,1,0.2885931074244548,0.0,1.2885931074244548
ORSZ01,YSSZ04,1,0.6789533771516616,0.0,1.6789533771516616
ORSZ02,AMSZ01,10,1.7397230798045125,0.0,11.739723079804513
ORSZ02,AMSZ02,2,0.6449355554188371,0.0,2.644935555418837
ORSZ02,AMSZ08,2,0.294762651040017,0.0,2.294762651040017
ORSZ02,AMSZ09,2,0.4502554138758982,0.0,2.4502554138758983
ORSZ02,AMSZ10,1,0.22028885077277585,0.0,1.2202888507727758
ORSZ02,AMSZ12,1,0.1274544510479202,0.0,1.12745445104792
ORSZ02,BDSZ01,2,0.9993434181538067,0.0,2.999343418153807
ORSZ02,BDSZ03,1,0.5694699067742487,0.0,1.5694699067742488
ORSZ02,BDSZ04,4,1.1885321125540087,0.0,5.188532112554009
ORSZ02,BDSZ05,2,0.7925773385071478,0.0,2.7925773385071477
ORSZ02,BDSZ06,1,0.6870837588057095,0.0,1.6870837588057095
ORSZ02,BKSZ05,2,0.9283482200475043,0.0,2.9283482200475044
ORSZ02,BKSZ07,1,0.4247570798894187,0.0,1.4247570798894187
ORSZ02,BKSZ08,1,0.04517998692287758,0.0,1.0451799869228775
ORSZ02,BMSZ01,2,0.6864355657433755,0.0,2.6864355657433756
ORSZ02,BMSZ03,1,0.7176061362376979,0.2823819040452279,1.999988040282926
ORSZ02,BMSZ04,7,0.7665741050596815,1.1882599329191679,8.954834037978848
ORSZ02,BMSZ06,3,0.8693433556848212,0.3998786958528859,4.2692220515377075
ORSZ02,BMSZ07,1,0.7253248018006054,0.07713453524546325,1.8024593370460689
ORSZ02,BMSZ08,3,1.0589537826558901,0.5511422804424352,4.610096063098325
ORSZ02,BMSZ09,1,0.4159105945876981,0.05394813982361515,1.4698587344113132
ORSZ02,BMSZ10,1,0.4602891946200422,0.05670616985156083,1.516995364471603
ORSZ02,BMSZ15,1,0.4011454373404802,0.0,1.4011454373404801
ORSZ02,BMSZ17,1,0.25386042410384374,0.0,1.2538604241038438
ORSZ02,BPSZ02,2,0.255674286330312,0.0,2.255674286330312
ORSZ02,BPSZ03,1,0.31715559886580896,0.0,1.317155598865809
ORSZ02,BPSZ04,9,0.8449402137988836,0.0,9.844940213798884
ORSZ02,BPSZ05,2,0.4453692790226758,0.0,2.445369279022676
ORSZ02,BPSZ06,1,0.1034384466759332,0.0,1.1034384466759333
ORSZ02,BSSZ01,10,3.6174753402040056,0.0,13.617475340204006
ORSZ02,BSSZ03,5,0.7104623214615817,0.0,5.7104623214615815
ORSZ02,BTSZ01,2,0.7340536707795674,0.0,2.7340536707795673
ORSZ02,BTSZ04,1,0.35415712022041096,0.0,1.354157120220411
ORSZ02,BTSZ07,2,0.5963823275339821,0.0,2.5963823275339823
ORSZ02,BTSZ08,2,0.7085516467650178,0.3890573547161578,3.097609001481176
ORSZ02,CKSZ01,1,0.268952870048303,0.0,1.268952870048303
ORSZ02,CKSZ02,1,0.43044000587174935,0.0,1.4304400058717492
ORSZ02,CKSZ03,4,1.4854621965612564,0.0,5.485462196561256
ORSZ02,CKSZ06,4,0.39630739145300214,0.0,4.396307391453002
ORSZ02,CLSZ03,1,0.2573218880467459,0.0,1.2573218880467458
ORSZ02,CLSZ04,2,0.37477609815125856,0.0,2.3747760981512585
ORSZ02,CLSZ07,1,0.24483227630483181,0.0,1.2448322763048318
ORSZ02,DTSZ01,1,0.5349561670984074,0.2543424169331017,1.789298584031509
ORSZ02,DTSZ02,2,0.8153086480910028,1.3396376340232008,4.154946282114204
ORSZ02,DTSZ03,1,0.5457491644631072,0.20409577233425233,1.7498449367973594
ORSZ02,DTSZ05,2,0.5923794553748905,1.5448039578954835,4.137183413270374
ORSZ02,DTSZ08,1,0.402966927620773,0.7825697121354781,2.185536639756251
ORSZ02,DTSZ09,2,0.19988514837484725,0.0,2.199885148374847
ORSZ02,DTSZ10,1,0.014878065356178811,0.0,1.0148780653561789
ORSZ02,GLSZ03,1,0.4046422276602644,0.0,1.4046422276602644
ORSZ02,GLSZ04,4,1.6644721519426595,0.0,5.664472151942659
ORSZ02,GLSZ05,3,0.9932145156656316,0.0,3.9932145156656316
ORSZ02,HGSZ02,2,0.7309948392238236,0.0,2.7309948392238237
ORSZ02,HGSZ04,3,0.7031111887224842,0.0,3.703111188722484
ORSZ02,HGSZ05,2,0.8590287159950519,0.0,2.859028715995052
ORSZ02,HGSZ06,3,1.4523842733654186,0.0,4.452384273365419
ORSZ02,HGSZ07,3,0.6307782600888288,0.0,3.630778260088829
ORSZ02,HGSZ08,1,0.364423249768532,0.0,1.364423249768532
ORSZ02,JESZ01,1,0.21859392338272687,0.0,1.218593923382727
ORSZ02,JESZ02,1,0.18603791908105693,0.0,1.1860379190810568
ORSZ02,JESZ03,1,0.458157362782608,0.0,1.4581573627826079
ORSZ02,JESZ04,1,0.049651927395157586,0.0,1.0496519273951577
ORSZ02,JESZ05,2,0.57968915090636,0.0,2.57968915090636
ORSZ02,JWSZ01,1,0.0457773342049456,0.0,1.0457773342049457
ORSZ02,JWSZ03,1,0.2904042715650673,0.0,1.2904042715650674
ORSZ02,JWSZ08,3,1.2690414324623092,0.0,4.269041432462309
ORSZ02,JWSZ09,4,0.9492867630155458,0.0,4.949286763015546
ORSZ02,KLSZ01,2,1.0533725430235985,0.0,3.0533725430235985
ORSZ02,KLSZ03,5,0.2394969010258948,0.0,5.239496901025895
ORSZ02,KLSZ07,1,0.6469336361206148,0.08187033442563746,1.7288039705462523
ORSZ02,KLSZ08,1,0.5420899058021083,0.0,1.5420899058021083
ORSZ02,MPSZ02,2,0.7464459081262771,0.0,2.746445908126277
ORSZ02,MUSZ01,6,0.34686582613289185,2.082096318867394,8.428962145000286
ORSZ02,NTSZ03,8,0.3066761859916012,1.132756960413715,9.439433146405317
ORSZ02,NVSZ01,2,1.7287067596909684,0.19259444772433965,3.921301207415308
ORSZ02,NVSZ02,5,1.5091945761250525,3.934603110325473,10.443797686450525
ORSZ02,NVSZ03,1,0.22995569021855616,0.0,1.2299556902185562
ORSZ02,NVSZ04,1,0.23283928676603666,0.0,1.2328392867660367
ORSZ02,ORSZ02,4,5.56902574897185,54.700868764119605,64.26989451309146
ORSZ02,ORSZ03,5,0.7394820795811211,3.199091278420948,8.938573358002069
ORSZ02,OTSZ02,1,0.031090503354650287,0.0,1.0310905033546502
ORSZ02,OTSZ03,5,0.8833458415109998,0.0,5.883345841511
ORSZ02,PGSZ02,3,0.4067792820533023,0.0,3.4067792820533023
ORSZ02,PGSZ03,4,0.530556298505751,0.0,4.530556298505751
ORSZ02,PGSZ04,3,0.693448118873179,0.0,3.693448118873179
ORSZ02,PGSZ05,2,0.7214876257566226,0.0,2.7214876257566227
ORSZ02,PRSZ03,5,1.4372158069308325,0.0,6.4372158069308325
ORSZ02,PRSZ05,4,1.17128898833401,0.0,5.17128898833401
ORSZ02,QTSZ05,1,0.7064404576744815,0.0821520143620288,1.7885924720365105
ORSZ02,QTSZ06,2,0.4570807757682421,0.0,2.457080775768242
ORSZ02,QTSZ10,2,0.5831616050453651,0.0,2.583161605045365
ORSZ02,RCSZ01,1,0.3934830829623316,0.020298200725820673,1.4137812836881523
ORSZ02,RCSZ05,2,0.13956008226732897,0.0,2.139560082267329
ORSZ02,RVSZ04,1,0.0,0.0,1.0
ORSZ02,SBSZ01,2,0.4085305961832143,0.0,2.408530596183214
ORSZ02,SBSZ03,1,0.34349146162866734,0.0,1.3434914616286673
ORSZ02,SBSZ04,1,0.29100268058818807,0.0,1.291002680588188
ORSZ02,SBSZ05,2,0.015025836370026333,0.0,2.015025836370026
ORSZ02,SESZ02,2,0.7751712022559037,0.0,2.775171202255904
ORSZ02,SESZ03,5,0.8609948635652716,0.0,5.8609948635652716
ORSZ02,SESZ04,3,1.1413810342115847,0.0,4.141381034211585
ORSZ02,SESZ05,3,0.45052131370706194,0.0,3.450521313707062
ORSZ02,SESZ06,3,1.3646392773856413,0.0,4.364639277385641
ORSZ02,SGSZ01,1,0.3368408480961303,0.0,1.3368408480961302
ORSZ02,SGSZ03,1,0.4276212413292077,0.0,1.4276212413292078
ORSZ02,SGSZ04,2,1.0092546123786406,0.0,3.0092546123786406
ORSZ02,SGSZ05,1,0.30981179886681726,0.0,1.3098117988668172
ORSZ02,SGSZ06,3,0.5947234400415833,0.0,3.5947234400415833
ORSZ02,SGSZ07,2,0.31001509755694123,0.0,2.310015097556941
ORSZ02,SRSZ01,2,0.8104169607907922,0.16756084665309204,2.9779778074438843
ORSZ02,SRSZ02,1,0.24735443721086026,0.0,1.2473544372108603
ORSZ02,TMSZ02,5,1.8476715868403575,0.0,6.847671586840358
ORSZ02,TMSZ03,3,1.2871699865900057,0.0,4.287169986590006
ORSZ02,TMSZ04,6,1.6349096872112177,0.0,7.634909687211218
ORSZ02,TNSZ01,2,1.5894610523312918,0.0,3.5894610523312918
ORSZ02,TNSZ03,2,0.186658823284381,0.0,2.186658823284381
ORSZ02,TNSZ04,2,0.6519160212171102,0.40544021887086,3.0573562400879704
ORSZ02,TPSZ01,3,0.5314522807379451,0.0,3.531452280737945
ORSZ02,TPSZ02,8,1.607917443291987,0.8770853884381348,10.485002831730121
ORSZ02,TPSZ03,1,0.2526298230602064,0.0,1.2526298230602064
ORSZ02,TPSZ04,5,0.2461390766463008,0.0,5.246139076646301
ORSZ02,TPSZ06,9,1.1957234953240174,0.0,10.195723495324017
ORSZ02,TPSZ08,2,0.2604271946950771,0.0,2.260427194695077
ORSZ02,TPSZ12,1,0.3314612814973129,0.0,1.331461281497313
ORSZ02,WDSZ02,3,0.7438273075149595,0.0,3.7438273075149597
ORSZ02,WDSZ03,4,1.4401396212496282,0.0,5.440139621249628
ORSZ02,WDSZ04,2,0.3018469368278744,0.0,2.3018469368278742
ORSZ02,WDSZ05,2,0.5614374442557317,0.0,2.5614374442557315
ORSZ02,WDSZ06,3,0.29150499365929,0.0,3.29150499365929
ORSZ02,WDSZ09,1,0.1374575123503779,0.0,1.1374575123503778
ORSZ02,YSSZ01,1,0.252173699729986,0.0,1.252173699729986
ORSZ02,YSSZ02,1,0.38543734658570333,0.0,1.3854373465857033
ORSZ02,YSSZ03,1,0.4566529686397437,0.0,1.4566529686397436
ORSZ02,YSSZ04,2,0.4560065350205468,0.0,2.456006535020547
ORSZ02,YSSZ05,1,0.14747737990840237,0.0,1.1474773799084024
ORSZ02,YSSZ08,3,0.044765479050369025,0.0,3.044765479050369
ORSZ02,YSSZ09,10,1.8451935205489403,0.0,11.845193520548941
ORSZ03,AMSZ01,2,0.5511984727859436,0.0,2.5511984727859436
ORSZ03,AMSZ02,1,0.24287692862525712,0.0,1.242876928625257
ORSZ03,AMSZ06,3,0.2231492374994247,0.0,3.223149237499425
ORSZ03,AMSZ07,2,0.30107683239995675,0.0,2.3010768323999566
ORSZ03,AMSZ09,1,0.2071526028231889,0.0,1.207152602823189
ORSZ03,BDSZ03,1,0.39450592350107183,0.0,1.3945059235010717
ORSZ03,BDSZ04,5,0.5604535366506768,0.0,5.560453536650677
ORSZ03,BDSZ05,1,0.3716514144864316,0.0,1.3716514144864316
ORSZ03,BMSZ01,1,0.3219182338547865,0.0,1.3219182338547866
ORSZ03,BMSZ03,1,0.4879112126705965,0.23730356505197675,1.7252147777225733
ORSZ03,BMSZ04,3,0.4596428085362212,0.6010460579962442,4.060688866532465
ORSZ03,BMSZ06,1,0.3450390540030862,0.14023373009317225,1.4852727840962585
ORSZ03,BMSZ07,2,0.5125773681031718,0.0,2.512577368103172
ORSZ03,BMSZ08,2,0.3474423811188863,0.40312144214110507,2.7505638232599914
ORSZ03,BMSZ13,1,0.2898377594117088,0.0,1.2898377594117088
ORSZ03,BPSZ02,2,0.1480429995009526,0.0,2.1480429995009525
ORSZ03,BPSZ03,4,0.13129304271781267,0.0,4.131293042717813
ORSZ03,BPSZ05,5,0.1808133674692306,0.0,5.180813367469231
ORSZ03,BSSZ01,3,0.6233271216501294,0.0,3.6233271216501293
ORSZ03,BSSZ02,5,0.7511229340626052,0.0,5.7511229340626056
ORSZ03,BSSZ03,5,0.8863935091502436,0.0,5.886393509150244
ORSZ03,BTSZ02,2,0.1855549406947194,0.0,2.1855549406947192
ORSZ03,CKSZ05,1,0.1444156948573155,0.0,1.1444156948573154
ORSZ03,CLSZ02,1,0.11814123769964467,0.0,1.1181412376996447
ORSZ03,CLSZ03,1,0.19852132988222654,0.0,1.1985213298822266
ORSZ03,CLSZ04,1,0.19538874184255312,0.0,1.195388741842553
ORSZ03,CLSZ08,1,0.24716959798868518,0.0,1.2471695979886852
ORSZ03,DTSZ01,2,0.3535883113177013,0.538042792777389,2.89163110409509
ORSZ03,DTSZ02,1,0.2615287468403878,0.6860302976846513,1.947559044525039
ORSZ03,DTSZ03,1,0.26095936738036135,0.25358448994289584,1.5145438573232572
ORSZ03,DTSZ05,1,0.2513527750525848,0.8603156117982415,2.1116683868508264
ORSZ03,DTSZ08,1,0.3301329331878899,1.3377548433782467,2.6678877765661366
ORSZ03,GLSZ03,2,0.5143087597019242,0.0,2.5143087597019242
ORSZ03,GLSZ04,7,1.2489048700736387,0.0,8.24890487007364
ORSZ03,HGSZ02,1,0.2292451889053257,0.0,1.2292451889053257
ORSZ03,HGSZ05,2,0.5959619612026124,0.0,2.5959619612026126
ORSZ03,HGSZ06,2,0.6075279594493266,0.0,2.6075279594493264
ORSZ03,HGSZ07,1,0.2425234432428738,0.0,1.2425234432428738
ORSZ03,JESZ02,2,0.0811726169035458,0.0,2.0811726169035456
ORSZ03,JESZ04,2,0.10515390809354935,0.0,2.1051539080935493
ORSZ03,JESZ05,2,0.5598879839057626,0.0,2.5598879839057624
ORSZ03,JESZ08,2,0.15464129977211363,0.0,2.1546412997721136
ORSZ03,JWSZ03,1,0.2932914331310621,0.0,1.293291433131062
ORSZ03,JWSZ09,2,0.6503897419815984,0.0,2.6503897419815985
ORSZ03,KLSZ01,2,0.6256148544886904,0.12884730525106555,2.754462159739756
ORSZ03,KLSZ03,1,0.10759580804504582,0.0,1.1075958080450459
ORSZ03,KLSZ06,2,0.624920408429329,0.23223927369335873,2.8571596821226874
ORSZ03,KLSZ07,2,0.5335694987278733,0.18431224552289335,2.7178817442507666
ORSZ03,MDSZ03,1,0.0,0.0,1.0
ORSZ03,MUSZ01,5,0.30169526702899274,2.597146138550035,7.898841405579028
ORSZ03,NTSZ03,1,0.2682251616692427,0.4513362744817155,1.7195614361509581
ORSZ03,NVSZ01,3,0.7035241772978224,0.30546473967278126,4.008988916970604
ORSZ03,NVSZ02,1,0.7257631783858498,0.8284050432929986,2.5541682216788484
ORSZ03,ORSZ02,4,0.7391780750588742,4.54592261613413,9.285100691193005
ORSZ03,ORSZ03,2,1.178920168259032,53.222483175938244,56.40140334419728
ORSZ03,OTSZ01,1,0.07294135664691724,0.27607193394544605,1.3490132905923633
ORSZ03,OTSZ03,4,0.7285402192466239,0.1350580916340784,4.863598310880702
ORSZ03,PGSZ01,1,0.30302450682037424,0.0,1.3030245068203743
ORSZ03,PGSZ02,2,0.24306842006574872,0.0,2.243068420065749
ORSZ03,PGSZ04,1,0.48676306232032485,0.0,1.4867630623203247
ORSZ03,PGSZ05,4,0.5186176663505528,0.0,4.518617666350552
ORSZ03,PRSZ02,1,0.37834524600877645,0.0,1.3783452460087764
ORSZ03,PRSZ04,1,0.10193420709921858,0.0,1.1019342070992186
ORSZ03,PRSZ05,2,0.648053445671393,0.0,2.648053445671393
ORSZ03,QTSZ05,5,0.3594057986637196,0.27685204956120457,5.636257848224925
ORSZ03,RCSZ02,2,0.10714754185385361,0.09377415100603545,2.200921692859889
ORSZ03,RCSZ05,1,0.07588232208106885,0.006930436131714806,1.0828127582127838
ORSZ03,RCSZ08,1,0.0,0.0,1.0
ORSZ03,RCSZ10,1,0.17700876569617166,0.6088402774673626,1.7858490431635343
ORSZ03,SBSZ01,1,0.3393719790614274,0.0,1.3393719790614274
ORSZ03,SBSZ03,3,0.36506321276297654,0.0,3.3650632127629767
ORSZ03,SBSZ04,1,0.21647084236571681,0.0,1.216470842365717
ORSZ03,SESZ03,4,0.4920517985109636,0.0,4.492051798510964
ORSZ03,SESZ04,2,0.5629153266432121,0.0,2.5629153266432123
ORSZ03,SESZ05,2,0.26770247574630196,0.0,2.267702475746302
ORSZ03,SESZ06,5,0.82274954302335,0.0,5.82274954302335
ORSZ03,SGSZ03,1,0.30004177432069634,0.0,1.3000417743206962
ORSZ03,SGSZ04,2,0.6178642240423414,0.0,2.6178642240423415
ORSZ03,SGSZ06,1,0.3343657808764784,0.0,1.3343657808764784
ORSZ03,SRSZ03,1,0.20736114773786687,1.049241290287988,2.2566024380258547
ORSZ03,TMSZ02,2,0.8722064000804243,0.0,2.872206400080424
ORSZ03,TMSZ04,4,0.4600478208504622,0.0,4.460047820850463
ORSZ03,TPSZ02,3,0.48443446727667766,0.0,3.4844344672766776
ORSZ03,TPSZ03,1,0.18134283047227134,0.0,1.1813428304722713
ORSZ03,TPSZ04,1,0.10689694118352971,0.0,1.1068969411835297
ORSZ03,TPSZ06,1,0.26795117702270516,0.0,1.2679511770227052
ORSZ03,TPSZ11,2,0.31283826811974225,0.0,2.312838268119742
ORSZ03,TPSZ12,1,0.17345478379369345,0.0,1.1734547837936935
ORSZ03,WDSZ01,1,0.09793053011239708,0.0,1.0979305301123972
ORSZ03,WDSZ02,1,0.4491333678410131,0.0,1.449133367841013
ORSZ03,WDSZ03,3,0.7006142395739265,0.0,3.7006142395739268
ORSZ03,WDSZ04,2,0.31332945201358514,0.0,2.313329452013585
ORSZ03,WDSZ06,3,0.19008965983170728,0.0,3.1900896598317074
ORSZ03,WDSZ09,1,0.10503460444727081,0.0,1.1050346044472708
ORSZ03,YSSZ02,1,0.19481920761662,0.0,1.19481920761662
ORSZ03,YSSZ03,1,0.39446427730870487,0.0,1.3944642773087048
ORSZ03,YSSZ04,2,0.4204748942032301,0.0,2.42047489420323
ORSZ03,YSSZ08,1,0.0711710461639821,0.0,1.071171046163982
ORSZ03,YSSZ09,3,0.5008791869543703,0.0,3.5008791869543705
OTSZ01,AMSZ01,1,0.05138611928233979,0.0,1.0513861192823397
OTSZ01,BDSZ01,2,0.06784808076024232,0.0,2.067848080760242
OTSZ01,BMSZ03,1,0.13333611329766354,0.26687021052333976,1.4002063238210034
OTSZ01,BMSZ04,2,0.1516311033574669,0.9616892492983399,3.113320352655807
OTSZ01,BMSZ05,2,0.09964676152797872,0.33638077178037135,2.43602753330835
OTSZ01,BMSZ09,1,0.05184088640190348,0.20942540377240856,1.2612662901743121
OTSZ01,BMSZ11,1,0.09113630511187365,0.0,1.0911363051118737
OTSZ01,BPSZ01,1,0.01878174959498895,0.0,1.018781749594989
OTSZ01,BSSZ01,1,0.08345491539082438,0.0,1.0834549153908244
OTSZ01,CKSZ03,1,0.0742304088975608,0.0,1.0742304088975607
OTSZ01,CLSZ03,1,0.07347064718723009,0.0,1.0734706471872302
OTSZ01,CLSZ04,1,0.06418407660432991,0.0,1.06418407660433
OTSZ01,DTSZ02,1,0.020455933686718497,0.23660789927385384,1.2570638329605723
OTSZ01,DTSZ05,1,0.05980291962125477,0.431675364741699,1.491478284362954
OTSZ01,DTSZ08,1,0.08463285301783233,3.076732509336089,4.161365362353921
OTSZ01,DTSZ09,1,0.039734784686764446,0.21897498855549133,1.2587097732422556
OTSZ01,DTSZ10,1,0.009513815905436773,0.0,1.0095138159054369
OTSZ01,GLSZ05,1,0.06161707161144257,0.0,1.0616170716114426
OTSZ01,HGSZ06,1,0.08617096694423756,0.0,1.0861709669442376
OTSZ01,JESZ05,2,0.13242375870851847,0.0,2.1324237587085184
OTSZ01,JWSZ03,1,0.03937751141619748,0.0,1.0393775114161974
OTSZ01,KLSZ06,1,0.09195613779948761,0.0,1.0919561377994875
OTSZ01,KLSZ08,1,0.05166311051145985,0.0,1.0516631105114598
OTSZ01,MPSZ03,1,0.08090956803784723,0.0,1.0809095680378473
OTSZ01,MUSZ01,1,0.02281752546804096,0.11397170429482939,1.1367892297628703
OTSZ01,ORSZ03,2,0.03573328675784406,0.5250486997561119,2.5607819865139563
OTSZ01,OTSZ02,1,0.15832035876525696,1.3668608132906823,2.525181172055939
OTSZ01,OTSZ03,2,0.06506933191191372,1.9357077672469398,4.000777099158854
OTSZ01,PGSZ02,1,0.030669591514009338,0.0,1.0306695915140094
OTSZ01,PNSZ03,1,0.0,0.0,1.0
OTSZ01,QTSZ09,1,0.010204360908230695,0.0,1.0102043609082307
OTSZ01,SBSZ03,1,0.06300363039514768,0.0,1.0630036303951478
OTSZ01,SESZ02,1,0.0597155145670224,0.0,1.0597155145670225
OTSZ01,SESZ03,1,0.09911211291177119,0.0,1.0991121129117711
OTSZ01,SESZ04,1,0.08483583278309947,0.0,1.0848358327830994
OTSZ01,SESZ05,1,0.03833947954652247,0.0,1.0383394795465224
OTSZ01,SESZ06,2,0.12697960254844884,0.0,2.126979602548449
OTSZ01,SGSZ06,1,0.06677770294556269,0.0,1.0667777029455627
OTSZ01,SRSZ01,1,0.04136827908540244,0.163045040935873,1.2044133200212754
OTSZ01,TMSZ01,1,0.12340096987281346,0.0,1.1234009698728133
OTSZ01,TNSZ02,1,0.03840319784963984,0.15706142346629415,1.195464621315934
OTSZ01,WDSZ03,1,0.07921310260752591,0.0,1.079213102607526
OTSZ01,WDSZ04,1,0.05215800932925305,0.0,1.052158009329253
OTSZ01,YSSZ02,1,0.02038883206997272,0.0,1.0203888320699728
OTSZ01,YSSZ09,1,0.06428367880088,0.0,1.06428367880088
OTSZ02,AMSZ06,1,0.17273154415647685,0.0,1.172731544156477
OTSZ02,BDSZ03,1,0.04054630347654613,0.0,1.040546303476546
OTSZ02,BDSZ05,1,0.06564522203083632,0.0,1.0656452220308363
OTSZ02,BMSZ01,2,0.0720831432866955,0.2908565653932105,2.3629397086799058
OTSZ02,BMSZ04,1,0.10364060163956908,0.5077570066202881,1.6113976082598571
OTSZ02,BMSZ09,1,0.07744710523289094,0.3073029104578974,1.3847500156907884
OTSZ02,BMSZ11,1,0.10809594148797333,0.0,1.1080959414879734
OTSZ02,CKSZ01,1,0.1330701504028407,0.0,1.1330701504028406
OTSZ02,DTSZ02,1,0.024905739930826835,0.35575357992309115,1.3806593198539179
OTSZ02,DTSZ12,1,0.08218430460091944,0.08447233710817822,1.1666566417090976
OTSZ02,GLSZ04,1,0.20557727624917305,0.0,1.205577276249173
OTSZ02,JESZ05,1,0.13542273972256147,0.0,1.1354227397225616
OTSZ02,JWSZ09,1,0.13757505929768843,0.0,1.1375750592976885
OTSZ02,KLSZ09,1,0.041384859617894454,0.09118716905098748,1.132572028668882
OTSZ02,NVSZ02,1,0.0882075390575843,0.0,1.0882075390575843
OTSZ02,ORSZ02,1,0.09449385127435554,0.21592918695104016,1.3104230382253959
OTSZ02,PGSZ03,1,0.09425244541414322,0.0,1.0942524454141431
OTSZ02,RCSZ01,1,0.03094655764318653,0.1467516554816706,1.177698213124857
OTSZ02,SBSZ02,1,0.13748872185521036,0.0,1.1374887218552103
OTSZ02,SESZ02,1,0.07239653347918086,0.0,1.072396533479181
OTSZ02,SESZ05,1,0.0371230003310602,0.0,1.0371230003310603
OTSZ02,SGSZ06,1,0.04338514041693004,0.0,1.04338514041693
OTSZ02,TNSZ01,1,0.0013962193952743384,0.0,1.0013962193952743
OTSZ03,AMSZ01,7,1.208601926472131,0.0,8.20860192647213
OTSZ03,AMSZ02,1,0.422401811447972,0.0,1.422401811447972
OTSZ03,AMSZ06,1,0.417434029942819,0.0,1.417434029942819
OTSZ03,AMSZ08,2,0.16159373353649298,0.0,2.1615937335364928
OTSZ03,AMSZ09,1,0.24523695522569777,0.0,1.2452369552256979
OTSZ03,AMSZ11,1,0.02151732615019798,0.0,1.021517326150198
OTSZ03,AMSZ12,1,0.13040528981669366,0.0,1.1304052898166936
OTSZ03,BDSZ01,5,1.2783068829927007,0.0,6.278306882992701
OTSZ03,BDSZ02,3,1.0740209476408002,0.0,4.0740209476408005
OTSZ03,BDSZ03,1,0.7435385988384206,0.0,1.7435385988384207
OTSZ03,BDSZ04,14,0.7776796626532468,0.0,14.777679662653247
OTSZ03,BDSZ05,2,0.9375653044170454,0.0,2.9375653044170456
OTSZ03,BDSZ08,1,0.16403305123694795,0.0,1.164033051236948
OTSZ03,BKSZ01,1,0.09098154437848656,0.0,1.0909815443784865
OTSZ03,BKSZ02,1,0.1134621908518522,0.0,1.1134621908518523
OTSZ03,BKSZ05,3,0.8569185947415805,0.0,3.8569185947415807
OTSZ03,BKSZ06,1,0.11388464983878623,0.0,1.1138846498387862
OTSZ03,BKSZ07,2,0.7140442720989083,0.0,2.714044272098908
OTSZ03,BLSZ02,2,0.19017156456191364,0.0,2.1901715645619135
OTSZ03,BMSZ01,8,0.9360379513778674,0.0,8.936037951377868
OTSZ03,BMSZ02,4,0.7048365498719975,1.1599541568891898,5.864790706761187
OTSZ03,BMSZ03,4,0.6148005070102395,1.3212762440744927,5.936076751084732
OTSZ03,BMSZ04,9,0.912499377935,2.770586396778498,12.683085774713497
OTSZ03,BMSZ05,3,1.0150470078458007,0.7932693419427083,4.808316349788509
OTSZ03,BMSZ07,3,0.9483183664128098,0.0,3.94831836641281
OTSZ03,BMSZ08,5,0.6807699400110697,0.9625960796930538,6.643366019704123
OTSZ03,BMSZ09,4,0.50844101793109,0.27149430665199215,4.779935324583082
OTSZ03,BMSZ10,1,0.7663118660031655,0.3831362553809873,2.149448121384153
OTSZ03,BMSZ11,2,1.1402490882973313,2.5408636339107074,5.681112722208038
OTSZ03,BMSZ12,1,0.6142307325819969,0.0,1.614230732581997
OTSZ03,BMSZ13,4,0.20015145693122413,0.0,4.200151456931224
OTSZ03,BMSZ15,2,0.714144572174375,0.11540109961098004,2.8295456717853553
OTSZ03,BMSZ16,3,0.5708496081436525,0.5721566225888293,4.143006230732482
OTSZ03,BMSZ17,1,0.655016188600837,1.0113353071654976,2.6663514957663343
OTSZ03,BPSZ01,4,0.19908729829930205,0.0,4.199087298299302
OTSZ03,BPSZ03,1,0.2101582184526016,0.0,1.2101582184526016
OTSZ03,BPSZ04,3,0.24280697747059063,0.0,3.2428069774705905
OTSZ03,BPSZ05,3,0.30561380534616767,0.0,3.3056138053461677
OTSZ03,BPSZ06,1,0.023095496932482792,0.0,1.0230954969324828
OTSZ03,BSSZ01,6,1.0885946415178127,0.0,7.088594641517813
OTSZ03,BSSZ02,2,1.0347177639538,0.0,3.0347177639538003
OTSZ03,BSSZ03,1,0.7768431563730794,0.0,1.7768431563730793
OTSZ03,BTSZ01,1,0.6730033293981306,0.0,1.6730033293981306
OTSZ03,BTSZ03,1,0.12698902745036625,0.0,1.1269890274503662
OTSZ03,BTSZ08,1,0.19906063654548534,0.0,1.1990606365454854
OTSZ03,CHSZ03,1,0.9899163057934827,0.0,1.9899163057934826
OTSZ03,CKSZ01,1,0.3670538770838922,0.0,1.3670538770838923
OTSZ03,CKSZ02,1,0.5862333636230873,0.0,1.5862333636230872
OTSZ03,CKSZ03,4,1.5316674800762116,0.0,5.531667480076211
OTSZ03,CKSZ04,1,0.21162198011383954,0.0,1.2116219801138395
OTSZ03,CKSZ05,3,0.0,0.0,3.0
OTSZ03,CKSZ06,1,0.3773294514709811,0.0,1.377329451470981
OTSZ03,CLSZ03,4,1.110953990136607,0.0,5.110953990136607
OTSZ03,CLSZ04,4,0.9387981625718692,0.0,4.938798162571869
OTSZ03,CLSZ06,1,0.4205119839086637,0.0,1.4205119839086637
OTSZ03,CLSZ08,1,0.15756707179660406,0.0,1.157567071796604
OTSZ03,DTSZ01,5,0.9185857510740917,0.31457710609042716,6.233162857164519
OTSZ03,DTSZ02,4,1.4342903276914165,1.0759397527980075,6.510230080489423
OTSZ03,DTSZ03,3,0.8973438370679278,0.28653922045261215,4.18388305752054
OTSZ03,DTSZ05,3,0.7853778858911906,3.884806373827264,7.670184259718455
OTSZ03,DTSZ06,1,0.14242019562515174,0.22417519627189136,1.366595391897043
OTSZ03,DTSZ08,3,1.218850415709324,13.599607582730032,17.818457998439357
OTSZ03,DTSZ11,4,0.5227533171583912,4.843096274365618,9.36584959152401
OTSZ03,DTSZ12,1,0.6071802874130401,0.08377562766113948,1.6909559150741795
OTSZ03,GLSZ01,1,0.5263460636151495,0.0,1.5263460636151494
OTSZ03,GLSZ02,4,0.25121341787701956,0.0,4.25121341787702
OTSZ03,GLSZ03,2,0.7917520557872013,0.0,2.7917520557872013
OTSZ03,GLSZ04,8,3.745352900958767,0.0,11.745352900958768
OTSZ03,GLSZ05,10,3.3146085494879824,0.0,13.314608549487982
OTSZ03,HGSZ01,2,0.340322452843658,0.0,2.340322452843658
OTSZ03,HGSZ02,2,1.0575717671368043,0.0,3.057571767136804
OTSZ03,HGSZ04,4,0.6955593283712765,0.0,4.695559328371276
OTSZ03,HGSZ06,10,2.0572576818395354,0.0,12.057257681839536
OTSZ03,HGSZ07,4,0.5195947570776467,0.0,4.5195947570776465
OTSZ03,HGSZ08,1,0.5086717997618573,0.0,1.5086717997618573
OTSZ03,JESZ02,2,0.10601356941449958,0.0,2.1060135694144995
OTSZ03,JESZ03,2,0.7700544868999522,0.0,2.7700544868999524
OTSZ03,JESZ04,2,0.1735466891789483,0.0,2.173546689178948
OTSZ03,JESZ05,6,0.6416490428292294,0.0,6.641649042829229
OTSZ03,JESZ06,2,0.25759523314778643,0.0,2.2575952331477867
OTSZ03,JWSZ01,1,0.014574253885181647,0.0,1.0145742538851816
OTSZ03,JWSZ02,1,0.2782793509101913,0.0,1.2782793509101913
OTSZ03,JWSZ03,2,0.41644546099415425,0.0,2.4164454609941544
OTSZ03,JWSZ04,1,0.6401975821404957,0.0,1.6401975821404957
OTSZ03,JWSZ08,6,0.827848490802138,0.0,6.827848490802138
OTSZ03,JWSZ09,6,0.8613809215918078,0.0,6.861380921591808
OTSZ03,KLSZ01,6,0.48516996569406867,0.0,6.485169965694069
OTSZ03,KLSZ02,1,0.18382965360966536,0.0,1.1838296536096653
OTSZ03,KLSZ03,1,0.0431107535106653,0.0,1.0431107535106654
OTSZ03,KLSZ05,1,0.4409219697020588,0.0,1.4409219697020588
OTSZ03,KLSZ06,5,0.6543980963276541,0.0,5.654398096327654
OTSZ03,KLSZ07,1,0.6367263309160605,0.0,1.6367263309160605
OTSZ03,KLSZ08,2,0.7864684237665137,0.0,2.7864684237665136
OTSZ03,KLSZ09,3,0.22150973062453358,0.18303475352753623,3.4045444841520696
OTSZ03,MPSZ01,1,0.29788048598761924,0.0,1.2978804859876192
OTSZ03,MSSZ01,1,0.0,0.0,1.0
OTSZ03,MUSZ01,5,0.18489171378325847,0.40455871553636996,5.589450429319629
OTSZ03,NTSZ03,1,0.25040381861536853,0.0,1.2504038186153685
OTSZ03,NTSZ05,1,0.0,0.0,1.0
OTSZ03,NVSZ01,5,1.2079330533867587,0.0,6.207933053386759
OTSZ03,NVSZ02,7,1.2519433389254329,0.0,8.251943338925432
OTSZ03,NVSZ05,1,0.0,0.0,1.0
OTSZ03,ORSZ02,7,1.053449413149329,0.1276878554265608,8.18113726857589
OTSZ03,ORSZ03,4,0.7806095475559214,0.645069654923856,5.4256792024797775
OTSZ03,OTSZ01,1,0.10976093144278785,1.5361485109603186,2.6459094424031067
OTSZ03,OTSZ03,8,2.298973499315741,43.27837225368928,53.57734575300502
OTSZ03,OTSZ04,2,0.6203141293520977,1.5490627845898175,4.169376913941915
OTSZ03,PGSZ03,3,0.6471579577207772,0.0,3.6471579577207773
OTSZ03,PGSZ04,8,2.423289167947373,0.0,10.423289167947374
OTSZ03,PGSZ05,2,0.9007636160850914,0.0,2.9007636160850914
OTSZ03,PLSZ04,1,0.040384977273180224,0.0,1.0403849772731801
OTSZ03,PNSZ02,1,0.0,0.0,1.0
OTSZ03,PRSZ03,10,1.3695090633817735,0.0,11.369509063381773
OTSZ03,PRSZ05,1,0.8594919674578808,0.0,1.8594919674578807
OTSZ03,PRSZ08,1,0.11808735573017945,0.0,1.1180873557301794
OTSZ03,QTSZ01,1,0.32920200459295,0.0,1.32920200459295
OTSZ03,QTSZ02,2,0.37134376827698123,0.0,2.371343768276981
OTSZ03,QTSZ04,3,0.2123916250056561,0.0,3.212391625005656
OTSZ03,QTSZ05,5,0.3800971030745971,0.0,5.380097103074597
OTSZ03,QTSZ06,1,0.24494282947355112,0.0,1.2449428294735512
OTSZ03,QTSZ08,5,1.1484071162473424,0.0,6.148407116247342
OTSZ03,QTSZ09,2,0.2018612409850199,0.0,2.20186124098502
OTSZ03,QTSZ12,1,0.21534940940698896,0.0,1.215349409406989
OTSZ03,QTSZ14,2,0.8672126961351942,0.0,2.8672126961351942
OTSZ03,RCSZ01,3,0.2928847403132054,0.06811308289541262,3.360997823208618
OTSZ03,RCSZ03,1,0.3320146319982474,0.15866666911436617,1.4906813011126134
OTSZ03,RCSZ09,1,0.33146973957168385,0.09945095417842763,1.4309206937501115
OTSZ03,RCSZ10,7,0.5794252850576517,0.3896618929626452,7.969087178020297
OTSZ03,RVSZ04,1,0.0,0.0,1.0
OTSZ03,SBSZ01,2,0.3732999845170696,0.0,2.3732999845170695
OTSZ03,SBSZ02,1,0.08719776350836542,0.0,1.0871977635083654
OTSZ03,SBSZ03,7,0.8145573912154036,0.0,7.814557391215404
OTSZ03,SESZ02,5,1.3306948798720848,0.0,6.330694879872085
OTSZ03,SESZ03,12,0.7387267908409134,0.0,12.738726790840914
OTSZ03,SESZ04,6,0.6124184365685377,0.0,6.612418436568538
OTSZ03,SESZ05,4,0.28153274203754186,0.0,4.281532742037542
OTSZ03,SESZ06,4,1.6725175765665905,0.0,5.672517576566591
OTSZ03,SESZ07,1,0.0,0.0,1.0
OTSZ03,SGSZ03,1,0.528717245800864,0.0,1.528717245800864
OTSZ03,SGSZ04,7,2.06488576715066,0.0,9.06488576715066
OTSZ03,SGSZ06,5,0.4125782716307398,0.0,5.41257827163074
OTSZ03,SGSZ07,3,0.6826323057880613,0.0,3.6826323057880614
OTSZ03,SISZ01,1,0.7028532031728001,0.0,1.7028532031728
OTSZ03,SKSZ03,1,0.054562462920371264,0.0,1.0545624629203714
OTSZ03,SRSZ01,1,1.0404367137437576,0.2366031609569353,2.277039874700693
OTSZ03,SRSZ02,1,0.3083427493943179,1.4963956118899708,2.8047383612842887
OTSZ03,SRSZ03,2,0.6742854930286873,3.6130542270887127,6.2873397201174
OTSZ03,TMSZ01,2,0.7369518569640034,0.0,2.7369518569640032
OTSZ03,TMSZ02,6,2.028024360309362,0.0,8.028024360309363
OTSZ03,TMSZ03,6,1.3853510540084237,0.0,7.3853510540084235
OTSZ03,TMSZ04,11,1.7252803910735552,0.0,12.725280391073555
OTSZ03,TMSZ05,2,0.819121238566711,0.0,2.8191212385667113
OTSZ03,TPSZ01,1,0.4341235733498112,0.0,1.4341235733498112
OTSZ03,TPSZ02,1,0.7382113477973196,0.0,1.7382113477973196
OTSZ03,TPSZ06,4,0.7456377314286379,0.0,4.745637731428638
OTSZ03,TPSZ07,1,0.12103750431009719,0.0,1.121037504310097
OTSZ03,TPSZ08,2,0.17575075151423478,0.0,2.1757507515142347
OTSZ03,TPSZ09,4,0.2752297078577938,0.0,4.275229707857794
OTSZ03,TPSZ10,1,0.06912978801305492,0.0,1.069129788013055
OTSZ03,TPSZ12,1,0.26373165812158933,0.0,1.2637316581215894
OTSZ03,WDSZ02,9,0.44408155336006816,0.0,9.444081553360068
OTSZ03,WDSZ03,6,1.3109897218785695,0.0,7.3109897218785695
OTSZ03,WDSZ05,4,0.058399280894049055,0.0,4.058399280894049
OTSZ03,YSSZ03,2,0.786828238600808,0.0,2.786828238600808
OTSZ03,YSSZ04,1,0.5009748315830655,0.0,1.5009748315830655
OTSZ03,YSSZ06,1,0.15275796093118543,0.0,1.1527579609311855
OTSZ03,YSSZ07,1,0.07661744751542977,0.0,1.0766174475154298
OTSZ03,YSSZ08,2,0.13933637306546906,0.0,2.139336373065469
OTSZ03,YSSZ09,12,0.7208482392331044,0.0,12.720848239233105
OTSZ04,BDSZ03,1,0.1701619603373189,0.0,1.1701619603373188
OTSZ04,BDSZ04,2,0.2486630896461975,0.0,2.2486630896461977
OTSZ04,BKSZ05,2,0.06599800109811126,0.0,2.0659980010981114
OTSZ04,BMSZ01,2,0.2264601941291976,0.0,2.2264601941291975
OTSZ04,BMSZ05,1,0.13375047493979914,0.5213244650713874,1.6550749400111866
OTSZ04,BMSZ07,1,0.1702616486908735,0.0,1.1702616486908735
OTSZ04,BMSZ11,1,0.06351172569475382,0.0,1.0635117256947537
OTSZ04,BPSZ03,1,0.061547074536576006,0.0,1.061547074536576
OTSZ04,BPSZ05,3,0.21765925467194508,0.0,3.217659254671945
OTSZ04,BSSZ03,1,0.15621555786591987,0.0,1.15621555786592
OTSZ04,BTSZ01,1,0.15785496464451798,0.0,1.157854964644518
OTSZ04,CKSZ01,1,0.266280151489232,0.0,1.266280151489232
OTSZ04,CKSZ03,2,0.2664954588235131,0.0,2.2664954588235133
OTSZ04,CKSZ04,1,0.16154305307940278,0.0,1.1615430530794029
OTSZ04,CLSZ02,1,0.14933299238518236,0.0,1.1493329923851823
OTSZ04,DTSZ02,2,0.18639073978747075,1.70336999042325,3.8897607302107207
OTSZ04,DTSZ03,2,0.23221585366004652,0.3977697235892413,2.629985577249288
OTSZ04,DTSZ05,2,0.20802920214010642,6.998970237210661,9.206999439350767
OTSZ04,DTSZ08,1,0.2421461955871153,4.936465539914137,6.178611735501252
OTSZ04,GLSZ04,1,0.24563146433865746,0.0,1.2456314643386575
OTSZ04,GLSZ05,1,0.16361437505949192,0.0,1.1636143750594918
OTSZ04,HGSZ04,2,0.1023797547207833,0.0,2.102379754720783
OTSZ04,HGSZ06,4,0.3526662743868397,0.0,4.35266627438684
OTSZ04,JESZ02,2,0.0034835303029132274,0.0,2.0034835303029133
OTSZ04,JESZ05,1,0.1450811654459285,0.0,1.1450811654459285
OTSZ04,JESZ08,2,0.048099869008679005,0.0,2.048099869008679
OTSZ04,JWSZ08,1,0.09074690394832947,0.0,1.0907469039483295
OTSZ04,JWSZ09,2,0.25787437909194905,0.0,2.257874379091949
OTSZ04,KLSZ02,2,0.02145149297019397,0.0,2.021451492970194
OTSZ04,KLSZ03,2,0.0803850331311737,0.0,2.0803850331311735
OTSZ04,KLSZ07,1,0.12449169896967607,0.1310767342320823,1.2555684332017583
OTSZ04,NVSZ01,1,0.2447213627268466,0.0,1.2447213627268465
OTSZ04,ORSZ03,2,0.10666414854345391,0.3190411826131154,2.4257053311565695
OTSZ04,OTSZ03,1,0.1624219885090057,1.2778701318576238,2.4402921203666295
OTSZ04,PRSZ03,1,0.2284229150068127,0.0,1.2284229150068127
OTSZ04,QTSZ05,1,0.22486687123292176,0.0,1.2248668712329218
OTSZ04,QTSZ06,1,0.12208414149795417,0.0,1.122084141497954
OTSZ04,RCSZ01,1,0.09087746015533105,0.02808801213128484,1.1189654722866158
OTSZ04,RCSZ03,1,0.07485502530853018,0.20251718398684054,1.2773722092953708
OTSZ04,RCSZ09,1,0.010052925099879503,0.07201318263264662,1.0820661077325262
OTSZ04,RCSZ10,2,0.044712650157037404,0.3758086461911226,2.4205212963481597
OTSZ04,SBSZ03,2,0.09785788909989152,0.0,2.0978578890998913
OTSZ04,SESZ02,1,0.13892091816564386,0.0,1.138920918165644
OTSZ04,SESZ03,3,0.18453082762305112,0.0,3.184530827623051
OTSZ04,SGSZ06,2,0.16934033418142416,0.0,2.1693403341814244
OTSZ04,SRSZ02,1,0.3482226101891347,0.9985229869321167,2.3467455971212514
OTSZ04,TMSZ02,3,0.3203561037346815,0.0,3.3203561037346816
OTSZ04,TMSZ04,2,0.1285279820555447,0.0,2.1285279820555445
OTSZ04,TNSZ01,1,0.049251703449146894,0.0,1.0492517034491469
OTSZ04,TNSZ02,1,0.03673896855672424,0.0372547828272109,1.0739937513839353
OTSZ04,TPSZ09,1,0.059803640689900205,0.0,1.0598036406899003
OTSZ04,YSSZ09,1,0.13634599943455386,0.0,1.136345999434554
PGSZ01,AMSZ01,1,0.24406243032671837,0.0,1.2440624303267183
PGSZ01,AMSZ03,1,0.10714464598623988,0.0,1.10714464598624
PGSZ01,AMSZ06,1,0.3012225031247012,0.0,1.3012225031247011
PGSZ01,BDSZ06,1,0.4737489763033022,0.0,1.4737489763033023
PGSZ01,BLSZ04,1,0.1702468242313368,0.0,1.1702468242313369
PGSZ01,DTSZ01,1,0.23245206993443981,0.0,1.23245206993444
PGSZ01,DTSZ03,1,0.1834407691078664,0.0,1.1834407691078663
PGSZ01,DTSZ05,1,0.1373125303615654,0.0,1.1373125303615654
PGSZ01,DTSZ08,2,0.18139842677973322,0.0,2.181398426779733
PGSZ01,DTSZ11,1,0.174290850694049,0.0,1.174290850694049
PGSZ01,GLSZ05,2,0.39065611912799664,0.0,2.3906561191279967
PGSZ01,HGSZ05,2,0.5543805059672275,0.0,2.5543805059672273
PGSZ01,JESZ06,1,0.025912651223003992,0.0,1.025912651223004
PGSZ01,KLSZ05,1,0.11121908682647706,0.0,1.111219086826477
PGSZ01,KLSZ07,1,0.23542915528677372,0.0,1.2354291552867738
PGSZ01,KLSZ08,1,0.2197920261518934,0.0,1.2197920261518933
PGSZ01,MUSZ02,1,0.0,0.0,1.0
PGSZ01,ORSZ02,1,0.22672597845029813,0.0,1.2267259784502982
PGSZ01,ORSZ03,1,0.1621825150046004,0.0,1.1621825150046003
PGSZ01,OTSZ03,1,0.23245321140832678,0.0,1.2324532114083269
PGSZ01,PGSZ02,3,1.0234658006343076,0.0,4.023465800634307
PGSZ01,PGSZ03,4,0.7348462642078989,0.0,4.734846264207899
PGSZ01,PGSZ04,4,1.1321662696568933,0.0,5.132166269656893
PGSZ01,PGSZ05,1,0.3592493001562085,0.0,1.3592493001562085
PGSZ01,SESZ02,1,0.3460304222234786,0.0,1.3460304222234787
PGSZ01,SESZ04,1,0.5967342459470175,0.0,1.5967342459470175
PGSZ01,SESZ06,2,0.9638417246887423,0.0,2.9638417246887423
PGSZ01,SGSZ05,1,0.21189328671979712,0.0,1.2118932867197971
PGSZ01,TMSZ03,1,0.5193219199572237,0.0,1.5193219199572237
PGSZ01,TMSZ05,1,0.23872184605606286,0.0,1.238721846056063
PGSZ01,YSSZ01,1,0.2256108115347335,0.0,1.2256108115347335
PGSZ01,YSSZ08,1,0.057982827151686,0.0,1.057982827151686
PGSZ01,YSSZ09,1,0.2260640047725913,0.0,1.2260640047725913
PGSZ02,AMSZ01,2,0.46015579408808616,0.0,2.4601557940880863
PGSZ02,AMSZ10,1,0.24508263552796938,0.0,1.2450826355279694
PGSZ02,BDSZ01,1,0.4371673567309137,0.0,1.4371673567309138
PGSZ02,BDSZ04,1,0.25136947293525846,0.0,1.2513694729352585
PGSZ02,BMSZ01,2,0.22890334064910733,0.0,2.2289033406491074
PGSZ02,BMSZ04,1,0.1076333167870819,0.0,1.107633316787082
PGSZ02,BMSZ05,6,0.3063290630843316,0.0,6.306329063084331
PGSZ02,BPSZ02,1,0.08732146470183708,0.0,1.087321464701837
PGSZ02,BSSZ03,1,0.29183377799088367,0.0,1.2918337779908837
PGSZ02,BTSZ01,1,0.22759902333935625,0.0,1.2275990233393563
PGSZ02,BTSZ06,1,0.13893847672857756,0.0,1.1389384767285775
PGSZ02,CHSZ03,1,0.30041765587176833,0.0,1.3004176558717684
PGSZ02,CLSZ07,1,0.08091797819738748,0.0,1.0809179781973874
PGSZ02,DTSZ01,2,0.218245347988883,0.0,2.218245347988883
PGSZ02,DTSZ02,1,0.16977549556542817,0.0,1.1697754955654283
PGSZ02,DTSZ03,1,0.15899586424612622,0.0,1.1589958642461262
PGSZ02,DTSZ05,1,0.13993353117085838,0.0,1.1399335311708585
PGSZ02,DTSZ08,2,0.1753652352491955,0.0,2.1753652352491955
PGSZ02,DTSZ09,1,0.13346950762241377,0.0,1.1334695076224137
PGSZ02,DTSZ11,1,0.3153546842133224,0.0,1.3153546842133224
PGSZ02,GLSZ03,2,0.6525349236183823,0.0,2.6525349236183824
PGSZ02,GLSZ05,2,0.41521144949193667,0.0,2.415211449491937
PGSZ02,HGSZ01,1,0.28138683846219203,0.0,1.281386838462192
PGSZ02,HGSZ02,2,1.0833988662559486,0.0,3.0833988662559486
PGSZ02,HGSZ03,4,0.5509917289597847,0.0,4.550991728959785
PGSZ02,HGSZ06,2,0.7231181440682855,0.0,2.7231181440682857
PGSZ02,HGSZ07,1,0.3050172121509834,0.0,1.3050172121509833
PGSZ02,HGSZ08,1,0.23569719084643673,0.0,1.2356971908464367
PGSZ02,HGSZ09,1,0.02165472553441805,0.0,1.0216547255344182
PGSZ02,JESZ05,1,0.13589457161792276,0.0,1.1358945716179227
PGSZ02,JWSZ03,1,0.10221379262708666,0.0,1.1022137926270867
PGSZ02,KLSZ01,2,0.48028314082998136,0.0,2.4802831408299815
PGSZ02,KLSZ03,1,0.03218203914881605,0.0,1.0321820391488161
PGSZ02,KLSZ05,1,0.08656557038286587,0.0,1.0865655703828658
PGSZ02,KLSZ08,1,0.30689536200383505,0.0,1.306895362003835
PGSZ02,MPSZ02,1,0.28619148286427537,0.0,1.2861914828642753
PGSZ02,MUSZ01,1,0.09905479713851123,0.0,1.0990547971385112
PGSZ02,NVSZ01,1,0.591531879511677,0.0,1.591531879511677
PGSZ02,NVSZ02,3,0.4230433837538199,0.0,3.4230433837538197
PGSZ02,ORSZ02,6,0.4293576949895807,0.0,6.429357694989581
PGSZ02,ORSZ03,1,0.1700985207352654,0.0,1.1700985207352654
PGSZ02,OTSZ01,1,0.03461915049288664,0.0,1.0346191504928866
PGSZ02,OTSZ03,2,0.384085182845783,0.0,2.384085182845783
PGSZ02,PGSZ01,6,0.563085336999388,0.0,6.563085336999388
PGSZ02,PGSZ02,3,1.2002921723195266,31.62014095149046,35.820433123809984
PGSZ02,PGSZ03,11,7.181464794339126,4.071272108133699,22.252736902472826
PGSZ02,PGSZ04,16,5.410391833022514,2.9568199223158764,24.367211755338392
PGSZ02,PGSZ05,16,3.1272781266163268,0.5541929127070243,19.68147103932335
PGSZ02,PRSZ02,2,0.4387624179126958,0.0,2.4387624179126957
PGSZ02,PRSZ05,1,0.6760837654300385,0.0,1.6760837654300385
PGSZ02,PRSZ08,1,0.19196928953345105,0.0,1.191969289533451
PGSZ02,QTSZ08,1,0.20061838892657047,0.0,1.2006183889265705
PGSZ02,QTSZ10,1,0.25810818335444946,0.0,1.2581081833544494
PGSZ02,QTSZ14,1,0.23189270059689915,0.0,1.2318927005968991
PGSZ02,RCSZ10,2,0.1602540458697018,0.0,2.160254045869702
PGSZ02,SBSZ03,1,0.27769487614083255,0.0,1.2776948761408327
PGSZ02,SESZ02,5,1.2857381994298651,0.38543838254323987,6.671176581973104
PGSZ02,SESZ03,5,1.4321542994869103,0.48129848200074193,6.913452781487653
PGSZ02,SESZ04,2,1.1152018511785873,0.2571840373874902,3.372385888566077
PGSZ02,SESZ05,3,0.6406068494417437,0.27847317018308587,3.9190800196248294
PGSZ02,SESZ06,4,0.8865405503644029,0.39530777706546977,5.281848327429873
PGSZ02,SGSZ05,1,0.3770538421664699,0.0,1.37705384216647
PGSZ02,SGSZ06,2,0.32196179498325256,0.0,2.3219617949832525
PGSZ02,SGSZ07,1,0.08021247332146134,0.0,1.0802124733214613
PGSZ02,SLSZ01,1,0.2244076085345945,0.0,1.2244076085345945
PGSZ02,TMSZ01,1,0.3367376621319695,0.0,1.3367376621319695
PGSZ02,TMSZ02,2,0.8798422681070535,0.0,2.8798422681070535
PGSZ02,TMSZ04,3,0.42901409847706323,0.0,3.4290140984770634
PGSZ02,TPSZ09,1,0.11667974171686313,0.0,1.116679741716863
PGSZ02,TSSZ05,1,0.46181773481422195,0.0,1.4618177348142218
PGSZ02,WDSZ01,2,0.10751234332229677,0.0,2.1075123433222966
PGSZ02,WDSZ02,2,0.27010214271595256,0.0,2.2701021427159525
PGSZ02,WDSZ03,1,0.2691684769819129,0.0,1.269168476981913
PGSZ02,YSSZ01,2,0.19045571658219443,0.0,2.1904557165821945
PGSZ02,YSSZ04,1,0.3510597441761842,0.0,1.3510597441761842
PGSZ03,AMSZ01,4,1.0956890750695611,0.0,5.095689075069561
PGSZ03,AMSZ08,2,0.4148680295843545,0.0,2.4148680295843543
PGSZ03,AMSZ09,1,0.2592640230000098,0.0,1.2592640230000098
PGSZ03,AMSZ10,1,0.4197140444101435,0.0,1.4197140444101435
PGSZ03,AMSZ12,3,0.21813224811258405,0.0,3.218132248112584
PGSZ03,BDSZ01,3,0.9297786816960919,0.0,3.929778681696092
PGSZ03,BDSZ05,1,0.4922581827285945,0.0,1.4922581827285946
PGSZ03,BKSZ05,1,0.4739589304934024,0.0,1.4739589304934024
PGSZ03,BMSZ01,2,0.5924443761360394,0.0,2.592444376136039
PGSZ03,BMSZ02,1,0.3414423061463608,0.0,1.3414423061463607
PGSZ03,BMSZ04,1,0.19856549134542187,0.0,1.1985654913454218
PGSZ03,BMSZ05,2,0.5513547963605825,0.0,2.5513547963605827
PGSZ03,BMSZ12,3,0.41646604940755844,0.0,3.4164660494075583
PGSZ03,BMSZ17,4,0.22152752282639357,0.0,4.221527522826394
PGSZ03,BPSZ05,1,0.37694126196566935,0.0,1.3769412619656693
PGSZ03,BSSZ01,1,0.7553443211371627,0.0,1.7553443211371627
PGSZ03,BTSZ01,1,0.43428617703948613,0.0,1.4342861770394861
PGSZ03,CHSZ02,1,0.18953246938478552,0.0,1.1895324693847855
PGSZ03,CHSZ03,6,1.9186810104879415,0.0,7.9186810104879415
PGSZ03,CKSZ03,1,0.29298424390790806,0.0,1.292984243907908
PGSZ03,CLSZ01,1,0.3002219254136568,0.0,1.3002219254136569
PGSZ03,CLSZ09,1,0.06473726778604323,0.0,1.0647372677860432
PGSZ03,DTSZ02,1,0.3136684662508639,0.0,1.313668466250864
PGSZ03,DTSZ03,6,0.548256580210667,0.0,6.548256580210667
PGSZ03,DTSZ05,7,0.46592197035519073,0.0,7.465921970355191
PGSZ03,DTSZ08,5,0.4263896254304195,0.0,5.42638962543042
PGSZ03,DTSZ11,3,0.550502265618041,0.0,3.550502265618041
PGSZ03,DTSZ12,2,0.4572910615384725,0.0,2.4572910615384727
PGSZ03,GLSZ01,2,0.8103006102881889,0.0,2.8103006102881887
PGSZ03,GLSZ03,3,1.0710591349650314,0.0,4.071059134965031
PGSZ03,GLSZ04,2,0.872558709305297,0.0,2.872558709305297
PGSZ03,GLSZ05,1,0.5212440711298889,0.0,1.521244071129889
PGSZ03,HGSZ01,1,0.43074132147875294,0.0,1.430741321478753
PGSZ03,HGSZ02,1,0.6875340034545228,0.0,1.6875340034545228
PGSZ03,HGSZ04,1,0.5142618381379298,0.07385585086384192,1.5881176890017716
PGSZ03,HGSZ05,2,1.239573227187186,0.4116331621881546,3.6512063893753406
PGSZ03,HGSZ06,1,0.8489657340868758,0.0,1.848965734086876
PGSZ03,HGSZ07,1,0.4073459805534361,0.0,1.407345980553436
PGSZ03,HGSZ08,1,0.40312184811245083,0.0,1.4031218481124508
PGSZ03,JESZ05,1,0.40071959092054155,0.0,1.4007195909205414
PGSZ03,KLSZ01,2,0.8560143755611686,0.0,2.8560143755611684
PGSZ03,KLSZ05,2,0.2574587336404128,0.0,2.2574587336404126
PGSZ03,KLSZ07,1,0.4823641972964,0.0,1.4823641972964001
PGSZ03,KLSZ08,2,0.6678965343250364,0.0,2.6678965343250365
PGSZ03,KLSZ09,3,0.0,0.0,3.0
PGSZ03,MPSZ03,1,0.5047673108040102,0.0,1.5047673108040103
PGSZ03,MUSZ01,7,0.32744905335352786,0.0,7.3274490533535275
PGSZ03,MUSZ03,1,0.05892646251200671,0.0,1.0589264625120067
PGSZ03,NTSZ03,1,0.06708068719084115,0.0,1.0670806871908411
PGSZ03,NVSZ01,1,0.8355152518445909,0.0,1.835515251844591
PGSZ03,NVSZ02,1,0.6690471304214424,0.0,1.6690471304214425
PGSZ03,ORSZ02,3,0.9986664785777599,0.0,3.9986664785777597
PGSZ03,ORSZ03,2,0.6166440715167283,0.0,2.6166440715167285
PGSZ03,OTSZ03,7,0.7971246841040369,0.0,7.797124684104037
PGSZ03,OTSZ04,1,0.0711587261244656,0.0,1.0711587261244655
PGSZ03,PGSZ01,5,0.49020181689043757,0.0,5.490201816890438
PGSZ03,PGSZ02,9,2.7683101927766853,2.26153415772148,14.029844350498164
PGSZ03,PGSZ03,8,4.126487799028473,25.67883088938989,37.80531868841836
PGSZ03,PGSZ04,11,4.183347228145784,3.255545577723706,18.43889280586949
PGSZ03,PGSZ05,5,1.5985965076751856,0.35027129776791266,6.948867805443099
PGSZ03,PLSZ01,1,0.2381989672859998,0.0,1.2381989672859999
PGSZ03,PRSZ02,1,0.7002324069658765,0.0,1.7002324069658765
PGSZ03,PRSZ03,1,0.8968256978541889,0.0,1.8968256978541889
PGSZ03,PRSZ04,1,0.21918144817625848,0.0,1.2191814481762584
PGSZ03,PRSZ06,1,0.1052502959887675,0.0,1.1052502959887676
PGSZ03,QTSZ05,1,0.3008420764299307,0.0,1.3008420764299307
PGSZ03,QTSZ08,3,0.885723344194451,0.0,3.885723344194451
PGSZ03,QTSZ12,1,0.165303604593072,0.0,1.165303604593072
PGSZ03,QTSZ14,3,0.5239514983583352,0.0,3.5239514983583353
PGSZ03,RCSZ01,4,0.1947543434115981,0.0,4.194754343411598
PGSZ03,RCSZ03,1,0.08599390673020645,0.0,1.0859939067302065
PGSZ03,RCSZ09,2,0.17366785987527286,0.0,2.173667859875273
PGSZ03,SESZ02,1,0.8513445647814475,0.1976308729621214,2.048975437743569
PGSZ03,SESZ03,10,3.4983601665452717,4.373081235338909,17.87144140188418
PGSZ03,SESZ04,2,2.8046990393088334,1.1682456784145518,5.972944717723385
PGSZ03,SESZ05,1,0.610582777052718,0.22949044116820685,1.840073218220925
PGSZ03,SGSZ02,1,0.2039554903999997,0.0,1.2039554903999996
PGSZ03,SGSZ04,4,1.5770256285408872,0.0,5.577025628540888
PGSZ03,SGSZ05,2,0.426203649632598,0.0,2.426203649632598
PGSZ03,SGSZ06,3,0.6423064601270253,0.0,3.6423064601270254
PGSZ03,SLSZ01,1,0.4472728878777456,0.0,1.4472728878777457
PGSZ03,SRSZ01,1,0.3413171144467761,0.0,1.3413171144467761
PGSZ03,SRSZ02,1,0.09561887287825087,0.0,1.0956188728782508
PGSZ03,TMSZ01,1,0.6342993822732793,0.0,1.6342993822732792
PGSZ03,TMSZ02,1,1.0101470889991522,0.0,2.010147088999152
PGSZ03,TMSZ03,1,0.9089020027768716,0.0,1.9089020027768715
PGSZ03,TMSZ04,5,1.1839246676714563,0.0,6.183924667671456
PGSZ03,TMSZ05,2,1.022267545911205,0.0,3.022267545911205
PGSZ03,TPSZ06,2,0.7045103918151949,0.0,2.704510391815195
PGSZ03,TSSZ05,1,0.6141402481820986,0.0,1.6141402481820986
PGSZ03,TSSZ06,1,0.05091759491129762,0.0,1.0509175949112977
PGSZ03,WDSZ01,1,0.09523974818740037,0.0,1.0952397481874003
PGSZ03,WDSZ02,3,0.708786319008682,0.0,3.708786319008682
PGSZ03,WDSZ04,1,0.2532284078391601,0.0,1.2532284078391602
PGSZ03,YSSZ09,1,0.5203187857314007,0.0,1.5203187857314007
PGSZ04,AMSZ01,3,0.9223041063714921,0.0,3.922304106371492
PGSZ04,AMSZ02,1,0.5507466308695146,0.0,1.5507466308695146
PGSZ04,AMSZ12,2,0.26222744529411063,0.0,2.2622274452941107
PGSZ04,BDSZ01,2,1.3140999522333823,0.0,3.3140999522333825
PGSZ04,BDSZ03,1,0.800572238087382,0.0,1.800572238087382
PGSZ04,BDSZ04,2,1.204215544295393,0.0,3.2042155442953932
PGSZ04,BDSZ05,1,0.5335890939448888,0.0,1.5335890939448888
PGSZ04,BKSZ05,1,0.4952742604314521,0.0,1.4952742604314522
PGSZ04,BMSZ01,1,0.2911734408167311,0.0,1.291173440816731
PGSZ04,BMSZ02,4,0.3073638591009976,0.0,4.307363859100998
PGSZ04,BMSZ05,2,0.39004969155798946,0.0,2.3900496915579894
PGSZ04,BMSZ07,1,0.4252367401483195,0.0,1.4252367401483195
PGSZ04,BMSZ17,2,0.19621961735995613,0.0,2.196219617359956
PGSZ04,BSSZ01,2,0.9760821421585576,0.0,2.9760821421585577
PGSZ04,BSSZ03,1,0.6993946494025517,0.0,1.6993946494025516
PGSZ04,BTSZ01,2,0.5358868804434515,0.0,2.5358868804434516
PGSZ04,CHSZ02,2,0.36763184171419966,0.0,2.3676318417141995
PGSZ04,CHSZ03,5,1.6611285934093332,0.0,6.661128593409333
PGSZ04,CKSZ01,1,0.2749336047622235,0.0,1.2749336047622235
PGSZ04,CKSZ03,1,0.27604015604260307,0.0,1.2760401560426031
PGSZ04,DTSZ03,2,0.5629844199107671,0.0,2.562984419910767
PGSZ04,DTSZ04,1,0.05693833226516224,0.0,1.0569383322651622
PGSZ04,DTSZ05,5,0.6178753497340427,0.0,5.617875349734042
PGSZ04,DTSZ08,5,0.4282612795146266,0.0,5.428261279514627
PGSZ04,DTSZ11,1,0.43466385202472796,0.0,1.434663852024728
PGSZ04,DTSZ12,1,0.08218123421875538,0.0,1.0821812342187553
PGSZ04,GLSZ01,2,0.4962095490666882,0.0,2.496209549066688
PGSZ04,GLSZ02,1,0.30418154263328007,0.0,1.3041815426332801
PGSZ04,GLSZ03,3,0.989937735762919,0.0,3.989937735762919
PGSZ04,GLSZ04,1,0.4091313973042721,0.0,1.409131397304272
PGSZ04,GLSZ05,2,1.158530204041358,0.0,3.158530204041358
PGSZ04,HGSZ02,1,0.8126824262422717,0.10247137507293119,1.915153801315203
PGSZ04,HGSZ05,1,0.8818739426507285,0.0,1.8818739426507285
PGSZ04,HGSZ06,5,1.6486335510500112,0.0,6.648633551050011
PGSZ04,HGSZ08,3,0.9719420491828488,0.0,3.9719420491828488
PGSZ04,JESZ02,1,0.04161925864712881,0.0,1.041619258647129
PGSZ04,JESZ05,1,0.25100031250051746,0.0,1.2510003125005174
PGSZ04,JESZ07,1,0.022993938390338083,0.0,1.0229939383903381
PGSZ04,JWSZ06,1,0.19311609895849524,0.0,1.1931160989584952
PGSZ04,JWSZ09,1,0.4712224867615598,0.0,1.4712224867615598
PGSZ04,KLSZ01,2,0.9624982423464402,0.0,2.9624982423464403
PGSZ04,KLSZ02,1,0.16865472377727386,0.0,1.1686547237772738
PGSZ04,KLSZ03,1,0.009904897668341362,0.0,1.0099048976683414
PGSZ04,KLSZ05,1,0.2037251181701772,0.0,1.2037251181701771
PGSZ04,KLSZ06,1,0.3432643930999623,0.0,1.3432643930999624
PGSZ04,KLSZ08,4,0.9052700535773757,0.0,4.905270053577375
PGSZ04,MPSZ02,1,0.42967198958078195,0.0,1.429671989580782
PGSZ04,MPSZ03,1,0.5101357266678501,0.0,1.5101357266678501
PGSZ04,MUSZ01,1,0.13719050161272336,0.0,1.1371905016127233
PGSZ04,MUSZ03,1,0.024127638560493967,0.0,1.024127638560494
PGSZ04,NTSZ05,1,0.0,0.0,1.0
PGSZ04,NVSZ01,3,1.3750021023843817,0.0,4.375002102384382
PGSZ04,NVSZ02,3,1.0025917307894114,0.0,4.002591730789412
PGSZ04,ORSZ01,1,0.02054958269326639,0.0,1.0205495826932665
PGSZ04,ORSZ02,1,0.3027395102290563,0.0,1.3027395102290562
PGSZ04,ORSZ03,1,0.2486414547511923,0.0,1.2486414547511924
PGSZ04,OTSZ01,2,0.07939156623867695,0.0,2.079391566238677
PGSZ04,OTSZ03,7,0.7205480723807182,0.0,7.720548072380718
PGSZ04,OTSZ04,2,0.08493973828644304,0.0,2.084939738286443
PGSZ04,PGSZ01,2,1.3132598308868182,0.0,3.3132598308868184
PGSZ04,PGSZ02,15,4.4637831818810865,0.7066613539464249,20.170444535827514
PGSZ04,PGSZ03,5,1.9934105305053789,1.4530729136860527,8.446483444191433
PGSZ04,PGSZ04,19,10.368806671115006,27.987922923786225,57.35672959490123
PGSZ04,PGSZ05,12,4.542621613417956,1.1440828531425706,17.686704466560528
PGSZ04,PRSZ01,1,0.0,0.0,1.0
PGSZ04,PRSZ03,4,1.5422820248792009,0.0,5.542282024879201
PGSZ04,PRSZ05,1,1.4131775307192886,0.0,2.4131775307192886
PGSZ04,PRSZ06,1,0.2132184229746006,0.0,1.2132184229746006
PGSZ04,QTSZ05,2,0.3633992584235344,0.0,2.3633992584235344
PGSZ04,QTSZ08,2,0.5451560220523708,0.0,2.545156022052371
PGSZ04,QTSZ14,1,0.2694316324303036,0.0,1.2694316324303037
PGSZ04,RCSZ03,1,0.04764680579532158,0.0,1.0476468057953217
PGSZ04,RCSZ10,3,0.10077489969779094,0.0,3.100774899697791
PGSZ04,SBSZ01,1,0.981703387109808,0.0,1.981703387109808
PGSZ04,SBSZ03,1,0.2707307781883975,0.0,1.2707307781883976
PGSZ04,SESZ02,3,2.7142942684569724,1.3415693334276682,7.055863601884641
PGSZ04,SESZ03,14,3.1299701031218707,2.672224708394127,19.802194811515996
PGSZ04,SESZ04,6,3.030237017492773,1.0922212422416875,10.122458259734461
PGSZ04,SESZ05,3,1.2755666367885363,0.4998894085309773,4.775456045319514
PGSZ04,SESZ06,2,1.8794831355174473,0.0,3.8794831355174475
PGSZ04,SGSZ04,3,1.7109921541565005,0.0,4.7109921541565
PGSZ04,SGSZ06,3,0.6223039723859731,0.0,3.622303972385973
PGSZ04,SRSZ02,3,0.1524251669291603,0.0,3.1524251669291603
PGSZ04,SRSZ03,1,0.04848123790082219,0.0,1.0484812379008221
PGSZ04,TMSZ01,2,1.0498793964042623,0.0,3.049879396404262
PGSZ04,TMSZ02,2,1.52754125226136,0.0,3.52754125226136
PGSZ04,TMSZ03,2,1.952573309413078,0.0,3.952573309413078
PGSZ04,TMSZ04,5,1.9425384591136465,0.0,6.9425384591136465
PGSZ04,TMSZ05,5,1.1764527325370295,0.0,6.1764527325370295
PGSZ04,TPSZ03,1,0.12218072432486875,0.0,1.1221807243248687
PGSZ04,TPSZ05,1,0.06771949724598407,0.0,1.067719497245984
PGSZ04,TPSZ06,1,0.42891732384970127,0.0,1.4289173238497013
PGSZ04,TPSZ12,1,0.3673556492890445,0.0,1.3673556492890446
PGSZ04,TSSZ05,2,0.44442507558054406,0.0,2.444425075580544
PGSZ04,WCSZ01,1,0.3840286661401397,0.0,1.3840286661401398
PGSZ04,WDSZ02,2,0.5992676986461942,0.0,2.5992676986461944
PGSZ04,WDSZ03,1,0.39012952424823644,0.0,1.3901295242482363
PGSZ04,WDSZ05,1,0.3924985624199501,0.0,1.3924985624199502
PGSZ04,YSSZ01,2,0.3151429726754074,0.0,2.3151429726754076
PGSZ04,YSSZ04,1,0.39373867198191753,0.0,1.3937386719819176
PGSZ04,YSSZ08,1,0.11875735273141022,0.0,1.1187573527314103
PGSZ04,YSSZ09,1,0.48470035621518087,0.0,1.4847003562151808
PGSZ05,AMSZ01,2,1.3759775343875196,0.0,3.37597753438752
PGSZ05,AMSZ03,1,0.44168281967995654,0.0,1.4416828196799565
PGSZ05,AMSZ08,1,0.0988053574876097,0.0,1.0988053574876098
PGSZ05,AMSZ10,3,0.6592286958642797,0.0,3.6592286958642797
PGSZ05,AMSZ12,1,0.1738306323823763,0.0,1.1738306323823764
PGSZ05,BDSZ02,1,1.0520801533819693,0.0,2.0520801533819695
PGSZ05,BDSZ03,1,0.8321194593463175,0.0,1.8321194593463175
PGSZ05,BDSZ05,1,0.5603520448285046,0.0,1.5603520448285046
PGSZ05,BDSZ06,1,1.1225936469903282,0.0,2.122593646990328
PGSZ05,BKSZ01,1,0.06855468675588282,0.0,1.0685546867558828
PGSZ05,BKSZ09,1,0.22705454741159503,0.0,1.227054547411595
PGSZ05,BMSZ01,5,0.5047755992517832,0.0,5.504775599251783
PGSZ05,BMSZ02,1,0.36496855578292375,0.0,1.3649685557829239
PGSZ05,BMSZ04,1,0.19498488339226003,0.0,1.19498488339226
PGSZ05,BMSZ12,2,0.3615878547058723,0.0,2.3615878547058724
PGSZ05,BMSZ17,2,0.23321361784753156,0.0,2.2332136178475315
PGSZ05,BSSZ01,2,1.3025140805457274,0.0,3.3025140805457274
PGSZ05,BTSZ03,1,0.04962480917491538,0.0,1.0496248091749154
PGSZ05,CCSZ01,1,0.0670361175174186,0.0,1.0670361175174186
PGSZ05,CHSZ02,2,0.43922577143874136,0.0,2.4392257714387413
PGSZ05,CHSZ03,1,0.6261670482349693,0.0,1.6261670482349693
PGSZ05,CKSZ06,1,0.33351188202859966,0.0,1.3335118820285996
PGSZ05,DTSZ01,2,0.36478670991245327,0.0,2.3647867099124533
PGSZ05,DTSZ02,2,0.5595591009858326,0.0,2.5595591009858327
PGSZ05,DTSZ03,2,0.6525159506239584,0.0,2.6525159506239584
PGSZ05,DTSZ04,1,0.08505632243564142,0.0,1.0850563224356413
PGSZ05,DTSZ05,5,0.7136556632763605,0.0,5.71365566327636
PGSZ05,DTSZ08,4,0.4528933919359568,0.0,4.452893391935957
PGSZ05,DTSZ09,1,0.10440621517073707,0.0,1.104406215170737
PGSZ05,DTSZ11,5,0.5101032824666983,0.0,5.510103282466698
PGSZ05,DTSZ12,2,0.26848036806479736,0.0,2.2684803680647976
PGSZ05,GLSZ03,1,0.6203912417675286,0.0,1.6203912417675286
PGSZ05,GLSZ04,2,0.9398206968978611,0.0,2.9398206968978613
PGSZ05,GLSZ05,1,0.5104624927909207,0.0,1.5104624927909207
PGSZ05,HGSZ02,2,1.9252453791610948,0.0,3.925245379161095
PGSZ05,HGSZ03,1,0.9004002253686311,0.3005012253510631,2.2009014507196945
PGSZ05,HGSZ05,1,0.9317447889332772,0.0,1.931744788933277
PGSZ05,HGSZ06,2,1.6906595531623063,0.0,3.6906595531623063
PGSZ05,HGSZ07,2,0.8733618298866774,0.0,2.8733618298866777
PGSZ05,HGSZ08,4,1.5448266709450689,0.0,5.544826670945069
PGSZ05,JESZ01,1,0.1080455093757584,0.0,1.1080455093757584
PGSZ05,JESZ04,1,0.01968183246238673,0.0,1.0196818324623866
PGSZ05,JESZ05,2,0.4060846545047007,0.0,2.4060846545047005
PGSZ05,KLSZ01,1,0.7964681228908616,0.0,1.7964681228908614
PGSZ05,KLSZ06,1,0.332844473415892,0.0,1.332844473415892
PGSZ05,KLSZ07,2,0.5093697010926896,0.0,2.5093697010926896
PGSZ05,KLSZ08,1,0.48727859674620344,0.0,1.4872785967462034
PGSZ05,KLSZ09,1,0.019675255682236627,0.0,1.0196752556822366
PGSZ05,MUSZ01,2,0.24688016398653911,0.0,2.246880163986539
PGSZ05,NTSZ03,4,0.018855058578115418,0.0,4.018855058578115
PGSZ05,NTSZ05,1,0.0,0.0,1.0
PGSZ05,NVSZ01,1,0.8765301684250422,0.0,1.8765301684250422
PGSZ05,NVSZ02,4,1.0377980405733298,0.0,5.03779804057333
PGSZ05,ORSZ03,4,0.3981793781250403,0.0,4.3981793781250405
PGSZ05,OTSZ03,5,0.8385966973505534,0.0,5.838596697350553
PGSZ05,PGSZ01,1,0.8881801752630608,0.0,1.8881801752630607
PGSZ05,PGSZ02,13,4.319065979884778,0.48778084298163826,17.806846822866415
PGSZ05,PGSZ03,8,3.1340161207697848,0.5450754219929826,11.679091542762768
PGSZ05,PGSZ04,13,6.313952145639065,1.6984142122755002,21.012366357914566
PGSZ05,PGSZ05,6,18.31974010176794,27.652870213344418,51.97261031511236
PGSZ05,PLSZ01,1,0.29256819249608507,0.0,1.292568192496085
PGSZ05,PRSZ05,1,1.592580720609448,0.0,2.592580720609448
PGSZ05,PRSZ06,1,0.22999806659745392,0.0,1.229998066597454
PGSZ05,QTSZ06,1,0.11318815535310126,0.0,1.1131881553531013
PGSZ05,QTSZ10,1,0.28738290849223364,0.0,1.2873829084922337
PGSZ05,QTSZ11,3,0.8997211481952552,0.0,3.899721148195255
PGSZ05,QTSZ12,1,0.16212761648077004,0.0,1.1621276164807701
PGSZ05,QTSZ13,1,0.28270508574242853,0.0,1.2827050857424285
PGSZ05,RCSZ08,1,0.0,0.0,1.0
PGSZ05,SESZ03,7,3.549386007455834,0.26924398399522004,10.818629991451054
PGSZ05,SESZ04,1,1.4243595712696633,0.0462103045759641,2.470569875845628
PGSZ05,SESZ06,1,1.3265214558605158,0.0,2.326521455860516
PGSZ05,SGSZ02,1,0.13507047309156694,0.0,1.135070473091567
PGSZ05,SGSZ03,1,0.7243456230509113,0.0,1.7243456230509113
PGSZ05,SGSZ04,1,1.082482842144535,0.0,2.082482842144535
PGSZ05,SGSZ06,2,0.4907031791388674,0.0,2.490703179138867
PGSZ05,SKSZ03,1,0.045543247359332226,0.0,1.0455432473593322
PGSZ05,SRSZ01,1,0.2884704164421711,0.0,1.2884704164421712
PGSZ05,SRSZ02,1,0.05808220501536644,0.0,1.0580822050153664
PGSZ05,TMSZ03,2,1.9513455602043026,0.0,3.9513455602043024
PGSZ05,TMSZ04,3,1.5119432152599175,0.0,4.511943215259917
PGSZ05,TMSZ05,2,0.8891725050077415,0.0,2.8891725050077417
PGSZ05,TPSZ01,1,0.3232313842370556,0.0,1.3232313842370556
PGSZ05,TPSZ03,1,0.12162401921960825,0.0,1.1216240192196083
PGSZ05,TPSZ06,2,0.8166981233304709,0.0,2.816698123330471
PGSZ05,TPSZ08,1,0.11670461505265753,0.0,1.1167046150526576
PGSZ05,TPSZ10,1,0.17809400994498295,0.0,1.178094009944983
PGSZ05,TPSZ12,1,0.28034716749316496,0.0,1.280347167493165
PGSZ05,WCSZ01,2,1.0112525113361142,0.0,3.011252511336114
PGSZ05,WDSZ01,2,0.08271901526837228,0.0,2.0827190152683723
PGSZ05,WDSZ08,1,0.06212334730863685,0.0,1.062123347308637
PGSZ05,YSSZ01,1,0.30976651969329494,0.0,1.3097665196932948
PGSZ05,YSSZ09,1,0.5502392331194255,0.0,1.5502392331194255
PLSZ01,AMSZ01,1,0.1056886609093754,0.0,1.1056886609093755
PLSZ01,BDSZ02,1,0.17480083260547902,0.0,1.174800832605479
PLSZ01,BDSZ04,1,0.49877076407191023,0.0,1.4987707640719101
PLSZ01,BMSZ11,1,0.000819994954921901,0.0,1.000819994954922
PLSZ01,BSSZ03,1,0.13743090861403737,0.0,1.1374309086140373
PLSZ01,JWSZ02,1,0.030552392457424384,0.0,1.0305523924574245
PLSZ01,PGSZ03,1,0.12931637734588594,0.0,1.1293163773458859
PLSZ01,PGSZ05,1,0.1361830965320358,0.0,1.1361830965320359
PLSZ01,PRSZ02,1,0.3733241097007049,0.0,1.373324109700705
PLSZ01,PRSZ03,1,0.46582744170297874,0.0,1.4658274417029786
PLSZ01,SESZ04,2,0.3248038303449237,0.0,2.3248038303449237
PLSZ01,TMSZ02,2,0.8171237816649789,0.0,2.817123781664979
PLSZ01,TMSZ03,1,0.42522797736981205,0.0,1.425227977369812
PLSZ01,TMSZ04,1,0.3801298317272808,0.0,1.3801298317272808
PLSZ03,HGSZ02,1,0.15009019059447828,0.0,1.1500901905944783
PLSZ03,HGSZ04,2,0.0939567865423296,0.0,2.0939567865423294
PLSZ03,TMSZ02,2,0.46167167236934514,0.0,2.461671672369345
PLSZ03,TMSZ03,1,0.1751786974612281,0.0,1.1751786974612282
PLSZ03,YSSZ03,1,0.05601599907946137,0.0,1.0560159990794613
PLSZ03,YSSZ09,1,0.06308665395356271,0.0,1.0630866539535626
PLSZ04,BDSZ01,2,0.039764145557325804,0.5518955057306061,2.591659651287932
PLSZ04,BDSZ02,1,0.017551631364138454,0.5218997091954752,1.5394513405596135
PLSZ04,BDSZ04,2,0.09265951998543485,0.0,2.092659519985435
PLSZ04,BMSZ02,1,0.00953723608861478,0.0,1.0095372360886148
PLSZ04,BSSZ01,2,0.016938958751457046,0.0,2.016938958751457
PLSZ04,CHSZ03,1,0.023025103189648833,0.0,1.023025103189649
PLSZ04,CKSZ03,1,0.012458438210007161,0.0,1.0124584382100072
PLSZ04,CLSZ03,2,0.093406316832847,0.0,2.093406316832847
PLSZ04,DTSZ05,1,0.00666853086183304,0.0,1.006668530861833
PLSZ04,GLSZ04,1,0.04629048875903637,0.0,1.0462904887590363
PLSZ04,GLSZ05,3,0.01841899922119266,0.0,3.0184189992211925
PLSZ04,HGSZ04,1,0.011848939160309907,0.3029016490273265,1.3147505881876365
PLSZ04,HGSZ06,1,0.03450746200920123,0.5305124088583819,1.565019870867583
PLSZ04,HGSZ08,1,0.02049667420536356,1.9898756212699784,3.0103722954753422
PLSZ04,JWSZ04,2,0.00988667515944806,0.0,2.009886675159448
PLSZ04,JWSZ09,1,0.01492946311614497,0.0,1.014929463116145
PLSZ04,KLSZ05,1,0.005403739128724309,0.0,1.0054037391287243
PLSZ04,KLSZ06,1,0.015422752778983997,0.0,1.015422752778984
PLSZ04,MUSZ01,1,0.010663659334659249,0.0,1.0106636593346592
PLSZ04,OTSZ03,1,0.016890572071072116,0.0,1.0168905720710721
PLSZ04,PRSZ03,1,0.04854307343122738,0.0,1.0485430734312273
PLSZ04,QTSZ06,1,0.0055115178032407635,0.0,1.0055115178032408
PLSZ04,QTSZ11,1,0.013682232968488955,0.0,1.013682232968489
PLSZ04,SESZ02,1,0.02309096685593739,0.0,1.0230909668559374
PLSZ04,SESZ03,2,0.08643759112068264,0.0,2.0864375911206827
PLSZ04,SESZ06,1,0.044553392226625015,0.0,1.044553392226625
PLSZ04,SGSZ04,1,0.026015321614938296,0.0,1.0260153216149384
PLSZ04,TMSZ02,2,0.10052093208778973,0.0,2.1005209320877896
PLSZ04,TMSZ04,2,0.03117173572812291,0.0,2.031171735728123
PLSZ04,TPSZ02,1,0.013641343496495753,0.0,1.0136413434964957
PLSZ04,TPSZ12,1,0.018546445704217925,0.10293653494051727,1.1214829806447353
PLSZ04,WDSZ02,1,0.0032623331239484766,0.0,1.0032623331239485
PLSZ04,WDSZ03,1,0.018175923462060272,0.0,1.0181759234620602
PLSZ04,YSSZ03,1,0.013008081754700185,0.0,1.0130080817547003
PLSZ04,YSSZ04,1,0.027136804905000186,0.0,1.0271368049050003
PLSZ04,YSSZ09,1,0.00993299793128222,0.0,1.0099329979312823
PLSZ05,GLSZ03,1,0.0,0.0,1.0
PLSZ05,KLSZ01,2,0.0,0.0,2.0
PLSZ05,QTSZ11,1,0.0,0.0,1.0
PLSZ05,TPSZ02,2,0.0,0.0,2.0
PLSZ05,TPSZ06,1,0.0,0.0,1.0
PNSZ01,BDSZ04,1,0.35485812698489266,0.0,1.3548581269848927
PNSZ01,BKSZ04,1,0.14506175705940402,0.0,1.145061757059404
PNSZ01,BKSZ07,1,0.1947433321995482,0.0,1.1947433321995482
PNSZ01,BKSZ09,1,0.266279051650557,0.0,1.266279051650557
PNSZ01,BLSZ02,1,0.05797276652732042,0.0,1.0579727665273204
PNSZ01,BMSZ06,1,0.983095432626578,0.0,1.983095432626578
PNSZ01,BPSZ04,1,0.15643914603178072,0.0,1.1564391460317807
PNSZ01,BTSZ02,1,0.12386222535349592,0.0,1.123862225353496
PNSZ01,CKSZ03,2,0.5693806432382467,0.0,2.5693806432382464
PNSZ01,CKSZ05,1,0.18899285125294144,0.0,1.1889928512529415
PNSZ01,CKSZ06,1,0.23926783371938626,0.0,1.2392678337193863
PNSZ01,CLSZ04,1,0.19534468517846115,0.0,1.195344685178461
PNSZ01,CLSZ06,1,0.2074530998200631,0.0,1.207453099820063
PNSZ01,GLSZ02,1,0.0,0.0,1.0
PNSZ01,GLSZ05,1,0.06342881867813592,0.0,1.063428818678136
PNSZ01,HGSZ06,1,0.1272491234346199,0.0,1.1272491234346198
PNSZ01,JESZ03,2,0.34348880312015606,0.0,2.343488803120156
PNSZ01,JESZ05,2,0.495294727934141,0.0,2.495294727934141
PNSZ01,JWSZ01,2,0.05080057517613664,0.0,2.0508005751761367
PNSZ01,JWSZ02,2,0.5652404366474947,0.0,2.565240436647495
PNSZ01,JWSZ04,1,0.4606128339734207,0.0,1.4606128339734208
PNSZ01,JWSZ08,1,0.922903369485386,0.0,1.922903369485386
PNSZ01,JWSZ09,3,0.655519596685472,0.0,3.655519596685472
PNSZ01,PNSZ02,3,0.0,0.0,3.0
PNSZ01,PNSZ03,2,0.0,0.0,2.0
PNSZ01,PNSZ05,1,0.06364187792742616,0.0,1.0636418779274261
PNSZ01,QTSZ02,1,0.051823964188536284,0.0,1.0518239641885363
PNSZ01,QTSZ10,1,0.3372938539749296,0.0,1.3372938539749297
PNSZ01,QTSZ11,1,0.19845104616969408,0.0,1.198451046169694
PNSZ01,QTSZ13,1,0.1289150257344701,0.0,1.1289150257344702
PNSZ01,RCSZ01,1,0.030042640750595057,0.0,1.0300426407505952
PNSZ01,TPSZ02,1,0.13014528866665498,0.0,1.130145288666655
PNSZ01,WCSZ01,1,0.247343690404565,0.0,1.247343690404565
PNSZ01,WDSZ03,1,0.24697836687060523,0.0,1.2469783668706051
PNSZ01,WDSZ05,1,0.19807500852940146,0.0,1.1980750085294014
PNSZ02,BDSZ06,1,0.3632076345875413,0.0,1.3632076345875412
PNSZ02,BKSZ04,1,0.21530656467987927,0.0,1.2153065646798793
PNSZ02,BKSZ05,3,0.7720412747683706,0.0,3.7720412747683705
PNSZ02,BLSZ02,2,0.05122889390845165,0.0,2.0512288939084518
PNSZ02,BMSZ13,1,0.08647879183271753,0.0,1.0864787918327174
PNSZ02,BPSZ04,1,0.20926265450369583,0.0,1.2092626545036957
PNSZ02,CKSZ03,1,0.2916097865842638,0.0,1.2916097865842637
PNSZ02,CLSZ06,1,0.3095864803464094,0.0,1.3095864803464095
PNSZ02,GLSZ03,1,0.18394646530657704,0.0,1.183946465306577
PNSZ02,HGSZ04,1,0.050255473642082854,0.0,1.0502554736420828
PNSZ02,HGSZ07,1,0.18514403706292315,0.0,1.1851440370629232
PNSZ02,JESZ02,1,0.045480190653608456,0.0,1.0454801906536084
PNSZ02,JESZ03,2,0.6905867500842654,0.0,2.6905867500842655
PNSZ02,JESZ05,3,0.42191668380301783,0.0,3.4219166838030177
PNSZ02,JWSZ02,1,0.33935617242564114,0.0,1.339356172425641
PNSZ02,JWSZ03,1,0.1686393995502303,0.0,1.1686393995502302
PNSZ02,JWSZ04,2,0.7118851516914002,0.0,2.7118851516914004
PNSZ02,JWSZ08,3,0.7256912056581145,0.0,3.7256912056581144
PNSZ02,JWSZ09,7,0.7797734821851217,0.0,7.779773482185122
PNSZ02,KLSZ03,1,0.0,0.0,1.0
PNSZ02,ORSZ03,1,0.16987697841259025,0.0,1.1698769784125902
PNSZ02,OTSZ03,1,0.17518007518563283,0.0,1.175180075185633
PNSZ02,PNSZ01,2,0.13934296869087226,0.0,2.1393429686908725
PNSZ02,PRSZ02,1,0.14837020437558493,0.0,1.148370204375585
PNSZ02,SBSZ02,2,0.04186469071454715,0.0,2.0418646907145472
PNSZ02,TPSZ10,1,0.059420487045823624,0.0,1.0594204870458237
PNSZ02,TPSZ11,1,0.0,0.0,1.0
PNSZ02,TSSZ05,1,0.33462794422610653,0.0,1.3346279442261064
PNSZ02,WDSZ03,1,0.17706429890219685,0.0,1.1770642989021969
PNSZ02,YSSZ09,1,0.15285525916728848,0.0,1.1528552591672885
PNSZ03,AMSZ07,1,0.0,0.0,1.0
PNSZ03,BKSZ09,1,0.0,0.0,1.0
PNSZ03,BPSZ03,1,0.0,0.0,1.0
PNSZ03,CKSZ04,1,0.0,0.0,1.0
PNSZ03,CKSZ06,1,0.0,0.0,1.0
PNSZ03,JWSZ01,1,0.0,0.0,1.0
PNSZ03,JWSZ08,1,0.0,0.0,1.0
PNSZ03,PNSZ01,3,0.0,0.0,3.0
PNSZ03,RCSZ09,1,0.0,0.0,1.0
PNSZ03,SESZ03,1,0.0,0.0,1.0
PNSZ03,TPSZ11,1,0.0,0.0,1.0
PNSZ03,WDSZ01,1,0.0,0.0,1.0
PNSZ04,JESZ03,1,0.0,0.0,1.0
PNSZ04,TPSZ06,1,0.0,0.0,1.0
PNSZ05,BKSZ02,1,0.0,0.0,1.0
PNSZ05,BMSZ08,1,0.0,0.0,1.0
PNSZ05,BPSZ02,1,0.0,0.0,1.0
PNSZ05,BPSZ03,1,0.0,0.0,1.0
PNSZ05,CKSZ02,2,0.0,0.0,2.0
PNSZ05,CKSZ03,1,0.0,0.0,1.0
PNSZ05,HGSZ07,1,0.0,0.0,1.0
PNSZ05,SBSZ01,1,0.0,0.0,1.0
PNSZ05,SESZ06,1,0.0,0.0,1.0
PNSZ05,TMSZ02,1,0.0,0.0,1.0
PNSZ05,TMSZ03,2,0.0,0.0,2.0
PRSZ01,AMSZ10,1,0.0,0.0,1.0
PRSZ01,PGSZ04,1,0.0,0.0,1.0
PRSZ01,PRSZ05,1,0.0,0.0,1.0
PRSZ01,TMSZ02,1,0.0,0.0,1.0
PRSZ02,BDSZ01,2,1.130199651730236,0.0,3.130199651730236
PRSZ02,BDSZ04,2,1.736525670989503,0.0,3.736525670989503
PRSZ02,BKSZ01,1,0.0,0.0,1.0
PRSZ02,BLSZ02,1,0.10670576541217733,0.0,1.1067057654121772
PRSZ02,BMSZ02,1,0.3144893583524172,0.0,1.314489358352417
PRSZ02,BMSZ05,2,0.414430059676574,0.0,2.414430059676574
PRSZ02,BMSZ17,1,0.29928916651301474,0.0,1.2992891665130148
PRSZ02,CHSZ02,4,0.6618398124762171,0.0,4.6618398124762175
PRSZ02,CHSZ03,10,2.6927597252264324,0.0,12.692759725226432
PRSZ02,CLSZ04,1,0.05135645621581666,0.0,1.0513564562158166
PRSZ02,DTSZ01,3,0.16634469205810148,0.0,3.1663446920581015
PRSZ02,DTSZ02,1,0.30466064958045047,0.0,1.3046606495804505
PRSZ02,DTSZ03,2,0.4349561790575796,0.0,2.4349561790575796
PRSZ02,DTSZ05,1,0.2789653491120871,0.0,1.2789653491120871
PRSZ02,DTSZ11,2,0.4840609361541814,0.0,2.484060936154181
PRSZ02,HGSZ06,2,1.1116357379173427,0.0,3.111635737917343
PRSZ02,HGSZ08,1,0.45228383352790463,0.0,1.4522838335279047
PRSZ02,HGSZ09,1,0.02073550035039768,0.0,1.0207355003503977
PRSZ02,JESZ05,1,0.22911173981425523,0.0,1.2291117398142553
PRSZ02,KLSZ01,1,0.6652356013001346,0.0,1.6652356013001346
PRSZ02,MPSZ02,1,0.4112147556277904,0.0,1.4112147556277903
PRSZ02,MPSZ03,1,0.527198856182633,0.0,1.527198856182633
PRSZ02,MUSZ03,2,0.0958099427070957,0.0,2.0958099427070955
PRSZ02,NTSZ03,2,0.12433476216814067,0.0,2.1243347621681408
PRSZ02,NVSZ02,1,0.5704198481946615,0.0,1.5704198481946614
PRSZ02,PGSZ02,2,0.499265171786902,0.0,2.499265171786902
PRSZ02,PGSZ03,1,0.6054435813203048,0.0,1.605443581320305
PRSZ02,PLSZ01,1,0.47993499342142687,0.0,1.479934993421427
PRSZ02,PNSZ02,1,0.0,0.0,1.0
PRSZ02,PRSZ02,2,2.809357985945873,14.935069362822405,19.744427348768276
PRSZ02,PRSZ03,12,3.3718680555095157,4.114126085722294,19.48599414123181
PRSZ02,PRSZ05,2,3.1244694635500068,0.49901829512210866,5.623487758672115
PRSZ02,QTSZ08,2,0.648913071660232,0.0,2.648913071660232
PRSZ02,QTSZ09,1,0.02847728569489034,0.0,1.0284772856948903
PRSZ02,QTSZ10,1,0.1952389731623218,0.0,1.1952389731623219
PRSZ02,QTSZ14,1,0.35933640708402326,0.0,1.3593364070840233
PRSZ02,RCSZ10,2,0.2651004105302084,0.0,2.2651004105302084
PRSZ02,RVSZ03,1,0.0,0.0,1.0
PRSZ02,SBSZ08,1,0.12144953150777356,0.0,1.1214495315077735
PRSZ02,SESZ02,2,1.3030059328856012,0.0,3.3030059328856014
PRSZ02,SESZ03,1,1.5586748589309896,0.0,2.5586748589309893
PRSZ02,SGSZ03,1,0.5157857116931553,0.0,1.5157857116931552
PRSZ02,SGSZ06,1,0.3096227665126587,0.0,1.3096227665126587
PRSZ02,TMSZ01,1,1.5432757081735782,0.36246750447267095,2.905743212646249
PRSZ02,TMSZ02,6,3.1832842381974107,0.9275655832683518,10.110849821465763
PRSZ02,TMSZ03,2,1.8973473541844568,0.16193139599663744,4.059278750181094
PRSZ02,TMSZ04,5,1.8432174864485482,0.0,6.843217486448548
PRSZ02,TPSZ06,1,0.3927862414066777,0.0,1.3927862414066778
PRSZ02,WCSZ01,1,0.4631508301672995,0.0,1.4631508301672995
PRSZ02,WDSZ02,1,0.4547599933053534,0.0,1.4547599933053534
PRSZ02,WDSZ03,1,0.4692288164435208,0.0,1.4692288164435208
PRSZ02,YSSZ05,1,0.2724410801451926,0.0,1.2724410801451926
PRSZ03,AMSZ08,1,0.11584411282267851,0.0,1.1158441128226786
PRSZ03,BDSZ02,1,0.7046190331092522,0.0,1.7046190331092523
PRSZ03,BDSZ03,3,0.791763334117948,0.0,3.791763334117948
PRSZ03,BDSZ04,5,1.7245266301943205,0.0,6.724526630194321
PRSZ03,BDSZ05,2,0.9231891550550053,0.0,2.923189155055005
PRSZ03,BDSZ06,4,1.4773363646373894,0.0,5.47733636463739
PRSZ03,BKSZ04,1,0.06737289015764525,0.0,1.0673728901576451
PRSZ03,BKSZ05,1,0.3043528052641168,0.0,1.304352805264117
PRSZ03,BMSZ02,1,0.36613673766485205,0.0,1.366136737664852
PRSZ03,BMSZ04,1,0.19947021013698335,0.0,1.1994702101369834
PRSZ03,BMSZ05,2,0.4792044201493605,0.0,2.4792044201493604
PRSZ03,BMSZ08,1,0.22975240031064953,0.0,1.2297524003106495
PRSZ03,BMSZ13,2,0.09925390865154507,0.0,2.099253908651545
PRSZ03,BSSZ01,1,0.49164236243387144,0.0,1.4916423624338715
PRSZ03,BSSZ02,1,0.37739647064903886,0.0,1.377396470649039
PRSZ03,BTSZ01,1,0.3901863468831358,0.0,1.390186346883136
PRSZ03,CHSZ02,1,0.3631484923784354,0.0,1.3631484923784354
PRSZ03,CHSZ03,4,1.8864762379834796,0.0,5.88647623798348
PRSZ03,CLSZ07,1,0.10158595318473743,0.0,1.1015859531847374
PRSZ03,DTSZ01,3,0.4164808518976509,0.0,3.416480851897651
PRSZ03,DTSZ02,5,0.6120250051999289,0.0,5.6120250051999285
PRSZ03,DTSZ03,1,0.32739048623231115,0.0,1.3273904862323112
PRSZ03,DTSZ05,10,0.7799712101771007,0.0,10.7799712101771
PRSZ03,DTSZ06,1,0.03879603454522415,0.0,1.038796034545224
PRSZ03,DTSZ08,1,0.35501268061178914,0.0,1.355012680611789
PRSZ03,DTSZ10,1,0.04067271884832861,0.0,1.0406727188483287
PRSZ03,DTSZ11,5,0.37265656446214346,0.0,5.372656564462144
PRSZ03,GLSZ02,2,0.34138021770316873,0.0,2.341380217703169
PRSZ03,GLSZ03,1,0.4880866619253257,0.0,1.4880866619253257
PRSZ03,GLSZ04,3,0.93425712213551,0.0,3.9342571221355103
PRSZ03,GLSZ05,6,1.7310140825231766,0.0,7.731014082523177
PRSZ03,HGSZ06,1,0.5163667000334876,0.0,1.5163667000334877
PRSZ03,HGSZ08,1,0.3653134349223116,0.0,1.3653134349223115
PRSZ03,HGSZ09,1,0.019354687358178232,0.0,1.0193546873581782
PRSZ03,JESZ06,1,0.07713139629849149,0.0,1.0771313962984914
PRSZ03,JESZ09,1,0.11088535499543897,0.0,1.110885354995439
PRSZ03,JWSZ09,1,0.9434691852044341,0.0,1.9434691852044341
PRSZ03,KLSZ01,1,0.5639108631531534,0.0,1.5639108631531533
PRSZ03,KLSZ06,3,0.38528151838363467,0.0,3.3852815183836347
PRSZ03,KLSZ08,2,0.5482089504150437,0.0,2.548208950415044
PRSZ03,KLSZ09,1,0.047328445685686116,0.0,1.0473284456856862
PRSZ03,MPSZ03,3,1.1205494942121506,0.0,4.120549494212151
PRSZ03,MSSZ01,1,0.0,0.0,1.0
PRSZ03,MUSZ03,1,0.04648529524682087,0.0,1.0464852952468209
PRSZ03,NTSZ03,2,0.1356716584584146,0.0,2.135671658458415
PRSZ03,NTSZ05,1,0.0,0.0,1.0
PRSZ03,NVSZ02,3,1.0717070329248979,0.0,4.071707032924898
PRSZ03,NVSZ03,1,0.13856857516715168,0.0,1.1385685751671517
PRSZ03,ORSZ02,3,0.9744579575473326,0.0,3.9744579575473327
PRSZ03,ORSZ03,1,0.2965502423539659,0.0,1.2965502423539659
PRSZ03,OTSZ03,5,0.7927229175168564,0.0,5.792722917516857
PRSZ03,OTSZ04,2,0.15401340147630255,0.0,2.1540134014763024
PRSZ03,PGSZ04,3,1.1417732004783092,0.0,4.141773200478309
PRSZ03,PGSZ05,1,0.5084576394817625,0.0,1.5084576394817626
PRSZ03,PLSZ01,1,0.32140023954331215,0.0,1.3214002395433122
PRSZ03,PLSZ04,1,0.06067806899587139,0.0,1.0606780689958715
PRSZ03,PRSZ02,14,3.316140971542918,1.989214447625592,19.30535541916851
PRSZ03,PRSZ03,15,11.791125360401274,48.67004132288587,75.46116668328715
PRSZ03,PRSZ04,4,0.998645902295131,0.9341677712461133,5.9328136735412444
PRSZ03,PRSZ05,15,4.885972151655577,1.3977730720433148,21.28374522369889
PRSZ03,PRSZ08,1,0.7270601768252586,0.007139998492891155,1.73420017531815
PRSZ03,QTSZ04,1,0.03527048521044503,0.0,1.035270485210445
PRSZ03,QTSZ06,1,0.08497751708876458,0.0,1.0849775170887646
PRSZ03,QTSZ08,8,1.494662532523504,0.0,9.494662532523504
PRSZ03,QTSZ09,1,0.02712039173920961,0.0,1.0271203917392095
PRSZ03,QTSZ10,1,0.31189256859585524,0.0,1.3118925685958551
PRSZ03,QTSZ13,2,0.26798380495731,0.0,2.26798380495731
PRSZ03,QTSZ14,1,0.3186009819438194,0.0,1.3186009819438194
PRSZ03,RCSZ10,2,0.26127281655251994,0.0,2.2612728165525198
PRSZ03,RVSZ05,1,0.20872770048007666,0.0,1.2087277004800767
PRSZ03,SBSZ03,1,0.36312456383460245,0.0,1.3631245638346026
PRSZ03,SESZ02,1,0.5543336881105259,0.0,1.5543336881105259
PRSZ03,SESZ03,3,1.2257394628512213,0.0,4.225739462851221
PRSZ03,SESZ04,2,1.0347533126960538,0.0,3.0347533126960538
PRSZ03,SESZ06,1,0.7592561260859826,0.0,1.7592561260859827
PRSZ03,SRSZ01,1,0.31283123887661823,0.0,1.3128312388766181
PRSZ03,SRSZ02,1,0.10334225787115635,0.0,1.1033422578711563
PRSZ03,TMSZ01,4,1.354272790491369,0.9701761818328272,6.324448972324197
PRSZ03,TMSZ02,9,4.1456696895116885,0.6197882903136824,13.76545797982537
PRSZ03,TMSZ03,5,1.716819908895489,0.41216590604278625,7.128985814938275
PRSZ03,TMSZ04,18,3.715364017092297,0.0,21.7153640170923
PRSZ03,TMSZ05,2,0.8479210686406448,0.0,2.8479210686406446
PRSZ03,TPSZ06,2,0.8383024171430202,0.0,2.8383024171430202
PRSZ03,TPSZ12,1,0.2334119496335192,0.0,1.2334119496335192
PRSZ03,TSSZ03,1,0.07554990504957723,0.0,1.0755499050495771
PRSZ03,WCSZ01,2,1.0289231237820577,0.0,3.0289231237820577
PRSZ03,YSSZ08,1,0.08964335574394063,0.0,1.0896433557439407
PRSZ04,BDSZ01,1,0.21386324862340958,0.0,1.2138632486234096
PRSZ04,BDSZ06,1,0.5801937531802942,0.0,1.580193753180294
PRSZ04,CCSZ01,1,0.08537025524469131,0.0,1.0853702552446913
PRSZ04,CHSZ03,2,0.7297788993039187,0.0,2.729778899303919
PRSZ04,DTSZ01,1,0.2785869006514223,0.0,1.2785869006514223
PRSZ04,DTSZ02,3,0.2516821754362652,0.0,3.2516821754362653
PRSZ04,DTSZ11,2,0.29382134229290413,0.0,2.293821342292904
PRSZ04,GLSZ04,1,0.17917393353331323,0.0,1.1791739335333133
PRSZ04,GLSZ05,1,0.20344608114840054,0.0,1.2034460811484005
PRSZ04,HGSZ03,1,0.2322050602572639,0.0,1.2322050602572638
PRSZ04,JESZ05,1,0.30257861014848814,0.0,1.3025786101484882
PRSZ04,KLSZ08,1,0.2500874252440096,0.0,1.2500874252440095
PRSZ04,MUSZ01,1,0.08264083649493968,0.0,1.0826408364949396
PRSZ04,NVSZ02,1,0.4979127892641886,0.0,1.4979127892641886
PRSZ04,ORSZ02,1,0.2113129389860583,0.0,1.2113129389860582
PRSZ04,PGSZ03,1,0.17231369990742373,0.0,1.1723136999074237
PRSZ04,PRSZ03,1,1.2537636942236225,0.5208016363288671,2.7745653305524898
PRSZ04,PRSZ05,1,1.1180276523276103,0.24208380468608853,2.3601114570136987
PRSZ04,QTSZ09,1,0.01705007927238346,0.0,1.0170500792723836
PRSZ04,TMSZ01,1,0.70611026285564,0.0,1.7061102628556402
PRSZ04,TMSZ02,1,1.427123876255563,0.23712300734874373,2.664246883604307
PRSZ04,TMSZ04,3,0.60338999776998,0.0,3.60338999776998
PRSZ04,TMSZ05,2,0.30956648758138483,0.0,2.309566487581385
PRSZ05,AMSZ03,1,0.4558985448193713,0.0,1.4558985448193713
PRSZ05,AMSZ10,3,1.043951588449055,0.0,4.043951588449055
PRSZ05,BDSZ04,5,1.6567606789622413,0.0,6.656760678962241
PRSZ05,BMSZ01,1,0.3084493569391026,0.0,1.3084493569391027
PRSZ05,BMSZ03,1,0.309969668349981,0.0,1.309969668349981
PRSZ05,BMSZ07,1,0.5870784126552392,0.0,1.5870784126552393
PRSZ05,BSSZ01,1,0.621297461570896,0.0,1.621297461570896
PRSZ05,BSSZ02,1,0.4614454105175008,0.0,1.4614454105175008
PRSZ05,BTSZ01,2,0.9084011406398148,0.0,2.908401140639815
PRSZ05,CHSZ02,4,0.5659268822563771,0.0,4.565926882256377
PRSZ05,CHSZ03,5,1.7300779943459033,0.0,6.730077994345903
PRSZ05,DTSZ01,3,0.42481833498708743,0.0,3.4248183349870875
PRSZ05,DTSZ02,3,0.8026383811217278,0.0,3.802638381121728
PRSZ05,DTSZ03,2,0.6141754304650869,0.0,2.614175430465087
PRSZ05,DTSZ05,3,0.7894006964903572,0.0,3.789400696490357
PRSZ05,DTSZ08,4,0.5093406403050023,0.0,4.509340640305002
PRSZ05,DTSZ11,3,1.0765897954585715,0.0,4.076589795458571
PRSZ05,GLSZ01,1,0.6355085217621559,0.0,1.6355085217621559
PRSZ05,GLSZ03,6,1.4060642459935293,0.0,7.406064245993529
PRSZ05,GLSZ05,3,1.2959919287759203,0.0,4.29599192877592
PRSZ05,HGSZ06,1,0.766355313657372,0.0,1.766355313657372
PRSZ05,JESZ05,1,0.4838571548677309,0.0,1.4838571548677308
PRSZ05,JWSZ09,1,0.9436385969753256,0.0,1.9436385969753256
PRSZ05,KLSZ03,1,0.06598888621117963,0.0,1.0659888862111797
PRSZ05,KLSZ05,1,0.253565263155387,0.0,1.253565263155387
PRSZ05,KLSZ08,1,0.5269384382980825,0.0,1.5269384382980826
PRSZ05,MPSZ01,1,0.27996969411135586,0.0,1.2799696941113559
PRSZ05,MPSZ03,1,0.6803606786274277,0.0,1.6803606786274277
PRSZ05,MUSZ01,3,0.33107562260330514,0.0,3.331075622603305
PRSZ05,NTSZ03,2,0.2050035269593586,0.0,2.2050035269593584
PRSZ05,NVSZ02,3,1.196655440613627,0.0,4.196655440613627
PRSZ05,ORSZ02,8,1.292683595155075,0.0,9.292683595155076
PRSZ05,ORSZ03,2,0.5240656612148131,0.0,2.524065661214813
PRSZ05,OTSZ03,7,1.0131748406000443,0.0,8.013174840600044
PRSZ05,PGSZ04,2,1.9761627940758246,0.0,3.9761627940758246
PRSZ05,PGSZ05,1,0.804483104018977,0.0,1.804483104018977
PRSZ05,PLSZ04,1,0.08223610162364556,0.0,1.0822361016236455
PRSZ05,PRSZ01,1,0.0,0.0,1.0
PRSZ05,PRSZ02,3,1.7024720660041885,0.11386799893284698,4.816340064937036
PRSZ05,PRSZ03,23,4.1488540750468985,4.068392431588406,31.217246506635306
PRSZ05,PRSZ04,2,1.6365814182098943,0.6249955769456802,4.261576995155575
PRSZ05,PRSZ05,9,8.724985072099278,18.486356153854427,36.2113412259537
PRSZ05,PRSZ06,1,1.2206527202121809,0.0,2.220652720212181
PRSZ05,QTSZ08,2,0.722972902338846,0.0,2.722972902338846
PRSZ05,QTSZ11,2,0.7415367694866555,0.0,2.7415367694866557
PRSZ05,QTSZ12,1,0.1701191955858157,0.0,1.1701191955858157
PRSZ05,RCSZ01,2,0.28867491725306393,0.0,2.288674917253064
PRSZ05,RCSZ08,1,0.0,0.0,1.0
PRSZ05,RCSZ10,4,0.276839244239675,0.0,4.2768392442396745
PRSZ05,RVSZ05,1,0.2959464232875342,0.0,1.2959464232875342
PRSZ05,SESZ02,2,1.3418512232638016,0.0,3.3418512232638014
PRSZ05,SESZ03,4,1.277493182132055,0.0,5.277493182132055
PRSZ05,SGSZ02,1,0.16268823619073547,0.0,1.1626882361907356
PRSZ05,TMSZ02,8,6.3400444201335135,1.023045926778881,15.363090346912394
PRSZ05,TMSZ03,5,2.003819329861384,0.3876954700420388,7.391514799903423
PRSZ05,TMSZ04,9,9.635313954610787,1.295865791047867,19.931179745658653
PRSZ05,TMSZ05,5,1.9021791726805726,0.0,6.902179172680572
PRSZ05,TPSZ02,1,0.4561142253186755,0.0,1.4561142253186756
PRSZ05,TPSZ06,1,0.47808293167942734,0.0,1.4780829316794273
PRSZ05,WCSZ01,3,1.4693376039569697,0.0,4.469337603956969
PRSZ05,YSSZ01,1,0.3734410887972875,0.0,1.3734410887972874
PRSZ06,BDSZ04,2,0.4232963404967511,0.0,2.423296340496751
PRSZ06,BDSZ06,1,0.3697494193012182,0.0,1.3697494193012183
PRSZ06,BMSZ15,1,0.0,0.0,1.0
PRSZ06,CHSZ03,1,0.21499670048755093,0.0,1.2149967004875508
PRSZ06,HGSZ05,1,0.20939040042349932,0.0,1.2093904004234992
PRSZ06,HGSZ06,2,0.2976700179528374,0.0,2.2976700179528375
PRSZ06,PGSZ03,1,0.09290973431343236,0.0,1.0929097343134324
PRSZ06,PGSZ04,1,0.25195296788906757,0.0,1.2519529678890675
PRSZ06,PGSZ05,1,0.2121380966750116,0.0,1.2121380966750115
PRSZ06,PRSZ03,1,0.5940229431531808,0.0,1.5940229431531807
PRSZ06,PRSZ05,1,0.8879475133402651,0.0,1.887947513340265
PRSZ06,SESZ03,1,0.3334114001301539,0.0,1.3334114001301538
PRSZ06,SESZ06,1,0.37370794116817707,0.0,1.3737079411681772
PRSZ06,TMSZ02,5,1.0698653273843344,0.0,6.069865327384335
PRSZ06,TMSZ03,1,0.4494938219686106,0.0,1.4494938219686107
PRSZ06,TMSZ04,4,0.5105853533442076,0.0,4.510585353344208
PRSZ06,TPSZ11,1,0.09174883466406623,0.0,1.0917488346640662
PRSZ06,WDSZ03,1,0.11765300271329583,0.0,1.1176530027132958
PRSZ06,WDSZ04,1,0.07928674893156858,0.0,1.0792867489315685
PRSZ06,YSSZ04,1,0.2510762558542543,0.0,1.2510762558542543
PRSZ06,YSSZ09,1,0.16909717981139144,0.0,1.1690971798113914
PRSZ07,BDSZ04,1,0.8499396185744226,0.0,1.8499396185744226
PRSZ07,DTSZ02,1,0.12862096535869202,0.0,1.128620965358692
PRSZ07,GLSZ04,1,0.17756051464456507,0.0,1.1775605146445651
PRSZ07,TMSZ02,1,1.248398619485875,0.0,2.248398619485875
PRSZ07,TMSZ03,1,0.595480281937857,0.0,1.5954802819378568
PRSZ08,AMSZ01,1,0.22931681217227287,0.0,1.2293168121722728
PRSZ08,BDSZ01,1,0.2647699609238461,0.0,1.264769960923846
PRSZ08,BDSZ03,1,0.2859807077545125,0.0,1.2859807077545125
PRSZ08,BDSZ04,1,1.145956936211447,0.0,2.145956936211447
PRSZ08,BDSZ06,1,0.7658498300706739,0.0,1.7658498300706738
PRSZ08,BMSZ04,1,0.1527752248645005,0.0,1.1527752248645005
PRSZ08,BMSZ05,1,0.22027859240682315,0.0,1.2202785924068231
PRSZ08,BMSZ08,1,0.09937262448578951,0.0,1.0993726244857895
PRSZ08,BTSZ08,1,0.024570399535184327,0.0,1.0245703995351843
PRSZ08,CHSZ03,1,0.5401440297124313,0.0,1.5401440297124314
PRSZ08,CKSZ06,1,0.13235736766400535,0.0,1.1323573676640053
PRSZ08,DTSZ02,1,0.20566263798498835,0.0,1.2056626379849884
PRSZ08,DTSZ05,1,0.16270354030396236,0.0,1.1627035403039623
PRSZ08,DTSZ09,1,0.17869419071662526,0.0,1.1786941907166253
PRSZ08,GLSZ04,1,0.2644811077576961,0.0,1.264481107757696
PRSZ08,JESZ05,1,0.27749033211915974,0.0,1.2774903321191597
PRSZ08,JWSZ09,1,0.9999654761567714,0.0,1.9999654761567713
PRSZ08,MUSZ03,2,0.08747938149320318,0.0,2.0874793814932033
PRSZ08,NVSZ02,3,0.52738261592478,0.0,3.52738261592478
PRSZ08,PGSZ02,1,0.18412808711813575,0.0,1.1841280871181357
PRSZ08,PRSZ03,1,0.9298602604336971,0.3154255335846284,2.2452857940183253
PRSZ08,PRSZ06,1,0.1965150014691995,0.0,1.1965150014691994
PRSZ08,PRSZ08,1,1.1135022211971177,0.8024429140632064,2.9159451352603245
PRSZ08,QTSZ08,1,0.21402776801179849,0.0,1.2140277680117986
PRSZ08,SESZ03,1,0.5905636797903963,0.0,1.5905636797903964
PRSZ08,TMSZ02,7,5.0467980945739965,1.5107102035763966,13.557508298150394
PRSZ08,TMSZ03,1,0.7255434912937377,0.0,1.7255434912937377
PRSZ08,TMSZ04,2,2.088120390576508,0.28284360658160235,4.3709639971581105
PRSZ08,TMSZ05,1,0.24808970029630653,0.08860279429811856,1.336692494594425
PRSZ08,TPSZ01,1,0.0976195369861692,0.0,1.0976195369861692
QTSZ01,AMSZ01,1,0.272338526471622,0.0,1.272338526471622
QTSZ01,AMSZ10,1,0.29311875641505253,0.0,1.2931187564150526
QTSZ01,BDSZ01,1,0.24915307196865774,0.0,1.2491530719686577
QTSZ01,BDSZ03,1,0.3078494998972685,0.0,1.3078494998972685
QTSZ01,BKSZ05,2,0.6520353101169266,0.0,2.6520353101169265
QTSZ01,BMSZ01,1,0.36578257993639085,0.0,1.3657825799363907
QTSZ01,BMSZ02,3,0.26080023211040415,0.0,3.2608002321104044
QTSZ01,BMSZ04,2,0.1605544474808309,0.0,2.160554447480831
QTSZ01,BMSZ06,1,0.5117312756517985,0.0,1.5117312756517984
QTSZ01,BPSZ03,1,0.1702463931421893,0.0,1.1702463931421894
QTSZ01,BSSZ01,2,0.6978222547341255,0.0,2.6978222547341257
QTSZ01,BTSZ04,1,0.8256506390387932,0.7096794641201373,2.5353301031589304
QTSZ01,BTSZ07,1,0.5658316216595705,1.094215331682508,2.6600469533420785
QTSZ01,CHSZ03,1,0.768627114162554,0.0,1.768627114162554
QTSZ01,CLSZ04,2,0.7293793341485528,1.2922846002983073,4.0216639344468605
QTSZ01,CLSZ06,3,0.8550811539683808,1.4473248497101043,5.3024060036784855
QTSZ01,DTSZ03,1,0.2443890335949436,0.0,1.2443890335949437
QTSZ01,DTSZ08,1,0.19545822909181176,0.0,1.1954582290918117
QTSZ01,DTSZ09,2,0.1637977212480614,0.0,2.1637977212480615
QTSZ01,DTSZ11,1,0.2225878821661412,0.0,1.2225878821661411
QTSZ01,GLSZ04,1,0.2905945099641599,0.0,1.2905945099641598
QTSZ01,HGSZ08,1,0.1480549838498285,0.0,1.1480549838498284
QTSZ01,JESZ02,1,0.1691601671535318,0.0,1.1691601671535319
QTSZ01,JESZ03,1,0.36742925208025007,0.0,1.36742925208025
QTSZ01,JESZ05,4,0.49346022296371034,0.0,4.49346022296371
QTSZ01,JESZ06,1,0.14326772052703443,0.0,1.1432677205270345
QTSZ01,KLSZ09,1,0.011361935125875794,0.0,1.0113619351258758
QTSZ01,MUSZ03,3,0.02988420220513804,0.0,3.029884202205138
QTSZ01,OTSZ03,1,0.44985404744773,0.0,1.44985404744773
QTSZ01,QTSZ01,2,0.5878265701293418,17.519146021279607,20.106972591408947
QTSZ01,QTSZ02,1,0.1730889450681671,0.4789435295590944,1.6520324746272617
QTSZ01,QTSZ04,1,0.2273526073618885,0.20087256772489762,1.4282251750867863
QTSZ01,QTSZ05,3,0.9097731412174964,0.41946456057474885,4.329237701792245
QTSZ01,QTSZ08,3,1.631099329971499,1.8310571406511307,6.462156470622629
QTSZ01,QTSZ09,1,0.042665097691505,0.0,1.042665097691505
QTSZ01,QTSZ12,4,0.6068376310773946,0.0,4.606837631077394
QTSZ01,QTSZ13,1,0.3780883809989156,0.007164721941855822,1.3852531029407713
QTSZ01,QTSZ14,4,0.46816698739577156,0.0,4.4681669873957715
QTSZ01,RCSZ10,1,0.13390680876779995,0.0,1.1339068087678
QTSZ01,SESZ03,1,0.5325318420502293,0.0,1.5325318420502292
QTSZ01,SGSZ04,1,0.5559461541512709,0.0,1.555946154151271
QTSZ01,TMSZ02,1,0.48314131328914495,0.0,1.483141313289145
QTSZ01,TNSZ03,1,0.017494463666938315,0.0,1.0174944636669383
QTSZ01,TSSZ05,1,0.4277433993604678,0.0,1.4277433993604678
QTSZ01,WDSZ09,2,0.20903520947556584,0.0,2.209035209475566
QTSZ02,AMSZ03,1,0.07058175808193032,0.0,1.0705817580819303
QTSZ02,AMSZ10,1,0.10709903895046709,0.0,1.1070990389504671
QTSZ02,AMSZ11,1,0.008981851919393139,0.0,1.0089818519193932
QTSZ02,BDSZ01,1,0.05589810098890392,0.0,1.055898100988904
QTSZ02,BKSZ05,1,0.19366679364958148,0.0,1.1936667936495815
QTSZ02,BKSZ07,1,0.11217159918790758,0.0,1.1121715991879075
QTSZ02,BKSZ09,1,0.10024321959751709,0.0,1.1002432195975171
QTSZ02,BMSZ01,3,0.28979340569051604,0.0,3.2897934056905163
QTSZ02,BMSZ05,1,0.09997695070983485,0.0,1.099976950709835
QTSZ02,BMSZ07,1,0.18493393003118297,0.06001718961333477,1.2449511196445178
QTSZ02,BPSZ02,1,0.04448903653152284,0.0,1.044489036531523
QTSZ02,BPSZ05,1,0.10300881934944124,0.0,1.1030088193494412
QTSZ02,CKSZ03,1,0.185246243464621,0.0,1.185246243464621
QTSZ02,CLSZ04,1,0.12751139373331066,0.09474659133974227,1.2222579850730528
QTSZ02,CLSZ06,1,0.14137464084056586,0.0,1.1413746408405658
QTSZ02,DTSZ02,2,0.10074339037532311,0.0,2.100743390375323
QTSZ02,DTSZ03,1,0.12793913679097346,0.0,1.1279391367909735
QTSZ02,DTSZ05,2,0.11762644274484309,0.0,2.117626442744843
QTSZ02,DTSZ06,1,0.009488556086605114,0.0,1.0094885560866051
QTSZ02,DTSZ08,1,0.06097955172522258,0.0,1.0609795517252225
QTSZ02,GLSZ04,1,0.13308731713655528,0.0,1.1330873171365552
QTSZ02,HGSZ04,1,0.06436753115786588,0.0,1.064367531157866
QTSZ02,HGSZ06,1,0.14623427016657137,0.0,1.1462342701665713
QTSZ02,HGSZ07,1,0.14913063768113183,0.0,1.1491306376811319
QTSZ02,JESZ03,2,0.27742535802225626,0.0,2.2774253580222563
QTSZ02,JESZ09,1,0.07000731991361889,0.0,1.0700073199136189
QTSZ02,JWSZ03,2,0.11516667873768671,0.0,2.115166678737687
QTSZ02,JWSZ08,1,0.1329028311998881,0.0,1.132902831199888
QTSZ02,KLSZ09,1,0.028087036915707558,0.0,1.0280870369157076
QTSZ02,MPSZ03,1,0.11933096724862555,0.0,1.1193309672486256
QTSZ02,NVSZ01,1,0.22997737717531086,0.0,1.2299773771753109
QTSZ02,NVSZ03,1,0.07350399479130038,0.0,1.0735039947913003
QTSZ02,NVSZ05,1,0.0,0.0,1.0
QTSZ02,ORSZ02,2,0.16937421543432268,0.0,2.1693742154343227
QTSZ02,ORSZ03,1,0.060603540980312516,0.0,1.0606035409803125
QTSZ02,OTSZ03,1,0.17066767498668087,0.0,1.170667674986681
QTSZ02,OTSZ04,1,0.03204996306248149,0.0,1.0320499630624815
QTSZ02,PGSZ05,1,0.07369051238572458,0.0,1.0736905123857245
QTSZ02,PNSZ01,1,0.034533865420677864,0.0,1.034533865420678
QTSZ02,QTSZ01,1,0.2515648000135154,0.34272604762763476,1.5942908476411501
QTSZ02,QTSZ02,1,0.27659138027689356,7.759582878627389,9.036174258904282
QTSZ02,QTSZ06,1,0.15448414724035955,0.37629545504715467,1.5307796022875142
QTSZ02,QTSZ08,2,0.7549979704104915,0.3527009530545757,3.107698923465067
QTSZ02,QTSZ10,1,0.20820216766379696,0.35210272468446924,1.5603048923482663
QTSZ02,QTSZ11,3,0.18464930486993125,0.6217438647201518,3.8063931695900832
QTSZ02,QTSZ13,1,0.1580924946718336,0.002220462619135537,1.1603129572909692
QTSZ02,QTSZ14,1,0.09975772816624529,0.03792326310811381,1.1376809912743593
QTSZ02,SISZ01,1,0.05702833108092479,0.0,1.0570283310809248
QTSZ02,TSSZ05,1,0.10437155422886174,0.0,1.1043715542288617
QTSZ02,WDSZ01,1,0.033270135966757715,0.0,1.0332701359667578
QTSZ02,WDSZ06,1,0.13789307737162554,0.0,1.1378930773716256
QTSZ02,YSSZ02,1,0.039285250507636565,0.0,1.0392852505076366
QTSZ02,YSSZ03,1,0.1076671039931958,0.0,1.1076671039931958
QTSZ02,YSSZ09,1,0.11024960066942739,0.0,1.1102496006694274
QTSZ03,BLSZ02,1,0.011995532171736044,0.0,1.011995532171736
QTSZ03,BMSZ02,1,0.06495436595850503,0.015109046436792346,1.0800634123952975
QTSZ03,BMSZ08,1,0.146077752910609,0.13747771847379,1.283555471384399
QTSZ03,CHSZ03,1,0.18965914949251747,0.0,1.1896591494925175
QTSZ03,CLSZ04,1,0.1569487157242772,0.0,1.1569487157242773
QTSZ03,CLSZ06,1,0.16452581007819359,0.0,1.1645258100781937
QTSZ03,DTSZ10,1,0.0041389381420165175,0.0,1.0041389381420165
QTSZ03,KLSZ06,1,0.16449287514232086,0.0,1.164492875142321
QTSZ03,KLSZ08,1,0.08657484743564792,0.0,1.086574847435648
QTSZ03,NVSZ02,1,0.16150991582293792,0.0,1.1615099158229378
QTSZ03,ORSZ02,2,0.12561295002838635,0.0,2.1256129500283865
QTSZ03,ORSZ03,1,0.07461950185157042,0.0,1.0746195018515705
QTSZ03,PNSZ02,1,0.0,0.0,1.0
QTSZ03,QTSZ03,1,0.26503665094463685,6.607241173798863,7.872277824743501
QTSZ03,QTSZ08,1,0.29391060935346386,0.27176921258393244,1.5656798219373962
QTSZ03,QTSZ11,2,0.18386661091901135,0.535145486900059,2.7190120978190704
QTSZ03,QTSZ13,1,0.11169863502576154,0.00387111016389342,1.1155697451896551
QTSZ03,RCSZ01,1,0.04312572953799955,0.0,1.0431257295379996
QTSZ03,SESZ02,1,0.14497041901265256,0.0,1.1449704190126526
QTSZ03,SGSZ06,1,0.12252791366533138,0.0,1.1225279136653314
QTSZ03,SKSZ04,1,0.04509973689783493,0.0,1.045099736897835
QTSZ03,TNSZ04,1,0.31231887165710154,0.42943163662685174,1.7417505082839533
QTSZ03,TPSZ02,1,0.12633446822695388,0.0,1.1263344682269538
QTSZ04,AMSZ01,1,0.04561648679062776,0.0,1.0456164867906277
QTSZ04,BDSZ04,1,0.07689033953696064,0.0,1.0768903395369607
QTSZ04,BKSZ02,1,0.04468030750141668,0.0,1.0446803075014166
QTSZ04,BKSZ05,1,0.07828579030665704,0.0,1.078285790306657
QTSZ04,BKSZ07,2,0.0998983583240218,0.0,2.0998983583240216
QTSZ04,BMSZ03,2,0.15501835936453962,0.24521601650093747,2.400234375865477
QTSZ04,BMSZ04,1,0.05465565195066551,0.0,1.0546556519506656
QTSZ04,BMSZ06,1,0.03398458026071262,0.5780136518431573,1.61199823210387
QTSZ04,BMSZ07,2,0.07070540782110091,0.09664443383776078,2.1673498416588615
QTSZ04,BMSZ08,1,0.04275266608928785,0.07608096276762835,1.1188336288569163
QTSZ04,BMSZ12,1,0.046609909649667415,0.0405151669915282,1.0871250766411957
QTSZ04,BTSZ01,1,0.07241850255829821,0.0,1.0724185025582982
QTSZ04,CHSZ03,1,0.08999133903392173,0.0,1.0899913390339218
QTSZ04,CKSZ03,2,0.16817743067412283,0.0,2.168177430674123
QTSZ04,CLSZ04,2,0.07774182687724233,0.0,2.0777418268772423
QTSZ04,CLSZ06,1,0.07220841109652902,0.0,1.072208411096529
QTSZ04,CLSZ07,1,0.0753112524328035,0.02994756229779178,1.1052588147305953
QTSZ04,DTSZ05,1,0.0345226558747864,0.0,1.0345226558747864
QTSZ04,DTSZ09,1,0.01975927666384402,0.0,1.019759276663844
QTSZ04,DTSZ11,2,0.028047486169648087,0.0,2.028047486169648
QTSZ04,GLSZ03,1,0.033311292352741294,0.0,1.0333112923527412
QTSZ04,GLSZ04,1,0.05626237800363085,0.0,1.0562623780036309
QTSZ04,HGSZ08,1,0.026986976987141923,0.0,1.026986976987142
QTSZ04,JESZ01,1,0.024194740648040017,0.0,1.02419474064804
QTSZ04,JESZ05,3,0.2389559249981969,0.0,3.238955924998197
QTSZ04,JWSZ09,2,0.12439552788807597,0.0,2.124395527888076
QTSZ04,ORSZ03,1,0.03841214886731066,0.0,1.0384121488673106
QTSZ04,OTSZ03,2,0.13949876819703078,0.0,2.139498768197031
QTSZ04,PRSZ03,1,0.06661165476197184,0.0,1.0666116547619717
QTSZ04,QTSZ04,1,0.034418484412799745,5.706218630534565,6.740637114947365
QTSZ04,QTSZ05,4,0.15079426358108453,0.4126483286632592,4.563442592244344
QTSZ04,QTSZ06,4,0.08021177955296392,0.9832129518590073,5.063424731411971
QTSZ04,QTSZ08,4,0.16767807493742853,0.3219512873784424,4.4896293623158705
QTSZ04,QTSZ10,2,0.09158511113804843,0.36903941804321677,2.460624529181265
QTSZ04,QTSZ11,1,0.04586193647200362,0.14056216253775722,1.186424099009761
QTSZ04,SBSZ03,1,0.06071484025291907,0.0,1.0607148402529192
QTSZ04,SRSZ01,1,0.03481886326363896,0.0,1.034818863263639
QTSZ04,TNSZ01,1,0.02562507735852704,0.0,1.0256250773585271
QTSZ04,TPSZ01,1,0.029245297833504987,0.0,1.029245297833505
QTSZ04,TPSZ02,1,0.05735794851111993,0.0,1.05735794851112
QTSZ04,TPSZ06,1,0.0435452529734127,0.0,1.0435452529734126
QTSZ04,WCSZ01,1,0.042237618030490615,0.0,1.0422376180304906
QTSZ05,AMSZ01,1,0.3764295948743387,0.0,1.3764295948743386
QTSZ05,BKSZ04,2,0.34142433587030097,0.0,2.341424335870301
QTSZ05,BKSZ05,2,0.8348108083749305,0.0,2.8348108083749306
QTSZ05,BLSZ02,1,0.12743841343098194,0.0,1.127438413430982
QTSZ05,BMSZ01,3,0.7449172768931547,0.1755679262841693,3.920485203177324
QTSZ05,BMSZ03,1,0.9014442321394968,0.5207306348771241,2.4221748670166208
QTSZ05,BMSZ04,2,0.4702065204784622,0.5288814115639742,2.9990879320424364
QTSZ05,BMSZ05,2,0.42972540939959303,0.0,2.429725409399593
QTSZ05,BMSZ07,1,0.8366398691117793,0.3266373377709844,2.1632772068827637
QTSZ05,BMSZ08,1,0.3914427420738145,0.17443509599172827,1.5658778380655427
QTSZ05,BMSZ09,1,0.25836256642786043,0.023376968766062885,1.2817395351939234
QTSZ05,BMSZ12,3,0.8006489361436474,0.472721337390793,4.27337027353444
QTSZ05,BMSZ15,2,0.354800457468991,0.038546541853786545,2.3933469993227776
QTSZ05,BPSZ03,1,0.22369522800408476,0.0,1.2236952280040847
QTSZ05,BPSZ05,2,0.42415467872265367,0.0,2.4241546787226538
QTSZ05,BPSZ06,1,0.22776665628959714,0.0,1.2277666562895972
QTSZ05,BSSZ01,1,0.7750846443554888,0.0,1.7750846443554888
QTSZ05,BSSZ02,2,0.5113016217755177,0.0,2.5113016217755177
QTSZ05,BTSZ08,1,0.5115632694530488,0.15893493463983993,1.6704982040928886
QTSZ05,CKSZ03,1,0.3347725705321041,0.0,1.334772570532104
QTSZ05,CLSZ01,1,0.12024540896686892,0.0,1.120245408966869
QTSZ05,CLSZ04,1,0.27381530859454994,0.0,1.2738153085945498
QTSZ05,CLSZ06,2,0.19657110186020463,0.0,2.1965711018602048
QTSZ05,DTSZ01,1,0.4105341106331787,0.0,1.4105341106331788
QTSZ05,DTSZ02,3,0.7956651115054262,0.0,3.7956651115054263
QTSZ05,DTSZ05,8,0.8523636350805834,0.0,8.852363635080584
QTSZ05,DTSZ07,1,0.19034710524595477,0.0,1.1903471052459547
QTSZ05,DTSZ08,2,0.4157505464684795,0.0,2.4157505464684794
QTSZ05,DTSZ11,3,0.6046572079187494,0.0,3.6046572079187493
QTSZ05,GLSZ03,1,0.4197076572051238,0.0,1.419707657205124
QTSZ05,KLSZ06,1,0.43375990238186063,0.0,1.4337599023818606
QTSZ05,KLSZ08,3,0.6099822859548782,0.0,3.609982285954878
QTSZ05,KLSZ09,2,0.0862494049999411,0.0,2.086249404999941
QTSZ05,MUSZ01,2,0.23366123647421358,0.0,2.2336612364742137
QTSZ05,MUSZ03,3,0.1430794088532411,0.0,3.143079408853241
QTSZ05,NVSZ02,1,0.719077726089265,0.0,1.7190777260892651
QTSZ05,NVSZ03,1,0.23826999588576425,0.0,1.2382699958857644
QTSZ05,ORSZ01,1,0.10918123229312476,0.0,1.1091812322931247
QTSZ05,ORSZ02,4,0.9657113091710297,0.33212143793030113,5.297832747101331
QTSZ05,ORSZ03,5,0.2851893298409797,0.376012092557685,5.661201422398665
QTSZ05,OTSZ01,1,0.07736960470284958,0.0,1.0773696047028496
QTSZ05,OTSZ03,6,0.7209603278450666,0.0,6.7209603278450665
QTSZ05,OTSZ04,1,0.1832948730888493,0.0,1.1832948730888493
QTSZ05,PGSZ03,2,0.40405483245795404,0.0,2.404054832457954
QTSZ05,PGSZ04,1,0.7277856144873004,0.0,1.7277856144873005
QTSZ05,PLSZ04,1,0.051880228119299925,0.0,1.0518802281192998
QTSZ05,QTSZ01,2,0.9538757868807762,0.2833808569008144,3.2372566437815906
QTSZ05,QTSZ04,3,0.56219664256134,0.1954557328435839,3.7576523754049242
QTSZ05,QTSZ05,4,6.160733383161036,34.093766369133974,44.25449975229501
QTSZ05,QTSZ06,4,0.6226911371472715,0.2351156823304157,4.8578068194776876
QTSZ05,QTSZ08,3,1.6290083691732236,0.3551321380596046,4.984140507232828
QTSZ05,QTSZ09,1,0.07684425997054559,0.0,1.0768442599705457
QTSZ05,QTSZ10,3,0.7437178590133716,0.6637380873912797,4.407455946404651
QTSZ05,QTSZ11,3,0.574301585228508,0.0,3.574301585228508
QTSZ05,QTSZ12,1,0.3874030635227801,0.0,1.38740306352278
QTSZ05,QTSZ13,1,0.44351564193118304,0.002278751960433279,1.4457943938916162
QTSZ05,QTSZ14,1,0.4373678823485161,0.027449958879332444,1.4648178412278485
QTSZ05,RCSZ01,1,0.15480142335788372,0.0,1.1548014233578838
QTSZ05,RCSZ06,1,0.0,0.0,1.0
QTSZ05,SESZ06,1,0.6423958608861762,0.0,1.6423958608861762
QTSZ05,SGSZ02,1,0.1299663684439792,0.0,1.1299663684439791
QTSZ05,SGSZ07,1,0.10982300551079557,0.0,1.1098230055107956
QTSZ05,SRSZ01,1,0.3672090791577377,0.015931958590189102,1.3831410377479267
QTSZ05,SRSZ03,1,0.252072417820509,0.0,1.252072417820509
QTSZ05,TMSZ03,1,0.6118037635563992,0.0,1.611803763556399
QTSZ05,TMSZ04,2,0.7425738003704214,0.0,2.7425738003704216
QTSZ05,TSSZ05,1,0.742844538870827,0.0,1.742844538870827
QTSZ05,WCSZ01,1,0.39121265953107487,0.0,1.391212659531075
QTSZ05,WDSZ01,1,0.13110578176780469,0.0,1.1311057817678047
QTSZ05,WDSZ03,1,0.5477071569899838,0.0,1.5477071569899838
QTSZ05,WDSZ09,1,0.1720796814186671,0.0,1.1720796814186671
QTSZ05,YSSZ01,1,0.26695451342648213,0.0,1.2669545134264821
QTSZ06,AMSZ01,2,0.11241455636955568,0.0,2.1124145563695556
QTSZ06,BDSZ05,1,0.20174158637335288,0.0,1.201741586373353
QTSZ06,BKSZ07,1,0.0934069562649739,0.0,1.093406956264974
QTSZ06,BMSZ01,2,0.3074804396621869,0.4319243057019815,2.7394047453641686
QTSZ06,BMSZ02,3,0.06883475348559667,1.6835074006939357,4.752342154179533
QTSZ06,BMSZ04,2,0.17089089076879047,0.6368946215005997,2.80778551226939
QTSZ06,BMSZ06,2,0.08182444925069951,0.2440052127733757,2.3258296620240753
QTSZ06,BMSZ08,3,0.09759625860503678,1.7036530777958976,4.801249336400934
QTSZ06,BMSZ09,1,0.035986700962950584,0.06145448417454894,1.0974411851374997
QTSZ06,BMSZ12,1,0.24206584832916744,0.2995776157848833,1.5416434641140508
QTSZ06,BPSZ04,1,0.10786972693876833,0.0,1.1078697269387683
QTSZ06,BSSZ03,1,0.11938912799524189,0.0,1.119389127995242
QTSZ06,BTSZ01,2,0.19807321793457774,0.0,2.198073217934578
QTSZ06,BTSZ03,1,0.16444302489873036,0.0,1.1644430248987303
QTSZ06,CHSZ03,1,0.20905980956137693,0.0,1.209059809561377
QTSZ06,CLSZ01,1,0.037303989285245434,0.0,1.0373039892852454
QTSZ06,CLSZ04,2,0.16604576190231096,0.0,2.166045761902311
QTSZ06,CLSZ06,1,0.10958305368361908,0.0,1.109583053683619
QTSZ06,DTSZ01,1,0.11057832517431435,0.0,1.1105783251743144
QTSZ06,DTSZ03,1,0.12998437080402522,0.0,1.1299843708040251
QTSZ06,DTSZ05,3,0.20828388306646678,0.0,3.208283883066467
QTSZ06,DTSZ06,1,0.0074884072480145975,0.0,1.0074884072480146
QTSZ06,DTSZ10,1,0.009888819751790305,0.0,1.0098888197517903
QTSZ06,DTSZ11,4,0.07236580262636613,0.0,4.072365802626366
QTSZ06,GLSZ02,1,0.0747859955152422,0.0,1.0747859955152421
QTSZ06,GLSZ04,1,0.10124829287913156,0.0,1.1012482928791316
QTSZ06,GLSZ05,1,0.1017144100085728,0.0,1.1017144100085727
QTSZ06,JESZ01,1,0.06431419427800225,0.0,1.0643141942780023
QTSZ06,JESZ05,2,0.22515975080879874,0.0,2.225159750808799
QTSZ06,JESZ10,1,0.0,0.0,1.0
QTSZ06,JWSZ03,1,0.08400846191952929,0.0,1.0840084619195294
QTSZ06,JWSZ09,2,0.19083593116096847,0.0,2.1908359311609686
QTSZ06,KLSZ02,1,0.07008931939911527,0.0,1.0700893193991152
QTSZ06,KLSZ04,1,0.0,0.0,1.0
QTSZ06,MPSZ02,1,0.12853256146629202,0.0,1.128532561466292
QTSZ06,MSSZ01,1,0.0,0.0,1.0
QTSZ06,MUSZ03,1,0.014044140055122075,0.0,1.0140441400551221
QTSZ06,OTSZ01,1,0.011297399134866219,0.0,1.0112973991348662
QTSZ06,OTSZ02,1,0.03211422453425535,0.0,1.0321142245342554
QTSZ06,OTSZ03,4,0.30458716973785877,0.0,4.304587169737859
QTSZ06,OTSZ04,1,0.02585375339723862,0.0,1.0258537533972387
QTSZ06,PGSZ04,1,0.10261381393800101,0.0,1.102613813938001
QTSZ06,PLSZ04,1,0.014275065165890872,0.0,1.014275065165891
QTSZ06,PRSZ03,1,0.12837389050636183,0.0,1.1283738905063618
QTSZ06,QTSZ04,3,0.13377481995129503,1.0696734670208163,4.203448286972112
QTSZ06,QTSZ05,3,0.9313480722754252,0.4031435280077289,4.334491600283154
QTSZ06,QTSZ06,6,0.12793323237922888,14.080978638466483,20.20891187084571
QTSZ06,QTSZ08,5,1.52110018405013,2.3843452967611953,8.905445480811325
QTSZ06,QTSZ11,4,0.13764656736314138,0.6975767167074912,4.835223284070633
QTSZ06,QTSZ14,2,0.2181046797576174,0.30339909629653194,2.5215037760541494
QTSZ06,RCSZ01,1,0.04012527315515348,0.0,1.0401252731551536
QTSZ06,SBSZ04,1,0.08493959463475877,0.0,1.0849395946347589
QTSZ06,SESZ02,2,0.1197805655805938,0.0,2.119780565580594
QTSZ06,SESZ03,2,0.22758100029630163,0.0,2.2275810002963015
QTSZ06,SESZ06,1,0.14548983342806684,0.0,1.1454898334280668
QTSZ06,SRSZ01,3,0.02034967630792221,0.0,3.020349676307922
QTSZ06,TPSZ02,1,0.12100847789207883,0.0,1.1210084778920788
QTSZ06,TPSZ03,1,0.03986743690858249,0.0,1.0398674369085825
QTSZ06,WDSZ01,1,0.044846842884085476,0.0,1.0448468428840856
QTSZ06,WDSZ08,1,0.08733970516555445,0.0,1.0873397051655544
QTSZ06,WDSZ09,1,0.039149456191043694,0.0,1.0391494561910437
QTSZ06,YSSZ01,1,0.10204748052863111,0.0,1.102047480528631
QTSZ06,YSSZ09,1,0.1211189664001331,0.0,1.121118966400133
QTSZ07,BDSZ04,1,0.0,0.0,1.0
QTSZ07,BMSZ10,1,0.0,0.0,1.0
QTSZ07,BMSZ13,2,0.0,0.21078437950327622,2.210784379503276
QTSZ07,CLSZ07,1,0.0,0.0,1.0
QTSZ07,HGSZ01,1,0.0,0.0,1.0
QTSZ07,HGSZ06,1,0.0,0.0,1.0
QTSZ07,JESZ01,1,0.0,0.0,1.0
QTSZ07,JESZ03,1,0.0,0.0,1.0
QTSZ07,JESZ05,1,0.0,0.0,1.0
QTSZ07,JWSZ09,1,0.0,0.0,1.0
QTSZ07,MDSZ03,1,0.0,0.0,1.0
QTSZ07,QTSZ06,1,0.0,0.7892211558307396,1.7892211558307396
QTSZ07,QTSZ12,1,0.0,0.0,1.0
QTSZ07,SBSZ01,1,0.0,0.0,1.0
QTSZ07,TPSZ03,1,0.0,0.0,1.0
QTSZ08,AMSZ01,4,1.1049249668620005,0.0,5.104924966862001
QTSZ08,AMSZ04,5,0.10082516306157839,0.0,5.100825163061578
QTSZ08,AMSZ06,3,0.2648455431641219,0.0,3.264845543164122
QTSZ08,AMSZ09,2,0.38523947396166663,0.0,2.3852394739616667
QTSZ08,BDSZ01,4,0.9804678719891214,0.0,4.980467871989122
QTSZ08,BDSZ02,2,0.6967218742241615,0.0,2.6967218742241617
QTSZ08,BDSZ03,1,0.6542948686098313,0.0,1.6542948686098313
QTSZ08,BDSZ04,4,1.4466408813442184,0.0,5.446640881344218
QTSZ08,BDSZ05,1,0.5737296566540496,0.0,1.5737296566540495
QTSZ08,BDSZ06,1,0.9132817892257096,0.0,1.9132817892257097
QTSZ08,BKSZ01,3,0.44092220958872513,0.0,3.440922209588725
QTSZ08,BKSZ02,1,0.11458133717561723,0.0,1.1145813371756172
QTSZ08,BKSZ03,3,0.7085042270804648,0.0,3.7085042270804647
QTSZ08,BKSZ04,1,0.17343773712996513,0.0,1.1734377371299651
QTSZ08,BKSZ05,4,1.6381627055923564,0.0,5.638162705592356
QTSZ08,BKSZ06,1,0.195499911696458,0.0,1.195499911696458
QTSZ08,BKSZ07,2,0.9308655878614345,0.0,2.9308655878614345
QTSZ08,BKSZ08,4,0.1048657952280623,0.0,4.104865795228062
QTSZ08,BKSZ09,2,0.5887921427439409,0.0,2.588792142743941
QTSZ08,BLSZ02,2,0.2752229975641091,0.0,2.275222997564109
QTSZ08,BMSZ01,2,0.6496986359403615,0.0,2.6496986359403616
QTSZ08,BMSZ02,2,0.4206027085975622,0.0,2.420602708597562
QTSZ08,BMSZ03,1,0.5410899846724153,0.16509074204988888,1.7061807267223041
QTSZ08,BMSZ04,2,0.32268631536376363,0.0,2.3226863153637636
QTSZ08,BMSZ05,1,0.5780959459637788,0.0,1.5780959459637787
QTSZ08,BMSZ06,6,1.1094260734582688,0.5923118520826027,7.701737925540872
QTSZ08,BMSZ07,3,1.5334606947307123,0.2977265610154883,4.8311872557462
QTSZ08,BMSZ08,2,0.3520503808997618,0.0,2.3520503808997617
QTSZ08,BMSZ09,2,0.2593008812412623,0.0,2.2593008812412623
QTSZ08,BMSZ10,1,0.13634505010338638,0.0,1.1363450501033863
QTSZ08,BMSZ11,1,0.29612389784949417,0.0,1.2961238978494942
QTSZ08,BMSZ13,4,0.48331255275139023,0.16628506472125842,4.649597617472649
QTSZ08,BPSZ01,2,0.47215017750748967,0.0,2.4721501775074897
QTSZ08,BPSZ03,2,0.5757543979664816,0.0,2.575754397966482
QTSZ08,BPSZ04,1,0.31479374985582576,0.0,1.3147937498558258
QTSZ08,BPSZ05,4,0.35695316660100523,0.0,4.356953166601005
QTSZ08,BSSZ01,4,1.348010370008267,0.0,5.348010370008267
QTSZ08,BSSZ02,3,0.6052428244652436,0.0,3.6052428244652437
QTSZ08,BSSZ03,4,1.0372540309339373,0.0,5.037254030933937
QTSZ08,BTSZ01,5,0.6971417263890016,0.0,5.697141726389002
QTSZ08,BTSZ07,5,2.1866647033873687,0.6294174225205605,7.816082125907929
QTSZ08,BTSZ08,2,1.0307602024356641,0.636416077709268,3.667176280144932
QTSZ08,CKSZ01,3,0.32551641378019786,0.0,3.325516413780198
QTSZ08,CKSZ02,2,0.8506475497452893,0.0,2.8506475497452892
QTSZ08,CKSZ03,5,1.3093904026063226,0.0,6.309390402606322
QTSZ08,CKSZ04,1,0.40752720656085356,0.0,1.4075272065608535
QTSZ08,CKSZ06,1,0.39748186142269804,0.0,1.397481861422698
QTSZ08,CLSZ03,1,0.6458729201593614,0.0,1.6458729201593614
QTSZ08,CLSZ04,9,1.0620060554103523,1.501274530867919,11.563280586278271
QTSZ08,CLSZ05,2,0.7913860377013326,0.0,2.791386037701333
QTSZ08,CLSZ06,6,0.436817111314105,0.0,6.436817111314105
QTSZ08,CLSZ08,1,0.6060062944551106,0.06035239578368251,1.666358690238793
QTSZ08,DTSZ01,1,0.8323135177937966,0.0,1.8323135177937966
QTSZ08,DTSZ02,4,0.7751673968581344,0.0,4.7751673968581345
QTSZ08,DTSZ03,1,0.5892060756792168,0.0,1.5892060756792168
QTSZ08,DTSZ08,2,0.43156441840968646,0.0,2.4315644184096863
QTSZ08,DTSZ09,2,0.1946826487650363,0.0,2.194682648765036
QTSZ08,DTSZ10,2,0.0322875776496785,0.0,2.0322875776496785
QTSZ08,GLSZ02,2,0.3410442096464795,0.0,2.3410442096464794
QTSZ08,GLSZ04,3,1.0384505878986507,0.0,4.038450587898651
QTSZ08,GLSZ05,1,0.5826110397844686,0.0,1.5826110397844686
QTSZ08,HGSZ01,3,0.14422348670073043,0.0,3.1442234867007306
QTSZ08,HGSZ02,3,0.8064045490639482,0.0,3.806404549063948
QTSZ08,HGSZ04,2,0.6888624373554137,0.0,2.6888624373554135
QTSZ08,HGSZ06,4,1.312247802445632,0.0,5.312247802445632
QTSZ08,HGSZ07,2,0.5563406771531784,0.0,2.5563406771531785
QTSZ08,JESZ02,2,0.22725122338277812,0.0,2.227251223382778
QTSZ08,JESZ03,3,0.9212744034749972,0.0,3.9212744034749973
QTSZ08,JESZ05,9,1.1720439136028074,0.0,10.172043913602808
QTSZ08,JWSZ02,3,0.3217693443577108,0.0,3.321769344357711
QTSZ08,JWSZ03,7,1.1780865405254282,0.0,8.178086540525427
QTSZ08,JWSZ04,5,0.7294584104165946,0.0,5.729458410416594
QTSZ08,JWSZ08,3,1.6772321005122448,0.0,4.677232100512245
QTSZ08,JWSZ09,11,0.6811463597331359,0.0,11.681146359733136
QTSZ08,KLSZ01,2,0.9918943409971671,0.0,2.9918943409971672
QTSZ08,KLSZ03,1,0.031064688366427957,0.0,1.031064688366428
QTSZ08,KLSZ06,2,0.6551450497764024,0.0,2.6551450497764026
QTSZ08,KLSZ07,3,0.7872014087987178,0.0,3.787201408798718
QTSZ08,KLSZ08,1,0.4796941892965858,0.0,1.4796941892965858
QTSZ08,MPSZ01,1,0.1971953977812881,0.0,1.1971953977812881
QTSZ08,MPSZ02,2,0.5583224208326469,0.0,2.558322420832647
QTSZ08,MPSZ03,3,0.9126993613289347,0.0,3.9126993613289347
QTSZ08,MUSZ01,1,0.28359120425694917,0.0,1.283591204256949
QTSZ08,NTSZ03,1,0.12658211277332188,0.0,1.1265821127733218
QTSZ08,NVSZ01,1,0.9506320439807875,0.0,1.9506320439807876
QTSZ08,NVSZ02,1,0.8336338912946258,0.0,1.833633891294626
QTSZ08,ORSZ02,3,0.7386119067331024,0.0,3.7386119067331025
QTSZ08,ORSZ03,1,0.47290016118900186,0.0,1.4729001611890018
QTSZ08,OTSZ03,4,1.083824562316804,0.0,5.083824562316804
QTSZ08,PGSZ02,2,0.6896484407042557,0.0,2.689648440704256
QTSZ08,PGSZ04,3,0.9393178852191861,0.0,3.939317885219186
QTSZ08,PNSZ02,2,0.0,0.0,2.0
QTSZ08,PRSZ02,2,0.5319648100640596,0.0,2.5319648100640597
QTSZ08,PRSZ03,5,2.6735325888635626,0.0,7.673532588863562
QTSZ08,PRSZ05,1,0.6250569309326185,0.0,1.6250569309326184
QTSZ08,PRSZ08,1,0.08370322699638981,0.0,1.0837032269963898
QTSZ08,QTSZ01,2,1.5076393420477257,1.001011477226485,4.5086508192742105
QTSZ08,QTSZ02,3,1.1308493741673187,0.3707964822291301,4.501645856396449
QTSZ08,QTSZ03,1,0.5642994137726509,0.07202539613706557,1.6363248099097165
QTSZ08,QTSZ04,3,0.40003094515657,0.42243931066969725,3.8224702558262673
QTSZ08,QTSZ05,3,0.9957598359008885,0.32835699696437104,4.3241168328652595
QTSZ08,QTSZ06,5,0.7105153092932271,2.5001803489066776,8.210695658199905
QTSZ08,QTSZ08,10,3.3804786773387323,64.34538217961648,77.72586085695521
QTSZ08,QTSZ10,5,2.827518981254317,2.813915733104428,10.641434714358745
QTSZ08,QTSZ11,2,0.6169391347669676,0.9830017164027347,3.5999408511697024
QTSZ08,QTSZ13,2,0.8220280055581983,0.012111779451542631,2.834139785009741
QTSZ08,RCSZ01,1,0.1759373443373295,0.0,1.1759373443373295
QTSZ08,RCSZ02,1,0.085628871099502,0.0,1.085628871099502
QTSZ08,RCSZ10,1,0.40839691800051264,0.0,1.4083969180005127
QTSZ08,RVSZ05,1,0.2787965006602038,0.0,1.2787965006602038
QTSZ08,SBSZ01,2,0.4170426910592238,0.0,2.417042691059224
QTSZ08,SBSZ02,1,0.04900977725409846,0.0,1.0490097772540985
QTSZ08,SBSZ03,1,0.49438616264013635,0.0,1.4943861626401365
QTSZ08,SBSZ04,1,0.327204543236187,0.0,1.327204543236187
QTSZ08,SBSZ06,1,0.10548485603017894,0.0,1.1054848560301789
QTSZ08,SESZ02,2,0.840400392943981,0.0,2.840400392943981
QTSZ08,SESZ03,9,1.8887389975528144,0.0,10.888738997552814
QTSZ08,SESZ04,4,1.2599084993413827,0.0,5.259908499341383
QTSZ08,SESZ05,2,0.38015753239685335,0.0,2.3801575323968533
QTSZ08,SESZ06,2,1.2223296902557237,0.0,3.222329690255724
QTSZ08,SGSZ03,1,0.4364284374322655,0.0,1.4364284374322656
QTSZ08,SGSZ04,5,1.5224356146839972,0.0,6.522435614683998
QTSZ08,SGSZ06,5,0.837551601063783,0.0,5.837551601063783
QTSZ08,SRSZ02,1,0.08166933981270129,0.0,1.0816693398127013
QTSZ08,TMSZ02,3,0.7813709373865342,0.0,3.781370937386534
QTSZ08,TMSZ03,5,1.5528842243040177,0.0,6.552884224304018
QTSZ08,TMSZ04,3,0.8318394522259382,0.0,3.831839452225938
QTSZ08,TNSZ04,1,0.37968752329318856,0.10235539007774201,1.4820429133709305
QTSZ08,TPSZ02,4,0.9072387907511088,0.0,4.907238790751109
QTSZ08,TPSZ06,3,0.4876561977004438,0.0,3.487656197700444
QTSZ08,TPSZ10,2,0.3276293392649641,0.0,2.327629339264964
QTSZ08,TPSZ11,1,0.3107332550515373,0.0,1.3107332550515374
QTSZ08,TPSZ12,1,0.24517417800046054,0.0,1.2451741780004606
QTSZ08,WDSZ01,1,0.10570926005480676,0.0,1.1057092600548069
QTSZ08,WDSZ02,6,0.39679588058601273,0.0,6.396795880586013
QTSZ08,WDSZ03,8,1.4598850745022172,0.0,9.459885074502218
QTSZ08,WDSZ04,2,0.3222518209475572,0.0,2.322251820947557
QTSZ08,YSSZ01,1,0.43875784166369475,0.0,1.4387578416636948
QTSZ08,YSSZ02,1,0.30100672318111416,0.0,1.3010067231811142
QTSZ08,YSSZ03,3,0.9599623313285953,0.0,3.959962331328595
QTSZ08,YSSZ04,2,0.6500305659832023,0.0,2.650030565983202
QTSZ08,YSSZ05,2,0.19944865237787426,0.0,2.1994486523778742
QTSZ08,YSSZ08,1,0.11276643482698458,0.0,1.1127664348269846
QTSZ08,YSSZ09,4,1.150322318750467,0.0,5.150322318750467
QTSZ09,BDSZ02,1,0.06801486959379138,0.0,1.0680148695937914
QTSZ09,BDSZ04,2,0.07939552408901422,0.0,2.0793955240890143
QTSZ09,BDSZ05,1,0.09893410887859175,0.0,1.0989341088785918
QTSZ09,BMSZ04,2,0.11717676157575051,0.0,2.1171767615757506
QTSZ09,BMSZ06,1,0.14895470239670716,0.0,1.1489547023967073
QTSZ09,BMSZ08,1,0.06308833523595009,0.0,1.0630883352359501
QTSZ09,BMSZ15,2,0.0,0.0,2.0
QTSZ09,BMSZ17,1,0.03146523594957553,0.0,1.0314652359495755
QTSZ09,CKSZ03,3,0.4655350661524725,0.0,3.4655350661524724
QTSZ09,CLSZ04,2,0.3974656931194681,0.8742886133164893,3.271754306435957
QTSZ09,CLSZ05,1,0.12527972154161832,0.0,1.1252797215416184
QTSZ09,CLSZ06,2,0.4299423795191214,0.4612115865102803,2.891153966029402
QTSZ09,JESZ01,1,0.0665064652895954,0.0,1.0665064652895955
QTSZ09,JESZ02,2,0.003895369728248272,0.0,2.0038953697282484
QTSZ09,JESZ05,1,0.15794994238231833,0.0,1.1579499423823183
QTSZ09,JWSZ03,1,0.05938404205224625,0.0,1.0593840420522462
QTSZ09,JWSZ04,1,0.26016412574628034,0.0,1.2601641257462803
QTSZ09,JWSZ08,1,0.19436641201086916,0.0,1.1943664120108692
QTSZ09,KLSZ02,1,0.023975922998313356,0.0,1.0239759229983134
QTSZ09,KLSZ09,1,0.030386985084364666,0.0,1.0303869850843648
QTSZ09,ORSZ02,1,0.13601886452516185,0.0,1.1360188645251619
QTSZ09,OTSZ01,1,0.006672802920427408,0.0,1.0066728029204275
QTSZ09,OTSZ03,1,0.11635919912338046,0.0,1.1163591991233806
QTSZ09,PRSZ03,1,0.09051824351804204,0.0,1.090518243518042
QTSZ09,QTSZ01,1,0.26938398085889176,0.3419662035242726,1.6113501843831644
QTSZ09,QTSZ05,2,0.16727732547808055,0.0,2.1672773254780804
QTSZ09,QTSZ07,1,0.0,0.0,1.0
QTSZ09,QTSZ11,1,0.0703795213823046,0.3225463636222904,1.392925885004595
QTSZ09,SBSZ01,1,0.08246401288649216,0.0,1.0824640128864922
QTSZ09,SBSZ03,1,0.1077543489641797,0.0,1.1077543489641797
QTSZ09,SESZ03,1,0.1530000245615835,0.0,1.1530000245615835
QTSZ09,SRSZ03,1,0.08745537997734908,0.0,1.087455379977349
QTSZ09,TMSZ02,1,0.07010795791930066,0.0,1.0701079579193007
QTSZ09,TMSZ03,1,0.14824483543348776,0.0,1.1482448354334878
QTSZ09,TMSZ05,1,0.0992085540610244,0.0,1.0992085540610244
QTSZ09,TPSZ02,1,0.07936257210900191,0.0,1.0793625721090019
QTSZ09,WDSZ03,1,0.13064130203641772,0.0,1.1306413020364177
QTSZ09,WDSZ05,1,0.08559216945534565,0.0,1.0855921694553456
QTSZ09,WDSZ06,2,0.13911089707146734,0.0,2.1391108970714674
QTSZ09,YSSZ05,1,0.0346093855404513,0.0,1.0346093855404512
QTSZ09,YSSZ08,1,0.01543321163587918,0.0,1.015433211635879
QTSZ09,YSSZ09,1,0.08852374719549456,0.0,1.0885237471954945
QTSZ10,AMSZ01,1,0.39226046434104944,0.0,1.3922604643410494
QTSZ10,AMSZ06,1,0.4023876620179562,0.0,1.4023876620179563
QTSZ10,AMSZ07,1,0.20967150655836692,0.0,1.209671506558367
QTSZ10,BDSZ02,1,0.43882816489744464,0.0,1.4388281648974446
QTSZ10,BDSZ03,1,0.4861109630120052,0.0,1.4861109630120053
QTSZ10,BKSZ06,1,0.21637931558897536,0.0,1.2163793155889753
QTSZ10,BMSZ01,1,0.43824411611675584,0.0,1.4382441161167558
QTSZ10,BMSZ02,1,0.24604794571368074,0.0,1.2460479457136808
QTSZ10,BMSZ03,3,0.6327033074571585,0.0,3.6327033074571586
QTSZ10,BMSZ04,3,0.35977937159103,0.0,3.35977937159103
QTSZ10,BMSZ07,2,0.6734312411052767,0.0,2.673431241105277
QTSZ10,BMSZ08,1,0.20793757837014848,0.0,1.2079375783701485
QTSZ10,BMSZ11,1,0.20832790432558407,0.0,1.2083279043255841
QTSZ10,BMSZ13,1,0.40341491624096715,0.0,1.4034149162409673
QTSZ10,BMSZ14,1,0.14247664846643576,0.0,1.1424766484664357
QTSZ10,BPSZ03,1,0.2055490287781609,0.0,1.205549028778161
QTSZ10,BPSZ05,1,0.40104356939096564,0.0,1.4010435693909655
QTSZ10,BSSZ01,4,0.6321390274317967,0.0,4.632139027431797
QTSZ10,BSSZ02,1,0.3775898555850086,0.0,1.3775898555850086
QTSZ10,BSSZ03,1,0.4220071141450263,0.0,1.4220071141450263
QTSZ10,CKSZ04,1,0.22280046011672247,0.0,1.2228004601167224
QTSZ10,CKSZ06,2,0.5561072807560358,0.0,2.5561072807560357
QTSZ10,CLSZ04,3,1.186073857099477,0.4606175050486743,4.646691362148151
QTSZ10,CLSZ05,1,0.35795165562069403,0.1135028122557294,1.4714544678764234
QTSZ10,CLSZ06,2,0.5473924066610704,0.23448091416405198,2.7818733208251225
QTSZ10,CLSZ09,1,0.22754335600826142,0.07226896969243814,1.2998123257006995
QTSZ10,DTSZ02,1,0.27794668610240597,0.0,1.277946686102406
QTSZ10,GLSZ05,2,0.5955476424111251,0.0,2.595547642411125
QTSZ10,HGSZ04,1,0.35229994606341025,0.0,1.3522999460634102
QTSZ10,HGSZ05,1,0.4842066958584074,0.0,1.4842066958584075
QTSZ10,JESZ01,2,0.33422158506834326,0.0,2.3342215850683434
QTSZ10,JESZ02,1,0.27251369250121743,0.0,1.2725136925012175
QTSZ10,JESZ05,2,0.9967678177743052,0.0,2.9967678177743053
QTSZ10,JWSZ03,2,0.4098516324467662,0.0,2.4098516324467663
QTSZ10,JWSZ04,1,0.4316737478949457,0.0,1.4316737478949457
QTSZ10,JWSZ08,1,0.811986227927256,0.0,1.811986227927256
QTSZ10,JWSZ09,2,1.005465227750575,0.0,3.005465227750575
QTSZ10,KLSZ08,1,0.4396262089848803,0.0,1.4396262089848804
QTSZ10,MUSZ03,1,0.07188188855296514,0.0,1.071881888552965
QTSZ10,NVSZ02,2,0.954166963139311,0.0,2.9541669631393113
QTSZ10,ORSZ02,1,0.4279309182364642,0.0,1.4279309182364641
QTSZ10,PGSZ02,1,0.2190142992594898,0.0,1.2190142992594897
QTSZ10,PGSZ05,1,0.2777014311274002,0.0,1.2777014311274002
QTSZ10,PNSZ01,1,0.11043877598814723,0.0,1.1104387759881473
QTSZ10,PRSZ02,1,0.17038903602311156,0.0,1.1703890360231115
QTSZ10,PRSZ03,1,0.3148208616287703,0.0,1.3148208616287702
QTSZ10,QTSZ02,1,0.3844429782095046,0.0748573477835765,1.4593003259930812
QTSZ10,QTSZ04,2,0.432295552882625,0.08084606811479701,2.513141620997422
QTSZ10,QTSZ08,5,1.8507660657115559,0.8026242437864027,7.653390309497958
QTSZ10,QTSZ10,4,1.512544903816861,6.349738566766021,11.862283470582883
QTSZ10,QTSZ11,10,2.790910750599392,6.811154164331765,19.60206491493116
QTSZ10,SBSZ01,2,0.39840111918435633,0.0,2.3984011191843564
QTSZ10,SBSZ03,4,0.4860889022733873,0.0,4.486088902273387
QTSZ10,SESZ03,1,0.5695964211373612,0.0,1.5695964211373612
QTSZ10,SESZ06,1,0.6910210272916454,0.0,1.6910210272916455
QTSZ10,SGSZ01,1,0.21086257046301582,0.0,1.2108625704630158
QTSZ10,SKSZ01,1,0.17503238607555574,0.0,1.1750323860755558
QTSZ10,SRSZ01,1,0.2702666573651111,0.0,1.2702666573651111
QTSZ10,TNSZ02,2,0.25963290848371956,0.0,2.2596329084837197
QTSZ10,TNSZ03,1,0.03163094733955679,0.0,1.0316309473395568
QTSZ10,TPSZ02,1,0.3740226212144875,0.0,1.3740226212144875
QTSZ10,TPSZ06,1,0.3277166409893422,0.0,1.3277166409893422
QTSZ10,TPSZ07,1,0.021460748300985807,0.0,1.0214607483009859
QTSZ10,TSSZ03,2,0.14163008265635166,0.0,2.1416300826563517
QTSZ10,WDSZ03,1,0.4411356933184081,0.0,1.441135693318408
QTSZ10,WDSZ04,2,0.37946413464389184,0.0,2.379464134643892
QTSZ10,WDSZ05,1,0.3312409758443182,0.0,1.3312409758443182
QTSZ10,YSSZ02,2,0.3671859100541861,0.0,2.367185910054186
QTSZ11,AMSZ01,3,0.7231143479056696,0.0,3.7231143479056694
QTSZ11,AMSZ03,2,0.3529654663397289,0.0,2.352965466339729
QTSZ11,AMSZ04,1,0.08042224730068585,0.0,1.080422247300686
QTSZ11,AMSZ09,2,0.2417078224037159,0.0,2.2417078224037157
QTSZ11,BDSZ04,1,0.34018051426659585,0.0,1.340180514266596
QTSZ11,BDSZ05,2,0.5428416932548655,0.0,2.5428416932548656
QTSZ11,BDSZ07,3,0.12324900242469598,0.0,3.123249002424696
QTSZ11,BKSZ02,2,0.249749382086416,0.0,2.249749382086416
QTSZ11,BKSZ03,2,0.7919792574064313,0.0,2.7919792574064313
QTSZ11,BKSZ04,1,0.220120743835305,0.0,1.220120743835305
QTSZ11,BKSZ05,2,1.0759876920060263,0.0,3.0759876920060263
QTSZ11,BKSZ07,5,0.9468687641655207,0.0,5.9468687641655205
QTSZ11,BKSZ08,1,0.06716472087311688,0.0,1.067164720873117
QTSZ11,BKSZ09,2,0.47357295986380676,0.0,2.473572959863807
QTSZ11,BMSZ01,6,0.6328035463414412,0.0,6.632803546341441
QTSZ11,BMSZ02,1,0.2057148422178934,0.0,1.2057148422178934
QTSZ11,BMSZ03,1,0.35283891861296396,0.0,1.352838918612964
QTSZ11,BMSZ04,5,0.387537084849642,0.0,5.387537084849642
QTSZ11,BMSZ06,3,0.8115883314306709,0.0,3.811588331430671
QTSZ11,BMSZ07,3,0.794503859964688,0.0,3.794503859964688
QTSZ11,BMSZ08,4,0.14955401318289036,0.0,4.1495540131828905
QTSZ11,BMSZ13,2,0.5708127581012689,0.0,2.570812758101269
QTSZ11,BMSZ17,1,0.11537890086228968,0.0,1.1153789008622896
QTSZ11,BPSZ01,2,0.3955132471478709,0.0,2.395513247147871
QTSZ11,BPSZ03,1,0.2630776498988896,0.0,1.2630776498988896
QTSZ11,BPSZ04,2,0.35826652925746494,0.0,2.358266529257465
QTSZ11,BPSZ05,5,0.1897356074769039,0.0,5.189735607476904
QTSZ11,BSSZ01,1,0.5177347599897786,0.0,1.5177347599897786
QTSZ11,BSSZ02,1,0.32597066859085927,0.0,1.3259706685908592
QTSZ11,BSSZ03,5,0.7817157642855069,0.0,5.781715764285507
QTSZ11,CHSZ03,2,1.5762433629579755,0.0,3.5762433629579755
QTSZ11,CKSZ02,1,0.4966645563373745,0.0,1.4966645563373744
QTSZ11,CKSZ03,5,1.0156016256780591,0.0,6.015601625678059
QTSZ11,CKSZ04,2,0.4303756014903949,0.0,2.430375601490395
QTSZ11,CKSZ05,2,0.27561862155535605,0.0,2.275618621555356
QTSZ11,CKSZ06,4,0.029435387676937964,0.0,4.029435387676938
QTSZ11,CLSZ03,3,0.9977247120519634,0.0,3.9977247120519634
QTSZ11,CLSZ04,5,1.034450786428683,1.1030026243885835,7.137453410817266
QTSZ11,CLSZ05,1,0.43489307869128274,0.08527178491947174,1.5201648636107545
QTSZ11,CLSZ06,3,1.0489478319344416,0.7108099990838088,4.75975783101825
QTSZ11,CLSZ07,2,1.1067771344458102,0.4320363361736494,3.5388134706194596
QTSZ11,DTSZ03,1,0.3169674953919082,0.0,1.3169674953919082
QTSZ11,DTSZ05,1,0.3243205190386075,0.0,1.3243205190386074
QTSZ11,DTSZ09,1,0.14170453559741059,0.0,1.1417045355974107
QTSZ11,GLSZ02,1,0.23117916397306473,0.0,1.2311791639730647
QTSZ11,GLSZ03,1,0.3017729908188447,0.0,1.3017729908188447
QTSZ11,GLSZ04,1,0.25153091744554845,0.0,1.2515309174455485
QTSZ11,GLSZ05,2,0.5892561711124521,0.0,2.589256171112452
QTSZ11,HGSZ01,1,0.21468807507914586,0.0,1.2146880750791458
QTSZ11,HGSZ03,1,0.22382027892316272,0.0,1.2238202789231627
QTSZ11,HGSZ04,2,0.35427902669361133,0.0,2.3542790266936113
QTSZ11,HGSZ05,2,0.6380859117490116,0.0,2.6380859117490116
QTSZ11,HGSZ06,1,0.40401517500747697,0.0,1.404015175007477
QTSZ11,HGSZ07,1,0.2159041659560707,0.0,1.2159041659560708
QTSZ11,JESZ02,2,0.3647136315342991,0.0,2.364713631534299
QTSZ11,JESZ03,2,0.6659009433972475,0.0,2.6659009433972476
QTSZ11,JESZ05,4,1.0368547941447956,0.0,5.036854794144796
QTSZ11,JWSZ02,4,0.18730244041658567,0.0,4.187302440416586
QTSZ11,JWSZ03,2,0.3837508013116761,0.0,2.383750801311676
QTSZ11,JWSZ04,1,0.2848873292551262,0.0,1.2848873292551262
QTSZ11,JWSZ08,6,1.123833297062316,0.0,7.1238332970623155
QTSZ11,JWSZ09,7,0.7410703914697894,0.0,7.74107039146979
QTSZ11,KLSZ01,1,0.5184147099234885,0.0,1.5184147099234884
QTSZ11,MPSZ03,1,0.4992935768870373,0.0,1.4992935768870372
QTSZ11,MUSZ03,1,0.09571827772914046,0.0,1.0957182777291405
QTSZ11,NVSZ01,1,0.7741526077095333,0.0,1.7741526077095333
QTSZ11,ORSZ02,1,0.4335743810379614,0.0,1.4335743810379613
QTSZ11,OTSZ03,2,0.8647697062341605,0.0,2.8647697062341604
QTSZ11,PGSZ04,2,0.5588818239174472,0.0,2.558881823917447
QTSZ11,PGSZ05,1,0.27074628437763915,0.0,1.2707462843776391
QTSZ11,PRSZ05,1,0.4101962386582743,0.0,1.4101962386582743
QTSZ11,QTSZ01,1,0.6844506399358029,0.23180427328191508,1.916254913217718
QTSZ11,QTSZ02,3,0.7543540822367306,0.16082659070874478,3.9151806729454752
QTSZ11,QTSZ03,2,0.6119694261366967,0.03149076923081251,2.6434601953675094
QTSZ11,QTSZ04,1,0.19272103563101126,0.02603828352908386,1.218759319160095
QTSZ11,QTSZ05,6,0.679144064559293,0.0,6.679144064559293
QTSZ11,QTSZ06,3,0.21782772498472855,0.5972399016911332,3.8150676266758614
QTSZ11,QTSZ08,2,0.9735690565596994,0.29492125133999225,3.268490307899692
QTSZ11,QTSZ10,6,1.797655407471491,9.608892702100816,17.406548109572306
QTSZ11,QTSZ11,21,1.177710836338505,29.664273062480852,51.84198389881936
QTSZ11,QTSZ13,6,0.8677548165492874,0.053652345470618444,6.921407162019906
QTSZ11,RCSZ01,1,0.13623610297988786,0.0,1.136236102979888
QTSZ11,RCSZ10,1,0.16986428585252644,0.0,1.1698642858525266
QTSZ11,SBSZ03,4,0.5397290984195146,0.0,4.539729098419515
QTSZ11,SBSZ04,2,0.31394470073633923,0.0,2.3139447007363394
QTSZ11,SBSZ05,1,0.01694041693555882,0.0,1.016940416935559
QTSZ11,SESZ02,1,0.2847668599019981,0.0,1.2847668599019981
QTSZ11,SESZ03,4,0.9765420961948107,0.0,4.976542096194811
QTSZ11,SESZ04,1,0.42065874280103993,0.0,1.42065874280104
QTSZ11,SESZ06,2,0.6570053786276728,0.0,2.657005378627673
QTSZ11,SGSZ04,3,1.0125169441466133,0.0,4.012516944146613
QTSZ11,SGSZ06,5,0.35121877505994625,0.0,5.351218775059946
QTSZ11,SGSZ07,4,0.12119403021671332,0.0,4.121194030216714
QTSZ11,SRSZ01,1,0.2569052138991514,0.0,1.2569052138991514
QTSZ11,TMSZ02,4,0.43675904897710016,0.0,4.4367590489771
QTSZ11,TMSZ03,2,0.7951667474158911,0.0,2.795166747415891
QTSZ11,TMSZ04,2,0.24598628211697743,0.0,2.2459862821169776
QTSZ11,TNSZ03,1,0.04306760840908198,0.0,1.043067608409082
QTSZ11,TPSZ01,1,0.1602804787721797,0.0,1.1602804787721797
QTSZ11,TPSZ02,3,0.5069753968430893,0.0,3.5069753968430892
QTSZ11,TPSZ04,1,0.06973747189600017,0.0,1.0697374718960002
QTSZ11,TPSZ05,1,0.15364003431584672,0.0,1.1536400343158468
QTSZ11,TPSZ06,2,0.7341655284964759,0.0,2.734165528496476
QTSZ11,TPSZ07,2,0.12895179312866076,0.0,2.128951793128661
QTSZ11,TPSZ12,2,0.22185470829609433,0.0,2.221854708296094
QTSZ11,WDSZ01,1,0.10151451868844603,0.0,1.101514518688446
QTSZ11,WDSZ02,2,0.4491247000198139,0.0,2.449124700019814
QTSZ11,WDSZ03,5,0.9135109684554438,0.0,5.913510968455443
QTSZ11,WDSZ04,3,0.19834320136178965,0.0,3.19834320136179
QTSZ11,WDSZ05,1,0.46360127506732285,0.0,1.4636012750673228
QTSZ11,WDSZ06,1,0.2326111579957311,0.0,1.232611157995731
QTSZ11,WDSZ09,1,0.12898658665234022,0.0,1.1289865866523403
QTSZ11,YSSZ01,2,0.23563840243088044,0.0,2.2356384024308804
QTSZ11,YSSZ02,1,0.22409084267100998,0.0,1.22409084267101
QTSZ11,YSSZ04,2,0.44130802459497087,0.0,2.4413080245949708
QTSZ11,YSSZ08,2,0.13631491903955237,0.0,2.1363149190395525
QTSZ11,YSSZ09,3,0.8127011107220072,0.0,3.8127011107220072
QTSZ12,BDSZ02,1,0.1724334238430209,0.0,1.172433423843021
QTSZ12,BDSZ03,1,0.14928052425678995,0.0,1.14928052425679
QTSZ12,BDSZ04,2,0.27444569089732274,0.0,2.2744456908973225
QTSZ12,BKSZ04,1,0.1218872965018568,0.0,1.1218872965018567
QTSZ12,BKSZ06,1,0.11644177398560296,0.0,1.116441773985603
QTSZ12,BKSZ09,1,0.22784647654240653,0.0,1.2278464765424064
QTSZ12,BMSZ03,1,0.29290260244735583,0.9535304028828047,2.2464330053301604
QTSZ12,BMSZ04,2,0.16714425027764515,0.0,2.1671442502776452
QTSZ12,BMSZ05,1,0.1405695911284695,0.0,1.1405695911284695
QTSZ12,BMSZ07,1,0.22342354202811984,0.6397972847425575,1.8632208267706774
QTSZ12,BMSZ08,1,0.10761660345797658,0.7045646362368524,1.8121812396948291
QTSZ12,BMSZ09,1,0.12100339169333779,0.0,1.1210033916933377
QTSZ12,BMSZ14,2,0.29123051223524365,0.0,2.2912305122352437
QTSZ12,BPSZ01,1,0.08131087035192795,0.0,1.0813108703519279
QTSZ12,BPSZ03,1,0.10052989778781027,0.0,1.1005298977878102
QTSZ12,BPSZ05,4,0.32134305488501463,0.0,4.3213430548850145
QTSZ12,BSSZ02,1,0.1543768995850198,0.0,1.1543768995850199
QTSZ12,BTSZ01,2,0.23706379230422622,0.0,2.2370637923042263
QTSZ12,BTSZ07,1,0.16564819948294007,0.0,1.16564819948294
QTSZ12,CKSZ01,1,0.2731139505309258,0.0,1.273113950530926
QTSZ12,CKSZ03,1,0.2160585479712691,0.0,1.216058547971269
QTSZ12,CKSZ05,2,0.13071432044306647,0.0,2.1307143204430665
QTSZ12,CLSZ03,1,0.36113250961562776,0.0,1.3611325096156277
QTSZ12,CLSZ07,1,0.18187440440070476,0.14728568225396768,1.3291600866546724
QTSZ12,GLSZ04,2,0.24489396373760533,0.0,2.2448939637376055
QTSZ12,JESZ03,1,0.19618802505068084,0.0,1.196188025050681
QTSZ12,JESZ08,1,0.13463066658852982,0.0,1.1346306665885297
QTSZ12,JWSZ02,2,0.20314563717002937,0.0,2.2031456371700293
QTSZ12,JWSZ03,2,0.19894303776009942,0.0,2.1989430377600994
QTSZ12,JWSZ04,1,0.2987492581597565,0.0,1.2987492581597566
QTSZ12,JWSZ09,1,0.2679401086683887,0.0,1.2679401086683888
QTSZ12,KLSZ09,1,0.049901207665154886,0.0,1.0499012076651548
QTSZ12,PGSZ02,1,0.08922617058322883,0.0,1.089226170583229
QTSZ12,PGSZ05,1,0.10321739506135899,0.0,1.103217395061359
QTSZ12,QTSZ01,3,0.547305957402155,1.2065101975643153,4.75381615496647
QTSZ12,QTSZ05,3,0.6782208417936362,0.9557216099427227,4.633942451736359
QTSZ12,QTSZ11,1,0.1287153767503044,1.4872149099619498,2.6159302867122545
QTSZ12,QTSZ14,1,0.540523922952512,0.9054150956632145,2.445939018615727
QTSZ12,RCSZ09,1,0.049170237443587166,0.0,1.0491702374435872
QTSZ12,SBSZ03,1,0.20214783784047624,0.0,1.2021478378404762
QTSZ12,SESZ03,1,0.2725780124528514,0.0,1.2725780124528514
QTSZ12,SESZ04,1,0.2448798094198636,0.0,1.2448798094198636
QTSZ12,SGSZ04,1,0.1919962908999183,0.0,1.1919962908999182
QTSZ12,TMSZ04,1,0.07975890643839358,0.0,1.0797589064383937
QTSZ12,TPSZ03,1,0.07011142424250646,0.0,1.0701114242425065
QTSZ12,WDSZ03,2,0.35050109005154173,0.0,2.3505010900515417
QTSZ12,YSSZ03,2,0.22786269521015687,0.0,2.227862695210157
QTSZ13,AMSZ01,2,0.2925974735258522,0.0,2.292597473525852
QTSZ13,AMSZ02,2,0.38658562816563274,0.0,2.3865856281656326
QTSZ13,BDSZ04,1,0.30859311380189913,0.0,1.3085931138018991
QTSZ13,BDSZ05,1,0.4098455249753361,0.0,1.409845524975336
QTSZ13,BKSZ09,1,0.30610228458696925,0.0,1.3061022845869692
QTSZ13,BMSZ01,5,0.8851581470218494,0.0,5.8851581470218495
QTSZ13,BMSZ06,3,0.4812696571685597,0.0,3.4812696571685597
QTSZ13,BMSZ08,1,0.20328944574352695,0.0,1.203289445743527
QTSZ13,BMSZ13,1,0.40108284985308723,0.052854784354240424,1.4539376342073276
QTSZ13,BPSZ04,1,0.2483076072150148,0.0,1.2483076072150148
QTSZ13,BPSZ05,1,0.32869613289921595,0.0,1.328696132899216
QTSZ13,BSSZ01,4,0.5187318910486907,0.0,4.518731891048691
QTSZ13,BTSZ07,1,0.3142087254786748,0.0,1.3142087254786747
QTSZ13,CKSZ01,1,0.3825763167992042,0.0,1.3825763167992042
QTSZ13,CKSZ03,1,0.3138003619439117,0.0,1.3138003619439118
QTSZ13,CLSZ03,1,0.4307421743375596,0.0,1.4307421743375597
QTSZ13,CLSZ04,1,0.311498773398431,0.0,1.311498773398431
QTSZ13,CLSZ07,1,0.5249797312310368,0.06677677477304984,1.5917565060040866
QTSZ13,CLSZ08,1,0.806430995656414,0.0,1.806430995656414
QTSZ13,CLSZ09,3,0.9111452551052615,0.0,3.9111452551052617
QTSZ13,DTSZ05,2,0.37248175809440764,0.0,2.3724817580944078
QTSZ13,DTSZ11,2,0.3814625193448569,0.0,2.381462519344857
QTSZ13,GLSZ04,1,0.2608399451779884,0.0,1.2608399451779884
QTSZ13,HGSZ06,1,0.3506810678168723,0.0,1.3506810678168724
QTSZ13,JESZ05,3,0.5400206198984272,0.0,3.540020619898427
QTSZ13,JESZ08,3,0.2136195571972112,0.0,3.213619557197211
QTSZ13,JWSZ03,1,0.27192145422230246,0.0,1.2719214542223025
QTSZ13,KLSZ01,1,0.4507993237857122,0.0,1.4507993237857122
QTSZ13,NVSZ01,1,0.7307611487337711,0.0,1.730761148733771
QTSZ13,ORSZ02,1,0.3577132984286456,0.0,1.3577132984286455
QTSZ13,PGSZ02,1,0.15030231983218093,0.0,1.150302319832181
QTSZ13,PNSZ01,1,0.0936996190433659,0.0,1.0936996190433659
QTSZ13,PRSZ03,1,0.2611913994722037,0.0,1.2611913994722037
QTSZ13,QTSZ02,1,0.36149128948964476,0.056876358892087434,1.4183676483817322
QTSZ13,QTSZ08,2,1.2978209996089676,0.39782130442401825,3.695642304032986
QTSZ13,QTSZ11,3,0.5414599085103015,2.5122232423995787,6.05368315090988
QTSZ13,QTSZ12,1,0.3840206978364216,0.0,1.3840206978364216
QTSZ13,QTSZ13,2,3.898708394734152,0.8938334087838196,6.792541803517972
QTSZ13,QTSZ14,1,0.4267805160150435,0.12688241771444275,1.5536629337294863
QTSZ13,QTSZ15,1,0.31395435512686953,0.8927615984945878,2.2067159536214573
QTSZ13,SBSZ01,1,0.17358170877025683,0.0,1.173581708770257
QTSZ13,SBSZ03,1,0.24786799983512003,0.0,1.24786799983512
QTSZ13,SESZ02,2,0.26295698276668306,0.0,2.262956982766683
QTSZ13,SESZ03,2,0.6428417749686263,0.0,2.6428417749686264
QTSZ13,SGSZ04,1,0.42973104882385704,0.0,1.429731048823857
QTSZ13,SGSZ06,1,0.2536607705978996,0.0,1.2536607705978997
QTSZ13,TMSZ04,2,0.2969661154547235,0.0,2.2969661154547234
QTSZ13,TPSZ06,2,0.548354877898721,0.0,2.548354877898721
QTSZ13,TPSZ11,1,0.2497008116093589,0.0,1.2497008116093589
QTSZ13,WDSZ01,1,0.11834813478032113,0.0,1.1183481347803212
QTSZ13,WDSZ02,1,0.39761872260697395,0.0,1.3976187226069738
QTSZ13,WDSZ06,1,0.28477487821120506,0.0,1.2847748782112052
QTSZ13,YSSZ03,1,0.30952444980233756,0.0,1.3095244498023375
QTSZ13,YSSZ09,1,0.35869944154184513,0.0,1.3586994415418452
QTSZ14,AMSZ06,2,0.3863515856491035,0.0,2.3863515856491033
QTSZ14,AMSZ09,2,0.22221859087441156,0.0,2.2222185908744114
QTSZ14,AMSZ10,1,0.3206840896726603,0.0,1.3206840896726604
QTSZ14,BDSZ02,1,0.43047707500426374,0.0,1.4304770750042637
QTSZ14,BDSZ03,3,0.5772392186700805,0.0,3.5772392186700808
QTSZ14,BDSZ04,1,0.3107636671575668,0.0,1.3107636671575669
QTSZ14,BDSZ06,1,0.7217865101511923,0.0,1.7217865101511922
QTSZ14,BKSZ05,1,0.7891600591082714,0.0,1.7891600591082715
QTSZ14,BKSZ07,1,0.2644869115656532,0.0,1.2644869115656532
QTSZ14,BLSZ02,1,0.07874785362467232,0.0,1.0787478536246724
QTSZ14,BMSZ01,5,1.4236349536360242,1.0888238511176054,7.51245880475363
QTSZ14,BMSZ03,1,0.6091029238115369,0.46362114665127435,2.072724070462811
QTSZ14,BMSZ07,4,2.0644394288149837,0.407465120839522,6.471904549654505
QTSZ14,BMSZ08,2,0.2843164674277539,0.339782811876111,2.6240992793038647
QTSZ14,BMSZ09,2,0.3117008812392124,0.0,2.3117008812392124
QTSZ14,BMSZ10,2,0.3766694706122074,0.0,2.3766694706122076
QTSZ14,BMSZ12,1,0.505406096063209,0.25102061600625375,1.7564267120694628
QTSZ14,BMSZ13,1,0.8040497523757185,0.26738623709751447,2.0714359894732333
QTSZ14,BMSZ14,1,0.32239255487936574,0.0,1.3223925548793658
QTSZ14,BMSZ15,3,0.2629886798692889,0.06736320826021289,3.330351888129502
QTSZ14,BMSZ17,2,0.7004740803290016,0.0,2.7004740803290015
QTSZ14,BPSZ04,2,0.33080949491342476,0.0,2.330809494913425
QTSZ14,BPSZ05,2,0.3203843969825634,0.0,2.3203843969825635
QTSZ14,BSSZ01,3,0.5345449593650591,0.0,3.534544959365059
QTSZ14,BSSZ02,1,0.30985390133500795,0.0,1.309853901335008
QTSZ14,BSSZ03,3,0.7143192737311447,0.0,3.7143192737311446
QTSZ14,BTSZ01,1,0.44254550906641976,0.0,1.4425455090664197
QTSZ14,BTSZ02,1,0.22017282437764132,0.0,1.2201728243776413
QTSZ14,BTSZ03,1,0.2578000948409431,0.0,1.2578000948409431
QTSZ14,CCSZ01,1,0.16893735288851533,0.0,1.1689373528885154
QTSZ14,CKSZ02,1,0.4719089496874329,0.0,1.471908949687433
QTSZ14,CKSZ04,1,0.22117613000151043,0.0,1.2211761300015105
QTSZ14,CKSZ05,3,0.11910556565714295,0.0,3.119105565657143
QTSZ14,CLSZ04,2,0.3206324923552694,0.0,2.3206324923552692
QTSZ14,CLSZ06,2,0.24824479912147443,0.0,2.2482447991214745
QTSZ14,CLSZ07,1,0.492167620297792,0.0,1.492167620297792
QTSZ14,CLSZ08,1,0.7392890833582623,0.0,1.7392890833582624
QTSZ14,DTSZ03,1,0.28472371507477606,0.0,1.2847237150747761
QTSZ14,GLSZ02,1,0.1627069048682715,0.0,1.1627069048682714
QTSZ14,GLSZ04,3,0.6298214694129216,0.0,3.6298214694129216
QTSZ14,HGSZ01,1,0.17685884476508326,0.0,1.1768588447650832
QTSZ14,HGSZ02,2,0.6256722498640153,0.0,2.6256722498640155
QTSZ14,HGSZ04,1,0.3364893346720746,0.0,1.3364893346720745
QTSZ14,HGSZ07,2,0.5495945014249285,0.0,2.5495945014249286
QTSZ14,HGSZ08,1,0.2438844424423433,0.0,1.2438844424423432
QTSZ14,JESZ04,1,0.12697167831633957,0.0,1.1269716783163395
QTSZ14,JESZ05,1,0.3853325268829336,0.0,1.3853325268829337
QTSZ14,JESZ08,1,0.1875664318247226,0.0,1.1875664318247225
QTSZ14,JWSZ02,1,0.2695522042377749,0.0,1.269552204237775
QTSZ14,JWSZ04,1,0.45445009100267864,0.0,1.4544500910026787
QTSZ14,JWSZ08,1,0.6553933152519086,0.0,1.6553933152519087
QTSZ14,JWSZ09,4,0.6961974147943095,0.0,4.69619741479431
QTSZ14,KLSZ03,1,0.04607032592420958,0.0,1.0460703259242097
QTSZ14,KLSZ05,1,0.16309099544245956,0.0,1.1630909954424595
QTSZ14,NVSZ01,1,0.8331123876398969,0.0,1.833112387639897
QTSZ14,NVSZ02,2,0.8668718428409891,0.0,2.866871842840989
QTSZ14,ORSZ03,1,0.2681327472539378,0.0,1.2681327472539379
QTSZ14,OTSZ03,3,0.772596145713464,0.0,3.772596145713464
QTSZ14,PGSZ02,3,1.4640592685407148,0.0,4.464059268540715
QTSZ14,PGSZ03,2,0.34690317697148565,0.0,2.3469031769714856
QTSZ14,PRSZ02,1,0.15228263441501957,0.0,1.1522826344150197
QTSZ14,PRSZ03,1,0.22110908399094062,0.0,1.2211090839909406
QTSZ14,QTSZ01,2,0.47214416889474,0.0,2.47214416889474
QTSZ14,QTSZ02,1,0.288204714425538,0.030644202606527445,1.3188489170320654
QTSZ14,QTSZ05,1,0.6809298223153305,0.11743876593495266,1.7983685882502831
QTSZ14,QTSZ06,2,0.5827604059596331,0.9580402590932072,3.5408006650528403
QTSZ14,QTSZ08,1,0.7692940219433205,0.15851197205436052,1.9278059939976808
QTSZ14,QTSZ10,2,0.6427471762723416,0.7787908930941421,3.4215380693664836
QTSZ14,QTSZ13,1,0.541582467770844,0.007165199961523358,1.5487476677323673
QTSZ14,QTSZ14,1,1.1558645036190258,13.952250127689549,16.108114631308574
QTSZ14,QTSZ15,1,0.40681460704330724,0.1118009623210903,1.5186155693643975
QTSZ14,RCSZ02,1,0.08633711354564723,0.0,1.0863371135456472
QTSZ14,RVSZ03,1,0.0,0.0,1.0
QTSZ14,SBSZ01,1,0.1009112103586475,0.0,1.1009112103586476
QTSZ14,SBSZ03,4,0.6844079076210398,0.0,4.68440790762104
QTSZ14,SBSZ05,1,0.0,0.0,1.0
QTSZ14,SESZ03,3,0.7594561605692726,0.0,3.7594561605692727
QTSZ14,SESZ04,4,0.675602263943623,0.0,4.675602263943623
QTSZ14,SESZ05,1,0.29286195601222215,0.0,1.292861956012222
QTSZ14,SESZ06,2,0.6087979409426817,0.0,2.6087979409426816
QTSZ14,SGSZ04,2,0.4164130262414947,0.0,2.4164130262414947
QTSZ14,SGSZ06,4,0.3486473484640362,0.0,4.348647348464036
QTSZ14,SRSZ01,1,0.2750409134121193,0.0,1.2750409134121192
QTSZ14,TMSZ01,1,0.21743398770723038,0.0,1.2174339877072304
QTSZ14,TMSZ02,2,0.4303157139367091,0.0,2.430315713936709
QTSZ14,TMSZ03,2,0.7493107672576785,0.0,2.7493107672576786
QTSZ14,TMSZ04,3,1.0607819608115987,0.0,4.060781960811599
QTSZ14,TPSZ05,1,0.12013670885582568,0.0,1.1201367088558256
QTSZ14,TPSZ07,1,0.12311929854763051,0.0,1.1231192985476306
QTSZ14,TPSZ11,1,0.3614514274843469,0.0,1.3614514274843468
QTSZ14,WDSZ02,1,0.42723277298957374,0.0,1.4272327729895737
QTSZ14,YSSZ01,1,0.21068418402215205,0.0,1.210684184022152
QTSZ14,YSSZ03,1,0.2897264163209743,0.0,1.2897264163209743
QTSZ14,YSSZ05,1,0.18820780992429503,0.0,1.188207809924295
QTSZ14,YSSZ09,2,0.4343541906984137,0.0,2.434354190698414
QTSZ15,AMSZ04,1,0.0,0.0,1.0
QTSZ15,BDSZ04,1,0.1305675188474577,0.0,1.1305675188474578
QTSZ15,BMSZ01,1,0.24918187115555498,0.0,1.249181871155555
QTSZ15,BPSZ05,2,0.33418496894531025,0.0,2.3341849689453102
QTSZ15,BSSZ02,1,0.1603983026784581,0.0,1.1603983026784581
QTSZ15,CKSZ04,1,0.09386219124141418,0.0,1.0938621912414142
QTSZ15,CLSZ06,1,0.32132300176290224,0.0,1.3213230017629023
QTSZ15,HGSZ02,1,0.11243247205604792,0.0,1.112432472056048
QTSZ15,HGSZ07,2,0.26978738234766925,0.0,2.269787382347669
QTSZ15,JESZ02,1,0.04939779766123737,0.0,1.0493977976612374
QTSZ15,JESZ05,1,0.28838261159440914,0.0,1.2883826115944093
QTSZ15,JWSZ09,1,0.3882858300437095,0.0,1.3882858300437095
QTSZ15,OTSZ03,1,0.13905661178378415,0.0,1.1390566117837841
QTSZ15,PGSZ04,1,0.0181331035737401,0.0,1.0181331035737402
QTSZ15,QTSZ13,1,0.5283411706091866,0.004063444252324102,1.5324046148615107
QTSZ15,QTSZ15,1,0.4663387324512862,1.9959484253876945,3.462287157838981
QTSZ15,RCSZ01,1,0.0726194465954937,0.0,1.0726194465954937
QTSZ15,RCSZ10,1,0.09144102789064357,0.0,1.0914410278906437
QTSZ15,SGSZ03,2,0.13813225865355053,0.0,2.1381322586535507
QTSZ15,SGSZ06,1,0.1481337001068531,0.0,1.148133700106853
RCSZ01,AMSZ01,1,0.19718888805056556,0.0,1.1971888880505657
RCSZ01,AMSZ06,1,0.24608136875454514,0.0,1.2460813687545451
RCSZ01,BDSZ01,1,0.14608576471180834,0.0,1.1460857647118083
RCSZ01,BDSZ02,2,0.26767561155758973,0.0,2.2676756115575896
RCSZ01,BDSZ03,1,0.17191038052838778,0.0,1.1719103805283877
RCSZ01,BDSZ06,1,0.4050496644482714,0.0,1.4050496644482715
RCSZ01,BMSZ05,2,0.1654143022747294,0.0,2.1654143022747294
RCSZ01,BMSZ06,2,0.38611328876775214,0.0,2.3861132887677523
RCSZ01,BSSZ01,1,0.3927944042412903,0.0,1.3927944042412903
RCSZ01,CKSZ02,1,0.16147893508985087,0.0,1.161478935089851
RCSZ01,CKSZ03,1,0.1801925937063743,0.0,1.1801925937063742
RCSZ01,CKSZ04,1,0.18512646970847782,0.0,1.1851264697084778
RCSZ01,CKSZ05,1,0.10711395512788285,0.0,1.1071139551278828
RCSZ01,CLSZ04,2,0.211556344428937,0.0,2.211556344428937
RCSZ01,DTSZ01,3,0.26556196241634866,0.3164230526519372,3.581985015068286
RCSZ01,DTSZ02,2,0.19002427996738072,0.21657044463876712,2.4065947246061477
RCSZ01,DTSZ04,1,0.06440237351006474,0.0,1.0644023735100647
RCSZ01,DTSZ05,1,0.1493208109648528,0.08493348682790657,1.2342542977927593
RCSZ01,DTSZ11,1,0.16688647926921318,0.0,1.166886479269213
RCSZ01,GLSZ03,3,0.27746137674820787,0.0,3.277461376748208
RCSZ01,GLSZ04,1,0.24862766569839376,0.0,1.2486276656983937
RCSZ01,GLSZ05,1,0.3181455855427579,0.0,1.318145585542758
RCSZ01,HGSZ03,1,0.12583572011155802,0.0,1.125835720111558
RCSZ01,HGSZ05,1,0.18797532478187626,0.0,1.1879753247818763
RCSZ01,HGSZ06,1,0.24901922276726796,0.0,1.2490192227672678
RCSZ01,HGSZ07,1,0.22413261297410614,0.0,1.2241326129741061
RCSZ01,JESZ03,2,0.2314082183974088,0.0,2.2314082183974087
RCSZ01,JWSZ01,1,0.021007983137834592,0.0,1.0210079831378347
RCSZ01,JWSZ04,1,0.27274801981627195,0.0,1.272748019816272
RCSZ01,KLSZ01,3,0.3386061627551766,0.3890765348620101,3.7276826976171864
RCSZ01,KLSZ03,1,0.05349892705214711,0.17559413943987376,1.2290930664920208
RCSZ01,KLSZ08,2,0.22782761571010823,0.09117313903573368,2.3190007547458418
RCSZ01,MPSZ03,1,0.20679441235238022,0.0,1.2067944123523802
RCSZ01,MUSZ01,2,0.08199522790340874,0.37697444821206855,2.458969676115477
RCSZ01,NTSZ03,1,0.14271524175241207,0.23187240976283627,1.3745876515152482
RCSZ01,NVSZ01,1,0.9258380112693639,0.11720479916974377,2.0430428104391076
RCSZ01,NVSZ02,1,0.40712358490884576,0.2797031447528034,1.686826729661649
RCSZ01,ORSZ02,1,0.1954215755506541,0.08570938814163823,1.2811309636922923
RCSZ01,OTSZ02,1,0.01622148127747434,0.0018055826674312563,1.0180270639449056
RCSZ01,OTSZ03,2,0.32156634311256516,0.23677147515462357,2.558337818267189
RCSZ01,PGSZ03,2,0.11701182236604034,0.0,2.1170118223660404
RCSZ01,PGSZ04,1,0.15024579072057204,0.0,1.150245790720572
RCSZ01,QTSZ03,1,0.13783492929826743,0.0,1.1378349292982675
RCSZ01,QTSZ05,1,0.19653125806236418,0.0,1.1965312580623642
RCSZ01,QTSZ08,1,0.17023613191600917,0.0,1.1702361319160093
RCSZ01,QTSZ15,1,0.07268018846548964,0.0,1.0726801884654897
RCSZ01,RCSZ01,1,0.45458992986877966,3.3456528084386266,4.800242738307406
RCSZ01,RCSZ09,1,0.0,0.13539137447911642,1.1353913744791164
RCSZ01,RCSZ10,2,0.10099867292468108,0.3264244999250592,2.42742317284974
RCSZ01,SBSZ03,1,0.19099023753344557,0.0,1.1909902375334456
RCSZ01,SESZ02,1,0.19240712603295063,0.0,1.1924071260329505
RCSZ01,SESZ03,6,0.7046200827741874,0.0,6.704620082774188
RCSZ01,SESZ04,1,0.2677278610930154,0.0,1.2677278610930154
RCSZ01,SESZ05,2,0.11237637380241508,0.0,2.112376373802415
RCSZ01,SGSZ04,3,0.36181138930161677,0.0,3.3618113893016166
RCSZ01,SGSZ06,1,0.21132486479553883,0.0,1.2113248647955388
RCSZ01,SRSZ01,1,0.13159538570913165,0.08679081781230417,1.218386203521436
RCSZ01,SRSZ02,1,0.01935410436640132,0.2601951154056216,1.279549219772023
RCSZ01,TMSZ02,1,0.30142596612254596,0.0,1.301425966122546
RCSZ01,TMSZ04,3,0.18451418274276343,0.0,3.184514182742763
RCSZ01,TNSZ04,1,0.21138267762566515,0.0,1.211382677625665
RCSZ01,TPSZ02,1,0.2642301767214616,0.20033822747026392,1.4645684041917255
RCSZ01,TPSZ06,1,0.14208537085182713,0.04143059394714484,1.183515964798972
RCSZ01,TPSZ09,2,0.15536401652645457,0.0,2.1553640165264545
RCSZ01,TPSZ11,2,0.31034307765228025,0.0,2.31034307765228
RCSZ01,WDSZ02,1,0.1688753628810343,0.0,1.1688753628810342
RCSZ01,WDSZ06,1,0.19976991746382347,0.0,1.1997699174638234
RCSZ01,YSSZ09,6,0.33572491123766,0.0,6.33572491123766
RCSZ02,BDSZ04,1,0.0,0.0,1.0
RCSZ02,DTSZ02,1,0.0,0.23870687833797308,1.238706878337973
RCSZ02,DTSZ04,1,0.0,0.0,1.0
RCSZ02,DTSZ11,1,0.0,0.17070839443219438,1.1707083944321943
RCSZ02,GLSZ05,2,0.0,0.0,2.0
RCSZ02,KLSZ08,1,0.0,0.09590260685073895,1.095902606850739
RCSZ02,ORSZ02,1,0.0,0.13026501067125157,1.1302650106712515
RCSZ02,QTSZ14,1,0.0,0.0,1.0
RCSZ02,RCSZ02,1,0.0,0.36442223152756364,1.3644222315275636
RCSZ03,AMSZ12,1,0.04926736070191677,0.0,1.0492673607019167
RCSZ03,BDSZ01,1,0.10289452953566393,0.0,1.102894529535664
RCSZ03,BSSZ01,1,0.26072753332723786,0.0,1.2607275333272379
RCSZ03,BTSZ04,1,0.13286375930715208,0.0,1.132863759307152
RCSZ03,DTSZ01,1,0.16338451569892892,0.012106390276826945,1.175490905975756
RCSZ03,DTSZ07,1,0.07284729184301679,0.042497401739007,1.1153446935820237
RCSZ03,OTSZ03,2,0.14960887197100428,0.034020311261788755,2.183629183232793
RCSZ03,OTSZ04,2,0.07770278868364147,0.027737990103158944,2.1054407787868006
RCSZ03,PGSZ04,1,0.20635848529126316,0.0,1.2063584852912632
RCSZ03,RCSZ03,1,0.3494343117129023,1.865701975342039,3.215136287054941
RCSZ03,RCSZ09,1,0.023830251918099024,0.0033439888786200842,1.027174240796719
RCSZ03,RCSZ10,1,0.045089038452221515,0.014299749928634555,1.0593887883808562
RCSZ03,TNSZ04,1,0.08720523970981357,0.0,1.0872052397098135
RCSZ03,TPSZ06,1,0.021862157834774222,0.00030246566773748474,1.0221646235025117
RCSZ03,WDSZ03,1,0.15879820230325858,0.0,1.1587982023032586
RCSZ03,YSSZ09,1,0.0981256617091064,0.0,1.0981256617091064
RCSZ04,DTSZ02,1,0.0,0.0,1.0
RCSZ04,NVSZ01,1,0.0,0.0,1.0
RCSZ05,BKSZ04,1,0.04676923979982309,0.0,1.0467692397998232
RCSZ05,BMSZ13,1,0.006683520687530145,0.0,1.0066835206875302
RCSZ05,BSSZ03,1,0.04377879183856929,0.0,1.0437787918385693
RCSZ05,BTSZ01,2,0.09850922438878583,0.0,2.0985092243887857
RCSZ05,CKSZ05,1,0.015816631129114776,0.0,1.0158166311291148
RCSZ05,CLSZ04,1,0.05196483037475725,0.0,1.0519648303747573
RCSZ05,DTSZ01,1,0.543257283916888,2.823605753421295,4.366863037338183
RCSZ05,DTSZ02,1,0.017310878491977766,0.09973923577547134,1.1170501142674492
RCSZ05,DTSZ12,1,0.06525864074818474,0.00674593134087584,1.0720045720890605
RCSZ05,GLSZ04,1,0.22582383491134894,0.03317529224796997,1.258999127159319
RCSZ05,GLSZ05,1,0.11933375697136536,0.0,1.1193337569713653
RCSZ05,JESZ02,1,0.00404269887992794,0.0,1.004042698879928
RCSZ05,OTSZ03,1,0.06262220300908249,0.03674915312077063,1.099371356129853
RCSZ05,PGSZ04,1,0.10940427378512488,0.0,1.1094042737851249
RCSZ05,PGSZ05,1,0.06407593635621997,0.0,1.06407593635622
RCSZ05,SESZ04,1,0.0937316704408988,0.0,1.0937316704408988
RCSZ05,SGSZ01,1,0.024224969257295375,0.0,1.0242249692572953
RCSZ05,TMSZ02,1,0.13779349195079726,0.0,1.1377934919507973
RCSZ05,TMSZ04,1,0.07901295114617007,0.0,1.0790129511461701
RCSZ05,TPSZ02,1,0.05020645685368825,0.0,1.0502064568536882
RCSZ05,WDSZ05,1,0.068211476025613,0.0,1.068211476025613
RCSZ05,YSSZ05,1,0.013986638631657295,0.0,1.0139866386316574
RCSZ05,YSSZ09,2,0.058180600405383115,0.0,2.0581806004053833
RCSZ06,AMSZ07,1,0.0,0.0,1.0
RCSZ06,NVSZ01,1,0.0,0.0,1.0
RCSZ06,SBSZ03,1,0.0,0.0,1.0
RCSZ08,BDSZ04,1,0.06409221386071672,0.0,1.0640922138607167
RCSZ08,BMSZ01,1,0.07029710577199788,0.0,1.0702971057719979
RCSZ08,CLSZ03,1,0.09242304272483495,0.0,1.092423042724835
RCSZ08,GLSZ05,1,0.12298699714771832,0.0,1.1229869971477182
RCSZ08,HGSZ01,1,0.05231294941159933,0.0,1.0523129494115993
RCSZ08,HGSZ04,1,0.015870001301101586,0.0,1.0158700013011015
RCSZ08,HGSZ06,1,0.02602223070790905,0.0,1.026022230707909
RCSZ08,KLSZ07,1,0.057234651712603196,0.0,1.0572346517126032
RCSZ08,ORSZ02,1,0.08686563416305317,0.0,1.0868656341630532
RCSZ08,PGSZ05,1,0.06440277256681878,0.0,1.0644027725668188
RCSZ08,PRSZ05,2,0.07366400929973388,0.0,2.073664009299734
RCSZ08,QTSZ10,1,0.01934310033486015,0.0,1.01934310033486
RCSZ08,SESZ02,1,0.05410728448464493,0.0,1.0541072844846449
RCSZ08,TMSZ03,1,0.12773980987260913,0.0,1.127739809872609
RCSZ08,TPSZ02,1,0.03809352606167151,0.0,1.0380935260616715
RCSZ08,TPSZ06,1,0.0020232004839683434,0.0,1.0020232004839684
RCSZ08,YSSZ09,1,0.032521470094366185,0.0,1.0325214700943661
RCSZ09,AMSZ01,1,0.15461300311506984,0.0,1.1546130031150699
RCSZ09,BDSZ01,1,0.08791906166530158,0.0,1.0879190616653016
RCSZ09,BDSZ04,1,0.21290181642563394,0.0,1.212901816425634
RCSZ09,BDSZ05,1,0.15671748376357303,0.0,1.156717483763573
RCSZ09,BKSZ03,1,0.10798133046855068,0.0,1.1079813304685506
RCSZ09,BMSZ04,2,0.15669777632107446,0.26610936414696684,2.4228071404680414
RCSZ09,BMSZ08,1,0.09808997472679584,0.0,1.0980899747267958
RCSZ09,BMSZ10,1,0.0789350852936328,0.0,1.0789350852936328
RCSZ09,BMSZ14,1,0.054282401658159896,0.0,1.0542824016581598
RCSZ09,BMSZ15,1,0.07993119710055335,0.0,1.0799311971005534
RCSZ09,BSSZ03,1,0.14266569537026072,0.0,1.1426656953702607
RCSZ09,BTSZ03,1,0.09451648706677317,0.0,1.0945164870667732
RCSZ09,CKSZ02,1,0.12135279158175286,0.0,1.121352791581753
RCSZ09,CKSZ03,1,0.16444662743939642,0.0,1.1644466274393963
RCSZ09,DTSZ01,1,0.6171018511812462,0.11749657812681194,1.7345984293080583
RCSZ09,DTSZ02,1,0.08061928804262536,0.6173635097492163,1.6979827977918416
RCSZ09,JESZ02,1,0.02915624270939734,0.0,1.0291562427093974
RCSZ09,JWSZ09,2,0.251771814911689,0.0,2.251771814911689
RCSZ09,KLSZ06,2,0.5116641741690099,0.7143430901692936,3.2260072643383038
RCSZ09,KLSZ07,2,0.28109550448761156,0.410510485909188,2.6916059903967993
RCSZ09,MPSZ01,1,0.11260516285653259,0.0,1.1126051628565325
RCSZ09,NVSZ01,4,0.477535331053663,0.2975531494570716,4.7750884805107345
RCSZ09,OTSZ03,2,0.21348397533579094,0.5766390944113178,2.790123069747109
RCSZ09,PGSZ02,1,0.07281986090932488,0.0,1.072819860909325
RCSZ09,PGSZ03,2,0.0726475781485625,0.0,2.0726475781485627
RCSZ09,SBSZ06,1,0.10706429941460467,0.0,1.1070642994146047
RCSZ09,TMSZ02,1,0.21191140741804335,0.0,1.2119114074180433
RCSZ09,TPSZ06,1,0.05307655065555068,0.0,1.0530765506555506
RCSZ09,WDSZ02,1,0.08049467184152147,0.0,1.0804946718415214
RCSZ09,YSSZ09,1,0.11590155486812144,0.0,1.1159015548681215
RCSZ10,AMSZ01,1,0.20347171839751255,0.0,1.2034717183975125
RCSZ10,AMSZ03,1,0.12540220741701308,0.0,1.1254022074170131
RCSZ10,AMSZ04,1,0.04442812262861899,0.0,1.044428122628619
RCSZ10,AMSZ10,1,0.15466032309161723,0.0,1.1546603230916173
RCSZ10,BDSZ01,1,0.09957148649200974,0.0,1.0995714864920096
RCSZ10,BDSZ04,5,0.46222536839210054,0.0,5.462225368392101
RCSZ10,BDSZ06,2,0.5330056205450402,0.0,2.5330056205450404
RCSZ10,BKSZ03,1,0.1504591956551667,0.0,1.1504591956551666
RCSZ10,BKSZ05,1,0.192609451670604,0.0,1.192609451670604
RCSZ10,BLSZ02,2,0.057627936002107465,0.0,2.0576279360021075
RCSZ10,BMSZ04,2,0.14207406635583023,0.09294907771786527,2.2350231440736956
RCSZ10,BMSZ05,1,0.12560537882288483,0.13173963848451037,1.2573450173073952
RCSZ10,BMSZ09,1,0.0888442183982569,0.003160310116425138,1.092004528514682
RCSZ10,BMSZ11,1,0.06640677577782948,0.0,1.0664067757778295
RCSZ10,BMSZ17,1,0.16703924270371692,0.0,1.1670392427037168
RCSZ10,BPSZ01,2,0.15007078997252052,0.0,2.1500707899725207
RCSZ10,BPSZ04,2,0.12912730257679347,0.0,2.1291273025767934
RCSZ10,BSSZ02,1,0.17998602309486056,0.0,1.1799860230948607
RCSZ10,BSSZ03,1,0.2152838163487467,0.0,1.2152838163487467
RCSZ10,CKSZ02,1,0.1962091035649447,0.0,1.1962091035649447
RCSZ10,CKSZ03,1,0.2110221642180557,0.0,1.2110221642180556
RCSZ10,CKSZ06,1,0.2079171044872988,0.0,1.2079171044872987
RCSZ10,CLSZ03,1,0.2244649135026454,0.0,1.2244649135026453
RCSZ10,DTSZ02,3,0.3257454610976535,0.874595207245892,4.200340668343546
RCSZ10,DTSZ03,2,0.45338038494216154,0.2660850298639801,2.7194654148061415
RCSZ10,DTSZ05,1,0.1911904571047857,0.3028036718885378,1.4939941289933236
RCSZ10,DTSZ12,1,0.09134560840056266,0.014300148685369189,1.1056457570859317
RCSZ10,GLSZ03,1,0.18819649639978894,0.0,1.1881964963997889
RCSZ10,GLSZ04,1,0.3523266601655347,0.0,1.3523266601655348
RCSZ10,GLSZ05,1,0.4208327739548582,0.0,1.4208327739548583
RCSZ10,HGSZ05,1,0.2370501202861194,0.0,1.2370501202861195
RCSZ10,JWSZ04,2,0.4096617755085671,0.0,2.409661775508567
RCSZ10,JWSZ09,1,0.3201659112569288,0.0,1.3201659112569288
RCSZ10,KLSZ01,4,0.3877214715950021,0.5171950192545531,4.904916490849555
RCSZ10,KLSZ03,2,0.09922903962490125,0.0011671837013719486,2.1003962233262734
RCSZ10,KLSZ06,1,0.3631976453922395,0.21336469557199908,1.5765623409642384
RCSZ10,KLSZ07,2,0.27127724599261177,0.19392341506668287,2.4652006610592947
RCSZ10,KLSZ08,1,0.14529086356260743,0.17553576833653278,1.3208266318991402
RCSZ10,KLSZ09,1,0.023154864748488126,0.12685831911516113,1.1500131838636491
RCSZ10,MPSZ02,2,0.16163250569804638,0.0,2.1616325056980465
RCSZ10,MUSZ01,2,0.016158251108015092,0.6525615638621677,2.6687198149701827
RCSZ10,NTSZ02,1,0.0,0.0,1.0
RCSZ10,NTSZ03,1,0.05784420059074899,0.11142665595798633,1.1692708565487353
RCSZ10,NVSZ01,1,0.577050403218199,0.07773783729614477,1.654788240514344
RCSZ10,OTSZ03,5,0.5045035876643146,0.9858380300649296,6.490341617729244
RCSZ10,OTSZ04,1,0.06943840498497873,0.023209033696025293,1.0926474386810041
RCSZ10,PGSZ03,1,0.1250570867293063,0.0,1.1250570867293064
RCSZ10,PGSZ04,3,0.05635908427879199,0.0,3.056359084278792
RCSZ10,PRSZ02,1,0.21587507775881315,0.0,1.2158750777588132
RCSZ10,PRSZ03,3,0.4484113613775081,0.0,3.448411361377508
RCSZ10,PRSZ05,4,0.4170138596693251,0.0,4.417013859669325
RCSZ10,QTSZ01,1,0.09864052757244633,0.0,1.0986405275724462
RCSZ10,QTSZ05,1,0.23946597952580578,0.0,1.2394659795258058
RCSZ10,QTSZ15,1,0.08581879214294363,0.0,1.0858187921429436
RCSZ10,RCSZ01,3,0.23156034479114265,0.1421754296134368,3.3737357744045795
RCSZ10,RCSZ09,2,0.8634243295758064,2.0342130545593538,4.897637384135161
RCSZ10,RCSZ10,1,0.2960140933583716,12.739319041827692,14.035333135186063
RCSZ10,SBSZ03,1,0.19158738968749997,0.0,1.1915873896875
RCSZ10,SBSZ04,2,0.2434929670277673,0.0,2.2434929670277675
RCSZ10,SESZ02,1,0.20568662282028144,0.0,1.2056866228202814
RCSZ10,SESZ03,3,0.370776996237976,0.0,3.370776996237976
RCSZ10,SESZ04,1,0.29260123268217264,0.0,1.2926012326821725
RCSZ10,SESZ06,1,0.33003247736394903,0.0,1.330032477363949
RCSZ10,SGSZ04,2,0.41016156924663383,0.0,2.410161569246634
RCSZ10,SGSZ06,2,0.16380936475621133,0.0,2.1638093647562116
RCSZ10,SISZ01,1,0.13839428070938378,0.0,1.1383942807093839
RCSZ10,SRSZ02,1,0.050686805001198515,0.31994406784388224,1.370630872845081
RCSZ10,TMSZ02,3,0.6049792435750362,0.0,3.6049792435750363
RCSZ10,TMSZ04,3,0.1508729966016361,0.0,3.150872996601636
RCSZ10,TPSZ01,1,0.10068859414422864,0.0,1.1006885941442286
RCSZ10,TPSZ02,1,0.19996967013432235,0.0,1.1999696701343223
RCSZ10,TPSZ03,3,0.08651175165467297,0.0,3.086511751654673
RCSZ10,TPSZ09,1,0.10055572297709543,0.0,1.1005557229770955
RCSZ10,WDSZ01,1,0.04444060740576684,0.0,1.0444406074057668
RCSZ10,WDSZ02,1,0.15207534050567217,0.0,1.152075340505672
RCSZ10,WDSZ03,1,0.2732837039154779,0.0,1.2732837039154778
RCSZ10,WDSZ04,1,0.31986805350239167,0.0,1.3198680535023917
RCSZ10,YSSZ02,1,0.07900606556876132,0.0,1.0790060655687612
RCSZ10,YSSZ04,1,0.2885321497708257,0.0,1.2885321497708258
RCSZ10,YSSZ09,2,0.3304393945182067,0.0,2.3304393945182067
RVSZ01,BTSZ01,1,0.0,0.0,1.0
RVSZ01,JWSZ02,1,0.0,0.0,1.0
RVSZ01,KLSZ02,1,0.0,0.0,1.0
RVSZ01,OTSZ03,1,0.0,0.0,1.0
RVSZ02,JESZ03,1,0.0,0.0,1.0
RVSZ03,BPSZ02,1,0.042170757704271665,0.0,1.0421707577042716
RVSZ03,DTSZ05,1,0.05586893297739498,0.0,1.055868932977395
RVSZ03,DTSZ08,1,0.13413770291729232,0.0,1.1341377029172923
RVSZ03,DTSZ11,2,0.08661620382057542,0.0,2.0866162038205753
RVSZ03,HGSZ06,1,0.10990857127435853,0.0,1.1099085712743586
RVSZ03,JWSZ09,1,0.17741818786223265,0.0,1.1774181878622327
RVSZ03,MUSZ01,1,0.10062233779489656,0.0,1.1006223377948965
RVSZ03,OTSZ01,1,0.021274301294818585,0.0,1.0212743012948187
RVSZ03,PRSZ03,1,0.22261131848558743,0.0,1.2226113184855874
RVSZ03,WDSZ02,1,0.049371685868493574,0.0,1.0493716858684936
RVSZ04,BDSZ04,1,0.0,0.0,1.0
RVSZ04,KLSZ02,1,0.0,0.0,1.0
RVSZ04,OTSZ03,1,0.0,0.0,1.0
RVSZ04,PRSZ07,1,0.0,0.0,1.0
RVSZ04,QTSZ02,1,0.0,0.0,1.0
RVSZ04,RCSZ05,1,0.0,0.0,1.0
RVSZ05,AMSZ01,1,0.10263278322391069,0.0,1.1026327832239107
RVSZ05,AMSZ04,1,0.0,0.0,1.0
RVSZ05,BSSZ03,1,0.08263341294904115,0.0,1.0826334129490411
RVSZ05,DTSZ02,1,0.028643847268301863,0.09193323312300705,1.120577080391309
RVSZ05,DTSZ08,2,0.0,0.7014796543790539,2.701479654379054
RVSZ05,DTSZ11,1,0.08681502316495475,0.10667244577035022,1.193487468935305
RVSZ05,GLSZ04,1,0.3069837710669206,0.0,1.3069837710669205
RVSZ05,HGSZ06,1,0.12602524320665248,0.0,1.1260252432066524
RVSZ05,JESZ05,1,0.32196482768466245,0.0,1.3219648276846625
RVSZ05,JWSZ09,1,0.16931294597805552,0.0,1.1693129459780556
RVSZ05,MUSZ02,1,0.0,0.0,1.0
RVSZ05,ORSZ02,1,0.19387162365956506,0.09991981987505844,1.2937914435346234
RVSZ05,PRSZ03,1,0.1938877088114089,0.0,1.1938877088114088
RVSZ05,QTSZ08,1,0.14102579738018353,0.0,1.1410257973801836
RVSZ05,TNSZ01,1,0.12772048288114785,0.0,1.1277204828811478
RVSZ05,YSSZ02,1,0.0322230586230963,0.0,1.0322230586230963
RVSZ05,YSSZ09,1,0.08625947410192228,0.0,1.0862594741019223
SBSZ01,AMSZ01,3,0.3903433243343436,0.0,3.3903433243343435
SBSZ01,AMSZ02,1,0.2935598738633014,0.0,1.2935598738633014
SBSZ01,BDSZ01,1,0.35941705356979436,0.0,1.3594170535697945
SBSZ01,BMSZ03,1,0.20713988649258663,0.0,1.2071398864925866
SBSZ01,BMSZ05,1,0.3563187570412963,0.0,1.3563187570412962
SBSZ01,BMSZ12,1,0.19881605563877447,0.0,1.1988160556387744
SBSZ01,BMSZ16,1,0.007844266188886966,0.0,1.007844266188887
SBSZ01,BSSZ01,6,0.3891546984848514,0.0,6.389154698484852
SBSZ01,BSSZ03,1,0.3907028771944352,0.0,1.3907028771944352
SBSZ01,BTSZ01,1,0.3037263266646884,0.0,1.3037263266646884
SBSZ01,CCSZ01,1,0.12232079697504807,0.0,1.1223207969750482
SBSZ01,CLSZ01,1,0.1210047222560594,0.0,1.1210047222560595
SBSZ01,CLSZ06,1,0.2437789174355184,0.0,1.2437789174355185
SBSZ01,CLSZ07,1,0.17983573477743287,0.0,1.1798357347774329
SBSZ01,DTSZ01,1,0.29880411189865,0.0,1.29880411189865
SBSZ01,DTSZ05,1,0.20522602152087513,0.0,1.2052260215208752
SBSZ01,DTSZ08,1,0.1758429252424364,0.0,1.1758429252424363
SBSZ01,DTSZ10,1,0.045496281015350075,0.0,1.04549628101535
SBSZ01,DTSZ11,1,0.3525844384102599,0.0,1.3525844384102599
SBSZ01,GLSZ02,1,0.2061424490451503,0.0,1.2061424490451502
SBSZ01,GLSZ04,1,0.4399227552642841,0.0,1.4399227552642841
SBSZ01,GLSZ05,1,0.40354096476878537,0.0,1.4035409647687853
SBSZ01,JESZ09,1,0.11218685828175294,0.0,1.112186858281753
SBSZ01,JESZ10,1,0.0,0.0,1.0
SBSZ01,JWSZ01,1,0.041309709135164116,0.0,1.0413097091351642
SBSZ01,KLSZ02,1,0.10747272142282306,0.0,1.107472721422823
SBSZ01,KLSZ07,1,0.3579652401059198,0.0,1.3579652401059197
SBSZ01,MPSZ03,1,0.2799896630450628,0.0,1.279989663045063
SBSZ01,MUSZ01,1,0.1682765390868924,0.0,1.1682765390868923
SBSZ01,NVSZ01,1,0.5919186997919951,0.0,1.5919186997919952
SBSZ01,NVSZ02,2,1.0739079158788476,0.0,3.0739079158788476
SBSZ01,ORSZ02,2,0.4622585704889181,0.0,2.462258570488918
SBSZ01,ORSZ03,2,0.31805339114312553,0.0,2.3180533911431254
SBSZ01,OTSZ03,3,0.533345330053454,0.0,3.533345330053454
SBSZ01,OTSZ04,1,0.05873679126021953,0.0,1.0587367912602195
SBSZ01,PGSZ02,1,0.20105565393887062,0.0,1.2010556539388706
SBSZ01,PGSZ04,1,0.5071754858128787,0.0,1.5071754858128787
SBSZ01,QTSZ08,1,0.2744613205768813,0.0,1.2744613205768813
SBSZ01,QTSZ09,1,0.036364203244350184,0.0,1.03636420324435
SBSZ01,QTSZ10,2,0.28797007276924436,0.0,2.2879700727692445
SBSZ01,QTSZ13,1,0.20216848738332704,0.0,1.202168487383327
SBSZ01,QTSZ14,1,0.2630616014900635,0.0,1.2630616014900635
SBSZ01,RCSZ10,1,0.17725875312237938,0.0,1.1772587531223793
SBSZ01,SBSZ01,8,0.7402781586032576,10.162811395583592,18.90308955418685
SBSZ01,SBSZ02,2,1.0661818676010024,2.3777640706433854,5.443945938244388
SBSZ01,SBSZ03,8,2.1047924736972083,4.104976169959135,14.209768643656345
SBSZ01,SBSZ04,2,0.9303896908158892,0.0,2.9303896908158893
SBSZ01,SBSZ05,6,0.6257685264882926,1.5836568387175138,8.209425365205806
SBSZ01,SBSZ06,1,0.2648627166723098,0.7874728041779033,2.052335520850213
SBSZ01,SESZ03,1,0.5095589436054072,0.0,1.5095589436054073
SBSZ01,SESZ04,1,0.4506403294801647,0.0,1.4506403294801646
SBSZ01,SESZ05,1,0.2495933045922818,0.0,1.2495933045922818
SBSZ01,SGSZ04,1,0.5188695621749059,0.0,1.5188695621749058
SBSZ01,SRSZ02,2,0.15430685842965408,0.0,2.154306858429654
SBSZ01,TNSZ01,1,0.2538666591425289,0.0,1.253866659142529
SBSZ01,TPSZ01,1,0.22244668051713024,0.0,1.2224466805171303
SBSZ01,TPSZ03,1,0.12479992645087809,0.0,1.1247999264508781
SBSZ01,TPSZ06,1,0.2852569978296368,0.0,1.2852569978296369
SBSZ01,TSSZ03,1,0.03914780175474585,0.0,1.0391478017547457
SBSZ01,TSSZ05,1,0.5602606811901267,0.0,1.5602606811901267
SBSZ01,WCSZ01,2,0.4965732811197588,0.0,2.4965732811197587
SBSZ01,WDSZ01,1,0.14434066998903824,0.0,1.1443406699890382
SBSZ01,WDSZ02,1,0.6733000032393606,0.0,1.6733000032393606
SBSZ01,WDSZ03,1,0.6202390928305184,0.09271263108156502,1.7129517239120835
SBSZ01,WDSZ07,1,0.04073527562779934,0.0,1.0407352756277994
SBSZ01,WDSZ08,1,0.46026866487997475,0.0,1.4602686648799748
SBSZ01,WDSZ09,1,0.16761744919145496,0.0,1.167617449191455
SBSZ01,YSSZ01,8,0.8578271169458347,1.8294104746898443,10.687237591635679
SBSZ01,YSSZ02,2,0.7083690437957824,1.844598474176227,4.552967517972009
SBSZ01,YSSZ03,1,0.6711544545753857,0.20151767961131456,1.8726721341867003
SBSZ01,YSSZ04,1,0.5337649080882467,0.18420277135271906,1.7179676794409657
SBSZ01,YSSZ06,1,0.13583447540140722,0.0,1.1358344754014071
SBSZ01,YSSZ09,3,1.6424941391537733,1.829668934093578,6.472163073247351
SBSZ02,AMSZ01,1,0.2874168589397229,0.0,1.2874168589397228
SBSZ02,AMSZ06,1,0.33278882983055735,0.0,1.3327888298305575
SBSZ02,AMSZ08,1,0.10497388239489959,0.0,1.1049738823948996
SBSZ02,BMSZ02,1,0.16305450879181804,0.0,1.163054508791818
SBSZ02,BMSZ05,1,0.2645613054368965,0.0,1.2645613054368965
SBSZ02,BMSZ17,2,0.10651071961842615,0.0,2.1065107196184263
SBSZ02,CLSZ06,1,0.2207908333464947,0.0,1.2207908333464947
SBSZ02,DTSZ02,1,0.18040501077756826,0.0,1.1804050107775683
SBSZ02,DTSZ06,1,0.0519303955774524,0.0,1.0519303955774524
SBSZ02,DTSZ08,1,0.12797319300383145,0.0,1.1279731930038315
SBSZ02,DTSZ11,1,0.2124843867399943,0.0,1.2124843867399944
SBSZ02,GLSZ05,1,0.22524849076176254,0.0,1.2252484907617625
SBSZ02,JESZ05,2,0.7386808725423292,0.0,2.738680872542329
SBSZ02,KLSZ07,1,0.23701892476818787,0.0,1.2370189247681878
SBSZ02,MDSZ02,1,0.044765117142175535,0.0,1.0447651171421755
SBSZ02,NVSZ02,1,0.40326831449505784,0.0,1.4032683144950577
SBSZ02,OTSZ01,1,0.02973698879709714,0.0,1.029736988797097
SBSZ02,OTSZ03,1,0.2907988473103831,0.0,1.290798847310383
SBSZ02,PNSZ02,2,0.0,0.0,2.0
SBSZ02,QTSZ08,1,0.23955877070267204,0.0,1.239558770702672
SBSZ02,RCSZ05,1,0.07238478312077491,0.0,1.072384783120775
SBSZ02,SBSZ01,2,1.5314393273656266,0.9660737138718033,4.49751304123743
SBSZ02,SBSZ02,1,0.12865967472192963,3.0585702295099177,4.187229904231847
SBSZ02,SBSZ03,1,0.7859180691504611,0.4295023487289477,2.215420417879409
SBSZ02,SBSZ04,2,0.7259339053345224,0.20095741186419608,2.9268913171987183
SBSZ02,SBSZ06,1,0.1627350787064558,0.21269752455655394,1.3754326032630098
SBSZ02,SGSZ02,1,0.14640482067493765,0.0,1.1464048206749378
SBSZ02,SKSZ01,1,0.10790700733616743,0.0,1.1079070073361674
SBSZ02,WDSZ02,1,0.27215153487351984,0.0,1.2721515348735197
SBSZ02,WDSZ03,1,0.614393737843285,0.07217618701695855,1.6865699248602435
SBSZ02,YSSZ01,2,0.27205801417223974,0.3531286864193841,2.625186700591624
SBSZ02,YSSZ02,2,0.4645191942618338,0.5694636184729578,3.0339828127347914
SBSZ02,YSSZ09,3,1.4535286014593702,1.1370922306728712,5.590620832132241
SBSZ03,AMSZ01,5,0.67628431172687,0.0,5.67628431172687
SBSZ03,AMSZ02,2,0.49825785331532646,0.0,2.4982578533153266
SBSZ03,AMSZ08,1,0.1453042500348063,0.0,1.1453042500348063
SBSZ03,AMSZ09,1,0.21802405058292387,0.0,1.2180240505829238
SBSZ03,AMSZ10,5,0.46306544630340934,0.0,5.46306544630341
SBSZ03,AMSZ11,1,0.04004890790078722,0.0,1.0400489079007873
SBSZ03,AMSZ12,1,0.17259912025600196,0.0,1.172599120256002
SBSZ03,BDSZ03,1,0.40787684003306346,0.0,1.4078768400330635
SBSZ03,BDSZ04,2,0.3199561549561308,0.0,2.319956154956131
SBSZ03,BKSZ09,2,0.3860634616479823,0.0,2.386063461647982
SBSZ03,BMSZ03,2,0.36367708726139036,0.0,2.36367708726139
SBSZ03,BMSZ04,1,0.17205580743654136,0.0,1.1720558074365415
SBSZ03,BMSZ05,2,0.856601442159126,0.0,2.856601442159126
SBSZ03,BMSZ08,1,0.18341842046830759,0.0,1.1834184204683076
SBSZ03,BMSZ12,1,0.24415834596310346,0.0,1.2441583459631034
SBSZ03,BMSZ16,1,0.024163790104494674,0.0,1.0241637901044947
SBSZ03,BPSZ04,1,0.283640739752298,0.0,1.283640739752298
SBSZ03,BSSZ01,5,0.8111253171340114,0.0,5.811125317134011
SBSZ03,BSSZ02,1,0.36864142607936573,0.0,1.3686414260793658
SBSZ03,BTSZ01,1,0.39116395465874737,0.0,1.3911639546587473
SBSZ03,BTSZ03,1,0.13326412722863468,0.0,1.1332641272286348
SBSZ03,CKSZ01,1,0.3422165083625716,0.0,1.3422165083625717
SBSZ03,CKSZ03,3,1.1518417300407866,0.0,4.151841730040786
SBSZ03,CKSZ05,2,0.24731629534751443,0.0,2.2473162953475145
SBSZ03,CKSZ06,1,0.3867033971809782,0.0,1.3867033971809781
SBSZ03,CLSZ03,2,0.2920275020878176,0.0,2.2920275020878176
SBSZ03,CLSZ04,1,0.223679364128514,0.0,1.223679364128514
SBSZ03,DTSZ01,1,0.3358664426279759,0.0,1.3358664426279758
SBSZ03,DTSZ02,2,0.7537936417542737,0.0,2.7537936417542737
SBSZ03,DTSZ03,2,0.7169294322523484,0.0,2.7169294322523485
SBSZ03,DTSZ05,8,0.5570152056602733,0.0,8.557015205660273
SBSZ03,DTSZ08,3,0.35765351534028117,0.0,3.357653515340281
SBSZ03,DTSZ09,1,0.16897729451128865,0.0,1.1689772945112886
SBSZ03,DTSZ10,1,0.0600875906325513,0.0,1.0600875906325513
SBSZ03,DTSZ11,4,0.7442740836530635,0.0,4.744274083653064
SBSZ03,DTSZ12,1,0.1960343926367991,0.0,1.1960343926367991
SBSZ03,GLSZ02,1,0.26581719553420996,0.0,1.26581719553421
SBSZ03,GLSZ03,1,0.4167015696168807,0.0,1.4167015696168808
SBSZ03,GLSZ05,2,0.6396843434242736,0.0,2.639684343424274
SBSZ03,JESZ05,6,0.44050078146908067,0.0,6.440500781469081
SBSZ03,JWSZ02,1,0.2695184899276571,0.0,1.269518489927657
SBSZ03,JWSZ04,1,0.3793103276334546,0.0,1.3793103276334546
SBSZ03,JWSZ05,2,0.062126598742123694,0.0,2.0621265987421236
SBSZ03,JWSZ08,2,0.7454152406896701,0.0,2.7454152406896704
SBSZ03,KLSZ01,1,0.539454496427896,0.0,1.539454496427896
SBSZ03,KLSZ05,1,0.1744958393875564,0.0,1.1744958393875564
SBSZ03,KLSZ06,2,0.34047836657388286,0.0,2.340478366573883
SBSZ03,KLSZ09,1,0.07222044434873139,0.0,1.0722204443487313
SBSZ03,MUSZ01,4,0.16789699649864578,0.0,4.167896996498646
SBSZ03,NTSZ03,2,0.11304374901305946,0.0,2.1130437490130594
SBSZ03,NVSZ01,1,0.5631298472836063,0.0,1.5631298472836064
SBSZ03,NVSZ02,3,0.8317756726134,0.0,3.8317756726134
SBSZ03,NVSZ03,1,0.13974795014055955,0.0,1.1397479501405596
SBSZ03,ORSZ02,3,0.7546010180793645,0.0,3.7546010180793647
SBSZ03,ORSZ03,2,0.4161078578066987,0.0,2.416107857806699
SBSZ03,OTSZ01,1,0.04841569533763809,0.0,1.048415695337638
SBSZ03,OTSZ03,2,0.7172219614019283,0.0,2.717221961401928
SBSZ03,OTSZ04,1,0.06431108593918176,0.0,1.0643110859391818
SBSZ03,PGSZ04,1,0.38801795325835475,0.0,1.3880179532583548
SBSZ03,PLSZ04,1,0.047842828034039823,0.0,1.0478428280340397
SBSZ03,PNSZ01,1,0.14203952397783837,0.0,1.1420395239778385
SBSZ03,PRSZ06,1,0.12726858935704452,0.0,1.1272685893570444
SBSZ03,QTSZ04,1,0.04847354635509978,0.0,1.0484735463550998
SBSZ03,QTSZ08,2,0.4793486745323602,0.0,2.47934867453236
SBSZ03,QTSZ09,1,0.033756270999455405,0.0,1.0337562709994554
SBSZ03,QTSZ10,4,0.37845726963017323,0.0,4.378457269630173
SBSZ03,QTSZ11,5,0.657660728499309,0.0,5.657660728499309
SBSZ03,QTSZ12,1,0.15679512680736238,0.0,1.1567951268073624
SBSZ03,QTSZ13,2,0.2735608671529399,0.0,2.27356086715294
SBSZ03,QTSZ14,3,0.5205001466834783,0.0,3.5205001466834784
SBSZ03,RCSZ01,1,0.12472021669388758,0.0,1.1247202166938877
SBSZ03,RCSZ08,1,0.0,0.0,1.0
SBSZ03,RCSZ10,1,0.18116675518019043,0.0,1.1811667551801905
SBSZ03,SBSZ01,3,1.8566385771014404,1.3959277555487124,6.252566332650153
SBSZ03,SBSZ02,1,0.714688839178014,1.027598502486733,2.742287341664747
SBSZ03,SBSZ03,13,5.823751959335362,35.87126653154683,54.69501849088219
SBSZ03,SBSZ04,14,5.6331634468896326,7.457901104280814,27.091064551170447
SBSZ03,SBSZ05,2,0.35783534052536975,0.44378334507748535,2.8016186856028553
SBSZ03,SBSZ08,1,0.28283160017450076,0.0,1.2828316001745008
SBSZ03,SBSZ09,1,1.6540051278545465,0.49461027818247627,3.1486154060370226
SBSZ03,SESZ03,2,0.7283036523549878,0.0,2.7283036523549877
SBSZ03,SESZ05,1,0.3382739515047615,0.0,1.3382739515047615
SBSZ03,SGSZ02,1,0.1267701399841762,0.0,1.1267701399841763
SBSZ03,SGSZ04,1,0.5956943158385192,0.0,1.5956943158385193
SBSZ03,SISZ01,1,0.4554146335118511,0.0,1.4554146335118512
SBSZ03,SKSZ01,1,0.14724671528260622,0.0,1.1472467152826062
SBSZ03,SLSZ01,1,0.23238992895805208,0.0,1.232389928958052
SBSZ03,THSZ01,1,0.0,0.0,1.0
SBSZ03,TMSZ02,3,0.7554045875977533,0.0,3.755404587597753
SBSZ03,TMSZ05,1,0.5584576161500414,0.0,1.5584576161500414
SBSZ03,TNSZ01,1,0.3373898802839186,0.0,1.3373898802839186
SBSZ03,TNSZ04,1,0.1308054038886715,0.0,1.1308054038886715
SBSZ03,TPSZ02,1,0.29957574597518977,0.0,1.2995757459751898
SBSZ03,TSSZ03,1,0.0864019337279903,0.0,1.0864019337279902
SBSZ03,TSSZ06,3,0.16114293247627495,0.0,3.1611429324762748
SBSZ03,WCSZ01,3,0.7725786760944302,0.0,3.7725786760944304
SBSZ03,WDSZ01,3,0.2115906584085167,0.0,3.2115906584085168
SBSZ03,WDSZ02,7,1.4269965341023532,0.815393467770497,9.242390001872849
SBSZ03,WDSZ03,6,2.0321136769190753,0.595147147945008,8.627260824864083
SBSZ03,WDSZ04,2,0.7939926840537095,0.24508897633777993,3.0390816603914894
SBSZ03,WDSZ06,2,0.541667303796539,0.0,2.541667303796539
SBSZ03,WDSZ08,2,0.7892785141343485,0.09323657876409693,2.882515092898445
SBSZ03,YSSZ01,16,0.9358979916752845,2.4370093283992516,19.372907320074535
SBSZ03,YSSZ02,1,0.6033494087939848,0.31077233629282897,1.9141217450868138
SBSZ03,YSSZ03,2,0.98869631738733,0.0,2.9886963173873298
SBSZ03,YSSZ04,1,0.5606022961327913,0.0,1.5606022961327914
SBSZ03,YSSZ08,2,0.3629105807777196,0.03503344534165805,2.3979440261193776
SBSZ03,YSSZ09,12,2.288747752850976,2.774612888183109,17.063360641034087
SBSZ04,AMSZ01,5,0.5451621347873842,0.0,5.545162134787384
SBSZ04,AMSZ11,1,0.03525214284185701,0.0,1.035252142841857
SBSZ04,BDSZ01,1,0.3206921834620334,0.0,1.3206921834620333
SBSZ04,BDSZ02,1,0.2924539216065347,0.0,1.2924539216065347
SBSZ04,BMSZ01,2,0.41480130800137105,0.0,2.414801308001371
SBSZ04,BMSZ02,1,0.1597198129710959,0.0,1.159719812971096
SBSZ04,BSSZ01,1,0.3768405830588746,0.0,1.3768405830588746
SBSZ04,BTSZ01,2,0.4026931518738775,0.0,2.4026931518738777
SBSZ04,CLSZ01,1,0.11168099980748349,0.0,1.1116809998074835
SBSZ04,DTSZ01,2,0.3997417942659939,0.0,2.399741794265994
SBSZ04,DTSZ02,2,0.4673379091895742,0.0,2.467337909189574
SBSZ04,DTSZ03,2,0.7918314172748739,0.0,2.791831417274874
SBSZ04,DTSZ05,3,1.2211985776508585,0.0,4.221198577650858
SBSZ04,DTSZ09,1,0.13171558151038543,0.0,1.1317155815103854
SBSZ04,DTSZ11,2,0.29890251341522867,0.0,2.2989025134152286
SBSZ04,GLSZ01,1,0.40933174656067123,0.0,1.4093317465606712
SBSZ04,GLSZ02,1,0.19107320577465117,0.0,1.1910732057746511
SBSZ04,GLSZ03,1,0.30635627044087654,0.0,1.3063562704408764
SBSZ04,GLSZ04,2,0.5781554023163391,0.0,2.578155402316339
SBSZ04,GLSZ05,1,0.3435274531158092,0.0,1.3435274531158092
SBSZ04,JESZ05,2,0.5072912500878398,0.0,2.5072912500878397
SBSZ04,JESZ08,1,0.04301260151042275,0.0,1.0430126015104229
SBSZ04,JWSZ08,1,0.43313709321656046,0.0,1.4331370932165606
SBSZ04,KLSZ01,1,0.432185644439555,0.0,1.432185644439555
SBSZ04,KLSZ08,2,0.2906012528479988,0.0,2.2906012528479986
SBSZ04,NVSZ01,1,0.5803638182900233,0.0,1.5803638182900233
SBSZ04,ORSZ02,2,0.43429852284547454,0.0,2.4342985228454745
SBSZ04,ORSZ03,2,0.34410620249486135,0.0,2.3441062024948613
SBSZ04,OTSZ03,3,1.2770080399184196,0.0,4.277008039918419
SBSZ04,OTSZ04,1,0.02692541772511325,0.0,1.0269254177251133
SBSZ04,PGSZ02,1,0.19446676382212505,0.0,1.1944667638221251
SBSZ04,QTSZ06,1,0.04514102057068746,0.0,1.0451410205706875
SBSZ04,QTSZ08,2,0.3566868968822036,0.0,2.3566868968822035
SBSZ04,QTSZ11,4,0.5180079871524967,0.0,4.5180079871524965
SBSZ04,QTSZ14,1,0.2539450756471302,0.0,1.2539450756471302
SBSZ04,RCSZ09,1,0.09210368028126605,0.0,1.092103680281266
SBSZ04,RCSZ10,1,0.16704403463500117,0.0,1.1670440346350013
SBSZ04,SBSZ01,1,0.7344184060227459,0.16025782338182676,1.8946762294045727
SBSZ04,SBSZ03,16,2.3771242515798887,12.01983329760351,30.396957549183398
SBSZ04,SBSZ04,2,0.9505099027987952,10.66735753716251,13.617867439961305
SBSZ04,SBSZ05,1,0.1522729455004186,0.2619449157185003,1.414217861218919
SBSZ04,SBSZ08,2,0.9200123744115741,0.0,2.920012374411574
SBSZ04,SGSZ03,1,0.2930687090475513,0.0,1.2930687090475512
SBSZ04,SGSZ06,1,0.24019594327280833,0.0,1.2401959432728082
SBSZ04,SKSZ03,1,0.05950754259871348,0.0,1.0595075425987135
SBSZ04,SRSZ02,1,0.04859906377487585,0.0,1.0485990637748759
SBSZ04,TMSZ02,1,0.3713652854625849,0.0,1.3713652854625848
SBSZ04,TMSZ04,1,0.11989194534723578,0.0,1.1198919453472358
SBSZ04,TMSZ05,1,0.3266596627168565,0.0,1.3266596627168565
SBSZ04,TPSZ01,1,0.19676281988424213,0.0,1.1967628198842422
SBSZ04,TPSZ02,1,0.27854392653922555,0.0,1.2785439265392256
SBSZ04,TPSZ05,1,0.04339470177796681,0.0,1.0433947017779668
SBSZ04,WCSZ01,3,0.5167602104704947,0.0,3.516760210470495
SBSZ04,WDSZ01,2,0.3357358086026381,0.0,2.335735808602638
SBSZ04,WDSZ02,5,0.8619427839084606,0.46624302377108207,6.328185807679543
SBSZ04,WDSZ03,3,1.2739580164240738,0.4757951088219366,4.749753125246011
SBSZ04,WDSZ06,2,0.6129172580194931,0.0,2.6129172580194933
SBSZ04,WDSZ08,2,0.7472543528653487,0.0894395787828135,2.8366939316481625
SBSZ04,YSSZ01,3,0.5047010594013975,0.0,3.5047010594013974
SBSZ04,YSSZ02,1,0.2918254289470113,0.28477108432098164,1.5765965132679929
SBSZ04,YSSZ03,2,1.1055785207588065,0.0,3.1055785207588062
SBSZ04,YSSZ08,1,0.15731187260478657,0.0,1.1573118726047866
SBSZ04,YSSZ09,3,0.6848937949672603,0.5731445306887936,4.258038325656054
SBSZ05,BDSZ01,1,0.04884928521352906,0.0,1.0488492852135292
SBSZ05,BMSZ07,1,0.0761165269012532,0.0,1.0761165269012531
SBSZ05,BPSZ07,1,0.00901430290416271,0.0,1.0090143029041627
SBSZ05,BTSZ01,1,0.07297849459597198,0.0,1.072978494595972
SBSZ05,CKSZ03,1,0.12028341029829435,0.0,1.1202834102982944
SBSZ05,CLSZ09,1,0.03529199386863505,0.0,1.0352919938686351
SBSZ05,DTSZ01,1,0.08790036017991608,0.0,1.087900360179916
SBSZ05,DTSZ03,1,0.09723893875752726,0.0,1.0972389387575272
SBSZ05,DTSZ05,1,0.05157170966208283,0.0,1.051571709662083
SBSZ05,DTSZ08,1,0.023953647400788137,0.0,1.0239536474007882
SBSZ05,DTSZ12,1,0.018229237427896016,0.0,1.018229237427896
SBSZ05,GLSZ04,1,0.059333031370015867,0.0,1.0593330313700158
SBSZ05,JESZ05,2,0.1526836312542398,0.0,2.1526836312542397
SBSZ05,KLSZ06,1,0.08547791659183582,0.0,1.0854779165918358
SBSZ05,MUSZ03,1,0.026882986626661564,0.0,1.0268829866266616
SBSZ05,NVSZ02,1,0.13322979253099207,0.0,1.133229792530992
SBSZ05,ORSZ02,2,0.11562387872380321,0.0,2.1156238787238033
SBSZ05,OTSZ04,1,0.017819984030067182,0.0,1.0178199840300672
SBSZ05,PGSZ04,1,0.07171985175484745,0.0,1.0717198517548474
SBSZ05,QTSZ08,2,0.07863889784250838,0.0,2.0786388978425085
SBSZ05,QTSZ11,1,0.04144766269363707,0.0,1.041447662693637
SBSZ05,QTSZ14,1,0.05279051657565501,0.0,1.052790516575655
SBSZ05,SBSZ01,3,0.32807154806388455,0.8121420778818718,4.140213625945757
SBSZ05,SBSZ02,1,0.06377484056196273,0.5625488388674361,1.6263236794293987
SBSZ05,SBSZ03,4,0.3227872769116049,1.9819793555516032,6.304766632463208
SBSZ05,SBSZ04,2,0.7546080124880277,0.6085018150881734,3.363109827576201
SBSZ05,SBSZ05,1,0.09293415701830626,7.620718490910986,8.713652647929292
SBSZ05,SBSZ08,1,0.04104456313685106,0.0,1.041044563136851
SBSZ05,SESZ04,1,0.12534797980791718,0.0,1.1253479798079171
SBSZ05,SISZ01,1,0.024031907362585946,0.0,1.0240319073625859
SBSZ05,WDSZ04,1,0.13516676780486328,0.0,1.1351667678048634
SBSZ05,WDSZ08,1,0.040172611548630555,0.034003504704169685,1.0741761162528003
SBSZ05,YSSZ01,2,0.1101756072895791,0.23395364453273493,2.344129251822314
SBSZ05,YSSZ04,2,0.3279280591763488,0.0,2.3279280591763487
SBSZ05,YSSZ09,1,0.15688061162464392,0.14557109404434201,1.302451705668986
SBSZ06,AMSZ07,1,0.0,0.0,1.0
SBSZ06,BDSZ01,1,0.0,0.0,1.0
SBSZ06,BKSZ07,1,0.0,0.0,1.0
SBSZ06,QTSZ08,3,0.0,0.0,3.0
SBSZ06,SBSZ01,1,0.0,1.999903405040738,2.999903405040738
SBSZ06,WDSZ09,1,0.0,0.0,1.0
SBSZ07,CKSZ06,1,0.3876212531007541,0.0,1.3876212531007541
SBSZ07,SBSZ01,1,0.5778555913775153,0.0,1.5778555913775154
SBSZ07,YSSZ03,1,0.44277915896452047,0.0,1.4427791589645205
SBSZ07,YSSZ09,1,0.5917439965568028,0.0,1.5917439965568028
SBSZ08,AMSZ01,1,0.12375134990783358,0.0,1.1237513499078335
SBSZ08,AMSZ03,2,0.022723365188095798,0.0,2.022723365188096
SBSZ08,BKSZ04,1,0.12823742606062274,0.0,1.1282374260606227
SBSZ08,BMSZ01,1,0.0812644059042313,0.0,1.0812644059042313
SBSZ08,CKSZ03,1,0.3525796651524472,0.0,1.3525796651524473
SBSZ08,CKSZ06,1,0.20153209389948287,0.0,1.201532093899483
SBSZ08,GLSZ02,1,0.055756131524777035,0.0,1.055756131524777
SBSZ08,PRSZ02,1,0.09992932105730336,0.0,1.0999293210573033
SBSZ08,SBSZ03,1,0.2909480737491496,0.0,1.2909480737491497
SBSZ08,SBSZ04,1,0.8610132964989864,0.0,1.8610132964989865
SBSZ08,SBSZ05,1,0.05236007827875437,0.0,1.0523600782787543
SBSZ08,SESZ04,1,0.182615473072504,0.0,1.182615473072504
SBSZ08,SESZ05,1,0.10458666014715105,0.0,1.104586660147151
SBSZ08,SESZ06,1,0.2670948414841522,0.0,1.2670948414841523
SBSZ08,SGSZ03,1,0.09241764224129181,0.0,1.092417642241292
SBSZ08,WDSZ02,1,0.22690961166992116,0.0,1.2269096116699212
SBSZ08,WDSZ05,1,0.27235294061794063,0.0,1.2723529406179406
SBSZ08,YSSZ01,1,0.20404334820579892,0.0,1.2040433482057988
SBSZ08,YSSZ02,1,0.0932331921245392,0.0,1.0932331921245393
SBSZ08,YSSZ09,1,0.28665108321441535,0.0,1.2866510832144153
SBSZ09,AMSZ02,1,0.1571521016023159,0.0,1.1571521016023159
SBSZ09,AMSZ04,1,0.011085246134905163,0.0,1.0110852461349051
SBSZ09,BKSZ06,1,0.05621280902484756,0.0,1.0562128090248475
SBSZ09,CKSZ01,1,0.26938331414555394,0.0,1.269383314145554
SBSZ09,CKSZ06,1,0.18072294546948472,0.0,1.1807229454694848
SBSZ09,HGSZ01,1,0.1057719970010783,0.0,1.1057719970010782
SBSZ09,HGSZ05,1,0.2132418501318807,0.0,1.2132418501318807
SBSZ09,NVSZ02,1,0.22412298917401222,0.0,1.2241229891740122
SBSZ09,SBSZ03,1,0.3909740159911521,0.04286568384194395,1.433839699833096
SBSZ09,SBSZ09,2,1.991367595286113,1.8474867272724864,5.8388543225586
SBSZ09,SESZ03,2,0.2116443765868005,0.0,2.2116443765868006
SBSZ09,WDSZ01,1,0.06780142461122729,0.0026003487074157602,1.070401773318643
SBSZ09,WDSZ02,2,0.43034085145720075,0.015678690341641578,2.4460195417988424
SBSZ09,WDSZ03,8,1.567226902568349,0.07429039131089149,9.64151729387924
SBSZ09,WDSZ04,2,0.3043284891454667,0.01698028554410949,2.321308774689576
SBSZ09,WDSZ05,1,0.38139587785206835,0.0,1.3813958778520683
SBSZ09,WDSZ06,1,0.2761679421821085,0.0,1.2761679421821084
SBSZ09,YSSZ01,1,0.16105927163353567,0.0,1.1610592716335357
SESZ02,AMSZ01,1,0.7107168895342675,0.0,1.7107168895342675
SESZ02,AMSZ10,2,0.4219443958132288,0.0,2.4219443958132287
SESZ02,AMSZ12,2,0.3058489761857568,0.0,2.305848976185757
SESZ02,BDSZ01,2,1.1282258604678777,0.0,3.128225860467878
SESZ02,BDSZ02,1,0.8396692956854526,0.0,1.8396692956854526
SESZ02,BDSZ04,1,0.8520062178985218,0.0,1.8520062178985217
SESZ02,BLSZ02,1,0.05505095411916813,0.0,1.0550509541191682
SESZ02,BMSZ01,2,0.5179224868574682,0.0,2.517922486857468
SESZ02,BMSZ07,1,0.5172067124691547,0.0,1.5172067124691546
SESZ02,BMSZ12,1,0.531999147772655,0.0,1.531999147772655
SESZ02,BSSZ01,4,1.8036993016896654,0.0,5.803699301689665
SESZ02,BSSZ03,1,0.6731257541586381,0.0,1.673125754158638
SESZ02,BTSZ07,1,0.15710432819390352,0.0,1.1571043281939035
SESZ02,CHSZ03,2,1.0967284871187557,0.0,3.0967284871187557
SESZ02,CLSZ01,3,0.401584447194572,0.0,3.4015844471945718
SESZ02,CLSZ04,2,0.3542554808305062,0.0,2.3542554808305063
SESZ02,CLSZ06,1,0.28733433781242845,0.0,1.2873343378124285
SESZ02,CLSZ09,2,0.09776060631888989,0.0,2.09776060631889
SESZ02,DTSZ02,3,0.6771064837749939,0.0,3.677106483774994
SESZ02,DTSZ03,3,1.159454627439783,0.0,4.159454627439783
SESZ02,DTSZ05,4,0.7811405976806385,0.0,4.781140597680638
SESZ02,DTSZ08,1,0.3296305054104935,0.0,1.3296305054104935
SESZ02,DTSZ11,3,0.5376919817692667,0.0,3.5376919817692665
SESZ02,GLSZ01,1,0.3200005467070823,0.0,1.3200005467070823
SESZ02,GLSZ02,2,0.45516545773537787,0.0,2.4551654577353776
SESZ02,GLSZ03,2,0.9748711165264689,0.0,2.9748711165264687
SESZ02,HGSZ01,3,0.746348315439593,0.2980423139660652,4.044390629405658
SESZ02,HGSZ04,2,1.2398968965190857,0.28397566334208096,3.5238725598611667
SESZ02,HGSZ06,2,1.4195503669480967,0.0,3.419550366948097
SESZ02,HGSZ07,2,0.6113332330102235,0.0,2.6113332330102237
SESZ02,JESZ05,2,0.513011535983432,0.0,2.513011535983432
SESZ02,JESZ06,1,0.07348760407182964,0.0,1.0734876040718295
SESZ02,JWSZ08,3,0.5380878222681218,0.0,3.538087822268122
SESZ02,JWSZ09,1,0.42011371959200794,0.0,1.420113719592008
SESZ02,KLSZ01,1,0.6864375428376414,0.0,1.6864375428376412
SESZ02,KLSZ03,1,0.06495130114599869,0.0,1.0649513011459988
SESZ02,KLSZ04,1,0.0,0.0,1.0
SESZ02,KLSZ05,1,0.257243131407486,0.0,1.2572431314074861
SESZ02,KLSZ06,3,0.4800639338151276,0.0,3.480063933815128
SESZ02,KLSZ07,2,0.6126939117782776,0.0,2.6126939117782775
SESZ02,KLSZ08,3,0.6655612316734559,0.0,3.665561231673456
SESZ02,KLSZ09,2,0.15720735815868334,0.0,2.1572073581586833
SESZ02,MPSZ01,3,0.4253124695691669,0.0,3.425312469569167
SESZ02,MPSZ03,1,0.5977572600307,0.0,1.5977572600307
SESZ02,MUSZ01,3,0.25303004968316395,0.0,3.253030049683164
SESZ02,MUSZ02,1,0.0,0.0,1.0
SESZ02,MUSZ03,1,0.037813130993307124,0.0,1.0378131309933072
SESZ02,NTSZ03,2,0.25040850146546423,0.0,2.250408501465464
SESZ02,NVSZ02,4,1.0901622685216579,0.0,5.090162268521658
SESZ02,ORSZ02,1,0.32289548332557905,0.0,1.322895483325579
SESZ02,ORSZ03,2,0.4323582740279213,0.0,2.4323582740279215
SESZ02,OTSZ01,1,0.038793756161653224,0.0,1.0387937561616531
SESZ02,OTSZ03,7,0.8304183505471949,0.0,7.830418350547195
SESZ02,PGSZ01,1,0.4866216780810779,0.0,1.486621678081078
SESZ02,PGSZ02,8,3.067313232094094,0.0,11.067313232094094
SESZ02,PGSZ03,1,0.5828326150443369,0.13904579381369328,1.7218784088580303
SESZ02,PGSZ04,3,2.4350930537537634,1.8208117759915419,7.2559048297453055
SESZ02,PLSZ04,3,0.12429936962487446,0.0,3.1242993696248744
SESZ02,PRSZ02,1,0.7266273342031582,0.0,1.7266273342031582
SESZ02,PRSZ03,4,1.0861108901646446,0.0,5.086110890164645
SESZ02,PRSZ05,1,1.114010387964441,0.0,2.114010387964441
SESZ02,QTSZ03,1,0.09734010767006913,0.0,1.097340107670069
SESZ02,QTSZ06,1,0.12351338594175956,0.0,1.1235133859417596
SESZ02,QTSZ08,4,1.0912926392079418,0.0,5.091292639207942
SESZ02,QTSZ10,1,0.38135274790622,0.0,1.38135274790622
SESZ02,QTSZ13,2,0.3630416495458294,0.0,2.3630416495458295
SESZ02,QTSZ15,1,0.19792402199283204,0.0,1.197924021992832
SESZ02,RCSZ01,2,0.2702870220012718,0.0,2.2702870220012716
SESZ02,RCSZ08,1,0.0,0.0,1.0
SESZ02,RCSZ10,1,0.2806898302526192,0.0,1.2806898302526193
SESZ02,SESZ02,14,14.30137087772316,41.47344709490175,69.7748179726249
SESZ02,SESZ03,27,4.328068828967077,2.777918659377479,34.10598748834455
SESZ02,SESZ04,8,4.030670691278537,1.5242632708871788,13.554933962165716
SESZ02,SESZ05,1,0.8517911124239096,0.21229408685181622,2.064085199275726
SESZ02,SESZ06,4,2.040666919542458,0.4703557633933851,6.5110226829358435
SESZ02,SGSZ03,1,0.5173046747707901,0.0,1.5173046747707901
SESZ02,SGSZ04,2,1.1930993773693812,0.0,3.193099377369381
SESZ02,SGSZ06,3,0.7169767642546495,0.0,3.7169767642546496
SESZ02,SRSZ01,1,0.2988977513852479,0.0,1.298897751385248
SESZ02,SRSZ03,1,0.14202138494700875,0.0,1.1420213849470087
SESZ02,TMSZ01,2,0.9684134727568132,0.0,2.968413472756813
SESZ02,TMSZ02,1,0.9456753421656018,0.0,1.9456753421656017
SESZ02,TMSZ03,2,1.5384530214875025,0.0,3.5384530214875025
SESZ02,TMSZ04,1,0.6585050555083966,0.0,1.6585050555083964
SESZ02,TMSZ05,4,1.3069128485643455,0.0,5.3069128485643455
SESZ02,TNSZ01,1,0.42477292275571493,0.0,1.4247729227557149
SESZ02,TNSZ04,1,0.16919131957266909,0.0,1.169191319572669
SESZ02,TPSZ03,1,0.23543579927016156,0.0,1.2354357992701614
SESZ02,TPSZ06,2,0.7783587425497172,0.0,2.778358742549717
SESZ02,TPSZ08,1,0.1684376125684148,0.0,1.1684376125684148
SESZ02,TPSZ12,1,0.2931660897847399,0.0,1.29316608978474
SESZ02,WCSZ01,1,0.40650847363684467,0.0,1.4065084736368447
SESZ02,WDSZ08,1,0.15745019079684747,0.0,1.1574501907968475
SESZ02,WDSZ09,1,0.1716223453123112,0.0,1.1716223453123111
SESZ02,YSSZ01,4,0.14715493151497308,0.0,4.147154931514973
SESZ02,YSSZ04,1,0.5546656727811934,0.0,1.5546656727811934
SESZ02,YSSZ08,1,0.1589267209192587,0.0,1.1589267209192586
SESZ02,YSSZ09,3,1.3149486438231244,0.0,4.314948643823124
SESZ03,AMSZ01,5,1.6195672210349437,0.0,6.619567221034943
SESZ03,AMSZ02,1,0.44867980997967255,0.0,1.4486798099796725
SESZ03,AMSZ03,1,0.4018298149449739,0.0,1.401829814944974
SESZ03,BDSZ01,1,0.7306814608718013,0.0,1.7306814608718013
SESZ03,BDSZ03,1,0.8120688798326171,0.0,1.812068879832617
SESZ03,BDSZ04,2,1.1375069172618044,0.0,3.1375069172618044
SESZ03,BDSZ06,1,0.9027373302571603,0.0,1.9027373302571604
SESZ03,BKSZ01,1,0.13191372595324416,0.0,1.1319137259532441
SESZ03,BKSZ03,1,0.23972254563705983,0.0,1.2397225456370597
SESZ03,BLSZ02,1,0.09001403835210453,0.0,1.0900140383521046
SESZ03,BMSZ01,8,1.2119410079458133,0.0,9.211941007945814
SESZ03,BMSZ04,1,0.2526702070203183,0.0,1.2526702070203184
SESZ03,BMSZ05,3,0.6210349179956519,0.0,3.621034917995652
SESZ03,BMSZ06,1,0.3861823314394097,0.0,1.3861823314394097
SESZ03,BMSZ07,2,0.7630007663569169,0.0,2.763000766356917
SESZ03,BMSZ08,1,0.3104052743361332,0.0,1.3104052743361332
SESZ03,BMSZ10,1,0.01709269152718338,0.0,1.0170926915271834
SESZ03,BMSZ12,1,0.4911953396491993,0.0,1.4911953396491993
SESZ03,BMSZ13,2,0.11852888544475616,0.0,2.118528885444756
SESZ03,BMSZ17,4,0.07328116497403661,0.0,4.073281164974037
SESZ03,BSSZ01,1,1.0447412914447531,0.0,2.044741291444753
SESZ03,BSSZ02,2,0.7509400449244796,0.0,2.7509400449244796
SESZ03,BTSZ01,3,0.784886005333709,0.0,3.784886005333709
SESZ03,CCSZ01,1,0.17413702734280678,0.0,1.1741370273428067
SESZ03,CHSZ02,2,0.3549685999125329,0.0,2.354968599912533
SESZ03,CHSZ03,7,1.5088527159324934,0.0,8.508852715932493
SESZ03,DTSZ01,3,0.5543058687653724,0.0,3.5543058687653724
SESZ03,DTSZ02,6,0.2828388715642737,0.0,6.282838871564274
SESZ03,DTSZ03,10,1.1723771661143159,0.0,11.172377166114316
SESZ03,DTSZ04,1,0.12436991265050615,0.0,1.1243699126505062
SESZ03,DTSZ05,5,0.4926135444593751,0.0,5.492613544459375
SESZ03,DTSZ06,1,0.020398707456672036,0.0,1.020398707456672
SESZ03,DTSZ08,9,0.9088417647756866,0.0,9.908841764775687
SESZ03,DTSZ09,2,0.15586147114908244,0.0,2.155861471149082
SESZ03,DTSZ11,7,0.4672101805381499,0.0,7.4672101805381494
SESZ03,DTSZ12,5,0.2722485349410119,0.0,5.272248534941012
SESZ03,GLSZ01,2,0.4569940039277128,0.0,2.4569940039277127
SESZ03,GLSZ02,1,0.49789916254174177,0.0,1.4978991625417417
SESZ03,GLSZ03,4,1.1637898630423877,0.0,5.163789863042387
SESZ03,GLSZ05,2,1.5987843720893313,0.0,3.598784372089331
SESZ03,HGSZ01,4,1.0207689314774915,0.26181961396117315,5.2825885454386645
SESZ03,HGSZ03,2,1.7593613320200197,0.6079996552872754,4.367360987307295
SESZ03,HGSZ04,4,1.2647138559937836,0.3096754681897181,5.574389324183502
SESZ03,HGSZ06,14,2.1173278901554085,0.0,16.11732789015541
SESZ03,HGSZ07,1,0.47805567543816757,0.0,1.4780556754381675
SESZ03,HGSZ08,1,0.6567812518157323,0.0,1.6567812518157323
SESZ03,JESZ05,3,0.6020037624291337,0.0,3.602003762429134
SESZ03,JESZ10,1,0.0,0.0,1.0
SESZ03,JWSZ09,2,0.6818098024712117,0.0,2.6818098024712116
SESZ03,KLSZ03,1,0.02771623256025578,0.0,1.0277162325602558
SESZ03,KLSZ06,4,0.46470333573024586,0.0,4.4647033357302455
SESZ03,KLSZ07,3,0.714041933479784,0.0,3.714041933479784
SESZ03,KLSZ08,2,0.6207386723139448,0.0,2.6207386723139448
SESZ03,KLSZ09,1,0.05194060697527351,0.0,1.0519406069752735
SESZ03,MDSZ03,1,0.0,0.0,1.0
SESZ03,MPSZ02,1,0.6425766017023072,0.0,1.6425766017023071
SESZ03,MUSZ01,1,0.3761651358234672,0.0,1.3761651358234672
SESZ03,MUSZ03,1,0.06508657138755175,0.0,1.0650865713875517
SESZ03,NTSZ03,2,0.18909843341700963,0.0,2.18909843341701
SESZ03,NVSZ01,4,1.4984900349261658,0.0,5.498490034926165
SESZ03,NVSZ02,5,0.9902550006787754,0.0,5.990255000678776
SESZ03,ORSZ01,2,0.0785072184746916,0.0,2.0785072184746918
SESZ03,ORSZ02,5,1.3032103543316695,0.0,6.30321035433167
SESZ03,ORSZ03,6,0.8223829649543424,0.0,6.822382964954342
SESZ03,OTSZ01,1,0.027525951869162776,0.0,1.0275259518691628
SESZ03,OTSZ02,1,0.04066292631925175,0.0,1.0406629263192517
SESZ03,OTSZ03,10,1.0914646724602923,0.0,11.091464672460292
SESZ03,OTSZ04,3,0.07654001134244251,0.0,3.0765400113424426
SESZ03,PGSZ02,7,1.6644822445315102,0.0,8.66448224453151
SESZ03,PGSZ03,6,1.52935478212713,1.1252424726750698,8.6545972548022
SESZ03,PGSZ04,21,5.058646987027281,4.214035725260014,30.272682712287295
SESZ03,PGSZ05,4,1.7375172599010904,0.19031495351673494,5.927832213417825
SESZ03,PRSZ02,1,0.5914907439794516,0.0,1.5914907439794517
SESZ03,PRSZ03,1,0.9426090630274263,0.0,1.9426090630274264
SESZ03,PRSZ05,1,1.105218738703761,0.0,2.105218738703761
SESZ03,PRSZ06,1,0.21783718936589458,0.0,1.2178371893658946
SESZ03,QTSZ06,1,0.09542481238236572,0.0,1.0954248123823658
SESZ03,QTSZ08,8,0.7611567854215727,0.0,8.761156785421573
SESZ03,QTSZ09,1,0.041021501273866716,0.0,1.0410215012738666
SESZ03,QTSZ10,1,0.47654636693797126,0.0,1.4765463669379713
SESZ03,QTSZ11,5,0.9078039785514022,0.0,5.907803978551402
SESZ03,QTSZ12,1,0.19770640112903035,0.0,1.1977064011290304
SESZ03,QTSZ13,2,0.3408303144895432,0.0,2.3408303144895433
SESZ03,QTSZ14,3,0.3076450485166476,0.0,3.3076450485166475
SESZ03,RCSZ01,3,0.2431248547318949,0.0,3.243124854731895
SESZ03,RCSZ10,3,0.47825810623645043,0.0,3.4782581062364506
SESZ03,SBSZ01,1,0.7773953014592745,0.0,1.7773953014592745
SESZ03,SBSZ03,2,0.6712196968877039,0.0,2.6712196968877038
SESZ03,SBSZ09,2,0.4815417052717823,0.0,2.4815417052717823
SESZ03,SESZ02,21,5.3453491994200455,6.772706554875638,33.11805575429568
SESZ03,SESZ03,28,31.958746357884095,67.50999043013543,127.46873678801953
SESZ03,SESZ04,17,5.522355268100101,7.503355224739744,30.025710492839842
SESZ03,SESZ05,6,1.4425279809315275,1.8453334914958999,9.287861472427426
SESZ03,SESZ06,19,11.937413946681348,5.61785969020696,36.55527363688831
SESZ03,SGSZ03,1,0.6873552144530887,0.04197037283401162,1.7293255872871005
SESZ03,SGSZ04,2,1.5217462296966966,0.0,3.5217462296966966
SESZ03,SGSZ06,6,0.36738220218411893,0.0,6.367382202184119
SESZ03,SKSZ01,1,0.12081088345015142,0.0,1.1208108834501513
SESZ03,SRSZ02,2,0.10087709430191807,0.0,2.100877094301918
SESZ03,TMSZ02,2,1.3797144575572768,0.0,3.379714457557277
SESZ03,TMSZ03,3,1.592696269072766,0.0,4.592696269072766
SESZ03,TMSZ04,2,1.4089407705599473,0.0,3.4089407705599473
SESZ03,TMSZ05,5,1.335037671072716,0.0,6.335037671072716
SESZ03,TNSZ03,2,0.06890527038593756,0.0,2.0689052703859376
SESZ03,TNSZ04,1,0.18964144334841546,0.0,1.1896414433484155
SESZ03,TPSZ06,5,0.6630367330657223,0.0,5.663036733065722
SESZ03,TPSZ08,1,0.10618836232351181,0.0,1.1061883623235118
SESZ03,TPSZ09,2,0.25391959807902786,0.0,2.253919598079028
SESZ03,TPSZ10,1,0.12933741940631113,0.0,1.129337419406311
SESZ03,TPSZ12,1,0.3131238399733842,0.0,1.3131238399733842
SESZ03,TSSZ03,1,0.07292442107566066,0.0,1.0729244210756606
SESZ03,TSSZ05,3,0.4643136668435454,0.0,3.4643136668435455
SESZ03,WCSZ01,3,1.0626050246167422,0.0,4.062605024616742
SESZ03,WDSZ01,2,0.139050045900457,0.0,2.139050045900457
SESZ03,WDSZ02,6,0.3821247138153364,0.0,6.382124713815337
SESZ03,WDSZ03,2,0.5490466946528371,0.0,2.549046694652837
SESZ03,YSSZ01,1,0.6890501839300422,0.0,1.6890501839300422
SESZ03,YSSZ02,2,0.5064719255584473,0.0,2.506471925558447
SESZ03,YSSZ04,1,0.5592534473076284,0.0,1.5592534473076283
SESZ03,YSSZ08,2,0.29417918216325545,0.0,2.2941791821632553
SESZ04,AMSZ01,8,2.00652295942799,0.0,10.00652295942799
SESZ04,AMSZ03,1,0.44066307263810933,0.0,1.4406630726381093
SESZ04,AMSZ06,1,0.6993202948081056,0.0,1.6993202948081056
SESZ04,AMSZ10,2,0.8664525244121329,0.0,2.866452524412133
SESZ04,AMSZ11,1,0.12512042389081424,0.0,1.1251204238908143
SESZ04,AMSZ12,2,0.49700934119950124,0.0,2.4970093411995014
SESZ04,BDSZ02,1,1.1551755595739577,0.0,2.1551755595739577
SESZ04,BDSZ03,1,1.1865575991684416,0.0,2.1865575991684416
SESZ04,BDSZ04,2,1.8221571819241495,0.0,3.8221571819241493
SESZ04,BDSZ05,2,1.1879967386671935,0.0,3.1879967386671932
SESZ04,BLSZ02,1,0.1485428479549053,0.0,1.1485428479549054
SESZ04,BMSZ01,1,0.5892042951826518,0.0,1.5892042951826517
SESZ04,BMSZ02,3,0.3823377552714961,0.0,3.382337755271496
SESZ04,BMSZ04,1,0.3199690706523264,0.0,1.3199690706523264
SESZ04,BMSZ05,3,0.7429695007740383,0.0,3.7429695007740382
SESZ04,BMSZ07,2,1.0601819880721282,0.0,3.060181988072128
SESZ04,BMSZ16,3,0.15378972019696668,0.0,3.1537897201969667
SESZ04,BMSZ17,3,0.3026672863737704,0.0,3.3026672863737705
SESZ04,BPSZ05,1,0.8644870113746721,0.0,1.864487011374672
SESZ04,BPSZ07,1,0.11359364512850442,0.0,1.1135936451285045
SESZ04,BSSZ01,2,1.6534413047657661,0.0,3.6534413047657663
SESZ04,BTSZ01,2,0.9738265051730455,0.0,2.9738265051730455
SESZ04,CHSZ01,1,0.1451005558490343,0.0,1.1451005558490344
SESZ04,CHSZ02,1,0.2771276886226599,0.0,1.27712768862266
SESZ04,CHSZ03,6,2.44765170356586,0.0,8.44765170356586
SESZ04,CKSZ03,1,0.753728128603417,0.0,1.753728128603417
SESZ04,CLSZ01,1,0.16470004010500003,0.0,1.164700040105
SESZ04,CLSZ04,1,0.5810858895916297,0.0,1.5810858895916295
SESZ04,CLSZ09,1,0.09083327520323319,0.0,1.0908332752032333
SESZ04,DTSZ01,1,1.0589391143085238,0.0,2.058939114308524
SESZ04,DTSZ02,6,0.5494050710338314,0.0,6.549405071033831
SESZ04,DTSZ03,3,1.6943154766276756,0.0,4.694315476627676
SESZ04,DTSZ04,1,0.1695917336997757,0.0,1.1695917336997756
SESZ04,DTSZ05,7,0.6250242348004926,0.0,7.625024234800493
SESZ04,DTSZ08,7,1.3734516116904154,0.0,8.373451611690415
SESZ04,DTSZ09,1,0.16207912537333097,0.0,1.162079125373331
SESZ04,DTSZ11,6,0.5892634592254504,0.0,6.58926345922545
SESZ04,DTSZ12,1,0.2652443447707277,0.0,1.2652443447707278
SESZ04,GLSZ01,1,0.5978219347360516,0.0,1.5978219347360516
SESZ04,GLSZ03,2,1.1505684794486775,0.0,3.1505684794486775
SESZ04,GLSZ04,1,0.8507187475647416,0.0,1.8507187475647418
SESZ04,GLSZ05,5,1.6832439837309532,0.0,6.683243983730954
SESZ04,HGSZ01,1,1.0542235304070655,0.09406148055246015,2.1482850109595253
SESZ04,HGSZ02,2,1.5730076721843302,0.21454332286343591,3.787550995047766
SESZ04,HGSZ04,4,1.9527852555831737,0.4794627678195823,6.432248023402756
SESZ04,HGSZ05,3,3.4062293451406847,0.9401339677894768,7.346363312930161
SESZ04,HGSZ06,6,2.0763390325362514,0.0,8.076339032536252
SESZ04,HGSZ07,2,0.8846802855886898,0.0,2.88468028558869
SESZ04,JESZ05,1,0.9969260176304338,0.0,1.9969260176304338
SESZ04,JESZ06,1,0.1071907902134247,0.0,1.1071907902134246
SESZ04,JESZ10,1,0.0,0.0,1.0
SESZ04,JWSZ01,1,0.0,0.0,1.0
SESZ04,JWSZ06,1,0.2930289179778164,0.0,1.2930289179778165
SESZ04,JWSZ08,1,0.6840508994100807,0.0,1.6840508994100807
SESZ04,KLSZ01,2,1.0740560080481616,0.0,3.074056008048162
SESZ04,KLSZ03,1,0.03851151520562121,0.0,1.0385115152056212
SESZ04,KLSZ06,2,0.8474696163860335,0.0,2.8474696163860336
SESZ04,KLSZ07,1,0.740591019023271,0.0,1.740591019023271
SESZ04,KLSZ08,5,1.2921437559339237,0.0,6.292143755933924
SESZ04,KLSZ09,3,0.17068831328088424,0.0,3.170688313280884
SESZ04,MDSZ02,1,0.12279897996998873,0.0,1.1227989799699887
SESZ04,MPSZ02,1,0.8533387778067709,0.0,1.853338777806771
SESZ04,MUSZ01,4,0.305825634724736,0.0,4.305825634724736
SESZ04,MUSZ03,1,0.11271601485659065,0.0,1.1127160148565907
SESZ04,NTSZ03,1,0.1360917630744041,0.0,1.136091763074404
SESZ04,NVSZ01,1,1.4567057051270775,0.0,2.4567057051270775
SESZ04,NVSZ02,5,1.4030612894894816,0.0,6.403061289489481
SESZ04,NVSZ03,1,0.2382782834558329,0.0,1.2382782834558328
SESZ04,ORSZ02,5,1.3676043137864942,0.0,6.367604313786494
SESZ04,ORSZ03,2,0.7371970780981181,0.0,2.7371970780981183
SESZ04,OTSZ01,1,0.04108819169351943,0.0,1.0410881916935195
SESZ04,OTSZ03,6,0.9421828493136836,0.0,6.942182849313683
SESZ04,PGSZ02,2,1.0911224293661819,0.11592424408844859,3.207046673454631
SESZ04,PGSZ03,1,1.4946390143574606,0.5086217069023596,3.00326072125982
SESZ04,PGSZ04,4,2.6544689899262535,1.0235247515162667,7.677993741442521
SESZ04,PGSZ05,2,2.5283270219381606,0.11337763155506111,4.641704653493222
SESZ04,PLSZ01,2,0.44627271880902136,0.0,2.446272718809021
SESZ04,PRSZ03,2,1.2705315880784809,0.0,3.270531588078481
SESZ04,PRSZ05,1,1.4800690280027393,0.0,2.480069028002739
SESZ04,QTSZ08,6,1.1575195094380117,0.0,7.1575195094380115
SESZ04,QTSZ11,1,0.803502876773888,0.0,1.803502876773888
SESZ04,QTSZ12,1,0.27605477586860583,0.0,1.2760547758686058
SESZ04,QTSZ14,4,0.4905248448429033,0.0,4.490524844842903
SESZ04,RCSZ01,1,0.20285910225498993,0.0,1.20285910225499
SESZ04,RCSZ10,1,0.5577630063929143,0.0,1.5577630063929142
SESZ04,SBSZ01,1,0.8099032241386228,0.0,1.8099032241386228
SESZ04,SBSZ08,1,0.08730153871972306,0.0,1.0873015387197231
SESZ04,SESZ02,5,2.686860707344098,0.7080061577145833,8.394866865058681
SESZ04,SESZ03,19,3.9345378354721716,4.485637820044598,27.42017565551677
SESZ04,SESZ04,13,9.42988611899729,32.74145929188505,55.17134541088234
SESZ04,SESZ05,4,1.8449647796001072,1.4961508204078497,7.3411156000079565
SESZ04,SESZ06,15,5.517617745537224,2.0792389908493014,22.596856736386524
SESZ04,SGSZ04,1,1.668477247724497,0.0,2.668477247724497
SESZ04,SGSZ05,1,0.4116469613176477,0.0,1.4116469613176477
SESZ04,SGSZ06,5,0.7922083147261603,0.0,5.79220831472616
SESZ04,SGSZ07,1,0.3718412567343845,0.0,1.3718412567343845
SESZ04,SLSZ01,1,0.6681506050661916,0.0,1.6681506050661916
SESZ04,TMSZ02,1,1.4966066057888106,0.0,2.4966066057888106
SESZ04,TMSZ04,2,1.5520382865206952,0.0,3.552038286520695
SESZ04,TMSZ05,4,1.6860734056731839,0.0,5.686073405673184
SESZ04,TNSZ04,1,0.22318048164132806,0.0,1.223180481641328
SESZ04,TPSZ01,2,0.5359250242040982,0.0,2.535925024204098
SESZ04,TPSZ06,4,0.9529329333008006,0.0,4.952932933300801
SESZ04,TPSZ12,3,0.5607168931076835,0.0,3.5607168931076836
SESZ04,TSSZ02,1,0.33756683462836234,0.0,1.3375668346283622
SESZ04,TSSZ05,1,0.829295297365559,0.0,1.829295297365559
SESZ04,WCSZ01,1,0.994953851679136,0.0,1.9949538516791359
SESZ04,WDSZ01,2,0.14472414497825456,0.0,2.1447241449782544
SESZ04,WDSZ02,1,0.793438898256825,0.0,1.793438898256825
SESZ04,YSSZ01,3,0.3833795374310662,0.0,3.383379537431066
SESZ04,YSSZ02,1,0.36801899630443236,0.0,1.3680189963044325
SESZ04,YSSZ04,1,0.8022414165142804,0.0,1.8022414165142804
SESZ04,YSSZ08,2,0.2311640700711695,0.0,2.2311640700711695
SESZ05,AMSZ01,1,0.575586653309104,0.0,1.575586653309104
SESZ05,BKSZ05,1,0.31679597018607136,0.0,1.3167959701860714
SESZ05,BMSZ01,1,0.22782509694935443,0.0,1.2278250969493545
SESZ05,BMSZ02,1,0.16666889092270898,0.0,1.166668890922709
SESZ05,BMSZ04,1,0.12265827596084158,0.0,1.1226582759608417
SESZ05,BMSZ07,1,0.29457392801114635,0.0,1.2945739280111463
SESZ05,BMSZ12,2,0.22901561423499253,0.0,2.2290156142349926
SESZ05,BMSZ17,1,0.15698793799326413,0.0,1.1569879379932642
SESZ05,BSSZ03,1,0.36264759221180587,0.0,1.3626475922118058
SESZ05,CCSZ01,1,0.1162243527537549,0.0,1.116224352753755
SESZ05,CHSZ02,1,0.1326493720696833,0.0,1.1326493720696833
SESZ05,CHSZ03,7,1.2209279331818685,0.0,8.22092793318187
SESZ05,DTSZ02,1,0.2180434764228757,0.0,1.2180434764228756
SESZ05,DTSZ03,1,0.22761487870890154,0.0,1.2276148787089016
SESZ05,DTSZ05,5,0.2949898679829852,0.0,5.294989867982985
SESZ05,DTSZ11,3,0.18578672671109314,0.0,3.1857867267110933
SESZ05,DTSZ12,2,0.23442788857711444,0.0,2.2344278885771143
SESZ05,GLSZ01,1,0.3377021170663284,0.0,1.3377021170663284
SESZ05,GLSZ03,1,0.2990196762884628,0.0,1.299019676288463
SESZ05,GLSZ04,2,0.7417836381020686,0.0,2.741783638102069
SESZ05,HGSZ01,5,0.9093605339784594,0.487810072006204,6.397170605984663
SESZ05,HGSZ04,1,0.3739030907147959,0.44384450834201755,1.8177475990568135
SESZ05,HGSZ05,4,1.376814040315982,1.825349883691587,7.202163924007569
SESZ05,HGSZ07,3,0.5139713701790731,0.1546921467229023,3.668663516901975
SESZ05,HGSZ08,1,0.2628047502306479,0.0,1.2628047502306479
SESZ05,JESZ05,3,0.34340516136518356,0.0,3.3434051613651836
SESZ05,JESZ06,2,0.08382773182908113,0.0,2.083827731829081
SESZ05,KLSZ03,1,0.05155641188673397,0.0,1.051556411886734
SESZ05,KLSZ06,2,0.3220771910684517,0.0,2.322077191068452
SESZ05,KLSZ08,1,0.2583846356161347,0.0,1.2583846356161348
SESZ05,MPSZ03,1,0.3079431532965794,0.0,1.3079431532965793
SESZ05,MUSZ01,1,0.13554404330465122,0.0,1.1355440433046513
SESZ05,MUSZ03,1,0.042623561787303234,0.0,1.0426235617873032
SESZ05,NTSZ03,2,0.07536931436139963,0.0,2.0753693143614
SESZ05,NVSZ01,2,0.8808967780889976,0.0,2.8808967780889976
SESZ05,NVSZ02,2,0.6160073158101516,0.0,2.6160073158101516
SESZ05,ORSZ03,2,0.2722341092018643,0.0,2.2722341092018645
SESZ05,OTSZ03,4,0.48767421364741786,0.0,4.487674213647418
SESZ05,PGSZ02,3,0.46292836697583567,0.37355486303386587,3.8364832300097014
SESZ05,PGSZ04,4,1.2076944592202672,0.6721170760961942,5.8798115353164615
SESZ05,QTSZ08,2,0.31861392780990333,0.0,2.318613927809903
SESZ05,QTSZ14,1,0.28514396362361466,0.0,1.2851439636236146
SESZ05,RCSZ01,2,0.17701493079832897,0.0,2.177014930798329
SESZ05,SBSZ01,1,0.30535406242352076,0.0,1.3053540624235207
SESZ05,SBSZ08,1,0.06326909007100343,0.0,1.0632690900710033
SESZ05,SESZ02,1,0.49652770352240166,0.14202161249951342,1.6385493160219151
SESZ05,SESZ03,7,4.048645170518859,2.7255288816909267,13.774174052209787
SESZ05,SESZ04,3,1.5253867142020012,1.0533193085281534,5.578706022730155
SESZ05,SESZ05,3,0.9592139801417424,13.41127933377768,17.37049331391942
SESZ05,SESZ06,3,1.5752576159308807,0.5879799631957766,5.1632375791266565
SESZ05,SGSZ01,1,0.3684183012613826,0.12257361049653524,1.4909919117579178
SESZ05,SGSZ04,3,0.6068844462231269,0.0,3.606884446223127
SESZ05,SGSZ06,2,0.5727007254807994,0.0,2.572700725480799
SESZ05,SRSZ02,2,0.09243426054907972,0.0,2.0924342605490795
SESZ05,TMSZ05,2,0.425079398750883,0.0,2.425079398750883
SESZ05,TPSZ06,2,0.30166352986161654,0.0,2.3016635298616164
SESZ05,WDSZ01,1,0.07743558631815223,0.0,1.0774355863181522
SESZ05,YSSZ04,1,0.3540064719954982,0.0,1.3540064719954983
SESZ06,AMSZ01,6,3.025997346243115,0.0,9.025997346243114
SESZ06,AMSZ03,2,0.8925615987628448,0.0,2.892561598762845
SESZ06,AMSZ10,5,0.5935968983173661,0.0,5.593596898317366
SESZ06,AMSZ12,2,0.9078816621678426,0.5025853286474518,3.4104669908152943
SESZ06,BDSZ01,2,1.896525942389259,0.0,3.896525942389259
SESZ06,BDSZ03,1,1.215163133597252,0.0,2.215163133597252
SESZ06,BDSZ08,1,0.22675899742558936,0.0,1.2267589974255895
SESZ06,BKSZ05,1,0.8462118827400886,0.0,1.8462118827400886
SESZ06,BLSZ02,1,0.14187592124709847,0.0,1.1418759212470984
SESZ06,BLSZ03,1,0.32364676811783705,0.0,1.323646768117837
SESZ06,BMSZ01,5,1.3745699635328812,0.0,6.374569963532881
SESZ06,BMSZ02,1,0.5818349932360316,0.0,1.5818349932360316
SESZ06,BMSZ05,1,1.0817484507264021,0.0,2.081748450726402
SESZ06,BMSZ09,1,0.08591971953523925,0.0,1.0859197195352392
SESZ06,BMSZ15,1,0.10787742769801996,0.0,1.10787742769802
SESZ06,BMSZ16,1,0.0841549863099434,0.0,1.0841549863099433
SESZ06,BMSZ17,3,0.5407617086974841,0.0,3.540761708697484
SESZ06,BSSZ01,3,2.314242710028563,0.0,5.314242710028563
SESZ06,BTSZ01,1,1.073407512956588,0.0,2.073407512956588
SESZ06,CHSZ03,2,2.4519556214787404,0.0,4.45195562147874
SESZ06,CKSZ06,1,0.5809981202850342,0.0,1.580998120285034
SESZ06,CLSZ04,1,0.7169077125073461,0.0,1.716907712507346
SESZ06,DTSZ01,2,1.23135183852028,0.0,3.23135183852028
SESZ06,DTSZ02,3,1.1329585295669184,0.0,4.132958529566919
SESZ06,DTSZ03,9,1.5181025933014052,0.0,10.518102593301405
SESZ06,DTSZ05,10,0.8932911246947633,0.0,10.893291124694763
SESZ06,DTSZ08,4,0.6632321219021372,0.0,4.663232121902137
SESZ06,DTSZ09,1,0.22442425883208247,0.0,1.2244242588320824
SESZ06,DTSZ11,6,0.7133982936033951,0.0,6.713398293603396
SESZ06,GLSZ01,4,0.8337703823491179,0.0,4.833770382349118
SESZ06,GLSZ03,2,1.3093389806645528,0.0,3.3093389806645526
SESZ06,GLSZ04,1,1.042611214557393,0.0,2.042611214557393
SESZ06,GLSZ05,2,1.8779599143145755,0.0,3.8779599143145758
SESZ06,HGSZ02,1,1.3525098327131606,0.0,2.3525098327131606
SESZ06,HGSZ04,1,1.1574573560576449,0.1885673744180432,2.346024730475688
SESZ06,HGSZ05,4,3.1944927505496024,1.6335727807220386,8.82806553127164
SESZ06,HGSZ07,1,0.6729824914716507,0.0,1.6729824914716507
SESZ06,HGSZ08,1,1.053335094595022,0.0,2.053335094595022
SESZ06,HGSZ09,3,0.33817612336561986,0.0,3.3381761233656198
SESZ06,JESZ05,1,1.1679956077519174,0.0,2.1679956077519176
SESZ06,JESZ06,1,0.15961764812990786,0.0,1.1596176481299079
SESZ06,JWSZ08,1,0.9370716237611999,0.0,1.9370716237612
SESZ06,KLSZ07,4,1.5500753304472181,0.0,5.550075330447218
SESZ06,KLSZ08,2,1.0610591662410835,0.0,3.0610591662410833
SESZ06,MPSZ03,3,1.8804349662087576,0.0,4.880434966208758
SESZ06,MUSZ01,2,0.6595368396016629,0.0,2.659536839601663
SESZ06,NTSZ03,1,0.231708572436564,0.0,1.231708572436564
SESZ06,NVSZ01,2,2.2573539413178465,0.0,4.257353941317847
SESZ06,NVSZ02,4,1.6838355666341307,0.0,5.683835566634131
SESZ06,ORSZ02,1,1.1028843998146312,0.0,2.102884399814631
SESZ06,ORSZ03,3,1.264410318272231,0.0,4.2644103182722315
SESZ06,OTSZ01,1,0.06031641722855078,0.0,1.0603164172285509
SESZ06,OTSZ03,8,1.4041257447305653,0.0,9.404125744730566
SESZ06,PGSZ01,3,1.1308322298802929,0.0,4.130832229880292
SESZ06,PGSZ02,3,1.4510281293977687,0.4405354211781469,4.891563550575916
SESZ06,PGSZ03,1,1.4307343523977598,0.15768900137108444,2.5884233537688446
SESZ06,PGSZ04,2,2.5812954224693985,0.0,4.581295422469399
SESZ06,PGSZ05,2,2.474956514900495,0.0,4.474956514900494
SESZ06,PLSZ04,1,0.12372245224782959,0.0,1.1237224522478295
SESZ06,PNSZ05,1,0.08569897556301617,0.0,1.0856989755630162
SESZ06,PRSZ02,1,1.0975735647785656,0.0,2.097573564778566
SESZ06,PRSZ03,2,1.5884030409043544,0.0,3.588403040904354
SESZ06,PRSZ06,1,0.33300662853593443,0.0,1.3330066285359345
SESZ06,QTSZ05,1,0.40187873778001504,0.0,1.401878737780015
SESZ06,QTSZ08,3,1.1646903862205857,0.0,4.1646903862205855
SESZ06,QTSZ09,1,0.06334293096715461,0.0,1.0633429309671547
SESZ06,QTSZ10,1,0.943116827146305,0.0,1.943116827146305
SESZ06,QTSZ11,3,1.0536815502491426,0.0,4.053681550249142
SESZ06,QTSZ14,2,0.9444977214575647,0.0,2.944497721457565
SESZ06,RCSZ10,1,0.7245669257479798,0.0,1.7245669257479799
SESZ06,SBSZ03,1,0.8593829449435286,0.0,1.8593829449435286
SESZ06,SBSZ08,1,0.17334412884750372,0.0,1.1733441288475037
SESZ06,SESZ02,3,2.639959367469392,0.4073783163494834,6.047337683818875
SESZ06,SESZ03,28,5.474466101627529,4.345689904278614,37.82015600590614
SESZ06,SESZ04,12,3.585229928686493,5.943736973469639,21.52896690215613
SESZ06,SESZ05,2,1.0215085651164864,0.32138068965193217,3.3428892547684184
SESZ06,SESZ06,18,15.65693420815488,99.34564834671902,133.0025825548739
SESZ06,SGSZ01,1,1.7696424878492454,1.3501813416491917,4.119823829498437
SESZ06,SGSZ03,4,4.620114644240186,0.36339465031901474,8.9835092945592
SESZ06,SGSZ04,3,2.548066427003248,0.0,5.548066427003247
SESZ06,SGSZ06,4,1.2520582048214504,0.0,5.25205820482145
SESZ06,SLSZ01,1,1.5721985315475773,0.0,2.5721985315475773
SESZ06,SRSZ02,2,0.18897380195229355,0.0,2.1889738019522937
SESZ06,SRSZ03,1,0.47705336394549813,0.0,1.4770533639454981
SESZ06,TMSZ02,2,1.9467470022508182,0.0,3.9467470022508184
SESZ06,TMSZ04,1,1.24799149967193,0.0,2.24799149967193
SESZ06,TMSZ05,1,1.215541690754296,0.0,2.215541690754296
SESZ06,TNSZ01,1,0.7225925845311654,0.0,1.7225925845311654
SESZ06,TNSZ03,1,0.08018139280841653,0.0,1.0801813928084165
SESZ06,TPSZ03,1,0.3706622704162944,0.0,1.3706622704162945
SESZ06,TPSZ06,1,0.9172570443468311,0.0,1.917257044346831
SESZ06,TPSZ10,1,0.27596240721998594,0.0,1.275962407219986
SESZ06,TPSZ12,1,0.6095449149202209,0.0,1.609544914920221
SESZ06,WCSZ01,1,1.1221165481151645,0.0,2.1221165481151645
SESZ06,YSSZ01,3,0.3936438204607438,0.0,3.3936438204607438
SESZ06,YSSZ09,4,1.9713816060437963,0.0,5.9713816060437965
SESZ07,AMSZ01,1,0.0,0.0,1.0
SESZ07,DTSZ01,1,0.0,0.0,1.0
SGSZ01,AMSZ01,2,1.5227345239936443,0.5636646748703342,4.086399198863979
SGSZ01,AMSZ10,1,0.6230215338908168,0.1437492865981885,1.7667708204890054
SGSZ01,BMSZ01,1,0.4152106805158447,0.0,1.4152106805158446
SGSZ01,BMSZ08,1,0.14235607642846432,0.0,1.1423560764284644
SGSZ01,CLSZ07,1,0.31633462012257263,0.0,1.3163346201225727
SGSZ01,DTSZ01,2,0.4637405333881987,0.0,2.4637405333881985
SGSZ01,DTSZ03,2,0.800773919466512,0.0,2.800773919466512
SGSZ01,HGSZ02,1,0.7680705687920968,0.0,1.7680705687920968
SGSZ01,HGSZ04,1,0.4892376359054642,0.29839888664696484,1.787636522552429
SGSZ01,JESZ02,1,0.1731567300645607,0.0,1.1731567300645607
SGSZ01,JESZ05,1,0.623124502087851,0.0,1.623124502087851
SGSZ01,KLSZ07,2,1.229661638096082,0.0,3.229661638096082
SGSZ01,ORSZ02,3,0.7059038564003617,0.0,3.7059038564003615
SGSZ01,RCSZ01,1,0.17721690371865503,0.0,1.177216903718655
SGSZ01,SESZ06,2,4.246017220687137,1.994196158641072,8.240213379328209
SGSZ01,SGSZ06,2,0.8897574130786211,0.0,2.889757413078621
SGSZ01,TMSZ05,1,0.46594665255179923,0.0,1.4659466525517992
SGSZ01,YSSZ04,1,0.9477349908134931,0.0,1.947734990813493
SGSZ02,AMSZ01,1,0.48387935168149443,0.0,1.4838793516814945
SGSZ02,AMSZ02,1,0.508422262827745,0.0,1.508422262827745
SGSZ02,AMSZ03,5,0.522745502140908,0.0,5.522745502140908
SGSZ02,AMSZ05,1,0.32552370002225317,0.0,1.325523700022253
SGSZ02,AMSZ06,3,0.541216995032857,0.0,3.541216995032857
SGSZ02,AMSZ10,1,0.2533291585144769,0.0,1.253329158514477
SGSZ02,AMSZ12,1,0.057206351205628864,0.0,1.057206351205629
SGSZ02,BDSZ01,1,0.15457531172146616,0.0,1.154575311721466
SGSZ02,BDSZ04,1,0.26051704741817616,0.0,1.2605170474181762
SGSZ02,BKSZ02,1,0.13224643839156444,0.0,1.1322464383915645
SGSZ02,BPSZ01,1,0.10170579311612675,0.0,1.1017057931161267
SGSZ02,BSSZ01,1,0.47372078755474695,0.0,1.473720787554747
SGSZ02,BTSZ01,1,0.24913306216802847,0.0,1.2491330621680286
SGSZ02,CKSZ01,1,0.3314311734086491,0.0,1.331431173408649
SGSZ02,CKSZ05,1,0.10262932871833315,0.0,1.102629328718333
SGSZ02,CKSZ06,1,0.19938492536345873,0.0,1.1993849253634588
SGSZ02,CLSZ04,1,0.14796851486711293,0.0,1.147968514867113
SGSZ02,HGSZ01,1,0.27208929146496735,0.0,1.2720892914649673
SGSZ02,HGSZ04,1,0.23206512698068504,0.0,1.232065126980685
SGSZ02,HGSZ05,1,0.3289955155127437,0.0,1.3289955155127438
SGSZ02,JWSZ08,1,0.12537562746610348,0.0,1.1253756274661035
SGSZ02,PGSZ03,1,0.1865503627965116,0.0,1.1865503627965115
SGSZ02,PGSZ05,1,0.2116226272695131,0.0,1.2116226272695132
SGSZ02,QTSZ05,1,0.24222852513654014,0.0,1.2422285251365401
SGSZ02,QTSZ08,1,0.15318608839456144,0.0,1.1531860883945615
SGSZ02,SBSZ02,1,0.03490622285380899,0.0,1.034906222853809
SGSZ02,SBSZ03,1,0.20908507953031708,0.0,1.209085079530317
SGSZ02,TPSZ02,1,0.19052755486715842,0.0,1.1905275548671583
SGSZ02,WDSZ03,2,0.5026308105569729,0.0,2.502630810556973
SGSZ02,WDSZ04,1,0.22246262713059023,0.0,1.2224626271305903
SGSZ02,YSSZ09,1,0.24263883588627028,0.0,1.2426388358862703
SGSZ03,AMSZ01,7,1.2602163146364385,0.36567165926515505,8.625887973901593
SGSZ03,AMSZ02,2,0.768042477906189,0.8423840983534342,3.610426576259623
SGSZ03,AMSZ04,1,0.20332168259676414,0.03467406640284522,1.2379957489996094
SGSZ03,AMSZ05,1,0.5130569356569071,0.0,1.5130569356569072
SGSZ03,AMSZ10,2,0.33580395624852794,0.05063700102618762,2.3864409572747154
SGSZ03,AMSZ12,1,0.2170691007939477,0.10874590105408317,1.325815001848031
SGSZ03,BMSZ01,2,0.4352844282443725,0.0,2.4352844282443726
SGSZ03,BMSZ03,1,0.1991634873309698,0.0,1.1991634873309698
SGSZ03,BMSZ05,1,0.22758350152669596,0.0,1.227583501526696
SGSZ03,BMSZ06,1,0.16308907261366742,0.0,1.1630890726136673
SGSZ03,BPSZ01,1,0.19045509650557735,0.0,1.1904550965055773
SGSZ03,BPSZ03,1,0.1704323502916498,0.0,1.1704323502916498
SGSZ03,BPSZ05,1,0.24189987395638252,0.0,1.2418998739563825
SGSZ03,BSSZ01,3,0.8191166312433085,0.0,3.8191166312433085
SGSZ03,BSSZ02,1,0.44424287413947317,0.0,1.4442428741394733
SGSZ03,CHSZ02,1,0.19267431970440324,0.0,1.1926743197044032
SGSZ03,DTSZ01,1,0.2713457929269694,0.0,1.2713457929269694
SGSZ03,DTSZ02,1,0.2332458262883017,0.0,1.2332458262883017
SGSZ03,DTSZ06,1,0.03754234430329456,0.0,1.0375423443032945
SGSZ03,DTSZ08,1,0.23534032775672328,0.0,1.2353403277567232
SGSZ03,DTSZ09,1,0.13184760281422755,0.0,1.1318476028142275
SGSZ03,GLSZ01,1,0.4692705267102731,0.0,1.469270526710273
SGSZ03,GLSZ03,2,0.4364484504015573,0.0,2.4364484504015573
SGSZ03,GLSZ05,2,0.8286550805766737,0.0,2.8286550805766737
SGSZ03,HGSZ04,1,0.4254129992531441,0.212108965877072,1.6375219651302162
SGSZ03,HGSZ05,2,1.4422347271954368,0.5375365607156364,3.979771287911073
SGSZ03,HGSZ09,1,0.02771459040664833,0.0,1.0277145904066483
SGSZ03,KLSZ01,1,0.5318255321961627,0.0,1.5318255321961627
SGSZ03,KLSZ06,2,0.3949354138995623,0.0,2.3949354138995624
SGSZ03,KLSZ07,2,0.5027876973376674,0.0,2.5027876973376673
SGSZ03,KLSZ09,1,0.04840556099347515,0.0,1.048405560993475
SGSZ03,MUSZ03,1,0.04367974905788089,0.0,1.0436797490578809
SGSZ03,NTSZ03,1,0.11802844689337076,0.0,1.1180284468933708
SGSZ03,NVSZ01,1,0.8594826697075946,0.0,1.8594826697075946
SGSZ03,ORSZ02,1,0.29504635660181655,0.0,1.2950463566018167
SGSZ03,ORSZ03,2,0.31125994363228776,0.0,2.3112599436322876
SGSZ03,OTSZ03,1,0.4150005844966171,0.0,1.4150005844966171
SGSZ03,PGSZ05,2,0.6599473837276087,0.0,2.6599473837276086
SGSZ03,PRSZ03,1,0.4355995774243567,0.0,1.4355995774243566
SGSZ03,QTSZ08,1,0.23108031725758763,0.0,1.2310803172575877
SGSZ03,QTSZ15,2,0.2603309248400322,0.0,2.2603309248400323
SGSZ03,SBSZ04,1,0.30279614414783357,0.0,1.3027961441478335
SGSZ03,SBSZ08,1,0.07348354758106247,0.0,1.0734835475810625
SGSZ03,SESZ02,2,0.720268687294072,0.0,2.7202686872940722
SGSZ03,SESZ03,1,0.9174379821231995,0.06450706053345123,1.9819450426566507
SGSZ03,SESZ04,1,0.7445095831924057,0.05451336986667924,1.799022953059085
SGSZ03,SESZ06,3,1.7398341643401252,0.6385147334993985,5.378348897839524
SGSZ03,SGSZ02,1,0.5839317323609333,0.0,1.5839317323609334
SGSZ03,SGSZ03,3,1.4435857973720068,2.3087820727173654,6.752367870089373
SGSZ03,SGSZ04,3,1.7863097680210218,0.30317617622458987,5.089485944245612
SGSZ03,SGSZ06,5,1.4600444269015158,0.47876785342192024,6.938812280323436
SGSZ03,SLSZ01,1,0.2532877251715321,0.0,1.253287725171532
SGSZ03,SRSZ02,1,0.06015090038229265,0.0,1.0601509003822926
SGSZ03,TMSZ03,1,0.5607691227048545,0.0,1.5607691227048544
SGSZ03,TNSZ01,1,0.21736477974308346,0.0,1.2173647797430835
SGSZ03,TNSZ04,1,0.15100285959628326,0.0,1.1510028595962833
SGSZ03,TPSZ01,1,0.1754929467159086,0.0,1.1754929467159085
SGSZ03,TPSZ02,2,0.4653370425361387,0.0,2.465337042536139
SGSZ03,TPSZ09,1,0.1725465352756535,0.0,1.1725465352756534
SGSZ03,TPSZ12,1,0.2287822739310904,0.0,1.2287822739310905
SGSZ03,WCSZ01,3,1.1856434954795356,0.0,4.185643495479535
SGSZ03,WDSZ03,1,0.4224799848318038,0.0,1.4224799848318037
SGSZ03,WDSZ04,1,0.2976381850755312,0.0,1.2976381850755312
SGSZ03,WDSZ07,1,0.04563793974471843,0.0,1.0456379397447184
SGSZ03,WDSZ08,1,0.12091698531433684,0.0,1.1209169853143368
SGSZ03,WDSZ09,1,0.11727032883218197,0.0,1.117270328832182
SGSZ03,YSSZ03,5,1.1316539887868617,0.0,6.131653988786862
SGSZ03,YSSZ04,2,0.5939025424545238,0.0,2.593902542454524
SGSZ04,AMSZ01,14,4.224104126118723,1.3781816780514398,19.602285804170165
SGSZ04,AMSZ02,1,1.1620580955203421,0.521336334692676,2.683394430213018
SGSZ04,AMSZ03,1,1.3182407856834375,0.5438139837096266,2.8620547693930645
SGSZ04,AMSZ04,1,0.4793976383490499,0.03535798810344492,1.5147556264524948
SGSZ04,AMSZ10,1,0.4518607693704906,0.010122690558826163,1.4619834599293167
SGSZ04,AMSZ11,1,0.08883804669101811,0.0,1.0888380466910181
SGSZ04,BDSZ04,1,0.6910327322104874,0.0,1.6910327322104874
SGSZ04,BLSZ02,1,0.0660095456518244,0.0,1.0660095456518244
SGSZ04,BMSZ02,2,0.43866812546965417,0.0,2.438668125469654
SGSZ04,BMSZ13,1,0.281617219311699,0.0,1.281617219311699
SGSZ04,BMSZ17,1,0.2431965699441462,0.0,1.2431965699441463
SGSZ04,BSSZ01,8,3.730164124856743,0.0,11.730164124856742
SGSZ04,BSSZ03,3,1.5704563336357291,0.7783452906961014,5.348801624331831
SGSZ04,BTSZ01,2,0.8660403617075025,0.0,2.8660403617075025
SGSZ04,BTSZ03,1,0.18464904042076344,0.0,1.1846490404207635
SGSZ04,CCSZ01,1,0.07337032325029419,0.0,1.0733703232502942
SGSZ04,CKSZ01,1,0.4155751615065958,0.0,1.4155751615065957
SGSZ04,CKSZ03,1,0.5419928800374688,0.0,1.5419928800374687
SGSZ04,CLSZ04,1,0.2991119845085982,0.0,1.299111984508598
SGSZ04,DTSZ01,1,0.6832172231683686,0.0,1.6832172231683686
SGSZ04,DTSZ02,4,1.0288541769990962,0.0,5.028854176999096
SGSZ04,DTSZ05,1,0.38180475738349245,0.0,1.3818047573834924
SGSZ04,DTSZ08,1,0.36935144570096873,0.0,1.3693514457009688
SGSZ04,DTSZ09,1,0.12573480907583334,0.0,1.1257348090758335
SGSZ04,DTSZ11,4,0.7429633888077198,0.0,4.74296338880772
SGSZ04,GLSZ01,1,0.5362235509673632,0.0,1.5362235509673632
SGSZ04,GLSZ03,1,0.7021046601344073,0.0,1.7021046601344074
SGSZ04,GLSZ04,2,1.708347658538839,0.0,3.7083476585388393
SGSZ04,GLSZ05,3,1.3949466419258725,0.0,4.3949466419258725
SGSZ04,HGSZ01,1,0.6302924522089663,0.058226078505144684,1.688518530714111
SGSZ04,HGSZ02,1,1.069623602681254,0.0,2.0696236026812542
SGSZ04,HGSZ03,2,1.2116805826894546,0.0,3.2116805826894543
SGSZ04,HGSZ04,2,1.4488378034167553,0.24461100998836383,3.6934488134051193
SGSZ04,HGSZ05,2,1.744245999658219,0.2960022369111919,4.04024823656941
SGSZ04,HGSZ06,5,2.997952565715493,1.1227504050096557,9.120702970725148
SGSZ04,HGSZ07,3,1.2581605691417455,0.2118204310251856,4.469981000166931
SGSZ04,HGSZ08,1,0.6787378560021158,0.0480359451104863,1.7267738011126021
SGSZ04,JESZ05,1,0.400433004970035,0.0,1.400433004970035
SGSZ04,JWSZ08,1,0.6600297105791478,0.0,1.6600297105791477
SGSZ04,JWSZ09,1,0.5877988974140053,0.0,1.5877988974140052
SGSZ04,KLSZ01,1,0.96925061165137,0.0,1.9692506116513702
SGSZ04,KLSZ03,1,0.07402170493475461,0.0,1.0740217049347547
SGSZ04,KLSZ04,1,0.0,0.0,1.0
SGSZ04,KLSZ05,1,0.4086551529575389,0.0,1.4086551529575388
SGSZ04,KLSZ06,2,0.8004478032375899,0.0,2.80044780323759
SGSZ04,KLSZ08,2,0.8009649548107338,0.0,2.800964954810734
SGSZ04,KLSZ09,1,0.09914810301345063,0.0,1.0991481030134507
SGSZ04,MUSZ01,2,0.23585440623857443,0.0,2.2358544062385746
SGSZ04,MUSZ03,1,0.056245829340492215,0.0,1.0562458293404922
SGSZ04,NVSZ03,1,0.15281678882065733,0.0,1.1528167888206573
SGSZ04,ORSZ02,2,0.6729794247287679,0.0,2.672979424728768
SGSZ04,ORSZ03,1,0.24152773073662565,0.0,1.2415277307366257
SGSZ04,OTSZ03,3,1.0978424039961334,0.0,4.097842403996133
SGSZ04,PGSZ03,1,0.7730397646865612,0.0,1.7730397646865612
SGSZ04,PGSZ04,2,2.472675269993961,0.0,4.472675269993961
SGSZ04,PGSZ05,1,1.0035635246075223,0.0,2.0035635246075225
SGSZ04,PLSZ04,1,0.13574763148865485,0.0,1.1357476314886548
SGSZ04,PRSZ01,1,0.0,0.0,1.0
SGSZ04,QTSZ01,1,0.378947347896514,0.0,1.378947347896514
SGSZ04,QTSZ08,5,1.9395487531633355,0.0,6.9395487531633355
SGSZ04,QTSZ11,3,0.891128638863029,0.0,3.891128638863029
SGSZ04,QTSZ12,1,0.14347739925923503,0.0,1.143477399259235
SGSZ04,QTSZ13,1,0.39673016595129507,0.0,1.3967301659512952
SGSZ04,QTSZ14,1,0.34862842936238414,0.0,1.348628429362384
SGSZ04,RCSZ01,3,0.2247028472277456,0.0,3.2247028472277455
SGSZ04,RVSZ03,1,0.0,0.0,1.0
SGSZ04,SBSZ01,1,0.6686879253282142,0.0,1.6686879253282143
SGSZ04,SBSZ03,1,0.5858893080974644,0.0,1.5858893080974643
SGSZ04,SESZ02,2,1.6103683571038563,0.0,3.610368357103856
SGSZ04,SESZ03,3,1.4084616409994384,0.0,4.408461640999438
SGSZ04,SESZ05,2,0.8172442650078904,0.0,2.8172442650078904
SGSZ04,SESZ06,2,1.9204365212462897,0.0,3.9204365212462897
SGSZ04,SGSZ03,4,1.5682527412992293,0.17585406322954225,5.744106804528772
SGSZ04,SGSZ04,20,5.686625052688668,22.891345062131464,48.57797011482013
SGSZ04,SGSZ05,1,0.9109742324955392,0.4081757496264282,2.319149982121967
SGSZ04,SGSZ06,16,4.843620983887823,2.654701807075052,23.498322790962877
SGSZ04,SRSZ02,1,0.06653336139530631,0.0,1.0665333613953063
SGSZ04,TMSZ02,2,1.155810239145865,0.0,3.1558102391458647
SGSZ04,TMSZ03,3,2.119396192548867,0.0,5.119396192548868
SGSZ04,TMSZ05,3,1.4090167462836116,0.0,4.409016746283612
SGSZ04,TNSZ04,1,0.2146717517356618,0.0,1.2146717517356618
SGSZ04,TPSZ01,1,0.7056511839601959,0.0,1.705651183960196
SGSZ04,TPSZ03,1,0.515902609134754,0.07179496615219484,1.5876975752869489
SGSZ04,TPSZ04,1,0.25827512249832985,0.01532082811296161,1.2735959506112915
SGSZ04,TPSZ06,2,1.1425139955335362,0.18435392269089598,3.326867918224432
SGSZ04,TPSZ09,2,0.5566653591589459,0.07119316106776816,2.627858520226714
SGSZ04,TPSZ11,3,0.9139177456661816,0.278774192523614,4.192691938189796
SGSZ04,TSSZ05,1,0.892068788701209,0.0,1.8920687887012089
SGSZ04,WCSZ01,1,0.2917944375188544,0.0,1.2917944375188544
SGSZ04,WDSZ02,1,0.5151196662597174,0.0,1.5151196662597175
SGSZ04,WDSZ04,1,0.41643186392838866,0.0,1.4164318639283886
SGSZ05,BSSZ01,1,0.28749845726205736,0.0,1.2874984572620574
SGSZ05,BSSZ03,1,0.28456084444494895,0.3381304726800061,1.622691317124955
SGSZ05,DTSZ02,1,0.09175631707678367,0.0,1.0917563170767837
SGSZ05,DTSZ05,1,0.08906996847702513,0.0,1.089069968477025
SGSZ05,DTSZ09,2,0.07643450369846155,0.0,2.0764345036984615
SGSZ05,DTSZ11,1,0.05546911133400667,0.0,1.0554691113340067
SGSZ05,GLSZ03,3,0.292967229024245,0.0,3.292967229024245
SGSZ05,GLSZ05,1,0.2398497034924978,0.0,1.2398497034924978
SGSZ05,HGSZ03,1,0.14323734652561665,0.0,1.1432373465256167
SGSZ05,HGSZ08,2,0.22233290169804226,0.09157745897256506,2.313910360670607
SGSZ05,KLSZ06,1,0.23631349336240212,0.0,1.236313493362402
SGSZ05,KLSZ08,1,0.08465040578724504,0.0,1.084650405787245
SGSZ05,OTSZ03,2,0.37824669489068363,0.0,2.3782466948906835
SGSZ05,PGSZ01,1,0.11259616388211559,0.0,1.1125961638821156
SGSZ05,PGSZ03,1,0.10153401675367522,0.0,1.1015340167536751
SGSZ05,PLSZ04,1,0.011111885118361796,0.0,1.0111118851183618
SGSZ05,SESZ04,1,0.328591413922708,0.0,1.328591413922708
SGSZ05,SGSZ04,1,0.6168251125462184,0.1066953313701954,1.723520443916414
SGSZ05,SGSZ05,2,0.3114157616064503,1.2262452740305156,3.5376610356369658
SGSZ05,SGSZ06,3,1.4831582643885022,0.9286120747974103,5.411770339185912
SGSZ05,TMSZ02,1,0.26527098361316104,0.0,1.265270983613161
SGSZ05,TMSZ03,1,0.2979958214898713,0.0,1.2979958214898712
SGSZ05,TMSZ04,2,0.23554744336576874,0.0,2.235547443365769
SGSZ05,TMSZ05,2,0.17569392996939534,0.0,2.175693929969395
SGSZ05,TNSZ03,1,0.009325512124819973,0.0,1.00932551212482
SGSZ05,TPSZ01,1,0.19367031772009227,0.03865992320610914,1.2323302409262014
SGSZ05,TPSZ02,1,0.21952727000546446,0.12437495536255647,1.3439022253680208
SGSZ05,TPSZ04,2,0.13915860075334052,0.1457167684099371,2.2848753691632777
SGSZ05,WDSZ07,1,0.01619052566795208,0.0,1.016190525667952
SGSZ06,AMSZ01,4,1.2240051010634525,0.0,5.224005101063453
SGSZ06,AMSZ02,1,0.84502668570126,0.3005293802356984,2.1455560659369586
SGSZ06,AMSZ03,2,0.8829337578725818,0.44213062946418363,3.3250643873367656
SGSZ06,AMSZ04,1,0.4250047393139792,0.029608042045925806,1.454612781359905
SGSZ06,AMSZ05,1,0.5265447184926875,0.0,1.5265447184926875
SGSZ06,AMSZ10,1,0.28550034956336207,0.0,1.2855003495633621
SGSZ06,AMSZ12,2,0.3056417948000561,0.0,2.305641794800056
SGSZ06,BDSZ01,1,0.7619361251498749,0.0,1.7619361251498749
SGSZ06,BDSZ04,3,1.0170514082168607,0.0,4.017051408216861
SGSZ06,BDSZ06,2,1.3605823505214123,0.0,3.3605823505214123
SGSZ06,BKSZ09,1,0.29157886026143987,0.0,1.2915788602614398
SGSZ06,BMSZ01,3,0.7355862248016108,0.0,3.7355862248016107
SGSZ06,BMSZ03,1,0.27779918509291346,0.0,1.2777991850929133
SGSZ06,BMSZ05,1,0.27507985870710566,0.0,1.2750798587071057
SGSZ06,BMSZ06,3,0.3171506641667725,0.0,3.3171506641667725
SGSZ06,BMSZ08,1,0.21667732105825518,0.0,1.216677321058255
SGSZ06,BMSZ12,1,0.35536482492092486,0.0,1.355364824920925
SGSZ06,BMSZ17,2,0.2863232995463889,0.0,2.286323299546389
SGSZ06,BPSZ07,1,0.028112299464870448,0.0,1.0281122994648704
SGSZ06,BSSZ01,3,1.4517446902028515,0.0,4.451744690202851
SGSZ06,BSSZ02,1,0.7812330960302276,0.12652975855062176,1.9077628545808494
SGSZ06,BSSZ03,6,1.5208643646092599,1.3672960301549608,8.88816039476422
SGSZ06,BTSZ01,1,0.39296307147214354,0.0,1.3929630714721435
SGSZ06,CHSZ02,1,0.10367372379578804,0.0,1.103673723795788
SGSZ06,CKSZ02,1,0.42484455256657133,0.0,1.4248445525665714
SGSZ06,CLSZ04,2,0.24533340365715972,0.0,2.2453334036571597
SGSZ06,CLSZ07,1,0.13330454786631565,0.0,1.1333045478663157
SGSZ06,DTSZ01,2,0.5232413702801872,0.0,2.5232413702801875
SGSZ06,DTSZ02,3,0.7066803904622053,0.0,3.706680390462205
SGSZ06,DTSZ03,2,0.7124354614030995,0.0,2.7124354614030994
SGSZ06,DTSZ05,1,0.2933025439716064,0.0,1.2933025439716064
SGSZ06,DTSZ08,2,0.377334469948231,0.0,2.377334469948231
SGSZ06,DTSZ09,3,0.2046839228894985,0.0,3.2046839228894983
SGSZ06,DTSZ11,2,0.4499895090866359,0.0,2.449989509086636
SGSZ06,DTSZ12,1,0.1627487712557715,0.0,1.1627487712557716
SGSZ06,GLSZ01,2,0.5727603464779272,0.09956568736215048,2.6723260338400774
SGSZ06,GLSZ02,2,0.7852445263655993,0.17695175371599978,2.962196280081599
SGSZ06,GLSZ03,3,1.2560845101522227,0.0,4.256084510152222
SGSZ06,GLSZ04,5,2.087039622673396,0.0,7.087039622673396
SGSZ06,GLSZ05,6,1.4533176909514247,0.0,7.453317690951424
SGSZ06,HGSZ01,3,0.3213814409613805,0.17610955658177604,3.4974909975431565
SGSZ06,HGSZ02,2,1.551623080598098,0.0,3.551623080598098
SGSZ06,HGSZ03,2,1.1503671640151332,0.0,3.150367164015133
SGSZ06,HGSZ04,7,4.707847081348842,0.32956307561804316,12.037410156966885
SGSZ06,HGSZ05,9,2.9039168635486274,0.46109241895391556,12.365009282502543
SGSZ06,HGSZ06,4,2.040209950952262,0.9393782829459107,6.9795882338981725
SGSZ06,HGSZ07,8,1.5622505467344758,0.5849090441526908,10.147159590887165
SGSZ06,HGSZ08,9,3.3723371646793288,0.30392196420551937,12.67625912888485
SGSZ06,JESZ05,2,0.42051362308081924,0.0,2.420513623080819
SGSZ06,KLSZ01,5,1.368428058094066,0.32116597794591156,6.689594036039978
SGSZ06,KLSZ02,1,0.42796426268854054,0.007136662545418941,1.4351009252339595
SGSZ06,KLSZ05,1,0.2913211873612138,0.0,1.2913211873612138
SGSZ06,KLSZ09,1,0.06687615219686138,0.0,1.0668761521968615
SGSZ06,MUSZ01,2,0.25142053485266214,0.0,2.251420534852662
SGSZ06,NVSZ02,2,0.8328316266436109,0.0,2.832831626643611
SGSZ06,ORSZ02,2,0.5824126255921388,0.0,2.5824126255921387
SGSZ06,ORSZ03,2,0.3963389479932426,0.0,2.3963389479932427
SGSZ06,OTSZ01,1,0.07199216161469452,0.0,1.0719921616146946
SGSZ06,OTSZ03,8,0.6640490956100595,0.0,8.664049095610059
SGSZ06,OTSZ04,3,0.23989595998659072,0.0,3.239895959986591
SGSZ06,PGSZ02,3,0.631494710251883,0.0,3.631494710251883
SGSZ06,PGSZ03,2,0.7186089806755988,0.0,2.7186089806755986
SGSZ06,PGSZ04,5,1.365723873266676,0.0,6.365723873266676
SGSZ06,PGSZ05,3,1.067313446434085,0.0,4.067313446434085
SGSZ06,PLSZ04,1,0.11165860031059635,0.3354273060127592,1.4470859063233557
SGSZ06,PRSZ02,1,0.5977505705852757,0.0,1.5977505705852757
SGSZ06,QTSZ03,1,0.12407812220407066,0.0,1.1240781222040708
SGSZ06,QTSZ08,4,1.3633233447232878,0.0,5.3633233447232875
SGSZ06,QTSZ11,7,0.4890159895724924,0.0,7.489015989572493
SGSZ06,QTSZ14,4,0.38093173753174564,0.0,4.380931737531745
SGSZ06,RCSZ01,1,0.15922884771694606,0.0,1.1592288477169461
SGSZ06,RCSZ10,3,0.17324960880385523,0.0,3.173249608803855
SGSZ06,SBSZ03,1,0.30527095079584166,0.0,1.3052709507958418
SGSZ06,SBSZ04,1,0.31169069294377394,0.0,1.311690692943774
SGSZ06,SESZ02,2,1.3254015012038483,0.0,3.3254015012038485
SGSZ06,SESZ03,12,0.9405233869220317,0.0,12.940523386922031
SGSZ06,SESZ04,5,1.2522483834011437,0.0,6.2522483834011435
SGSZ06,SESZ05,1,0.45507474201532105,0.0,1.455074742015321
SGSZ06,SESZ06,3,1.8450234935316037,0.0,4.845023493531603
SGSZ06,SGSZ01,2,0.9816662719466911,0.0,2.981666271946691
SGSZ06,SGSZ03,3,1.7666043492650558,0.1857041399595654,4.952308489224621
SGSZ06,SGSZ04,16,2.480997658185454,4.43383563677077,22.914833294956225
SGSZ06,SGSZ05,1,0.7310261191711513,0.7508205923467113,2.4818467115178624
SGSZ06,SGSZ06,9,4.966938956314009,42.82972920622082,56.79666816253483
SGSZ06,SGSZ07,3,1.6826439746169561,1.5399448234505495,6.222588798067506
SGSZ06,SLSZ01,1,0.13307764883176493,0.0,1.1330776488317649
SGSZ06,SRSZ02,1,0.030899638232878033,0.0,1.0308996382328781
SGSZ06,TMSZ02,1,0.5058888153253702,0.0,1.5058888153253702
SGSZ06,TMSZ04,2,0.8032430870130159,0.0,2.803243087013016
SGSZ06,TMSZ05,1,0.3850668599966894,0.0,1.3850668599966893
SGSZ06,TNSZ01,3,0.6461739217627694,0.0,3.6461739217627693
SGSZ06,TNSZ04,1,0.10052584541938986,0.0,1.1005258454193898
SGSZ06,TPSZ02,1,0.6523946325401271,0.0,1.652394632540127
SGSZ06,TPSZ03,1,0.5180616438475991,0.09255879934922295,1.610620443196822
SGSZ06,TPSZ06,3,1.390039659254111,0.41682069444822933,4.80686035370234
SGSZ06,TPSZ07,1,0.34776544219348665,0.05535805561656412,1.4031234978100506
SGSZ06,TPSZ09,6,0.9274271466930039,0.2171216261249884,7.144548772817992
SGSZ06,TPSZ10,1,0.5299505625354334,0.10571659398319769,1.635667156518631
SGSZ06,TPSZ11,3,1.0190096075815016,0.34586800263166917,4.364877610213171
SGSZ06,TPSZ12,2,0.5085357190972045,0.02543071054280829,2.533966429640013
SGSZ06,TSSZ05,1,0.6624094522997513,0.0,1.6624094522997512
SGSZ06,WDSZ01,1,0.04711764856295362,0.0,1.0471176485629536
SGSZ06,WDSZ03,3,0.9119124656954035,0.0,3.9119124656954036
SGSZ06,WDSZ06,2,0.3591519470908522,0.0,2.359151947090852
SGSZ06,WDSZ09,1,0.16095017817620097,0.0,1.160950178176201
SGSZ06,YSSZ01,1,0.24743360643935197,0.0,1.247433606439352
SGSZ06,YSSZ03,1,0.5500395234568388,0.0,1.5500395234568387
SGSZ06,YSSZ09,3,1.054734952197319,0.0,4.054734952197319
SGSZ07,AMSZ01,1,0.3093085032578402,0.0,1.3093085032578402
SGSZ07,AMSZ04,1,0.03520101476739317,0.0,1.0352010147673931
SGSZ07,AMSZ11,1,0.008418247134573339,0.0,1.0084182471345733
SGSZ07,AMSZ12,1,0.09790693494658448,0.0,1.0979069349465844
SGSZ07,BDSZ05,1,0.2680254733248164,0.0,1.2680254733248164
SGSZ07,BLSZ01,1,0.15368398611377584,0.0,1.1536839861137758
SGSZ07,BMSZ01,1,0.17950038604109092,0.0,1.1795003860410909
SGSZ07,BSSZ03,1,0.2663592176465379,0.09800341249281411,1.364362630139352
SGSZ07,CLSZ04,1,0.13559894217440616,0.0,1.1355989421744062
SGSZ07,CLSZ09,1,0.07640254655053245,0.0,1.0764025465505325
SGSZ07,DTSZ02,1,0.13038874773687828,0.0,1.1303887477368784
SGSZ07,DTSZ03,2,0.32441028620232426,0.0,2.3244102862023244
SGSZ07,DTSZ04,1,0.030049894844676326,0.0,1.0300498948446764
SGSZ07,DTSZ05,6,0.42432626887184377,0.0,6.424326268871844
SGSZ07,DTSZ07,1,0.07471156424428832,0.0,1.0747115642442884
SGSZ07,DTSZ09,1,0.06802639197056708,0.0,1.068026391970567
SGSZ07,DTSZ11,3,0.13476723261312476,0.0,3.134767232613125
SGSZ07,DTSZ12,1,0.1080404519149559,0.0,1.1080404519149558
SGSZ07,GLSZ05,1,0.3258665744889918,0.0,1.325866574488992
SGSZ07,HGSZ06,1,0.7061801772567479,0.07734905388583406,1.7835292311425819
SGSZ07,HGSZ08,1,0.21626758362488782,0.11503888191419753,1.3313064655390852
SGSZ07,HGSZ09,1,0.002888636015256916,0.0,1.002888636015257
SGSZ07,JWSZ04,1,0.25337946796180555,0.0,1.2533794679618055
SGSZ07,KLSZ01,1,0.31223474136616125,0.028045984390837504,1.3402807257569989
SGSZ07,KLSZ03,2,0.05906394977736614,0.0,2.059063949777366
SGSZ07,KLSZ06,1,0.2414519990709136,0.0,1.2414519990709136
SGSZ07,KLSZ08,1,0.13535718970114982,0.0,1.1353571897011498
SGSZ07,KLSZ09,1,0.016257577492472162,0.0,1.0162575774924723
SGSZ07,MUSZ03,1,0.022027811379378738,0.0,1.0220278113793788
SGSZ07,NTSZ03,2,0.039461725440850734,0.0,2.0394617254408507
SGSZ07,NVSZ02,1,0.3300870391555719,0.0,1.330087039155572
SGSZ07,ORSZ02,1,0.18354096795403826,0.0,1.1835409679540383
SGSZ07,ORSZ03,1,0.11333852662622185,0.0,1.113338526626222
SGSZ07,OTSZ03,5,0.3370426768742298,0.0,5.33704267687423
SGSZ07,QTSZ04,1,0.018522613319399025,0.0,1.018522613319399
SGSZ07,QTSZ05,1,0.1845977902840634,0.0,1.1845977902840634
SGSZ07,QTSZ08,1,0.21266831312224296,0.0,1.2126683131222429
SGSZ07,QTSZ11,5,0.4070611809202355,0.0,5.407061180920236
SGSZ07,QTSZ14,1,0.15701707037457946,0.0,1.1570170703745795
SGSZ07,RCSZ10,1,0.07869588158788142,0.0,1.0786958815878813
SGSZ07,SESZ04,2,0.48700888484408555,0.0,2.4870088848440854
SGSZ07,SGSZ04,1,0.4912571127158434,0.054526708191752926,1.5457838209075963
SGSZ07,SGSZ06,3,1.8629113161701603,0.8248425334155625,5.687753849585723
SGSZ07,SGSZ07,1,0.4622835979987385,10.802242285934492,12.26452588393323
SGSZ07,SRSZ02,1,0.027206002886231796,0.0,1.0272060028862318
SGSZ07,SRSZ03,1,0.1033383452591088,0.0,1.1033383452591088
SGSZ07,TMSZ03,1,0.41931050291282485,0.0,1.4193105029128248
SGSZ07,TMSZ05,2,0.30111023173956075,0.0,2.301110231739561
SGSZ07,TNSZ01,1,0.1115756738090808,0.0,1.1115756738090807
SGSZ07,TPSZ01,2,0.08376679086874296,0.0,2.083766790868743
SGSZ07,TPSZ06,2,0.32857920905809734,0.0,2.3285792090580975
SGSZ07,YSSZ01,1,0.1435167475881189,0.0,1.143516747588119
SISZ01,BDSZ04,1,0.7399095248613984,0.0,1.7399095248613983
SISZ01,BMSZ01,5,5.94453182429825,2.000010709724882,12.944542534023132
SISZ01,BMSZ04,1,0.4732498306680074,0.0,1.4732498306680073
SISZ01,BTSZ01,2,0.8384859498996036,0.0,2.838485949899604
SISZ01,CLSZ07,1,0.4619654344609906,0.0,1.4619654344609905
SISZ01,GLSZ05,1,0.6597533200904921,0.0,1.6597533200904921
SISZ01,JESZ05,1,0.9028607012493808,0.0,1.9028607012493808
SISZ01,JWSZ04,1,0.9792434144687265,0.0,1.9792434144687265
SKSZ01,BKSZ02,1,0.2132050762467846,0.0,1.2132050762467845
SKSZ01,MDSZ02,1,0.0750111187315554,0.0,1.0750111187315554
SKSZ01,QTSZ10,1,0.1861058238085785,0.0,1.1861058238085784
SKSZ01,SBSZ02,1,0.061022646160740976,0.0,1.061022646160741
SKSZ01,SBSZ03,1,0.36520499015916846,0.0,1.3652049901591685
SKSZ01,SBSZ04,1,0.5002443732099099,0.0,1.50024437320991
SKSZ01,SESZ03,1,0.4411750563027986,0.0,1.4411750563027985
SKSZ01,SKSZ02,1,0.0,0.0,1.0
SKSZ01,WDSZ02,1,0.3109723251626768,0.0,1.3109723251626768
SKSZ01,WDSZ03,3,0.7589909097022326,0.0,3.7589909097022325
SKSZ01,WDSZ06,1,0.9912434365999215,0.0,1.9912434365999214
SKSZ01,YSSZ08,1,0.09682424391461905,0.0,1.096824243914619
SKSZ02,CKSZ03,1,0.0,0.0,1.0
SKSZ02,JWSZ08,1,0.0,0.0,1.0
SKSZ02,WDSZ09,2,0.0,0.0,2.0
SKSZ03,BKSZ04,1,0.04929870948659172,0.0,1.0492987094865918
SKSZ03,BKSZ09,1,0.04256370215453006,0.0,1.04256370215453
SKSZ03,BSSZ01,1,0.08525488992156556,0.0,1.0852548899215655
SKSZ03,BTSZ03,1,0.03672508148084645,0.0,1.0367250814808464
SKSZ03,CKSZ03,1,0.10418384216451558,0.0,1.1041838421645156
SKSZ03,JESZ08,1,0.05641443644483777,0.0,1.0564144364448378
SKSZ03,KLSZ02,1,0.009342132444878883,0.0,1.0093421324448788
SKSZ03,MDSZ03,1,0.0,0.0,1.0
SKSZ03,PNSZ02,1,0.0,0.0,1.0
SKSZ03,SBSZ03,1,0.041182024206194025,0.0,1.041182024206194
SKSZ03,SKSZ04,1,0.012094187911850917,0.0,1.012094187911851
SKSZ03,TMSZ01,1,0.10603133588516431,0.0,1.1060313358851643
SKSZ03,TMSZ03,1,0.09773860893480199,0.0,1.097738608934802
SKSZ03,WDSZ02,1,0.050011025649964166,0.0,1.0500110256499642
SKSZ03,WDSZ03,1,0.15398230083081332,0.0,1.1539823008308132
SKSZ03,WDSZ06,1,0.1551777224831506,0.0,1.1551777224831505
SKSZ04,CKSZ06,1,0.4908018092549819,0.0,1.490801809254982
SKSZ04,CLSZ04,1,0.20071585351090834,0.0,1.2007158535109084
SKSZ04,JESZ05,1,0.495669416474566,0.0,1.495669416474566
SKSZ04,JWSZ09,1,0.4639613188592534,0.0,1.4639613188592535
SKSZ04,QTSZ02,1,0.0019088274366086204,0.0,1.0019088274366086
SKSZ04,WDSZ05,1,0.32235453303208517,0.0,1.3223545330320852
SKSZ04,YSSZ08,1,0.02458824143025042,0.0,1.0245882414302505
SKSZ05,CKSZ02,1,0.0,0.0,1.0
SKSZ05,CKSZ03,1,0.0,0.0,1.0
SKSZ05,WDSZ02,1,0.0,0.0,1.0
SLSZ01,BDSZ04,2,0.41267874451291187,0.0,2.412678744512912
SLSZ01,CKSZ04,1,0.3350975256569396,0.0,1.3350975256569395
SLSZ01,HGSZ04,1,0.27180986676473884,0.0,1.2718098667647388
SLSZ01,PGSZ03,1,0.31972836847116837,0.0,1.3197283684711683
SLSZ01,PGSZ04,1,0.8351787645447375,0.0,1.8351787645447375
SLSZ01,SBSZ03,1,0.44145434004589623,0.0,1.4414543400458961
SLSZ01,SESZ06,1,1.2482515162568384,0.0,2.2482515162568384
SLSZ01,SGSZ03,1,0.37161023171567625,0.0,1.3716102317156762
SLSZ01,TMSZ01,1,0.8506339411345802,0.0,1.8506339411345802
SLSZ01,TPSZ04,1,0.1513079552052505,0.0,1.1513079552052505
SLSZ01,WDSZ03,1,0.478956965452894,0.0,1.478956965452894
SLSZ01,YSSZ03,1,0.6329978216152029,0.0,1.632997821615203
SLSZ01,YSSZ09,1,0.6502939586243869,0.0,1.650293958624387
SRSZ01,BDSZ02,1,0.4039819360168792,0.0,1.4039819360168793
SRSZ01,BDSZ03,1,0.29580426363557577,0.0,1.2958042636355758
SRSZ01,BDSZ04,1,0.3611021791750335,0.0,1.3611021791750335
SRSZ01,BDSZ06,1,0.6784691613543856,0.0,1.6784691613543856
SRSZ01,BMSZ01,1,0.369821710846533,0.0,1.369821710846533
SRSZ01,BMSZ04,2,1.0301836199775505,0.5759856036545854,3.6061692236321354
SRSZ01,BTSZ01,1,0.3725849995183836,0.0,1.3725849995183836
SRSZ01,CLSZ04,1,0.3181062638608905,0.0,1.3181062638608905
SRSZ01,DTSZ03,3,0.4695818865667227,0.11530351905649609,3.5848854056232184
SRSZ01,DTSZ05,1,0.41406806324804235,0.18793890162455612,1.6020069648725983
SRSZ01,DTSZ06,1,0.020097874012946104,0.013623470324909508,1.0337213443378555
SRSZ01,DTSZ11,1,0.4421053132413172,0.12000812593253703,1.562113439173854
SRSZ01,GLSZ04,1,0.7025278843378746,0.0,1.7025278843378746
SRSZ01,HGSZ02,1,0.34852089569287453,0.0,1.3485208956928745
SRSZ01,HGSZ05,1,0.6323070770552031,0.0,1.632307077055203
SRSZ01,JESZ01,1,0.14678890929427194,0.0,1.146788909294272
SRSZ01,JESZ08,1,0.265068812289135,0.0,1.265068812289135
SRSZ01,JWSZ08,1,0.5391766623376897,0.0,1.5391766623376897
SRSZ01,KLSZ05,1,0.33335535298080454,0.0,1.3333553529808047
SRSZ01,KLSZ06,1,0.4678280911755607,0.02395910952791479,1.4917872007034756
SRSZ01,KLSZ07,2,0.8217980200157524,0.09052749702373888,2.9123255170394913
SRSZ01,MUSZ01,1,0.0710566764317788,0.18993358016296275,1.2609902565947415
SRSZ01,NTSZ01,1,0.0,0.0,1.0
SRSZ01,NTSZ03,1,0.16509679354544965,0.06082241956199913,1.2259192131074488
SRSZ01,ORSZ02,3,0.6915584764397603,0.27302459027800596,3.964583066717766
SRSZ01,OTSZ03,1,0.7514190378634165,0.48913100043140606,2.2405500382948227
SRSZ01,PGSZ01,1,0.1399292067466683,0.0,1.1399292067466682
SRSZ01,PGSZ04,1,0.3807861535434482,0.0,1.3807861535434482
SRSZ01,QTSZ04,1,0.08869091384562994,0.0,1.08869091384563
SRSZ01,QTSZ06,1,0.29635106735561434,0.0,1.2963510673556145
SRSZ01,QTSZ10,1,0.2740410171326053,0.0,1.2740410171326053
SRSZ01,RCSZ09,1,0.055571460383884205,0.019869607606438702,1.0754410679903228
SRSZ01,RCSZ10,1,0.1253313844962443,0.07127590957253042,1.1966072940687746
SRSZ01,SBSZ01,1,0.3353016473026956,0.0,1.3353016473026957
SRSZ01,SGSZ07,1,0.20334115920272847,0.0,1.2033411592027285
SRSZ01,SRSZ01,2,1.636607733050398,2.7686224972366413,6.405230230287039
SRSZ01,TMSZ02,1,0.7413684981999691,0.0,1.741368498199969
SRSZ01,TMSZ03,1,0.5528269087577236,0.0,1.5528269087577236
SRSZ01,TPSZ03,1,0.147479968765304,0.0,1.1474799687653041
SRSZ01,TPSZ06,1,0.2502819671904907,0.0,1.2502819671904906
SRSZ01,WDSZ04,1,0.6596809531131976,0.0,1.6596809531131975
SRSZ02,AMSZ01,2,0.10036825208252359,0.0,2.1003682520825238
SRSZ02,AMSZ06,1,0.13203453660793293,0.0,1.132034536607933
SRSZ02,BDSZ01,1,0.07842492938114706,0.0,1.078424929381147
SRSZ02,BDSZ04,1,0.11380752197969803,0.0,1.1138075219796981
SRSZ02,BKSZ05,2,0.0778076408234504,0.0,2.0778076408234503
SRSZ02,BMSZ01,1,0.10348845353646353,0.0,1.1034884535364635
SRSZ02,BMSZ04,1,0.08998304610072834,0.16684804739256953,1.2568310934932978
SRSZ02,BMSZ08,2,0.10029649167991597,0.28187411068513624,2.3821706023650524
SRSZ02,BMSZ14,1,0.01416461979969421,0.0,1.0141646197996943
SRSZ02,BPSZ01,2,0.01432973708416477,0.0,2.014329737084165
SRSZ02,BPSZ05,1,0.07279621189725617,0.0,1.0727962118972563
SRSZ02,BTSZ02,1,0.05690367673328247,0.0,1.0569036767332824
SRSZ02,BTSZ06,1,0.022948241380901242,0.0,1.0229482413809012
SRSZ02,CKSZ01,1,0.13675081430011451,0.0,1.1367508143001146
SRSZ02,CKSZ04,1,0.0446788769453655,0.0,1.0446788769453654
SRSZ02,CKSZ05,1,0.03644140557960614,0.0,1.036441405579606
SRSZ02,CLSZ01,1,0.04493844057579827,0.0,1.0449384405757982
SRSZ02,CLSZ04,1,0.09595389461659068,0.0,1.0959538946165908
SRSZ02,DTSZ02,2,0.09552397750755943,1.4208218661322043,3.5163458436397637
SRSZ02,DTSZ06,1,0.02541019370104333,0.13311560913523107,1.1585258028362744
SRSZ02,GLSZ05,1,0.09991396185745559,0.0,1.0999139618574556
SRSZ02,HGSZ04,1,0.05561808241881607,0.0,1.0556180824188162
SRSZ02,HGSZ05,1,0.11987630793634864,0.0,1.1198763079363487
SRSZ02,HGSZ06,1,0.11551023079463123,0.0,1.1155102307946312
SRSZ02,JESZ04,1,0.02403724089584715,0.0,1.0240372408958471
SRSZ02,JESZ05,1,0.0688266253856653,0.0,1.0688266253856653
SRSZ02,JWSZ08,1,0.08774119277784118,0.0,1.087741192777841
SRSZ02,MPSZ03,1,0.11077471373399121,0.0,1.1107747137339912
SRSZ02,NTSZ05,2,0.0,0.0,2.0
SRSZ02,ORSZ01,1,0.00948270269057818,0.0,1.0094827026905782
SRSZ02,ORSZ02,2,0.23380034407786324,0.27682533094046563,2.510625675018329
SRSZ02,OTSZ03,1,0.10450032818934563,1.1535154847832465,2.2580158129725922
SRSZ02,OTSZ04,3,0.7059149604710483,6.567051253773405,10.272966214244454
SRSZ02,PGSZ02,1,0.042697823038369304,0.0,1.0426978230383692
SRSZ02,PGSZ03,2,0.05853072386208607,0.0,2.058530723862086
SRSZ02,PGSZ04,2,0.03495100444099282,0.0,2.034951004440993
SRSZ02,PGSZ05,2,0.0834779021501638,0.0,2.0834779021501637
SRSZ02,RCSZ01,1,0.05376059095706308,0.0,1.053760590957063
SRSZ02,RCSZ08,1,0.0,0.0,1.0
SRSZ02,SBSZ01,1,0.03992747178535976,0.0,1.0399274717853597
SRSZ02,SBSZ03,1,0.07614821678758817,0.0,1.0761482167875882
SRSZ02,SBSZ04,1,0.07188583957658767,0.0,1.0718858395765878
SRSZ02,SESZ03,1,0.12052166856115694,0.0,1.120521668561157
SRSZ02,SESZ05,2,0.02534788450136993,0.0,2.02534788450137
SRSZ02,SESZ06,2,0.14188536391989115,0.0,2.141885363919891
SRSZ02,SGSZ03,1,0.06630213989861049,0.0,1.0663021398986106
SRSZ02,SGSZ04,2,0.19896890223717928,0.0,2.1989689022371794
SRSZ02,TMSZ02,1,0.13409120010333,0.0,1.13409120010333
SRSZ02,TMSZ03,3,0.21951603277603202,0.0,3.219516032776032
SRSZ02,TNSZ01,1,0.03270655518330188,0.0,1.032706555183302
SRSZ02,TNSZ04,1,0.11522466481994158,0.0,1.1152246648199415
SRSZ02,TPSZ09,2,0.03493783824848116,0.0,2.034937838248481
SRSZ02,WCSZ01,1,0.03918411112608508,0.0,1.039184111126085
SRSZ02,WDSZ03,1,0.09865039082709999,0.0,1.0986503908271
SRSZ02,YSSZ02,1,0.028456570940014865,0.0,1.0284565709400149
SRSZ02,YSSZ03,2,0.07910292297453204,0.0,2.079102922974532
SRSZ02,YSSZ08,1,0.010676527742066108,0.0,1.0106765277420662
SRSZ03,BDSZ01,1,0.022633317730981192,0.0,1.0226333177309812
SRSZ03,BKSZ07,1,0.030852504150816626,0.0,1.0308525041508165
SRSZ03,BKSZ08,1,0.0027007888149039867,0.0,1.002700788814904
SRSZ03,BKSZ09,1,0.02064382494904632,0.0,1.0206438249490464
SRSZ03,BPSZ05,1,0.047310418264812686,0.0,1.0473104182648127
SRSZ03,CKSZ04,1,0.06504624276652847,0.0,1.0650462427665284
SRSZ03,CKSZ06,1,0.04470428498048127,0.0,1.0447042849804813
SRSZ03,DTSZ02,1,0.015917048627563296,0.7212791632669407,1.7371962118945041
SRSZ03,DTSZ12,1,0.1287736585410613,0.21668292657629265,1.3454565851173539
SRSZ03,HGSZ06,1,0.052198992943587486,0.0,1.0521989929435875
SRSZ03,JWSZ08,1,0.02111334460515892,0.0,1.021113344605159
SRSZ03,JWSZ09,1,0.07565476176536216,0.0,1.0756547617653622
SRSZ03,KLSZ03,1,0.03118226179904279,0.0,1.0311822617990427
SRSZ03,MUSZ01,1,0.032469839698982185,0.3514342077137376,1.3839040474127198
SRSZ03,NVSZ01,1,0.11222928151569607,0.0,1.112229281515696
SRSZ03,ORSZ03,1,0.01797645179607742,0.2632840516342369,1.2812605034303144
SRSZ03,OTSZ03,1,0.04309004254262692,1.4473351208196572,2.490425163362284
SRSZ03,QTSZ15,1,0.029107660629735875,0.0,1.0291076606297358
SRSZ03,SBSZ03,1,0.03874621704717469,0.0,1.0387462170471746
SRSZ03,TMSZ03,1,0.11499585715745035,0.0,1.1149958571574503
SRSZ03,WDSZ03,2,0.05265319967270727,0.0,2.052653199672707
SVSZ01,BKSZ05,1,0.0,0.0,1.0
SVSZ01,BPSZ04,1,0.0,0.0,1.0
SVSZ01,DTSZ02,1,0.0,0.0,1.0
SVSZ01,JWSZ03,1,0.0,0.0,1.0
SVSZ01,WDSZ06,1,0.0,0.0,1.0
SVSZ01,YSSZ08,1,0.0,0.0,1.0
SVSZ01,YSSZ09,1,0.0,0.0,1.0
THSZ01,BKSZ06,1,0.0,0.0,1.0
THSZ01,BSSZ01,1,0.0,0.0,1.0
THSZ01,BTSZ07,1,0.0,0.0,1.0
THSZ01,JWSZ06,1,0.0,0.0,1.0
THSZ01,SBSZ03,1,0.0,0.0,1.0
TMSZ01,AMSZ01,1,0.30236964972231917,0.0,1.3023696497223192
TMSZ01,AMSZ06,1,0.3658338281030078,0.0,1.3658338281030078
TMSZ01,BDSZ03,1,0.5519807272219108,0.0,1.5519807272219108
TMSZ01,BDSZ04,2,1.9366520425012883,0.0,3.9366520425012883
TMSZ01,BKSZ03,1,0.06777484943353239,0.0,1.0677748494335324
TMSZ01,BMSZ03,1,0.22162191882524446,0.0,1.2216219188252444
TMSZ01,BMSZ05,2,0.29254422942423564,0.0,2.2925442294242355
TMSZ01,BMSZ12,1,0.22926851479460125,0.0,1.2292685147946012
TMSZ01,CHSZ01,1,0.0854243728918543,0.0,1.0854243728918542
TMSZ01,CHSZ03,1,0.6063833706348443,0.0,1.6063833706348443
TMSZ01,DTSZ05,3,0.3192546859389672,0.0,3.3192546859389673
TMSZ01,DTSZ08,2,0.2175846813981778,0.0,2.217584681398178
TMSZ01,DTSZ09,1,0.13819758166825763,0.0,1.1381975816682577
TMSZ01,DTSZ10,1,0.04983342501008058,0.0,1.0498334250100805
TMSZ01,DTSZ11,1,0.3067325720940946,0.0,1.3067325720940945
TMSZ01,GLSZ04,1,0.44008169621028376,0.0,1.4400816962102838
TMSZ01,HGSZ01,1,0.24587030894376796,0.0,1.245870308943768
TMSZ01,HGSZ07,1,0.3723366656185273,0.0,1.3723366656185272
TMSZ01,JESZ05,1,0.21040085490310828,0.0,1.2104008549031082
TMSZ01,KLSZ05,1,0.14005670475279686,0.0,1.140056704752797
TMSZ01,KLSZ09,1,0.037135315228387304,0.0,1.0371353152283873
TMSZ01,NTSZ03,1,0.051187827450435694,0.0,1.0511878274504356
TMSZ01,ORSZ02,1,0.2909651210773398,0.0,1.2909651210773398
TMSZ01,OTSZ01,1,0.03437027338419828,0.0,1.0343702733841982
TMSZ01,OTSZ03,4,0.5967656434681208,0.0,4.596765643468121
TMSZ01,OTSZ04,1,0.0751056106284707,0.0,1.0751056106284707
TMSZ01,PGSZ02,1,0.2518730318706419,0.0,1.251873031870642
TMSZ01,PGSZ04,2,1.447353587265161,0.0,3.447353587265161
TMSZ01,PGSZ05,1,0.5017832092022971,0.0,1.5017832092022971
TMSZ01,PRSZ02,1,0.9177120221530247,0.1722925032255822,2.090004525378607
TMSZ01,PRSZ03,4,2.176558705018826,1.213769115721506,7.390327820740332
TMSZ01,QTSZ10,1,0.17053502744099405,0.0,1.170535027440994
TMSZ01,QTSZ14,1,0.27166376877603704,0.0,1.271663768776037
TMSZ01,RCSZ10,1,0.12485509862411502,0.0,1.124855098624115
TMSZ01,RVSZ02,1,0.0,0.0,1.0
TMSZ01,SESZ02,1,0.51320934964842,0.0,1.51320934964842
TMSZ01,SESZ03,1,1.0402086099397732,0.0,2.040208609939773
TMSZ01,SGSZ02,1,0.09795870382443315,0.0,1.0979587038244332
TMSZ01,SKSZ03,1,0.0718340405204582,0.0,1.0718340405204583
TMSZ01,SLSZ01,1,0.11837318513603347,0.0,1.1183731851360335
TMSZ01,TMSZ01,1,0.7907005196088495,4.7167378271293305,6.50743834673818
TMSZ01,TMSZ02,19,7.628998458607407,2.7087102555175124,29.33770871412492
TMSZ01,TMSZ03,7,3.5974500671505973,1.048117299812376,11.645567366962972
TMSZ01,TMSZ04,11,2.1354450753257668,1.1404648700745545,14.27590994540032
TMSZ01,TMSZ05,2,0.5609326246135979,0.0,2.560932624613598
TMSZ01,WCSZ01,1,0.39682244395699856,0.0,1.3968224439569985
TMSZ02,AMSZ01,3,2.7152061069804048,0.0,5.715206106980405
TMSZ02,AMSZ03,1,1.099582734144701,0.0,2.0995827341447013
TMSZ02,AMSZ12,1,0.39384277262006734,0.0,1.3938427726200673
TMSZ02,BDSZ01,7,1.4975040830742776,0.0,8.497504083074277
TMSZ02,BDSZ02,2,3.407026892598054,0.31305836578102014,5.720085258379075
TMSZ02,BDSZ03,2,1.1814864113610752,0.0,3.1814864113610755
TMSZ02,BDSZ04,28,24.39378984352891,3.1006313054185592,55.49442114894747
TMSZ02,BDSZ06,4,2.2708652137290897,0.0,6.27086521372909
TMSZ02,BDSZ07,1,1.1925377352104305,0.0,2.1925377352104305
TMSZ02,BMSZ02,2,1.8163296046765764,0.0,3.8163296046765764
TMSZ02,BMSZ05,6,1.3192312247533156,0.0,7.319231224753316
TMSZ02,BMSZ07,1,1.736102343790239,0.0,2.7361023437902388
TMSZ02,BMSZ08,1,0.5665357724609125,0.0,1.5665357724609126
TMSZ02,BMSZ09,1,0.2572674622084223,0.0,1.2572674622084223
TMSZ02,BMSZ12,1,0.9402278185399152,0.0,1.940227818539915
TMSZ02,BMSZ13,1,0.5128364324271131,0.0,1.512836432427113
TMSZ02,BPSZ04,1,0.5569537629249658,0.0,1.556953762924966
TMSZ02,BPSZ05,1,0.9738767083328939,0.0,1.9738767083328939
TMSZ02,BSSZ02,1,1.0956322135244474,0.0,2.095632213524447
TMSZ02,BSSZ03,2,1.943840918889383,0.0,3.943840918889383
TMSZ02,BTSZ01,6,2.5474478818253536,0.0,8.547447881825354
TMSZ02,BTSZ05,1,0.39425343768462695,0.0,1.394253437684627
TMSZ02,CHSZ02,14,2.632319175695281,0.0,16.63231917569528
TMSZ02,CHSZ03,10,7.7070137419299245,0.0,17.707013741929924
TMSZ02,CKSZ03,1,0.5548528609477535,0.0,1.5548528609477534
TMSZ02,CLSZ01,1,0.8152010448785594,0.0,1.8152010448785594
TMSZ02,CLSZ04,1,0.4271275479481859,0.0,1.427127547948186
TMSZ02,DTSZ01,4,1.0962062076734607,0.0,5.096206207673461
TMSZ02,DTSZ02,7,0.8363262636817552,0.0,7.836326263681755
TMSZ02,DTSZ03,9,1.1251326080127804,0.0,10.12513260801278
TMSZ02,DTSZ05,8,1.0719599108014977,0.0,9.071959910801498
TMSZ02,DTSZ06,1,0.2699987984960295,0.0,1.2699987984960295
TMSZ02,DTSZ08,7,1.5427526074514568,0.0,8.542752607451456
TMSZ02,DTSZ09,3,0.3333842250945806,0.0,3.3333842250945804
TMSZ02,DTSZ11,12,0.5398494330693949,0.0,12.539849433069396
TMSZ02,DTSZ12,1,0.3545886402289781,0.0,1.3545886402289782
TMSZ02,GLSZ01,4,0.6909068785099944,0.0,4.6909068785099945
TMSZ02,GLSZ02,3,0.8629554041464529,0.0,3.8629554041464527
TMSZ02,GLSZ03,11,2.4879812213099104,0.0,13.48798122130991
TMSZ02,GLSZ04,6,3.253639417209767,0.0,9.253639417209767
TMSZ02,GLSZ05,5,5.838049137338616,0.0,10.838049137338615
TMSZ02,HGSZ02,1,1.1824965066154085,0.0,2.1824965066154087
TMSZ02,HGSZ05,2,2.4461118183439368,0.0,4.446111818343937
TMSZ02,HGSZ08,4,2.0820784022769634,0.0,6.082078402276963
TMSZ02,JESZ03,1,0.9062001936458406,0.0,1.9062001936458406
TMSZ02,JESZ05,1,1.6264476729058241,0.0,2.626447672905824
TMSZ02,JWSZ01,1,0.2828113364138743,0.0,1.2828113364138742
TMSZ02,JWSZ02,1,1.2259920634860855,0.0,2.2259920634860855
TMSZ02,JWSZ06,1,0.8694681485722402,0.0,1.8694681485722402
TMSZ02,JWSZ07,1,0.5437119526391131,0.0,1.543711952639113
TMSZ02,JWSZ09,1,1.6652509890587892,0.0,2.665250989058789
TMSZ02,KLSZ02,1,0.42740831654361355,0.0,1.4274083165436136
TMSZ02,KLSZ04,1,0.0,0.0,1.0
TMSZ02,KLSZ05,2,0.7400743366353157,0.0,2.740074336635316
TMSZ02,KLSZ06,2,0.984824895225246,0.0,2.984824895225246
TMSZ02,KLSZ08,4,1.4623695797772838,0.0,5.462369579777284
TMSZ02,KLSZ09,2,0.9277225704977465,0.0,2.9277225704977465
TMSZ02,MPSZ01,2,1.8155277402199315,0.0,3.8155277402199315
TMSZ02,MPSZ03,1,1.4038054014896126,0.0,2.4038054014896124
TMSZ02,MSSZ01,1,0.0,0.0,1.0
TMSZ02,MUSZ01,1,0.5847443373155464,0.0,1.5847443373155463
TMSZ02,MUSZ03,3,0.13930740356560878,0.0,3.139307403565609
TMSZ02,NTSZ03,5,0.15923571572362463,0.0,5.159235715723625
TMSZ02,NVSZ01,1,1.4904666765120116,0.0,2.4904666765120114
TMSZ02,NVSZ02,6,1.484949300087599,0.0,7.4849493000875995
TMSZ02,NVSZ03,1,0.3574713531987603,0.0,1.3574713531987603
TMSZ02,ORSZ01,2,0.6784552693484052,0.0,2.6784552693484054
TMSZ02,ORSZ02,4,1.5693821317747687,0.0,5.569382131774769
TMSZ02,ORSZ03,3,0.8819474440296214,0.0,3.8819474440296213
TMSZ02,OTSZ01,1,0.13700197140988693,0.0,1.137001971409887
TMSZ02,OTSZ03,11,1.828765989700194,0.0,12.828765989700194
TMSZ02,OTSZ04,7,0.21832919259448275,0.0,7.218329192594482
TMSZ02,PGSZ02,1,1.1784143529289015,0.0,2.1784143529289013
TMSZ02,PGSZ03,1,1.0101167076117967,0.0,2.0101167076117967
TMSZ02,PGSZ04,3,1.3322268571479559,0.0,4.332226857147956
TMSZ02,PLSZ01,5,0.5096995628583018,0.0,5.509699562858302
TMSZ02,PLSZ03,1,0.43966786431075516,0.0,1.4396678643107552
TMSZ02,PLSZ04,4,0.1821271480792611,0.0,4.182127148079261
TMSZ02,PNSZ01,1,0.7106811565484565,0.0,1.7106811565484565
TMSZ02,PNSZ05,2,0.544466738411492,0.0,2.544466738411492
TMSZ02,PRSZ01,1,0.0,0.0,1.0
TMSZ02,PRSZ02,3,1.8697492898143642,0.5139640321435149,5.383713321957879
TMSZ02,PRSZ03,12,2.0325582261380597,1.3868618265569126,15.419420052694973
TMSZ02,PRSZ04,4,0.9893249457384021,0.4411773092771213,5.430502255015523
TMSZ02,PRSZ05,7,4.586669787968973,0.97646651562988,12.563136303598853
TMSZ02,PRSZ06,7,2.007675143928163,0.0,9.007675143928163
TMSZ02,PRSZ07,1,1.4412170625623797,0.0,2.4412170625623797
TMSZ02,PRSZ08,5,2.6382162317041957,0.12414269575315601,7.762358927457352
TMSZ02,QTSZ01,1,0.5137421065540587,0.0,1.5137421065540586
TMSZ02,QTSZ08,4,1.5591442569938179,0.0,5.559144256993818
TMSZ02,QTSZ09,1,0.0353485152367522,0.0,1.0353485152367523
TMSZ02,QTSZ11,5,2.038757587367513,0.0,7.038757587367513
TMSZ02,QTSZ13,1,0.8953179883150741,0.0,1.8953179883150741
TMSZ02,QTSZ14,2,1.0270239241397776,0.0,3.027023924139778
TMSZ02,RCSZ01,1,0.23372263300359938,0.0,1.2337226330035993
TMSZ02,RCSZ05,1,0.20464042456426762,0.0,1.2046404245642677
TMSZ02,RCSZ08,1,0.0,0.0,1.0
TMSZ02,RCSZ09,4,0.25085590832210625,0.0,4.250855908322106
TMSZ02,RCSZ10,1,0.857121861044985,0.0,1.857121861044985
TMSZ02,SBSZ03,1,0.9750337395086947,0.0,1.9750337395086945
TMSZ02,SESZ02,1,1.4381501386275184,0.0,2.4381501386275186
TMSZ02,SESZ03,3,1.5654487506250485,0.0,4.565448750625048
TMSZ02,SESZ04,2,2.52760217122907,0.0,4.52760217122907
TMSZ02,SESZ06,3,2.2346934900807485,0.0,5.2346934900807485
TMSZ02,SGSZ04,2,2.7028581540578807,0.0,4.70285815405788
TMSZ02,SGSZ05,1,0.5371690302399115,0.0,1.5371690302399115
TMSZ02,SGSZ06,2,1.311085447617248,0.0,3.311085447617248
TMSZ02,SISZ01,1,0.8211323688783538,0.0,1.8211323688783538
TMSZ02,SRSZ01,1,0.630722578704378,0.0,1.630722578704378
TMSZ02,SRSZ02,1,0.19691250059872137,0.0,1.1969125005987213
TMSZ02,TMSZ01,14,3.568340917991757,2.669141923620816,20.237482841612575
TMSZ02,TMSZ02,92,36.55576357870616,137.7389146114792,266.2946781901853
TMSZ02,TMSZ03,31,6.216380825846564,5.76265962404698,42.979040449893546
TMSZ02,TMSZ04,36,12.045226410477142,3.6598051356365784,51.70503154611372
TMSZ02,TMSZ05,13,1.9347240527559846,0.31448417937503026,15.249208232131016
TMSZ02,TPSZ02,1,0.6012729941773307,0.0,1.6012729941773307
TMSZ02,TPSZ06,2,1.5714757590269355,0.0,3.5714757590269355
TMSZ02,TPSZ11,1,0.9468713091728329,0.0,1.946871309172833
TMSZ02,TPSZ12,3,0.7141349473174726,0.0,3.7141349473174725
TMSZ02,WCSZ01,7,3.8689721001848603,0.0,10.86897210018486
TMSZ02,WDSZ01,1,0.09993450962603628,0.0,1.0999345096260362
TMSZ02,WDSZ02,1,0.5614572274417592,0.0,1.561457227441759
TMSZ02,WDSZ03,1,1.1655882869900092,0.0,2.165588286990009
TMSZ02,WDSZ07,1,0.2347540190714472,0.0,1.2347540190714472
TMSZ02,YSSZ01,1,1.3851103958903264,0.0,2.3851103958903264
TMSZ02,YSSZ02,2,0.8799988262346016,0.0,2.8799988262346017
TMSZ02,YSSZ03,1,1.1140364553382618,0.0,2.114036455338262
TMSZ02,YSSZ04,1,1.2164216461616644,0.0,2.216421646161664
TMSZ02,YSSZ07,1,0.31245126667180395,0.0,1.312451266671804
TMSZ02,YSSZ08,3,0.6028086102019742,0.0,3.6028086102019743
TMSZ03,AMSZ01,4,1.8553874709373406,0.0,5.855387470937341
TMSZ03,AMSZ04,2,0.11200150939284827,0.0,2.112001509392848
TMSZ03,AMSZ08,1,0.1266255883470499,0.0,1.12662558834705
TMSZ03,BDSZ01,5,2.171018371434098,0.5304585922067779,7.701476963640876
TMSZ03,BDSZ02,2,4.166581381734373,0.9023788326469311,7.068960214381304
TMSZ03,BDSZ03,5,1.3985303749738076,0.0,6.398530374973808
TMSZ03,BDSZ04,8,5.189177526251311,1.009300212079451,14.19847773833076
TMSZ03,BDSZ05,3,2.7873599065976333,0.0,5.787359906597633
TMSZ03,BDSZ06,5,2.031034660704355,0.5361893398017282,7.567224000506084
TMSZ03,BKSZ01,1,0.021250587435268805,0.0,1.0212505874352689
TMSZ03,BKSZ02,1,0.058453975563995966,0.0,1.058453975563996
TMSZ03,BKSZ05,3,0.8211749915737517,0.0,3.8211749915737516
TMSZ03,BKSZ09,1,0.23439868523593782,0.0,1.2343986852359379
TMSZ03,BMSZ01,1,0.7225763737321501,0.0,1.7225763737321502
TMSZ03,BMSZ02,1,0.5496628767818913,0.0,1.5496628767818912
TMSZ03,BMSZ04,1,0.47663054244635983,0.0,1.47663054244636
TMSZ03,BMSZ05,2,0.9930317670961273,0.0,2.9930317670961273
TMSZ03,BPSZ03,1,0.1835986659324011,0.0,1.1835986659324012
TMSZ03,BSSZ01,1,1.3279596440639485,0.0,2.3279596440639487
TMSZ03,BTSZ01,1,1.248334546543068,0.0,2.248334546543068
TMSZ03,CHSZ03,10,9.21554823969464,0.0,19.21554823969464
TMSZ03,CLSZ03,1,0.45543177830527676,0.0,1.4554317783052768
TMSZ03,CLSZ09,1,0.05439632397187052,0.0,1.0543963239718706
TMSZ03,DTSZ02,7,1.033974376792598,0.0,8.033974376792598
TMSZ03,DTSZ03,5,1.3488231774563653,0.0,6.3488231774563655
TMSZ03,DTSZ05,9,1.0709885184535026,0.0,10.070988518453502
TMSZ03,DTSZ06,1,0.05403913834619809,0.0,1.054039138346198
TMSZ03,DTSZ07,1,0.5593650488304004,0.0,1.5593650488304003
TMSZ03,DTSZ08,6,0.6625976298384721,0.0,6.662597629838472
TMSZ03,DTSZ09,3,0.26295262697183064,0.0,3.2629526269718307
TMSZ03,DTSZ11,4,0.48882884434188867,0.0,4.488828844341889
TMSZ03,DTSZ12,2,0.6343825813496335,0.0,2.6343825813496338
TMSZ03,GLSZ01,1,1.019460953380131,0.0,2.019460953380131
TMSZ03,GLSZ02,2,0.5576635765235013,0.0,2.557663576523501
TMSZ03,GLSZ03,7,2.620468169862892,0.0,9.620468169862892
TMSZ03,GLSZ04,1,1.6641917996227846,0.0,2.6641917996227846
TMSZ03,GLSZ05,7,4.727964364500031,0.0,11.727964364500032
TMSZ03,HGSZ02,2,1.2272573267991562,0.0,3.2272573267991564
TMSZ03,HGSZ03,1,0.927565371010321,0.0,1.927565371010321
TMSZ03,HGSZ06,1,1.6114869082242922,0.0,2.6114869082242924
TMSZ03,HGSZ07,1,0.8489511715616677,0.0,1.8489511715616676
TMSZ03,HGSZ08,1,1.1688929539611972,0.0,2.168892953961197
TMSZ03,JESZ05,2,1.4814033084442682,0.0,3.481403308444268
TMSZ03,JWSZ04,1,0.791818349308932,0.0,1.7918183493089321
TMSZ03,JWSZ07,1,0.09977492687642212,0.0,1.099774926876422
TMSZ03,KLSZ05,1,0.5112201212764358,0.0,1.5112201212764358
TMSZ03,KLSZ06,2,0.9467437109177549,0.0,2.946743710917755
TMSZ03,KLSZ07,1,0.9204588125040862,0.0,1.9204588125040862
TMSZ03,KLSZ08,2,0.776344893326103,0.0,2.776344893326103
TMSZ03,MPSZ01,1,0.5993742048837032,0.0,1.5993742048837032
TMSZ03,MPSZ02,1,1.4777845598310724,0.0,2.4777845598310724
TMSZ03,MPSZ03,2,1.682036764580353,0.0,3.682036764580353
TMSZ03,MUSZ02,2,0.0,0.0,2.0
TMSZ03,MUSZ03,7,0.24403955994340876,0.0,7.244039559943409
TMSZ03,NVSZ02,2,1.6158990145959593,0.0,3.6158990145959593
TMSZ03,ORSZ01,1,0.04426713355855631,0.0,1.0442671335585563
TMSZ03,ORSZ02,6,1.9363939975254991,0.0,7.936393997525499
TMSZ03,ORSZ03,2,0.8907405081639815,0.0,2.8907405081639816
TMSZ03,OTSZ03,7,1.5757804799158508,0.0,8.575780479915851
TMSZ03,PGSZ02,1,1.173855501419189,0.0,2.173855501419189
TMSZ03,PGSZ03,3,1.1379006155984404,0.0,4.13790061559844
TMSZ03,PGSZ04,2,2.442512978386115,0.0,4.442512978386115
TMSZ03,PGSZ05,2,1.5629315926566074,0.0,3.562931592656607
TMSZ03,PLSZ01,2,0.4732933887854,0.0,2.4732933887854
TMSZ03,PLSZ03,1,0.1258043330158103,0.0,1.1258043330158103
TMSZ03,PLSZ04,3,0.20307572831001575,0.0,3.203075728310016
TMSZ03,PNSZ01,1,0.30293194392873274,0.0,1.3029319439287328
TMSZ03,PNSZ05,1,0.057255888035996745,0.0,1.0572558880359968
TMSZ03,PRSZ02,2,1.3322036164427387,0.2786575724702951,3.6108611889130335
TMSZ03,PRSZ03,5,1.987903639099839,0.7209721004134135,7.708875739513252
TMSZ03,PRSZ05,6,3.712701655694036,0.7389712424300895,10.451672898124126
TMSZ03,PRSZ07,1,0.3619268141471259,0.0,1.361926814147126
TMSZ03,PRSZ08,1,0.9275260543404681,0.0,1.927526054340468
TMSZ03,QTSZ08,5,1.3800490092739062,0.0,6.380049009273906
TMSZ03,QTSZ09,1,0.07804160044174714,0.0,1.0780416004417472
TMSZ03,QTSZ10,2,1.1558094922627495,0.0,3.1558094922627493
TMSZ03,QTSZ11,2,1.0662839229191836,0.0,3.0662839229191836
TMSZ03,QTSZ13,1,0.5422443340225747,0.0,1.5422443340225747
TMSZ03,RCSZ01,1,0.2448465247769435,0.0,1.2448465247769436
TMSZ03,RCSZ10,2,0.7332316378365226,0.0,2.7332316378365227
TMSZ03,RVSZ05,2,0.2809524904168476,0.0,2.2809524904168477
TMSZ03,SBSZ03,1,0.7185568021004262,0.0,1.718556802100426
TMSZ03,SESZ02,2,1.6276743721031774,0.0,3.6276743721031774
TMSZ03,SESZ03,5,1.8447050037451507,0.0,6.844705003745151
TMSZ03,SESZ04,2,1.7786403838553952,0.0,3.7786403838553952
TMSZ03,SGSZ03,1,0.9811098480224,0.0,1.9811098480223999
TMSZ03,SGSZ04,1,2.1716241796579467,0.0,3.1716241796579467
TMSZ03,SKSZ03,1,0.099428921920172,0.0,1.099428921920172
TMSZ03,SRSZ01,1,0.4698572108855189,0.0,1.469857210885519
TMSZ03,SRSZ02,3,0.1874924368613837,0.0,3.1874924368613837
TMSZ03,SRSZ03,1,0.42834443574077913,0.0,1.428344435740779
TMSZ03,TMSZ01,5,1.5477634172896886,0.8574943102338017,7.405257727523491
TMSZ03,TMSZ02,45,13.138388270833667,4.843160354112861,62.98154862494653
TMSZ03,TMSZ03,25,10.019294998089338,74.89608267230162,109.91537767039095
TMSZ03,TMSZ04,18,7.956359954854644,1.687051108750227,27.643411063604873
TMSZ03,TMSZ05,5,2.6146366626753745,0.0,7.614636662675375
TMSZ03,TNSZ03,1,0.06387333946151307,0.0,1.063873339461513
TMSZ03,TPSZ05,1,0.1978331278988922,0.0,1.1978331278988923
TMSZ03,TPSZ06,2,1.0184399177172991,0.0,3.0184399177172994
TMSZ03,TPSZ10,1,0.49980290806560473,0.0,1.4998029080656048
TMSZ03,TSSZ05,1,1.115186966158991,0.0,2.115186966158991
TMSZ03,WDSZ01,3,0.1171235008275742,0.0,3.1171235008275744
TMSZ03,WDSZ02,2,0.6595449764112641,0.0,2.659544976411264
TMSZ03,WDSZ03,1,0.9916898293306118,0.0,1.9916898293306118
TMSZ03,WDSZ04,1,0.2574736384058704,0.0,1.2574736384058705
TMSZ03,WDSZ05,1,0.28082949048527645,0.0,1.2808294904852764
TMSZ03,WDSZ08,1,0.5461829666062835,0.0,1.5461829666062834
TMSZ03,YSSZ01,1,1.1007590059953123,0.0,2.1007590059953123
TMSZ04,AMSZ01,1,0.9693255877247504,0.0,1.9693255877247504
TMSZ04,AMSZ02,1,0.3857815693646426,0.0,1.3857815693646427
TMSZ04,AMSZ03,1,0.5097195842843383,0.0,1.5097195842843383
TMSZ04,AMSZ09,1,0.3172173595743116,0.0,1.3172173595743115
TMSZ04,BDSZ01,5,0.9813150335959834,0.0,5.981315033595983
TMSZ04,BDSZ02,1,1.5046542135813699,0.12428962423480872,2.6289438378161787
TMSZ04,BDSZ03,2,1.1271005307124333,0.0,3.1271005307124335
TMSZ04,BDSZ04,28,14.38473472398201,4.4751458775035,46.85988060148551
TMSZ04,BDSZ05,2,1.3332666395488797,0.0,3.3332666395488797
TMSZ04,BDSZ06,5,3.016005691668004,0.6838241225161783,8.699829814184183
TMSZ04,BDSZ07,1,0.730429192838565,0.0,1.7304291928385651
TMSZ04,BKSZ05,1,0.4011507418063188,0.0,1.401150741806319
TMSZ04,BKSZ08,1,0.0,0.0,1.0
TMSZ04,BMSZ01,1,0.6104329503589332,0.0,1.6104329503589332
TMSZ04,BMSZ02,1,0.4576359764262618,0.0,1.4576359764262619
TMSZ04,BMSZ05,1,0.9343080492294548,0.0,1.9343080492294549
TMSZ04,BMSZ07,1,1.1169547563779663,0.0,2.1169547563779663
TMSZ04,BMSZ17,1,0.22682725226405331,0.0,1.2268272522640533
TMSZ04,BPSZ04,3,0.45140114384118774,0.0,3.4514011438411876
TMSZ04,BPSZ05,1,0.879435624953701,0.0,1.879435624953701
TMSZ04,BSSZ03,1,1.1448330714336885,0.0,2.1448330714336885
TMSZ04,BTSZ01,3,0.9899494789778882,0.0,3.989949478977888
TMSZ04,BTSZ05,1,0.20907997810136714,0.0,1.209079978101367
TMSZ04,BTSZ06,2,0.45396606251779514,0.0,2.4539660625177953
TMSZ04,CHSZ02,4,0.4638622691204816,0.0,4.463862269120481
TMSZ04,CHSZ03,7,2.155278379034475,0.0,9.155278379034474
TMSZ04,CKSZ03,1,0.5850385952776435,0.0,1.5850385952776436
TMSZ04,CLSZ04,1,0.3379644421488101,0.0,1.3379644421488102
TMSZ04,DTSZ01,1,1.1896614280174886,0.0,2.1896614280174886
TMSZ04,DTSZ02,5,0.7833256926406578,0.0,5.783325692640657
TMSZ04,DTSZ03,3,1.666056994741735,0.0,4.666056994741735
TMSZ04,DTSZ05,11,0.22778318912595946,0.0,11.22778318912596
TMSZ04,DTSZ07,1,0.3991905077346822,0.0,1.3991905077346822
TMSZ04,DTSZ08,4,0.5100270574991115,0.0,4.510027057499111
TMSZ04,DTSZ09,2,0.1965741970357938,0.0,2.196574197035794
TMSZ04,DTSZ11,4,0.40981824509674436,0.0,4.409818245096744
TMSZ04,DTSZ12,2,0.4889081495914415,0.0,2.4889081495914414
TMSZ04,GLSZ02,4,0.4707991575977697,0.0,4.47079915759777
TMSZ04,GLSZ03,2,1.1733034580666397,0.0,3.1733034580666395
TMSZ04,GLSZ04,3,1.864569260524454,0.0,4.864569260524454
TMSZ04,GLSZ05,3,2.0398681535799876,0.0,5.039868153579988
TMSZ04,HGSZ01,1,0.6325188792568706,0.0,1.6325188792568706
TMSZ04,HGSZ02,1,0.6998539167267624,0.0,1.6998539167267626
TMSZ04,HGSZ03,1,0.6113741851269248,0.0,1.6113741851269248
TMSZ04,HGSZ04,2,0.9532896310667099,0.0,2.95328963106671
TMSZ04,HGSZ05,2,1.165305528403816,0.0,3.165305528403816
TMSZ04,HGSZ06,5,1.9104725702665988,0.0,6.910472570266599
TMSZ04,HGSZ07,1,0.6154431444033543,0.0,1.6154431444033543
TMSZ04,HGSZ08,2,0.9402439334065511,0.0,2.940243933406551
TMSZ04,JWSZ03,1,0.4872766000237702,0.0,1.4872766000237703
TMSZ04,JWSZ08,3,0.486717086954646,0.0,3.4867170869546458
TMSZ04,JWSZ09,1,1.4825937956809176,0.0,2.4825937956809176
TMSZ04,KLSZ01,2,1.0041708829817644,0.0,3.0041708829817644
TMSZ04,KLSZ06,2,0.8408929357835769,0.0,2.840892935783577
TMSZ04,KLSZ08,1,0.8311822985368227,0.0,1.8311822985368227
TMSZ04,MPSZ02,1,1.13113377958651,0.0,2.13113377958651
TMSZ04,MPSZ03,2,1.6393917836468084,0.0,3.6393917836468086
TMSZ04,NVSZ01,3,1.5789325508901968,0.0,4.578932550890197
TMSZ04,NVSZ02,1,1.1485407926666067,0.0,2.1485407926666067
TMSZ04,ORSZ01,1,0.045119765805106314,0.0,1.0451197658051063
TMSZ04,ORSZ02,5,1.57308000459877,0.0,6.57308000459877
TMSZ04,ORSZ03,2,0.7589950176884789,0.0,2.7589950176884788
TMSZ04,OTSZ01,1,0.03400821279093158,0.0,1.0340082127909316
TMSZ04,OTSZ03,12,1.2430422842001525,0.0,13.243042284200152
TMSZ04,OTSZ04,1,0.14768310166058926,0.0,1.1476831016605893
TMSZ04,PGSZ02,1,0.7785373015739068,0.0,1.7785373015739068
TMSZ04,PGSZ03,1,0.6365337139636863,0.0,1.6365337139636864
TMSZ04,PGSZ04,7,2.9069278624686326,0.0,9.906927862468633
TMSZ04,PLSZ04,1,0.08071735216271038,0.0,1.0807173521627105
TMSZ04,PRSZ02,2,1.0171765557150751,0.0,3.017176555715075
TMSZ04,PRSZ03,16,1.1023446335747176,0.0,17.102344633574717
TMSZ04,PRSZ04,1,0.33101154992589027,0.0,1.3310115499258903
TMSZ04,PRSZ05,4,3.5076644368285628,0.6632484771266106,8.170912913955174
TMSZ04,PRSZ06,2,0.6474097367001941,0.0,2.647409736700194
TMSZ04,PRSZ08,4,2.6332810069570485,0.06375838462938752,6.697039391586436
TMSZ04,QTSZ05,1,0.3351305013216829,0.0,1.335130501321683
TMSZ04,QTSZ08,2,0.748163174823353,0.0,2.748163174823353
TMSZ04,QTSZ11,2,0.8666816470168381,0.0,2.866681647016838
TMSZ04,QTSZ12,2,0.41231581728870886,0.0,2.4123158172887087
TMSZ04,QTSZ13,1,0.43525545644122443,0.0,1.4352554564412245
TMSZ04,QTSZ14,3,0.6628450082003015,0.0,3.6628450082003017
TMSZ04,RCSZ09,1,0.11373027781472639,0.0,1.1137302778147264
TMSZ04,RCSZ10,1,0.5792863109088923,0.0,1.5792863109088922
TMSZ04,SESZ02,1,1.0670190224065195,0.0,2.0670190224065195
TMSZ04,SESZ03,1,1.4043752361761015,0.0,2.4043752361761017
TMSZ04,SESZ04,2,1.2216818892213923,0.0,3.2216818892213923
TMSZ04,SESZ06,1,1.1042424224582927,0.0,2.1042424224582925
TMSZ04,SGSZ04,3,2.362660549782532,0.0,5.362660549782532
TMSZ04,SGSZ06,4,0.8591306388265122,0.0,4.859130638826512
TMSZ04,TMSZ01,4,1.037775026800279,0.4256855400551273,5.463460566855407
TMSZ04,TMSZ02,26,7.530185667411012,3.5929360254975653,37.123121692908576
TMSZ04,TMSZ03,11,3.5426329319644827,1.8113163302628215,16.353949262227307
TMSZ04,TMSZ04,37,20.8539227812414,40.20698328130627,98.06090606254767
TMSZ04,TMSZ05,9,2.4571094118397276,0.9532475729052378,12.410356984744965
TMSZ04,TPSZ02,1,0.6878527914547501,0.0,1.68785279145475
TMSZ04,TPSZ06,1,0.6883186764368173,0.0,1.6883186764368174
TMSZ04,TPSZ10,1,0.07055764822492745,0.0,1.0705576482249275
TMSZ04,TPSZ12,1,0.3596982659792555,0.0,1.3596982659792556
TMSZ04,WCSZ01,1,1.234917775144225,0.0,2.234917775144225
TMSZ04,WDSZ02,3,0.16236001859626484,0.0,3.162360018596265
TMSZ04,WDSZ05,1,0.22952251553249267,0.0,1.2295225155324927
TMSZ04,YSSZ02,1,0.3641106864710929,0.0,1.364110686471093
TMSZ04,YSSZ04,1,0.5718233741859167,0.0,1.5718233741859167
TMSZ04,YSSZ08,1,0.1738510184535489,0.0,1.1738510184535489
TMSZ04,YSSZ09,3,1.162422235596329,0.0,4.162422235596329
TMSZ05,AMSZ02,1,0.4724820996341223,0.0,1.4724820996341224
TMSZ05,AMSZ03,3,0.29434797982494654,0.0,3.2943479798249466
TMSZ05,AMSZ06,1,0.32021585917257295,0.0,1.320215859172573
TMSZ05,BDSZ01,4,1.06893881341807,0.0,5.06893881341807
TMSZ05,BDSZ02,4,0.896584983291493,0.0,4.896584983291493
TMSZ05,BDSZ03,1,0.6961487059846202,0.0,1.69614870598462
TMSZ05,BDSZ04,8,2.769343889129511,0.0,10.76934388912951
TMSZ05,BDSZ05,1,0.7394696585731446,0.0,1.7394696585731446
TMSZ05,BDSZ06,3,2.8858887390827355,0.5024871928921768,6.388375931974913
TMSZ05,BDSZ08,1,0.6722567741188502,0.0,1.6722567741188503
TMSZ05,BKSZ05,1,0.40876974233005103,0.0,1.4087697423300511
TMSZ05,BKSZ07,1,0.5140103554475562,0.0,1.5140103554475561
TMSZ05,BMSZ01,1,0.33298125729423306,0.0,1.332981257294233
TMSZ05,BMSZ03,1,0.2850861716708629,0.0,1.285086171670863
TMSZ05,BMSZ09,1,0.0947749323505201,0.0,1.09477493235052
TMSZ05,BMSZ10,1,0.09664682224006862,0.0,1.0966468222400687
TMSZ05,BPSZ01,1,0.3586567370333065,0.0,1.3586567370333065
TMSZ05,BSSZ01,2,0.6819640467403087,0.0,2.6819640467403087
TMSZ05,BSSZ02,1,0.3739860646505608,0.0,1.3739860646505608
TMSZ05,BSSZ03,3,0.8571611156176004,0.0,3.8571611156176004
TMSZ05,BTSZ01,2,0.879927903812377,0.0,2.879927903812377
TMSZ05,CHSZ03,2,1.1066463654019312,0.0,3.1066463654019314
TMSZ05,CKSZ03,1,0.25952188943118476,0.0,1.2595218894311848
TMSZ05,CKSZ04,2,0.9558149670500481,0.0,2.955814967050048
TMSZ05,CKSZ06,1,1.1492929841636697,0.0,2.1492929841636697
TMSZ05,CLSZ03,1,0.9734995459311796,0.0,1.9734995459311797
TMSZ05,CLSZ04,1,0.17611145995051358,0.0,1.1761114599505136
TMSZ05,DTSZ02,1,0.32126432894859713,0.0,1.321264328948597
TMSZ05,DTSZ03,1,0.32793511135900033,0.0,1.3279351113590003
TMSZ05,DTSZ11,2,0.4476723844767411,0.0,2.447672384476741
TMSZ05,GLSZ02,3,0.23648378183181265,0.0,3.236483781831813
TMSZ05,GLSZ03,3,0.9838874331565031,0.0,3.983887433156503
TMSZ05,GLSZ04,4,1.0336370629487361,0.0,5.033637062948737
TMSZ05,GLSZ05,1,0.6421820265739613,0.0,1.6421820265739613
TMSZ05,HGSZ04,1,0.38653949446502506,0.0,1.3865394944650251
TMSZ05,HGSZ06,2,1.0295040790542924,0.0,3.029504079054292
TMSZ05,HGSZ08,2,0.5226332082903622,0.0,2.522633208290362
TMSZ05,HGSZ09,1,0.018971485914019974,0.0,1.01897148591402
TMSZ05,JWSZ09,1,1.0220749021844975,0.0,2.0220749021844977
TMSZ05,KLSZ05,1,0.20364812191031337,0.0,1.2036481219103135
TMSZ05,KLSZ09,2,0.07832076694996651,0.0,2.0783207669499664
TMSZ05,MPSZ01,2,0.36575912147074136,0.0,2.365759121470741
TMSZ05,MPSZ03,1,0.5306288857173752,0.0,1.530628885717375
TMSZ05,MUSZ01,1,0.1714515732189209,0.0,1.171451573218921
TMSZ05,NVSZ01,1,0.6244641458532243,0.0,1.6244641458532243
TMSZ05,OTSZ01,1,0.046018170040805585,0.0,1.0460181700408056
TMSZ05,OTSZ03,2,0.6228906350809624,0.0,2.6228906350809624
TMSZ05,PGSZ01,1,0.1349627255054536,0.0,1.1349627255054535
TMSZ05,PGSZ03,1,0.5487125258714667,0.0,1.5487125258714667
TMSZ05,PGSZ04,4,1.2839390472841088,0.0,5.283939047284109
TMSZ05,PNSZ02,1,0.0,0.0,1.0
TMSZ05,PRSZ03,1,0.8479110041286463,0.0,1.8479110041286462
TMSZ05,PRSZ04,2,0.46011070804685056,0.0,2.4601107080468507
TMSZ05,PRSZ05,3,2.073550137408843,0.0,5.0735501374088425
TMSZ05,PRSZ08,2,0.9569779628373101,0.0026863357958164624,2.9596642986331267
TMSZ05,QTSZ02,1,0.0823445713799107,0.0,1.0823445713799107
TMSZ05,RCSZ10,1,0.2063576839123278,0.0,1.2063576839123278
TMSZ05,SBSZ03,1,0.33573500887059354,0.0,1.3357350088705935
TMSZ05,SBSZ04,1,0.37812023232003134,0.0,1.3781202323200312
TMSZ05,SESZ02,4,1.0235770668418334,0.0,5.023577066841833
TMSZ05,SESZ03,5,1.0768086200307796,0.0,6.076808620030779
TMSZ05,SESZ04,3,1.0809778758384414,0.0,4.080977875838442
TMSZ05,SESZ05,2,0.5477799820176499,0.0,2.5477799820176497
TMSZ05,SESZ06,1,0.5355589473066074,0.0,1.5355589473066074
TMSZ05,SGSZ01,1,0.31864705238641655,0.0,1.3186470523864164
TMSZ05,SGSZ04,1,0.5096716801867133,0.0,1.5096716801867132
TMSZ05,SGSZ05,1,0.1692388114879435,0.0,1.1692388114879435
TMSZ05,SGSZ06,2,0.48762274822780904,0.0,2.487622748227809
TMSZ05,SGSZ07,2,0.3509468971871939,0.0,2.350946897187194
TMSZ05,TMSZ01,1,0.609693548459409,0.0,1.609693548459409
TMSZ05,TMSZ02,12,7.5814581172987845,0.5105467109321363,20.09200482823092
TMSZ05,TMSZ03,6,2.524094392292584,0.0,8.524094392292584
TMSZ05,TMSZ04,12,5.153297112777562,3.0723092720544973,20.22560638483206
TMSZ05,TMSZ05,1,1.164242783391167,22.91219385415093,25.0764366375421
TMSZ05,TPSZ02,1,0.3667339119266824,0.0,1.3667339119266824
TMSZ05,TPSZ06,1,0.32976303445985805,0.0,1.329763034459858
TMSZ05,WDSZ03,1,0.28381559690576585,0.0,1.2838155969057659
TMSZ05,WDSZ04,2,0.25378216469141357,0.0,2.2537821646914136
TMSZ05,WDSZ05,2,0.5785597102292107,0.0,2.578559710229211
TMSZ05,WDSZ09,1,0.15052199423768106,0.0,1.150521994237681
TMSZ05,YSSZ01,1,0.268869537360019,0.0,1.268869537360019
TMSZ05,YSSZ02,1,0.28249001252119826,0.0,1.2824900125211982
TMSZ05,YSSZ08,1,0.06817749751130613,0.0,1.068177497511306
TMSZ05,YSSZ09,3,1.0384527140842816,0.0,4.038452714084282
TNSZ01,AMSZ06,1,0.4663478454925281,0.0,1.466347845492528
TNSZ01,AMSZ09,1,0.15562332864773765,0.0,1.1556233286477378
TNSZ01,BDSZ03,1,0.2309613251523973,0.0,1.2309613251523972
TNSZ01,BDSZ04,2,0.4842022744440568,0.0,2.4842022744440566
TNSZ01,BKSZ01,1,0.18464565400992342,0.0,1.1846456540099235
TNSZ01,BMSZ06,1,0.16171401452680595,0.0,1.161714014526806
TNSZ01,BMSZ16,1,0.0493568004194765,0.0,1.0493568004194764
TNSZ01,BPSZ05,2,0.4085528056417329,0.0,2.408552805641733
TNSZ01,BSSZ01,1,0.6433345443367077,0.0,1.6433345443367076
TNSZ01,BTSZ01,1,0.39155792501601033,0.0,1.3915579250160104
TNSZ01,BTSZ03,1,0.2289539943730068,0.0,1.2289539943730068
TNSZ01,BTSZ06,1,0.1410471023498367,0.0,1.1410471023498368
TNSZ01,BTSZ07,1,0.2855889305092444,0.0,1.2855889305092445
TNSZ01,CLSZ04,1,0.2625082331876563,0.0,1.2625082331876563
TNSZ01,DTSZ01,1,0.20927615241632605,0.0,1.209276152416326
TNSZ01,DTSZ11,1,0.3345359865178523,0.0,1.3345359865178523
TNSZ01,GLSZ01,1,0.29897803223204206,0.0,1.2989780322320421
TNSZ01,GLSZ05,1,0.3471263849236243,0.0,1.3471263849236244
TNSZ01,JESZ03,1,0.32683219394907365,0.0,1.3268321939490737
TNSZ01,JWSZ08,1,0.4623200797253195,0.0,1.4623200797253195
TNSZ01,KLSZ01,1,0.54273517542213,0.0,1.5427351754221301
TNSZ01,MSSZ01,2,0.0,0.0,2.0
TNSZ01,NTSZ03,1,0.18957151185441184,0.0,1.189571511854412
TNSZ01,NVSZ01,1,0.6480044648706959,0.0,1.648004464870696
TNSZ01,NVSZ02,4,0.9674531392174902,0.0,4.96745313921749
TNSZ01,ORSZ02,1,0.45258770337859294,0.0,1.452587703378593
TNSZ01,OTSZ04,1,0.09886403564012292,0.0,1.098864035640123
TNSZ01,RVSZ01,1,0.0,0.0,1.0
TNSZ01,SBSZ03,1,0.3656505516902234,0.0,1.3656505516902233
TNSZ01,SESZ03,1,0.33799298409341727,0.0,1.3379929840934173
TNSZ01,SGSZ03,1,0.23655152188819126,0.0,1.2365515218881913
TNSZ01,SGSZ06,1,0.3674709763596717,0.0,1.3674709763596717
TNSZ01,SGSZ07,1,0.22746881790258128,0.0,1.2274688179025812
TNSZ01,SRSZ01,1,0.2478871345282479,0.0,1.2478871345282478
TNSZ01,SRSZ02,1,0.05396599746143547,0.0,1.0539659974614355
TNSZ01,TNSZ04,1,0.7036810226154822,0.0,1.7036810226154822
TNSZ01,TPSZ01,1,0.1883930358838547,0.0,1.1883930358838546
TNSZ01,TPSZ02,2,0.6198478333573634,0.0,2.6198478333573636
TNSZ01,WDSZ04,1,0.36659474290388416,0.0,1.3665947429038843
TNSZ01,YSSZ09,1,0.31181574305997645,0.0,1.3118157430599764
TNSZ02,BMSZ13,1,0.22589610528121465,0.02675057491025191,1.2526466801914666
TNSZ02,CKSZ04,1,0.07531106800422445,0.0,1.0753110680042244
TNSZ02,CLSZ04,1,0.16021224194174358,0.0,1.1602122419417435
TNSZ02,DTSZ03,1,0.12772774775565973,0.0,1.1277277477556598
TNSZ02,DTSZ08,1,0.08731670203332781,0.132961285721783,1.2202779877551109
TNSZ02,DTSZ09,2,0.07085325057402003,0.018643457703428956,2.0894967082774487
TNSZ02,HGSZ07,1,0.1810921703570835,0.0,1.1810921703570836
TNSZ02,MUSZ03,1,0.036637492462032815,0.10732879625041954,1.1439662887124522
TNSZ02,NTSZ03,2,0.08579307918368984,0.0,2.0857930791836896
TNSZ02,ORSZ02,1,0.25598238487219466,0.10213810249367215,1.3581204873658668
TNSZ02,ORSZ03,1,0.08711776700247513,0.10629630458167155,1.1934140715841468
TNSZ02,OTSZ01,1,0.02980215293385759,0.24309480930809063,1.2728969622419484
TNSZ02,OTSZ02,1,0.030087929372899454,0.00684642639156333,1.0369343557644628
TNSZ02,OTSZ04,1,0.07456182645174997,0.06269887829554219,1.1372607047472922
TNSZ02,QTSZ10,2,0.1212738516501997,0.0,2.1212738516501997
TNSZ02,RVSZ03,1,0.0,0.0,1.0
TNSZ02,TNSZ02,1,0.6753144197756965,5.193272290650323,6.868586710426019
TNSZ02,TPSZ01,1,0.05869670064317218,0.0,1.0586967006431722
TNSZ02,WDSZ02,1,0.13710715644461874,0.0,1.1371071564446187
TNSZ02,WDSZ03,1,0.2124929360272821,0.0,1.212492936027282
TNSZ02,YSSZ04,1,0.26672301723251934,0.0,1.2667230172325192
TNSZ03,BMSZ04,1,0.4008997799080619,0.29730118206248607,1.698200961970548
TNSZ03,BPSZ04,1,0.30006830965841474,0.0,1.3000683096584147
TNSZ03,BTSZ06,1,0.16064424662063673,0.0,1.1606442466206368
TNSZ03,GLSZ04,1,0.337587780428276,0.0,1.3375877804282759
TNSZ03,HGSZ03,1,0.22878163369047444,0.0,1.2287816336904744
TNSZ03,JWSZ08,1,0.35400745369962616,0.0,1.354007453699626
TNSZ03,JWSZ09,1,0.42556253612754463,0.0,1.4255625361275446
TNSZ03,ORSZ02,2,0.7818921052963582,0.5755407221867451,3.3574328274831036
TNSZ03,QTSZ01,2,0.6458389399114761,0.0,2.645838939911476
TNSZ03,QTSZ08,1,0.6015185777337981,0.12716333202660338,1.7286819097604016
TNSZ03,QTSZ11,1,0.13612056643846057,0.0,1.1361205664384606
TNSZ03,SESZ03,1,0.4425099878973121,0.0,1.4425099878973122
TNSZ03,SESZ06,1,0.4214556603528187,0.0,1.4214556603528186
TNSZ03,TMSZ03,1,0.4465571376463892,0.0,1.4465571376463893
TNSZ03,TPSZ02,1,0.3165552845894791,0.0,1.3165552845894792
TNSZ04,BDSZ04,1,0.11700225995090399,0.0,1.117002259950904
TNSZ04,BDSZ06,1,0.1694186783191957,0.0,1.1694186783191958
TNSZ04,BDSZ07,1,0.09152424768159062,0.0,1.0915242476815905
TNSZ04,BMSZ04,1,0.11021991753739821,0.0,1.1102199175373981
TNSZ04,BMSZ07,1,0.12388814785457757,0.0,1.1238881478545775
TNSZ04,BMSZ08,1,0.08350821740175282,0.0,1.0835082174017527
TNSZ04,BMSZ11,1,0.07887833730212676,0.0,1.0788783373021267
TNSZ04,BPSZ01,1,0.04888668286389224,0.0,1.0488866828638923
TNSZ04,BPSZ02,1,0.043973996841273934,0.0,1.043973996841274
TNSZ04,BPSZ05,1,0.165720186971861,0.0,1.165720186971861
TNSZ04,BSSZ01,2,0.2944693159507352,0.0,2.294469315950735
TNSZ04,BSSZ02,1,0.17711805568000774,0.0,1.1771180556800078
TNSZ04,BSSZ03,2,0.18381971323452434,0.0,2.1838197132345245
TNSZ04,BTSZ01,3,0.16093078308936193,0.0,3.160930783089362
TNSZ04,BTSZ06,1,0.03424704212739641,0.0,1.0342470421273964
TNSZ04,CKSZ06,1,0.09499428545426647,0.0,1.0949942854542665
TNSZ04,CLSZ03,1,0.1855822378364324,0.0,1.1855822378364325
TNSZ04,CLSZ04,1,0.1142422451238691,0.0,1.1142422451238692
TNSZ04,DTSZ02,1,0.07428865345741556,0.0,1.0742886534574156
TNSZ04,DTSZ03,1,0.16352901891243946,0.0,1.1635290189124394
TNSZ04,DTSZ09,1,0.04445781174664476,0.0,1.0444578117466448
TNSZ04,DTSZ11,1,0.06480621831648786,0.0,1.064806218316488
TNSZ04,DTSZ12,1,0.05003921188473759,0.0,1.0500392118847377
TNSZ04,JESZ05,1,0.13676129258462055,0.0,1.1367612925846204
TNSZ04,JWSZ04,1,0.3107132989195488,0.0,1.310713298919549
TNSZ04,JWSZ08,1,0.16333450543614786,0.0,1.163334505436148
TNSZ04,ORSZ02,3,0.2354979807031158,0.0,3.2354979807031157
TNSZ04,QTSZ02,1,0.053869078075602095,0.0,1.0538690780756022
TNSZ04,QTSZ03,1,0.04806607613004869,0.0,1.0480660761300487
TNSZ04,QTSZ08,3,0.13657360060740759,0.0,3.1365736006074076
TNSZ04,QTSZ11,2,0.08612060124480894,0.0,2.086120601244809
TNSZ04,QTSZ13,2,0.08895769476283168,0.0,2.088957694762832
TNSZ04,QTSZ15,1,0.0780930713460384,0.0,1.0780930713460384
TNSZ04,RCSZ01,1,0.06184463502688548,0.0,1.0618446350268855
TNSZ04,SESZ04,1,0.11610042553611429,0.0,1.1161004255361142
TNSZ04,SGSZ03,1,0.08002824744980506,0.0,1.080028247449805
TNSZ04,SGSZ04,1,0.1892285587153417,0.0,1.1892285587153417
TNSZ04,SGSZ06,2,0.1555196539282423,0.0,2.155519653928242
TNSZ04,TPSZ02,4,0.14570857209452193,0.0,4.145708572094522
TNSZ04,TPSZ12,1,0.02387017762603714,0.0,1.023870177626037
TNSZ04,WDSZ05,1,0.09760969024268212,0.0,1.0976096902426822
TNSZ04,YSSZ03,1,0.11655757403046245,0.0,1.1165575740304625
TPSZ01,AMSZ01,2,0.724671192966905,0.0,2.724671192966905
TPSZ01,AMSZ12,1,0.13050123097666408,0.0,1.130501230976664
TPSZ01,BKSZ07,1,0.1872742862091417,0.0,1.1872742862091417
TPSZ01,BKSZ09,1,0.18060792856304453,0.0,1.1806079285630444
TPSZ01,BMSZ06,1,0.25415961306320195,0.0,1.254159613063202
TPSZ01,BMSZ07,1,0.31926381400566756,0.0,1.3192638140056676
TPSZ01,BMSZ17,1,0.17189040436099615,0.0,1.1718904043609961
TPSZ01,BPSZ01,1,0.19260127216371228,0.0,1.1926012721637123
TPSZ01,BPSZ02,1,0.10349867968049434,0.0,1.1034986796804944
TPSZ01,BSSZ01,3,1.081931306670273,0.19188923666551175,4.273820543335785
TPSZ01,BSSZ02,1,0.5638027658706584,0.14341037612549395,1.7072131419961523
TPSZ01,BSSZ03,6,1.2041264322431342,1.8397176353317242,9.043844067574858
TPSZ01,BTSZ02,1,0.17282219135779006,0.0,1.17282219135779
TPSZ01,BTSZ07,1,0.09726060259795334,0.0,1.0972606025979534
TPSZ01,CHSZ03,2,0.8785762724318342,0.0,2.8785762724318342
TPSZ01,CKSZ03,1,0.28510139814435087,0.0,1.2851013981443509
TPSZ01,CKSZ06,1,0.28342178607034685,0.0,1.2834217860703467
TPSZ01,DTSZ01,3,0.24568745155747604,0.0,3.245687451557476
TPSZ01,DTSZ02,1,0.2076109595515335,0.0,1.2076109595515334
TPSZ01,DTSZ03,1,0.23556371809110097,0.0,1.235563718091101
TPSZ01,DTSZ05,3,0.3556851352156061,0.0,3.355685135215606
TPSZ01,DTSZ11,1,0.27106582766066134,0.0,1.2710658276606615
TPSZ01,GLSZ03,2,0.2943597536732774,0.0,2.2943597536732776
TPSZ01,GLSZ05,2,0.6648349764369816,0.0,2.664834976436982
TPSZ01,HGSZ06,1,0.6113076460125471,0.0,1.611307646012547
TPSZ01,JESZ02,1,0.1038290866313312,0.0,1.1038290866313312
TPSZ01,JWSZ04,1,0.32743014803695847,0.0,1.3274301480369584
TPSZ01,JWSZ08,1,0.4002605631344873,0.0,1.4002605631344873
TPSZ01,KLSZ02,1,0.16724785505466497,0.0,1.167247855054665
TPSZ01,KLSZ07,1,0.23196636092411058,0.06009982878148598,1.2920661897055965
TPSZ01,KLSZ08,2,0.30014238805673116,0.0,2.3001423880567313
TPSZ01,LKSZ01,1,0.5614962494825921,0.0,1.5614962494825921
TPSZ01,NVSZ01,1,1.300848621657813,0.11951656955722617,2.4203651912150392
TPSZ01,NVSZ02,6,0.988019433361564,0.4761037496773293,7.464123183038893
TPSZ01,ORSZ02,7,0.1536309914636068,0.0,7.153630991463607
TPSZ01,ORSZ03,2,0.20275988279617607,0.0,2.202759882796176
TPSZ01,OTSZ03,2,0.7206357112333722,0.0,2.7206357112333723
TPSZ01,OTSZ04,1,0.05959382883533311,0.0,1.059593828835333
TPSZ01,QTSZ08,2,0.43751250737119823,0.0,2.4375125073711983
TPSZ01,QTSZ10,1,0.15862470181341315,0.0,1.1586247018134133
TPSZ01,QTSZ11,2,0.2471746664371983,0.0,2.247174666437198
TPSZ01,RCSZ10,1,0.11658637772906157,0.0,1.1165863777290617
TPSZ01,SBSZ01,1,0.25138280019710124,0.0,1.2513828001971012
TPSZ01,SESZ04,1,0.31926205417075615,0.0,1.319262054170756
TPSZ01,SESZ06,1,0.5048899053550372,0.0,1.504889905355037
TPSZ01,SGSZ04,2,0.7047309904060405,0.0,2.7047309904060404
TPSZ01,SGSZ05,1,0.38607583254475825,0.2579663445824781,1.6440421771272362
TPSZ01,TNSZ01,1,0.21181614328437642,0.0,1.2118161432843764
TPSZ01,TNSZ02,1,0.0677169027391324,0.0,1.0677169027391324
TPSZ01,TPSZ01,4,0.9074478277704127,12.970611492546379,17.87805932031679
TPSZ01,TPSZ02,3,1.3553998098686404,2.5691826228078636,6.9245824326765035
TPSZ01,TPSZ03,3,0.4240115336850264,1.011511096046193,4.43552262973122
TPSZ01,TPSZ06,2,0.46230678257720864,0.36007952229310913,2.8223863048703177
TPSZ01,WDSZ02,2,0.14082767031783272,0.0,2.1408276703178326
TPSZ01,WDSZ04,1,0.2654790712306984,0.0,1.2654790712306985
TPSZ01,YSSZ01,1,0.17336741871590083,0.0,1.173367418715901
TPSZ01,YSSZ05,1,0.12925362898816045,0.0,1.1292536289881605
TPSZ01,YSSZ06,1,0.06967008126998674,0.0,1.0696700812699866
TPSZ01,YSSZ09,2,0.43097552728401084,0.0,2.430975527284011
TPSZ02,AMSZ01,3,1.3853857736811408,0.0,4.385385773681141
TPSZ02,AMSZ02,4,0.6870059650746797,0.0,4.68700596507468
TPSZ02,AMSZ08,2,0.3554144731600432,0.0,2.3554144731600433
TPSZ02,AMSZ10,2,0.5506641039293053,0.0,2.5506641039293054
TPSZ02,AMSZ12,1,0.2166363447541224,0.0,1.2166363447541224
TPSZ02,BDSZ02,1,0.7261884872371671,0.0,1.7261884872371671
TPSZ02,BDSZ03,1,0.9105679120942665,0.0,1.9105679120942665
TPSZ02,BDSZ04,1,0.588082326505017,0.0,1.588082326505017
TPSZ02,BDSZ05,2,1.1143353852451094,0.0,3.1143353852451092
TPSZ02,BDSZ06,2,1.5452027992452553,0.0,3.5452027992452555
TPSZ02,BKSZ02,1,0.1775496209791385,0.0,1.1775496209791385
TPSZ02,BKSZ07,1,0.6263706081607313,0.0,1.6263706081607312
TPSZ02,BLSZ02,1,0.11588394794232842,0.0,1.1158839479423284
TPSZ02,BMSZ02,1,0.4023040818146715,0.0,1.4023040818146715
TPSZ02,BMSZ03,1,0.5659085743824994,0.0,1.5659085743824994
TPSZ02,BMSZ04,1,0.34026019679154895,0.0,1.340260196791549
TPSZ02,BMSZ08,1,0.41692264969401804,0.0,1.4169226496940182
TPSZ02,BMSZ09,2,0.21274374050415445,0.0,2.2127437405041546
TPSZ02,BMSZ17,1,0.17494151348571735,0.0,1.1749415134857173
TPSZ02,BPSZ03,1,0.44284238160080724,0.0,1.4428423816008071
TPSZ02,BSSZ01,4,2.067456603581943,0.2640365184142384,6.331493121996182
TPSZ02,BSSZ02,2,1.5995227526350349,0.40192023111757175,4.001442983752606
TPSZ02,BSSZ03,9,3.024539678236285,2.275433380482119,14.299973058718404
TPSZ02,CHSZ02,1,0.26117567901511074,0.0,1.2611756790151107
TPSZ02,CHSZ03,1,0.8595255219963189,0.0,1.859525521996319
TPSZ02,CKSZ01,2,0.43857388269338704,0.0,2.438573882693387
TPSZ02,CKSZ03,1,0.4857292678497234,0.0,1.4857292678497234
TPSZ02,CKSZ05,1,0.1767103127917551,0.0,1.176710312791755
TPSZ02,CLSZ04,2,0.4631061551408949,0.0,2.463106155140895
TPSZ02,DTSZ01,3,0.4605840066849532,0.0,3.4605840066849534
TPSZ02,DTSZ02,2,0.7702551630877491,0.0,2.770255163087749
TPSZ02,DTSZ03,6,0.8589614346631711,0.0,6.858961434663171
TPSZ02,DTSZ05,11,0.8045457530252568,0.0,11.804545753025257
TPSZ02,DTSZ06,1,0.054622371089392566,0.0,1.0546223710893925
TPSZ02,DTSZ08,3,0.42383796340921376,0.0,3.4238379634092135
TPSZ02,DTSZ09,1,0.15002398543019824,0.0,1.1500239854301983
TPSZ02,DTSZ11,5,0.7393775106951892,0.0,5.739377510695189
TPSZ02,GLSZ01,1,0.6859528531160438,0.0,1.685952853116044
TPSZ02,GLSZ02,2,0.681866698376132,0.0,2.681866698376132
TPSZ02,GLSZ04,5,2.553084620235167,0.0,7.5530846202351665
TPSZ02,GLSZ05,3,1.5359407291381049,0.0,4.535940729138105
TPSZ02,HGSZ01,1,0.39974189327532833,0.0,1.3997418932753283
TPSZ02,HGSZ07,1,0.4847254788673495,0.0,1.4847254788673494
TPSZ02,HGSZ09,1,0.03171598802476929,0.0,1.0317159880247693
TPSZ02,JESZ02,1,0.147045105458695,0.0,1.147045105458695
TPSZ02,JWSZ04,1,0.56088305969452,0.0,1.56088305969452
TPSZ02,JWSZ09,2,0.7284189282927269,0.0,2.7284189282927267
TPSZ02,KLSZ01,3,1.8000048777837745,0.5338136709338482,5.333818548717622
TPSZ02,KLSZ02,2,0.6320703085450022,0.04623636795797684,2.678306676502979
TPSZ02,KLSZ03,1,0.22043369819425296,0.0,1.220433698194253
TPSZ02,KLSZ07,1,0.7465466702532968,0.09010960305856741,1.8366562733118643
TPSZ02,KLSZ08,2,0.6972179412887392,0.6573575873897683,3.3545755286785077
TPSZ02,KLSZ09,1,0.18605695348003726,0.0,1.1860569534800374
TPSZ02,MUSZ01,3,0.25371425269693143,0.0,3.2537142526969314
TPSZ02,NTSZ03,2,0.5888398895024921,0.034390767138041574,2.623230656640534
TPSZ02,NVSZ01,2,2.9282330826456278,1.0334622728352212,5.961695355480849
TPSZ02,NVSZ02,10,2.4548923285516895,8.998796575795614,21.453688904347302
TPSZ02,ORSZ02,7,0.9873467999543127,0.584798582492479,8.572145382446791
TPSZ02,ORSZ03,1,0.31500724366657235,0.0,1.3150072436665723
TPSZ02,OTSZ01,1,0.06365021859911389,0.0,1.063650218599114
TPSZ02,OTSZ03,3,1.1822605208191674,0.0,4.182260520819168
TPSZ02,PLSZ05,2,0.26978457439385045,0.0,2.2697845743938503
TPSZ02,PNSZ01,1,0.19795939117962819,0.0,1.1979593911796282
TPSZ02,PRSZ03,1,0.574577773230321,0.0,1.574577773230321
TPSZ02,QTSZ03,1,0.2060744903949388,0.0,1.2060744903949387
TPSZ02,QTSZ04,1,0.11760710906119601,0.0,1.117607109061196
TPSZ02,QTSZ08,5,1.623183177770763,0.0,6.623183177770763
TPSZ02,QTSZ09,2,0.1793686210455679,0.0,2.179368621045568
TPSZ02,QTSZ11,2,0.7925569142743683,0.0,2.7925569142743685
TPSZ02,SBSZ03,2,0.7609018652452814,0.0,2.7609018652452813
TPSZ02,SESZ02,1,0.8280780544221827,0.0,1.8280780544221829
TPSZ02,SGSZ03,2,0.7419283105364395,0.0,2.7419283105364394
TPSZ02,SGSZ05,1,0.8009221016274876,0.5835070113701175,2.384429112997605
TPSZ02,SGSZ06,2,0.8930027651554329,0.0,2.893002765155433
TPSZ02,SRSZ02,2,0.26594875966037534,0.0,2.2659487596603753
TPSZ02,SRSZ03,1,0.2410644794381617,0.0,1.2410644794381618
TPSZ02,TMSZ02,1,0.46983034043367,0.0,1.4698303404336701
TPSZ02,TMSZ03,1,0.8866816221312235,0.0,1.8866816221312235
TPSZ02,TMSZ04,1,0.541956523923455,0.0,1.541956523923455
TPSZ02,TNSZ01,2,1.1093212771936298,0.0,3.10932127719363
TPSZ02,TNSZ04,2,0.6345817373167888,0.0,2.634581737316789
TPSZ02,TPSZ01,5,1.2630188030259082,2.969729882292229,9.232748685318137
TPSZ02,TPSZ02,7,4.822652958334959,44.227353169427396,56.05000612776236
TPSZ02,TPSZ03,4,0.8360244751958836,1.6424161118549556,6.478440587050839
TPSZ02,TPSZ04,7,1.009705457429695,1.659093498057158,9.668798955486853
TPSZ02,TPSZ05,1,1.3275800894297125,0.14981498340985666,2.4773950728395695
TPSZ02,TPSZ06,7,1.8444376465595915,3.3775179353694975,12.221955581929087
TPSZ02,TPSZ07,1,0.4725214191709416,0.2885227711756071,1.7610441903465486
TPSZ02,TPSZ11,1,0.9373275553946268,0.18201311600888417,2.119340671403511
TPSZ02,TPSZ12,2,0.42276032725870155,0.0,2.4227603272587017
TPSZ02,WDSZ01,2,0.16522350214378298,0.0,2.165223502143783
TPSZ02,WDSZ02,1,0.7021263270242437,0.0,1.7021263270242437
TPSZ02,WDSZ03,5,1.3787638362792438,0.0,6.378763836279244
TPSZ02,WDSZ04,1,0.3565743903110572,0.0,1.3565743903110572
TPSZ02,WDSZ05,1,0.4431669631438952,0.0,1.4431669631438953
TPSZ02,WDSZ06,1,0.35895413516554586,0.0,1.3589541351655459
TPSZ02,WDSZ08,1,0.2103539752556794,0.0,1.2103539752556793
TPSZ02,YSSZ01,1,0.4748710150933461,0.0,1.4748710150933462
TPSZ02,YSSZ02,2,0.6380050951454957,0.0,2.6380050951454956
TPSZ02,YSSZ03,1,0.7501503031953816,0.0,1.7501503031953816
TPSZ02,YSSZ04,1,0.5136266284291733,0.0,1.5136266284291733
TPSZ02,YSSZ08,1,0.17779867554608447,0.0,1.1777986755460845
TPSZ02,YSSZ09,1,0.6996174642699635,0.0,1.6996174642699635
TPSZ03,AMSZ01,1,0.2837634626811824,0.0,1.2837634626811825
TPSZ03,AMSZ02,1,0.218065958707007,0.0,1.218065958707007
TPSZ03,AMSZ03,2,0.35109680660348236,0.1071187379589568,2.458215544562439
TPSZ03,BDSZ01,1,0.16603862392358557,0.0,1.1660386239235856
TPSZ03,BDSZ03,2,0.10030631381158038,0.0,2.1003063138115805
TPSZ03,BDSZ04,1,0.2393523369414386,0.0,1.2393523369414385
TPSZ03,BKSZ03,1,0.10478954199064218,0.0,1.1047895419906422
TPSZ03,BKSZ06,1,0.038539667444201176,0.0,1.0385396674442011
TPSZ03,BKSZ08,1,0.030542909920393574,0.0,1.0305429099203935
TPSZ03,BMSZ01,1,0.18247563747407194,0.0,1.182475637474072
TPSZ03,BMSZ04,1,0.1158606418063504,0.0,1.1158606418063504
TPSZ03,BMSZ05,1,0.11573697251118782,0.0,1.1157369725111879
TPSZ03,BMSZ09,1,0.030000779904153983,0.0,1.030000779904154
TPSZ03,BSSZ03,3,0.9180088190660167,0.6231750715888671,4.541183890654883
TPSZ03,BTSZ01,1,0.15828684445080052,0.0,1.1582868444508005
TPSZ03,CHSZ02,1,0.10733382448634185,0.0,1.1073338244863418
TPSZ03,CKSZ02,1,0.15270200568707581,0.0,1.1527020056870758
TPSZ03,CLSZ01,1,0.10307986115386496,0.0,1.103079861153865
TPSZ03,CLSZ04,2,0.22964407527889633,0.0,2.2296440752788964
TPSZ03,DTSZ02,5,0.192827259529323,0.0,5.192827259529323
TPSZ03,DTSZ03,2,0.2820954217859793,0.0,2.2820954217859795
TPSZ03,DTSZ05,2,0.25456610845218874,0.0,2.2545661084521886
TPSZ03,DTSZ11,1,0.19599115441862522,0.0,1.1959911544186252
TPSZ03,DTSZ12,1,0.09412394780039157,0.0,1.0941239478003917
TPSZ03,GLSZ01,1,0.426490261204065,0.012646991303752478,1.4391372525078177
TPSZ03,GLSZ05,2,0.488727970779044,0.0,2.488727970779044
TPSZ03,HGSZ06,1,0.4165760828498509,0.0,1.416576082849851
TPSZ03,HGSZ08,1,0.16054089969162424,0.0,1.1605408996916242
TPSZ03,JESZ05,1,0.22038149016049557,0.0,1.2203814901604955
TPSZ03,JWSZ02,1,0.1384013841633031,0.0,1.1384013841633032
TPSZ03,KLSZ01,1,0.3264897697641577,0.03417168324128912,1.3606614530054468
TPSZ03,MPSZ02,1,0.2003208434464541,0.0,1.200320843446454
TPSZ03,MUSZ01,3,0.028268528689740464,0.0,3.0282685286897406
TPSZ03,MUSZ03,1,0.0235229155808556,0.0,1.0235229155808556
TPSZ03,NVSZ01,1,0.9897444557993371,0.03957284746199421,2.0293173032613314
TPSZ03,NVSZ02,3,0.43452730586178223,0.09599830377653604,3.5305256096383184
TPSZ03,NVSZ03,1,0.06681783477207749,0.0,1.0668178347720776
TPSZ03,ORSZ01,1,0.031597264388729604,0.0,1.0315972643887297
TPSZ03,ORSZ03,2,0.16484990847201322,0.0,2.1648499084720134
TPSZ03,OTSZ03,2,0.3549005482923964,0.0,2.3549005482923966
TPSZ03,PGSZ04,1,0.22029553518130748,0.0,1.2202955351813074
TPSZ03,PGSZ05,1,0.16274270349277453,0.0,1.1627427034927744
TPSZ03,PRSZ05,1,0.2243973673314763,0.0,1.2243973673314763
TPSZ03,QTSZ06,1,0.11127942138006698,0.0,1.111279421380067
TPSZ03,QTSZ12,2,0.07500977420994105,0.0,2.075009774209941
TPSZ03,RCSZ10,3,0.0423263918781357,0.0,3.042326391878136
TPSZ03,SBSZ01,1,0.1710200319386679,0.0,1.1710200319386679
TPSZ03,SESZ03,1,0.3403761540308306,0.0,1.3403761540308305
TPSZ03,SESZ04,1,0.1966372218251033,0.0,1.1966372218251033
TPSZ03,SGSZ06,2,0.7736298373720926,0.14309170720205297,2.9167215445741457
TPSZ03,SRSZ01,1,0.07677537421970086,0.0,1.0767753742197008
TPSZ03,TNSZ04,1,0.12976492883853263,0.0,1.1297649288385325
TPSZ03,TPSZ01,1,0.44726143821131226,0.13248789153754076,1.579749329748853
TPSZ03,TPSZ02,2,1.117460772399388,0.5268441195922939,3.644304891991682
TPSZ03,TPSZ03,4,0.48623193606918697,13.944197740953323,18.43042967702251
TPSZ03,TPSZ06,4,0.6408560281158903,0.23110075891767204,4.871956787033563
TPSZ03,TPSZ07,3,0.19109013631024205,0.016553720571165456,3.2076438568814076
TPSZ03,TPSZ09,1,0.1674515890631948,0.010018319993155814,1.1774699090563507
TPSZ03,TPSZ11,3,0.3045118353091972,0.08309356644410569,3.387605401753303
TPSZ03,TSSZ03,1,0.04304909659735811,0.0,1.043049096597358
TPSZ03,WDSZ02,1,0.13115066640837958,0.0,1.1311506664083795
TPSZ03,WDSZ03,1,0.23557524141053243,0.0,1.2355752414105323
TPSZ03,WDSZ05,1,0.16078927883432279,0.0,1.1607892788343228
TPSZ03,WDSZ06,1,0.20611386992439673,0.0,1.2061138699243967
TPSZ03,WDSZ09,1,0.06003367667674961,0.0,1.0600336766767495
TPSZ03,YSSZ01,1,0.14678325322768093,0.0,1.146783253227681
TPSZ04,AMSZ01,3,0.21137773566992468,0.0,3.2113777356699247
TPSZ04,AMSZ02,2,0.22197305642285378,0.0,2.2219730564228537
TPSZ04,AMSZ05,1,0.17724720381519687,0.0,1.1772472038151969
TPSZ04,AMSZ12,1,0.04159625694020082,0.0,1.0415962569402009
TPSZ04,BDSZ02,1,0.10596702435121082,0.0,1.1059670243512107
TPSZ04,BDSZ05,1,0.13115864007631656,0.0,1.1311586400763165
TPSZ04,BMSZ05,3,0.1066645139185358,0.0,3.1066645139185356
TPSZ04,BMSZ07,1,0.12465828652431446,0.0,1.1246582865243144
TPSZ04,BMSZ12,1,0.06087544902042506,0.0,1.060875449020425
TPSZ04,BSSZ01,2,0.39786498937491593,0.02553735885291147,2.4234023482278273
TPSZ04,BTSZ01,1,0.13394779815656094,0.0,1.1339477981565609
TPSZ04,CHSZ02,1,0.040744903418158465,0.0,1.0407449034181584
TPSZ04,CHSZ03,2,0.286289214836994,0.0,2.286289214836994
TPSZ04,CKSZ06,1,0.1136741585133645,0.0,1.1136741585133645
TPSZ04,CLSZ03,1,0.19013061532966136,0.0,1.1901306153296614
TPSZ04,DTSZ02,2,0.1159263426537979,0.0,2.1159263426537978
TPSZ04,DTSZ08,1,0.07199735320177399,0.0,1.071997353201774
TPSZ04,GLSZ05,2,0.2975281456405123,0.0,2.2975281456405123
TPSZ04,HGSZ02,1,0.08062011150730924,0.0,1.0806201115073093
TPSZ04,HGSZ07,1,0.18394050880382948,0.0,1.1839405088038295
TPSZ04,JWSZ08,1,0.11303815198691318,0.0,1.1130381519869132
TPSZ04,KLSZ02,1,0.10280742836453047,0.01448249704324044,1.1172899254077708
TPSZ04,KLSZ05,1,0.08685006262377892,0.0,1.086850062623779
TPSZ04,KLSZ06,1,0.2731708276079193,0.0,1.2731708276079192
TPSZ04,KLSZ07,1,0.15012466293368384,0.029020931647150812,1.1791455945808347
TPSZ04,KLSZ08,2,0.14248304206804527,0.0,2.1424830420680454
TPSZ04,KLSZ09,1,0.025497100661078083,0.0,1.025497100661078
TPSZ04,MPSZ02,1,0.12196990846151969,0.0,1.1219699084615198
TPSZ04,NVSZ02,2,0.27738093110286816,0.12139848569568254,2.3987794167985506
TPSZ04,ORSZ02,6,0.03640494867827423,0.0,6.036404948678274
TPSZ04,OTSZ03,1,0.15277092965648173,0.0,1.1527709296564816
TPSZ04,OTSZ04,1,0.027316890119969447,0.0,1.0273168901199694
TPSZ04,PLSZ03,1,0.011153772372949821,0.0,1.0111537723729498
TPSZ04,QTSZ08,1,0.0751995935298331,0.0,1.075199593529833
TPSZ04,QTSZ11,1,0.0775958542957388,0.0,1.077595854295739
TPSZ04,QTSZ13,1,0.07173751368676791,0.0,1.071737513686768
TPSZ04,RCSZ01,1,0.07034055256309989,0.0,1.0703405525630998
TPSZ04,RCSZ02,1,0.04966656220297547,0.028363309533203346,1.078029871736179
TPSZ04,SGSZ04,2,0.272444147574678,0.05978248866009813,2.332226636234776
TPSZ04,SLSZ01,1,0.05252660113582762,0.0,1.0525266011358276
TPSZ04,SRSZ02,1,0.013661144854745951,0.0,1.013661144854746
TPSZ04,TPSZ02,8,0.8836102261707602,3.104855981902096,11.988466208072856
TPSZ04,TPSZ04,3,0.22839506855075978,9.448829306049689,12.67722437460045
TPSZ04,TPSZ06,8,1.1274046540808453,0.14964878084073205,9.277053434921577
TPSZ04,TPSZ08,1,0.12289647790148577,0.0,1.1228964779014858
TPSZ04,TPSZ12,2,0.08510346942602688,0.01814093094855681,2.103244400374584
TPSZ04,WDSZ02,1,0.10446280084061854,0.0,1.1044628008406185
TPSZ04,WDSZ03,1,0.14980436837261785,0.0,1.1498043683726178
TPSZ05,AMSZ01,2,0.38630661680858014,0.0,2.38630661680858
TPSZ05,AMSZ02,1,0.2202786277718143,0.0,1.2202786277718143
TPSZ05,AMSZ09,1,0.1942055246746557,0.0,1.1942055246746557
TPSZ05,BDSZ03,1,0.2055643438359733,0.0,1.2055643438359733
TPSZ05,BDSZ04,1,0.3576037198284582,0.0,1.3576037198284583
TPSZ05,BMSZ05,1,0.13183462333602314,0.0,1.1318346233360232
TPSZ05,BMSZ13,1,0.053196256035612156,0.0,1.053196256035612
TPSZ05,BMSZ17,1,0.06533102956752179,0.0,1.0653310295675218
TPSZ05,BSSZ02,1,0.3991235494331116,0.007502241722532217,1.4066257911556437
TPSZ05,BTSZ01,1,0.23350125114170198,0.0,1.233501251141702
TPSZ05,CHSZ03,1,0.3334593310753616,0.0,1.3334593310753615
TPSZ05,CLSZ06,1,0.2524637809941912,0.0,1.2524637809941912
TPSZ05,DTSZ02,1,0.15358943789305388,0.0,1.1535894378930538
TPSZ05,DTSZ03,1,0.3374884101957609,0.0,1.337488410195761
TPSZ05,DTSZ08,1,0.10799306867185036,0.0,1.1079930686718504
TPSZ05,DTSZ11,1,0.1480569450402715,0.0,1.1480569450402716
TPSZ05,DTSZ12,1,0.10774389050127592,0.0,1.107743890501276
TPSZ05,GLSZ01,1,0.2406505632110014,0.005520317604954,1.2461708808159555
TPSZ05,HGSZ07,1,0.2879195590519799,0.0,1.2879195590519799
TPSZ05,JWSZ06,1,0.085087687483809,0.0,1.085087687483809
TPSZ05,OTSZ03,2,0.3930746747196013,0.0,2.3930746747196014
TPSZ05,QTSZ11,1,0.19124770555905166,0.0,1.1912477055590516
TPSZ05,QTSZ14,1,0.16240175259923637,0.0,1.1624017525992363
TPSZ05,RCSZ10,1,0.09621102756115686,0.0,1.096211027561157
TPSZ05,TMSZ03,1,0.4607249815085832,0.0,1.4607249815085832
TPSZ05,TMSZ05,1,0.1944522805547682,0.0,1.1944522805547682
TPSZ05,TPSZ02,1,0.7975144679804326,0.02919466253628008,1.8267091305167127
TPSZ05,TPSZ06,1,0.8527324631801461,0.9577873456696282,2.810519808849774
TPSZ05,TPSZ08,1,0.2456286229370538,0.0,1.245628622937054
TPSZ05,WCSZ01,1,0.1426807922002793,0.0,1.1426807922002793
TPSZ05,WDSZ04,1,0.16193301464834495,0.0,1.1619330146483449
TPSZ06,AMSZ01,6,0.9769079372354235,0.0,6.976907937235423
TPSZ06,AMSZ02,1,0.3640146674622998,0.0,1.3640146674622997
TPSZ06,AMSZ03,1,0.37577734316963185,0.06334419546204614,1.439121538631678
TPSZ06,AMSZ08,1,0.11316923636287003,0.0,1.11316923636287
TPSZ06,AMSZ10,1,0.2743642502535508,0.0,1.2743642502535508
TPSZ06,AMSZ12,1,0.13183524830134474,0.0,1.1318352483013447
TPSZ06,BDSZ03,2,0.4684225700968948,0.0,2.468422570096895
TPSZ06,BDSZ04,1,0.3910099617070384,0.0,1.3910099617070384
TPSZ06,BKSZ03,1,0.26238634759571533,0.0,1.2623863475957153
TPSZ06,BKSZ05,2,0.5591216843402831,0.0,2.5591216843402833
TPSZ06,BMSZ06,3,0.27549503736608655,0.0,3.2754950373660865
TPSZ06,BMSZ07,1,0.35698183856059457,0.0,1.3569818385605945
TPSZ06,BMSZ17,1,0.15019494314995394,0.0,1.1501949431499539
TPSZ06,BSSZ01,8,1.2818455127508577,0.0,9.281845512750857
TPSZ06,BSSZ03,2,0.919598959368294,0.4269109382854422,3.346509897653736
TPSZ06,BTSZ05,1,0.14851698482367237,0.0,1.1485169848236723
TPSZ06,CCSZ01,1,0.17335709871387908,0.0,1.173357098713879
TPSZ06,CKSZ03,1,0.2689044161973698,0.0,1.26890441619737
TPSZ06,CLSZ03,1,0.17217029616113,0.0,1.17217029616113
TPSZ06,CLSZ04,1,0.204298854134697,0.0,1.204298854134697
TPSZ06,CLSZ07,1,0.23467711798855373,0.0,1.2346771179885536
TPSZ06,CLSZ09,1,0.05109270774715985,0.0,1.05109270774716
TPSZ06,DTSZ02,2,0.41298727608324504,0.0,2.412987276083245
TPSZ06,DTSZ03,1,0.32194248272716713,0.0,1.321942482727167
TPSZ06,DTSZ05,2,0.34542385305065165,0.0,2.3454238530506517
TPSZ06,DTSZ07,1,0.12246416778355426,0.0,1.1224641677835543
TPSZ06,DTSZ11,1,0.35298753360671614,0.0,1.352987533606716
TPSZ06,GLSZ01,1,0.712658774373235,0.02263357583262387,1.735292350205859
TPSZ06,GLSZ02,1,0.3400682903874696,0.04750382993784242,1.3875721203253122
TPSZ06,GLSZ03,3,0.8681714837168791,0.0,3.8681714837168792
TPSZ06,GLSZ04,1,0.6277171057677227,0.0,1.6277171057677227
TPSZ06,GLSZ05,1,0.724425030819041,0.0,1.724425030819041
TPSZ06,HGSZ01,2,0.1554347392151356,0.0,2.1554347392151354
TPSZ06,HGSZ06,1,0.5840469808661591,0.0,1.5840469808661592
TPSZ06,JWSZ03,1,0.22600100729316322,0.0,1.2260010072931633
TPSZ06,JWSZ08,1,0.3954538196879206,0.0,1.3954538196879205
TPSZ06,JWSZ09,1,0.40410669431991314,0.0,1.4041066943199132
TPSZ06,KLSZ01,2,0.9490000561947609,0.14566209976540495,3.0946621559601657
TPSZ06,KLSZ07,2,0.5906090212653952,0.05557748286564928,2.6461865041310446
TPSZ06,KLSZ08,1,0.3891525778443316,0.0055238610193523476,1.394676438863684
TPSZ06,KLSZ09,1,0.06815043056431638,0.0,1.0681504305643164
TPSZ06,MPSZ01,1,0.15741093001062237,0.0,1.1574109300106223
TPSZ06,MUSZ01,1,0.13004977840113943,0.0,1.1300497784011394
TPSZ06,NVSZ01,6,1.3228481258645135,0.2729847522839651,7.595832878148479
TPSZ06,NVSZ02,6,0.9524269565603456,0.2149097465091745,7.16733670306952
TPSZ06,ORSZ02,2,0.4526228245136106,0.0,2.4526228245136106
TPSZ06,PGSZ03,1,0.2104666987249157,0.0,1.2104666987249157
TPSZ06,PGSZ04,3,0.535636839758711,0.0,3.535636839758711
TPSZ06,PLSZ04,1,0.08083830398230799,0.0,1.080838303982308
TPSZ06,PRSZ03,2,0.674966514342543,0.0,2.674966514342543
TPSZ06,QTSZ04,2,0.10281447227203634,0.0,2.1028144722720366
TPSZ06,QTSZ08,1,0.26631733236003235,0.0,1.2663173323600323
TPSZ06,QTSZ11,2,0.5590361748600422,0.0,2.5590361748600423
TPSZ06,QTSZ14,1,0.25736341532288265,0.0,1.2573634153228825
TPSZ06,RCSZ01,2,0.24788781819391323,0.0,2.247887818193913
TPSZ06,RCSZ03,1,0.1372429279154564,0.015479872771932858,1.1527228006873893
TPSZ06,SBSZ01,1,0.3420288238244676,0.0,1.3420288238244675
TPSZ06,SBSZ03,1,0.2876699002461269,0.0,1.287669900246127
TPSZ06,SBSZ06,1,0.15253916444809756,0.0,1.1525391644480976
TPSZ06,SESZ02,1,0.31631271839375846,0.0,1.3163127183937584
TPSZ06,SESZ03,7,0.6949921883189544,0.0,7.694992188318954
TPSZ06,SESZ05,2,0.35712616171469347,0.0,2.3571261617146932
TPSZ06,SGSZ04,2,0.9203128421281316,0.09633170957202228,3.016644551700154
TPSZ06,SGSZ06,1,0.535897545239899,0.12146340221744131,1.65736094745734
TPSZ06,SGSZ07,2,0.3919616136292837,0.26662060576833857,2.6585822193976223
TPSZ06,SRSZ01,1,0.19542838497317025,0.0,1.1954283849731702
TPSZ06,SRSZ02,1,0.06270579403259718,0.0,1.0627057940325972
TPSZ06,TMSZ04,2,0.549289233688289,0.0,2.549289233688289
TPSZ06,TPSZ01,3,0.4194766418413667,0.13524304580811722,3.554719687649484
TPSZ06,TPSZ02,4,1.1042265523945076,1.1259237249557017,6.2301502773502095
TPSZ06,TPSZ03,3,0.5879560059917728,0.21791897046166128,3.805874976453434
TPSZ06,TPSZ04,3,0.3786439063822426,0.4171097066998311,3.7957536130820735
TPSZ06,TPSZ05,1,0.746001188244283,1.6105336592493023,3.3565348474935854
TPSZ06,TPSZ06,2,2.191735978364513,2.9400974364954204,7.131833414859933
TPSZ06,TPSZ07,3,0.35221114797555425,2.628690523223087,5.980901671198641
TPSZ06,TPSZ09,1,0.3378840954413839,0.15495985556035646,1.4928439510017404
TPSZ06,TPSZ12,1,0.3493305370636352,0.014627156276635097,1.3639576933402704
TPSZ06,TSSZ03,1,0.04246465581875901,0.0,1.042464655818759
TPSZ06,WDSZ02,3,0.42274297048092196,0.0,3.422742970480922
TPSZ06,WDSZ03,3,0.6549713553495279,0.0,3.6549713553495278
TPSZ06,WDSZ04,1,0.25407064861869977,0.0,1.2540706486186997
TPSZ06,WDSZ05,1,0.2663921922322991,0.0,1.2663921922322992
TPSZ06,WDSZ06,1,0.26664943338765434,0.0,1.2666494333876543
TPSZ06,YSSZ04,1,0.3135115407805025,0.0,1.3135115407805025
TPSZ06,YSSZ09,3,0.6725933268599933,0.0,3.6725933268599933
TPSZ07,AMSZ02,1,0.08573275609812957,0.0,1.0857327560981296
TPSZ07,BDSZ01,1,0.07632495883352669,0.0,1.0763249588335266
TPSZ07,BDSZ05,1,0.08869581029759753,0.0,1.0886958102975974
TPSZ07,BSSZ03,2,0.11861398716401331,0.286056292532207,2.4046702796962203
TPSZ07,BTSZ03,1,0.048498246172474405,0.0,1.0484982461724743
TPSZ07,DTSZ01,1,0.0464034701976617,0.0,1.0464034701976617
TPSZ07,DTSZ05,1,0.04937602437993084,0.0,1.0493760243799308
TPSZ07,DTSZ08,3,0.00361308148427491,0.0,3.003613081484275
TPSZ07,HGSZ07,1,0.13394730709945024,0.0,1.1339473070994504
TPSZ07,JESZ06,1,0.003370963252736934,0.0,1.003370963252737
TPSZ07,KLSZ02,1,0.12210506329529147,0.014488074536793252,1.1365931378320848
TPSZ07,KLSZ06,1,0.17231146273809667,0.0,1.1723114627380966
TPSZ07,KLSZ09,1,0.02503714641790437,0.0,1.0250371464179044
TPSZ07,MPSZ02,1,0.08525145056764243,0.0,1.0852514505676425
TPSZ07,NVSZ01,1,0.3447452814516409,0.13035766999546478,1.4751029514471057
TPSZ07,ORSZ03,1,0.035848905181743905,0.0,1.0358489051817439
TPSZ07,OTSZ03,1,0.10038836469117969,0.0,1.1003883646911796
TPSZ07,PLSZ04,1,0.011723776966231881,0.0,1.011723776966232
TPSZ07,QTSZ10,1,0.05484542511006497,0.0,1.054845425110065
TPSZ07,QTSZ11,2,0.08859995725797908,0.0,2.088599957257979
TPSZ07,QTSZ14,1,0.04333150362002034,0.0,1.0433315036200204
TPSZ07,SGSZ02,1,0.03017446614385863,0.0,1.0301744661438585
TPSZ07,SGSZ06,1,0.1799491457299955,0.11958705488906189,1.2995362006190574
TPSZ07,TPSZ02,2,0.3513115825291718,0.5783091062372282,2.9296206887664002
TPSZ07,TPSZ03,3,0.10308484069830877,0.15807623058629305,3.2611610712846018
TPSZ07,TPSZ06,3,0.2656857919329964,3.975434322444962,7.241120114377958
TPSZ07,TPSZ07,1,0.12647971901251828,5.723581988067503,6.850061707080021
TPSZ07,TPSZ12,1,0.06793132122437089,0.014159691800500938,1.0820910130248718
TPSZ07,YSSZ04,1,0.13661819045159493,0.0,1.1366181904515948
TPSZ08,AMSZ03,1,0.2913219901481984,0.2713495994705963,1.5626715896187948
TPSZ08,BSSZ01,1,0.40262644342515674,0.0,1.4026264434251567
TPSZ08,CKSZ03,1,0.1756932122535975,0.0,1.1756932122535975
TPSZ08,DTSZ03,1,0.19375067811603805,0.0,1.193750678116038
TPSZ08,DTSZ05,1,0.10777033386284905,0.0,1.107770333862849
TPSZ08,DTSZ08,2,0.06988754440436164,0.0,2.0698875444043616
TPSZ08,DTSZ11,2,0.12281029352898867,0.0,2.1228102935289885
TPSZ08,JWSZ03,1,0.07211571089189847,0.0,1.0721157108918984
TPSZ08,KLSZ01,2,0.28910891290345847,0.3730189225049151,2.6621278354083735
TPSZ08,KLSZ02,1,0.12362633366434445,0.15402342711888733,1.2776497607832318
TPSZ08,KLSZ07,1,0.1287639558397281,0.07448001881071178,1.2032439746504398
TPSZ08,LKSZ01,1,0.3470433294056072,0.0,1.3470433294056072
TPSZ08,NTSZ03,1,0.05948147048567552,0.0,1.0594814704856754
TPSZ08,OTSZ03,2,0.2854943567673979,0.0,2.2854943567673978
TPSZ08,PGSZ05,1,0.14525364851940387,0.0,1.1452536485194038
TPSZ08,PNSZ01,1,0.041146293529912704,0.0,1.0411462935299127
TPSZ08,QTSZ01,1,0.1379893549469881,0.0,1.1379893549469882
TPSZ08,QTSZ11,1,0.12643371635329864,0.0,1.1264337163532987
TPSZ08,SESZ02,1,0.24551376873774883,0.0,1.2455137687377489
TPSZ08,SESZ04,1,0.3563700328777343,0.0,1.3563700328777344
TPSZ08,TMSZ03,1,0.3934687821489242,0.0,1.3934687821489242
TPSZ08,TPSZ04,1,0.13541672461637022,0.12713258036524214,1.2625493049816123
TPSZ08,TPSZ08,1,0.25498240302119185,0.0,1.2549824030211918
TPSZ08,TPSZ11,1,0.4939307095516861,0.0,1.493930709551686
TPSZ09,AMSZ01,1,0.4473319829192988,0.0,1.4473319829192988
TPSZ09,BDSZ01,1,0.26140515229171546,0.0,1.2614051522917156
TPSZ09,BKSZ06,1,0.11245821782217597,0.0,1.112458217822176
TPSZ09,BMSZ01,1,0.25343803340402077,0.0,1.2534380334040207
TPSZ09,BMSZ12,1,0.18309883505518137,0.0,1.1830988350551814
TPSZ09,BMSZ17,1,0.1275690346011071,0.0,1.1275690346011071
TPSZ09,BPSZ04,1,0.23583063663605142,0.0,1.2358306366360514
TPSZ09,BPSZ05,1,0.1940794210445833,0.0,1.1940794210445833
TPSZ09,BSSZ01,1,0.585947666712287,0.0,1.5859476667122872
TPSZ09,BTSZ05,1,0.04407603801983541,0.0,1.0440760380198355
TPSZ09,CKSZ03,1,0.2942191580749751,0.0,1.2942191580749751
TPSZ09,DTSZ01,1,0.19681525009051712,0.0,1.1968152500905171
TPSZ09,DTSZ02,1,0.18908075812240832,0.0,1.1890807581224083
TPSZ09,DTSZ03,2,0.43350739500165725,0.0,2.4335073950016572
TPSZ09,DTSZ05,1,0.20869921892943458,0.0,1.2086992189294345
TPSZ09,DTSZ07,1,0.0849914811550855,0.0,1.0849914811550856
TPSZ09,DTSZ08,2,0.17667131689381127,0.0,2.1766713168938114
TPSZ09,DTSZ11,2,0.2937006837021731,0.0,2.293700683702173
TPSZ09,GLSZ01,3,0.9712619159496145,0.7978449396857542,4.769106855635369
TPSZ09,GLSZ04,1,0.5946996866502984,0.03445851076671356,1.6291581974170117
TPSZ09,HGSZ05,1,0.3956649643420144,0.0,1.3956649643420145
TPSZ09,JESZ05,1,0.34820116419484337,0.0,1.3482011641948435
TPSZ09,JESZ06,1,0.05496608087115498,0.0,1.054966080871155
TPSZ09,JESZ08,1,0.13081215669042806,0.0,1.1308121566904281
TPSZ09,KLSZ01,3,0.8779450518858772,0.11680027520405198,3.9947453270899294
TPSZ09,KLSZ03,1,0.07373956109596069,0.044363419415688866,1.1181029805116494
TPSZ09,KLSZ06,1,0.5096998381226691,0.018238426655692946,1.527938264778362
TPSZ09,KLSZ08,1,0.21059690454751784,0.012562487270635182,1.223159391818153
TPSZ09,MUSZ01,1,0.09522939080529107,0.0,1.095229390805291
TPSZ09,NVSZ02,1,0.43694633811310957,0.018415581538634204,1.4553619196517438
TPSZ09,ORSZ01,1,0.021838469734192793,0.0,1.021838469734193
TPSZ09,ORSZ02,1,0.2926634061524181,0.0,1.292663406152418
TPSZ09,OTSZ03,4,0.3461269912254261,0.0,4.346126991225426
TPSZ09,OTSZ04,1,0.05047853896443966,0.0,1.0504785389644398
TPSZ09,PGSZ03,1,0.11646568183828032,0.0,1.1164656818382803
TPSZ09,PGSZ04,1,0.3111488462827858,0.0,1.3111488462827858
TPSZ09,QTSZ08,2,0.5790826300405976,0.0,2.5790826300405976
TPSZ09,RCSZ01,2,0.20518639287294338,0.006472431374377082,2.2116588242473205
TPSZ09,SBSZ01,1,0.28194594049727884,0.0,1.2819459404972788
TPSZ09,SESZ03,2,0.6180990324482667,0.0,2.6180990324482667
TPSZ09,SGSZ04,3,0.4352442591395831,0.08223523956652987,3.517479498706113
TPSZ09,SGSZ06,6,2.1574209770225097,0.23594217282587082,8.39336314984838
TPSZ09,SRSZ02,2,0.05180251290629899,0.0,2.051802512906299
TPSZ09,TPSZ02,1,0.457741471250483,0.055619816351720884,1.513361287602204
TPSZ09,TPSZ06,2,0.7822500155378062,0.17748708266357968,2.9597370982013858
TPSZ09,TPSZ09,3,0.38017242769972476,7.183554669411812,10.563727097111537
TPSZ09,TPSZ11,2,0.8896490726432951,0.2160483336889334,3.1056974063322285
TPSZ10,BPSZ05,1,0.014650051406286285,0.0,1.0146500514062864
TPSZ10,BSSZ03,1,0.01571217417926019,0.0317992851335396,1.0475114593127999
TPSZ10,DTSZ03,1,0.02660738151291911,0.0,1.026607381512919
TPSZ10,DTSZ05,1,0.010348402505185216,0.0,1.0103484025051852
TPSZ10,DTSZ11,1,0.007932854530778523,0.0,1.0079328545307786
TPSZ10,GLSZ04,1,0.07121929070082993,0.018844076050471982,1.090063366751302
TPSZ10,GLSZ05,1,0.03084005797798695,0.0,1.030840057977987
TPSZ10,QTSZ12,1,0.0076822268682082495,0.0,1.0076822268682082
TPSZ10,SBSZ08,1,0.01526513962047047,0.0,1.0152651396204704
TPSZ10,SESZ03,1,0.06453432893827128,0.0,1.0645343289382714
TPSZ10,SGSZ06,2,0.1577974448490243,0.09923970364911186,2.257037148498136
TPSZ10,TMSZ03,1,0.055427616979872196,0.0,1.0554276169798722
TPSZ10,TPSZ10,2,0.5219830299312213,0.8501212896640096,3.3721043195952305
TPSZ11,AMSZ10,1,0.27599515681703246,0.0,1.2759951568170325
TPSZ11,BDSZ05,1,0.5111517160347538,0.0,1.5111517160347538
TPSZ11,BKSZ01,1,0.17355065869576317,0.0,1.1735506586957631
TPSZ11,BMSZ01,1,0.31758533317654497,0.0,1.317585333176545
TPSZ11,BMSZ17,2,0.22505010302094833,0.0,2.225050103020948
TPSZ11,BSSZ02,1,0.3428896744925294,0.0,1.3428896744925294
TPSZ11,BTSZ06,1,0.16273404020010063,0.0,1.1627340402001005
TPSZ11,CLSZ08,1,0.36218697837731184,0.0,1.362186978377312
TPSZ11,DTSZ01,1,0.390751563490755,0.0,1.390751563490755
TPSZ11,DTSZ02,1,0.21183317099838977,0.0,1.2118331709983898
TPSZ11,DTSZ03,1,0.29235760411194145,0.0,1.2923576041119413
TPSZ11,DTSZ06,1,0.015962191602528705,0.0,1.0159621916025288
TPSZ11,DTSZ10,1,0.040559438122898514,0.0,1.0405594381228984
TPSZ11,DTSZ11,3,0.23059150605572684,0.0,3.2305915060557266
TPSZ11,DTSZ12,1,0.13310080341064642,0.0,1.1331008034106465
TPSZ11,GLSZ02,1,0.8270773691343218,0.10173768814701413,1.928815057281336
TPSZ11,GLSZ05,1,0.5182962427439223,0.06662931902159189,1.584925561765514
TPSZ11,HGSZ03,1,0.3581025079140931,0.0,1.3581025079140931
TPSZ11,HGSZ07,1,0.4406386612439492,0.027588881966191317,1.4682275432101406
TPSZ11,KLSZ01,2,0.8631585052150361,0.12268268562710971,2.9858411908421463
TPSZ11,KLSZ07,1,0.29993665947486176,0.017578076458048167,1.31751473593291
TPSZ11,KLSZ08,1,0.3815361076282334,0.01648369599921273,1.3980198036274463
TPSZ11,MUSZ01,2,0.11528759899763588,0.0,2.115287598997636
TPSZ11,MUSZ03,3,0.03159160133727456,0.0,3.0315916013372743
TPSZ11,NVSZ02,2,0.868171931280561,0.0,2.868171931280561
TPSZ11,NVSZ05,1,0.0,0.0,1.0
TPSZ11,ORSZ03,2,0.2892663321480813,0.0,2.289266332148081
TPSZ11,OTSZ03,1,0.37601846781814774,0.0,1.3760184678181477
TPSZ11,PGSZ04,1,0.34031729160938984,0.0,1.3403172916093897
TPSZ11,PNSZ02,2,0.0,0.0,2.0
TPSZ11,PNSZ03,1,0.0,0.0,1.0
TPSZ11,QTSZ13,1,0.2094591196981961,0.0,1.209459119698196
TPSZ11,QTSZ14,1,0.32565319077688054,0.0,1.3256531907768805
TPSZ11,RCSZ01,2,0.2076435040547325,0.0,2.2076435040547326
TPSZ11,RCSZ10,1,0.17513786448206786,0.0,1.1751378644820678
TPSZ11,SGSZ04,2,0.7777751890141537,0.11746893020893114,2.895244119223085
TPSZ11,SGSZ06,2,1.8485284403721614,0.2928809305115102,4.141409370883672
TPSZ11,SRSZ03,1,0.22085808905103999,0.0,1.22085808905104
TPSZ11,TPSZ02,1,0.40849735951540794,0.08095662299009478,1.4894539825055029
TPSZ11,TPSZ03,3,0.4307480278836962,0.1559977344832236,3.58674576236692
TPSZ12,AMSZ01,1,0.4012062090626303,0.0,1.4012062090626303
TPSZ12,BDSZ02,1,0.48264386593230013,0.0,1.4826438659323
TPSZ12,BDSZ04,3,0.6477157844466955,0.0,3.6477157844466954
TPSZ12,BMSZ03,1,0.16075714544973888,0.0,1.160757145449739
TPSZ12,BMSZ04,1,0.09839562737815791,0.0,1.0983956273781579
TPSZ12,BMSZ05,2,0.28106409967394347,0.0,2.2810640996739435
TPSZ12,BTSZ01,2,0.20053547665245566,0.0,2.2005354766524556
TPSZ12,CKSZ02,1,0.2697644862327571,0.0,1.269764486232757
TPSZ12,DTSZ02,1,0.21876677795046792,0.0,1.2187667779504678
TPSZ12,DTSZ03,1,0.24198729175278597,0.0,1.2419872917527859
TPSZ12,DTSZ05,1,0.16327578587291328,0.0,1.1632757858729132
TPSZ12,DTSZ11,1,0.1944624041709601,0.0,1.1944624041709602
TPSZ12,GLSZ02,1,0.6319391630607167,0.23488313649187428,1.866822299552591
TPSZ12,GLSZ03,2,0.8273074853235836,0.2202145083340368,3.0475219936576203
TPSZ12,GLSZ04,6,1.659617735733861,0.4253359948696764,8.084953730603537
TPSZ12,GLSZ05,3,0.7798726915854921,0.24513438803591403,4.025007079621406
TPSZ12,HGSZ04,1,0.34560776347585637,0.0,1.3456077634758563
TPSZ12,HGSZ06,2,0.7792309361505164,0.1372871927093247,2.916518128859841
TPSZ12,HGSZ07,1,0.40779619876376993,0.04996476157296708,1.457760960336737
TPSZ12,HGSZ08,1,0.43323245651255476,0.35200305803088294,1.7852355145434378
TPSZ12,JWSZ05,1,0.022457062421546777,0.0,1.0224570624215468
TPSZ12,JWSZ08,1,0.1880711936575747,0.0,1.1880711936575747
TPSZ12,JWSZ09,1,0.23159710334532646,0.0,1.2315971033453263
TPSZ12,KLSZ01,1,0.5019395052821695,0.03996094711162525,1.541900452393795
TPSZ12,MPSZ03,1,0.33701242520074187,0.0,1.3370124252007418
TPSZ12,NTSZ03,1,0.05730096661948799,0.0,1.057300966619488
TPSZ12,NVSZ02,1,0.5370093468609489,0.0,1.537009346860949
TPSZ12,ORSZ02,1,0.2411862483083325,0.0,1.2411862483083325
TPSZ12,ORSZ03,2,0.2528316202787226,0.0,2.2528316202787226
TPSZ12,OTSZ03,1,0.3342369089521564,0.0,1.3342369089521564
TPSZ12,PGSZ04,1,0.49024129499562313,0.0,1.4902412949956232
TPSZ12,PLSZ04,1,0.10445494464555465,0.27401523806980255,1.3784701827153572
TPSZ12,PRSZ03,1,0.3168911795789849,0.0,1.3168911795789848
TPSZ12,QTSZ08,1,0.21672869663627936,0.0,1.2167286966362794
TPSZ12,QTSZ11,2,0.2812672789461915,0.0,2.2812672789461916
TPSZ12,SESZ02,1,0.389497800066674,0.0,1.389497800066674
TPSZ12,SESZ04,3,0.42236746681334425,0.0,3.4223674668133444
TPSZ12,SESZ06,2,1.1489596606659052,0.0,3.148959660665905
TPSZ12,SGSZ03,1,0.34917238538704254,0.0,1.3491723853870425
TPSZ12,SGSZ05,1,0.3652011631271138,0.0,1.365201163127114
TPSZ12,SGSZ06,2,0.7037633058485222,0.36070985441087766,3.0644731602593995
TPSZ12,TMSZ02,2,0.9428410307124157,0.0,2.9428410307124158
TPSZ12,TMSZ04,2,0.44655421168534515,0.0,2.446554211685345
TPSZ12,TMSZ05,1,0.19980229306766295,0.0,1.199802293067663
TPSZ12,TNSZ02,1,0.16010629082529362,0.0,1.1601062908252937
TPSZ12,TNSZ04,1,0.10705377024474205,0.0,1.107053770244742
TPSZ12,TPSZ02,2,0.36832690392845,0.0,2.36832690392845
TPSZ12,TPSZ04,1,0.10102155085611654,0.03716855047787154,1.1381901013339881
TPSZ12,TPSZ06,2,0.40778861336280375,0.05299299077692086,2.4607816041397244
TPSZ12,TPSZ12,3,3.519924597976233,5.570371454559309,12.090296052535543
TPSZ12,WDSZ02,1,0.26413153354774715,0.0,1.2641315335477472
TPSZ12,WDSZ04,2,0.21249165713949575,0.0,2.2124916571394957
TPSZ12,WDSZ06,1,0.19524959626712432,0.0,1.1952495962671243
TPSZ12,YSSZ05,1,0.08631365495982929,0.0,1.0863136549598293
TPSZ12,YSSZ09,3,0.27102735261167504,0.0,3.271027352611675
TSSZ02,BKSZ03,1,0.158555233695839,0.0,1.158555233695839
TSSZ02,BLSZ02,1,0.04041891124013453,0.0,1.0404189112401345
TSSZ02,BMSZ10,1,0.0,0.0,1.0
TSSZ02,BPSZ03,1,0.22484671575508827,0.0,1.2248467157550882
TSSZ02,CLSZ06,1,0.20773899839875637,0.0,1.2077389983987563
TSSZ02,CLSZ07,1,0.20280502857358423,0.0,1.2028050285735843
TSSZ02,JESZ01,1,0.17761636735603628,0.0,1.1776163673560363
TSSZ02,JESZ05,2,0.5284375595117491,0.0,2.528437559511749
TSSZ02,JWSZ04,1,0.8107581819746492,0.0,1.8107581819746492
TSSZ02,JWSZ09,1,0.5549734424967874,0.0,1.5549734424967874
TSSZ02,SESZ04,1,1.0901558794137285,0.0,2.0901558794137287
TSSZ02,WDSZ02,1,0.0,0.0,1.0
TSSZ02,WDSZ09,1,0.0036936815815226997,0.0,1.0036936815815227
TSSZ03,BKSZ03,2,0.16127365936573845,0.0,2.1612736593657385
TSSZ03,BKSZ04,1,0.11001680122479846,0.0,1.1100168012247984
TSSZ03,BKSZ05,2,0.1371792776220529,0.0,2.137179277622053
TSSZ03,BMSZ10,1,0.0,0.0,1.0
TSSZ03,CKSZ03,1,0.21755816998611915,0.0,1.217558169986119
TSSZ03,CKSZ06,3,0.07884004543470309,0.0,3.078840045434703
TSSZ03,CLSZ04,1,0.12353881838202461,0.0,1.1235388183820245
TSSZ03,GLSZ05,1,0.4075046809724836,0.0,1.4075046809724836
TSSZ03,HGSZ05,1,0.6418501932586522,0.0,1.6418501932586522
TSSZ03,JESZ02,1,0.07160460888090425,0.0,1.0716046088809041
TSSZ03,JWSZ03,2,0.20983406693403783,0.0,2.2098340669340377
TSSZ03,JWSZ04,2,0.6279435242263761,0.0,2.6279435242263762
TSSZ03,JWSZ08,3,0.22616806518702676,0.0,3.226168065187027
TSSZ03,JWSZ09,3,0.6500657429293233,0.0,3.650065742929323
TSSZ03,PRSZ03,1,0.6192704585809066,0.0,1.6192704585809066
TSSZ03,QTSZ10,1,0.11354572640651335,0.0,1.1135457264065134
TSSZ03,SBSZ01,1,0.016060745658889413,0.0,1.0160607456588895
TSSZ03,SBSZ04,1,0.14554092345505756,0.0,1.1455409234550575
TSSZ03,TSSZ05,1,0.18289510467415374,0.0,1.1828951046741538
TSSZ03,WDSZ02,1,0.0,0.0,1.0
TSSZ03,WDSZ03,1,0.15191681396336146,0.0,1.1519168139633615
TSSZ03,YSSZ09,1,0.10739257285491574,0.0,1.1073925728549157
TSSZ04,AMSZ02,1,0.0014045253091768616,0.0,1.0014045253091768
TSSZ04,BDSZ04,1,0.15037744267842962,0.0,1.1503774426784297
TSSZ04,CKSZ04,1,0.029189980909592596,0.0,1.0291899809095926
TSSZ04,CLSZ06,1,0.038750129015310004,0.0,1.03875012901531
TSSZ04,CLSZ08,1,0.06937172270910684,0.0,1.0693717227091069
TSSZ04,JESZ04,1,0.011998767939554175,0.0,1.0119987679395541
TSSZ04,JESZ05,2,0.19881192487730207,0.0,2.198811924877302
TSSZ04,JWSZ04,1,0.12433037005561992,0.0,1.12433037005562
TSSZ04,JWSZ09,7,0.31293824115383767,0.0,7.312938241153837
TSSZ04,TSSZ03,1,0.06282689535143192,1.0001703287344574,2.0629972240858896
TSSZ05,AMSZ01,1,0.23959330900468806,0.0,1.239593309004688
TSSZ05,BKSZ02,1,0.22550939854224483,0.0,1.2255093985422447
TSSZ05,BKSZ05,1,0.43842656490487053,0.0,1.4384265649048706
TSSZ05,BLSZ02,3,0.14581069842763217,0.0,3.145810698427632
TSSZ05,BMSZ01,1,0.1648815551605986,0.0,1.1648815551605987
TSSZ05,BMSZ03,1,0.0893081419589287,0.0,1.0893081419589288
TSSZ05,BMSZ08,1,0.06684188153724237,0.0,1.0668418815372425
TSSZ05,BPSZ01,1,0.1886731756026234,0.0,1.1886731756026234
TSSZ05,BPSZ03,1,0.13489032561436215,0.0,1.134890325614362
TSSZ05,BPSZ04,3,0.19474622929170918,0.0,3.194746229291709
TSSZ05,BPSZ05,1,0.49041475020301906,0.0,1.4904147502030192
TSSZ05,BPSZ06,1,0.15358465703446458,0.0,1.1535846570344646
TSSZ05,BSSZ01,1,0.21476727471790766,0.0,1.2147672747179077
TSSZ05,BSSZ03,1,0.3870613119140764,0.0,1.3870613119140764
TSSZ05,BTSZ03,1,0.166636413531436,0.0,1.166636413531436
TSSZ05,CKSZ01,1,0.37386555024019863,0.0,1.3738655502401986
TSSZ05,CKSZ03,4,1.1665372565969574,0.0,5.166537256596957
TSSZ05,CKSZ06,1,0.34215718040747967,0.0,1.3421571804074797
TSSZ05,CLSZ06,1,0.19337628231718526,0.0,1.1933762823171852
TSSZ05,DTSZ02,1,0.4101425127723505,0.0,1.4101425127723504
TSSZ05,GLSZ05,1,0.44320733889566283,0.0,1.4432073388956628
TSSZ05,HGSZ06,2,1.3497810368857714,0.0,3.3497810368857714
TSSZ05,JESZ02,3,0.0,0.0,3.0
TSSZ05,JESZ05,4,0.5987449572545146,0.0,4.598744957254515
TSSZ05,JWSZ03,4,0.5367021005034592,0.0,4.536702100503459
TSSZ05,JWSZ08,2,0.7534856182078442,0.0,2.7534856182078444
TSSZ05,JWSZ09,7,1.4709788837668252,0.0,8.470978883766826
TSSZ05,KLSZ01,1,0.2791482068643053,0.0,1.2791482068643054
TSSZ05,KLSZ02,1,0.10448201152124215,0.0,1.1044820115212421
TSSZ05,NVSZ01,1,0.5120654140319099,0.0,1.5120654140319099
TSSZ05,PGSZ02,1,0.17804771047494142,0.0,1.1780477104749414
TSSZ05,PGSZ03,1,0.1480947748071546,0.0,1.1480947748071546
TSSZ05,PGSZ04,1,0.4119043125038578,0.0,1.4119043125038577
TSSZ05,PNSZ02,1,0.0,0.0,1.0
TSSZ05,PRSZ03,1,0.6451697969288718,0.0,1.6451697969288719
TSSZ05,QTSZ01,1,0.2684859204643186,0.0,1.2684859204643186
TSSZ05,QTSZ08,1,0.260923059050648,0.0,1.260923059050648
TSSZ05,SBSZ01,1,0.3066790321943516,0.0,1.3066790321943516
TSSZ05,SESZ03,2,2.3348122716925666,0.0,4.3348122716925666
TSSZ05,SESZ04,1,0.340057506438884,0.0,1.340057506438884
TSSZ05,SGSZ04,1,1.1433323235798154,0.0,2.1433323235798154
TSSZ05,SGSZ06,2,1.0761421608636148,0.0,3.076142160863615
TSSZ05,TPSZ06,1,0.1979151837981339,0.0,1.1979151837981339
TSSZ05,TSSZ05,1,3.4318815852692595,0.0,4.4318815852692595
TSSZ05,TSSZ06,1,0.047115957901991995,0.0,1.047115957901992
TSSZ05,WDSZ01,2,0.15462202247787896,0.0,2.154622022477879
TSSZ05,WDSZ02,4,1.539643479977284,0.0,5.5396434799772845
TSSZ05,WDSZ03,1,0.2867515887051573,0.0,1.2867515887051573
TSSZ05,YSSZ03,1,0.481491719089577,0.0,1.4814917190895769
TSSZ05,YSSZ08,1,0.041812440878496275,0.0,1.0418124408784963
TSSZ05,YSSZ09,1,0.8692971151849503,0.0,1.8692971151849505
TSSZ06,AMSZ06,1,0.2737743325286109,0.0,1.2737743325286108
TSSZ06,BPSZ05,1,0.06364591463964572,0.0,1.0636459146396458
TSSZ06,CKSZ06,1,0.009746598190767043,0.0,1.009746598190767
TSSZ06,CLSZ03,1,0.22032490183503328,0.0,1.2203249018350333
TSSZ06,JESZ03,1,0.08825384525098491,0.0,1.088253845250985
TSSZ06,JESZ05,3,0.3010350741627041,0.0,3.301035074162704
TSSZ06,JWSZ02,1,0.07437477316546576,0.0,1.0743747731654658
TSSZ06,JWSZ03,1,0.0572569232307157,0.0,1.0572569232307156
TSSZ06,JWSZ08,2,0.10010136813846636,0.0,2.1001013681384664
TSSZ06,JWSZ09,2,0.1833412970660025,0.0,2.1833412970660024
TSSZ06,PGSZ03,1,0.04790933638917625,0.0,1.0479093363891763
TSSZ06,RCSZ01,1,0.10814392892546303,0.0,1.108143928925463
TSSZ06,SBSZ03,1,0.37976704872678424,0.0,1.3797670487267841
TSSZ06,SESZ06,1,0.2478059633088338,0.0,1.2478059633088339
TSSZ06,WDSZ03,1,0.4565271038041962,0.0,1.4565271038041963
TSSZ06,YSSZ09,1,0.38799159063624633,0.0,1.3879915906362463
WCSZ01,AMSZ02,1,0.4082693317945873,0.0,1.4082693317945874
WCSZ01,AMSZ05,1,0.3303289353023925,0.0,1.3303289353023926
WCSZ01,AMSZ09,1,0.18922003162497758,0.0,1.1892200316249775
WCSZ01,BDSZ01,2,0.46170258203916825,0.0,2.4617025820391683
WCSZ01,BDSZ04,3,1.0938583068390653,0.0,4.093858306839065
WCSZ01,BDSZ05,1,0.9816425189616877,0.0,1.9816425189616877
WCSZ01,BKSZ02,2,0.37894028888842496,0.0,2.378940288888425
WCSZ01,BKSZ03,2,1.1556416265208738,0.0,3.1556416265208735
WCSZ01,BKSZ04,1,0.32420300105302524,0.0,1.3242030010530252
WCSZ01,BKSZ05,1,1.0065160806689621,0.0,2.006516080668962
WCSZ01,BLSZ02,3,0.18428853757175045,0.0,3.1842885375717502
WCSZ01,BMSZ07,3,0.9034641106755705,0.0,3.9034641106755705
WCSZ01,BMSZ09,1,0.059215119796996965,0.0,1.059215119796997
WCSZ01,BMSZ13,1,0.3436613228637927,0.0,1.3436613228637926
WCSZ01,BMSZ15,1,0.08469902753410762,0.0,1.0846990275341075
WCSZ01,BPSZ01,1,0.34042331901122436,0.0,1.3404233190112245
WCSZ01,BPSZ03,2,0.6362297261149307,0.0,2.6362297261149306
WCSZ01,BPSZ06,1,0.2933792826101029,0.0,1.293379282610103
WCSZ01,BSSZ01,2,0.8492736038277143,0.0,2.849273603827714
WCSZ01,BSSZ02,1,0.4538161491475309,0.0,1.453816149147531
WCSZ01,BTSZ01,1,0.6121806169555012,0.0,1.6121806169555013
WCSZ01,BTSZ02,2,0.16578276409863044,0.0,2.1657827640986302
WCSZ01,BTSZ07,1,0.16945407619530217,0.0,1.169454076195302
WCSZ01,CKSZ01,1,0.6723211528419178,0.0,1.672321152841918
WCSZ01,CKSZ02,3,1.3376922994860216,0.0,4.337692299486021
WCSZ01,CKSZ03,6,1.1204995023823576,0.0,7.120499502382358
WCSZ01,CKSZ04,1,0.4509818174701975,0.0,1.4509818174701974
WCSZ01,CKSZ06,6,0.6437935251221311,0.0,6.643793525122131
WCSZ01,CLSZ04,1,0.3237789308199314,0.0,1.3237789308199315
WCSZ01,CLSZ06,1,0.34589103294606055,0.0,1.3458910329460605
WCSZ01,CLSZ07,1,0.2019115345193465,0.0,1.2019115345193465
WCSZ01,CLSZ08,1,0.25261177858010664,0.0,1.2526117785801065
WCSZ01,DTSZ05,1,0.4665359708957798,0.0,1.4665359708957797
WCSZ01,GLSZ04,2,0.49141506100711113,0.0,2.4914150610071113
WCSZ01,GLSZ05,1,0.6063491991346748,0.0,1.6063491991346748
WCSZ01,HGSZ01,1,0.3690151026648847,0.0,1.3690151026648847
WCSZ01,HGSZ04,3,0.3560834101124228,0.0,3.3560834101124226
WCSZ01,HGSZ06,1,0.4989526827537084,0.0,1.4989526827537083
WCSZ01,HGSZ07,1,0.24401217876036763,0.0,1.2440121787603675
WCSZ01,HGSZ08,1,0.39693806576107504,0.0,1.396938065761075
WCSZ01,JESZ01,1,0.4237525748606481,0.0,1.423752574860648
WCSZ01,JESZ05,2,1.0695183232222414,0.0,3.0695183232222414
WCSZ01,JESZ08,2,0.2738486140082156,0.0,2.2738486140082155
WCSZ01,JWSZ01,1,0.18615382671605524,0.0,1.1861538267160552
WCSZ01,JWSZ02,3,0.7751153973475755,0.0,3.7751153973475757
WCSZ01,JWSZ03,6,2.0328412848615742,0.0,8.032841284861574
WCSZ01,JWSZ08,6,3.624857888778688,0.0,9.624857888778688
WCSZ01,JWSZ09,30,3.802643480602502,0.0,33.802643480602505
WCSZ01,KLSZ05,1,0.26868836907473137,0.0,1.2686883690747313
WCSZ01,KLSZ06,1,0.47820118782863413,0.0,1.478201187828634
WCSZ01,KLSZ08,1,0.5354025489580279,0.0,1.5354025489580279
WCSZ01,NVSZ01,1,0.7437704720280628,0.0,1.743770472028063
WCSZ01,NVSZ02,1,0.8080415983295155,0.0,1.8080415983295155
WCSZ01,ORSZ03,1,0.49190946638803795,0.0,1.491909466388038
WCSZ01,OTSZ01,1,0.0728441678012172,0.0,1.0728441678012173
WCSZ01,OTSZ03,1,0.6520177296687126,0.0,1.6520177296687126
WCSZ01,PGSZ02,1,0.47355458036083264,0.0,1.4735545803608328
WCSZ01,PNSZ02,1,0.0,0.0,1.0
WCSZ01,PRSZ02,1,1.0507448288544863,0.0,2.0507448288544863
WCSZ01,PRSZ03,2,2.274274831236879,0.0,4.274274831236879
WCSZ01,PRSZ05,1,0.8604657891138728,0.0,1.860465789113873
WCSZ01,QTSZ08,1,0.46025044435205176,0.0,1.4602504443520519
WCSZ01,RCSZ05,1,0.11007397279764143,0.0,1.1100739727976414
WCSZ01,SBSZ03,3,0.8092678073508593,0.0,3.8092678073508592
WCSZ01,SBSZ04,1,0.5329138607696594,0.0,1.5329138607696593
WCSZ01,SESZ03,1,0.409762815701337,0.0,1.4097628157013369
WCSZ01,SESZ04,1,0.4594484580018957,0.0,1.4594484580018956
WCSZ01,SGSZ03,3,0.47502602190262777,0.0,3.475026021902628
WCSZ01,SGSZ07,1,0.14975890627100055,0.0,1.1497589062710005
WCSZ01,SISZ01,1,0.6519680235092499,0.0,1.6519680235092498
WCSZ01,TMSZ01,1,1.5325408829436757,0.0,2.5325408829436755
WCSZ01,TMSZ02,3,2.2547353790638147,0.0,5.254735379063815
WCSZ01,TMSZ03,1,1.189563863813417,0.0,2.189563863813417
WCSZ01,TMSZ04,1,0.3645207986555412,0.0,1.3645207986555412
WCSZ01,TPSZ03,1,0.1497610727895692,0.0,1.1497610727895693
WCSZ01,TPSZ05,1,0.10791342992243252,0.0,1.1079134299224325
WCSZ01,WCSZ01,7,3.247670011719541,16.00272525975132,26.25039527147086
WCSZ01,WDSZ01,1,0.12550689553089986,0.0,1.1255068955308998
WCSZ01,WDSZ02,3,0.8485263931598569,0.0,3.848526393159857
WCSZ01,WDSZ03,3,1.2924562540216242,0.0,4.292456254021625
WCSZ01,WDSZ04,1,0.35384433339478055,0.0,1.3538443333947805
WCSZ01,WDSZ05,4,0.4523786596623676,0.0,4.452378659662368
WCSZ01,WDSZ06,2,0.43803873236917057,0.0,2.4380387323691703
WCSZ01,YSSZ01,1,0.3608956119293645,0.0,1.3608956119293645
WCSZ01,YSSZ02,1,0.3224147424795526,0.0,1.3224147424795527
WCSZ01,YSSZ03,2,0.5376347683612649,0.0,2.537634768361265
WCSZ01,YSSZ04,1,0.5945976948211324,0.0,1.5945976948211324
WCSZ01,YSSZ09,4,1.6649095992953422,0.0,5.664909599295342
WDSZ01,AMSZ02,1,0.16843956415285932,0.0,1.1684395641528593
WDSZ01,AMSZ03,1,0.11579338687926712,0.0,1.115793386879267
WDSZ01,AMSZ06,1,0.2196532690817602,0.0,1.21965326908176
WDSZ01,AMSZ08,1,0.0365119374306067,0.0,1.0365119374306067
WDSZ01,BDSZ04,1,0.048986670793951616,0.0,1.0489866707939517
WDSZ01,BKSZ07,1,0.13355593585619893,0.0,1.1335559358561988
WDSZ01,BMSZ06,1,0.4057247829355916,0.0,1.4057247829355917
WDSZ01,BMSZ12,1,0.13285378699032546,0.0,1.1328537869903255
WDSZ01,BPSZ01,1,0.10076161390552209,0.0,1.100761613905522
WDSZ01,BPSZ04,1,0.17143735199402463,0.0,1.1714373519940247
WDSZ01,BPSZ05,1,0.18874205418945675,0.0,1.1887420541894567
WDSZ01,BSSZ03,1,0.14851721596023063,0.0,1.1485172159602306
WDSZ01,BTSZ01,1,0.1774948920126486,0.0,1.1774948920126487
WDSZ01,BTSZ05,1,0.02835456463007823,0.0,1.0283545646300782
WDSZ01,CKSZ02,1,0.14070270472289645,0.0,1.1407027047228964
WDSZ01,CKSZ03,1,0.23756882360600035,0.0,1.2375688236060003
WDSZ01,CKSZ04,1,0.12110919944331307,0.0,1.121109199443313
WDSZ01,CKSZ06,3,0.29746801998867284,0.0,3.297468019988673
WDSZ01,CLSZ01,2,0.09882955227373819,0.0,2.098829552273738
WDSZ01,CLSZ03,1,0.19411229872152874,0.0,1.1941122987215287
WDSZ01,DTSZ03,1,0.16092541467426935,0.0,1.1609254146742694
WDSZ01,GLSZ03,1,0.14104502138614342,0.0,1.1410450213861434
WDSZ01,HGSZ04,1,0.11912875639502449,0.0,1.1191287563950245
WDSZ01,JESZ05,3,0.2115141792824267,0.0,3.211514179282427
WDSZ01,JWSZ08,1,0.2224385706226111,0.0,1.222438570622611
WDSZ01,JWSZ09,1,0.24422284868937152,0.0,1.2442228486893716
WDSZ01,MSSZ01,1,0.0,0.0,1.0
WDSZ01,NVSZ01,1,0.21707229244983064,0.0,1.2170722924498307
WDSZ01,ORSZ02,1,0.15506519804777974,0.0,1.1550651980477797
WDSZ01,OTSZ03,2,0.2622386363825823,0.0,2.262238636382582
WDSZ01,PGSZ02,3,0.19162458737924087,0.0,3.191624587379241
WDSZ01,PGSZ03,1,0.09552537865069015,0.0,1.0955253786506902
WDSZ01,PNSZ03,1,0.0,0.0,1.0
WDSZ01,QTSZ05,1,0.15995117954344723,0.0,1.1599511795434472
WDSZ01,QTSZ11,1,0.10635085794030162,0.0,1.1063508579403016
WDSZ01,QTSZ13,1,0.13490815491948915,0.0,1.134908154919489
WDSZ01,SBSZ01,1,0.1875170595510988,0.0,1.1875170595510989
WDSZ01,SBSZ03,2,0.2948255953352965,0.0,2.2948255953352965
WDSZ01,SESZ03,1,0.24734451606077423,0.0,1.2473445160607741
WDSZ01,SESZ06,1,0.23653978250746274,0.0,1.2365397825074627
WDSZ01,SGSZ06,2,0.1715498943669413,0.0,2.171549894366941
WDSZ01,SKSZ04,1,0.095438483166239,0.0,1.095438483166239
WDSZ01,TMSZ02,1,0.17533844781961827,0.0,1.1753384478196183
WDSZ01,TMSZ03,2,0.19181039874457664,0.0,2.1918103987445767
WDSZ01,TPSZ02,1,0.17178260726940814,0.0,1.1717826072694082
WDSZ01,TPSZ03,1,0.041248650402383465,0.0,1.0412486504023835
WDSZ01,TSSZ05,1,0.17678604737126044,0.0,1.1767860473712604
WDSZ01,WCSZ01,1,0.15604699339730435,0.0,1.1560469933973043
WDSZ01,WDSZ01,3,1.2452017318769384,24.569164797400905,28.814366529277844
WDSZ01,WDSZ02,15,0.9227016661290022,3.2936935896113653,19.216395255740366
WDSZ01,WDSZ03,25,2.7293215776251407,1.6203191073294592,29.349640684954597
WDSZ01,WDSZ04,12,1.1200636139530962,5.307127813084699,18.427191427037794
WDSZ01,WDSZ05,7,0.41773333043521965,1.0923037892379344,8.510037119673154
WDSZ01,WDSZ06,9,1.2128283372901039,3.4622781382257837,13.675106475515888
WDSZ01,WDSZ07,1,0.01509962344187163,0.21813183596534796,1.2332314594072196
WDSZ01,WDSZ08,2,0.14434704013655622,0.07204644183692983,2.216393481973486
WDSZ01,WDSZ09,8,0.19409065990149765,0.3629729939005249,8.557063653802023
WDSZ01,YSSZ01,2,0.15187612312275198,0.0,2.151876123122752
WDSZ01,YSSZ03,1,0.1777130399873775,0.0,1.1777130399873774
WDSZ01,YSSZ04,2,0.43257570915979626,0.0,2.432575709159796
WDSZ01,YSSZ05,1,0.043392497717100006,0.0,1.0433924977171
WDSZ01,YSSZ06,1,0.06873181810954182,0.0,1.0687318181095418
WDSZ01,YSSZ08,2,0.07423412721833907,0.0,2.074234127218339
WDSZ01,YSSZ09,2,0.3152319259671672,0.0,2.315231925967167
WDSZ02,AMSZ01,4,0.9837151351368212,0.0,4.983715135136821
WDSZ02,BDSZ01,2,0.41351815958858795,0.0,2.413518159588588
WDSZ02,BDSZ04,1,0.08246756576130998,0.0,1.08246756576131
WDSZ02,BDSZ06,1,0.36582327179213575,0.0,1.3658232717921357
WDSZ02,BKSZ01,1,0.08221324565539975,0.0,1.0822132456553997
WDSZ02,BKSZ09,1,0.30307207630934774,0.0,1.3030720763093477
WDSZ02,BMSZ08,1,0.1577503798649991,0.0,1.157750379864999
WDSZ02,BMSZ09,1,0.06494488101945045,0.0,1.0649448810194504
WDSZ02,BMSZ15,1,0.038276541747443306,0.0,1.0382765417474433
WDSZ02,BMSZ17,2,0.2803467197200138,0.0,2.280346719720014
WDSZ02,BPSZ02,1,0.19367306364146064,0.0,1.1936730636414605
WDSZ02,BPSZ04,2,0.3520093206459223,0.0,2.352009320645922
WDSZ02,BPSZ05,1,0.36394546937739936,0.0,1.3639454693773994
WDSZ02,BSSZ01,1,0.40610965986207165,0.0,1.4061096598620717
WDSZ02,BTSZ01,1,0.36735487008982326,0.0,1.3673548700898233
WDSZ02,CHSZ03,3,2.781216060804275,0.0,5.781216060804275
WDSZ02,CKSZ03,6,1.23279787372879,0.0,7.23279787372879
WDSZ02,CKSZ06,2,0.5719279967407455,0.0,2.5719279967407456
WDSZ02,CLSZ06,1,0.19964723556715755,0.0,1.1996472355671575
WDSZ02,DTSZ01,1,0.30798920185738177,0.0,1.3079892018573818
WDSZ02,DTSZ02,2,0.8636786227706419,0.0,2.863678622770642
WDSZ02,DTSZ03,2,0.538739372210246,0.0,2.5387393722102463
WDSZ02,DTSZ05,5,1.0712238041236617,0.0,6.071223804123662
WDSZ02,DTSZ08,1,0.19727419483772715,0.0,1.1972741948377272
WDSZ02,DTSZ11,1,0.3350032088403746,0.0,1.3350032088403747
WDSZ02,GLSZ05,2,0.8050103020938633,0.0,2.805010302093863
WDSZ02,HGSZ06,1,0.4212139950789654,0.0,1.4212139950789653
WDSZ02,HGSZ08,1,0.24948239704039435,0.0,1.2494823970403943
WDSZ02,JESZ05,4,1.4862874830951713,0.0,5.486287483095172
WDSZ02,JESZ06,1,0.08840560981165067,0.0,1.0884056098116506
WDSZ02,JWSZ04,1,0.39398113406394336,0.0,1.3939811340639434
WDSZ02,JWSZ08,2,0.8156683372021059,0.0,2.815668337202106
WDSZ02,KLSZ03,1,0.06027726357667501,0.0,1.060277263576675
WDSZ02,NTSZ03,1,0.09048637494533951,0.0,1.0904863749453395
WDSZ02,NVSZ02,1,0.6630561107684428,0.0,1.663056110768443
WDSZ02,NVSZ03,1,0.1326621584542126,0.0,1.1326621584542127
WDSZ02,ORSZ02,2,0.510852059870186,0.0,2.510852059870186
WDSZ02,ORSZ03,1,0.24494779608151432,0.0,1.2449477960815143
WDSZ02,OTSZ01,1,0.07696235712763543,0.0,1.0769623571276354
WDSZ02,OTSZ03,2,0.7518687194609589,0.0,2.751868719460959
WDSZ02,PGSZ02,1,0.2271772979225757,0.0,1.2271772979225757
WDSZ02,PGSZ03,2,0.31195647042935,0.0,2.31195647042935
WDSZ02,PGSZ04,2,0.734885952299162,0.0,2.734885952299162
WDSZ02,PNSZ02,2,0.0,0.0,2.0
WDSZ02,PRSZ03,1,0.3663315199102374,0.0,1.3663315199102373
WDSZ02,QTSZ07,1,0.0,0.0,1.0
WDSZ02,QTSZ08,7,0.8828328421930924,0.0,7.882832842193093
WDSZ02,QTSZ10,1,0.30409929189507745,0.0,1.3040992918950773
WDSZ02,QTSZ13,1,0.31665701487157977,0.0,1.3166570148715797
WDSZ02,RCSZ01,1,0.17174811360255574,0.0,1.1717481136025558
WDSZ02,RCSZ10,1,0.20445585228933785,0.0,1.2044558522893378
WDSZ02,SBSZ01,1,0.7380770870236548,0.0,1.7380770870236548
WDSZ02,SBSZ02,1,0.3411557740820133,0.0,1.3411557740820133
WDSZ02,SBSZ03,8,1.8501904179953055,1.8036800829346906,11.653870500929996
WDSZ02,SBSZ04,2,0.9273431068285772,1.1525063441994938,4.079849451028071
WDSZ02,SBSZ08,2,0.4368431229045913,0.0,2.4368431229045915
WDSZ02,SESZ03,3,0.6264999667663838,0.0,3.6264999667663838
WDSZ02,SKSZ01,1,0.3638366206166912,0.0,1.3638366206166912
WDSZ02,SKSZ03,1,0.15255856686005181,0.0,1.1525585668600518
WDSZ02,SKSZ05,1,0.0,0.0,1.0
WDSZ02,SLSZ01,1,0.2450091072562219,0.0,1.245009107256222
WDSZ02,SRSZ02,1,0.12081682070717373,0.0,1.1208168207071738
WDSZ02,TMSZ03,2,1.173432109687015,0.0,3.173432109687015
WDSZ02,TMSZ04,3,0.424660995034097,0.0,3.424660995034097
WDSZ02,TNSZ02,1,0.11718658071370217,0.0,1.1171865807137022
WDSZ02,TNSZ03,1,0.027227871829276832,0.0,1.0272278718292769
WDSZ02,TPSZ01,1,0.1638422432679994,0.0,1.1638422432679993
WDSZ02,TPSZ03,1,0.11698122928170117,0.0,1.1169812292817012
WDSZ02,TPSZ04,1,0.064883524082261,0.0,1.064883524082261
WDSZ02,TPSZ06,1,0.3242828428634497,0.0,1.3242828428634497
WDSZ02,TSSZ03,1,0.0549119624092424,0.0,1.0549119624092425
WDSZ02,TSSZ05,2,1.3730260760118402,0.0,3.3730260760118402
WDSZ02,WCSZ01,2,0.60916367704644,0.0,2.60916367704644
WDSZ02,WDSZ01,13,0.6098838047724001,2.347914709488212,15.957798514260611
WDSZ02,WDSZ02,9,3.8996447594896066,20.69713427836817,33.59677903785778
WDSZ02,WDSZ03,14,3.589653719215572,4.099173669633919,21.688827388849493
WDSZ02,WDSZ05,4,0.7652645565596282,1.2780249234264505,6.043289479986078
WDSZ02,WDSZ06,7,1.0883407658235777,3.2130292544377625,11.30137002026134
WDSZ02,WDSZ09,4,0.5748776571800566,0.40682343329203713,4.981701090472094
WDSZ02,YSSZ01,2,0.2828724801292704,0.0,2.2828724801292704
WDSZ02,YSSZ02,1,0.32691840801275474,0.0,1.3269184080127547
WDSZ02,YSSZ03,1,0.5380266057367994,0.0,1.5380266057367993
WDSZ02,YSSZ04,1,0.5376275457892897,0.0,1.5376275457892898
WDSZ02,YSSZ05,2,0.29233908330882796,0.0,2.292339083308828
WDSZ02,YSSZ09,16,2.3765965249298184,0.0,18.37659652492982
WDSZ03,AMSZ01,4,1.3099750001776138,0.0,5.309975000177614
WDSZ03,AMSZ02,7,0.5234578268732839,0.0,7.523457826873284
WDSZ03,AMSZ10,6,0.6608766827258843,0.0,6.660876682725885
WDSZ03,AMSZ12,3,0.21931470646494008,0.0,3.21931470646494
WDSZ03,BDSZ01,2,0.7927256930980207,0.0,2.7927256930980207
WDSZ03,BDSZ03,1,0.541277227559461,0.0,1.541277227559461
WDSZ03,BDSZ04,1,0.24727629245758187,0.0,1.247276292457582
WDSZ03,BKSZ02,1,0.17834881611685,0.0,1.17834881611685
WDSZ03,BKSZ04,2,0.5038219048672706,0.0,2.5038219048672707
WDSZ03,BKSZ05,3,1.6667646331110177,0.0,4.6667646331110175
WDSZ03,BKSZ06,1,0.07580355230867437,0.0,1.0758035523086744
WDSZ03,BKSZ08,1,0.058605348218815564,0.0,1.0586053482188156
WDSZ03,BKSZ09,1,0.36927159099456597,0.0,1.369271590994566
WDSZ03,BLSZ02,2,0.40495306476992904,0.0,2.404953064769929
WDSZ03,BMSZ02,1,0.36540471968388566,0.0,1.3654047196838857
WDSZ03,BMSZ05,3,0.8280780620511511,0.0,3.828078062051151
WDSZ03,BMSZ06,1,0.4434944410620693,0.0,1.4434944410620694
WDSZ03,BMSZ07,2,0.7730210732962743,0.0,2.7730210732962743
WDSZ03,BMSZ12,1,0.38037843337484695,0.0,1.380378433374847
WDSZ03,BMSZ17,1,0.11540786899985257,0.0,1.1154078689998526
WDSZ03,BPSZ04,2,0.5873661646224957,0.0,2.5873661646224955
WDSZ03,BSSZ01,2,1.1059858755459837,0.0,3.1059858755459837
WDSZ03,BSSZ02,1,0.49697062405427267,0.0,1.4969706240542726
WDSZ03,BSSZ03,1,0.5564215871945251,0.0,1.556421587194525
WDSZ03,BTSZ01,5,1.0885987472708656,0.0,6.088598747270866
WDSZ03,BTSZ03,1,0.12918075098090906,0.0,1.129180750980909
WDSZ03,CCSZ01,1,0.1775467684543891,0.0,1.177546768454389
WDSZ03,CHSZ02,1,0.16644056650003766,0.0,1.1664405665000377
WDSZ03,CHSZ03,3,2.9009625282471587,0.0,5.900962528247159
WDSZ03,CKSZ02,1,0.7171131693318343,0.0,1.7171131693318342
WDSZ03,CKSZ03,4,1.7052059114163294,0.0,5.705205911416329
WDSZ03,CKSZ04,1,0.3827619676056421,0.0,1.3827619676056422
WDSZ03,CKSZ06,1,0.4332438796750245,0.0,1.4332438796750244
WDSZ03,CLSZ01,1,0.13464433525827588,0.0,1.1346443352582758
WDSZ03,DTSZ01,6,0.33803692759421555,0.0,6.338036927594215
WDSZ03,DTSZ02,5,2.003510228841422,0.0,7.003510228841423
WDSZ03,DTSZ03,7,2.755021438683392,0.0,9.755021438683393
WDSZ03,DTSZ05,8,0.9819410139997318,0.0,8.981941013999732
WDSZ03,DTSZ08,4,0.551120385969258,0.0,4.551120385969258
WDSZ03,DTSZ09,1,0.18472289125378824,0.0,1.1847228912537882
WDSZ03,DTSZ11,1,0.5224812802335792,0.0,1.5224812802335792
WDSZ03,DTSZ12,3,0.3849139492685837,0.0,3.384913949268584
WDSZ03,GLSZ01,1,0.3923610284478352,0.0,1.3923610284478352
WDSZ03,GLSZ04,1,0.46632659927645503,0.0,1.4663265992764551
WDSZ03,GLSZ05,3,1.1849663325887334,0.0,4.184966332588734
WDSZ03,HGSZ03,1,0.46327983368732933,0.0,1.4632798336873294
WDSZ03,HGSZ04,1,0.4399826239467151,0.0,1.439982623946715
WDSZ03,HGSZ06,3,1.4158751630686455,0.0,4.4158751630686455
WDSZ03,HGSZ08,2,0.5617832961959046,0.0,2.5617832961959044
WDSZ03,HGSZ09,1,0.011404975634782176,0.0,1.0114049756347823
WDSZ03,JESZ05,4,0.9439225984674166,0.0,4.943922598467417
WDSZ03,JWSZ04,1,0.5636051565338025,0.0,1.5636051565338025
WDSZ03,JWSZ05,1,0.05354150593612797,0.0,1.053541505936128
WDSZ03,JWSZ06,1,0.15662140804728406,0.0,1.156621408047284
WDSZ03,JWSZ08,1,0.7684852856114235,0.0,1.7684852856114235
WDSZ03,JWSZ09,1,0.5973729369599196,0.0,1.5973729369599194
WDSZ03,KLSZ01,1,0.7602242309626028,0.0,1.7602242309626028
WDSZ03,KLSZ07,2,0.6716512056661281,0.0,2.6716512056661283
WDSZ03,KLSZ08,3,0.7127251985995268,0.0,3.712725198599527
WDSZ03,LKSZ01,1,0.1768309473336153,0.0,1.1768309473336154
WDSZ03,MUSZ01,1,0.22802223742265018,0.0,1.2280222374226502
WDSZ03,MUSZ03,5,0.1351337848365729,0.0,5.135133784836573
WDSZ03,NTSZ03,3,0.18064838229744784,0.0,3.1806483822974476
WDSZ03,NVSZ01,1,0.7366146651634967,0.0,1.7366146651634966
WDSZ03,NVSZ02,7,1.0255369216286552,0.0,8.025536921628655
WDSZ03,ORSZ02,5,1.0547021588657235,0.0,6.054702158865723
WDSZ03,ORSZ03,2,0.48455230608514893,0.0,2.484552306085149
WDSZ03,OTSZ03,6,0.8807246352451586,0.0,6.8807246352451585
WDSZ03,PGSZ04,1,0.6844480380614013,0.0,1.6844480380614013
WDSZ03,PLSZ04,1,0.06409731371478303,0.0,1.064097313714783
WDSZ03,PNSZ02,2,0.0,0.0,2.0
WDSZ03,PRSZ03,1,0.6150143425955946,0.0,1.6150143425955945
WDSZ03,PRSZ06,1,0.027448896411307953,0.0,1.027448896411308
WDSZ03,QTSZ02,1,0.25952987522306803,0.0,1.259529875223068
WDSZ03,QTSZ05,1,0.36196384162279466,0.0,1.3619638416227946
WDSZ03,QTSZ08,11,0.8620238904969872,0.0,11.862023890496987
WDSZ03,QTSZ09,1,0.033938051936871404,0.0,1.0339380519368715
WDSZ03,QTSZ10,2,0.521386044631075,0.0,2.521386044631075
WDSZ03,QTSZ11,5,0.8565387962863427,0.0,5.856538796286342
WDSZ03,QTSZ12,3,0.2022584152006029,0.0,3.202258415200603
WDSZ03,QTSZ14,1,0.35465825825918673,0.0,1.3546582582591866
WDSZ03,RCSZ01,2,0.25373681223379013,0.0,2.25373681223379
WDSZ03,RCSZ03,1,0.0952333073425134,0.0,1.0952333073425133
WDSZ03,RCSZ10,1,0.2960872166672557,0.0,1.2960872166672557
WDSZ03,SBSZ02,1,0.9502369249113986,0.2342631433726037,2.1845000682840023
WDSZ03,SBSZ03,6,1.8988982600710818,1.3675152294029607,9.266413489474044
WDSZ03,SBSZ04,1,1.1506961821304111,0.46341950626150796,2.614115688391919
WDSZ03,SBSZ06,1,0.2018149023198077,0.0,1.2018149023198077
WDSZ03,SBSZ08,1,0.3722492456408557,0.0,1.3722492456408557
WDSZ03,SBSZ09,4,2.0179834149585925,3.8884538975298253,9.906437312488418
WDSZ03,SESZ03,2,0.6893488060232965,0.0,2.6893488060232964
WDSZ03,SESZ05,1,0.42042521934097665,0.0,1.4204252193409768
WDSZ03,SGSZ02,3,0.33309451538545504,0.0,3.333094515385455
WDSZ03,SGSZ03,1,0.7591228885048918,0.0,1.759122888504892
WDSZ03,SGSZ04,1,0.7432630811521035,0.0,1.7432630811521035
WDSZ03,SGSZ06,2,0.40937842124098683,0.0,2.409378421240987
WDSZ03,SISZ01,1,0.3377790950726429,0.0,1.337779095072643
WDSZ03,SKSZ01,4,0.9171208189562323,0.0,4.917120818956232
WDSZ03,SKSZ03,1,0.12054532066900898,0.0,1.120545320669009
WDSZ03,SRSZ02,1,0.14162024997241884,0.0,1.1416202499724188
WDSZ03,SRSZ03,1,0.1846205049994921,0.0,1.184620504999492
WDSZ03,TMSZ01,1,0.536070355403431,0.0,1.536070355403431
WDSZ03,TMSZ02,4,1.6289666283061077,0.0,5.628966628306108
WDSZ03,TMSZ03,1,0.7172232223737884,0.0,1.7172232223737884
WDSZ03,TMSZ04,1,0.2215283827061149,0.0,1.221528382706115
WDSZ03,TNSZ02,1,0.12372792723621594,0.0,1.123727927236216
WDSZ03,TPSZ02,6,0.6894821551708326,0.0,6.6894821551708326
WDSZ03,TPSZ03,1,0.12357372527773024,0.0,1.1235737252777303
WDSZ03,TPSZ06,6,0.8502324613109667,0.0,6.850232461310966
WDSZ03,TPSZ07,1,0.050847026895825626,0.0,1.0508470268958257
WDSZ03,TPSZ12,2,0.3466795440595877,0.0,2.3466795440595876
WDSZ03,TSSZ03,2,0.16471709904039222,0.0,2.1647170990403923
WDSZ03,TSSZ05,3,1.0344890528508806,0.0,4.034489052850881
WDSZ03,TSSZ06,1,0.026885749918144936,0.0,1.026885749918145
WDSZ03,WCSZ01,5,0.9444355657659872,0.0,5.944435565765987
WDSZ03,WDSZ01,22,1.0781420536888755,1.113861283541197,24.192003337230073
WDSZ03,WDSZ02,24,5.559869471044823,4.445299817333152,34.00516928837798
WDSZ03,WDSZ03,40,6.725129761342416,96.37337144155777,143.0985012029002
WDSZ03,WDSZ04,13,3.0423129977369046,6.356935394209822,22.399248391946728
WDSZ03,WDSZ05,3,1.9627833463222155,0.4355398323455824,5.398323178667797
WDSZ03,WDSZ06,6,0.7282707818403015,0.9621669166693382,7.69043769850964
WDSZ03,WDSZ07,3,0.6324898313479865,0.3529921404085074,3.985481971756494
WDSZ03,WDSZ08,3,0.9023834715355041,0.7114442246464474,4.613827696181952
WDSZ03,WDSZ09,8,1.7391234605923394,0.5230227905714461,10.262146251163784
WDSZ03,YSSZ01,6,0.4855815757258087,0.0,6.485581575725809
WDSZ03,YSSZ03,1,0.9686636348016308,0.0,1.9686636348016306
WDSZ03,YSSZ04,1,0.6834459775512852,0.0,1.683445977551285
WDSZ03,YSSZ08,3,0.2840958086780747,0.0,3.2840958086780745
WDSZ03,YSSZ09,14,1.7829446307070669,1.765888811301938,17.548833442009006
WDSZ04,AMSZ01,3,0.4478270946591717,0.0,3.447827094659172
WDSZ04,AMSZ04,1,0.05305219608557208,0.0,1.053052196085572
WDSZ04,AMSZ06,2,0.5411070670868124,0.0,2.5411070670868123
WDSZ04,AMSZ08,2,0.1805563641438898,0.0,2.18055636414389
WDSZ04,AMSZ12,2,0.204711622147102,0.0,2.204711622147102
WDSZ04,BKSZ01,1,0.1439956391599771,0.0,1.143995639159977
WDSZ04,BMSZ02,1,0.2848777366973424,0.0,1.2848777366973425
WDSZ04,BMSZ07,2,0.6120203904347362,0.0,2.6120203904347363
WDSZ04,BMSZ08,1,0.16079991582463282,0.0,1.160799915824633
WDSZ04,BMSZ12,2,0.301252074694965,0.0,2.301252074694965
WDSZ04,BSSZ01,2,0.9046661825946268,0.0,2.9046661825946267
WDSZ04,BTSZ01,1,0.39903341143701543,0.0,1.3990334114370153
WDSZ04,BTSZ03,1,0.20480291932081857,0.0,1.2048029193208185
WDSZ04,CHSZ03,1,0.8065936034063986,0.0,1.8065936034063985
WDSZ04,CKSZ03,1,0.3995024307753538,0.0,1.3995024307753539
WDSZ04,CKSZ05,1,0.2849236805286229,0.0,1.2849236805286228
WDSZ04,CLSZ01,1,0.1491856901784001,0.0,1.1491856901784
WDSZ04,DTSZ01,2,0.4729949486931328,0.0,2.472994948693133
WDSZ04,DTSZ02,2,0.4700239589200829,0.0,2.4700239589200828
WDSZ04,DTSZ03,3,0.6777033757966169,0.0,3.677703375796617
WDSZ04,DTSZ05,4,0.4036760769776806,0.0,4.40367607697768
WDSZ04,DTSZ06,1,0.05632565315920477,0.0,1.0563256531592047
WDSZ04,DTSZ08,1,0.2577685409019227,0.0,1.2577685409019228
WDSZ04,DTSZ11,1,0.4080764745244989,0.0,1.408076474524499
WDSZ04,DTSZ12,2,0.29797032413192354,0.0,2.2979703241319234
WDSZ04,GLSZ01,1,0.5165193363961508,0.0,1.5165193363961507
WDSZ04,GLSZ03,1,0.389885860280019,0.0,1.389885860280019
WDSZ04,GLSZ05,1,0.46218373871579643,0.0,1.4621837387157965
WDSZ04,HGSZ09,1,0.029239682003981683,0.0,1.0292396820039817
WDSZ04,JESZ03,2,0.5446084742584592,0.0,2.5446084742584594
WDSZ04,JESZ05,3,0.4047429473880259,0.0,3.404742947388026
WDSZ04,JESZ08,2,0.11328983612517168,0.0,2.1132898361251717
WDSZ04,JWSZ01,1,0.0572329384475204,0.0,1.0572329384475203
WDSZ04,JWSZ05,1,0.06388057186706982,0.0,1.0638805718670699
WDSZ04,KLSZ06,1,0.3617704354016122,0.0,1.3617704354016122
WDSZ04,KLSZ07,1,0.40408438634645316,0.0,1.4040843863464532
WDSZ04,KLSZ09,1,0.06914430303409717,0.0,1.0691443030340972
WDSZ04,MDSZ03,1,0.0,0.0,1.0
WDSZ04,MUSZ01,1,0.14053605428145452,0.0,1.1405360542814544
WDSZ04,NVSZ01,2,0.7835526963868882,0.0,2.783552696386888
WDSZ04,NVSZ02,4,0.7962926753711587,0.0,4.796292675371158
WDSZ04,ORSZ02,2,0.6471368139333844,0.0,2.6471368139333844
WDSZ04,ORSZ03,1,0.2681446419267764,0.0,1.2681446419267763
WDSZ04,OTSZ01,1,0.053150731788749815,0.0,1.0531507317887498
WDSZ04,OTSZ03,2,0.7956603040580682,0.0,2.7956603040580683
WDSZ04,PGSZ03,1,0.2957853912538628,0.0,1.2957853912538628
WDSZ04,PLSZ04,1,0.054116829657750824,0.0,1.0541168296577508
WDSZ04,PNSZ02,2,0.0,0.0,2.0
WDSZ04,PRSZ06,1,0.1047694479438214,0.0,1.1047694479438215
WDSZ04,QTSZ08,3,0.5347550302751342,0.0,3.534755030275134
WDSZ04,QTSZ10,2,0.34930618800632635,0.0,2.3493061880063264
WDSZ04,QTSZ11,5,0.6930839747464387,0.0,5.693083974746439
WDSZ04,QTSZ14,2,0.3521938480773149,0.0,2.352193848077315
WDSZ04,RCSZ08,2,0.0,0.0,2.0
WDSZ04,SBSZ02,2,0.35891704691188003,0.0,2.35891704691188
WDSZ04,SBSZ03,1,0.513827098341481,0.48715045769133813,2.000977556032819
WDSZ04,SBSZ08,1,0.23130718210415024,0.0,1.2313071821041501
WDSZ04,SBSZ09,2,1.0879590754541733,0.7706413981564137,3.8586004736105872
WDSZ04,SESZ03,1,0.47759343884941363,0.0,1.4775934388494136
WDSZ04,SGSZ02,1,0.13869026716182764,0.0,1.1386902671618278
WDSZ04,SGSZ03,1,0.37067135965941606,0.0,1.370671359659416
WDSZ04,SKSZ01,1,0.39302934602407497,0.0,1.393029346024075
WDSZ04,SRSZ01,1,0.2653118553202418,0.0,1.2653118553202418
WDSZ04,TMSZ05,2,0.8652524165358546,0.0,2.8652524165358546
WDSZ04,TNSZ01,2,0.2603668597612512,0.0,2.260366859761251
WDSZ04,TPSZ01,1,0.2095299786303243,0.0,1.2095299786303242
WDSZ04,TPSZ02,2,0.3439525342401459,0.0,2.3439525342401457
WDSZ04,TPSZ06,2,0.544992868104032,0.0,2.544992868104032
WDSZ04,TPSZ12,3,0.6586465926787963,0.0,3.6586465926787963
WDSZ04,TSSZ02,1,0.14557658624343722,0.0,1.1455765862434373
WDSZ04,WCSZ01,3,0.8905013201288061,0.0,3.890501320128806
WDSZ04,WDSZ01,19,1.2228721287505295,3.004665773137707,23.227537901888237
WDSZ04,WDSZ02,2,2.0630451975305464,2.374587314745203,6.43763251227575
WDSZ04,WDSZ03,10,2.2433034300375816,3.4521334654778633,15.695436895515446
WDSZ04,WDSZ04,8,0.8276824708747086,20.5184268140504,29.34610928492511
WDSZ04,WDSZ05,5,0.7734137285322353,1.5551679796490943,7.328581708181329
WDSZ04,WDSZ06,2,0.9301702178532292,1.3508582081833398,4.281028426036569
WDSZ04,WDSZ07,1,0.09187088080582732,0.21730850498539706,1.3091793857912244
WDSZ04,WDSZ09,3,0.5995642327691917,0.2673936694750379,3.8669579022442293
WDSZ04,YSSZ01,3,0.3529697050710885,0.0,3.3529697050710885
WDSZ04,YSSZ02,1,0.30020732737563677,0.0,1.3002073273756367
WDSZ04,YSSZ03,1,0.5606189067128831,0.0,1.560618906712883
WDSZ04,YSSZ09,1,0.8696414372805291,0.0,1.8696414372805292
WDSZ05,AMSZ01,1,0.3295978887125159,0.0,1.329597888712516
WDSZ05,AMSZ06,1,0.3821662598238121,0.0,1.382166259823812
WDSZ05,AMSZ10,3,0.6055504478283529,0.0,3.605550447828353
WDSZ05,BKSZ07,1,0.2989145122581626,0.0,1.2989145122581627
WDSZ05,BMSZ01,1,0.201095860115072,0.0,1.201095860115072
WDSZ05,BMSZ05,1,0.29589912990499484,0.0,1.295899129904995
WDSZ05,BMSZ16,1,0.006992468820886226,0.0,1.0069924688208862
WDSZ05,BMSZ17,1,0.17155788102397726,0.0,1.1715578810239773
WDSZ05,BPSZ04,2,0.5204241458447405,0.0,2.5204241458447405
WDSZ05,BPSZ05,1,0.4420808983927092,0.0,1.4420808983927091
WDSZ05,BSSZ01,2,0.6728863465992756,0.0,2.6728863465992756
WDSZ05,BTSZ01,1,0.3263869151186626,0.0,1.3263869151186625
WDSZ05,CHSZ02,1,0.08972702208365713,0.0,1.089727022083657
WDSZ05,CLSZ04,1,0.24601988472954295,0.0,1.246019884729543
WDSZ05,DTSZ02,3,0.7773806681729548,0.0,3.7773806681729547
WDSZ05,DTSZ05,3,0.35702089308783813,0.0,3.3570208930878382
WDSZ05,DTSZ06,1,0.06223538050585717,0.0,1.062235380505857
WDSZ05,DTSZ08,1,0.17504870223395452,0.0,1.1750487022339544
WDSZ05,DTSZ09,2,0.2508333900290823,0.0,2.2508333900290824
WDSZ05,DTSZ11,1,0.35429053552207546,0.0,1.3542905355220753
WDSZ05,DTSZ12,1,0.1338220181160322,0.0,1.1338220181160321
WDSZ05,GLSZ03,1,0.33291380016608135,0.0,1.3329138001660814
WDSZ05,HGSZ06,1,0.40264995344301197,0.0,1.402649953443012
WDSZ05,HGSZ08,1,0.24576638303446147,0.0,1.2457663830344614
WDSZ05,JESZ03,2,0.5670934276640748,0.0,2.5670934276640747
WDSZ05,JESZ05,2,0.7406109857352657,0.0,2.7406109857352656
WDSZ05,JWSZ08,2,0.6507630117537724,0.0,2.6507630117537726
WDSZ05,KLSZ01,1,0.46207877959540195,0.0,1.462078779595402
WDSZ05,KLSZ08,1,0.4378802063766439,0.0,1.4378802063766438
WDSZ05,NVSZ02,3,0.5838371402274075,0.0,3.5838371402274074
WDSZ05,ORSZ02,3,0.5376945050270739,0.0,3.537694505027074
WDSZ05,ORSZ03,1,0.21023464567362862,0.0,1.2102346456736286
WDSZ05,OTSZ03,4,0.8193015686497863,0.0,4.819301568649786
WDSZ05,PGSZ04,1,0.4158939293572282,0.0,1.4158939293572281
WDSZ05,PRSZ01,1,0.0,0.0,1.0
WDSZ05,QTSZ08,2,0.42546378142859903,0.0,2.425463781428599
WDSZ05,QTSZ09,1,0.03095401582209249,0.0,1.0309540158220925
WDSZ05,QTSZ10,1,0.2349375690879784,0.0,1.2349375690879785
WDSZ05,QTSZ11,2,0.4230885827571713,0.0,2.4230885827571713
WDSZ05,RCSZ01,1,0.1497887030698163,0.0,1.1497887030698162
WDSZ05,RCSZ05,1,0.08634860922937061,0.0,1.0863486092293706
WDSZ05,RCSZ09,1,0.10448931676455528,0.0,1.1044893167645553
WDSZ05,SBSZ08,1,0.12009117924787506,0.0,1.1200911792478752
WDSZ05,SBSZ09,2,0.8515336079210357,0.0,2.8515336079210356
WDSZ05,SESZ03,2,0.7448230375359008,0.0,2.744823037535901
WDSZ05,SKSZ04,1,0.2525701164140146,0.0,1.2525701164140146
WDSZ05,TMSZ03,1,0.38331898784823926,0.0,1.3833189878482393
WDSZ05,TMSZ04,1,0.12357709929350723,0.0,1.1235770992935072
WDSZ05,TMSZ05,1,0.3546180522172459,0.0,1.354618052217246
WDSZ05,TPSZ02,2,0.3537290282679106,0.0,2.3537290282679106
WDSZ05,TPSZ03,1,0.10639974778825799,0.0,1.106399747788258
WDSZ05,TPSZ06,1,0.28560592140735214,0.0,1.285605921407352
WDSZ05,TPSZ12,1,0.1799209879448474,0.0,1.1799209879448473
WDSZ05,TSSZ05,1,0.6272442238201432,0.0,1.6272442238201432
WDSZ05,WCSZ01,4,0.7114880264658066,0.0,4.7114880264658066
WDSZ05,WDSZ01,9,0.5438851548123078,3.6896038615191213,13.23348901633143
WDSZ05,WDSZ02,3,1.793177226556511,0.6430041264835082,5.436181353040019
WDSZ05,WDSZ03,6,1.8885583435828706,0.9012442654330922,8.789802609015963
WDSZ05,WDSZ04,4,1.9221814059626214,2.254668291510774,8.176849697473395
WDSZ05,WDSZ05,3,1.960571464298226,17.610759942251402,22.57133140654963
WDSZ05,WDSZ06,1,0.8925314414053078,1.5472607594522478,3.4397922008575557
WDSZ05,WDSZ07,1,0.07763530426506851,0.12658848085607416,1.2042237851211428
WDSZ05,WDSZ09,3,0.526115349430353,0.2255459154578026,3.7516612648881558
WDSZ05,YSSZ02,1,0.3031362709081348,0.0,1.3031362709081349
WDSZ05,YSSZ04,1,0.47551934837453075,0.0,1.4755193483745308
WDSZ05,YSSZ09,3,0.9600485104382673,0.0,3.960048510438267
WDSZ06,AMSZ01,2,0.3446024494189877,0.0,2.344602449418988
WDSZ06,AMSZ10,1,0.18120037938439237,0.0,1.1812003793843924
WDSZ06,BMSZ02,1,0.17177927832884088,0.0,1.1717792783288408
WDSZ06,BMSZ07,1,0.3027694774290867,0.0,1.3027694774290868
WDSZ06,BMSZ13,1,0.09633046238057366,0.0,1.0963304623805736
WDSZ06,BPSZ01,1,0.14764767751578337,0.0,1.1476476775157833
WDSZ06,BPSZ05,2,0.31659265944403997,0.0,2.31659265944404
WDSZ06,BSSZ01,1,0.29914718341678664,0.0,1.2991471834167867
WDSZ06,BTSZ01,2,0.32568957146716904,0.0,2.3256895714671693
WDSZ06,BTSZ06,1,0.05333240980878511,0.0,1.053332409808785
WDSZ06,CKSZ03,2,0.4250924752575197,0.0,2.42509247525752
WDSZ06,CKSZ04,2,0.39106787326903975,0.0,2.39106787326904
WDSZ06,CKSZ06,1,0.26007035126942685,0.0,1.260070351269427
WDSZ06,CLSZ06,1,0.14598364504747668,0.0,1.1459836450474767
WDSZ06,DTSZ01,1,0.2888209813565468,0.0,1.2888209813565468
WDSZ06,DTSZ05,5,1.2489512920881212,0.0,6.248951292088121
WDSZ06,DTSZ07,1,0.2429186739739769,0.0,1.2429186739739768
WDSZ06,DTSZ08,2,0.07348147358700562,0.0,2.0734814735870057
WDSZ06,DTSZ11,3,0.40348184649461316,0.0,3.4034818464946133
WDSZ06,DTSZ12,1,0.0797203679890237,0.0,1.0797203679890237
WDSZ06,GLSZ01,1,0.23897961430178047,0.0,1.2389796143017804
WDSZ06,GLSZ03,2,0.2848472034313391,0.0,2.284847203431339
WDSZ06,GLSZ04,1,0.1571992772383718,0.0,1.1571992772383717
WDSZ06,GLSZ05,1,0.21844136242484996,0.0,1.21844136242485
WDSZ06,JESZ03,1,0.22358826450708497,0.0,1.223588264507085
WDSZ06,JESZ05,3,0.19573516225738902,0.0,3.195735162257389
WDSZ06,JESZ06,1,0.05992969148410282,0.0,1.0599296914841028
WDSZ06,JESZ10,3,0.0,0.0,3.0
WDSZ06,JWSZ04,1,0.31898329560046457,0.0,1.3189832956004646
WDSZ06,KLSZ08,2,0.19670855751422497,0.0,2.196708557514225
WDSZ06,MUSZ01,1,0.10363160002403168,0.0,1.1036316000240316
WDSZ06,NVSZ01,1,0.3957437061166052,0.0,1.3957437061166051
WDSZ06,NVSZ02,2,0.8728062704811358,0.0,2.872806270481136
WDSZ06,ORSZ02,3,0.2886924056731491,0.0,3.288692405673149
WDSZ06,ORSZ03,3,0.14300107229477474,0.0,3.1430010722947745
WDSZ06,OTSZ03,3,0.7805369957229119,0.0,3.780536995722912
WDSZ06,QTSZ02,1,0.06702896221849029,0.0,1.0670289622184903
WDSZ06,QTSZ08,1,0.2230325651978073,0.0,1.2230325651978073
WDSZ06,QTSZ09,2,0.0776295067382734,0.0,2.0776295067382735
WDSZ06,QTSZ11,3,0.1434462529388208,0.0,3.143446252938821
WDSZ06,QTSZ12,1,0.12658966547742864,0.0,1.1265896654774286
WDSZ06,QTSZ13,1,0.1850056267602962,0.0,1.1850056267602962
WDSZ06,RCSZ10,1,0.10868166705093112,0.0,1.1086816670509312
WDSZ06,SBSZ01,1,0.2835225076576539,0.0,1.283522507657654
WDSZ06,SBSZ04,1,0.3333873804044674,0.0,1.3333873804044674
WDSZ06,SBSZ09,2,0.5075218707513302,0.0,2.5075218707513303
WDSZ06,SKSZ03,1,0.09036703926987441,0.0,1.0903670392698743
WDSZ06,SRSZ01,1,0.14822389774890793,0.0,1.1482238977489079
WDSZ06,SRSZ02,1,0.06499869678278983,0.0,1.0649986967827898
WDSZ06,SVSZ01,2,0.47135955596254875,0.0,2.4713595559625485
WDSZ06,TMSZ04,1,0.07368537807940814,0.0,1.0736853780794082
WDSZ06,TPSZ01,1,0.0959513850206919,0.0,1.095951385020692
WDSZ06,TPSZ03,2,0.10226462987981026,0.0,2.1022646298798104
WDSZ06,TPSZ06,1,0.16757746190964637,0.0,1.1675774619096464
WDSZ06,TPSZ09,1,0.060268065290580285,0.0,1.0602680652905803
WDSZ06,TPSZ12,1,0.12505699791734826,0.0,1.1250569979173481
WDSZ06,TSSZ02,1,0.10730375847639366,0.0,1.1073037584763936
WDSZ06,WCSZ01,1,0.26265353041639217,0.0,1.2626535304163922
WDSZ06,WDSZ01,14,0.4060475029979323,0.9798884503333725,15.385935953331305
WDSZ06,WDSZ02,7,0.8935277785588317,0.9868808449316983,8.88040862349053
WDSZ06,WDSZ03,5,0.8927749136026679,0.3271229648369243,6.219897878439593
WDSZ06,WDSZ04,2,0.7654381213107297,0.1710682305726251,2.936506351883355
WDSZ06,WDSZ06,10,1.1126955168957533,25.12857522349468,36.24127074039043
WDSZ06,WDSZ07,1,0.05009642072375549,0.08514936651913071,1.1352457872428863
WDSZ06,WDSZ09,4,0.17507728631122335,0.31994136465217504,4.495018650963399
WDSZ06,YSSZ02,1,0.1436488218178968,0.0,1.1436488218178968
WDSZ06,YSSZ09,2,0.45763222782749313,0.0,2.457632227827493
WDSZ07,AMSZ02,1,0.07364512872320272,0.0,1.0736451287232027
WDSZ07,AMSZ04,1,0.0,0.0,1.0
WDSZ07,AMSZ07,1,0.06645555698706511,0.0,1.066455556987065
WDSZ07,BDSZ01,1,0.01773272061120168,0.0,1.0177327206112017
WDSZ07,BSSZ02,1,0.046768940513121006,0.0,1.046768940513121
WDSZ07,BTSZ03,1,0.06104535172246285,0.0,1.061045351722463
WDSZ07,CKSZ03,1,0.15487960696179082,0.0,1.1548796069617908
WDSZ07,DTSZ01,1,0.08826547342885774,0.0,1.0882654734288577
WDSZ07,JESZ05,1,0.17042176290447267,0.0,1.1704217629044726
WDSZ07,JWSZ09,1,0.1636850018267169,0.0,1.1636850018267169
WDSZ07,NVSZ01,1,0.11391369958967569,0.0,1.1139136995896757
WDSZ07,SBSZ01,1,0.08733918268299434,0.0,1.0873391826829943
WDSZ07,SGSZ03,1,0.04914288147377011,0.0,1.0491428814737702
WDSZ07,SGSZ05,1,0.036318578239520546,0.0,1.0363185782395206
WDSZ07,SKSZ01,1,0.06952380934904007,0.0,1.06952380934904
WDSZ07,TMSZ02,1,0.07522889857404663,0.0,1.0752288985740466
WDSZ07,TMSZ05,1,0.13211945656535515,0.0,1.1321194565653552
WDSZ07,WDSZ03,2,0.398911152667966,0.0,2.398911152667966
WDSZ07,YSSZ09,1,0.1946027971783305,0.0,1.1946027971783306
WDSZ08,BLSZ01,1,0.070671101864099,0.0,1.070671101864099
WDSZ08,BSSZ01,1,0.1207801612877424,0.0,1.1207801612877424
WDSZ08,CKSZ01,1,0.21084771405506914,0.0,1.210847714055069
WDSZ08,DTSZ02,1,0.09472630424324362,0.0,1.0947263042432436
WDSZ08,HGSZ02,1,0.0962614227999374,0.0,1.0962614227999374
WDSZ08,HGSZ03,1,0.08124998306084998,0.0,1.08124998306085
WDSZ08,JESZ05,1,0.09268613385902649,0.0,1.0926861338590266
WDSZ08,JWSZ04,1,0.18469504255779656,0.0,1.1846950425577965
WDSZ08,PGSZ05,1,0.11678330786337267,0.0,1.1167833078633727
WDSZ08,QTSZ06,1,0.04642652666126059,0.0,1.0464265266612607
WDSZ08,SBSZ01,1,0.19270990229194504,0.0,1.192709902291945
WDSZ08,SBSZ03,2,0.23496655497809665,0.22600086789259113,2.460967422870688
WDSZ08,SBSZ04,1,0.3322385034580711,0.15185229352903062,1.4840907969871018
WDSZ08,SBSZ05,1,0.022143209058113383,0.03886358577504063,1.0610067948331539
WDSZ08,SESZ03,1,0.16542621857696485,0.0,1.1654262185769648
WDSZ08,SGSZ03,1,0.0504688887882532,0.0,1.0504688887882532
WDSZ08,SGSZ06,1,0.07388839787708397,0.0,1.073888397877084
WDSZ08,TMSZ03,1,0.14869156302473763,0.0,1.1486915630247376
WDSZ08,TPSZ02,1,0.09750435907191744,0.0,1.0975043590719173
WDSZ08,WDSZ01,2,0.07002153352682078,0.0649226178799781,2.1349441514067986
WDSZ08,WDSZ02,1,0.4422800094407005,0.12127982178552248,1.5635598312262229
WDSZ08,WDSZ03,3,0.7453864597334765,0.3970320281440254,4.142418487877502
WDSZ08,YSSZ01,2,0.09774631810472417,0.0,2.0977463181047242
WDSZ08,YSSZ09,1,0.21140038381605256,0.0,1.2114003838160525
WDSZ09,AMSZ11,1,0.009757311689083992,0.0,1.009757311689084
WDSZ09,BDSZ03,1,0.0,0.0,1.0
WDSZ09,BDSZ07,1,0.0,0.0,1.0
WDSZ09,BKSZ05,1,0.18150992624170492,0.0,1.1815099262417048
WDSZ09,BMSZ05,1,0.18875439202811053,0.0,1.1887543920281105
WDSZ09,BMSZ09,1,0.0,0.0,1.0
WDSZ09,BPSZ03,1,0.0827261555123008,0.0,1.082726155512301
WDSZ09,BSSZ01,1,0.12362714802047332,0.0,1.1236271480204734
WDSZ09,BSSZ02,1,0.115583665521853,0.0,1.115583665521853
WDSZ09,CHSZ02,1,0.04777215599657533,0.0,1.0477721559965754
WDSZ09,CHSZ03,1,0.5198144200315736,0.0,1.5198144200315737
WDSZ09,CKSZ01,1,0.24429032133848314,0.0,1.244290321338483
WDSZ09,CKSZ02,1,0.15170468591860595,0.0,1.151704685918606
WDSZ09,CKSZ05,1,0.07523884142171086,0.0,1.075238841421711
WDSZ09,CLSZ04,1,0.1295321830570048,0.0,1.1295321830570049
WDSZ09,CLSZ07,1,0.12105023365651191,0.0,1.1210502336565118
WDSZ09,DTSZ05,1,0.11639770869777451,0.0,1.1163977086977745
WDSZ09,DTSZ11,1,0.11267030241470034,0.0,1.1126703024147004
WDSZ09,GLSZ04,1,0.07526617542875143,0.0,1.0752661754287514
WDSZ09,HGSZ01,1,0.1302774251979298,0.0,1.1302774251979297
WDSZ09,HGSZ05,2,0.4868976184918755,0.0,2.4868976184918754
WDSZ09,HGSZ06,1,0.19497022725662042,0.0,1.1949702272566205
WDSZ09,JWSZ01,1,0.016111604657392656,0.0,1.0161116046573926
WDSZ09,JWSZ08,1,0.21577008905776887,0.0,1.215770089057769
WDSZ09,KLSZ06,1,0.24101954066683842,0.0,1.2410195406668385
WDSZ09,KLSZ09,1,0.008367673864907036,0.0,1.008367673864907
WDSZ09,NVSZ05,1,0.0,0.0,1.0
WDSZ09,ORSZ02,1,0.14766340154704855,0.0,1.1476634015470486
WDSZ09,ORSZ03,1,0.13629787807233895,0.0,1.136297878072339
WDSZ09,QTSZ01,1,0.0861394400571972,0.0,1.086139440057197
WDSZ09,QTSZ06,1,0.0691104266238181,0.0,1.069110426623818
WDSZ09,QTSZ08,1,0.14951532348709617,0.0,1.1495153234870963
WDSZ09,QTSZ11,2,0.15585218013997756,0.0,2.1558521801399775
WDSZ09,SBSZ01,1,0.25234430602611424,0.0,1.2523443060261141
WDSZ09,SBSZ03,1,0.2613765958700635,0.0,1.2613765958700636
WDSZ09,SESZ02,1,0.10902793115353152,0.0,1.1090279311535316
WDSZ09,SGSZ03,1,0.1351425829471056,0.0,1.1351425829471056
WDSZ09,SKSZ02,1,0.0,0.0,1.0
WDSZ09,SKSZ04,1,0.044529000618226316,0.0,1.0445290006182264
WDSZ09,TMSZ01,1,0.17069073559484219,0.0,1.1706907355948422
WDSZ09,TMSZ05,1,0.18287980280919974,0.0,1.1828798028091998
WDSZ09,TPSZ06,1,0.10216060550304641,0.0,1.1021606055030464
WDSZ09,TSSZ02,1,0.06202729156441547,0.0,1.0620272915644156
WDSZ09,WDSZ01,10,0.22189819545364614,0.2335099924325589,10.455408187886205
WDSZ09,WDSZ02,2,0.6274061454530696,0.14659620182970876,2.7740023472827784
WDSZ09,WDSZ03,7,2.5139333484867668,0.21452757112204177,9.728460919608809
WDSZ09,WDSZ04,4,0.5973842172024177,0.13566570039579962,4.733049917598217
WDSZ09,WDSZ05,1,0.27723535371548497,0.03195076524760092,1.309186118963086
WDSZ09,WDSZ06,5,0.6001722445110013,0.34196333397731754,5.942135578488319
WDSZ09,WDSZ09,2,0.25990656830571396,4.895492133792178,7.155398702097893
WDSZ09,YSSZ02,1,0.07170417617720942,0.0,1.0717041761772095
WDSZ09,YSSZ03,1,0.17649244250994184,0.0,1.176492442509942
YSSZ01,AMSZ03,1,0.2973799478270592,0.0,1.2973799478270591
YSSZ01,AMSZ05,1,0.420711545672778,0.0,1.420711545672778
YSSZ01,AMSZ07,1,0.4661037521266125,0.0,1.4661037521266125
YSSZ01,AMSZ09,2,0.29961311746775704,0.0,2.299613117467757
YSSZ01,AMSZ10,1,0.2974746432471222,0.0,1.2974746432471223
YSSZ01,AMSZ12,1,0.1695621579465122,0.0,1.1695621579465123
YSSZ01,BDSZ03,1,0.36111293528236843,0.0,1.3611129352823683
YSSZ01,BDSZ06,1,0.5800761274676179,0.0,1.5800761274676178
YSSZ01,BKSZ05,1,0.4410225668008513,0.0,1.4410225668008514
YSSZ01,BMSZ01,1,0.25264650729189586,0.0,1.252646507291896
YSSZ01,BMSZ02,2,0.26319442010016353,0.0,2.2631944201001635
YSSZ01,BMSZ06,2,0.176272285957125,0.0,2.176272285957125
YSSZ01,BMSZ09,1,0.051322962571685504,0.0,1.0513229625716856
YSSZ01,BMSZ17,1,0.20689556112720572,0.0,1.2068955611272056
YSSZ01,BPSZ03,1,0.13587681701525992,0.0,1.13587681701526
YSSZ01,BPSZ06,1,0.15250280635531094,0.0,1.1525028063553109
YSSZ01,BSSZ01,1,0.45970331669281395,0.0,1.459703316692814
YSSZ01,BSSZ03,1,0.3220727430745876,0.0,1.3220727430745876
YSSZ01,BTSZ06,1,0.08360456630420451,0.0,1.0836045663042044
YSSZ01,CCSZ01,1,0.14182400033555828,0.0,1.1418240003355582
YSSZ01,CHSZ03,1,0.5081369277704187,0.0,1.5081369277704186
YSSZ01,CKSZ01,1,0.30000082289596774,0.0,1.3000008228959676
YSSZ01,CKSZ03,1,0.31811966486155124,0.0,1.3181196648615512
YSSZ01,CKSZ04,1,0.14538307003182943,0.0,1.1453830700318295
YSSZ01,CKSZ05,1,0.1757287303518933,0.0,1.1757287303518933
YSSZ01,DTSZ05,1,0.16965692886293451,0.0,1.1696569288629346
YSSZ01,DTSZ11,1,0.30433762318151397,0.0,1.304337623181514
YSSZ01,HGSZ04,1,0.24028266174117047,0.0,1.2402826617411704
YSSZ01,HGSZ05,1,0.42307140327093606,0.0,1.423071403270936
YSSZ01,JESZ05,1,0.28750170555948446,0.0,1.2875017055594844
YSSZ01,MDSZ02,1,0.2649507702884015,0.0,1.2649507702884015
YSSZ01,NVSZ01,2,0.7267364546857769,0.0,2.726736454685777
YSSZ01,ORSZ02,2,0.46980618924622647,0.0,2.4698061892462264
YSSZ01,PGSZ05,1,0.34073371128133473,0.0,1.3407337112813347
YSSZ01,PRSZ02,1,0.33757616383701594,0.0,1.3375761638370158
YSSZ01,PRSZ05,1,0.5301904269973711,0.0,1.530190426997371
YSSZ01,QTSZ11,1,0.2262050430346594,0.0,1.2262050430346594
YSSZ01,QTSZ13,1,0.24813647441534728,0.0,1.2481364744153474
YSSZ01,RCSZ02,1,0.08897536973595321,0.0,1.0889753697359532
YSSZ01,SBSZ01,9,0.5985186621843872,0.7690259727689881,10.367544634953376
YSSZ01,SBSZ02,2,0.35022021922545843,0.2061171835277769,2.5563374027532353
YSSZ01,SBSZ03,11,0.9852073731145871,0.0,11.985207373114587
YSSZ01,SBSZ04,1,0.5571308253201078,0.0,1.5571308253201077
YSSZ01,SBSZ05,3,0.08187525954866505,0.05273611114505138,3.134611370693716
YSSZ01,SESZ02,2,0.4690496319602836,0.0,2.4690496319602837
YSSZ01,SESZ03,2,0.8139221329941103,0.0,2.81392213299411
YSSZ01,SESZ04,3,0.5401053281002753,0.0,3.5401053281002755
YSSZ01,SESZ06,1,0.7403858209732613,0.0,1.7403858209732612
YSSZ01,SGSZ01,1,0.3075579642881345,0.0,1.3075579642881345
YSSZ01,SGSZ06,2,0.31101323791347146,0.0,2.3110132379134716
YSSZ01,SGSZ07,1,0.08173623128732194,0.0,1.081736231287322
YSSZ01,TMSZ02,3,0.7396900685490181,0.0,3.739690068549018
YSSZ01,TMSZ03,1,0.4543518485507682,0.0,1.4543518485507683
YSSZ01,TNSZ01,1,0.217313674496973,0.0,1.217313674496973
YSSZ01,TPSZ01,1,0.1314686195178935,0.0,1.1314686195178936
YSSZ01,TPSZ02,3,0.40344437917308784,0.0,3.403444379173088
YSSZ01,TPSZ09,1,0.10590346797133984,0.0,1.1059034679713398
YSSZ01,WDSZ01,3,0.12642283594470857,0.0,3.1264228359447084
YSSZ01,WDSZ02,1,0.5316515711864491,0.0,1.5316515711864491
YSSZ01,WDSZ03,6,0.9969534125521622,0.0,6.996953412552163
YSSZ01,WDSZ04,1,0.45895598965834683,0.0,1.4589559896583468
YSSZ01,WDSZ05,1,0.32767807114975717,0.0,1.327678071149757
YSSZ01,WDSZ08,1,0.269138689092599,0.0,1.269138689092599
YSSZ01,WDSZ09,1,0.18939317314391182,0.0,1.1893931731439118
YSSZ01,YSSZ01,1,1.0197295563909696,32.034074750480215,34.053804306871186
YSSZ01,YSSZ02,5,0.7480734672387647,2.601443813524239,8.349517280763003
YSSZ01,YSSZ03,27,4.310467017645325,3.0632817619837094,34.37374877962903
YSSZ01,YSSZ04,7,1.9024673015252151,3.7107674289265824,12.613234730451797
YSSZ01,YSSZ05,10,0.12424494610240552,0.1917224882205128,10.31596743432292
YSSZ01,YSSZ06,2,0.19586682402468142,0.0,2.1958668240246815
YSSZ01,YSSZ08,3,0.4573635555906947,0.16252769746683815,3.619891253057533
YSSZ01,YSSZ09,17,3.7681959208704905,11.205705807167366,31.973901728037855
YSSZ02,AMSZ01,2,0.4036786832469264,0.0,2.4036786832469264
YSSZ02,AMSZ04,1,0.03025360462647897,0.0,1.030253604626479
YSSZ02,AMSZ07,1,0.15845727909601587,0.0,1.158457279096016
YSSZ02,AMSZ08,1,0.1398323648690722,0.0,1.1398323648690722
YSSZ02,AMSZ10,1,0.19133461651311398,0.0,1.191334616513114
YSSZ02,BKSZ01,1,0.09077123093638044,0.0,1.0907712309363804
YSSZ02,BKSZ02,1,0.17081114021670696,0.0,1.170811140216707
YSSZ02,BKSZ04,1,0.16987405076986103,0.0,1.169874050769861
YSSZ02,BKSZ09,1,0.20237275841511762,0.0,1.2023727584151176
YSSZ02,BMSZ05,1,0.21250410400591596,0.0,1.212504104005916
YSSZ02,BMSZ11,1,0.07360825942613906,0.0,1.0736082594261391
YSSZ02,BPSZ04,1,0.19708599810299693,0.0,1.1970859981029969
YSSZ02,BSSZ01,1,0.3334531589126158,0.0,1.3334531589126157
YSSZ02,BTSZ01,1,0.2214062875375479,0.0,1.221406287537548
YSSZ02,CHSZ02,1,0.1258807215965268,0.0,1.1258807215965267
YSSZ02,CKSZ04,1,0.14111056371696207,0.0,1.141110563716962
YSSZ02,CKSZ05,1,0.13575019100804772,0.0,1.1357501910080476
YSSZ02,CLSZ04,1,0.16480769463703765,0.0,1.1648076946370376
YSSZ02,DTSZ02,2,0.287818517625003,0.0,2.287818517625003
YSSZ02,DTSZ03,1,0.19313215979215292,0.0,1.193132159792153
YSSZ02,DTSZ08,1,0.18467088492883832,0.0,1.1846708849288383
YSSZ02,DTSZ11,1,0.3106094116430031,0.0,1.3106094116430032
YSSZ02,GLSZ01,1,0.23577671417286591,0.0,1.235776714172866
YSSZ02,GLSZ05,1,0.2905570907755685,0.0,1.2905570907755686
YSSZ02,JESZ05,4,0.4031171947884019,0.0,4.403117194788402
YSSZ02,JWSZ08,1,0.3447147081053127,0.0,1.3447147081053128
YSSZ02,KLSZ02,1,0.07283876018104164,0.0,1.0728387601810416
YSSZ02,KLSZ07,1,0.25497304354096334,0.0,1.2549730435409634
YSSZ02,MPSZ01,1,0.12329965304575642,0.0,1.1232996530457564
YSSZ02,NVSZ01,1,0.4300311842848298,0.0,1.4300311842848297
YSSZ02,NVSZ02,3,0.4235105875116032,0.0,3.423510587511603
YSSZ02,NVSZ03,1,0.09857511202616942,0.0,1.0985751120261695
YSSZ02,ORSZ02,1,0.234750546818601,0.0,1.234750546818601
YSSZ02,ORSZ03,2,0.2483711418211937,0.0,2.2483711418211936
YSSZ02,OTSZ01,1,0.03679145694199534,0.0,1.0367914569419954
YSSZ02,OTSZ03,4,0.6278262994608463,0.0,4.627826299460846
YSSZ02,OTSZ04,1,0.07140800646750535,0.0,1.0714080064675053
YSSZ02,PGSZ04,2,0.48270385414006833,0.0,2.4827038541400683
YSSZ02,QTSZ08,1,0.2084346335289277,0.0,1.2084346335289278
YSSZ02,QTSZ10,2,0.21161791251225762,0.0,2.2116179125122577
YSSZ02,QTSZ11,1,0.22112614222644794,0.0,1.2211261422264479
YSSZ02,QTSZ14,1,0.18849497642472754,0.0,1.1884949764247275
YSSZ02,RCSZ05,1,0.060879737533316276,0.0,1.0608797375333163
YSSZ02,RCSZ10,1,0.1272374637038287,0.0,1.1272374637038287
YSSZ02,SBSZ01,3,1.6577512833767674,4.207398862085248,8.865150145462016
YSSZ02,SBSZ02,2,0.6816775727101033,0.8617865311426354,3.543464103852739
YSSZ02,SBSZ03,1,0.45377122306212914,0.36864938550264925,1.8224206085647783
YSSZ02,SBSZ04,1,0.45086560745724175,0.6456893823877677,2.0965549898450093
YSSZ02,SBSZ08,1,0.09746918717521635,0.0,1.0974691871752165
YSSZ02,SESZ03,2,0.7236773205393687,0.0,2.7236773205393687
YSSZ02,TMSZ04,1,0.2860008253455287,0.0,1.2860008253455286
YSSZ02,TMSZ05,2,0.3443296953093566,0.0,2.3443296953093564
YSSZ02,TPSZ02,3,0.25592960624864425,0.0,3.2559296062486442
YSSZ02,TPSZ12,1,0.11597392965000228,0.0,1.1159739296500022
YSSZ02,WCSZ01,1,0.23570552090740843,0.0,1.2357055209074084
YSSZ02,WDSZ02,3,0.3726186152059781,0.0,3.3726186152059783
YSSZ02,WDSZ03,1,0.5359308109999686,0.0,1.5359308109999685
YSSZ02,WDSZ04,1,0.37811791453194527,0.0,1.3781179145319453
YSSZ02,WDSZ05,1,0.409249642449847,0.0,1.409249642449847
YSSZ02,WDSZ06,1,0.2892225250352804,0.0,1.2892225250352805
YSSZ02,WDSZ09,2,0.15709407309240975,0.0,2.1570940730924097
YSSZ02,YSSZ01,5,0.8000505515323478,2.8856248815431904,8.685675433075538
YSSZ02,YSSZ02,2,0.634185997500595,6.993164517900436,9.62735051540103
YSSZ02,YSSZ03,4,2.3831543918820466,4.253677723937528,10.636832115819574
YSSZ02,YSSZ04,1,0.7383199592143904,0.31748023374246825,2.0558001929568586
YSSZ02,YSSZ05,2,0.2735427278667692,0.13210440637659557,2.4056471342433645
YSSZ02,YSSZ09,10,2.1891011172695487,10.332931223485886,22.522032340755434
YSSZ03,AMSZ01,5,1.3296231062558592,0.0,6.329623106255859
YSSZ03,AMSZ10,3,1.3362189439009478,0.0,4.336218943900947
YSSZ03,AMSZ11,3,0.12127991567494162,0.0,3.1212799156749416
YSSZ03,AMSZ12,4,0.30755490486135056,0.0,4.307554904861351
YSSZ03,BDSZ01,1,0.6503611650547637,0.0,1.6503611650547638
YSSZ03,BDSZ04,1,0.6292163916204206,0.0,1.6292163916204205
YSSZ03,BKSZ01,1,0.16027330131575984,0.0,1.1602733013157598
YSSZ03,BKSZ07,1,0.5511772716801853,0.0,1.5511772716801853
YSSZ03,BKSZ09,1,0.4260947557692421,0.0,1.426094755769242
YSSZ03,BLSZ02,1,0.06771792854122449,0.0,1.0677179285412244
YSSZ03,BMSZ05,1,0.43083253257147097,0.0,1.430832532571471
YSSZ03,BMSZ12,1,0.44743078247701007,0.0,1.44743078247701
YSSZ03,BSSZ01,5,1.447065037585708,0.0,6.447065037585708
YSSZ03,BSSZ03,1,0.7444694265839731,0.0,1.744469426583973
YSSZ03,BTSZ01,3,1.0817364481084013,0.0,4.081736448108401
YSSZ03,CKSZ05,1,0.22765928926048665,0.0,1.2276592892604867
YSSZ03,DTSZ01,1,0.47131368701843457,0.0,1.4713136870184345
YSSZ03,DTSZ02,3,0.7640942847543539,0.0,3.764094284754354
YSSZ03,DTSZ03,4,1.109051353971271,0.0,5.109051353971271
YSSZ03,DTSZ05,1,0.3842429151255103,0.0,1.3842429151255102
YSSZ03,DTSZ07,1,0.218354006378006,0.0,1.218354006378006
YSSZ03,DTSZ08,2,0.39501813448481266,0.0,2.3950181344848125
YSSZ03,DTSZ09,1,0.23272779287072823,0.0,1.2327277928707283
YSSZ03,DTSZ10,1,0.06587097950682118,0.0,1.065870979506821
YSSZ03,DTSZ11,5,0.696440008690404,0.0,5.696440008690404
YSSZ03,GLSZ01,2,0.6684351044481452,0.0,2.6684351044481454
YSSZ03,HGSZ04,2,0.8666064549240049,0.0,2.866606454924005
YSSZ03,HGSZ05,1,0.8872923040558878,0.0,1.8872923040558878
YSSZ03,HGSZ08,2,0.6261904557406698,0.0,2.62619045574067
YSSZ03,JESZ01,1,0.2142015052581764,0.0,1.2142015052581765
YSSZ03,JESZ05,1,0.47839613996629926,0.0,1.4783961399662993
YSSZ03,JESZ06,1,0.15965439059519945,0.0,1.1596543905951995
YSSZ03,JESZ08,1,0.13292877463146305,0.0,1.1329287746314631
YSSZ03,JESZ10,1,0.0,0.0,1.0
YSSZ03,JWSZ06,1,0.22462286478309826,0.0,1.2246228647830983
YSSZ03,JWSZ09,2,0.6884891591130912,0.0,2.6884891591130913
YSSZ03,KLSZ06,1,0.48723751673596133,0.0,1.4872375167359613
YSSZ03,LKSZ01,1,0.3099392546487646,0.0,1.3099392546487647
YSSZ03,MUSZ03,2,0.09639287723704189,0.0,2.096392877237042
YSSZ03,NTSZ03,1,0.09362206883162029,0.0,1.0936220688316203
YSSZ03,NVSZ01,2,1.286466431365681,0.0,3.286466431365681
YSSZ03,NVSZ02,6,1.1111251980535501,0.0,7.11112519805355
YSSZ03,ORSZ02,4,1.2216042453060934,0.0,5.221604245306093
YSSZ03,ORSZ03,1,0.3508775302158479,0.0,1.3508775302158478
YSSZ03,OTSZ03,2,0.7019159092665119,0.0,2.701915909266512
YSSZ03,PLSZ03,2,0.0739360402927843,0.0,2.0739360402927844
YSSZ03,PLSZ04,1,0.06695150901829214,0.0,1.0669515090182922
YSSZ03,QTSZ02,1,0.31465151270975317,0.0,1.3146515127097531
YSSZ03,QTSZ06,1,0.1646007030740883,0.0,1.1646007030740884
YSSZ03,QTSZ08,4,1.4916277155219766,0.0,5.491627715521977
YSSZ03,QTSZ11,3,0.8639323688214374,0.0,3.8639323688214375
YSSZ03,QTSZ12,2,0.22477665056784876,0.0,2.224776650567849
YSSZ03,QTSZ14,2,0.4667058136729768,0.0,2.4667058136729767
YSSZ03,RCSZ01,2,0.24478838705665812,0.0,2.244788387056658
YSSZ03,RCSZ10,1,0.2721866828244337,0.0,1.2721866828244337
YSSZ03,SBSZ03,2,1.2407670371326949,0.0,3.240767037132695
YSSZ03,SBSZ04,2,1.3535989664865007,0.0,3.3535989664865005
YSSZ03,SBSZ06,1,0.20225402620160735,0.0,1.2022540262016073
YSSZ03,SGSZ03,5,0.9435761213928344,0.0,5.943576121392835
YSSZ03,SGSZ06,1,0.5273810876241125,0.0,1.5273810876241125
YSSZ03,SLSZ01,2,1.8650150901486846,0.0,3.8650150901486846
YSSZ03,SRSZ02,1,0.11223469295791758,0.0,1.1122346929579177
YSSZ03,TMSZ04,1,0.668539897372869,0.0,1.668539897372869
YSSZ03,TMSZ05,1,0.729696552081927,0.0,1.729696552081927
YSSZ03,TNSZ04,1,0.21950340649606725,0.0,1.2195034064960673
YSSZ03,TPSZ02,1,0.6072150867553888,0.0,1.6072150867553887
YSSZ03,TPSZ03,1,0.2126250775760344,0.0,1.2126250775760343
YSSZ03,TPSZ06,2,0.9793942747755497,0.0,2.97939427477555
YSSZ03,TSSZ05,1,1.1427664219144187,0.0,2.142766421914419
YSSZ03,WCSZ01,3,0.9680293229155263,0.0,3.9680293229155263
YSSZ03,WDSZ01,2,0.19735662066686305,0.0,2.197356620666863
YSSZ03,WDSZ02,6,0.8728259075336964,0.0,6.872825907533697
YSSZ03,WDSZ03,1,0.8658589449637702,0.0,1.8658589449637701
YSSZ03,WDSZ05,1,0.4352319262158137,0.0,1.4352319262158137
YSSZ03,WDSZ08,1,0.24107083537750543,0.0,1.2410708353775055
YSSZ03,YSSZ01,21,4.54581758463205,6.572678996945694,32.118496581577745
YSSZ03,YSSZ02,6,2.040875547739762,3.6333121898491387,11.674187737588902
YSSZ03,YSSZ03,18,18.227910191729162,33.21897024705351,69.44688043878267
YSSZ03,YSSZ04,7,2.123820375902672,4.114268470698837,13.238088846601508
YSSZ03,YSSZ05,3,0.8505089282280145,0.10022694005834629,3.950735868286361
YSSZ03,YSSZ07,1,0.3025979632257518,0.0,1.3025979632257518
YSSZ03,YSSZ08,3,0.5811040600367459,0.06365715361677027,3.644761213653516
YSSZ03,YSSZ09,21,5.856444119112188,10.294097123645338,37.15054124275753
YSSZ04,AMSZ01,4,1.2465093363510402,0.0,5.24650933635104
YSSZ04,AMSZ07,1,0.28029594217083204,0.0,1.280295942170832
YSSZ04,AMSZ08,2,0.4852895560546059,0.0,2.4852895560546058
YSSZ04,AMSZ12,1,0.34801824366093376,0.0,1.3480182436609338
YSSZ04,BDSZ04,3,0.8471153582597488,0.0,3.8471153582597486
YSSZ04,BKSZ07,1,0.2517390665945739,0.0,1.251739066594574
YSSZ04,BMSZ01,1,0.38857093607699583,0.0,1.3885709360769958
YSSZ04,BMSZ02,2,0.3823051583258091,0.0,2.382305158325809
YSSZ04,BMSZ05,2,0.35760007944014327,0.0,2.357600079440143
YSSZ04,BMSZ15,1,0.14847481292698528,0.0,1.1484748129269853
YSSZ04,BSSZ01,4,1.2974553085619336,0.0,5.297455308561934
YSSZ04,BSSZ02,1,0.49592088929676864,0.0,1.4959208892967686
YSSZ04,BTSZ06,2,0.22007612426079623,0.0,2.220076124260796
YSSZ04,BTSZ07,1,0.14663226361119186,0.0,1.1466322636111919
YSSZ04,CHSZ03,2,1.9124593000028554,0.0,3.9124593000028556
YSSZ04,CKSZ06,1,0.3875309967748007,0.0,1.3875309967748006
YSSZ04,CLSZ01,1,0.15384743082956126,0.0,1.1538474308295612
YSSZ04,CLSZ03,1,0.32620380468027377,0.0,1.3262038046802738
YSSZ04,CLSZ06,2,0.3193803974363478,0.0,2.3193803974363476
YSSZ04,DTSZ01,1,0.30319029686775606,0.0,1.303190296867756
YSSZ04,DTSZ02,4,0.6245300012682652,0.0,4.6245300012682655
YSSZ04,DTSZ03,2,0.43448168756176436,0.0,2.4344816875617643
YSSZ04,DTSZ05,7,0.4163994489187337,0.0,7.4163994489187335
YSSZ04,DTSZ08,1,0.2761877680525976,0.0,1.2761877680525977
YSSZ04,DTSZ11,4,0.40188327818943903,0.0,4.401883278189439
YSSZ04,GLSZ02,1,0.22026879846891362,0.0,1.2202687984689136
YSSZ04,GLSZ03,1,0.39751759724793123,0.0,1.3975175972479312
YSSZ04,GLSZ04,1,0.34562336468199667,0.0,1.3456233646819966
YSSZ04,GLSZ05,1,0.40166264302303206,0.0,1.4016626430230321
YSSZ04,HGSZ01,1,0.27317589340587684,0.0,1.2731758934058768
YSSZ04,HGSZ06,1,0.5484191036302196,0.0,1.5484191036302195
YSSZ04,HGSZ08,1,0.337905117322107,0.0,1.337905117322107
YSSZ04,HGSZ09,1,0.020148870713299533,0.0,1.0201488707132995
YSSZ04,JESZ03,2,0.7018600042260649,0.0,2.7018600042260648
YSSZ04,JESZ05,3,0.9775771587663168,0.0,3.9775771587663167
YSSZ04,JWSZ06,1,0.16911562214958079,0.0,1.1691156221495809
YSSZ04,JWSZ08,1,0.710172985574182,0.0,1.7101729855741818
YSSZ04,KLSZ06,1,0.2952120994068257,0.0,1.2952120994068257
YSSZ04,KLSZ08,1,0.378167200467203,0.0,1.378167200467203
YSSZ04,MDSZ02,1,0.3834148654227116,0.0,1.3834148654227116
YSSZ04,NTSZ03,1,0.0916831075555335,0.0,1.0916831075555335
YSSZ04,NVSZ01,1,0.7998695837960429,0.0,1.7998695837960428
YSSZ04,NVSZ02,4,1.0087777464281886,0.0,5.008777746428189
YSSZ04,ORSZ01,1,0.07142334972558208,0.0,1.071423349725582
YSSZ04,ORSZ02,7,0.9258066408777441,0.0,7.925806640877744
YSSZ04,ORSZ03,2,0.46716437799480426,0.0,2.4671643779948043
YSSZ04,OTSZ01,1,0.07317069073489796,0.0,1.073170690734898
YSSZ04,OTSZ03,3,0.7551264563163312,0.0,3.755126456316331
YSSZ04,PGSZ02,1,0.3382055700844695,0.0,1.3382055700844695
YSSZ04,PGSZ04,1,0.7606164598775897,0.0,1.7606164598775897
YSSZ04,PLSZ04,1,0.058846444256136436,0.0,1.0588464442561365
YSSZ04,PRSZ06,1,0.16929845375699865,0.0,1.1692984537569986
YSSZ04,QTSZ08,2,0.6577803718323976,0.0,2.6577803718323976
YSSZ04,QTSZ11,1,0.27725435404377824,0.0,1.2772543540437782
YSSZ04,RCSZ01,1,0.15235270119606142,0.0,1.1523527011960615
YSSZ04,SBSZ03,3,1.0579724358051663,0.0,4.0579724358051665
YSSZ04,SBSZ05,2,0.19501181266493095,0.0,2.195011812664931
YSSZ04,SBSZ08,1,0.13546529998828524,0.0,1.1354652999882853
YSSZ04,SBSZ09,1,0.6142247088882478,0.0,1.6142247088882478
YSSZ04,SESZ02,1,0.4050951041364775,0.0,1.4050951041364774
YSSZ04,SESZ03,1,0.8252119640866962,0.0,1.8252119640866962
YSSZ04,SESZ05,1,0.4096026937964024,0.0,1.4096026937964024
YSSZ04,SGSZ01,1,0.48181691401236254,0.0,1.4818169140123625
YSSZ04,SGSZ03,2,0.6445061000518945,0.0,2.6445061000518946
YSSZ04,SLSZ01,1,0.42408663441461125,0.0,1.4240866344146113
YSSZ04,SRSZ02,1,0.07905216946488654,0.0,1.0790521694648865
YSSZ04,TMSZ02,1,0.6535645904851909,0.0,1.6535645904851908
YSSZ04,TMSZ04,1,0.42606233578334,0.0,1.42606233578334
YSSZ04,TMSZ05,1,0.45822073930239804,0.0,1.458220739302398
YSSZ04,TPSZ06,1,0.3843011882739466,0.0,1.3843011882739467
YSSZ04,TPSZ07,1,0.061804550443819516,0.0,1.0618045504438196
YSSZ04,TPSZ12,1,0.23338894266009882,0.0,1.2333889426600988
YSSZ04,WCSZ01,3,0.910231637449178,0.0,3.910231637449178
YSSZ04,WDSZ01,1,0.16454511542578543,0.0,1.1645451154257853
YSSZ04,WDSZ02,1,0.7210993055028516,0.0,1.7210993055028516
YSSZ04,WDSZ03,3,1.551355737218606,0.0,4.551355737218606
YSSZ04,WDSZ05,1,0.47948936563554356,0.0,1.4794893656355437
YSSZ04,YSSZ01,8,1.8513712962518247,4.9136054174486,14.764976713700424
YSSZ04,YSSZ02,1,0.7595914962901538,0.3920257205068266,2.1516172167969803
YSSZ04,YSSZ03,5,2.866089046748662,4.101912528840527,11.96800157558919
YSSZ04,YSSZ04,8,2.765066409604771,32.06510899937761,42.83017540898238
YSSZ04,YSSZ05,3,2.1534702446480773,0.3228364661262966,5.476306710774374
YSSZ04,YSSZ08,4,0.896542713728134,1.042060485367298,5.938603199095431
YSSZ04,YSSZ09,6,2.1720443280794997,3.1602452745816683,11.332289602661167
YSSZ05,AMSZ01,1,0.6155443342496691,0.0,1.6155443342496691
YSSZ05,AMSZ10,1,0.4625206909836138,0.018238437098438035,1.480759128082052
YSSZ05,AMSZ12,1,0.15433183699815387,0.07010438796387018,1.224436224962024
YSSZ05,BDSZ01,1,0.2366645654668037,0.0,1.2366645654668038
YSSZ05,BMSZ01,1,0.2884864313562656,0.0,1.2884864313562656
YSSZ05,BMSZ05,3,0.17049321251475724,0.0,3.1704932125147574
YSSZ05,BPSZ05,1,0.29436914943176334,0.0,1.2943691494317633
YSSZ05,BSSZ01,1,0.7567055606786076,0.0,1.7567055606786077
YSSZ05,BTSZ01,1,0.3186835611137381,0.0,1.3186835611137382
YSSZ05,CHSZ03,1,0.6252403553031026,0.0,1.6252403553031027
YSSZ05,CLSZ01,1,0.19295593127414085,0.0,1.192955931274141
YSSZ05,DTSZ01,1,0.24811958792462452,0.0,1.2481195879246245
YSSZ05,DTSZ02,1,0.2180423356739224,0.0,1.2180423356739225
YSSZ05,DTSZ03,1,0.23924880429709855,0.0,1.2392488042970986
YSSZ05,KLSZ09,1,0.017137223222265303,0.0,1.0171372232222653
YSSZ05,ORSZ02,4,0.5526964865325804,0.0,4.5526964865325805
YSSZ05,ORSZ03,1,0.20930010320339962,0.0,1.2093001032033996
YSSZ05,OTSZ03,1,0.3603552130920193,0.0,1.3603552130920193
YSSZ05,OTSZ04,1,0.07787202951071966,0.0,1.0778720295107196
YSSZ05,PRSZ06,1,0.17275912919968706,0.0,1.172759129199687
YSSZ05,QTSZ08,3,0.42179739222833895,0.0,3.421797392228339
YSSZ05,QTSZ09,1,0.03342943546370771,0.0,1.0334294354637077
YSSZ05,QTSZ10,1,0.2162473410731128,0.0,1.2162473410731127
YSSZ05,QTSZ11,1,0.2547127551872932,0.0,1.2547127551872932
YSSZ05,QTSZ14,1,0.497234875477485,0.0,1.497234875477485
YSSZ05,RCSZ01,1,0.11364653342202295,0.0,1.113646533422023
YSSZ05,SBSZ04,1,0.4303848444093016,0.0,1.4303848444093017
YSSZ05,SESZ06,2,1.269084964029934,0.0,3.269084964029934
YSSZ05,SKSZ04,1,0.17735054928537441,0.0,1.1773505492853744
YSSZ05,TMSZ05,1,0.38846639425392315,0.0,1.388466394253923
YSSZ05,TPSZ02,1,0.22179967877373571,0.0,1.2217996787737357
YSSZ05,TPSZ12,1,0.1254400857152992,0.0,1.125440085715299
YSSZ05,WCSZ01,1,0.28940162747589404,0.0,1.2894016274758942
YSSZ05,WDSZ01,1,0.06799270162192224,0.0,1.0679927016219222
YSSZ05,WDSZ02,2,0.25973482360035854,0.0,2.2597348236003585
YSSZ05,WDSZ09,1,0.09452472365288854,0.0,1.0945247236528886
YSSZ05,YSSZ01,4,0.3519261227791415,0.318293732572379,4.670219855351521
YSSZ05,YSSZ02,1,0.2333547616055172,0.07099363683404496,1.304348398439562
YSSZ05,YSSZ03,2,1.2030783976455217,0.2475507726131646,3.450629170258686
YSSZ05,YSSZ04,2,2.163166073941227,0.3303939491426422,4.4935600230838695
YSSZ05,YSSZ05,1,2.6487338321078364,4.555383399554215,8.204117231662051
YSSZ05,YSSZ08,5,0.48213733058062164,2.274640039983616,7.7567773705642376
YSSZ05,YSSZ09,2,0.844828213642444,0.11404819576087653,2.95887640940332
YSSZ06,AMSZ06,1,0.0,0.0,1.0
YSSZ06,AMSZ10,1,0.0,0.0,1.0
YSSZ06,BMSZ05,1,0.0,0.0,1.0
YSSZ06,BTSZ01,1,0.0,0.0,1.0
YSSZ06,CKSZ03,1,0.0,0.0,1.0
YSSZ06,DTSZ11,1,0.0,0.0,1.0
YSSZ06,HGSZ02,1,0.0,0.0,1.0
YSSZ06,MDSZ02,1,0.0,0.0,1.0
YSSZ06,MDSZ03,1,0.0,0.0,1.0
YSSZ06,PGSZ03,1,0.0,0.0,1.0
YSSZ06,QTSZ14,1,0.0,0.0,1.0
YSSZ06,SBSZ01,1,0.0,0.0,1.0
YSSZ06,YSSZ01,2,0.0,0.0,2.0
YSSZ07,AMSZ02,1,0.0,0.0,1.0
YSSZ07,CKSZ01,1,0.0,0.0,1.0
YSSZ07,OTSZ03,1,0.0,0.0,1.0
YSSZ07,QTSZ01,1,0.0,0.0,1.0
YSSZ07,TMSZ02,1,0.0,0.0,1.0
YSSZ07,WDSZ05,1,0.0,0.0,1.0
YSSZ07,YSSZ03,1,0.0,0.0,1.0
YSSZ07,YSSZ09,2,0.0,0.0,2.0
YSSZ08,AMSZ01,1,0.22281062412292071,0.0,1.2228106241229206
YSSZ08,AMSZ02,1,0.16891933339280127,0.0,1.1689193333928012
YSSZ08,AMSZ10,2,0.12417523832620493,0.0,2.124175238326205
YSSZ08,AMSZ12,2,0.16800641016135898,0.0,2.168006410161359
YSSZ08,BDSZ04,1,0.1321417533490277,0.0,1.1321417533490277
YSSZ08,BDSZ05,1,0.1267391274447476,0.0,1.1267391274447476
YSSZ08,BKSZ05,1,0.13950578699842764,0.0,1.1395057869984275
YSSZ08,BMSZ09,1,0.0012146728901360959,0.0,1.001214672890136
YSSZ08,BSSZ03,2,0.10666652974684894,0.0,2.1066665297468488
YSSZ08,BTSZ01,2,0.24456408248141814,0.0,2.244564082481418
YSSZ08,DTSZ08,1,0.10161110225793123,0.0,1.1016111022579311
YSSZ08,DTSZ09,1,0.06943795979513327,0.0,1.0694379597951333
YSSZ08,DTSZ11,2,0.12493162109282925,0.0,2.1249316210928293
YSSZ08,GLSZ05,1,0.058407362188493205,0.0,1.0584073621884933
YSSZ08,HGSZ09,1,0.006795578999237082,0.0,1.006795578999237
YSSZ08,JESZ05,1,0.1291092793822024,0.0,1.1291092793822024
YSSZ08,KLSZ09,1,0.027112944145739018,0.0,1.027112944145739
YSSZ08,MDSZ02,1,0.02165837015220881,0.0,1.0216583701522088
YSSZ08,MUSZ01,1,0.036852410402091286,0.0,1.0368524104020913
YSSZ08,NVSZ02,5,0.35709355295432504,0.0,5.357093552954325
YSSZ08,ORSZ02,3,0.20008770262296066,0.0,3.2000877026229606
YSSZ08,ORSZ03,1,0.08455611115261723,0.0,1.0845561111526172
YSSZ08,OTSZ03,1,0.09006470825841663,0.0,1.0900647082584167
YSSZ08,PGSZ01,1,0.0746497249250672,0.0,1.0746497249250673
YSSZ08,PGSZ04,1,0.14535483785339715,0.0,1.145354837853397
YSSZ08,PRSZ03,1,0.21199721026235052,0.0,1.2119972102623504
YSSZ08,QTSZ09,1,0.015976895230282295,0.0,1.0159768952302823
YSSZ08,QTSZ11,2,0.14539366092582554,0.0,2.1453936609258255
YSSZ08,QTSZ13,1,0.07851994796877423,0.0,1.0785199479687742
YSSZ08,QTSZ14,1,0.1662874462747724,0.0,1.1662874462747723
YSSZ08,SBSZ03,3,0.13655599117420678,0.08036066384354364,3.21691665501775
YSSZ08,SBSZ04,1,0.25765392888865657,0.0,1.2576539288886566
YSSZ08,SESZ03,1,0.23671379839637613,0.0,1.236713798396376
YSSZ08,SKSZ01,1,0.05269829038592186,0.0,1.0526982903859219
YSSZ08,SVSZ01,1,0.14547836214422816,0.0,1.1454783621442282
YSSZ08,TMSZ02,1,0.2056370093301228,0.0,1.2056370093301227
YSSZ08,TMSZ04,2,0.13240731268237776,0.0,2.132407312682378
YSSZ08,TPSZ02,1,0.12022831126691598,0.0,1.120228311266916
YSSZ08,TPSZ12,1,0.05039939565038943,0.0,1.0503993956503894
YSSZ08,WCSZ01,1,0.10318063682491213,0.0,1.1031806368249122
YSSZ08,WDSZ01,1,0.04960154543136885,0.0,1.0496015454313687
YSSZ08,WDSZ02,3,0.0,0.0,3.0
YSSZ08,WDSZ03,4,0.48679285102199027,0.0,4.48679285102199
YSSZ08,YSSZ01,4,0.40413923855027317,0.5467540736086351,4.950893312158909
YSSZ08,YSSZ02,1,0.14017941434972586,0.09041780679959392,1.23059722114932
YSSZ08,YSSZ03,3,0.7549956922526381,0.3109272130623375,4.0659229053149755
YSSZ08,YSSZ05,3,0.16743286783228858,0.39539795879690504,3.5628308266291935
YSSZ08,YSSZ08,1,0.16326662071536652,3.849154709338571,5.012421330053938
YSSZ08,YSSZ09,6,0.8119967473434847,0.7267078966372426,7.5387046439807275
YSSZ09,AMSZ01,9,1.9698501770922154,0.0,10.969850177092216
YSSZ09,AMSZ05,2,0.520749913025555,0.0,2.520749913025555
YSSZ09,AMSZ06,1,0.5798527589035414,0.0,1.5798527589035414
YSSZ09,AMSZ07,1,0.3957596753472211,0.0,1.3957596753472212
YSSZ09,AMSZ09,1,0.45243569168134146,0.0,1.4524356916813415
YSSZ09,AMSZ10,1,0.34624631475420864,0.0,1.3462463147542088
YSSZ09,AMSZ11,1,0.08534149700896189,0.0,1.0853414970089619
YSSZ09,AMSZ12,1,0.21702504771599074,0.0,1.2170250477159907
YSSZ09,BDSZ04,2,0.8664939235929805,0.0,2.8664939235929805
YSSZ09,BDSZ05,1,0.52601305876449,0.0,1.52601305876449
YSSZ09,BKSZ01,1,0.15853234168414157,0.0,1.1585323416841415
YSSZ09,BKSZ04,1,0.25240249098473183,0.0,1.2524024909847318
YSSZ09,BKSZ05,3,2.0588081250315704,0.0,5.05880812503157
YSSZ09,BKSZ08,2,0.11011221823365783,0.0,2.110112218233658
YSSZ09,BLSZ02,1,0.05723529990082987,0.0,1.0572352999008299
YSSZ09,BMSZ01,2,0.39908458299859334,0.0,2.399084582998593
YSSZ09,BMSZ02,1,0.3519878090682577,0.0,1.3519878090682578
YSSZ09,BMSZ04,1,0.2296797124216274,0.0,1.2296797124216274
YSSZ09,BMSZ05,2,0.49738813971299084,0.0,2.497388139712991
YSSZ09,BMSZ06,2,0.748048673966042,0.0,2.748048673966042
YSSZ09,BMSZ09,1,0.07641510053369219,0.0,1.0764151005336922
YSSZ09,BPSZ04,1,0.36830238237847057,0.0,1.3683023823784706
YSSZ09,BSSZ01,5,1.9296884229625,0.0,6.9296884229625
YSSZ09,BSSZ02,2,0.7097099130728449,0.0,2.709709913072845
YSSZ09,BSSZ03,1,0.6392525437793035,0.0,1.6392525437793035
YSSZ09,BTSZ01,1,0.44104696157362866,0.0,1.4410469615736288
YSSZ09,BTSZ05,1,0.20355554498146525,0.0,1.2035555449814652
YSSZ09,CHSZ02,2,0.1884931952802206,0.0,2.1884931952802207
YSSZ09,CKSZ03,3,1.651723123471614,0.0,4.651723123471614
YSSZ09,CKSZ06,1,0.49382259836936043,0.0,1.4938225983693605
YSSZ09,CLSZ01,1,0.1178761351211968,0.0,1.1178761351211968
YSSZ09,CLSZ03,2,0.3986616039959572,0.0,2.398661603995957
YSSZ09,DTSZ01,1,0.3897080458382294,0.0,1.3897080458382294
YSSZ09,DTSZ02,3,0.7088503439436473,0.0,3.7088503439436473
YSSZ09,DTSZ03,2,0.5599955389707604,0.0,2.5599955389707603
YSSZ09,DTSZ05,4,0.8496830773991447,0.0,4.849683077399145
YSSZ09,DTSZ08,4,0.44428748577784855,0.0,4.444287485777848
YSSZ09,DTSZ09,1,0.17563078327573003,0.0,1.17563078327573
YSSZ09,DTSZ10,1,0.057809661315767556,0.0,1.0578096613157675
YSSZ09,DTSZ11,5,0.3806917511601213,0.0,5.380691751160121
YSSZ09,GLSZ02,2,0.36322719106455237,0.0,2.3632271910645524
YSSZ09,GLSZ03,2,0.6236916970213903,0.0,2.6236916970213904
YSSZ09,GLSZ04,1,0.47128988752437606,0.0,1.471289887524376
YSSZ09,GLSZ05,5,1.4699606104267946,0.0,6.469960610426795
YSSZ09,HGSZ02,1,0.4682171801608178,0.0,1.468217180160818
YSSZ09,HGSZ05,1,0.8376227333507543,0.0,1.8376227333507544
YSSZ09,HGSZ06,4,2.2018771476322274,0.0,6.201877147632228
YSSZ09,HGSZ08,1,0.46095535898876083,0.0,1.4609553589887607
YSSZ09,JESZ03,1,0.564360292600664,0.0,1.564360292600664
YSSZ09,JESZ05,5,0.6638288306038801,0.0,5.66382883060388
YSSZ09,JESZ06,1,0.08988240426407813,0.0,1.0898824042640782
YSSZ09,JWSZ08,1,0.775584501048391,0.0,1.775584501048391
YSSZ09,JWSZ09,1,0.5751585835620054,0.0,1.5751585835620054
YSSZ09,KLSZ03,2,0.11436901750136821,0.0,2.1143690175013683
YSSZ09,KLSZ05,1,0.290135025954014,0.0,1.290135025954014
YSSZ09,KLSZ06,2,0.42190248871619396,0.0,2.421902488716194
YSSZ09,KLSZ07,1,0.46728062343453186,0.0,1.467280623434532
YSSZ09,MDSZ03,3,0.0,0.0,3.0
YSSZ09,MPSZ02,1,0.6415942822744138,0.0,1.6415942822744138
YSSZ09,MPSZ03,2,0.8356937241773049,0.0,2.835693724177305
YSSZ09,MUSZ01,2,0.2781285526242137,0.0,2.2781285526242137
YSSZ09,NTSZ03,1,0.06588869548715935,0.0,1.0658886954871594
YSSZ09,NVSZ01,1,0.6347232673047909,0.0,1.634723267304791
YSSZ09,NVSZ02,7,0.8458277078949794,0.0,7.84582770789498
YSSZ09,ORSZ02,10,1.2062040398775997,0.0,11.2062040398776
YSSZ09,ORSZ03,2,0.4180857305322314,0.0,2.4180857305322316
YSSZ09,OTSZ03,6,0.8246449634116484,0.0,6.824644963411648
YSSZ09,PGSZ04,2,1.3941556078952537,0.0,3.3941556078952537
YSSZ09,PLSZ04,1,0.03906603422141393,0.0,1.039066034221414
YSSZ09,PNSZ02,1,0.0,0.0,1.0
YSSZ09,PRSZ03,1,0.7002987431790745,0.0,1.7002987431790744
YSSZ09,QTSZ08,1,0.3826807115866373,0.0,1.3826807115866373
YSSZ09,QTSZ11,3,0.6983608588134832,0.0,3.698360858813483
YSSZ09,QTSZ13,1,0.42216947207186944,0.0,1.4221694720718694
YSSZ09,QTSZ14,3,0.3673454117064962,0.0,3.3673454117064963
YSSZ09,RCSZ01,2,0.22760868666751505,0.0,2.227608686667515
YSSZ09,RCSZ03,1,0.10541341554715049,0.0,1.1054134155471504
YSSZ09,RCSZ09,1,0.05517170084103814,0.0,1.0551717008410382
YSSZ09,RCSZ10,2,0.3564483503754125,0.0,2.3564483503754126
YSSZ09,SBSZ01,4,1.1515075098960736,1.5302062259952838,6.681713735891357
YSSZ09,SBSZ02,3,1.6465145676748574,1.6730547877940847,6.319569355468942
YSSZ09,SBSZ03,11,3.0628402890110085,1.2264396495676975,15.289279938578705
YSSZ09,SBSZ04,4,1.2449488017765462,1.6557321661190356,6.900680967895582
YSSZ09,SBSZ07,1,0.0,0.0,1.0
YSSZ09,SBSZ08,1,0.11706717682374955,0.0,1.1170671768237495
YSSZ09,SESZ03,5,1.0393607569550347,0.0,6.039360756955035
YSSZ09,SESZ04,1,0.8516977978292791,0.0,1.8516977978292792
YSSZ09,SESZ06,2,2.0101500997120447,0.0,4.010150099712044
YSSZ09,SGSZ01,1,0.5492898085809269,0.0,1.549289808580927
YSSZ09,SGSZ02,1,0.17235458228531667,0.0,1.1723545822853167
YSSZ09,SGSZ06,2,0.5053184810521822,0.0,2.505318481052182
YSSZ09,TMSZ04,3,1.3650035347930358,0.0,4.365003534793036
YSSZ09,TMSZ05,3,1.280121376399481,0.0,4.280121376399481
YSSZ09,TNSZ02,2,0.2558352675823559,0.0,2.255835267582356
YSSZ09,TNSZ04,1,0.15524981372625346,0.0,1.1552498137262535
YSSZ09,TPSZ01,1,0.37776703037569087,0.0,1.3777670303756908
YSSZ09,TPSZ06,4,1.241816401680707,0.0,5.2418164016807065
YSSZ09,TPSZ12,1,0.20465199705640275,0.0,1.2046519970564027
YSSZ09,TSSZ03,1,0.053750253405207844,0.0,1.053750253405208
YSSZ09,TSSZ06,1,0.019108103852890336,0.0,1.0191081038528904
YSSZ09,WCSZ01,6,0.506692213179297,0.0,6.5066922131792975
YSSZ09,WDSZ01,2,0.17564837379598477,0.0,2.1756483737959846
YSSZ09,WDSZ02,12,1.7277420046300367,0.0,13.727742004630036
YSSZ09,WDSZ03,6,1.8987554445007448,0.3235198523444227,8.222275296845169
YSSZ09,WDSZ06,2,0.5319007182487542,0.0,2.531900718248754
YSSZ09,WDSZ07,1,0.05934851100674015,0.0,1.0593485110067402
YSSZ09,WDSZ08,1,0.29036445036773545,0.0,1.2903644503677354
YSSZ09,WDSZ09,1,0.27487107204797256,0.0,1.2748710720479726
YSSZ09,YSSZ01,13,2.0570663225077044,17.88738902477211,32.94445534727981
YSSZ09,YSSZ02,9,2.7009894806827215,9.213465348418614,20.914454829101338
YSSZ09,YSSZ03,8,4.507221166711245,5.610848838355243,18.11807000506649
YSSZ09,YSSZ04,4,1.4724882550685094,2.28510228234081,7.757590537409319
YSSZ09,YSSZ05,1,0.45345892455715076,0.05988182401560768,1.5133407485727584
YSSZ09,YSSZ07,2,0.21631925522445272,0.0,2.2163192552244526
YSSZ09,YSSZ08,5,0.8374800291166881,0.5742890987609084,6.411769127877596
YSSZ09,YSSZ09,18,5.018194932448388,46.95578590457262,69.973980837021
