ORIGIN_SUBZONE,DESTINATION_SUBZONE,PT_COUNT,VH_COUNT,WK_COUNT,COUNT
AMSZ01,AMSZ01,4,3.7237020139641284,44.193037479705865,51.91673949366999
AMSZ01,AMSZ02,5,1.188940713703906,3.0720754218359976,9.261016135539904
AMSZ01,AMSZ03,12,1.6434916458804059,2.6487460741636863,16.292237720044092
AMSZ01,AMSZ04,4,0.5930593683845385,0.2488768978433257,4.841936266227864
AMSZ01,AMSZ05,4,1.5006372948980575,0.9098971711283467,6.410534466026404
AMSZ01,AMSZ06,8,1.847926725803681,0.4294366737371238,10.277363399540805
AMSZ01,AMSZ07,3,1.333220552148578,0.0,4.333220552148578
AMSZ01,AMSZ09,8,1.3651412665934006,0.40079166739849276,9.765932933991893
AMSZ01,AMSZ10,3,0.8848056890761689,0.05885771535187178,3.9436634044280403
AMSZ01,AMSZ11,1,0.10542842519364155,0.05116892131111201,1.1565973465047534
AMSZ01,AMSZ12,5,0.6136481024370627,0.480280019201944,6.093928121639006
AMSZ01,BDSZ01,2,1.2052522936520143,0.0,3.2052522936520145
AMSZ01,BDSZ03,1,0.6568628661551437,0.0,1.6568628661551437
AMSZ01,BDSZ04,2,0.9531839011245367,0.0,2.953183901124537
AMSZ01,BDSZ06,1,0.9706044555679697,0.0,1.9706044555679698
AMSZ01,BKSZ09,1,0.38895916158282823,0.0,1.3889591615828283
AMSZ01,BMSZ14,1,0.12978471247387466,0.0,1.1297847124738747
AMSZ01,BPSZ03,1,0.398483410108329,0.0,1.398483410108329
AMSZ01,BSSZ01,12,3.6880774902690585,0.4200836960153278,16.108161186284388
AMSZ01,BSSZ02,3,1.7079428375410624,0.2145447787531865,4.922487616294249
AMSZ01,BTSZ01,1,0.5080542725499422,0.0,1.5080542725499422
AMSZ01,BTSZ05,1,0.20018996381249932,0.0,1.2001899638124993
AMSZ01,CHSZ03,2,1.5794103020105035,0.0,3.5794103020105035
AMSZ01,CKSZ03,4,1.7432081514345616,0.0,5.743208151434562
AMSZ01,CKSZ04,1,0.2916057469663503,0.0,1.2916057469663502
AMSZ01,CKSZ05,1,0.20157231084165286,0.0,1.201572310841653
AMSZ01,CKSZ06,1,0.456990657354556,0.0,1.456990657354556
AMSZ01,CLSZ03,1,0.42825284700655236,0.0,1.4282528470065523
AMSZ01,CLSZ04,1,0.3443632793152244,0.0,1.3443632793152245
AMSZ01,CLSZ05,1,0.27194512750455363,0.0,1.2719451275045537
AMSZ01,DTSZ02,3,0.7512299232465535,0.0,3.7512299232465534
AMSZ01,DTSZ09,2,0.1740803012351092,0.0,2.1740803012351093
AMSZ01,DTSZ12,1,0.1618493905743395,0.0,1.1618493905743394
AMSZ01,GLSZ02,2,0.5056867247110058,0.0,2.5056867247110057
AMSZ01,HGSZ01,1,0.4040546990142923,0.0,1.4040546990142924
AMSZ01,HGSZ02,2,1.7151403098966063,0.0,3.715140309896606
AMSZ01,HGSZ03,1,0.7490928719563482,0.0,1.749092871956348
AMSZ01,HGSZ04,8,4.236109690978996,0.0,12.236109690978996
AMSZ01,HGSZ05,1,0.796038637406295,0.0,1.796038637406295
AMSZ01,HGSZ06,7,1.8987290840907471,0.0,8.898729084090746
AMSZ01,HGSZ07,4,0.7919325104489239,0.0,4.791932510448924
AMSZ01,HGSZ08,2,0.7771483780082452,0.0,2.777148378008245
AMSZ01,JESZ05,1,0.3659774226046063,0.0,1.3659774226046064
AMSZ01,JWSZ02,1,0.37505849735477154,0.0,1.3750584973547715
AMSZ01,JWSZ04,1,0.5212364671935354,0.0,1.5212364671935354
AMSZ01,JWSZ08,1,0.8348676088766633,0.0,1.8348676088766633
AMSZ01,KLSZ01,1,0.8539860140297572,0.0,1.8539860140297573
AMSZ01,KLSZ02,1,0.23673820649715469,0.0,1.2367382064971546
AMSZ01,KLSZ05,1,0.23038190668224198,0.0,1.230381906682242
AMSZ01,KLSZ06,1,0.5564476987141268,0.0,1.556447698714127
AMSZ01,MUSZ01,1,0.21072387712618462,0.0,1.2107238771261846
AMSZ01,NTSZ03,1,0.09764223913342951,0.0,1.0976422391334295
AMSZ01,NVSZ01,1,1.255323862381079,0.0,2.255323862381079
AMSZ01,NVSZ02,3,0.9966015883110169,0.0,3.996601588311017
AMSZ01,ORSZ02,5,1.0437421031565253,0.0,6.043742103156525
AMSZ01,OTSZ03,4,1.2133694395802315,0.0,5.213369439580232
AMSZ01,OTSZ04,1,0.06723679707707678,0.0,1.0672367970770769
AMSZ01,PGSZ02,1,0.5553489645101001,0.0,1.5553489645101002
AMSZ01,PGSZ03,3,1.0405946810757478,0.0,4.040594681075747
AMSZ01,PGSZ04,2,1.4832216712091995,0.0,3.4832216712091997
AMSZ01,PGSZ05,3,1.563214702522508,0.0,4.563214702522508
AMSZ01,PLSZ04,1,0.05006927551280394,0.0,1.050069275512804
AMSZ01,PRSZ05,1,0.7910704586200635,0.0,1.7910704586200636
AMSZ01,PRSZ08,1,0.4162589958012568,0.0,1.4162589958012568
AMSZ01,QTSZ05,1,0.3715200760643835,0.0,1.3715200760643835
AMSZ01,QTSZ08,1,0.4646180936477397,0.0,1.4646180936477398
AMSZ01,QTSZ10,1,0.38649500117653085,0.0,1.386495001176531
AMSZ01,QTSZ11,2,0.6953874197944412,0.0,2.695387419794441
AMSZ01,RCSZ01,1,0.16969806230938814,0.0,1.1696980623093882
AMSZ01,RCSZ03,1,0.11480454492610853,0.0,1.1148045449261086
AMSZ01,SBSZ01,2,1.0485076012548171,0.0,3.0485076012548173
AMSZ01,SBSZ03,5,1.0669153706367465,0.0,6.066915370636746
AMSZ01,SBSZ04,1,0.4781811355783945,0.0,1.4781811355783945
AMSZ01,SBSZ05,1,0.05139727068060957,0.0,1.0513972706806096
AMSZ01,SESZ02,3,1.8290875732025442,0.0,4.8290875732025444
AMSZ01,SESZ03,4,2.2761262675230474,0.0,6.276126267523047
AMSZ01,SESZ04,9,2.351574978064891,0.0,11.35157497806489
AMSZ01,SESZ05,1,0.4810592902859546,0.0,1.4810592902859545
AMSZ01,SESZ06,5,3.7080843949819213,0.0,8.70808439498192
AMSZ01,SGSZ01,2,1.63457607551518,0.3803080536889918,4.014884129204171
AMSZ01,SGSZ02,1,0.4041992016156773,0.0,1.4041992016156772
AMSZ01,SGSZ03,6,1.870715260375199,0.17049694778113358,8.041212208156333
AMSZ01,SGSZ04,13,2.140126845028178,1.16236707391973,16.302493918947906
AMSZ01,SGSZ05,1,0.49776092698942515,0.15737195063599024,1.6551328776254155
AMSZ01,SGSZ06,3,0.9989490091011238,0.0,3.998949009101124
AMSZ01,SGSZ07,1,0.364602433611555,0.0,1.364602433611555
AMSZ01,SRSZ01,1,0.29897392848182086,0.0,1.298973928481821
AMSZ01,SRSZ02,1,0.05803136291075677,0.0,1.0580313629107567
AMSZ01,TMSZ04,7,1.7401773159637022,0.0,8.740177315963702
AMSZ01,TPSZ01,1,0.5299149992273292,0.0,1.529914999227329
AMSZ01,TPSZ02,2,0.9336470525791594,0.0,2.9336470525791594
AMSZ01,TPSZ03,1,0.37560919821763106,0.0,1.375609198217631
AMSZ01,TPSZ04,1,0.24270331582394192,0.0,1.242703315823942
AMSZ01,TPSZ06,6,0.7015308129783273,0.0,6.701530812978327
AMSZ01,TPSZ07,1,0.2029112482800749,0.0,1.202911248280075
AMSZ01,TPSZ10,1,0.2397814918528679,0.0,1.239781491852868
AMSZ01,WDSZ02,7,1.2338714231613137,0.0,8.233871423161315
AMSZ01,WDSZ03,4,1.683481978577259,0.0,5.683481978577259
AMSZ01,WDSZ05,1,0.471458755162999,0.0,1.471458755162999
AMSZ01,WDSZ06,1,0.27903489187529024,0.0,1.2790348918752903
AMSZ01,YSSZ02,2,0.5977197944844636,0.0,2.5977197944844637
AMSZ01,YSSZ04,3,0.6953136835492748,0.0,3.6953136835492746
AMSZ01,YSSZ05,1,0.5620069163453475,0.0,1.5620069163453474
AMSZ01,YSSZ08,1,0.17971762456458704,0.0,1.179717624564587
AMSZ01,YSSZ09,10,1.9247767887245388,0.0,11.92477678872454
AMSZ02,AMSZ01,8,1.7143972826177443,5.140476576422123,14.854873859039866
AMSZ02,AMSZ02,7,1.314144094612743,39.184588378118235,47.49873247273098
AMSZ02,AMSZ05,1,0.633649530487075,0.5590946825405259,2.1927442130276007
AMSZ02,AMSZ06,1,0.4814017364841974,0.15159818179603318,1.6329999182802306
AMSZ02,AMSZ10,3,0.5817743242218083,0.16201992750286529,3.7437942517246734
AMSZ02,AMSZ11,1,0.044328714807270735,0.1765051751438714,1.220833889951142
AMSZ02,AMSZ12,1,0.14545879471724485,0.5358161367550256,1.6812749314722704
AMSZ02,BDSZ01,2,0.5084189810597554,0.0,2.5084189810597555
AMSZ02,BDSZ03,1,0.4083610564820836,0.0,1.4083610564820837
AMSZ02,BDSZ04,1,0.33999788452122703,0.0,1.339997884521227
AMSZ02,BKSZ07,1,0.28084037227378494,0.0,1.2808403722737849
AMSZ02,BMSZ01,2,0.4081529414484182,0.0,2.408152941448418
AMSZ02,BMSZ08,1,0.14310322201858725,0.0,1.1431032220185873
AMSZ02,BMSZ12,3,0.5065949514381903,0.0,3.50659495143819
AMSZ02,BMSZ15,1,0.09730996932995425,0.0,1.0973099693299542
AMSZ02,BMSZ17,1,0.2663712407012307,0.0,1.2663712407012306
AMSZ02,BSSZ01,5,1.0119038385225256,0.5105930592365534,6.522496897759079
AMSZ02,BSSZ02,1,0.5173142097320232,0.20187351082677135,1.7191877205587944
AMSZ02,BSSZ03,1,0.3805237800445275,0.48515651448569563,1.865680294530223
AMSZ02,CHSZ02,1,0.16016522918944445,0.0,1.1601652291894444
AMSZ02,CKSZ06,1,0.2835043214205591,0.0,1.283504321420559
AMSZ02,CLSZ04,1,0.2120652984841007,0.0,1.2120652984841007
AMSZ02,CLSZ09,2,0.11446922087352415,0.0,2.114469220873524
AMSZ02,DTSZ01,1,0.30922272287110636,0.0,1.3092227228711064
AMSZ02,DTSZ02,1,0.21378064087687443,0.0,1.2137806408768745
AMSZ02,DTSZ03,5,0.47359633595691564,0.0,5.473596335956915
AMSZ02,DTSZ05,6,0.3740576288590374,0.0,6.374057628859037
AMSZ02,DTSZ08,2,0.24240596272561415,0.0,2.242405962725614
AMSZ02,DTSZ09,2,0.15614807132190073,0.0,2.156148071321901
AMSZ02,DTSZ10,1,0.02787343643868393,0.0,1.027873436438684
AMSZ02,DTSZ11,2,0.3278317593416499,0.0,2.3278317593416498
AMSZ02,GLSZ03,4,0.5870629377098365,0.0,4.587062937709836
AMSZ02,GLSZ04,1,0.6865957108395908,0.0,1.6865957108395908
AMSZ02,HGSZ04,1,0.32901094679173026,0.0,1.3290109467917302
AMSZ02,HGSZ05,1,0.36382811838146006,0.3705964539457251,1.7344245723271852
AMSZ02,HGSZ06,1,0.5781600110985816,0.2585937827659929,1.8367537938645744
AMSZ02,HGSZ08,1,0.28805788854187,0.0,1.28805788854187
AMSZ02,JESZ03,1,0.3507738133986565,0.0,1.3507738133986564
AMSZ02,KLSZ06,2,0.3685137971545139,0.0,2.368513797154514
AMSZ02,KLSZ07,1,0.3328098435583237,0.0,1.3328098435583238
AMSZ02,KLSZ08,2,0.36563171349148166,0.0,2.3656317134914815
AMSZ02,KLSZ09,1,0.07879759917099026,0.0,1.0787975991709902
AMSZ02,MDSZ02,1,0.10455548328217043,0.0,1.1045554832821705
AMSZ02,MDSZ03,1,0.0,0.0,1.0
AMSZ02,MPSZ03,1,0.38494531239871693,0.0,1.384945312398717
AMSZ02,NTSZ03,1,0.07288347260377256,0.0,1.0728834726037726
AMSZ02,NVSZ02,4,0.5739274399014904,0.0,4.573927439901491
AMSZ02,NVSZ05,1,0.0,0.0,1.0
AMSZ02,ORSZ02,2,0.4676043095294373,0.0,2.4676043095294373
AMSZ02,ORSZ03,3,0.49037982109476674,0.0,3.4903798210947667
AMSZ02,OTSZ03,4,0.6426451760206942,0.0,4.642645176020694
AMSZ02,PGSZ02,1,0.24500162242389983,0.0,1.2450016224238998
AMSZ02,PGSZ04,1,0.6662483319672341,0.0,1.666248331967234
AMSZ02,QTSZ08,1,0.2941711570420253,0.0,1.2941711570420253
AMSZ02,QTSZ11,1,0.19336354356654048,0.0,1.1933635435665404
AMSZ02,QTSZ13,2,0.28038305054033774,0.0,2.2803830505403377
AMSZ02,RCSZ10,1,0.15552351835412465,0.0,1.1555235183541246
AMSZ02,SBSZ01,1,0.2588829599238633,0.0,1.2588829599238633
AMSZ02,SBSZ03,2,0.4541599907359073,0.0,2.4541599907359073
AMSZ02,SBSZ09,1,0.4414906917592663,0.0,1.4414906917592663
AMSZ02,SESZ03,1,0.7341236338695978,0.0,1.7341236338695978
AMSZ02,SESZ06,1,0.6427240939427276,0.0,1.6427240939427277
AMSZ02,SGSZ02,1,0.48229159518743125,0.0,1.4822915951874314
AMSZ02,SGSZ03,2,0.5503178363667126,0.2518536756482536,2.802171512014966
AMSZ02,SGSZ04,3,1.2207695285959028,1.617397320745459,5.838166849341362
AMSZ02,SGSZ06,3,0.7776038439684534,1.3922976627485328,5.169901506716986
AMSZ02,SGSZ07,1,0.2248572300272588,0.0,1.2248572300272589
AMSZ02,SISZ01,1,0.33189572168177567,0.0,1.3318957216817757
AMSZ02,TMSZ02,1,0.40470363774363755,0.0,1.4047036377436375
AMSZ02,TMSZ04,1,0.3045758344540903,0.0,1.3045758344540903
AMSZ02,TMSZ05,2,0.5197407693004,0.0,2.5197407693004
AMSZ02,TPSZ02,1,0.33820352838371165,0.0,1.3382035283837117
AMSZ02,TPSZ03,1,0.21145407380838122,0.0,1.2114540738083812
AMSZ02,TPSZ04,2,0.19341976605951874,0.0,2.193419766059519
AMSZ02,TPSZ05,1,0.2138833107669306,0.0,1.2138833107669307
AMSZ02,TPSZ06,2,0.2924471802063273,0.0,2.2924471802063273
AMSZ02,TPSZ07,1,0.10026435684234407,0.0,1.100264356842344
AMSZ02,TPSZ12,1,0.1715463425736773,0.0,1.1715463425736772
AMSZ02,WCSZ01,1,0.23625217987801564,0.0,1.2362521798780157
AMSZ02,WDSZ01,1,0.12840085517399216,0.0,1.1284008551739921
AMSZ02,WDSZ03,3,0.6290552988982474,0.0,3.6290552988982476
AMSZ02,WDSZ07,1,0.059590069160906825,0.0,1.0595900691609068
AMSZ02,YSSZ02,1,0.1584148458060887,0.0,1.1584148458060888
AMSZ02,YSSZ03,1,0.4439646940429669,0.0,1.443964694042967
AMSZ02,YSSZ07,1,0.05491664194790763,0.0,1.0549166419479077
AMSZ02,YSSZ08,1,0.1651054773236661,0.0,1.165105477323666
AMSZ02,YSSZ09,4,0.6749018388324614,0.0,4.6749018388324615
AMSZ03,AMSZ01,15,2.934001163369701,4.148274938670119,22.08227610203982
AMSZ03,AMSZ02,1,0.6415031754897699,2.5441003945522107,4.18560357004198
AMSZ03,AMSZ03,4,1.8887541651676996,12.083968637019877,17.972722802187576
AMSZ03,AMSZ06,1,0.5754207535915431,0.36838858457796575,1.943809338169509
AMSZ03,AMSZ07,1,0.4690900295658116,0.0,1.4690900295658116
AMSZ03,AMSZ10,1,0.5348467606288447,0.03418739521483055,1.5690341558436753
AMSZ03,AMSZ12,2,0.3275878802824313,0.40670719490843776,2.734295075190869
AMSZ03,BKSZ03,1,0.28717214430525884,0.0,1.2871721443052588
AMSZ03,BKSZ07,1,0.30169775250084285,0.0,1.3016977525008429
AMSZ03,BKSZ09,1,0.2927753658526626,0.0,1.2927753658526626
AMSZ03,BMSZ01,1,0.31397671045915165,0.0,1.3139767104591518
AMSZ03,BMSZ11,1,0.18311068029255168,0.0,1.1831106802925517
AMSZ03,BSSZ01,6,1.734677800809963,0.6177952254524034,8.352473026262366
AMSZ03,BSSZ02,2,0.8652929993560553,0.6221186027171424,3.487411602073198
AMSZ03,BSSZ03,6,1.1720940295489102,3.677794507342223,10.849888536891132
AMSZ03,CHSZ03,1,0.6358645645773793,0.0,1.6358645645773793
AMSZ03,CKSZ03,1,0.26642212723999176,0.0,1.2664221272399918
AMSZ03,CKSZ04,1,0.23206053180008251,0.0,1.2320605318000826
AMSZ03,DTSZ01,1,0.41064750584434584,0.0,1.410647505844346
AMSZ03,DTSZ02,1,0.2652388736409404,0.0,1.2652388736409403
AMSZ03,DTSZ05,2,0.3268867725190038,0.0,2.326886772519004
AMSZ03,DTSZ08,2,0.22777104911783538,0.0,2.2277710491178353
AMSZ03,DTSZ09,1,0.12455186995693807,0.0,1.1245518699569381
AMSZ03,DTSZ11,3,0.44968786695166285,0.0,3.449687866951663
AMSZ03,DTSZ12,1,0.21058260083139704,0.0,1.2105826008313971
AMSZ03,GLSZ02,1,0.3164280941514588,0.0,1.3164280941514588
AMSZ03,GLSZ03,4,0.7770031023370132,0.0,4.777003102337013
AMSZ03,GLSZ05,1,0.6169322362626959,0.0,1.6169322362626959
AMSZ03,HGSZ02,1,0.4269831977681051,0.0,1.4269831977681051
AMSZ03,HGSZ05,2,1.0379821436413992,0.8573972189843586,3.895379362625758
AMSZ03,HGSZ06,1,0.8200696284979918,0.3283310807237822,2.148400709221774
AMSZ03,JESZ05,2,0.4763332243755738,0.0,2.4763332243755736
AMSZ03,JWSZ06,1,0.16943143157810736,0.0,1.1694314315781074
AMSZ03,JWSZ09,1,0.39481926125876565,0.0,1.3948192612587658
AMSZ03,KLSZ05,1,0.17839053198506488,0.0,1.178390531985065
AMSZ03,KLSZ07,3,0.9451973494175159,0.0,3.9451973494175157
AMSZ03,MPSZ02,1,0.33154532741261766,0.0,1.3315453274126177
AMSZ03,MUSZ03,1,0.046786052991347825,0.0,1.0467860529913477
AMSZ03,NVSZ01,1,1.03037134552873,0.0,2.0303713455287298
AMSZ03,NVSZ02,2,0.8692801628583356,0.0,2.8692801628583355
AMSZ03,NVSZ03,2,0.2437827825812531,0.0,2.243782782581253
AMSZ03,ORSZ02,1,0.3186513168635688,0.0,1.3186513168635687
AMSZ03,OTSZ03,4,0.6455408923006722,0.0,4.645540892300672
AMSZ03,PGSZ01,1,0.19133317905485853,0.0,1.1913331790548585
AMSZ03,PLSZ01,1,0.2144567708491944,0.0,1.2144567708491945
AMSZ03,QTSZ09,1,0.060288577261495786,0.0,1.0602885772614958
AMSZ03,QTSZ11,3,0.6018903167621985,0.0,3.6018903167621987
AMSZ03,QTSZ13,1,0.2320713925914586,0.0,1.2320713925914586
AMSZ03,QTSZ14,1,0.2628755662534989,0.0,1.262875566253499
AMSZ03,RCSZ10,1,0.18706904844594135,0.0,1.1870690484459414
AMSZ03,SBSZ01,1,0.394017925701844,0.0,1.394017925701844
AMSZ03,SBSZ04,1,0.34956074853475794,0.0,1.349560748534758
AMSZ03,SBSZ08,1,0.12245602589096402,0.0,1.122456025890964
AMSZ03,SESZ04,1,0.6486768663612065,0.0,1.6486768663612064
AMSZ03,SESZ06,1,0.9479976456043698,0.0,1.94799764560437
AMSZ03,SGSZ02,4,0.4594900171895128,0.0,4.459490017189513
AMSZ03,SGSZ04,3,1.3790712010544963,2.1250305006703214,6.504101701724817
AMSZ03,SGSZ06,1,0.5348227558929672,0.8043506032895449,2.339173359182512
AMSZ03,TMSZ02,1,0.44134413170023223,0.0,1.4413441317002322
AMSZ03,TMSZ03,1,0.5874998993027819,0.0,1.5874998993027818
AMSZ03,TMSZ04,1,0.3707830970781781,0.0,1.370783097078178
AMSZ03,TMSZ05,2,0.4715248130925641,0.0,2.471524813092564
AMSZ03,TPSZ02,1,0.5474623298241067,0.0,1.5474623298241066
AMSZ03,TPSZ03,1,0.41909925791390645,0.17919489024551696,1.5982941481594233
AMSZ03,TPSZ06,1,0.3672406854104395,0.20147055893270852,1.5687112443431481
AMSZ03,TPSZ08,1,0.33823622711719176,0.0,1.3382362271171917
AMSZ03,WDSZ01,1,0.12724734282639927,0.0,1.1272473428263994
AMSZ03,WDSZ02,1,0.4262409227790112,0.0,1.4262409227790112
AMSZ04,AMSZ01,3,0.5224372331583613,1.4956594888571815,5.018096722015542
AMSZ04,AMSZ02,1,0.16733551151760578,1.762581084035578,2.929916595553184
AMSZ04,AMSZ03,2,0.2682049770501393,1.8275728501649229,4.095777827215063
AMSZ04,AMSZ04,1,0.20011051815053946,15.647114901056229,16.84722541920677
AMSZ04,AMSZ10,3,0.2625554594477055,0.1013706020233431,3.3639260614710484
AMSZ04,BMSZ07,1,0.12135152590949835,0.0,1.1213515259094984
AMSZ04,BMSZ12,1,0.07807906273494782,0.0,1.078079062734948
AMSZ04,BMSZ13,1,0.006545686690749294,0.0,1.0065456866907494
AMSZ04,BMSZ17,1,0.05168647165722714,0.0,1.0516864716572272
AMSZ04,BSSZ01,9,1.2889616316805843,1.4870126685957887,11.775974300276372
AMSZ04,BSSZ02,1,0.2837696865280716,0.35203744575360624,1.6358071322816778
AMSZ04,BSSZ03,1,0.1670331029524004,0.7022296722808907,1.869262775233291
AMSZ04,BTSZ01,1,0.12690844143015448,0.0,1.1269084414301545
AMSZ04,CHSZ03,2,0.47735454558734935,0.0,2.4773545455873496
AMSZ04,CLSZ01,1,0.04555062452612023,0.0,1.0455506245261201
AMSZ04,DTSZ02,4,0.24290363711120394,0.0,4.242903637111204
AMSZ04,DTSZ03,2,0.18162747220980982,0.0,2.1816274722098097
AMSZ04,DTSZ05,3,0.19139069025990302,0.0,3.191390690259903
AMSZ04,DTSZ08,1,0.06165933719162217,0.0,1.061659337191622
AMSZ04,DTSZ11,1,0.08265099284044163,0.0,1.0826509928404415
AMSZ04,GLSZ01,1,0.13486498050995055,0.0,1.1348649805099504
AMSZ04,GLSZ03,1,0.09820732465492833,0.0,1.0982073246549284
AMSZ04,HGSZ04,2,0.19214022519755805,0.0,2.192140225197558
AMSZ04,HGSZ06,2,0.2848787519752528,0.0,2.2848787519752527
AMSZ04,HGSZ07,1,0.17139390751748307,0.0,1.171393907517483
AMSZ04,HGSZ08,2,0.11176094844716312,0.0,2.1117609484471633
AMSZ04,HGSZ09,1,0.00390667695428576,0.0,1.0039066769542857
AMSZ04,JESZ06,1,0.02021664129575109,0.0,1.0202166412957512
AMSZ04,JWSZ09,1,0.1276715058921239,0.0,1.1276715058921238
AMSZ04,KLSZ06,1,0.12404322998896095,0.0,1.124043229988961
AMSZ04,KLSZ08,1,0.08915672169834098,0.0,1.0891567216983409
AMSZ04,MPSZ01,1,0.0485508853155583,0.0,1.0485508853155583
AMSZ04,MUSZ03,1,0.01728649038598259,0.0,1.0172864903859826
AMSZ04,NTSZ03,1,0.017245515660485985,0.0,1.017245515660486
AMSZ04,NVSZ02,2,0.2999291638419552,0.0,2.2999291638419552
AMSZ04,ORSZ03,1,0.0737788244481616,0.0,1.0737788244481616
AMSZ04,PLSZ04,1,0.005142485630592637,0.0,1.0051424856305926
AMSZ04,QTSZ08,5,0.8735113624713581,0.0,5.873511362471358
AMSZ04,QTSZ11,1,0.0942084295728079,0.0,1.0942084295728078
AMSZ04,QTSZ15,1,0.053284890061355485,0.0,1.0532848900613554
AMSZ04,RCSZ10,2,0.08669791307526303,0.0,2.086697913075263
AMSZ04,RVSZ05,1,0.07110193142091249,0.0,1.0711019314209125
AMSZ04,SBSZ03,1,0.12817229824952583,0.0,1.128172298249526
AMSZ04,SBSZ04,1,0.1545615836496093,0.0,1.1545615836496093
AMSZ04,SBSZ09,1,0.1129550006847595,0.0,1.1129550006847595
AMSZ04,SGSZ03,1,0.18902473458512836,0.08850779012505448,1.2775325247101827
AMSZ04,SGSZ04,2,0.4345674658512275,0.8279153055994984,3.262482771450726
AMSZ04,SGSZ06,5,0.9753277570894642,1.3400222660889798,7.315350023178444
AMSZ04,TMSZ03,2,0.3760538349708704,0.0,2.3760538349708704
AMSZ04,TMSZ04,1,0.0876031407824509,0.0,1.087603140782451
AMSZ04,TNSZ01,1,0.057788723392567715,0.0,1.0577887233925678
AMSZ04,TPSZ01,1,0.09027000545003447,0.16187362789312737,1.252143633343162
AMSZ04,TPSZ02,1,0.1192094200500785,0.0,1.1192094200500784
AMSZ04,TPSZ04,1,0.0345901932048709,0.05596404082460552,1.0905542340294765
AMSZ04,TPSZ06,1,0.06392915335327717,0.14933948030451216,1.2132686336577891
AMSZ04,WDSZ02,1,0.08807428006819054,0.0,1.0880742800681906
AMSZ04,WDSZ04,1,0.12647059710467615,0.0,1.1264705971046762
AMSZ04,WDSZ07,1,0.01671708991582973,0.0,1.0167170899158298
AMSZ04,YSSZ09,1,0.11758930694816248,0.0,1.1175893069481624
AMSZ05,AMSZ01,4,2.0138736971470808,4.044320553091008,10.058194250238088
AMSZ05,AMSZ02,1,0.4664761829756515,2.838319835578542,4.304796018554194
AMSZ05,AMSZ06,1,2.1202752045582987,1.013289482488687,4.133564687046986
AMSZ05,AMSZ10,1,0.41982878272797863,0.20179404019736746,1.6216228229253462
AMSZ05,BKSZ09,1,0.2781937823638075,0.0,1.2781937823638074
AMSZ05,BMSZ04,1,0.2420328526643928,0.0,1.242032852664393
AMSZ05,BMSZ05,1,0.2492784486890552,0.0,1.2492784486890551
AMSZ05,BPSZ05,1,0.4028929953925449,0.0,1.4028929953925449
AMSZ05,BSSZ01,3,3.042697969286949,0.9020056351788165,6.944703604465765
AMSZ05,BTSZ01,1,0.37822857292415607,0.0,1.3782285729241561
AMSZ05,DTSZ01,3,0.7887438647594506,0.0,3.7887438647594505
AMSZ05,DTSZ03,2,0.5117539922460131,0.0,2.511753992246013
AMSZ05,DTSZ05,2,0.45932907061880074,0.0,2.459329070618801
AMSZ05,GLSZ02,1,0.23897061541488926,0.0,1.2389706154148892
AMSZ05,GLSZ03,1,0.2978680479321255,0.0,1.2978680479321256
AMSZ05,HGSZ07,1,0.501573101943105,0.0,1.5015731019431051
AMSZ05,HGSZ08,1,0.22413943262286332,0.0,1.2241394326228634
AMSZ05,KLSZ01,1,0.5217657937550747,0.0,1.5217657937550748
AMSZ05,KLSZ06,1,0.3862164045460588,0.0,1.3862164045460588
AMSZ05,KLSZ09,2,0.1670564404368963,0.0,2.1670564404368964
AMSZ05,MPSZ01,1,0.16658912510524734,0.0,1.1665891251052474
AMSZ05,MUSZ02,1,0.0,0.0,1.0
AMSZ05,MUSZ03,1,0.06732841165241524,0.0,1.0673284116524153
AMSZ05,NTSZ03,1,0.08631274012466686,0.0,1.0863127401246668
AMSZ05,NVSZ02,1,0.6346956267755971,0.0,1.634695626775597
AMSZ05,NVSZ05,1,0.0,0.0,1.0
AMSZ05,OTSZ01,1,0.0432824942823043,0.0,1.0432824942823042
AMSZ05,OTSZ02,1,0.05871490926640489,0.0,1.058714909266405
AMSZ05,SGSZ02,1,0.1971670032827748,0.0,1.1971670032827748
AMSZ05,SGSZ03,1,0.3507699415763742,0.0,1.3507699415763743
AMSZ05,TMSZ05,1,0.32219016542921114,0.0,1.3221901654292112
AMSZ05,TPSZ06,1,0.2047970339958312,0.0,1.2047970339958312
AMSZ05,TSSZ03,1,0.039722447196953344,0.0,1.0397224471969533
AMSZ05,WCSZ01,1,0.29337075593582584,0.0,1.2933707559358258
AMSZ05,WDSZ09,1,0.12807308510145535,0.0,1.1280730851014553
AMSZ05,YSSZ01,1,0.2841744996836488,0.0,1.2841744996836488
AMSZ05,YSSZ03,1,0.6129648918435091,0.0,1.612964891843509
AMSZ05,YSSZ09,3,0.7986516157441332,0.0,3.7986516157441335
AMSZ06,AMSZ01,10,2.2338252403395042,1.511912494297858,13.745737734637363
AMSZ06,AMSZ02,1,0.3914474574203438,0.715091379642829,2.1065388370631726
AMSZ06,AMSZ06,2,4.5190438578034575,17.388292725777383,23.90733658358084
AMSZ06,AMSZ09,2,0.6429192394748496,0.23598836250512534,2.878907601979975
AMSZ06,AMSZ10,2,0.4509580327920618,0.017245246062377897,2.46820327885444
AMSZ06,BDSZ03,1,0.25366700449251917,0.0,1.253667004492519
AMSZ06,BMSZ02,1,0.12512651319371143,0.0,1.1251265131937114
AMSZ06,BSSZ01,2,1.7785937154469573,0.13086976303864503,3.9094634784856024
AMSZ06,BTSZ01,2,0.39508837502606897,0.0,2.395088375026069
AMSZ06,BTSZ03,1,0.14044947084057485,0.0,1.1404494708405748
AMSZ06,BTSZ08,1,0.08213318266024836,0.0,1.0821331826602483
AMSZ06,CKSZ03,1,0.2977113569296314,0.0,1.2977113569296315
AMSZ06,CLSZ08,1,0.24522794882184296,0.0,1.245227948821843
AMSZ06,DTSZ02,2,0.2752791088850651,0.0,2.2752791088850652
AMSZ06,DTSZ03,4,0.40541866750371547,0.0,4.4054186675037155
AMSZ06,DTSZ05,1,0.16339363052732547,0.0,1.1633936305273256
AMSZ06,DTSZ08,5,0.40399931277461043,0.0,5.40399931277461
AMSZ06,DTSZ11,2,0.19932520929241518,0.0,2.1993252092924154
AMSZ06,GLSZ01,1,0.25190512770870455,0.0,1.2519051277087045
AMSZ06,GLSZ04,1,0.5315149678224622,0.0,1.5315149678224622
AMSZ06,GLSZ05,1,0.34862125304006814,0.0,1.348621253040068
AMSZ06,HGSZ06,1,0.5450021402173486,0.0,1.5450021402173486
AMSZ06,JESZ05,4,0.4196295543111572,0.0,4.4196295543111574
AMSZ06,KLSZ02,1,0.06744571048532431,0.0,1.0674457104853243
AMSZ06,KLSZ07,1,0.25109938272639126,0.0,1.2510993827263912
AMSZ06,KLSZ08,1,0.30601089652516733,0.0,1.3060108965251673
AMSZ06,LKSZ01,1,0.5302148837789593,0.0,1.5302148837789593
AMSZ06,MUSZ02,1,0.0,0.0,1.0
AMSZ06,NTSZ03,1,0.036206418312257904,0.0,1.036206418312258
AMSZ06,NVSZ02,2,0.6408676517516984,0.0,2.6408676517516985
AMSZ06,ORSZ03,2,0.32795939059789037,0.0,2.3279593905978904
AMSZ06,OTSZ03,3,0.47593229544084975,0.0,3.47593229544085
AMSZ06,PGSZ01,1,0.17146985716536978,0.0,1.1714698571653699
AMSZ06,QTSZ02,1,0.1192049194804166,0.0,1.1192049194804166
AMSZ06,QTSZ06,1,0.13436909122846258,0.0,1.1343690912284625
AMSZ06,QTSZ08,3,0.5602696115379828,0.0,3.560269611537983
AMSZ06,QTSZ12,1,0.12943448788350465,0.0,1.1294344878835045
AMSZ06,QTSZ14,2,0.20890960612190085,0.0,2.208909606121901
AMSZ06,RCSZ01,1,0.08446818709368677,0.0,1.0844681870936868
AMSZ06,SBSZ02,1,0.061522695827532094,0.0,1.0615226958275321
AMSZ06,SESZ04,1,0.4993337718205021,0.0,1.4993337718205022
AMSZ06,SGSZ02,3,0.3282540130408762,0.0,3.328254013040876
AMSZ06,SRSZ02,1,0.0384114201175129,0.0,1.038411420117513
AMSZ06,TMSZ01,1,0.44597387665418486,0.0,1.4459738766541848
AMSZ06,TMSZ05,1,0.21601946110567238,0.0,1.2160194611056725
AMSZ06,WDSZ01,3,0.1024856457382591,0.0,3.102485645738259
AMSZ06,WDSZ02,1,0.22331984247686276,0.0,1.2233198424768628
AMSZ06,WDSZ04,2,0.2971028993654154,0.0,2.2971028993654152
AMSZ06,YSSZ06,2,0.22159323825571114,0.0,2.221593238255711
AMSZ06,YSSZ09,1,0.42184037814441805,0.0,1.421840378144418
AMSZ07,AMSZ01,5,1.3603486163349647,0.8483536583267702,7.208702274661735
AMSZ07,AMSZ03,1,0.18485668771083613,0.3589135675658217,1.543770255276658
AMSZ07,AMSZ11,1,0.023277307196239876,0.5989912937390328,1.6222686009352727
AMSZ07,BKSZ03,1,0.19683412291453745,0.0,1.1968341229145374
AMSZ07,BMSZ01,1,0.2274844921442352,0.0,1.2274844921442352
AMSZ07,BSSZ01,2,1.3479676085327725,0.1936814890575331,3.541649097590305
AMSZ07,BTSZ01,1,0.25562108459299154,0.0,1.2556210845929916
AMSZ07,DTSZ02,1,0.11815350450852553,0.0,1.1181535045085256
AMSZ07,DTSZ08,1,0.11607399133656585,0.0,1.1160739913365658
AMSZ07,DTSZ12,1,0.11414416439908436,0.0,1.1141441643990844
AMSZ07,MUSZ01,1,0.06536068001430624,0.0,1.0653606800143063
AMSZ07,NVSZ01,1,0.5203768125590379,0.0,1.520376812559038
AMSZ07,NVSZ02,1,0.31346837861505605,0.0,1.313468378615056
AMSZ07,NVSZ04,1,0.022798046839372012,0.0,1.022798046839372
AMSZ07,ORSZ02,1,0.2297540412991727,0.0,1.2297540412991728
AMSZ07,ORSZ03,1,0.18195906431312298,0.0,1.181959064313123
AMSZ07,PGSZ04,1,0.3613773453973052,0.0,1.3613773453973053
AMSZ07,QTSZ11,1,0.2249142140537254,0.0,1.2249142140537255
AMSZ07,RCSZ09,1,0.07465553174065218,0.0,1.074655531740652
AMSZ07,SBSZ01,1,0.1677944660675162,0.0,1.1677944660675161
AMSZ07,TPSZ09,1,0.07361203014225173,0.0,1.0736120301422518
AMSZ07,WDSZ07,1,0.033694391697306265,0.0,1.0336943916973063
AMSZ07,YSSZ02,1,0.11366179032773462,0.0,1.1136617903277346
AMSZ07,YSSZ05,1,0.3090390959002845,0.0,1.3090390959002844
AMSZ07,YSSZ09,1,0.3627725313627924,0.0,1.3627725313627925
AMSZ08,AMSZ01,2,0.8140336448704925,0.05189949931028222,2.8659331441807745
AMSZ08,AMSZ04,1,0.06563307041328098,0.011922474158505638,1.0775555445717866
AMSZ08,AMSZ07,1,0.27858323856077144,0.0,1.2785832385607714
AMSZ08,AMSZ08,2,3.718021551952352,2.9278524857790695,8.645874037731422
AMSZ08,BDSZ02,1,0.2916224238337664,0.0,1.2916224238337664
AMSZ08,BMSZ02,1,0.12750203464144058,0.0,1.1275020346414406
AMSZ08,BSSZ01,1,0.5294048794284487,0.008233157044439618,1.5376380364728883
AMSZ08,BSSZ03,2,0.4155086419054297,0.0,2.4155086419054297
AMSZ08,DTSZ02,1,0.16576244864093853,0.0,1.1657624486409386
AMSZ08,DTSZ03,1,0.20952125167607186,0.0,1.2095212516760718
AMSZ08,JWSZ02,1,0.2835723639920217,0.0,1.2835723639920218
AMSZ08,JWSZ09,2,0.5890133625037134,0.0,2.5890133625037133
AMSZ08,KLSZ09,1,0.0385961876068932,0.0,1.0385961876068932
AMSZ08,MPSZ03,1,0.33069436290012477,0.0,1.3306943629001249
AMSZ08,ORSZ02,1,0.3285419850547407,0.0,1.3285419850547406
AMSZ08,OTSZ03,1,0.20990782618968726,0.0,1.2099078261896872
AMSZ08,OTSZ04,1,0.04512052302894841,0.0,1.0451205230289484
AMSZ08,PGSZ03,1,0.18600132853070248,0.0,1.1860013285307025
AMSZ08,PNSZ01,1,0.10586168569377205,0.0,1.105861685693772
AMSZ08,PRSZ03,1,0.4603696280606481,0.0,1.460369628060648
AMSZ08,QTSZ01,1,0.18814428936528335,0.0,1.1881442893652834
AMSZ08,QTSZ14,1,0.2252090548116632,0.0,1.2252090548116632
AMSZ08,RCSZ08,1,0.0,0.0,1.0
AMSZ08,SBSZ02,1,0.032776691830525825,0.0,1.032776691830526
AMSZ08,SBSZ03,2,0.48934581323070814,0.0,2.4893458132307082
AMSZ08,SBSZ04,1,0.3800779506353897,0.0,1.3800779506353897
AMSZ08,TMSZ03,1,0.4371672614177601,0.0,1.43716726141776
AMSZ08,TMSZ05,1,0.23347313195000238,0.0,1.2334731319500023
AMSZ08,TPSZ02,2,0.476129081027384,0.0,2.476129081027384
AMSZ08,TPSZ06,1,0.18934683788350237,0.0,1.1893468378835024
AMSZ08,TSSZ05,1,0.2526848355419902,0.0,1.2526848355419902
AMSZ08,WDSZ02,2,0.27109128115711995,0.0,2.27109128115712
AMSZ08,WDSZ04,1,0.48149792528325336,0.0,1.4814979252832534
AMSZ08,YSSZ02,1,0.14476312833396662,0.0,1.1447631283339665
AMSZ08,YSSZ04,1,0.5580439470529818,0.0,1.5580439470529819
AMSZ08,YSSZ09,1,0.4469763309938254,0.0,1.4469763309938255
AMSZ09,AMSZ01,10,2.7966629991918586,1.124392884575833,13.921055883767693
AMSZ09,AMSZ04,1,0.08873197775016874,0.13368742732612426,1.2224194050762929
AMSZ09,AMSZ06,3,1.665412650274603,0.31543175734267337,4.980844407617276
AMSZ09,AMSZ07,1,0.43536253664531205,0.0,1.435362536645312
AMSZ09,AMSZ09,3,1.5081344619486616,17.179763758920938,21.6878982208696
AMSZ09,AMSZ10,3,0.9036944847272737,0.07782087052195052,3.981515355249224
AMSZ09,AMSZ11,1,0.022424742258161674,0.03778118358530965,1.0602059258434713
AMSZ09,BDSZ03,1,0.33398329665464715,0.0,1.3339832966546472
AMSZ09,BKSZ01,1,0.10003893899748924,0.0,1.1000389389974892
AMSZ09,BMSZ01,1,0.3128642901536667,0.0,1.3128642901536667
AMSZ09,BMSZ05,1,0.2300939734819189,0.0,1.230093973481919
AMSZ09,BMSZ17,1,0.19500647284862543,0.0,1.1950064728486254
AMSZ09,BSSZ01,2,1.4990913545259918,0.06840727762834231,3.567498632154334
AMSZ09,BSSZ02,1,0.37502754086215406,0.06215215269676458,1.4371796935589185
AMSZ09,DTSZ01,2,0.3474059952500557,0.0,2.347405995250056
AMSZ09,DTSZ02,2,0.36053631481837195,0.0,2.360536314818372
AMSZ09,DTSZ05,3,0.562106206348678,0.0,3.562106206348678
AMSZ09,DTSZ08,1,0.17997833417159723,0.0,1.1799783341715973
AMSZ09,DTSZ09,1,0.20154861167841973,0.0,1.2015486116784198
AMSZ09,DTSZ11,4,0.15419102508611912,0.0,4.154191025086119
AMSZ09,GLSZ03,3,0.7251771059105686,0.0,3.7251771059105687
AMSZ09,GLSZ05,1,0.40284947538229,0.0,1.40284947538229
AMSZ09,HGSZ07,1,0.4304977755965095,0.0,1.4304977755965096
AMSZ09,KLSZ01,2,0.4319369325181863,0.0,2.4319369325181865
AMSZ09,KLSZ08,1,0.20850989481527835,0.0,1.2085098948152784
AMSZ09,NTSZ03,1,0.06587679408920624,0.0,1.0658767940892062
AMSZ09,NVSZ02,3,0.64519074524415,0.0,3.64519074524415
AMSZ09,NVSZ03,1,0.08073145049310627,0.0,1.0807314504931063
AMSZ09,ORSZ02,4,0.7359950126712954,0.0,4.735995012671295
AMSZ09,ORSZ03,1,0.24425590531013622,0.0,1.2442559053101363
AMSZ09,OTSZ03,3,0.653204491343026,0.0,3.653204491343026
AMSZ09,PGSZ03,1,0.2781375282529254,0.0,1.2781375282529255
AMSZ09,PRSZ01,1,0.0,0.0,1.0
AMSZ09,QTSZ02,1,0.12719404089009204,0.0,1.127194040890092
AMSZ09,QTSZ08,1,0.3460656495327702,0.0,1.34606564953277
AMSZ09,QTSZ11,2,0.5439446052248252,0.0,2.543944605224825
AMSZ09,QTSZ14,1,0.2398490479265298,0.0,1.2398490479265298
AMSZ09,SBSZ03,2,0.5670260182014791,0.0,2.5670260182014792
AMSZ09,SESZ03,3,0.9290418498944013,0.0,3.9290418498944013
AMSZ09,SESZ04,1,0.7009896542362876,0.0,1.7009896542362877
AMSZ09,SGSZ03,1,0.31468670235684365,0.0,1.3146867023568436
AMSZ09,SRSZ03,1,0.18554822808009647,0.0,1.1855482280800964
AMSZ09,TMSZ04,1,0.5404263169066906,0.0,1.5404263169066907
AMSZ09,TNSZ01,1,0.23618861630528845,0.0,1.2361886163052884
AMSZ09,TPSZ05,1,0.12654910846261044,0.0,1.1265491084626105
AMSZ09,WCSZ01,1,0.2665827081300436,0.0,1.2665827081300436
AMSZ09,WDSZ03,1,0.45688938204748225,0.0,1.4568893820474822
AMSZ09,YSSZ01,1,0.24435875250696631,0.0,1.2443587525069664
AMSZ10,AMSZ01,4,1.2028959031488813,0.8203915867141005,6.023287489862982
AMSZ10,AMSZ02,1,0.4107546704439962,0.9301973114259123,2.3409519818699085
AMSZ10,AMSZ03,1,0.2774246757421582,0.24049416910914698,1.517918844851305
AMSZ10,AMSZ04,1,0.07798239714220896,0.07897711509330031,1.1569595122355092
AMSZ10,AMSZ06,1,0.787406563709067,0.12048735965321979,1.907893923362287
AMSZ10,AMSZ09,2,0.53562406039927,0.13253026971091017,2.66815433011018
AMSZ10,AMSZ10,2,0.8259799358978888,6.174811609555518,9.000791545453406
AMSZ10,AMSZ11,1,0.023907765280352863,0.13572375495513161,1.1596315202354843
AMSZ10,BDSZ01,1,0.22099873622168362,0.0,1.2209987362216836
AMSZ10,BDSZ04,1,0.338385861769348,0.0,1.338385861769348
AMSZ10,BKSZ03,1,0.1741242215558058,0.0,1.1741242215558059
AMSZ10,BKSZ07,1,0.26400222876849017,0.0,1.2640022287684902
AMSZ10,BKSZ09,1,0.19523505038980912,0.0,1.195235050389809
AMSZ10,BMSZ06,1,0.24971557121096116,0.0,1.249715571210961
AMSZ10,BPSZ01,1,0.1054379754124064,0.0,1.1054379754124064
AMSZ10,BTSZ03,1,0.12089381927829686,0.0,1.120893819278297
AMSZ10,BTSZ05,1,0.05625544094275692,0.0,1.056255440942757
AMSZ10,CHSZ01,1,0.08230069575078924,0.0,1.0823006957507892
AMSZ10,CKSZ05,2,0.1410030513772068,0.0,2.141003051377207
AMSZ10,CKSZ06,2,0.3170753441810516,0.0,2.3170753441810517
AMSZ10,DTSZ02,1,0.154456959544606,0.0,1.154456959544606
AMSZ10,DTSZ05,1,0.1595710026726257,0.0,1.1595710026726258
AMSZ10,DTSZ06,1,0.02702797214537792,0.0,1.0270279721453779
AMSZ10,DTSZ11,1,0.1330338320331113,0.0,1.1330338320331113
AMSZ10,DTSZ12,2,0.2182058039869785,0.0,2.2182058039869785
AMSZ10,GLSZ03,1,0.2143869155822783,0.0,1.2143869155822782
AMSZ10,HGSZ03,2,0.3715093058858512,0.0,2.3715093058858514
AMSZ10,HGSZ04,1,0.2462521938620358,0.0,1.246252193862036
AMSZ10,HGSZ05,1,0.39594840129305076,0.0,1.3959484012930508
AMSZ10,HGSZ06,1,0.5340575453683102,0.0,1.5340575453683103
AMSZ10,JESZ05,1,0.2795675615745764,0.0,1.2795675615745763
AMSZ10,JWSZ09,1,0.3460011364395846,0.0,1.3460011364395845
AMSZ10,KLSZ01,1,0.2807621996583875,0.0,1.2807621996583876
AMSZ10,KLSZ09,1,0.038523677563275675,0.0,1.0385236775632756
AMSZ10,MPSZ03,1,0.3149916951407732,0.0,1.3149916951407732
AMSZ10,NVSZ01,1,0.5973295351532903,0.0,1.5973295351532903
AMSZ10,NVSZ02,1,0.31000827271308745,0.0,1.3100082727130875
AMSZ10,ORSZ03,1,0.15989918329763023,0.0,1.1598991832976302
AMSZ10,OTSZ03,1,0.2583764097426722,0.0,1.2583764097426722
AMSZ10,PGSZ02,1,0.1931143099765029,0.0,1.193114309976503
AMSZ10,PGSZ03,1,0.23875910826701197,0.0,1.238759108267012
AMSZ10,PGSZ05,2,0.5100573003921869,0.0,2.510057300392187
AMSZ10,PRSZ05,2,0.3624381882527329,0.0,2.362438188252733
AMSZ10,QTSZ01,1,0.2551185708428919,0.0,1.255118570842892
AMSZ10,QTSZ02,1,0.12945642536898372,0.0,1.1294564253689838
AMSZ10,RCSZ10,1,0.11298697657044604,0.0,1.112986976570446
AMSZ10,SBSZ01,1,0.1976749047941776,0.0,1.1976749047941775
AMSZ10,SBSZ03,5,0.5161678877190431,0.0,5.516167887719043
AMSZ10,SESZ02,2,0.7546258944056629,0.0,2.7546258944056627
AMSZ10,SESZ04,2,0.8408732915725025,0.0,2.8408732915725023
AMSZ10,SESZ06,2,1.2300754445040476,0.0,3.2300754445040476
AMSZ10,SGSZ02,1,0.20746662008723918,0.0,1.2074666200872393
AMSZ10,SGSZ03,2,0.303739879284058,0.11065834874280972,2.414398228026868
AMSZ10,SGSZ04,1,0.4532011827214076,0.1815303892975128,1.6347315720189204
AMSZ10,SGSZ06,1,0.30414517386286444,0.0,1.3041451738628644
AMSZ10,TPSZ01,1,0.1503624815282407,0.0,1.1503624815282407
AMSZ10,TPSZ06,1,0.1847478172258538,0.0,1.1847478172258539
AMSZ10,TPSZ11,1,0.22299272466636927,0.0,1.2229927246663692
AMSZ10,TPSZ12,1,0.11827310412042412,0.0,1.1182731041204241
AMSZ10,WDSZ01,2,0.11555248259678552,0.0,2.1155524825967857
AMSZ10,WDSZ03,4,0.8810312385182422,0.0,4.881031238518242
AMSZ10,WDSZ05,2,0.3343562189323307,0.0,2.3343562189323306
AMSZ10,WDSZ06,1,0.25011044229624996,0.0,1.25011044229625
AMSZ10,YSSZ01,4,0.22976196570783544,0.0,4.229761965707835
AMSZ10,YSSZ03,1,0.46396809983407505,0.0,1.4639680998340752
AMSZ10,YSSZ05,1,0.2157236397070951,0.07399747322419742,1.2897211129312927
AMSZ10,YSSZ08,1,0.12025706677716234,0.0,1.1202570667771623
AMSZ10,YSSZ09,3,0.6556479871898553,0.0,3.6556479871898553
AMSZ11,AMSZ01,1,0.3093437691167911,0.0,1.309343769116791
AMSZ11,AMSZ02,1,0.22875132145319654,0.0,1.2287513214531964
AMSZ11,DTSZ01,1,0.16085043463305201,0.0,1.160850434633052
AMSZ11,JESZ05,2,0.3019028534782687,0.0,2.3019028534782686
AMSZ11,ORSZ03,1,0.10986581869732452,0.0,1.1098658186973245
AMSZ11,SBSZ04,1,0.23015805535532974,0.0,1.2301580553553297
AMSZ11,SESZ03,1,0.6165791631559787,0.0,1.6165791631559787
AMSZ11,SESZ06,1,0.35923274472986505,0.0,1.359232744729865
AMSZ11,SGSZ04,1,0.49058897219498604,0.0,1.490588972194986
AMSZ11,SGSZ06,1,0.21060866387075186,0.0,1.2106086638707518
AMSZ11,TPSZ02,1,0.16195100045326113,0.0,1.1619510004532612
AMSZ11,YSSZ03,1,0.2712281230874928,0.0,1.271228123087493
AMSZ11,YSSZ09,5,0.5489390797742906,0.0,5.548939079774291
AMSZ12,AMSZ01,6,1.2797870937486913,0.0,7.279787093748691
AMSZ12,AMSZ03,1,0.1998452043821492,0.0,1.1998452043821493
AMSZ12,AMSZ10,1,0.18978720159695228,0.0,1.1897872015969524
AMSZ12,BKSZ07,1,0.1731121586658278,0.0,1.1731121586658277
AMSZ12,BMSZ06,1,0.39139668876763933,0.0,1.3913966887676392
AMSZ12,BMSZ15,1,0.014243420959003543,0.0,1.0142434209590034
AMSZ12,BSSZ03,2,0.3613324357729431,0.0,2.361332435772943
AMSZ12,BTSZ06,1,0.038867197324049536,0.0,1.0388671973240495
AMSZ12,CKSZ03,2,0.364194930329978,0.0,2.364194930329978
AMSZ12,DTSZ03,1,0.15089241069747633,0.0,1.1508924106974763
AMSZ12,DTSZ11,1,0.1180747627883421,0.0,1.118074762788342
AMSZ12,GLSZ03,1,0.15143956315724283,0.0,1.151439563157243
AMSZ12,HGSZ02,1,0.21428561821294081,0.0,1.214285618212941
AMSZ12,HGSZ04,4,0.5067012890612375,0.0,4.506701289061238
AMSZ12,JWSZ04,1,0.276420361254198,0.0,1.276420361254198
AMSZ12,ORSZ02,1,0.2237942680665627,0.0,1.2237942680665628
AMSZ12,ORSZ03,1,0.12701245382491158,0.0,1.1270124538249116
AMSZ12,OTSZ03,1,0.1624829236728264,0.0,1.1624829236728265
AMSZ12,PGSZ03,2,0.2862895945911802,0.0,2.2862895945911803
AMSZ12,PGSZ04,1,0.4560362059882388,0.0,1.4560362059882388
AMSZ12,QTSZ08,1,0.18379143886830976,0.0,1.1837914388683097
AMSZ12,QTSZ11,1,0.11670677852715693,0.0,1.116706778527157
AMSZ12,SBSZ01,1,0.09116446393441219,0.0,1.0911644639344122
AMSZ12,SESZ02,2,0.6230485475853287,0.0,2.623048547585329
AMSZ12,SESZ06,1,0.4544981959344069,0.0,1.454498195934407
AMSZ12,SGSZ06,1,0.24072184934131685,0.0,1.2407218493413168
AMSZ12,SGSZ07,1,0.19884676020205244,0.0,1.1988467602020525
AMSZ12,TMSZ02,1,0.5320163634867379,0.0,1.5320163634867379
AMSZ12,TPSZ01,1,0.04788384393954844,0.0,1.0478838439395484
AMSZ12,TPSZ04,2,0.08558883077610215,0.0,2.085588830776102
AMSZ12,TPSZ06,1,0.12281431716055735,0.0,1.1228143171605574
AMSZ12,WDSZ03,3,0.5903611761325479,0.0,3.590361176132548
AMSZ12,WDSZ04,1,0.20524849393042344,0.0,1.2052484939304233
AMSZ12,YSSZ01,3,0.20762600746531484,0.0,3.207626007465315
AMSZ12,YSSZ03,3,0.9401567121936378,0.0,3.940156712193638
AMSZ12,YSSZ04,1,0.5306660901239886,0.0,1.5306660901239886
AMSZ12,YSSZ05,1,0.07853543843291516,0.0,1.078535438432915
AMSZ12,YSSZ08,1,0.06432890910386352,0.0,1.0643289091038635
BDSZ01,AMSZ01,2,0.8631941500125577,0.0,2.863194150012558
BDSZ01,AMSZ10,1,0.3072470599776409,0.0,1.307247059977641
BDSZ01,BDSZ01,4,5.737809012533756,24.321209309741775,34.059018322275534
BDSZ01,BDSZ02,4,1.37776926144801,1.1907939124287257,6.568563173876735
BDSZ01,BDSZ04,8,3.2859645907829025,1.5275394170783272,12.81350400786123
BDSZ01,BDSZ06,3,1.865448507412742,0.0,4.865448507412742
BDSZ01,BKSZ08,1,0.04741808331653336,0.0,1.0474180833165334
BDSZ01,BLSZ01,1,0.15283376760743472,0.0,1.1528337676074347
BDSZ01,BMSZ03,1,0.2886219214348327,0.0,1.2886219214348327
BDSZ01,BMSZ05,4,0.8028184001639831,0.0,4.802818400163983
BDSZ01,BSSZ01,2,0.9141516564482114,0.0,2.9141516564482113
BDSZ01,BSSZ02,1,0.4682029315237405,0.0,1.4682029315237406
BDSZ01,BTSZ01,1,0.43675689834871584,0.0,1.4367568983487158
BDSZ01,CHSZ02,1,0.21430506527242377,0.0,1.2143050652724239
BDSZ01,CHSZ03,5,1.4463824117200135,0.0,6.4463824117200135
BDSZ01,CLSZ07,1,0.2318954369116309,0.0,1.2318954369116308
BDSZ01,DTSZ01,2,0.5998584237104755,0.0,2.5998584237104754
BDSZ01,DTSZ02,2,0.7641149078017097,0.0,2.7641149078017095
BDSZ01,DTSZ05,7,0.618891230795359,0.0,7.618891230795359
BDSZ01,DTSZ07,1,0.182056572579127,0.0,1.182056572579127
BDSZ01,DTSZ08,4,0.4354276982486317,0.0,4.435427698248632
BDSZ01,DTSZ09,1,0.1268230420116598,0.0,1.1268230420116598
BDSZ01,DTSZ10,1,0.030593612226053057,0.0,1.030593612226053
BDSZ01,DTSZ11,8,0.8192034104566859,0.0,8.819203410456685
BDSZ01,DTSZ12,2,0.5150517173308307,0.0,2.515051717330831
BDSZ01,GLSZ01,3,0.6566972655006417,0.0,3.656697265500642
BDSZ01,GLSZ02,2,0.6951426148637501,0.20753307614848607,2.9026756910122358
BDSZ01,GLSZ03,5,1.6656944419034385,1.061518227880915,7.727212669784354
BDSZ01,GLSZ04,2,1.434563217101006,0.0,3.4345632171010063
BDSZ01,GLSZ05,5,1.6361559516223356,0.4849402141132988,7.121096165735634
BDSZ01,HGSZ01,1,0.37750259790669144,0.0,1.3775025979066915
BDSZ01,HGSZ04,1,0.4610673012838771,0.0,1.461067301283877
BDSZ01,HGSZ08,2,0.7013155130699718,0.2808741325223395,2.982189645592311
BDSZ01,HGSZ09,1,0.09299045321060333,0.0,1.0929904532106034
BDSZ01,JWSZ06,1,0.282766917490877,0.0,1.2827669174908771
BDSZ01,KLSZ01,1,0.6719826172406151,0.0,1.6719826172406151
BDSZ01,KLSZ02,2,0.4235900727179957,0.0,2.4235900727179955
BDSZ01,KLSZ03,2,0.17679397026074364,0.0,2.1767939702607437
BDSZ01,KLSZ06,1,0.45255087154111645,0.0,1.4525508715411164
BDSZ01,KLSZ08,2,0.7686573257837263,0.0,2.7686573257837264
BDSZ01,MPSZ01,1,0.292678004858748,0.0,1.292678004858748
BDSZ01,MPSZ03,1,0.7158084792411192,0.0,1.7158084792411192
BDSZ01,MUSZ03,1,0.10270463063712688,0.0,1.1027046306371269
BDSZ01,NVSZ02,4,1.0273882510255592,0.0,5.02738825102556
BDSZ01,ORSZ02,2,0.6872057309698427,0.0,2.6872057309698425
BDSZ01,OTSZ01,2,0.10329317888329456,0.0,2.1032931788832947
BDSZ01,OTSZ03,5,0.8101462775986257,0.0,5.8101462775986255
BDSZ01,OTSZ04,1,0.10928878807068329,0.0,1.1092887880706832
BDSZ01,PGSZ02,2,0.6076220507489344,0.0,2.6076220507489345
BDSZ01,PGSZ03,2,0.7357634474782181,0.0,2.735763447478218
BDSZ01,PGSZ04,1,1.0776038656233002,0.0,2.0776038656233
BDSZ01,PRSZ02,1,0.6586093317255459,0.0,1.658609331725546
BDSZ01,PRSZ03,1,0.6665193033053602,0.0,1.6665193033053602
BDSZ01,PRSZ04,1,0.19210172734867356,0.0,1.1921017273486736
BDSZ01,PRSZ08,1,0.3479063321120679,0.0,1.347906332112068
BDSZ01,QTSZ02,1,0.17567945657535486,0.0,1.1756794565753548
BDSZ01,QTSZ08,5,0.7871165126788262,0.0,5.787116512678827
BDSZ01,RCSZ01,2,0.2444943412469566,0.0,2.2444943412469565
BDSZ01,RCSZ09,2,0.2168662610203647,0.0,2.216866261020365
BDSZ01,RCSZ10,1,0.17446472337923416,0.0,1.1744647233792342
BDSZ01,SBSZ04,1,0.336806241911489,0.0,1.336806241911489
BDSZ01,SBSZ05,1,0.038422699030089234,0.0,1.0384226990300893
BDSZ01,SESZ02,1,0.6607940702456515,0.0,1.6607940702456516
BDSZ01,SESZ03,2,1.1608182429847242,0.0,3.1608182429847242
BDSZ01,SESZ04,1,0.7381325627478077,0.0,1.7381325627478077
BDSZ01,SESZ06,2,1.2193177038603822,0.0,3.219317703860382
BDSZ01,SGSZ02,1,0.14655448136629512,0.0,1.1465544813662951
BDSZ01,SGSZ04,1,0.8071637337280358,0.0,1.8071637337280357
BDSZ01,SGSZ06,4,0.9111301320356041,0.0,4.911130132035604
BDSZ01,SRSZ02,1,0.10839239258707839,0.0,1.1083923925870784
BDSZ01,TMSZ02,8,2.2794117233834923,0.0,10.279411723383493
BDSZ01,TMSZ03,6,2.4649462494902434,0.8979896223629947,9.362935871853237
BDSZ01,TMSZ04,10,2.2996910638618626,0.0,12.299691063861863
BDSZ01,TMSZ05,5,1.033687462527871,0.0,6.033687462527871
BDSZ01,TNSZ04,1,0.18414623966540408,0.0,1.184146239665404
BDSZ01,TPSZ03,2,0.27307997443573995,0.0,2.27307997443574
BDSZ01,TPSZ09,1,0.20622275896741332,0.0,1.2062227589674133
BDSZ01,TPSZ12,1,0.28144369299592553,0.02662072718224904,1.3080644201781744
BDSZ01,WCSZ01,2,1.2152839818796102,0.0,3.21528398187961
BDSZ01,WDSZ03,2,0.6769167438428474,0.0,2.676916743842847
BDSZ01,WDSZ07,1,0.09783200056310677,0.0,1.0978320005631068
BDSZ01,YSSZ03,1,0.4239212345096183,0.0,1.4239212345096184
BDSZ01,YSSZ05,1,0.1799754060890477,0.0,1.1799754060890477
BDSZ01,YSSZ09,1,0.49233761120976616,0.0,1.4923376112097662
BDSZ02,AMSZ08,1,0.1434868300132983,0.0,1.1434868300132983
BDSZ02,BDSZ01,5,1.7703505580631311,0.33234984540456214,7.1027004034676935
BDSZ02,BDSZ02,1,3.725977529950934,16.351392612884922,21.077370142835857
BDSZ02,BDSZ04,8,3.4373170422493553,1.1604429844693507,12.597760026718705
BDSZ02,BDSZ06,1,1.1384143498130175,0.05432877021075631,2.192743120023774
BDSZ02,BMSZ01,1,0.40688934026587764,0.0,1.4068893402658778
BDSZ02,BMSZ02,1,0.25738029192249495,0.0,1.257380291922495
BDSZ02,BMSZ05,1,0.31476829147697966,0.0,1.3147682914769796
BDSZ02,BMSZ16,1,0.06452162405358527,0.0,1.0645216240535853
BDSZ02,BMSZ17,1,0.21903216896249825,0.0,1.2190321689624983
BDSZ02,BPSZ05,1,0.4169694151350997,0.0,1.4169694151350998
BDSZ02,BSSZ01,2,0.8677361613904662,0.0,2.867736161390466
BDSZ02,CHSZ03,4,1.3349535681672022,0.0,5.334953568167203
BDSZ02,CLSZ04,1,0.300843870324701,0.0,1.300843870324701
BDSZ02,DTSZ01,1,0.37101320380622693,0.0,1.371013203806227
BDSZ02,DTSZ02,2,0.528289710986172,0.0,2.528289710986172
BDSZ02,DTSZ03,4,0.699075152900154,0.0,4.6990751529001535
BDSZ02,DTSZ05,1,0.2539033166375337,0.0,1.2539033166375337
BDSZ02,DTSZ08,1,0.2704395467628744,0.0,1.2704395467628744
BDSZ02,DTSZ10,2,0.055936468238659394,0.0,2.0559364682386594
BDSZ02,DTSZ11,4,0.6004310472507082,0.0,4.600431047250709
BDSZ02,GLSZ01,1,0.4866137627920929,0.0,1.4866137627920928
BDSZ02,GLSZ02,1,0.30696872710900014,0.0,1.306968727109
BDSZ02,GLSZ03,3,1.0393828440056392,0.0,4.039382844005639
BDSZ02,GLSZ05,2,1.3848225851413887,0.0,3.3848225851413885
BDSZ02,HGSZ08,1,0.39147331469307306,0.0,1.3914733146930731
BDSZ02,JESZ05,1,0.336020742018164,0.0,1.336020742018164
BDSZ02,JESZ06,1,0.06968019957196368,0.0,1.0696801995719636
BDSZ02,JWSZ09,1,0.5158536528172617,0.0,1.5158536528172617
BDSZ02,KLSZ02,1,0.18070958512311225,0.0,1.1807095851231122
BDSZ02,KLSZ05,1,0.22690575025197016,0.0,1.2269057502519702
BDSZ02,KLSZ07,1,0.42746014600403737,0.0,1.4274601460040373
BDSZ02,MDSZ02,1,0.1533430737342252,0.0,1.1533430737342252
BDSZ02,MUSZ03,4,0.11491687021824269,0.0,4.114916870218242
BDSZ02,NTSZ03,1,0.10150946544508085,0.0,1.1015094654450808
BDSZ02,OTSZ01,1,0.05744152972047692,0.0,1.057441529720477
BDSZ02,OTSZ02,1,0.06292169908331408,0.0,1.0629216990833141
BDSZ02,OTSZ03,5,1.0756427509774467,0.0,6.075642750977447
BDSZ02,OTSZ04,1,0.11080965401831476,0.0,1.1108096540183148
BDSZ02,PGSZ05,1,0.5980136510309451,0.0,1.598013651030945
BDSZ02,PLSZ01,1,0.2668633429938232,0.0,1.2668633429938232
BDSZ02,PLSZ04,1,0.09410838975828029,0.11575309407482486,1.209861483833105
BDSZ02,PLSZ05,1,0.201659233511791,0.0,1.201659233511791
BDSZ02,PRSZ03,1,0.8124288841870531,0.0,1.812428884187053
BDSZ02,QTSZ08,1,0.35509398904214945,0.0,1.3550939890421494
BDSZ02,QTSZ09,1,0.04841153970585289,0.0,1.0484115397058529
BDSZ02,QTSZ10,1,0.29727635337944547,0.0,1.2972763533794454
BDSZ02,QTSZ12,1,0.21434321775982004,0.0,1.2143432177598201
BDSZ02,QTSZ13,1,0.372974691550938,0.0,1.372974691550938
BDSZ02,QTSZ14,1,0.35116769289760325,0.0,1.3511676928976033
BDSZ02,QTSZ15,1,0.21011359135462337,0.0,1.2101135913546233
BDSZ02,SBSZ04,1,0.297838351282933,0.0,1.297838351282933
BDSZ02,SESZ02,1,0.6632420702479727,0.0,1.6632420702479727
BDSZ02,SRSZ01,1,0.2877645444918319,0.0,1.287764544491832
BDSZ02,TMSZ02,2,2.957869669774369,0.232639926721388,5.190509596495757
BDSZ02,TMSZ03,1,1.78333918180772,0.3801034337287332,3.163442615536453
BDSZ02,TMSZ04,2,1.8575811518397494,0.37236666185206724,4.229947813691816
BDSZ02,TMSZ05,4,0.928583462285537,0.0,4.928583462285537
BDSZ02,TNSZ01,1,0.33088871709228196,0.0,1.3308887170922818
BDSZ02,TPSZ02,1,0.4090856075109384,0.0,1.4090856075109384
BDSZ02,TPSZ12,2,0.3352059344994722,0.0,2.3352059344994722
BDSZ02,WDSZ09,1,0.10594089091022052,0.0,1.1059408909102206
BDSZ03,AMSZ01,1,0.5116583676735978,0.0,1.511658367673598
BDSZ03,AMSZ06,1,0.389285420804514,0.0,1.389285420804514
BDSZ03,AMSZ09,1,0.27549225321262966,0.0,1.2754922532126296
BDSZ03,BDSZ03,4,3.289454622087346,20.523993614996403,27.813448237083747
BDSZ03,BDSZ04,24,8.947287606971038,7.117448420307238,40.06473602727828
BDSZ03,BDSZ05,1,1.4498800499284508,0.6153308120816307,3.0652108620100815
BDSZ03,BDSZ06,4,2.1749925966971833,1.344587943819649,7.519580540516833
BDSZ03,BDSZ07,1,1.3213458144032082,0.22016340111652852,2.5415092155197363
BDSZ03,BDSZ08,1,0.45444661537725395,0.0,1.454446615377254
BDSZ03,BKSZ08,1,0.051638993249837596,0.0,1.0516389932498376
BDSZ03,BMSZ04,1,0.23152084647733429,0.0,1.2315208464773342
BDSZ03,BMSZ07,1,0.6196300857561178,0.0,1.6196300857561177
BDSZ03,BMSZ09,1,0.09787645005709371,0.0,1.0978764500570937
BDSZ03,BPSZ01,2,0.19109116902859802,0.0,2.191091169028598
BDSZ03,BPSZ05,1,0.5732129443083577,0.0,1.5732129443083576
BDSZ03,BSSZ02,2,0.8622950312275547,0.0,2.862295031227555
BDSZ03,BSSZ03,2,0.8911398146305558,0.0,2.891139814630556
BDSZ03,BTSZ01,1,0.4693813588816745,0.0,1.4693813588816744
BDSZ03,CHSZ03,4,2.265045700340077,0.0,6.265045700340076
BDSZ03,CKSZ02,1,0.4168698108081198,0.0,1.41686981080812
BDSZ03,CKSZ03,1,0.3135785498127379,0.0,1.313578549812738
BDSZ03,DTSZ01,5,0.7528102411010132,0.0,5.752810241101013
BDSZ03,DTSZ02,4,1.0592616506031654,0.0,5.059261650603165
BDSZ03,DTSZ03,2,1.1269290346849454,0.0,3.126929034684945
BDSZ03,DTSZ05,5,0.7801535249457072,0.0,5.780153524945707
BDSZ03,DTSZ08,3,0.4914640740840995,0.0,3.4914640740840994
BDSZ03,DTSZ09,2,0.22695626101943095,0.0,2.226956261019431
BDSZ03,DTSZ11,2,0.7293993942475416,0.0,2.7293993942475416
BDSZ03,DTSZ12,1,0.2940149230073834,0.0,1.2940149230073834
BDSZ03,GLSZ02,1,0.4497513970009731,0.2553703671048246,1.7051217641057976
BDSZ03,GLSZ03,2,2.037713761580157,0.703627084026397,4.741340845606555
BDSZ03,GLSZ04,2,1.6557643611098907,0.0,3.655764361109891
BDSZ03,GLSZ05,9,3.4291751903700405,2.2704734108749784,14.69964860124502
BDSZ03,HGSZ03,2,0.9114707044486556,0.0,2.9114707044486554
BDSZ03,HGSZ05,1,0.7915741425553104,0.0,1.7915741425553104
BDSZ03,HGSZ06,1,1.0143941266849879,0.0,2.014394126684988
BDSZ03,JWSZ08,1,0.6839277060884239,0.0,1.683927706088424
BDSZ03,KLSZ06,3,0.6016292934226535,0.0,3.6016292934226533
BDSZ03,KLSZ08,1,0.6065490506855281,0.0,1.606549050685528
BDSZ03,KLSZ09,1,0.10525929439154982,0.0,1.1052592943915498
BDSZ03,MPSZ03,1,0.9282877745264582,0.2800741760578071,2.208361950584265
BDSZ03,MUSZ01,1,0.22651857920265256,0.0,1.2265185792026525
BDSZ03,MUSZ02,1,0.0,0.0,1.0
BDSZ03,MUSZ03,1,0.11235168438810046,0.0,1.1123516843881005
BDSZ03,NVSZ02,2,1.379153420985765,0.0,3.379153420985765
BDSZ03,ORSZ02,3,1.0980789016265602,0.0,4.09807890162656
BDSZ03,OTSZ01,1,0.06429592194801076,0.0,1.0642959219480108
BDSZ03,PGSZ03,1,0.507609528726957,0.0,1.5076095287269569
BDSZ03,PGSZ04,2,1.5161089690027736,0.0,3.5161089690027736
BDSZ03,PGSZ05,1,0.5780780684677953,0.0,1.5780780684677953
BDSZ03,PLSZ04,1,0.12433864025081666,0.0,1.1243386402508166
BDSZ03,PRSZ03,3,1.2968259711344865,0.0,4.296825971134487
BDSZ03,PRSZ08,1,0.4029407317008881,0.0,1.4029407317008882
BDSZ03,QTSZ01,1,0.29425775282442707,0.0,1.294257752824427
BDSZ03,QTSZ08,1,0.4579287442991516,0.0,1.4579287442991515
BDSZ03,QTSZ09,1,0.03683371427073264,0.0,1.0368337142707327
BDSZ03,QTSZ12,1,0.215045786631618,0.0,1.215045786631618
BDSZ03,QTSZ14,3,0.4988267419806387,0.0,3.498826741980639
BDSZ03,RCSZ01,2,0.2991229828390652,0.0,2.2991229828390654
BDSZ03,SBSZ03,1,0.47276598327370306,0.0,1.472765983273703
BDSZ03,SESZ03,2,1.1991824210981783,0.0,3.199182421098178
BDSZ03,SESZ06,1,0.7600172159023784,0.0,1.7600172159023784
BDSZ03,SGSZ03,1,0.7023597680254241,0.0,1.702359768025424
BDSZ03,SRSZ01,1,0.4233198440218218,0.0,1.4233198440218218
BDSZ03,SRSZ03,1,0.3035765613798139,0.0,1.3035765613798138
BDSZ03,TMSZ02,2,2.102806898237633,0.0,4.102806898237633
BDSZ03,TMSZ03,4,2.1198149653102427,1.6677811275395291,7.787596092849771
BDSZ03,TMSZ04,3,1.6189644865888007,0.0,4.6189644865888
BDSZ03,TMSZ05,1,0.6122961843742669,0.0,1.612296184374267
BDSZ03,TPSZ02,2,0.9886982230673426,0.0,2.9886982230673427
BDSZ03,TPSZ03,1,0.18408757697760716,0.0,1.1840875769776071
BDSZ03,TPSZ06,3,0.7263144988929185,0.0,3.7263144988929184
BDSZ03,WDSZ03,1,0.5658462470799545,0.0,1.5658462470799543
BDSZ03,WDSZ09,1,0.13299542670556372,0.0,1.1329954267055637
BDSZ03,YSSZ09,1,0.5050275505137304,0.0,1.5050275505137303
BDSZ04,AMSZ01,4,3.3043227275008804,0.0,7.30432272750088
BDSZ04,AMSZ02,1,0.5691872428166593,0.0,1.5691872428166593
BDSZ04,AMSZ10,1,0.6025563404448718,0.0,1.6025563404448717
BDSZ04,BDSZ01,10,2.760230103414129,1.1349785996019432,13.895208703016072
BDSZ04,BDSZ02,6,2.328780392527204,1.3544949303884113,9.683275322915614
BDSZ04,BDSZ03,27,5.232992567676627,5.696127844268174,37.9291204119448
BDSZ04,BDSZ04,67,21.71885399765104,106.11300133581513,194.83185533346617
BDSZ04,BDSZ05,11,4.411954221039149,2.0111118867397098,17.42306610777886
BDSZ04,BDSZ06,29,4.37877598943455,10.223374380611375,43.602150370045926
BDSZ04,BDSZ07,3,1.9895306539939068,0.5115341975553795,5.501064851549286
BDSZ04,BDSZ08,4,0.9409904024012753,0.0,4.940990402401275
BDSZ04,BKSZ01,2,0.2033824119017975,0.0,2.2033824119017975
BDSZ04,BKSZ05,1,0.47124276548238453,0.0,1.4712427654823845
BDSZ04,BKSZ08,1,0.0,0.0,1.0
BDSZ04,BLSZ02,1,0.20175533893426228,0.0,1.2017553389342623
BDSZ04,BMSZ01,1,0.7077881234221425,0.0,1.7077881234221426
BDSZ04,BMSZ02,3,0.7161748819228564,0.0,3.716174881922856
BDSZ04,BMSZ03,2,0.9335462370823434,0.0,2.9335462370823433
BDSZ04,BMSZ05,2,0.8457429390912282,0.0,2.8457429390912283
BDSZ04,BMSZ08,1,0.487320580077831,0.0,1.487320580077831
BDSZ04,BMSZ16,1,0.0915807731604396,0.0,1.0915807731604397
BDSZ04,BMSZ17,1,0.25745728671044776,0.0,1.2574572867104479
BDSZ04,BSSZ01,5,2.1419397007395116,0.0,7.141939700739512
BDSZ04,BSSZ03,1,1.199064322166598,0.0,2.199064322166598
BDSZ04,BTSZ01,2,1.798461183032156,0.0,3.798461183032156
BDSZ04,CHSZ02,2,0.814616160006867,0.0,2.814616160006867
BDSZ04,CHSZ03,12,4.247450586856132,0.0,16.247450586856132
BDSZ04,CKSZ06,1,0.25881017220110897,0.0,1.258810172201109
BDSZ04,CLSZ03,1,0.5062820539209847,0.0,1.5062820539209847
BDSZ04,DTSZ01,1,1.357351308785245,0.0,2.357351308785245
BDSZ04,DTSZ02,6,0.8808823632991116,0.0,6.880882363299111
BDSZ04,DTSZ03,5,1.3307027713250072,0.0,6.330702771325007
BDSZ04,DTSZ05,11,1.0256014329577547,0.0,12.025601432957755
BDSZ04,DTSZ06,1,0.05912224235165593,0.0,1.059122242351656
BDSZ04,DTSZ08,9,1.4141149624474967,0.0,10.414114962447497
BDSZ04,DTSZ09,2,0.2464037371170232,0.0,2.2464037371170233
BDSZ04,DTSZ11,4,1.0126871715649473,0.0,5.012687171564947
BDSZ04,GLSZ01,2,0.7973558404930207,0.0,2.7973558404930206
BDSZ04,GLSZ02,1,1.2672607580316448,0.0,2.267260758031645
BDSZ04,GLSZ03,4,1.988774716644396,0.0,5.9887747166443965
BDSZ04,GLSZ04,8,3.9946430244840454,0.0,11.994643024484045
BDSZ04,GLSZ05,17,6.043463200293575,0.0,23.043463200293573
BDSZ04,HGSZ01,1,0.9708340076692888,0.0,1.9708340076692887
BDSZ04,HGSZ04,1,0.82242805284687,0.0,1.82242805284687
BDSZ04,HGSZ06,5,2.030693242965897,0.0,7.0306932429658975
BDSZ04,HGSZ07,1,0.5592292099361235,0.0,1.5592292099361234
BDSZ04,HGSZ08,5,1.7359050211057343,0.0,6.735905021105735
BDSZ04,JESZ01,1,0.08371408566786995,0.0,1.08371408566787
BDSZ04,JESZ02,1,0.0,0.0,1.0
BDSZ04,JESZ03,1,0.9025030754562553,0.0,1.9025030754562553
BDSZ04,JESZ05,5,2.926617454881373,0.0,7.926617454881373
BDSZ04,JESZ09,1,0.15734888431959415,0.0,1.1573488843195943
BDSZ04,JWSZ04,2,1.5096371551498051,0.0,3.509637155149805
BDSZ04,JWSZ08,2,1.8807340472990188,0.0,3.880734047299019
BDSZ04,KLSZ01,1,0.8460094963864211,0.0,1.846009496386421
BDSZ04,KLSZ03,1,0.18800098016154357,0.0,1.1880009801615437
BDSZ04,KLSZ05,5,1.2788514253052115,0.0,6.278851425305211
BDSZ04,KLSZ06,1,0.9885852305244732,0.0,1.9885852305244733
BDSZ04,KLSZ07,1,0.9510527355950297,0.0,1.9510527355950296
BDSZ04,KLSZ08,2,1.03869132102714,0.0,3.03869132102714
BDSZ04,KLSZ09,1,0.12183823182673215,0.0,1.1218382318267321
BDSZ04,MPSZ01,3,0.946851991484925,0.0,3.946851991484925
BDSZ04,MPSZ02,2,2.009312185287516,0.0,4.009312185287516
BDSZ04,MPSZ03,6,2.233863188105643,0.0,8.233863188105643
BDSZ04,MUSZ01,1,0.5097757429731633,0.0,1.5097757429731633
BDSZ04,MUSZ03,2,0.15642585351423474,0.0,2.156425853514235
BDSZ04,NTSZ03,1,0.14261659992877984,0.0,1.1426165999287798
BDSZ04,NVSZ01,2,1.631363579660977,0.0,3.631363579660977
BDSZ04,NVSZ02,3,1.5722824516355791,0.0,4.572282451635579
BDSZ04,ORSZ02,3,1.4205502740539049,0.0,4.420550274053905
BDSZ04,ORSZ03,1,0.8130712648697185,0.0,1.8130712648697185
BDSZ04,OTSZ03,12,1.761330686174232,0.0,13.761330686174231
BDSZ04,OTSZ04,2,0.3102916284177768,0.0,2.310291628417777
BDSZ04,PGSZ04,2,1.4384095745462584,0.0,3.4384095745462586
BDSZ04,PLSZ01,1,0.34221941989117305,0.0,1.342219419891173
BDSZ04,PNSZ01,1,0.2714722859530946,0.0,1.2714722859530947
BDSZ04,PRSZ03,7,1.641561079554344,0.0,8.641561079554345
BDSZ04,PRSZ05,3,3.3208609718941804,0.0,6.320860971894181
BDSZ04,PRSZ06,4,0.7354615653931259,0.0,4.735461565393126
BDSZ04,PRSZ08,2,1.889641563553106,0.0,3.889641563553106
BDSZ04,QTSZ04,1,0.10737611574613865,0.0,1.1073761157461386
BDSZ04,QTSZ07,1,0.0,0.0,1.0
BDSZ04,QTSZ08,4,1.1969584782007034,0.0,5.1969584782007034
BDSZ04,QTSZ11,2,1.0252985549768054,0.0,3.025298554976805
BDSZ04,QTSZ12,2,0.4485108546916842,0.0,2.4485108546916843
BDSZ04,QTSZ14,1,0.5519913666651651,0.0,1.551991366665165
BDSZ04,QTSZ15,1,0.2160933113486212,0.0,1.2160933113486212
BDSZ04,RCSZ08,1,0.0,0.0,1.0
BDSZ04,RCSZ09,1,0.23601620306881393,0.0,1.236016203068814
BDSZ04,RCSZ10,5,0.6489487663940089,0.0,5.648948766394009
BDSZ04,SESZ03,2,1.3171422697423645,0.0,3.3171422697423645
BDSZ04,SGSZ02,1,0.2866592506560788,0.0,1.2866592506560788
BDSZ04,SGSZ03,2,0.9892476822094163,0.0,2.9892476822094163
BDSZ04,SGSZ04,1,1.7859790396157877,0.0,2.7859790396157877
BDSZ04,SGSZ06,3,1.0614864391539984,0.0,4.061486439153999
BDSZ04,SISZ01,1,0.5965105893810453,0.0,1.5965105893810452
BDSZ04,SLSZ01,2,0.4477222753932982,0.0,2.447722275393298
BDSZ04,SRSZ02,2,0.2136917573320876,0.0,2.2136917573320876
BDSZ04,TMSZ02,15,5.855428043610878,2.6578928827162676,23.513320926327147
BDSZ04,TMSZ03,9,3.3330470942053183,2.55932702955716,14.892374123762478
BDSZ04,TMSZ04,28,10.195518176680789,4.7336546433631455,42.92917282004394
BDSZ04,TMSZ05,8,1.9818637485794295,0.0,9.98186374857943
BDSZ04,TNSZ01,2,1.0840003613713232,0.0,3.084000361371323
BDSZ04,TPSZ02,3,1.260658368628379,0.0,4.260658368628379
BDSZ04,TPSZ05,1,0.3069572480094108,0.0,1.306957248009411
BDSZ04,TPSZ12,3,0.6818828770307579,0.0,3.681882877030758
BDSZ04,TSSZ02,1,0.5466175407466967,0.0,1.5466175407466967
BDSZ04,TSSZ04,1,0.5656812475647026,0.0,1.5656812475647026
BDSZ04,WCSZ01,4,4.444368428739335,0.0,8.444368428739335
BDSZ04,WDSZ01,1,0.15740318217932278,0.0,1.1574031821793227
BDSZ04,WDSZ02,1,0.633199483144516,0.0,1.633199483144516
BDSZ04,WDSZ04,1,0.2914979040551965,0.0,1.2914979040551966
BDSZ04,WDSZ08,1,0.44420793592532265,0.0,1.4442079359253226
BDSZ04,YSSZ03,1,0.8523029671550965,0.0,1.8523029671550963
BDSZ04,YSSZ04,1,0.7021963832334164,0.0,1.7021963832334164
BDSZ04,YSSZ08,1,0.27316715493653776,0.0,1.2731671549365378
BDSZ04,YSSZ09,4,1.5811796492561776,0.0,5.581179649256177
BDSZ05,AMSZ01,1,0.4375473119739084,0.0,1.4375473119739084
BDSZ05,AMSZ08,1,0.15900033533188726,0.0,1.1590003353318872
BDSZ05,BDSZ03,5,1.5793081692701323,2.4344723221593703,9.013780491429502
BDSZ05,BDSZ04,7,3.847332878896564,4.544762425967707,15.39209530486427
BDSZ05,BDSZ05,6,15.087846588433482,7.712754410195667,28.80060099862915
BDSZ05,BDSZ06,4,2.7176941076662673,0.8714513549268957,7.589145462593162
BDSZ05,BDSZ07,1,1.2141808171250836,0.49371477689163107,2.707895594016715
BDSZ05,BLSZ02,1,0.12562560675791595,0.0,1.125625606757916
BDSZ05,BMSZ02,1,0.22944777794695534,0.0,1.2294477779469553
BDSZ05,BMSZ07,1,0.553132355590561,0.0,1.553132355590561
BDSZ05,BSSZ03,1,0.5843336556198823,0.0,1.5843336556198824
BDSZ05,BTSZ02,1,0.17109375050558148,0.0,1.1710937505055814
BDSZ05,CHSZ03,2,1.2468802466439677,0.0,3.2468802466439675
BDSZ05,CLSZ01,1,0.2688024924255627,0.0,1.2688024924255628
BDSZ05,DTSZ01,3,0.4378097028292669,0.0,3.437809702829267
BDSZ05,DTSZ02,2,0.90555497982496,0.0,2.9055549798249602
BDSZ05,DTSZ03,2,1.0389025596072015,0.0,3.0389025596072017
BDSZ05,DTSZ05,3,0.9994891519455811,0.0,3.999489151945581
BDSZ05,DTSZ08,4,0.5366895926177787,0.0,4.536689592617779
BDSZ05,DTSZ11,2,0.7230512677354783,0.0,2.723051267735478
BDSZ05,DTSZ12,1,0.2508013241553939,0.0,1.250801324155394
BDSZ05,GLSZ02,1,0.5143382175791554,0.0,1.5143382175791555
BDSZ05,GLSZ04,1,1.1002279216314281,0.0,2.1002279216314284
BDSZ05,GLSZ05,5,1.7956882600264117,2.141642246121261,8.937330506147672
BDSZ05,HGSZ01,1,0.370784466176051,0.0,1.370784466176051
BDSZ05,HGSZ04,1,0.43376028976658115,0.0,1.433760289766581
BDSZ05,HGSZ08,1,0.6038882141063692,0.0,1.603888214106369
BDSZ05,JESZ01,1,0.16034864595320236,0.0,1.1603486459532024
BDSZ05,JESZ03,1,0.43362070362502037,0.0,1.4336207036250204
BDSZ05,JESZ05,1,0.43840326998895823,0.0,1.4384032699889582
BDSZ05,KLSZ06,1,0.5099321377843785,0.0,1.5099321377843786
BDSZ05,KLSZ08,1,0.5522743945905179,0.0,1.5522743945905177
BDSZ05,MPSZ01,1,0.37983553999503805,0.0,1.379835539995038
BDSZ05,MPSZ02,4,1.652372204185185,1.1496885822628329,6.802060786448018
BDSZ05,MPSZ03,2,1.7460417210300392,1.6508241219028916,5.396865842932931
BDSZ05,MUSZ01,1,0.17923437705786963,0.0,1.1792343770578697
BDSZ05,MUSZ03,3,0.22498557794269353,0.0,3.2249855779426935
BDSZ05,NTSZ03,1,0.15766470970202304,0.0,1.157664709702023
BDSZ05,NVSZ01,1,0.9340658514270673,0.0,1.9340658514270674
BDSZ05,NVSZ02,1,0.5980621599701845,0.0,1.5980621599701845
BDSZ05,ORSZ01,1,0.06776425520446891,0.0,1.0677642552044688
BDSZ05,ORSZ02,2,0.6558099058973536,0.0,2.6558099058973537
BDSZ05,ORSZ03,2,0.5495202432639352,0.0,2.5495202432639354
BDSZ05,OTSZ02,1,0.06460223546294938,0.0,1.0646022354629494
BDSZ05,OTSZ03,3,0.9753466649521529,0.0,3.975346664952153
BDSZ05,PGSZ03,1,0.493607926768283,0.0,1.493607926768283
BDSZ05,PGSZ04,1,0.7866314544669248,0.0,1.7866314544669248
BDSZ05,PRSZ02,1,0.5569037859657515,0.0,1.5569037859657515
BDSZ05,PRSZ03,1,0.6900345815663095,0.0,1.6900345815663096
BDSZ05,QTSZ08,2,0.6575701188366262,0.0,2.657570118836626
BDSZ05,QTSZ09,1,0.04021487194242416,0.0,1.0402148719424242
BDSZ05,QTSZ11,2,0.5179655981585706,0.0,2.5179655981585705
BDSZ05,QTSZ13,2,0.43566834654816067,0.0,2.4356683465481606
BDSZ05,RCSZ09,1,0.1692407390209752,0.0,1.1692407390209751
BDSZ05,TMSZ03,3,2.0327702646499377,0.0,5.032770264649938
BDSZ05,TMSZ04,5,1.8802400809543565,0.0,6.880240080954357
BDSZ05,TNSZ01,1,0.4037713548050007,0.0,1.4037713548050008
BDSZ05,TPSZ04,1,0.11720812449625687,0.0,1.1172081244962568
BDSZ05,TPSZ07,1,0.1364173611422231,0.0,1.136417361142223
BDSZ05,TPSZ11,1,0.5290517831773374,0.0,1.5290517831773374
BDSZ05,TPSZ12,1,0.3396069673013392,0.0,1.3396069673013393
BDSZ06,AMSZ01,1,0.48153298460881166,0.0,1.4815329846088117
BDSZ06,BDSZ01,4,1.5875184246707692,0.0,5.587518424670769
BDSZ06,BDSZ02,1,1.2859026371688167,0.2877681750600477,2.573670812228864
BDSZ06,BDSZ03,3,1.4253982165990142,0.4226279013427426,4.848026117941757
BDSZ06,BDSZ04,31,10.527891137347359,9.221263009325147,50.74915414667251
BDSZ06,BDSZ05,4,2.593543451306585,1.1576688490295202,7.751212300336105
BDSZ06,BDSZ06,12,11.565567354889797,16.863360958765803,40.428928313655604
BDSZ06,BDSZ08,1,0.803488303852053,0.0,1.803488303852053
BDSZ06,BLSZ02,1,0.1835468387389909,0.0,1.183546838738991
BDSZ06,BMSZ01,1,0.6455616746189324,0.0,1.6455616746189325
BDSZ06,BMSZ05,1,0.4313597233657043,0.0,1.4313597233657043
BDSZ06,BMSZ12,2,0.755241865777311,0.0,2.755241865777311
BDSZ06,BMSZ17,1,0.22882225627460068,0.0,1.2288222562746007
BDSZ06,BPSZ03,1,0.35311592024712335,0.0,1.3531159202471232
BDSZ06,BSSZ01,1,0.645602715305343,0.0,1.645602715305343
BDSZ06,BTSZ01,1,0.504256908250835,0.0,1.504256908250835
BDSZ06,CHSZ02,2,0.5174187316266762,0.0,2.5174187316266763
BDSZ06,CHSZ03,8,2.8240786655979675,0.0,10.824078665597968
BDSZ06,CKSZ06,1,0.5740558564220087,0.0,1.5740558564220088
BDSZ06,DTSZ01,4,0.7172369246642456,0.0,4.717236924664245
BDSZ06,DTSZ02,7,0.9772920956994496,0.0,7.9772920956994495
BDSZ06,DTSZ03,2,0.8233964000408273,0.0,2.8233964000408274
BDSZ06,DTSZ05,5,1.2696676049799203,0.0,6.2696676049799205
BDSZ06,DTSZ08,7,1.217608815733834,0.0,8.217608815733835
BDSZ06,DTSZ11,8,1.0776410824492946,0.0,9.077641082449295
BDSZ06,DTSZ12,1,0.19424643365423058,0.0,1.1942464336542307
BDSZ06,GLSZ02,1,0.5311195768807867,0.0,1.5311195768807866
BDSZ06,GLSZ03,1,0.867353230471968,0.0,1.867353230471968
BDSZ06,GLSZ04,5,2.827015482877957,0.0,7.8270154828779575
BDSZ06,GLSZ05,9,2.786884847671292,0.0,11.786884847671292
BDSZ06,HGSZ02,1,0.6588649844975113,0.0,1.6588649844975114
BDSZ06,HGSZ05,2,1.23302041947549,0.0,3.2330204194754897
BDSZ06,KLSZ04,1,0.0,0.0,1.0
BDSZ06,KLSZ07,1,0.5788120689055181,0.0,1.578812068905518
BDSZ06,KLSZ08,1,0.560454346186189,0.0,1.560454346186189
BDSZ06,MPSZ02,1,0.691067724352106,0.0,1.691067724352106
BDSZ06,MPSZ03,3,1.7069982319195376,0.0,4.706998231919537
BDSZ06,MUSZ01,2,0.3521862085983958,0.0,2.352186208598396
BDSZ06,MUSZ03,1,0.06079263575466923,0.0,1.0607926357546693
BDSZ06,NTSZ05,1,0.0,0.0,1.0
BDSZ06,NVSZ02,3,1.3835298821497617,0.0,4.3835298821497615
BDSZ06,ORSZ02,1,0.38883395334417353,0.0,1.3888339533441736
BDSZ06,ORSZ03,2,0.41663029158035325,0.0,2.4166302915803533
BDSZ06,OTSZ03,2,0.7206177864339188,0.0,2.7206177864339187
BDSZ06,PGSZ01,1,0.22429613230561454,0.0,1.2242961323056145
BDSZ06,PGSZ04,1,1.0732480332495322,0.0,2.0732480332495324
BDSZ06,PNSZ02,1,0.0,0.0,1.0
BDSZ06,PRSZ03,2,1.5746194536109974,0.0,3.5746194536109974
BDSZ06,PRSZ04,1,0.26060300555123206,0.0,1.260603005551232
BDSZ06,PRSZ05,1,1.604169353938367,0.0,2.6041693539383672
BDSZ06,PRSZ06,1,0.23060537804715317,0.0,1.230605378047153
BDSZ06,PRSZ08,1,0.5747972845927121,0.0,1.574797284592712
BDSZ06,QTSZ08,1,0.4887366593655668,0.0,1.4887366593655669
BDSZ06,QTSZ11,1,0.4656175183633378,0.0,1.4656175183633378
BDSZ06,QTSZ14,1,0.41020361805396277,0.0,1.4102036180539628
BDSZ06,RCSZ01,1,0.1859473690654624,0.0,1.1859473690654623
BDSZ06,RCSZ10,1,0.26781563233429184,0.0,1.2678156323342917
BDSZ06,SBSZ03,1,0.5736224473050997,0.0,1.5736224473050997
BDSZ06,SESZ03,1,0.6614866988983874,0.0,1.6614866988983874
BDSZ06,SGSZ06,2,0.760615963156851,0.0,2.7606159631568508
BDSZ06,SRSZ01,1,0.39142795151992454,0.0,1.3914279515199246
BDSZ06,TMSZ02,6,3.033430737931892,0.0,9.033430737931893
BDSZ06,TMSZ03,4,2.382501747551472,1.8968264191010227,8.279328166652494
BDSZ06,TMSZ04,5,3.0194230504093276,2.368791564135186,10.388214614544514
BDSZ06,TMSZ05,5,1.6546410442483288,0.7806084556241821,7.435249499872511
BDSZ06,TNSZ02,1,0.16136320495766845,0.0,1.1613632049576685
BDSZ06,TNSZ04,1,0.22341503579280983,0.0,1.2234150357928097
BDSZ06,TPSZ02,2,0.9649216277883753,0.0,2.9649216277883754
BDSZ06,TPSZ04,1,0.1108953069042683,0.0,1.1108953069042684
BDSZ06,TPSZ06,1,0.5909213559909942,0.0,1.5909213559909943
BDSZ06,TPSZ09,1,0.2392677875731856,0.0,1.2392677875731857
BDSZ06,WDSZ02,1,0.5792464044637495,0.0,1.5792464044637495
BDSZ06,YSSZ01,1,0.3169855020721562,0.0,1.3169855020721561
BDSZ07,BDSZ03,1,0.46516289780305037,0.05623880063091957,1.52140169843397
BDSZ07,BDSZ04,4,3.2757032313158208,0.4040413710319707,7.6797446023477915
BDSZ07,BDSZ07,3,1.1996135989042935,1.016282766629215,5.215896365533508
BDSZ07,BKSZ04,1,0.062406528844256945,0.0,1.062406528844257
BDSZ07,BMSZ15,1,0.02521936909616503,0.0,1.025219369096165
BDSZ07,BTSZ06,1,0.07690748339972274,0.0,1.0769074833997228
BDSZ07,CHSZ03,1,0.4723444603458103,0.0,1.4723444603458102
BDSZ07,DTSZ01,1,0.4162019709764987,0.0,1.4162019709764988
BDSZ07,DTSZ04,1,0.0711646478288973,0.0,1.0711646478288972
BDSZ07,DTSZ05,1,0.19809496525142925,0.0,1.1980949652514292
BDSZ07,DTSZ11,2,0.30347723848881863,0.0,2.3034772384888185
BDSZ07,GLSZ04,1,0.788411546861001,0.0,1.788411546861001
BDSZ07,GLSZ05,2,0.9178482390299288,0.09302696523060586,3.0108752042605347
BDSZ07,JESZ06,1,0.03151573945943456,0.0,1.0315157394594345
BDSZ07,JWSZ03,1,0.10815503043793702,0.0,1.108155030437937
BDSZ07,MPSZ01,1,0.18134343709673542,0.0,1.1813434370967355
BDSZ07,MPSZ02,2,0.9199002069887595,0.18593197344043438,3.105832180429194
BDSZ07,MPSZ03,3,1.5822930564107358,0.24441243685437564,4.826705493265111
BDSZ07,NTSZ02,1,0.0,0.0,1.0
BDSZ07,QTSZ11,2,0.3412270065140016,0.0,2.3412270065140017
BDSZ07,QTSZ12,1,0.15829412491270622,0.0,1.1582941249127061
BDSZ07,SESZ03,1,0.5071303114199432,0.0,1.5071303114199432
BDSZ07,TMSZ04,1,0.8411325470360275,0.0,1.8411325470360276
BDSZ07,WDSZ09,1,0.05645236158390563,0.0,1.0564523615839057
BDSZ08,BDSZ03,1,0.3176303568903969,0.0,1.3176303568903969
BDSZ08,BDSZ04,6,2.5821128904400656,0.0,8.582112890440065
BDSZ08,BTSZ03,1,0.10870236152506467,0.0,1.1087023615250646
BDSZ08,DTSZ05,1,0.12871861417695893,0.0,1.128718614176959
BDSZ08,DTSZ08,1,0.10230743884064594,0.0,1.102307438840646
BDSZ08,GLSZ02,1,0.17673307110213832,0.0,1.1767330711021384
BDSZ08,GLSZ03,1,0.206058989457529,0.0,1.206058989457529
BDSZ08,GLSZ05,1,0.47634515569030417,0.0,1.4763451556903042
BDSZ08,JWSZ08,1,1.0839445052542893,0.0,2.0839445052542893
BDSZ08,MPSZ03,1,0.3738131243315647,0.0,1.3738131243315648
BDSZ08,MUSZ03,1,0.042713896740646046,0.0,1.042713896740646
BDSZ08,TMSZ05,2,0.4009195955516158,0.0,2.400919595551616
BKSZ01,AMSZ09,1,0.08819002757975197,0.0,1.088190027579752
BKSZ01,BDSZ04,1,0.11978237861105047,0.0,1.1197823786110506
BKSZ01,BKSZ01,1,0.4134126963542141,5.942326543585734,7.355739239939949
BKSZ01,BKSZ02,2,0.504580073999113,0.49098720868021967,2.9955672826793327
BKSZ01,BKSZ04,1,0.2173385408409172,0.19545647161000204,1.4127950124509192
BKSZ01,BKSZ05,1,0.7188643748803859,0.22640908437576018,1.945273459256146
BKSZ01,BKSZ07,1,0.2896044716117012,0.04186059210504508,1.3314650637167462
BKSZ01,BMSZ01,1,0.21180165413618052,0.0,1.2118016541361805
BKSZ01,BMSZ07,1,0.21278671626472598,0.0,1.212786716264726
BKSZ01,BPSZ03,1,0.25382428588945727,0.11722070030630148,1.3710449861957588
BKSZ01,BPSZ04,1,0.2665877983163856,0.08294906440939824,1.3495368627257838
BKSZ01,BPSZ05,4,1.0039096209329523,0.652694899277304,5.656604520210256
BKSZ01,BSSZ03,2,0.3027306609536373,0.0,2.302730660953637
BKSZ01,CKSZ02,1,0.5968154046210709,0.16881071386577062,1.7656261184868414
BKSZ01,CKSZ04,1,0.31482596678756175,0.08097721156911802,1.3958031783566798
BKSZ01,CLSZ01,1,0.09364289201539373,0.0,1.0936428920153938
BKSZ01,DTSZ03,1,0.1303979429882449,0.0,1.130397942988245
BKSZ01,DTSZ05,2,0.22870090598292972,0.0,2.22870090598293
BKSZ01,DTSZ08,1,0.11369248970894753,0.0,1.1136924897089475
BKSZ01,DTSZ11,1,0.13657483896196282,0.0,1.1365748389619628
BKSZ01,GLSZ03,1,0.1569818220562824,0.0,1.1569818220562824
BKSZ01,HGSZ06,2,0.30789058801391234,0.0,2.3078905880139122
BKSZ01,JESZ01,1,0.1551731372455382,0.0,1.1551731372455383
BKSZ01,JESZ05,4,0.5873464356323325,0.0,4.587346435632332
BKSZ01,JWSZ04,1,0.34401757877219524,0.0,1.3440175787721953
BKSZ01,JWSZ06,1,0.05161349890856773,0.0,1.0516134989085677
BKSZ01,KLSZ06,1,0.21492575958249602,0.0,1.214925759582496
BKSZ01,KLSZ09,1,0.024273304299123208,0.0,1.0242733042991232
BKSZ01,NVSZ01,1,0.2641008802716456,0.0,1.2641008802716456
BKSZ01,NVSZ03,1,0.0632145940388031,0.0,1.0632145940388031
BKSZ01,OTSZ03,1,0.16804074203285108,0.0,1.1680407420328511
BKSZ01,PGSZ05,1,0.13582162003065495,0.0,1.135821620030655
BKSZ01,PRSZ02,1,0.058222296095381335,0.0,1.0582222960953813
BKSZ01,QTSZ05,1,0.1604552619431472,0.0,1.1604552619431472
BKSZ01,QTSZ08,3,0.5380450891830194,0.0,3.5380450891830195
BKSZ01,QTSZ11,1,0.16014917673703893,0.0,1.1601491767370389
BKSZ01,SESZ06,1,0.2993791096887748,0.0,1.2993791096887748
BKSZ01,TNSZ01,1,0.12467520611141251,0.0,1.1246752061114125
BKSZ01,TPSZ11,1,0.13093931061329092,0.0,1.130939310613291
BKSZ01,WDSZ02,1,0.13637354250126194,0.0,1.136373542501262
BKSZ01,WDSZ04,1,0.20060317431367272,0.0,1.2006031743136727
BKSZ01,YSSZ02,1,0.06837161412813102,0.0,1.068371614128131
BKSZ01,YSSZ03,1,0.21893815069975148,0.0,1.2189381506997514
BKSZ01,YSSZ09,1,0.21238436565760233,0.0,1.2123843656576023
BKSZ02,BKSZ01,2,0.5711806285859116,0.3352439252190327,2.906424553804944
BKSZ02,BKSZ02,3,0.6053032450645398,12.653147635838415,16.258450880902956
BKSZ02,BKSZ03,1,0.6680446266194127,0.8398381280246093,2.507882754644022
BKSZ02,BKSZ04,1,0.8580860935065994,1.2343893075742784,3.092475401080878
BKSZ02,BKSZ05,2,1.862769829626549,1.37150259921111,5.234272428837659
BKSZ02,BKSZ06,3,0.6789781249937465,0.8550714428905762,4.534049567884323
BKSZ02,BKSZ07,5,1.7878041717925526,0.8346268266748966,7.62243099846745
BKSZ02,BMSZ01,1,0.32950521580217584,0.0,1.3295052158021758
BKSZ02,BMSZ02,2,0.2622612613064924,0.0,2.2622612613064925
BKSZ02,BPSZ04,1,0.38545356711998885,0.23589881550666614,1.621352382626655
BKSZ02,BPSZ05,2,0.7581472249344103,0.5535936186612554,3.3117408435956657
BKSZ02,BPSZ07,2,0.2100252767528011,0.0,2.210025276752801
BKSZ02,BSSZ03,1,0.3285103962225036,0.0,1.3285103962225036
BKSZ02,BTSZ01,3,0.6522934153549201,0.0,3.65229341535492
BKSZ02,CHSZ02,1,0.10013469749153002,0.0,1.10013469749153
BKSZ02,CKSZ01,1,0.7579622472183024,0.4366404783560166,2.194602725574319
BKSZ02,CKSZ02,2,1.4749321402393192,0.9525594840496063,4.427491624288925
BKSZ02,CKSZ03,2,0.7208585769491236,0.8744277088292914,3.5952862857784154
BKSZ02,CKSZ05,1,0.32813975413806784,0.17908248772876875,1.5072222418668364
BKSZ02,CLSZ01,1,0.17866785875186617,0.0,1.1786678587518662
BKSZ02,CLSZ06,1,0.26209115839838776,0.0,1.2620911583983878
BKSZ02,CLSZ07,1,0.24478070604409755,0.0,1.2447807060440976
BKSZ02,CLSZ09,1,0.09122586476240038,0.0,1.0912258647624005
BKSZ02,DTSZ05,4,0.3994910275917533,0.0,4.399491027591753
BKSZ02,DTSZ11,1,0.284402656858757,0.0,1.284402656858757
BKSZ02,DTSZ12,1,0.1645851475609934,0.0,1.1645851475609934
BKSZ02,JESZ01,1,0.507389271101011,0.21223116088526303,1.7196204319862738
BKSZ02,JESZ04,1,0.17349000703398412,0.0,1.1734900070339842
BKSZ02,JESZ05,7,0.844079508309223,2.7911937409384637,10.635273249247687
BKSZ02,JESZ08,2,0.260517815272085,0.0,2.260517815272085
BKSZ02,JWSZ03,2,0.6422074077269578,0.6395967182380647,3.2818041259650226
BKSZ02,JWSZ05,1,0.10563917293598105,0.0,1.1056391729359811
BKSZ02,JWSZ07,1,0.061354296273886694,0.0,1.0613542962738867
BKSZ02,JWSZ08,3,0.9968786717838922,0.0,3.9968786717838922
BKSZ02,JWSZ09,1,0.7694187182418015,0.0,1.7694187182418015
BKSZ02,NTSZ03,1,0.0672815392286155,0.0,1.0672815392286155
BKSZ02,OTSZ03,1,0.4026134726917778,0.0,1.4026134726917778
BKSZ02,PNSZ01,2,0.16208380998066121,0.0,2.162083809980661
BKSZ02,PNSZ03,1,0.0,0.0,1.0
BKSZ02,PNSZ05,1,0.04843513528837877,0.0,1.0484351352883787
BKSZ02,PRSZ03,2,0.6409803852091772,0.0,2.6409803852091773
BKSZ02,QTSZ05,1,0.2410355756861373,0.0,1.2410355756861373
BKSZ02,QTSZ06,1,0.16294750747442327,0.0,1.1629475074744233
BKSZ02,QTSZ08,2,0.5055909937913053,0.0,2.5055909937913055
BKSZ02,QTSZ11,2,0.7048587847958835,0.0,2.7048587847958836
BKSZ02,RCSZ09,1,0.09219009209326792,0.0,1.092190092093268
BKSZ02,SGSZ02,1,0.13811416090070677,0.0,1.1381141609007068
BKSZ02,SGSZ07,1,0.12687391040914595,0.0,1.1268739104091459
BKSZ02,SKSZ01,1,0.19380179476874854,0.0,1.1938017947687485
BKSZ02,SRSZ02,1,0.06748043499288814,0.0,1.0674804349928881
BKSZ02,TMSZ03,1,0.3998824934075334,0.0,1.3998824934075333
BKSZ02,TMSZ05,1,0.3523242264840943,0.0,1.3523242264840942
BKSZ02,TPSZ02,1,0.39978675266695535,0.0,1.3997867526669554
BKSZ02,TSSZ03,1,0.07985034421672996,0.0,1.07985034421673
BKSZ02,TSSZ05,1,0.6225971266809872,0.0,1.6225971266809873
BKSZ02,WCSZ01,1,0.3368356544728945,0.0,1.3368356544728945
BKSZ02,WDSZ03,1,0.46459785145012017,0.0,1.4645978514501201
BKSZ02,YSSZ03,1,0.463228170921143,0.0,1.463228170921143
BKSZ03,AMSZ03,1,0.26144554392683206,0.0,1.2614455439268322
BKSZ03,AMSZ11,1,0.04086587737746133,0.0,1.0408658773774613
BKSZ03,BKSZ03,9,1.0007602632783639,20.730620557930216,30.73138082120858
BKSZ03,BKSZ04,1,0.8268504179516858,0.6143953949371064,2.441245812888792
BKSZ03,BKSZ05,3,1.9303228208814074,1.0095587742459173,5.939881595127325
BKSZ03,BKSZ06,2,0.8227578564354213,0.6849087743456759,3.507666630781097
BKSZ03,BKSZ07,7,2.7078790229766065,2.9132804549367948,12.6211594779134
BKSZ03,BKSZ08,2,0.2572602924856022,0.13451890611092107,2.3917791985965233
BKSZ03,BMSZ01,2,0.5443817345817293,0.0,2.5443817345817292
BKSZ03,BMSZ02,1,0.20023146080022045,0.0,1.2002314608002205
BKSZ03,BMSZ05,1,0.2801948171915426,0.0,1.2801948171915427
BKSZ03,BMSZ06,1,0.24315081645820033,0.0,1.2431508164582004
BKSZ03,BPSZ04,1,0.4603463305003648,0.0,1.4603463305003648
BKSZ03,BSSZ03,1,0.3474872877516057,0.0,1.3474872877516058
BKSZ03,BTSZ03,1,0.23198052215160636,0.0,1.2319805221516065
BKSZ03,CCSZ01,1,0.14218388678853258,0.0,1.1421838867885326
BKSZ03,CHSZ03,1,0.40084204171249604,0.0,1.400842041712496
BKSZ03,CKSZ01,2,0.6981494732249978,0.7049206792959047,3.4030701525209026
BKSZ03,CKSZ02,2,1.2178332944428962,0.4314885309119842,3.6493218253548805
BKSZ03,CKSZ03,2,0.6545181345337646,0.601753342390898,3.2562714769246623
BKSZ03,CKSZ04,1,0.4889007940567201,0.2361688772815206,1.7250696713382407
BKSZ03,CKSZ05,1,0.4039038566468814,0.0,1.4039038566468813
BKSZ03,CKSZ06,1,0.4050141796282443,0.0,1.4050141796282443
BKSZ03,CLSZ08,1,0.36857984207069533,0.0,1.3685798420706954
BKSZ03,DTSZ01,1,0.3416583893336577,0.0,1.3416583893336578
BKSZ03,DTSZ03,2,0.4398807455749745,0.0,2.4398807455749747
BKSZ03,DTSZ05,1,0.23533102469515943,0.0,1.2353310246951594
BKSZ03,DTSZ08,3,0.28265174606739896,0.0,3.282651746067399
BKSZ03,DTSZ11,1,0.3442656087310509,0.0,1.344265608731051
BKSZ03,GLSZ03,1,0.38777601605121564,0.0,1.3877760160512156
BKSZ03,GLSZ05,2,0.7022124212516182,0.0,2.7022124212516183
BKSZ03,JESZ01,3,1.0278960639752748,0.49149593308279166,4.519391997058067
BKSZ03,JESZ02,1,0.5745357037264676,0.1967910912157884,1.771326794942256
BKSZ03,JESZ03,2,0.7695352567254564,0.894413511336226,3.6639487680616822
BKSZ03,JESZ05,4,0.9824541782959707,1.1561174326580947,6.138571610954065
BKSZ03,JWSZ01,1,0.11824396519851846,0.0,1.1182439651985185
BKSZ03,JWSZ03,2,0.8243783109298081,0.8545098233321294,3.6788881342619373
BKSZ03,JWSZ04,1,0.6119244465276027,0.3438360045922558,1.9557604511198583
BKSZ03,JWSZ08,1,1.0483214589716516,0.0,2.0483214589716514
BKSZ03,JWSZ09,2,1.3010543914089336,0.0,3.3010543914089334
BKSZ03,KLSZ08,1,0.4290639105905167,0.0,1.4290639105905167
BKSZ03,NVSZ01,1,0.6387657213426323,0.0,1.6387657213426323
BKSZ03,NVSZ03,1,0.1362121294216646,0.0,1.1362121294216645
BKSZ03,ORSZ01,1,0.06123168207918985,0.0,1.0612316820791898
BKSZ03,ORSZ02,1,0.3353406514438951,0.0,1.335340651443895
BKSZ03,QTSZ08,4,0.7731376225292315,0.0,4.773137622529232
BKSZ03,QTSZ11,3,1.1623711183723198,0.0,4.16237111837232
BKSZ03,RVSZ03,1,0.0,0.0,1.0
BKSZ03,SRSZ03,2,0.36577008789652427,0.0,2.365770087896524
BKSZ03,TMSZ01,1,0.3116521840448396,0.0,1.3116521840448396
BKSZ03,TMSZ04,1,0.2840259438794977,0.0,1.2840259438794976
BKSZ03,TNSZ04,1,0.2105196038134914,0.0,1.2105196038134913
BKSZ03,TPSZ02,1,0.3579883782053094,0.0,1.3579883782053095
BKSZ03,TPSZ03,1,0.15399387569972658,0.0,1.1539938756997266
BKSZ03,TPSZ06,1,0.30643557193453036,0.0,1.3064355719345304
BKSZ03,TSSZ02,1,0.22242990167749913,0.0,1.222429901677499
BKSZ03,TSSZ03,2,0.22478760130961786,0.0,2.2247876013096177
BKSZ03,WCSZ01,4,0.7756402092926321,0.0,4.775640209292632
BKSZ03,WDSZ09,2,0.3226735111228137,0.0,2.322673511122814
BKSZ04,BKSZ03,1,0.5895391747554953,0.9724144829650733,2.5619536577205686
BKSZ04,BKSZ04,2,0.4810719006155413,5.156947391227521,7.6380192918430625
BKSZ04,BKSZ05,2,1.5898453383051876,2.1652180620059536,5.755063400311141
BKSZ04,BKSZ07,2,0.8882038155610511,0.9869460590518693,3.8751498746129203
BKSZ04,BKSZ09,1,0.37402852895736194,0.029932164008844932,1.403960692966207
BKSZ04,BMSZ13,1,0.02784329997377722,0.0,1.0278432999737772
BKSZ04,BPSZ05,1,0.37377036874008246,0.3822652064682367,1.756035575208319
BKSZ04,BTSZ01,1,0.35625085991577127,0.3727532244205386,1.7290040843363097
BKSZ04,BTSZ06,1,0.050333459494907785,0.0,1.0503334594949079
BKSZ04,CHSZ03,2,2.1759359020978932,0.0,4.175935902097893
BKSZ04,CKSZ01,1,0.6384149689009073,0.3454435293977809,1.9838584982986882
BKSZ04,CKSZ06,3,0.3517343038611773,0.0,3.3517343038611775
BKSZ04,DTSZ10,1,0.05327881182679894,0.0,1.0532788118267988
BKSZ04,DTSZ11,1,0.16252292768473336,0.0,1.1625229276847333
BKSZ04,GLSZ05,1,0.18943353147445577,0.0,1.1894335314744557
BKSZ04,HGSZ08,1,0.16550586251823096,0.0,1.165505862518231
BKSZ04,JESZ03,1,0.3429786829423502,0.5874674793740645,1.9304461623164149
BKSZ04,JESZ05,3,0.7031506795759885,1.4441729015383251,5.147323581114313
BKSZ04,JESZ06,1,0.09916794273214213,0.5559440483266669,1.655111991058809
BKSZ04,JWSZ03,1,0.277638853624887,0.0,1.277638853624887
BKSZ04,JWSZ09,2,0.7909689359187293,0.0,2.7909689359187295
BKSZ04,NVSZ01,1,0.3830712291861867,0.0,1.3830712291861866
BKSZ04,PNSZ02,1,0.0,0.0,1.0
BKSZ04,PRSZ03,1,0.23119968225447438,0.0,1.2311996822544744
BKSZ04,QTSZ05,2,0.38757067214172036,0.0,2.3875706721417203
BKSZ04,QTSZ08,1,0.2243996922833014,0.0,1.2243996922833014
BKSZ04,QTSZ11,1,0.156664169795818,0.0,1.156664169795818
BKSZ04,RCSZ05,1,0.05053427273095592,0.0,1.050534272730956
BKSZ04,SBSZ08,1,0.14478297543346974,0.0,1.1447829754334697
BKSZ04,SKSZ03,2,0.07753002027677176,0.0,2.0775300202767717
BKSZ04,TPSZ01,1,0.1106890594208377,0.0,1.1106890594208376
BKSZ04,TSSZ03,1,0.060205210235908906,0.0,1.060205210235909
BKSZ04,WCSZ01,1,0.29656145377470333,0.0,1.2965614537747032
BKSZ04,WDSZ03,3,1.0592159436940327,0.0,4.059215943694033
BKSZ04,YSSZ02,1,0.09906523044741192,0.0,1.099065230447412
BKSZ04,YSSZ08,1,0.036892238837737894,0.0,1.036892238837738
BKSZ05,BKSZ02,1,0.7851517374573992,0.5661656209067731,2.351317358364172
BKSZ05,BKSZ03,4,2.4985277673465633,0.9901844810360988,7.4887122483826625
BKSZ05,BKSZ04,1,1.7905903957954012,1.359203023495764,4.149793419291165
BKSZ05,BKSZ05,4,5.202437242528622,8.11122581046055,17.31366305298917
BKSZ05,BKSZ07,1,1.2128865173654477,0.2557309365030612,2.4686174538685086
BKSZ05,BLSZ02,3,0.3707860196131943,0.0,3.3707860196131945
BKSZ05,BMSZ05,2,0.9626615124343261,0.0,2.962661512434326
BKSZ05,BMSZ06,1,0.42099487187664597,0.0,1.4209948718766459
BKSZ05,BMSZ12,2,1.0925170318240292,0.0,3.092517031824029
BKSZ05,BMSZ16,1,0.09170764769044487,0.0,1.0917076476904448
BKSZ05,BPSZ02,1,0.4534385138378786,0.3151262417124005,1.7685647555502793
BKSZ05,BPSZ04,2,1.2826522529952744,0.5425833459605767,3.825235598955851
BKSZ05,BPSZ05,4,2.473212436856851,1.2109036263469244,7.684116063203776
BKSZ05,BTSZ01,6,2.703602342528966,1.755237458822498,10.458839801351465
BKSZ05,BTSZ06,2,0.4710180064482683,0.0,2.4710180064482685
BKSZ05,BTSZ08,1,0.4148827352589121,0.0,1.4148827352589122
BKSZ05,CKSZ03,6,1.8199290774129926,0.0,7.819929077412993
BKSZ05,CKSZ04,1,0.7692488070624844,0.0,1.7692488070624846
BKSZ05,CKSZ05,1,0.5139978263220365,0.0,1.5139978263220364
BKSZ05,CLSZ01,1,0.6364955665888127,0.1606382503332892,1.797133816922102
BKSZ05,CLSZ04,5,1.4336459868302815,0.0,6.433645986830282
BKSZ05,CLSZ07,1,0.5541487536719599,0.0,1.55414875367196
BKSZ05,CLSZ08,1,0.45030283168256924,0.0,1.4503028316825692
BKSZ05,DTSZ02,1,0.4668980333777074,0.0,1.4668980333777073
BKSZ05,DTSZ03,1,0.5409418304250634,0.0,1.5409418304250635
BKSZ05,DTSZ04,1,0.14639054842170243,0.0,1.1463905484217025
BKSZ05,DTSZ05,3,1.0781118320018455,0.0,4.078111832001845
BKSZ05,DTSZ08,1,0.5847514994098797,0.0,1.5847514994098797
BKSZ05,DTSZ11,3,0.7318118851369869,0.0,3.731811885136987
BKSZ05,GLSZ03,1,0.7534100177014482,0.0,1.7534100177014482
BKSZ05,GLSZ05,1,0.787615780618723,0.0,1.787615780618723
BKSZ05,HGSZ04,1,0.6473431144239465,0.0,1.6473431144239465
BKSZ05,JESZ01,1,0.6108298604478303,0.0,1.6108298604478302
BKSZ05,JESZ03,1,1.1732646115285053,0.3903054661695006,2.5635700776980057
BKSZ05,JESZ05,11,2.331256428544989,3.3419714900974586,16.673227918642446
BKSZ05,JESZ06,1,0.2458088458940757,0.0,1.2458088458940757
BKSZ05,JESZ08,1,0.357255451819137,0.0,1.357255451819137
BKSZ05,JWSZ03,1,0.9228056072021772,0.0,1.9228056072021773
BKSZ05,JWSZ08,2,2.1791388371238725,0.0,4.1791388371238725
BKSZ05,JWSZ09,3,1.6573785355026136,0.0,4.657378535502613
BKSZ05,KLSZ06,2,0.8170300319198961,0.0,2.817030031919896
BKSZ05,KLSZ07,2,1.1981574912495745,0.0,3.1981574912495745
BKSZ05,MUSZ01,1,0.35665330168294607,0.0,1.356653301682946
BKSZ05,NTSZ03,1,0.20757697525518698,0.0,1.207576975255187
BKSZ05,NVSZ02,1,1.099129363229029,0.0,2.099129363229029
BKSZ05,ORSZ02,1,0.6339768822014681,0.0,1.633976882201468
BKSZ05,ORSZ03,1,0.5377571396509414,0.0,1.5377571396509415
BKSZ05,OTSZ01,1,0.08690460746971827,0.0,1.0869046074697182
BKSZ05,OTSZ03,2,0.998972406788742,0.0,2.998972406788742
BKSZ05,PGSZ04,1,0.8872644298578121,0.0,1.887264429857812
BKSZ05,QTSZ01,1,0.5451587173639877,0.0,1.5451587173639876
BKSZ05,QTSZ02,1,0.39284692528007914,0.0,1.3928469252800793
BKSZ05,QTSZ05,2,1.1167916864789194,0.0,3.116791686478919
BKSZ05,QTSZ08,3,1.6038969404980437,0.0,4.603896940498044
BKSZ05,QTSZ11,4,1.7487497414168678,0.0,5.748749741416868
BKSZ05,QTSZ14,1,0.6384760922867636,0.0,1.6384760922867636
BKSZ05,RCSZ10,1,0.2826826669053417,0.0,1.2826826669053417
BKSZ05,SBSZ01,1,0.703785091912605,0.0,1.703785091912605
BKSZ05,SBSZ03,1,0.6869674342754782,0.0,1.6869674342754784
BKSZ05,SBSZ07,1,0.0,0.0,1.0
BKSZ05,SESZ05,1,0.507002037673671,0.0,1.507002037673671
BKSZ05,SGSZ05,1,0.40844190881773873,0.0,1.4084419088177387
BKSZ05,SRSZ02,1,0.15583482585231442,0.0,1.1558348258523143
BKSZ05,THSZ01,1,0.0,0.0,1.0
BKSZ05,TMSZ03,2,1.565869432445805,0.0,3.5658694324458047
BKSZ05,TMSZ04,1,0.6243890855632357,0.0,1.6243890855632357
BKSZ05,TMSZ05,1,1.0226638299630177,0.0,2.022663829963018
BKSZ05,TPSZ06,1,0.7214555856791749,0.0,1.721455585679175
BKSZ05,WCSZ01,2,1.7122593377938673,0.0,3.712259337793867
BKSZ05,WDSZ02,4,1.565755847212457,0.0,5.565755847212457
BKSZ05,YSSZ01,1,0.5537015822262055,0.0,1.5537015822262055
BKSZ06,AMSZ09,1,0.13306777591897684,0.0,1.133067775918977
BKSZ06,BDSZ04,1,0.1989062753632489,0.0,1.198906275363249
BKSZ06,BKSZ02,3,0.6209384278402456,0.60268972910025,4.223628156940496
BKSZ06,BKSZ03,2,0.5335259057292557,0.3222003512909537,2.8557262570202093
BKSZ06,BKSZ05,3,1.6490875390033597,0.19852895395673295,4.847616492960093
BKSZ06,BKSZ06,3,0.7811097038683453,14.592305903105729,18.373415606974074
BKSZ06,BKSZ07,8,4.23964269500486,0.6366489717026869,12.876291666707548
BKSZ06,BMSZ01,1,0.2728612774024329,0.0,1.2728612774024328
BKSZ06,BMSZ12,2,0.34712766961061375,0.0,2.3471276696106136
BKSZ06,BSSZ01,1,0.3281388185635968,0.0,1.3281388185635967
BKSZ06,BTSZ01,2,0.5521250040989746,0.12202936240723192,2.6741543665062064
BKSZ06,BTSZ06,1,0.05054407140584488,0.0,1.050544071405845
BKSZ06,CKSZ03,1,0.538718514062173,0.0,1.538718514062173
BKSZ06,CLSZ07,1,0.18270495976237697,0.0,1.1827049597623769
BKSZ06,DTSZ01,1,0.21830100786023832,0.0,1.2183010078602383
BKSZ06,DTSZ02,1,0.15356066622525666,0.0,1.1535606662252567
BKSZ06,JESZ05,5,0.784972959904536,0.5249477743872989,6.309920734291835
BKSZ06,JWSZ06,1,0.0721931457785393,0.0,1.0721931457785394
BKSZ06,KLSZ09,1,0.03335739724969176,0.0,1.0333573972496917
BKSZ06,MPSZ01,1,0.09620081900646082,0.0,1.096200819006461
BKSZ06,OTSZ03,3,0.43749943562206633,0.0,3.4374994356220663
BKSZ06,PNSZ02,1,0.0,0.0,1.0
BKSZ06,QTSZ08,1,0.25050071034987986,0.0,1.25050071034988
BKSZ06,QTSZ10,1,0.21488840112791321,0.0,1.2148884011279133
BKSZ06,QTSZ11,1,0.15181029720419814,0.0,1.1518102972041981
BKSZ06,QTSZ12,1,0.09841451851967448,0.0,1.0984145185196745
BKSZ06,QTSZ14,1,0.2395297332954069,0.0,1.239529733295407
BKSZ06,SBSZ09,1,0.36991765984328956,0.0,1.3699176598432896
BKSZ06,THSZ01,1,0.0,0.0,1.0
BKSZ06,TNSZ01,1,0.1632040381266562,0.0,1.1632040381266562
BKSZ06,TPSZ03,1,0.06823087405416554,0.0,1.0682308740541655
BKSZ06,TPSZ09,1,0.08483304740157945,0.0,1.0848330474015795
BKSZ06,TSSZ05,1,0.33964020883253154,0.0,1.3396402088325314
BKSZ06,WDSZ03,1,0.3216259238544191,0.0,1.3216259238544192
BKSZ06,YSSZ09,1,0.47282051809598796,0.0,1.472820518095988
BKSZ07,AMSZ10,1,0.29853386662292347,0.0,1.2985338666229236
BKSZ07,AMSZ12,1,0.1243687098127769,0.0,1.1243687098127768
BKSZ07,BDSZ04,1,0.14954252321343392,0.0,1.149542523213434
BKSZ07,BKSZ02,4,1.8098942425040248,1.8965035777583186,7.706397820262343
BKSZ07,BKSZ03,7,1.4836255592457894,2.9094317687876012,11.39305732803339
BKSZ07,BKSZ04,3,1.3780460499124347,3.941515349245567,8.319561399158001
BKSZ07,BKSZ05,3,3.045839834335037,1.6430972004208309,7.6889370347558685
BKSZ07,BKSZ06,1,0.40769551800959825,0.2549283808676789,1.662623898877277
BKSZ07,BKSZ07,2,2.311980170016094,35.665169964290286,39.97715013430638
BKSZ07,BKSZ08,3,0.478528813457816,0.5358386409372651,4.014367454395082
BKSZ07,BKSZ09,5,1.4217309495775772,0.13510412736606084,6.5568350769436385
BKSZ07,BLSZ01,1,0.1674097392865731,0.0,1.167409739286573
BKSZ07,BLSZ02,1,0.11662142237812423,0.0,1.1166214223781243
BKSZ07,BMSZ05,1,0.22437119833856037,0.0,1.2243711983385603
BKSZ07,BMSZ06,1,0.23880973538833372,0.0,1.2388097353883336
BKSZ07,BMSZ07,2,0.625228456705963,0.0,2.625228456705963
BKSZ07,BMSZ12,2,0.6119764248683248,0.0,2.611976424868325
BKSZ07,BPSZ04,2,0.4763512522455571,0.0,2.476351252245557
BKSZ07,BPSZ05,2,0.485996231897918,0.0,2.485996231897918
BKSZ07,BPSZ07,1,0.1633666376781634,0.0,1.1633666376781635
BKSZ07,BSSZ01,1,0.4394563094357339,0.0,1.4394563094357338
BKSZ07,BTSZ01,6,1.3026476837507825,1.0736081696096407,8.376255853360423
BKSZ07,BTSZ03,1,0.4743670134290349,0.0,1.474367013429035
BKSZ07,BTSZ05,1,0.1293596215409225,0.0,1.1293596215409225
BKSZ07,BTSZ06,1,0.12193300659013258,0.0,1.1219330065901325
BKSZ07,CHSZ03,1,0.6199314250274448,0.0,1.6199314250274448
BKSZ07,CKSZ02,1,0.7772968466359585,0.21122826957267618,1.9885251162086346
BKSZ07,CKSZ03,2,0.6769088812631303,0.0,2.67690888126313
BKSZ07,CKSZ04,2,0.6191863206830677,0.0,2.6191863206830677
BKSZ07,CKSZ06,1,0.3553469325307374,0.0,1.3553469325307375
BKSZ07,CLSZ04,2,0.3787738094280485,0.0,2.3787738094280484
BKSZ07,CLSZ05,1,0.4748418449326139,0.0,1.474841844932614
BKSZ07,CLSZ08,1,0.41669247566659384,0.0,1.416692475666594
BKSZ07,CLSZ09,1,0.1654516722415862,0.0,1.1654516722415862
BKSZ07,DTSZ01,1,0.2551191679875928,0.0,1.2551191679875928
BKSZ07,DTSZ02,1,0.21720707941422557,0.0,1.2172070794142256
BKSZ07,DTSZ03,1,0.18615012337695425,0.0,1.1861501233769542
BKSZ07,DTSZ05,6,0.27864692881671643,0.0,6.278646928816716
BKSZ07,DTSZ08,2,0.28388240792981995,0.0,2.28388240792982
BKSZ07,DTSZ11,1,0.2711894252399963,0.0,1.2711894252399962
BKSZ07,DTSZ12,2,0.2918511052228026,0.0,2.2918511052228028
BKSZ07,GLSZ01,2,0.49317931444032415,0.0,2.493179314440324
BKSZ07,GLSZ02,1,0.16184224971514316,0.0,1.1618422497151433
BKSZ07,GLSZ03,2,0.5192150107090199,0.0,2.51921501070902
BKSZ07,GLSZ04,1,0.38663422726456254,0.0,1.3866342272645626
BKSZ07,JESZ02,1,0.7391604509557957,0.20628331350422965,1.9454437644600255
BKSZ07,JESZ05,13,1.4613015928782775,2.1175638162757475,16.578865409154023
BKSZ07,JESZ10,1,0.0,0.0,1.0
BKSZ07,JWSZ01,1,0.08671336195438566,0.0,1.0867133619543856
BKSZ07,JWSZ03,1,0.4906271623139302,0.4077836977648424,1.8984108600787726
BKSZ07,JWSZ04,2,0.638899409002253,0.0,2.638899409002253
BKSZ07,JWSZ08,4,1.4859929753507268,0.0,5.485992975350727
BKSZ07,JWSZ09,6,0.7562683624934117,0.0,6.756268362493412
BKSZ07,KLSZ03,1,0.04910905875978383,0.0,1.0491090587597838
BKSZ07,KLSZ08,2,0.41317637935357765,0.0,2.413176379353578
BKSZ07,MPSZ02,1,0.2574180200059496,0.0,1.2574180200059497
BKSZ07,MUSZ01,2,0.21968261864329816,0.0,2.219682618643298
BKSZ07,NTSZ03,1,0.14256349279616715,0.0,1.1425634927961672
BKSZ07,NVSZ01,1,0.6944079076647389,0.0,1.694407907664739
BKSZ07,NVSZ03,1,0.1309800668504878,0.0,1.130980066850488
BKSZ07,ORSZ02,1,0.2913890979423542,0.0,1.2913890979423541
BKSZ07,OTSZ03,2,0.4965070452799488,0.0,2.496507045279949
BKSZ07,PNSZ01,1,0.11357694531830247,0.0,1.1135769453183024
BKSZ07,PNSZ02,1,0.0,0.0,1.0
BKSZ07,PRSZ03,2,0.5136181085446965,0.0,2.5136181085446965
BKSZ07,QTSZ01,1,0.3474452140296633,0.0,1.3474452140296633
BKSZ07,QTSZ02,1,0.21510956390833974,0.0,1.2151095639083398
BKSZ07,QTSZ04,2,0.10377806575291754,0.0,2.1037780657529175
BKSZ07,QTSZ08,3,0.8613648810673225,0.0,3.8613648810673222
BKSZ07,QTSZ10,1,0.295106612933521,0.0,1.295106612933521
BKSZ07,QTSZ11,5,0.5812584087005951,0.0,5.581258408700595
BKSZ07,QTSZ12,1,0.22081808955472398,0.0,1.220818089554724
BKSZ07,QTSZ14,2,0.4396711483731945,0.0,2.4396711483731943
BKSZ07,RCSZ01,1,0.12615296054393396,0.0,1.126152960543934
BKSZ07,SBSZ02,1,0.11193396775293818,0.0,1.1119339677529383
BKSZ07,SRSZ03,1,0.2034410197232345,0.0,1.2034410197232346
BKSZ07,TPSZ03,1,0.14064090269295526,0.0,1.1406409026929554
BKSZ07,TSSZ05,1,0.7444312550290854,0.0,1.7444312550290855
BKSZ07,WDSZ01,1,0.1302203240752603,0.0,1.1302203240752604
BKSZ07,WDSZ03,1,0.36756730799504117,0.0,1.3675673079950412
BKSZ07,WDSZ05,1,0.3531222852075817,0.0,1.3531222852075817
BKSZ07,YSSZ03,1,0.4595177177519789,0.0,1.459517717751979
BKSZ08,BDSZ01,1,0.0907696113543012,0.0,1.0907696113543013
BKSZ08,BDSZ04,1,0.11008850618635,0.0,1.11008850618635
BKSZ08,BKSZ03,2,0.22117898454633858,0.6607728548316214,2.88195183937796
BKSZ08,BKSZ05,3,1.1393426051611242,0.684912859148221,4.824255464309345
BKSZ08,BKSZ07,2,0.3927224758013307,0.38281611093616646,2.7755385867374973
BKSZ08,BMSZ02,1,0.07602711525010641,0.0,1.0760271152501064
BKSZ08,BMSZ05,1,0.10478192560951193,0.0,1.104781925609512
BKSZ08,BMSZ07,1,0.18597647219827584,0.0,1.1859764721982757
BKSZ08,BMSZ17,1,0.03245446302957852,0.0,1.0324544630295784
BKSZ08,BPSZ05,1,0.2106825706044252,0.15324060452860455,1.3639231751330299
BKSZ08,BTSZ01,2,0.4857739724971016,0.2961074807723033,2.781881453269405
BKSZ08,CKSZ03,1,0.27926665513443905,0.0,1.279266655134439
BKSZ08,CLSZ04,1,0.17746144485915696,0.0,1.177461444859157
BKSZ08,CLSZ09,2,0.09222013089656118,0.0,2.0922201308965613
BKSZ08,DTSZ03,1,0.11297859483986458,0.0,1.1129785948398645
BKSZ08,DTSZ05,1,0.07058078228110848,0.0,1.0705807822811084
BKSZ08,DTSZ09,1,0.07028344674194545,0.0,1.0702834467419455
BKSZ08,GLSZ05,1,0.15533369926774235,0.0,1.1553336992677423
BKSZ08,JESZ03,1,0.2857510910095626,0.3007871219180783,1.5865382129276409
BKSZ08,JESZ05,2,0.49803603401378016,0.5212487487382795,3.0192847827520595
BKSZ08,JWSZ09,1,0.2857640240640467,0.0,1.2857640240640467
BKSZ08,KLSZ06,1,0.16797242079696814,0.0,1.1679724207969682
BKSZ08,PGSZ04,1,0.13608764384549374,0.0,1.1360876438454937
BKSZ08,QTSZ08,5,0.5582794972910001,0.0,5.558279497291
BKSZ08,QTSZ10,1,0.14112038776581554,0.0,1.1411203877658156
BKSZ08,QTSZ11,1,0.0958946079000978,0.0,1.0958946079000977
BKSZ08,SRSZ03,1,0.15362530827285012,0.0,1.15362530827285
BKSZ08,TMSZ04,1,0.08482252866545552,0.0,1.0848225286654556
BKSZ08,TPSZ03,1,0.05851183212472727,0.0,1.0585118321247273
BKSZ08,TPSZ06,1,0.11291049918702487,0.0,1.112910499187025
BKSZ08,WDSZ03,1,0.22157278008935138,0.0,1.2215727800893514
BKSZ08,YSSZ08,1,0.026135998076975746,0.0,1.0261359980769758
BKSZ08,YSSZ09,2,0.16559189063332277,0.0,2.1655918906333227
BKSZ09,AMSZ01,1,0.4014382211363712,0.0,1.4014382211363712
BKSZ09,AMSZ03,1,0.2566888487307363,0.0,1.2566888487307364
BKSZ09,AMSZ05,1,0.44569998174357,0.0,1.44569998174357
BKSZ09,AMSZ10,2,0.4385724438979559,0.0,2.438572443897956
BKSZ09,BKSZ02,1,0.5154298017103793,0.13190679776083905,1.6473365994712184
BKSZ09,BKSZ04,1,0.5702044287111319,0.3058439212308178,1.8760483499419496
BKSZ09,BKSZ05,2,1.9508349228932804,0.6340536406578949,4.584888563551175
BKSZ09,BKSZ06,1,0.41497314315210704,0.10129649388416358,1.5162696370362707
BKSZ09,BKSZ07,4,1.8385544532633258,0.5715990952143192,6.410153548477645
BKSZ09,BKSZ09,4,2.6786128399414832,5.59914661376618,12.277759453707663
BKSZ09,BLSZ02,1,0.08344328599260552,0.0,1.0834432859926055
BKSZ09,BMSZ02,1,0.19812601550958864,0.0,1.1981260155095885
BKSZ09,BMSZ07,1,0.4562213723233516,0.0,1.4562213723233515
BKSZ09,BMSZ17,1,0.2735564936367011,0.0,1.273556493636701
BKSZ09,BPSZ02,1,0.20109993392527364,0.0,1.2010999339252737
BKSZ09,BPSZ05,1,0.5233103456079471,0.0,1.523310345607947
BKSZ09,BPSZ07,1,0.16137572913306775,0.0,1.1613757291330677
BKSZ09,BTSZ01,4,1.3552725937860814,0.7368903993015112,6.092162993087593
BKSZ09,BTSZ02,1,0.21952380554876474,0.0,1.2195238055487647
BKSZ09,CHSZ03,1,0.6901991547325778,0.0,1.6901991547325776
BKSZ09,CKSZ02,1,0.7072292204299505,0.0,1.7072292204299506
BKSZ09,CLSZ04,3,0.833062540009225,0.5711526352493106,4.4042151752585355
BKSZ09,DTSZ03,2,0.4081418854185291,0.0,2.4081418854185292
BKSZ09,DTSZ04,1,0.11088085831975958,0.0,1.1108808583197596
BKSZ09,DTSZ05,3,0.28834745890388214,0.0,3.288347458903882
BKSZ09,DTSZ08,1,0.221218189778124,0.0,1.221218189778124
BKSZ09,GLSZ03,1,0.33990765110761234,0.0,1.3399076511076125
BKSZ09,GLSZ04,1,0.4682996573610861,0.0,1.468299657361086
BKSZ09,JESZ02,1,0.3408321288467172,0.21736730190055806,1.558199430747275
BKSZ09,JESZ03,1,0.6287254895137792,0.44315153642810384,2.071877025941883
BKSZ09,JESZ05,3,0.9014113558850413,0.6872123569772587,4.5886237128623
BKSZ09,JESZ07,1,0.1346106683098094,0.0,1.1346106683098094
BKSZ09,JWSZ02,2,0.6209051767935472,0.0,2.6209051767935474
BKSZ09,JWSZ03,2,0.7458479017382268,0.0,2.7458479017382267
BKSZ09,JWSZ04,1,0.6159664285613633,0.0,1.6159664285613633
BKSZ09,JWSZ06,1,0.12946683849501275,0.0,1.1294668384950128
BKSZ09,JWSZ09,1,0.7710882517802857,0.0,1.7710882517802857
BKSZ09,MSSZ01,1,0.0,0.0,1.0
BKSZ09,MUSZ01,1,0.18447472112794183,0.0,1.1844747211279418
BKSZ09,NVSZ02,1,0.4550960236614041,0.0,1.4550960236614041
BKSZ09,OTSZ03,1,0.4259648196957775,0.0,1.4259648196957775
BKSZ09,PNSZ01,1,0.11820503558340548,0.0,1.1182050355834054
BKSZ09,PNSZ02,2,0.0,0.0,2.0
BKSZ09,PNSZ03,1,0.0,0.0,1.0
BKSZ09,QTSZ02,1,0.1970072660513699,0.0,1.19700726605137
BKSZ09,QTSZ08,1,0.3957173339965817,0.0,1.3957173339965818
BKSZ09,QTSZ11,2,0.613423845518623,0.0,2.613423845518623
BKSZ09,QTSZ12,1,0.2084071844750557,0.0,1.2084071844750557
BKSZ09,QTSZ13,1,0.25636772964013105,0.0,1.256367729640131
BKSZ09,SBSZ03,1,0.4548687779879801,0.0,1.45486877798798
BKSZ09,SESZ05,1,0.22777191776700706,0.0,1.227771917767007
BKSZ09,SKSZ03,1,0.09541425256440304,0.0,1.095414252564403
BKSZ09,SRSZ03,1,0.20981708327686935,0.0,1.2098170832768693
BKSZ09,TMSZ03,2,0.9762139487699715,0.0,2.9762139487699715
BKSZ09,TSSZ04,1,0.30704742504004556,0.0,1.3070474250400457
BKSZ09,WCSZ01,1,0.40257530759695737,0.0,1.4025753075969574
BKSZ09,WDSZ02,1,0.4219444465249804,0.0,1.4219444465249804
BKSZ09,WDSZ03,1,0.3789681591585179,0.0,1.378968159158518
BKSZ09,YSSZ02,1,0.18716572491563663,0.0,1.1871657249156367
BKSZ09,YSSZ03,1,0.544469479999013,0.0,1.5444694799990129
BLSZ01,BDSZ01,1,0.08627404192056082,0.0,1.0862740419205608
BLSZ01,BKSZ07,1,0.3703830482249556,0.0,1.3703830482249555
BLSZ01,BPSZ05,2,0.528172185420148,0.0,2.528172185420148
BLSZ01,CKSZ06,1,0.21301729814761497,0.0,1.213017298147615
BLSZ01,JWSZ09,2,1.3707736220333915,0.0,3.3707736220333917
BLSZ01,SGSZ07,1,0.14881487346414135,0.0,1.1488148734641412
BLSZ01,YSSZ09,1,0.28256493078649414,0.0,1.2825649307864941
BLSZ02,BDSZ04,2,0.49929400213383596,0.0,2.499294002133836
BLSZ02,BKSZ04,1,0.10099563256359675,0.0,1.1009956325635968
BLSZ02,BKSZ05,1,0.13626045623896885,0.0,1.1362604562389689
BLSZ02,BKSZ07,1,0.17512574494845734,0.0,1.1751257449484573
BLSZ02,BKSZ09,1,0.1085311077224084,0.0,1.1085311077224085
BLSZ02,BLSZ03,2,0.29626278517830845,0.0,2.2962627851783086
BLSZ02,BMSZ01,1,0.11436949127970406,0.0,1.114369491279704
BLSZ02,BMSZ10,1,0.04425498150638625,0.0,1.0442549815063862
BLSZ02,BPSZ04,1,0.1236417217576147,0.0,1.1236417217576147
BLSZ02,CKSZ03,2,0.277904595596208,0.0,2.277904595596208
BLSZ02,CKSZ04,1,0.10787705475087368,0.0,1.1078770547508736
BLSZ02,GLSZ03,1,0.056396880868342256,0.0,1.0563968808683422
BLSZ02,JESZ01,1,0.12459467284946894,0.0,1.124594672849469
BLSZ02,JESZ02,1,0.1077371857083401,0.0,1.10773718570834
BLSZ02,JESZ05,3,0.21773847882200076,0.0,3.217738478822001
BLSZ02,JWSZ04,2,0.5576419883344803,1.583827674456086,4.141469662790566
BLSZ02,JWSZ08,3,0.4226680165357016,0.9818563130927885,4.40452432962849
BLSZ02,JWSZ09,4,0.8762019269369755,3.434086718015498,8.310288644952474
BLSZ02,KLSZ05,1,0.06496088204683473,0.0,1.0649608820468348
BLSZ02,OTSZ03,1,0.1314218674864989,0.0,1.1314218674864989
BLSZ02,PNSZ03,1,0.0,0.0,1.0
BLSZ02,QTSZ04,1,0.02063485887671315,0.0,1.0206348588767131
BLSZ02,QTSZ05,1,0.10130244958511643,0.0,1.1013024495851165
BLSZ02,QTSZ08,2,0.2080131960600719,0.0,2.208013196060072
BLSZ02,SESZ02,1,0.0684283277605795,0.0,1.0684283277605795
BLSZ02,SESZ03,2,0.144575678661791,0.0,2.144575678661791
BLSZ02,SGSZ04,2,0.17058999587000923,0.0,2.1705899958700092
BLSZ02,SGSZ06,1,0.06701121286812001,0.0,1.06701121286812
BLSZ02,TPSZ02,1,0.09367493286764413,0.0,1.093674932867644
BLSZ02,TSSZ04,1,0.08484402973625599,0.0,1.084844029736256
BLSZ02,TSSZ05,1,0.08843736270987085,0.0,1.088437362709871
BLSZ02,WCSZ01,2,0.16784420568561845,0.0,2.1678442056856184
BLSZ02,WDSZ03,1,0.13381638680879332,0.0,1.1338163868087934
BLSZ02,YSSZ09,1,0.10694788924016478,0.0,1.1069478892401647
BLSZ03,BMSZ04,1,0.2738595964467852,0.0,1.2738595964467851
BLSZ03,CLSZ06,1,0.5125001403617998,0.0,1.5125001403617997
BLSZ03,JWSZ03,2,1.4294117167098779,0.0,3.429411716709878
BLSZ03,JWSZ09,1,0.7842285464779085,0.0,1.7842285464779084
BLSZ04,BKSZ07,1,0.14874809940361422,0.0,1.148748099403614
BLSZ04,CLSZ06,1,0.13001210707448427,0.0,1.1300121070744842
BLSZ04,JWSZ03,1,0.1619684092190977,0.0,1.1619684092190976
BLSZ04,JWSZ09,2,0.32497160796175084,0.0,2.324971607961751
BLSZ04,OTSZ03,1,0.10980132427309891,0.0,1.1098013242730989
BLSZ04,SBSZ05,1,0.0,0.0,1.0
BLSZ04,WDSZ05,1,0.12449845206693809,0.0,1.124498452066938
BMSZ01,AMSZ09,1,0.23201916492731844,0.0,1.2320191649273184
BMSZ01,BDSZ02,2,0.735612486807006,0.0,2.735612486807006
BMSZ01,BDSZ03,1,0.51965448984008,0.0,1.5196544898400801
BMSZ01,BDSZ04,1,0.4331442768983714,0.0,1.4331442768983713
BMSZ01,BDSZ06,1,0.8072989678930959,0.0,1.8072989678930957
BMSZ01,BDSZ07,1,0.38721978034691784,0.0,1.3872197803469177
BMSZ01,BDSZ08,1,0.28064161095320667,0.0,1.2806416109532066
BMSZ01,BKSZ02,1,0.18104970079663943,0.0,1.1810497007966394
BMSZ01,BKSZ06,1,0.16725523852967322,0.0,1.1672552385296733
BMSZ01,BLSZ02,1,0.09172286616910207,0.0,1.091722866169102
BMSZ01,BMSZ01,5,2.7082595776459706,19.672359657449867,27.380619235095836
BMSZ01,BMSZ03,1,0.6492716714898917,0.10198507788105717,1.751256749370949
BMSZ01,BMSZ04,5,0.6946052110016777,0.22768930227725406,5.922294513278931
BMSZ01,BMSZ06,2,0.8042300204704109,0.07223359840459512,2.8764636188750057
BMSZ01,BMSZ07,1,0.7211859969048058,0.05219139119782111,1.773377388102627
BMSZ01,BMSZ09,1,0.19966450581140235,0.008029084937835284,1.2076935907492377
BMSZ01,BMSZ10,3,0.5881242639476828,0.12822549512423326,3.716349759071916
BMSZ01,BMSZ11,2,1.6306752302061323,0.31385895679078385,3.944534186996916
BMSZ01,BMSZ12,6,0.5501994249723402,0.16944000192968928,6.719639426902029
BMSZ01,BMSZ13,10,2.0979410524777014,0.3658111515407201,12.463752204018421
BMSZ01,BMSZ14,2,1.1494002340465912,0.13744710171744173,3.286847335764033
BMSZ01,BMSZ15,6,1.2853570965275467,0.10457735517704218,7.389934451704589
BMSZ01,BMSZ16,4,0.3258861963781531,0.06027839903891236,4.386164595417066
BMSZ01,BMSZ17,2,0.5223949860534033,0.16219375583465193,2.684588741888055
BMSZ01,BPSZ03,2,0.35740290334789654,0.0,2.3574029033478965
BMSZ01,BPSZ04,2,0.3612893365426277,0.0,2.3612893365426277
BMSZ01,BSSZ01,3,1.1358139976546613,0.0,4.135813997654662
BMSZ01,BTSZ07,1,0.2812461878942435,0.0,1.2812461878942436
BMSZ01,CHSZ03,1,0.8784094310761037,0.0,1.8784094310761037
BMSZ01,CKSZ01,1,0.3733106363996636,0.0,1.3733106363996637
BMSZ01,CKSZ03,4,1.14455685801369,0.0,5.14455685801369
BMSZ01,CKSZ04,2,0.3932149728692655,0.0,2.3932149728692655
BMSZ01,CKSZ06,2,0.42568865384120647,0.0,2.4256886538412066
BMSZ01,CLSZ03,2,0.594473999828664,0.0,2.594473999828664
BMSZ01,CLSZ04,2,0.43227826832914057,0.0,2.4322782683291404
BMSZ01,CLSZ05,1,0.3609177647131243,0.0,1.3609177647131243
BMSZ01,CLSZ06,1,0.29055441635126766,0.0,1.2905544163512677
BMSZ01,CLSZ08,2,0.4017645633914926,0.0,2.4017645633914926
BMSZ01,DTSZ01,1,0.4639803979821298,0.0,1.4639803979821298
BMSZ01,DTSZ02,1,0.3767734426610836,0.0,1.3767734426610836
BMSZ01,DTSZ08,2,0.3643954006553794,0.0,2.3643954006553796
BMSZ01,DTSZ11,1,0.38873263799327873,0.0,1.3887326379932787
BMSZ01,GLSZ04,3,1.205459837283047,0.0,4.205459837283047
BMSZ01,GLSZ05,2,0.8120267381295952,0.0,2.812026738129595
BMSZ01,HGSZ04,2,0.5416751664137068,0.0,2.541675166413707
BMSZ01,HGSZ05,1,0.5194330110144261,0.0,1.519433011014426
BMSZ01,HGSZ06,5,0.984523012472196,0.0,5.984523012472196
BMSZ01,HGSZ07,1,0.3445656227319153,0.0,1.3445656227319154
BMSZ01,JESZ01,1,0.23982336018617537,0.0,1.2398233601861754
BMSZ01,JESZ02,1,0.24532729118160262,0.0,1.2453272911816027
BMSZ01,JESZ03,1,0.5102883877742291,0.0,1.5102883877742292
BMSZ01,JESZ05,1,0.44681972323931046,0.0,1.4468197232393105
BMSZ01,JWSZ02,1,0.4266191386497582,0.0,1.4266191386497582
BMSZ01,JWSZ04,1,0.4502984974662134,0.0,1.4502984974662134
BMSZ01,JWSZ09,3,0.8082713934964346,0.0,3.8082713934964345
BMSZ01,KLSZ01,1,0.6604171123456054,0.0,1.6604171123456055
BMSZ01,KLSZ02,1,0.20309202857633152,0.0,1.2030920285763316
BMSZ01,KLSZ03,1,0.09218743664110302,0.0,1.092187436641103
BMSZ01,KLSZ05,1,0.24385625992982907,0.0,1.243856259929829
BMSZ01,KLSZ06,2,0.6292811536602503,0.0,2.6292811536602505
BMSZ01,KLSZ07,2,0.7020856217293069,0.0,2.702085621729307
BMSZ01,KLSZ08,2,0.8251976721781498,0.0,2.8251976721781498
BMSZ01,KLSZ09,1,0.086034890393817,0.0,1.086034890393817
BMSZ01,MUSZ01,1,0.15938879083976748,0.0,1.1593887908397675
BMSZ01,NVSZ01,1,0.8287684886692306,0.0,1.8287684886692306
BMSZ01,NVSZ02,2,1.005485917695624,0.0,3.0054859176956237
BMSZ01,ORSZ02,1,0.3291524264064193,0.0,1.3291524264064192
BMSZ01,OTSZ01,1,0.09517205652040273,0.04239924908475105,1.137571305605154
BMSZ01,OTSZ02,1,0.05500746024351563,0.009217622244986623,1.0642250824885022
BMSZ01,OTSZ03,8,0.9143421118413508,0.0,8.91434211184135
BMSZ01,OTSZ04,2,0.20152219655312414,0.0,2.201522196553124
BMSZ01,PGSZ02,2,0.6398742497453859,0.0,2.639874249745386
BMSZ01,PGSZ03,2,0.39375925484400665,0.0,2.3937592548440065
BMSZ01,PGSZ04,4,0.828882876195265,0.0,4.828882876195265
BMSZ01,PGSZ05,4,0.5852478596136251,0.0,4.5852478596136255
BMSZ01,PRSZ05,1,0.5023430012082002,0.0,1.5023430012082002
BMSZ01,QTSZ02,1,0.26908500515327216,0.0,1.269085005153272
BMSZ01,QTSZ03,1,0.38930947172074043,0.0,1.3893094717207404
BMSZ01,QTSZ06,1,0.32478157501184224,0.1528087214944309,1.4775902965062733
BMSZ01,QTSZ08,2,0.6489536517527618,0.0,2.6489536517527617
BMSZ01,QTSZ10,1,0.3859879331050807,0.0,1.3859879331050808
BMSZ01,QTSZ11,1,0.4069369437021356,0.0,1.4069369437021355
BMSZ01,QTSZ13,3,0.5621556423516705,0.0,3.5621556423516703
BMSZ01,QTSZ14,7,0.8956408674131499,0.21849149525534384,8.114132362668494
BMSZ01,SBSZ04,1,0.26294501417449084,0.0,1.262945014174491
BMSZ01,SESZ02,3,0.6801187335140463,0.0,3.680118733514046
BMSZ01,SESZ03,3,0.9385255890431332,0.0,3.938525589043133
BMSZ01,SESZ04,2,0.7666548251306414,0.0,2.7666548251306415
BMSZ01,SESZ06,4,0.8430152338420727,0.0,4.843015233842072
BMSZ01,SGSZ01,1,0.30597789859115404,0.0,1.305977898591154
BMSZ01,SGSZ03,1,0.4234307435945217,0.0,1.4234307435945217
BMSZ01,SGSZ04,1,0.4450380565680632,0.0,1.4450380565680632
BMSZ01,SGSZ06,3,0.7331113089483916,0.0,3.7331113089483914
BMSZ01,TMSZ02,1,0.427028792572273,0.0,1.427028792572273
BMSZ01,TMSZ03,1,0.5609234080253467,0.0,1.5609234080253467
BMSZ01,TMSZ04,5,0.950314401070927,0.0,5.950314401070927
BMSZ01,TMSZ05,1,0.4740957848876917,0.0,1.4740957848876917
BMSZ01,TPSZ03,1,0.19027550640275886,0.0,1.1902755064027588
BMSZ01,TPSZ09,2,0.3365983064923486,0.0,2.336598306492349
BMSZ01,TPSZ11,1,0.40368170774443124,0.0,1.4036817077444312
BMSZ01,TSSZ05,1,0.6921399805599584,0.0,1.6921399805599584
BMSZ01,WDSZ02,1,0.43498001315566276,0.0,1.4349800131556627
BMSZ01,WDSZ05,1,0.3039515304083894,0.0,1.3039515304083893
BMSZ01,YSSZ02,1,0.2897002947572655,0.0,1.2897002947572656
BMSZ01,YSSZ04,1,0.37474971507571353,0.0,1.3747497150757135
BMSZ01,YSSZ05,2,0.17709083367261325,0.0,2.1770908336726134
BMSZ01,YSSZ08,1,0.1297896661558116,0.0,1.1297896661558116
BMSZ01,YSSZ09,2,0.6691635988866623,0.0,2.669163598886662
BMSZ02,AMSZ01,1,0.2952800223991747,0.0,1.2952800223991747
BMSZ02,BDSZ04,2,0.6459017096834296,0.0,2.6459017096834296
BMSZ02,BDSZ05,1,0.3280356816077681,0.0,1.328035681607768
BMSZ02,BKSZ02,1,0.16316042406272724,0.0,1.1631604240627271
BMSZ02,BKSZ05,2,0.6476748847286027,0.0,2.6476748847286027
BMSZ02,BKSZ07,1,0.3376435254292132,0.0,1.3376435254292132
BMSZ02,BKSZ08,1,0.05711808623684864,0.0,1.0571180862368486
BMSZ02,BKSZ09,1,0.26234297891269176,0.0,1.2623429789126916
BMSZ02,BMSZ01,1,0.45278320743109957,0.12683851629818055,1.57962172372928
BMSZ02,BMSZ04,5,0.9502476629383364,2.764597609958589,8.714845272896925
BMSZ02,BMSZ06,2,0.6762922678319184,0.77474098420088,3.4510332520327984
BMSZ02,BMSZ07,5,1.207231797008447,0.9417201295967784,7.148951926605226
BMSZ02,BMSZ08,1,0.3136193153376374,0.6245101847378856,1.938129500075523
BMSZ02,BMSZ09,2,0.585880516136634,0.20022565703556064,2.786106173172195
BMSZ02,BMSZ10,1,0.41549244535505814,0.0,1.4154924453550581
BMSZ02,BMSZ11,2,0.8594442279063174,0.0,2.8594442279063172
BMSZ02,BMSZ14,3,0.9453693646849969,3.3203315023541764,7.265700867039174
BMSZ02,BMSZ15,1,0.5032327361227065,0.06735480224317707,1.5705875383658836
BMSZ02,BMSZ16,1,0.07319700182652483,0.05739322055388303,1.1305902223804078
BMSZ02,BPSZ02,1,0.1132720130088886,0.0,1.1132720130088887
BMSZ02,BPSZ03,1,0.17568703514365086,0.0,1.1756870351436508
BMSZ02,BPSZ05,1,0.2878000767507652,0.0,1.2878000767507651
BMSZ02,BSSZ01,1,0.41923225575908163,0.0,1.4192322557590815
BMSZ02,CKSZ06,1,0.27342657610401344,0.0,1.2734265761040136
BMSZ02,CLSZ05,1,0.21607209934027405,0.0,1.216072099340274
BMSZ02,CLSZ06,3,0.3629125621914009,0.0,3.3629125621914007
BMSZ02,DTSZ03,1,0.23206132097858265,0.0,1.2320613209785827
BMSZ02,GLSZ04,1,0.5219146740072839,0.0,1.521914674007284
BMSZ02,GLSZ05,1,0.34617716200512155,0.0,1.3461771620051215
BMSZ02,JWSZ03,1,0.30026371919368594,0.0,1.3002637191936859
BMSZ02,JWSZ04,1,0.32793714377082317,0.0,1.3279371437708232
BMSZ02,JWSZ08,1,0.488206512156783,0.0,1.4882065121567831
BMSZ02,JWSZ09,1,0.39962713326827726,0.0,1.3996271332682773
BMSZ02,KLSZ01,1,0.40263239480677293,0.0,1.402632394806773
BMSZ02,KLSZ02,1,0.14039114138178263,0.0,1.1403911413817827
BMSZ02,KLSZ06,1,0.32615413612663346,0.0,1.3261541361266334
BMSZ02,KLSZ07,2,0.3998242295079729,0.0,2.399824229507973
BMSZ02,KLSZ08,1,0.32960996817785804,0.0,1.329609968177858
BMSZ02,MUSZ01,2,0.2011427759384363,0.27445009415580673,2.4755928700942427
BMSZ02,MUSZ02,1,0.0,0.0,1.0
BMSZ02,MUSZ03,1,0.05829272282958629,0.0,1.0582927228295862
BMSZ02,NVSZ02,1,0.4154593042769791,0.0,1.415459304276979
BMSZ02,NVSZ03,1,0.10805393105133368,0.0,1.1080539310513338
BMSZ02,OTSZ01,1,0.06415130974867382,0.14776021925237556,1.2119115290010494
BMSZ02,OTSZ02,1,0.02362304610176027,0.07287029290901802,1.0964933390107783
BMSZ02,OTSZ03,1,0.4426858399804533,0.3147767171474693,1.7574625571279225
BMSZ02,PGSZ03,1,0.2749832493130819,0.0,1.274983249313082
BMSZ02,PGSZ04,5,0.5477491627699232,0.0,5.547749162769923
BMSZ02,PRSZ02,1,0.3291399483184948,0.0,1.329139948318495
BMSZ02,PRSZ03,1,0.34268601961118544,0.0,1.3426860196111854
BMSZ02,QTSZ01,2,0.6013797821911729,0.0,2.601379782191173
BMSZ02,QTSZ03,1,0.1500720528455364,0.041217044373304056,1.1912890972188404
BMSZ02,QTSZ04,1,0.08824506661835661,0.06729629250375414,1.1555413591221106
BMSZ02,QTSZ06,2,0.32174950618878057,1.2035368342524622,3.5252863404412427
BMSZ02,QTSZ08,3,0.4240054231452843,0.0,3.4240054231452843
BMSZ02,QTSZ10,1,0.2738648454819884,0.0,1.2738648454819885
BMSZ02,QTSZ11,1,0.2492388843660823,0.0,1.2492388843660822
BMSZ02,RCSZ10,1,0.16140780994249293,0.0,1.161407809942493
BMSZ02,SBSZ02,1,0.1310971744322131,0.0,1.1310971744322131
BMSZ02,SBSZ04,1,0.10659776694933018,0.0,1.10659776694933
BMSZ02,SESZ03,1,0.35536318805637096,0.0,1.355363188056371
BMSZ02,SESZ04,2,0.5506318707376824,0.0,2.5506318707376825
BMSZ02,SGSZ04,1,0.38956122756058104,0.0,1.389561227560581
BMSZ02,TMSZ03,1,0.4436983013567418,0.0,1.4436983013567417
BMSZ02,TMSZ04,1,0.30453827283222873,0.0,1.3045382728322288
BMSZ02,TPSZ02,1,0.32247083654524805,0.0,1.322470836545248
BMSZ02,WDSZ02,1,0.2913569842006474,0.0,1.2913569842006474
BMSZ02,WDSZ03,1,0.3543109051632652,0.0,1.3543109051632651
BMSZ02,WDSZ06,1,0.23345654165484833,0.0,1.2334565416548484
BMSZ02,YSSZ01,2,0.23005313074395792,0.0,2.2300531307439577
BMSZ02,YSSZ08,1,0.10228121884838719,0.0,1.1022812188483873
BMSZ02,YSSZ09,1,0.32350189087325654,0.0,1.3235018908732565
BMSZ03,BDSZ01,1,0.24899333778705846,0.0,1.2489933377870583
BMSZ03,BDSZ03,1,0.3084516854733154,0.0,1.3084516854733155
BMSZ03,BDSZ04,1,0.47429946321786587,0.0,1.4742994632178659
BMSZ03,BKSZ09,2,0.49604850537403516,0.0,2.496048505374035
BMSZ03,BMSZ02,1,0.38283152326039316,1.7147617209315469,3.0975932441919403
BMSZ03,BMSZ04,3,0.8019804062810452,2.4950122516738755,6.29699265795492
BMSZ03,BMSZ07,2,0.873372741752116,1.2858108680802083,4.159183609832324
BMSZ03,BMSZ08,1,0.3903082717499015,1.3259306381576537,2.7162389099075552
BMSZ03,BMSZ09,2,0.7761799776881919,0.2681162803689361,3.044296258057128
BMSZ03,BMSZ11,1,0.6161977327074714,2.0180892707527898,3.634287003460261
BMSZ03,BMSZ12,1,0.5288855950940816,0.4780765532185237,2.0069621483126054
BMSZ03,BMSZ14,1,0.3879807747820299,0.6126008680674734,2.0005816428495033
BMSZ03,BMSZ17,2,0.4752308357218771,1.1298495299270712,3.6050803656489485
BMSZ03,CHSZ03,1,0.7337368425663128,0.0,1.7337368425663127
BMSZ03,CKSZ03,1,0.4096426520381644,0.0,1.4096426520381644
BMSZ03,CLSZ04,1,0.3321609854510178,0.0,1.3321609854510177
BMSZ03,CLSZ06,2,0.4407750611436772,0.0,2.440775061143677
BMSZ03,DTSZ02,1,0.17630724722568641,0.0,1.1763072472256864
BMSZ03,DTSZ03,2,0.4692753378510889,0.0,2.469275337851089
BMSZ03,DTSZ05,7,0.4644637968499074,0.0,7.464463796849907
BMSZ03,DTSZ08,3,0.12247960841345512,0.0,3.122479608413455
BMSZ03,DTSZ11,2,0.23042716230361085,0.0,2.2304271623036107
BMSZ03,DTSZ12,1,0.20994144312180213,0.0,1.209941443121802
BMSZ03,GLSZ03,1,0.2978301806022093,0.0,1.2978301806022092
BMSZ03,GLSZ05,1,0.3928091738859315,0.0,1.3928091738859316
BMSZ03,HGSZ08,1,0.19625673191811258,0.0,1.1962567319181125
BMSZ03,JESZ05,3,0.5652476243080511,0.0,3.565247624308051
BMSZ03,JWSZ04,1,0.43441771283689257,0.0,1.4344177128368925
BMSZ03,JWSZ09,1,0.4882273026745208,0.0,1.4882273026745207
BMSZ03,KLSZ06,1,0.35097101525904745,0.0,1.3509710152590475
BMSZ03,KLSZ08,2,0.32304159307267744,0.0,2.3230415930726775
BMSZ03,MUSZ01,1,0.09820735219036159,0.7854523719520623,1.883659724142424
BMSZ03,ORSZ02,3,0.6097209213889873,0.51015808704282,4.119879008431807
BMSZ03,OTSZ03,3,0.36263836000683247,2.071049715627664,5.433688075634496
BMSZ03,PNSZ01,1,0.14795164180244874,0.0,1.1479516418024487
BMSZ03,QTSZ02,1,0.13222194734392936,0.09718679868372436,1.2294087460276537
BMSZ03,QTSZ04,1,0.12268221206237352,0.12215260630895132,1.244834818371325
BMSZ03,QTSZ05,2,1.3554879460975178,0.8108431400949988,4.166331086192517
BMSZ03,QTSZ06,1,0.38964086523585884,1.8626037226655316,3.252244587901391
BMSZ03,QTSZ08,2,0.6281859808188646,0.41168377002527945,3.039869750844144
BMSZ03,QTSZ10,4,0.6130390352827894,0.0,4.61303903528279
BMSZ03,QTSZ11,1,0.15834638268499276,0.0,1.1583463826849927
BMSZ03,QTSZ12,2,0.2603177140454449,0.0,2.2603177140454447
BMSZ03,SBSZ01,1,0.24564234952065206,0.0,1.2456423495206521
BMSZ03,TMSZ01,1,0.4713876375841145,0.0,1.4713876375841144
BMSZ03,TNSZ03,1,0.03271472839006786,0.0,1.032714728390068
BMSZ03,TPSZ02,1,0.34817235210366027,0.0,1.3481723521036604
BMSZ03,TPSZ04,1,0.10857835988995834,0.0,1.1085783598899583
BMSZ03,WCSZ01,1,0.2679317261104027,0.0,1.2679317261104028
BMSZ03,WDSZ07,1,0.10439245834432753,0.0,1.1043924583443276
BMSZ03,YSSZ02,1,0.14396770667932887,0.0,1.1439677066793288
BMSZ04,AMSZ01,1,0.30660757274858114,0.0,1.306607572748581
BMSZ04,AMSZ12,1,0.1266891125406819,0.0,1.126689112540682
BMSZ04,BDSZ03,1,0.39761555718305075,0.0,1.3976155571830509
BMSZ04,BKSZ06,1,0.13568413145142014,0.0,1.13568413145142
BMSZ04,BKSZ07,1,0.3250775541117288,0.0,1.3250775541117288
BMSZ04,BLSZ03,1,0.23535807716595986,0.0,1.2353580771659598
BMSZ04,BMSZ01,1,0.4190122568163875,0.13076026696796944,1.549772523784357
BMSZ04,BMSZ02,4,1.1086026093600916,3.3466099114601353,8.455212520820227
BMSZ04,BMSZ03,6,0.8779946437263149,3.448996189451002,10.326990833177318
BMSZ04,BMSZ04,2,0.3540079117828464,7.98187797854376,10.335885890326606
BMSZ04,BMSZ05,4,0.5880682975147503,1.087728547352491,5.675796844867241
BMSZ04,BMSZ06,3,1.0861068514741141,1.4147817114695607,5.5008885629436755
BMSZ04,BMSZ07,4,1.580113225821925,0.7269214247007116,6.307034650522637
BMSZ04,BMSZ08,9,0.5696137341373064,3.9559491362838974,13.525562870421204
BMSZ04,BMSZ09,2,0.32550573372907593,0.205507113373339,2.531012847102415
BMSZ04,BMSZ10,5,1.836828906067298,4.93591174733303,11.772740653400328
BMSZ04,BMSZ12,1,0.2709483195232316,0.2241980700017371,1.4951463895249688
BMSZ04,BMSZ13,1,0.35521749903146516,0.08930333615823273,1.4445208351896979
BMSZ04,BMSZ14,2,0.4715925492420392,0.785187621066483,3.256780170308522
BMSZ04,BMSZ15,3,0.7139100344864989,0.2108006474283297,3.9247106819148287
BMSZ04,BMSZ17,2,0.4277522475626026,0.9531804137452876,3.3809326613078903
BMSZ04,BPSZ04,1,0.2255513058622793,0.0,1.2255513058622793
BMSZ04,BPSZ05,1,0.29308441727851253,0.0,1.2930844172785125
BMSZ04,BSSZ01,1,0.5025599002824238,0.0,1.502559900282424
BMSZ04,BSSZ03,1,0.37514205020716973,0.0,1.3751420502071698
BMSZ04,BTSZ01,2,0.48501118707585517,0.0,2.4850111870758553
BMSZ04,BTSZ06,1,0.11520966925073332,0.0,1.1152096692507334
BMSZ04,CKSZ03,3,0.657414283789427,0.0,3.657414283789427
BMSZ04,CKSZ06,1,0.31476376953797836,0.0,1.3147637695379784
BMSZ04,CLSZ01,1,0.15633772861384299,0.0,1.156337728613843
BMSZ04,CLSZ04,3,0.32236053959419775,0.0,3.3223605395941975
BMSZ04,CLSZ06,1,0.19325887754792062,0.0,1.1932588775479207
BMSZ04,DTSZ01,2,0.27919438836120436,0.0,2.2791943883612045
BMSZ04,DTSZ02,4,0.5917584362869387,0.8758191207684475,5.467577557055386
BMSZ04,DTSZ03,2,0.4543611267077693,0.0,2.454361126707769
BMSZ04,DTSZ05,6,0.3669278927762424,2.196569709849051,8.563497602625294
BMSZ04,DTSZ08,4,0.4747821439514986,2.8993179464314416,7.374100090382941
BMSZ04,DTSZ11,2,0.2706479308502001,0.9045977815195453,3.1752457123697453
BMSZ04,DTSZ12,1,0.17322350575205972,0.0,1.1732235057520597
BMSZ04,GLSZ03,1,0.312288341805121,0.0,1.312288341805121
BMSZ04,HGSZ05,1,0.4065873569319496,0.0,1.4065873569319496
BMSZ04,HGSZ06,2,0.8012885260840896,0.0,2.8012885260840896
BMSZ04,JESZ05,4,0.6862680413279147,0.0,4.6862680413279145
BMSZ04,JESZ08,1,0.10971649257977877,0.0,1.1097164925797787
BMSZ04,JWSZ03,1,0.32481711119695117,0.0,1.3248171111969511
BMSZ04,JWSZ04,1,0.36608432077804115,0.0,1.366084320778041
BMSZ04,JWSZ08,1,0.5592294474360461,0.0,1.5592294474360462
BMSZ04,JWSZ09,2,0.6053915905695845,0.0,2.6053915905695844
BMSZ04,KLSZ03,2,0.06325377706307705,0.0,2.063253777063077
BMSZ04,KLSZ07,1,0.35010872699108664,0.0,1.3501087269910865
BMSZ04,KLSZ08,2,0.4409640316247049,0.0,2.4409640316247048
BMSZ04,MUSZ01,1,0.12614551748001313,0.11437243767392352,1.2405179551539367
BMSZ04,NVSZ01,2,1.1274469665577633,0.0,3.1274469665577636
BMSZ04,NVSZ02,2,0.8347930679088919,0.0,2.8347930679088917
BMSZ04,ORSZ02,3,0.5253790950117968,0.2626925400886773,3.788071635100474
BMSZ04,OTSZ01,1,0.05222402419608986,0.35027880649185644,1.4025028306879463
BMSZ04,OTSZ02,1,0.03278357239039425,0.16022236574482443,1.1930059381352187
BMSZ04,OTSZ03,9,0.8630562542357978,3.8506035013820896,13.713659755617886
BMSZ04,PGSZ02,1,0.20917528906121874,0.0,1.2091752890612186
BMSZ04,PGSZ03,1,0.3146649138949182,0.0,1.3146649138949182
BMSZ04,PGSZ04,1,0.5526993906454697,0.0,1.5526993906454698
BMSZ04,PRSZ03,2,0.6834925018592171,0.0,2.683492501859217
BMSZ04,PRSZ08,1,0.16260595736776162,0.0,1.1626059573677616
BMSZ04,QTSZ01,2,0.29414835667015005,0.0,2.29414835667015
BMSZ04,QTSZ04,1,0.10093682581481575,0.0,1.1009368258148158
BMSZ04,QTSZ06,2,0.33553810654021954,1.17066359810378,3.5062017046439995
BMSZ04,QTSZ08,2,0.5756352997558641,0.0,2.5756352997558642
BMSZ04,QTSZ09,1,0.04534226563029919,0.0,1.045342265630299
BMSZ04,QTSZ10,2,0.3365547206862113,0.0,2.336554720686211
BMSZ04,QTSZ11,4,0.5832339367391,0.0,4.5832339367391
BMSZ04,QTSZ12,1,0.2172702145065685,0.0,1.2172702145065686
BMSZ04,QTSZ13,1,0.23799037404427034,0.0,1.2379903740442704
BMSZ04,QTSZ14,1,0.2942329496980408,0.0,1.2942329496980407
BMSZ04,RCSZ01,1,0.1580341779786617,0.0,1.1580341779786618
BMSZ04,RCSZ09,1,0.13070240332916852,0.07406059505763186,1.2047629983868005
BMSZ04,RCSZ10,3,0.23450917081967582,0.14980532829873247,3.384314499118408
BMSZ04,RVSZ05,1,0.21592458266227288,0.0,1.2159245826622729
BMSZ04,SESZ03,1,0.3880451325970131,0.0,1.3880451325970131
BMSZ04,SESZ05,1,0.21193001616101495,0.0,1.211930016161015
BMSZ04,SGSZ03,1,0.31843603608870186,0.0,1.318436036088702
BMSZ04,SGSZ04,1,0.4109847943311363,0.0,1.4109847943311364
BMSZ04,SGSZ06,1,0.2833923094907807,0.0,1.2833923094907806
BMSZ04,SISZ01,1,0.4381271615445419,0.0,1.438127161544542
BMSZ04,SRSZ01,1,0.3353047016479588,0.17002980175375398,1.5053345034017127
BMSZ04,SRSZ02,1,0.08017460271805754,0.3217760792648586,1.4019506819829162
BMSZ04,TMSZ03,2,0.7638095578585228,0.0,2.7638095578585227
BMSZ04,TMSZ05,1,0.2729589276196894,0.0,1.2729589276196893
BMSZ04,TNSZ03,1,0.04221398901527528,0.0,1.0422139890152753
BMSZ04,TNSZ04,1,0.2672735664975476,0.0,1.2672735664975476
BMSZ04,TPSZ02,1,0.34999379726775903,0.0,1.349993797267759
BMSZ04,TPSZ11,1,0.21829431850066902,0.0,1.218294318500669
BMSZ04,WCSZ01,1,0.24698345559159957,0.0,1.2469834555915995
BMSZ04,YSSZ09,1,0.3376639539861528,0.0,1.3376639539861528
BMSZ05,AMSZ01,1,0.36392589947689435,0.0,1.3639258994768944
BMSZ05,AMSZ03,1,0.23878496159535142,0.0,1.2387849615953515
BMSZ05,BDSZ01,3,0.6372835773564582,0.0,3.6372835773564582
BMSZ05,BDSZ02,1,0.592096837336074,0.0,1.592096837336074
BMSZ05,BDSZ04,5,1.028545732295106,0.0,6.028545732295106
BMSZ05,BKSZ05,1,0.5483977464185951,0.0,1.548397746418595
BMSZ05,BKSZ07,1,0.35394863171240587,0.0,1.3539486317124059
BMSZ05,BKSZ09,1,0.27580291325866224,0.0,1.2758029132586621
BMSZ05,BMSZ01,4,1.2445100107055154,1.1518755285928164,6.396385539298332
BMSZ05,BMSZ02,1,0.33531640472991014,0.3117217230899586,1.6470381278198687
BMSZ05,BMSZ04,4,0.8796951623896354,2.4243497581549973,7.304044920544634
BMSZ05,BMSZ05,1,0.8545501313617418,15.011438889703772,16.865989021065513
BMSZ05,BMSZ06,1,0.3071490647032362,0.2384902188629568,1.545639283566193
BMSZ05,BMSZ08,1,0.3463551907191869,0.36197842727068147,1.7083336179898683
BMSZ05,BMSZ09,1,0.29674090388891333,0.10269044535651793,1.399431349245431
BMSZ05,BMSZ13,1,0.4175114233386205,0.05960120048899268,1.4771126238276133
BMSZ05,BMSZ14,1,0.3639500646584299,0.2324117648252666,1.5963618294836965
BMSZ05,BMSZ16,1,0.18863751051501734,0.20070239902646608,1.3893399095414833
BMSZ05,BPSZ02,1,0.16708904834534505,0.0,1.167089048345345
BMSZ05,BPSZ05,2,0.4550733084671916,0.0,2.4550733084671914
BMSZ05,BSSZ03,1,0.41283972644200034,0.0,1.4128397264420003
BMSZ05,BTSZ01,1,0.36215592085391823,0.0,1.3621559208539182
BMSZ05,BTSZ04,1,0.523386178180785,0.0,1.5233861781807851
BMSZ05,CKSZ01,2,0.4568552457350509,0.0,2.456855245735051
BMSZ05,CKSZ03,2,0.5631846497921705,0.0,2.5631846497921704
BMSZ05,CKSZ04,1,0.21094648194381316,0.0,1.2109464819438132
BMSZ05,CKSZ05,1,0.23141719683335732,0.0,1.2314171968333574
BMSZ05,CLSZ04,1,0.25489681737095465,0.0,1.2548968173709547
BMSZ05,CLSZ06,1,0.23022363369719995,0.0,1.2302236336972
BMSZ05,DTSZ01,2,0.3372275169914213,0.3678905988718133,2.7051181158632343
BMSZ05,DTSZ03,1,0.33587800012141106,0.09994194472446677,1.4358199448458777
BMSZ05,GLSZ02,1,0.2165121418869503,0.0,1.2165121418869502
BMSZ05,GLSZ05,3,0.9912194152919163,0.0,3.9912194152919165
BMSZ05,HGSZ03,3,0.38838713969341165,0.0,3.3883871396934118
BMSZ05,HGSZ04,2,0.4722526553178222,0.0,2.4722526553178223
BMSZ05,HGSZ05,1,0.4758435795044413,0.0,1.4758435795044413
BMSZ05,HGSZ06,2,0.9441528787744686,0.0,2.9441528787744686
BMSZ05,HGSZ08,2,0.38668736562876815,0.0,2.3866873656287684
BMSZ05,JESZ05,5,0.5919180214420536,0.0,5.591918021442053
BMSZ05,JWSZ03,1,0.4574918442213716,0.0,1.4574918442213716
BMSZ05,JWSZ08,1,0.6231197658903506,0.0,1.6231197658903507
BMSZ05,KLSZ01,3,0.7594152098318833,0.0,3.759415209831883
BMSZ05,KLSZ03,1,0.0804084519849214,0.0,1.0804084519849213
BMSZ05,KLSZ05,1,0.22222319588260744,0.0,1.2222231958826075
BMSZ05,KLSZ06,2,0.5032546494001184,0.0,2.5032546494001187
BMSZ05,KLSZ07,1,0.39997075116745384,0.0,1.3999707511674537
BMSZ05,KLSZ09,1,0.08473976187591555,0.0,1.0847397618759156
BMSZ05,MPSZ01,1,0.20595480488288634,0.0,1.2059548048828863
BMSZ05,MPSZ02,1,0.35508094925615036,0.0,1.3550809492561504
BMSZ05,MPSZ03,1,0.4625643026112077,0.0,1.4625643026112076
BMSZ05,MUSZ01,3,0.1708793501425931,0.6660541319429774,3.8369334820855703
BMSZ05,NTSZ03,1,0.11635639855875882,0.0,1.1163563985587588
BMSZ05,NVSZ01,1,0.9586958238922925,0.0,1.9586958238922925
BMSZ05,OTSZ01,1,0.06438971319912361,0.4299459149681977,1.4943356281673212
BMSZ05,OTSZ02,1,0.04317563630788871,0.09764059871261335,1.1408162350205022
BMSZ05,OTSZ03,6,0.7467934165491065,4.229298104213132,10.976091520762239
BMSZ05,OTSZ04,2,0.2522577079696101,1.0130437652664086,3.265301473236019
BMSZ05,PGSZ02,2,0.40995524193801736,0.0,2.4099552419380172
BMSZ05,PGSZ03,1,0.3707675508035785,0.0,1.3707675508035786
BMSZ05,PGSZ04,3,0.888162214903134,0.0,3.888162214903134
BMSZ05,PRSZ02,1,0.5516793321916807,0.0,1.5516793321916809
BMSZ05,PRSZ03,1,0.525242480748727,0.0,1.525242480748727
BMSZ05,PRSZ05,1,0.7565916935552934,0.0,1.7565916935552934
BMSZ05,PRSZ08,1,0.22958447445076513,0.0,1.2295844744507651
BMSZ05,QTSZ02,1,0.17424808063548666,0.0,1.1742480806354867
BMSZ05,QTSZ05,2,0.5676646372516584,0.0,2.5676646372516583
BMSZ05,QTSZ10,1,0.31883953983031627,0.0,1.3188395398303163
BMSZ05,RCSZ05,1,0.10886352861321834,0.0,1.1088635286132182
BMSZ05,RCSZ10,2,0.22205819554701386,0.0,2.222058195547014
BMSZ05,RVSZ04,1,0.0,0.0,1.0
BMSZ05,SBSZ01,2,0.38907767282091027,0.0,2.3890776728209104
BMSZ05,SBSZ03,1,0.3481671976364156,0.0,1.3481671976364156
BMSZ05,SBSZ04,2,0.08594378615309957,0.0,2.0859437861530994
BMSZ05,SESZ03,2,0.7692919183647978,0.0,2.769291918364798
BMSZ05,SESZ04,3,1.038696831082027,0.0,4.038696831082027
BMSZ05,SGSZ06,3,0.5603109435500593,0.0,3.5603109435500593
BMSZ05,TMSZ01,2,0.526904759367068,0.0,2.526904759367068
BMSZ05,TMSZ02,5,1.2646658467432115,0.0,6.2646658467432115
BMSZ05,TMSZ04,2,0.6762533315439138,0.0,2.6762533315439136
BMSZ05,TPSZ02,1,0.41054192193912975,0.0,1.4105419219391298
BMSZ05,TPSZ04,1,0.11000531636713134,0.0,1.1100053163671313
BMSZ05,TPSZ12,1,0.17798164828469307,0.0,1.177981648284693
BMSZ05,WDSZ02,2,0.3885666904480468,0.0,2.3885666904480467
BMSZ05,WDSZ03,1,0.45575931403569725,0.0,1.4557593140356972
BMSZ05,WDSZ06,1,0.19589408880718717,0.0,1.1958940888071872
BMSZ05,WDSZ09,1,0.09364230444542938,0.0,1.0936423044454293
BMSZ05,YSSZ04,1,0.3401021185712146,0.0,1.3401021185712145
BMSZ05,YSSZ05,1,0.18047150636613862,0.0,1.1804715063661386
BMSZ05,YSSZ06,1,0.0759450106069782,0.0,1.0759450106069781
BMSZ06,BKSZ03,1,0.07886132753648654,0.0,1.0788613275364864
BMSZ06,BMSZ04,1,0.10879226760727888,0.5107756292469503,1.619567896854229
BMSZ06,BMSZ13,2,0.057049480484221524,0.1967470653594495,2.253796545843671
BMSZ06,DTSZ03,1,0.07477052996915008,0.0,1.0747705299691501
BMSZ06,HGSZ07,1,0.1562266848832681,0.0,1.156226684883268
BMSZ06,NVSZ02,1,0.1509067179269854,0.0,1.1509067179269854
BMSZ06,OTSZ03,1,0.06973889942395593,0.2924429373269401,1.362181836750896
BMSZ06,QTSZ01,1,0.21654049753919768,0.0,1.2165404975391976
BMSZ06,YSSZ09,1,0.08711359462922853,0.0,1.0871135946292285
BMSZ07,AMSZ04,1,0.11256976183675538,0.0,1.1125697618367554
BMSZ07,BKSZ05,1,0.8716300611333266,0.0,1.8716300611333265
BMSZ07,BKSZ07,4,0.828350949665272,0.0,4.828350949665272
BMSZ07,BKSZ08,1,0.11562140733092312,0.0,1.1156214073309232
BMSZ07,BLSZ02,1,0.12487082625390704,0.0,1.124870826253907
BMSZ07,BMSZ02,4,1.0311905545353197,0.6980416690878639,5.729232223623184
BMSZ07,BMSZ03,3,1.827952915572463,1.5752551119200133,6.403208027492476
BMSZ07,BMSZ04,6,0.8656499306431905,0.9168668539218696,7.78251678456506
BMSZ07,BMSZ07,1,4.249291280543554,17.165665647559237,22.41495692810279
BMSZ07,BMSZ08,3,1.2366201586706873,0.6792899718716587,4.915910130542346
BMSZ07,BMSZ09,1,0.37600823639361813,0.024455634786934327,1.4004638711805524
BMSZ07,BMSZ13,2,1.8433679682945543,0.09991137625435195,3.9432793445489063
BMSZ07,BMSZ16,1,0.17036218370218087,0.023503635946909487,1.1938658196490903
BMSZ07,BPSZ01,1,0.3515776314939635,0.0,1.3515776314939636
BMSZ07,BPSZ03,1,0.33977597268585585,0.0,1.3397759726858558
BMSZ07,BPSZ04,1,0.4443312313753557,0.0,1.4443312313753558
BMSZ07,BSSZ01,1,0.8624068900024208,0.0,1.8624068900024207
BMSZ07,BSSZ02,1,0.6059272301869497,0.0,1.6059272301869498
BMSZ07,BTSZ01,1,0.5691729402914224,0.0,1.5691729402914225
BMSZ07,CHSZ03,1,1.1260433255195252,0.0,2.1260433255195252
BMSZ07,CKSZ01,2,0.4221337649002355,0.0,2.4221337649002357
BMSZ07,CKSZ03,1,0.48674251930355966,0.0,1.4867425193035597
BMSZ07,CKSZ06,1,0.4923275701089108,0.0,1.4923275701089107
BMSZ07,CLSZ04,2,0.5521928676779302,0.0,2.55219286767793
BMSZ07,CLSZ05,1,0.43967911809816884,0.0,1.439679118098169
BMSZ07,CLSZ06,2,0.5991317272603058,0.0,2.599131727260306
BMSZ07,DTSZ01,1,0.5326500061186471,0.0,1.5326500061186472
BMSZ07,DTSZ04,1,0.24735180084046637,0.0,1.2473518008404665
BMSZ07,DTSZ05,3,1.5954819562530425,0.0,4.5954819562530425
BMSZ07,DTSZ08,2,0.5770680761989191,0.0,2.577068076198919
BMSZ07,GLSZ02,1,0.29210910189855455,0.0,1.2921091018985544
BMSZ07,GLSZ03,1,0.5887218834765331,0.0,1.588721883476533
BMSZ07,JESZ05,2,1.0733182392365215,0.0,3.0733182392365217
BMSZ07,JWSZ08,1,0.9981632370758124,0.0,1.9981632370758124
BMSZ07,KLSZ06,1,0.5614535328431431,0.0,1.5614535328431431
BMSZ07,KLSZ08,2,0.7231009658838559,0.0,2.723100965883856
BMSZ07,MPSZ03,1,0.6899699263250977,0.0,1.6899699263250976
BMSZ07,MUSZ01,1,0.2556343219093034,0.0,1.2556343219093034
BMSZ07,NVSZ01,1,1.5039154253222873,0.0,2.5039154253222873
BMSZ07,ORSZ02,2,0.7686095346928701,0.11457579921360936,2.8831853339064795
BMSZ07,ORSZ03,1,0.37377465080891636,0.0,1.3737746508089164
BMSZ07,OTSZ03,1,0.8207617829012196,0.0,1.8207617829012195
BMSZ07,OTSZ04,1,0.2377735655134848,0.0,1.2377735655134847
BMSZ07,PGSZ02,1,0.38358415593290934,0.0,1.3835841559329094
BMSZ07,PGSZ04,1,0.8650812654661749,0.0,1.8650812654661748
BMSZ07,QTSZ02,1,0.6218713863015033,0.03966545938965645,1.6615368456911597
BMSZ07,QTSZ04,1,0.23653399222698082,0.049195825458762936,1.285729817685744
BMSZ07,QTSZ05,2,2.2454861686146175,0.34462194605668167,4.590108114671299
BMSZ07,QTSZ08,1,0.8950215617036094,0.09395745255577241,1.9889790142593817
BMSZ07,QTSZ10,1,0.6115067747521337,0.0,1.6115067747521337
BMSZ07,QTSZ11,3,0.7462131369293132,0.0,3.7462131369293132
BMSZ07,QTSZ12,1,0.4418185364076404,0.0,1.4418185364076403
BMSZ07,QTSZ14,2,0.7997915079986896,0.13596340724870215,2.935754915247392
BMSZ07,SBSZ05,1,0.03720899005080281,0.0,1.0372089900508028
BMSZ07,SESZ02,1,0.4662739336719513,0.0,1.4662739336719512
BMSZ07,SESZ03,1,0.5570947363513281,0.0,1.5570947363513281
BMSZ07,SESZ04,2,1.039854153962642,0.0,3.039854153962642
BMSZ07,SRSZ01,1,0.4887696190288019,0.03826681846366309,1.5270364374924652
BMSZ07,TMSZ02,1,0.6857107217468948,0.0,1.685710721746895
BMSZ07,TMSZ04,1,0.5067274808655965,0.0,1.5067274808655964
BMSZ07,TPSZ01,1,0.2990284441206085,0.0,1.2990284441206086
BMSZ07,TPSZ06,1,0.5282152454831833,0.0,1.5282152454831834
BMSZ07,TPSZ12,1,0.30509142528576033,0.0,1.3050914252857604
BMSZ07,WCSZ01,1,0.43843234884170534,0.0,1.4384323488417055
BMSZ07,WDSZ02,1,0.5931795161331539,0.0,1.593179516133154
BMSZ07,WDSZ03,1,0.6184785369578101,0.0,1.61847853695781
BMSZ07,WDSZ04,2,0.6317709180980128,0.0,2.6317709180980127
BMSZ07,WDSZ05,2,0.533585804078902,0.0,2.533585804078902
BMSZ07,WDSZ06,1,0.3478162553597125,0.0,1.3478162553597124
BMSZ07,YSSZ01,1,0.2910663528382637,0.0,1.2910663528382638
BMSZ08,AMSZ01,1,0.1972692535603604,0.0,1.1972692535603604
BMSZ08,AMSZ10,1,0.20846053345573942,0.0,1.2084605334557394
BMSZ08,BDSZ06,1,0.302357646189788,0.0,1.302357646189788
BMSZ08,BLSZ02,4,0.04573433397961612,0.0,4.045734333979616
BMSZ08,BMSZ01,1,0.2686191754403424,0.20791466129844094,1.4765338367387835
BMSZ08,BMSZ02,1,0.21148856125653287,0.7241172755423959,1.9356058367989288
BMSZ08,BMSZ03,3,0.6976784827917671,3.0977271160838633,6.795405598875631
BMSZ08,BMSZ04,8,2.117312852103557,3.579711456068297,13.697024308171855
BMSZ08,BMSZ05,2,0.09780759300585103,0.21916915837282402,2.316976751378675
BMSZ08,BMSZ06,2,1.802942162805594,1.5122002764318185,5.3151424392374125
BMSZ08,BMSZ07,1,0.3067274934988797,0.26134200588771384,1.5680694993865936
BMSZ08,BMSZ08,6,0.3856296968244432,4.92851199999451,11.314141696818954
BMSZ08,BMSZ09,3,0.3455417257402101,0.2260914643692696,3.5716331901094795
BMSZ08,BMSZ10,2,0.3261821180046976,0.4810222068009795,2.807204324805677
BMSZ08,BMSZ12,1,0.1578914904396364,0.12400266874409539,1.2818941591837318
BMSZ08,BMSZ13,1,0.14976357727053072,0.07563189123365327,1.2253954685041841
BMSZ08,BMSZ14,3,0.3358571867450812,1.071464924226702,4.4073221109717835
BMSZ08,BMSZ15,2,0.4951347653572026,0.10817207237486123,2.603306837732064
BMSZ08,BSSZ03,1,0.18828320922298958,0.0,1.1882832092229896
BMSZ08,BTSZ01,1,0.19372036460705597,0.0,1.193720364607056
BMSZ08,BTSZ03,1,0.0841663885317203,0.0,1.0841663885317203
BMSZ08,BTSZ07,1,0.16141491961031643,0.0,1.1614149196103165
BMSZ08,CHSZ02,1,0.05309927747169096,0.0,1.053099277471691
BMSZ08,CHSZ03,2,0.8482287095851719,0.0,2.8482287095851717
BMSZ08,CKSZ03,3,0.4695975344060953,0.0,3.469597534406095
BMSZ08,CLSZ01,1,0.06978790380990182,0.0,1.0697879038099019
BMSZ08,CLSZ03,1,0.1772268488576137,0.0,1.1772268488576136
BMSZ08,CLSZ04,3,0.24797889127562253,0.0,3.2479788912756224
BMSZ08,CLSZ05,1,0.07534889867149827,0.0,1.0753488986714983
BMSZ08,DTSZ02,4,0.24708145500358572,0.5218731250186249,4.768954580022211
BMSZ08,DTSZ05,3,0.24135230624656628,0.6760354504099385,3.9173877566565047
BMSZ08,DTSZ08,3,0.08770453679429767,1.345843840884972,4.433548377679269
BMSZ08,GLSZ03,1,0.16757252643474024,0.0,1.1675725264347403
BMSZ08,GLSZ04,1,0.4708553925023622,0.0,1.4708553925023622
BMSZ08,GLSZ05,1,0.26666639768330064,0.0,1.2666663976833006
BMSZ08,HGSZ04,1,0.1385525773789333,0.0,1.1385525773789333
BMSZ08,HGSZ06,1,0.28051083028923246,0.0,1.2805108302892325
BMSZ08,HGSZ07,1,0.23139656657572374,0.0,1.2313965665757238
BMSZ08,JESZ05,3,0.33511727441378214,0.0,3.3351172744137823
BMSZ08,JWSZ01,1,0.023682703555191663,0.0,1.0236827035551916
BMSZ08,JWSZ08,1,0.27949301332707055,0.0,1.2794930133270705
BMSZ08,JWSZ09,1,0.2877600014136622,0.0,1.287760001413662
BMSZ08,KLSZ09,2,0.10256334140634596,0.0,2.102563341406346
BMSZ08,MPSZ03,1,0.2358097821066921,0.0,1.235809782106692
BMSZ08,NVSZ01,2,0.777427855229172,0.0,2.7774278552291722
BMSZ08,NVSZ02,1,0.3213073864933988,0.0,1.3213073864933988
BMSZ08,NVSZ04,1,0.11884019216368635,0.0,1.1188401921636864
BMSZ08,ORSZ01,1,0.03413362494031785,0.0,1.034133624940318
BMSZ08,ORSZ02,2,0.376101769563648,0.13791461626264245,2.5140163858262907
BMSZ08,ORSZ03,2,0.14650971587867834,0.2402756511087573,2.3867853669874353
BMSZ08,OTSZ02,1,0.0,0.03346127447109612,1.033461274471096
BMSZ08,OTSZ03,5,0.3570968074552738,1.8019669370004419,7.1590637444557155
BMSZ08,PNSZ01,1,0.08706224400962269,0.0,1.0870622440096227
BMSZ08,PRSZ08,1,0.10473782478177028,0.0,1.1047378247817703
BMSZ08,QTSZ03,1,0.11672859025772622,0.10305192366986853,1.2197805139275948
BMSZ08,QTSZ04,1,0.050650130886945366,0.044636595151735216,1.0952867260386805
BMSZ08,QTSZ06,2,0.2319103975254859,1.1028466912464499,3.3347570887719358
BMSZ08,QTSZ08,4,0.36594996168105337,0.0,4.3659499616810535
BMSZ08,QTSZ10,1,0.15443208772204914,0.0,1.154432087722049
BMSZ08,QTSZ11,4,0.27523373465406026,0.0,4.27523373465406
BMSZ08,QTSZ12,1,0.14652853762717719,0.0,1.1465285376271772
BMSZ08,QTSZ14,2,0.22475085688422491,0.15447401369469338,2.3792248705789185
BMSZ08,RCSZ09,1,0.04525642056958803,0.0,1.045256420569588
BMSZ08,SBSZ01,1,0.14478101175026134,0.0,1.1447810117502613
BMSZ08,SESZ03,1,0.27293218898790417,0.0,1.2729321889879042
BMSZ08,SESZ04,1,0.27021028384699086,0.0,1.2702102838469909
BMSZ08,SGSZ06,1,0.16726537371068673,0.0,1.1672653737106868
BMSZ08,SISZ01,1,0.1993501591792828,0.0,1.1993501591792828
BMSZ08,SRSZ02,1,0.03513940848682091,0.11955724673704159,1.1546966552238624
BMSZ08,TMSZ02,1,0.5636131495580406,0.0,1.5636131495580408
BMSZ08,TNSZ02,1,0.14546436781453623,0.10019192770666391,1.2456562955212
BMSZ08,TPSZ06,2,0.17104742257014596,0.0,2.171047422570146
BMSZ08,TSSZ05,1,0.21645396232940933,0.0,1.2164539623294093
BMSZ08,WDSZ01,1,0.05505962395903949,0.0,1.0550596239590395
BMSZ08,WDSZ02,1,0.14294938401476387,0.0,1.1429493840147638
BMSZ08,WDSZ04,1,0.2637052258135636,0.0,1.2637052258135637
BMSZ09,BDSZ03,1,0.2168415449858581,0.0,1.216841544985858
BMSZ09,BKSZ07,1,0.23659536110821108,0.0,1.236595361108211
BMSZ09,BMSZ01,1,0.2948517819315947,0.0667861114742892,1.361637893405884
BMSZ09,BMSZ02,2,0.24281271434475843,0.2229422695178252,2.4657549838625834
BMSZ09,BMSZ03,1,0.5686089908686729,0.3962160610022512,1.964825051870924
BMSZ09,BMSZ04,2,0.42656496665992233,0.8898168543856801,3.3163818210456024
BMSZ09,BMSZ07,1,0.2995263250256023,0.08044886271205302,1.3799751877376552
BMSZ09,BMSZ08,3,0.4530783016158196,0.7281497996940707,4.18122810130989
BMSZ09,BMSZ09,1,0.4621013503627108,4.31623502462009,5.778336374982801
BMSZ09,BMSZ12,2,0.36150730721337704,0.23690584264890305,2.5984131498622802
BMSZ09,BPSZ01,1,0.06735327466520047,0.0,1.0673532746652006
BMSZ09,BPSZ05,1,0.19423389070418495,0.0,1.194233890704185
BMSZ09,BTSZ01,1,0.21993432872056745,0.0,1.2199343287205675
BMSZ09,CHSZ03,1,0.43564646621486913,0.0,1.4356464662148691
BMSZ09,CLSZ03,1,0.2510975956474538,0.0,1.2510975956474537
BMSZ09,CLSZ07,1,0.11934980279136836,0.0,1.1193498027913684
BMSZ09,DTSZ01,1,0.1445438784848842,0.08750168011985289,1.2320455586047372
BMSZ09,DTSZ02,5,0.3572544260956285,0.5460074323151288,5.903261858410757
BMSZ09,DTSZ04,1,0.046721725207447835,0.0,1.0467217252074479
BMSZ09,DTSZ05,1,0.13918684287394328,0.19983271615075093,1.3390195590246943
BMSZ09,DTSZ11,4,0.1095572350773382,2.3128920936589887,6.422449328736327
BMSZ09,JESZ01,1,0.10180175057351945,0.0,1.1018017505735194
BMSZ09,JESZ05,1,0.2955238171591347,0.0,1.2955238171591348
BMSZ09,JWSZ09,1,0.2678217340166626,0.0,1.2678217340166626
BMSZ09,KLSZ06,1,0.2649691309617403,0.0,1.2649691309617404
BMSZ09,KLSZ07,1,0.19321880717419243,0.050473377102110605,1.2436921842763031
BMSZ09,KLSZ08,2,0.32795539413333785,0.0,2.3279553941333377
BMSZ09,MPSZ02,2,0.4282086688531371,0.0,2.428208668853137
BMSZ09,MUSZ01,3,0.09403594159288495,0.23707659349177757,3.3311125350846624
BMSZ09,NVSZ03,2,0.25236748507114753,0.0,2.2523674850711477
BMSZ09,ORSZ02,2,0.635805509669978,0.23218886912725392,2.8679943787972317
BMSZ09,OTSZ03,5,0.5757036039596937,1.064701223134427,6.6404048270941205
BMSZ09,OTSZ04,1,0.0317498829971387,0.17032023475474362,1.2020701177518824
BMSZ09,QTSZ03,1,0.11923921085136159,0.0,1.1192392108513616
BMSZ09,QTSZ08,3,0.5325913413769034,0.0,3.5325913413769037
BMSZ09,QTSZ10,1,0.17722614685485502,0.0,1.177226146854855
BMSZ09,QTSZ11,1,0.1297553602841868,0.0,1.1297553602841868
BMSZ09,QTSZ12,1,0.20246514381987507,0.0,1.202465143819875
BMSZ09,QTSZ14,2,0.3063315388252288,0.0,2.306331538825229
BMSZ09,SESZ03,1,0.3432126211227153,0.0,1.3432126211227153
BMSZ09,SESZ06,1,0.2921545906626939,0.0,1.292154590662694
BMSZ09,SRSZ02,1,0.034701625004406156,0.16109456732956556,1.1957961923339717
BMSZ09,TMSZ02,1,0.5973288597176377,0.0,1.5973288597176376
BMSZ09,TMSZ05,1,0.19444521575098372,0.0,1.1944452157509837
BMSZ09,TPSZ02,1,0.2115381660862414,0.0,1.2115381660862414
BMSZ09,TPSZ03,1,0.05537281555551575,0.0,1.0553728155555158
BMSZ09,TPSZ06,1,0.1479090978140703,0.0,1.1479090978140702
BMSZ09,WCSZ01,1,0.15779390837213925,0.0,1.1577939083721391
BMSZ09,WDSZ02,1,0.1348562518801286,0.0,1.1348562518801286
BMSZ09,YSSZ09,1,0.24654826925692477,0.0,1.2465482692569247
BMSZ10,AMSZ10,1,0.5059331117139311,0.0,1.5059331117139312
BMSZ10,BMSZ01,2,1.0198474367451191,0.19125441748730582,3.211101854232425
BMSZ10,BMSZ02,1,0.3648684198856786,0.28424836597797537,1.649116785863654
BMSZ10,BMSZ04,4,0.8283819902471368,4.3159275026230155,9.144309492870153
BMSZ10,BMSZ07,1,0.4965676956565712,0.11578499151501298,1.612352687171584
BMSZ10,BMSZ08,1,0.4383278553123604,0.47096081931774947,1.9092886746301099
BMSZ10,BMSZ10,2,0.6862968989830904,3.378696166096863,6.064993065079953
BMSZ10,BMSZ12,1,0.44084043553497865,0.0898524914771511,1.5306929270121297
BMSZ10,BMSZ15,1,0.5111853909903947,0.05474513051365054,1.5659305215040453
BMSZ10,CKSZ03,1,0.468480692169843,0.0,1.468480692169843
BMSZ10,CLSZ04,1,0.3607223303894828,0.0,1.3607223303894829
BMSZ10,DTSZ01,1,0.2779039830773313,0.09479575082808708,1.3726997339054183
BMSZ10,DTSZ02,2,0.38187553762966947,0.27443816582317626,2.656313703452846
BMSZ10,DTSZ03,1,0.36893970973724166,0.055038376576543334,1.423978086313785
BMSZ10,DTSZ05,4,0.6889387639502701,0.8457433409033901,5.53468210485366
BMSZ10,DTSZ08,2,0.27229674569035156,1.5966018382423541,3.8688985839327055
BMSZ10,DTSZ10,1,0.016701684504189723,0.0,1.0167016845041896
BMSZ10,DTSZ11,1,0.2898756367750543,0.2904666758568259,1.5803423126318803
BMSZ10,DTSZ12,1,0.13995129421759542,0.02817532838290536,1.1681266226005007
BMSZ10,GLSZ05,2,1.0702840125798943,0.0,3.0702840125798945
BMSZ10,HGSZ01,1,0.2796464539031383,0.0,1.2796464539031382
BMSZ10,JESZ05,1,0.5265055700554607,0.0,1.5265055700554608
BMSZ10,KLSZ01,1,0.5303549565240933,0.0,1.5303549565240933
BMSZ10,KLSZ07,1,0.3188907602455127,0.0,1.3188907602455127
BMSZ10,MUSZ01,1,0.1393890919281668,0.13691192375417946,1.2763010156823462
BMSZ10,MUSZ03,1,0.015763433526853655,0.08588125364004631,1.1016446871669001
BMSZ10,ORSZ02,1,0.34343310915377345,0.08042526385151309,1.4238583730052865
BMSZ10,OTSZ02,1,0.03473787568294726,0.08219250793498364,1.116930383617931
BMSZ10,OTSZ03,4,0.7836784314316043,1.583948946093041,6.367627377524645
BMSZ10,QTSZ05,1,0.48472902521760175,0.07536239441479123,1.560091419632393
BMSZ10,QTSZ07,1,0.0,0.0,1.0
BMSZ10,QTSZ08,1,0.5373060361614967,0.0,1.5373060361614967
BMSZ10,QTSZ14,3,0.5526823491224282,0.0,3.552682349122428
BMSZ10,RCSZ09,1,0.05234207145077274,0.029097878044005345,1.0814399494947782
BMSZ10,RCSZ10,1,0.16084817762596995,0.11717563347197836,1.2780238110979485
BMSZ10,SRSZ01,3,0.6956853177707167,0.36555997377861016,4.0612452915493265
BMSZ10,SRSZ02,2,0.034447805618548065,0.28699182991756367,2.3214396355361115
BMSZ10,TMSZ05,1,0.36134189076036777,0.0,1.3613418907603678
BMSZ10,TNSZ02,1,0.1903333238005844,0.06920972762543695,1.2595430514260213
BMSZ10,TPSZ05,1,0.044810849823388385,0.0,1.0448108498233883
BMSZ10,TSSZ02,1,0.11376846917514968,0.0,1.1137684691751497
BMSZ10,YSSZ02,1,0.17108537522883796,0.0,1.171085375228838
BMSZ11,AMSZ03,1,0.11377197706770992,0.0,1.11377197706771
BMSZ11,AMSZ08,1,0.06265949566416744,0.0,1.0626594956641675
BMSZ11,BMSZ01,1,0.39286261421572244,0.09562939481599125,1.4884920090317135
BMSZ11,BMSZ02,2,0.23282176169255228,0.6886767913406758,2.921498553033228
BMSZ11,BMSZ04,1,0.18186785414963136,1.1107338262580029,2.2926016804076346
BMSZ11,BMSZ07,1,0.33525310321274215,0.10170668585723407,1.4369597890699761
BMSZ11,BMSZ08,1,0.2418166130850488,0.44851596807094407,1.6903325811559928
BMSZ11,BMSZ11,1,0.17358435501315833,4.456498707835355,5.630083062848513
BMSZ11,BMSZ13,1,0.14498749669803096,0.05983381437371975,1.2048213110717507
BMSZ11,BMSZ14,1,0.13697291476179618,0.18280849436284752,1.3197814091246438
BMSZ11,BMSZ16,1,0.04764865101215172,0.1120718229099709,1.1597204739221225
BMSZ11,BPSZ01,1,0.07486181699297276,0.0,1.0748618169929727
BMSZ11,BSSZ01,1,0.423686475208308,0.0,1.423686475208308
BMSZ11,BTSZ01,1,0.2829302183867907,0.0,1.2829302183867908
BMSZ11,CHSZ02,1,0.012167945637751278,0.0,1.0121679456377513
BMSZ11,CKSZ03,1,0.27744458438324204,0.0,1.277444584383242
BMSZ11,CLSZ05,1,0.08109611324188164,0.0,1.0810961132418817
BMSZ11,CLSZ06,3,0.32314370819281996,0.0,3.32314370819282
BMSZ11,CLSZ09,1,0.045999910409664765,0.0,1.0459999104096647
BMSZ11,DTSZ01,1,0.15360851243770887,0.0,1.153608512437709
BMSZ11,DTSZ03,1,0.23400804787335763,0.0,1.2340080478733577
BMSZ11,DTSZ05,1,0.15239883866561732,0.22133117157385865,1.3737300102394758
BMSZ11,DTSZ06,1,0.01625694992296052,0.04302929730147796,1.0592862472244384
BMSZ11,GLSZ03,1,0.19412153239852228,0.0,1.1941215323985224
BMSZ11,GLSZ05,1,0.2930879793896854,0.0,1.2930879793896854
BMSZ11,KLSZ09,1,0.11649606872830363,0.0,1.1164960687283036
BMSZ11,NVSZ02,1,0.3296832567939608,0.0,1.329683256793961
BMSZ11,OTSZ01,1,0.02458567765876091,0.49635042562587894,1.5209361032846398
BMSZ11,OTSZ02,1,0.009623134876953553,0.02857399274619705,1.0381971276231505
BMSZ11,OTSZ03,3,0.4154078619075206,0.9539308196245481,4.369338681532069
BMSZ11,PLSZ01,1,0.09485897009389277,0.0,1.0948589700938927
BMSZ11,PLSZ04,1,0.016182400476826474,0.0,1.0161824004768265
BMSZ11,QTSZ01,1,0.18839613102745878,0.0,1.1883961310274587
BMSZ11,QTSZ08,1,0.25840165586991143,0.0,1.2584016558699114
BMSZ11,QTSZ11,2,0.28646770812046296,0.0,2.2864677081204627
BMSZ11,RCSZ01,1,0.08564116698314476,0.0,1.0856411669831447
BMSZ11,RCSZ10,1,0.11525106681763962,0.0,1.1152510668176396
BMSZ11,TNSZ04,1,0.19386069868935987,0.0,1.1938606986893598
BMSZ11,TSSZ05,1,0.14393441466579873,0.0,1.1439344146657988
BMSZ11,YSSZ02,1,0.09215031757432529,0.0,1.0921503175743252
BMSZ12,AMSZ01,1,0.2905714045196907,0.0,1.2905714045196908
BMSZ12,AMSZ02,1,0.2255647317205459,0.0,1.2255647317205458
BMSZ12,AMSZ04,1,0.028101274461126848,0.0,1.0281012744611269
BMSZ12,BDSZ06,2,0.5376868542794987,0.0,2.5376868542794986
BMSZ12,BKSZ05,1,0.3428855777713476,0.0,1.3428855777713475
BMSZ12,BKSZ07,2,0.44431318256275387,0.0,2.444313182562754
BMSZ12,BKSZ09,1,0.20136378189815682,0.0,1.2013637818981568
BMSZ12,BMSZ01,5,1.0183530339207385,0.32571469115596235,6.344067725076701
BMSZ12,BMSZ03,1,0.7128565198621213,0.3553814069336816,2.0682379267958027
BMSZ12,BMSZ04,1,0.22452549675202604,0.1573144485246865,1.3818399452767125
BMSZ12,BMSZ05,1,0.14170869066209107,0.04185413329282149,1.1835628239549125
BMSZ12,BMSZ06,1,0.5474179884063821,0.2943728839724358,1.841790872378818
BMSZ12,BMSZ08,1,0.20486618433773318,0.15366868251903468,1.3585348668567678
BMSZ12,BMSZ09,2,0.21402062116832002,0.05783955965762968,2.2718601808259495
BMSZ12,BMSZ13,2,1.0579573189895455,0.0,3.0579573189895455
BMSZ12,BMSZ14,1,0.32174924842011093,0.05754162735916402,1.379290875779275
BMSZ12,BMSZ16,1,0.07003907596863933,0.032974632881305165,1.1030137088499445
BMSZ12,BPSZ01,1,0.14387848359713235,0.0,1.1438784835971323
BMSZ12,BPSZ04,1,0.28213589536048495,0.0,1.282135895360485
BMSZ12,BPSZ05,2,0.40355740133051293,0.0,2.403557401330513
BMSZ12,BTSZ01,1,0.2584254644522994,0.0,1.2584254644522994
BMSZ12,BTSZ02,1,0.09999691076410809,0.0,1.099996910764108
BMSZ12,CKSZ01,1,0.4483863924033452,0.0,1.448386392403345
BMSZ12,CKSZ03,2,0.5538394271106636,0.0,2.5538394271106637
BMSZ12,DTSZ05,1,0.2379504049312092,0.0,1.2379504049312091
BMSZ12,DTSZ11,1,0.2313945804682351,0.0,1.2313945804682351
BMSZ12,HGSZ02,1,0.27850976946952116,0.0,1.278509769469521
BMSZ12,HGSZ04,1,0.2790674533375064,0.0,1.2790674533375064
BMSZ12,HGSZ05,1,0.5407920024511746,0.0,1.5407920024511745
BMSZ12,HGSZ08,1,0.1725149068226983,0.0,1.1725149068226983
BMSZ12,JESZ01,1,0.16065587768016518,0.0,1.1606558776801652
BMSZ12,JESZ02,1,0.10444599332706939,0.0,1.1044459933270694
BMSZ12,JESZ03,1,0.31695111852008634,0.0,1.3169511185200864
BMSZ12,JESZ05,2,0.5460181880152137,0.0,2.5460181880152137
BMSZ12,JWSZ04,1,0.3942002514978113,0.0,1.3942002514978113
BMSZ12,JWSZ08,2,0.6102155746296758,0.0,2.6102155746296756
BMSZ12,JWSZ09,1,0.4037859368574697,0.0,1.4037859368574697
BMSZ12,KLSZ01,1,0.28509582360419217,0.0,1.285095823604192
BMSZ12,KLSZ02,1,0.1135725796306203,0.0,1.1135725796306204
BMSZ12,MPSZ02,1,0.28399174165464286,0.0,1.283991741654643
BMSZ12,ORSZ02,1,0.21688235213851,0.0,1.21688235213851
BMSZ12,OTSZ01,1,0.04199649967816382,0.06126344893150768,1.1032599486096715
BMSZ12,OTSZ03,3,0.2913688697284462,0.0,3.291368869728446
BMSZ12,PGSZ03,2,0.2803955278380855,0.0,2.2803955278380856
BMSZ12,PGSZ05,2,0.4012780095964032,0.0,2.4012780095964033
BMSZ12,QTSZ05,4,1.1495143497253173,0.5141030491830284,5.663617398908346
BMSZ12,QTSZ06,3,0.6488646747290785,0.8775864453099184,4.526451120038997
BMSZ12,QTSZ09,1,0.022527025737341465,0.0,1.0225270257373416
BMSZ12,QTSZ10,1,0.3004801102728538,0.0,1.3004801102728538
BMSZ12,QTSZ14,1,0.2913950255328936,0.054892459900529426,1.346287485433423
BMSZ12,SBSZ01,1,0.15650481860473875,0.0,1.1565048186047386
BMSZ12,SBSZ03,1,0.28108565342906916,0.0,1.281085653429069
BMSZ12,SESZ05,1,0.21301061080329947,0.0,1.2130106108032994
BMSZ12,SGSZ04,1,0.3988959354580201,0.0,1.3988959354580202
BMSZ12,SGSZ06,2,0.40317902430023,0.0,2.40317902430023
BMSZ12,SRSZ01,1,0.18415846901088215,0.015387980705869372,1.1995464497167516
BMSZ12,TMSZ03,1,0.5181302553111897,0.0,1.5181302553111897
BMSZ12,TPSZ01,1,0.12349631563721451,0.0,1.1234963156372144
BMSZ12,TPSZ04,1,0.08119685262543132,0.0,1.0811968526254314
BMSZ12,TPSZ09,1,0.11742402316032627,0.0,1.1174240231603263
BMSZ12,WDSZ01,1,0.0722544996040753,0.0,1.0722544996040753
BMSZ12,WDSZ03,1,0.351998097385699,0.0,1.351998097385699
BMSZ12,WDSZ04,1,0.41532632001573183,0.0,1.4153263200157318
BMSZ12,YSSZ03,1,0.30527351605376846,0.0,1.3052735160537685
BMSZ13,AMSZ12,1,0.13477383002681967,0.0,1.1347738300268198
BMSZ13,BKSZ04,1,0.25249583554910326,0.0,1.2524958355491034
BMSZ13,BKSZ08,1,0.0685920808852838,0.0,1.0685920808852838
BMSZ13,BMSZ01,10,2.829340060255901,0.8336840429759014,13.663024103231804
BMSZ13,BMSZ02,2,0.4741216165369843,0.26258478351786263,2.736706400054847
BMSZ13,BMSZ04,1,0.31441080834238866,0.08525310812074839,1.399663916463137
BMSZ13,BMSZ05,1,0.17330476332714614,0.04003661410517882,1.213341377432325
BMSZ13,BMSZ06,1,0.3571555511130662,0.05022580508303078,1.407381356196097
BMSZ13,BMSZ07,4,1.5702809233824444,0.28371991692730186,5.854000840309746
BMSZ13,BMSZ08,1,0.22937009794687824,0.08773319299288616,1.3171032909397644
BMSZ13,BMSZ11,1,0.25118533927521824,0.156238237891942,1.4074235771671602
BMSZ13,BMSZ12,4,1.3214059843737929,0.18938694342787402,5.510792927801667
BMSZ13,BMSZ13,4,2.7498976515951363,15.029308472472406,21.779206124067542
BMSZ13,BMSZ15,3,0.32216072147923225,0.04530728127033552,3.367468002749568
BMSZ13,BMSZ17,3,0.9606757143217316,0.3289341850288439,4.289609899350576
BMSZ13,BPSZ05,1,0.3644946747306567,0.0,1.3644946747306568
BMSZ13,CHSZ02,1,0.10183908870035585,0.0,1.101839088700356
BMSZ13,CLSZ01,1,0.1645715579188564,0.0,1.1645715579188565
BMSZ13,DTSZ01,1,0.32110613639572194,0.0,1.321106136395722
BMSZ13,DTSZ02,3,0.4441713612573835,0.0,3.4441713612573834
BMSZ13,DTSZ03,1,0.28216641910605533,0.0,1.2821664191060553
BMSZ13,DTSZ05,4,0.966711721221977,0.0,4.966711721221977
BMSZ13,DTSZ08,5,0.45440913301190045,0.0,5.4544091330119
BMSZ13,DTSZ10,2,0.03392066594037536,0.0,2.0339206659403755
BMSZ13,DTSZ11,2,0.4403838785728945,0.0,2.4403838785728946
BMSZ13,GLSZ03,1,0.3445097286909893,0.0,1.3445097286909893
BMSZ13,JESZ05,3,0.6790140051642863,0.0,3.6790140051642863
BMSZ13,JESZ06,1,0.0812346261519574,0.0,1.0812346261519574
BMSZ13,KLSZ08,1,0.2349209598383482,0.0,1.2349209598383482
BMSZ13,KLSZ09,1,0.050901735512050905,0.0,1.050901735512051
BMSZ13,MSSZ01,1,0.0,0.0,1.0
BMSZ13,ORSZ01,1,0.06146011601981528,0.0,1.0614601160198154
BMSZ13,ORSZ03,1,0.2044120320204583,0.0,1.2044120320204583
BMSZ13,OTSZ03,2,0.8130743392723657,0.0,2.8130743392723656
BMSZ13,PNSZ02,1,0.0,0.0,1.0
BMSZ13,PRSZ03,1,0.4337609027720882,0.0,1.4337609027720881
BMSZ13,QTSZ07,1,0.0,0.0,1.0
BMSZ13,QTSZ08,3,0.6838602103829287,0.07817496396380627,3.762035174346735
BMSZ13,QTSZ10,1,0.37155603750984034,0.0,1.3715560375098403
BMSZ13,QTSZ11,1,0.24405456788219929,0.0,1.2440545678821993
BMSZ13,QTSZ13,1,0.25262721294951884,0.0013620207119614688,1.2539892336614804
BMSZ13,QTSZ14,3,0.6442681641691848,0.5274231253493069,4.171691289518492
BMSZ13,RCSZ09,1,0.10496574195986053,0.0,1.1049657419598606
BMSZ13,SESZ03,2,0.8575512811721964,0.0,2.8575512811721966
BMSZ13,SGSZ04,1,0.4971042330853756,0.0,1.4971042330853757
BMSZ13,TPSZ05,1,0.0942500240589305,0.0,1.0942500240589306
BMSZ13,TSSZ05,2,0.40449453668190494,0.0,2.404494536681905
BMSZ13,TSSZ06,1,0.038478357974228675,0.0,1.0384783579742287
BMSZ13,WDSZ06,1,0.3205555714586142,0.0,1.3205555714586141
BMSZ14,AMSZ01,1,0.2359747639610296,0.0,1.2359747639610297
BMSZ14,AMSZ12,1,0.07390745967717839,0.0,1.0739074596771785
BMSZ14,BMSZ01,3,0.8787045152236349,0.6896067180591045,4.568311233282739
BMSZ14,BMSZ02,2,0.7519804519797266,0.3408995048304536,3.0928799568101804
BMSZ14,BMSZ03,1,0.6477791498473539,0.9811626746798899,2.628941824527244
BMSZ14,BMSZ04,3,0.6639628572998263,1.7166622910092526,5.380625148309079
BMSZ14,BMSZ08,3,0.460628445756476,1.4468879208400198,4.907516366596496
BMSZ14,BMSZ12,1,0.30734714454360823,0.39371440192779955,1.7010615464714078
BMSZ14,BMSZ14,2,0.5336055060420184,2.8102211611970285,5.343826667239047
BMSZ14,BMSZ17,1,0.2116282482896256,0.51465725741721,1.7262855057068358
BMSZ14,BTSZ01,1,0.2459376567915582,0.0,1.245937656791558
BMSZ14,GLSZ04,1,0.4433144886084156,0.0,1.4433144886084155
BMSZ14,JESZ05,2,0.5316050609802628,0.0,2.531605060980263
BMSZ14,KLSZ06,1,0.27993762285901025,0.0,1.2799376228590102
BMSZ14,NVSZ02,2,0.6466918434774057,0.0,2.646691843477406
BMSZ14,NVSZ03,1,0.06494186067311328,0.0,1.0649418606731134
BMSZ14,OTSZ03,2,0.42319263869931034,0.7580877952487545,3.181280433948065
BMSZ14,QTSZ08,1,0.3114990732440802,0.0,1.31149907324408
BMSZ14,QTSZ10,1,0.20685565456668872,0.0,1.2068556545666886
BMSZ14,QTSZ11,1,0.17222620981175848,0.0,1.1722262098117584
BMSZ14,QTSZ12,2,0.3166231565513078,0.0,2.316623156551308
BMSZ14,QTSZ14,1,0.2713509403734328,0.15927252962654892,1.4306234699999818
BMSZ14,RCSZ09,1,0.06026001042813451,0.0,1.0602600104281346
BMSZ14,SRSZ02,1,0.05831589504574766,0.18848313818846943,1.2467990332342171
BMSZ14,WCSZ01,1,0.20172934526700417,0.0,1.2017293452670041
BMSZ15,AMSZ03,1,0.12250929091736933,0.0,1.1225092909173693
BMSZ15,AMSZ12,1,0.055606601569574414,0.0,1.0556066015695744
BMSZ15,BDSZ04,1,0.25047923568454195,0.0,1.250479235684542
BMSZ15,BMSZ01,9,1.594724846077474,0.20873455501903865,10.803459401096513
BMSZ15,BMSZ02,3,0.22434418334904002,0.08448332844594614,3.308827511794986
BMSZ15,BMSZ04,2,0.38384125393477386,0.17190008734104165,2.5557413412758154
BMSZ15,BMSZ05,2,0.17463779068759563,0.04220024663785718,2.2168380373254526
BMSZ15,BMSZ08,3,0.3202293785116833,0.07916221945734118,3.3993915979690246
BMSZ15,BMSZ13,3,0.26916067025875684,0.046697683842005226,3.315858354100762
BMSZ15,BMSZ15,3,0.6715361318709999,0.04703983228614255,3.7185759641571425
BMSZ15,BTSZ07,1,0.08982482236130113,0.0,1.0898248223613012
BMSZ15,CHSZ03,1,0.3735827156778113,0.0,1.3735827156778113
BMSZ15,CKSZ03,2,0.3640016275564187,0.0,2.364001627556419
BMSZ15,CKSZ06,1,0.12565886339657834,0.0,1.1256588633965783
BMSZ15,CLSZ02,1,0.11866558983719729,0.0,1.1186655898371973
BMSZ15,DTSZ01,2,0.14635577236317213,0.0,2.1463557723631723
BMSZ15,DTSZ05,1,0.1318664893991904,0.04613370527658484,1.1780001946757752
BMSZ15,DTSZ08,1,0.2893773655104043,0.11238416744572331,1.4017615329561277
BMSZ15,GLSZ02,1,0.12628582592559587,0.0,1.126285825925596
BMSZ15,GLSZ03,1,0.1751425979166216,0.0,1.1751425979166217
BMSZ15,JESZ10,1,0.0,0.0,1.0
BMSZ15,JWSZ04,1,0.29752393779356895,0.0,1.297523937793569
BMSZ15,KLSZ05,1,0.10514928120875537,0.0,1.1051492812087553
BMSZ15,NVSZ01,1,0.4110140772805256,0.0,1.4110140772805255
BMSZ15,ORSZ02,1,0.14608962985785454,0.0,1.1460896298578545
BMSZ15,OTSZ03,2,0.26548289989251145,0.09301523505066406,2.3584981349431757
BMSZ15,PLSZ04,1,0.015532814511119293,0.0,1.0155328145111193
BMSZ15,PRSZ08,1,0.05123615690213098,0.0,1.051236156902131
BMSZ15,QTSZ05,2,0.5889341175585074,0.031237789684583656,2.620171907243091
BMSZ15,QTSZ09,2,0.04861535022748015,0.0,2.04861535022748
BMSZ15,QTSZ14,2,0.2529189059658153,0.018618361763363647,2.271537267729179
BMSZ15,RCSZ09,1,0.04266888558008067,0.0,1.0426688855800808
BMSZ15,SISZ01,1,0.25729879972449576,0.0,1.2572987997244958
BMSZ15,TMSZ02,1,0.2776727239928848,0.0,1.2776727239928847
BMSZ15,TNSZ02,1,0.0872495691873479,0.01835835839709114,1.105607927584439
BMSZ15,WCSZ01,1,0.14478179750895542,0.0,1.1447817975089554
BMSZ16,BDSZ04,1,0.1745618199973308,0.0,1.174561819997331
BMSZ16,BMSZ01,4,0.7751353348872069,0.251703145046185,5.026838479933391
BMSZ16,BMSZ05,1,0.5357702996716948,0.09963383818853476,1.6354041378602295
BMSZ16,BMSZ07,1,0.15738107899728593,0.06882803062944115,1.2262091096267271
BMSZ16,BMSZ08,2,0.12059525974224614,0.2170279802842503,2.3376232400264962
BMSZ16,BMSZ11,1,0.13353304790089593,0.0,1.133533047900896
BMSZ16,BMSZ13,1,0.0505559394904268,0.040718346758261394,1.0912742862486882
BMSZ16,BMSZ16,2,0.2375820913489983,7.5740117412983015,9.8115938326473
BMSZ16,BPSZ04,1,0.12726360230728143,0.0,1.1272636023072815
BMSZ16,CKSZ01,1,0.25474655820089553,0.0,1.2547465582008956
BMSZ16,CKSZ02,1,0.1221466029351317,0.0,1.1221466029351317
BMSZ16,DTSZ02,1,0.12647929042394182,0.10700699887830274,1.2334862893022445
BMSZ16,DTSZ03,2,0.4291163034803665,0.08908811440451878,2.5182044178848852
BMSZ16,DTSZ05,1,0.09852443913942827,0.27434868420888464,1.372873123348313
BMSZ16,DTSZ11,3,0.06611711797845947,0.504217115841593,3.5703342338200525
BMSZ16,GLSZ01,1,0.13749299445573815,0.0,1.1374929944557381
BMSZ16,HGSZ01,1,0.0997551155280556,0.0,1.0997551155280556
BMSZ16,HGSZ02,1,0.139637676162632,0.0,1.1396376761626321
BMSZ16,HGSZ05,1,0.20645695918080226,0.0,1.2064569591808023
BMSZ16,JESZ05,1,0.18524962391743252,0.0,1.1852496239174326
BMSZ16,JWSZ02,1,0.09524450329923596,0.0,1.095244503299236
BMSZ16,JWSZ03,1,0.09879882479595174,0.0,1.0987988247959517
BMSZ16,JWSZ08,2,0.1558728512720016,0.0,2.155872851272002
BMSZ16,JWSZ09,1,0.17657103759652681,0.0,1.1765710375965268
BMSZ16,KLSZ01,2,0.2336774092670544,0.0,2.2336774092670546
BMSZ16,KLSZ02,1,0.03449343530824082,0.0,1.034493435308241
BMSZ16,KLSZ05,1,0.09433510606629512,0.0,1.0943351060662951
BMSZ16,KLSZ08,1,0.14030253689412467,0.0,1.1403025368941246
BMSZ16,MPSZ03,1,0.18161943623119817,0.0,1.1816194362311983
BMSZ16,MUSZ01,1,0.053497666892429525,0.07602792364130419,1.1295255905337338
BMSZ16,NVSZ02,1,0.19982097522263173,0.0,1.1998209752226316
BMSZ16,OTSZ03,1,0.1688203737973175,0.6970458683961267,1.8658662421934442
BMSZ16,PGSZ02,1,0.10193850141659085,0.0,1.1019385014165908
BMSZ16,PNSZ01,1,0.03400499598226866,0.0,1.0340049959822686
BMSZ16,QTSZ11,1,0.07823378498472035,0.0,1.0782337849847203
BMSZ16,SBSZ03,1,0.14049416724787425,0.0,1.1404941672478743
BMSZ16,SESZ04,3,0.2362671628605493,0.0,3.2362671628605493
BMSZ16,SESZ06,1,0.2194674131526622,0.0,1.2194674131526622
BMSZ16,SISZ01,1,0.15741221327074334,0.0,1.1574122132707434
BMSZ16,TMSZ04,1,0.1409235444728922,0.0,1.1409235444728922
BMSZ16,TNSZ01,1,0.08010290422160458,0.0,1.0801029042216046
BMSZ17,BDSZ04,2,0.2666943801874741,0.0,2.266694380187474
BMSZ17,BKSZ08,1,0.022197240278497735,0.0,1.0221972402784978
BMSZ17,BMSZ01,3,0.6153617234730435,1.681674712912898,5.297036436385941
BMSZ17,BMSZ03,2,0.26503063436675284,3.3015853267692163,5.56661596113597
BMSZ17,BMSZ04,1,0.16276504156247007,1.016532774579816,2.1792978161422862
BMSZ17,BMSZ07,1,0.14915509811695243,0.0,1.1491550981169525
BMSZ17,BMSZ12,1,0.12377374457714838,0.0,1.1237737445771483
BMSZ17,BPSZ03,1,0.09355158426932889,0.0,1.0935515842693289
BMSZ17,BTSZ07,1,0.07094923924118908,0.0,1.070949239241189
BMSZ17,BTSZ08,1,0.04054789358260468,0.0,1.0405478935826047
BMSZ17,CKSZ03,1,0.16082494563454466,0.0,1.1608249456345447
BMSZ17,CLSZ04,1,0.15774642521073814,0.0,1.1577464252107381
BMSZ17,CLSZ06,1,0.131661951427941,0.0,1.131661951427941
BMSZ17,CLSZ07,1,0.11548885686928329,0.0,1.1154888568692833
BMSZ17,DTSZ03,1,0.13918762111258096,0.0,1.1391876211125809
BMSZ17,GLSZ02,1,0.11335694819020746,0.0,1.1133569481902075
BMSZ17,GLSZ03,1,0.1538739311657123,0.0,1.1538739311657122
BMSZ17,GLSZ04,1,0.2712478670144799,0.0,1.27124786701448
BMSZ17,GLSZ05,2,0.3368928444616879,0.0,2.336892844461688
BMSZ17,HGSZ05,1,0.25691142618649343,0.0,1.2569114261864933
BMSZ17,JESZ01,1,0.11997589108218246,0.0,1.1199758910821824
BMSZ17,JESZ02,1,0.05765962143427022,0.0,1.0576596214342702
BMSZ17,JESZ03,1,0.17688515441221184,0.0,1.1768851544122119
BMSZ17,JESZ05,1,0.19406029452619253,0.0,1.1940602945261924
BMSZ17,JWSZ03,1,0.11258242805253418,0.0,1.1125824280525343
BMSZ17,JWSZ09,1,0.1817770771171089,0.0,1.181777077117109
BMSZ17,NVSZ01,1,0.303424104574252,0.0,1.303424104574252
BMSZ17,NVSZ02,1,0.203333875818078,0.0,1.203333875818078
BMSZ17,PGSZ03,3,0.11553818350244337,0.0,3.1155381835024434
BMSZ17,PGSZ04,3,0.23011532610060695,0.0,3.230115326100607
BMSZ17,PGSZ05,3,0.22508234839432167,0.0,3.225082348394322
BMSZ17,PRSZ02,1,0.15281711494188496,0.0,1.1528171149418849
BMSZ17,QTSZ02,1,0.05035881699069158,0.0,1.0503588169906917
BMSZ17,QTSZ14,2,0.3103930466180772,0.0,2.3103930466180773
BMSZ17,SBSZ02,1,0.0,0.0,1.0
BMSZ17,SESZ03,6,0.462614710487595,0.0,6.462614710487595
BMSZ17,SESZ04,1,0.2156252667584731,0.0,1.215625266758473
BMSZ17,SESZ05,1,0.143490433584591,0.0,1.143490433584591
BMSZ17,SESZ06,2,0.3982225371953497,0.0,2.3982225371953496
BMSZ17,SGSZ01,1,0.09253102203429577,0.0,1.0925310220342959
BMSZ17,SGSZ04,1,0.23019441814921443,0.0,1.2301944181492144
BMSZ17,SGSZ06,3,0.29900421083576256,0.0,3.2990042108357627
BMSZ17,SISZ01,1,0.0818125138427582,0.0,1.0818125138427581
BMSZ17,TMSZ03,1,0.2568376176700357,0.0,1.2568376176700358
BMSZ17,TPSZ02,1,0.13641610474202462,0.0,1.1364161047420247
BMSZ17,TPSZ06,1,0.12115331298834009,0.0,1.1211533129883402
BMSZ17,TPSZ09,2,0.11121942913828163,0.0,2.1112194291382815
BMSZ17,WDSZ02,1,0.05862109525526589,0.0,1.058621095255266
BMSZ17,WDSZ03,1,0.14499571453685756,0.0,1.1449957145368574
BMSZ17,YSSZ09,1,0.1660389322870438,0.0,1.166038932287044
BPSZ01,AMSZ10,1,0.18564589980414767,0.0,1.1856458998041477
BPSZ01,BDSZ01,1,0.2630042215869049,0.0,1.2630042215869048
BPSZ01,BDSZ03,2,0.2964613221062712,0.0,2.2964613221062713
BPSZ01,BDSZ06,1,0.33491759736827825,0.0,1.3349175973682783
BPSZ01,BKSZ05,1,0.6746522386216939,0.2890028423618164,1.9636550809835103
BPSZ01,BKSZ06,1,0.2503981620234609,0.0,1.250398162023461
BPSZ01,BKSZ07,2,0.563835693891783,0.0,2.5638356938917832
BPSZ01,BMSZ07,1,0.3087519346220381,0.0,1.308751934622038
BPSZ01,BMSZ11,1,0.1773809676535528,0.0,1.1773809676535527
BPSZ01,BMSZ12,1,0.16875029184053525,0.0,1.1687502918405352
BPSZ01,BPSZ01,8,0.44052400148336873,6.773567243181587,15.214091244664955
BPSZ01,BPSZ02,2,1.7668583933498414,0.5715182402543844,4.338376633604226
BPSZ01,BPSZ03,3,1.3812903173338007,1.5501672543698661,5.9314575717036675
BPSZ01,BPSZ04,4,0.6748701803033723,0.369379995501771,5.044250175805144
BPSZ01,BPSZ05,8,2.0255971605838727,2.868836212835936,12.894433373419808
BPSZ01,BPSZ06,1,0.42901746170897254,0.0,1.4290174617089726
BPSZ01,BTSZ01,2,0.48039899050551615,0.0,2.480398990505516
BPSZ01,CHSZ03,2,1.5375562156958527,0.0,3.5375562156958527
BPSZ01,CKSZ01,1,0.8587224147660116,0.6621448476105827,2.520867262376594
BPSZ01,CKSZ03,1,0.7100080684730238,0.7186131118204112,2.428621180293435
BPSZ01,CKSZ06,1,0.6067696461428599,0.19623052396687593,1.803000170109736
BPSZ01,DTSZ03,2,0.284636241375195,0.0,2.284636241375195
BPSZ01,DTSZ05,3,0.2866011420552664,0.0,3.2866011420552663
BPSZ01,DTSZ08,3,0.12826093012673181,0.0,3.1282609301267317
BPSZ01,DTSZ09,1,0.11736832575747562,0.0,1.1173683257574756
BPSZ01,DTSZ11,1,0.2761907635485505,0.0,1.2761907635485505
BPSZ01,DTSZ12,2,0.26872568619582266,0.0,2.2687256861958227
BPSZ01,GLSZ03,1,0.2624491745676092,0.0,1.2624491745676092
BPSZ01,JESZ02,1,0.26097515292225343,0.0,1.2609751529222535
BPSZ01,JESZ03,1,0.368910154570667,0.0,1.368910154570667
BPSZ01,JESZ04,1,0.0986698994336006,0.0,1.0986698994336006
BPSZ01,JESZ05,3,0.48528394618644627,0.0,3.4852839461864464
BPSZ01,JWSZ09,1,0.4730101089491025,0.0,1.4730101089491026
BPSZ01,KLSZ08,1,0.29074144560050447,0.0,1.2907414456005044
BPSZ01,MPSZ02,1,0.2471650263061191,0.0,1.2471650263061191
BPSZ01,MUSZ02,1,0.0,0.0,1.0
BPSZ01,MUSZ03,1,0.03353124912711554,0.0,1.0335312491271156
BPSZ01,NTSZ03,1,0.06423167411913339,0.0,1.0642316741191333
BPSZ01,NVSZ02,2,0.46644772260237327,0.0,2.466447722602373
BPSZ01,ORSZ01,1,0.04088406758467911,0.0,1.040884067584679
BPSZ01,ORSZ02,2,0.3409311993904577,0.0,2.340931199390458
BPSZ01,OTSZ01,1,0.03224685886813349,0.0,1.0322468588681335
BPSZ01,OTSZ03,3,0.4371569249557051,0.0,3.4371569249557052
BPSZ01,OTSZ04,1,0.08731568495838457,0.0,1.0873156849583845
BPSZ01,QTSZ08,3,0.5472640042926016,0.0,3.5472640042926016
BPSZ01,QTSZ11,3,0.5208877590394476,0.0,3.5208877590394474
BPSZ01,QTSZ12,2,0.18578092868625734,0.0,2.1857809286862575
BPSZ01,RCSZ10,2,0.20824523172391385,0.0,2.2082452317239136
BPSZ01,SGSZ02,1,0.10447619234596524,0.0,1.1044761923459652
BPSZ01,SGSZ03,1,0.2711554996484146,0.0,1.2711554996484147
BPSZ01,SRSZ02,2,0.09673856886802773,0.0,2.0967385688680276
BPSZ01,TMSZ05,1,0.2875868143555848,0.0,1.2875868143555849
BPSZ01,TNSZ04,1,0.1481017891663593,0.0,1.1481017891663594
BPSZ01,TSSZ05,1,0.47600994542743497,0.0,1.476009945427435
BPSZ01,WCSZ01,1,0.39216516197862766,0.0,1.3921651619786277
BPSZ01,WDSZ01,1,0.10046512206689923,0.0,1.1004651220668993
BPSZ01,WDSZ02,1,0.37752801111684847,0.0,1.3775280111168484
BPSZ01,WDSZ06,2,0.45063145335311655,0.0,2.4506314533531164
BPSZ01,YSSZ09,1,0.3458189588499769,0.0,1.345818958849977
BPSZ02,AMSZ05,1,0.22605485312231846,0.0,1.2260548531223185
BPSZ02,BKSZ09,1,0.17868231499028908,0.0,1.1786823149902892
BPSZ02,BMSZ02,1,0.10430047825361212,0.0,1.104300478253612
BPSZ02,BMSZ05,1,0.1459130653719097,0.0,1.1459130653719096
BPSZ02,BMSZ12,1,0.11711881978787929,0.0,1.1171188197878792
BPSZ02,BPSZ01,3,0.6555719779216914,2.529224431429868,6.184796409351559
BPSZ02,BPSZ02,2,1.2797216474396973,15.316296395364644,18.596018042804342
BPSZ02,BPSZ03,2,1.2551263630180822,1.5327894005273528,4.787915763545435
BPSZ02,BPSZ04,5,0.6980125764320244,0.8032504162645572,6.5012629926965815
BPSZ02,BPSZ05,4,1.5500390576560958,1.1163016356640874,6.666340693320183
BPSZ02,BPSZ06,1,0.16811869234155227,0.0,1.1681186923415523
BPSZ02,BPSZ07,1,0.045510090530080254,0.0,1.0455100905300803
BPSZ02,BTSZ01,5,0.6009222579662719,0.0,5.600922257966272
BPSZ02,BTSZ02,1,0.12882327194254908,0.0,1.128823271942549
BPSZ02,BTSZ03,1,0.07882214215075196,0.0,1.078822142150752
BPSZ02,BTSZ06,1,0.049871841948878476,0.0,1.0498718419488784
BPSZ02,BTSZ07,1,0.11043102580143767,0.0,1.1104310258014376
BPSZ02,CCSZ01,1,0.1184422204696655,0.0,1.1184422204696656
BPSZ02,CKSZ01,1,0.7483922022949903,0.27200174193452414,2.0203939442295145
BPSZ02,CKSZ03,3,0.7500968256190249,0.8330863020913825,4.583183127710408
BPSZ02,CKSZ05,2,0.3935751926487913,0.19655835523516055,2.590133547883952
BPSZ02,CKSZ06,2,0.3974071676257928,0.3996040460911942,2.7970112137169867
BPSZ02,CLSZ07,1,0.12756459369422168,0.0,1.1275645936942218
BPSZ02,DTSZ01,1,0.1700349982844559,0.0,1.1700349982844558
BPSZ02,DTSZ02,1,0.12523247961528697,0.0,1.125232479615287
BPSZ02,DTSZ03,2,0.27969715328385747,0.0,2.2796971532838572
BPSZ02,DTSZ05,4,0.3393445032424716,0.0,4.339344503242471
BPSZ02,DTSZ08,1,0.11429062303383225,0.0,1.1142906230338323
BPSZ02,DTSZ11,2,0.12317911634165916,0.0,2.1231791163416593
BPSZ02,GLSZ01,1,0.20123092362986247,0.0,1.2012309236298624
BPSZ02,GLSZ03,1,0.17942791930539886,0.0,1.179427919305399
BPSZ02,HGSZ07,1,0.248673946677241,0.0,1.248673946677241
BPSZ02,JESZ01,1,0.2144979523884892,0.0,1.2144979523884891
BPSZ02,JESZ05,1,0.41351540339593107,0.0,1.4135154033959312
BPSZ02,JESZ07,1,0.027092879037725108,0.0,1.0270928790377252
BPSZ02,JESZ09,1,0.24912423526224756,0.0,1.2491242352622476
BPSZ02,JWSZ02,1,0.18769372070920232,0.0,1.1876937207092024
BPSZ02,KLSZ08,2,0.21449319753905785,0.0,2.214493197539058
BPSZ02,MPSZ03,1,0.18303911564515227,0.0,1.1830391156451523
BPSZ02,NTSZ03,2,0.0722760062108824,0.0,2.0722760062108825
BPSZ02,NVSZ01,1,0.2988648130788674,0.0,1.2988648130788674
BPSZ02,NVSZ02,1,0.28227976309174624,0.0,1.2822797630917462
BPSZ02,ORSZ02,2,0.3477147429286263,0.0,2.3477147429286265
BPSZ02,ORSZ03,1,0.1665240540970201,0.0,1.16652405409702
BPSZ02,PNSZ05,1,0.044454539092331234,0.0,1.0444545390923312
BPSZ02,QTSZ02,1,0.05863160919145511,0.0,1.0586316091914552
BPSZ02,QTSZ05,1,0.18636466519747175,0.0,1.1863646651974717
BPSZ02,QTSZ08,1,0.22082285055867043,0.0,1.2208228505586705
BPSZ02,QTSZ12,2,0.14260057973603943,0.0,2.1426005797360395
BPSZ02,QTSZ13,1,0.12881848266806006,0.0,1.12881848266806
BPSZ02,RCSZ09,1,0.04492056526759489,0.0,1.0449205652675948
BPSZ02,RCSZ10,1,0.10530372236037341,0.0,1.1053037223603734
BPSZ02,SGSZ03,1,0.1692981679478215,0.0,1.1692981679478214
BPSZ02,SGSZ04,1,0.27573475279398546,0.0,1.2757347527939855
BPSZ02,SLSZ04,1,0.0,0.0,1.0
BPSZ02,TMSZ03,1,0.2476954638506595,0.0,1.2476954638506594
BPSZ02,TMSZ05,1,0.18675793993534498,0.0,1.186757939935345
BPSZ02,TNSZ04,1,0.09466398932968098,0.0,1.094663989329681
BPSZ02,TPSZ01,1,0.09430901606552541,0.0,1.0943090160655253
BPSZ02,WDSZ02,1,0.21156488885765426,0.0,1.2115648888576542
BPSZ02,YSSZ01,1,0.14553804846622648,0.0,1.1455380484662265
BPSZ02,YSSZ09,1,0.2757744928442425,0.0,1.2757744928442425
BPSZ03,AMSZ01,2,0.4230250196366035,0.0,2.4230250196366034
BPSZ03,BDSZ06,1,0.17415546479811495,0.0,1.174155464798115
BPSZ03,BKSZ02,1,0.20248577636351478,0.0,1.2024857763635148
BPSZ03,BKSZ05,1,0.4100653106152274,0.5632002270393289,1.9732655376545565
BPSZ03,BLSZ02,1,0.02757460451419746,0.0,1.0275746045141974
BPSZ03,BMSZ01,2,0.35111301056492367,0.0,2.351113010564924
BPSZ03,BMSZ02,2,0.2518150233194784,0.0,2.2518150233194785
BPSZ03,BMSZ07,1,0.250749694804833,0.0,1.2507496948048331
BPSZ03,BMSZ17,1,0.10537608163801396,0.0,1.105376081638014
BPSZ03,BPSZ01,5,0.056459571495382034,2.1034805583363494,7.159940129831732
BPSZ03,BPSZ02,1,0.8720419291452056,0.5437965397046464,2.4158384688498518
BPSZ03,BPSZ03,8,1.1842125688200418,28.50744610472246,37.691658673542506
BPSZ03,BPSZ04,5,1.004786086738926,3.6154291429745564,9.620215229713484
BPSZ03,BPSZ05,7,2.0442216695588344,4.377006157548228,13.421227827107062
BPSZ03,BSSZ03,1,0.2302584925296195,0.0,1.2302584925296194
BPSZ03,CKSZ02,2,0.5285252319743985,0.8175174642666166,3.3460426962410152
BPSZ03,CKSZ03,1,0.36429249095046395,0.47054288722922155,1.8348353781796853
BPSZ03,CKSZ04,2,0.579745837802762,0.0,2.5797458378027622
BPSZ03,CLSZ06,1,0.19352355663727627,0.0,1.1935235566372762
BPSZ03,DTSZ01,2,0.22246039416549787,0.0,2.222460394165498
BPSZ03,DTSZ03,3,0.3097092675107952,0.0,3.309709267510795
BPSZ03,DTSZ05,3,0.2985387136400936,0.0,3.2985387136400934
BPSZ03,DTSZ08,2,0.12661630227885365,0.0,2.126616302278854
BPSZ03,DTSZ11,2,0.15788948506775305,0.0,2.157889485067753
BPSZ03,DTSZ12,1,0.10657477151721809,0.0,1.106574771517218
BPSZ03,GLSZ05,1,0.2321009805544999,0.0,1.2321009805544998
BPSZ03,JESZ03,1,0.28082929296109493,0.0,1.280829292961095
BPSZ03,JESZ05,2,0.6264060252388695,0.0,2.6264060252388695
BPSZ03,JWSZ09,1,0.3988231874749352,0.0,1.3988231874749353
BPSZ03,KLSZ02,1,0.05241526447934291,0.0,1.052415264479343
BPSZ03,KLSZ07,1,0.217094237341301,0.0,1.217094237341301
BPSZ03,MDSZ02,1,0.04556023015880941,0.0,1.0455602301588094
BPSZ03,MUSZ01,1,0.08323632732882331,0.0,1.0832363273288232
BPSZ03,MUSZ03,1,0.03181294931862656,0.0,1.0318129493186265
BPSZ03,NVSZ02,2,0.5603723196165028,0.0,2.5603723196165027
BPSZ03,ORSZ02,4,0.585765361336554,0.0,4.585765361336554
BPSZ03,ORSZ03,4,0.28926613508588717,0.0,4.289266135085887
BPSZ03,PNSZ03,1,0.0,0.0,1.0
BPSZ03,PNSZ05,1,0.0464647419376835,0.0,1.0464647419376836
BPSZ03,QTSZ01,1,0.15921789076178236,0.0,1.1592178907617823
BPSZ03,QTSZ05,2,0.278642296759112,0.0,2.278642296759112
BPSZ03,QTSZ08,2,0.47891141544216026,0.0,2.4789114154421603
BPSZ03,QTSZ10,2,0.2654491575576344,0.0,2.2654491575576343
BPSZ03,QTSZ11,1,0.14825529045430538,0.0,1.1482552904543053
BPSZ03,QTSZ12,1,0.09832879808314068,0.0,1.0983287980831407
BPSZ03,RVSZ03,1,0.0,0.0,1.0
BPSZ03,TNSZ01,1,0.14652383756463194,0.0,1.146523837564632
BPSZ03,TSSZ02,1,0.09478159008389235,0.0,1.0947815900838924
BPSZ03,TSSZ05,1,0.3282254397674827,0.0,1.3282254397674826
BPSZ03,WCSZ01,4,0.6330573477978894,0.0,4.633057347797889
BPSZ03,WDSZ02,1,0.2329167128966299,0.0,1.2329167128966299
BPSZ03,WDSZ09,1,0.06681715491894621,0.0,1.0668171549189462
BPSZ03,YSSZ01,1,0.1425096589808769,0.0,1.142509658980877
BPSZ04,AMSZ05,1,0.2979282011724034,0.0,1.2979282011724034
BPSZ04,BKSZ01,1,0.2775910855034203,0.031947901035323044,1.3095389865387432
BPSZ04,BKSZ04,2,0.3787069970647336,0.25560247470120756,2.634309471765941
BPSZ04,BKSZ05,1,0.7240902585489976,0.14905033570293108,1.8731405942519288
BPSZ04,BLSZ02,1,0.053326065857751216,0.0,1.0533260658577512
BPSZ04,BMSZ01,3,0.4073300885058049,0.0,3.407330088505805
BPSZ04,BMSZ04,1,0.10401538204175012,0.0,1.1040153820417502
BPSZ04,BMSZ06,2,0.39746812013555133,0.0,2.397468120135551
BPSZ04,BMSZ07,1,0.2967342774619004,0.0,1.2967342774619004
BPSZ04,BMSZ16,1,0.03990618375720651,0.0,1.0399061837572066
BPSZ04,BPSZ01,2,0.47458103329657597,0.29028786012062713,2.764868893417203
BPSZ04,BPSZ02,4,0.41956978654308846,0.15909175622051683,4.578661542763605
BPSZ04,BPSZ03,4,1.9870861252692409,2.332713391338945,8.319799516608185
BPSZ04,BPSZ04,1,0.755185317255218,6.865361735304159,8.620547052559377
BPSZ04,BPSZ05,5,1.6455052907068544,1.3891678710862938,8.034673161793148
BPSZ04,BPSZ07,1,0.15467757121599204,0.0,1.154677571215992
BPSZ04,BSSZ01,1,0.4604414498883743,0.0,1.4604414498883744
BPSZ04,BSSZ03,1,0.2655072695374223,0.0,1.2655072695374223
BPSZ04,BTSZ01,2,0.491493021232797,0.0,2.491493021232797
BPSZ04,BTSZ03,1,0.15165020747180585,0.0,1.1516502074718058
BPSZ04,CKSZ01,3,0.8944524263835367,0.4891050482324256,4.383557474615962
BPSZ04,CKSZ02,1,0.6039087057660231,0.0771491569808262,1.6810578627468493
BPSZ04,CKSZ03,8,0.9061597140023363,0.9600215232668328,9.86618123726917
BPSZ04,CKSZ06,1,0.6302210819412045,0.0,1.6302210819412046
BPSZ04,DTSZ02,1,0.16266280048215886,0.0,1.1626628004821589
BPSZ04,DTSZ08,4,0.15713228497102527,0.0,4.157132284971025
BPSZ04,DTSZ09,1,0.09959469857479275,0.0,1.0995946985747929
BPSZ04,DTSZ11,3,0.18857770262229273,0.0,3.188577702622293
BPSZ04,GLSZ03,2,0.3343559638875805,0.0,2.3343559638875804
BPSZ04,HGSZ07,1,0.24207876650961438,0.0,1.2420787665096145
BPSZ04,JESZ05,3,0.4276175514844214,0.0,3.4276175514844214
BPSZ04,JESZ06,1,0.05760442858878568,0.0,1.0576044285887858
BPSZ04,JWSZ06,1,0.0908973704437445,0.0,1.0908973704437446
BPSZ04,JWSZ08,2,0.598751158630708,0.0,2.598751158630708
BPSZ04,JWSZ09,1,0.3998697313175729,0.0,1.399869731317573
BPSZ04,KLSZ08,1,0.22652258413282353,0.0,1.2265225841328236
BPSZ04,MUSZ01,1,0.15349323493283873,0.0,1.1534932349328386
BPSZ04,NVSZ01,1,0.48434680770784366,0.0,1.4843468077078437
BPSZ04,NVSZ02,1,0.29738714143628087,0.0,1.297387141436281
BPSZ04,NVSZ03,2,0.18984549585608934,0.0,2.1898454958560896
BPSZ04,NVSZ05,1,0.0,0.0,1.0
BPSZ04,ORSZ01,1,0.044396349123466954,0.0,1.044396349123467
BPSZ04,ORSZ02,4,0.47730147701656506,0.0,4.477301477016565
BPSZ04,OTSZ03,3,0.35847061830150123,0.0,3.358470618301501
BPSZ04,PNSZ02,2,0.0,0.0,2.0
BPSZ04,QTSZ06,1,0.11658603506416448,0.0,1.1165860350641645
BPSZ04,QTSZ08,1,0.2156791944864112,0.0,1.2156791944864112
BPSZ04,QTSZ10,1,0.22082925187746247,0.0,1.2208292518774624
BPSZ04,QTSZ11,2,0.44228337652967126,0.0,2.442283376529671
BPSZ04,QTSZ14,1,0.22921981348746176,0.0,1.2292198134874617
BPSZ04,RCSZ10,1,0.10523347899181461,0.0,1.1052334789918146
BPSZ04,SESZ03,1,0.32828409260797975,0.0,1.3282840926079797
BPSZ04,SESZ04,1,0.32530802054711,0.0,1.32530802054711
BPSZ04,SGSZ04,1,0.33800957593973,0.0,1.3380095759397301
BPSZ04,SVSZ01,1,0.2089035722873462,0.0,1.2089035722873462
BPSZ04,TMSZ02,1,0.22687118467826864,0.0,1.2268711846782687
BPSZ04,TMSZ04,2,0.31210748766738267,0.0,2.3121074876673826
BPSZ04,TNSZ01,1,0.2916394339965209,0.0,1.291639433996521
BPSZ04,TNSZ03,1,0.029270851920174847,0.0,1.0292708519201748
BPSZ04,TNSZ04,1,0.1648813018355028,0.0,1.1648813018355029
BPSZ04,TPSZ06,1,0.23789449478455,0.0,1.23789449478455
BPSZ04,TPSZ09,1,0.1021631417457286,0.0,1.1021631417457285
BPSZ04,TSSZ05,2,0.45018770472608516,0.0,2.450187704726085
BPSZ04,WDSZ01,1,0.08763088838265017,0.0,1.0876308883826502
BPSZ04,WDSZ02,2,0.36992237378190357,0.0,2.3699223737819035
BPSZ04,WDSZ03,1,0.31431544387335913,0.0,1.314315443873359
BPSZ04,WDSZ05,2,0.5097552962512233,0.0,2.5097552962512233
BPSZ04,WDSZ06,1,0.27503540224571266,0.0,1.2750354022457127
BPSZ04,YSSZ09,1,0.2895467556981924,0.0,1.2895467556981923
BPSZ05,AMSZ01,1,0.49641928337357943,0.0,1.4964192833735794
BPSZ05,BDSZ02,1,0.48395942174923395,0.0,1.483959421749234
BPSZ05,BKSZ01,4,0.9606339877758041,0.6522574086275,5.612891396403304
BPSZ05,BKSZ02,2,0.6816503094073355,0.8561546864299814,3.537804995837317
BPSZ05,BKSZ05,6,3.0959533520353157,2.198313394924899,11.294266746960215
BPSZ05,BKSZ07,1,0.7922934352020531,0.0,1.792293435202053
BPSZ05,BKSZ09,1,0.4721217712354676,0.0,1.4721217712354675
BPSZ05,BLSZ01,1,0.1372119306601606,0.0,1.1372119306601607
BPSZ05,BMSZ01,1,0.3975131882168793,0.0,1.3975131882168794
BPSZ05,BMSZ05,4,0.7377306944134293,0.0,4.737730694413429
BPSZ05,BMSZ06,1,0.33345736924368685,0.0,1.3334573692436869
BPSZ05,BMSZ09,1,0.08161198097605646,0.0,1.0816119809760565
BPSZ05,BMSZ12,2,0.7582457373263165,0.0,2.7582457373263165
BPSZ05,BMSZ13,1,0.26176891794878343,0.0,1.2617689179487834
BPSZ05,BPSZ01,5,1.267679717133497,2.693717148422619,8.961396865556116
BPSZ05,BPSZ02,4,0.8766774802250692,1.1106464591823264,5.987323939407396
BPSZ05,BPSZ03,7,2.7438211260977976,5.100731220965078,14.844552347062876
BPSZ05,BPSZ04,7,1.804400107464212,4.168902688711874,12.973302796176085
BPSZ05,BPSZ05,6,2.9670252841383373,42.711478881129125,51.67850416526746
BPSZ05,BPSZ06,1,1.0709696785881078,0.0,2.0709696785881078
BPSZ05,BPSZ07,2,0.4198492772622604,0.0,2.4198492772622604
BPSZ05,BSSZ02,1,0.5689449754562947,0.0,1.5689449754562947
BPSZ05,BTSZ01,6,1.386926330478519,0.0,7.386926330478519
BPSZ05,BTSZ03,1,0.2679853275242397,0.0,1.2679853275242396
BPSZ05,BTSZ05,1,0.17752531120198722,0.0,1.1775253112019872
BPSZ05,CHSZ03,1,1.0514317158936732,0.0,2.0514317158936732
BPSZ05,CKSZ01,1,1.1053186996564934,0.7873547014712916,2.8926734011277846
BPSZ05,CKSZ02,5,3.4679939460143765,1.4297002538806238,9.897694199895
BPSZ05,CKSZ03,9,1.8684018406494096,2.4010145021818388,13.26941634283125
BPSZ05,CKSZ04,1,0.49052651028336663,0.3089422690777111,1.7994687793610777
BPSZ05,CKSZ05,7,1.3246042795457753,1.2865308439425809,9.611135123488356
BPSZ05,CKSZ06,4,0.6891258098819635,1.291674276441717,5.98080008632368
BPSZ05,CLSZ01,2,0.4084442203263026,0.0,2.408444220326303
BPSZ05,CLSZ03,1,0.5767269414638468,0.0,1.5767269414638467
BPSZ05,CLSZ05,1,0.46423988708051334,0.0,1.4642398870805133
BPSZ05,CLSZ09,1,0.1204594565103541,0.0,1.120459456510354
BPSZ05,DTSZ01,2,0.4706866149564967,0.0,2.4706866149564966
BPSZ05,DTSZ02,2,0.5606647735378647,0.0,2.560664773537865
BPSZ05,DTSZ03,5,0.7095504142946526,0.0,5.709550414294653
BPSZ05,DTSZ05,4,0.812191679421948,0.0,4.812191679421948
BPSZ05,DTSZ08,3,0.3436604785342486,0.0,3.3436604785342485
BPSZ05,DTSZ11,6,0.3560410269346436,0.0,6.356041026934643
BPSZ05,GLSZ05,2,0.7013906056634077,0.0,2.701390605663408
BPSZ05,HGSZ07,1,0.41600264593355674,0.0,1.4160026459335566
BPSZ05,HGSZ08,1,0.37386307017801584,0.0,1.373863070178016
BPSZ05,JESZ01,1,0.4096100518232831,0.0,1.409610051823283
BPSZ05,JESZ05,4,1.1107931063798668,0.0,5.110793106379867
BPSZ05,JESZ06,2,0.24201712007280846,0.0,2.2420171200728083
BPSZ05,JWSZ08,2,1.3331836284314291,0.0,3.333183628431429
BPSZ05,JWSZ09,2,1.1294535423760703,0.0,3.12945354237607
BPSZ05,KLSZ01,1,0.5436216337998904,0.0,1.5436216337998903
BPSZ05,KLSZ08,2,0.4713891881404892,0.0,2.4713891881404892
BPSZ05,KLSZ09,1,0.07279400986062069,0.0,1.0727940098606208
BPSZ05,MUSZ01,1,0.18535507827753037,0.0,1.1853550782775304
BPSZ05,MUSZ03,1,0.07394490172700764,0.0,1.0739449017270077
BPSZ05,NTSZ03,1,0.13816569249649815,0.0,1.1381656924964982
BPSZ05,NTSZ05,1,0.0,0.0,1.0
BPSZ05,NVSZ02,2,0.982634994456996,0.0,2.982634994456996
BPSZ05,ORSZ02,5,1.0588109805271586,0.0,6.058810980527158
BPSZ05,ORSZ03,4,0.6637083693452341,0.0,4.663708369345234
BPSZ05,OTSZ01,1,0.05145390207844848,0.0,1.0514539020784486
BPSZ05,OTSZ03,8,0.913747048043658,0.0,8.913747048043659
BPSZ05,OTSZ04,1,0.08846265845784623,0.0,1.0884626584578463
BPSZ05,PGSZ04,1,0.6539664578859696,0.0,1.6539664578859696
BPSZ05,PLSZ04,1,0.05675814124817114,0.0,1.0567581412481712
BPSZ05,PNSZ01,1,0.1384908241028925,0.0,1.1384908241028926
BPSZ05,QTSZ05,1,0.3714451521062385,0.0,1.3714451521062385
BPSZ05,QTSZ08,3,1.0291114922103952,0.0,4.029111492210395
BPSZ05,QTSZ09,1,0.06562620837359788,0.0,1.065626208373598
BPSZ05,QTSZ10,1,0.40539301935069283,0.0,1.4053930193506927
BPSZ05,QTSZ11,4,1.3235354050139152,0.0,5.323535405013915
BPSZ05,QTSZ12,3,0.4732889898976705,0.0,3.4732889898976707
BPSZ05,QTSZ13,1,0.3516966124004666,0.0,1.3516966124004666
BPSZ05,QTSZ14,2,0.6264784064417406,0.0,2.6264784064417404
BPSZ05,QTSZ15,1,0.2057026446520935,0.0,1.2057026446520935
BPSZ05,RCSZ01,1,0.1438549643158083,0.0,1.1438549643158082
BPSZ05,RCSZ09,1,0.11685108592605266,0.0,1.1168510859260528
BPSZ05,SGSZ03,1,0.384281182724906,0.0,1.384281182724906
BPSZ05,SRSZ02,1,0.09794682540442047,0.0,1.0979468254044205
BPSZ05,TMSZ02,1,0.3618030509782399,0.0,1.36180305097824
BPSZ05,TMSZ04,1,0.3560228317766783,0.0,1.3560228317766783
BPSZ05,TNSZ01,2,0.7194512286365965,0.0,2.7194512286365966
BPSZ05,TNSZ04,3,0.35958439571710055,0.0,3.3595843957171008
BPSZ05,TPSZ10,1,0.1661636294237824,0.0,1.1661636294237825
BPSZ05,TPSZ12,1,0.23998865072335446,0.0,1.2399886507233544
BPSZ05,TSSZ04,1,0.3357518747382306,0.0,1.3357518747382306
BPSZ05,TSSZ05,2,0.8498265829057474,0.0,2.8498265829057474
BPSZ05,WDSZ01,2,0.20456027384800538,0.0,2.2045602738480055
BPSZ05,WDSZ02,1,0.6594097019440512,0.0,1.6594097019440512
BPSZ05,WDSZ05,1,0.5560841203641511,0.0,1.5560841203641511
BPSZ05,WDSZ09,1,0.1824208874914664,0.0,1.1824208874914663
BPSZ05,YSSZ09,1,0.5416588411685197,0.0,1.5416588411685197
BPSZ06,BPSZ01,1,0.4357066492609634,0.0,1.4357066492609634
BPSZ06,BPSZ03,1,0.6899649409138648,0.0,1.6899649409138648
BPSZ06,BPSZ05,1,0.4485506992806836,0.0,1.4485506992806836
BPSZ06,BSSZ01,1,0.5201253864652121,0.0,1.520125386465212
BPSZ06,BTSZ01,1,0.4029299303493339,0.0,1.4029299303493339
BPSZ06,CKSZ01,1,0.9862893010642204,0.0,1.9862893010642204
BPSZ06,CKSZ02,1,0.45965080628590727,0.0,1.4596508062859073
BPSZ06,DTSZ05,1,0.138896840692642,0.0,1.138896840692642
BPSZ06,DTSZ11,2,0.1457192416843662,0.0,2.145719241684366
BPSZ06,KLSZ06,1,0.35498691067109717,0.0,1.3549869106710972
BPSZ06,OTSZ03,1,0.26358722601820234,0.0,1.2635872260182024
BPSZ06,QTSZ05,1,0.308318598682229,0.0,1.308318598682229
BPSZ06,TPSZ03,1,0.12114517088151017,0.0,1.1211451708815101
BPSZ06,WCSZ01,2,0.5624909338128874,0.0,2.5624909338128874
BPSZ06,WDSZ01,1,0.1616373639330211,0.0,1.161637363933021
BPSZ07,BKSZ07,1,0.43790688584781995,0.22010302066056572,1.6580099065083855
BPSZ07,BKSZ09,1,0.3604729177058738,0.05693217841471272,1.4174050961205866
BPSZ07,BPSZ04,1,0.4141252517945286,0.32472292369621775,1.7388481754907463
BPSZ07,BPSZ05,2,0.614029270906698,0.9464130832749653,3.560442354181663
BPSZ07,BPSZ07,1,0.2993311836450091,0.0,1.299331183645009
BPSZ07,BSSZ02,1,0.28967043765692113,0.0,1.289670437656921
BPSZ07,BTSZ01,1,0.6040094290781498,0.45175220464284477,2.0557616337209947
BPSZ07,CHSZ03,1,0.47361389657215813,0.0,1.4736138965721581
BPSZ07,CLSZ06,1,0.2652700995604102,0.0,1.2652700995604103
BPSZ07,JWSZ02,1,0.24925835830143545,0.0,1.2492583583014354
BPSZ07,NTSZ03,1,0.03814417386988168,0.0,1.0381441738698818
BPSZ07,QTSZ08,1,0.26451857609199847,0.0,1.2645185760919984
BPSZ07,RCSZ10,1,0.12592077871314522,0.0,1.1259207787131453
BPSZ07,SBSZ05,1,0.011621281865191128,0.0,1.011621281865191
BPSZ07,SGSZ06,1,0.2240064677481464,0.0,1.2240064677481464
BPSZ07,TPSZ02,1,0.2534322207218983,0.0,1.2534322207218982
BPSZ07,WDSZ01,1,0.07466876991752135,0.0,1.0746687699175212
BSSZ01,AMSZ01,13,4.175667054648882,0.9332479606503293,18.108915015299214
BSSZ01,AMSZ02,4,0.6893050813820102,1.185707132200007,5.875012213582018
BSSZ01,AMSZ03,2,1.2517455242366236,0.46049184773386254,3.712237371970486
BSSZ01,AMSZ04,5,0.5063344616476242,0.1549395022986909,5.661273963946315
BSSZ01,AMSZ05,1,1.937302807544998,0.24255539423028674,3.1798582017752848
BSSZ01,AMSZ06,4,0.9580911576537214,0.216481809316066,5.174572966969787
BSSZ01,AMSZ08,1,0.4033968389024056,0.07265850042430304,1.4760553393267086
BSSZ01,AMSZ09,1,0.9908839780435914,0.053991858684765644,2.044875836728357
BSSZ01,BDSZ01,2,1.100667641316105,0.0,3.1006676413161047
BSSZ01,BDSZ04,3,1.2476119926586162,0.0,4.247611992658616
BSSZ01,BDSZ05,1,0.8277532643982215,0.0,1.8277532643982215
BSSZ01,BDSZ06,1,0.9929247418833402,0.0,1.9929247418833402
BSSZ01,BKSZ06,1,0.29652438682476123,0.0,1.2965243868247613
BSSZ01,BKSZ07,1,0.982202275973859,0.0,1.982202275973859
BSSZ01,BMSZ01,4,1.3646261317641442,0.0,5.364626131764144
BSSZ01,BMSZ04,1,0.5099347762770609,0.0,1.5099347762770607
BSSZ01,BMSZ06,2,0.9580007935934942,0.0,2.958000793593494
BSSZ01,BMSZ07,3,2.279048764343955,0.0,5.279048764343955
BSSZ01,BMSZ08,1,0.5672613034361297,0.0,1.5672613034361298
BSSZ01,BMSZ11,1,0.1028430914408377,0.0,1.1028430914408376
BSSZ01,BMSZ17,1,0.2933518386534821,0.0,1.2933518386534821
BSSZ01,BPSZ04,1,0.434698675977397,0.0,1.434698675977397
BSSZ01,BSSZ01,10,36.933475975185694,42.67701371024793,89.61048968543362
BSSZ01,BSSZ02,2,2.66593539436168,0.21348653725367034,4.879421931615351
BSSZ01,BSSZ03,12,3.2119554738982967,1.721414985512726,16.933370459411023
BSSZ01,BTSZ01,4,1.5638176948838851,0.0,5.563817694883885
BSSZ01,BTSZ03,2,0.7708655220306978,0.0,2.770865522030698
BSSZ01,CKSZ01,1,0.5002353360499564,0.0,1.5002353360499563
BSSZ01,CKSZ02,1,0.6435952513002434,0.0,1.6435952513002434
BSSZ01,CKSZ03,1,0.6656167756749254,0.0,1.6656167756749254
BSSZ01,CKSZ04,1,0.4542657154057396,0.0,1.4542657154057397
BSSZ01,CKSZ06,2,0.6462625326452319,0.0,2.646262532645232
BSSZ01,CLSZ07,1,0.364416973264874,0.0,1.3644169732648739
BSSZ01,DTSZ01,1,1.2288819461686022,0.0,2.2288819461686025
BSSZ01,DTSZ02,3,1.0458638474904076,0.0,4.045863847490407
BSSZ01,DTSZ03,3,1.4729370110385065,0.0,4.472937011038507
BSSZ01,DTSZ05,5,0.8521145824452141,0.0,5.852114582445214
BSSZ01,DTSZ08,3,0.49769282431117207,0.0,3.497692824311172
BSSZ01,DTSZ11,5,0.6495565174108019,0.0,5.649556517410802
BSSZ01,DTSZ12,1,0.4125893084649505,0.0,1.4125893084649506
BSSZ01,GLSZ05,3,1.8853442055728056,0.0,4.885344205572806
BSSZ01,HGSZ02,1,0.552481312435133,0.0,1.552481312435133
BSSZ01,HGSZ04,1,0.6921056934006269,0.0,1.6921056934006269
BSSZ01,HGSZ06,4,1.692924732478876,0.0,5.692924732478876
BSSZ01,HGSZ08,2,0.8974927454195287,0.0,2.8974927454195285
BSSZ01,JESZ02,1,0.18237316272350954,0.0,1.1823731627235095
BSSZ01,JESZ05,2,1.1388085242121382,0.0,3.138808524212138
BSSZ01,JESZ06,1,0.11176861497498868,0.0,1.1117686149749886
BSSZ01,KLSZ03,2,0.1979371363750371,0.0,2.197937136375037
BSSZ01,KLSZ05,1,0.6490025818554689,0.0,1.649002581855469
BSSZ01,KLSZ06,1,0.8731531139650263,0.0,1.8731531139650262
BSSZ01,KLSZ08,1,0.731816526962999,0.0,1.731816526962999
BSSZ01,KLSZ09,1,0.1538169707231997,0.0,1.1538169707231998
BSSZ01,MPSZ01,1,0.3835646878645813,0.0,1.3835646878645813
BSSZ01,MPSZ02,1,0.9736363119906609,0.0,1.9736363119906608
BSSZ01,MPSZ03,1,1.0720863097816375,0.0,2.0720863097816373
BSSZ01,MUSZ01,1,0.43553329357024945,0.0,1.4355332935702494
BSSZ01,NTSZ03,1,0.15745393778799685,0.0,1.1574539377879969
BSSZ01,NVSZ01,5,1.8233110597278395,0.0,6.823311059727839
BSSZ01,NVSZ02,2,1.1533013575348063,0.0,3.153301357534806
BSSZ01,ORSZ02,9,1.8364599233326584,0.0,10.836459923332658
BSSZ01,ORSZ03,4,0.9119090869968909,0.0,4.911909086996891
BSSZ01,OTSZ03,5,1.3652684405628648,0.0,6.365268440562865
BSSZ01,PGSZ02,1,0.6839873212757257,0.0,1.6839873212757257
BSSZ01,PGSZ03,1,0.5284688326029039,0.0,1.528468832602904
BSSZ01,PGSZ05,1,0.6506264920923448,0.0,1.6506264920923448
BSSZ01,PLSZ04,1,0.09330052735462682,0.0,1.0933005273546268
BSSZ01,QTSZ01,1,0.4942762727705666,0.0,1.4942762727705667
BSSZ01,QTSZ02,1,0.37126196908539466,0.0,1.3712619690853947
BSSZ01,QTSZ05,1,0.3839560727269749,0.0,1.3839560727269749
BSSZ01,QTSZ08,5,1.20726666947889,0.0,6.20726666947889
BSSZ01,QTSZ10,4,1.7211838675459437,0.0,5.721183867545943
BSSZ01,QTSZ11,2,0.7741904320383141,0.0,2.774190432038314
BSSZ01,QTSZ13,3,0.717846124117169,0.0,3.7178461241171687
BSSZ01,QTSZ14,3,0.7236316729211576,0.0,3.7236316729211576
BSSZ01,QTSZ15,1,0.21453984016182392,0.0,1.214539840161824
BSSZ01,RCSZ01,3,0.4714886465408063,0.0,3.471488646540806
BSSZ01,RCSZ03,1,0.2422666990405318,0.0,1.2422666990405318
BSSZ01,RCSZ09,1,0.2743923003957508,0.0,1.2743923003957507
BSSZ01,RVSZ05,1,0.36272585580635497,0.0,1.3627258558063549
BSSZ01,SBSZ01,3,1.077468333853069,0.0,4.077468333853069
BSSZ01,SBSZ03,2,0.7304926702309238,0.0,2.730492670230924
BSSZ01,SBSZ04,1,0.5398889015162774,0.0,1.5398889015162776
BSSZ01,SBSZ05,1,0.10195631743172472,0.0,1.1019563174317246
BSSZ01,SBSZ06,1,0.20853616026847452,0.0,1.2085361602684745
BSSZ01,SBSZ08,1,0.09175879897648374,0.0,1.0917587989764836
BSSZ01,SESZ02,2,1.472170288987803,0.0,3.4721702889878028
BSSZ01,SESZ03,2,1.2446485872272441,0.0,3.2446485872272444
BSSZ01,SESZ04,2,1.125118170797227,0.0,3.125118170797227
BSSZ01,SESZ06,2,1.7929681165897549,0.0,3.792968116589755
BSSZ01,SGSZ03,1,0.7133040051359446,0.0,1.7133040051359445
BSSZ01,SGSZ04,6,2.7883507123255966,0.0,8.788350712325597
BSSZ01,SGSZ06,2,0.8840936646302159,0.0,2.8840936646302158
BSSZ01,TMSZ03,3,1.9439354808448361,0.0,4.943935480844836
BSSZ01,TMSZ04,1,1.1746274772268002,0.0,2.1746274772268004
BSSZ01,TNSZ01,1,0.675566803468873,0.0,1.675566803468873
BSSZ01,TNSZ04,1,0.40318274075452876,0.0,1.4031827407545288
BSSZ01,TPSZ01,3,2.0956758375539244,0.2278093992246673,5.323485236778592
BSSZ01,TPSZ02,4,1.3414762200262889,0.772344901640643,6.113821121666932
BSSZ01,TPSZ03,1,0.7930533668279605,0.06633675246711487,1.8593901192950752
BSSZ01,TPSZ06,4,0.9360451306624675,0.0,4.9360451306624675
BSSZ01,TPSZ09,1,0.31777036112300894,0.0,1.317770361123009
BSSZ01,WCSZ01,2,0.7612871832618848,0.0,2.761287183261885
BSSZ01,WDSZ02,1,0.8086065333752264,0.0,1.8086065333752264
BSSZ01,WDSZ03,2,0.9505862910492981,0.0,2.950586291049298
BSSZ01,WDSZ04,1,0.3374802812009586,0.0,1.3374802812009585
BSSZ01,WDSZ05,1,0.4847416984342306,0.0,1.4847416984342305
BSSZ01,WDSZ06,3,0.4101077861984382,0.0,3.4101077861984384
BSSZ01,WDSZ08,1,0.27278904083734407,0.0,1.2727890408373441
BSSZ01,WDSZ09,1,0.25340093802569363,0.0,1.2534009380256936
BSSZ01,YSSZ01,1,0.9636824597588227,0.0,1.9636824597588227
BSSZ01,YSSZ03,2,1.6607902500417926,0.0,3.6607902500417926
BSSZ01,YSSZ04,1,0.6051350532277511,0.0,1.605135053227751
BSSZ01,YSSZ08,1,0.27490748452228697,0.0,1.274907484522287
BSSZ01,YSSZ09,8,1.5271822627810263,0.0,9.527182262781027
BSSZ02,AMSZ01,7,2.685337672001205,0.8298024865360976,10.515140158537303
BSSZ02,AMSZ03,1,0.9668938395898006,0.4593821722933403,2.426276011883141
BSSZ02,AMSZ04,1,0.3760675922335796,0.11838692810611837,1.494454520339698
BSSZ02,AMSZ05,1,1.3671726552897068,0.2887934095697554,2.6559660648594625
BSSZ02,BDSZ01,1,0.664752647767795,0.0,1.664752647767795
BSSZ02,BDSZ03,2,1.130888564648231,0.0,3.130888564648231
BSSZ02,BLSZ02,1,0.15492222738666403,0.0,1.154922227386664
BSSZ02,BMSZ02,1,0.32028979314929346,0.0,1.3202897931492934
BSSZ02,BPSZ05,1,0.529918143939417,0.0,1.5299181439394172
BSSZ02,BSSZ01,6,3.0055303536244478,0.3802870152400666,9.385817368864513
BSSZ02,BSSZ02,4,6.094056238443417,34.52680130250017,44.62085754094359
BSSZ02,BSSZ03,12,3.5072451727211806,4.251357364296762,19.758602537017943
BSSZ02,BTSZ01,3,1.1661175213975328,0.0,4.166117521397533
BSSZ02,BTSZ05,1,0.22538477356951672,0.0,1.2253847735695167
BSSZ02,CLSZ09,1,0.14849527473749202,0.0,1.148495274737492
BSSZ02,DTSZ01,2,0.8793558512558484,0.0,2.8793558512558484
BSSZ02,DTSZ02,1,0.44271918152184186,0.0,1.4427191815218419
BSSZ02,DTSZ03,4,1.6473483358161913,0.0,5.647348335816192
BSSZ02,DTSZ05,6,0.7453102921715643,0.0,6.745310292171564
BSSZ02,DTSZ08,3,0.5998687204197715,0.0,3.5998687204197717
BSSZ02,DTSZ09,2,0.24149860378741178,0.0,2.2414986037874116
BSSZ02,DTSZ11,2,0.730278433237232,0.0,2.730278433237232
BSSZ02,GLSZ02,2,0.536098049980558,0.0,2.536098049980558
BSSZ02,GLSZ03,1,0.7088739263175351,0.0,1.7088739263175352
BSSZ02,GLSZ04,1,1.2191904388096413,0.0,2.2191904388096413
BSSZ02,GLSZ05,3,1.5010970982048644,0.0,4.501097098204864
BSSZ02,HGSZ04,1,0.6019868730033991,0.0,1.601986873003399
BSSZ02,HGSZ08,1,0.6808008685392241,0.0,1.6808008685392242
BSSZ02,JESZ05,1,0.5581346610203566,0.0,1.5581346610203566
BSSZ02,KLSZ06,2,0.8340050386609154,0.0,2.8340050386609152
BSSZ02,KLSZ09,1,0.1168771929750338,0.0,1.1168771929750339
BSSZ02,MPSZ03,1,0.7645270366817524,0.0,1.7645270366817525
BSSZ02,MUSZ01,1,0.2378212585902237,0.0,1.2378212585902237
BSSZ02,NVSZ02,5,1.309764877555358,0.0,6.309764877555358
BSSZ02,ORSZ01,1,0.07793330911270392,0.0,1.077933309112704
BSSZ02,ORSZ02,3,1.3652954155380617,0.0,4.365295415538061
BSSZ02,ORSZ03,3,0.7998527846098934,0.0,3.7998527846098935
BSSZ02,OTSZ03,2,1.3194687172097141,0.0,3.3194687172097144
BSSZ02,PGSZ05,1,0.638321872746749,0.0,1.638321872746749
BSSZ02,PRSZ02,1,0.6899709147659542,0.0,1.6899709147659543
BSSZ02,PRSZ03,2,1.0938532494266124,0.0,3.0938532494266124
BSSZ02,PRSZ05,1,0.8292842012630411,0.0,1.8292842012630413
BSSZ02,QTSZ05,2,0.6684343627939314,0.0,2.6684343627939313
BSSZ02,QTSZ08,4,1.4024713034712497,0.0,5.40247130347125
BSSZ02,QTSZ10,1,0.4789556302885225,0.0,1.4789556302885225
BSSZ02,QTSZ11,3,1.2617748435268576,0.0,4.261774843526858
BSSZ02,QTSZ12,1,0.24158023665051007,0.0,1.24158023665051
BSSZ02,QTSZ13,1,0.41428871441073567,0.0,1.4142887144107357
BSSZ02,QTSZ14,2,0.7181524547314246,0.0,2.718152454731425
BSSZ02,QTSZ15,2,0.4526418352394598,0.0,2.4526418352394597
BSSZ02,RCSZ10,1,0.27669391558426726,0.0,1.2766939155842674
BSSZ02,SBSZ03,1,0.5904797215343545,0.0,1.5904797215343545
BSSZ02,SESZ03,2,1.401044202507768,0.0,3.401044202507768
BSSZ02,SESZ06,1,1.1562178211802006,0.0,2.1562178211802006
BSSZ02,SESZ07,1,0.0,0.0,1.0
BSSZ02,SGSZ02,1,0.34155237315549986,0.0,1.3415523731555
BSSZ02,SGSZ03,1,0.5839561154813487,0.0,1.5839561154813486
BSSZ02,SGSZ06,1,0.6736419981496686,0.28766500875877465,1.9613070069084433
BSSZ02,SKSZ03,1,0.16675378121894321,0.0,1.1667537812189432
BSSZ02,SRSZ02,1,0.1954763143025798,0.0,1.1954763143025797
BSSZ02,THSZ01,1,0.0,0.0,1.0
BSSZ02,TMSZ04,1,0.50023559681479,0.0,1.50023559681479
BSSZ02,TMSZ05,3,1.224384290009615,0.0,4.224384290009615
BSSZ02,TNSZ01,1,0.46867638563061637,0.0,1.4686763856306164
BSSZ02,TNSZ04,2,0.5276661472026786,0.0,2.5276661472026785
BSSZ02,TPSZ01,1,0.8491081440015403,0.21217723804309077,2.061285382044631
BSSZ02,TPSZ02,1,0.8287542786496326,0.2601366607741955,2.088890939423828
BSSZ02,TPSZ05,1,0.6530553743344706,0.060111763478283294,1.713167137812754
BSSZ02,TPSZ06,3,1.3612597383074205,0.3237789993908972,4.685038737698318
BSSZ02,TPSZ11,1,0.6562394318253855,0.0,1.6562394318253855
BSSZ02,TPSZ12,1,0.3338996488872225,0.0,1.3338996488872226
BSSZ02,WCSZ01,1,0.4964275868582308,0.0,1.4964275868582309
BSSZ02,WDSZ02,2,0.9909424796951488,0.0,2.990942479695149
BSSZ02,WDSZ03,1,0.5828145879854578,0.0,1.5828145879854578
BSSZ02,WDSZ07,1,0.09202624626320324,0.0,1.0920262462632033
BSSZ02,WDSZ09,1,0.18958667643481517,0.0,1.189586676434815
BSSZ02,YSSZ04,1,0.5955402300178302,0.0,1.5955402300178303
BSSZ02,YSSZ09,2,1.1126578591418128,0.0,3.112657859141813
BSSZ03,AMSZ01,5,2.462831160519978,0.9225187609859791,8.385349921505957
BSSZ03,AMSZ02,3,0.9169726416259558,1.5577491998080304,5.474721841433986
BSSZ03,AMSZ03,2,0.9826168928863969,1.211414135741025,4.194031028627422
BSSZ03,AMSZ04,4,0.1875033102808952,0.3580093357704648,4.54551264605136
BSSZ03,AMSZ07,1,0.37347100763679536,0.0,1.3734710076367953
BSSZ03,AMSZ09,1,0.2729296024642202,0.0,1.2729296024642203
BSSZ03,AMSZ10,1,0.3037460672152386,0.0,1.3037460672152386
BSSZ03,BDSZ03,3,0.6059664615811078,0.0,3.605966461581108
BSSZ03,BDSZ04,1,0.38267513917767976,0.0,1.3826751391776797
BSSZ03,BKSZ01,1,0.08798662436005002,0.0,1.08798662436005
BSSZ03,BKSZ02,1,0.12156474918059869,0.0,1.1215647491805987
BSSZ03,BKSZ03,1,0.3164257058414151,0.0,1.316425705841415
BSSZ03,BMSZ01,2,0.5379671708525458,0.0,2.5379671708525455
BSSZ03,BMSZ02,1,0.2137578694930364,0.0,1.2137578694930364
BSSZ03,BMSZ06,1,0.2475438090553277,0.0,1.2475438090553277
BSSZ03,BMSZ08,1,0.26900691492048534,0.0,1.2690069149204852
BSSZ03,BPSZ04,1,0.26081279376875993,0.0,1.2608127937687599
BSSZ03,BPSZ07,1,0.0862516501864117,0.0,1.0862516501864117
BSSZ03,BSSZ01,13,3.2856409610062838,0.8989573657067859,17.18459832671307
BSSZ03,BSSZ02,10,7.294909661999429,1.9762540171136183,19.271163679113048
BSSZ03,BSSZ03,25,4.691396887488695,44.558413850251576,74.24981073774026
BSSZ03,BTSZ03,1,0.2082090087664597,0.0,1.2082090087664596
BSSZ03,BTSZ07,1,0.26284133429912776,0.0,1.2628413342991278
BSSZ03,CCSZ01,1,0.14928521401394657,0.0,1.1492852140139465
BSSZ03,CHSZ03,1,0.7985394100781331,0.0,1.7985394100781331
BSSZ03,CKSZ02,1,0.4609344373672135,0.0,1.4609344373672135
BSSZ03,CKSZ05,1,0.13414963951595119,0.0,1.1341496395159512
BSSZ03,CLSZ04,1,0.2535541779296841,0.0,1.2535541779296842
BSSZ03,DTSZ01,2,0.6685354198429332,0.0,2.668535419842933
BSSZ03,DTSZ02,5,0.5103392024818525,0.0,5.510339202481853
BSSZ03,DTSZ03,1,0.4154842049396633,0.0,1.4154842049396632
BSSZ03,DTSZ05,6,0.41166736250325525,0.0,6.411667362503255
BSSZ03,DTSZ11,3,0.5151436394513079,0.0,3.515143639451308
BSSZ03,GLSZ02,1,0.27980596580924555,0.0,1.2798059658092455
BSSZ03,GLSZ03,3,0.9300381145371759,0.0,3.930038114537176
BSSZ03,GLSZ04,1,0.8295231238355262,0.0,1.8295231238355263
BSSZ03,GLSZ05,4,1.3790189840633937,0.0,5.379018984063394
BSSZ03,HGSZ05,1,0.5596701238913214,0.0,1.5596701238913213
BSSZ03,HGSZ07,2,0.47355905585967245,0.0,2.4735590558596723
BSSZ03,HGSZ08,1,0.3678734687143938,0.0,1.3678734687143939
BSSZ03,JESZ04,1,0.08770080623077874,0.0,1.0877008062307787
BSSZ03,JESZ05,3,0.6861301410056171,0.0,3.6861301410056173
BSSZ03,JWSZ09,1,0.41309363904670066,0.0,1.4130936390467006
BSSZ03,KLSZ01,1,0.6631097789237141,0.1593519294806453,1.8224617084043595
BSSZ03,KLSZ06,1,0.39741368483857764,0.0,1.3974136848385776
BSSZ03,KLSZ07,2,0.5135139398539212,0.0,2.5135139398539215
BSSZ03,KLSZ08,2,0.5537301988326655,0.0,2.5537301988326657
BSSZ03,KLSZ09,2,0.14022403828215085,0.0,2.1402240382821507
BSSZ03,MDSZ02,1,0.12659219365315208,0.0,1.126592193653152
BSSZ03,MPSZ03,1,0.5152400627370002,0.0,1.5152400627370002
BSSZ03,NTSZ03,1,0.13321758249527402,0.0,1.133217582495274
BSSZ03,NVSZ01,3,1.7831939349559538,0.4867430007824138,5.269936935738367
BSSZ03,NVSZ02,12,1.5196223158782873,0.0,13.519622315878287
BSSZ03,NVSZ03,1,0.19114789701737647,0.0,1.1911478970173766
BSSZ03,ORSZ01,1,0.051500170350424083,0.0,1.051500170350424
BSSZ03,ORSZ02,4,0.9798639533185382,0.0,4.979863953318538
BSSZ03,ORSZ03,4,0.549745876290973,0.0,4.549745876290973
BSSZ03,OTSZ03,3,1.0277762183545998,0.0,4.0277762183545995
BSSZ03,PGSZ02,1,0.27434863321660263,0.0,1.2743486332166025
BSSZ03,PNSZ02,1,0.0,0.0,1.0
BSSZ03,PNSZ03,1,0.0,0.0,1.0
BSSZ03,PRSZ05,1,0.4941741169779545,0.0,1.4941741169779545
BSSZ03,QTSZ02,1,0.39371379970707227,0.0,1.3937137997070723
BSSZ03,QTSZ06,1,0.15759814400293856,0.0,1.1575981440029386
BSSZ03,QTSZ08,4,1.1190415986592621,0.0,5.119041598659262
BSSZ03,QTSZ10,1,0.33181009275062207,0.0,1.331810092750622
BSSZ03,QTSZ11,2,0.7349528025591888,0.0,2.7349528025591887
BSSZ03,QTSZ14,3,0.597499253114217,0.0,3.597499253114217
BSSZ03,QTSZ15,1,0.14518289497671613,0.0,1.1451828949767162
BSSZ03,RCSZ01,1,0.13338503624114176,0.0,1.1333850362411417
BSSZ03,RCSZ05,1,0.07621566346754195,0.0,1.076215663467542
BSSZ03,RCSZ09,3,0.17863081340175224,0.0,3.1786308134017522
BSSZ03,RVSZ05,1,0.22040382200440806,0.0,1.220403822004408
BSSZ03,SBSZ01,1,0.4297151987910191,0.0,1.429715198791019
BSSZ03,SBSZ03,1,0.39686274302422,0.0,1.39686274302422
BSSZ03,SESZ03,1,0.5954054469303596,0.0,1.5954054469303596
BSSZ03,SESZ05,1,0.4935856494260697,0.0,1.4935856494260698
BSSZ03,SESZ06,1,0.942157865357283,0.0,1.942157865357283
BSSZ03,SGSZ02,1,0.1387653124083209,0.0,1.1387653124083208
BSSZ03,SGSZ04,2,1.3384711372921065,0.5347267354684591,3.873197872760566
BSSZ03,SGSZ05,1,0.43198063503665163,0.5702969755754357,2.0022776106120874
BSSZ03,SGSZ06,6,1.726178175428454,1.4435564630120616,9.169734638440517
BSSZ03,SGSZ07,1,0.23113320337769988,0.11060713930812337,1.3417403426858232
BSSZ03,SRSZ02,1,0.07265148028512583,0.0,1.072651480285126
BSSZ03,SRSZ03,1,0.1920664839307022,0.0,1.1920664839307022
BSSZ03,TMSZ02,3,1.3027453850363018,0.0,4.302745385036301
BSSZ03,TMSZ03,2,1.203676306018034,0.0,3.2036763060180338
BSSZ03,TMSZ04,2,0.7852139087835193,0.0,2.7852139087835193
BSSZ03,TMSZ05,3,0.7668161118465143,0.0,3.766816111846514
BSSZ03,TNSZ04,2,0.30486420407034953,0.0,2.3048642040703493
BSSZ03,TPSZ01,4,0.6637174183042365,0.8232437025894765,5.486961120893714
BSSZ03,TPSZ02,10,2.2602378479249974,2.6875251220977856,14.947762970022783
BSSZ03,TPSZ03,1,0.4060897461375563,0.2562446138419718,1.6623343599795282
BSSZ03,TPSZ05,1,0.609100023689531,0.12999855757730555,1.7390985812668365
BSSZ03,TPSZ06,10,1.313195618086209,1.1005501814701808,12.41374579955639
BSSZ03,TPSZ07,1,0.16894237467860118,0.21194157406091066,1.380883948739512
BSSZ03,TPSZ12,1,0.2243169096180598,0.0,1.2243169096180597
BSSZ03,TSSZ05,2,0.8644388975148055,0.0,2.8644388975148054
BSSZ03,WCSZ01,1,0.29605805857068845,0.0,1.2960580585706885
BSSZ03,WDSZ02,2,0.3520906078294222,0.0,2.3520906078294224
BSSZ03,WDSZ03,2,0.7157554420620792,0.0,2.715755442062079
BSSZ03,YSSZ01,1,0.21445168190310113,0.0,1.214451681903101
BSSZ03,YSSZ03,1,0.4428069487003438,0.0,1.4428069487003439
BSSZ03,YSSZ04,1,0.3299263156282306,0.0,1.3299263156282306
BSSZ03,YSSZ06,1,0.08542351510165316,0.0,1.0854235151016531
BSSZ03,YSSZ09,5,1.0012372746283469,0.0,6.001237274628346
BTSZ01,AMSZ02,1,0.3661052534742736,0.0,1.3661052534742737
BTSZ01,AMSZ04,1,0.07835547427217397,0.0,1.078355474272174
BTSZ01,AMSZ05,1,0.36943221619813765,0.0,1.3694322161981376
BTSZ01,AMSZ06,2,0.5199303840882245,0.0,2.5199303840882243
BTSZ01,AMSZ09,1,0.23583625730537894,0.0,1.235836257305379
BTSZ01,BDSZ01,1,0.5038870326992297,0.0,1.5038870326992297
BTSZ01,BDSZ03,1,0.6389324695616286,0.0,1.6389324695616287
BTSZ01,BDSZ04,2,0.47907871480309483,0.0,2.479078714803095
BTSZ01,BKSZ01,1,0.17930852604873823,0.0,1.1793085260487381
BTSZ01,BKSZ02,3,0.3469437653260398,0.0,3.34694376532604
BTSZ01,BKSZ03,2,0.7964631859400105,0.0,2.7964631859400106
BTSZ01,BKSZ04,1,0.5329738623402798,0.35096390428915014,1.88393776662943
BTSZ01,BKSZ05,9,3.4353934573878577,2.248089178102859,14.683482635490716
BTSZ01,BKSZ06,1,0.48241548663159545,0.12681827792981495,1.6092337645614105
BTSZ01,BKSZ07,4,1.411626438338375,1.6410487286729443,7.052675167011319
BTSZ01,BKSZ08,2,0.27489625937449447,0.10655349199207624,2.3814497513665707
BTSZ01,BKSZ09,2,0.694919703432121,0.041901603020903025,2.7368213064530242
BTSZ01,BMSZ02,1,0.285258233926155,0.0,1.2852582339261551
BTSZ01,BMSZ03,1,0.3725358746851314,0.0,1.3725358746851315
BTSZ01,BMSZ04,3,0.3530227501725632,0.0,3.3530227501725633
BTSZ01,BMSZ05,2,0.45763890010395064,0.0,2.4576389001039507
BTSZ01,BMSZ06,3,0.3764416373120723,0.0,3.3764416373120723
BTSZ01,BMSZ12,1,0.33561878328443734,0.0,1.3356187832844373
BTSZ01,BPSZ01,1,0.2814644855485648,0.0,1.2814644855485648
BTSZ01,BPSZ02,3,0.2993784216560597,0.0,3.2993784216560598
BTSZ01,BPSZ03,1,0.5263920291533967,0.0,1.5263920291533966
BTSZ01,BPSZ04,1,0.41097243545584994,0.0,1.41097243545585
BTSZ01,BPSZ05,4,0.5637518200229482,0.0,4.563751820022948
BTSZ01,BPSZ06,1,0.5094268774063171,0.0,1.509426877406317
BTSZ01,BSSZ01,3,1.209181276818998,0.0,4.209181276818998
BTSZ01,BSSZ02,2,0.8619571743336997,0.0,2.8619571743337
BTSZ01,BSSZ03,1,0.612475604404373,0.0,1.612475604404373
BTSZ01,BTSZ01,18,4.577386282147472,25.81662499522189,48.39401127736936
BTSZ01,BTSZ02,1,0.29228283150726175,0.0,1.2922828315072619
BTSZ01,BTSZ03,5,1.1288995555517147,1.144870784083775,7.273770339635489
BTSZ01,BTSZ05,1,0.3037308623353388,0.0,1.3037308623353387
BTSZ01,BTSZ06,2,0.4805126076835909,0.0,2.480512607683591
BTSZ01,CKSZ01,3,0.44681544902051357,0.0,3.4468154490205136
BTSZ01,CKSZ02,5,1.4434260684777365,0.0,6.443426068477736
BTSZ01,CKSZ03,1,0.5149402988478687,0.0,1.5149402988478688
BTSZ01,CKSZ04,2,0.5957117442877203,0.0,2.5957117442877204
BTSZ01,CKSZ05,1,0.21093539344850715,0.0,1.2109353934485072
BTSZ01,CKSZ06,4,0.3926497033618406,0.0,4.39264970336184
BTSZ01,CLSZ01,1,0.40408501767337157,0.21082391734338843,1.6149089350167598
BTSZ01,CLSZ02,1,0.3099595735838176,0.40509264004419765,1.7150522136280153
BTSZ01,CLSZ03,1,0.6335743130224122,0.15356836086305306,1.7871426738854654
BTSZ01,CLSZ04,7,1.3302219727951838,1.7579402210134591,10.088162193808643
BTSZ01,CLSZ06,7,0.8665027731109501,1.6082776571410002,9.47478043025195
BTSZ01,CLSZ07,1,0.3654952131200296,0.0,1.3654952131200295
BTSZ01,CLSZ08,1,0.4938467251137806,0.0,1.4938467251137806
BTSZ01,DTSZ01,3,0.5312777918830723,0.0,3.5312777918830722
BTSZ01,DTSZ02,2,0.48919736931201374,0.0,2.4891973693120137
BTSZ01,DTSZ03,4,0.9790042447773937,0.0,4.979004244777394
BTSZ01,DTSZ05,5,1.2954795378669028,0.0,6.295479537866903
BTSZ01,DTSZ06,1,0.04772893787047694,0.0,1.047728937870477
BTSZ01,DTSZ08,4,0.5228757750906504,0.0,4.52287577509065
BTSZ01,DTSZ11,3,0.8452260967418567,0.0,3.8452260967418566
BTSZ01,DTSZ12,2,0.3330218527905696,0.0,2.3330218527905697
BTSZ01,GLSZ02,2,0.35183469853211485,0.0,2.351834698532115
BTSZ01,GLSZ03,2,0.591903672443372,0.0,2.591903672443372
BTSZ01,HGSZ02,1,0.41886457988904435,0.0,1.4188645798890445
BTSZ01,HGSZ04,2,0.6960379118895412,0.0,2.6960379118895412
BTSZ01,HGSZ05,1,0.5733974067160459,0.0,1.5733974067160459
BTSZ01,HGSZ07,1,0.3475585752646564,0.0,1.3475585752646564
BTSZ01,JESZ02,2,0.5065523546971367,0.0,2.5065523546971367
BTSZ01,JESZ03,1,0.7226334158667934,0.19763539860426627,1.9202688144710598
BTSZ01,JESZ05,3,0.8102206852529359,0.9052762171721186,4.715496902425055
BTSZ01,JWSZ03,1,0.5334784510509235,0.0,1.5334784510509234
BTSZ01,JWSZ04,1,0.5612838251351466,0.0,1.5612838251351466
BTSZ01,JWSZ09,3,0.9559117788876785,0.0,3.9559117788876783
BTSZ01,KLSZ01,1,0.6437564796989762,0.0,1.6437564796989763
BTSZ01,KLSZ07,4,0.9684213223620365,0.0,4.968421322362037
BTSZ01,KLSZ08,1,0.43269675678357694,0.0,1.4326967567835769
BTSZ01,MDSZ02,1,0.13120634734638084,0.0,1.131206347346381
BTSZ01,MPSZ02,1,0.4991549924862663,0.0,1.4991549924862664
BTSZ01,MPSZ03,1,0.6647417514135752,0.0,1.6647417514135752
BTSZ01,MUSZ01,1,0.19304690933302637,0.0,1.1930469093330265
BTSZ01,NTSZ03,1,0.13137539344252705,0.0,1.131375393442527
BTSZ01,NVSZ01,1,0.9043595765834243,0.0,1.9043595765834243
BTSZ01,NVSZ02,3,0.9383562199099753,0.0,3.9383562199099753
BTSZ01,ORSZ01,1,0.05857019426651349,0.0,1.0585701942665136
BTSZ01,ORSZ02,2,0.6698912570344909,0.0,2.669891257034491
BTSZ01,OTSZ03,1,0.5163612501532516,0.0,1.5163612501532517
BTSZ01,OTSZ04,1,0.09757756346296254,0.0,1.0975775634629625
BTSZ01,PGSZ02,1,0.2910529106908339,0.0,1.291052910690834
BTSZ01,PGSZ03,1,0.3838281460131489,0.0,1.383828146013149
BTSZ01,PGSZ04,2,0.6928375429224858,0.0,2.6928375429224856
BTSZ01,PRSZ02,1,0.491404353920147,0.0,1.491404353920147
BTSZ01,PRSZ03,2,0.4796175400042153,0.0,2.4796175400042153
BTSZ01,PRSZ05,2,0.5168101729773503,0.0,2.51681017297735
BTSZ01,QTSZ01,1,0.5038269702390396,0.28311851843657737,1.7869454886756169
BTSZ01,QTSZ03,1,0.1430222990398766,0.0,1.1430222990398766
BTSZ01,QTSZ04,2,0.1767985606835073,0.0,2.1767985606835074
BTSZ01,QTSZ06,1,0.21782548076572184,0.0,1.2178254807657218
BTSZ01,QTSZ08,5,1.039584422264733,0.0,6.039584422264733
BTSZ01,QTSZ12,2,0.19726795492892674,0.0,2.1972679549289267
BTSZ01,QTSZ14,1,0.38688699550293515,0.0,1.3868869955029353
BTSZ01,RCSZ01,2,0.24666601864761648,0.0,2.2466660186476166
BTSZ01,RCSZ05,1,0.09444623252483635,0.0,1.0944462325248363
BTSZ01,RCSZ10,1,0.21103054616875175,0.0,1.2110305461687518
BTSZ01,RVSZ01,1,0.0,0.0,1.0
BTSZ01,SBSZ01,1,0.4281234171252751,0.0,1.428123417125275
BTSZ01,SBSZ03,2,0.7430621739593959,0.0,2.743062173959396
BTSZ01,SBSZ05,1,0.034408933239714085,0.0,1.0344089332397142
BTSZ01,SESZ02,1,0.526584187325172,0.0,1.526584187325172
BTSZ01,SESZ03,3,0.9407358691898472,0.0,3.9407358691898473
BTSZ01,SESZ04,2,0.7834132568307435,0.0,2.7834132568307437
BTSZ01,SESZ06,1,0.6164734498046713,0.0,1.6164734498046713
BTSZ01,SGSZ04,1,0.6459778071755999,0.0,1.6459778071756
BTSZ01,SGSZ06,3,0.7470297494345344,0.0,3.7470297494345344
BTSZ01,SISZ01,1,0.3366235738746138,0.0,1.3366235738746137
BTSZ01,SRSZ02,1,0.07956437819377274,0.0,1.0795643781937727
BTSZ01,TMSZ01,2,0.5434828731840619,0.0,2.543482873184062
BTSZ01,TMSZ02,5,1.1096357835571142,0.0,6.109635783557114
BTSZ01,TMSZ03,2,0.8188512113245203,0.0,2.81885121132452
BTSZ01,TMSZ04,3,0.7299423445577936,0.0,3.7299423445577937
BTSZ01,TMSZ05,2,1.0063554831182957,0.0,3.0063554831182957
BTSZ01,TNSZ03,1,0.04882382011752529,0.0,1.0488238201175253
BTSZ01,TNSZ04,3,0.3248892143925959,0.0,3.324889214392596
BTSZ01,TPSZ02,1,0.5926414248722967,0.0,1.5926414248722967
BTSZ01,TPSZ04,1,0.09301537883879651,0.0,1.0930153788387966
BTSZ01,TPSZ05,1,0.18626747001968125,0.0,1.1862674700196814
BTSZ01,TPSZ12,1,0.20517142511416275,0.0,1.2051714251141628
BTSZ01,WCSZ01,1,0.47273142694484044,0.0,1.4727314269448404
BTSZ01,WDSZ01,1,0.1570027550450826,0.0,1.1570027550450825
BTSZ01,WDSZ02,2,0.6459149958089946,0.0,2.6459149958089947
BTSZ01,WDSZ03,5,0.9599650524319858,0.0,5.959965052431986
BTSZ01,WDSZ04,1,0.34630682023465365,0.0,1.3463068202346538
BTSZ01,WDSZ05,1,0.3921584035010065,0.0,1.3921584035010066
BTSZ01,WDSZ06,1,0.2697957548751755,0.0,1.2697957548751755
BTSZ01,YSSZ01,1,0.3124597373192481,0.0,1.3124597373192481
BTSZ01,YSSZ02,1,0.3624666187942892,0.0,1.362466618794289
BTSZ01,YSSZ05,1,0.15850610481073307,0.0,1.158506104810733
BTSZ01,YSSZ08,2,0.16302051918359975,0.0,2.1630205191835996
BTSZ01,YSSZ09,2,0.5896962856533369,0.0,2.589696285653337
BTSZ02,BKSZ09,1,0.24340657026287432,0.0,1.2434065702628743
BTSZ02,BMSZ04,1,0.23071748373183035,0.0,1.2307174837318304
BTSZ02,BMSZ12,1,0.09771484206361379,0.0,1.0977148420636138
BTSZ02,BPSZ02,1,0.15638478508091733,0.0,1.1563847850809172
BTSZ02,BTSZ07,1,0.4090896481839546,0.0,1.4090896481839545
BTSZ02,CLSZ05,1,0.17501552447394536,0.0,1.1750155244739453
BTSZ02,DTSZ11,1,0.11957521814922979,0.0,1.1195752181492298
BTSZ02,GLSZ05,1,0.14752851411171253,0.0,1.1475285141117126
BTSZ02,KLSZ03,1,0.025890405262963444,0.0,1.0258904052629634
BTSZ02,KLSZ08,1,0.1279867265500956,0.0,1.1279867265500956
BTSZ02,NVSZ02,1,0.24441653650585313,0.0,1.244416536505853
BTSZ02,ORSZ02,1,0.26678911654503223,0.0,1.2667891165450322
BTSZ02,ORSZ03,2,0.20889415156076765,0.0,2.208894151560768
BTSZ02,PNSZ01,1,0.06825135304070853,0.0,1.0682513530407085
BTSZ02,SRSZ02,1,0.029956821378080773,0.0,1.0299568213780808
BTSZ02,TPSZ01,1,0.08072703879631632,0.0,1.0807270387963164
BTSZ02,WCSZ01,2,0.36765526430088624,0.0,2.367655264300886
BTSZ03,AMSZ04,1,0.01788766079225012,0.0,1.01788766079225
BTSZ03,AMSZ06,1,0.3107848262434713,0.0,1.3107848262434714
BTSZ03,BDSZ01,1,0.19321638838143085,0.0,1.1932163883814308
BTSZ03,BDSZ08,1,0.098882420508157,0.0,1.098882420508157
BTSZ03,BKSZ05,3,0.7714721578672057,0.0,3.7714721578672057
BTSZ03,BKSZ06,1,0.15359384367115425,0.0,1.1535938436711541
BTSZ03,BKSZ07,3,0.4707788330404035,0.0,3.4707788330404035
BTSZ03,BMSZ08,1,0.11004602010037902,0.0,1.110046020100379
BTSZ03,BPSZ04,1,0.2729377463600366,0.0,1.2729377463600366
BTSZ03,BPSZ05,1,0.25432449137578184,0.0,1.2543244913757818
BTSZ03,BSSZ01,1,0.3688455017266589,0.0,1.368845501726659
BTSZ03,BSSZ03,1,0.21436357209275197,0.0,1.214363572092752
BTSZ03,BTSZ01,3,0.9098734061675531,0.40011748308336686,4.30999088925092
BTSZ03,BTSZ07,1,0.2745640038448597,0.14192924164510506,1.4164932454899648
BTSZ03,CKSZ03,1,0.2849028584044047,0.0,1.2849028584044047
BTSZ03,CKSZ06,1,0.1523379832783878,0.0,1.1523379832783878
BTSZ03,CLSZ04,1,0.33722786769779023,0.2134529935570036,1.5506808612547938
BTSZ03,CLSZ06,1,0.26069759007201837,0.18826390734019852,1.448961497412217
BTSZ03,DTSZ01,1,0.19617460592907074,0.0,1.1961746059290708
BTSZ03,DTSZ02,3,0.2519764163608036,0.0,3.2519764163608036
BTSZ03,GLSZ05,1,0.16304390314604383,0.0,1.1630439031460438
BTSZ03,JESZ01,1,0.13873291033760227,0.0,1.1387329103376023
BTSZ03,KLSZ06,1,0.2170211506105707,0.0,1.2170211506105706
BTSZ03,NVSZ01,1,0.39301570767647,0.0,1.39301570767647
BTSZ03,OTSZ03,2,0.3857630986019805,0.0,2.3857630986019807
BTSZ03,PGSZ04,1,0.2989243569913349,0.0,1.298924356991335
BTSZ03,QTSZ06,1,0.18411481542300148,0.0,1.1841148154230015
BTSZ03,QTSZ08,1,0.3077092107622433,0.05619912894933281,1.363908339711576
BTSZ03,QTSZ14,1,0.22546030830545127,0.0,1.2254603083054514
BTSZ03,QTSZ15,1,0.11171938499090918,0.0,1.1117193849909093
BTSZ03,RCSZ01,1,0.061036133221279903,0.0,1.0610361332212799
BTSZ03,RCSZ10,1,0.13264645109372655,0.0,1.1326464510937266
BTSZ03,SBSZ03,1,0.2980200265801846,0.0,1.2980200265801847
BTSZ03,SESZ03,1,0.2905447343647908,0.0,1.290544734364791
BTSZ03,SESZ04,1,0.33728166744327703,0.0,1.337281667443277
BTSZ03,WDSZ03,1,0.2956956262267106,0.0,1.2956956262267105
BTSZ03,WDSZ04,1,0.25438232030614527,0.0,1.2543823203061453
BTSZ04,BTSZ04,1,0.4996320101819141,0.23237064334503693,1.732002653526951
BTSZ04,BTSZ07,2,0.8676626894452543,0.15467648366464842,3.022339173109903
BTSZ04,CLSZ06,2,0.38183023472077077,0.21391849080106998,2.5957487255218408
BTSZ04,DTSZ06,2,0.04919002974656974,0.0,2.04919002974657
BTSZ04,DTSZ11,1,0.10417071537840507,0.0,1.104170715378405
BTSZ04,GLSZ05,1,0.13835810090647616,0.0,1.1383581009064763
BTSZ04,JWSZ09,1,0.4438345889801117,0.0,1.4438345889801116
BTSZ04,KLSZ08,1,0.15327833616636158,0.0,1.1532783361663617
BTSZ04,ORSZ02,1,0.3789279090319896,0.0,1.3789279090319897
BTSZ04,QTSZ01,2,0.4866371536486924,0.22904379721427995,2.7156809508629722
BTSZ04,QTSZ09,1,0.08523589564079263,0.0,1.0852358956407926
BTSZ04,QTSZ10,1,0.39422416601834687,0.16995397357393696,1.564178139592284
BTSZ04,TNSZ03,1,0.017018170131747612,0.0,1.0170181701317476
BTSZ05,AMSZ01,1,0.3916774279557967,0.0,1.3916774279557966
BTSZ05,BKSZ05,1,0.44035416124040677,0.0,1.4403541612404067
BTSZ05,BMSZ05,1,0.17329110849081483,0.0,1.1732911084908149
BTSZ05,BSSZ02,1,0.357399632677631,0.0,1.357399632677631
BTSZ05,BSSZ03,1,0.2472980490165942,0.0,1.2472980490165941
BTSZ05,BTSZ01,1,0.3906341110648559,0.0,1.390634111064856
BTSZ05,BTSZ03,1,0.27416049769980005,0.0,1.2741604976998
BTSZ05,CKSZ01,1,0.4810956796693131,0.0,1.481095679669313
BTSZ05,CKSZ03,1,0.383647747506434,0.0,1.383647747506434
BTSZ05,CKSZ06,1,0.2196722304894001,0.0,1.2196722304894
BTSZ05,CLSZ04,1,0.28598582354198165,0.0,1.2859858235419817
BTSZ05,CLSZ05,1,0.054411906641517786,0.0,1.0544119066415178
BTSZ05,DTSZ02,1,0.10898084634709343,0.0,1.1089808463470934
BTSZ05,DTSZ05,1,0.18731930374162678,0.0,1.1873193037416268
BTSZ05,DTSZ08,2,0.034976709039560225,0.0,2.0349767090395603
BTSZ05,DTSZ11,3,0.16080857819112734,0.0,3.1608085781911273
BTSZ05,GLSZ05,1,0.2998740614296885,0.0,1.2998740614296884
BTSZ05,JESZ05,1,0.3967644337728409,0.0,1.3967644337728409
BTSZ05,JWSZ02,1,0.2670526752846531,0.0,1.2670526752846532
BTSZ05,NVSZ04,1,0.16563852818778832,0.0,1.1656385281877883
BTSZ05,ORSZ03,1,0.14559697140297895,0.0,1.145596971402979
BTSZ05,OTSZ03,1,0.302470685350459,0.0,1.302470685350459
BTSZ05,RCSZ09,1,0.04989718289500852,0.0,1.0498971828950086
BTSZ05,TMSZ03,1,0.41385972617950517,0.0,1.4138597261795052
BTSZ05,TPSZ06,1,0.18158982840823884,0.0,1.181589828408239
BTSZ05,TPSZ09,1,0.07589488456616418,0.0,1.0758948845661642
BTSZ05,YSSZ01,1,0.2216680081861609,0.0,1.2216680081861608
BTSZ05,YSSZ09,1,0.2879792010202011,0.0,1.2879792010202011
BTSZ06,AMSZ12,1,0.048742582642149236,0.0,1.0487425826421493
BTSZ06,BDSZ07,1,0.13060055439276583,0.0,1.1306005543927657
BTSZ06,BKSZ04,1,0.10822391800662719,0.0,1.1082239180066271
BTSZ06,BKSZ05,1,0.2592622516336735,0.0,1.2592622516336736
BTSZ06,BKSZ06,1,0.0968661688628162,0.0,1.0968661688628163
BTSZ06,BKSZ09,2,0.17026347455122195,0.0,2.170263474551222
BTSZ06,BMSZ05,1,0.1093208543449163,0.0,1.1093208543449162
BTSZ06,BMSZ06,3,0.361663006163264,0.0,3.361663006163264
BTSZ06,BTSZ01,2,0.2650414478425933,0.0,2.2650414478425933
BTSZ06,BTSZ03,1,0.13460928862274973,0.0,1.1346092886227497
BTSZ06,CHSZ03,1,0.2810178328488784,0.0,1.2810178328488784
BTSZ06,CKSZ02,1,0.12791866355837758,0.0,1.1279186635583776
BTSZ06,CKSZ03,1,0.22598932751630596,0.0,1.2259893275163058
BTSZ06,CLSZ04,1,0.17565536655274097,0.0,1.175655366552741
BTSZ06,DTSZ05,2,0.20701660597869073,0.0,2.2070166059786906
BTSZ06,DTSZ11,3,0.08432477297323351,0.0,3.0843247729732335
BTSZ06,HGSZ07,1,0.2000895670729738,0.0,1.2000895670729739
BTSZ06,JESZ05,1,0.26084196523848885,0.0,1.2608419652384888
BTSZ06,KLSZ03,1,0.02166513289797678,0.0,1.0216651328979767
BTSZ06,NVSZ02,1,0.17819897906842805,0.0,1.178198979068428
BTSZ06,ORSZ02,1,0.13742273954361098,0.0,1.137422739543611
BTSZ06,OTSZ03,1,0.13990367940450557,0.0,1.1399036794045057
BTSZ06,PGSZ04,1,0.1628205701385329,0.0,1.1628205701385328
BTSZ06,QTSZ02,1,0.05005114891820235,0.0,1.0500511489182023
BTSZ06,QTSZ14,1,0.14861957050448593,0.0,1.148619570504486
BTSZ06,RCSZ02,1,0.012596785400236952,0.0,1.012596785400237
BTSZ06,SBSZ02,1,0.040003580763250314,0.0,1.0400035807632504
BTSZ06,SGSZ06,1,0.1324903252963874,0.0,1.1324903252963874
BTSZ06,SRSZ02,1,0.013314780833191365,0.0,1.0133147808331913
BTSZ06,TMSZ04,1,0.11979466333401423,0.0,1.1197946633340141
BTSZ06,TNSZ01,2,0.1770315745940833,0.0,2.1770315745940834
BTSZ06,WDSZ07,1,0.018815589111426067,0.0,1.0188155891114261
BTSZ06,YSSZ04,1,0.27896714920295795,0.0,1.278967149202958
BTSZ06,YSSZ09,1,0.12085608218481456,0.0,1.1208560821848146
BTSZ07,BMSZ08,1,0.1257811500291055,0.0,1.1257811500291055
BTSZ07,BMSZ15,1,0.08813508051828217,0.0,1.0881350805182821
BTSZ07,BPSZ02,2,0.08825944912639024,0.0,2.08825944912639
BTSZ07,BSSZ01,2,0.4073041603446925,0.0,2.4073041603446925
BTSZ07,BTSZ01,2,0.2740607418898234,0.0,2.2740607418898233
BTSZ07,BTSZ04,1,0.4407666543726692,0.3053599145449623,1.7461265689176315
BTSZ07,BTSZ06,1,0.036586224248789004,0.9768037803322304,2.0133900045810194
BTSZ07,CLSZ05,1,0.11055090039823359,0.0,1.1105509003982337
BTSZ07,CLSZ06,1,0.18998918823720273,0.0,1.1899891882372027
BTSZ07,DTSZ03,1,0.10663580040175644,0.0,1.1066358004017565
BTSZ07,GLSZ05,1,0.12085919997330283,0.0,1.1208591999733029
BTSZ07,HGSZ04,1,0.10766535305331823,0.0,1.1076653530533183
BTSZ07,JESZ08,1,0.12911874345499777,0.0,1.1291187434549979
BTSZ07,JWSZ03,1,0.1421142634852131,0.0,1.142114263485213
BTSZ07,ORSZ03,1,0.10367939746930313,0.0,1.103679397469303
BTSZ07,QTSZ06,1,0.18814835178391565,0.28160985715870457,1.4697582089426202
BTSZ07,QTSZ08,3,0.5162396252141858,0.2457731646762066,3.7620127898903926
BTSZ07,QTSZ11,1,0.08905934907149952,0.19038114799260206,1.2794404970641016
BTSZ07,SESZ02,1,0.16635022081950138,0.0,1.1663502208195013
BTSZ07,TPSZ06,1,0.10501430037111983,0.0,1.10501430037112
BTSZ07,TPSZ12,1,0.052398296163797806,0.0,1.0523982961637979
BTSZ07,WCSZ01,1,0.15145894922313632,0.0,1.1514589492231364
BTSZ07,YSSZ01,1,0.09462462543425053,0.0,1.0946246254342504
BTSZ07,YSSZ09,1,0.16519997491389174,0.0,1.1651999749138917
BTSZ08,BKSZ05,2,0.3476770504404582,0.0,2.347677050440458
BTSZ08,BKSZ06,1,0.088515979673671,0.0,1.088515979673671
BTSZ08,BMSZ02,1,0.07574009938286026,0.0,1.0757400993828603
BTSZ08,BMSZ06,1,0.17989490625750906,0.1607660390343897,1.3406609452918987
BTSZ08,BTSZ08,1,0.06864647646711264,1.544841017469153,2.6134874939362653
BTSZ08,CLSZ06,1,0.19391203769486862,0.0,1.1939120376948686
BTSZ08,DTSZ05,3,0.16904500230231584,0.0,3.169045002302316
BTSZ08,DTSZ11,3,0.04961979352291049,0.0,3.0496197935229103
BTSZ08,GLSZ01,1,0.07525925027841084,0.0,1.0752592502784108
BTSZ08,GLSZ03,1,0.10454746684237057,0.0,1.1045474668423705
BTSZ08,HGSZ09,1,0.008910963637237247,0.0,1.0089109636372373
BTSZ08,KLSZ08,1,0.0849076459783829,0.0,1.0849076459783829
BTSZ08,ORSZ02,2,0.18112211733600603,0.2373978920793961,2.4185200094154022
BTSZ08,OTSZ03,1,0.16082166267149578,0.0,1.1608216626714958
BTSZ08,PRSZ08,1,0.01828237537729173,0.0,1.0182823753772918
BTSZ08,QTSZ05,1,0.331076750716706,0.13687440267263876,1.4679511533893448
BTSZ08,QTSZ08,2,0.34642256813178474,0.3257628637793808,2.6721854319111653
BTSZ08,SBSZ04,1,0.17206822252361426,0.0,1.1720682225236143
BTSZ08,TNSZ04,1,0.34352963076375326,1.5942183895286755,2.9377480202924287
CCSZ01,AMSZ01,1,0.20081999168807996,0.0,1.20081999168808
CCSZ01,AMSZ03,1,0.06553330221878956,0.0,1.0655333022187896
CCSZ01,BKSZ03,1,0.08107035175348333,0.0,1.0810703517534834
CCSZ01,BTSZ01,2,0.2260023299996853,0.0,2.226002329999685
CCSZ01,CCSZ01,1,0.85789585751729,1.0001703287344574,2.8580661862517474
CCSZ01,NVSZ05,1,0.0,0.0,1.0
CCSZ01,ORSZ02,1,0.12432622466819271,0.0,1.1243262246681927
CCSZ01,PNSZ01,1,0.04986723960391519,0.0,1.0498672396039153
CCSZ01,SESZ05,1,0.07538086248791614,0.0,1.0753808624879162
CCSZ01,TPSZ06,1,0.0852083226558126,0.0,1.0852083226558127
CCSZ01,WDSZ02,1,0.08464197199584765,0.0,1.0846419719958476
CCSZ01,YSSZ01,1,0.14925354541072416,0.0,1.1492535454107242
CHSZ01,CHSZ01,1,0.14459485904800756,0.0,1.1445948590480075
CHSZ01,HGSZ04,1,0.08824389846730415,0.0,1.0882438984673042
CHSZ01,PRSZ03,1,0.2724751536102075,0.0,1.2724751536102075
CHSZ01,PRSZ04,1,0.07185641366571491,0.0,1.071856413665715
CHSZ01,RCSZ09,1,0.054371226782204525,0.0,1.0543712267822045
CHSZ01,SESZ04,1,0.15298910276524558,0.0,1.1529891027652455
CHSZ01,TMSZ01,1,0.21546934566184273,0.0,1.2154693456618428
CHSZ02,AMSZ01,1,0.09114100501669849,0.0,1.0911410050166985
CHSZ02,AMSZ02,1,0.09728182357588429,0.0,1.0972818235758843
CHSZ02,AMSZ06,1,0.14371498372447428,0.0,1.1437149837244742
CHSZ02,BDSZ01,1,0.10352303577342191,0.0,1.1035230357734218
CHSZ02,BDSZ04,4,0.4047323664590287,0.0,4.4047323664590285
CHSZ02,BDSZ06,2,0.3463145375036676,0.0,2.346314537503668
CHSZ02,BKSZ02,1,0.26820435577138957,0.0,1.2682043557713896
CHSZ02,BMSZ12,1,0.02978349104291276,0.0,1.0297834910429127
CHSZ02,BMSZ13,1,0.0,0.0,1.0
CHSZ02,BMSZ17,1,0.008170390566281984,0.0,1.008170390566282
CHSZ02,CHSZ02,1,0.3127622305530764,0.0,1.3127622305530764
CHSZ02,CHSZ03,1,0.13693813604710597,0.0,1.136938136047106
CHSZ02,CKSZ03,1,0.38766542292061645,0.0,1.3876654229206165
CHSZ02,CLSZ06,1,0.08413064122084593,0.0,1.084130641220846
CHSZ02,GLSZ02,1,0.07379122970958643,0.0,1.0737912297095864
CHSZ02,HGSZ07,1,0.16230444357295634,0.0,1.1623044435729564
CHSZ02,HGSZ08,1,0.07008877390342177,0.0,1.0700887739034217
CHSZ02,HGSZ09,1,0.002372985627252588,0.0,1.0023729856272525
CHSZ02,JWSZ03,1,0.07248201837653896,0.0,1.072482018376539
CHSZ02,KLSZ02,1,0.02381973039147694,0.0,1.023819730391477
CHSZ02,KLSZ09,1,0.019651825934381938,0.0,1.0196518259343819
CHSZ02,NVSZ02,1,0.22621255707146448,0.0,1.2262125570714644
CHSZ02,PGSZ03,1,0.08451741531589589,0.0,1.0845174153158958
CHSZ02,PGSZ04,2,0.20580671613050358,0.0,2.2058067161305037
CHSZ02,PGSZ05,1,0.12147023426418745,0.0,1.1214702342641873
CHSZ02,PRSZ02,3,0.14632231843040452,0.0,3.1463223184304043
CHSZ02,PRSZ03,5,0.6641115947830786,0.0,5.664111594783079
CHSZ02,PRSZ05,3,0.7839104728822942,0.0,3.7839104728822943
CHSZ02,SESZ03,1,0.2044384260614031,0.0,1.2044384260614032
CHSZ02,SESZ05,1,0.09595828576905185,0.0,1.095958285769052
CHSZ02,SGSZ03,1,0.0955209430470727,0.0,1.0955209430470727
CHSZ02,SGSZ06,1,0.08003306628918855,0.0,1.0800330662891886
CHSZ02,TMSZ02,10,1.62323659388464,0.0,11.62323659388464
CHSZ02,TMSZ04,3,0.3535337745364222,0.0,3.353533774536422
CHSZ02,TPSZ02,1,0.10265656000439792,0.0,1.1026565600043978
CHSZ02,TPSZ04,1,0.030607993814031585,0.0,1.0306079938140316
CHSZ02,WDSZ01,1,0.027601743551551462,0.0,1.0276017435515514
CHSZ02,WDSZ05,1,0.06349310689189555,0.0,1.0634931068918956
CHSZ02,YSSZ02,1,0.04287110385996451,0.0,1.0428711038599645
CHSZ02,YSSZ09,2,0.2088236657241206,0.0,2.2088236657241205
CHSZ03,AMSZ01,2,1.7252604069348507,0.0,3.7252604069348507
CHSZ03,AMSZ03,1,0.5996248491864787,0.0,1.5996248491864788
CHSZ03,BDSZ01,3,1.737827934792064,0.0,4.7378279347920635
CHSZ03,BDSZ02,1,1.4838244622386874,0.0,2.4838244622386876
CHSZ03,BDSZ03,3,2.2468798693923557,0.0,5.246879869392355
CHSZ03,BDSZ04,12,4.084440886887776,0.0,16.084440886887776
CHSZ03,BDSZ05,2,1.7368496852291002,0.0,3.7368496852291004
CHSZ03,BDSZ06,4,3.4912081953024767,0.0,7.491208195302477
CHSZ03,BKSZ03,1,0.367128831581428,0.0,1.367128831581428
CHSZ03,BKSZ05,3,1.7537922410622795,0.0,4.753792241062279
CHSZ03,BMSZ03,1,0.8356621426776666,0.0,1.8356621426776667
CHSZ03,BMSZ05,1,1.2948076184796002,0.0,2.2948076184796005
CHSZ03,BMSZ07,1,1.7710888391782946,0.0,2.7710888391782946
CHSZ03,BMSZ08,3,0.8102463255560556,0.0,3.8102463255560557
CHSZ03,BPSZ01,1,0.5289700886107108,0.0,1.528970088610711
CHSZ03,BPSZ03,1,0.48297095427099945,0.0,1.4829709542709995
CHSZ03,BPSZ05,1,1.7990524877306022,0.0,2.7990524877306022
CHSZ03,BSSZ01,1,1.7356529388514783,0.0,2.7356529388514783
CHSZ03,BSSZ03,1,1.430880422866342,0.0,2.430880422866342
CHSZ03,CHSZ02,1,0.64328776545068,0.0,1.6432877654506801
CHSZ03,CHSZ03,5,3.6408922425710655,14.002384602282405,22.64327684485347
CHSZ03,CKSZ02,1,0.8732147767082815,0.0,1.8732147767082816
CHSZ03,CKSZ06,1,0.6695841220403361,0.0,1.669584122040336
CHSZ03,CLSZ03,1,1.1876657942408442,0.0,2.187665794240844
CHSZ03,CLSZ06,1,1.2181006662350213,0.0,2.2181006662350216
CHSZ03,DTSZ01,1,1.514180984385444,0.0,2.514180984385444
CHSZ03,DTSZ03,1,1.086313395504793,0.0,2.086313395504793
CHSZ03,GLSZ02,2,0.6467959794953696,0.0,2.6467959794953697
CHSZ03,GLSZ04,4,2.824450089875281,0.0,6.824450089875281
CHSZ03,GLSZ05,2,1.750183576815417,0.0,3.750183576815417
CHSZ03,HGSZ01,1,0.8518390413819872,0.0,1.8518390413819872
CHSZ03,HGSZ02,1,1.3482929684835385,0.0,2.3482929684835385
CHSZ03,HGSZ03,1,0.6253577054141116,0.0,1.6253577054141117
CHSZ03,HGSZ04,5,1.7151521571121937,0.0,6.715152157112193
CHSZ03,HGSZ06,1,1.622698143283057,0.0,2.622698143283057
CHSZ03,HGSZ08,1,1.0580473949847256,0.0,2.0580473949847256
CHSZ03,JESZ03,1,1.7497498074115387,0.0,2.749749807411539
CHSZ03,JESZ05,2,2.363637048851765,0.0,4.363637048851765
CHSZ03,JWSZ02,1,0.7369438658079078,0.0,1.7369438658079077
CHSZ03,JWSZ03,1,0.5581091703638792,0.0,1.5581091703638792
CHSZ03,JWSZ04,1,0.7548630631791312,0.0,1.754863063179131
CHSZ03,JWSZ09,1,1.749528792861676,0.0,2.749528792861676
CHSZ03,KLSZ01,1,0.966962102528144,0.0,1.9669621025281439
CHSZ03,KLSZ02,1,0.41614858903705915,0.0,1.416148589037059
CHSZ03,KLSZ05,1,0.8060395713101274,0.0,1.8060395713101274
CHSZ03,MPSZ01,1,0.5123952302668663,0.0,1.5123952302668662
CHSZ03,MPSZ03,2,2.0620351303019597,0.0,4.062035130301959
CHSZ03,MUSZ01,1,0.7023938204045832,0.0,1.7023938204045832
CHSZ03,OTSZ03,1,1.422774560989144,0.0,2.422774560989144
CHSZ03,PGSZ02,1,0.9526334873351914,0.0,1.9526334873351914
CHSZ03,PGSZ03,5,1.591739049726115,0.0,6.591739049726115
CHSZ03,PGSZ04,6,2.929441701721715,0.0,8.929441701721714
CHSZ03,PLSZ04,1,0.08457229716106497,0.0,1.084572297161065
CHSZ03,PRSZ02,7,8.063121017029365,0.0,15.063121017029365
CHSZ03,PRSZ03,6,1.9100178392214795,0.0,7.91001783922148
CHSZ03,PRSZ04,2,1.0066221662255954,0.0,3.006622166225595
CHSZ03,PRSZ05,4,3.834241201110067,0.0,7.834241201110067
CHSZ03,PRSZ08,1,1.0044312782209,0.0,2.0044312782209
CHSZ03,QTSZ01,1,0.6063244067554595,0.0,1.6063244067554594
CHSZ03,QTSZ03,1,0.17500856624838648,0.0,1.1750085662483865
CHSZ03,QTSZ04,1,0.1436901630021815,0.0,1.1436901630021814
CHSZ03,QTSZ14,1,1.0342461435554031,0.0,2.034246143555403
CHSZ03,SBSZ03,2,0.7321620723873672,0.0,2.732162072387367
CHSZ03,SESZ02,3,2.949158343670244,0.0,5.949158343670244
CHSZ03,SESZ03,6,2.1076828567935286,0.0,8.107682856793529
CHSZ03,SESZ04,5,2.449066534457001,0.0,7.4490665344570015
CHSZ03,SESZ05,5,0.8608919000915175,0.0,5.860891900091517
CHSZ03,SESZ06,3,2.069092992563536,0.0,5.069092992563537
CHSZ03,SGSZ06,1,0.9695699210185033,0.0,1.9695699210185031
CHSZ03,SGSZ07,1,0.42955790269436206,0.0,1.4295579026943621
CHSZ03,TMSZ02,7,6.05707384155533,0.0,13.05707384155533
CHSZ03,TMSZ03,8,4.020236108487031,0.0,12.02023610848703
CHSZ03,TMSZ04,13,4.897744712895527,0.0,17.897744712895527
CHSZ03,TMSZ05,2,1.315341776230222,0.0,3.315341776230222
CHSZ03,TPSZ01,1,1.0058771889362406,0.0,2.005877188936241
CHSZ03,TPSZ04,2,0.2313740729143726,0.0,2.2313740729143725
CHSZ03,TPSZ05,1,0.31705003087581546,0.0,1.3170500308758155
CHSZ03,TPSZ06,1,1.0448639641616841,0.0,2.044863964161684
CHSZ03,WDSZ01,1,0.28920008127567787,0.0,1.2892000812756779
CHSZ03,WDSZ02,3,1.0306137909850417,0.0,4.030613790985042
CHSZ03,WDSZ03,1,1.001807104059357,0.0,2.001807104059357
CHSZ03,WDSZ09,1,0.4571155749772678,0.0,1.4571155749772677
CHSZ03,YSSZ01,2,0.5281619533172487,0.0,2.5281619533172486
CHSZ03,YSSZ04,1,0.5385643971776187,0.0,1.5385643971776188
CHSZ03,YSSZ05,1,0.20031828698244591,0.0,1.200318286982446
CHSZ03,YSSZ09,3,1.1675785360834476,0.0,4.167578536083448
CKSZ01,BKSZ02,1,0.39659415809873216,0.4296030328757624,1.8261971909744945
CKSZ01,BKSZ03,2,0.462874186325672,0.9240117060149905,3.3868858923406626
CKSZ01,BKSZ04,1,0.26977106291806674,0.5328040678696545,1.8025751307877211
CKSZ01,BKSZ05,2,0.7295408056928728,0.6856866945414657,3.4152275002343386
CKSZ01,BMSZ01,2,0.4093290517114021,0.0,2.409329051711402
CKSZ01,BMSZ03,1,0.27347995911857625,0.0,1.2734799591185761
CKSZ01,BMSZ05,2,0.26000666662196326,0.0,2.260006666621963
CKSZ01,BMSZ07,2,0.4521115053741567,0.0,2.4521115053741567
CKSZ01,BMSZ12,1,0.15449410989603893,0.0,1.1544941098960388
CKSZ01,BMSZ16,1,0.0249479139562062,0.0,1.024947913956206
CKSZ01,BPSZ01,1,0.8565365149974242,0.5243953383630403,2.3809318533604644
CKSZ01,BPSZ04,2,0.5576097628230667,0.4861707738886725,3.0437805367117394
CKSZ01,BPSZ05,3,1.1394368854626211,1.2479213997567253,5.387358285219347
CKSZ01,BPSZ06,1,0.27629748677180704,0.0,1.276297486771807
CKSZ01,BTSZ01,1,0.3277929966171548,0.0,1.3277929966171547
CKSZ01,CHSZ03,1,0.9405530383940628,0.0,1.9405530383940628
CKSZ01,CKSZ01,1,0.6683640059643401,5.152765196441979,6.821129202406318
CKSZ01,CKSZ02,6,1.5199907958328776,2.413992083378064,9.93398287921094
CKSZ01,CKSZ03,11,1.7924198174428718,9.42078442600143,22.213204243444302
CKSZ01,CKSZ04,1,0.5026217120868275,0.4692564291582401,1.9718781412450677
CKSZ01,CKSZ06,2,0.6227606457785982,0.7117232454948001,3.3344838912733983
CKSZ01,CLSZ01,1,0.11216299839140678,0.0,1.1121629983914068
CKSZ01,CLSZ02,1,0.08964529631063133,0.0,1.0896452963106313
CKSZ01,CLSZ07,2,0.27598851479988706,0.0,2.275988514799887
CKSZ01,DTSZ01,1,0.22012902677097254,0.0,1.2201290267709726
CKSZ01,DTSZ05,1,0.16428805650291378,0.0,1.164288056502914
CKSZ01,DTSZ11,1,0.2265238207043205,0.0,1.2265238207043205
CKSZ01,GLSZ03,2,0.3313710556086373,0.0,2.331371055608637
CKSZ01,HGSZ02,1,0.2796425537366467,0.0,1.2796425537366467
CKSZ01,JESZ05,2,0.9062002283605501,0.0,2.90620022836055
CKSZ01,JWSZ04,1,0.40789499411493596,0.0,1.407894994114936
CKSZ01,JWSZ09,1,0.4897108310061148,0.0,1.4897108310061147
CKSZ01,KLSZ03,1,0.0372755524190253,0.0,1.0372755524190254
CKSZ01,MPSZ03,1,0.2537593814717562,0.0,1.2537593814717563
CKSZ01,NVSZ02,1,0.3388065837425032,0.0,1.3388065837425032
CKSZ01,NVSZ03,1,0.08585356631042851,0.0,1.0858535663104285
CKSZ01,ORSZ01,1,0.033873464072527365,0.0,1.0338734640725273
CKSZ01,ORSZ02,4,0.4563310674926373,0.0,4.456331067492638
CKSZ01,OTSZ01,1,0.028534515048693983,0.0,1.028534515048694
CKSZ01,OTSZ04,1,0.06576823037441715,0.0,1.0657682303744171
CKSZ01,QTSZ02,1,0.106562741230637,0.0,1.106562741230637
CKSZ01,QTSZ07,1,0.0,0.0,1.0
CKSZ01,QTSZ08,4,0.753404383346891,0.0,4.753404383346891
CKSZ01,QTSZ12,1,0.14368430402546,0.0,1.14368430402546
CKSZ01,QTSZ13,1,0.161637532306295,0.0,1.161637532306295
CKSZ01,QTSZ14,1,0.18952170272435312,0.0,1.1895217027243532
CKSZ01,SBSZ01,1,0.26607814703766475,0.0,1.2660781470376647
CKSZ01,SBSZ03,2,0.46844111225381124,0.0,2.468441112253811
CKSZ01,SBSZ09,1,0.3619368540087033,0.0,1.3619368540087033
CKSZ01,SGSZ02,1,0.13768850023794588,0.0,1.137688500237946
CKSZ01,TPSZ02,1,0.2673684081943756,0.0,1.2673684081943755
CKSZ01,TSSZ05,1,0.48722966998329903,0.0,1.487229669983299
CKSZ01,WCSZ01,1,0.24942311648672336,0.0,1.2494231164867233
CKSZ01,WDSZ01,1,0.07913280738573047,0.0,1.0791328073857305
CKSZ01,WDSZ05,1,0.3097642325421387,0.0,1.3097642325421388
CKSZ01,WDSZ08,1,0.16064106079543897,0.0,1.160641060795439
CKSZ01,WDSZ09,1,0.13468782841232818,0.0,1.134687828412328
CKSZ01,YSSZ01,1,0.23628347377812972,0.0,1.2362834737781296
CKSZ01,YSSZ07,1,0.04522130611119141,0.0,1.0452213061111915
CKSZ02,AMSZ12,2,0.2949596915040983,0.0,2.2949596915040984
CKSZ02,BDSZ01,1,0.41459042669108115,0.0,1.4145904266910811
CKSZ02,BDSZ04,1,0.23887552776979032,0.0,1.2388755277697903
CKSZ02,BKSZ02,1,0.9588570618170357,0.5175277802495467,2.476384842066582
CKSZ02,BKSZ03,2,1.4233837433113736,0.6109763472368784,4.034360090548252
CKSZ02,BKSZ05,2,2.011567016486942,0.6733639613718755,4.6849309778588175
CKSZ02,BKSZ09,1,0.5602192821853748,0.0,1.5602192821853746
CKSZ02,BMSZ02,1,0.25001627974079427,0.0,1.2500162797407943
CKSZ02,BMSZ04,1,0.21679761179939536,0.0,1.2167976117993953
CKSZ02,BMSZ08,2,0.33959428535981256,0.0,2.3395942853598126
CKSZ02,BMSZ12,1,0.34347328337933614,0.0,1.3434732833793361
CKSZ02,BMSZ16,1,0.06731083593990529,0.0,1.0673108359399053
CKSZ02,BPSZ02,1,0.44713061686168265,0.22788712662579955,1.6750177434874822
CKSZ02,BPSZ03,1,0.6805665443160652,0.2965362869464526,1.9771028312625178
CKSZ02,BPSZ04,3,0.6541672711670684,0.5477091648350996,4.201876436002168
CKSZ02,BPSZ05,6,2.235807077903345,1.1003787952802406,9.336185873183586
CKSZ02,BPSZ06,1,0.49937500109557054,0.0,1.4993750010955704
CKSZ02,BSSZ01,1,0.5844160216360987,0.0,1.5844160216360987
CKSZ02,BSSZ03,1,0.3847461100560022,0.0,1.3847461100560021
CKSZ02,BTSZ01,5,1.468383564708716,0.0,6.4683835647087164
CKSZ02,BTSZ06,1,0.1758933988585995,0.0,1.1758933988585996
CKSZ02,CHSZ02,1,0.14705403812031664,0.0,1.1470540381203167
CKSZ02,CHSZ03,1,1.019590194558781,0.0,2.019590194558781
CKSZ02,CKSZ01,5,1.5692523536165093,4.88097071912321,11.45022307273972
CKSZ02,CKSZ02,7,2.366644499611507,5.555229646741212,14.92187414635272
CKSZ02,CKSZ03,14,2.66516409274408,9.170255207293279,25.83541930003736
CKSZ02,CKSZ04,2,2.6332746953075787,1.232469008664477,5.865743703972056
CKSZ02,CKSZ05,1,0.5819336465369062,0.18573304549571942,1.7676666920326254
CKSZ02,CLSZ01,1,0.23747087332330888,0.0,1.2374708733233089
CKSZ02,DTSZ02,5,0.9284787257161009,0.0,5.928478725716101
CKSZ02,DTSZ03,2,0.627352539113767,0.0,2.627352539113767
CKSZ02,DTSZ05,2,0.4287044034964108,0.0,2.4287044034964107
CKSZ02,DTSZ08,4,0.5498237338210633,0.0,4.549823733821063
CKSZ02,DTSZ11,1,0.40645713893863444,0.0,1.4064571389386344
CKSZ02,HGSZ08,2,0.46177139805616446,0.0,2.4617713980561646
CKSZ02,JESZ01,1,0.45330615217856346,0.0,1.4533061521785635
CKSZ02,JESZ05,2,2.1434162344307626,0.0,4.143416234430763
CKSZ02,JESZ06,1,0.15519951583061312,0.0,1.1551995158306132
CKSZ02,JWSZ03,1,0.6903060561818568,0.0,1.6903060561818568
CKSZ02,JWSZ08,1,1.12350268493334,0.0,2.12350268493334
CKSZ02,JWSZ09,1,0.8813674584406141,0.0,1.8813674584406141
CKSZ02,KLSZ06,2,0.569852390993853,0.0,2.569852390993853
CKSZ02,KLSZ08,2,0.5871296869612093,0.0,2.5871296869612093
CKSZ02,NTSZ03,1,0.1141668392930898,0.0,1.1141668392930897
CKSZ02,NTSZ05,1,0.0,0.0,1.0
CKSZ02,NVSZ02,2,0.932772993096699,0.0,2.932772993096699
CKSZ02,NVSZ04,1,0.11265610945537836,0.0,1.1126561094553784
CKSZ02,ORSZ02,1,0.3566232488782555,0.0,1.3566232488782555
CKSZ02,OTSZ03,2,0.7864931002315327,0.0,2.7864931002315325
CKSZ02,PNSZ01,1,0.16239369152929836,0.0,1.1623936915292983
CKSZ02,PNSZ05,3,0.17100344989581484,0.0,3.1710034498958146
CKSZ02,QTSZ08,4,1.637412489947399,0.0,5.637412489947399
CKSZ02,QTSZ11,1,0.39027786760945615,0.0,1.390277867609456
CKSZ02,QTSZ14,1,0.3688808477655168,0.0,1.3688808477655168
CKSZ02,RCSZ01,1,0.2127012930249541,0.0,1.212701293024954
CKSZ02,RCSZ09,1,0.12271456302724172,0.0,1.1227145630272417
CKSZ02,RCSZ10,1,0.21823014418910347,0.0,1.2182301441891035
CKSZ02,SGSZ06,1,0.4121261053794423,0.0,1.4121261053794423
CKSZ02,SISZ01,1,0.4078826950984822,0.0,1.4078826950984822
CKSZ02,SKSZ05,1,0.0,0.0,1.0
CKSZ02,TMSZ04,1,0.31907850094665413,0.0,1.3190785009466541
CKSZ02,TPSZ12,1,0.30966277603900577,0.0,1.3096627760390058
CKSZ02,TSSZ04,1,0.5369776510571728,0.0,1.5369776510571729
CKSZ02,TSSZ05,2,1.1931260138361246,0.0,3.1931260138361246
CKSZ02,WCSZ01,4,1.4171569538535915,0.0,5.417156953853592
CKSZ02,WDSZ01,1,0.24323165305251893,0.0,1.243231653052519
CKSZ02,WDSZ03,1,0.5598253659886987,0.0,1.5598253659886987
CKSZ02,YSSZ09,1,0.5374224812722392,0.0,1.5374224812722392
CKSZ03,AMSZ01,2,0.6650427630718045,0.0,2.6650427630718045
CKSZ03,AMSZ03,1,0.20634467560028172,0.0,1.2063446756002818
CKSZ03,AMSZ06,1,0.2958049060194336,0.0,1.2958049060194337
CKSZ03,AMSZ07,1,0.27811967019725015,0.0,1.2781196701972501
CKSZ03,AMSZ12,1,0.14025590484742864,0.0,1.1402559048474286
CKSZ03,BKSZ03,1,0.5708747175321094,0.5561178019920043,2.126992519524114
CKSZ03,BKSZ04,3,0.46906094575859664,1.281412851145605,4.750473796904202
CKSZ03,BKSZ05,2,1.354739743320811,0.0,3.354739743320811
CKSZ03,BKSZ06,1,0.4672806196842428,0.0,1.4672806196842427
CKSZ03,BKSZ07,1,0.6251817542235749,0.0,1.625181754223575
CKSZ03,BLSZ02,2,0.20531386527865844,0.0,2.2053138652786584
CKSZ03,BLSZ03,1,0.45079324929814873,0.0,1.4507932492981488
CKSZ03,BMSZ01,3,0.9030437964609042,0.0,3.903043796460904
CKSZ03,BMSZ02,1,0.1910807794057275,0.0,1.1910807794057274
CKSZ03,BMSZ04,2,0.2317085352952427,0.0,2.2317085352952426
CKSZ03,BMSZ05,2,0.367840973922159,0.0,2.367840973922159
CKSZ03,BMSZ07,1,0.4532202988698727,0.0,1.4532202988698728
CKSZ03,BMSZ08,2,0.3112693735648611,0.0,2.311269373564861
CKSZ03,BMSZ12,2,0.4216906154273797,0.0,2.4216906154273796
CKSZ03,BMSZ15,2,0.1284688489476548,0.0,2.1284688489476546
CKSZ03,BMSZ17,2,0.23818313530087168,0.0,2.2381831353008717
CKSZ03,BPSZ01,1,1.0657512993292289,1.0880526798972263,3.153803979226455
CKSZ03,BPSZ02,2,0.342850015839042,0.4122230686528177,2.7550730844918596
CKSZ03,BPSZ03,1,0.5283586875635792,0.47384599763792246,2.0022046852015016
CKSZ03,BPSZ04,6,0.5215508721274918,1.9610485076356035,8.482599379763094
CKSZ03,BPSZ05,9,2.357099318973583,3.399146720415756,14.756246039389339
CKSZ03,BSSZ01,1,0.45688816987366415,0.0,1.4568881698736642
CKSZ03,BSSZ03,1,0.3229645033329723,0.0,1.3229645033329722
CKSZ03,BTSZ01,1,0.42085870945628456,0.0,1.4208587094562846
CKSZ03,BTSZ06,1,0.1331945999300299,0.0,1.13319459993003
CKSZ03,CKSZ01,11,1.399962402153414,8.248433900537874,20.64839630269129
CKSZ03,CKSZ02,14,3.8574682469430224,8.197392592433271,26.054860839376293
CKSZ03,CKSZ03,8,2.089852680360954,20.78291638041739,30.872769060778346
CKSZ03,CKSZ04,9,1.4775576160645074,6.5186518103899385,16.996209426454445
CKSZ03,CKSZ05,5,0.8513838225074352,1.4421845945730352,7.29356841708047
CKSZ03,CKSZ06,9,1.4561866239891235,5.115119025989951,15.571305649979074
CKSZ03,CLSZ03,2,0.9916260926775234,0.0,2.9916260926775236
CKSZ03,CLSZ04,4,0.5921425781563906,0.0,4.59214257815639
CKSZ03,CLSZ06,1,0.24051587027863228,0.0,1.2405158702786323
CKSZ03,DTSZ02,1,0.2420346650773948,0.0,1.2420346650773948
CKSZ03,DTSZ05,2,0.28987535118251956,0.0,2.2898753511825194
CKSZ03,DTSZ08,3,0.19546970756687249,0.0,3.1954697075668723
CKSZ03,DTSZ11,3,0.31351234457964067,0.0,3.3135123445796406
CKSZ03,GLSZ02,1,0.1679175152408284,0.0,1.1679175152408283
CKSZ03,GLSZ03,1,0.3799096604478923,0.0,1.3799096604478924
CKSZ03,GLSZ05,1,0.3700702099168902,0.0,1.3700702099168902
CKSZ03,HGSZ08,2,0.3270416016581259,0.0,2.327041601658126
CKSZ03,JESZ03,2,0.6182986808736254,0.0,2.6182986808736253
CKSZ03,JESZ05,9,1.4060358265643527,0.0,10.406035826564352
CKSZ03,JWSZ01,1,0.07336288615210082,0.0,1.0733628861521007
CKSZ03,JWSZ07,1,0.05982354123260737,0.0,1.0598235412326074
CKSZ03,JWSZ08,3,1.2217283560403012,0.0,4.221728356040301
CKSZ03,JWSZ09,6,0.9320709009182084,0.0,6.932070900918209
CKSZ03,KLSZ01,1,0.4828477536701883,0.0,1.4828477536701883
CKSZ03,KLSZ06,2,0.48114714337385,0.0,2.48114714337385
CKSZ03,KLSZ07,1,0.35920922963132945,0.0,1.3592092296313294
CKSZ03,ORSZ02,4,0.9674666627702839,0.0,4.967466662770284
CKSZ03,OTSZ03,2,0.5965611755681526,0.0,2.5965611755681524
CKSZ03,OTSZ04,3,0.24844247275041284,0.0,3.248442472750413
CKSZ03,PLSZ04,1,0.04418248093199102,0.0,1.044182480931991
CKSZ03,PNSZ01,3,0.30612914622288273,0.0,3.3061291462228826
CKSZ03,PRSZ06,1,0.11739823534232371,0.0,1.1173982353423237
CKSZ03,QTSZ02,1,0.21380391062881865,0.0,1.2138039106288185
CKSZ03,QTSZ06,1,0.1459312125020634,0.0,1.1459312125020633
CKSZ03,QTSZ08,7,1.253573191787022,0.0,8.253573191787023
CKSZ03,QTSZ09,2,0.2032123819873888,0.0,2.203212381987389
CKSZ03,QTSZ10,1,0.2959582120179019,0.0,1.2959582120179018
CKSZ03,QTSZ11,4,0.8701624750471734,0.0,4.870162475047174
CKSZ03,QTSZ12,1,0.24857775605124743,0.0,1.2485777560512474
CKSZ03,SBSZ03,2,0.630528901210194,0.0,2.630528901210194
CKSZ03,SGSZ05,1,0.3188778719577808,0.0,1.3188778719577807
CKSZ03,SKSZ02,1,0.0,0.0,1.0
CKSZ03,SKSZ03,2,0.4876173502925073,0.5211415767164863,3.0087589270089934
CKSZ03,SRSZ03,1,0.19082919135259716,0.0,1.1908291913525972
CKSZ03,TMSZ04,1,0.2644878584674454,0.0,1.2644878584674455
CKSZ03,TPSZ06,1,0.33137268846806406,0.0,1.3313726884680641
CKSZ03,TSSZ03,1,0.09302544618062301,0.0,1.093025446180623
CKSZ03,TSSZ05,4,1.3942224638105005,0.0,5.3942224638105
CKSZ03,TSSZ06,1,0.04263044608818951,0.0,1.0426304460881894
CKSZ03,WCSZ01,5,0.9450506491257593,0.0,5.9450506491257595
CKSZ03,WDSZ01,2,0.18641682660551034,0.0,2.18641682660551
CKSZ03,WDSZ02,4,1.1215757190155962,0.0,5.121575719015596
CKSZ03,WDSZ03,3,1.071990349182896,0.0,4.0719903491828955
CKSZ03,WDSZ06,2,0.4705182412862789,0.0,2.4705182412862787
CKSZ03,WDSZ09,1,0.1844595957310293,0.0,1.1844595957310293
CKSZ03,YSSZ01,1,0.28847504614086916,0.0,1.2884750461408692
CKSZ03,YSSZ08,1,0.10065298320272775,0.0,1.1006529832027279
CKSZ03,YSSZ09,3,1.3639824025292036,0.0,4.363982402529204
CKSZ04,AMSZ01,1,0.29226600249462564,0.0,1.2922660024946255
CKSZ04,AMSZ03,1,0.21154949667269285,0.0,1.211549496672693
CKSZ04,BKSZ01,1,0.22707443359749782,0.039416522673612085,1.26649095627111
CKSZ04,BKSZ02,1,0.4161400859881515,0.15666855583109593,1.5728086418192473
CKSZ04,BKSZ03,1,0.5921850951900379,0.2625488674106221,1.85473396260066
CKSZ04,BKSZ05,3,0.9833763306108304,0.0,3.9833763306108305
CKSZ04,BKSZ07,1,0.4907403117435822,0.0,1.4907403117435822
CKSZ04,BMSZ01,2,0.48133806213564795,0.0,2.481338062135648
CKSZ04,BMSZ05,1,0.21063596121542894,0.0,1.210635961215429
CKSZ04,BPSZ05,4,0.7835724545938421,0.7426779573674333,5.526250411961275
CKSZ04,BPSZ06,1,0.31447119143758395,0.0,1.314471191437584
CKSZ04,BTSZ01,2,0.5148467415749155,0.0,2.5148467415749156
CKSZ04,BTSZ05,2,0.2684616759859717,0.0,2.2684616759859715
CKSZ04,BTSZ08,1,0.19352859626914184,0.0,1.1935285962691418
CKSZ04,CKSZ01,1,0.6505649162152863,0.2545284820523834,1.9050933982676699
CKSZ04,CKSZ02,2,1.1514472693789648,0.5431051033215066,3.694552372700471
CKSZ04,CKSZ03,15,1.6214875993429956,3.7919878199050183,20.413475419248012
CKSZ04,CKSZ04,3,0.9016603251015174,6.868911948284757,10.770572273386275
CKSZ04,CKSZ05,1,0.6092029549177995,0.1460308796370578,1.7552338345548573
CKSZ04,CKSZ06,3,0.7535896834276933,0.19362279267718288,3.9472124761048764
CKSZ04,CLSZ01,1,0.1329626708492258,0.0,1.1329626708492258
CKSZ04,CLSZ06,1,0.2346845292614282,0.0,1.2346845292614281
CKSZ04,CLSZ09,2,0.17456527038026864,0.0,2.1745652703802687
CKSZ04,DTSZ01,1,0.2786506224786968,0.0,1.2786506224786969
CKSZ04,DTSZ03,1,0.18478255404332858,0.0,1.1847825540433286
CKSZ04,DTSZ05,1,0.19538975493538868,0.0,1.1953897549353887
CKSZ04,DTSZ08,1,0.1890019960752962,0.0,1.1890019960752962
CKSZ04,DTSZ09,1,0.14498511025750754,0.0,1.1449851102575075
CKSZ04,DTSZ11,4,0.2994073506469035,0.0,4.299407350646904
CKSZ04,DTSZ12,1,0.16167233150451682,0.0,1.1616723315045168
CKSZ04,GLSZ02,2,0.18628485475133222,0.0,2.186284854751332
CKSZ04,HGSZ04,1,0.2617112538522777,0.0,1.2617112538522777
CKSZ04,JESZ05,3,0.6043402038893461,0.0,3.604340203889346
CKSZ04,JWSZ01,1,0.08677318010263202,0.0,1.086773180102632
CKSZ04,JWSZ05,1,0.07691423875641204,0.0,1.0769142387564121
CKSZ04,JWSZ09,2,1.0444140129060449,0.0,3.044414012906045
CKSZ04,KLSZ06,1,0.32429855580667044,0.0,1.3242985558066704
CKSZ04,KLSZ07,1,0.33111414037898457,0.0,1.3311141403789846
CKSZ04,KLSZ08,1,0.43071693719444637,0.0,1.4307169371944464
CKSZ04,MUSZ03,1,0.0338167272718152,0.0,1.0338167272718153
CKSZ04,ORSZ02,1,0.2711302701469673,0.0,1.2711302701469673
CKSZ04,OTSZ01,2,0.07064907681816075,0.0,2.0706490768181607
CKSZ04,OTSZ03,2,0.5341261266287414,0.0,2.5341261266287414
CKSZ04,OTSZ04,1,0.09455459932389232,0.0,1.0945545993238923
CKSZ04,PNSZ02,1,0.0,0.0,1.0
CKSZ04,PNSZ03,1,0.0,0.0,1.0
CKSZ04,QTSZ08,3,0.7536452518278284,0.0,3.7536452518278285
CKSZ04,QTSZ09,1,0.04463069225908493,0.0,1.044630692259085
CKSZ04,QTSZ10,2,0.3435387859626168,0.0,2.343538785962617
CKSZ04,QTSZ11,3,0.5953430454792507,0.0,3.5953430454792508
CKSZ04,QTSZ12,1,0.14993162862493584,0.0,1.149931628624936
CKSZ04,QTSZ13,1,0.2226529054278095,0.0,1.2226529054278095
CKSZ04,QTSZ14,1,0.25627320649858343,0.0,1.2562732064985833
CKSZ04,QTSZ15,1,0.1608691352434825,0.0,1.1608691352434826
CKSZ04,RCSZ01,1,0.14315996108157977,0.0,1.1431599610815797
CKSZ04,RCSZ10,1,0.14675565917824437,0.0,1.1467556591782444
CKSZ04,SBSZ08,1,0.0909566074645443,0.0,1.0909566074645443
CKSZ04,SLSZ01,1,0.16552546091570672,0.0,1.1655254609157066
CKSZ04,SRSZ02,1,0.05639653823264049,0.0,1.0563965382326406
CKSZ04,SRSZ03,1,0.16692067120397833,0.0,1.1669206712039784
CKSZ04,SVSZ01,1,0.5628877940378165,0.0,1.5628877940378165
CKSZ04,TMSZ05,3,2.124149286304582,0.0,5.124149286304582
CKSZ04,TNSZ02,1,0.10650569579645476,0.0,1.1065056957964547
CKSZ04,TPSZ08,1,0.10280994318897313,0.0,1.102809943188973
CKSZ04,TSSZ04,1,0.2690467664089907,0.0,1.2690467664089908
CKSZ04,WDSZ01,1,0.11580358741352652,0.0,1.1158035874135266
CKSZ04,WDSZ02,1,0.4080484691013133,0.0,1.4080484691013133
CKSZ04,WDSZ03,1,0.4031242417880976,0.0,1.4031242417880976
CKSZ04,WDSZ06,1,0.26711238623848516,0.0,1.2671123862384852
CKSZ04,YSSZ01,1,0.18079633302678136,0.0,1.1807963330267814
CKSZ04,YSSZ02,1,0.1480303911246917,0.0,1.1480303911246916
CKSZ05,AMSZ01,3,0.7598837397966896,0.0,3.7598837397966896
CKSZ05,AMSZ10,2,0.4341785774659633,0.0,2.4341785774659632
CKSZ05,BDSZ04,1,0.2739381056017734,0.0,1.2739381056017733
CKSZ05,BKSZ03,1,0.5389764531741049,0.0,1.5389764531741048
CKSZ05,BKSZ05,2,0.985472918608174,0.0,2.985472918608174
CKSZ05,BLSZ02,1,0.06445480367599835,0.0,1.0644548036759984
CKSZ05,BMSZ01,1,0.3615330553858902,0.0,1.3615330553858902
CKSZ05,BMSZ05,1,0.21830029047397922,0.0,1.2183002904739793
CKSZ05,BMSZ07,1,0.40219347539931394,0.0,1.402193475399314
CKSZ05,BMSZ09,1,0.07039580040359046,0.0,1.0703958004035905
CKSZ05,BPSZ02,1,0.3312428846424617,0.09571171513321572,1.4269545997756774
CKSZ05,BPSZ03,1,0.49358202234414517,0.09536279256391642,1.5889448149080616
CKSZ05,BPSZ04,1,0.3955161642062527,0.0,1.3955161642062528
CKSZ05,BPSZ05,2,0.6082700793712433,0.1587040406297039,2.7669741200009472
CKSZ05,BTSZ03,1,0.17552977797219152,0.0,1.1755297779721916
CKSZ05,BTSZ06,1,0.10513440567780714,0.0,1.1051344056778072
CKSZ05,CKSZ02,2,0.8086291718626656,0.20540360402144633,3.014032775884112
CKSZ05,CKSZ03,5,1.062989798534775,1.1063773768555043,7.1693671753902795
CKSZ05,CKSZ04,1,0.7920564477156643,0.13480747960202594,1.9268639273176902
CKSZ05,CKSZ05,5,3.004248245783968,20.8783156728656,28.882563918649566
CKSZ05,CKSZ06,2,1.3781625979500671,0.3244290184062866,3.7025916163563535
CKSZ05,DTSZ01,1,0.300904326913603,0.0,1.300904326913603
CKSZ05,DTSZ05,4,0.3121286887278405,0.0,4.3121286887278405
CKSZ05,DTSZ08,2,0.16663834868369531,0.0,2.166638348683695
CKSZ05,DTSZ11,1,0.3173089756564947,0.0,1.3173089756564946
CKSZ05,JESZ03,1,0.39796387890686136,0.0,1.3979638789068614
CKSZ05,JESZ05,8,0.7046967232473748,0.0,8.704696723247375
CKSZ05,JWSZ05,1,0.07119018678631793,0.0,1.0711901867863178
CKSZ05,JWSZ06,1,0.10448767340503819,0.0,1.1044876734050382
CKSZ05,JWSZ08,1,0.5820514096450096,0.0,1.5820514096450096
CKSZ05,JWSZ09,1,0.5675494845533923,0.0,1.5675494845533922
CKSZ05,KLSZ01,1,0.3547890398179366,0.0,1.3547890398179365
CKSZ05,KLSZ02,1,0.11814902450909584,0.0,1.118149024509096
CKSZ05,KLSZ07,1,0.3115980988299215,0.0,1.3115980988299216
CKSZ05,NVSZ02,2,0.5316594840281147,0.0,2.531659484028115
CKSZ05,ORSZ03,2,0.3114335044844435,0.0,2.3114335044844436
CKSZ05,OTSZ03,1,0.34064086702194973,0.0,1.3406408670219498
CKSZ05,PNSZ01,1,0.08460225890742089,0.0,1.084602258907421
CKSZ05,QTSZ01,1,0.3152325337110092,0.0,1.3152325337110091
CKSZ05,QTSZ05,1,0.22122835757318648,0.0,1.2212283575731866
CKSZ05,QTSZ07,1,0.0,0.0,1.0
CKSZ05,QTSZ11,6,0.6105392336383595,0.0,6.6105392336383595
CKSZ05,QTSZ12,2,0.17136861846849588,0.0,2.1713686184684957
CKSZ05,QTSZ13,1,0.19580370921623025,0.0,1.1958037092162304
CKSZ05,QTSZ14,2,0.2801000321893134,0.0,2.2801000321893135
CKSZ05,RCSZ01,2,0.22056781791038815,0.0,2.2205678179103883
CKSZ05,RCSZ03,1,0.09271609238784982,0.0,1.0927160923878498
CKSZ05,RCSZ05,1,0.05441478039510522,0.0,1.0544147803951052
CKSZ05,SBSZ03,1,0.32213255287617715,0.0,1.3221325528761771
CKSZ05,SGSZ02,1,0.13478100901447557,0.0,1.1347810090144757
CKSZ05,SGSZ04,1,0.3791519596976325,0.0,1.3791519596976325
CKSZ05,SRSZ02,1,0.06346954244863108,0.0,1.0634695424486311
CKSZ05,TMSZ02,1,0.276706075185385,0.0,1.276706075185385
CKSZ05,TPSZ02,1,0.2815468331580266,0.0,1.2815468331580266
CKSZ05,TPSZ09,1,0.11904715265613118,0.0,1.1190471526561312
CKSZ05,WDSZ02,1,0.43140389069316265,0.0,1.4314038906931628
CKSZ05,WDSZ04,1,0.3118408279340382,0.0,1.3118408279340383
CKSZ05,WDSZ09,1,0.12062167753900292,0.0,1.120621677539003
CKSZ05,YSSZ01,2,0.38662337015037196,0.0,2.386623370150372
CKSZ05,YSSZ02,1,0.16822314297052285,0.0,1.1682231429705228
CKSZ06,AMSZ01,3,0.7774935233895414,0.0,3.7774935233895413
CKSZ06,AMSZ10,2,0.6073764148030011,0.0,2.607376414803001
CKSZ06,BDSZ04,2,0.551201583263671,0.0,2.551201583263671
CKSZ06,BKSZ02,1,0.5795629801536238,0.0,1.5795629801536237
CKSZ06,BKSZ03,1,0.6151764018328065,0.0,1.6151764018328065
CKSZ06,BKSZ04,3,0.42549256880532094,0.0,3.425492568805321
CKSZ06,BKSZ05,1,1.013224814888257,0.0,2.013224814888257
CKSZ06,BLSZ01,1,0.2656635232439398,0.0,1.2656635232439397
CKSZ06,BLSZ02,1,0.10786813877897447,0.0,1.1078681387789744
CKSZ06,BLSZ03,1,0.3531244984667858,0.0,1.3531244984667858
CKSZ06,BMSZ01,3,0.5856115656233636,0.0,3.5856115656233634
CKSZ06,BMSZ02,2,0.3329594235200911,0.0,2.3329594235200912
CKSZ06,BMSZ04,2,0.23456170457605996,0.0,2.23456170457606
CKSZ06,BMSZ13,1,0.28909747678473596,0.0,1.289097476784736
CKSZ06,BMSZ15,1,0.1720931320515752,0.0,1.1720931320515753
CKSZ06,BPSZ02,1,0.4355270102713066,0.25093870310394045,1.686465713375247
CKSZ06,BPSZ04,1,0.4894480220996068,0.0,1.489448022099607
CKSZ06,BSSZ01,1,0.5213639177511533,0.0,1.5213639177511533
CKSZ06,BTSZ01,1,0.3938257313566211,0.0,1.3938257313566211
CKSZ06,BTSZ05,1,0.1410832190239177,0.0,1.1410832190239177
CKSZ06,BTSZ08,1,0.2091107512806872,0.0,1.2091107512806871
CKSZ06,CHSZ03,1,0.4482536194300589,0.0,1.448253619430059
CKSZ06,CKSZ01,2,1.218533926441017,1.7697785651730074,4.988312491614025
CKSZ06,CKSZ03,7,1.500202387365551,4.877757820847104,13.377960208212656
CKSZ06,CKSZ04,2,0.8458067892062926,1.1527105544579883,3.998517343664281
CKSZ06,CKSZ05,1,1.2456467124140655,0.6898223388835111,2.9354690512975763
CKSZ06,CKSZ06,22,2.408820844348026,50.77764646626498,75.18646731061301
CKSZ06,CLSZ02,1,0.169060938731259,0.0,1.169060938731259
CKSZ06,CLSZ04,2,0.36781645451150685,0.0,2.367816454511507
CKSZ06,CLSZ06,1,0.2582981389625462,0.0,1.2582981389625463
CKSZ06,DTSZ01,1,0.3084502615715512,0.0,1.3084502615715512
CKSZ06,DTSZ02,4,0.8680117095337051,0.0,4.868011709533705
CKSZ06,DTSZ05,5,0.2839166893009883,0.0,5.283916689300988
CKSZ06,DTSZ08,1,0.24945471524643925,0.0,1.2494547152464393
CKSZ06,DTSZ11,5,0.4250062716166973,0.0,5.425006271616697
CKSZ06,DTSZ12,1,0.19502093420896718,0.0,1.1950209342089673
CKSZ06,GLSZ01,1,0.5377500948456211,0.0,1.537750094845621
CKSZ06,GLSZ02,1,0.16595693144180826,0.0,1.1659569314418083
CKSZ06,JESZ03,1,0.5564994155359304,0.0,1.5564994155359304
CKSZ06,JESZ05,13,0.8695332057715757,0.0,13.869533205771576
CKSZ06,JWSZ04,1,0.4851806611273233,0.0,1.4851806611273233
CKSZ06,JWSZ06,1,0.16314988279139733,0.0,1.1631498827913973
CKSZ06,JWSZ08,3,1.2906788144071166,0.0,4.290678814407117
CKSZ06,JWSZ09,3,0.9871371602901685,0.0,3.9871371602901684
CKSZ06,KLSZ03,2,0.0653056181460445,0.0,2.0653056181460445
CKSZ06,KLSZ06,2,0.46714993970810115,0.0,2.467149939708101
CKSZ06,KLSZ07,1,0.41177977782275355,0.0,1.4117797778227534
CKSZ06,KLSZ08,2,0.460072535993602,0.0,2.4600725359936018
CKSZ06,MPSZ02,1,0.16408320572226748,0.0,1.1640832057222674
CKSZ06,MUSZ03,2,0.07422899506285739,0.0,2.074228995062857
CKSZ06,NTSZ03,2,0.08171259557217928,0.0,2.081712595572179
CKSZ06,NVSZ02,3,0.7259785618465759,0.0,3.725978561846576
CKSZ06,ORSZ01,1,0.0557805158988941,0.0,1.0557805158988942
CKSZ06,ORSZ02,3,0.7663322603948413,0.0,3.766332260394841
CKSZ06,PGSZ05,1,0.4334184944128208,0.0,1.4334184944128208
CKSZ06,PLSZ04,1,0.04935120276336064,0.0,1.0493512027633607
CKSZ06,PNSZ01,1,0.1401173057950154,0.0,1.1401173057950154
CKSZ06,PNSZ03,1,0.0,0.0,1.0
CKSZ06,QTSZ05,1,0.3186963929421915,0.0,1.3186963929421915
CKSZ06,QTSZ08,3,0.6115601848923895,0.0,3.6115601848923893
CKSZ06,QTSZ10,1,0.35204409105995893,0.0,1.352044091059959
CKSZ06,QTSZ11,4,0.5162946018801491,0.0,4.5162946018801495
CKSZ06,QTSZ12,1,0.3005374880394481,0.0,1.300537488039448
CKSZ06,QTSZ14,1,0.3643324291259577,0.0,1.3643324291259578
CKSZ06,RCSZ10,1,0.1870677868793537,0.0,1.1870677868793538
CKSZ06,SBSZ07,1,0.0,0.0,1.0
CKSZ06,SBSZ08,1,0.13816978759234805,0.0,1.138169787592348
CKSZ06,SBSZ09,1,0.6745760837851625,0.0,1.6745760837851624
CKSZ06,SGSZ02,1,0.25908954309262344,0.0,1.2590895430926234
CKSZ06,SKSZ01,1,0.44719990846725227,0.0,1.4471999084672522
CKSZ06,SKSZ03,1,0.20642230329982036,0.47902875201797107,1.6854510553177913
CKSZ06,SKSZ04,4,0.7784144558606174,0.0,4.778414455860617
CKSZ06,SRSZ03,1,0.2363605523557851,0.0,1.236360552355785
CKSZ06,TMSZ05,1,0.35202004302392487,0.0,1.3520200430239249
CKSZ06,TPSZ01,1,0.1966967454232784,0.0,1.1966967454232784
CKSZ06,TPSZ04,1,0.08327556766422144,0.0,1.0832755676642214
CKSZ06,TPSZ06,1,0.3483926359642482,0.0,1.3483926359642482
CKSZ06,TSSZ02,1,0.228031033154248,0.0,1.2280310331542479
CKSZ06,TSSZ03,1,0.1210019236156788,0.0,1.1210019236156787
CKSZ06,TSSZ05,1,0.9613643834663851,0.0,1.961364383466385
CKSZ06,TSSZ06,1,0.0503832902266763,0.0,1.0503832902266763
CKSZ06,WCSZ01,11,1.080579812671562,0.0,12.080579812671562
CKSZ06,WDSZ01,3,0.1988558414013656,0.0,3.1988558414013655
CKSZ06,WDSZ02,4,0.8472616418594323,0.0,4.847261641859433
CKSZ06,WDSZ06,1,0.38072892958319837,0.0,1.3807289295831984
CKSZ06,YSSZ04,1,0.3952860564813375,0.0,1.3952860564813374
CKSZ06,YSSZ09,1,0.5209925159646265,0.0,1.5209925159646265
CLSZ01,BDSZ05,1,0.2825233893762699,0.0,1.28252338937627
CLSZ01,BKSZ05,1,0.6579536016471813,0.23909159063404323,1.8970451922812246
CLSZ01,BMSZ04,1,0.17259079788020157,0.0,1.1725907978802015
CLSZ01,BMSZ08,1,0.12033736926870427,0.0,1.1203373692687042
CLSZ01,BMSZ13,1,0.01897318130514775,0.0,1.0189731813051477
CLSZ01,BPSZ05,2,0.39236265258520414,0.0,2.392362652585204
CLSZ01,BTSZ01,3,1.1720873518283437,0.6624565979568807,4.834543949785225
CLSZ01,CKSZ02,1,0.3435192352908142,0.0,1.343519235290814
CLSZ01,CKSZ04,1,0.43015801984549124,0.0,1.4301580198454913
CLSZ01,CLSZ05,1,0.5088474233808957,0.0,1.5088474233808957
CLSZ01,CLSZ06,2,0.6292045969431082,0.676886428265613,3.306091025208721
CLSZ01,DTSZ12,1,0.13605956305020522,0.0,1.1360595630502053
CLSZ01,HGSZ04,1,0.18933365779899813,0.0,1.1893336577989981
CLSZ01,JESZ01,2,0.8969809229888375,0.008056480929565724,2.9050374039184033
CLSZ01,JESZ03,2,0.7645439120120006,1.0957986471613987,3.8603425591733993
CLSZ01,JESZ05,2,1.443627181501312,1.3175591508323556,4.761186332333668
CLSZ01,JWSZ02,1,0.3327343948375859,0.0,1.3327343948375858
CLSZ01,JWSZ03,2,0.6257318875487323,0.0,2.6257318875487323
CLSZ01,JWSZ04,1,0.46399544341159743,0.0,1.4639954434115974
CLSZ01,JWSZ08,1,0.5034034934531554,0.0,1.5034034934531553
CLSZ01,JWSZ09,2,0.9506798120155182,0.0,2.950679812015518
CLSZ01,KLSZ06,1,0.2770100032631827,0.0,1.2770100032631828
CLSZ01,QTSZ01,1,0.37775243363021394,0.0,1.377752433630214
CLSZ01,QTSZ05,1,0.25167686950823814,0.0,1.251676869508238
CLSZ01,QTSZ06,1,0.12678407007974132,0.0,1.1267840700797414
CLSZ01,SBSZ01,1,0.20550737939464192,0.0,1.2055073793946418
CLSZ01,SBSZ04,1,0.366169625519918,0.0,1.366169625519918
CLSZ01,SESZ02,2,0.3551216371334995,0.0,2.3551216371334993
CLSZ01,SESZ03,1,0.3232858905858941,0.0,1.3232858905858942
CLSZ01,TMSZ02,1,0.5565004657669569,0.0,1.5565004657669568
CLSZ01,WDSZ03,1,0.3385138433996154,0.0,1.3385138433996153
CLSZ01,YSSZ04,1,0.4262126044843721,0.0,1.4262126044843721
CLSZ01,YSSZ09,1,0.35981728925351,0.0,1.35981728925351
CLSZ02,BMSZ02,1,0.0,0.0,1.0
CLSZ02,BMSZ15,1,0.0,0.0,1.0
CLSZ02,BTSZ01,1,0.0,0.0,1.0
CLSZ02,CKSZ01,1,0.0,0.0,1.0
CLSZ02,CLSZ01,1,0.0,0.0,1.0
CLSZ02,DTSZ02,1,0.0,0.0,1.0
CLSZ02,DTSZ12,1,0.0,0.0,1.0
CLSZ02,JWSZ04,1,0.0,0.0,1.0
CLSZ02,MUSZ03,1,0.0,0.0,1.0
CLSZ03,BMSZ16,1,0.06893803187366584,0.0,1.0689380318736659
CLSZ03,CKSZ03,1,0.7413496029555051,0.0,1.7413496029555051
CLSZ03,CLSZ04,1,1.2551096850505452,0.37711463470418516,2.63222431975473
CLSZ03,CLSZ06,2,1.650080553577078,0.7122563393188526,4.3623368928959305
CLSZ03,DTSZ05,1,0.3567923641936337,0.0,1.3567923641936337
CLSZ03,JESZ05,1,1.8231572725438467,0.3204155617156128,3.1435728342594595
CLSZ03,JESZ06,1,0.6633931376829375,0.3629963335092397,2.0263894711921773
CLSZ03,KLSZ09,1,0.07186277989018244,0.0,1.0718627798901825
CLSZ03,NTSZ03,1,0.11032257074688924,0.0,1.1103225707468893
CLSZ03,NVSZ02,1,0.7358051480387097,0.0,1.7358051480387098
CLSZ03,OTSZ03,1,0.5483451338566794,0.0,1.5483451338566794
CLSZ03,QTSZ08,1,0.7263725980320443,0.0,1.7263725980320443
CLSZ03,QTSZ10,1,0.532454422314068,0.22714248574327084,1.759596908057339
CLSZ03,QTSZ11,2,0.5591837683012572,0.0,2.5591837683012573
CLSZ03,QTSZ13,1,0.5176766714682265,0.0,1.5176766714682266
CLSZ03,QTSZ14,1,0.4793730104543688,0.0,1.4793730104543688
CLSZ03,TPSZ03,1,0.15978324901345975,0.0,1.1597832490134596
CLSZ04,AMSZ01,1,0.28004246889066414,0.0,1.2800424688906642
CLSZ04,AMSZ02,1,0.21884257169868507,0.0,1.218842571698685
CLSZ04,AMSZ07,1,0.20953523804307084,0.0,1.2095352380430708
CLSZ04,AMSZ08,1,0.13170168196146567,0.0,1.1317016819614656
CLSZ04,BDSZ01,1,0.30357686694457875,0.0,1.3035768669445789
CLSZ04,BDSZ04,1,0.20656776665264953,0.0,1.2065677666526495
CLSZ04,BKSZ02,1,0.1714478228505456,0.0,1.1714478228505456
CLSZ04,BKSZ05,6,1.7676203114943432,0.0,7.767620311494343
CLSZ04,BKSZ07,1,0.4436157021612553,0.0,1.4436157021612552
CLSZ04,BKSZ09,2,0.6255776883373867,0.03651290142933147,2.662090589766718
CLSZ04,BLSZ02,1,0.08330552756933662,0.0,1.0833055275693366
CLSZ04,BMSZ01,2,0.3879863620654267,0.0,2.3879863620654267
CLSZ04,BMSZ03,5,0.4973045639499757,0.0,5.497304563949975
CLSZ04,BMSZ04,2,0.2113661384820382,0.0,2.2113661384820382
CLSZ04,BMSZ05,1,0.22798214256710764,0.0,1.2279821425671076
CLSZ04,BMSZ06,2,0.6197896170987479,0.0,2.619789617098748
CLSZ04,BMSZ07,1,0.4233578233167458,0.0,1.4233578233167459
CLSZ04,BMSZ08,1,0.15223156884426214,0.0,1.1522315688442621
CLSZ04,BMSZ10,1,0.09215697846247217,0.0,1.092156978462472
CLSZ04,BMSZ15,1,0.11812252098149334,0.0,1.1181225209814933
CLSZ04,BMSZ17,1,0.17121149050076825,0.0,1.1712114905007682
CLSZ04,BTSZ01,8,1.6401382492805068,2.1684820279226416,11.808620277203149
CLSZ04,BTSZ03,2,0.4754131672289554,0.8554698733851399,3.3308830406140952
CLSZ04,BTSZ04,2,1.2951982313375097,0.48023067192059554,3.7754289032581054
CLSZ04,BTSZ05,1,0.1386151562572241,0.0,1.1386151562572242
CLSZ04,BTSZ06,3,0.407192299544487,0.0,3.407192299544487
CLSZ04,CKSZ03,2,0.4980066753715755,0.0,2.4980066753715757
CLSZ04,CKSZ06,2,0.31049820660760874,0.0,2.3104982066076087
CLSZ04,CLSZ02,1,0.2632845988100109,0.5825302147721637,1.8458148135821748
CLSZ04,CLSZ03,1,1.0777231341080977,0.8400446182321061,2.917767752340204
CLSZ04,CLSZ04,3,0.6104656019414157,13.397663326922618,17.008128928864036
CLSZ04,CLSZ05,4,1.410272558989942,2.311007686058174,7.721280245048116
CLSZ04,CLSZ06,11,1.2625058701207765,10.57647368478141,22.83897955490219
CLSZ04,CLSZ07,1,0.6289625843310257,0.120924122173723,1.7498867065047488
CLSZ04,CLSZ08,1,0.5025644288046666,0.4638516265362868,1.9664160553409533
CLSZ04,DTSZ01,2,0.3392252666265059,0.0,2.3392252666265057
CLSZ04,DTSZ03,4,0.9879892286926377,0.0,4.987989228692638
CLSZ04,DTSZ04,1,0.12754913126461812,0.0,1.1275491312646182
CLSZ04,DTSZ05,3,0.555583978685235,0.0,3.555583978685235
CLSZ04,DTSZ08,3,0.3476383198442383,0.0,3.347638319844238
CLSZ04,DTSZ09,1,0.10493734350860713,0.0,1.1049373435086072
CLSZ04,DTSZ11,3,0.8981239154643317,0.0,3.898123915464332
CLSZ04,GLSZ01,1,0.35362506658015874,0.0,1.3536250665801588
CLSZ04,GLSZ03,1,0.29381592450610167,0.0,1.2938159245061016
CLSZ04,GLSZ04,1,0.32508682526581123,0.0,1.3250868252658112
CLSZ04,HGSZ06,1,0.42098034466202505,0.0,1.420980344662025
CLSZ04,HGSZ08,1,0.23623083808040188,0.0,1.236230838080402
CLSZ04,JESZ03,4,0.8717118287475235,1.2242777052962754,6.095989534043799
CLSZ04,JESZ05,9,1.0253803660543601,3.388840724554105,13.414221090608464
CLSZ04,JESZ06,2,0.31003809808194127,0.8763301756859021,3.1863682737678434
CLSZ04,JESZ08,1,0.2601508508711875,0.07042341645263972,1.3305742673238274
CLSZ04,JWSZ01,2,0.11933622671561211,0.0,2.119336226715612
CLSZ04,JWSZ03,1,0.34778461595232485,0.0,1.3477846159523248
CLSZ04,JWSZ04,2,0.47775741420812234,0.0,2.4777574142081225
CLSZ04,JWSZ08,2,0.7946637721654968,0.0,2.7946637721654968
CLSZ04,JWSZ09,5,1.4076480906611615,0.0,6.407648090661161
CLSZ04,KLSZ01,1,0.40338928883481734,0.0,1.4033892888348174
CLSZ04,KLSZ06,1,0.28808128181072545,0.0,1.2880812818107255
CLSZ04,KLSZ08,4,0.7028859212165024,0.0,4.702885921216502
CLSZ04,MUSZ01,2,0.22806239156620148,0.0,2.2280623915662017
CLSZ04,MUSZ03,1,0.04768522123242647,0.0,1.0476852212324266
CLSZ04,NVSZ02,4,0.8332775103748556,0.0,4.833277510374856
CLSZ04,NVSZ03,2,0.22193804793552752,0.0,2.2219380479355273
CLSZ04,ORSZ02,3,0.538890282689273,0.0,3.538890282689273
CLSZ04,OTSZ01,1,0.06842363163374023,0.0,1.0684236316337403
CLSZ04,OTSZ03,4,0.7910832179898954,0.0,4.791083217989895
CLSZ04,OTSZ04,1,0.08778061745272957,0.0,1.0877806174527296
CLSZ04,PNSZ01,1,0.09876648838662522,0.0,1.0987664883866253
CLSZ04,PNSZ02,1,0.0,0.0,1.0
CLSZ04,PRSZ04,1,0.08604143169263809,0.0,1.0860414316926381
CLSZ04,QTSZ01,2,0.5839681210905548,0.9333744275988032,3.517342548689358
CLSZ04,QTSZ03,2,0.3433596709572464,0.0,2.3433596709572466
CLSZ04,QTSZ04,3,0.1720074820520802,0.0,3.1720074820520803
CLSZ04,QTSZ05,1,0.27968295043625374,0.0,1.2796829504362537
CLSZ04,QTSZ06,2,0.2325158352284758,0.0,2.232515835228476
CLSZ04,QTSZ07,1,0.0,0.0,1.0
CLSZ04,QTSZ08,11,0.8340497530872698,1.4168946123313964,13.250944365418665
CLSZ04,QTSZ09,2,0.131469169360542,0.0,2.131469169360542
CLSZ04,QTSZ10,1,0.34022339894128023,0.9083339732267582,2.2485573721680385
CLSZ04,QTSZ11,6,1.1141081030848043,1.346770336891477,8.460878439976282
CLSZ04,QTSZ13,1,0.2992046320486947,0.0,1.2992046320486947
CLSZ04,QTSZ14,1,0.34535615792787416,0.0,1.345356157927874
CLSZ04,QTSZ15,1,0.30426967628794227,0.0,1.3042696762879422
CLSZ04,RCSZ01,1,0.1295697053389109,0.0,1.1295697053389109
CLSZ04,RCSZ10,1,0.1349955311816058,0.0,1.1349955311816058
CLSZ04,SESZ02,1,0.2389165202096976,0.0,1.2389165202096977
CLSZ04,SESZ03,1,0.29214064625750985,0.0,1.2921406462575098
CLSZ04,SESZ06,1,0.3434170177037181,0.0,1.3434170177037181
CLSZ04,SGSZ04,1,0.2962091864087762,0.0,1.2962091864087761
CLSZ04,SGSZ06,3,0.49957807446605956,0.0,3.4995780744660596
CLSZ04,SRSZ01,1,0.23665585335553319,0.0,1.2366558533555332
CLSZ04,TMSZ04,1,0.16195979139317068,0.0,1.1619597913931707
CLSZ04,TMSZ05,1,0.2996863857900185,0.0,1.2996863857900185
CLSZ04,TNSZ01,1,0.2805602712048386,0.0,1.2805602712048385
CLSZ04,TNSZ02,1,0.12897066187016057,0.0,1.1289706618701605
CLSZ04,TNSZ04,1,0.19025945984689918,0.0,1.1902594598468992
CLSZ04,TPSZ01,1,0.1451245055942944,0.0,1.1451245055942945
CLSZ04,TPSZ02,1,0.2974923536656179,0.0,1.2974923536656178
CLSZ04,TPSZ03,1,0.14326153946336811,0.0,1.143261539463368
CLSZ04,TPSZ04,1,0.06593432150444833,0.0,1.0659343215044483
CLSZ04,TPSZ06,4,1.1709782899573387,0.0,5.170978289957339
CLSZ04,TSSZ05,1,0.693975011583728,0.0,1.693975011583728
CLSZ04,TSSZ06,1,0.054885259104825515,0.0,1.0548852591048254
CLSZ04,WCSZ01,3,0.775085861182846,0.0,3.7750858611828457
CLSZ04,WDSZ02,1,0.32882784675013405,0.0,1.328827846750134
CLSZ04,WDSZ07,1,0.052688639083114094,0.0,1.052688639083114
CLSZ04,YSSZ02,1,0.19286592149811094,0.0,1.192865921498111
CLSZ05,AMSZ01,1,0.25431185000372514,0.0,1.2543118500037251
CLSZ05,BMSZ01,1,0.4416019143431894,0.0,1.4416019143431895
CLSZ05,BMSZ02,2,0.34336161779700525,0.0,2.3433616177970054
CLSZ05,BPSZ05,1,0.42312968940324774,0.0,1.4231296894032477
CLSZ05,BTSZ01,1,0.4189121299906489,0.2473002353397102,1.666212365330359
CLSZ05,BTSZ07,1,0.28661012118832246,0.0,1.2866101211883225
CLSZ05,CLSZ01,1,0.15605627508897735,0.2554764526803553,1.4115327277693326
CLSZ05,CLSZ04,3,1.1813510823302362,1.3882009295656725,5.569552011895909
CLSZ05,CLSZ05,1,1.0273094879526412,2.176651337814887,4.203960825767528
CLSZ05,CLSZ06,2,1.1379575701094127,1.8200076488527064,4.957965218962119
CLSZ05,CLSZ07,1,0.39999765262416337,0.12328563098220852,1.5232832836063719
CLSZ05,CLSZ09,1,0.14457770195217923,0.1802002223594535,1.3247779243116327
CLSZ05,DTSZ11,1,0.22853839584261423,0.0,1.2285383958426142
CLSZ05,GLSZ03,1,0.31174406756456946,0.0,1.3117440675645695
CLSZ05,HGSZ01,1,0.2597059352183673,0.0,1.2597059352183673
CLSZ05,HGSZ04,1,0.2820020208490174,0.0,1.2820020208490175
CLSZ05,JESZ01,1,0.3965432005874363,0.0,1.3965432005874363
CLSZ05,JESZ05,3,0.9047187568814192,1.01953188944036,4.924250646321779
CLSZ05,JESZ08,1,1.0399255273929116,0.5072930664630637,2.5472185938559755
CLSZ05,MUSZ01,1,0.15981191984946125,0.0,1.1598119198494612
CLSZ05,NVSZ02,1,0.5036722017443256,0.0,1.5036722017443256
CLSZ05,ORSZ03,2,0.3854150077030671,0.0,2.385415007703067
CLSZ05,OTSZ03,2,0.6124872249184362,0.0,2.612487224918436
CLSZ05,QTSZ08,1,0.4615555885383557,0.0,1.4615555885383558
CLSZ05,QTSZ09,1,0.0675820744742707,0.0,1.0675820744742708
CLSZ05,QTSZ11,1,0.17112098564377504,0.28175360748470585,1.4528745931284808
CLSZ06,BKSZ02,2,0.3005999226107337,0.0,2.3005999226107336
CLSZ06,BKSZ03,1,0.35680395415227445,0.0,1.3568039541522745
CLSZ06,BKSZ09,1,0.3512521607306613,0.02036508197914327,1.3716172427098046
CLSZ06,BLSZ03,1,0.21065789221590556,0.0,1.2106578922159055
CLSZ06,BLSZ04,1,0.18865707011375732,0.0,1.1886570701137573
CLSZ06,BMSZ01,2,0.39389286868625817,0.0,2.393892868686258
CLSZ06,BMSZ02,2,0.2386909692553525,0.0,2.2386909692553525
CLSZ06,BMSZ03,1,0.2794661828269102,0.0,1.2794661828269103
CLSZ06,BMSZ04,1,0.1583571617152495,0.0,1.1583571617152495
CLSZ06,BMSZ05,1,0.23677189467016657,0.0,1.2367718946701665
CLSZ06,BMSZ06,1,0.20304562382461502,0.0,1.203045623824615
CLSZ06,BMSZ07,2,0.5211134532212766,0.0,2.5211134532212767
CLSZ06,BMSZ08,1,0.14777228105343018,0.0,1.14777228105343
CLSZ06,BMSZ10,1,0.10331183317660207,0.0,1.103311833176602
CLSZ06,BMSZ11,2,0.271589223820851,0.0,2.271589223820851
CLSZ06,BMSZ17,1,0.18613906564582772,0.0,1.1861390656458277
CLSZ06,BPSZ07,1,0.10011327783832667,0.0,1.1001132778383267
CLSZ06,BTSZ01,4,0.5985375675604133,1.01448412929325,5.6130216968536635
CLSZ06,BTSZ04,1,0.5545081643849492,0.21660022452779326,1.7711083889127424
CLSZ06,BTSZ06,1,0.14811913442410615,0.0,1.1481191344241062
CLSZ06,BTSZ07,1,0.3002327026988956,0.0,1.3002327026988956
CLSZ06,BTSZ08,1,0.21232393153488863,0.0,1.2123239315348886
CLSZ06,CHSZ03,1,0.5680955432755266,0.0,1.5680955432755266
CLSZ06,CKSZ02,1,0.5104637341622381,0.0,1.5104637341622382
CLSZ06,CKSZ03,1,0.3101423424184965,0.0,1.3101423424184966
CLSZ06,CKSZ04,2,0.34569643571883896,0.0,2.345696435718839
CLSZ06,CKSZ05,2,0.2533201003995918,0.0,2.2533201003995917
CLSZ06,CLSZ01,2,0.2184747026576218,0.4959004146599778,2.7143751173175996
CLSZ06,CLSZ02,2,0.32616081695171245,1.0127178026525536,3.338878619604266
CLSZ06,CLSZ03,1,1.0226089705850336,0.8286498636103764,2.85125883419541
CLSZ06,CLSZ04,9,1.531229498647529,11.960260607433009,22.491490106080537
CLSZ06,CLSZ05,2,0.6651314120899994,1.5789251387096823,4.244056550799682
CLSZ06,CLSZ06,4,1.2965144018004413,25.62471104394288,30.92122544574332
CLSZ06,CLSZ07,3,1.7983638280767134,0.9072157618218589,5.705579589898572
CLSZ06,CLSZ08,4,1.465533692225107,3.3056701045784607,8.771203796803569
CLSZ06,CLSZ09,1,0.15028833467544775,0.3538048061576379,1.5040931408330858
CLSZ06,DTSZ01,1,0.2719130131848815,0.0,1.2719130131848815
CLSZ06,DTSZ02,2,0.36069936164551436,0.0,2.3606993616455143
CLSZ06,DTSZ03,4,0.4714090969118447,0.0,4.471409096911844
CLSZ06,DTSZ05,1,0.1922802718169409,0.0,1.192280271816941
CLSZ06,DTSZ09,3,0.16999009449632882,0.0,3.169990094496329
CLSZ06,DTSZ11,1,0.3669931537109374,0.0,1.3669931537109374
CLSZ06,GLSZ01,1,0.3251241323903932,0.0,1.325124132390393
CLSZ06,GLSZ05,1,0.32011203034041236,0.0,1.3201120303404124
CLSZ06,JESZ01,1,0.27004402834843577,0.0,1.2700440283484358
CLSZ06,JESZ02,1,0.288739510807627,0.0,1.288739510807627
CLSZ06,JESZ03,6,0.8617668033313464,2.0248129625033764,8.886579765834723
CLSZ06,JESZ05,7,0.8693765064637952,1.3972282868514032,9.2666047933152
CLSZ06,JESZ06,1,0.16574431144531288,0.45197165254599747,1.6177159639913103
CLSZ06,JESZ08,6,0.4376035805562399,0.48864491987436387,6.926248500430604
CLSZ06,JWSZ02,3,0.5449093640859889,0.0,3.544909364085989
CLSZ06,JWSZ03,1,0.3422078723795499,0.0,1.3422078723795499
CLSZ06,JWSZ05,2,0.11765840206919781,0.0,2.117658402069198
CLSZ06,JWSZ08,4,0.9212913083166732,0.0,4.921291308316674
CLSZ06,JWSZ09,4,0.7460051335578599,0.0,4.74600513355786
CLSZ06,KLSZ06,1,0.310336238242038,0.0,1.310336238242038
CLSZ06,MPSZ01,1,0.1478709677148247,0.0,1.1478709677148247
CLSZ06,OTSZ03,3,0.5487436308565096,0.0,3.5487436308565097
CLSZ06,PGSZ04,1,0.35849459261322064,0.0,1.3584945926132206
CLSZ06,PLSZ01,1,0.11841277898050666,0.0,1.1184127789805067
CLSZ06,QTSZ01,2,0.887925866795597,0.9199263467835728,3.80785221357917
CLSZ06,QTSZ02,1,0.1969373841017742,0.0,1.196937384101774
CLSZ06,QTSZ03,1,0.24560233626452477,0.0,1.2456023362645248
CLSZ06,QTSZ05,1,0.276601835243288,0.0,1.276601835243288
CLSZ06,QTSZ08,5,0.5928844978555964,1.0161330355624678,6.609017533418064
CLSZ06,QTSZ09,1,0.054556697458834714,0.0,1.0545566974588347
CLSZ06,QTSZ11,1,0.20606099865992675,0.3572185366370622,1.5632795352969888
CLSZ06,QTSZ13,3,0.3695755368996683,0.022749173474012684,3.392324710373681
CLSZ06,QTSZ14,2,0.4003343731701173,0.0,2.4003343731701174
CLSZ06,QTSZ15,2,0.340574854274783,0.0,2.340574854274783
CLSZ06,RVSZ05,1,0.14877298418294682,0.0,1.1487729841829468
CLSZ06,SBSZ01,1,0.24932990606644606,0.0,1.249329906066446
CLSZ06,SESZ02,1,0.24991528797789256,0.0,1.2499152879778925
CLSZ06,SKSZ02,1,0.0,0.0,1.0
CLSZ06,SKSZ04,1,0.2289015815617223,0.0,1.2289015815617224
CLSZ06,TNSZ03,1,0.035591356249114324,0.0,1.0355913562491144
CLSZ06,TPSZ02,1,0.30288506936038556,0.0,1.3028850693603855
CLSZ06,TPSZ08,1,0.09346757723520985,0.0,1.0934675772352098
CLSZ06,TSSZ03,1,0.06837552250772218,0.0,1.0683755225077223
CLSZ07,AMSZ01,1,0.20278135024054386,0.0,1.2027813502405438
CLSZ07,AMSZ12,1,0.07139423952788505,0.0,1.071394239527885
CLSZ07,BDSZ01,1,0.20324653785719474,0.0,1.2032465378571948
CLSZ07,BKSZ02,1,0.15925716128691025,0.0,1.1592571612869103
CLSZ07,BKSZ05,1,0.43836021924854274,0.0,1.4383602192485427
CLSZ07,BKSZ06,1,0.2116306291316773,0.0,1.2116306291316774
CLSZ07,BMSZ03,1,0.30286859698726365,0.0,1.3028685969872638
CLSZ07,BMSZ09,1,0.01205424995028872,0.0,1.0120542499502887
CLSZ07,BMSZ11,1,0.016045565198044606,0.0,1.0160455651980447
CLSZ07,BMSZ15,1,0.001701677868829265,0.0,1.0017016778688292
CLSZ07,BMSZ17,1,0.10521244275866401,0.0,1.105212442758664
CLSZ07,BPSZ02,1,0.0877607636217314,0.0,1.0877607636217315
CLSZ07,BPSZ07,1,0.04608950715569943,0.0,1.0460895071556995
CLSZ07,BTSZ01,1,0.30325975910317104,0.0,1.3032597591031712
CLSZ07,BTSZ07,1,0.22071152405072988,0.05695687957664865,1.2776684036273784
CLSZ07,CKSZ01,2,0.7240987539234333,0.0,2.724098753923433
CLSZ07,CLSZ03,1,0.47614104643033944,0.01907073319873772,1.4952117796290771
CLSZ07,CLSZ04,1,0.5425703876813476,0.11052482801784468,1.653095215699192
CLSZ07,CLSZ05,1,0.12180859964233996,0.0,1.12180859964234
CLSZ07,CLSZ06,1,0.4999190747695391,0.2373157573530436,1.7372348321225828
CLSZ07,CLSZ07,3,0.835526612573151,8.032816792582976,11.868343405156127
CLSZ07,DTSZ01,1,0.21643519773754244,0.0,1.2164351977375425
CLSZ07,DTSZ03,1,0.20310753835629333,0.0,1.2031075383562932
CLSZ07,DTSZ05,1,0.15549101158811365,0.0,1.1554910115881136
CLSZ07,DTSZ11,1,0.18859284336203497,0.0,1.188592843362035
CLSZ07,HGSZ06,1,0.30910890180497663,0.0,1.3091089018049766
CLSZ07,JESZ05,5,0.6986683614385124,0.0,5.6986683614385125
CLSZ07,JWSZ09,1,0.4311903116028333,0.0,1.4311903116028333
CLSZ07,KLSZ09,1,0.033499411172337235,0.0,1.0334994111723372
CLSZ07,MDSZ02,1,0.08014879557241654,0.0,1.0801487955724165
CLSZ07,MUSZ01,1,0.08773902659150397,0.0,1.087739026591504
CLSZ07,NVSZ02,1,0.3379718328472815,0.0,1.3379718328472814
CLSZ07,ORSZ02,1,0.29822426284168313,0.0,1.2982242628416831
CLSZ07,PGSZ02,1,0.18425763620572597,0.0,1.184257636205726
CLSZ07,PGSZ04,1,0.16709483414492166,0.0,1.1670948341449217
CLSZ07,PRSZ03,1,0.23258471832475058,0.0,1.2325847183247505
CLSZ07,QTSZ04,1,0.06557135198533473,0.1330840448328042,1.1986553968181388
CLSZ07,QTSZ07,1,0.0,0.0,1.0
CLSZ07,QTSZ11,2,0.5482894912400397,0.40881767131154756,2.9571071625515875
CLSZ07,QTSZ12,1,0.19949025005491697,0.0,1.199490250054917
CLSZ07,QTSZ13,1,0.2696132196115507,0.00108309351632858,1.2706963131278795
CLSZ07,QTSZ14,1,0.26212233044935485,0.0,1.2621223304493547
CLSZ07,SBSZ03,1,0.3014094790017269,0.0,1.3014094790017268
CLSZ07,SGSZ01,1,0.1164631040393646,0.0,1.1164631040393647
CLSZ07,SGSZ02,1,0.12033708912225287,0.0,1.1203370891222528
CLSZ07,TPSZ06,1,0.2150016497867149,0.0,1.2150016497867149
CLSZ07,TSSZ02,1,0.08712348615640342,0.0,1.0871234861564034
CLSZ07,WCSZ01,1,0.2543823213045437,0.0,1.2543823213045437
CLSZ07,WDSZ06,1,0.27378330335572043,0.0,1.2737833033557204
CLSZ07,WDSZ09,1,0.0798595412877327,0.0,1.0798595412877328
CLSZ08,AMSZ06,1,0.5466297146559458,0.0,1.5466297146559458
CLSZ08,BKSZ03,1,0.33716856656099325,0.0,1.3371685665609934
CLSZ08,BKSZ05,1,0.6380377873957559,0.0,1.638037787395756
CLSZ08,BMSZ01,3,0.7987568377479793,0.0,3.7987568377479795
CLSZ08,BMSZ05,1,0.28369239887088094,0.0,1.283692398870881
CLSZ08,BTSZ01,1,0.5394944565478492,0.0,1.5394944565478492
CLSZ08,CLSZ04,2,0.7491557003413112,0.8503373683195528,3.599493068660864
CLSZ08,CLSZ06,5,1.985006882069334,2.7581701759058883,9.743177057975222
CLSZ08,CLSZ08,6,2.637938041723912,7.033993050411539,15.67193109213545
CLSZ08,CLSZ09,1,0.18630603299908577,0.1717655453086347,1.3580715783077204
CLSZ08,DTSZ01,1,0.3192299814528733,0.0,1.3192299814528732
CLSZ08,DTSZ02,1,0.23054309937765927,0.0,1.2305430993776594
CLSZ08,DTSZ05,1,0.2613020238652766,0.0,1.2613020238652766
CLSZ08,DTSZ06,2,0.07519896644529028,0.0,2.0751989664452903
CLSZ08,DTSZ09,1,0.1723036859464336,0.0,1.1723036859464335
CLSZ08,DTSZ10,2,0.07339986239716792,0.0,2.073399862397168
CLSZ08,DTSZ11,1,0.34399859855158316,0.0,1.3439985985515832
CLSZ08,DTSZ12,1,0.18231451757430553,0.0,1.1823145175743055
CLSZ08,JESZ05,1,0.6649011306837149,0.0,1.664901130683715
CLSZ08,JESZ08,2,0.5729463573946113,0.5131938309300547,3.086140188324666
CLSZ08,KLSZ03,1,0.03572193683348131,0.0,1.0357219368334813
CLSZ08,MUSZ03,1,0.05558714961892056,0.0,1.0555871496189206
CLSZ08,OTSZ03,1,0.38975620798430666,0.0,1.3897562079843067
CLSZ08,QTSZ08,2,0.7806552750038835,0.19880508545340755,2.979460360457291
CLSZ08,QTSZ10,1,0.40973696975085583,0.593032184647777,2.002769154398633
CLSZ08,QTSZ11,2,0.4479446819328122,0.8694520047843646,3.317396686717177
CLSZ08,QTSZ13,2,0.5733611851163569,0.010769270684176742,2.584130455800534
CLSZ08,QTSZ14,2,0.5327179599966932,0.0,2.532717959996693
CLSZ08,RCSZ01,1,0.12216560604685517,0.0,1.1221656060468552
CLSZ08,RCSZ08,1,0.0,0.0,1.0
CLSZ08,TNSZ01,1,0.1828835572773534,0.0,1.1828835572773535
CLSZ08,TPSZ01,1,0.12429799183313318,0.0,1.1242979918331333
CLSZ08,TSSZ04,1,0.35575436595282606,0.0,1.355754365952826
CLSZ08,TSSZ05,1,0.5070790702158025,0.0,1.5070790702158026
CLSZ08,WCSZ01,1,0.36072316898330126,0.0,1.3607231689833013
CLSZ08,WDSZ03,1,0.5232902308392504,0.0,1.5232902308392504
CLSZ09,AMSZ02,2,0.06595746608041664,0.0,2.0659574660804165
CLSZ09,BKSZ02,1,0.10466189415571654,0.0,1.1046618941557165
CLSZ09,BKSZ05,3,0.3261194263987064,0.0,3.3261194263987064
CLSZ09,BMSZ11,1,0.030293337364801456,0.0,1.0302933373648016
CLSZ09,CKSZ02,1,0.09042379025193444,0.0,1.0904237902519345
CLSZ09,CKSZ03,1,0.14285411388321628,0.0,1.1428541138832162
CLSZ09,CLSZ04,2,0.18639941710744945,0.0,2.1863994171074497
CLSZ09,CLSZ06,2,0.24622245325327738,0.0,2.2462224532532775
CLSZ09,CLSZ09,1,0.04414787516229157,0.0,1.0441478751622917
CLSZ09,HGSZ02,1,0.07469870721247489,0.0,1.074698707212475
CLSZ09,JESZ02,1,0.04796298788144585,0.0,1.0479629878814458
CLSZ09,JESZ03,2,0.1453348685205928,0.0,2.145334868520593
CLSZ09,JESZ05,1,0.19330007095787466,0.0,1.1933000709578747
CLSZ09,JWSZ02,1,0.14060238316267473,0.0,1.1406023831626748
CLSZ09,JWSZ03,1,0.11391753924036431,0.0,1.1139175392403644
CLSZ09,JWSZ04,1,0.22714928748089466,0.0,1.2271492874808947
CLSZ09,JWSZ09,2,0.28350779182855734,0.0,2.2835077918285576
CLSZ09,OTSZ01,1,0.009882206791900038,0.0,1.0098822067919
CLSZ09,QTSZ02,1,0.028298359781822876,0.0,1.028298359781823
CLSZ09,QTSZ13,1,0.05925228831886621,0.0,1.0592522883188662
CLSZ09,SBSZ03,1,0.10714841552066624,0.0,1.1071484155206663
CLSZ09,SESZ04,1,0.12803376828041393,0.0,1.128033768280414
CLSZ09,SGSZ07,1,0.05627593830899603,0.0,1.0562759383089961
CLSZ09,TMSZ03,1,0.1475556130522058,0.0,1.1475556130522058
DTSZ01,AMSZ01,2,0.6203717760648156,0.0,2.6203717760648155
DTSZ01,AMSZ02,1,0.2354672552697688,0.0,1.2354672552697687
DTSZ01,AMSZ05,2,0.5441031576203764,0.0,2.5441031576203765
DTSZ01,AMSZ06,1,0.25522785165175554,0.0,1.2552278516517554
DTSZ01,BDSZ01,1,0.5469712867818605,0.0,1.5469712867818606
DTSZ01,BDSZ02,1,0.47635048437735616,0.0,1.476350484377356
DTSZ01,BDSZ03,4,0.7896881454769054,0.0,4.789688145476905
DTSZ01,BDSZ04,5,0.8219096041114944,0.0,5.821909604111495
DTSZ01,BDSZ05,2,0.6775614306318242,0.0,2.6775614306318243
DTSZ01,BDSZ06,1,0.6710189390821023,0.0,1.6710189390821024
DTSZ01,BDSZ07,1,0.30983945329484436,0.0,1.3098394532948443
DTSZ01,BKSZ06,1,0.15915635606535225,0.0,1.1591563560653522
DTSZ01,BKSZ07,1,0.28309106667670336,0.0,1.2830910666767035
DTSZ01,BKSZ09,1,0.2762198132542891,0.0,1.276219813254289
DTSZ01,BMSZ01,1,0.3254591021259471,0.0,1.3254591021259472
DTSZ01,BMSZ04,3,0.2758309405265015,0.0,3.2758309405265016
DTSZ01,BMSZ06,1,0.4391333294334827,0.0,1.4391333294334827
DTSZ01,BMSZ09,1,0.12411838498242858,0.09516433446611605,1.2192827194485445
DTSZ01,BMSZ10,2,0.1970037588080085,0.5728183427062794,2.769822101514288
DTSZ01,BMSZ11,1,0.3392641906077787,0.0,1.3392641906077787
DTSZ01,BMSZ12,1,0.2623866620849096,0.0,1.2623866620849096
DTSZ01,BMSZ13,1,0.278417109982296,0.0,1.278417109982296
DTSZ01,BPSZ01,1,0.2255495887924257,0.0,1.2255495887924257
DTSZ01,BPSZ02,1,0.15260640138704787,0.0,1.1526064013870478
DTSZ01,BPSZ03,1,0.2510358928576935,0.0,1.2510358928576935
DTSZ01,BPSZ04,3,0.3272049840129761,0.0,3.327204984012976
DTSZ01,BPSZ05,4,0.3271886259668435,0.0,4.327188625966843
DTSZ01,BSSZ02,1,0.3831282691928053,0.0,1.3831282691928053
DTSZ01,BSSZ03,1,0.3571556267346606,0.0,1.3571556267346607
DTSZ01,BTSZ01,1,0.30518235501408947,0.0,1.3051823550140895
DTSZ01,BTSZ06,1,0.11043813380762207,0.0,1.1104381338076221
DTSZ01,BTSZ07,1,0.24077583925186394,0.0,1.240775839251864
DTSZ01,CKSZ01,1,0.3058958257901893,0.0,1.3058958257901894
DTSZ01,CLSZ03,1,0.3261980180015918,0.0,1.3261980180015918
DTSZ01,CLSZ04,2,0.2972347248731982,0.0,2.2972347248731984
DTSZ01,CLSZ06,1,0.20090506254473012,0.0,1.2009050625447302
DTSZ01,CLSZ07,1,0.2152268992963014,0.0,1.2152268992963013
DTSZ01,DTSZ01,5,0.8021335731648377,19.382280604311113,25.18441417747595
DTSZ01,DTSZ02,1,0.3255572117158391,1.392300525372326,2.717857737088165
DTSZ01,DTSZ03,1,0.36759796845865506,0.668513355657095,2.0361113241157502
DTSZ01,DTSZ05,2,0.270680619273991,2.2321218487380934,4.502802468012084
DTSZ01,DTSZ11,2,0.32490342365698527,1.8271688198823448,4.1520722435393305
DTSZ01,GLSZ03,1,0.3912061945055326,0.0,1.3912061945055325
DTSZ01,GLSZ04,6,1.5275924879353666,0.0,7.527592487935367
DTSZ01,GLSZ05,3,1.083631122408687,0.0,4.083631122408687
DTSZ01,HGSZ02,1,0.30480747001193104,0.0,1.304807470011931
DTSZ01,HGSZ04,1,0.29124746984080024,0.0,1.2912474698408003
DTSZ01,HGSZ05,1,0.3822768595931034,0.0,1.3822768595931034
DTSZ01,HGSZ06,1,0.40414033053104315,0.0,1.4041403305310431
DTSZ01,HGSZ07,1,0.34833485931962377,0.0,1.3483348593196238
DTSZ01,HGSZ08,1,0.31486233541441133,0.0,1.3148623354144113
DTSZ01,JESZ01,1,0.23494892121495528,0.0,1.2349489212149554
DTSZ01,JESZ05,3,0.5070267817677858,0.0,3.507026781767786
DTSZ01,JWSZ08,3,0.5845327075750608,0.0,3.584532707575061
DTSZ01,JWSZ09,4,0.5582291297793558,0.0,4.558229129779356
DTSZ01,KLSZ01,3,1.057726561349723,1.4685536255754317,5.526280186925154
DTSZ01,KLSZ02,2,0.2282980227672679,0.19942899030637945,2.427727013073647
DTSZ01,KLSZ06,2,0.773654731586875,0.0,2.773654731586875
DTSZ01,KLSZ08,1,0.37025536686061655,0.3127357899091979,1.6829911567698144
DTSZ01,KLSZ09,1,0.10964797154157287,0.36619936647775153,1.4758473380193244
DTSZ01,MPSZ01,2,0.31363367482655186,0.0,2.313633674826552
DTSZ01,MPSZ03,3,0.880623468337785,0.0,3.880623468337785
DTSZ01,MUSZ01,2,0.19468626388599106,0.7043416919032705,2.8990279557892618
DTSZ01,NVSZ01,3,1.0203525533201028,1.4114505376817914,5.431803091001894
DTSZ01,NVSZ02,4,1.0147006956583766,0.6365338947357152,5.6512345903940915
DTSZ01,ORSZ02,2,0.5153690781830422,0.4239930647483283,2.9393621429313703
DTSZ01,ORSZ03,1,0.20362240076345262,0.08085906916787496,1.2844814699313276
DTSZ01,OTSZ03,3,0.6567661039084766,2.8001910717966334,6.45695717570511
DTSZ01,OTSZ04,2,0.2418267822266655,0.0,2.2418267822266653
DTSZ01,PGSZ03,2,0.31697943653008354,0.0,2.3169794365300835
DTSZ01,PGSZ04,3,0.4727533032817745,0.0,3.4727533032817743
DTSZ01,PRSZ02,1,0.37783041043271637,0.0,1.3778304104327164
DTSZ01,PRSZ03,5,0.6884957227480244,0.0,5.688495722748025
DTSZ01,PRSZ05,1,0.49773965300982514,0.0,1.497739653009825
DTSZ01,QTSZ01,1,0.2589432829712708,0.0,1.2589432829712708
DTSZ01,QTSZ05,1,0.3017828960416239,0.0,1.3017828960416238
DTSZ01,QTSZ07,1,0.0,0.0,1.0
DTSZ01,RCSZ01,1,0.14026148798016363,0.17437200171777964,1.3146334896979432
DTSZ01,RCSZ02,1,0.11133599376160498,0.2609110002481435,1.3722469940097484
DTSZ01,RCSZ03,1,0.10760356595567717,0.29753799448734397,1.405141560443021
DTSZ01,RCSZ10,2,0.30711950062588533,11.690932952767602,13.998052453393488
DTSZ01,RVSZ05,2,0.6485798599004666,0.0,2.6485798599004666
DTSZ01,SBSZ05,1,0.03291114170022168,0.0,1.0329111417002217
DTSZ01,SESZ03,2,0.5642087623105738,0.0,2.5642087623105736
DTSZ01,SESZ04,1,0.4400945526801722,0.0,1.4400945526801723
DTSZ01,SESZ06,2,0.7448786710863167,0.0,2.7448786710863167
DTSZ01,SGSZ01,1,0.3461213395276693,0.0,1.3461213395276692
DTSZ01,SGSZ03,1,0.3606821236662188,0.0,1.3606821236662188
DTSZ01,SGSZ04,1,0.48788295805683884,0.0,1.487882958056839
DTSZ01,SGSZ06,3,0.526497791872966,0.0,3.526497791872966
DTSZ01,TMSZ02,2,0.6888116952649422,0.0,2.6888116952649423
DTSZ01,TMSZ04,1,0.280968960092227,0.0,1.280968960092227
DTSZ01,TMSZ05,1,0.25695874991586143,0.0,1.2569587499158614
DTSZ01,TNSZ01,1,0.34227667459308897,0.0,1.342276674593089
DTSZ01,TPSZ01,2,0.2423152339347608,0.0,2.242315233934761
DTSZ01,TPSZ02,1,0.4128195626654834,0.0,1.4128195626654834
DTSZ01,TPSZ04,1,0.16641734680805664,0.0,1.1664173468080565
DTSZ01,TPSZ07,1,0.17509632537962178,0.0,1.1750963253796218
DTSZ01,TPSZ09,1,0.21188167726627533,0.0,1.2118816772662753
DTSZ01,WDSZ02,1,0.34701181937361014,0.0,1.34701181937361
DTSZ01,WDSZ03,5,0.7558550249127364,0.0,5.755855024912736
DTSZ01,WDSZ04,3,0.32735268286837876,0.0,3.3273526828683786
DTSZ01,WDSZ09,1,0.08844234724021063,0.0,1.0884423472402107
DTSZ01,YSSZ03,1,0.4034202656568011,0.0,1.4034202656568011
DTSZ01,YSSZ04,2,0.41947446831288365,0.0,2.4194744683128837
DTSZ01,YSSZ09,3,0.6090052237588129,0.0,3.609005223758813
DTSZ02,AMSZ01,5,1.0242297397461377,0.0,6.024229739746138
DTSZ02,AMSZ02,1,0.4192125630294374,0.0,1.4192125630294374
DTSZ02,AMSZ03,1,0.424792804661354,0.0,1.424792804661354
DTSZ02,AMSZ04,1,0.09822814260405477,0.0,1.0982281426040548
DTSZ02,AMSZ06,2,0.48445421486360757,0.0,2.4844542148636077
DTSZ02,AMSZ07,1,0.2521667735423913,0.0,1.2521667735423914
DTSZ02,AMSZ09,1,0.2790709753468772,0.0,1.2790709753468772
DTSZ02,AMSZ11,1,0.04594334651846889,0.0,1.0459433465184689
DTSZ02,BDSZ01,1,0.5216162442788429,0.0,1.5216162442788428
DTSZ02,BDSZ02,3,0.7906165109562885,0.0,3.7906165109562884
DTSZ02,BDSZ03,2,0.876018461152093,0.0,2.876018461152093
DTSZ02,BDSZ04,9,1.5228332700915912,0.0,10.522833270091592
DTSZ02,BDSZ05,2,0.9622181721253282,0.0,2.9622181721253282
DTSZ02,BDSZ06,4,2.1376264160323504,0.0,6.137626416032351
DTSZ02,BKSZ05,1,0.5197467443412859,0.0,1.519746744341286
DTSZ02,BKSZ06,1,0.17901032990255752,0.0,1.1790103299025576
DTSZ02,BKSZ07,2,0.5599445826741247,0.0,2.5599445826741247
DTSZ02,BLSZ02,1,0.11611750731830994,0.0,1.11611750731831
DTSZ02,BMSZ02,1,0.33272656281630425,0.0,1.3327265628163043
DTSZ02,BMSZ04,5,0.46663061213787255,0.654563441806815,6.121194053944687
DTSZ02,BMSZ06,2,0.625087234721562,0.0,2.625087234721562
DTSZ02,BMSZ07,1,0.6831300231712925,0.0,1.6831300231712925
DTSZ02,BMSZ08,4,0.3969129220575413,0.7170803947274708,5.113993316785011
DTSZ02,BMSZ09,4,0.3295814725013503,0.13628369048272115,4.4658651629840715
DTSZ02,BMSZ10,1,0.4017163219499385,0.10193837540924061,1.5036546973591791
DTSZ02,BMSZ13,2,0.5445020403175468,0.0,2.5445020403175467
DTSZ02,BPSZ02,1,0.19222032270839876,0.0,1.1922203227083987
DTSZ02,BPSZ04,3,0.4661982189016572,0.0,3.466198218901657
DTSZ02,BPSZ05,1,0.4286041094071286,0.0,1.4286041094071287
DTSZ02,BSSZ01,4,1.3072703579683564,0.0,5.307270357968356
DTSZ02,BSSZ02,4,0.9080408579073438,0.0,4.908040857907344
DTSZ02,BSSZ03,1,0.5457364748931319,0.0,1.545736474893132
DTSZ02,BTSZ01,4,1.0459284406814289,0.0,5.045928440681429
DTSZ02,BTSZ03,3,0.39291535743361444,0.0,3.3929153574336146
DTSZ02,BTSZ05,2,0.2528723233862503,0.0,2.25287232338625
DTSZ02,CKSZ02,3,0.615300693731026,0.0,3.615300693731026
DTSZ02,CKSZ03,1,0.40071236748711475,0.0,1.4007123674871147
DTSZ02,CKSZ04,1,0.2826434246205747,0.0,1.2826434246205747
DTSZ02,CKSZ06,5,0.36628395373237205,0.0,5.366283953732372
DTSZ02,CLSZ02,1,0.15963573393889005,0.0,1.15963573393889
DTSZ02,CLSZ03,1,0.38235737261963987,0.0,1.3823573726196399
DTSZ02,CLSZ05,1,0.40314989787977923,0.0,1.4031498978797792
DTSZ02,CLSZ06,3,0.5290373561805054,0.0,3.5290373561805053
DTSZ02,CLSZ08,1,0.308809079363707,0.0,1.308809079363707
DTSZ02,DTSZ01,1,0.5159179331035779,0.4629589369210054,1.9788768700245833
DTSZ02,DTSZ02,3,0.9557138256414403,54.78341764731374,58.73913147295518
DTSZ02,DTSZ03,2,1.1424520066702815,0.7309369706754483,3.87338897734573
DTSZ02,DTSZ04,1,0.18365667800476085,0.0,1.1836566780047608
DTSZ02,DTSZ05,6,0.4446483178375934,2.4281727917675915,8.872821109605185
DTSZ02,DTSZ07,1,0.14627739174312707,0.5537029602770064,1.6999803520201335
DTSZ02,DTSZ08,4,0.3525553639497634,7.5244703123844,11.877025676334164
DTSZ02,DTSZ09,1,0.2039874693638067,0.05762170639657834,1.261609175760385
DTSZ02,DTSZ11,1,0.3758724436433128,1.5847729080682895,2.9606453517116025
DTSZ02,DTSZ12,1,0.35858859151355366,0.06464092330279049,1.423229514816344
DTSZ02,GLSZ02,4,0.31634982308123516,0.0,4.316349823081235
DTSZ02,GLSZ03,1,0.5342409086143172,0.0,1.5342409086143172
DTSZ02,GLSZ04,5,1.892187025659924,0.0,6.892187025659924
DTSZ02,GLSZ05,5,1.2364472368678006,0.0,6.2364472368678
DTSZ02,HGSZ02,1,0.4365619379372275,0.0,1.4365619379372274
DTSZ02,HGSZ03,1,0.4128355023869555,0.0,1.4128355023869554
DTSZ02,HGSZ04,1,0.4912727509838968,0.0,1.4912727509838968
DTSZ02,HGSZ05,1,0.5063373161616335,0.0,1.5063373161616336
DTSZ02,HGSZ06,3,1.1988427172122722,0.0,4.198842717212273
DTSZ02,HGSZ07,1,0.37341664598792373,0.0,1.3734166459879238
DTSZ02,JESZ01,1,0.316279392507142,0.0,1.316279392507142
DTSZ02,JESZ03,1,0.593751717251419,0.0,1.5937517172514188
DTSZ02,JESZ04,1,0.13201956408350762,0.0,1.1320195640835076
DTSZ02,JESZ05,3,0.6760558251110778,0.0,3.676055825111078
DTSZ02,JWSZ02,2,0.3931874384379048,0.0,2.393187438437905
DTSZ02,JWSZ03,1,0.38433310720799535,0.0,1.3843331072079954
DTSZ02,JWSZ04,4,0.8148224175740848,0.0,4.814822417574085
DTSZ02,JWSZ08,2,0.7508870251166689,0.0,2.750887025116669
DTSZ02,JWSZ09,3,0.6591313465381418,0.0,3.6591313465381416
DTSZ02,KLSZ01,4,0.8760959594404505,0.5617171657789827,5.437813125219432
DTSZ02,KLSZ03,2,0.2371164177113596,0.06323027683762557,2.300346694548985
DTSZ02,KLSZ06,5,0.9251181559763497,0.5923045117287461,6.5174226677050955
DTSZ02,MUSZ01,3,0.39957365388888905,1.1509231025817004,4.550496756470589
DTSZ02,NVSZ01,2,1.3090909619872828,0.0,3.309090961987283
DTSZ02,NVSZ03,1,0.31060857306121753,0.0,1.3106085730612176
DTSZ02,ORSZ01,1,0.1197965843916566,0.0,1.1197965843916566
DTSZ02,ORSZ02,8,2.4486112532850455,0.6643122035555179,11.112923456840564
DTSZ02,ORSZ03,3,0.5565136995975384,1.1651490091800094,4.721662708777548
DTSZ02,OTSZ01,1,0.07807417549297369,0.2522464805753685,1.3303206560683423
DTSZ02,OTSZ03,6,0.8061024010770746,1.53727283556041,8.343375236637485
DTSZ02,OTSZ04,3,0.3220104611157539,1.1452077802282967,4.46721824134405
DTSZ02,PGSZ04,2,0.7282054126071495,0.0,2.7282054126071493
DTSZ02,PGSZ05,1,0.5349626762434957,0.0,1.5349626762434956
DTSZ02,PRSZ03,6,1.1182482584929214,0.0,7.118248258492922
DTSZ02,PRSZ04,2,0.30286420431930117,0.0,2.302864204319301
DTSZ02,PRSZ05,2,0.7372964018451054,0.0,2.7372964018451054
DTSZ02,PRSZ07,1,0.12391821108964567,0.0,1.1239182110896457
DTSZ02,PRSZ08,1,0.3414457101789618,0.0,1.3414457101789619
DTSZ02,QTSZ02,3,0.39789711390014976,0.0,3.3978971139001497
DTSZ02,QTSZ04,1,0.10631114895842801,0.0,1.106311148958428
DTSZ02,QTSZ05,1,0.4233348912188743,0.0,1.4233348912188744
DTSZ02,QTSZ08,1,0.381486310054958,0.0,1.381486310054958
DTSZ02,QTSZ10,1,0.4332957302044829,0.0,1.4332957302044829
DTSZ02,RCSZ05,2,0.13797853808904229,0.9790741131765879,3.11705265126563
DTSZ02,RCSZ06,1,0.0,0.0,1.0
DTSZ02,RCSZ10,1,0.26793109103052276,0.042926941641255864,1.3108580326717787
DTSZ02,SBSZ03,2,0.5889304551496761,0.0,2.588930455149676
DTSZ02,SBSZ04,2,0.421186769283098,0.0,2.421186769283098
DTSZ02,SESZ02,2,0.6722506982195845,0.0,2.6722506982195844
DTSZ02,SESZ03,6,0.8651417500598364,0.0,6.865141750059836
DTSZ02,SESZ04,4,0.9993391523675248,0.0,4.999339152367525
DTSZ02,SESZ05,1,0.3881479066916374,0.0,1.3881479066916373
DTSZ02,SESZ06,1,0.5318140731469481,0.0,1.531814073146948
DTSZ02,SGSZ04,1,0.6138626618320273,0.0,1.6138626618320273
DTSZ02,SGSZ06,4,0.8870285711943788,0.0,4.887028571194379
DTSZ02,SGSZ07,2,0.34220651350640413,0.0,2.342206513506404
DTSZ02,TMSZ02,9,1.936745789053666,0.0,10.936745789053665
DTSZ02,TMSZ03,2,1.1243569987552215,0.0,3.1243569987552213
DTSZ02,TMSZ04,7,1.492323081252551,0.0,8.49232308125255
DTSZ02,TNSZ02,1,0.30275617112391146,0.042423304673572804,1.3451794757974844
DTSZ02,TNSZ04,1,0.26861645921943456,0.0,1.2686164592194347
DTSZ02,TPSZ01,1,0.39820183062320313,0.0,1.3982018306232031
DTSZ02,TPSZ02,1,0.5310801737677363,0.0,1.5310801737677364
DTSZ02,TPSZ03,3,0.31745347823074027,0.0,3.3174534782307403
DTSZ02,TPSZ04,1,0.1718695625734789,0.0,1.171869562573479
DTSZ02,TPSZ06,3,0.5850956890755636,0.0,3.5850956890755636
DTSZ02,TPSZ10,1,0.23025189936611046,0.0,1.2302518993661105
DTSZ02,TPSZ12,1,0.256417271514454,0.0,1.256417271514454
DTSZ02,WDSZ01,1,0.14792117902545623,0.0,1.1479211790254562
DTSZ02,WDSZ02,3,0.6007496604187331,0.0,3.600749660418733
DTSZ02,WDSZ03,1,0.4864112828218347,0.0,1.4864112828218348
DTSZ02,WDSZ04,1,0.3542183664952227,0.0,1.3542183664952228
DTSZ02,WDSZ05,2,0.3950441801756561,0.0,2.395044180175656
DTSZ02,WDSZ09,1,0.18263162370117453,0.0,1.1826316237011745
DTSZ02,YSSZ02,3,0.4224037151550044,0.0,3.4224037151550046
DTSZ02,YSSZ03,2,0.9475704558104961,0.0,2.9475704558104963
DTSZ02,YSSZ04,1,0.4670972224714935,0.0,1.4670972224714935
DTSZ02,YSSZ05,1,0.214293928890676,0.0,1.214293928890676
DTSZ02,YSSZ09,2,0.652213381878,0.0,2.652213381878
DTSZ03,AMSZ01,3,1.0132899310223311,0.0,4.013289931022332
DTSZ03,AMSZ02,1,0.40557177995836347,0.0,1.4055717799583634
DTSZ03,AMSZ03,1,0.40961929914966777,0.0,1.4096192991496679
DTSZ03,AMSZ04,2,0.3288008857503383,0.0,2.328800885750338
DTSZ03,AMSZ05,1,0.3172823474471734,0.0,1.3172823474471733
DTSZ03,AMSZ06,2,0.5908119427110856,0.0,2.5908119427110856
DTSZ03,AMSZ12,1,0.12132987944220576,0.0,1.1213298794422057
DTSZ03,BDSZ02,2,1.2202609587932032,0.0,3.220260958793203
DTSZ03,BDSZ03,2,1.0049346746373484,0.0,3.004934674637348
DTSZ03,BDSZ04,5,1.3928095825748237,0.0,6.392809582574824
DTSZ03,BDSZ05,4,1.539564184090204,0.0,5.539564184090204
DTSZ03,BDSZ06,3,2.1249776848104607,0.0,5.12497768481046
DTSZ03,BKSZ01,1,0.11325809426878101,0.0,1.113258094268781
DTSZ03,BKSZ03,1,0.5541682058595766,0.0,1.5541682058595767
DTSZ03,BKSZ05,2,0.805496376846997,0.0,2.805496376846997
DTSZ03,BKSZ07,1,0.6364993876748625,0.0,1.6364993876748626
DTSZ03,BKSZ08,1,0.05619266494997165,0.0,1.0561926649499715
DTSZ03,BKSZ09,2,0.46679321490313186,0.0,2.4667932149031317
DTSZ03,BLSZ02,1,0.09778276838123239,0.0,1.0977827683812325
DTSZ03,BMSZ01,2,0.6929082558469526,0.0,2.6929082558469526
DTSZ03,BMSZ02,1,0.40998070573480727,0.0,1.4099807057348073
DTSZ03,BMSZ04,2,0.3342016285817096,0.0,2.3342016285817095
DTSZ03,BMSZ06,4,2.319560027129371,0.0,6.319560027129371
DTSZ03,BMSZ08,2,0.4298733413476611,0.0,2.429873341347661
DTSZ03,BMSZ10,1,0.2739431899541709,0.09606663062065095,1.370009820574822
DTSZ03,BMSZ11,1,0.4934724156607273,0.0,1.4934724156607273
DTSZ03,BMSZ13,2,0.5413646724749923,0.0,2.5413646724749923
DTSZ03,BMSZ15,1,0.30561781021579154,0.0,1.3056178102157916
DTSZ03,BMSZ16,2,0.3903149616482762,0.04103620475979637,2.4313511664080725
DTSZ03,BPSZ03,4,0.9744092169685391,0.0,4.974409216968539
DTSZ03,BPSZ04,1,0.3718769667953032,0.0,1.3718769667953032
DTSZ03,BPSZ05,3,0.5464944664129032,0.0,3.546494466412903
DTSZ03,BSSZ01,1,0.8789352350707905,0.0,1.8789352350707906
DTSZ03,BSSZ02,4,1.0618218862723876,0.0,5.061821886272387
DTSZ03,BSSZ03,2,0.8555910643924259,0.0,2.855591064392426
DTSZ03,BTSZ07,2,0.3624634721804921,0.0,2.362463472180492
DTSZ03,CHSZ03,1,0.939076865384287,0.0,1.939076865384287
DTSZ03,CKSZ02,1,0.7153016143178003,0.0,1.7153016143178004
DTSZ03,CKSZ03,2,0.8530850867763835,0.0,2.8530850867763835
DTSZ03,CLSZ03,1,0.3855246026783084,0.0,1.3855246026783083
DTSZ03,CLSZ04,4,0.8257230034308397,0.0,4.82572300343084
DTSZ03,CLSZ06,5,0.5944172173716787,0.0,5.594417217371679
DTSZ03,CLSZ07,1,0.24525059253538178,0.0,1.2452505925353818
DTSZ03,DTSZ01,3,1.0464093857164125,0.3437561542766483,4.390165539993061
DTSZ03,DTSZ02,2,1.375517087533388,0.9713770280126849,4.346894115546073
DTSZ03,DTSZ03,2,3.74665668633951,28.107218580079525,33.85387526641904
DTSZ03,DTSZ05,3,0.6015104598907456,0.9755858183952344,4.57709627828598
DTSZ03,DTSZ06,2,0.18079117485917198,0.16923498511696192,2.3500261599761343
DTSZ03,DTSZ07,1,0.23594179646151683,0.5980221733677308,1.8339639698292478
DTSZ03,DTSZ08,2,0.4449557605063303,1.5436919191070635,3.9886476796133934
DTSZ03,DTSZ11,2,0.46760907442949984,0.7984971887624747,3.2661062631919746
DTSZ03,GLSZ02,2,0.5326316801492125,0.0,2.5326316801492124
DTSZ03,GLSZ03,3,1.0479631303895143,0.0,4.0479631303895145
DTSZ03,GLSZ04,7,2.70789397653069,0.0,9.70789397653069
DTSZ03,GLSZ05,2,1.583254155375443,0.0,3.583254155375443
DTSZ03,HGSZ02,1,0.5035038733268822,0.0,1.5035038733268822
DTSZ03,HGSZ03,1,0.4137418988092185,0.0,1.4137418988092185
DTSZ03,HGSZ05,3,1.349818022595768,0.0,4.349818022595768
DTSZ03,HGSZ06,5,1.5130733333049584,0.0,6.513073333304958
DTSZ03,HGSZ07,2,0.6109588290535791,0.0,2.6109588290535792
DTSZ03,JWSZ01,1,0.0502655692817507,0.0,1.0502655692817506
DTSZ03,JWSZ02,1,0.3655891186192538,0.0,1.365589118619254
DTSZ03,JWSZ03,1,0.4957842464793685,0.0,1.4957842464793685
DTSZ03,JWSZ09,1,0.7518098720879528,0.0,1.7518098720879527
DTSZ03,KLSZ01,3,0.9829716421351508,0.3788153066722182,4.361786948807369
DTSZ03,KLSZ02,1,0.414248346008668,0.0,1.4142483460086681
DTSZ03,KLSZ03,2,0.340794658920574,0.07264040432585728,2.413435063246431
DTSZ03,KLSZ05,3,0.8288753044292277,0.049849997673954184,3.878725302103182
DTSZ03,KLSZ06,4,1.0849403784401843,0.4859171786235805,5.570857557063765
DTSZ03,KLSZ07,1,0.6722286152192164,0.11869578266486445,1.790924397884081
DTSZ03,KLSZ08,1,0.6691177487405163,0.0763116468244316,1.7454293955649478
DTSZ03,MPSZ01,1,0.36979077689402995,0.0,1.36979077689403
DTSZ03,MPSZ02,1,0.5683382314685809,0.0,1.568338231468581
DTSZ03,MPSZ03,5,1.3038496692488508,0.0,6.303849669248851
DTSZ03,MPSZ04,1,0.0,0.0,1.0
DTSZ03,MUSZ01,1,0.2973348054414286,0.16558363415971372,1.4629184396011423
DTSZ03,NVSZ01,2,1.362117764011591,0.0,3.362117764011591
DTSZ03,NVSZ02,1,0.8610431975913234,0.19752521660766753,2.058568414198991
DTSZ03,ORSZ02,1,0.5240833915613715,0.07475835845084784,1.5988417500122192
DTSZ03,ORSZ03,3,0.5859888576845277,0.3303905066295557,3.9163793643140834
DTSZ03,OTSZ02,1,0.0567921342281582,0.0528847021251071,1.1096768363532652
DTSZ03,OTSZ03,2,0.9770455112840913,0.610851857409814,3.5878973686939055
DTSZ03,OTSZ04,1,0.39934546893567013,0.28508612576417514,1.6844315946998454
DTSZ03,PGSZ03,5,0.9790938585080459,0.0,5.979093858508046
DTSZ03,PGSZ04,4,1.2677029725337967,0.0,5.2677029725337965
DTSZ03,PGSZ05,2,1.2919256621843604,0.0,3.2919256621843607
DTSZ03,PRSZ03,2,1.0205275649884393,0.0,3.0205275649884396
DTSZ03,PRSZ05,4,1.9745840227068292,0.0,5.974584022706829
DTSZ03,QTSZ01,1,0.3277115379674002,0.0,1.3277115379674003
DTSZ03,QTSZ02,1,0.21573007276941578,0.0,1.2157300727694158
DTSZ03,QTSZ08,1,0.5976252842453083,0.0,1.5976252842453083
DTSZ03,QTSZ13,1,0.382458500184608,0.0,1.382458500184608
DTSZ03,RCSZ10,1,0.4170249828999363,0.21573700012351898,1.6327619830234552
DTSZ03,SBSZ03,5,0.8339364215837305,0.0,5.83393642158373
DTSZ03,SBSZ04,1,0.36528852850580174,0.0,1.3652885285058018
DTSZ03,SBSZ05,1,0.05762238042628399,0.0,1.057622380426284
DTSZ03,SESZ02,4,2.14518390843618,0.0,6.14518390843618
DTSZ03,SESZ03,9,1.5790219585031433,0.0,10.579021958503143
DTSZ03,SESZ04,1,0.7706787455044768,0.0,1.7706787455044768
DTSZ03,SESZ05,1,0.3628540336367662,0.0,1.3628540336367663
DTSZ03,SESZ06,6,2.094701136119087,0.0,8.094701136119086
DTSZ03,SGSZ01,3,0.8722264731145687,0.0,3.872226473114569
DTSZ03,SGSZ04,3,1.8686880114316113,0.0,4.868688011431612
DTSZ03,SGSZ06,2,0.6770916433769129,0.0,2.677091643376913
DTSZ03,SGSZ07,2,0.5664088705107647,0.0,2.566408870510765
DTSZ03,SRSZ02,1,0.23548091549980266,0.23920997824272158,1.474690893742524
DTSZ03,TMSZ02,8,2.012443992140853,0.0,10.012443992140852
DTSZ03,TMSZ03,3,2.2328162293132374,0.0,5.232816229313237
DTSZ03,TMSZ04,5,1.4699967097845414,0.0,6.4699967097845414
DTSZ03,TMSZ05,1,0.5388466765484523,0.0,1.5388466765484523
DTSZ03,TNSZ02,1,0.28388756650117036,0.0,1.2838875665011704
DTSZ03,TPSZ01,1,0.3704566115882839,0.0,1.370456611588284
DTSZ03,TPSZ02,4,1.0370463083283852,0.0,5.037046308328385
DTSZ03,TPSZ03,2,0.3253243969222863,0.0,2.3253243969222863
DTSZ03,TPSZ05,1,0.19500399321807418,0.0,1.1950039932180743
DTSZ03,TPSZ06,2,0.648951298233497,0.0,2.648951298233497
DTSZ03,TPSZ08,1,0.12082400115856656,0.0,1.1208240011585666
DTSZ03,TPSZ12,1,0.3287568082272098,0.0,1.3287568082272099
DTSZ03,WDSZ01,1,0.10282138218687652,0.0,1.1028213821868764
DTSZ03,WDSZ02,1,0.5867476334898629,0.0,1.586747633489863
DTSZ03,WDSZ03,4,1.7055255346673743,0.0,5.705525534667374
DTSZ03,WDSZ04,2,0.6146924227035422,0.0,2.614692422703542
DTSZ03,WDSZ05,1,0.4093200069216982,0.0,1.4093200069216982
DTSZ03,YSSZ01,1,0.3813677123216872,0.0,1.3813677123216872
DTSZ03,YSSZ03,3,1.1972556340386613,0.0,4.197255634038662
DTSZ03,YSSZ05,1,0.1884754665931759,0.0,1.1884754665931758
DTSZ03,YSSZ09,3,1.0206343330503138,0.0,4.020634333050314
DTSZ04,DTSZ12,1,0.0,0.0,1.0
DTSZ04,GLSZ02,1,0.0,0.0,1.0
DTSZ04,JWSZ09,2,0.0,0.0,2.0
DTSZ05,AMSZ01,5,0.9467013492851006,0.0,5.9467013492851
DTSZ05,AMSZ02,3,0.2883453285903766,0.0,3.2883453285903768
DTSZ05,AMSZ03,2,0.39080569023623074,0.0,2.3908056902362307
DTSZ05,AMSZ05,1,0.2082770846206169,0.0,1.208277084620617
DTSZ05,AMSZ06,1,0.23468273938230785,0.0,1.2346827393823079
DTSZ05,AMSZ09,2,0.24257791639780268,0.0,2.242577916397803
DTSZ05,BDSZ01,3,0.5643725706729894,0.0,3.5643725706729894
DTSZ05,BDSZ02,1,0.44683319191807036,0.0,1.4468331919180704
DTSZ05,BDSZ03,4,0.7387637044919839,0.0,4.7387637044919835
DTSZ05,BDSZ04,13,1.3017608237012837,0.0,14.301760823701283
DTSZ05,BDSZ05,5,1.123795279994409,0.0,6.123795279994409
DTSZ05,BDSZ06,5,1.3649666475824171,0.0,6.364966647582417
DTSZ05,BDSZ08,1,0.22450244797813207,0.0,1.2245024479781321
DTSZ05,BKSZ01,2,0.09609587011696429,0.0,2.0960958701169643
DTSZ05,BKSZ02,2,0.15437207606656717,0.0,2.154372076066567
DTSZ05,BKSZ03,2,0.3373101059687417,0.0,2.337310105968742
DTSZ05,BKSZ05,7,0.8315054567887028,0.0,7.831505456788703
DTSZ05,BKSZ07,3,0.29295542911492617,0.0,3.2929554291149263
DTSZ05,BKSZ08,1,0.039248557397170314,0.0,1.0392485573971704
DTSZ05,BKSZ09,3,0.1998118540275969,0.0,3.199811854027597
DTSZ05,BLSZ02,1,0.08225493805472284,0.0,1.0822549380547228
DTSZ05,BMSZ01,3,0.5858702952571712,0.0,3.585870295257171
DTSZ05,BMSZ02,1,0.19049595975750347,0.0,1.1904959597575036
DTSZ05,BMSZ03,3,0.39778509652697613,0.0,3.397785096526976
DTSZ05,BMSZ04,3,0.47200090825427715,2.08720003147804,5.559200939732317
DTSZ05,BMSZ05,1,0.21054422350431326,0.2927298503227672,1.5032740738270807
DTSZ05,BMSZ07,4,0.8737590959076813,0.0,4.8737590959076815
DTSZ05,BMSZ08,2,0.37169283650263213,1.442216150870853,3.813908987373485
DTSZ05,BMSZ09,3,0.3581291583534028,0.4334978254154386,3.7916269837688414
DTSZ05,BMSZ10,1,0.22772658867214818,0.1839299849758113,1.4116565736479596
DTSZ05,BMSZ12,1,0.2987712720582316,0.0,1.2987712720582316
DTSZ05,BMSZ13,2,0.3788281231677,0.0,2.3788281231677
DTSZ05,BMSZ16,1,0.10731255462761885,0.11551315496973111,1.2228257095973498
DTSZ05,BPSZ01,1,0.14748499375322321,0.0,1.1474849937532232
DTSZ05,BPSZ02,2,0.14935241297755908,0.0,2.149352412977559
DTSZ05,BPSZ03,2,0.3096491818938155,0.0,2.3096491818938154
DTSZ05,BPSZ04,3,0.19881365504759682,0.0,3.198813655047597
DTSZ05,BPSZ05,4,0.28549195555812756,0.0,4.285491955558127
DTSZ05,BSSZ01,7,1.189881892545877,0.0,8.189881892545877
DTSZ05,BSSZ02,3,0.6405774917526698,0.0,3.6405774917526696
DTSZ05,BSSZ03,4,0.5759541539483152,0.0,4.575954153948315
DTSZ05,BTSZ01,4,1.1637065157336812,0.0,5.163706515733681
DTSZ05,BTSZ03,1,0.15382761290434477,0.0,1.1538276129043448
DTSZ05,BTSZ05,1,0.15595020004650165,0.0,1.1559502000465016
DTSZ05,BTSZ06,2,0.21283587647257904,0.0,2.212835876472579
DTSZ05,BTSZ08,3,0.2395889529781973,0.0,3.239588952978197
DTSZ05,CHSZ03,1,0.6773604603291636,0.0,1.6773604603291636
DTSZ05,CKSZ01,1,0.23049456047504308,0.0,1.230494560475043
DTSZ05,CKSZ02,1,0.40537612567395176,0.0,1.4053761256739516
DTSZ05,CKSZ03,5,0.6425765483036721,0.0,5.642576548303672
DTSZ05,CKSZ04,1,0.18204165079847226,0.0,1.1820416507984723
DTSZ05,CKSZ05,3,0.11271159190398755,0.0,3.1127115919039876
DTSZ05,CKSZ06,3,0.17543509628606574,0.0,3.1754350962860656
DTSZ05,CLSZ03,2,0.5095178753255847,0.0,2.5095178753255847
DTSZ05,CLSZ04,3,0.30597242496670984,0.0,3.30597242496671
DTSZ05,CLSZ06,2,0.3018268428086244,0.0,2.3018268428086244
DTSZ05,CLSZ08,1,0.14896814012399184,0.0,1.148968140123992
DTSZ05,DTSZ01,4,0.4735889192832165,3.3023183464450767,7.775907265728293
DTSZ05,DTSZ02,6,0.4345066671059648,6.729859499895954,13.16436616700192
DTSZ05,DTSZ03,4,0.4340070150202662,1.7794097122509276,6.213416727271194
DTSZ05,DTSZ05,4,0.2893146971054773,91.61683762868401,95.90615232578949
DTSZ05,DTSZ08,1,0.7843198095624594,7.191752230234714,8.976072039797174
DTSZ05,DTSZ09,1,0.1815820864714277,0.5942442525844448,1.7758263390558726
DTSZ05,GLSZ01,1,0.4108061809078869,0.0,1.410806180907887
DTSZ05,GLSZ02,2,0.31369498822792985,0.0,2.3136949882279296
DTSZ05,GLSZ04,11,2.6445149913796735,0.0,13.644514991379673
DTSZ05,GLSZ05,4,1.131377993380421,0.0,5.131377993380421
DTSZ05,HGSZ03,2,0.4126294631056872,0.0,2.412629463105687
DTSZ05,HGSZ04,1,0.2878442609015159,0.0,1.287844260901516
DTSZ05,HGSZ05,3,1.143873518980287,0.0,4.143873518980287
DTSZ05,HGSZ06,4,1.232760560505593,0.0,5.232760560505593
DTSZ05,HGSZ07,2,0.3709398409164717,0.0,2.3709398409164715
DTSZ05,HGSZ08,1,0.32999100209702853,0.0,1.3299910020970285
DTSZ05,JESZ03,2,0.4692248726797755,0.0,2.4692248726797756
DTSZ05,JESZ05,4,0.6356269835970348,0.0,4.635626983597035
DTSZ05,JWSZ02,1,0.18025536650657512,0.0,1.1802553665065751
DTSZ05,JWSZ03,4,0.13685142185964203,0.0,4.136851421859642
DTSZ05,JWSZ04,3,0.3555151968163382,0.0,3.3555151968163384
DTSZ05,JWSZ08,3,0.5781426140099473,0.0,3.5781426140099475
DTSZ05,JWSZ09,9,0.7679555051753829,0.0,9.767955505175383
DTSZ05,KLSZ01,3,0.6456482380550521,0.0,3.645648238055052
DTSZ05,KLSZ02,1,0.19288033598992735,0.0,1.1928803359899274
DTSZ05,KLSZ03,5,0.1474372793691256,0.0,5.147437279369125
DTSZ05,KLSZ04,1,0.0,0.0,1.0
DTSZ05,KLSZ05,1,0.20219906288531944,0.059735460158484535,1.261934523043804
DTSZ05,KLSZ06,7,0.7963995527480129,2.6530424894065736,10.449442042154587
DTSZ05,KLSZ07,2,0.45017073894952153,0.8150493443235276,3.265220083273049
DTSZ05,KLSZ09,2,0.19620090137534066,0.5198093953715012,2.716010296746842
DTSZ05,MPSZ01,1,0.1645403764306514,0.0,1.1645403764306514
DTSZ05,MPSZ02,2,0.5752260905083479,0.0,2.575226090508348
DTSZ05,MPSZ03,4,0.9023288191178825,0.0,4.902328819117883
DTSZ05,MUSZ01,4,0.13088239199216417,1.5910579957436624,5.721940387735826
DTSZ05,MUSZ03,1,0.03432542044744131,0.8159998729624374,1.8503252934098786
DTSZ05,NTSZ02,1,0.0,0.0,1.0
DTSZ05,NVSZ01,2,1.1358311200085967,0.0,3.1358311200085964
DTSZ05,NVSZ02,5,0.7940665082487772,0.0,5.794066508248777
DTSZ05,NVSZ04,1,0.0694548471910759,0.0,1.0694548471910759
DTSZ05,ORSZ02,5,0.5974576418007929,1.2437845686562905,6.841242210457083
DTSZ05,ORSZ03,3,0.3898997207433616,1.3539394038996473,4.743839124643009
DTSZ05,OTSZ01,1,0.04793408987302245,1.5198345382063878,2.5677686280794103
DTSZ05,OTSZ03,2,0.8042074376223358,7.022325259813479,9.826532697435814
DTSZ05,PGSZ02,2,0.3857584208731387,0.0,2.3857584208731386
DTSZ05,PGSZ03,2,0.3065856947592829,0.0,2.306585694759283
DTSZ05,PGSZ04,8,3.033419816076465,0.0,11.033419816076465
DTSZ05,PGSZ05,3,0.39792979203283335,0.0,3.3979297920328335
DTSZ05,PRSZ03,9,1.1763456797911809,0.0,10.176345679791181
DTSZ05,PRSZ08,1,0.17319656152652882,0.0,1.1731965615265287
DTSZ05,QTSZ02,1,0.21621893888290533,0.0,1.2162189388829052
DTSZ05,QTSZ04,1,0.063716878031655,0.0,1.063716878031655
DTSZ05,QTSZ05,6,0.4803118085651143,0.0,6.480311808565114
DTSZ05,QTSZ06,3,0.1299179604735253,0.0,3.1299179604735254
DTSZ05,QTSZ13,1,0.30342502573868657,0.0,1.3034250257386866
DTSZ05,QTSZ14,1,0.30835516771389276,0.0,1.3083551677138927
DTSZ05,QTSZ15,1,0.14759934296238156,0.0,1.1475993429623816
DTSZ05,RCSZ01,1,0.18261353181510984,0.10740506463550867,1.2900185964506186
DTSZ05,RVSZ03,1,0.0,0.0,1.0
DTSZ05,RVSZ05,1,0.33088434849203274,0.0,1.3308843484920327
DTSZ05,SBSZ01,1,0.1966609796995412,0.0,1.196660979699541
DTSZ05,SBSZ03,9,0.6775215353126701,0.0,9.67752153531267
DTSZ05,SBSZ04,3,0.0,0.0,3.0
DTSZ05,SBSZ05,1,0.0018412845558289177,0.0,1.0018412845558289
DTSZ05,SESZ02,4,0.7104957864454933,0.0,4.7104957864454935
DTSZ05,SESZ03,7,0.8434748737493305,0.0,7.84347487374933
DTSZ05,SESZ04,5,0.6716998712326671,0.0,5.671699871232667
DTSZ05,SESZ05,4,0.16310622140874478,0.0,4.163106221408745
DTSZ05,SESZ06,6,0.869895921483341,0.0,6.869895921483341
DTSZ05,SGSZ04,2,0.7757957188402027,0.0,2.775795718840203
DTSZ05,SGSZ05,1,0.2807780471137095,0.0,1.2807780471137096
DTSZ05,SGSZ06,2,0.5266619006375385,0.0,2.5266619006375386
DTSZ05,SGSZ07,4,0.20874603146490675,0.0,4.208746031464907
DTSZ05,SISZ01,1,0.2432854904268258,0.0,1.2432854904268258
DTSZ05,SKSZ04,1,0.24562497219835294,0.0,1.245624972198353
DTSZ05,SRSZ01,2,0.43572633019779516,0.7212249562807351,3.15695128647853
DTSZ05,SRSZ03,1,0.17072006114078261,5.631161157075939,6.801881218216721
DTSZ05,TMSZ01,1,0.3845143914451026,0.0,1.3845143914451026
DTSZ05,TMSZ02,6,1.1121739305422893,0.0,7.112173930542289
DTSZ05,TMSZ03,9,1.4183130447907424,0.0,10.418313044790743
DTSZ05,TMSZ04,12,1.4032506684782262,0.0,13.403250668478226
DTSZ05,TNSZ01,1,0.253288218714492,0.0,1.253288218714492
DTSZ05,TNSZ02,1,0.18680640330162265,0.17135825106450076,1.3581646543661234
DTSZ05,TPSZ02,6,0.616450158160133,0.0,6.616450158160133
DTSZ05,TPSZ03,1,0.135824385881913,0.0,1.135824385881913
DTSZ05,TPSZ06,6,0.3959024756442929,0.0,6.395902475644293
DTSZ05,TPSZ09,1,0.19321037015332246,0.0,1.1932103701533225
DTSZ05,TPSZ12,1,0.19479387999975067,0.0,1.1947938799997506
DTSZ05,WDSZ02,7,0.2608237360999992,0.0,7.260823736099999
DTSZ05,WDSZ03,9,0.8350243135494424,0.0,9.835024313549443
DTSZ05,WDSZ04,2,0.18408006561801576,0.0,2.1840800656180157
DTSZ05,WDSZ06,2,0.19086355540134153,0.0,2.1908635554013416
DTSZ05,WDSZ09,1,0.09081573927798162,0.0,1.0908157392779816
DTSZ05,YSSZ01,1,0.14783967552669403,0.0,1.147839675526694
DTSZ05,YSSZ03,1,0.2740487563495266,0.0,1.2740487563495266
DTSZ05,YSSZ04,4,0.35013580363148694,0.0,4.3501358036314866
DTSZ05,YSSZ05,1,0.1241377109386739,0.0,1.1241377109386739
DTSZ05,YSSZ09,9,0.6147228063196456,0.0,9.614722806319646
DTSZ06,AMSZ06,1,0.06615975885017558,0.0,1.0661597588501757
DTSZ06,BDSZ04,1,0.03687234840672934,0.0,1.0368723484067293
DTSZ06,BPSZ05,1,0.025162864202195826,0.0,1.025162864202196
DTSZ06,BSSZ03,1,0.019058034290634594,0.0,1.0190580342906346
DTSZ06,CLSZ08,2,0.04594115439885162,0.0,2.0459411543988515
DTSZ06,DTSZ03,2,0.05448091723844862,0.0,2.0544809172384486
DTSZ06,DTSZ12,1,0.12352931206824856,0.0,1.1235293120682486
DTSZ06,GLSZ02,1,0.011010793686402435,0.0,1.0110107936864023
DTSZ06,GLSZ04,1,0.0891049315468602,0.0,1.0891049315468602
DTSZ06,HGSZ03,1,0.023278990607476572,0.0,1.0232789906074766
DTSZ06,HGSZ06,1,0.03399946861545989,0.0,1.0339994686154599
DTSZ06,JESZ01,1,0.00828657983031549,0.0,1.0082865798303156
DTSZ06,JWSZ03,1,0.015150972753380617,0.0,1.0151509727533805
DTSZ06,KLSZ06,1,0.0562647410749388,0.0,1.0562647410749388
DTSZ06,MUSZ03,1,0.012591260219456777,0.0,1.0125912602194567
DTSZ06,NVSZ01,1,0.06245755843730319,0.0,1.0624575584373033
DTSZ06,ORSZ01,1,0.002309546788785913,0.0,1.002309546788786
DTSZ06,OTSZ03,1,0.023947746324981662,0.0,1.0239477463249818
DTSZ06,PRSZ03,1,0.04559843368277094,0.0,1.0455984336827708
DTSZ06,QTSZ05,1,0.027660321937879324,0.0,1.0276603219378793
DTSZ06,QTSZ06,1,0.015197771967887694,0.0,1.0151977719678877
DTSZ06,QTSZ08,1,0.030086409985079634,0.0,1.0300864099850797
DTSZ06,RCSZ01,1,0.012578032840601801,0.0,1.0125780328406018
DTSZ06,SBSZ02,1,0.021587048938880225,0.0,1.0215870489388803
DTSZ06,SESZ03,1,0.03773185039566519,0.0,1.0377318503956652
DTSZ06,SGSZ03,1,0.020064847604864794,0.0,1.0200648476048648
DTSZ06,TPSZ02,1,0.02273471687214324,0.0,1.0227347168721432
DTSZ06,TPSZ11,1,0.03764223721299316,0.0,1.0376422372129932
DTSZ06,WDSZ04,1,0.01951134922061297,0.0,1.019511349220613
DTSZ07,BMSZ01,1,0.23439602805099002,0.0,1.23439602805099
DTSZ07,CKSZ04,1,0.16440410818574203,0.0,1.164404108185742
DTSZ07,DTSZ03,1,0.12264214441587988,0.0,1.1226421444158798
DTSZ07,GLSZ02,1,0.07179650648206938,0.0,1.0717965064820694
DTSZ07,HGSZ06,1,0.24909547049541755,0.0,1.2490954704954176
DTSZ07,JESZ02,1,0.017828129672684698,0.0,1.0178281296726848
DTSZ07,JESZ03,1,0.16754073530997893,0.0,1.167540735309979
DTSZ07,JESZ05,1,0.44088196566307614,0.0,1.4408819656630762
DTSZ07,JWSZ08,1,0.14324635150955775,0.0,1.1432463515095577
DTSZ07,JWSZ09,1,0.2177947679776232,0.0,1.2177947679776233
DTSZ07,ORSZ02,1,0.15751520049758558,0.0,1.1575152004975855
DTSZ07,OTSZ01,1,0.012858591738301608,0.0,1.0128585917383015
DTSZ08,AMSZ01,4,0.9112847537761811,0.0,4.911284753776181
DTSZ08,AMSZ02,1,0.21270374316416174,0.0,1.2127037431641616
DTSZ08,AMSZ03,2,0.2647808717764841,0.0,2.264780871776484
DTSZ08,AMSZ04,1,0.058640809734607995,0.0,1.058640809734608
DTSZ08,AMSZ06,3,0.42996770869723844,0.0,3.429967708697238
DTSZ08,AMSZ07,1,0.17095883759903424,0.0,1.1709588375990343
DTSZ08,AMSZ09,3,0.35594867077581327,0.0,3.3559486707758133
DTSZ08,BDSZ01,3,0.5697197932536676,0.0,3.5697197932536677
DTSZ08,BDSZ02,2,0.557346063101857,0.0,2.557346063101857
DTSZ08,BDSZ03,1,0.4042744080880925,0.0,1.4042744080880925
DTSZ08,BDSZ04,8,1.0718553973436384,0.0,9.071855397343638
DTSZ08,BDSZ05,1,0.42468593043736225,0.0,1.4246859304373622
DTSZ08,BDSZ06,5,1.2846244225230494,0.0,6.284624422523049
DTSZ08,BKSZ03,3,0.29669544681680515,0.0,3.296695446816805
DTSZ08,BKSZ05,2,0.5195063710103626,0.0,2.5195063710103627
DTSZ08,BKSZ07,3,0.35680325949191205,0.0,3.356803259491912
DTSZ08,BMSZ01,3,0.6540795873271775,0.0,3.6540795873271774
DTSZ08,BMSZ03,1,0.33309963336714604,0.0,1.333099633367146
DTSZ08,BMSZ04,5,0.45475275808535265,2.647116996808641,8.101869754893993
DTSZ08,BMSZ06,1,0.42782734123123817,0.0,1.4278273412312381
DTSZ08,BMSZ07,1,0.393853167493568,0.0,1.393853167493568
DTSZ08,BMSZ08,4,0.26346132533079164,2.6347250843098213,6.898186409640614
DTSZ08,BMSZ10,1,0.18136391872473565,0.41731174680974753,1.5986756655344831
DTSZ08,BMSZ13,4,0.39348503886423186,0.0,4.393485038864232
DTSZ08,BMSZ14,1,0.24916177621219265,0.3028217031507246,1.5519834793629173
DTSZ08,BMSZ15,1,0.2795182202426908,0.08604310688278256,1.3655613271254732
DTSZ08,BPSZ01,2,0.29316023792638296,0.0,2.293160237926383
DTSZ08,BPSZ03,2,0.19750762121945267,0.0,2.1975076212194526
DTSZ08,BPSZ04,3,0.2767351011260702,0.0,3.27673510112607
DTSZ08,BPSZ05,1,0.24470292101030777,0.0,1.2447029210103078
DTSZ08,BSSZ01,3,0.8031333091705247,0.0,3.8031333091705246
DTSZ08,BSSZ02,3,0.6280752345128231,0.0,3.6280752345128233
DTSZ08,BSSZ03,3,0.7243317791284922,0.0,3.7243317791284922
DTSZ08,BTSZ01,3,0.8524280998247488,0.0,3.8524280998247487
DTSZ08,BTSZ05,1,0.09413193239629249,0.0,1.0941319323962926
DTSZ08,BTSZ07,1,0.1773889821958465,0.0,1.1773889821958465
DTSZ08,CHSZ03,1,0.532727509410289,0.0,1.532727509410289
DTSZ08,CKSZ02,3,0.3356077458216946,0.0,3.3356077458216946
DTSZ08,CKSZ03,2,0.42740223498601865,0.0,2.4274022349860185
DTSZ08,CKSZ04,1,0.21920767594564425,0.0,1.2192076759456443
DTSZ08,CKSZ05,2,0.20133119609013084,0.0,2.201331196090131
DTSZ08,CKSZ06,2,0.27834247459029815,0.0,2.278342474590298
DTSZ08,CLSZ03,1,0.2767526849471027,0.0,1.2767526849471027
DTSZ08,CLSZ04,1,0.19554715958798194,0.0,1.1955471595879819
DTSZ08,CLSZ06,2,0.2869370560582492,0.0,2.286937056058249
DTSZ08,DTSZ01,2,0.24791711784888856,1.0571779060810167,3.3050950239299053
DTSZ08,DTSZ02,3,0.3621030038908558,1.7797823573714395,5.141885361262295
DTSZ08,DTSZ03,3,0.38999984516875014,0.8898958407706102,4.27989568593936
DTSZ08,DTSZ05,1,0.6919076685314803,4.1252966288040565,5.817204297335537
DTSZ08,DTSZ06,1,0.08967645597050947,0.32382522361783134,1.4135016795883408
DTSZ08,DTSZ12,3,0.35813907876866147,0.746289203847948,4.10442828261661
DTSZ08,GLSZ02,3,0.23039139414194082,0.0,3.230391394141941
DTSZ08,GLSZ04,9,2.0833376527978955,0.0,11.083337652797896
DTSZ08,GLSZ05,4,0.9439684232218878,0.0,4.943968423221888
DTSZ08,HGSZ01,1,0.18695026412407068,0.0,1.1869502641240706
DTSZ08,HGSZ02,2,0.5410987710981606,0.0,2.5410987710981607
DTSZ08,HGSZ03,1,0.18325454309753192,0.0,1.1832545430975319
DTSZ08,HGSZ04,1,0.23578629276386467,0.0,1.2357862927638648
DTSZ08,HGSZ05,1,0.31688766016717945,0.0,1.3168876601671795
DTSZ08,HGSZ06,6,1.0623992034471585,0.0,7.062399203447159
DTSZ08,JESZ01,1,0.17290279845388262,0.0,1.1729027984538827
DTSZ08,JESZ02,3,0.2024080560672609,0.0,3.2024080560672608
DTSZ08,JESZ05,2,0.38916813357680996,0.0,2.38916813357681
DTSZ08,JWSZ02,2,0.26211794334059385,0.0,2.262117943340594
DTSZ08,JWSZ03,1,0.2300653487541153,0.0,1.2300653487541153
DTSZ08,JWSZ04,1,0.2779986308120673,0.0,1.2779986308120672
DTSZ08,JWSZ08,1,0.4252450858546521,0.0,1.4252450858546521
DTSZ08,JWSZ09,6,0.5277462241346096,0.0,6.52774622413461
DTSZ08,KLSZ01,5,0.7378275754034245,0.0,5.737827575403425
DTSZ08,KLSZ03,1,0.07714458554669247,0.0,1.0771445855466926
DTSZ08,KLSZ06,3,0.48155860051548627,0.0,3.4815586005154864
DTSZ08,KLSZ07,1,0.30427389117204834,0.0,1.3042738911720484
DTSZ08,KLSZ09,2,0.07276310460498102,0.5641857493128917,2.6369488539178727
DTSZ08,MPSZ03,4,0.8843122475684504,0.0,4.884312247568451
DTSZ08,MUSZ01,3,0.24210925888131077,0.8627679398620228,4.104877198743334
DTSZ08,NTSZ02,2,0.0,0.0,2.0
DTSZ08,NVSZ01,1,0.7683010450495584,0.0,1.7683010450495584
DTSZ08,NVSZ02,1,0.42239796480111014,0.0,1.4223979648011102
DTSZ08,NVSZ05,1,0.0,0.0,1.0
DTSZ08,ORSZ02,2,0.38715312442789224,0.5260498692367764,2.9132029936646684
DTSZ08,ORSZ03,3,0.4525799742257279,1.3359684848434727,4.788548459069201
DTSZ08,OTSZ03,4,0.4766095777734625,6.468250353998772,10.944859931772235
DTSZ08,OTSZ04,2,0.15813548172769323,2.2356756181637296,4.393811099891423
DTSZ08,PGSZ02,2,0.3078626267572423,0.0,2.307862626757242
DTSZ08,PGSZ03,5,0.46152829574660675,0.0,5.461528295746607
DTSZ08,PGSZ04,6,0.9547566542304219,0.0,6.9547566542304216
DTSZ08,PGSZ05,3,0.3888799018155127,0.0,3.3888799018155127
DTSZ08,PRSZ03,2,0.5074096208634213,0.0,2.507409620863421
DTSZ08,PRSZ05,5,0.5125152258054582,0.0,5.512515225805458
DTSZ08,QTSZ01,1,0.2446039834950816,0.0,1.2446039834950815
DTSZ08,QTSZ05,1,0.27168837584424116,0.0,1.2716883758442412
DTSZ08,QTSZ08,1,0.26093315892502017,0.0,1.2609331589250201
DTSZ08,QTSZ11,1,0.2525585185809748,0.0,1.2525585185809747
DTSZ08,QTSZ14,1,0.26254651522447214,0.0,1.2625465152244721
DTSZ08,RCSZ03,1,0.15205058936058022,0.39158587313805443,1.5436364624986345
DTSZ08,RVSZ05,1,0.2450755914959844,0.0,1.2450755914959843
DTSZ08,SBSZ01,2,0.40727364761170076,0.0,2.4072736476117007
DTSZ08,SBSZ02,1,0.0800925490933507,0.0,1.0800925490933506
DTSZ08,SBSZ03,4,0.41079133871625545,0.0,4.410791338716256
DTSZ08,SBSZ05,1,0.008809955714689118,0.0,1.008809955714689
DTSZ08,SESZ02,1,0.29270644731484124,0.0,1.2927064473148413
DTSZ08,SESZ03,6,0.7228713983917928,0.0,6.722871398391793
DTSZ08,SESZ04,6,0.7723636193654986,0.0,6.772363619365499
DTSZ08,SESZ06,4,0.6982016316327307,0.0,4.698201631632731
DTSZ08,SGSZ03,1,0.31188134344546553,0.0,1.3118813434454655
DTSZ08,SGSZ04,2,0.6217716836251008,0.0,2.621771683625101
DTSZ08,SGSZ06,2,0.3603697371757413,0.0,2.3603697371757413
DTSZ08,SRSZ02,1,0.057270416792777785,1.4687962184410395,2.5260666352338172
DTSZ08,TMSZ02,8,1.3402273554787882,0.0,9.340227355478788
DTSZ08,TMSZ03,3,1.0223345699311557,0.0,4.0223345699311555
DTSZ08,TMSZ04,3,0.7098324568364144,0.0,3.7098324568364145
DTSZ08,TNSZ02,1,0.19612264464642015,0.13544500187842012,1.3315676465248403
DTSZ08,TNSZ04,1,0.18339032508614309,0.0,1.183390325086143
DTSZ08,TPSZ02,1,0.3157420871115938,0.0,1.3157420871115937
DTSZ08,TPSZ04,1,0.08931746649384015,0.0,1.08931746649384
DTSZ08,TPSZ05,1,0.1211993235098309,0.0,1.121199323509831
DTSZ08,TPSZ06,1,0.2644544924652002,0.0,1.2644544924652001
DTSZ08,TPSZ07,1,0.07521465726115753,0.0,1.0752146572611576
DTSZ08,TPSZ08,2,0.12271260183388732,0.0,2.1227126018338875
DTSZ08,TPSZ09,1,0.13867273620649814,0.0,1.1386727362064981
DTSZ08,WDSZ02,1,0.26160392704218577,0.0,1.2616039270421857
DTSZ08,WDSZ03,4,0.9062568984073931,0.0,4.906256898407393
DTSZ08,WDSZ04,2,0.25754057143522535,0.0,2.2575405714352255
DTSZ08,WDSZ05,1,0.1698431904752356,0.0,1.1698431904752356
DTSZ08,WDSZ06,1,0.10370638908996387,0.0,1.1037063890899639
DTSZ08,YSSZ02,1,0.2350564316901414,0.0,1.2350564316901413
DTSZ08,YSSZ03,2,0.4613137755570259,0.0,2.461313775557026
DTSZ08,YSSZ04,2,0.32079891567924357,0.0,2.3207989156792435
DTSZ08,YSSZ08,1,0.08355967652475678,0.0,1.0835596765247568
DTSZ08,YSSZ09,3,0.6118004420666813,0.0,3.611800442066681
DTSZ09,AMSZ02,3,0.16232183402124797,0.0,3.162321834021248
DTSZ09,AMSZ06,2,0.29262671781473093,0.0,2.292626717814731
DTSZ09,AMSZ09,2,0.04790956978751574,0.0,2.0479095697875156
DTSZ09,BDSZ01,2,0.12671532155534335,0.0,2.126715321555343
DTSZ09,BDSZ03,3,0.12057386589187662,0.0,3.1205738658918767
DTSZ09,BDSZ04,1,0.12395603268468534,0.0,1.1239560326846854
DTSZ09,BKSZ08,1,0.016445143300117194,0.0,1.0164451433001171
DTSZ09,BMSZ01,1,0.1342270832357155,0.0,1.1342270832357155
DTSZ09,BMSZ02,1,0.06089427813656967,0.0,1.0608942781365696
DTSZ09,BMSZ04,1,0.12396763164702301,0.0,1.123967631647023
DTSZ09,BPSZ03,1,0.06183478646916523,0.0,1.0618347864691653
DTSZ09,BPSZ04,1,0.09985791134126792,0.0,1.0998579113412679
DTSZ09,BSSZ02,2,0.17198896676154277,0.0,2.1719889667615426
DTSZ09,BTSZ01,1,0.13913769060374623,0.0,1.1391376906037463
DTSZ09,CLSZ06,4,0.18505189138403036,0.0,4.18505189138403
DTSZ09,CLSZ08,1,0.118380789034842,0.0,1.118380789034842
DTSZ09,DTSZ01,1,0.128338753935417,0.0,1.128338753935417
DTSZ09,DTSZ02,1,0.06434098936211852,0.0,1.0643409893621185
DTSZ09,DTSZ03,2,0.18193441050721423,0.0,2.181934410507214
DTSZ09,GLSZ02,2,0.012404876808688702,0.0,2.012404876808689
DTSZ09,GLSZ04,1,0.2773561869778863,0.0,1.2773561869778862
DTSZ09,GLSZ05,1,0.11652050699574583,0.0,1.1165205069957458
DTSZ09,HGSZ04,1,0.08133552349955643,0.0,1.0813355234995565
DTSZ09,HGSZ05,1,0.1531222108031559,0.0,1.153122210803156
DTSZ09,JESZ02,1,0.06276088780952517,0.0,1.0627608878095252
DTSZ09,JESZ05,1,0.1398857707864903,0.0,1.1398857707864902
DTSZ09,JWSZ03,1,0.0719212664233337,0.0,1.0719212664233337
DTSZ09,JWSZ09,1,0.1313380597463096,0.0,1.1313380597463096
DTSZ09,KLSZ01,1,0.15318612619311522,0.0,1.1531861261931153
DTSZ09,KLSZ02,3,0.017879220621504165,0.0,3.0178792206215044
DTSZ09,KLSZ06,1,0.15816317697643295,0.0,1.158163176976433
DTSZ09,MPSZ03,1,0.1202979000826582,0.0,1.1202979000826583
DTSZ09,MUSZ01,1,0.029683306428002036,0.0,1.029683306428002
DTSZ09,NTSZ03,1,0.024873291869674467,0.0,1.0248732918696746
DTSZ09,NVSZ01,1,0.25249539521614023,0.0,1.2524953952161402
DTSZ09,NVSZ02,1,0.14452974502419527,0.0,1.1445297450241954
DTSZ09,ORSZ02,3,0.13899963151329114,0.0,3.138999631513291
DTSZ09,ORSZ03,1,0.05927988057681311,0.0,1.059279880576813
DTSZ09,PGSZ04,1,0.1096347349573362,0.0,1.109634734957336
DTSZ09,PGSZ05,1,0.08810729174771914,0.0,1.0881072917477193
DTSZ09,PRSZ08,1,0.07968384964630454,0.0,1.0796838496463046
DTSZ09,QTSZ01,2,0.044882935855651715,0.0,2.0448829358556515
DTSZ09,QTSZ04,1,0.014222099209761203,0.0,1.0142220992097613
DTSZ09,QTSZ05,2,0.15374889110363452,0.0,2.1537488911036347
DTSZ09,QTSZ06,1,0.06615234537026932,0.0,1.0661523453702693
DTSZ09,QTSZ08,2,0.20797447257849191,0.0,2.207974472578492
DTSZ09,QTSZ14,1,0.09149827099382526,0.0,1.0914982709938252
DTSZ09,SBSZ03,1,0.10743389724492385,0.0,1.1074338972449238
DTSZ09,SESZ02,1,0.12667293820984027,0.0,1.1266729382098402
DTSZ09,SESZ03,2,0.2012119606804058,0.0,2.2012119606804057
DTSZ09,SESZ04,1,0.15611679114926688,0.0,1.156116791149267
DTSZ09,SESZ06,1,0.17457269464447717,0.0,1.1745726946444772
DTSZ09,SGSZ04,2,0.24009900944590068,0.0,2.240099009445901
DTSZ09,SGSZ05,2,0.11485910033594117,0.0,2.1148591003359414
DTSZ09,SGSZ06,1,0.109915667730835,0.0,1.109915667730835
DTSZ09,SRSZ02,1,0.02414285517696663,0.0,1.0241428551769667
DTSZ09,TMSZ01,1,0.16438349207398156,0.0,1.1643834920739815
DTSZ09,TMSZ02,4,0.37602590208936176,0.0,4.376025902089362
DTSZ09,TMSZ03,2,0.236031763581895,0.0,2.236031763581895
DTSZ09,TMSZ04,1,0.10512049072704575,0.0,1.1051204907270458
DTSZ09,TPSZ02,1,0.11978251952668022,0.0,1.1197825195266802
DTSZ09,TPSZ03,1,0.030582180886186864,0.0,1.0305821808861868
DTSZ09,TPSZ06,1,0.07422612761004886,0.0,1.0742261276100489
DTSZ09,TPSZ08,1,0.005068465807364329,0.0,1.0050684658073643
DTSZ09,WDSZ05,2,0.06285123715496832,0.0,2.0628512371549683
DTSZ09,WDSZ06,1,0.08581088617633036,0.0,1.0858108861763303
DTSZ09,YSSZ08,1,0.017822558563853858,0.0,1.0178225585638538
DTSZ09,YSSZ09,1,0.1048279378945705,0.0,1.1048279378945705
DTSZ10,AMSZ01,1,0.0,0.0,1.0
DTSZ10,BDSZ02,3,0.0,0.0,3.0
DTSZ10,BMSZ04,1,0.0,0.0,1.0
DTSZ10,BMSZ10,1,0.0,0.0,1.0
DTSZ10,BMSZ13,2,0.0,0.0,2.0
DTSZ10,CLSZ08,2,0.0,0.0,2.0
DTSZ10,GLSZ02,1,0.0,0.0,1.0
DTSZ10,GLSZ05,2,0.0,0.0,2.0
DTSZ10,HGSZ06,1,0.0,0.0,1.0
DTSZ10,JWSZ03,1,0.0,0.0,1.0
DTSZ10,JWSZ08,1,0.0,0.0,1.0
DTSZ10,KLSZ01,1,0.0,0.0,1.0
DTSZ10,PRSZ03,2,0.0,0.0,2.0
DTSZ10,QTSZ03,1,0.0,0.0,1.0
DTSZ10,SBSZ01,1,0.0,0.0,1.0
DTSZ10,SBSZ03,1,0.0,0.0,1.0
DTSZ10,SGSZ07,1,0.0,0.0,1.0
DTSZ10,TPSZ11,1,0.0,0.0,1.0
DTSZ10,YSSZ03,1,0.0,0.0,1.0
DTSZ10,YSSZ09,1,0.0,0.0,1.0
DTSZ11,AMSZ02,3,0.29801034079306216,0.0,3.2980103407930623
DTSZ11,AMSZ03,2,0.26092548822887346,0.0,2.2609254882288736
DTSZ11,AMSZ04,1,0.059328751715401515,0.0,1.0593287517154015
DTSZ11,AMSZ06,2,0.3289968126189586,0.0,2.3289968126189584
DTSZ11,AMSZ08,1,0.10255835480179579,0.0,1.1025583548017959
DTSZ11,AMSZ09,4,0.20423241599389394,0.0,4.204232415993894
DTSZ11,BDSZ01,6,0.6560069740163745,0.0,6.656006974016375
DTSZ11,BDSZ02,3,0.5718135351301231,0.0,3.571813535130123
DTSZ11,BDSZ04,4,0.8653440674870817,0.0,4.865344067487082
DTSZ11,BDSZ05,2,0.5882302539448755,0.0,2.5882302539448756
DTSZ11,BDSZ06,8,1.556690631835438,0.0,9.556690631835439
DTSZ11,BKSZ01,2,0.11464551178639927,0.0,2.1146455117863994
DTSZ11,BKSZ02,1,0.11973361687557725,0.0,1.1197336168755772
DTSZ11,BKSZ04,1,0.15820501342464843,0.0,1.1582050134246484
DTSZ11,BKSZ05,4,0.8446365167376914,0.0,4.844636516737691
DTSZ11,BMSZ01,1,0.30392535894991496,0.0,1.303925358949915
DTSZ11,BMSZ03,1,0.41053501519817287,0.0,1.4105350151981728
DTSZ11,BMSZ04,3,0.24197258888249512,1.5414993221422288,4.783471911024725
DTSZ11,BMSZ09,4,0.2061427484877747,0.4242559284214839,4.630398676909259
DTSZ11,BMSZ12,1,0.2499719164264427,0.0,1.2499719164264427
DTSZ11,BMSZ13,3,0.4043439827790162,0.0,3.4043439827790163
DTSZ11,BMSZ16,2,0.17562758588429345,0.21965978461878996,2.3952873705030835
DTSZ11,BPSZ02,1,0.08562127885857526,0.0,1.0856212788585753
DTSZ11,BPSZ03,2,0.20071158891477042,0.0,2.2007115889147704
DTSZ11,BPSZ04,2,0.24406696545077594,0.0,2.244066965450776
DTSZ11,BPSZ05,3,0.2863077829246521,0.0,3.286307782924652
DTSZ11,BPSZ06,1,0.1740725416869057,0.0,1.1740725416869058
DTSZ11,BSSZ01,3,0.7989441186030057,0.0,3.7989441186030057
DTSZ11,BSSZ02,2,0.5612808367034876,0.0,2.561280836703488
DTSZ11,BSSZ03,4,0.7782363333094959,0.0,4.778236333309496
DTSZ11,BTSZ01,3,0.9842200493755573,0.0,3.9842200493755575
DTSZ11,BTSZ02,1,0.13059539696413597,0.0,1.130595396964136
DTSZ11,BTSZ03,1,0.1546130741601353,0.0,1.1546130741601353
DTSZ11,BTSZ04,1,0.2468219225238039,0.0,1.246821922523804
DTSZ11,BTSZ05,3,0.16122993927791637,0.0,3.1612299392779164
DTSZ11,BTSZ06,2,0.20133611848035826,0.0,2.2013361184803584
DTSZ11,BTSZ08,5,0.20952638767695256,0.0,5.209526387676952
DTSZ11,CKSZ01,1,0.2499055951671097,0.0,1.2499055951671096
DTSZ11,CKSZ02,1,0.3560082763276455,0.0,1.3560082763276455
DTSZ11,CKSZ03,7,0.5053372354296184,0.0,7.505337235429618
DTSZ11,CKSZ04,3,0.2609394456717288,0.0,3.260939445671729
DTSZ11,CKSZ06,5,0.5575899705471257,0.0,5.5575899705471254
DTSZ11,CLSZ04,2,0.28102245788455726,0.0,2.281022457884557
DTSZ11,CLSZ05,1,0.17809677505124066,0.0,1.1780967750512406
DTSZ11,CLSZ06,1,0.179384766727666,0.0,1.179384766727666
DTSZ11,CLSZ07,1,0.20004247864767993,0.0,1.20004247864768
DTSZ11,DTSZ01,1,0.24590580367121298,0.9217088490833554,2.167614652754568
DTSZ11,DTSZ02,2,0.31582759395063525,2.6267904349986684,4.942618028949304
DTSZ11,DTSZ03,6,0.4463176626079558,1.267956114028714,7.71427377663667
DTSZ11,DTSZ05,1,0.30085191468623373,2.866108915730065,4.166960830416299
DTSZ11,DTSZ07,1,0.3441368143583778,1.7760063012459704,3.120143115604348
DTSZ11,DTSZ08,2,0.5316142280553652,23.190482165250533,25.722096393305897
DTSZ11,DTSZ11,3,0.4619622160617537,17.592548198218083,21.054510414279836
DTSZ11,DTSZ12,2,0.28284761186536905,0.38464209283562506,2.667489704700994
DTSZ11,GLSZ02,1,0.1880222106248223,0.0,1.1880222106248224
DTSZ11,GLSZ04,8,1.769250080431771,0.0,9.769250080431771
DTSZ11,GLSZ05,1,0.4987767580828383,0.0,1.4987767580828382
DTSZ11,HGSZ02,4,0.6068027752933923,0.0,4.606802775293392
DTSZ11,HGSZ05,3,0.8493934000059035,0.0,3.8493934000059036
DTSZ11,HGSZ06,4,1.190337000031108,0.0,5.190337000031108
DTSZ11,HGSZ07,2,0.33366272266479413,0.0,2.333662722664794
DTSZ11,HGSZ08,3,0.5169859539363122,0.0,3.516985953936312
DTSZ11,JESZ03,1,0.3703498284277713,0.0,1.3703498284277713
DTSZ11,JESZ04,1,0.08678651433354684,0.0,1.086786514333547
DTSZ11,JWSZ01,1,0.035459605552404155,0.0,1.0354596055524041
DTSZ11,JWSZ03,1,0.227637320139036,0.0,1.227637320139036
DTSZ11,JWSZ04,2,0.3842137759590582,0.0,2.3842137759590583
DTSZ11,JWSZ08,2,0.5698126364262157,0.0,2.5698126364262155
DTSZ11,JWSZ09,2,0.4850813038991627,0.0,2.485081303899163
DTSZ11,KLSZ01,2,0.5595057218932813,0.0,2.5595057218932813
DTSZ11,KLSZ05,2,0.2913979818232609,0.0,2.291397981823261
DTSZ11,KLSZ06,3,0.4414125853259358,0.0,3.441412585325936
DTSZ11,KLSZ07,1,0.3202370882233506,0.0,1.3202370882233505
DTSZ11,MPSZ01,1,0.15352814017427519,0.0,1.1535281401742752
DTSZ11,MPSZ02,1,0.2937182563526931,0.0,1.293718256352693
DTSZ11,MPSZ03,1,0.38495335429889754,0.0,1.3849533542988977
DTSZ11,MUSZ01,1,0.11885291495125977,1.9844409433759458,3.1032938583272056
DTSZ11,MUSZ03,1,0.03808200011777529,0.3971272557729853,1.4352092558907605
DTSZ11,NTSZ05,1,0.0,0.0,1.0
DTSZ11,NVSZ01,3,0.9740738543601327,0.0,3.9740738543601326
DTSZ11,ORSZ01,1,0.06994964628491503,0.0,1.069949646284915
DTSZ11,ORSZ02,3,0.42325496099527277,0.0,3.4232549609952727
DTSZ11,ORSZ03,2,0.23850559197631319,8.800873196740932,11.039378788717245
DTSZ11,OTSZ01,1,0.05107060328704681,0.815806673500013,1.8668772767870596
DTSZ11,OTSZ03,6,0.5255695697500232,8.654898138800055,15.18046770855008
DTSZ11,PGSZ01,1,0.11216227438874359,0.0,1.1121622743887436
DTSZ11,PGSZ03,4,0.2882369619259038,0.0,4.288236961925904
DTSZ11,PGSZ04,2,0.569562955359096,0.0,2.569562955359096
DTSZ11,PGSZ05,3,0.3832175548136428,0.0,3.3832175548136427
DTSZ11,PRSZ02,2,0.31710497205660787,0.0,2.3171049720566077
DTSZ11,PRSZ03,3,0.6453625730396889,0.0,3.645362573039689
DTSZ11,PRSZ04,1,0.11809890064476275,0.0,1.1180989006447628
DTSZ11,PRSZ05,5,0.5050526672142224,0.0,5.505052667214223
DTSZ11,QTSZ01,1,0.2602679579092099,0.0,1.26026795790921
DTSZ11,QTSZ04,2,0.09270991515852711,0.0,2.092709915158527
DTSZ11,QTSZ05,1,0.26662390212089765,0.0,1.2666239021208976
DTSZ11,QTSZ06,3,0.2146828185803116,0.0,3.214682818580312
DTSZ11,QTSZ13,1,0.23504140212772123,0.0,1.2350414021277212
DTSZ11,RCSZ01,1,0.1564419885920235,0.0,1.1564419885920234
DTSZ11,RVSZ03,2,0.0,0.0,2.0
DTSZ11,SBSZ02,1,0.07759026924277851,0.0,1.0775902692427786
DTSZ11,SBSZ03,3,0.357968158256076,0.0,3.357968158256076
DTSZ11,SBSZ04,1,0.12372420013142724,0.0,1.1237242001314272
DTSZ11,SESZ02,3,0.5926823742576482,0.0,3.5926823742576484
DTSZ11,SESZ03,8,1.0338950543187275,0.0,9.033895054318727
DTSZ11,SESZ04,3,0.6756652058312295,0.0,3.6756652058312294
DTSZ11,SESZ05,2,0.19166031655690055,0.0,2.1916603165569004
DTSZ11,SESZ06,3,0.6471566331423956,0.0,3.6471566331423957
DTSZ11,SESZ07,1,0.0,0.0,1.0
DTSZ11,SGSZ04,4,0.9815088291609667,0.0,4.981508829160966
DTSZ11,SGSZ06,3,0.5131312292277532,0.0,3.5131312292277532
DTSZ11,SGSZ07,1,0.10692621616490068,0.0,1.1069262161649007
DTSZ11,SRSZ02,1,0.06083361925226079,0.532674950237139,1.5935085694893996
DTSZ11,TMSZ01,1,0.32921396681298043,0.0,1.3292139668129805
DTSZ11,TMSZ02,10,1.5545630525598229,0.0,11.554563052559823
DTSZ11,TMSZ03,3,0.9607986681415558,0.0,3.960798668141556
DTSZ11,TMSZ04,5,0.7829273602173894,0.0,5.782927360217389
DTSZ11,TMSZ05,1,0.24030169711579077,0.0,1.2403016971157907
DTSZ11,TNSZ02,1,0.18870043333360711,0.0,1.188700433333607
DTSZ11,TNSZ04,2,0.25883578230538334,0.0,2.2588357823053835
DTSZ11,TPSZ01,2,0.16879028658240466,0.0,2.1687902865824045
DTSZ11,TPSZ02,5,0.6041578602202929,0.0,5.604157860220293
DTSZ11,TPSZ05,1,0.1565883563969612,0.0,1.1565883563969612
DTSZ11,TPSZ06,1,0.25947449187470084,0.0,1.259474491874701
DTSZ11,TPSZ08,2,0.127991052448747,0.0,2.127991052448747
DTSZ11,TPSZ09,3,0.24052918733366235,0.0,3.2405291873336624
DTSZ11,TPSZ11,2,0.35854681792991977,0.0,2.35854681792992
DTSZ11,TPSZ12,1,0.14448131048975363,0.0,1.1444813104897535
DTSZ11,WDSZ03,3,0.735149507455875,0.0,3.735149507455875
DTSZ11,WDSZ04,1,0.14896842776284241,0.0,1.1489684277628425
DTSZ11,WDSZ05,1,0.1633390239090281,0.0,1.1633390239090282
DTSZ11,WDSZ06,1,0.09882283253367666,0.0,1.0988228325336766
DTSZ11,WDSZ09,1,0.07050366779835766,0.0,1.0705036677983577
DTSZ11,YSSZ01,2,0.208267735477754,0.0,2.208267735477754
DTSZ11,YSSZ02,2,0.4457120059663062,0.0,2.445712005966306
DTSZ11,YSSZ03,2,0.4545967437388434,0.0,2.4545967437388434
DTSZ11,YSSZ04,2,0.32192710936222246,0.0,2.3219271093622225
DTSZ11,YSSZ08,3,0.12832203788374996,0.0,3.12832203788375
DTSZ11,YSSZ09,4,0.6872448156342189,0.0,4.687244815634219
DTSZ12,BDSZ01,1,0.10999161163887088,0.0,1.1099916116388708
DTSZ12,BDSZ02,1,0.1551133521670191,0.0,1.1551133521670192
DTSZ12,BDSZ03,1,0.17836495559435675,0.0,1.1783649555943567
DTSZ12,BDSZ04,4,0.492563000067616,0.0,4.492563000067616
DTSZ12,BKSZ07,2,0.19610039045383756,0.0,2.1961003904538376
DTSZ12,BKSZ09,1,0.09758536411909727,0.0,1.0975853641190974
DTSZ12,BMSZ03,1,0.1656139376884996,0.0,1.1656139376884995
DTSZ12,BMSZ04,1,0.09873269686642712,0.0,1.098732696866427
DTSZ12,BPSZ03,1,0.070099838140485,0.0,1.070099838140485
DTSZ12,BPSZ04,2,0.12218530126146074,0.0,2.1221853012614607
DTSZ12,BSSZ02,1,0.1466836103379113,0.0,1.1466836103379112
DTSZ12,BSSZ03,2,0.15402314468339182,0.0,2.154023144683392
DTSZ12,BTSZ06,1,0.03738398936528574,0.0,1.0373839893652856
DTSZ12,CKSZ02,1,0.12203628614033284,0.0,1.1220362861403328
DTSZ12,CLSZ06,1,0.14096419041124264,0.0,1.1409641904112426
DTSZ12,DTSZ01,2,0.08108493833741776,0.4357600419815967,2.5168449803190143
DTSZ12,DTSZ11,1,0.30340659705881734,0.9460504962576645,2.2494570933164817
DTSZ12,GLSZ03,1,0.10530240713162631,0.0,1.1053024071316262
DTSZ12,GLSZ05,1,0.20647517531645285,0.0,1.2064751753164529
DTSZ12,HGSZ03,1,0.1115345050853311,0.0,1.1115345050853311
DTSZ12,HGSZ04,1,0.11431130562624334,0.0,1.1143113056262433
DTSZ12,HGSZ06,4,0.5117215461337448,0.0,4.511721546133745
DTSZ12,HGSZ07,1,0.17369303814543485,0.0,1.173693038145435
DTSZ12,HGSZ08,1,0.05636459536941389,0.0,1.0563645953694139
DTSZ12,JESZ01,1,0.05175730802507987,0.0,1.05175730802508
DTSZ12,JESZ02,2,0.010931141275999574,0.0,2.0109311412759996
DTSZ12,JESZ05,1,0.16419879214544505,0.0,1.164198792145445
DTSZ12,JWSZ09,1,0.13606671689541397,0.0,1.136066716895414
DTSZ12,KLSZ06,1,0.1958485588400498,0.27423306432966654,1.4700816231697162
DTSZ12,MPSZ03,2,0.29194642442579044,0.0,2.2919464244257903
DTSZ12,MUSZ01,1,0.0500666101972105,0.22863279020954516,1.2786994004067556
DTSZ12,OTSZ02,2,0.01734208733576935,0.531375183959144,2.5487172712949135
DTSZ12,OTSZ03,2,0.28010039795564035,1.5317676068510584,3.8118680048066986
DTSZ12,PGSZ04,3,0.1487431128720245,0.0,3.1487431128720247
DTSZ12,PGSZ05,2,0.16601923818124656,0.0,2.1660192381812466
DTSZ12,QTSZ05,1,0.1449045936718281,0.0,1.144904593671828
DTSZ12,RCSZ01,1,0.033429361595767614,0.05204466899803477,1.0854740305938024
DTSZ12,SBSZ03,1,0.12213471300577382,0.0,1.1221347130057737
DTSZ12,SESZ02,1,0.1344453614519105,0.0,1.1344453614519105
DTSZ12,SESZ03,4,0.25238238836758553,0.0,4.252382388367586
DTSZ12,SESZ04,2,0.20003584699076152,0.0,2.2000358469907617
DTSZ12,SESZ05,2,0.07957567278418295,0.0,2.0795756727841828
DTSZ12,SGSZ06,1,0.11240660198635209,0.0,1.112406601986352
DTSZ12,SGSZ07,1,0.12752446953870286,0.0,1.1275244695387028
DTSZ12,TMSZ03,1,0.22426124903767097,0.0,1.224261249037671
DTSZ12,TMSZ04,4,0.2261757550963999,0.0,4.2261757550964
DTSZ12,TNSZ04,2,0.0980455384300192,0.0,2.098045538430019
DTSZ12,TPSZ06,1,0.08907783198308702,0.0,1.089077831983087
DTSZ12,TPSZ07,1,0.044375161299788336,0.0,1.0443751612997882
DTSZ12,TPSZ11,1,0.13352038024826385,0.0,1.1335203802482638
DTSZ12,WDSZ01,1,0.026481295830210125,0.0,1.02648129583021
DTSZ12,WDSZ02,1,0.044198783834335606,0.0,1.0441987838343356
DTSZ12,WDSZ03,3,0.23929503164799526,0.0,3.239295031647995
DTSZ12,WDSZ04,1,0.10627227228407225,0.0,1.1062722722840723
DTSZ12,WDSZ06,1,0.09710152562594856,0.0,1.0971015256259486
GLSZ01,AMSZ01,1,0.3315735157979941,0.0,1.3315735157979942
GLSZ01,AMSZ03,1,0.1482384587662493,0.0,1.1482384587662493
GLSZ01,AMSZ04,1,0.062380176493678045,0.0,1.062380176493678
GLSZ01,AMSZ06,1,0.38935345327580423,0.0,1.3893534532758043
GLSZ01,BDSZ01,2,0.29579447063930964,0.0,2.2957944706393096
GLSZ01,BDSZ02,1,0.36208600089992216,0.0,1.362086000899922
GLSZ01,BDSZ04,2,0.7318113945592692,0.0,2.7318113945592692
GLSZ01,BKSZ07,1,0.2587096706379167,0.0,1.2587096706379168
GLSZ01,BMSZ16,1,0.019897912581460973,0.0,1.019897912581461
GLSZ01,BTSZ08,1,0.14843880616845356,0.0,1.1484388061684536
GLSZ01,CKSZ06,1,0.17292292646561966,0.0,1.1729229264656196
GLSZ01,CLSZ04,1,0.18414853961637642,0.0,1.1841485396163764
GLSZ01,DTSZ05,2,0.3454612784210851,0.0,2.345461278421085
GLSZ01,DTSZ12,1,0.09274408085085989,0.0,1.09274408085086
GLSZ01,GLSZ05,1,0.39825480753655623,0.19159923576266935,1.5898540432992254
GLSZ01,HGSZ01,1,0.2107576359947884,0.0,1.2107576359947885
GLSZ01,HGSZ03,1,0.2673616302566813,0.0,1.2673616302566812
GLSZ01,HGSZ04,2,0.3355704655608935,0.0,2.3355704655608935
GLSZ01,HGSZ05,2,0.6541340503714478,0.0,2.654134050371448
GLSZ01,HGSZ06,2,0.6922367589670263,0.0,2.6922367589670264
GLSZ01,HGSZ07,1,0.32518579165439154,0.0,1.3251857916543917
GLSZ01,HGSZ08,1,0.20096865206281958,0.10430795682913642,1.305276608891956
GLSZ01,JESZ01,1,0.1345854546096222,0.0,1.1345854546096221
GLSZ01,JESZ05,1,0.2973598391045719,0.0,1.297359839104572
GLSZ01,JWSZ08,1,0.15975095851176996,0.0,1.15975095851177
GLSZ01,KLSZ01,1,0.48122717856035396,0.3228621148147058,1.8040892933750596
GLSZ01,KLSZ09,1,0.02803697088987849,0.058647732638516976,1.0866847035283955
GLSZ01,ORSZ02,1,0.25084592921136145,0.0,1.2508459292113614
GLSZ01,PGSZ02,1,0.16875675022665393,0.0,1.1687567502266538
GLSZ01,PGSZ03,2,0.2357907557517276,0.0,2.2357907557517276
GLSZ01,PGSZ04,1,0.3393594557874577,0.0,1.3393594557874577
GLSZ01,PGSZ05,1,0.24589404131420256,0.0,1.2458940413142026
GLSZ01,PLSZ04,1,0.048797946232415866,0.0,1.048797946232416
GLSZ01,SBSZ04,1,0.48771983646212225,0.0,1.4877198364621222
GLSZ01,SESZ02,2,0.4988667849019523,0.0,2.4988667849019524
GLSZ01,SESZ03,3,0.6468717220242597,0.0,3.64687172202426
GLSZ01,SESZ05,1,0.19333403703429322,0.0,1.1933340370342933
GLSZ01,SESZ06,4,1.103920263622578,0.0,5.1039202636225784
GLSZ01,SGSZ03,1,0.2253913533515754,0.0,1.2253913533515755
GLSZ01,SGSZ04,2,0.7532924458704745,0.0,2.7532924458704744
GLSZ01,TMSZ02,3,1.1083021710203387,0.0,4.1083021710203385
GLSZ01,TNSZ04,1,0.09577993775016788,0.0,1.0957799377501678
GLSZ01,TPSZ05,1,0.16147503294512863,0.0,1.1614750329451287
GLSZ01,TPSZ06,1,0.17769375735847073,0.08887153198459019,1.266565289343061
GLSZ01,TPSZ09,3,0.48571583857083594,0.23367867424121294,3.7193945128120487
GLSZ01,WDSZ02,2,0.12047240041880072,0.0,2.1204724004188007
GLSZ01,WDSZ06,1,0.24016127556971054,0.0,1.2401612755697105
GLSZ01,YSSZ02,1,0.08647368406727858,0.0,1.0864736840672786
GLSZ01,YSSZ03,2,0.5960937012575342,0.0,2.5960937012575345
GLSZ02,AMSZ01,4,0.5730327891298385,0.0,4.573032789129838
GLSZ02,AMSZ05,1,0.33164229120941724,0.0,1.3316422912094172
GLSZ02,BDSZ01,2,0.8925418846468486,0.5633094604739127,3.4558513451207613
GLSZ02,BDSZ02,3,0.7260886363100784,0.0,3.7260886363100783
GLSZ02,BDSZ03,1,0.5542413900869164,0.12846586854688755,1.6827072586338039
GLSZ02,BDSZ04,4,0.9557827949830618,0.0,4.955782794983062
GLSZ02,BDSZ05,1,0.6320417862339323,0.0,1.6320417862339323
GLSZ02,BDSZ06,1,0.6614778633007313,0.0,1.6614778633007314
GLSZ02,BKSZ07,1,0.2692750017917189,0.0,1.269275001791719
GLSZ02,BMSZ05,1,0.21582320598250138,0.0,1.2158232059825014
GLSZ02,BMSZ07,1,0.31867951140326567,0.0,1.3186795114032657
GLSZ02,BMSZ17,2,0.32848691487020015,0.0,2.3284869148702003
GLSZ02,BPSZ05,1,0.25734302240936874,0.0,1.2573430224093687
GLSZ02,BSSZ01,2,0.7389310733225197,0.0,2.7389310733225196
GLSZ02,BSSZ02,2,0.5426043102900268,0.0,2.542604310290027
GLSZ02,BSSZ03,2,0.5278728518344565,0.0,2.5278728518344566
GLSZ02,BTSZ01,2,0.41819119875975846,0.0,2.4181911987597586
GLSZ02,CHSZ03,2,0.5970423971037196,0.0,2.5970423971037198
GLSZ02,CKSZ03,1,0.21777961999193865,0.0,1.2177796199919386
GLSZ02,CKSZ04,1,0.2093037437149788,0.0,1.2093037437149787
GLSZ02,DTSZ01,3,0.28104869362246787,0.0,3.281048693622468
GLSZ02,DTSZ02,4,0.5598270360953564,0.0,4.559827036095356
GLSZ02,DTSZ03,1,0.2614479650060138,0.0,1.2614479650060137
GLSZ02,DTSZ05,2,0.28732098453325194,0.0,2.287320984533252
GLSZ02,DTSZ06,2,0.09017262644582515,0.0,2.0901726264458254
GLSZ02,DTSZ07,1,0.1277156151471763,0.0,1.1277156151471763
GLSZ02,DTSZ08,2,0.13991457354197945,0.0,2.1399145735419793
GLSZ02,DTSZ09,2,0.1667709926264028,0.0,2.166770992626403
GLSZ02,DTSZ11,1,0.2356712224752058,0.0,1.2356712224752058
GLSZ02,DTSZ12,1,0.2164811250462749,0.0,1.2164811250462748
GLSZ02,GLSZ01,2,1.126238967914237,0.569972052285583,3.69621102019982
GLSZ02,GLSZ02,3,0.5871160450668502,13.395905646459143,16.983021691525995
GLSZ02,GLSZ03,6,1.2194498320625413,1.7306185710028619,8.950068403065403
GLSZ02,GLSZ04,3,1.9265154578867978,3.191958561760739,8.118474019647536
GLSZ02,GLSZ05,10,1.8966949194196951,3.7660314821547787,15.662726401574472
GLSZ02,HGSZ03,1,0.37645514637888317,0.0,1.3764551463788832
GLSZ02,HGSZ04,1,0.31909735741101347,0.0,1.3190973574110134
GLSZ02,HGSZ05,1,0.41904694207090104,0.0,1.419046942070901
GLSZ02,JESZ05,2,0.43285794460193894,0.0,2.432857944601939
GLSZ02,JESZ07,1,0.13111981843570852,0.0,1.1311198184357085
GLSZ02,KLSZ01,1,0.5717196836868764,0.2692708802814618,1.8409905639683382
GLSZ02,KLSZ02,2,0.32373774738357697,0.13751417004308858,2.461251917426665
GLSZ02,KLSZ03,1,0.13861904181785628,0.06391048596009573,1.202529527777952
GLSZ02,KLSZ06,1,0.47457447486408316,0.20019784865656173,1.6747723235206449
GLSZ02,KLSZ08,1,0.41591114905744486,0.25281208425321877,1.6687232333106636
GLSZ02,MPSZ01,1,0.4198131181411636,0.6479316589027149,2.0677447770438784
GLSZ02,MPSZ03,1,0.6394362190272004,0.0,1.6394362190272003
GLSZ02,MUSZ03,2,0.08384738646305762,0.0,2.0838473864630576
GLSZ02,NVSZ01,1,0.9486844954322856,0.0,1.9486844954322855
GLSZ02,NVSZ02,1,0.45307708776087807,0.0,1.453077087760878
GLSZ02,ORSZ02,1,0.33134130929964245,0.0,1.3313413092996425
GLSZ02,OTSZ03,7,0.5673367391318671,0.0,7.567336739131867
GLSZ02,PGSZ02,1,0.20892352296643216,0.0,1.2089235229664321
GLSZ02,PNSZ01,1,0.10690197152323117,0.0,1.106901971523231
GLSZ02,PRSZ03,2,0.5209404749786984,0.0,2.5209404749786986
GLSZ02,PRSZ05,1,0.5185375289527359,0.0,1.5185375289527359
GLSZ02,PRSZ06,1,0.15727141793769908,0.0,1.157271417937699
GLSZ02,QTSZ06,1,0.13934946909756846,0.0,1.1393494690975685
GLSZ02,QTSZ08,4,0.6477028495830935,0.0,4.647702849583093
GLSZ02,QTSZ14,1,0.23788146392869436,0.0,1.2378814639286944
GLSZ02,RCSZ02,1,0.1840191991260964,0.0,1.1840191991260964
GLSZ02,RCSZ08,1,0.0,0.0,1.0
GLSZ02,SBSZ01,1,0.31335612877000824,0.0,1.3133561287700082
GLSZ02,SBSZ03,1,0.2764832908762159,0.0,1.2764832908762158
GLSZ02,SBSZ04,1,0.2554916612545109,0.0,1.2554916612545108
GLSZ02,SBSZ08,1,0.10589623038845508,0.0,1.105896230388455
GLSZ02,SESZ03,2,0.6709592440307764,0.0,2.6709592440307763
GLSZ02,SGSZ06,1,0.4531908237568158,0.5438184404802766,1.9970092642370925
GLSZ02,TMSZ02,2,1.089887417630265,0.0,3.089887417630265
GLSZ02,TMSZ03,1,0.7873367042350196,0.0,1.7873367042350194
GLSZ02,TMSZ04,5,0.8450589016680096,0.0,5.8450589016680095
GLSZ02,TMSZ05,3,0.4929218898554114,0.0,3.4929218898554115
GLSZ02,TPSZ02,1,0.4164001885468936,0.0,1.4164001885468935
GLSZ02,TPSZ06,3,0.4265745098379976,0.4684462013587051,3.8950207111967026
GLSZ02,TPSZ12,1,0.32550832528025747,0.0689856842359697,1.3944940095162273
GLSZ02,YSSZ04,1,0.24718768469967156,0.0,1.2471876846996715
GLSZ02,YSSZ09,2,0.43497509585442723,0.0,2.434975095854427
GLSZ03,AMSZ02,3,0.6901661009965954,0.0,3.6901661009965956
GLSZ03,AMSZ03,4,0.7430315210209756,0.0,4.743031521020976
GLSZ03,AMSZ04,1,0.15741875571672997,0.0,1.15741875571673
GLSZ03,AMSZ09,3,0.936357597517848,0.0,3.9363575975178478
GLSZ03,BDSZ01,2,1.547312088941761,0.5522150738330973,4.099527162774859
GLSZ03,BDSZ02,4,1.7979102156643125,0.0,5.797910215664313
GLSZ03,BDSZ03,1,1.0648059368698304,0.46072648529557547,2.525532422165406
GLSZ03,BDSZ04,4,2.1160713768009956,0.0,6.1160713768009956
GLSZ03,BDSZ06,1,1.4511695772124518,0.0,2.4511695772124518
GLSZ03,BKSZ01,1,0.13148455071000095,0.0,1.1314845507100009
GLSZ03,BKSZ04,1,0.1962147888073543,0.0,1.1962147888073542
GLSZ03,BKSZ05,1,0.7029897503234999,0.0,1.7029897503234999
GLSZ03,BKSZ07,2,0.7049204203324158,0.0,2.7049204203324155
GLSZ03,BKSZ09,1,0.3858188070678202,0.0,1.3858188070678201
GLSZ03,BLSZ02,1,0.10963371182744772,0.0,1.1096337118274477
GLSZ03,BMSZ01,1,0.4440727947309089,0.0,1.4440727947309089
GLSZ03,BMSZ03,1,0.3630977846286787,0.0,1.3630977846286787
GLSZ03,BMSZ04,1,0.21380726557704768,0.0,1.2138072655770478
GLSZ03,BMSZ06,1,0.3766520719925808,0.0,1.3766520719925808
GLSZ03,BMSZ07,2,0.868868679820856,0.0,2.868868679820856
GLSZ03,BMSZ08,1,0.27567927434017464,0.0,1.2756792743401746
GLSZ03,BMSZ13,1,0.338046336871141,0.0,1.338046336871141
GLSZ03,BMSZ15,1,0.13824770316498416,0.0,1.1382477031649842
GLSZ03,BMSZ16,1,0.072561771435223,0.0,1.072561771435223
GLSZ03,BMSZ17,1,0.17772333419078976,0.0,1.1777233341907898
GLSZ03,BPSZ02,1,0.13018244419347272,0.0,1.1301824441934727
GLSZ03,BPSZ04,2,0.46753175098414534,0.0,2.4675317509841452
GLSZ03,BSSZ01,3,1.624689331526627,0.0,4.624689331526627
GLSZ03,BSSZ02,1,0.711789976513826,0.0,1.711789976513826
GLSZ03,BSSZ03,1,0.6751586574456745,0.0,1.6751586574456745
GLSZ03,BTSZ05,1,0.08478389689697968,0.0,1.0847838968969796
GLSZ03,CCSZ01,1,0.14508908785506092,0.0,1.145089087855061
GLSZ03,CKSZ01,1,0.3600139152510561,0.0,1.3600139152510562
GLSZ03,CKSZ03,1,0.4516934625062056,0.0,1.4516934625062057
GLSZ03,CLSZ04,1,0.34977440292549344,0.0,1.3497744029254934
GLSZ03,DTSZ03,1,0.5039266324446656,0.0,1.5039266324446656
GLSZ03,DTSZ12,1,0.176659725309094,0.0,1.176659725309094
GLSZ03,GLSZ02,6,1.0871798226527791,1.848075980222428,8.935255802875206
GLSZ03,GLSZ03,4,2.555789287880209,12.194448394227852,18.75023768210806
GLSZ03,GLSZ04,9,5.817338163556189,5.242163717524239,20.05950188108043
GLSZ03,GLSZ05,2,1.9841852851003812,1.2900775312393997,5.274262816339781
GLSZ03,HGSZ02,2,1.526113516903041,0.0,3.526113516903041
GLSZ03,HGSZ04,7,2.4774383929112527,0.0,9.477438392911253
GLSZ03,HGSZ05,2,1.5659699352991292,0.0,3.565969935299129
GLSZ03,HGSZ07,1,0.5119558516660012,0.16928306969801693,1.6812389213640182
GLSZ03,HGSZ08,1,0.6245002503865997,0.26187852742144974,1.8863787778080494
GLSZ03,HGSZ09,1,0.11455407620594618,0.0,1.1145540762059463
GLSZ03,JESZ01,2,0.3123476661839145,0.0,2.3123476661839146
GLSZ03,JESZ03,1,0.5215787013827573,0.0,1.5215787013827573
GLSZ03,JESZ04,1,0.09504150443832211,0.0,1.0950415044383222
GLSZ03,JWSZ03,3,0.8091410578774206,0.0,3.8091410578774205
GLSZ03,JWSZ04,1,0.3924156882402422,0.0,1.3924156882402423
GLSZ03,JWSZ08,3,1.0082723925296162,0.0,4.008272392529616
GLSZ03,JWSZ09,1,0.5603483462407446,0.0,1.5603483462407446
GLSZ03,KLSZ01,2,1.1850341143246932,0.0,3.185034114324693
GLSZ03,KLSZ04,1,0.0,0.0,1.0
GLSZ03,KLSZ08,2,0.6821508713436613,0.0,2.6821508713436613
GLSZ03,MDSZ03,1,0.0,0.0,1.0
GLSZ03,MPSZ03,2,1.393449805133856,0.8610096077078344,4.25445941284169
GLSZ03,MUSZ01,1,0.1985843292479201,0.0,1.1985843292479201
GLSZ03,MUSZ03,1,0.056885856137805904,0.0,1.0568858561378058
GLSZ03,NVSZ01,1,1.1483936641949912,0.0,2.148393664194991
GLSZ03,NVSZ02,1,0.6174213424177342,0.0,1.6174213424177342
GLSZ03,ORSZ01,1,0.08240832425389676,0.0,1.0824083242538967
GLSZ03,ORSZ02,1,0.3734811429727617,0.0,1.3734811429727616
GLSZ03,ORSZ03,2,0.4788944203161185,0.0,2.4788944203161183
GLSZ03,OTSZ03,2,1.0844066363206768,0.0,3.0844066363206766
GLSZ03,OTSZ04,1,0.07504242432997323,0.0,1.0750424243299732
GLSZ03,PGSZ02,1,0.4367378677745197,0.0,1.4367378677745197
GLSZ03,PGSZ03,4,1.3353543970397106,0.0,5.33535439703971
GLSZ03,PGSZ05,1,0.9076172180405533,0.0,1.9076172180405533
GLSZ03,PLSZ03,1,0.061436146688000084,0.0,1.061436146688
GLSZ03,PLSZ04,1,0.16008032932880875,1.0222123101745628,2.1822926395033715
GLSZ03,PLSZ05,1,0.19062676464136602,0.0,1.190626764641366
GLSZ03,PRSZ03,2,1.1127968463565119,0.0,3.112796846356512
GLSZ03,PRSZ05,2,1.9187602853213401,0.0,3.91876028532134
GLSZ03,QTSZ04,1,0.05721283258365739,0.0,1.0572128325836574
GLSZ03,QTSZ05,1,0.4109017877749542,0.0,1.4109017877749541
GLSZ03,QTSZ08,1,0.33659355517554024,0.0,1.3365935551755403
GLSZ03,RCSZ01,1,0.17494011576512572,0.0,1.1749401157651258
GLSZ03,RCSZ10,2,0.3902957582570624,0.0,2.3902957582570625
GLSZ03,SBSZ03,1,0.49766152497308946,0.0,1.4976615249730894
GLSZ03,SBSZ04,1,0.40426050917863354,0.0,1.4042605091786335
GLSZ03,SESZ02,2,1.7073642048764424,0.0,3.707364204876442
GLSZ03,SESZ03,6,1.6766158239658857,0.0,7.676615823965886
GLSZ03,SESZ04,3,1.5822915216568731,0.0,4.582291521656873
GLSZ03,SESZ05,1,0.503327568325892,0.0,1.503327568325892
GLSZ03,SESZ06,2,1.9439739043646378,0.0,3.943973904364638
GLSZ03,SGSZ03,2,0.7628291222599164,0.0,2.7628291222599164
GLSZ03,SGSZ04,1,0.8523877641998613,0.0,1.8523877641998614
GLSZ03,SGSZ05,2,0.6315975227320804,0.0,2.6315975227320805
GLSZ03,SGSZ06,3,1.0762361918608663,0.0,4.0762361918608665
GLSZ03,TMSZ02,10,3.6985385844589302,0.0,13.69853858445893
GLSZ03,TMSZ03,3,1.9578867858883982,0.0,4.957886785888398
GLSZ03,TMSZ04,2,1.4647767470171698,0.0,3.4647767470171695
GLSZ03,TMSZ05,4,1.3661445891242905,0.0,5.366144589124291
GLSZ03,TNSZ04,2,0.27849684834090194,0.0,2.278496848340902
GLSZ03,TPSZ05,1,0.24738800932891197,0.0,1.247388009328912
GLSZ03,TPSZ06,2,0.7804741420853034,0.0,2.7804741420853034
GLSZ03,TPSZ12,2,0.660679714979638,0.0971246784851119,2.7578043934647503
GLSZ03,WDSZ01,1,0.09905848445295783,0.0,1.0990584844529578
GLSZ03,WDSZ03,2,0.8999862444620965,0.0,2.8999862444620965
GLSZ03,WDSZ04,1,0.4653146820973518,0.0,1.4653146820973517
GLSZ03,WDSZ05,1,0.3965065669940745,0.0,1.3965065669940744
GLSZ03,WDSZ06,2,0.542925760102521,0.0,2.542925760102521
GLSZ03,YSSZ09,2,0.9842449066806397,0.0,2.98424490668064
GLSZ04,AMSZ02,1,0.5456873504084195,0.0,1.5456873504084196
GLSZ04,AMSZ06,1,0.5830151495445323,0.0,1.5830151495445324
GLSZ04,BDSZ01,3,1.1117921248199938,0.0,4.111792124819994
GLSZ04,BDSZ02,1,1.1390308084480985,0.0,2.1390308084480987
GLSZ04,BDSZ03,2,1.1343895364902439,0.0,3.134389536490244
GLSZ04,BDSZ04,8,3.213150006470132,0.0,11.213150006470132
GLSZ04,BDSZ05,1,0.9482566144301753,0.0,1.9482566144301754
GLSZ04,BDSZ06,3,1.9245588264983036,0.0,4.924558826498304
GLSZ04,BKSZ05,1,0.6968471881350973,0.0,1.6968471881350973
GLSZ04,BKSZ07,1,0.8992223147679897,0.0,1.8992223147679899
GLSZ04,BKSZ09,1,0.5906361343563026,0.0,1.5906361343563025
GLSZ04,BMSZ01,1,0.6876025468713679,0.0,1.6876025468713678
GLSZ04,BMSZ02,1,0.5259441025518402,0.0,1.5259441025518403
GLSZ04,BMSZ07,1,1.1227978507892706,0.0,2.1227978507892704
GLSZ04,BMSZ14,1,0.1580731796030773,0.0,1.1580731796030772
GLSZ04,BMSZ17,1,0.300802374395328,0.0,1.300802374395328
GLSZ04,BPSZ02,1,0.1355583036305505,0.0,1.1355583036305505
GLSZ04,BSSZ02,2,1.231670356578494,0.0,3.231670356578494
GLSZ04,BSSZ03,1,0.9821219817949357,0.0,1.9821219817949358
GLSZ04,BTSZ01,1,0.8746991921824526,0.0,1.8746991921824527
GLSZ04,CHSZ03,6,2.25155768980096,0.0,8.25155768980096
GLSZ04,CLSZ03,1,0.5452373975092116,0.0,1.5452373975092115
GLSZ04,CLSZ04,2,0.6603219171407392,0.0,2.660321917140739
GLSZ04,DTSZ01,5,0.9416719856908652,0.0,5.941671985690865
GLSZ04,DTSZ02,9,1.0460453520297575,0.0,10.046045352029758
GLSZ04,DTSZ03,6,1.0529235656725713,0.0,7.052923565672572
GLSZ04,DTSZ05,12,1.2868994088639671,0.0,13.286899408863967
GLSZ04,DTSZ08,6,0.6822470306453333,0.0,6.682247030645334
GLSZ04,DTSZ09,1,0.1669959539491321,0.0,1.1669959539491321
GLSZ04,DTSZ11,10,1.2409951685343248,0.0,11.240995168534324
GLSZ04,GLSZ01,1,1.2289539841196757,0.23607885082928518,2.465032834948961
GLSZ04,GLSZ02,3,2.452443617498904,1.5346656626613582,6.987109280160262
GLSZ04,GLSZ03,10,7.201787212925486,3.075982802391296,20.27777001531678
GLSZ04,GLSZ04,12,11.858453052819078,55.274485535600284,79.13293858841936
GLSZ04,GLSZ05,13,5.294239539058513,3.892750550806823,22.186990089865336
GLSZ04,HGSZ02,2,1.33353384590828,0.0,3.33353384590828
GLSZ04,HGSZ03,1,0.6314232406211429,0.0,1.6314232406211429
GLSZ04,HGSZ04,1,0.7979579673270168,0.0,1.797957967327017
GLSZ04,HGSZ05,2,1.231809120695061,0.0,3.231809120695061
GLSZ04,HGSZ06,1,1.2411177001210558,0.0,2.241117700121056
GLSZ04,HGSZ07,1,0.4740165836014082,0.0,1.4740165836014083
GLSZ04,HGSZ08,4,1.7301901745339672,0.5779613633274087,6.3081515378613755
GLSZ04,HGSZ09,1,0.07790093245442604,0.0,1.077900932454426
GLSZ04,JESZ04,1,0.17536100906123944,0.0,1.1753610090612394
GLSZ04,JESZ05,1,1.0637951853961367,0.0,2.0637951853961365
GLSZ04,JWSZ02,1,0.2812862709349522,0.0,1.2812862709349522
GLSZ04,JWSZ06,1,0.19953312457747888,0.0,1.199533124577479
GLSZ04,JWSZ09,1,0.7981995849682603,0.0,1.7981995849682604
GLSZ04,KLSZ01,2,1.7986763092679396,0.4501612199710193,4.248837529238959
GLSZ04,KLSZ02,1,1.082715753760888,0.0762846439661405,2.1590003977270285
GLSZ04,KLSZ05,3,2.720403817364086,0.10977983042015595,5.830183647784242
GLSZ04,KLSZ06,3,1.5837864374520636,0.566170519802001,5.149956957254065
GLSZ04,KLSZ07,3,1.2230610594355495,0.0,4.223061059435549
GLSZ04,KLSZ08,1,0.9734705187349912,0.547918580088179,2.52138909882317
GLSZ04,KLSZ09,2,0.6439460931932004,0.19226629166010908,2.8362123848533094
GLSZ04,MPSZ01,1,1.2277148626250933,0.9797015844430041,3.2074164470680975
GLSZ04,MPSZ02,3,2.9823098606353966,1.3999651558156454,7.382275016451042
GLSZ04,MPSZ03,4,1.894143761912583,1.430710042226982,7.324853804139565
GLSZ04,MUSZ01,2,0.4225630365163218,0.0,2.4225630365163218
GLSZ04,MUSZ03,1,0.11508867215402377,0.0,1.1150886721540239
GLSZ04,NTSZ03,1,0.1661038335297363,0.0,1.1661038335297362
GLSZ04,NTSZ05,2,0.0,0.0,2.0
GLSZ04,NVSZ01,1,1.5968689165025098,0.0,2.59686891650251
GLSZ04,NVSZ02,6,1.2446047242838036,0.0,7.244604724283803
GLSZ04,ORSZ01,1,0.0846726103898981,0.0,1.084672610389898
GLSZ04,ORSZ02,5,1.1885223806366951,0.0,6.188522380636695
GLSZ04,ORSZ03,5,0.8744425475699971,0.0,5.874442547569997
GLSZ04,OTSZ01,1,0.07909818947065642,0.0,1.0790981894706564
GLSZ04,OTSZ02,1,0.09923004017767313,0.0,1.0992300401776731
GLSZ04,OTSZ03,13,2.3149129972225366,0.0,15.314912997222537
GLSZ04,OTSZ04,1,0.17735308694189708,0.0,1.177353086941897
GLSZ04,PGSZ03,1,0.5531157663654327,0.0,1.5531157663654327
GLSZ04,PGSZ04,3,1.4130023889601926,0.0,4.413002388960193
GLSZ04,PGSZ05,1,0.7143283674248827,0.0,1.7143283674248826
GLSZ04,PLSZ04,1,0.10676361754915616,0.0,1.1067636175491562
GLSZ04,PRSZ03,3,1.3046889429144746,0.0,4.304688942914474
GLSZ04,PRSZ04,1,0.2922119916770737,0.0,1.2922119916770738
GLSZ04,PRSZ07,1,0.16988017185238782,0.0,1.169880171852388
GLSZ04,PRSZ08,1,0.3121696183626862,0.0,1.3121696183626863
GLSZ04,QTSZ01,1,0.4457393319117666,0.0,1.4457393319117666
GLSZ04,QTSZ02,1,0.3211421104490498,0.0,1.3211421104490497
GLSZ04,QTSZ04,1,0.11060274079547255,0.0,1.1106027407954726
GLSZ04,QTSZ06,1,0.3130543556822661,0.0,1.313054355682266
GLSZ04,QTSZ08,6,1.4344180617692996,0.0,7.4344180617693
GLSZ04,QTSZ10,3,1.0428823454686083,0.0,4.042882345468608
GLSZ04,QTSZ11,2,0.6377342414016568,0.0,2.637734241401657
GLSZ04,QTSZ12,2,0.6008833522448488,0.0,2.600883352244849
GLSZ04,QTSZ14,4,0.9250005953839814,0.0,4.925000595383981
GLSZ04,RCSZ05,1,0.18790202932174566,0.3669175702185625,1.5548195995403082
GLSZ04,RCSZ10,1,0.5639436759075533,0.0,1.5639436759075533
GLSZ04,RVSZ05,1,0.35714939043063293,0.0,1.3571493904306329
GLSZ04,SBSZ01,1,0.6515564647735356,0.0,1.6515564647735355
GLSZ04,SBSZ02,1,0.30554037776682447,0.0,1.3055403777668244
GLSZ04,SBSZ04,2,0.4311982754139913,0.0,2.4311982754139914
GLSZ04,SBSZ05,1,0.09492865973198769,0.0,1.0949286597319876
GLSZ04,SESZ03,1,1.0634648559594788,0.0,2.063464855959479
GLSZ04,SESZ05,3,0.6334442540684236,0.0,3.6334442540684235
GLSZ04,SESZ06,1,0.9283490136723306,0.0,1.9283490136723307
GLSZ04,SGSZ02,1,0.2840844865477694,0.0,1.2840844865477694
GLSZ04,SGSZ04,2,2.530518126304825,0.0,4.530518126304825
GLSZ04,SGSZ05,1,0.4063985098982939,0.0,1.4063985098982938
GLSZ04,SGSZ06,3,1.089881065143733,0.0,4.089881065143733
GLSZ04,SRSZ02,1,0.1169854931466977,0.0,1.1169854931466978
GLSZ04,TMSZ01,1,1.1084072182267641,0.0,2.1084072182267644
GLSZ04,TMSZ02,4,2.1453656639844993,0.0,6.145365663984499
GLSZ04,TMSZ03,4,2.414692202013388,0.0,6.414692202013388
GLSZ04,TMSZ04,4,2.597225717963337,0.0,6.597225717963337
GLSZ04,TMSZ05,5,1.5523777008317234,0.0,6.552377700831723
GLSZ04,TNSZ03,2,0.1411230608088599,0.0,2.14112306080886
GLSZ04,TPSZ02,3,1.2558659195228992,0.0,4.255865919522899
GLSZ04,TPSZ06,2,0.804867303908444,0.0,2.804867303908444
GLSZ04,TPSZ09,1,0.7202143182379149,0.07821219823740026,1.7984265164753153
GLSZ04,TPSZ10,1,0.5018547492021979,0.09871290303366587,1.6005676522358638
GLSZ04,TPSZ12,4,1.6590060689207482,0.10894304830197266,5.76794911722272
GLSZ04,WCSZ01,2,0.8660188600480726,0.0,2.8660188600480727
GLSZ04,WDSZ01,1,0.20848798267483384,0.0,1.2084879826748338
GLSZ04,WDSZ03,1,0.7507759569011438,0.0,1.7507759569011438
GLSZ04,WDSZ06,1,0.30149460267551087,0.0,1.3014946026755108
GLSZ04,WDSZ09,1,0.23186871513473245,0.0,1.2318687151347325
GLSZ04,YSSZ02,1,0.4107106933971555,0.0,1.4107106933971556
GLSZ04,YSSZ04,1,0.6268835408712794,0.0,1.6268835408712794
GLSZ04,YSSZ09,2,1.1133539774034291,0.0,3.1133539774034293
GLSZ05,AMSZ01,3,1.4385418299935586,0.0,4.438541829993559
GLSZ05,AMSZ02,1,0.516652651470207,0.0,1.516652651470207
GLSZ05,AMSZ04,1,0.11871618069694341,0.0,1.1187161806969435
GLSZ05,AMSZ06,1,0.47773414396959335,0.0,1.4777341439695935
GLSZ05,BDSZ01,5,1.8777818031221494,0.6641937426861139,7.5419755458082625
GLSZ05,BDSZ02,1,1.2297697028160195,0.0,2.2297697028160197
GLSZ05,BDSZ03,13,2.8282996488714853,2.3983064147474997,18.226606063618984
GLSZ05,BDSZ04,18,4.102640416103828,0.0,22.102640416103828
GLSZ05,BDSZ05,3,2.8058852711572015,0.7380444580168608,6.543929729174062
GLSZ05,BDSZ06,9,1.9743749207615748,0.0,10.974374920761575
GLSZ05,BDSZ07,2,1.3558925245375253,0.35973310750000165,3.715625632037527
GLSZ05,BKSZ03,1,0.30874427911448177,0.0,1.3087442791144817
GLSZ05,BKSZ05,1,0.6455296207766881,0.0,1.645529620776688
GLSZ05,BKSZ08,1,0.03806319514177989,0.0,1.0380631951417798
GLSZ05,BLSZ04,1,0.1947319156167855,0.0,1.1947319156167855
GLSZ05,BMSZ01,2,0.8053580937808471,0.0,2.805358093780847
GLSZ05,BMSZ04,1,0.42688381376048123,0.0,1.4268838137604813
GLSZ05,BMSZ05,3,1.2485602742582698,0.0,4.24856027425827
GLSZ05,BMSZ06,2,0.9754922309736994,0.0,2.9754922309736993
GLSZ05,BMSZ07,1,1.0596834682163312,0.0,2.059683468216331
GLSZ05,BMSZ10,1,0.1829022515855516,0.0,1.1829022515855516
GLSZ05,BMSZ15,2,0.27327610828207805,0.0,2.273276108282078
GLSZ05,BMSZ17,2,0.4490876338777695,0.0,2.4490876338777694
GLSZ05,BPSZ02,1,0.11487681827689479,0.0,1.1148768182768949
GLSZ05,BPSZ03,1,0.27366857457132665,0.0,1.2736685745713268
GLSZ05,BPSZ05,2,0.6977949764895496,0.0,2.6977949764895497
GLSZ05,BSSZ01,3,1.8909079713180041,0.0,4.890907971318004
GLSZ05,BSSZ02,1,1.017375768124378,0.0,2.017375768124378
GLSZ05,BSSZ03,4,1.266950127943981,0.0,5.266950127943981
GLSZ05,BTSZ03,1,0.28387031187000417,0.0,1.283870311870004
GLSZ05,BTSZ04,1,0.1993963579193103,0.0,1.1993963579193103
GLSZ05,BTSZ05,1,0.1893778851768459,0.0,1.189377885176846
GLSZ05,CKSZ03,1,0.5950764766665869,0.0,1.5950764766665868
GLSZ05,CKSZ06,1,0.41885920058847237,0.0,1.4188592005884724
GLSZ05,CLSZ03,2,0.9795742008528814,0.0,2.9795742008528814
GLSZ05,CLSZ04,2,0.6496108147084412,0.0,2.649610814708441
GLSZ05,DTSZ01,4,0.9238981988694251,0.0,4.923898198869425
GLSZ05,DTSZ02,4,0.8963721670000084,0.0,4.896372167000008
GLSZ05,DTSZ03,6,1.0172734054260566,0.0,7.017273405426057
GLSZ05,DTSZ05,6,0.713486083445503,0.0,6.713486083445503
GLSZ05,DTSZ08,4,0.49562390275365004,0.0,4.49562390275365
GLSZ05,DTSZ09,2,0.21617532505374326,0.0,2.2161753250537433
GLSZ05,DTSZ10,1,0.08754518795152218,0.0,1.087545187951522
GLSZ05,DTSZ11,2,0.6475134425834852,0.0,2.6475134425834854
GLSZ05,GLSZ01,1,0.919105109997207,0.11395895289375077,2.0330640628909578
GLSZ05,GLSZ02,8,1.318672901939026,1.88411125845123,11.202784160390255
GLSZ05,GLSZ03,4,3.5404215792962996,1.6319015857650772,9.172323165061377
GLSZ05,GLSZ04,15,9.632469184222765,6.949770191045085,31.582239375267847
GLSZ05,GLSZ05,25,7.610161507872711,73.62380273936927,106.23396424724197
GLSZ05,HGSZ01,1,0.6824207476240292,0.0,1.6824207476240292
GLSZ05,HGSZ03,1,0.636742333162718,0.0,1.636742333162718
GLSZ05,HGSZ04,1,0.7696681721448102,0.0,1.7696681721448102
GLSZ05,HGSZ05,2,1.179640808503599,0.0,3.179640808503599
GLSZ05,HGSZ06,2,1.5411230879913371,0.0,3.541123087991337
GLSZ05,HGSZ07,3,0.6308022686488967,0.0,3.6308022686488965
GLSZ05,HGSZ08,3,1.3168885106420876,0.3263841595921252,4.643272670234213
GLSZ05,JESZ05,2,1.1450884219900008,0.0,3.1450884219900006
GLSZ05,JESZ06,1,0.08117809726972712,0.0,1.0811780972697271
GLSZ05,JESZ07,1,0.07553507270606148,0.0,1.0755350727060615
GLSZ05,JWSZ02,1,0.2389686799312636,0.0,1.2389686799312636
GLSZ05,JWSZ03,1,0.276321621761467,0.0,1.276321621761467
GLSZ05,JWSZ04,2,0.4517568268657895,0.0,2.4517568268657897
GLSZ05,JWSZ05,1,0.062223552447152865,0.0,1.0622235524471528
GLSZ05,JWSZ08,3,0.7217809457477405,0.0,3.7217809457477404
GLSZ05,JWSZ09,3,0.7783015967762723,0.0,3.7783015967762723
GLSZ05,KLSZ01,7,1.3068950843691698,0.0,8.30689508436917
GLSZ05,KLSZ03,4,0.24628226702167966,0.1667555643408649,4.413037831362544
GLSZ05,MPSZ01,2,1.2687999887185484,1.1604004166983584,4.429200405416907
GLSZ05,MPSZ02,3,4.45582573236515,2.0729200469700757,9.528745779335225
GLSZ05,MPSZ03,10,3.7860496223820337,2.745624275968072,16.531673898350107
GLSZ05,MUSZ01,1,0.433158662724404,0.0,1.433158662724404
GLSZ05,NVSZ01,1,1.4852839425209705,0.0,2.4852839425209705
GLSZ05,NVSZ02,2,1.2046409640860551,0.0,3.204640964086055
GLSZ05,ORSZ02,2,0.8620022948553155,0.0,2.8620022948553157
GLSZ05,OTSZ02,2,0.10183218550231696,0.0,2.101832185502317
GLSZ05,OTSZ03,7,1.3483661249257957,0.0,8.348366124925796
GLSZ05,PGSZ01,1,0.20859535888744038,0.0,1.2085953588874403
GLSZ05,PGSZ02,2,0.7570204143568519,0.0,2.7570204143568517
GLSZ05,PGSZ04,3,1.387083461694023,0.0,4.387083461694023
GLSZ05,PGSZ05,1,0.7008059310368372,0.0,1.7008059310368373
GLSZ05,PLSZ04,4,0.26949109327593346,0.0,4.269491093275933
GLSZ05,PNSZ01,1,0.21102655979397367,0.0,1.2110265597939738
GLSZ05,PNSZ03,1,0.0,0.0,1.0
GLSZ05,PRSZ02,1,0.7284157006620336,0.0,1.7284157006620338
GLSZ05,PRSZ03,6,1.2870176767468344,0.0,7.287017676746834
GLSZ05,PRSZ05,3,1.891075301131497,0.0,4.891075301131497
GLSZ05,PRSZ08,1,0.2945978174991481,0.0,1.2945978174991482
GLSZ05,QTSZ04,1,0.10509657473679242,0.0,1.1050965747367925
GLSZ05,QTSZ05,1,0.35942508071528395,0.0,1.359425080715284
GLSZ05,QTSZ06,2,0.40740400586147285,0.0,2.4074040058614727
GLSZ05,QTSZ08,2,0.6658116204876567,0.0,2.6658116204876565
GLSZ05,QTSZ10,1,0.6887654451931883,0.0,1.6887654451931882
GLSZ05,QTSZ11,2,0.6868147147737461,0.0,2.686814714773746
GLSZ05,RCSZ01,2,0.379430269539089,0.0,2.379430269539089
GLSZ05,RCSZ05,2,0.19088713174595082,0.0,2.1908871317459506
GLSZ05,RCSZ08,1,0.0,0.0,1.0
GLSZ05,RCSZ10,1,0.5352048008397164,0.0,1.5352048008397166
GLSZ05,SBSZ02,1,0.27135537899426443,0.0,1.2713553789942644
GLSZ05,SBSZ03,2,0.6039004718388272,0.0,2.603900471838827
GLSZ05,SBSZ04,1,0.39854723261801484,0.0,1.3985472326180148
GLSZ05,SBSZ05,1,0.08328166148967577,0.0,1.0832816614896759
GLSZ05,SESZ03,2,1.613512387204825,0.0,3.6135123872048247
GLSZ05,SESZ04,5,1.4594727846201316,0.0,6.459472784620131
GLSZ05,SESZ06,3,2.0797150573475958,0.0,5.079715057347595
GLSZ05,SGSZ03,1,0.7767598380802377,0.0,1.7767598380802379
GLSZ05,SGSZ04,3,2.684929431317783,0.0,5.684929431317784
GLSZ05,SGSZ05,1,0.322957560131733,0.0,1.322957560131733
GLSZ05,SGSZ06,6,0.9855456111741883,0.0,6.985545611174189
GLSZ05,SGSZ07,1,0.8057565591267253,0.0,1.8057565591267253
GLSZ05,SISZ01,1,0.4606255141063084,0.0,1.4606255141063085
GLSZ05,SRSZ02,2,0.20688915108195813,0.0,2.206889151081958
GLSZ05,TMSZ02,5,2.7402779277110465,0.0,7.7402779277110465
GLSZ05,TMSZ03,5,2.0727913599747985,0.0,7.072791359974799
GLSZ05,TMSZ04,5,2.8204738884946003,0.0,7.8204738884946
GLSZ05,TMSZ05,1,0.8220417870671568,0.0,1.8220417870671568
GLSZ05,TPSZ01,1,0.7279812556472428,0.0,1.7279812556472427
GLSZ05,TPSZ02,2,1.1005990239041799,0.0,3.10059902390418
GLSZ05,TPSZ03,1,0.3295906718948907,0.0,1.3295906718948907
GLSZ05,TPSZ04,1,0.13300263837834564,0.0,1.1330026383783456
GLSZ05,TPSZ06,2,0.7477024501242295,0.0,2.7477024501242298
GLSZ05,TPSZ09,1,0.4414364889310902,0.0,1.4414364889310902
GLSZ05,TPSZ11,1,0.9045548403382425,0.16097694821510666,2.0655317885533493
GLSZ05,TSSZ03,1,0.10422345146096969,0.0,1.1042234514609697
GLSZ05,WCSZ01,1,0.8919822608504598,0.0,1.89198226085046
GLSZ05,WDSZ01,1,0.16237960628304174,0.0,1.1623796062830418
GLSZ05,WDSZ02,2,0.7780714524083077,0.0,2.778071452408308
GLSZ05,WDSZ06,1,0.24148389189201866,0.0,1.2414838918920186
GLSZ05,YSSZ02,1,0.39008504331262045,0.0,1.3900850433126204
GLSZ05,YSSZ04,2,0.6141893376212153,0.0,2.614189337621215
GLSZ05,YSSZ09,4,1.4516779521411693,0.0,5.45167795214117
HGSZ01,BDSZ05,1,0.3651208693756959,0.0,1.365120869375696
HGSZ01,BMSZ08,1,0.09854175960762229,0.0,1.0985417596076223
HGSZ01,CHSZ03,2,0.5437587373679634,0.0,2.5437587373679635
HGSZ01,DTSZ02,1,0.17733802612976762,0.0,1.1773380261297677
HGSZ01,DTSZ06,1,0.03609732941866035,0.0,1.0360973294186604
HGSZ01,DTSZ08,1,0.15894199928406363,0.0,1.1589419992840637
HGSZ01,DTSZ11,2,0.30125479702014846,0.0,2.3012547970201487
HGSZ01,GLSZ01,2,0.37265913333069023,0.0,2.37265913333069
HGSZ01,GLSZ03,1,0.3807991277210599,0.0,1.3807991277210598
HGSZ01,GLSZ05,1,0.5802388988319683,0.0,1.5802388988319684
HGSZ01,HGSZ01,2,3.5739174590013687,23.175540762679276,28.749458221680644
HGSZ01,HGSZ02,6,1.9166378338940824,1.5739175650004291,9.49055539889451
HGSZ01,HGSZ03,1,0.7427700826631948,0.9810827127053628,2.7238527953685576
HGSZ01,HGSZ04,2,0.6645259238924228,1.0479010283340346,3.7124269522264575
HGSZ01,HGSZ05,6,1.111610586970441,1.6859415734510044,8.797552160421445
HGSZ01,HGSZ06,3,1.2824335838790801,0.7413270496446644,5.023760633523745
HGSZ01,HGSZ07,1,0.530980617134492,0.10971962541330428,1.6407002425477963
HGSZ01,JESZ03,1,0.27806421496193084,0.0,1.2780642149619308
HGSZ01,JESZ06,1,0.05137583502371627,0.0,1.0513758350237163
HGSZ01,KLSZ07,1,0.2960995190444169,0.0,1.296099519044417
HGSZ01,MUSZ01,1,0.1343903506387458,0.0,1.1343903506387458
HGSZ01,NVSZ02,1,0.3237208348265838,0.0,1.3237208348265839
HGSZ01,ORSZ02,1,0.22261611008909676,0.0,1.2226161100890969
HGSZ01,OTSZ02,2,0.07343316840020375,0.0,2.0734331684002036
HGSZ01,OTSZ03,1,0.2966785552842443,0.0,1.2966785552842444
HGSZ01,PGSZ04,2,0.990357965608706,0.0,2.9903579656087063
HGSZ01,QTSZ11,1,0.17281990705420439,0.0,1.1728199070542045
HGSZ01,QTSZ14,2,0.23641074131274814,0.0,2.2364107413127483
HGSZ01,RCSZ08,1,0.0,0.0,1.0
HGSZ01,RCSZ10,1,0.13398890245881306,0.0,1.133988902458813
HGSZ01,SBSZ09,1,0.2716217530637232,0.0,1.2716217530637233
HGSZ01,SESZ02,3,1.3984865239168685,0.7294756025919336,5.127962126508802
HGSZ01,SESZ03,9,1.9078680579214238,1.2362631869203913,12.144131244841814
HGSZ01,SESZ05,4,0.7980936729073396,0.8417353731759943,5.639829046083333
HGSZ01,SESZ06,1,0.7275241440922644,0.13679148702572896,1.8643156311179934
HGSZ01,SGSZ06,2,0.44844806223671574,0.7392810312771676,3.1877290935138833
HGSZ01,TMSZ01,2,0.438172629318453,0.0,2.438172629318453
HGSZ01,TMSZ04,1,0.3950760793954488,0.0,1.3950760793954489
HGSZ01,TPSZ01,1,0.2213325077189486,0.0,1.2213325077189485
HGSZ01,TPSZ02,1,0.2889772524863882,0.0,1.2889772524863883
HGSZ01,TPSZ06,1,0.2561365059979758,0.0,1.2561365059979759
HGSZ01,TPSZ08,1,0.16510208388318842,0.0,1.1651020838831885
HGSZ01,TPSZ09,1,0.13399762243697902,0.0,1.133997622436979
HGSZ01,WCSZ01,2,0.43563635534625317,0.0,2.435636355346253
HGSZ01,WDSZ01,1,0.06594387906181177,0.0,1.0659438790618119
HGSZ02,AMSZ01,3,1.3906419474792684,0.0,4.390641947479269
HGSZ02,AMSZ02,1,0.48772953191357205,0.0,1.4877295319135722
HGSZ02,AMSZ03,1,0.5910786286555761,0.0,1.591078628655576
HGSZ02,AMSZ12,1,0.21037043319686113,0.0,1.2103704331968612
HGSZ02,BDSZ06,1,0.8125243564102459,0.0,1.812524356410246
HGSZ02,BMSZ01,1,0.36985645519137705,0.0,1.369856455191377
HGSZ02,BMSZ05,1,0.3206049428976132,0.0,1.3206049428976132
HGSZ02,BMSZ12,1,0.3304752617728365,0.0,1.3304752617728366
HGSZ02,BSSZ01,3,1.1806931863097831,0.0,4.180693186309783
HGSZ02,BTSZ01,2,0.6174218534600666,0.0,2.6174218534600664
HGSZ02,CHSZ01,1,0.1526056952440461,0.0,1.1526056952440462
HGSZ02,CKSZ01,1,0.40210489317562875,0.0,1.4021048931756288
HGSZ02,DTSZ01,1,0.4241919758300278,0.0,1.4241919758300279
HGSZ02,DTSZ02,1,0.2887913973208548,0.0,1.2887913973208547
HGSZ02,DTSZ03,2,0.49823840804076375,0.0,2.4982384080407636
HGSZ02,DTSZ08,2,0.37876498401868935,0.0,2.3787649840186895
HGSZ02,DTSZ11,5,0.48597480828586853,0.0,5.485974808285868
HGSZ02,DTSZ12,1,0.28598260502969264,0.0,1.2859826050296927
HGSZ02,GLSZ03,2,1.0413245172345653,0.0,3.0413245172345653
HGSZ02,GLSZ04,1,1.1479103710899787,0.0,2.1479103710899787
HGSZ02,HGSZ01,10,2.709923724782927,1.2315399555296322,13.941463680312559
HGSZ02,HGSZ02,2,5.89947415957827,24.26840891855098,32.16788307812925
HGSZ02,HGSZ03,3,2.86380302637762,1.9532961639607376,7.817099190338357
HGSZ02,HGSZ04,3,2.3576670750459754,0.6368414319559788,5.994508507001955
HGSZ02,HGSZ06,3,3.015566031839917,0.3825246157375402,6.398090647577457
HGSZ02,HGSZ07,2,0.7058601110452142,0.09888706533093213,2.8047471763761465
HGSZ02,HGSZ08,1,0.4779523806028282,0.04894830876572142,1.5269006893685495
HGSZ02,JESZ04,1,0.13545344864628905,0.0,1.135453448646289
HGSZ02,KLSZ03,1,0.14702114224150017,0.0,1.1470211422415002
HGSZ02,KLSZ07,1,0.4909512515561562,0.0,1.4909512515561563
HGSZ02,KLSZ08,1,0.6435138347010563,0.0,1.6435138347010563
HGSZ02,KLSZ09,1,0.10600803285346819,0.0,1.1060080328534683
HGSZ02,MPSZ01,1,0.22846858866227693,0.0,1.228468588662277
HGSZ02,MUSZ01,1,0.23720982558713366,0.0,1.2372098255871338
HGSZ02,MUSZ03,2,0.0992175312368331,0.0,2.099217531236833
HGSZ02,NTSZ03,2,0.22875099191317627,0.0,2.2287509919131763
HGSZ02,NVSZ01,1,1.162563732776846,0.0,2.162563732776846
HGSZ02,NVSZ02,3,1.0219306918336162,0.0,4.021930691833616
HGSZ02,NVSZ03,2,0.4582293630432046,0.0,2.4582293630432046
HGSZ02,ORSZ02,3,1.3601426028124546,0.0,4.360142602812455
HGSZ02,ORSZ03,4,0.561590629594418,0.0,4.561590629594418
HGSZ02,OTSZ03,2,0.6644025350216647,0.0,2.6644025350216647
HGSZ02,PGSZ02,2,0.7944738407319365,0.0,2.7944738407319365
HGSZ02,PGSZ03,2,1.1708105153010728,0.0,3.170810515301073
HGSZ02,PGSZ04,1,1.5423961717345354,0.13565755507916916,2.678053726813704
HGSZ02,PGSZ05,1,0.744715125214644,0.0,1.744715125214644
HGSZ02,PLSZ03,1,0.1004414519443871,0.0,1.100441451944387
HGSZ02,PRSZ06,1,0.2749755244465492,0.0,1.2749755244465493
HGSZ02,QTSZ02,1,0.345917000814791,0.0,1.345917000814791
HGSZ02,QTSZ08,4,0.8641692674395464,0.0,4.8641692674395465
HGSZ02,QTSZ10,1,0.3750101738678247,0.0,1.3750101738678246
HGSZ02,QTSZ14,1,0.450007830047918,0.0,1.450007830047918
HGSZ02,QTSZ15,1,0.21825349556279416,0.0,1.2182534955627942
HGSZ02,RVSZ03,1,0.0,0.0,1.0
HGSZ02,RVSZ05,1,0.33817177840389906,0.0,1.3381717784038991
HGSZ02,SBSZ02,1,0.1838990654406019,0.0,1.1838990654406019
HGSZ02,SESZ03,2,1.8868202982611793,0.24299591159998996,4.129816209861169
HGSZ02,SGSZ01,1,0.515732174142208,0.0,1.515732174142208
HGSZ02,SGSZ02,1,0.32127892897317395,0.0,1.321278928973174
HGSZ02,SGSZ04,1,0.8303524929245218,0.0,1.8303524929245218
HGSZ02,SGSZ06,3,1.6597242742959841,0.0,4.659724274295984
HGSZ02,SRSZ02,2,0.17613966159429986,0.0,2.1761396615943
HGSZ02,TMSZ03,4,1.9548292211719673,0.0,5.954829221171967
HGSZ02,TPSZ04,1,0.17706403183266597,0.0,1.177064031832666
HGSZ02,TSSZ03,1,0.1452870365967032,0.0,1.1452870365967032
HGSZ02,WDSZ02,1,0.4462062235857334,0.0,1.4462062235857334
HGSZ02,WDSZ08,1,0.33348916414729934,0.0,1.3334891641472995
HGSZ02,YSSZ09,2,1.15684828723121,0.0,3.15684828723121
HGSZ03,AMSZ03,1,0.4090536426716569,0.0,1.409053642671657
HGSZ03,AMSZ10,2,0.46929985851917505,0.0,2.469299858519175
HGSZ03,BDSZ03,2,0.7560415758905262,0.0,2.756041575890526
HGSZ03,BDSZ04,1,0.9417465999613701,0.0,1.9417465999613701
HGSZ03,BMSZ01,1,0.4353727827053776,0.0,1.4353727827053775
HGSZ03,BMSZ04,1,0.18768891792682982,0.0,1.1876889179268297
HGSZ03,BMSZ05,4,0.5326153551780254,0.0,4.5326153551780255
HGSZ03,BTSZ01,1,0.4473525204642026,0.0,1.4473525204642026
HGSZ03,CHSZ03,2,0.9953435731348182,0.0,2.9953435731348184
HGSZ03,CLSZ01,1,0.2599436520631744,0.0,1.2599436520631744
HGSZ03,DTSZ02,1,0.40554086498046654,0.0,1.4055408649804666
HGSZ03,DTSZ03,2,0.6110990798240958,0.0,2.611099079824096
HGSZ03,DTSZ05,3,0.5838623070813289,0.0,3.583862307081329
HGSZ03,DTSZ06,1,0.06024476458039068,0.0,1.0602447645803907
HGSZ03,DTSZ08,2,0.2875861883870417,0.0,2.2875861883870416
HGSZ03,GLSZ01,2,0.6544785803549781,0.0,2.654478580354978
HGSZ03,GLSZ02,1,0.36473494370069,0.0,1.36473494370069
HGSZ03,HGSZ01,1,0.6542077867971287,0.5948331141640689,2.2490409009611976
HGSZ03,HGSZ02,2,1.566867532418787,1.300740365225076,4.867607897643863
HGSZ03,HGSZ03,7,1.747677298427979,14.52228139796186,23.26995869638984
HGSZ03,HGSZ04,2,0.9637621502864613,1.4518023300075014,4.415564480293963
HGSZ03,HGSZ06,7,2.61702247339879,2.180256843943519,11.79727931734231
HGSZ03,HGSZ07,1,0.6268566857316682,0.23441475094498748,1.8612714366766556
HGSZ03,KLSZ03,1,0.10029329190293099,0.0,1.100293291902931
HGSZ03,KLSZ06,1,0.46275448733694907,0.0,1.4627544873369491
HGSZ03,KLSZ08,1,0.45933790803050945,0.0,1.4593379080305096
HGSZ03,MUSZ03,2,0.09895521323043521,0.0,2.098955213230435
HGSZ03,NVSZ02,4,1.0182783055038127,0.0,5.018278305503813
HGSZ03,OTSZ03,3,0.654386215010487,0.0,3.654386215010487
HGSZ03,OTSZ04,2,0.20123387839966758,0.0,2.2012338783996674
HGSZ03,PGSZ02,1,0.4124729589414921,0.0,1.4124729589414922
HGSZ03,PGSZ04,1,1.3979351452238953,0.5506653485643301,2.9486004937882258
HGSZ03,PLSZ03,1,0.12901478902163482,0.0,1.1290147890216349
HGSZ03,PRSZ05,1,0.8828399984369515,0.0,1.8828399984369515
HGSZ03,RCSZ01,1,0.22436982353325108,0.0,1.2243698235332512
HGSZ03,RVSZ05,1,0.27795964379224863,0.0,1.2779596437922487
HGSZ03,SBSZ02,1,0.1729626634195369,0.0,1.172962663419537
HGSZ03,SBSZ06,1,0.24782670508575563,0.0,1.2478267050857557
HGSZ03,SBSZ08,1,0.15813923432942947,0.0,1.1581392343294294
HGSZ03,SESZ03,4,2.2986909097737125,2.1749666614014584,8.47365757117517
HGSZ03,SESZ04,2,1.470642212258752,0.9892950659263318,4.459937278185084
HGSZ03,SGSZ04,5,1.1537141527590578,0.0,6.153714152759058
HGSZ03,SGSZ05,1,0.4246088568849655,0.0,1.4246088568849655
HGSZ03,SGSZ06,1,0.7077030152512372,0.0,1.7077030152512371
HGSZ03,SLSZ04,1,0.0,0.0,1.0
HGSZ03,SRSZ01,1,0.3529463537972663,0.0,1.3529463537972664
HGSZ03,SRSZ02,2,0.14481334341846344,0.0,2.1448133434184635
HGSZ03,SRSZ03,1,0.3197812744690167,0.0,1.3197812744690167
HGSZ03,TMSZ03,1,1.1798909972022036,0.0,2.179890997202204
HGSZ03,TNSZ03,1,0.05468236388311048,0.0,1.0546823638831104
HGSZ03,TPSZ06,1,0.40154829902707384,0.0,1.4015482990270738
HGSZ03,TPSZ11,1,0.4183953871739163,0.0,1.4183953871739163
HGSZ03,WDSZ03,1,0.49391773651577076,0.0,1.4939177365157708
HGSZ03,WDSZ08,1,0.30202462455038165,0.0,1.3020246245503817
HGSZ03,YSSZ09,2,0.7994810773623294,0.0,2.7994810773623295
HGSZ04,AMSZ01,11,2.4708094217961554,0.0,13.470809421796154
HGSZ04,AMSZ04,2,0.37616143058426005,0.0,2.37616143058426
HGSZ04,AMSZ05,1,0.44889401371134385,0.0,1.4488940137113437
HGSZ04,AMSZ10,4,0.83762576111193,0.0,4.83762576111193
HGSZ04,AMSZ12,5,0.4873495573820743,0.0,5.487349557382075
HGSZ04,BDSZ01,1,0.6940259518699212,0.0,1.6940259518699212
HGSZ04,BDSZ03,1,0.881501648897835,0.0,1.881501648897835
HGSZ04,BDSZ04,2,1.086225334232709,0.0,3.086225334232709
HGSZ04,BKSZ01,1,0.13283366948081884,0.0,1.1328336694808188
HGSZ04,BKSZ05,1,0.7514260494797318,0.0,1.7514260494797318
HGSZ04,BMSZ01,1,0.4952680946898267,0.0,1.4952680946898267
HGSZ04,BMSZ04,1,0.2171198173599571,0.0,1.2171198173599571
HGSZ04,BMSZ05,2,0.4785295034437587,0.0,2.4785295034437587
HGSZ04,BMSZ08,1,0.202112224062058,0.0,1.202112224062058
HGSZ04,BMSZ12,1,0.486401396407383,0.0,1.486401396407383
HGSZ04,BMSZ16,1,0.06540445752022711,0.0,1.065404457520227
HGSZ04,BSSZ01,2,1.3599119532629236,0.0,3.3599119532629236
HGSZ04,BSSZ02,1,0.6533017725965058,0.0,1.6533017725965058
HGSZ04,BSSZ03,2,0.9402610945940882,0.0,2.940261094594088
HGSZ04,BTSZ01,1,0.5292915482437504,0.0,1.5292915482437504
HGSZ04,BTSZ07,1,0.25900080211758925,0.0,1.2590008021175891
HGSZ04,CHSZ01,1,0.16117774898124884,0.0,1.161177748981249
HGSZ04,CHSZ03,4,1.6823397775032456,0.0,5.682339777503246
HGSZ04,CLSZ01,1,0.2335307843404988,0.0,1.2335307843404988
HGSZ04,CLSZ04,1,0.38591126661343433,0.0,1.3859112666134343
HGSZ04,CLSZ05,1,0.29953859651635995,0.0,1.29953859651636
HGSZ04,DTSZ03,2,0.6672208298390901,0.0,2.6672208298390903
HGSZ04,DTSZ04,1,0.12084963314117343,0.0,1.1208496331411735
HGSZ04,DTSZ05,5,1.5972034020139054,0.0,6.597203402013905
HGSZ04,DTSZ08,1,0.3700448376751402,0.0,1.3700448376751402
HGSZ04,DTSZ09,2,0.2332124888535391,0.0,2.233212488853539
HGSZ04,GLSZ01,1,0.5290112999455353,0.0,1.5290112999455352
HGSZ04,GLSZ02,1,0.41031621383548444,0.0,1.4103162138354843
HGSZ04,GLSZ03,7,1.372511472756711,0.0,8.372511472756711
HGSZ04,GLSZ04,2,1.5062363545517,0.0,3.5062363545517
HGSZ04,GLSZ05,3,1.3867251906519173,0.0,4.386725190651918
HGSZ04,HGSZ01,5,1.4949228214293424,1.6523224880112541,8.147245309440596
HGSZ04,HGSZ02,3,1.7631330015456237,1.0561981641678342,5.819331165713458
HGSZ04,HGSZ03,2,1.7352042691542826,1.5891986220311833,5.324402891185466
HGSZ04,HGSZ04,4,2.440125402777978,38.60599752181825,45.04612292459623
HGSZ04,HGSZ05,3,2.079485175670785,3.0110976916856997,8.090582867356485
HGSZ04,HGSZ06,9,2.9947278536005215,3.9757875428232134,15.970515396423735
HGSZ04,HGSZ07,5,1.1767409690681772,0.831425087694548,7.008166056762725
HGSZ04,HGSZ08,1,0.5415455615993509,0.16846395179143941,1.7100095133907902
HGSZ04,JESZ05,1,0.5433513765831675,0.0,1.5433513765831675
HGSZ04,JESZ06,1,0.13844672102387157,0.0,1.1384467210238716
HGSZ04,JWSZ09,1,0.47495263867391785,0.0,1.4749526386739178
HGSZ04,KLSZ05,1,0.3330040252259187,0.0,1.3330040252259188
HGSZ04,KLSZ06,2,0.6401785068264145,0.0,2.6401785068264143
HGSZ04,KLSZ07,2,0.8107049909905565,0.0,2.8107049909905566
HGSZ04,KLSZ08,3,0.7357406803409049,0.0,3.735740680340905
HGSZ04,MPSZ01,1,0.29465290200995137,0.0,1.2946529020099513
HGSZ04,MUSZ01,3,0.3198763260298285,0.0,3.3198763260298287
HGSZ04,MUSZ03,2,0.0840445730809592,0.0,2.084044573080959
HGSZ04,NVSZ02,3,1.0647055212723264,0.0,4.064705521272327
HGSZ04,ORSZ02,3,1.0014574545425474,0.0,4.001457454542548
HGSZ04,OTSZ03,6,0.8410453721337543,0.0,6.841045372133754
HGSZ04,OTSZ04,1,0.11232908387862435,0.0,1.1123290838786244
HGSZ04,PGSZ02,2,0.9547746425856485,0.0,2.9547746425856483
HGSZ04,PGSZ03,1,0.756935498248122,0.32137810907780257,2.0783136073259247
HGSZ04,PGSZ05,1,0.9063528625869506,0.0,1.9063528625869506
HGSZ04,PLSZ03,1,0.08080539953700423,0.0,1.0808053995370042
HGSZ04,PLSZ04,1,0.17396534691186782,0.7310495565523014,1.9050149034641692
HGSZ04,PNSZ02,1,0.0,0.0,1.0
HGSZ04,PRSZ02,1,0.821345501623089,0.0,1.8213455016230888
HGSZ04,PRSZ03,1,0.7750574383039434,0.0,1.7750574383039432
HGSZ04,PRSZ06,2,0.41216719186774275,0.0,2.4121671918677428
HGSZ04,QTSZ08,3,1.2470225365598078,0.0,4.2470225365598075
HGSZ04,QTSZ10,1,0.434041696488847,0.0,1.434041696488847
HGSZ04,QTSZ11,1,0.43809017793087746,0.0,1.4380901779308775
HGSZ04,QTSZ14,1,0.4225189140126716,0.0,1.4225189140126715
HGSZ04,RCSZ02,1,0.22207229514030277,0.0,1.2220722951403027
HGSZ04,RCSZ08,1,0.0,0.0,1.0
HGSZ04,SESZ02,1,1.0158193335394805,0.47889789348302125,2.4947172270225018
HGSZ04,SESZ03,3,1.6589912027468774,1.0746299350353032,5.733621137782181
HGSZ04,SESZ04,6,2.475483115671269,1.8645942347709836,10.340077350442252
HGSZ04,SESZ05,4,1.2397566370691282,2.180811510198597,7.4205681472677245
HGSZ04,SESZ06,2,1.9475523595149555,0.8157864429032853,4.763338802418241
HGSZ04,SGSZ02,1,0.4308446878678113,0.0,1.4308446878678114
HGSZ04,SGSZ03,1,0.7683022733741536,0.19530743049366467,1.9636097038678182
HGSZ04,SGSZ04,2,1.5362942374385824,0.8035893245794129,4.339883562017995
HGSZ04,SGSZ06,6,3.3336362284928804,2.440525853839659,11.77416208233254
HGSZ04,SGSZ07,1,0.31392760091164873,0.20101338798200968,1.5149409888936585
HGSZ04,SLSZ01,1,0.413242812415816,0.0,1.413242812415816
HGSZ04,SRSZ02,1,0.09767104735465022,0.0,1.0976710473546503
HGSZ04,TMSZ02,1,0.8614427872390286,0.0,1.8614427872390285
HGSZ04,TMSZ03,1,1.077601993557983,0.0,2.077601993557983
HGSZ04,TMSZ04,4,1.8054412314270312,0.0,5.805441231427031
HGSZ04,TMSZ05,2,0.8707728975168199,0.0,2.8707728975168196
HGSZ04,TPSZ02,1,0.6909348097487489,0.0,1.6909348097487489
HGSZ04,TPSZ12,1,0.3330662978595677,0.0,1.3330662978595678
HGSZ04,WCSZ01,4,1.343908686280705,0.0,5.343908686280705
HGSZ04,WDSZ01,3,0.20502600776750254,0.0,3.2050260077675023
HGSZ04,YSSZ01,1,0.46984429307549264,0.0,1.4698442930754927
HGSZ04,YSSZ09,2,1.0356293298314734,0.0,3.0356293298314734
HGSZ05,AMSZ01,6,1.8570021248782116,0.0,7.857002124878211
HGSZ05,AMSZ03,1,0.8463106510811016,0.6924117519135911,2.5387224029946927
HGSZ05,AMSZ10,1,0.5126929323464091,0.0,1.5126929323464091
HGSZ05,AMSZ12,2,0.41652884181793043,0.6643813251779115,3.080910166995842
HGSZ05,BDSZ03,1,0.9370831309640626,0.0,1.9370831309640626
HGSZ05,BDSZ06,2,1.548566676378304,0.0,3.5485666763783037
HGSZ05,BMSZ01,1,0.4624980099732461,0.0,1.462498009973246
HGSZ05,BMSZ04,1,0.25489986395137304,0.0,1.254899863951373
HGSZ05,BMSZ05,1,0.5172564507287923,0.0,1.5172564507287922
HGSZ05,BMSZ06,1,0.35646684381569954,0.0,1.3564668438156995
HGSZ05,BMSZ16,1,0.09295274649544057,0.0,1.0929527464954405
HGSZ05,BMSZ17,1,0.2899114701682602,0.0,1.2899114701682601
HGSZ05,BSSZ03,1,0.6671585972276733,0.0,1.6671585972276732
HGSZ05,BTSZ01,2,0.8237992308301969,0.0,2.823799230830197
HGSZ05,CHSZ03,1,0.7712508368315996,0.0,1.7712508368315996
HGSZ05,CLSZ03,1,0.4779515498894554,0.0,1.4779515498894553
HGSZ05,CLSZ06,1,0.4081995978488618,0.0,1.4081995978488617
HGSZ05,DTSZ01,2,0.6450384654429581,0.0,2.645038465442958
HGSZ05,DTSZ02,3,0.84063876978516,0.0,3.84063876978516
HGSZ05,DTSZ03,5,0.995046285129169,0.0,5.995046285129169
HGSZ05,DTSZ05,5,1.1925302884242248,0.0,6.192530288424225
HGSZ05,DTSZ08,2,0.4291960464917186,0.0,2.4291960464917186
HGSZ05,DTSZ09,1,0.2203786643295835,0.0,1.2203786643295835
HGSZ05,DTSZ11,5,0.8249270680985712,0.0,5.824927068098571
HGSZ05,GLSZ01,2,0.6910986236400373,0.0,2.691098623640037
HGSZ05,GLSZ02,2,0.6711714216459121,0.0,2.671171421645912
HGSZ05,GLSZ03,3,1.2751142301397191,0.0,4.275114230139719
HGSZ05,GLSZ04,1,0.9594630492639119,0.0,1.959463049263912
HGSZ05,GLSZ05,2,1.2852016872393495,0.0,3.2852016872393497
HGSZ05,HGSZ01,9,1.928670100505721,1.5698476214646127,12.498517721970334
HGSZ05,HGSZ02,1,0.8148248601676367,0.18421523993374644,1.999040100101383
HGSZ05,HGSZ03,2,1.0125226635083733,1.7411093776223592,4.753632041130732
HGSZ05,HGSZ04,3,1.830213678034559,2.9524175624627067,7.782631240497265
HGSZ05,HGSZ05,18,5.651860291079946,36.35876337165355,60.010623662733494
HGSZ05,HGSZ06,4,2.383982729105965,1.3660765808343005,7.750059309940265
HGSZ05,HGSZ07,1,0.6404416436061126,0.14682028465079605,1.7872619282569084
HGSZ05,HGSZ09,1,0.09538830784678232,0.0,1.0953883078467823
HGSZ05,KLSZ01,1,0.8293095703836375,0.0,1.8293095703836375
HGSZ05,KLSZ05,1,0.33572047193781845,0.0,1.3357204719378184
HGSZ05,KLSZ06,2,0.8645045885044536,0.0,2.8645045885044533
HGSZ05,KLSZ08,2,1.0116291285513368,0.0,3.011629128551337
HGSZ05,KLSZ09,1,0.1042249375020524,0.0,1.1042249375020523
HGSZ05,MDSZ02,1,0.2248278107219293,0.0,1.2248278107219293
HGSZ05,MPSZ02,1,0.5910102573862314,0.0,1.5910102573862313
HGSZ05,MUSZ01,1,0.25770674543092875,0.0,1.2577067454309288
HGSZ05,NTSZ01,1,0.0,0.0,1.0
HGSZ05,NTSZ03,1,0.16614041051342726,0.0,1.1661404105134272
HGSZ05,NVSZ01,1,1.11628760848166,0.0,2.11628760848166
HGSZ05,NVSZ02,3,1.4008737758455931,0.0,4.400873775845593
HGSZ05,NVSZ03,1,0.3067468534811425,0.0,1.3067468534811426
HGSZ05,ORSZ02,2,0.7804641000239426,0.0,2.7804641000239427
HGSZ05,ORSZ03,2,0.5515371359604364,0.0,2.5515371359604364
HGSZ05,OTSZ03,2,0.7667267446481589,0.0,2.766726744648159
HGSZ05,OTSZ04,1,0.13291172795385944,0.0,1.1329117279538594
HGSZ05,PGSZ01,1,0.3168058623403442,0.0,1.3168058623403442
HGSZ05,PGSZ02,1,0.49181821699148326,0.0,1.4918182169914833
HGSZ05,PGSZ03,2,0.951470367504279,0.7359319665432031,3.687402334047482
HGSZ05,PGSZ04,1,1.390202332438484,0.0,2.3902023324384842
HGSZ05,PGSZ05,1,0.8279844185101567,0.0,1.8279844185101566
HGSZ05,PRSZ06,1,0.31770535018772955,0.0,1.3177053501877296
HGSZ05,QTSZ10,1,0.47204567771963357,0.0,1.4720456777196336
HGSZ05,QTSZ11,3,0.8337154886004965,0.0,3.8337154886004967
HGSZ05,QTSZ13,1,0.43651372427123786,0.0,1.4365137242712378
HGSZ05,SBSZ09,1,0.7646875516335272,0.0,1.7646875516335272
HGSZ05,SESZ02,1,0.8921115022954538,0.4792381990969567,2.3713497013924103
HGSZ05,SESZ03,1,0.9640988222438968,0.3363516851257625,2.3004505073696593
HGSZ05,SESZ04,3,3.397461788281311,1.7377591158775585,8.135220904158869
HGSZ05,SESZ05,2,1.181931364630997,1.4708089717628126,4.652740336393809
HGSZ05,SESZ06,3,2.3678756521001114,1.7850216633056233,7.152897315405735
HGSZ05,SGSZ02,1,0.43800026504049683,0.0,1.4380002650404968
HGSZ05,SGSZ03,2,1.037502567995302,0.4304832145099167,3.467985782505219
HGSZ05,SGSZ06,8,2.1872944585718357,3.346635455982298,13.533929914554134
HGSZ05,TMSZ01,1,0.7848049742653695,0.0,1.7848049742653695
HGSZ05,TMSZ02,2,1.7048481042389714,0.0,3.7048481042389714
HGSZ05,TMSZ04,3,1.5604874855482598,0.0,4.56048748554826
HGSZ05,TPSZ09,2,0.42378866893995315,0.0,2.4237886689399533
HGSZ05,WCSZ01,1,0.5057376707149006,0.0,1.5057376707149006
HGSZ05,WDSZ01,1,0.1700333781288964,0.0,1.1700333781288963
HGSZ05,WDSZ02,1,0.5050226313522851,0.0,1.505022631352285
HGSZ05,WDSZ03,1,0.5888049569130605,0.0,1.5888049569130605
HGSZ05,WDSZ09,2,0.5821318144241847,0.0,2.5821318144241845
HGSZ05,YSSZ01,1,0.5047837777540345,0.0,1.5047837777540345
HGSZ05,YSSZ03,1,0.7686534493245165,0.0,1.7686534493245165
HGSZ05,YSSZ04,1,0.5628173810216595,0.0,1.5628173810216595
HGSZ06,AMSZ01,3,1.5640491887022174,0.0,4.564049188702217
HGSZ06,AMSZ02,2,1.4631501287237314,0.6397629909006826,4.102913119624414
HGSZ06,AMSZ04,2,0.7841002072915114,0.0,2.7841002072915115
HGSZ06,AMSZ06,1,0.8807136961332455,0.0,1.8807136961332453
HGSZ06,AMSZ08,1,0.2575459324647882,0.0,1.2575459324647882
HGSZ06,AMSZ10,1,0.4782220536538246,0.0,1.4782220536538246
HGSZ06,BDSZ01,1,1.0663727449039146,0.0,2.066372744903915
HGSZ06,BDSZ04,3,2.317338894007678,0.0,5.317338894007678
HGSZ06,BDSZ06,1,1.4163026156113716,0.0,2.4163026156113716
HGSZ06,BKSZ01,2,0.30025606487476025,0.0,2.3002560648747603
HGSZ06,BKSZ04,1,0.3170209367961772,0.0,1.3170209367961772
HGSZ06,BMSZ01,4,1.7858406770812532,0.0,5.785840677081254
HGSZ06,BMSZ05,1,0.5905019850065442,0.0,1.590501985006544
HGSZ06,BMSZ06,1,0.4392249883069409,0.0,1.439224988306941
HGSZ06,BMSZ17,1,0.2227554575329578,0.0,1.2227554575329578
HGSZ06,BSSZ01,2,1.9310720055379467,0.0,3.9310720055379464
HGSZ06,CHSZ03,1,0.7656146229830645,0.0,1.7656146229830645
HGSZ06,CLSZ04,1,0.48219085392095495,0.0,1.482190853920955
HGSZ06,CLSZ06,1,0.44540546170546397,0.0,1.445405461705464
HGSZ06,DTSZ01,1,0.5477997215621173,0.0,1.5477997215621173
HGSZ06,DTSZ02,2,1.0823872718097156,0.0,3.082387271809716
HGSZ06,DTSZ03,3,1.513840588149027,0.0,4.513840588149027
HGSZ06,DTSZ04,1,0.0988216284984998,0.0,1.0988216284984997
HGSZ06,DTSZ05,2,0.8152249940091971,0.0,2.8152249940091973
HGSZ06,DTSZ07,1,0.2091212833779962,0.0,1.2091212833779963
HGSZ06,DTSZ08,2,0.5676247518360343,0.0,2.5676247518360342
HGSZ06,DTSZ10,1,0.047276160293688176,0.0,1.0472761602936882
HGSZ06,DTSZ11,4,1.6191159945297073,0.0,5.619115994529707
HGSZ06,DTSZ12,1,0.22538382458927722,0.0,1.2253838245892772
HGSZ06,GLSZ01,1,0.6657595530903125,0.0,1.6657595530903127
HGSZ06,GLSZ05,1,1.3453345927867835,0.0,2.3453345927867835
HGSZ06,HGSZ01,3,1.870064916849749,0.26644019614978875,5.136505112999538
HGSZ06,HGSZ02,4,2.3194804555066724,0.8371535840156169,7.15663403952229
HGSZ06,HGSZ03,4,2.197404504109264,2.459982088678518,8.65738659278778
HGSZ06,HGSZ04,1,1.278621309699966,0.23145607942405233,2.5100773891240182
HGSZ06,HGSZ05,1,1.192713806414067,0.20293433705084762,2.3956481434649146
HGSZ06,HGSZ06,2,8.106352829871193,22.58970629741631,32.696059127287505
HGSZ06,HGSZ07,8,3.0878285342176603,1.1737990396163203,12.26162757383398
HGSZ06,HGSZ08,3,2.010503418470406,0.5208847544006233,5.531388172871029
HGSZ06,JESZ05,3,1.3460543293400775,0.0,4.3460543293400775
HGSZ06,KLSZ03,2,0.2234142397222015,0.0,2.2234142397222016
HGSZ06,KLSZ06,1,0.7761064429392697,0.0,1.7761064429392697
HGSZ06,KLSZ09,1,0.10845717387212386,0.0,1.1084571738721238
HGSZ06,MPSZ03,2,1.570125407562812,0.0,3.570125407562812
HGSZ06,MUSZ01,1,0.2830886483150877,0.0,1.2830886483150876
HGSZ06,NVSZ01,2,2.267138208549156,0.0,4.267138208549156
HGSZ06,ORSZ02,1,0.5597809882522733,0.0,1.5597809882522733
HGSZ06,ORSZ03,1,0.47044301689560003,0.0,1.4704430168956
HGSZ06,OTSZ01,2,0.15575105270991674,0.0,2.155751052709917
HGSZ06,OTSZ03,1,0.7069549828343078,0.0,1.7069549828343078
HGSZ06,OTSZ04,2,0.2131970475052015,0.0,2.2131970475052016
HGSZ06,PGSZ02,2,1.6117439703448437,0.0,3.6117439703448437
HGSZ06,PGSZ04,7,3.3803582381857797,0.0,10.38035823818578
HGSZ06,PRSZ02,1,1.0663013745581122,0.0,2.0663013745581122
HGSZ06,PRSZ03,3,1.51847093264187,0.0,4.51847093264187
HGSZ06,QTSZ07,1,0.0,0.0,1.0
HGSZ06,QTSZ08,5,1.440186468087621,0.0,6.440186468087621
HGSZ06,QTSZ13,1,0.4447337072494823,0.0,1.4447337072494824
HGSZ06,RCSZ08,1,0.0,0.0,1.0
HGSZ06,RVSZ02,1,0.0,0.0,1.0
HGSZ06,RVSZ05,1,0.28421408130454917,0.0,1.2842140813045493
HGSZ06,SESZ02,1,1.4088748214197035,0.0,2.4088748214197038
HGSZ06,SESZ03,15,3.893383652425618,0.0,18.89338365242562
HGSZ06,SESZ04,1,1.4694217243615968,0.0,2.469421724361597
HGSZ06,SESZ05,1,1.005852733274105,0.28056186369646924,2.286414596970574
HGSZ06,SESZ06,2,2.981857718306811,0.0,4.981857718306811
HGSZ06,SGSZ04,6,2.7401407348238163,0.876285689617552,9.616426424441368
HGSZ06,SGSZ06,4,3.2396709264352963,0.8884399333605363,8.128110859795832
HGSZ06,TMSZ01,1,0.9236305594734272,0.0,1.9236305594734273
HGSZ06,TMSZ03,1,1.4757066258815155,0.0,2.4757066258815152
HGSZ06,TMSZ04,2,1.571286057578801,0.0,3.571286057578801
HGSZ06,TMSZ05,1,0.6007370845958867,0.0,1.6007370845958868
HGSZ06,TPSZ01,1,0.5143485388737082,0.0,1.5143485388737083
HGSZ06,TPSZ03,1,0.4524145929955157,0.0,1.4524145929955157
HGSZ06,TPSZ06,2,1.0168502834470712,0.0,3.016850283447071
HGSZ06,TPSZ08,1,0.4658117121096867,0.0,1.4658117121096867
HGSZ06,TPSZ09,1,0.41693867041056304,0.0,1.416938670410563
HGSZ06,TPSZ12,1,0.7205802012976705,0.031628964114730374,1.7522091654124008
HGSZ06,WDSZ03,2,1.064059429271678,0.0,3.064059429271678
HGSZ06,WDSZ05,1,0.5782576057996067,0.0,1.5782576057996067
HGSZ06,YSSZ09,1,0.725317361467942,0.0,1.725317361467942
HGSZ07,AMSZ01,2,0.8222899230176896,0.0,2.8222899230176894
HGSZ07,AMSZ02,1,0.3473427723248297,0.0,1.3473427723248297
HGSZ07,AMSZ04,1,0.13747944228501804,0.0,1.137479442285018
HGSZ07,AMSZ06,1,0.2838602788261042,0.0,1.2838602788261042
HGSZ07,AMSZ09,1,0.2107316009921316,0.0,1.2107316009921316
HGSZ07,AMSZ11,1,0.030001436925483564,0.0,1.0300014369254835
HGSZ07,BDSZ04,2,0.9433638900913652,0.0,2.9433638900913652
HGSZ07,BMSZ01,2,0.3925291119948802,0.0,2.39252911199488
HGSZ07,BMSZ04,1,0.12695252831154996,0.0,1.12695252831155
HGSZ07,BMSZ05,1,0.20619238276784146,0.0,1.2061923827678416
HGSZ07,BMSZ08,1,0.14182850762252852,0.0,1.1418285076225285
HGSZ07,BPSZ04,1,0.20138572992477638,0.0,1.2013857299247763
HGSZ07,BSSZ01,1,0.5991084364766748,0.0,1.5991084364766748
HGSZ07,BSSZ02,1,0.37194044535628584,0.0,1.3719404453562858
HGSZ07,BSSZ03,1,0.4383469399879057,0.0,1.4383469399879056
HGSZ07,BTSZ01,1,0.2651104138503363,0.0,1.2651104138503362
HGSZ07,CHSZ02,2,0.2937926766712058,0.0,2.293792676671206
HGSZ07,CHSZ03,1,0.32406049523838193,0.0,1.3240604952383819
HGSZ07,DTSZ01,1,0.295004673545658,0.0,1.295004673545658
HGSZ07,DTSZ02,1,0.19862409969580436,0.0,1.1986240996958044
HGSZ07,DTSZ03,1,0.168664543812103,0.0,1.168664543812103
HGSZ07,DTSZ05,2,0.2922659007767747,0.0,2.2922659007767745
HGSZ07,DTSZ08,2,0.20646343530325761,0.0,2.2064634353032577
HGSZ07,DTSZ11,2,0.3906400143470993,0.0,2.3906400143470994
HGSZ07,GLSZ01,1,0.5023214653431185,0.0,1.5023214653431185
HGSZ07,GLSZ03,1,0.42826458089571484,0.13250309902120702,1.560767679916922
HGSZ07,GLSZ04,2,1.2548569065866546,0.0,3.254856906586655
HGSZ07,GLSZ05,3,1.4459510218309497,0.0,4.4459510218309495
HGSZ07,HGSZ01,1,0.45568395045418575,0.08593680559895481,1.5416207560531405
HGSZ07,HGSZ02,1,0.4063786106885074,0.08521701715152476,1.4915956278400322
HGSZ07,HGSZ04,7,1.2367618622947474,0.6064322304199001,8.843194092714647
HGSZ07,HGSZ05,3,1.0928136973167082,0.30676437835788145,4.399578075674589
HGSZ07,HGSZ06,8,2.4372921518440016,1.0373848855476928,11.474677037391695
HGSZ07,HGSZ07,8,11.342301601568396,12.195731981194237,31.53803358276263
HGSZ07,HGSZ08,8,1.5232769400271982,0.29628754008567487,9.819564480112874
HGSZ07,JESZ05,1,0.27596507841193896,0.0,1.275965078411939
HGSZ07,KLSZ02,1,0.23251938618071602,0.0,1.232519386180716
HGSZ07,KLSZ07,2,0.428819450607833,0.0,2.428819450607833
HGSZ07,KLSZ08,2,0.48955155061110583,0.0,2.4895515506111057
HGSZ07,MPSZ03,1,0.38500906473820823,0.0,1.3850090647382083
HGSZ07,NVSZ01,1,0.7624360385492315,0.0,1.7624360385492315
HGSZ07,NVSZ02,2,0.6111762540697848,0.0,2.6111762540697847
HGSZ07,ORSZ02,4,0.7825757133431777,0.0,4.782575713343178
HGSZ07,ORSZ03,1,0.21511971275150876,0.0,1.2151197127515088
HGSZ07,OTSZ03,4,0.7123815702974037,0.0,4.712381570297404
HGSZ07,PGSZ02,2,0.3877460858086181,0.0,2.387746085808618
HGSZ07,PGSZ03,1,0.36605170202838727,0.0,1.3660517020283873
HGSZ07,PGSZ04,1,0.8462838898309863,0.0,1.8462838898309863
HGSZ07,PGSZ05,3,0.8438570725811189,0.0,3.8438570725811188
HGSZ07,PNSZ02,2,0.0,0.0,2.0
HGSZ07,PNSZ05,1,0.03181550379296539,0.0,1.0318155037929655
HGSZ07,PRSZ03,1,0.37921466501303575,0.0,1.3792146650130357
HGSZ07,QTSZ02,1,0.12724411516278195,0.0,1.127244115162782
HGSZ07,QTSZ07,1,0.0,0.0,1.0
HGSZ07,QTSZ08,2,0.3442526473674631,0.0,2.344252647367463
HGSZ07,QTSZ10,1,0.1975008967286849,0.0,1.1975008967286849
HGSZ07,QTSZ11,3,0.3753816519580172,0.0,3.3753816519580173
HGSZ07,QTSZ14,3,0.3652007261782627,0.0,3.3652007261782626
HGSZ07,QTSZ15,2,0.26398455690687284,0.0,2.263984556906873
HGSZ07,SESZ02,2,0.7999407695840896,0.0,2.7999407695840897
HGSZ07,SESZ03,5,1.0995045923996976,0.0,6.099504592399698
HGSZ07,SESZ04,2,0.9157178455508816,0.0,2.9157178455508816
HGSZ07,SESZ05,3,0.48654879215171226,0.1411875980828182,3.6277363902345305
HGSZ07,SGSZ04,4,1.303067849361628,0.38966220581423505,5.692730055175863
HGSZ07,SGSZ05,1,0.39097135257957477,0.14134495066361757,1.5323163032431923
HGSZ07,SGSZ06,5,1.343384664777043,0.5756937913825303,6.919078456159573
HGSZ07,TMSZ02,1,0.8954998132551025,0.0,1.8954998132551024
HGSZ07,TMSZ03,2,1.1670924834700425,0.0,3.1670924834700425
HGSZ07,TMSZ04,1,0.41914974766785135,0.0,1.4191497476678514
HGSZ07,TMSZ05,1,0.2496275103331576,0.0,1.2496275103331576
HGSZ07,TPSZ02,3,0.5068195846512644,0.0,3.5068195846512644
HGSZ07,TPSZ05,1,0.25928592900596076,0.0,1.2592859290059608
HGSZ07,TPSZ12,1,0.3738316107217581,0.005353576707321602,1.3791851874290797
HGSZ07,WCSZ01,1,0.26275950120923636,0.0,1.2627595012092363
HGSZ07,WDSZ08,1,0.17567058748752218,0.0,1.1756705874875222
HGSZ07,WDSZ09,1,0.11315756389779073,0.0,1.1131575638977906
HGSZ08,AMSZ01,3,0.9249302710353798,0.0,3.9249302710353797
HGSZ08,AMSZ02,1,0.33688043930260214,0.0,1.3368804393026021
HGSZ08,AMSZ04,2,0.22561632483039099,0.0,2.225616324830391
HGSZ08,BDSZ01,1,0.6203744200977024,0.05443469045016429,1.6748091105478666
HGSZ08,BDSZ02,1,0.7014357472372736,0.0,1.7014357472372736
HGSZ08,BDSZ04,4,1.3594147469835092,0.0,5.359414746983509
HGSZ08,BKSZ05,1,0.43566710982537055,0.0,1.4356671098253706
HGSZ08,BLSZ02,1,0.06200972283697272,0.0,1.0620097228369727
HGSZ08,BMSZ05,2,0.44627500175537166,0.0,2.446275001755372
HGSZ08,BMSZ12,1,0.28057425867510283,0.0,1.2805742586751028
HGSZ08,BPSZ05,1,0.2902241285994651,0.0,1.2902241285994651
HGSZ08,BSSZ01,1,0.7422067654898394,0.0,1.7422067654898394
HGSZ08,BSSZ03,2,0.7904781559459867,0.0,2.7904781559459866
HGSZ08,CHSZ02,1,0.1871931525885969,0.0,1.1871931525885968
HGSZ08,CHSZ03,2,0.8535876683991409,0.0,2.853587668399141
HGSZ08,CKSZ02,1,0.43471855510954077,0.0,1.4347185551095407
HGSZ08,CKSZ03,1,0.2993243609123246,0.0,1.2993243609123246
HGSZ08,CLSZ04,2,0.2978474021760065,0.0,2.2978474021760067
HGSZ08,DTSZ04,1,0.12351121241089975,0.0,1.1235112124108997
HGSZ08,DTSZ05,1,0.17568581147799434,0.0,1.1756858114779942
HGSZ08,DTSZ07,1,0.20222587475856504,0.0,1.202225874758565
HGSZ08,DTSZ10,1,0.027735692088740705,0.0,1.0277356920887406
HGSZ08,DTSZ11,3,0.828799996320705,0.0,3.828799996320705
HGSZ08,GLSZ01,1,0.7276330591949028,0.06913006691043273,1.7967631261053354
HGSZ08,GLSZ02,2,0.44220306705746354,0.3196315459036839,2.7618346129611475
HGSZ08,GLSZ03,3,2.4085521331260895,0.7253173712508098,6.1338695043769
HGSZ08,GLSZ04,1,0.9657115261642707,0.16734915113547355,2.1330606772997442
HGSZ08,GLSZ05,7,1.7829034434932276,0.6156911220618837,9.398594565555111
HGSZ08,HGSZ02,1,0.4116745902435238,0.07580087596620357,1.4874754662097276
HGSZ08,HGSZ06,4,2.0712691102643332,0.3920401292839442,6.463309239548278
HGSZ08,HGSZ07,8,2.191770033370415,0.36609197500460244,10.557862008375016
HGSZ08,HGSZ08,7,1.521523074132973,1.6546520625219576,10.176175136654932
HGSZ08,JWSZ08,1,0.41744059955987883,0.0,1.4174405995598789
HGSZ08,JWSZ09,1,0.30617339326909115,0.0,1.306173393269091
HGSZ08,KLSZ01,1,0.595811523837392,0.0,1.595811523837392
HGSZ08,KLSZ06,1,0.3852231468904115,0.0,1.3852231468904115
HGSZ08,KLSZ09,2,0.15433797835280377,0.0,2.1543379783528036
HGSZ08,NVSZ01,1,0.9909568871215498,0.0,1.9909568871215497
HGSZ08,NVSZ02,1,0.4835163689204374,0.0,1.4835163689204374
HGSZ08,ORSZ02,1,0.26929415448586164,0.0,1.2692941544858616
HGSZ08,ORSZ03,3,0.48198539870057544,0.0,3.4819853987005756
HGSZ08,OTSZ03,2,0.714204031002826,0.0,2.714204031002826
HGSZ08,PGSZ04,2,1.4053830147918898,0.0,3.40538301479189
HGSZ08,PGSZ05,3,0.8939118802352833,0.0,3.8939118802352835
HGSZ08,PLSZ04,1,0.07297177249406961,0.41912717164857455,1.492098944142644
HGSZ08,PRSZ02,1,0.4608232249129863,0.0,1.4608232249129862
HGSZ08,PRSZ03,1,0.4071691077392118,0.0,1.4071691077392119
HGSZ08,QTSZ14,1,0.27540449810756945,0.0,1.2754044981075694
HGSZ08,RCSZ01,1,0.14877417128611847,0.0,1.1487741712861186
HGSZ08,SBSZ04,1,0.32166353023042027,0.0,1.3216635302304203
HGSZ08,SESZ03,2,1.3446571301401486,0.0,3.3446571301401486
HGSZ08,SGSZ04,2,0.9235331218221277,0.28334551657361173,3.206878638395739
HGSZ08,SGSZ06,9,2.9768601370190835,1.3048462883295409,13.281706425348625
HGSZ08,SGSZ07,1,0.6453518799941629,0.4388418513125234,2.0841937313066863
HGSZ08,SRSZ02,1,0.07099573386438372,0.0,1.0709957338643836
HGSZ08,SRSZ03,1,0.26482224858379594,0.0,1.2648222485837959
HGSZ08,TMSZ02,2,1.7811053697288213,0.0,3.781105369728821
HGSZ08,TMSZ03,3,1.4437987528375333,0.0,4.443798752837534
HGSZ08,TMSZ04,1,0.5392821441592984,0.0,1.5392821441592983
HGSZ08,TPSZ06,1,0.34047280744253083,0.04273089623459318,1.3832037036771239
HGSZ08,TPSZ09,1,0.3293229931367903,0.07074600920137536,1.4000690023381657
HGSZ08,WCSZ01,1,0.2854884631176607,0.0,1.2854884631176606
HGSZ08,WDSZ01,1,0.11757126643027413,0.0,1.1175712664302742
HGSZ08,WDSZ03,3,0.8385418429058239,0.0,3.838541842905824
HGSZ08,WDSZ04,1,0.23125545278643744,0.0,1.2312554527864374
HGSZ08,WDSZ05,1,0.26306798951429516,0.0,1.263067989514295
HGSZ08,YSSZ02,1,0.24931737190232361,0.0,1.2493173719023236
HGSZ08,YSSZ03,2,0.8150535155854874,0.0,2.8150535155854874
HGSZ08,YSSZ09,2,0.5845002411974894,0.0,2.5845002411974893
HGSZ09,AMSZ04,1,0.0,0.0,1.0
HGSZ09,BDSZ01,1,0.0,0.0,1.0
HGSZ09,BTSZ08,1,0.0,0.0,1.0
HGSZ09,GLSZ04,1,0.0,0.0,1.0
HGSZ09,HGSZ05,1,0.0,0.0,1.0
HGSZ09,JWSZ03,1,0.0,0.0,1.0
HGSZ09,PGSZ05,1,0.0,0.0,1.0
HGSZ09,PRSZ02,1,0.0,0.0,1.0
HGSZ09,PRSZ03,1,0.0,0.0,1.0
HGSZ09,SESZ06,3,0.0,0.0,3.0
HGSZ09,SGSZ03,1,0.0,0.0,1.0
HGSZ09,SGSZ07,1,0.0,0.0,1.0
HGSZ09,TPSZ02,1,0.0,0.0,1.0
HGSZ09,WDSZ04,1,0.0,0.0,1.0
HGSZ09,YSSZ08,2,0.0,0.0,2.0
JESZ01,AMSZ03,1,0.16840483210240742,0.0,1.1684048321024074
JESZ01,BDSZ04,1,0.2436617945865506,0.0,1.2436617945865507
JESZ01,BDSZ05,1,0.27574756827847335,0.0,1.2757475682784734
JESZ01,BKSZ02,1,0.35744973437655087,0.05554906362841187,1.4129987980049628
JESZ01,BKSZ03,1,0.7012496082686561,0.2753233809086244,1.9765729891772805
JESZ01,BKSZ05,2,0.8281920629856302,0.0,2.82819206298563
JESZ01,BKSZ07,1,0.39353700287281823,0.10487160878330291,1.498408611656121
JESZ01,BMSZ01,2,0.4363146449151625,0.0,2.4363146449151625
JESZ01,BMSZ05,1,0.1876479785564507,0.0,1.1876479785564507
JESZ01,BMSZ07,1,0.32414614293772526,0.0,1.3241461429377253
JESZ01,BMSZ09,1,0.05848631832910387,0.0,1.0584863183291038
JESZ01,BMSZ12,1,0.17844400004689678,0.0,1.1784440000468968
JESZ01,BMSZ17,1,0.1552239937380431,0.0,1.155223993738043
JESZ01,BPSZ03,1,0.2536461740382248,0.0,1.2536461740382248
JESZ01,BTSZ01,1,0.3522527099090708,0.0,1.3522527099090709
JESZ01,CKSZ01,1,0.5934546572510587,0.0,1.5934546572510588
JESZ01,CKSZ04,1,0.3912467568365584,0.0,1.3912467568365585
JESZ01,CLSZ01,3,0.17490910361391762,0.2069574611904456,3.381866564804363
JESZ01,CLSZ04,2,0.3267202775279293,0.0,2.3267202775279294
JESZ01,CLSZ06,1,0.24064619500340284,0.0,1.240646195003403
JESZ01,DTSZ02,5,0.5000548571073111,0.0,5.500054857107311
JESZ01,DTSZ05,1,0.1734260716348813,0.0,1.1734260716348812
JESZ01,DTSZ08,1,0.15695695950637936,0.0,1.1569569595063793
JESZ01,DTSZ11,1,0.17138597565242047,0.0,1.1713859756524205
JESZ01,DTSZ12,1,0.14154541003249935,0.0,1.1415454100324993
JESZ01,GLSZ03,1,0.2047066917395019,0.0,1.204706691739502
JESZ01,HGSZ07,1,0.2958548986240717,0.0,1.2958548986240717
JESZ01,JESZ01,1,1.2348003228266817,10.024489957501848,12.259290280328528
JESZ01,JESZ02,1,0.6018730951575071,0.21554647977212785,1.817419574929635
JESZ01,JESZ03,4,0.9870883067567704,0.5331598415693463,5.520248148326116
JESZ01,JESZ04,1,0.37670001693691063,0.5826000986293238,1.9593001155662344
JESZ01,JESZ05,10,1.2770260369270465,1.614057404794906,12.891083441721953
JESZ01,JESZ06,2,0.24120787016905598,0.2763939715591502,2.5176018417282062
JESZ01,JESZ10,1,0.0,0.0,1.0
JESZ01,JWSZ02,2,0.7873606268679637,0.24956595263676218,3.036926579504726
JESZ01,JWSZ03,4,1.0770322502697192,0.6433397046772973,5.720371954947016
JESZ01,JWSZ04,1,0.5480758239503758,0.21757426843280187,1.7656500923831777
JESZ01,JWSZ08,2,1.5627100651308903,0.0,3.56271006513089
JESZ01,KLSZ08,1,0.24950349183807888,0.0,1.249503491838079
JESZ01,MUSZ03,2,0.06296045384803159,0.0,2.0629604538480315
JESZ01,OTSZ03,3,0.4309608562292434,0.0,3.4309608562292433
JESZ01,OTSZ04,1,0.06282105274485747,0.0,1.0628210527448574
JESZ01,PNSZ02,2,0.0,0.0,2.0
JESZ01,QTSZ02,1,0.13127575468092254,0.0,1.1312757546809225
JESZ01,QTSZ04,1,0.06532330161962176,0.0,1.0653233016196217
JESZ01,QTSZ06,1,0.1551741590422525,0.0,1.1551741590422524
JESZ01,QTSZ07,1,0.0,0.0,1.0
JESZ01,QTSZ09,1,0.021122714860883064,0.0,1.021122714860883
JESZ01,QTSZ10,2,0.29486242758384434,0.0,2.2948624275838445
JESZ01,QTSZ13,1,0.1614757394728728,0.0,1.1614757394728727
JESZ01,TPSZ02,1,0.27541093220183643,0.0,1.2754109322018365
JESZ01,TSSZ02,1,0.11814986928296914,0.0,1.1181498692829692
JESZ01,TSSZ04,1,0.3198209068278835,0.0,1.3198209068278834
JESZ01,TSSZ05,2,0.41574669815183674,0.0,2.4157466981518367
JESZ01,WCSZ01,1,0.25620480613272745,0.0,1.2562048061327276
JESZ02,BDSZ04,1,0.25411264796678446,0.0,1.2541126479667843
JESZ02,BKSZ03,2,0.6940879319847805,0.45803259418979525,3.152120526174576
JESZ02,BKSZ05,2,0.8161936317768038,0.3952198242852729,3.211413456062077
JESZ02,BKSZ09,1,0.29535425570602697,0.004717380994655645,1.3000716367006826
JESZ02,BLSZ02,1,0.05900043746254342,0.0,1.0590004374625435
JESZ02,BLSZ04,1,0.17355477370323436,0.0,1.1735547737032344
JESZ02,BMSZ01,1,0.2709165763220926,0.0,1.2709165763220927
JESZ02,BMSZ02,1,0.14316358248059075,0.0,1.1431635824805908
JESZ02,BMSZ08,1,0.142768611166207,0.0,1.142768611166207
JESZ02,BMSZ12,1,0.183435430844978,0.0,1.183435430844978
JESZ02,BMSZ17,1,0.17782849637300802,0.0,1.177828496373008
JESZ02,BPSZ01,1,0.29016049445962105,0.0,1.290160494459621
JESZ02,BSSZ01,1,0.421902540468963,0.0,1.4219025404689631
JESZ02,BTSZ01,2,0.4891527824984751,0.0,2.489152782498475
JESZ02,CLSZ04,1,0.27502654666376625,0.0,1.2750265466637662
JESZ02,CLSZ09,3,0.5612360373649068,0.0,3.561236037364907
JESZ02,DTSZ05,1,0.1947382418849667,0.0,1.1947382418849668
JESZ02,DTSZ08,3,0.14309317681072564,0.0,3.1430931768107255
JESZ02,DTSZ09,2,0.34688499463988914,0.0,2.3468849946398893
JESZ02,DTSZ12,2,0.2544941260027874,0.0,2.2544941260027875
JESZ02,JESZ01,1,0.910203254730112,0.15819502814482228,2.0683982828749343
JESZ02,JESZ02,3,1.19118520188486,17.191269083401075,21.382454285285935
JESZ02,JESZ03,4,1.0499038019211195,1.013417821826973,6.0633216237480925
JESZ02,JESZ04,1,0.31025486168963057,0.618419982925844,1.9286748446154744
JESZ02,JESZ05,9,1.4308891931736567,3.1302961534904816,13.56118534666414
JESZ02,JESZ06,1,0.19532483761700034,0.1265836843362081,1.3219085219532083
JESZ02,JESZ08,1,0.21306989694744938,0.013154770215805234,1.2262246671632546
JESZ02,JESZ10,1,0.0,0.0,1.0
JESZ02,JWSZ02,2,0.6300420415611078,0.2711165448445431,2.901158586405651
JESZ02,JWSZ03,3,0.8080350096258752,0.2306452385588965,4.038680248184772
JESZ02,JWSZ04,2,0.8457801645865529,0.3880190310599573,3.23379919564651
JESZ02,JWSZ06,1,0.1683700769089451,0.0,1.1683700769089451
JESZ02,JWSZ08,1,0.7235543158527475,0.0,1.7235543158527475
JESZ02,JWSZ09,2,1.2108829458921626,0.0,3.2108829458921626
JESZ02,KLSZ03,1,0.038323831017025016,0.0,1.038323831017025
JESZ02,KLSZ06,1,0.2876040204410853,0.0,1.2876040204410852
JESZ02,KLSZ09,1,0.04474979446493295,0.0,1.0447497944649329
JESZ02,MUSZ03,1,0.0362504444478373,0.0,1.0362504444478373
JESZ02,NVSZ02,1,0.36882178923237996,0.0,1.36882178923238
JESZ02,ORSZ02,1,0.2655636192358106,0.0,1.2655636192358106
JESZ02,ORSZ03,2,0.262065036942647,0.0,2.262065036942647
JESZ02,OTSZ03,4,0.5078404330210665,0.0,4.507840433021067
JESZ02,OTSZ04,2,0.10904591270820793,0.0,2.1090459127082077
JESZ02,PGSZ04,1,0.16732117151279846,0.0,1.1673211715127985
JESZ02,PLSZ04,1,0.03856973683769389,0.0,1.0385697368376938
JESZ02,PNSZ02,1,0.0,0.0,1.0
JESZ02,QTSZ08,2,0.46756201843817247,0.0,2.4675620184381724
JESZ02,QTSZ09,2,0.06402610159450564,0.0,2.064026101594506
JESZ02,QTSZ10,1,0.23152713733882188,0.0,1.231527137338822
JESZ02,QTSZ11,3,0.4024488088815815,0.0,3.4024488088815814
JESZ02,QTSZ13,1,0.132839609780765,0.0,1.132839609780765
JESZ02,QTSZ15,1,0.1653873418038955,0.0,1.1653873418038956
JESZ02,SBSZ06,1,0.16484024384823562,0.0,1.1648402438482357
JESZ02,SESZ05,1,0.18318927603810833,0.0,1.1831892760381084
JESZ02,SGSZ01,1,0.19464607497973604,0.0,1.194646074979736
JESZ02,SISZ01,1,0.20619201047830643,0.0,1.2061920104783064
JESZ02,SRSZ01,1,0.17653381102852542,0.0,1.1765338110285255
JESZ02,TPSZ01,1,0.22748996318732806,0.0,1.227489963187328
JESZ02,TSSZ05,4,0.35029906683411105,0.0,4.350299066834111
JESZ02,WDSZ01,1,0.07834031068797145,0.0,1.0783403106879714
JESZ02,WDSZ02,1,0.20846600961897338,0.0,1.2084660096189734
JESZ02,WDSZ03,2,0.698508603993829,0.0,2.698508603993829
JESZ02,WDSZ07,1,0.046946902615933477,0.0,1.0469469026159335
JESZ03,AMSZ02,1,0.37602761745510355,0.0,1.3760276174551036
JESZ03,BDSZ04,1,0.22482009241045942,0.0,1.2248200924104595
JESZ03,BDSZ05,1,0.4266218453807088,0.0,1.426621845380709
JESZ03,BKSZ03,2,0.974435662824217,0.8289827816368489,3.803418444461066
JESZ03,BKSZ06,1,0.7445553966103082,0.2340278328151966,1.9785832294255048
JESZ03,BKSZ07,1,0.7445562341432657,0.47084834518061747,2.215404579323883
JESZ03,BKSZ08,1,0.19859182084383067,0.10149634555965949,1.3000881664034902
JESZ03,BKSZ09,1,0.8834296991340078,0.025447991827214907,1.9088776909612226
JESZ03,BMSZ01,1,0.49604303218013884,0.0,1.4960430321801388
JESZ03,BMSZ05,1,0.34930550099209706,0.0,1.3493055009920971
JESZ03,BMSZ12,2,0.6376375757061711,0.0,2.637637575706171
JESZ03,BPSZ03,1,0.5670674372690111,0.0,1.567067437269011
JESZ03,BTSZ01,1,0.7497568698842902,0.23605333597094677,1.985810205855237
JESZ03,CHSZ03,1,1.0011574320019232,0.0,2.001157432001923
JESZ03,CKSZ01,1,0.6172138593191565,0.0,1.6172138593191565
JESZ03,CKSZ03,2,0.8450324217480474,0.0,2.8450324217480474
JESZ03,CKSZ04,1,0.5259797893470322,0.0,1.5259797893470322
JESZ03,CKSZ06,2,0.7122929146438218,0.0,2.7122929146438217
JESZ03,CLSZ01,2,0.3591311541333811,0.6705441612614582,3.0296753153948393
JESZ03,CLSZ03,1,0.7420748742844806,0.2499890667847526,1.9920639410692331
JESZ03,CLSZ04,8,1.2228565400077214,1.8390581169516658,11.061914656959388
JESZ03,CLSZ05,1,0.9585470881638678,0.27169218876972623,2.230239276933594
JESZ03,CLSZ06,3,0.7067002974701813,0.7501545397571079,4.456854837227289
JESZ03,CLSZ09,1,0.352098745213307,0.11875263949295994,1.4708513847062668
JESZ03,DTSZ02,2,0.5829573173444337,0.0,2.582957317344434
JESZ03,DTSZ03,1,0.290873744441078,0.0,1.290873744441078
JESZ03,DTSZ05,2,0.42186772637252384,0.0,2.4218677263725237
JESZ03,GLSZ03,1,0.4950131791823132,0.0,1.4950131791823131
JESZ03,HGSZ01,1,0.27793559782918115,0.0,1.277935597829181
JESZ03,JESZ01,1,0.4896578362135925,0.14862349080248285,1.6382813270160752
JESZ03,JESZ02,5,0.7287362753950685,1.049604142998761,6.778340418393829
JESZ03,JESZ03,3,1.5336493368144524,23.613835400458946,28.1474847372734
JESZ03,JESZ05,9,3.9245387882092886,7.951268127314255,20.875806915523544
JESZ03,JESZ06,2,0.8166251437459864,1.6848001645727528,4.501425308318739
JESZ03,JWSZ01,1,0.15645847192766663,0.0,1.1564584719276667
JESZ03,JWSZ03,3,1.3432926783433383,0.7532697138086406,5.096562392151979
JESZ03,JWSZ08,1,1.8347236374039841,0.0,2.834723637403984
JESZ03,JWSZ09,3,1.3628000299147742,0.0,4.362800029914775
JESZ03,KLSZ06,2,0.5603811543339029,0.0,2.560381154333903
JESZ03,KLSZ07,1,0.45430607451914123,0.0,1.4543060745191412
JESZ03,KLSZ08,1,0.5292515928136111,0.0,1.529251592813611
JESZ03,OTSZ03,2,0.771513158796667,0.0,2.771513158796667
JESZ03,PNSZ01,1,0.15087689089601175,0.0,1.1508768908960119
JESZ03,PNSZ02,2,0.0,0.0,2.0
JESZ03,PNSZ04,1,0.0,0.0,1.0
JESZ03,QTSZ02,2,0.33738092537661524,0.0,2.3373809253766153
JESZ03,QTSZ06,1,0.25162314869463787,0.0,1.2516231486946379
JESZ03,QTSZ07,1,0.0,0.0,1.0
JESZ03,QTSZ08,4,0.9445268799371884,0.0,4.944526879937189
JESZ03,QTSZ09,1,0.0920447570136959,0.0,1.092044757013696
JESZ03,QTSZ10,1,0.47126633634401494,0.0,1.4712663363440148
JESZ03,QTSZ11,3,0.909898050095221,0.0,3.909898050095221
JESZ03,QTSZ12,1,0.3184463535985608,0.0,1.3184463535985609
JESZ03,QTSZ14,1,0.43534364844896073,0.0,1.4353436484489608
JESZ03,RCSZ10,1,0.23901643699041095,0.0,1.2390164369904109
JESZ03,TMSZ05,1,0.5000423747393873,0.0,1.5000423747393872
JESZ03,TNSZ01,1,0.5137621343491963,0.0,1.5137621343491963
JESZ03,TPSZ02,1,0.5377157781128457,0.0,1.5377157781128457
JESZ03,TSSZ06,1,0.07048499552493127,0.0,1.0704849955249314
JESZ03,WDSZ04,1,0.3758716596675257,0.0,1.3758716596675258
JESZ03,WDSZ05,1,0.4325967209770784,0.0,1.4325967209770785
JESZ03,WDSZ06,2,0.42858726443800316,0.0,2.4285872644380033
JESZ04,BKSZ02,1,0.04133453138427873,0.0,1.0413345313842788
JESZ04,BMSZ06,1,0.08263107636574045,0.0,1.0826310763657405
JESZ04,BSSZ03,1,0.038486758559405754,0.0,1.0384867585594058
JESZ04,CKSZ02,1,0.05799658397836268,0.0,1.0579965839783627
JESZ04,CLSZ03,1,0.0718709828613892,0.10658692767875351,1.1784579105401427
JESZ04,GLSZ05,1,0.028791151665736762,0.0,1.0287911516657369
JESZ04,HGSZ02,1,0.03211015963292138,0.0,1.0321101596329214
JESZ04,JESZ05,3,0.11806163285436466,1.2288195125713728,4.346881145425737
JESZ04,JWSZ02,1,0.08496192989015783,0.12495051081817343,1.2099124407083313
JESZ04,JWSZ03,2,0.14952727777305594,1.5395289069512452,3.6890561847243015
JESZ04,JWSZ08,1,0.15859876481556828,0.0,1.1585987648155682
JESZ04,ORSZ03,1,0.04178102983552932,0.0,1.0417810298355292
JESZ04,QTSZ06,1,0.023511420286203445,0.0,1.0235114202862035
JESZ04,QTSZ08,1,0.028323749964880404,0.0,1.0283237499648803
JESZ04,QTSZ14,1,0.03030777878029699,0.0,1.030307778780297
JESZ04,SRSZ02,1,0.01170517135130639,0.0,1.0117051713513063
JESZ05,AMSZ01,3,0.8362647534547334,0.0,3.836264753454733
JESZ05,AMSZ06,1,0.34272086983356026,0.0,1.3427208698335602
JESZ05,AMSZ09,1,0.21684577714056655,0.0,1.2168457771405665
JESZ05,AMSZ10,2,0.38417751802420225,0.0,2.3841775180242024
JESZ05,AMSZ11,1,0.03585101948610833,0.0,1.0358510194861084
JESZ05,BDSZ02,1,0.4008631030851155,0.0,1.4008631030851155
JESZ05,BDSZ04,4,1.0288719202760022,0.0,5.028871920276002
JESZ05,BKSZ01,4,0.6799661672392432,0.0,4.679966167239243
JESZ05,BKSZ02,2,0.481496582338958,0.6228831030390968,3.1043796853780545
JESZ05,BKSZ03,2,1.7052169359270155,0.6431026541019254,4.348319590028941
JESZ05,BKSZ04,9,1.9682346105559545,1.8992082670115138,12.867442877567468
JESZ05,BKSZ05,16,3.6326967452210157,3.5190738423828867,23.151770587603902
JESZ05,BKSZ06,1,0.8504353038131945,0.15353848264694603,2.003973786460141
JESZ05,BKSZ07,8,3.1360656905436746,3.638682439548479,14.774748130092153
JESZ05,BKSZ08,2,0.5218257048251929,0.12176294413453546,2.643588648959728
JESZ05,BKSZ09,3,1.0833319677112365,0.050961929599697246,4.1342938973109336
JESZ05,BLSZ02,4,0.3537282429216224,0.0,4.353728242921623
JESZ05,BMSZ01,1,0.37959797332671463,0.0,1.3795979733267147
JESZ05,BMSZ03,2,0.5149836665552741,0.0,2.514983666555274
JESZ05,BMSZ04,4,0.3688129912999326,0.0,4.368812991299933
JESZ05,BMSZ05,1,0.3199528510937293,0.0,1.3199528510937293
JESZ05,BMSZ06,5,0.860468608940477,0.0,5.860468608940477
JESZ05,BMSZ07,1,0.5636099796028319,0.0,1.5636099796028318
JESZ05,BMSZ08,8,0.6104519622463537,0.0,8.610451962246353
JESZ05,BMSZ12,1,0.32777881616572574,0.0,1.3277788161657258
JESZ05,BMSZ13,1,0.20147535624807217,0.0,1.2014753562480722
JESZ05,BMSZ14,2,0.32919757664487703,0.0,2.329197576644877
JESZ05,BMSZ16,1,0.05319472304797484,0.0,1.0531947230479748
JESZ05,BPSZ01,3,0.6842894887476799,0.0,3.68428948874768
JESZ05,BPSZ02,1,0.22151603263085748,0.0,1.2215160326308574
JESZ05,BPSZ03,2,1.1873763553425132,0.0,3.187376355342513
JESZ05,BPSZ04,6,0.8486764203289932,0.0,6.848676420328993
JESZ05,BPSZ06,1,0.19538255462394746,0.0,1.1953825546239474
JESZ05,BSSZ01,2,1.1148039385520094,0.0,3.1148039385520097
JESZ05,BSSZ03,4,0.9290994574608625,0.0,4.929099457460863
JESZ05,BTSZ01,3,0.930919453490322,0.6522347296752182,4.58315418316554
JESZ05,CHSZ03,1,0.5271365642735526,0.0,1.5271365642735526
JESZ05,CKSZ01,3,0.5573622393106011,0.0,3.557362239310601
JESZ05,CKSZ02,4,1.3448923027844253,0.0,5.344892302784425
JESZ05,CKSZ03,15,1.4972966693137686,0.0,16.49729666931377
JESZ05,CKSZ04,3,0.9416114252008682,0.0,3.9416114252008683
JESZ05,CKSZ05,4,0.4338035987758283,0.0,4.433803598775828
JESZ05,CKSZ06,7,1.1955858894961577,0.0,8.195585889496158
JESZ05,CLSZ03,4,1.371527228296622,0.8026014158355933,6.174128644132216
JESZ05,CLSZ04,13,0.9427022943528712,2.8220287839518647,16.764731078304735
JESZ05,CLSZ05,3,1.3561697519824218,0.7094552191721973,5.065624971154619
JESZ05,CLSZ06,3,0.719390689107263,0.0,3.719390689107263
JESZ05,CLSZ07,1,0.36528959667314437,0.0,1.3652895966731444
JESZ05,CLSZ08,2,0.5728917127119738,0.0,2.5728917127119737
JESZ05,CLSZ09,1,0.3422882594450089,0.1396635190688023,1.4819517785138112
JESZ05,DTSZ01,1,0.35184935685362434,0.0,1.3518493568536243
JESZ05,DTSZ05,1,0.31235800783803075,0.0,1.3123580078380308
JESZ05,DTSZ07,1,0.18826323232039674,0.0,1.1882632323203968
JESZ05,DTSZ12,1,0.1370335013006747,0.0,1.1370335013006747
JESZ05,GLSZ02,1,0.28048714162384836,0.0,1.2804871416238484
JESZ05,GLSZ04,1,0.5675692001662132,0.0,1.5675692001662132
JESZ05,GLSZ05,1,0.4905455984587943,0.0,1.4905455984587943
JESZ05,HGSZ06,3,1.2703381192974648,0.0,4.270338119297465
JESZ05,HGSZ07,1,0.3635936184743067,0.0,1.3635936184743067
JESZ05,HGSZ08,1,0.36980880769201996,0.0,1.3698088076920198
JESZ05,JESZ01,12,1.2994456810330741,1.38562812328423,14.685073804317303
JESZ05,JESZ02,5,0.9637662277125435,1.6817432727170403,7.645509500429584
JESZ05,JESZ03,4,1.7014338725332658,3.2428170015617734,8.94425087409504
JESZ05,JESZ04,2,0.5708296179930114,2.154707524958827,4.725537142951838
JESZ05,JESZ05,7,2.762588963692956,68.32631328459591,78.08890224828886
JESZ05,JESZ06,2,0.6178898031694415,2.7991501673629595,5.417039970532401
JESZ05,JESZ08,12,1.183806012361241,0.6107156498556575,13.7945216622169
JESZ05,JESZ10,1,0.0,0.0,1.0
JESZ05,JWSZ02,4,0.8302561923219975,0.0,4.830256192321998
JESZ05,JWSZ03,17,5.117372237890008,5.2552332088942375,27.37260544678425
JESZ05,JWSZ04,15,3.0589288090191027,3.7645088118448156,21.82343762086392
JESZ05,JWSZ06,1,0.14508346369991126,0.0,1.1450834636999112
JESZ05,JWSZ08,10,2.6022662809345167,0.0,12.602266280934517
JESZ05,JWSZ09,29,2.524770229081112,0.0,31.524770229081113
JESZ05,KLSZ01,1,0.6299640420946646,0.0,1.6299640420946646
JESZ05,KLSZ06,1,0.3896408141302773,0.0,1.3896408141302774
JESZ05,KLSZ07,1,0.3860174153152398,0.0,1.3860174153152398
JESZ05,KLSZ08,2,0.4379640510526872,0.0,2.4379640510526874
JESZ05,MSSZ01,1,0.0,0.0,1.0
JESZ05,MUSZ03,1,0.05072430052915414,0.0,1.0507243005291542
JESZ05,NVSZ03,1,0.109608470721148,0.0,1.109608470721148
JESZ05,ORSZ02,1,0.32763524876331923,0.0,1.3276352487633192
JESZ05,ORSZ03,1,0.27449155987054447,0.0,1.2744915598705444
JESZ05,OTSZ02,1,0.03338004619157303,0.0,1.033380046191573
JESZ05,OTSZ03,1,0.46769258738075453,0.0,1.4676925873807545
JESZ05,OTSZ04,1,0.0643174588054522,0.0,1.0643174588054523
JESZ05,PGSZ02,1,0.27691129789020336,0.0,1.2769112978902033
JESZ05,PGSZ03,2,0.4851648412186937,0.0,2.4851648412186935
JESZ05,PGSZ04,2,0.5700183908032386,0.0,2.570018390803239
JESZ05,PGSZ05,2,0.7006086475853657,0.0,2.7006086475853657
JESZ05,PNSZ01,2,0.2118494477318158,0.0,2.211849447731816
JESZ05,PNSZ02,2,0.0,0.0,2.0
JESZ05,PRSZ02,1,0.3709943132931629,0.0,1.370994313293163
JESZ05,PRSZ03,1,0.39868971550413074,0.0,1.3986897155041307
JESZ05,PRSZ04,1,0.11095103352506638,0.0,1.1109510335250663
JESZ05,QTSZ01,2,0.4849654768917316,0.0,2.4849654768917318
JESZ05,QTSZ04,3,0.19615692642482555,0.0,3.1961569264248255
JESZ05,QTSZ05,1,0.41194035986952815,0.0,1.4119403598695281
JESZ05,QTSZ06,2,0.3689973997310711,0.0,2.368997399731071
JESZ05,QTSZ08,6,1.0250263511093696,0.0,7.02502635110937
JESZ05,QTSZ09,1,0.05628562058608723,0.0,1.0562856205860873
JESZ05,QTSZ10,5,1.0158470241581752,0.0,6.015847024158175
JESZ05,QTSZ11,1,0.4377347299426381,0.0,1.4377347299426382
JESZ05,QTSZ13,1,0.387891105296366,0.0,1.387891105296366
JESZ05,QTSZ14,1,0.32837213519565117,0.0,1.3283721351956512
JESZ05,SBSZ01,2,0.6725417221738891,0.0,2.672541722173889
JESZ05,SBSZ02,1,0.16424105603026054,0.0,1.1642410560302605
JESZ05,SBSZ03,7,0.8928678509288119,0.0,7.892867850928812
JESZ05,SBSZ04,1,0.429282454936419,0.0,1.429282454936419
JESZ05,SBSZ05,2,0.09140496634650247,0.0,2.0914049663465026
JESZ05,SESZ02,3,1.2456675283427088,0.0,4.245667528342709
JESZ05,SESZ03,2,0.7189391012304364,0.0,2.7189391012304363
JESZ05,SESZ04,1,0.6779937103190596,0.0,1.6779937103190596
JESZ05,SESZ05,2,0.3540562412456608,0.0,2.3540562412456607
JESZ05,SESZ06,1,0.5099774087659686,0.0,1.5099774087659688
JESZ05,SGSZ01,1,0.36120183657523647,0.0,1.3612018365752365
JESZ05,SGSZ04,1,0.6278618084306977,0.0,1.6278618084306977
JESZ05,SGSZ06,2,0.44990107463501255,0.0,2.4499010746350125
JESZ05,TMSZ02,2,1.1822504822102502,0.0,3.18225048221025
JESZ05,TMSZ04,2,0.8894298613664887,0.0,2.8894298613664886
JESZ05,TNSZ04,1,0.2059879484432528,0.0,1.2059879484432527
JESZ05,TPSZ03,1,0.13030524805794683,0.0,1.1303052480579467
JESZ05,TPSZ06,1,0.36200419201839396,0.0,1.3620041920183938
JESZ05,TSSZ03,1,0.07994185288791272,0.0,1.0799418528879128
JESZ05,TSSZ05,3,0.6307489187117786,0.0,3.6307489187117787
JESZ05,TSSZ06,3,0.11920518224575845,0.0,3.1192051822457585
JESZ05,WDSZ01,2,0.12857807993216072,0.0,2.1285780799321605
JESZ05,WDSZ02,2,0.5516764968809067,0.0,2.5516764968809067
JESZ05,WDSZ03,5,1.3139309287706957,0.0,6.313930928770696
JESZ05,WDSZ04,3,0.4852763407001093,0.0,3.4852763407001093
JESZ05,WDSZ05,1,0.4246868474472321,0.0,1.424686847447232
JESZ05,WDSZ06,6,0.30204364217826024,0.0,6.30204364217826
JESZ05,WDSZ08,1,0.18792822484272126,0.0,1.1879282248427212
JESZ05,YSSZ02,2,0.5289418986077068,0.0,2.528941898607707
JESZ05,YSSZ04,3,0.7849850523245786,0.0,3.7849850523245787
JESZ05,YSSZ05,2,0.2711172634634335,0.0,2.2711172634634336
JESZ05,YSSZ08,1,0.09613320944651096,0.0,1.096133209446511
JESZ05,YSSZ09,6,0.9406374418911142,0.0,6.9406374418911145
JESZ06,BDSZ04,1,0.1661854983193301,0.0,1.16618549831933
JESZ06,BKSZ04,1,0.17975614662380726,0.8753234928820484,2.0550796395058555
JESZ06,BKSZ05,1,0.4607206110407331,0.0,1.4607206110407331
JESZ06,BMSZ13,1,0.0776763685423131,0.0,1.0776763685423132
JESZ06,BPSZ04,1,0.2695671500978435,0.0,1.2695671500978434
JESZ06,BPSZ05,2,0.35410826571923476,0.0,2.3541082657192347
JESZ06,BSSZ01,1,0.27393499696855733,0.0,1.2739349969685574
JESZ06,CKSZ02,1,0.28642339993078975,0.0,1.2864233999307897
JESZ06,CLSZ04,2,0.5442915543137335,1.3886929841981808,3.9329845385119144
JESZ06,CLSZ05,2,0.33769905602355216,1.4375935506404376,3.7752926066639896
JESZ06,CLSZ06,1,0.3418479976121739,1.0595683728929701,2.401416370505144
JESZ06,GLSZ05,1,0.1561241695430551,0.0,1.156124169543055
JESZ06,HGSZ01,1,0.15086417573719102,0.0,1.150864175737191
JESZ06,HGSZ04,1,0.1957143634197707,0.0,1.1957143634197707
JESZ06,JESZ01,2,0.5107378693658289,0.17493452793200104,2.68567239729783
JESZ06,JESZ03,1,0.4228431560910675,1.984813177296248,3.4076563333873153
JESZ06,JESZ05,1,0.8326018100105769,3.192469014329474,5.025070824340051
JESZ06,JWSZ01,1,0.028588417695326343,0.0,1.0285884176953264
JESZ06,JWSZ04,1,0.4690342725816931,0.8861898813292332,2.3552241539109264
JESZ06,JWSZ08,1,0.5520397040105594,0.0,1.5520397040105594
JESZ06,JWSZ09,3,0.6721924051795944,0.0,3.6721924051795947
JESZ06,OTSZ03,2,0.27718317619564753,0.0,2.2771831761956474
JESZ06,PRSZ03,1,0.2136754713776776,0.0,1.2136754713776776
JESZ06,QTSZ01,1,0.2634403079185918,0.0,1.2634403079185919
JESZ06,SESZ02,1,0.1767388355537234,0.0,1.1767388355537234
JESZ06,SESZ04,1,0.3385921046209241,0.0,1.3385921046209242
JESZ06,SESZ05,2,0.2176572783086928,0.0,2.217657278308693
JESZ06,TPSZ07,1,0.03220306238169385,0.0,1.0322030623816938
JESZ06,TPSZ09,1,0.09371000139212689,0.0,1.0937100013921268
JESZ06,WDSZ02,1,0.29404880426372015,0.0,1.2940488042637202
JESZ06,WDSZ03,1,0.3588624743444632,0.0,1.3588624743444633
JESZ06,WDSZ06,1,0.2629972984539813,0.0,1.2629972984539812
JESZ06,YSSZ01,1,0.18793979635529023,0.0,1.1879397963552902
JESZ07,BKSZ09,1,0.14913482963433014,0.0,1.1491348296343302
JESZ07,BPSZ02,1,0.0687582908589515,0.0,1.0687582908589515
JESZ07,GLSZ02,1,0.01759184882045386,0.0,1.0175918488204538
JESZ07,GLSZ05,1,0.10523351788084502,0.0,1.105233517880845
JESZ07,JWSZ03,1,0.18055169442023308,0.0,1.180551694420233
JESZ07,JWSZ08,1,0.39612647667918033,0.0,1.3961264766791803
JESZ07,PGSZ04,1,0.08260334170512368,0.0,1.0826033417051237
JESZ08,BDSZ04,1,0.11145173726156805,0.0,1.111451737261568
JESZ08,BKSZ02,1,0.10972376848901191,0.0,1.109723768489012
JESZ08,BKSZ05,1,0.31519131660700417,0.0,1.3151913166070042
JESZ08,BLSZ02,1,0.025039721186558624,0.0,1.0250397211865587
JESZ08,BMSZ04,1,0.11644973258640857,0.0,1.1164497325864087
JESZ08,BMSZ08,1,0.07570263831171166,0.0,1.0757026383117116
JESZ08,BTSZ07,1,0.07172738382782547,0.0,1.0717273838278254
JESZ08,CLSZ04,1,0.24917561196753518,0.14027743880801652,1.3894530507755518
JESZ08,CLSZ05,1,0.33389082734522096,0.05313624113365604,1.387027068478877
JESZ08,CLSZ06,3,0.4909947710215244,0.5720269428337417,4.0630217138552664
JESZ08,CLSZ08,2,0.5117968587603829,0.0,2.511796858760383
JESZ08,DTSZ02,2,0.16210898587603403,0.0,2.162108985876034
JESZ08,DTSZ03,1,0.10240357792919301,0.0,1.102403577929193
JESZ08,JESZ01,1,0.14328856385161778,0.0,1.1432885638516177
JESZ08,JESZ03,2,0.3920278965553731,0.32148919742055937,2.7135170939759323
JESZ08,JESZ05,11,1.0432575412884686,1.9999966153914615,14.04325415667993
JESZ08,JESZ08,1,1.0030363832965434,5.732959172585967,7.735995555882511
JESZ08,JWSZ04,1,0.3166713888924897,0.17977519430794592,1.4964465832004357
JESZ08,JWSZ08,2,0.5387351012400243,0.0,2.5387351012400243
JESZ08,JWSZ09,4,0.6202238423385724,0.0,4.620223842338572
JESZ08,KLSZ05,1,0.10361826866655598,0.0,1.1036182686665559
JESZ08,ORSZ03,1,0.10684198032134914,0.0,1.1068419803213492
JESZ08,OTSZ03,1,0.1285317549662944,0.0,1.1285317549662943
JESZ08,QTSZ08,1,0.20777920181911017,0.0,1.2077792018191102
JESZ08,QTSZ11,2,0.23444438138580048,0.0,2.2344443813858006
JESZ08,QTSZ12,1,0.06395170985612555,0.0,1.0639517098561255
JESZ08,QTSZ13,2,0.17189439747664448,0.0,2.1718943974766445
JESZ08,QTSZ14,1,0.14139097607743484,0.0,1.1413909760774348
JESZ08,SBSZ03,1,0.20740473384781183,0.0,1.2074047338478118
JESZ08,SBSZ04,1,0.22192454380474644,0.0,1.2219245438047464
JESZ08,SKSZ03,1,0.034392661933744,0.0,1.034392661933744
JESZ08,SRSZ01,1,0.10269087880234301,0.0,1.102690878802343
JESZ08,WCSZ01,3,0.335395709383078,0.0,3.335395709383078
JESZ08,WDSZ03,1,0.20684115301797845,0.0,1.2068411530179786
JESZ09,BDSZ04,1,0.04224798336699364,0.0,1.0422479833669935
JESZ09,BPSZ02,2,0.06343158285326883,0.0,2.0634315828532688
JESZ09,JESZ01,1,0.05832783655931847,0.0,1.0583278365593185
JESZ09,JWSZ02,1,0.1064460758366245,0.0,1.1064460758366246
JESZ09,JWSZ03,2,0.18213763435759675,0.0,2.1821376343575967
JESZ09,JWSZ08,2,0.16354021627400553,0.0,2.1635402162740056
JESZ09,KLSZ01,1,0.05553885263117615,0.0,1.0555388526311762
JESZ09,PRSZ03,1,0.31191294983547063,0.0,1.3119129498354707
JESZ09,QTSZ02,1,0.01641686828493242,0.0,1.0164168682849324
JESZ10,BKSZ07,1,0.22045448839551945,0.0,1.2204544883955195
JESZ10,CLSZ04,1,0.17029332340330441,0.0,1.1702933234033044
JESZ10,JESZ01,1,0.18282874359125906,0.0,1.182828743591259
JESZ10,JESZ02,1,0.11458106425114836,0.0,1.1145810642511484
JESZ10,JESZ05,1,0.3201690248516755,0.0,1.3201690248516755
JESZ10,SBSZ01,1,0.0779727740842364,0.0,1.0779727740842364
JESZ10,SESZ03,1,0.18713218941855952,0.0,1.1871321894185596
JESZ10,SESZ04,1,0.13562188484175303,0.0,1.135621884841753
JESZ10,WDSZ06,3,0.4057228377954494,0.0,3.4057228377954494
JESZ10,YSSZ03,1,0.18522366936580667,0.0,1.1852236693658067
JWSZ01,BKSZ03,1,0.18931701513325827,0.0,1.1893170151332582
JWSZ01,BKSZ07,1,0.23695637541244458,0.0,1.2369563754124446
JWSZ01,BLSZ02,2,0.03242460854910117,0.0,2.032424608549101
JWSZ01,BMSZ08,2,0.1481002516992099,0.0,2.14810025169921
JWSZ01,CKSZ04,1,0.43416776965931836,0.0,1.4341677696593185
JWSZ01,CLSZ04,3,0.2876575369312345,0.0,3.2876575369312344
JWSZ01,DTSZ02,1,0.17134006799331983,0.0,1.17134006799332
JWSZ01,DTSZ03,1,0.1296553056768398,0.0,1.12965530567684
JWSZ01,DTSZ11,1,0.12128681026307883,0.0,1.1212868102630789
JWSZ01,JESZ06,1,0.011712890970136761,0.0,1.0117128909701367
JWSZ01,JWSZ01,1,0.07975884243190892,4.624973214057713,5.704732056489622
JWSZ01,JWSZ03,3,0.6305652872129205,0.5513460667436648,4.181911353956585
JWSZ01,JWSZ06,1,0.14826202691135038,0.05034921114820857,1.198611238059559
JWSZ01,JWSZ08,1,0.8868916912386955,0.09004268885954414,1.9769343800982395
JWSZ01,JWSZ09,5,1.5255921761699296,0.6830593737636427,7.208651549933572
JWSZ01,MUSZ01,1,0.040604635676095374,0.0,1.0406046356760954
JWSZ01,PNSZ01,2,0.08656231143994071,0.0,2.0865623114399408
JWSZ01,PNSZ03,1,0.0,0.0,1.0
JWSZ01,RVSZ03,1,0.0,0.0,1.0
JWSZ01,SBSZ01,1,0.09746711353762398,0.0,1.097467113537624
JWSZ01,SISZ01,1,0.1036772185219036,0.0,1.1036772185219037
JWSZ01,TPSZ03,1,0.045106130540736165,0.0,1.045106130540736
JWSZ01,TSSZ05,1,0.21313227349465438,0.0,1.2131322734946544
JWSZ01,TSSZ06,1,0.03236403143190523,0.0,1.0323640314319051
JWSZ01,WCSZ01,1,0.12186682807196121,0.0,1.1218668280719613
JWSZ01,WDSZ04,1,0.15038990425217327,0.0,1.1503899042521732
JWSZ01,WDSZ09,1,0.07514089677439897,0.0,1.075140896774399
JWSZ02,AMSZ01,1,0.38136711734469797,0.0,1.381367117344698
JWSZ02,AMSZ08,1,0.1232647360207609,0.0,1.1232647360207608
JWSZ02,BKSZ07,1,0.5568712461160231,0.0,1.5568712461160232
JWSZ02,BKSZ09,1,0.38089681242765683,0.0,1.3808968124276568
JWSZ02,BLSZ02,3,0.2767341055233692,0.1604639138271788,3.437198019350548
JWSZ02,BMSZ01,2,0.5024919817966239,0.0,2.502491981796624
JWSZ02,BMSZ08,3,0.33271692676553805,0.0,3.332716926765538
JWSZ02,BMSZ12,1,0.23447937882453893,0.0,1.234479378824539
JWSZ02,BMSZ16,1,0.047862431175673986,0.0,1.047862431175674
JWSZ02,BPSZ03,1,0.24683244346762861,0.0,1.2468324434676286
JWSZ02,BPSZ07,1,0.07894224926432425,0.0,1.0789422492643244
JWSZ02,BSSZ02,1,0.4016266442891114,0.0,1.4016266442891114
JWSZ02,BTSZ04,1,0.36170803805742996,0.0,1.36170803805743
JWSZ02,BTSZ05,1,0.1358352353147396,0.0,1.1358352353147396
JWSZ02,CHSZ03,1,0.37423314316758877,0.0,1.3742331431675887
JWSZ02,CKSZ02,1,0.6159869562274942,0.0,1.6159869562274942
JWSZ02,CKSZ03,2,0.6257035693483308,0.0,2.625703569348331
JWSZ02,CKSZ06,1,0.35647019057507034,0.0,1.3564701905750702
JWSZ02,CLSZ01,1,0.20610506193449132,0.0,1.2061050619344913
JWSZ02,CLSZ04,2,0.3573248661954434,0.0,2.3573248661954436
JWSZ02,CLSZ06,1,0.2622518871076776,0.0,1.2622518871076776
JWSZ02,DTSZ01,1,0.31407453218209275,0.0,1.3140745321820928
JWSZ02,DTSZ02,1,0.37509467080397946,0.0,1.3750946708039795
JWSZ02,DTSZ03,2,0.6292297782566517,0.0,2.6292297782566516
JWSZ02,DTSZ05,2,0.33843341803805826,0.0,2.338433418038058
JWSZ02,DTSZ08,3,0.21028990654485563,0.0,3.2102899065448556
JWSZ02,GLSZ04,1,0.33133951106912823,0.0,1.3313395110691282
JWSZ02,GLSZ05,1,0.33699025301971325,0.0,1.3369902530197133
JWSZ02,HGSZ08,1,0.2982215454654663,0.0,1.2982215454654664
JWSZ02,JESZ01,3,0.7666126457357059,0.33647819978284443,4.10309084551855
JWSZ02,JESZ02,2,0.456332166522287,0.35435044264091264,2.8106826091631993
JWSZ02,JESZ03,2,0.5987946351017776,0.0,2.5987946351017777
JWSZ02,JESZ04,1,0.2185635178115256,0.48510025713208466,1.7036637749436103
JWSZ02,JESZ05,6,0.658055746811537,0.0,6.658055746811537
JWSZ02,JESZ08,1,0.2087520703731028,0.0,1.2087520703731027
JWSZ02,JESZ09,1,0.13012231610024994,0.0,1.13012231610025
JWSZ02,JWSZ02,1,3.425143386116332,14.334073489700659,18.75921687581699
JWSZ02,JWSZ03,4,1.305103242371746,0.7517357904797886,6.056839032851534
JWSZ02,JWSZ04,1,0.7660543638476403,0.274113187859704,2.040167551707344
JWSZ02,JWSZ06,1,0.23652110817188807,0.05396776768733895,1.290488875859227
JWSZ02,JWSZ08,3,2.172091299139979,0.45477727188280287,5.626868571022781
JWSZ02,JWSZ09,13,2.2304168863791016,1.7942136597736593,17.02463054615276
JWSZ02,KLSZ06,1,0.35960172357615167,0.0,1.3596017235761517
JWSZ02,MUSZ03,1,0.04482030724811976,0.0,1.0448203072481197
JWSZ02,ORSZ02,1,0.31509106279088855,0.0,1.3150910627908885
JWSZ02,OTSZ03,1,0.4571593262966871,0.0,1.457159326296687
JWSZ02,OTSZ04,1,0.10782200967822426,0.0,1.1078220096782243
JWSZ02,PLSZ01,1,0.16733771153983404,0.0,1.167337711539834
JWSZ02,PNSZ01,2,0.2088518153512344,0.0,2.208851815351234
JWSZ02,PRSZ03,1,0.6771995820423078,0.0,1.6771995820423078
JWSZ02,QTSZ08,2,0.5968952471028849,0.0,2.5968952471028848
JWSZ02,QTSZ09,2,0.13638513788979842,0.0,2.1363851378897984
JWSZ02,QTSZ11,3,0.7405509232268506,0.0,3.7405509232268503
JWSZ02,QTSZ12,1,0.20930825140181003,0.0,1.20930825140181
JWSZ02,QTSZ14,3,0.43613643750504916,0.0,3.4361364375050494
JWSZ02,RCSZ08,1,0.0,0.0,1.0
JWSZ02,RCSZ10,1,0.16860282014980493,0.0,1.1686028201498049
JWSZ02,SBSZ03,1,0.3892755366434444,0.0,1.3892755366434444
JWSZ02,SESZ06,1,0.4086488303812331,0.0,1.408648830381233
JWSZ02,SRSZ01,1,0.2372623199543238,0.0,1.2372623199543238
JWSZ02,TMSZ02,1,0.7283026911317763,0.0,1.7283026911317763
JWSZ02,TMSZ04,1,0.2808409601251975,0.0,1.2808409601251975
JWSZ02,TPSZ03,1,0.13951403545643198,0.0,1.139514035456432
JWSZ02,TSSZ05,1,0.8119234956039286,0.0,1.8119234956039287
JWSZ02,TSSZ06,1,0.04480830647953139,0.0,1.0448083064795315
JWSZ02,WCSZ01,1,0.404207074593004,0.0,1.404207074593004
JWSZ02,WDSZ07,1,0.06351237300275593,0.0,1.063512373002756
JWSZ03,BDSZ01,1,0.3509758711764916,0.0,1.3509758711764916
JWSZ03,BDSZ07,1,0.46497591521367393,0.0,1.4649759152136739
JWSZ03,BKSZ02,2,0.4116559148339966,1.0236197825904396,3.4352756974244363
JWSZ03,BKSZ03,2,1.4259296253762328,1.021062089879227,4.44699171525546
JWSZ03,BKSZ05,1,0.8977792389620611,0.0,1.8977792389620611
JWSZ03,BKSZ07,1,0.7473761332606641,0.6441129537273762,2.3914890869880403
JWSZ03,BKSZ09,2,0.7195491490588571,0.0,2.719549149058857
JWSZ03,BLSZ03,2,1.0521721459916757,0.0,3.0521721459916757
JWSZ03,BLSZ04,1,0.3156812585984217,0.0,1.3156812585984217
JWSZ03,BMSZ04,1,0.20955841521287305,0.0,1.209558415212873
JWSZ03,BMSZ05,2,0.5562012267890528,0.0,2.556201226789053
JWSZ03,BMSZ08,1,0.2032980507244472,0.0,1.2032980507244473
JWSZ03,BPSZ04,1,0.4468296713499315,0.0,1.4468296713499316
JWSZ03,BSSZ01,2,0.6950310448884067,0.0,2.695031044888407
JWSZ03,BTSZ01,1,0.5415420672152994,0.0,1.5415420672152993
JWSZ03,BTSZ07,1,0.28692430883439335,0.0,1.2869243088343933
JWSZ03,CHSZ02,1,0.20053436297696123,0.0,1.2005343629769611
JWSZ03,CHSZ03,2,1.4560141922387737,0.0,3.456014192238774
JWSZ03,CKSZ02,1,0.9647693561945155,0.0,1.9647693561945156
JWSZ03,CLSZ01,3,0.4059535389526011,0.0,3.405953538952601
JWSZ03,CLSZ03,1,0.4941709404550816,0.0,1.4941709404550816
JWSZ03,CLSZ04,3,0.6058552766890714,0.0,3.6058552766890712
JWSZ03,CLSZ09,1,0.15210150382596355,0.0,1.1521015038259637
JWSZ03,DTSZ01,1,0.38093462978424625,0.0,1.3809346297842462
JWSZ03,DTSZ02,2,0.5797012242364444,0.0,2.5797012242364445
JWSZ03,DTSZ03,1,0.28795800385758274,0.0,1.2879580038575829
JWSZ03,DTSZ05,6,0.3783148253904138,0.0,6.378314825390413
JWSZ03,DTSZ06,1,0.05606881275260244,0.0,1.0560688127526023
JWSZ03,DTSZ08,3,0.3170650897404593,0.0,3.3170650897404594
JWSZ03,DTSZ09,1,0.16547280617432167,0.0,1.1654728061743216
JWSZ03,DTSZ10,2,0.07553468970899803,0.0,2.075534689708998
JWSZ03,DTSZ11,1,0.3994130303444348,0.0,1.3994130303444348
JWSZ03,DTSZ12,1,0.21186864520397003,0.0,1.21186864520397
JWSZ03,GLSZ03,2,0.6219496086946267,0.0,2.6219496086946266
JWSZ03,GLSZ04,1,0.49424288760974555,0.0,1.4942428876097456
JWSZ03,GLSZ05,1,0.45283429263901,0.0,1.45283429263901
JWSZ03,HGSZ09,1,0.033645429029856865,0.0,1.033645429029857
JWSZ03,JESZ01,2,1.3766547885543368,0.726854836185289,4.103509624739626
JWSZ03,JESZ02,2,0.8484303574118218,0.4229691804151396,3.2713995378269614
JWSZ03,JESZ03,5,1.3359665868143347,1.4156885136110229,7.751655100425358
JWSZ03,JESZ04,1,0.2937147187976064,0.9150278838412993,2.208742602638906
JWSZ03,JESZ05,17,2.744241961256808,4.191000008053043,23.93524196930985
JWSZ03,JESZ07,1,0.2249140422363344,0.0,1.2249140422363345
JWSZ03,JESZ09,2,0.4028006333123196,0.0,2.4028006333123195
JWSZ03,JWSZ01,2,0.31036135080911625,0.3737181051930351,2.6840794560021513
JWSZ03,JWSZ02,3,1.9761659340956583,0.984137562455798,5.9603034965514565
JWSZ03,JWSZ03,8,2.181041950792136,19.900328594725654,30.08137054551779
JWSZ03,JWSZ04,12,2.74749373129883,4.741425170225855,19.488918901524684
JWSZ03,JWSZ06,2,0.4024054939456984,0.439817750152545,2.8422232440982436
JWSZ03,JWSZ08,5,1.7913901583627565,1.2296057241995615,8.020995882562318
JWSZ03,JWSZ09,16,3.028907084713952,4.968992147223798,23.99789923193775
JWSZ03,KLSZ01,1,0.6158463757059467,0.0,1.6158463757059467
JWSZ03,KLSZ06,2,0.5143612098097832,0.0,2.514361209809783
JWSZ03,MPSZ01,1,0.1672770219105377,0.0,1.1672770219105377
JWSZ03,NTSZ03,1,0.13691580895358843,0.0,1.1369158089535885
JWSZ03,NVSZ02,1,0.5377213009729047,0.0,1.5377213009729047
JWSZ03,ORSZ02,5,0.9526499837323686,0.0,5.9526499837323685
JWSZ03,ORSZ03,1,0.32637949464325544,0.0,1.3263794946432554
JWSZ03,OTSZ01,1,0.057112739322452574,0.0,1.0571127393224526
JWSZ03,OTSZ03,4,1.3992552491922465,0.0,5.3992552491922465
JWSZ03,PNSZ01,1,0.1593137183907794,0.0,1.1593137183907793
JWSZ03,PNSZ02,2,0.0,0.0,2.0
JWSZ03,QTSZ02,1,0.25817297558824626,0.0,1.2581729755882463
JWSZ03,QTSZ06,1,0.18738517202109115,0.0,1.187385172021091
JWSZ03,QTSZ08,12,1.636661133706819,0.0,13.63666113370682
JWSZ03,QTSZ09,2,0.13137984789133492,0.0,2.131379847891335
JWSZ03,QTSZ10,2,0.6311754338321228,0.0,2.631175433832123
JWSZ03,QTSZ11,2,0.7761338435204277,0.0,2.7761338435204275
JWSZ03,QTSZ12,2,0.5999639535081879,0.0,2.5999639535081878
JWSZ03,QTSZ13,1,0.3696448027312067,0.0,1.3696448027312067
JWSZ03,RCSZ10,1,0.21189937593049063,0.0,1.2118993759304906
JWSZ03,SISZ01,1,0.4276737331334577,0.0,1.4276737331334577
JWSZ03,SRSZ01,1,0.2975988140052548,0.0,1.2975988140052548
JWSZ03,SVSZ01,1,0.5725161716434949,0.0,1.5725161716434948
JWSZ03,TMSZ04,1,0.43300378401746337,0.0,1.4330037840174634
JWSZ03,TPSZ01,1,0.31053480011228624,0.0,1.3105348001122863
JWSZ03,TPSZ06,1,0.38912207953836886,0.0,1.3891220795383687
JWSZ03,TPSZ08,1,0.14213937274248284,0.0,1.142139372742483
JWSZ03,TSSZ02,3,0.7632418936597806,0.0,3.7632418936597807
JWSZ03,TSSZ03,3,0.6877533011807304,0.0,3.6877533011807304
JWSZ03,TSSZ04,1,0.5607657456463365,0.0,1.5607657456463366
JWSZ03,TSSZ05,4,1.559304415133026,0.0,5.559304415133026
JWSZ03,TSSZ06,1,0.07950590469745368,0.0,1.0795059046974538
JWSZ03,WCSZ01,3,0.9722824448326269,0.0,3.972282444832627
JWSZ03,YSSZ03,1,0.4109361218648737,0.0,1.4109361218648737
JWSZ04,AMSZ01,1,0.47389447431757054,0.0,1.4738944743175706
JWSZ04,AMSZ12,1,0.261352310638291,0.0,1.2613523106382911
JWSZ04,BDSZ04,2,1.5081332299381829,0.0,3.508133229938183
JWSZ04,BDSZ06,1,0.862603966785517,0.0,1.862603966785517
JWSZ04,BKSZ01,1,0.1907490688243882,0.0,1.1907490688243882
JWSZ04,BKSZ02,1,0.4249894981488325,0.0,1.4249894981488325
JWSZ04,BKSZ05,1,1.021881872287049,0.0,2.0218818722870493
JWSZ04,BKSZ07,1,0.756595537460874,0.0,1.756595537460874
JWSZ04,BKSZ09,2,0.7659434816588396,0.0,2.7659434816588395
JWSZ04,BLSZ02,2,0.3704291193013793,0.32300048465370135,2.6934296039550807
JWSZ04,BMSZ01,3,1.0829182407844025,0.0,4.0829182407844025
JWSZ04,BMSZ02,1,0.24436324691996986,0.0,1.24436324691997
JWSZ04,BMSZ04,1,0.21422139752202898,0.0,1.214221397522029
JWSZ04,BMSZ10,1,0.13728176349727583,0.0,1.1372817634972758
JWSZ04,BMSZ17,1,0.23390195847871548,0.0,1.2339019584787154
JWSZ04,BPSZ05,1,0.5204086295123213,0.0,1.5204086295123211
JWSZ04,BTSZ01,1,0.5560768178024379,0.0,1.5560768178024378
JWSZ04,CHSZ03,1,0.6738325048428088,0.0,1.6738325048428089
JWSZ04,CKSZ01,1,0.530928508048132,0.0,1.5309285080481319
JWSZ04,CKSZ02,1,0.7992216902344654,0.0,1.7992216902344653
JWSZ04,CKSZ06,1,0.35611665642895657,0.0,1.3561166564289566
JWSZ04,CLSZ01,1,0.22643097283373093,0.0,1.226430972833731
JWSZ04,CLSZ02,1,0.17835017666909384,0.0,1.1783501766690938
JWSZ04,CLSZ04,2,0.5118194288223228,0.0,2.5118194288223226
JWSZ04,CLSZ09,1,0.22628135952360076,0.0,1.2262813595236008
JWSZ04,DTSZ01,1,0.38413741301340176,0.0,1.3841374130134017
JWSZ04,DTSZ02,3,0.5970101704205849,0.0,3.597010170420585
JWSZ04,DTSZ05,4,0.5999017043167049,0.0,4.5999017043167045
JWSZ04,DTSZ08,1,0.2845750601349571,0.0,1.284575060134957
JWSZ04,DTSZ09,1,0.17174411385680338,0.0,1.1717441138568034
JWSZ04,DTSZ11,3,0.44426284463938487,0.0,3.444262844639385
JWSZ04,GLSZ03,1,0.5425937639101814,0.0,1.5425937639101814
JWSZ04,GLSZ05,1,0.6522002192089211,0.0,1.6522002192089211
JWSZ04,JESZ01,1,0.47563184038821144,0.21145037723931764,1.687082217627529
JWSZ04,JESZ02,2,0.6240392435662416,0.46782292359243555,3.091862167158677
JWSZ04,JESZ03,3,2.1566146847460854,0.7229423668421303,5.879557051588216
JWSZ04,JESZ04,2,0.6791981089623392,3.5607574854576813,6.239955594420021
JWSZ04,JESZ05,13,2.1955102425506086,4.452428249213721,19.64793849176433
JWSZ04,JESZ06,2,0.27397613717574437,0.867192431976784,3.141168569152528
JWSZ04,JESZ08,1,0.4133031308256282,0.0649778034981075,1.4782809343237355
JWSZ04,JESZ09,1,0.12073850384536011,0.0,1.1207385038453601
JWSZ04,JWSZ02,2,1.3424449132868106,0.5773060713860556,3.9197509846728664
JWSZ04,JWSZ03,5,1.5267408156619713,2.610444578877076,9.137185394539047
JWSZ04,JWSZ04,11,3.0427850142537,16.536367977103204,30.579152991356903
JWSZ04,JWSZ06,1,0.37093349649300816,0.20118493490307712,1.5721184313960854
JWSZ04,JWSZ08,5,2.469109961486687,1.327032247446187,8.796142208932874
JWSZ04,JWSZ09,19,3.9740992545742033,5.075681747757898,28.0497810023321
JWSZ04,KLSZ06,2,0.6452076773739738,0.0,2.645207677373974
JWSZ04,KLSZ08,1,0.559332434198997,0.0,1.5593324341989971
JWSZ04,MUSZ03,3,0.08236771802935636,0.0,3.0823677180293565
JWSZ04,NVSZ02,1,0.47811789427131185,0.0,1.4781178942713118
JWSZ04,ORSZ02,1,0.4703766208592714,0.0,1.4703766208592715
JWSZ04,OTSZ03,2,0.7367220147330261,0.0,2.7367220147330262
JWSZ04,PLSZ04,2,0.11923049408484382,0.0,2.1192304940848437
JWSZ04,PNSZ01,2,0.3323171619746797,0.0,2.3323171619746796
JWSZ04,PNSZ02,1,0.0,0.0,1.0
JWSZ04,QTSZ07,1,0.0,0.0,1.0
JWSZ04,QTSZ08,5,1.423999212313801,0.0,6.4239992123138006
JWSZ04,QTSZ09,1,0.05595346145069031,0.0,1.0559534614506902
JWSZ04,QTSZ11,2,0.5755332958309755,0.0,2.5755332958309753
JWSZ04,QTSZ12,1,0.32103800819253075,0.0,1.3210380081925308
JWSZ04,QTSZ13,3,0.971887190277003,0.0,3.9718871902770028
JWSZ04,QTSZ14,1,0.4896173413949886,0.0,1.4896173413949887
JWSZ04,RCSZ01,1,0.21720405331553738,0.0,1.2172040533155375
JWSZ04,RCSZ03,1,0.12769278669431466,0.0,1.1276927866943147
JWSZ04,RCSZ10,1,0.23769356685344342,0.0,1.2376935668534434
JWSZ04,SBSZ03,1,0.475705169688237,0.0,1.475705169688237
JWSZ04,SGSZ06,1,0.43180878515178456,0.0,1.4318087851517847
JWSZ04,SISZ01,2,0.7024725822939084,0.0,2.7024725822939084
JWSZ04,SRSZ01,1,0.3478493756088903,0.0,1.3478493756088903
JWSZ04,TMSZ02,1,1.065850185511677,0.0,2.0658501855116773
JWSZ04,TMSZ03,1,0.8721568304214129,0.0,1.872156830421413
JWSZ04,TNSZ04,1,0.2710280501367904,0.0,1.2710280501367903
JWSZ04,TPSZ01,1,0.3539047572318973,0.0,1.3539047572318972
JWSZ04,TPSZ02,1,0.4546054769397402,0.0,1.45460547693974
JWSZ04,TSSZ02,2,0.4169183895994654,0.0,2.4169183895994655
JWSZ04,TSSZ03,1,0.17059322744884836,0.0,1.1705932274488484
JWSZ04,TSSZ04,2,0.7489466109511387,0.0,2.7489466109511387
JWSZ04,TSSZ05,1,1.2767116097904556,0.0,2.2767116097904556
JWSZ04,WDSZ02,1,0.5418655202860267,0.0,1.5418655202860267
JWSZ04,WDSZ06,1,0.3128179191779599,0.0,1.3128179191779599
JWSZ04,WDSZ08,1,0.24219802928017647,0.0,1.2421980292801764
JWSZ05,BKSZ02,1,0.05543882822780551,0.0,1.0554388282278055
JWSZ05,CKSZ05,1,0.045628139339505866,0.0,1.045628139339506
JWSZ05,CLSZ06,2,0.17686446856460358,0.0,2.1768644685646037
JWSZ05,DTSZ03,1,0.05193999159840964,0.0,1.0519399915984096
JWSZ05,GLSZ05,1,0.051474621453427766,0.0,1.0514746214534278
JWSZ05,JWSZ09,3,0.37691186308939495,0.0,3.376911863089395
JWSZ05,SBSZ03,1,0.08133204028653183,0.0,1.0813320402865318
JWSZ05,TPSZ12,1,0.01788344656644192,0.0,1.017883446566442
JWSZ05,WDSZ03,1,0.07582896272829134,0.0,1.0758289627282913
JWSZ05,WDSZ04,1,0.06669763814478033,0.0,1.0666976381447804
JWSZ06,AMSZ03,1,0.03113800636960912,0.0,1.0311380063696092
JWSZ06,BDSZ01,1,0.05731186030551184,0.0,1.0573118603055118
JWSZ06,BKSZ06,2,0.1120905343299148,0.0,2.112090534329915
JWSZ06,BKSZ09,1,0.15902559279916886,0.0,1.1590255927991688
JWSZ06,CKSZ06,1,0.1607431921387783,0.0,1.1607431921387783
JWSZ06,GLSZ04,1,0.15566803886959404,0.0,1.1556680388695941
JWSZ06,JESZ05,5,0.6186971916986093,0.0,5.618697191698609
JWSZ06,JWSZ02,1,0.30592599226239364,0.11268007879561401,1.4186060710580075
JWSZ06,JWSZ03,1,0.22171573564704583,0.33203987525401424,1.5537556109010602
JWSZ06,JWSZ08,4,1.3770523794243774,0.3765203974841689,5.7535727769085465
JWSZ06,JWSZ09,4,1.7360880825260177,1.178683193907911,6.914771276433928
JWSZ06,KLSZ06,1,0.2454847949121433,0.0,1.2454847949121433
JWSZ06,PGSZ04,1,0.11296433410236298,0.0,1.112964334102363
JWSZ06,SESZ04,1,0.15868621716329678,0.0,1.1586862171632968
JWSZ06,THSZ01,1,0.0,0.0,1.0
JWSZ06,TMSZ02,1,0.9288087546130535,0.0,1.9288087546130535
JWSZ06,TPSZ05,1,0.008689946087996395,0.0,1.0086899460879963
JWSZ06,WDSZ03,1,0.20770310707763645,0.0,1.2077031070776365
JWSZ06,YSSZ04,1,0.23565399902070383,0.0,1.2356539990207038
JWSZ06,YSSZ09,1,0.16655224064724072,0.0,1.1665522406472406
JWSZ07,BKSZ02,1,0.0,0.0,1.0
JWSZ07,JWSZ09,1,0.0,0.0,1.0
JWSZ07,KLSZ06,1,0.0,0.0,1.0
JWSZ07,TMSZ02,1,0.0,0.0,1.0
JWSZ07,TMSZ03,1,0.0,0.0,1.0
JWSZ07,TPSZ07,1,0.0,0.0,1.0
JWSZ08,AMSZ02,1,0.6422152834565893,0.0,1.6422152834565893
JWSZ08,AMSZ08,1,0.19307555216600236,0.0,1.1930755521660024
JWSZ08,BDSZ03,1,0.6238575065730878,0.0,1.6238575065730878
JWSZ08,BDSZ04,1,0.5732998791358815,0.0,1.5732998791358814
JWSZ08,BDSZ08,1,0.28033479122909,0.0,1.28033479122909
JWSZ08,BKSZ02,3,0.48547403590531063,0.0,3.4854740359053107
JWSZ08,BKSZ03,1,1.1985819206880153,0.0,2.1985819206880155
JWSZ08,BKSZ05,4,3.321700308348235,0.0,7.321700308348235
JWSZ08,BKSZ07,1,1.001427010154555,0.0,2.001427010154555
JWSZ08,BKSZ09,1,0.7410792233821951,0.0,1.741079223382195
JWSZ08,BLSZ02,4,0.6438523705132098,0.1922083686295846,4.836060739142795
JWSZ08,BLSZ04,1,0.3163258665952986,0.0,1.3163258665952986
JWSZ08,BMSZ04,2,0.42926535935542687,0.0,2.4292653593554268
JWSZ08,BMSZ05,1,0.5131436465728734,0.0,1.5131436465728734
JWSZ08,BMSZ06,1,0.5135013893344325,0.0,1.5135013893344325
JWSZ08,BMSZ07,1,0.8266139657164547,0.0,1.8266139657164548
JWSZ08,BMSZ08,2,0.5758556471800932,0.0,2.5758556471800933
JWSZ08,BMSZ12,2,0.6577716096235152,0.0,2.657771609623515
JWSZ08,BPSZ01,1,0.43911954472175396,0.0,1.439119544721754
JWSZ08,BPSZ05,2,0.9346260259411047,0.0,2.9346260259411046
JWSZ08,BTSZ01,3,1.3466985671054743,0.0,4.3466985671054745
JWSZ08,BTSZ03,1,0.23852480905810944,0.0,1.2385248090581094
JWSZ08,CKSZ02,1,1.2598485811465288,0.0,2.259848581146529
JWSZ08,CKSZ03,4,2.3666231816329057,0.0,6.366623181632906
JWSZ08,CKSZ05,1,0.32202012296435895,0.0,1.322020122964359
JWSZ08,CKSZ06,2,1.0606426544034786,0.0,3.0606426544034786
JWSZ08,CLSZ01,1,0.2150878542254213,0.0,1.2150878542254213
JWSZ08,CLSZ03,1,0.7697380251801943,0.0,1.7697380251801942
JWSZ08,CLSZ04,5,1.05537854263215,0.0,6.05537854263215
JWSZ08,CLSZ06,1,0.5384913384641725,0.0,1.5384913384641725
JWSZ08,DTSZ01,2,0.6188717255137335,0.0,2.6188717255137335
JWSZ08,DTSZ02,2,1.0238641960064228,0.0,3.0238641960064228
JWSZ08,DTSZ03,1,0.6573195877906607,0.0,1.6573195877906608
JWSZ08,DTSZ05,2,0.8867047573127653,0.0,2.8867047573127653
JWSZ08,DTSZ08,1,0.37971040652445587,0.0,1.3797104065244559
JWSZ08,DTSZ11,2,0.7619835953422662,0.0,2.761983595342266
JWSZ08,GLSZ03,3,1.3464957567487634,0.0,4.346495756748763
JWSZ08,GLSZ05,2,1.0892199147766177,0.0,3.089219914776618
JWSZ08,HGSZ08,2,0.6719435517630616,0.0,2.6719435517630616
JWSZ08,JESZ01,2,1.4074946092500773,0.0,3.4074946092500773
JWSZ08,JESZ02,2,0.7272871039625459,0.0,2.7272871039625457
JWSZ08,JESZ03,2,1.4068595795120893,0.0,3.4068595795120893
JWSZ08,JESZ04,2,0.6375264313527048,0.0,2.637526431352705
JWSZ08,JESZ05,8,1.6637787155907857,0.0,9.663778715590785
JWSZ08,JESZ06,2,0.3552618204943013,0.0,2.3552618204943014
JWSZ08,JESZ07,1,0.3489731673821256,0.0,1.3489731673821255
JWSZ08,JESZ08,2,0.653497432781057,0.0,2.653497432781057
JWSZ08,JESZ09,3,0.3794269230088788,0.0,3.3794269230088787
JWSZ08,JWSZ01,3,0.5751413089104012,0.25752740811323976,3.832668717023641
JWSZ08,JWSZ02,4,1.4350882915715881,0.32194983690005313,5.757038128471642
JWSZ08,JWSZ03,4,1.966772256084689,0.8822391505290612,6.849011406613751
JWSZ08,JWSZ04,3,1.4793153356674877,0.6825264417666136,5.161841777434102
JWSZ08,JWSZ06,6,1.3555440876494804,0.5182407016421466,7.873784789291627
JWSZ08,JWSZ08,13,10.342591478604216,41.45718420680956,64.79977568541378
JWSZ08,JWSZ09,48,7.729929583390848,9.68605813652116,65.41598771991201
JWSZ08,KLSZ01,1,0.9598240430121571,0.0,1.9598240430121572
JWSZ08,KLSZ06,1,0.6550160892377156,0.0,1.6550160892377157
JWSZ08,KLSZ08,4,0.8988283651816421,0.0,4.898828365181642
JWSZ08,KLSZ09,1,0.0809038601196315,0.0,1.0809038601196315
JWSZ08,MSSZ01,1,0.0,0.0,1.0
JWSZ08,MUSZ01,2,0.3705295555521628,0.0,2.370529555552163
JWSZ08,MUSZ03,1,0.09041285955867594,0.0,1.090412859558676
JWSZ08,NVSZ01,1,1.2762214891957966,0.0,2.2762214891957964
JWSZ08,NVSZ02,1,1.0250403172532647,0.0,2.0250403172532647
JWSZ08,ORSZ02,1,0.4555380542333064,0.0,1.4555380542333065
JWSZ08,OTSZ03,6,1.4272351656337163,0.0,7.427235165633716
JWSZ08,OTSZ04,1,0.12441362489961888,0.0,1.1244136248996188
JWSZ08,PLSZ04,2,0.17453385267963517,0.0,2.174533852679635
JWSZ08,PNSZ01,3,1.2403544205341606,0.0,4.24035442053416
JWSZ08,PNSZ02,4,0.0,0.0,4.0
JWSZ08,PNSZ03,1,0.0,0.0,1.0
JWSZ08,QTSZ02,1,0.27641854996322,0.0,1.27641854996322
JWSZ08,QTSZ03,1,0.18415728230840908,0.0,1.184157282308409
JWSZ08,QTSZ08,4,2.139296949004282,0.0,6.139296949004282
JWSZ08,QTSZ09,2,0.1796134477559063,0.0,2.1796134477559064
JWSZ08,QTSZ10,1,0.5654255200116381,0.0,1.565425520011638
JWSZ08,QTSZ11,5,2.913874369785853,0.0,7.913874369785853
JWSZ08,QTSZ14,3,0.689314619749276,0.0,3.689314619749276
JWSZ08,SBSZ03,3,1.0974531042774218,0.0,4.097453104277422
JWSZ08,SESZ03,3,1.113621095630432,0.0,4.113621095630432
JWSZ08,SESZ06,1,0.5763819807795557,0.0,1.5763819807795558
JWSZ08,SGSZ04,2,1.3834584797232292,0.0,3.383458479723229
JWSZ08,SKSZ02,1,0.0,0.0,1.0
JWSZ08,SRSZ02,1,0.10202026633103209,0.0,1.1020202663310321
JWSZ08,SRSZ03,1,0.21004866309378067,0.0,1.2100486630937808
JWSZ08,TMSZ04,1,0.5485142123611848,0.0,1.5485142123611848
JWSZ08,TNSZ01,1,0.4548940740681906,0.0,1.4548940740681906
JWSZ08,TPSZ02,1,0.6513604277944297,0.0,1.6513604277944296
JWSZ08,TPSZ06,1,0.5751746694915495,0.0,1.5751746694915494
JWSZ08,TSSZ02,1,0.22795622581890926,0.0,1.2279562258189092
JWSZ08,TSSZ03,3,0.8195610043116073,0.0,3.8195610043116073
JWSZ08,TSSZ04,1,0.35312061374123227,0.0,1.3531206137412322
JWSZ08,TSSZ05,1,1.0115462153383252,0.0,2.011546215338325
JWSZ08,TSSZ06,2,0.07800275014826578,0.0,2.078002750148266
JWSZ08,WCSZ01,9,1.5807660274817912,0.0,10.580766027481792
JWSZ08,WDSZ01,1,0.12685901660068663,0.0,1.1268590166006867
JWSZ08,WDSZ02,3,1.1375144547503442,0.0,4.137514454750344
JWSZ08,WDSZ03,1,0.8508095785384121,0.0,1.8508095785384122
JWSZ08,WDSZ05,2,0.8502362762654285,0.0,2.8502362762654285
JWSZ08,YSSZ01,1,0.37824920661029743,0.0,1.3782492066102974
JWSZ08,YSSZ09,3,2.160722990712439,0.0,5.160722990712439
JWSZ09,AMSZ02,1,0.33515841538813296,0.0,1.335158415388133
JWSZ09,AMSZ03,2,0.2944503946704195,0.0,2.2944503946704193
JWSZ09,AMSZ04,1,0.04647694731787795,0.0,1.0464769473178779
JWSZ09,AMSZ08,1,0.13253907207191687,0.0,1.1325390720719168
JWSZ09,AMSZ10,1,0.4155327147067977,0.0,1.4155327147067978
JWSZ09,BDSZ02,1,0.5445755205539128,0.0,1.544575520553913
JWSZ09,BKSZ02,2,0.3730568868013431,0.0,2.373056886801343
JWSZ09,BKSZ03,2,0.9730441445313293,0.0,2.9730441445313294
JWSZ09,BKSZ04,3,0.4166321961905092,0.0,3.416632196190509
JWSZ09,BKSZ05,5,1.9547708386096305,0.0,6.9547708386096305
JWSZ09,BKSZ06,1,0.3097918045816931,0.0,1.309791804581693
JWSZ09,BKSZ07,2,1.0998847609912774,0.0,3.0998847609912774
JWSZ09,BKSZ08,1,0.07046844642102237,0.0,1.0704684464210223
JWSZ09,BKSZ09,2,0.7464094639480401,0.0,2.74640946394804
JWSZ09,BLSZ01,2,1.0376780533636352,0.0,3.037678053363635
JWSZ09,BLSZ02,11,0.9329941948530501,1.3246678903584503,13.2576620852115
JWSZ09,BLSZ04,2,0.5878599682305232,0.0,2.5878599682305232
JWSZ09,BMSZ01,4,1.1618577013174396,0.0,5.161857701317439
JWSZ09,BMSZ02,3,0.5562079422107886,0.0,3.5562079422107886
JWSZ09,BMSZ03,1,0.4142902921143512,0.0,1.4142902921143512
JWSZ09,BMSZ04,1,0.2443783290268569,0.0,1.2443783290268569
JWSZ09,BMSZ06,1,0.3217416239182781,0.0,1.3217416239182782
JWSZ09,BMSZ08,2,0.40476927912969995,0.0,2.4047692791296997
JWSZ09,BMSZ09,1,0.03620086594377152,0.0,1.0362008659437716
JWSZ09,BMSZ12,1,0.40317676983379186,0.0,1.4031767698337918
JWSZ09,BMSZ16,1,0.053390041630227876,0.0,1.053390041630228
JWSZ09,BMSZ17,1,0.19576856246535163,0.0,1.1957685624653516
JWSZ09,BPSZ02,1,0.17119857631748028,0.0,1.1711985763174804
JWSZ09,BSSZ03,1,0.7317745802806412,0.0,1.7317745802806412
JWSZ09,BTSZ01,2,0.8923603390780357,0.0,2.892360339078036
JWSZ09,BTSZ03,1,0.17636376292629513,0.0,1.176363762926295
JWSZ09,CHSZ03,3,2.177730369401276,0.0,5.177730369401276
JWSZ09,CKSZ01,2,0.4743102542813233,0.0,2.474310254281323
JWSZ09,CKSZ03,4,1.6423522689871644,0.0,5.642352268987164
JWSZ09,CKSZ04,1,0.5655765303252356,0.0,1.5655765303252356
JWSZ09,CKSZ05,1,0.1670791452160448,0.0,1.1670791452160447
JWSZ09,CKSZ06,4,0.7055210024047386,0.0,4.705521002404739
JWSZ09,CLSZ01,2,0.31609063468090354,0.0,2.3160906346809034
JWSZ09,CLSZ03,1,0.616564306380476,0.0,1.616564306380476
JWSZ09,CLSZ04,4,1.215021145996816,0.0,5.2150211459968165
JWSZ09,CLSZ06,6,0.5671745827518916,0.0,6.567174582751892
JWSZ09,CLSZ08,1,0.21963572791001784,0.0,1.2196357279100178
JWSZ09,CLSZ09,2,0.2655574428909534,0.0,2.2655574428909535
JWSZ09,DTSZ01,8,0.9094745226310572,0.0,8.909474522631058
JWSZ09,DTSZ02,4,1.3431742737892167,0.0,5.3431742737892165
JWSZ09,DTSZ05,10,0.7795205282926133,0.0,10.779520528292613
JWSZ09,DTSZ06,1,0.042065455721007165,0.0,1.0420654557210072
JWSZ09,DTSZ07,1,0.3380074040961422,0.0,1.3380074040961423
JWSZ09,DTSZ08,6,0.6255385379500188,0.0,6.6255385379500185
JWSZ09,DTSZ09,2,0.2992628899032525,0.0,2.2992628899032526
JWSZ09,DTSZ11,2,0.5783740128035364,0.0,2.578374012803536
JWSZ09,DTSZ12,1,0.20151994985276167,0.0,1.2015199498527616
JWSZ09,GLSZ01,1,0.3479149910518484,0.0,1.3479149910518484
JWSZ09,GLSZ02,1,0.1808568848699927,0.0,1.1808568848699927
JWSZ09,GLSZ03,1,0.8388895910235266,0.0,1.8388895910235266
JWSZ09,GLSZ04,1,0.5783467142878571,0.0,1.578346714287857
JWSZ09,GLSZ05,4,1.8927277257734807,0.0,5.892727725773481
JWSZ09,HGSZ04,1,0.41664206025433487,0.0,1.4166420602543348
JWSZ09,JESZ01,1,0.595586227522117,0.12394648651194821,1.7195327140340653
JWSZ09,JESZ02,2,0.4621691764595609,0.0,2.462169176459561
JWSZ09,JESZ03,3,1.7997438371292978,0.0,4.799743837129298
JWSZ09,JESZ04,1,0.2983067353341459,0.6849197256650552,1.9832264609992012
JWSZ09,JESZ05,25,2.4345399170693964,0.0,27.434539917069397
JWSZ09,JESZ06,2,0.5069254309565973,0.0,2.5069254309565974
JWSZ09,JWSZ01,4,0.3816844396936602,0.7448032450427566,5.126487684736417
JWSZ09,JWSZ02,16,1.613968960676167,3.027626527151487,20.641595487827654
JWSZ09,JWSZ03,15,4.401858729224715,6.655112738012609,26.05697146723732
JWSZ09,JWSZ04,16,3.731177938484111,5.407797862727544,25.138975801211657
JWSZ09,JWSZ05,2,0.25955933693340505,0.0,2.259559336933405
JWSZ09,JWSZ06,3,0.8800443123797541,0.7367802919355984,4.616824604315353
JWSZ09,JWSZ07,1,0.18725835999336213,0.0,1.1872583599933622
JWSZ09,JWSZ08,42,8.444341672649827,6.091838244417168,56.536179917066995
JWSZ09,JWSZ09,47,10.918620092060902,85.19830184129567,143.1169219333566
JWSZ09,KLSZ01,1,0.6895865399685849,0.0,1.6895865399685848
JWSZ09,KLSZ03,1,0.030500570953823875,0.0,1.030500570953824
JWSZ09,KLSZ07,1,0.5389232849455702,0.0,1.5389232849455703
JWSZ09,KLSZ08,3,0.5674749808595917,0.0,3.5674749808595916
JWSZ09,KLSZ09,3,0.18918941946430387,0.0,3.189189419464304
JWSZ09,MUSZ01,1,0.22230507854376058,0.0,1.2223050785437606
JWSZ09,NTSZ05,1,0.0,0.0,1.0
JWSZ09,NVSZ02,3,1.2333099288182992,0.0,4.233309928818299
JWSZ09,ORSZ02,7,0.8488690985784123,0.0,7.848869098578413
JWSZ09,ORSZ03,1,0.48990851049655115,0.0,1.489908510496551
JWSZ09,OTSZ03,3,1.0161141810503922,0.0,4.016114181050392
JWSZ09,OTSZ04,2,0.1864081855474098,0.0,2.1864081855474096
JWSZ09,PGSZ04,1,0.5791093692002495,0.0,1.5791093692002494
JWSZ09,PGSZ05,1,0.5354535525585419,0.0,1.535453552558542
JWSZ09,PLSZ04,1,0.0658546168762965,0.0,1.0658546168762966
JWSZ09,PNSZ01,3,0.34624521009230064,0.0,3.3462452100923006
JWSZ09,PNSZ02,5,0.0,0.0,5.0
JWSZ09,PRSZ03,2,1.7914695665517841,0.0,3.7914695665517844
JWSZ09,PRSZ08,1,0.14383971320315775,0.0,1.1438397132031577
JWSZ09,QTSZ04,4,0.19654300865633606,0.0,4.196543008656336
JWSZ09,QTSZ05,1,0.35651084840195046,0.0,1.3565108484019506
JWSZ09,QTSZ08,12,1.818396241965695,0.0,13.818396241965695
JWSZ09,QTSZ09,2,0.18401624243118203,0.0,2.184016242431182
JWSZ09,QTSZ10,2,0.5491691494412896,0.0,2.5491691494412896
JWSZ09,QTSZ11,8,1.2203045327941437,0.0,9.220304532794144
JWSZ09,QTSZ12,2,0.5873911511478165,0.0,2.5873911511478163
JWSZ09,QTSZ14,4,0.7648044486276466,0.0,4.764804448627647
JWSZ09,QTSZ15,1,0.15510573700664287,0.0,1.1551057370066429
JWSZ09,RCSZ05,1,0.11963865258543986,0.0,1.1196386525854398
JWSZ09,RCSZ09,2,0.20052532925821404,0.0,2.200525329258214
JWSZ09,RCSZ10,1,0.395601213453678,0.0,1.395601213453678
JWSZ09,RVSZ05,1,0.1777621501650829,0.0,1.177762150165083
JWSZ09,SESZ03,2,0.6344385886917288,0.0,2.6344385886917285
JWSZ09,TMSZ02,2,1.7487262261656593,0.0,3.748726226165659
JWSZ09,TMSZ04,2,1.2138425898547447,0.0,3.2138425898547447
JWSZ09,TMSZ05,1,0.8639560259186786,0.0,1.8639560259186787
JWSZ09,TNSZ03,1,0.032970891938350344,0.0,1.0329708919383505
JWSZ09,TPSZ06,1,0.5073973407809051,0.0,1.5073973407809051
JWSZ09,TPSZ12,1,0.25253366310876063,0.0,1.2525336631087607
JWSZ09,TSSZ02,2,0.38073151185626,0.0,2.38073151185626
JWSZ09,TSSZ03,5,0.40084834760803073,0.0,5.400848347608031
JWSZ09,TSSZ04,4,0.5622427623351847,0.0,4.562242762335185
JWSZ09,TSSZ05,8,1.9775097629059573,0.0,9.977509762905957
JWSZ09,TSSZ06,2,0.07247215409798018,0.0,2.07247215409798
JWSZ09,WCSZ01,26,3.5850070563158694,0.0,29.58500705631587
JWSZ09,WDSZ01,1,0.1166829555719193,0.0,1.1166829555719193
JWSZ09,WDSZ03,2,0.908613324841824,0.0,2.908613324841824
JWSZ09,WDSZ06,1,0.29679064515987985,0.0,1.2967906451598799
JWSZ09,WDSZ07,1,0.0752830915371466,0.0,1.0752830915371465
JWSZ09,WDSZ09,1,0.17594802025998768,0.0,1.1759480202599877
JWSZ09,YSSZ09,1,0.7381579178249068,0.0,1.738157917824907
KLSZ01,AMSZ01,2,1.0330126452170199,0.0,3.0330126452170196
KLSZ01,AMSZ05,1,0.4238301905264908,0.0,1.4238301905264907
KLSZ01,AMSZ09,1,0.2738280200831408,0.0,1.2738280200831409
KLSZ01,AMSZ10,1,0.46427606181181946,0.0,1.4642760618118196
KLSZ01,BDSZ01,1,0.5834918594153364,0.0,1.5834918594153364
KLSZ01,BDSZ04,1,0.6692097067838823,0.0,1.6692097067838823
KLSZ01,BMSZ02,2,0.40466241511615625,0.0,2.404662415116156
KLSZ01,BMSZ04,2,0.35195582176598295,0.0,2.351955821765983
KLSZ01,BMSZ05,4,0.8415437334706061,0.0,4.841543733470606
KLSZ01,BMSZ10,1,0.17102646858766907,0.0,1.171026468587669
KLSZ01,BMSZ12,1,0.367374421305737,0.0,1.367374421305737
KLSZ01,BMSZ16,1,0.07926728257869589,0.0,1.079267282578696
KLSZ01,BPSZ05,1,0.3408384398867651,0.0,1.340838439886765
KLSZ01,BSSZ01,2,1.201984346704189,0.0,3.2019843467041893
KLSZ01,BSSZ03,1,0.6526134484728352,0.4437983437038255,2.0964117921766605
KLSZ01,CHSZ01,1,0.16555447096383777,0.0,1.1655544709638377
KLSZ01,CHSZ03,1,0.7714670695323895,0.0,1.7714670695323895
KLSZ01,CKSZ03,1,0.3868199989555595,0.0,1.3868199989555596
KLSZ01,CLSZ02,1,0.14997997652393988,0.0,1.1499799765239398
KLSZ01,CLSZ04,1,0.3101707368433158,0.0,1.3101707368433158
KLSZ01,DTSZ01,2,0.61191698709795,0.1786305976208119,2.790547584718762
KLSZ01,DTSZ02,6,0.5319266222025809,1.457412201951889,7.98933882415447
KLSZ01,DTSZ03,3,0.8333802102959743,0.3168576648941909,4.150237875190165
KLSZ01,DTSZ04,1,0.1357710983796152,0.0,1.1357710983796152
KLSZ01,DTSZ05,4,1.700026090713063,0.0,5.700026090713063
KLSZ01,DTSZ06,1,0.06914993437275209,0.0,1.0691499343727522
KLSZ01,DTSZ08,5,0.6576662845489847,0.0,5.657666284548984
KLSZ01,DTSZ09,1,0.15313123274283796,0.0,1.153131232742838
KLSZ01,DTSZ10,1,0.04710715001787739,0.0,1.0471071500178775
KLSZ01,DTSZ11,2,1.092729651781988,0.0,3.0927296517819878
KLSZ01,GLSZ01,1,0.7387281986669569,0.218330647990177,1.957058846657134
KLSZ01,GLSZ02,1,0.6001401395114775,0.3541365685874081,1.9542767080988857
KLSZ01,GLSZ03,1,0.5820226406320412,0.0,1.5820226406320412
KLSZ01,GLSZ04,2,1.566083051474181,1.2406594026662772,4.806742454140458
KLSZ01,GLSZ05,7,1.6298588864482335,0.0,8.629858886448233
KLSZ01,HGSZ05,1,0.6309328903156493,0.0,1.6309328903156493
KLSZ01,HGSZ08,1,0.42765106047156765,0.0,1.4276510604715678
KLSZ01,JESZ05,1,0.3776722497715839,0.0,1.3776722497715839
KLSZ01,JESZ09,1,0.16092263968940076,0.0,1.1609226396894008
KLSZ01,JWSZ08,1,0.6399994560921076,0.0,1.6399994560921076
KLSZ01,JWSZ09,3,0.7800473980991665,0.0,3.7800473980991667
KLSZ01,KLSZ01,9,2.8859017495720054,27.74668387081312,39.63258562038512
KLSZ01,KLSZ06,5,1.0964826644701549,1.7287507762225085,7.825233440692664
KLSZ01,KLSZ08,3,0.7743736486908271,1.0408738045076598,4.815247453198487
KLSZ01,KLSZ09,2,0.2671125850618456,0.24060540527368215,2.507717990335528
KLSZ01,MUSZ01,5,0.23373320025882213,0.45357370845666944,5.687306908715492
KLSZ01,MUSZ02,1,0.0,0.0,1.0
KLSZ01,MUSZ03,1,0.12364160090207525,0.29689202533064896,1.4205336262327242
KLSZ01,NVSZ01,4,1.8230996489257534,1.4865705327546541,7.309670181680407
KLSZ01,NVSZ02,2,1.4351553592158883,0.9063895545120112,4.341544913727899
KLSZ01,NVSZ03,1,0.21684187635810576,0.0,1.2168418763581057
KLSZ01,ORSZ01,1,0.08984774333361749,0.0,1.0898477433336176
KLSZ01,ORSZ02,3,0.6377326343781006,0.0,3.6377326343781005
KLSZ01,ORSZ03,2,0.3787679321885056,0.34364731981748453,2.72241525200599
KLSZ01,OTSZ03,8,1.03364255906974,0.0,9.03364255906974
KLSZ01,OTSZ04,1,0.1316280484334165,0.0,1.1316280484334165
KLSZ01,PGSZ02,2,0.5048635646044604,0.0,2.5048635646044604
KLSZ01,PGSZ03,1,0.43343736712223874,0.0,1.4334373671222387
KLSZ01,PGSZ04,1,0.6412084942843871,0.0,1.641208494284387
KLSZ01,PLSZ05,2,0.30614687164445076,0.0,2.306146871644451
KLSZ01,PNSZ04,1,0.0,0.0,1.0
KLSZ01,PRSZ02,1,0.5463644392836547,0.0,1.5463644392836549
KLSZ01,QTSZ08,5,1.161291821380137,0.0,6.1612918213801375
KLSZ01,QTSZ11,1,0.36716844813930977,0.0,1.3671684481393098
KLSZ01,QTSZ13,1,0.3330189096026633,0.0,1.3330189096026632
KLSZ01,RCSZ01,1,0.23617304340857273,0.06589053039133966,1.3020635737999124
KLSZ01,RCSZ09,1,0.2213238818793474,0.08697885010472475,1.3083027319840723
KLSZ01,RCSZ10,2,0.364976534171065,0.0,2.364976534171065
KLSZ01,SBSZ03,1,0.42714261679980964,0.0,1.4271426167998096
KLSZ01,SBSZ04,1,0.48227723900937924,0.0,1.4822772390093792
KLSZ01,SESZ02,1,0.5211068577759662,0.0,1.5211068577759663
KLSZ01,SESZ03,2,0.9004442151803242,0.0,2.9004442151803245
KLSZ01,SESZ04,1,0.6077147620096338,0.0,1.6077147620096337
KLSZ01,SESZ05,1,0.3483402171272119,0.0,1.3483402171272119
KLSZ01,SGSZ03,1,0.5373461162530836,0.0,1.5373461162530835
KLSZ01,SGSZ04,3,1.3394562262878957,0.0,4.339456226287895
KLSZ01,SGSZ06,5,1.0467621610195637,1.7834853895565284,7.830247550576091
KLSZ01,TMSZ01,1,0.5724389805258292,0.0,1.5724389805258292
KLSZ01,TMSZ02,1,0.5328814384146191,0.0,1.532881438414619
KLSZ01,TMSZ04,2,0.7831765767226927,0.0,2.783176576722693
KLSZ01,TNSZ01,1,0.5553620113468879,0.0,1.555362011346888
KLSZ01,TPSZ02,2,1.0685229254189947,1.300003178643713,4.368526104062708
KLSZ01,TPSZ03,3,0.671474647942284,0.5761873121772777,4.2476619601195615
KLSZ01,TPSZ05,1,0.5121483658392941,0.11456035643985346,1.6267087222791476
KLSZ01,TPSZ06,3,1.064520751658659,0.8981084468748594,4.962629198533518
KLSZ01,TPSZ08,1,0.36130879482504474,0.0,1.3613087948250446
KLSZ01,TPSZ09,1,0.5118198478375656,0.1756654358479444,1.6874852836855099
KLSZ01,TPSZ11,1,0.7592109670917336,0.49076736348289884,2.2499783305746326
KLSZ01,TPSZ12,2,0.6674831199313648,0.05308613540232899,2.7205692553336935
KLSZ01,TSSZ05,1,0.8996588225515386,0.0,1.8996588225515385
KLSZ01,WCSZ01,1,0.3633695130894698,0.0,1.3633695130894699
KLSZ01,WDSZ03,2,0.6921552359451192,0.0,2.692155235945119
KLSZ01,WDSZ06,1,0.26565999949080804,0.0,1.265659999490808
KLSZ01,YSSZ01,1,0.23674591355938618,0.0,1.2367459135593861
KLSZ01,YSSZ09,1,0.4177660621012753,0.0,1.4177660621012753
KLSZ02,AMSZ08,1,0.037718334386714986,0.0,1.037718334386715
KLSZ02,AMSZ12,1,0.03708917442248464,0.0,1.0370891744224846
KLSZ02,BDSZ02,2,0.3042254119090588,0.0,2.3042254119090586
KLSZ02,BDSZ04,1,0.27156819005838423,0.0,1.2715681900583842
KLSZ02,BMSZ01,2,0.25004600390619275,0.0,2.250046003906193
KLSZ02,BMSZ02,1,0.08298837674567687,0.0,1.082988376745677
KLSZ02,BMSZ12,1,0.05990780066770775,0.0,1.0599078006677078
KLSZ02,BMSZ16,1,0.011126931775905836,0.0,1.0111269317759057
KLSZ02,BPSZ03,1,0.06464149638552937,0.0,1.0646414963855293
KLSZ02,CHSZ02,1,0.03172227301052498,0.0,1.0317222730105249
KLSZ02,CHSZ03,1,0.306420381288181,0.0,1.306420381288181
KLSZ02,CKSZ05,1,0.10638094708956887,0.0,1.106380947089569
KLSZ02,DTSZ01,2,0.08449022599047716,0.12053148766324658,2.2050217136537236
KLSZ02,DTSZ04,1,0.03363465659859883,0.0,1.0336346565985988
KLSZ02,DTSZ05,1,0.11788113396364862,0.0,1.1178811339636485
KLSZ02,DTSZ09,3,0.0627921353040123,0.0,3.0627921353040124
KLSZ02,DTSZ11,1,0.08781159684540678,0.0,1.0878115968454067
KLSZ02,GLSZ02,2,0.11438941266621036,0.32513566652990894,2.439525079196119
KLSZ02,GLSZ04,3,1.063921439216535,0.8650113641704963,4.928932803387031
KLSZ02,GLSZ05,1,0.22161906265227538,0.09758716335021037,1.3192062260024857
KLSZ02,HGSZ07,1,0.22687877662974393,0.0,1.226878776629744
KLSZ02,KLSZ02,1,0.39579103939422877,2.9717585718003936,4.367549611194622
KLSZ02,KLSZ06,2,0.30711583533100306,0.2498647268064361,2.556980562137439
KLSZ02,KLSZ08,1,0.1382211687741013,0.08437299732739234,1.2225941661014936
KLSZ02,ORSZ02,1,0.12881941454581095,0.0,1.128819414545811
KLSZ02,OTSZ03,1,0.2075708952756081,0.0,1.2075708952756081
KLSZ02,OTSZ04,2,0.06881099576009377,0.0,2.068810995760094
KLSZ02,PGSZ04,1,0.211128274819828,0.0,1.211128274819828
KLSZ02,QTSZ06,1,0.06819103256927128,0.0,1.0681910325692714
KLSZ02,QTSZ08,1,0.12395259709575634,0.0,1.1239525970957565
KLSZ02,QTSZ09,1,0.0133598222084794,0.0,1.0133598222084794
KLSZ02,RCSZ01,1,0.057813857657146785,0.05692123112644017,1.114735088783587
KLSZ02,RVSZ01,1,0.0,0.0,1.0
KLSZ02,SGSZ06,2,0.3207654639176721,0.39285027689710883,2.713615740814781
KLSZ02,SKSZ03,1,0.020217992028181083,0.0,1.020217992028181
KLSZ02,TMSZ02,1,0.28629046673994385,0.0,1.2862904667399437
KLSZ02,TMSZ05,1,0.13019580125957367,0.0,1.1301958012595736
KLSZ02,TPSZ01,1,0.05652170266635932,0.0,1.0565217026663594
KLSZ02,TPSZ02,1,0.13657333371381533,0.18455992379856875,1.321133257512384
KLSZ02,TPSZ04,1,0.07575675818783498,0.008470131714418922,1.0842268899022538
KLSZ02,TPSZ06,2,0.12381179600204813,0.07805612449431852,2.2018679204963667
KLSZ02,TPSZ07,1,0.10799810468595318,0.5646835933723241,1.6726816980582773
KLSZ02,TSSZ05,1,0.09724050215818579,0.0,1.0972405021581857
KLSZ02,WDSZ06,1,0.14204245518430475,0.0,1.1420424551843047
KLSZ02,YSSZ02,1,0.07605082007395911,0.0,1.0760508200739591
KLSZ02,YSSZ09,1,0.1285061084392512,0.0,1.1285061084392511
KLSZ03,AMSZ01,1,0.15223392505553893,0.0,1.152233925055539
KLSZ03,BDSZ01,2,0.2192978800657078,0.0,2.219297880065708
KLSZ03,BDSZ04,1,0.2881019600361443,0.0,1.2881019600361443
KLSZ03,BDSZ05,1,0.17740394964736123,0.0,1.1774039496473612
KLSZ03,BKSZ05,1,0.12616335271080603,0.0,1.126163352710806
KLSZ03,BMSZ01,2,0.2511823096452566,0.0,2.2511823096452566
KLSZ03,BMSZ04,1,0.08807987448220003,0.0,1.0880798744822
KLSZ03,BMSZ05,1,0.09141443977693423,0.0,1.0914144397769343
KLSZ03,BMSZ17,1,0.022301502581403714,0.0,1.0223015025814037
KLSZ03,BSSZ01,2,0.34181495476774465,0.0,2.3418149547677447
KLSZ03,BTSZ02,1,0.07168525575752312,0.0,1.0716852557575232
KLSZ03,BTSZ06,1,0.036162774677000284,0.0,1.0361627746770004
KLSZ03,CKSZ01,1,0.2081466220083169,0.0,1.208146622008317
KLSZ03,CKSZ06,1,0.07608477144289645,0.0,1.0760847714428965
KLSZ03,CLSZ03,1,0.1750682410866475,0.0,1.1750682410866475
KLSZ03,CLSZ08,1,0.11364857252484327,0.0,1.1136485725248433
KLSZ03,DTSZ01,1,0.1118401895511963,0.10003862814524836,1.2118788176964446
KLSZ03,DTSZ02,2,0.13533085453549817,0.248378571515736,2.383709426051234
KLSZ03,DTSZ03,1,0.10643254962689032,0.053942191328645535,1.1603747409555358
KLSZ03,DTSZ05,2,0.22585998823286044,0.0,2.2258599882328602
KLSZ03,DTSZ11,1,0.13827757506457436,0.0,1.1382775750645744
KLSZ03,DTSZ12,1,0.049437627217705525,0.0,1.0494376272177055
KLSZ03,GLSZ02,1,0.1321875850520096,0.1699705027510384,1.3021580878030479
KLSZ03,GLSZ05,4,0.4504460615797054,0.6253408431665882,5.075786904746294
KLSZ03,HGSZ06,3,0.34607858429609784,0.0,3.346078584296098
KLSZ03,JESZ02,1,0.02357188467515087,0.0,1.023571884675151
KLSZ03,JWSZ01,1,0.0021291003626607162,0.0,1.0021291003626607
KLSZ03,JWSZ08,2,0.04406663004090776,0.0,2.044066630040908
KLSZ03,JWSZ09,1,0.13407795124595576,0.0,1.1340779512459558
KLSZ03,KLSZ03,1,0.07446728955538649,6.626475992115761,7.700943281671147
KLSZ03,KLSZ08,3,0.40678804747875635,0.5812727420396722,3.9880607895184284
KLSZ03,MUSZ01,1,0.02712003816906496,0.0,1.027120038169065
KLSZ03,MUSZ03,2,0.046104241107365496,0.2170391564878641,2.2631433975952295
KLSZ03,NVSZ02,2,0.3541312156518075,0.30052583892593787,2.6546570545777453
KLSZ03,ORSZ02,4,0.2773252932134374,0.0,4.277325293213438
KLSZ03,ORSZ03,1,0.06462901360541337,0.0,1.0646290136054133
KLSZ03,OTSZ03,1,0.16405169150447144,0.0,1.1640516915044714
KLSZ03,OTSZ04,1,0.02443935616169857,0.0,1.0244393561616987
KLSZ03,PGSZ02,1,0.09581447012519231,0.0,1.0958144701251924
KLSZ03,PGSZ04,2,0.2295159708449714,0.0,2.229515970844971
KLSZ03,PNSZ02,1,0.0,0.0,1.0
KLSZ03,PRSZ05,2,0.26468196537468197,0.0,2.264681965374682
KLSZ03,QTSZ14,1,0.09094194907085729,0.0,1.0909419490708574
KLSZ03,RCSZ01,1,0.06257062688573892,0.07671608368825071,1.1392867105739897
KLSZ03,RCSZ10,2,0.0946192504900284,0.0,2.0946192504900285
KLSZ03,SESZ02,1,0.16943975488786023,0.0,1.1694397548878603
KLSZ03,SESZ05,1,0.08734149497124884,0.0,1.0873414949712488
KLSZ03,SGSZ04,1,0.22908110355132152,0.0,1.2290811035513216
KLSZ03,SGSZ06,1,0.2269066288072546,0.0,1.2269066288072545
KLSZ03,SRSZ03,1,0.07983717662786834,0.0,1.0798371766278683
KLSZ03,TMSZ03,1,0.28783704275513455,0.0,1.2878370427551347
KLSZ03,TMSZ04,1,0.14744531674559633,0.0,1.1474453167455962
KLSZ03,TSSZ05,1,0.09046337253325842,0.0,1.0904633725332584
KLSZ03,WDSZ02,1,0.0659207221347257,0.0,1.0659207221347258
KLSZ04,BDSZ06,1,0.0,0.0,1.0
KLSZ04,DTSZ05,2,0.0,0.0,2.0
KLSZ04,KLSZ01,1,0.0,0.0,1.0
KLSZ04,QTSZ06,1,0.0,0.0,1.0
KLSZ04,SESZ02,1,0.0,0.0,1.0
KLSZ04,SGSZ04,2,0.0,0.0,2.0
KLSZ04,TMSZ02,1,0.0,0.0,1.0
KLSZ05,AMSZ01,1,0.29832941215518455,0.0,1.2983294121551845
KLSZ05,AMSZ03,1,0.11058203348302248,0.0,1.1105820334830225
KLSZ05,BDSZ02,1,0.3255011023579065,0.0,1.3255011023579066
KLSZ05,BDSZ04,2,0.9402056749248456,0.0,2.9402056749248455
KLSZ05,BMSZ05,1,0.19902373058884965,0.0,1.1990237305888496
KLSZ05,BMSZ15,1,0.041030762469552194,0.0,1.0410307624695523
KLSZ05,BSSZ03,1,0.25394680407657366,0.0,1.2539468040765738
KLSZ05,CHSZ03,1,0.5958565006066566,0.0,1.5958565006066565
KLSZ05,CKSZ06,1,0.21637044236729006,0.0,1.21637044236729
KLSZ05,DTSZ03,4,0.3825089328791214,0.13972466955780424,4.522233602436925
KLSZ05,DTSZ05,2,0.30533489844500505,0.2600750538423876,2.5654099522873923
KLSZ05,GLSZ04,1,1.3422614056175195,0.324781842964142,2.6670432485816615
KLSZ05,HGSZ04,1,0.20062392746332575,0.0,1.2006239274633257
KLSZ05,HGSZ05,1,0.3656089365263914,0.0,1.3656089365263915
KLSZ05,JESZ05,1,0.3142904536654788,0.0,1.3142904536654787
KLSZ05,JWSZ09,1,0.2824251411498961,0.0,1.2824251411498961
KLSZ05,KLSZ05,3,4.6968109269832174,4.733355392575431,12.430166319558648
KLSZ05,KLSZ07,1,0.22547307129298264,0.038218025536364574,1.2636910968293473
KLSZ05,KLSZ08,2,0.26428771028172776,0.08945912737690462,2.3537468376586324
KLSZ05,MPSZ01,1,0.2750501549149394,0.36115693113258235,1.6362070860475217
KLSZ05,MUSZ01,1,0.07878619096250786,0.05302890633938687,1.1318150973018948
KLSZ05,NVSZ01,2,1.0278025715247059,0.0,3.027802571524706
KLSZ05,NVSZ02,1,0.4453764521321426,0.0,1.4453764521321426
KLSZ05,ORSZ02,1,0.2790133853063735,0.0,1.2790133853063734
KLSZ05,ORSZ03,1,0.13241988642278635,0.0,1.1324198864227863
KLSZ05,PGSZ01,1,0.19797081770465963,0.0,1.1979708177046597
KLSZ05,PGSZ02,1,0.17562056896543596,0.0,1.175620568965436
KLSZ05,PGSZ03,1,0.19868681260396093,0.0,1.198686812603961
KLSZ05,PGSZ04,1,0.35025661799834645,0.0,1.3502566179983464
KLSZ05,QTSZ11,1,0.22110909126939646,0.0,1.2211090912693965
KLSZ05,QTSZ12,1,0.13231112894311745,0.0,1.1323111289431174
KLSZ05,QTSZ14,1,0.1853598920790064,0.0,1.1853598920790065
KLSZ05,SESZ02,2,0.5834176881516381,0.0,2.583417688151638
KLSZ05,SGSZ04,1,0.46647141339022863,0.0,1.4664714133902286
KLSZ05,SGSZ06,1,0.29394242078778077,0.0,1.2939424207877808
KLSZ05,TMSZ01,1,0.44322665103367803,0.0,1.443226651033678
KLSZ05,TMSZ02,2,1.3289721015967908,0.0,3.328972101596791
KLSZ05,TMSZ03,2,0.9270879956251612,0.0,2.927087995625161
KLSZ05,TMSZ05,1,0.2599492282651245,0.0,1.2599492282651246
KLSZ05,TPSZ04,1,0.14503905462887062,0.0,1.1450390546288707
KLSZ05,WCSZ01,1,0.19485637850235005,0.0,1.19485637850235
KLSZ05,YSSZ09,1,0.29680162986367425,0.0,1.2968016298636742
KLSZ06,AMSZ01,3,0.9807334092736653,0.0,3.9807334092736655
KLSZ06,AMSZ02,2,0.7892472622696426,0.0,2.7892472622696425
KLSZ06,BDSZ01,1,0.6260091756868313,0.0,1.6260091756868313
KLSZ06,BDSZ03,1,0.7255377931894367,0.0,1.7255377931894367
KLSZ06,BDSZ04,3,1.1844507155237531,0.0,4.184450715523753
KLSZ06,BDSZ05,1,0.6491141650127431,0.0,1.649114165012743
KLSZ06,BKSZ05,1,0.6030550128660706,0.0,1.6030550128660706
KLSZ06,BMSZ01,1,0.48373166201040085,0.0,1.4837316620104009
KLSZ06,BMSZ02,1,0.2923388162675348,0.0,1.2923388162675349
KLSZ06,BMSZ03,1,0.4063168701250573,0.0,1.4063168701250572
KLSZ06,BMSZ06,1,0.40533524102992985,0.0,1.4053352410299298
KLSZ06,BMSZ07,1,0.6607632454132174,0.0,1.6607632454132175
KLSZ06,BMSZ09,1,0.15485466922746532,0.0,1.1548546692274653
KLSZ06,BMSZ12,1,0.3283621142842683,0.0,1.3283621142842683
KLSZ06,BMSZ14,1,0.262387059591039,0.0,1.262387059591039
KLSZ06,BPSZ03,1,0.2791213960473201,0.0,1.2791213960473202
KLSZ06,BPSZ05,1,0.40777075245345873,0.0,1.4077707524534588
KLSZ06,BPSZ06,1,0.21974213380937868,0.0,1.2197421338093788
KLSZ06,BSSZ01,1,0.8584716047175581,0.0,1.858471604717558
KLSZ06,BSSZ02,1,0.5723738498382517,0.0,1.5723738498382516
KLSZ06,BTSZ03,1,0.2186053041112276,0.0,1.2186053041112277
KLSZ06,CHSZ03,2,1.6043701005429012,0.0,3.6043701005429014
KLSZ06,CKSZ03,3,1.0349720741003225,0.0,4.034972074100322
KLSZ06,CKSZ04,1,0.2634519528262279,0.0,1.263451952826228
KLSZ06,CKSZ06,2,0.4721120280010711,0.0,2.472112028001071
KLSZ06,CLSZ04,1,0.3223101738329634,0.0,1.3223101738329635
KLSZ06,CLSZ06,2,0.48415113456839864,0.0,2.484151134568399
KLSZ06,DTSZ01,3,0.7129951523846533,0.7545170600119334,4.467512212396587
KLSZ06,DTSZ02,3,0.8335180490287265,0.7932310729390637,4.626749121967791
KLSZ06,DTSZ05,4,0.8376686254861035,1.4300162749801084,6.267684900466212
KLSZ06,DTSZ06,1,0.1380658246063554,0.05383622424801877,1.1919020488543741
KLSZ06,DTSZ08,3,0.39815365493616445,0.0,3.3981536549361646
KLSZ06,DTSZ09,1,0.14317009017615737,0.0,1.1431700901761574
KLSZ06,DTSZ11,2,0.5648672389006133,0.0,2.5648672389006135
KLSZ06,GLSZ02,1,0.4835860476968131,0.29776816209298085,1.7813542097897939
KLSZ06,GLSZ04,2,1.6129468199428685,1.3953561199652302,5.0083029399080985
KLSZ06,GLSZ05,1,0.8366904246263962,0.0,1.8366904246263962
KLSZ06,HGSZ02,1,0.4589379980338583,0.0,1.4589379980338584
KLSZ06,HGSZ03,2,0.7043993240091733,0.0,2.7043993240091733
KLSZ06,HGSZ04,1,0.4248509720676344,0.0,1.4248509720676343
KLSZ06,HGSZ06,1,0.9077942180555109,0.0,1.907794218055511
KLSZ06,HGSZ07,1,0.417910410606431,0.0,1.417910410606431
KLSZ06,HGSZ08,1,0.5332125246767841,0.0,1.533212524676784
KLSZ06,JESZ05,4,0.8548078308267084,0.0,4.854807830826708
KLSZ06,JWSZ02,1,0.3050915949153547,0.0,1.3050915949153548
KLSZ06,JWSZ03,1,0.3370723592919527,0.0,1.3370723592919527
KLSZ06,JWSZ04,1,0.4583172695887313,0.0,1.4583172695887314
KLSZ06,JWSZ07,1,0.04900763822997863,0.0,1.0490076382299787
KLSZ06,JWSZ08,1,0.6858587764240726,0.0,1.6858587764240727
KLSZ06,JWSZ09,1,0.5167059994485894,0.0,1.5167059994485894
KLSZ06,KLSZ01,7,1.8386236150658426,3.441720396577484,12.280344011643326
KLSZ06,KLSZ02,2,0.7370297746579774,0.37681566236823977,3.1138454370262174
KLSZ06,KLSZ03,1,0.3577844875271447,0.12754919959631061,1.4853336871234553
KLSZ06,KLSZ07,3,1.2305988983670664,0.6023522508565506,4.832951149223617
KLSZ06,KLSZ08,1,0.4569094455122626,0.3509158303104408,1.8078252758227036
KLSZ06,KLSZ09,1,0.18101433443627427,0.3023483848355852,1.4833627192718595
KLSZ06,MSSZ01,1,0.0,0.0,1.0
KLSZ06,MUSZ01,1,0.18308204029544903,0.25217128912288855,1.4352533294183374
KLSZ06,MUSZ03,1,0.08272501458458283,0.14092289002592379,1.2236479046105067
KLSZ06,NVSZ01,7,2.7630656023945694,1.6992315224384877,11.462297124833057
KLSZ06,NVSZ02,1,0.8746370940324061,0.557765274480693,2.4324023685130993
KLSZ06,ORSZ02,2,0.5740802571175515,0.3033826502654892,2.8774629073830407
KLSZ06,ORSZ03,3,0.6649458543992046,0.7494841389270258,4.41442999332623
KLSZ06,OTSZ03,3,0.799126134781967,0.0,3.799126134781967
KLSZ06,PGSZ04,2,1.02485495691258,0.0,3.0248549569125798
KLSZ06,PGSZ05,2,0.7373504787236402,0.0,2.7373504787236405
KLSZ06,PLSZ04,1,0.0609655566964003,0.0,1.0609655566964002
KLSZ06,PRSZ02,2,0.6350164212149411,0.0,2.635016421214941
KLSZ06,PRSZ03,3,0.773857271711502,0.0,3.7738572717115018
KLSZ06,QTSZ03,1,0.14367938609970046,0.0,1.1436793860997005
KLSZ06,QTSZ12,1,0.18314323312297817,0.0,1.183143233122978
KLSZ06,RCSZ10,1,0.22532824778987978,0.3398415273837123,1.565169775173592
KLSZ06,SBSZ03,1,0.45015433467346927,0.0,1.4501543346734693
KLSZ06,SBSZ05,1,0.03876389534461947,0.0,1.0387638953446194
KLSZ06,SESZ02,1,0.5226161965089774,0.0,1.5226161965089773
KLSZ06,SESZ03,5,1.125497883498696,0.0,6.125497883498696
KLSZ06,SESZ04,2,0.9814170609351823,0.0,2.981417060935182
KLSZ06,SESZ05,2,0.4949881615310287,0.0,2.4949881615310288
KLSZ06,SESZ06,1,0.6028845130960045,0.0,1.6028845130960045
KLSZ06,SGSZ03,2,0.8423369958664217,0.0,2.8423369958664217
KLSZ06,SGSZ04,2,1.3787431810469626,0.0,3.3787431810469624
KLSZ06,SGSZ06,3,0.814675493476794,0.0,3.814675493476794
KLSZ06,SGSZ07,1,0.24590378420357029,0.0,1.2459037842035703
KLSZ06,SRSZ01,1,0.3717839810879047,0.10167780224989147,1.473461783337796
KLSZ06,TMSZ02,1,0.5432239030063247,0.0,1.5432239030063246
KLSZ06,TMSZ03,5,2.0150659345414086,0.0,7.015065934541409
KLSZ06,TMSZ04,1,0.4755158025606721,0.0,1.475515802560672
KLSZ06,TPSZ04,2,0.43603786855671334,0.12768571699379597,2.5637235855505094
KLSZ06,TPSZ07,1,0.36433677581862794,0.42158984322321696,1.785926619041845
KLSZ06,TPSZ09,1,0.44699614837861046,0.1352546581631235,1.582250806541734
KLSZ06,TPSZ11,2,0.8331290199876676,0.24406558063100833,3.0771946006186757
KLSZ06,WCSZ01,1,0.3894068459981435,0.0,1.3894068459981435
KLSZ06,WDSZ04,1,0.28857274155149987,0.0,1.2885727415514998
KLSZ06,YSSZ04,1,0.3606856338323904,0.0,1.3606856338323903
KLSZ06,YSSZ09,3,0.9441271784804658,0.0,3.944127178480466
KLSZ07,AMSZ02,1,0.40136476385416564,0.0,1.4013647638541658
KLSZ07,AMSZ03,2,0.6445652370397209,0.0,2.644565237039721
KLSZ07,AMSZ06,1,0.4214567283217598,0.0,1.4214567283217598
KLSZ07,AMSZ09,1,0.195314820187425,0.0,1.195314820187425
KLSZ07,BDSZ02,1,0.5325532509604175,0.0,1.5325532509604174
KLSZ07,BDSZ04,1,0.4318769579372213,0.0,1.4318769579372213
KLSZ07,BKSZ01,1,0.1018079052339263,0.0,1.1018079052339262
KLSZ07,BKSZ05,1,0.5305127529802001,0.0,1.5305127529802
KLSZ07,BMSZ01,1,0.37587576641062315,0.0,1.3758757664106231
KLSZ07,BMSZ02,1,0.2539663254006407,0.0,1.2539663254006408
KLSZ07,BMSZ04,1,0.32776654543652867,0.0,1.3277665454365286
KLSZ07,BMSZ05,2,0.6059413693307305,0.0,2.6059413693307305
KLSZ07,BMSZ09,2,0.3129188521319327,0.04854575474026633,2.361464606872199
KLSZ07,BPSZ05,2,0.41194191680521747,0.0,2.4119419168052176
KLSZ07,BSSZ03,2,0.9270873995553711,0.0,2.9270873995553712
KLSZ07,BTSZ01,5,0.8402828169631352,0.0,5.840282816963136
KLSZ07,CKSZ04,1,0.26698491576710415,0.0,1.2669849157671043
KLSZ07,CKSZ06,1,0.34121888996083727,0.0,1.3412188899608373
KLSZ07,CLSZ06,1,0.23757353854897517,0.0,1.2375735385489752
KLSZ07,DTSZ01,1,0.3230354041769017,0.13419339297147545,1.457228797148377
KLSZ07,DTSZ02,1,0.36149694909764946,0.13832378216924732,1.4998207312668967
KLSZ07,DTSZ05,4,0.4777444346834629,0.809852301638188,5.287596736321651
KLSZ07,DTSZ08,3,0.3372534185011339,0.0,3.3372534185011338
KLSZ07,DTSZ11,3,0.44728271970127736,0.0,3.447282719701277
KLSZ07,GLSZ04,1,1.1347747531401262,0.0,2.1347747531401264
KLSZ07,HGSZ04,1,0.3626065865875705,0.0,1.3626065865875705
KLSZ07,HGSZ05,1,0.4506167431200739,0.0,1.4506167431200738
KLSZ07,HGSZ07,1,0.39451432102070355,0.0,1.3945143210207036
KLSZ07,HGSZ08,1,0.4220068436060781,0.0,1.422006843606078
KLSZ07,JESZ03,1,0.3883944974908474,0.0,1.3883944974908475
KLSZ07,JESZ08,1,0.11100196093580945,0.0,1.1110019609358095
KLSZ07,JWSZ02,1,0.29719838411144817,0.0,1.2971983841114483
KLSZ07,JWSZ04,1,0.39714448085916765,0.0,1.3971444808591675
KLSZ07,KLSZ05,1,0.3798695176370662,0.014357000904703286,1.3942265185417697
KLSZ07,KLSZ06,2,0.7617902871244506,0.8011755962367394,3.56296588336119
KLSZ07,KLSZ07,1,1.5992908015916014,14.418750208877332,17.018041010468934
KLSZ07,KLSZ08,2,0.3987305262087584,0.30564385763669993,2.704374383845458
KLSZ07,MPSZ02,2,0.7279356522009047,0.0,2.727935652200905
KLSZ07,MUSZ01,3,0.14937709536244356,0.4695825373087424,3.618959632671186
KLSZ07,NTSZ03,1,0.33390809671843785,0.13932942945116455,1.4732375261696022
KLSZ07,NVSZ01,4,1.4306702373753932,0.8735873040795801,6.304257541454973
KLSZ07,NVSZ02,4,1.0806933336783213,1.241001153718836,6.321694487397157
KLSZ07,ORSZ02,4,0.9712023555960735,0.24669168411485157,5.217894039710925
KLSZ07,ORSZ03,1,0.25876033087403305,0.17421998282136775,1.432980313695401
KLSZ07,OTSZ03,3,0.687901295077031,0.0,3.687901295077031
KLSZ07,OTSZ04,1,0.21775263205359247,0.18270306483867726,1.4004556968922697
KLSZ07,PGSZ02,1,0.2360249575958575,0.0,1.2360249575958575
KLSZ07,PNSZ01,1,0.13170014817486095,0.0,1.131700148174861
KLSZ07,QTSZ08,2,0.5033020011480142,0.0,2.5033020011480143
KLSZ07,QTSZ11,1,0.3320641362548694,0.0,1.3320641362548695
KLSZ07,QTSZ12,1,0.2022990153274145,0.0,1.2022990153274145
KLSZ07,QTSZ14,1,0.3076365156109452,0.0,1.307636515610945
KLSZ07,RCSZ05,1,0.06652744698876914,0.2357043977857634,1.3022318447745325
KLSZ07,RCSZ08,1,0.0,0.0,1.0
KLSZ07,RCSZ09,1,0.1216967424918769,0.06968967734624551,1.1913864198381223
KLSZ07,RCSZ10,1,0.13182958909797254,0.12324639508136889,1.2550759841793415
KLSZ07,SBSZ01,2,0.8799394244530248,0.0,2.879939424453025
KLSZ07,SBSZ03,1,0.36108263184277817,0.0,1.3610826318427782
KLSZ07,SBSZ04,2,0.37180572667319,0.0,2.3718057266731902
KLSZ07,SESZ02,2,0.7480088635779741,0.0,2.748008863577974
KLSZ07,SESZ03,3,0.6111604012661623,0.0,3.6111604012661624
KLSZ07,SESZ06,3,0.9697855342236738,0.0,3.9697855342236736
KLSZ07,SGSZ01,1,0.3354019470384199,0.0,1.33540194703842
KLSZ07,SGSZ03,1,0.5425339470604529,0.0,1.5425339470604529
KLSZ07,SGSZ04,1,0.8253214462673703,0.0,1.8253214462673704
KLSZ07,SGSZ07,1,0.24781407724626905,0.0,1.2478140772462691
KLSZ07,SRSZ01,3,0.7042209677184993,0.2228381151293599,3.927059082847859
KLSZ07,TMSZ03,1,0.6265716795003335,0.0,1.6265716795003335
KLSZ07,TPSZ02,1,0.6592507416142458,0.5540966424692136,2.2133473840834594
KLSZ07,TPSZ04,1,0.24987571371293363,0.042341446944130265,1.292217160657064
KLSZ07,TPSZ06,2,0.6781533233383077,0.24576642717235664,2.9239197505106644
KLSZ07,TPSZ08,1,0.2969207564608745,0.0,1.2969207564608745
KLSZ07,TPSZ11,2,0.8250228095453808,0.5076233030817213,3.332646112627102
KLSZ07,WDSZ03,2,0.6812949082539081,0.0,2.681294908253908
KLSZ07,WDSZ04,1,0.28879013616062,0.0,1.28879013616062
KLSZ08,AMSZ01,1,0.458216881219316,0.0,1.458216881219316
KLSZ08,AMSZ02,1,0.28539316192642333,0.0,1.2853931619264234
KLSZ08,AMSZ04,1,0.07768459875233193,0.0,1.077684598752332
KLSZ08,AMSZ06,1,0.3762481953037828,0.0,1.3762481953037828
KLSZ08,AMSZ09,1,0.17596947471124297,0.0,1.175969474711243
KLSZ08,BDSZ01,2,0.5701588905795667,0.0,2.5701588905795667
KLSZ08,BDSZ03,1,0.48170111868746895,0.0,1.481701118687469
KLSZ08,BDSZ04,3,0.7096288122789912,0.0,3.709628812278991
KLSZ08,BDSZ05,1,0.44758073915826363,0.0,1.4475807391582636
KLSZ08,BKSZ05,2,0.6138988133966999,0.0,2.6138988133967
KLSZ08,BMSZ01,2,0.45420702523093814,0.0,2.454207025230938
KLSZ08,BMSZ03,1,0.26486211994894415,0.0,1.264862119948944
KLSZ08,BMSZ04,1,0.15191602462665982,0.0,1.1519160246266598
KLSZ08,BMSZ07,2,0.5662316948729382,0.0,2.566231694872938
KLSZ08,BMSZ08,2,0.19571101891428208,0.0,2.195711018914282
KLSZ08,BMSZ09,2,0.11735739105503877,0.0,2.1173573910550387
KLSZ08,BMSZ16,1,0.04658861344862964,0.0,1.0465886134486297
KLSZ08,BPSZ01,2,0.3277794983929794,0.0,2.3277794983929794
KLSZ08,BPSZ04,1,0.24498501458396965,0.0,1.2449850145839696
KLSZ08,BPSZ05,1,0.28631797177067836,0.0,1.2863179717706783
KLSZ08,BSSZ01,1,0.6512368552959416,0.0,1.6512368552959416
KLSZ08,BSSZ03,1,0.491455617425372,0.0,1.491455617425372
KLSZ08,BTSZ01,1,0.31424695169232547,0.0,1.3142469516923254
KLSZ08,BTSZ04,1,0.27477696959324754,0.0,1.2747769695932476
KLSZ08,BTSZ05,1,0.12095335090829021,0.0,1.1209533509082903
KLSZ08,BTSZ08,1,0.16015704879464135,0.0,1.1601570487946413
KLSZ08,CKSZ02,2,0.4909991976230509,0.0,2.4909991976230508
KLSZ08,CKSZ04,1,0.24065957945989636,0.0,1.2406595794598965
KLSZ08,CKSZ06,2,0.4337662850162047,0.0,2.4337662850162047
KLSZ08,CLSZ03,2,0.32003935528461736,0.0,2.3200393552846172
KLSZ08,CLSZ04,3,0.41088295657428353,0.0,3.4108829565742838
KLSZ08,DTSZ01,1,0.2565646992167858,0.07509426536203195,1.3316589645788177
KLSZ08,DTSZ02,2,0.42411172451094936,0.19485547005595877,2.618967194566908
KLSZ08,DTSZ03,2,0.33602079896685505,0.08602648009025561,2.4220472790571104
KLSZ08,DTSZ08,2,0.20660752547013234,0.0,2.2066075254701323
KLSZ08,DTSZ12,1,0.17193641522776024,0.0,1.1719364152277603
KLSZ08,GLSZ02,1,0.374861877508796,0.12854771232783146,1.5034095898366275
KLSZ08,GLSZ04,2,1.7297339952111648,0.7810822483224478,4.510816243533612
KLSZ08,HGSZ02,2,0.6756836102513212,0.0,2.6756836102513213
KLSZ08,HGSZ05,1,0.4022648759594244,0.0,1.4022648759594243
KLSZ08,HGSZ06,1,0.6796605683610814,0.0,1.6796605683610815
KLSZ08,HGSZ07,1,0.28967324488772345,0.0,1.2896732448877235
KLSZ08,JESZ01,1,0.1498173990918939,0.0,1.1498173990918938
KLSZ08,JESZ03,1,0.4224386810250676,0.0,1.4224386810250675
KLSZ08,JESZ05,1,0.3182849529115802,0.0,1.31828495291158
KLSZ08,JWSZ01,1,0.0395549922759099,0.0,1.03955499227591
KLSZ08,JWSZ03,1,0.30400050815625956,0.0,1.3040005081562596
KLSZ08,JWSZ04,1,0.38519865672453774,0.0,1.3851986567245378
KLSZ08,JWSZ08,1,0.4406382263628774,0.0,1.4406382263628774
KLSZ08,JWSZ09,2,0.5511620465071017,0.0,2.551162046507102
KLSZ08,KLSZ01,2,0.974160832320856,0.6812331004503611,3.6553939327712173
KLSZ08,KLSZ03,2,0.2554448574378395,0.1225280251837455,2.3779728826215853
KLSZ08,KLSZ05,2,0.3630485562065945,0.0337739619395577,2.3968225181461524
KLSZ08,KLSZ06,2,0.6453179638912829,0.33156549293325943,2.976883456824542
KLSZ08,KLSZ08,1,1.0119399746134152,10.818228353750698,12.830168328364113
KLSZ08,KLSZ09,1,0.11455465312268605,0.06251426730841265,1.1770689204310987
KLSZ08,MPSZ01,1,0.26329605266172007,0.2957362938041862,1.5590323464659064
KLSZ08,NVSZ01,2,1.622943942930763,0.30654881359332187,3.929492756524085
KLSZ08,NVSZ02,1,0.5459860698798857,0.13805409168189336,1.684040161561779
KLSZ08,OTSZ01,1,0.06025346049904955,0.0,1.0602534604990494
KLSZ08,OTSZ03,3,0.5521132159631522,0.0,3.552113215963152
KLSZ08,PGSZ02,3,0.4838048044268267,0.0,3.4838048044268266
KLSZ08,PGSZ04,3,0.8809295340238498,0.0,3.8809295340238497
KLSZ08,PRSZ04,1,0.12729941185079466,0.0,1.1272994118507946
KLSZ08,QTSZ03,1,0.05249742762027475,0.0,1.0524974276202748
KLSZ08,QTSZ05,2,0.3822055100999661,0.0,2.382205510099966
KLSZ08,QTSZ10,1,0.2467662813546708,0.0,1.2467662813546707
KLSZ08,RCSZ01,1,0.14458295374483354,0.02304232965315717,1.1676252833979908
KLSZ08,RCSZ10,2,0.17249426110732904,0.003881250223540175,2.1763755113308694
KLSZ08,SBSZ03,2,0.4707559814048477,0.0,2.4707559814048476
KLSZ08,SBSZ05,1,0.0371068710808809,0.0,1.0371068710808808
KLSZ08,SBSZ06,1,0.17785395910651808,0.0,1.177853959106518
KLSZ08,SESZ02,2,0.8634407852630308,0.0,2.863440785263031
KLSZ08,SESZ03,3,0.6433201284944685,0.0,3.6433201284944685
KLSZ08,SESZ04,2,0.8655836157600583,0.0,2.865583615760058
KLSZ08,SESZ05,1,0.23795959139232162,0.0,1.2379595913923216
KLSZ08,SESZ06,1,0.5377705480648133,0.0,1.5377705480648132
KLSZ08,SGSZ06,3,0.7177507855305371,0.0,3.717750785530537
KLSZ08,SGSZ07,1,0.18457058884285463,0.0,1.1845705888428546
KLSZ08,TMSZ02,6,1.3930525193935481,0.0,7.393052519393548
KLSZ08,TMSZ04,2,0.6291383756987678,0.0,2.629138375698768
KLSZ08,TPSZ01,2,0.21233633948291045,0.0,2.2123363394829103
KLSZ08,TPSZ02,3,0.5327524482413154,0.7347136505013148,4.267466098742631
KLSZ08,TPSZ04,1,0.15678112656402063,0.02469506892391494,1.1814761954879356
KLSZ08,TPSZ06,1,0.33473102808024285,0.06922053912252196,1.403951567202765
KLSZ08,TPSZ09,1,0.2638369876560242,0.05396785599256708,1.3178048436485914
KLSZ08,TPSZ11,1,0.47464274525404476,0.03419377979849534,1.50883652505254
KLSZ08,WDSZ02,1,0.3705967807143092,0.0,1.3705967807143091
KLSZ08,WDSZ03,3,0.8652006599364077,0.0,3.8652006599364075
KLSZ08,WDSZ06,1,0.21135234512901638,0.0,1.2113523451290165
KLSZ09,AMSZ02,2,0.07354766304535773,0.0,2.0735476630453578
KLSZ09,AMSZ05,2,0.12177010288301193,0.0,2.121770102883012
KLSZ09,AMSZ10,1,0.04133579768297458,0.0,1.0413357976829747
KLSZ09,BDSZ03,2,0.07974872365838885,0.0,2.0797487236583887
KLSZ09,BDSZ05,1,0.08859402105443484,0.0,1.088594021054435
KLSZ09,BKSZ01,1,0.023683092777581086,0.0,1.023683092777581
KLSZ09,BMSZ01,1,0.06677908147025949,0.0,1.0667790814702596
KLSZ09,BMSZ08,1,0.038562683090037915,0.0,1.0385626830900379
KLSZ09,BMSZ12,1,0.026890663085024885,0.0,1.026890663085025
KLSZ09,BPSZ05,1,0.06393596076450399,0.0,1.063935960764504
KLSZ09,BSSZ01,1,0.09354428086492224,0.0,1.0935442808649223
KLSZ09,BSSZ02,1,0.0783221699410718,0.0,1.0783221699410719
KLSZ09,BSSZ03,3,0.10027175530676281,0.0,3.1002717553067627
KLSZ09,CHSZ02,1,0.01582646289667452,0.0,1.0158264628966744
KLSZ09,CLSZ03,1,0.06273259796700056,0.0,1.0627325979670006
KLSZ09,CLSZ07,1,0.061496767827219447,0.0,1.0614967678272194
KLSZ09,DTSZ01,2,0.04022089240930244,0.3260270172839081,2.3662479096932105
KLSZ09,DTSZ03,1,0.059480856920257126,0.182106927664862,1.241587784585119
KLSZ09,DTSZ08,2,0.02181549346319059,0.8763575792143103,2.898173072677501
KLSZ09,DTSZ12,1,0.031756313519227225,0.047891886853651214,1.0796482003728785
KLSZ09,GLSZ01,1,0.07010072327684515,0.07158068495956577,1.1416814082364108
KLSZ09,GLSZ04,2,0.28274694968047026,0.7875160630423647,3.070263012722835
KLSZ09,GLSZ05,1,0.10760891304505038,0.0,1.1076089130450504
KLSZ09,HGSZ06,2,0.12458593510636998,0.0,2.12458593510637
KLSZ09,HGSZ08,2,0.05822497712527395,0.0,2.058224977125274
KLSZ09,JESZ05,1,0.08088592120189646,0.0,1.0808859212018964
KLSZ09,JWSZ02,1,0.03705950506228518,0.0,1.0370595050622853
KLSZ09,JWSZ04,1,0.10325996019925605,0.0,1.103259960199256
KLSZ09,JWSZ08,1,0.03839052359266436,0.0,1.0383905235926643
KLSZ09,JWSZ09,4,0.1877622577633963,0.0,4.187762257763397
KLSZ09,KLSZ06,1,0.10082383129702771,0.3788362044231854,1.4796600357202132
KLSZ09,KLSZ08,2,0.07036142405047491,0.3604724526120074,2.4308338766624824
KLSZ09,KLSZ09,3,0.368054165434131,18.753488037481322,22.121542202915453
KLSZ09,MPSZ03,1,0.08422063964835004,0.0,1.08422063964835
KLSZ09,NVSZ02,2,0.16516498690857523,0.33239006615205197,2.497555053060627
KLSZ09,ORSZ03,1,0.04294656161461661,0.09955996159630602,1.1425065232109226
KLSZ09,OTSZ01,1,0.008324816459582296,0.2519917191849481,1.2603165356445305
KLSZ09,OTSZ03,3,0.059369222373208144,0.9956064518147196,4.0549756741879275
KLSZ09,PGSZ03,1,0.03530646665228279,0.0,1.0353064666522829
KLSZ09,PGSZ05,1,0.052081635571144265,0.0,1.0520816355711442
KLSZ09,PRSZ03,1,0.08959270739971395,0.0,1.089592707399714
KLSZ09,QTSZ01,1,0.05988603785751837,0.0,1.0598860378575183
KLSZ09,QTSZ04,1,0.008693192111144311,0.0,1.0086931921111444
KLSZ09,QTSZ05,1,0.06426043426644877,0.0,1.0642604342664488
KLSZ09,QTSZ08,1,0.04145181977823104,0.0,1.041451819778231
KLSZ09,QTSZ09,1,0.005404702375821066,0.0,1.005404702375821
KLSZ09,QTSZ12,1,0.020814791593281604,0.0,1.0208147915932817
KLSZ09,RCSZ01,1,0.013662673114950301,0.04165173193577906,1.0553144050507293
KLSZ09,RCSZ09,1,0.008151652511237959,0.07593937976274079,1.0840910322739787
KLSZ09,RCSZ10,1,0.0323424196453747,0.22339804296387225,1.255740462609247
KLSZ09,RVSZ05,1,0.036386880441976334,0.0,1.0363868804419762
KLSZ09,SESZ02,1,0.07334476942455348,0.0,1.0733447694245535
KLSZ09,SESZ03,1,0.1264850553778466,0.0,1.1264850553778465
KLSZ09,SESZ04,3,0.21566297694259776,0.0,3.215662976942598
KLSZ09,SGSZ03,2,0.06844254605801597,0.0,2.068442546058016
KLSZ09,SGSZ04,1,0.11538188295241412,0.0,1.115381882952414
KLSZ09,SGSZ07,1,0.0529626468418116,0.0,1.0529626468418116
KLSZ09,SRSZ02,1,0.010219484752403488,0.19437622573083563,1.2045957104832392
KLSZ09,TMSZ01,1,0.15187478010674157,0.0,1.1518747801067415
KLSZ09,TMSZ02,2,0.16494861290493557,0.0,2.1649486129049356
KLSZ09,TMSZ05,1,0.06443118345278502,0.0,1.064431183452785
KLSZ09,TPSZ02,2,0.09491958337218805,0.0,2.094919583372188
KLSZ09,TPSZ03,2,0.039147256818347964,0.0,2.0391472568183477
KLSZ09,TPSZ06,2,0.025380024113835727,0.0,2.0253800241138356
KLSZ09,TPSZ07,1,0.02973756624825235,0.0,1.0297375662482524
KLSZ09,WDSZ04,1,0.07760744766544211,0.0,1.077607447665442
KLSZ09,WDSZ09,1,0.011776370391119667,0.0,1.0117763703911196
KLSZ09,YSSZ08,2,0.0294357047913484,0.0,2.0294357047913483
LKSZ01,AMSZ06,1,0.6608842531582847,0.0,1.6608842531582848
LKSZ01,WDSZ06,1,0.3391157468415858,0.0,1.3391157468415857
MDSZ02,AMSZ02,1,0.06401620324603731,0.0,1.0640162032460374
MDSZ02,BDSZ02,1,0.08026831793715353,0.0,1.0802683179371535
MDSZ02,BKSZ05,1,0.09494399793111438,0.0,1.0949439979311144
MDSZ02,BSSZ03,1,0.06082068166770511,0.0,1.060820681667705
MDSZ02,CKSZ04,1,0.06473609196152902,0.0,1.064736091961529
MDSZ02,MPSZ03,1,0.06610256774121427,0.0,1.0661025677412144
MDSZ02,SESZ04,1,0.11485867421457313,0.0,1.1148586742145732
MDSZ02,TPSZ05,1,0.02282879137981303,0.0,1.022828791379813
MDSZ02,YSSZ04,1,0.18398843049905508,0.0,1.1839884304990551
MDSZ02,YSSZ08,1,0.019261583230424317,0.0,1.0192615832304244
MDSZ02,YSSZ09,2,0.22817466019135973,0.0,2.22817466019136
MDSZ03,AMSZ02,1,0.10559115793852107,0.0,1.1055911579385211
MDSZ03,BTSZ07,1,0.19210688747474378,0.0,1.1921068874747438
MDSZ03,CLSZ04,1,0.06942262142247088,0.0,1.069422621422471
MDSZ03,MUSZ01,1,0.08136845853644076,0.0,1.0813684585364407
MDSZ03,SESZ03,1,0.20503746712210288,0.0,1.205037467122103
MDSZ03,SKSZ03,1,0.008080810786010393,0.0,1.0080808107860104
MDSZ03,YSSZ09,6,0.33839259671961924,0.0,6.338392596719619
MPSZ01,AMSZ04,1,0.03306866255005159,0.0,1.0330686625500516
MPSZ01,AMSZ05,1,0.31758983844564925,0.0,1.3175898384456493
MPSZ01,BDSZ01,2,0.5628370012562526,0.0,2.5628370012562525
MPSZ01,BDSZ04,3,1.2674716007499576,0.0,4.267471600749958
MPSZ01,BDSZ06,1,0.7023481486501758,0.0,1.702348148650176
MPSZ01,BDSZ07,1,0.5526964379627882,0.0,1.5526964379627883
MPSZ01,BKSZ06,1,0.13455937334770487,0.0,1.1345593733477048
MPSZ01,BMSZ05,1,0.21625594528661277,0.0,1.2162559452866128
MPSZ01,BMSZ08,1,0.18606660842017564,0.0,1.1860666084201756
MPSZ01,BMSZ16,1,0.029581757327648176,0.0,1.0295817573276482
MPSZ01,BSSZ01,1,0.3886129973792786,0.0,1.3886129973792787
MPSZ01,CHSZ03,1,0.43001533188256447,0.0,1.4300153318825646
MPSZ01,CLSZ06,1,0.2956758177004239,0.0,1.295675817700424
MPSZ01,DTSZ05,2,0.7635011643678057,0.0,2.763501164367806
MPSZ01,DTSZ11,1,0.2933846751217265,0.0,1.2933846751217266
MPSZ01,GLSZ02,1,0.27200520517313365,0.33282923002497505,1.6048344351981088
MPSZ01,HGSZ04,1,0.24486355459312653,0.0,1.2448635545931266
MPSZ01,HGSZ06,2,0.7088614526757869,0.0,2.708861452675787
MPSZ01,JWSZ03,1,0.10101425778389231,0.0,1.1010142577838924
MPSZ01,MPSZ03,2,1.2233678470565525,1.667105153646134,4.890473000702687
MPSZ01,MUSZ01,1,0.08735612264546593,0.0,1.087356122645466
MPSZ01,PGSZ04,1,0.41127256207808544,0.0,1.4112725620780855
MPSZ01,PRSZ05,1,0.4156719208687363,0.0,1.4156719208687363
MPSZ01,RCSZ09,1,0.06771810925974033,0.0,1.0677181092597403
MPSZ01,SESZ02,1,0.4029366602579558,0.0,1.4029366602579558
MPSZ01,TMSZ02,2,2.388331534663201,0.0,4.388331534663201
MPSZ01,TMSZ04,1,0.5029354125008274,0.0,1.5029354125008274
MPSZ02,AMSZ01,2,0.5898886412446261,0.0,2.589888641244626
MPSZ02,BDSZ04,4,1.6586908090095234,0.0,5.658690809009523
MPSZ02,BDSZ05,2,1.0777183782905948,1.0034235563269975,4.081141934617593
MPSZ02,BDSZ07,1,0.6430527447493988,0.19684909772356154,1.8399018424729603
MPSZ02,BKSZ07,1,0.453878338450857,0.0,1.4538783384508571
MPSZ02,BMSZ01,1,0.32096033125139367,0.0,1.3209603312513938
MPSZ02,BMSZ04,1,0.22573455133529677,0.0,1.2257345513352969
MPSZ02,BMSZ12,1,0.22216532109619586,0.0,1.2221653210961958
MPSZ02,BPSZ01,1,0.10822067805473767,0.0,1.1082206780547377
MPSZ02,BSSZ01,1,0.44806259277310134,0.0,1.4480625927731015
MPSZ02,DTSZ05,1,0.2694209050215188,0.0,1.2694209050215188
MPSZ02,GLSZ04,4,1.9791436560287412,2.406754061548149,8.38589771757689
MPSZ02,GLSZ05,3,1.6223396451458778,1.525164817740037,6.147504462885915
MPSZ02,HGSZ06,1,0.5759671044330334,0.0,1.5759671044330334
MPSZ02,KLSZ06,1,0.3576446411449413,0.0,1.3576446411449412
MPSZ02,KLSZ09,1,0.0715634231797968,0.0,1.0715634231797968
MPSZ02,MPSZ03,2,2.491817455897332,2.867545817120927,7.359363273018259
MPSZ02,ORSZ02,2,0.5455036230774494,0.0,2.5455036230774493
MPSZ02,ORSZ03,1,0.21026911996342437,0.0,1.2102691199634243
MPSZ02,OTSZ03,1,0.42009142766410124,0.0,1.4200914276641012
MPSZ02,PGSZ02,1,0.23072362883310313,0.0,1.2307236288331032
MPSZ02,PGSZ04,1,0.4890796679604641,0.0,1.489079667960464
MPSZ02,PRSZ03,3,0.9555142372754463,0.0,3.9555142372754464
MPSZ02,QTSZ06,1,0.1686838226230379,0.0,1.1686838226230378
MPSZ02,QTSZ08,2,0.5088262746083488,0.0,2.508826274608349
MPSZ02,QTSZ11,1,0.19049746753277563,0.0,1.1904974675327757
MPSZ02,RCSZ10,2,0.22323876316616328,0.0,2.2232387631661634
MPSZ02,SGSZ06,1,0.43523844631366765,0.0,1.4352384463136676
MPSZ02,TMSZ04,3,0.8764032081139902,0.0,3.8764032081139903
MPSZ02,TPSZ03,1,0.12435112770138104,0.0,1.1243511277013811
MPSZ02,TPSZ04,1,0.10736347994767052,0.0,1.1073634799476706
MPSZ02,YSSZ09,1,0.3979464881181429,0.0,1.397946488118143
MPSZ03,AMSZ02,1,0.593235228753618,0.0,1.593235228753618
MPSZ03,AMSZ04,1,0.1121264601363807,0.0,1.1121264601363807
MPSZ03,AMSZ08,1,0.2655619069203771,0.0,1.2655619069203772
MPSZ03,AMSZ10,1,0.4955020663592508,0.0,1.4955020663592509
MPSZ03,BDSZ01,2,1.438665609943732,0.0,3.4386656099437323
MPSZ03,BDSZ03,1,1.3354917921293763,0.0,2.3354917921293765
MPSZ03,BDSZ04,5,2.8137583698092534,0.0,7.813758369809253
MPSZ03,BDSZ05,3,3.8474887483740576,0.7640506298920184,7.611539378266077
MPSZ03,BDSZ06,1,1.8005176588782068,0.0,2.800517658878207
MPSZ03,BDSZ07,1,1.980572528332927,0.20223363878705572,3.182806167119983
MPSZ03,BMSZ01,1,0.748546025877178,0.0,1.748546025877178
MPSZ03,BMSZ02,1,0.428909280262309,0.0,1.428909280262309
MPSZ03,BMSZ05,1,0.6049140378357585,0.0,1.6049140378357585
MPSZ03,BMSZ07,1,0.9469234075924216,0.0,1.9469234075924216
MPSZ03,BMSZ16,1,0.10176093807555492,0.0,1.1017609380755549
MPSZ03,BPSZ03,1,0.483335383496168,0.0,1.483335383496168
MPSZ03,BSSZ03,1,1.0172728588824425,0.0,2.0172728588824427
MPSZ03,BTSZ01,1,0.7763761346174634,0.0,1.7763761346174634
MPSZ03,BTSZ05,1,0.20666997296854148,0.0,1.2066699729685415
MPSZ03,BTSZ06,1,0.2179415808872718,0.0,1.2179415808872718
MPSZ03,CHSZ03,3,2.0219418276456604,0.0,5.02194182764566
MPSZ03,CKSZ03,1,0.5142904395553249,0.0,1.514290439555325
MPSZ03,DTSZ01,3,0.8085469173015069,0.0,3.808546917301507
MPSZ03,DTSZ03,7,1.330736626889469,0.0,8.330736626889468
MPSZ03,DTSZ05,4,1.3327770634799885,0.0,5.3327770634799885
MPSZ03,DTSZ08,3,0.6153929603339913,0.0,3.6153929603339914
MPSZ03,DTSZ09,1,0.2001818490256013,0.0,1.2001818490256013
MPSZ03,DTSZ11,2,0.7796372092450085,0.0,2.7796372092450086
MPSZ03,DTSZ12,1,0.33512429505847824,0.0,1.3351242950584783
MPSZ03,GLSZ02,1,0.6440072086862534,0.0,1.6440072086862534
MPSZ03,GLSZ03,2,1.7158060200327019,0.5224660510562922,4.2382720710889945
MPSZ03,GLSZ04,1,1.4861791104148883,0.3913775244268122,2.8775566348417003
MPSZ03,GLSZ05,9,4.259829685677468,2.1107747782899366,15.370604463967403
MPSZ03,HGSZ05,1,1.0137180566825608,0.0,2.0137180566825608
MPSZ03,HGSZ07,1,0.574688588106806,0.0,1.574688588106806
MPSZ03,KLSZ02,1,0.4184865457026245,0.0,1.4184865457026246
MPSZ03,KLSZ05,1,0.6246531259720915,0.0,1.6246531259720915
MPSZ03,KLSZ09,1,0.23438128784999723,0.0,1.2343812878499971
MPSZ03,MDSZ02,1,0.31255876886114714,0.0,1.312558768861147
MPSZ03,MPSZ01,1,0.982463284422461,0.5557544299569837,2.538217714379445
MPSZ03,MPSZ02,2,1.9341434561648465,1.1925162139177556,5.126659670082602
MPSZ03,MPSZ03,19,10.017352138196737,29.259677846627728,58.277029984824466
MPSZ03,NVSZ02,2,1.254799814750798,0.0,3.2547998147507977
MPSZ03,ORSZ02,2,1.2120411763507248,0.0,3.212041176350725
MPSZ03,OTSZ01,1,0.09375261810213058,0.0,1.0937526181021306
MPSZ03,PGSZ03,1,0.7106383382592968,0.0,1.710638338259297
MPSZ03,PGSZ05,1,0.9522599383207507,0.0,1.9522599383207506
MPSZ03,PLSZ04,1,0.10015105811337378,0.0,1.1001510581133738
MPSZ03,PRSZ03,4,1.7371791011747468,0.0,5.737179101174747
MPSZ03,PRSZ05,1,1.4582503381149206,0.0,2.4582503381149206
MPSZ03,QTSZ02,1,0.35487472363829603,0.0,1.354874723638296
MPSZ03,QTSZ08,2,0.9184490348704645,0.0,2.9184490348704646
MPSZ03,QTSZ11,1,0.6551331829365933,0.0,1.6551331829365932
MPSZ03,QTSZ14,1,0.5882195676183174,0.0,1.5882195676183173
MPSZ03,RCSZ10,1,0.3860462160606634,0.0,1.3860462160606635
MPSZ03,SBSZ01,1,0.549610430755748,0.0,1.549610430755748
MPSZ03,SESZ02,1,0.9986554308289216,0.0,1.9986554308289217
MPSZ03,SESZ06,3,1.924297896933359,0.0,4.924297896933359
MPSZ03,SGSZ07,1,0.23730103647621853,0.0,1.2373010364762185
MPSZ03,SRSZ02,2,0.2958519974313347,0.0,2.2958519974313347
MPSZ03,TMSZ02,1,1.2197248557817424,0.0,2.2197248557817426
MPSZ03,TMSZ03,2,2.2233760012715384,0.0,4.2233760012715384
MPSZ03,TMSZ04,1,1.2273670883407668,0.0,2.227367088340767
MPSZ03,TMSZ05,1,0.7665621755557382,0.0,1.7665621755557384
MPSZ03,TPSZ06,1,0.9278166452877933,0.0,1.9278166452877934
MPSZ03,TPSZ09,1,0.31571976732594653,0.0,1.3157197673259464
MPSZ03,TPSZ12,1,0.43422576281389885,0.0,1.4342257628138988
MPSZ03,YSSZ09,2,1.0852293474761054,0.0,3.0852293474761057
MSSZ01,BMSZ01,2,0.253009297356924,0.0,2.253009297356924
MSSZ01,BPSZ04,1,0.08438418809083952,0.0,1.0843841880908396
MSSZ01,BPSZ05,2,0.12525811768177397,0.0,2.125258117681774
MSSZ01,DTSZ09,1,0.05106594552157196,0.0,1.051065945521572
MSSZ01,GLSZ04,1,0.5163119641425092,0.0,1.5163119641425093
MSSZ01,JWSZ08,1,0.04482746619751715,0.0,1.0448274661975172
MSSZ01,KLSZ02,1,0.03614755745920253,0.0,1.0361475574592025
MSSZ01,ORSZ02,1,0.10120587285009204,0.0,1.101205872850092
MSSZ01,PRSZ03,2,0.334535340103721,0.0,2.334535340103721
MSSZ01,QTSZ06,1,0.05270614111159284,0.0,1.0527061411115928
MSSZ01,SESZ03,1,0.1507527829764436,0.0,1.1507527829764437
MSSZ01,TMSZ03,1,0.24979532650804448,0.0,1.2497953265080444
MUSZ01,AMSZ01,4,0.38000291588993823,0.0,4.380002915889938
MUSZ01,AMSZ07,1,0.07120191982994509,0.0,1.0712019198299452
MUSZ01,BDSZ01,2,0.20640171476990593,0.0,2.206401714769906
MUSZ01,BDSZ02,2,0.21911855025726862,0.0,2.2191185502572686
MUSZ01,BDSZ04,2,0.32447452439547575,0.0,2.324474524395476
MUSZ01,BDSZ05,1,0.16918171934359877,0.0,1.1691817193435987
MUSZ01,BDSZ06,1,0.23722137792832365,0.0,1.2372213779283237
MUSZ01,BKSZ07,2,0.17144339467142125,0.0,2.1714433946714213
MUSZ01,BKSZ09,1,0.1079729586581722,0.0,1.1079729586581721
MUSZ01,BMSZ01,3,0.34049385223423734,0.0,3.3404938522342373
MUSZ01,BMSZ02,1,0.07076504057577963,0.12185202570910135,1.192617066284881
MUSZ01,BMSZ03,1,0.16926890701547878,0.5325654869623049,1.7018343939777836
MUSZ01,BMSZ04,1,0.12172103428007504,0.3449461523195527,1.4666671865996277
MUSZ01,BMSZ06,1,0.1591327315728197,1.5892468187405824,2.748379550313402
MUSZ01,BMSZ09,2,0.13968597628537086,0.22285396121256557,2.3625399374979366
MUSZ01,BMSZ16,1,0.03076201545230023,0.0669754598150115,1.0977374752673117
MUSZ01,BMSZ17,1,0.05050784934752882,0.0,1.0505078493475288
MUSZ01,BPSZ03,2,0.09254962683483808,0.0,2.0925496268348383
MUSZ01,BPSZ04,3,0.2057273645445291,0.0,3.2057273645445292
MUSZ01,BPSZ05,1,0.12354008009884453,0.0,1.1235400800988444
MUSZ01,BSSZ02,1,0.15380330615030272,0.0,1.1538033061503028
MUSZ01,BSSZ03,1,0.13496886220602464,0.0,1.1349688622060246
MUSZ01,BTSZ04,1,0.1331948331951013,0.0,1.1331948331951014
MUSZ01,CHSZ03,1,0.29948076662421214,0.0,1.299480766624212
MUSZ01,CKSZ03,1,0.16471458210810272,0.0,1.1647145821081026
MUSZ01,CLSZ03,1,0.17515947892197636,0.0,1.1751594789219764
MUSZ01,CLSZ04,2,0.17563390458055456,0.0,2.1756339045805544
MUSZ01,DTSZ01,4,0.08520376640581592,1.089314482868451,5.174518249274267
MUSZ01,DTSZ05,4,0.2255060844586313,2.06660050282963,6.292106587288261
MUSZ01,DTSZ09,1,0.0483493822961628,0.1163784766786365,1.1647278589747991
MUSZ01,GLSZ02,1,0.08306307042480925,0.0,1.0830630704248092
MUSZ01,GLSZ04,3,0.5721349391043233,0.0,3.5721349391043233
MUSZ01,HGSZ01,3,0.13981337150327755,0.0,3.1398133715032777
MUSZ01,HGSZ02,1,0.10017965783619473,0.0,1.1001796578361946
MUSZ01,HGSZ04,1,0.10924388970178794,0.0,1.109243889701788
MUSZ01,HGSZ06,4,0.47242973689351797,0.0,4.472429736893518
MUSZ01,HGSZ07,1,0.1669862535560871,0.0,1.166986253556087
MUSZ01,JWSZ04,2,0.27868968697398894,0.0,2.2786896869739888
MUSZ01,JWSZ08,1,0.17579778664129866,0.0,1.1757977866412987
MUSZ01,JWSZ09,1,0.16773065606567286,0.0,1.1677306560656728
MUSZ01,KLSZ01,3,0.18883528653159856,0.9659796823868224,4.154814968918421
MUSZ01,KLSZ06,2,0.2598657868242118,0.5103847239410844,2.7702505107652957
MUSZ01,KLSZ07,2,0.23985338919728755,0.2893477473092352,2.5292011365065226
MUSZ01,MDSZ03,1,0.0,0.0,1.0
MUSZ01,MPSZ01,1,0.04082962927796418,0.0,1.0408296292779642
MUSZ01,MPSZ03,2,0.2788976263034966,0.0,2.278897626303497
MUSZ01,MUSZ03,1,0.20512269731920882,0.35089061238214736,1.5560133097013562
MUSZ01,NVSZ02,1,0.3082311784497059,0.5851887038723871,1.893419882322093
MUSZ01,ORSZ02,2,0.3173284162121389,0.6079155404227273,2.925243956634866
MUSZ01,ORSZ03,1,0.08653502485122566,0.7860818392935177,1.8726168641447432
MUSZ01,OTSZ03,3,0.22895591310436297,1.6550674802746308,4.884023393378993
MUSZ01,OTSZ04,1,0.03636621215975865,0.3850051529086509,1.4213713650684094
MUSZ01,PGSZ01,1,0.10017240468152318,0.0,1.100172404681523
MUSZ01,PGSZ02,2,0.18257410301375213,0.0,2.182574103013752
MUSZ01,PGSZ03,5,0.1347142340576378,0.0,5.134714234057638
MUSZ01,PGSZ04,4,0.1238104706843362,0.0,4.123810470684337
MUSZ01,PGSZ05,1,0.11209326277415518,0.0,1.112093262774155
MUSZ01,PNSZ02,1,0.0,0.0,1.0
MUSZ01,PRSZ04,1,0.0619443032393474,0.0,1.0619443032393474
MUSZ01,PRSZ05,4,0.27940439082545,0.0,4.27940439082545
MUSZ01,QTSZ05,3,0.2170650919469558,0.0,3.2170650919469557
MUSZ01,QTSZ10,1,0.10804986691308333,0.0,1.1080498669130834
MUSZ01,RCSZ01,3,0.1270212387113735,0.4042356455709093,3.531256884282283
MUSZ01,RCSZ02,1,0.0,0.2286831061720859,1.228683106172086
MUSZ01,RCSZ09,1,0.010415161549380974,0.08892662680766114,1.0993417883570422
MUSZ01,SBSZ01,1,0.10107061880976671,0.0,1.1010706188097668
MUSZ01,SBSZ03,3,0.20081875730948162,0.0,3.2008187573094817
MUSZ01,SBSZ04,1,0.16840870728699078,0.0,1.1684087072869909
MUSZ01,SESZ02,3,0.2869206783940589,0.0,3.286920678394059
MUSZ01,SESZ03,4,0.28262387392459787,0.0,4.282623873924598
MUSZ01,SESZ04,1,0.1687115394251521,0.0,1.1687115394251522
MUSZ01,SESZ05,1,0.1105389286738588,0.0,1.1105389286738587
MUSZ01,SESZ06,1,0.1955486465973327,0.0,1.1955486465973326
MUSZ01,SGSZ04,2,0.2522815181821624,0.0,2.2522815181821625
MUSZ01,SGSZ06,1,0.1537309290133946,0.0,1.1537309290133946
MUSZ01,SRSZ01,4,0.10859558102161208,0.9910841823045912,5.099679763326203
MUSZ01,SRSZ03,1,0.08916502438932755,0.0,1.0891650243893276
MUSZ01,TMSZ01,2,0.26116126272544804,0.0,2.261161262725448
MUSZ01,TMSZ03,1,0.23115148105809888,0.0,1.2311514810580988
MUSZ01,TMSZ04,1,0.12882777821286595,0.0,1.128827778212866
MUSZ01,TNSZ01,1,0.11474797471384862,0.0,1.1147479747138487
MUSZ01,TPSZ02,2,0.22376086691747107,0.0,2.223760866917471
MUSZ01,TPSZ03,2,0.08526766775444078,0.0,2.0852676677544406
MUSZ01,TPSZ04,1,0.06626248673902863,0.0,1.0662624867390287
MUSZ01,TPSZ06,2,0.10754406011240004,0.0,2.1075440601124003
MUSZ01,TPSZ09,1,0.06597726009451758,0.0,1.0659772600945177
MUSZ01,TPSZ12,1,0.05604923196562718,0.0,1.0560492319656272
MUSZ01,WDSZ04,2,0.15682952373206221,0.0,2.1568295237320623
MUSZ01,WDSZ05,1,0.1269660764127324,0.0,1.1269660764127325
MUSZ01,WDSZ06,1,0.1461823621765555,0.0,1.1461823621765554
MUSZ01,YSSZ06,1,0.029544682628114015,0.0,1.029544682628114
MUSZ01,YSSZ08,1,0.019062792957532413,0.0,1.0190627929575324
MUSZ01,YSSZ09,1,0.160906430510984,0.0,1.160906430510984
MUSZ02,AMSZ05,1,0.0,0.0,1.0
MUSZ02,BPSZ01,1,0.0,0.0,1.0
MUSZ02,GLSZ05,1,0.0,0.0,1.0
MUSZ02,KLSZ01,1,0.0,0.0,1.0
MUSZ02,KLSZ03,1,0.0,0.0,1.0
MUSZ02,PGSZ01,1,0.0,0.0,1.0
MUSZ02,RCSZ01,1,0.0,0.0,1.0
MUSZ02,SBSZ04,1,0.0,0.0,1.0
MUSZ02,SESZ02,1,0.0,0.0,1.0
MUSZ02,TMSZ03,1,0.0,0.0,1.0
MUSZ02,TMSZ04,1,0.0,0.0,1.0
MUSZ03,AMSZ03,1,0.03854369967585861,0.0,1.0385436996758586
MUSZ03,AMSZ05,1,0.0868349657523086,0.0,1.0868349657523086
MUSZ03,BDSZ01,2,0.0935498192620785,0.0,2.0935498192620785
MUSZ03,BDSZ02,4,0.11159134961090779,0.0,4.111591349610908
MUSZ03,BDSZ04,3,0.20285468013980684,0.0,3.202854680139807
MUSZ03,BDSZ05,3,0.188773084053212,0.0,3.188773084053212
MUSZ03,BDSZ06,1,0.15066242459863843,0.0,1.1506624245986385
MUSZ03,BMSZ06,1,0.06961088921405527,0.2457156388713805,1.3153265280854358
MUSZ03,BMSZ09,1,0.03481386888247714,0.14530998352222696,1.180123852404704
MUSZ03,BMSZ10,2,0.05289327021471119,0.0,2.052893270214711
MUSZ03,BPSZ01,1,0.018412472865878764,0.0,1.0184124728658788
MUSZ03,BPSZ03,1,0.0308130678455509,0.0,1.030813067845551
MUSZ03,BPSZ05,1,0.06897395463911546,0.0,1.0689739546391155
MUSZ03,BTSZ04,1,0.09401654933668674,0.0,1.0940165493366867
MUSZ03,CKSZ03,1,0.07983621246406832,0.0,1.0798362124640684
MUSZ03,CKSZ06,2,0.04459067276338825,0.0,2.0445906727633885
MUSZ03,CLSZ02,1,0.04215301258387075,0.0,1.0421530125838707
MUSZ03,CLSZ04,2,0.08582540006581352,0.0,2.0858254000658136
MUSZ03,CLSZ08,1,0.07789773466628706,0.0,1.077897734666287
MUSZ03,DTSZ03,1,0.07075654346565383,0.3790551468721363,1.4498116903377902
MUSZ03,DTSZ12,1,0.03821066082560951,0.3337001258071097,1.3719107866327191
MUSZ03,GLSZ01,1,0.05456737761905703,0.0,1.054567377619057
MUSZ03,GLSZ02,1,0.04758543808815508,0.0,1.047585438088155
MUSZ03,GLSZ03,1,0.06104919289194132,0.0,1.0610491928919412
MUSZ03,HGSZ02,3,0.09797103276204422,0.0,3.097971032762044
MUSZ03,HGSZ04,2,0.07297126023747486,0.0,2.072971260237475
MUSZ03,JESZ01,2,0.054743085803409156,0.0,2.054743085803409
MUSZ03,JESZ02,1,0.01292561201643649,0.0,1.0129256120164365
MUSZ03,JWSZ02,1,0.041375535821340785,0.0,1.0413755358213408
MUSZ03,JWSZ04,2,0.15512044494787386,0.0,2.155120444947874
MUSZ03,JWSZ08,1,0.06009032145662848,0.0,1.0600903214566284
MUSZ03,KLSZ01,1,0.11501070100736102,0.3421302259756623,1.4571409269830233
MUSZ03,KLSZ03,1,0.010770145484268155,0.12771135182949347,1.1384814973137616
MUSZ03,KLSZ06,2,0.15033797522781467,0.7533234940037163,2.9036614692315306
MUSZ03,MUSZ01,1,0.06032300946618324,0.3269943926738534,1.3873174021400367
MUSZ03,NVSZ02,1,0.10372757359543278,0.4283227982140959,1.5320503718095289
MUSZ03,ORSZ03,1,0.027823786594651446,0.7083299132680908,1.7361536998627423
MUSZ03,PGSZ02,1,0.048894028587406914,0.0,1.0488940285874069
MUSZ03,PGSZ03,1,0.04185241417136578,0.0,1.0418524141713659
MUSZ03,PGSZ04,1,0.0632736988360526,0.0,1.0632736988360527
MUSZ03,PRSZ02,3,0.03732423465032921,0.0,3.0373242346503293
MUSZ03,PRSZ03,1,0.1279986538323815,0.0,1.1279986538323814
MUSZ03,PRSZ08,2,0.03394638782727822,0.0,2.033946387827278
MUSZ03,QTSZ01,2,0.05371322947169615,0.0,2.053713229471696
MUSZ03,QTSZ05,2,0.11364914119019763,0.0,2.1136491411901974
MUSZ03,QTSZ06,1,0.03804251597797147,0.0,1.0380425159779714
MUSZ03,QTSZ10,1,0.05517385242672179,0.0,1.0551738524267218
MUSZ03,QTSZ11,1,0.05035564675994182,0.0,1.0503556467599418
MUSZ03,SBSZ05,1,0.0010174631492004347,0.0,1.0010174631492004
MUSZ03,SESZ02,1,0.06485666087567918,0.0,1.064856660875679
MUSZ03,SESZ05,1,0.06888632280763209,0.0,1.0688863228076322
MUSZ03,SGSZ03,1,0.04714288365487334,0.0,1.0471428836548733
MUSZ03,SGSZ04,1,0.11839109813703835,0.0,1.1183910981370384
MUSZ03,SGSZ07,1,0.04747642882839442,0.0,1.0474764288283944
MUSZ03,SISZ01,1,0.035762010617403195,0.0,1.0357620106174033
MUSZ03,TMSZ02,3,0.19951979534848593,0.0,3.1995197953484857
MUSZ03,TMSZ03,4,0.3337560625080724,0.0,4.333756062508073
MUSZ03,TNSZ02,1,0.03534651642288889,0.2092718227690635,1.2446183391919525
MUSZ03,TPSZ03,1,0.015135747879763507,0.0,1.0151357478797636
MUSZ03,TPSZ06,1,0.0739417425640924,0.0,1.0739417425640925
MUSZ03,TPSZ11,2,0.11574329610242214,0.0,2.1157432961024223
MUSZ03,WDSZ03,5,0.19345995669431945,0.0,5.193459956694319
MUSZ03,YSSZ03,2,0.17733338473244875,0.0,2.1773333847324485
NTSZ01,HGSZ05,1,0.0,0.0,1.0
NTSZ02,BTSZ06,1,0.18266377614538548,0.0,1.1826637761453855
NTSZ02,DTSZ05,1,0.16975955644790383,0.0,1.1697595564479037
NTSZ02,DTSZ08,1,0.32013505328827235,0.0,1.3201350532882723
NTSZ02,RCSZ10,1,0.2095877009005744,0.0,1.2095877009005744
NTSZ02,SRSZ02,1,0.11785391321784502,0.0,1.117853913217845
NTSZ03,AMSZ01,1,0.13187576958372366,0.0,1.1318757695837236
NTSZ03,AMSZ02,2,0.13891888143413605,0.0,2.138918881434136
NTSZ03,AMSZ04,1,0.014466872427161248,0.0,1.0144668724271613
NTSZ03,AMSZ05,1,0.1081991127337173,0.0,1.1081991127337174
NTSZ03,AMSZ09,1,0.04114708159005664,0.0,1.0411470815900565
NTSZ03,AMSZ10,1,0.0777314547056773,0.0,1.0777314547056773
NTSZ03,BDSZ02,1,0.12424230098076651,0.0,1.1242423009807665
NTSZ03,BDSZ05,1,0.1805162305826903,0.0,1.1805162305826904
NTSZ03,BKSZ02,1,0.06236470118243757,0.0,1.0623647011824375
NTSZ03,BKSZ05,1,0.16516878675449378,0.0,1.1651687867544938
NTSZ03,BKSZ07,1,0.12607126109912814,0.0,1.1260712610991281
NTSZ03,BMSZ06,1,0.1341457259918699,0.14757227785980612,1.281718003851676
NTSZ03,BMSZ10,1,0.058027513861747725,0.0,1.0580275138617476
NTSZ03,BPSZ01,1,0.04190810899676022,0.0,1.0419081089967601
NTSZ03,BPSZ02,2,0.06214018673606945,0.0,2.0621401867360696
NTSZ03,BPSZ05,1,0.1289744987318096,0.0,1.1289744987318096
NTSZ03,BPSZ07,1,0.026768481919532367,0.0,1.0267684819195324
NTSZ03,BSSZ03,1,0.11123302429142795,0.0,1.111233024291428
NTSZ03,BTSZ03,1,0.041643458267942815,0.0,1.0416434582679428
NTSZ03,BTSZ07,1,0.07704800308509942,0.0,1.0770480030850995
NTSZ03,CKSZ01,1,0.19449288321615077,0.0,1.1944928832161508
NTSZ03,CKSZ02,1,0.10064072143430988,0.0,1.10064072143431
NTSZ03,CKSZ06,1,0.10069129498612915,0.0,1.1006912949861292
NTSZ03,CLSZ03,1,0.15063885023994472,0.0,1.1506388502399447
NTSZ03,DTSZ08,1,0.09390080692307103,0.0,1.0939008069230711
NTSZ03,DTSZ09,1,0.037078562788171864,0.0,1.0370785627881718
NTSZ03,GLSZ04,1,0.2686234891089273,0.0,1.2686234891089274
NTSZ03,HGSZ02,2,0.21062717667597566,0.0,2.2106271766759757
NTSZ03,JWSZ04,1,0.18147270148257572,0.0,1.1814727014825757
NTSZ03,MUSZ03,1,0.004165187864071813,0.10609838546393394,1.1102635733280057
NTSZ03,NVSZ02,2,0.3456594487172783,0.5858028105030875,2.931462259220366
NTSZ03,ORSZ02,9,0.6738748135418896,0.9842288687155407,10.65810368225743
NTSZ03,ORSZ03,2,0.10390645471380579,0.4959408449004037,2.5998472996142095
NTSZ03,PGSZ05,3,0.18252856085291772,0.0,3.182528560852918
NTSZ03,PRSZ02,1,0.10317820765325149,0.0,1.1031782076532515
NTSZ03,PRSZ03,5,0.5821906302477421,0.0,5.582190630247742
NTSZ03,PRSZ05,1,0.1512177358850129,0.0,1.1512177358850129
NTSZ03,QTSZ06,1,0.08636344778113143,0.0,1.0863634477811315
NTSZ03,RCSZ01,2,0.08260588813883339,0.0420548977267561,2.1246607858655895
NTSZ03,RCSZ10,1,0.05544526703712331,0.10048924358065804,1.1559345106177814
NTSZ03,SBSZ01,1,0.09158371158466747,0.0,1.0915837115846674
NTSZ03,SESZ02,2,0.22766369405984746,0.0,2.2276636940598475
NTSZ03,SESZ03,2,0.21667012569018443,0.0,2.2166701256901846
NTSZ03,SESZ04,1,0.198799174792071,0.0,1.198799174792071
NTSZ03,SESZ05,2,0.11819781772135289,0.0,2.1181978177213527
NTSZ03,SESZ06,1,0.18856600764140932,0.0,1.1885660076414093
NTSZ03,SGSZ04,1,0.20735123496038588,0.0,1.2073512349603859
NTSZ03,SGSZ07,2,0.35923331547535076,0.0,2.359233315475351
NTSZ03,SRSZ03,1,0.08306960515311088,0.16118028768896334,1.2442498928420742
NTSZ03,TMSZ01,1,0.17656227115773543,0.0,1.1765622711577355
NTSZ03,TMSZ02,3,0.37303424652828965,0.0,3.37303424652829
NTSZ03,TNSZ02,1,0.05048524526242004,0.07554294084579286,1.1260281861082129
NTSZ03,TPSZ02,1,0.15449064845620822,0.30098829383529685,1.455478942291505
NTSZ03,TPSZ09,1,0.05018716472910026,0.0,1.0501871647291003
NTSZ03,TPSZ12,1,0.055206032783707074,0.0,1.0552060327837072
NTSZ03,WDSZ02,1,0.0997644972499869,0.0,1.099764497249987
NTSZ03,WDSZ03,2,0.23033430259726043,0.0,2.2303343025972606
NTSZ03,YSSZ03,2,0.2852065009196269,0.0,2.2852065009196267
NTSZ03,YSSZ09,2,0.2717008189930739,0.0,2.271700818993074
NTSZ05,BMSZ06,1,0.0,0.0,1.0
NTSZ05,BPSZ03,1,0.0,0.0,1.0
NTSZ05,BPSZ04,1,0.0,0.0,1.0
NTSZ05,DTSZ11,1,0.0,0.0,1.0
NTSZ05,GLSZ04,2,0.0,0.0,2.0
NTSZ05,JWSZ09,1,0.0,0.0,1.0
NTSZ05,NVSZ01,1,0.0,0.0,1.0
NTSZ05,ORSZ02,1,0.0,0.0,1.0
NTSZ05,PGSZ04,1,0.0,0.0,1.0
NTSZ05,PGSZ05,1,0.0,0.0,1.0
NTSZ05,YSSZ03,1,0.0,0.0,1.0
NVSZ01,AMSZ01,1,1.288230786057948,0.0,2.288230786057948
NVSZ01,AMSZ03,1,0.8631020304744267,0.0,1.8631020304744266
NVSZ01,AMSZ10,1,0.6171177512473164,0.0,1.6171177512473163
NVSZ01,BDSZ04,1,0.9357755618071854,0.0,1.9357755618071852
NVSZ01,BDSZ05,1,1.025709375397965,0.0,2.025709375397965
NVSZ01,BDSZ06,1,1.6237096966671927,0.0,2.6237096966671927
NVSZ01,BKSZ03,1,0.9156649845016712,0.0,1.9156649845016713
NVSZ01,BKSZ04,1,0.2991947474476136,0.0,1.2991947474476135
NVSZ01,BMSZ05,1,0.931858054623025,0.0,1.9318580546230248
NVSZ01,BMSZ07,1,1.2192692320904017,0.0,2.2192692320904017
NVSZ01,BMSZ15,1,0.334050819515059,0.0,1.3340508195150589
NVSZ01,BMSZ16,1,0.12812005570922658,0.0,1.1281200557092266
NVSZ01,BMSZ17,1,0.3491310853394635,0.0,1.3491310853394636
NVSZ01,BPSZ04,1,0.6073189043052691,0.0,1.6073189043052691
NVSZ01,BSSZ01,6,3.0375160925811824,0.0,9.037516092581182
NVSZ01,BTSZ01,1,0.8571569913135954,0.0,1.8571569913135955
NVSZ01,CLSZ04,1,0.5863027772979096,0.0,1.5863027772979095
NVSZ01,DTSZ01,2,0.7652872193025497,0.17769545816103802,2.9429826774635877
NVSZ01,DTSZ02,1,0.8805827182688578,0.0,1.8805827182688577
NVSZ01,DTSZ03,1,0.9841475470703415,0.0,1.9841475470703416
NVSZ01,DTSZ05,4,2.718594304722212,0.0,6.718594304722211
NVSZ01,DTSZ06,1,0.09783454318693173,0.0,1.0978345431869316
NVSZ01,DTSZ08,2,0.7455273794905003,0.0,2.7455273794905004
NVSZ01,DTSZ09,1,0.214488913262488,0.0,1.214488913262488
NVSZ01,DTSZ11,4,1.1897278985787503,0.0,5.1897278985787505
NVSZ01,GLSZ02,1,0.7115594260249649,0.0,1.711559426024965
NVSZ01,GLSZ03,1,1.0676694551681054,0.0,2.0676694551681054
NVSZ01,GLSZ04,1,1.6640578435262878,0.0,2.6640578435262876
NVSZ01,GLSZ05,1,1.7157594068356816,0.0,2.715759406835682
NVSZ01,HGSZ05,1,1.1350458373115382,0.0,2.135045837311538
NVSZ01,HGSZ06,2,2.0839142886395,0.0,4.0839142886395
NVSZ01,HGSZ07,1,0.6760415127610243,0.0,1.6760415127610244
NVSZ01,HGSZ08,1,0.8232673520792314,0.0,1.8232673520792315
NVSZ01,KLSZ01,5,2.3021668379310993,2.034175272666769,9.336342110597869
NVSZ01,KLSZ03,2,0.5663231074249186,0.12087562592447357,2.687198733349392
NVSZ01,KLSZ05,2,0.6309955530170821,0.0,2.6309955530170823
NVSZ01,KLSZ06,6,1.7893095143156494,1.2399388320526603,9.029248346368309
NVSZ01,KLSZ07,4,2.2634922976718372,0.9140509166627259,7.1775432143345625
NVSZ01,KLSZ08,3,1.2831569761387236,0.40935336365718,4.692510339795904
NVSZ01,KLSZ09,1,0.2675987310403015,0.12064798263333638,1.388246713673638
NVSZ01,MUSZ01,1,0.3455361051751116,0.13643838488344762,1.4819744900585592
NVSZ01,NTSZ03,2,0.35383327486456645,0.44191546534805476,2.795748740212621
NVSZ01,NVSZ01,14,10.551858968938,29.3311512740954,53.8830102430334
NVSZ01,NVSZ02,6,2.131594250659496,2.763236658268424,10.89483090892792
NVSZ01,ORSZ02,5,1.1885843998255048,0.4120851471774161,6.600669547002921
NVSZ01,ORSZ03,4,0.7647493536476777,0.670226305728949,5.434975659376627
NVSZ01,OTSZ03,2,1.5664021387246596,0.0,3.5664021387246594
NVSZ01,OTSZ04,1,0.19303668574206745,0.0,1.1930366857420673
NVSZ01,PGSZ02,1,0.6464364964323728,0.0,1.6464364964323728
NVSZ01,PGSZ03,1,0.8398010367125709,0.0,1.8398010367125708
NVSZ01,PGSZ04,1,1.1904204666846523,0.0,2.1904204666846523
NVSZ01,PRSZ03,1,0.8129309548297796,0.0,1.8129309548297796
NVSZ01,QTSZ08,1,0.927665578631372,0.0,1.927665578631372
NVSZ01,QTSZ11,1,0.7464730814917032,0.0,1.746473081491703
NVSZ01,QTSZ13,2,0.7682118335770554,0.0,2.7682118335770554
NVSZ01,QTSZ14,2,0.8232866206324057,0.0,2.8232866206324054
NVSZ01,RCSZ01,1,0.5901877072428215,0.06287508347175214,1.6530627907145736
NVSZ01,RCSZ05,1,0.19169940862118715,0.463598029194706,1.6552974378158931
NVSZ01,RCSZ06,1,0.0,0.0,1.0
NVSZ01,RCSZ09,5,0.7254078093653398,0.3059963702536421,6.031404179618982
NVSZ01,RCSZ10,1,0.6145411470780109,0.07990938852358681,1.6944505356015978
NVSZ01,SBSZ03,1,0.73652764357255,0.0,1.73652764357255
NVSZ01,SBSZ04,1,0.7551202549705931,0.0,1.755120254970593
NVSZ01,SESZ02,1,1.1774777335600686,0.0,2.1774777335600684
NVSZ01,SESZ03,3,1.7355499025081051,0.0,4.735549902508105
NVSZ01,SESZ05,2,0.8696567623981231,0.0,2.8696567623981233
NVSZ01,SESZ06,2,2.3448536544452843,0.0,4.344853654445284
NVSZ01,SGSZ03,1,0.9492620294503367,0.0,1.9492620294503367
NVSZ01,SGSZ06,2,1.2779437894588854,0.0,3.2779437894588854
NVSZ01,SRSZ03,1,0.5038298789514702,0.0,1.5038298789514704
NVSZ01,TMSZ03,1,1.2382869078950323,0.0,2.2382869078950325
NVSZ01,TMSZ04,2,1.2713049096033195,0.0,3.2713049096033195
NVSZ01,TMSZ05,2,0.994334499153164,0.0,2.994334499153164
NVSZ01,TPSZ01,1,1.1866206276055093,0.321357401636553,2.5079780292420626
NVSZ01,TPSZ02,3,2.5107970683254,3.579885903841697,9.090682972167098
NVSZ01,TPSZ03,2,1.0064121317926114,0.5495452154820052,3.555957347274617
NVSZ01,TPSZ06,6,1.5484681871040538,1.1131369397416127,8.661605126845666
NVSZ01,TPSZ07,1,0.5629972021432267,0.6200940108217199,2.1830912129649467
NVSZ01,TPSZ09,1,0.856413981160892,0.1302845273138622,1.9866985084747542
NVSZ01,WCSZ01,2,0.930250214010557,0.0,2.930250214010557
NVSZ01,WDSZ02,1,0.8269289333024596,0.0,1.8269289333024596
NVSZ01,WDSZ03,2,1.2456589937955196,0.0,3.2456589937955194
NVSZ01,WDSZ07,1,0.11729532332397995,0.0,1.11729532332398
NVSZ01,YSSZ01,1,0.6738033094917509,0.0,1.6738033094917508
NVSZ01,YSSZ02,1,0.43351195131291126,0.0,1.4335119513129113
NVSZ01,YSSZ03,1,1.0536989567951613,0.0,2.053698956795161
NVSZ01,YSSZ04,1,0.8027430706734819,0.0,1.802743070673482
NVSZ01,YSSZ05,1,0.3555543331927617,0.0,1.3555543331927618
NVSZ01,YSSZ09,2,0.866262820996045,0.0,2.8662628209960452
NVSZ02,AMSZ01,5,1.2704698129190974,0.0,6.270469812919098
NVSZ02,AMSZ02,1,0.4858114756832807,0.0,1.4858114756832808
NVSZ02,AMSZ03,3,0.5630338134002224,0.0,3.5630338134002226
NVSZ02,AMSZ04,3,0.3083429883944046,0.0,3.3083429883944047
NVSZ02,AMSZ05,1,0.4440609404790833,0.0,1.4440609404790834
NVSZ02,AMSZ06,2,0.6810648682596824,0.0,2.6810648682596825
NVSZ02,AMSZ09,3,0.46213603756271643,0.0,3.4621360375627166
NVSZ02,AMSZ10,1,0.29440958917539933,0.0,1.2944095891753993
NVSZ02,BDSZ02,1,0.7521940491248443,0.0,1.7521940491248444
NVSZ02,BDSZ03,1,0.7642190070717607,0.0,1.7642190070717607
NVSZ02,BDSZ04,3,1.141556857216491,0.0,4.141556857216491
NVSZ02,BDSZ06,3,2.56357709913099,0.0,5.56357709913099
NVSZ02,BKSZ05,1,0.7131672480531173,0.0,1.7131672480531173
NVSZ02,BKSZ07,1,0.6012141933445381,0.0,1.601214193344538
NVSZ02,BKSZ08,2,0.14498816802465056,0.0,2.1449881680246508
NVSZ02,BMSZ04,1,0.30058130331576893,0.0,1.300581303315769
NVSZ02,BMSZ06,4,1.1368289667633196,0.0,5.13682896676332
NVSZ02,BMSZ08,3,0.47299832280472726,0.0,3.4729983228047274
NVSZ02,BMSZ09,1,0.21846092363192626,0.041644332827166494,1.2601052564590929
NVSZ02,BMSZ11,1,0.34973583643252026,0.0,1.3497358364325203
NVSZ02,BMSZ14,2,0.3410404246819583,0.0,2.3410404246819585
NVSZ02,BPSZ01,1,0.21196409987197892,0.0,1.211964099871979
NVSZ02,BPSZ02,1,0.13181618401447823,0.0,1.1318161840144783
NVSZ02,BPSZ03,1,0.34243677718683774,0.0,1.3424367771868377
NVSZ02,BPSZ04,1,0.32583783526229293,0.0,1.325837835262293
NVSZ02,BPSZ05,3,0.5095886618134241,0.0,3.509588661813424
NVSZ02,BSSZ01,6,1.7838875532789256,0.0,7.783887553278926
NVSZ02,BSSZ02,5,1.385317747199811,0.0,6.385317747199811
NVSZ02,BSSZ03,9,1.6529891690330445,0.0,10.652989169033045
NVSZ02,BTSZ01,5,0.9782466012758243,0.0,5.978246601275824
NVSZ02,BTSZ03,2,0.35815760536643565,0.0,2.3581576053664355
NVSZ02,BTSZ06,1,0.16154094554882273,0.0,1.1615409455488228
NVSZ02,CKSZ01,1,0.3375357560528858,0.0,1.3375357560528858
NVSZ02,CKSZ02,1,0.6246978664596192,0.0,1.6246978664596192
NVSZ02,CKSZ03,2,0.796249105627755,0.0,2.796249105627755
NVSZ02,CKSZ05,2,0.3447717735238297,0.0,2.3447717735238296
NVSZ02,CKSZ06,3,0.5653325821519362,0.0,3.565332582151936
NVSZ02,CLSZ03,2,0.6579798001859921,0.0,2.6579798001859922
NVSZ02,CLSZ04,4,1.655861611060567,0.0,5.655861611060567
NVSZ02,DTSZ01,2,0.7037403798050101,1.081878026732255,3.7856184065372656
NVSZ02,DTSZ02,2,0.8605470921543695,1.4160704430347422,4.276617535189112
NVSZ02,DTSZ03,2,1.0644736328310573,0.7444365653910913,3.8089101982221485
NVSZ02,DTSZ05,1,0.4751194393901307,0.0,1.4751194393901308
NVSZ02,DTSZ08,1,0.45779444645178163,0.0,1.4577944464517816
NVSZ02,DTSZ09,1,0.1605568533346767,0.0,1.1605568533346766
NVSZ02,DTSZ12,1,0.2560640791939963,0.0,1.2560640791939963
NVSZ02,GLSZ02,1,0.45949504057318086,0.0,1.4594950405731808
NVSZ02,GLSZ03,2,0.8138336681536041,0.0,2.8138336681536043
NVSZ02,GLSZ04,5,2.3214722544901067,0.0,7.321472254490107
NVSZ02,GLSZ05,2,1.2537447453451114,0.0,3.253744745345111
NVSZ02,HGSZ01,1,0.38823786110631536,0.0,1.3882378611063153
NVSZ02,HGSZ02,3,1.0354075610931117,0.0,4.035407561093112
NVSZ02,HGSZ03,2,0.661175098096685,0.0,2.661175098096685
NVSZ02,HGSZ04,2,1.0867566006370228,0.0,3.086756600637023
NVSZ02,HGSZ05,2,1.4831459154766262,0.0,3.4831459154766264
NVSZ02,HGSZ06,2,1.4487035797747287,0.0,3.4487035797747287
NVSZ02,HGSZ07,1,0.5080111981854744,0.0,1.5080111981854745
NVSZ02,HGSZ08,1,0.579497662408188,0.0,1.579497662408188
NVSZ02,JESZ03,2,0.8229609744163083,0.0,2.822960974416308
NVSZ02,JESZ05,1,0.5850498190949069,0.0,1.585049819094907
NVSZ02,JWSZ03,2,0.5766210924504391,0.0,2.576621092450439
NVSZ02,JWSZ04,1,0.6382114020498596,0.0,1.6382114020498597
NVSZ02,JWSZ08,2,1.1758871076405937,0.0,3.1758871076405937
NVSZ02,KLSZ01,1,0.9078769604020311,0.2004686616846815,2.1083456220867127
NVSZ02,KLSZ03,3,0.215594975667378,0.14840557959034717,3.364000555257725
NVSZ02,KLSZ05,1,0.39373079913321585,0.0,1.3937307991332157
NVSZ02,KLSZ06,5,1.1893748300113254,0.83547157518583,7.024846405197155
NVSZ02,KLSZ07,3,1.7482960016636782,0.873408027246024,5.621704028909702
NVSZ02,KLSZ08,2,0.9002897451020442,1.0860644695433446,3.9863542146453885
NVSZ02,KLSZ09,1,0.14241253196335846,0.08714747857004815,1.2295600105334066
NVSZ02,MPSZ03,1,0.7173885886884818,0.0,1.7173885886884817
NVSZ02,MUSZ01,2,0.25532069876404767,0.8276757259879158,3.0829964247519634
NVSZ02,MUSZ03,2,0.09377394453437767,0.3799644558360218,2.473738400370399
NVSZ02,NTSZ03,1,0.4860969785635905,0.13086261412430378,1.6169595926878944
NVSZ02,NVSZ01,4,2.133787517130371,1.1943655982172883,7.328153115347659
NVSZ02,NVSZ02,2,2.6838407193262634,60.220006909249555,64.90384762857582
NVSZ02,NVSZ04,1,0.2662436762699187,0.0,1.2662436762699187
NVSZ02,ORSZ02,3,1.0138819843537585,0.912416860196643,4.926298844550402
NVSZ02,ORSZ03,3,0.6725253836824518,1.6232454889364378,5.29577087261889
NVSZ02,OTSZ03,4,1.2024669504523005,0.0,5.2024669504523
NVSZ02,PGSZ02,2,0.5197262421584646,0.0,2.5197262421584647
NVSZ02,PGSZ04,3,1.398926125301252,0.0,4.3989261253012515
NVSZ02,PGSZ05,3,0.924981415323029,0.0,3.924981415323029
NVSZ02,PRSZ02,1,0.657875776456436,0.0,1.657875776456436
NVSZ02,PRSZ03,4,1.3577195475233539,0.0,5.357719547523354
NVSZ02,PRSZ08,1,0.23950082385833538,0.0,1.2395008238583354
NVSZ02,QTSZ03,1,0.18562251429279958,0.0,1.1856225142927996
NVSZ02,QTSZ05,1,0.49272505096004254,0.0,1.4927250509600425
NVSZ02,QTSZ08,1,0.6239366265110632,0.0,1.623936626511063
NVSZ02,QTSZ10,2,0.5454355232881234,0.0,2.5454355232881234
NVSZ02,RCSZ01,2,0.4896935863466615,0.14190720235026222,2.6316007886969235
NVSZ02,RCSZ09,1,0.27956669743933343,0.07402126852422704,1.3535879659635603
NVSZ02,RCSZ10,1,0.43743201226630685,0.0,1.437432012266307
NVSZ02,SBSZ01,3,0.6138529616963598,0.0,3.61385296169636
NVSZ02,SBSZ02,1,0.1609103353714835,0.0,1.1609103353714836
NVSZ02,SBSZ03,3,0.7796742082056131,0.0,3.779674208205613
NVSZ02,SESZ02,2,1.1690260997411324,0.0,3.1690260997411324
NVSZ02,SESZ03,7,1.631951827339418,0.0,8.631951827339417
NVSZ02,SESZ04,5,1.6983247930890337,0.0,6.698324793089034
NVSZ02,SESZ05,1,0.3354200769642255,0.0,1.3354200769642255
NVSZ02,SESZ06,2,1.443333005062735,0.0,3.443333005062735
NVSZ02,SGSZ06,3,0.7177007681100053,0.0,3.717700768110005
NVSZ02,SGSZ07,1,0.261144319564567,0.0,1.261144319564567
NVSZ02,TMSZ02,8,2.11096870271566,0.0,10.11096870271566
NVSZ02,TMSZ03,1,0.8680690132829667,0.0,1.8680690132829667
NVSZ02,TMSZ04,3,1.0727791111400264,0.0,4.072779111140027
NVSZ02,TNSZ01,3,1.247238805262867,0.0,4.247238805262867
NVSZ02,TNSZ02,1,0.3150499032730636,0.06229692551943223,1.377346828792496
NVSZ02,TNSZ03,1,0.06448507828034003,0.0,1.0644850782803401
NVSZ02,TPSZ01,3,0.7901124933441466,0.5886360971785326,4.3787485905226795
NVSZ02,TPSZ02,9,3.1356644797829945,3.917334113296374,16.05299859307937
NVSZ02,TPSZ03,3,0.6615885680798645,0.4367843256713067,4.098372893751171
NVSZ02,TPSZ04,1,0.3883132279182767,0.06505827593587551,1.4533715038541524
NVSZ02,TPSZ06,5,0.9721020589700595,0.7716588354547739,6.743760894424834
NVSZ02,TPSZ08,1,0.30533986240767247,0.0,1.3053398624076724
NVSZ02,TPSZ09,2,0.4039997066997478,0.1361720595339433,2.540171766233691
NVSZ02,TPSZ11,2,0.9189838753669909,0.0,2.9189838753669908
NVSZ02,TPSZ12,2,0.597842638700748,0.0,2.5978426387007483
NVSZ02,WCSZ01,1,0.4948311738694646,0.0,1.4948311738694646
NVSZ02,WDSZ02,4,1.025192660565931,0.0,5.025192660565931
NVSZ02,WDSZ03,5,1.4831350087129058,0.0,6.483135008712906
NVSZ02,WDSZ04,2,0.47690424471093124,0.0,2.4769042447109313
NVSZ02,WDSZ05,3,0.4916515794459554,0.0,3.4916515794459553
NVSZ02,YSSZ01,2,0.3337091183422753,0.0,2.3337091183422753
NVSZ02,YSSZ02,2,0.4385141494697483,0.0,2.438514149469748
NVSZ02,YSSZ03,3,1.1005540976852126,0.0,4.100554097685213
NVSZ02,YSSZ04,3,0.8658254306541855,0.0,3.8658254306541853
NVSZ02,YSSZ08,4,0.21844965728007415,0.0,4.2184496572800745
NVSZ02,YSSZ09,9,1.5807016269278327,0.0,10.580701626927834
NVSZ03,AMSZ01,1,0.17207941944523306,0.0,1.172079419445233
NVSZ03,AMSZ03,2,0.09750491535644093,0.0,2.097504915356441
NVSZ03,AMSZ06,1,0.18935877490603742,0.0,1.1893587749060375
NVSZ03,BKSZ01,1,0.04417469186330934,0.0,1.0441746918633092
NVSZ03,BKSZ03,1,0.09854338435051008,0.0,1.0985433843505101
NVSZ03,BMSZ02,1,0.08931942942190547,0.0,1.0893194294219055
NVSZ03,BMSZ03,1,0.1823694377849298,0.0,1.1823694377849299
NVSZ03,BMSZ08,1,0.11178314671313855,0.0,1.1117831467131385
NVSZ03,BSSZ03,1,0.12832537665234645,0.0,1.1283253766523464
NVSZ03,CKSZ01,1,0.21463979633405905,0.0,1.2146397963340592
NVSZ03,CKSZ02,1,0.09339207273931183,0.0,1.0933920727393118
NVSZ03,CLSZ04,1,0.09116539903797412,0.0,1.0911653990379742
NVSZ03,CLSZ06,1,0.08501351419777949,0.0,1.0850135141977795
NVSZ03,HGSZ02,1,0.09426293339273675,0.0,1.0942629333927367
NVSZ03,HGSZ06,1,0.1701837363709443,0.0,1.1701837363709444
NVSZ03,JESZ05,1,0.12273517463256568,0.0,1.1227351746325658
NVSZ03,KLSZ01,1,0.15401542743959964,0.0,1.1540154274395997
NVSZ03,KLSZ09,1,0.016777279996642285,0.0,1.0167772799966424
NVSZ03,MDSZ02,1,0.023160185675715858,0.0,1.0231601856757158
NVSZ03,MUSZ01,1,0.024024150461763694,0.0,1.0240241504617638
NVSZ03,NVSZ02,1,0.15213133031772272,0.0,1.1521313303177227
NVSZ03,ORSZ02,1,0.16487241474665726,0.0,1.1648724147466574
NVSZ03,PRSZ03,1,0.17804523566292607,0.0,1.178045235662926
NVSZ03,QTSZ02,1,0.03594065892116266,0.0,1.0359406589211626
NVSZ03,RCSZ02,1,0.02471273223127787,0.0,1.024712732231278
NVSZ03,SBSZ01,1,0.0865436340951244,0.0,1.0865436340951244
NVSZ03,SBSZ03,1,0.12240860840811392,0.0,1.122408608408114
NVSZ03,SESZ04,1,0.16122849679702572,0.0,1.1612284967970257
NVSZ03,SGSZ05,1,0.1004631525312162,0.0,1.1004631525312163
NVSZ03,TMSZ02,1,0.17364471124921307,0.0,1.173644711249213
NVSZ03,TNSZ04,1,0.15237635521837053,0.0,1.1523763552183706
NVSZ03,TPSZ02,1,0.2026389729337621,0.0,1.202638972933762
NVSZ03,TPSZ03,1,0.075092866881352,0.0,1.075092866881352
NVSZ03,WDSZ06,1,0.12235295968676863,0.0,1.1223529596867685
NVSZ03,YSSZ02,1,0.044719623545897265,0.0,1.0447196235458973
NVSZ04,BMSZ08,1,0.1517175268736634,0.0,1.1517175268736635
NVSZ04,BSSZ02,1,0.38081352937917445,0.0,1.3808135293791746
NVSZ04,BTSZ01,1,0.2843915118030995,0.0,1.2843915118030995
NVSZ04,CCSZ01,1,0.08619272146623097,0.0,1.086192721466231
NVSZ04,CKSZ02,1,0.19179300223502832,0.0,1.1917930022350283
NVSZ04,DTSZ05,2,0.1927850490735232,0.0,2.1927850490735232
NVSZ04,GLSZ05,1,0.30207084193236744,0.0,1.3020708419323674
NVSZ04,JWSZ08,1,0.26354752292707184,0.0,1.2635475229270718
NVSZ04,NVSZ02,1,0.31117171811433814,0.38731361525105296,1.698485333365391
NVSZ04,ORSZ03,1,0.1048543341657737,0.2996044255353797,1.4044587597011535
NVSZ04,PRSZ08,1,0.11314508714117968,0.0,1.1131450871411797
NVSZ04,SKSZ01,1,0.08498441730735305,0.0,1.084984417307353
NVSZ04,TNSZ04,1,0.5325327375805743,1.3130133370162094,2.8455460745967835
NVSZ05,AMSZ02,1,0.0,0.0,1.0
NVSZ05,AMSZ05,1,0.0,0.0,1.0
NVSZ05,BDSZ04,1,0.0,0.0,1.0
NVSZ05,BPSZ04,1,0.0,0.0,1.0
NVSZ05,DTSZ05,1,0.0,0.0,1.0
NVSZ05,QTSZ02,1,0.0,0.0,1.0
NVSZ05,TPSZ11,1,0.0,0.0,1.0
NVSZ05,WDSZ09,1,0.0,0.0,1.0
ORSZ01,BDSZ01,1,0.3688106852469407,0.0,1.3688106852469408
ORSZ01,BKSZ03,1,0.3525299002298156,0.0,1.3525299002298157
ORSZ01,BSSZ01,1,0.8565657554832525,0.0,1.8565657554832526
ORSZ01,BSSZ03,1,0.4575773910161857,0.0,1.4575773910161858
ORSZ01,KLSZ01,1,0.7210470871419364,0.0,1.7210470871419363
ORSZ01,MUSZ01,1,0.17390158770713804,0.0,1.173901587707138
ORSZ01,ORSZ03,1,0.24791008829720254,0.0,1.2479100882972025
ORSZ01,PGSZ04,1,0.4979441681883218,0.0,1.4979441681883219
ORSZ01,QTSZ05,1,0.762920683842404,0.0,1.7629206838424039
ORSZ01,RCSZ01,1,0.11611369402963716,0.0,1.1161136940296372
ORSZ01,SESZ03,2,0.6333987230851951,0.0,2.633398723085195
ORSZ01,TMSZ02,1,0.7940174822077428,0.0,1.7940174822077428
ORSZ01,TMSZ03,1,0.6703282920078762,0.0,1.6703282920078761
ORSZ01,TMSZ04,1,0.4072433858962336,0.0,1.4072433858962337
ORSZ01,TPSZ04,1,0.25414849845070836,0.0,1.2541484984507083
ORSZ01,YSSZ04,1,0.6855425771708225,0.0,1.6855425771708226
ORSZ02,AMSZ01,10,1.8478738417205485,0.0,11.84787384172055
ORSZ02,AMSZ02,2,0.71586625197792,0.0,2.71586625197792
ORSZ02,AMSZ08,2,0.36744102593699446,0.0,2.3674410259369942
ORSZ02,AMSZ09,2,0.4823112055234901,0.0,2.48231120552349
ORSZ02,AMSZ10,1,0.2220292671373556,0.0,1.2220292671373556
ORSZ02,AMSZ12,1,0.11655282682078502,0.0,1.116552826820785
ORSZ02,BDSZ01,2,0.9751101892326486,0.0,2.9751101892326486
ORSZ02,BDSZ03,1,0.581008163199533,0.0,1.581008163199533
ORSZ02,BDSZ04,4,1.3739559132708667,0.0,5.3739559132708665
ORSZ02,BDSZ05,2,0.9082941164787763,0.0,2.9082941164787766
ORSZ02,BDSZ06,1,0.8300618792848797,0.0,1.8300618792848797
ORSZ02,BKSZ05,2,0.917934446654742,0.0,2.917934446654742
ORSZ02,BKSZ07,1,0.4274156695844936,0.0,1.4274156695844935
ORSZ02,BKSZ08,1,0.06370308369183506,0.0,1.063703083691835
ORSZ02,BMSZ01,2,0.6154392492496176,0.0,2.6154392492496177
ORSZ02,BMSZ03,1,0.6852504672726385,0.2650524284055549,1.9503028956781934
ORSZ02,BMSZ04,7,0.7586360751235542,1.1235213385285976,8.882157413652152
ORSZ02,BMSZ06,3,0.9076629431768057,0.6273759634515723,4.535038906628378
ORSZ02,BMSZ07,1,0.6835855041103391,0.16154702773745436,1.8451325318477936
ORSZ02,BMSZ08,3,0.9130332633684004,0.8081704876052035,4.721203750973604
ORSZ02,BMSZ09,1,0.4180189998778522,0.0705539422021056,1.4885729420799576
ORSZ02,BMSZ10,1,0.4443912696917335,0.14532947556745185,1.5897207452591853
ORSZ02,BMSZ15,1,0.40542484049082816,0.0,1.405424840490828
ORSZ02,BMSZ17,1,0.2245079484123763,0.0,1.2245079484123762
ORSZ02,BPSZ02,2,0.29122495010067384,0.0,2.291224950100674
ORSZ02,BPSZ03,1,0.32993174591321184,0.0,1.3299317459132118
ORSZ02,BPSZ04,9,0.8527229203894197,0.0,9.85272292038942
ORSZ02,BPSZ05,2,0.491122210797886,0.0,2.491122210797886
ORSZ02,BPSZ06,1,0.14075489257528737,0.0,1.1407548925752873
ORSZ02,BSSZ01,10,2.7099918128984624,0.0,12.709991812898462
ORSZ02,BSSZ03,5,1.0242397369484155,0.0,6.024239736948416
ORSZ02,BTSZ01,2,0.7017184853920818,0.0,2.7017184853920817
ORSZ02,BTSZ04,1,0.4196060535095791,0.0,1.4196060535095791
ORSZ02,BTSZ07,2,0.6003253650977161,0.0,2.6003253650977163
ORSZ02,BTSZ08,2,0.5740390954753917,0.6330529051589053,3.207092000634297
ORSZ02,CKSZ01,1,0.26122539948016077,0.0,1.2612253994801608
ORSZ02,CKSZ02,1,0.46675314027485715,0.0,1.4667531402748573
ORSZ02,CKSZ03,4,1.5000677305566197,0.0,5.500067730556619
ORSZ02,CKSZ06,4,0.44575060647892906,0.0,4.445750606478929
ORSZ02,CLSZ03,1,0.29162205247746614,0.0,1.2916220524774662
ORSZ02,CLSZ04,2,0.4276948348506245,0.0,2.4276948348506244
ORSZ02,CLSZ07,1,0.2594455761560673,0.0,1.2594455761560672
ORSZ02,DTSZ01,1,0.4750489212168056,0.4205737656072913,1.895622686824097
ORSZ02,DTSZ02,2,0.7183799124328535,1.164353746129103,3.882733658561956
ORSZ02,DTSZ03,1,0.5080978153169528,0.30629335643210004,1.8143911717490528
ORSZ02,DTSZ05,2,0.6155679855388454,1.5745445181209603,4.190112503659806
ORSZ02,DTSZ08,1,0.38190521190964694,1.7663575525648219,3.1482627644744685
ORSZ02,DTSZ09,2,0.19394053629837874,0.0,2.1939405362983786
ORSZ02,DTSZ10,1,0.04021836369933987,0.0,1.0402183636993398
ORSZ02,GLSZ03,1,0.4375401954312995,0.0,1.4375401954312994
ORSZ02,GLSZ04,4,1.9179814300042404,0.0,5.91798143000424
ORSZ02,GLSZ05,3,1.051018207416331,0.0,4.051018207416331
ORSZ02,HGSZ02,2,0.8030695311888062,0.0,2.803069531188806
ORSZ02,HGSZ04,3,0.6898567872385373,0.0,3.6898567872385373
ORSZ02,HGSZ05,2,0.8788174783624213,0.0,2.8788174783624214
ORSZ02,HGSZ06,3,1.3712821019685448,0.0,4.371282101968545
ORSZ02,HGSZ07,3,0.6206054976976979,0.0,3.620605497697698
ORSZ02,HGSZ08,1,0.4035953924891591,0.0,1.403595392489159
ORSZ02,JESZ01,1,0.16521198457543299,0.0,1.165211984575433
ORSZ02,JESZ02,1,0.1814770998805594,0.0,1.1814770998805595
ORSZ02,JESZ03,1,0.4965919501645822,0.0,1.4965919501645821
ORSZ02,JESZ04,1,0.07604534735427922,0.0,1.0760453473542793
ORSZ02,JESZ05,2,0.6416940565053113,0.0,2.6416940565053113
ORSZ02,JWSZ01,1,0.04977467791200375,0.0,1.0497746779120039
ORSZ02,JWSZ03,1,0.47648918792888595,0.0,1.476489187928886
ORSZ02,JWSZ08,3,1.2271306567634324,0.0,4.227130656763432
ORSZ02,JWSZ09,4,1.090533817113766,0.0,5.090533817113766
ORSZ02,KLSZ01,2,0.9873066547128257,0.0,2.9873066547128255
ORSZ02,KLSZ03,5,0.21834889182949133,0.0,5.218348891829491
ORSZ02,KLSZ07,1,0.5587703377183104,0.14272350671401526,1.7014938444323258
ORSZ02,KLSZ08,1,0.5146358962456883,0.0,1.5146358962456883
ORSZ02,MPSZ02,2,0.7467202002872665,0.0,2.7467202002872666
ORSZ02,MUSZ01,6,0.280635638478228,1.2565046303943537,7.537140268872582
ORSZ02,NTSZ03,8,0.19134032219039984,1.3431539143401057,9.534494236530504
ORSZ02,NVSZ01,2,1.5888149710228654,0.2929616792276025,3.881776650250468
ORSZ02,NVSZ02,5,1.2567409382058687,1.8156005305761582,8.072341468782028
ORSZ02,NVSZ03,1,0.23169641152162893,0.0,1.231696411521629
ORSZ02,NVSZ04,1,0.24436859989278048,0.0,1.2443685998927805
ORSZ02,ORSZ02,4,5.7444573383989335,52.16441679222981,61.908874130628746
ORSZ02,ORSZ03,5,0.7870816189054565,2.500199734762841,8.287281353668298
ORSZ02,OTSZ02,1,0.03747048020490001,0.07365055873430562,1.1111210389392057
ORSZ02,OTSZ03,5,0.8609273878785701,1.5233790607317423,7.384306448610313
ORSZ02,PGSZ02,3,0.572734931816936,0.0,3.572734931816936
ORSZ02,PGSZ03,4,0.5207906946247388,0.0,4.520790694624739
ORSZ02,PGSZ04,3,0.8764960988155786,0.0,3.8764960988155783
ORSZ02,PGSZ05,2,0.7864834939821486,0.0,2.7864834939821486
ORSZ02,PRSZ03,5,1.7740403778110396,0.0,6.77404037781104
ORSZ02,PRSZ05,4,1.3866127037714016,0.0,5.3866127037714016
ORSZ02,QTSZ05,1,0.595140206172383,0.08901046999282525,1.684150676165208
ORSZ02,QTSZ06,2,0.4558576757597862,0.0,2.4558576757597863
ORSZ02,QTSZ10,2,0.5514073437969444,0.0,2.5514073437969444
ORSZ02,RCSZ01,1,0.355318434674209,0.034980334318207545,1.3902987689924167
ORSZ02,RCSZ05,2,0.10772727351760902,0.6116115610121565,2.7193388345297658
ORSZ02,RVSZ04,1,0.0,0.0,1.0
ORSZ02,SBSZ01,2,0.558190091039819,0.0,2.558190091039819
ORSZ02,SBSZ03,1,0.41763135316884964,0.0,1.4176313531688496
ORSZ02,SBSZ04,1,0.28704295997475143,0.0,1.2870429599747515
ORSZ02,SBSZ05,2,0.09150714799778172,0.0,2.0915071479977816
ORSZ02,SESZ02,2,0.7241381743728481,0.0,2.724138174372848
ORSZ02,SESZ03,5,1.0384155968208513,0.0,6.038415596820851
ORSZ02,SESZ04,3,1.2721654123323058,0.0,4.272165412332306
ORSZ02,SESZ05,3,0.5054792344298927,0.0,3.5054792344298926
ORSZ02,SESZ06,3,1.3595510485325075,0.0,4.3595510485325075
ORSZ02,SGSZ01,1,0.3345952547918767,0.0,1.3345952547918767
ORSZ02,SGSZ03,1,0.4215920785499729,0.0,1.421592078549973
ORSZ02,SGSZ04,2,1.0516124704181145,0.0,3.0516124704181147
ORSZ02,SGSZ05,1,0.30218345787044737,0.0,1.3021834578704474
ORSZ02,SGSZ06,3,0.6624668122339966,0.0,3.6624668122339967
ORSZ02,SGSZ07,2,0.44344889735773035,0.0,2.4434488973577304
ORSZ02,SRSZ01,2,0.6178995199836356,0.2448135856398482,2.862713105623484
ORSZ02,SRSZ02,1,0.1856726330704208,0.16906148223542503,1.3547341153058459
ORSZ02,TMSZ02,5,1.5823084138022685,0.0,6.582308413802268
ORSZ02,TMSZ03,3,1.4669613921087317,0.0,4.466961392108732
ORSZ02,TMSZ04,6,1.4306853756299063,0.0,7.430685375629906
ORSZ02,TNSZ01,2,1.0118574956931663,0.0,3.0118574956931665
ORSZ02,TNSZ03,2,0.13684701404575192,0.0,2.136847014045752
ORSZ02,TNSZ04,2,0.5777744105736882,0.49141826274082895,3.069192673314517
ORSZ02,TPSZ01,3,0.38949804992221043,0.0,3.3894980499222105
ORSZ02,TPSZ02,8,1.614150879788944,2.1772784451967064,11.79142932498565
ORSZ02,TPSZ03,1,0.2495022625339413,0.0,1.2495022625339414
ORSZ02,TPSZ04,5,0.2642419851282668,0.0,5.264241985128267
ORSZ02,TPSZ06,9,0.9422383733825757,0.0,9.942238373382576
ORSZ02,TPSZ08,2,0.2650638249196625,0.0,2.2650638249196624
ORSZ02,TPSZ12,1,0.29084765042328614,0.0,1.2908476504232862
ORSZ02,WDSZ02,3,0.6542764905665633,0.0,3.6542764905665632
ORSZ02,WDSZ03,4,1.3798144365191294,0.0,5.37981443651913
ORSZ02,WDSZ04,2,0.347282717848334,0.0,2.347282717848334
ORSZ02,WDSZ05,2,0.5391303475827715,0.0,2.5391303475827716
ORSZ02,WDSZ06,3,0.4204221065574982,0.0,3.4204221065574982
ORSZ02,WDSZ09,1,0.1498477197409185,0.0,1.1498477197409185
ORSZ02,YSSZ01,1,0.2570240486494677,0.0,1.2570240486494677
ORSZ02,YSSZ02,1,0.3564587303748421,0.0,1.356458730374842
ORSZ02,YSSZ03,1,0.628879573313591,0.0,1.628879573313591
ORSZ02,YSSZ04,2,0.49194397207192625,0.0,2.491943972071926
ORSZ02,YSSZ05,1,0.14996429394044822,0.0,1.1499642939404482
ORSZ02,YSSZ08,3,0.16415073849642606,0.0,3.164150738496426
ORSZ02,YSSZ09,10,1.5476914341350283,0.0,11.547691434135029
ORSZ03,AMSZ01,2,0.542125104106956,0.0,2.542125104106956
ORSZ03,AMSZ02,1,0.21133946615500152,0.0,1.2113394661550014
ORSZ03,AMSZ06,3,0.393867627652327,0.0,3.393867627652327
ORSZ03,AMSZ07,2,0.3237624811211895,0.0,2.3237624811211894
ORSZ03,AMSZ09,1,0.18425156064660056,0.0,1.1842515606466006
ORSZ03,BDSZ03,1,0.3978274631953446,0.0,1.3978274631953447
ORSZ03,BDSZ04,5,0.8525978609891499,0.0,5.85259786098915
ORSZ03,BDSZ05,1,0.42842639004421396,0.0,1.428426390044214
ORSZ03,BMSZ01,1,0.28356941686229004,0.0,1.28356941686229
ORSZ03,BMSZ03,1,0.3883252560417864,0.2809202368974606,1.669245492939247
ORSZ03,BMSZ04,3,0.4203911543075686,0.7299362576802266,4.150327411987795
ORSZ03,BMSZ06,1,0.30769240947018867,0.14836855154778866,1.4560609610179773
ORSZ03,BMSZ07,2,0.4601366213285351,0.0,2.460136621328535
ORSZ03,BMSZ08,2,0.2728264200358956,0.5873581420917302,2.8601845621276256
ORSZ03,BMSZ13,1,0.30850986528498153,0.0,1.3085098652849816
ORSZ03,BPSZ02,2,0.1527144671970041,0.0,2.152714467197004
ORSZ03,BPSZ03,4,0.298223355037513,0.0,4.298223355037513
ORSZ03,BPSZ05,5,0.5029437622723351,0.0,5.502943762272335
ORSZ03,BSSZ01,3,0.6880345424170634,0.0,3.6880345424170633
ORSZ03,BSSZ02,5,0.7451762295462724,0.0,5.7451762295462725
ORSZ03,BSSZ03,5,1.0481771783656035,0.0,6.048177178365604
ORSZ03,BTSZ02,2,0.16466898798916943,0.0,2.1646689879891694
ORSZ03,CKSZ05,1,0.13726391255939327,0.0,1.1372639125593933
ORSZ03,CLSZ02,1,0.08632695974503495,0.0,1.086326959745035
ORSZ03,CLSZ03,1,0.20236359081580213,0.0,1.2023635908158021
ORSZ03,CLSZ04,1,0.20732048483942528,0.0,1.2073204848394252
ORSZ03,CLSZ08,1,0.23187367306216258,0.0,1.2318736730621627
ORSZ03,DTSZ01,2,0.22511575702716677,0.9870508051349128,3.21216656216208
ORSZ03,DTSZ02,1,0.20915551462557047,0.7228357420392293,1.9319912566647999
ORSZ03,DTSZ03,1,0.2003064982826804,0.3598664884119697,1.56017298669465
ORSZ03,DTSZ05,1,0.18850379400374753,0.9725663263107593,2.161070120314507
ORSZ03,DTSZ08,1,0.3441262859564229,2.3010003242461035,3.645126610202526
ORSZ03,GLSZ03,2,0.48967443721994725,0.0,2.4896744372199473
ORSZ03,GLSZ04,7,1.3320037689740212,0.0,8.33200376897402
ORSZ03,HGSZ02,1,0.2761723015957952,0.0,1.2761723015957953
ORSZ03,HGSZ05,2,0.6115828647309484,0.0,2.6115828647309485
ORSZ03,HGSZ06,2,0.6131734216019759,0.0,2.6131734216019757
ORSZ03,HGSZ07,1,0.23183475199733697,0.0,1.231834751997337
ORSZ03,JESZ02,2,0.15818928147911251,0.0,2.1581892814791126
ORSZ03,JESZ04,2,0.1423547186533864,0.0,2.1423547186533862
ORSZ03,JESZ05,2,0.5176594862545482,0.0,2.5176594862545483
ORSZ03,JESZ08,2,0.14437090623452317,0.0,2.1443709062345233
ORSZ03,JWSZ03,1,0.3238981869496288,0.0,1.323898186949629
ORSZ03,JWSZ09,2,0.5053309812192487,0.0,2.505330981219249
ORSZ03,KLSZ01,2,0.5455747772854241,0.39379939999846375,2.939374177283888
ORSZ03,KLSZ03,1,0.13628605054033394,0.0,1.1362860505403338
ORSZ03,KLSZ06,2,0.5556754341913065,0.32648949252915516,2.8821649267204617
ORSZ03,KLSZ07,2,0.46150576594913584,0.3996287936517868,2.8611345596009228
ORSZ03,MDSZ03,1,0.0,0.0,1.0
ORSZ03,MUSZ01,5,0.3795586109101583,2.247653467557164,7.6272120784673225
ORSZ03,NTSZ03,1,0.29681246981559095,0.2610363460054849,1.557848815821076
ORSZ03,NVSZ01,3,0.7539586884216636,0.6266451020091928,4.380603790430857
ORSZ03,NVSZ02,1,0.6484401941915332,0.9266875906353154,2.5751277848268486
ORSZ03,ORSZ02,4,0.7856901197097174,5.9540685137006415,10.739758633410359
ORSZ03,ORSZ03,2,0.9734702838109752,47.048881308690696,50.02235159250167
ORSZ03,OTSZ01,1,0.048153975520885885,0.3880721929785582,1.4362261684994442
ORSZ03,OTSZ03,4,0.5658210507229385,1.611628143910371,6.17744919463331
ORSZ03,PGSZ01,1,0.18674335401270087,0.0,1.1867433540127008
ORSZ03,PGSZ02,2,0.34076118404168065,0.0,2.3407611840416807
ORSZ03,PGSZ04,1,0.4226902082733197,0.0,1.4226902082733197
ORSZ03,PGSZ05,4,0.5049816845302554,0.0,4.5049816845302555
ORSZ03,PRSZ02,1,0.3778636124418817,0.0,1.3778636124418817
ORSZ03,PRSZ04,1,0.10502082285501332,0.0,1.1050208228550134
ORSZ03,PRSZ05,2,0.5949959223693463,0.0,2.594995922369346
ORSZ03,QTSZ05,5,0.4655749695299043,0.5218666280282783,5.987441597558183
ORSZ03,RCSZ02,2,0.14140074050599732,0.23502381312274315,2.3764245536287407
ORSZ03,RCSZ05,1,0.06822058501143186,0.3436053148155956,1.4118258998270274
ORSZ03,RCSZ08,1,0.0,0.0,1.0
ORSZ03,RCSZ10,1,0.1379882836090408,0.006449476305443381,1.1444377599144842
ORSZ03,SBSZ01,1,0.2726666471939854,0.0,1.2726666471939854
ORSZ03,SBSZ03,3,0.41607869184872637,0.0,3.4160786918487265
ORSZ03,SBSZ04,1,0.21043920702274777,0.0,1.2104392070227479
ORSZ03,SESZ03,4,0.40861189852585506,0.0,4.408611898525855
ORSZ03,SESZ04,2,0.5623982571976593,0.0,2.5623982571976596
ORSZ03,SESZ05,2,0.272003338989249,0.0,2.272003338989249
ORSZ03,SESZ06,5,0.8387475229181394,0.0,5.83874752291814
ORSZ03,SGSZ03,1,0.28856933670056356,0.0,1.2885693367005635
ORSZ03,SGSZ04,2,0.5813754895066864,0.0,2.5813754895066863
ORSZ03,SGSZ06,1,0.29056194231195964,0.0,1.2905619423119596
ORSZ03,SRSZ03,1,0.18867527500789,1.6161835576535084,2.8048588326613983
ORSZ03,TMSZ02,2,0.7935945330370522,0.0,2.7935945330370524
ORSZ03,TMSZ04,4,0.6477537939659124,0.0,4.647753793965912
ORSZ03,TPSZ02,3,0.5291516746091092,0.0,3.529151674609109
ORSZ03,TPSZ03,1,0.14697335886579485,0.0,1.1469733588657949
ORSZ03,TPSZ04,1,0.1382367508582037,0.0,1.1382367508582036
ORSZ03,TPSZ06,1,0.2640208924052555,0.0,1.2640208924052554
ORSZ03,TPSZ11,2,0.3513072383327342,0.0,2.3513072383327343
ORSZ03,TPSZ12,1,0.16329959011489184,0.0,1.163299590114892
ORSZ03,WDSZ01,1,0.07744265470786216,0.0,1.0774426547078622
ORSZ03,WDSZ02,1,0.3912233845586423,0.0,1.3912233845586424
ORSZ03,WDSZ03,3,0.6562125933665167,0.0,3.656212593366517
ORSZ03,WDSZ04,2,0.24169873678851592,0.0,2.241698736788516
ORSZ03,WDSZ06,3,0.2963260702024816,0.0,3.2963260702024817
ORSZ03,WDSZ09,1,0.12121301663634088,0.0,1.1212130166363408
ORSZ03,YSSZ02,1,0.19076833732350587,0.0,1.1907683373235058
ORSZ03,YSSZ03,1,0.4270627260576339,0.0,1.4270627260576338
ORSZ03,YSSZ04,2,0.33414685876246913,0.0,2.334146858762469
ORSZ03,YSSZ08,1,0.08064199937670857,0.0,1.0806419993767085
ORSZ03,YSSZ09,3,0.5674201966640656,0.0,3.5674201966640657
OTSZ01,AMSZ01,1,0.06941671469273995,0.0,1.06941671469274
OTSZ01,BDSZ01,2,0.059171604155285815,0.0,2.059171604155286
OTSZ01,BMSZ03,1,0.11260352265048376,0.4439926599621534,1.5565961826126373
OTSZ01,BMSZ04,2,0.11299882371275641,1.0535496645085185,3.1665484882212747
OTSZ01,BMSZ05,2,0.07862999263169504,0.2709999191161654,2.3496299117478605
OTSZ01,BMSZ09,1,0.06363551591834428,0.16419996118127583,1.2278354770996203
OTSZ01,BMSZ11,1,0.09128191483362573,0.0,1.0912819148336257
OTSZ01,BPSZ01,1,0.016283958355493525,0.0,1.0162839583554935
OTSZ01,BSSZ01,1,0.10315903015673715,0.0,1.103159030156737
OTSZ01,CKSZ03,1,0.06992905376873719,0.0,1.0699290537687371
OTSZ01,CLSZ03,1,0.06016571802919706,0.0,1.060165718029197
OTSZ01,CLSZ04,1,0.0659429934486491,0.0,1.065942993448649
OTSZ01,DTSZ02,1,0.029207961260288615,0.3209284279904831,1.3501363892507718
OTSZ01,DTSZ05,1,0.044940923479751024,0.9475176468332608,1.992458570313012
OTSZ01,DTSZ08,1,0.08708336407938388,2.369082140957321,3.456165505036705
OTSZ01,DTSZ09,1,0.024378906432644787,0.20531964459934618,1.2296985510319909
OTSZ01,DTSZ10,1,0.007595230636248483,0.0,1.0075952306362486
OTSZ01,GLSZ05,1,0.07163314470560062,0.0,1.0716331447056007
OTSZ01,HGSZ06,1,0.08849800377861783,0.0,1.0884980037786178
OTSZ01,JESZ05,2,0.17910774977047525,0.0,2.179107749770475
OTSZ01,JWSZ03,1,0.05553767321381065,0.0,1.0555376732138106
OTSZ01,KLSZ06,1,0.0981923241858389,0.0,1.098192324185839
OTSZ01,KLSZ08,1,0.046371836698133106,0.0,1.0463718366981332
OTSZ01,MPSZ03,1,0.07346482580567931,0.0,1.0734648258056794
OTSZ01,MUSZ01,1,0.01717135119283925,0.14157011145291332,1.1587414626457526
OTSZ01,ORSZ03,2,0.03581290535569852,0.6423533392816893,2.6781662446373877
OTSZ01,OTSZ02,1,0.09401275105643501,0.7911101792905056,1.8851229303469408
OTSZ01,OTSZ03,2,0.054887156262260386,2.384514847426101,4.439402003688361
OTSZ01,PGSZ02,1,0.0473031456476261,0.0,1.047303145647626
OTSZ01,PNSZ03,1,0.0,0.0,1.0
OTSZ01,QTSZ09,1,0.009070893898295797,0.0,1.0090708938982957
OTSZ01,SBSZ03,1,0.06066010538114986,0.0,1.06066010538115
OTSZ01,SESZ02,1,0.06291065129700932,0.0,1.0629106512970092
OTSZ01,SESZ03,1,0.11992869790060687,0.0,1.119928697900607
OTSZ01,SESZ04,1,0.07998859950594274,0.0,1.0799885995059428
OTSZ01,SESZ05,1,0.04191205073564495,0.0,1.041912050735645
OTSZ01,SESZ06,2,0.2043979489472928,0.0,2.204397948947293
OTSZ01,SGSZ06,1,0.07194970602260231,0.0,1.0719497060226022
OTSZ01,SRSZ01,1,0.03856979173072905,0.11684694031896459,1.1554167320496935
OTSZ01,TMSZ01,1,0.10044403864968013,0.0,1.10044403864968
OTSZ01,TNSZ02,1,0.029055236950867824,0.1476732249767769,1.1767284619276448
OTSZ01,WDSZ03,1,0.07545710609733507,0.0,1.075457106097335
OTSZ01,WDSZ04,1,0.061677794116439276,0.0,1.0616777941164393
OTSZ01,YSSZ02,1,0.025780541190489125,0.0,1.0257805411904892
OTSZ01,YSSZ09,1,0.059778741660845486,0.0,1.0597787416608455
OTSZ02,AMSZ06,1,0.16992644571720117,0.0,1.1699264457172012
OTSZ02,BDSZ03,1,0.07403278455130409,0.0,1.074032784551304
OTSZ02,BDSZ05,1,0.09805327631277475,0.0,1.0980532763127748
OTSZ02,BMSZ01,2,0.14385960747490928,0.3487801712142962,2.4926397786892056
OTSZ02,BMSZ04,1,0.07796321510562361,0.5431981491502673,1.6211613642558909
OTSZ02,BMSZ09,1,0.07185667620824586,0.21601537081416355,1.2878720470224092
OTSZ02,BMSZ11,1,0.10672139077556422,0.0,1.1067213907755642
OTSZ02,CKSZ01,1,0.13447579703005982,0.0,1.1344757970300599
OTSZ02,DTSZ02,1,0.035235133720406764,0.45259103103689474,1.4878261647573017
OTSZ02,DTSZ12,1,0.060478335851031545,0.0792676745474791,1.1397460103985106
OTSZ02,GLSZ04,1,0.24207558010624097,0.0,1.242075580106241
OTSZ02,JESZ05,1,0.16120990189455459,0.0,1.1612099018945545
OTSZ02,JWSZ09,1,0.0812336362722736,0.0,1.0812336362722736
OTSZ02,KLSZ09,1,0.005648321271348672,0.11082407401477233,1.116472395286121
OTSZ02,NVSZ02,1,0.09586899352953067,0.0,1.0958689935295307
OTSZ02,ORSZ02,1,0.09234676969561716,0.18335439889518365,1.2757011685908006
OTSZ02,PGSZ03,1,0.07172158804760115,0.0,1.0717215880476012
OTSZ02,RCSZ01,1,0.025453677322037408,0.06590075711936627,1.0913544344414037
OTSZ02,SBSZ02,1,0.05573812956370624,0.0,1.0557381295637063
OTSZ02,SESZ02,1,0.07661695530176724,0.0,1.0766169553017673
OTSZ02,SESZ05,1,0.04402094972678121,0.0,1.0440209497267812
OTSZ02,SGSZ06,1,0.07535241757006987,0.0,1.07535241757007
OTSZ02,TNSZ01,1,0.00011041695120573874,0.0,1.0001104169512058
OTSZ03,AMSZ01,7,1.248464540669527,0.0,8.248464540669527
OTSZ03,AMSZ02,1,0.3316101397117977,0.0,1.3316101397117976
OTSZ03,AMSZ06,1,0.3441619565817592,0.0,1.3441619565817593
OTSZ03,AMSZ08,2,0.24604123875656594,0.0,2.246041238756566
OTSZ03,AMSZ09,1,0.2327854585155362,0.0,1.2327854585155362
OTSZ03,AMSZ11,1,0.023010817362888358,0.0,1.0230108173628885
OTSZ03,AMSZ12,1,0.11486786876173868,0.0,1.1148678687617386
OTSZ03,BDSZ01,5,1.041699848930813,0.0,6.041699848930813
OTSZ03,BDSZ02,3,0.9688031622472422,0.0,3.968803162247242
OTSZ03,BDSZ03,1,0.6884235666745375,0.0,1.6884235666745375
OTSZ03,BDSZ04,14,1.5896483108847406,0.0,15.58964831088474
OTSZ03,BDSZ05,2,0.9550039599821987,0.0,2.9550039599821987
OTSZ03,BDSZ08,1,0.1543974685505883,0.0,1.1543974685505882
OTSZ03,BKSZ01,1,0.11844807049520072,0.0,1.1184480704952007
OTSZ03,BKSZ02,1,0.13509935070373627,0.0,1.1350993507037364
OTSZ03,BKSZ05,3,0.917666405031596,0.0,3.917666405031596
OTSZ03,BKSZ06,1,0.1387796606057045,0.0,1.1387796606057046
OTSZ03,BKSZ07,2,0.6739248391829283,0.0,2.6739248391829284
OTSZ03,BLSZ02,2,0.18215875508237137,0.0,2.1821587550823716
OTSZ03,BMSZ01,8,1.0614903475525554,0.0,9.061490347552555
OTSZ03,BMSZ02,4,0.762689029968668,1.6178540820023595,6.380543111971027
OTSZ03,BMSZ03,4,0.5473499110629348,1.9377606270873005,6.485110538150235
OTSZ03,BMSZ04,9,0.8605417470973636,2.9321757210142323,12.792717468111595
OTSZ03,BMSZ05,3,0.7807060171777793,0.4680324952279016,4.248738512405681
OTSZ03,BMSZ07,3,1.0398401491608593,0.0,4.0398401491608595
OTSZ03,BMSZ08,5,0.6474390227605039,1.981540401681467,7.628979424441971
OTSZ03,BMSZ09,4,0.4632909881281933,0.41546214225965516,4.878753130387849
OTSZ03,BMSZ10,1,0.8054921427949211,0.5606234446347453,2.3661155874296664
OTSZ03,BMSZ11,2,1.1623282641606572,3.335087682729314,6.497415946889971
OTSZ03,BMSZ12,1,0.5953006009137878,0.0,1.5953006009137878
OTSZ03,BMSZ13,4,0.24300917206012904,0.0,4.243009172060129
OTSZ03,BMSZ15,2,0.760144457358415,0.1477833686121187,2.9079278259705337
OTSZ03,BMSZ16,3,0.45834228365713336,0.4974125027910411,3.9557547864481744
OTSZ03,BMSZ17,1,0.5940976001082392,0.9118661729847656,2.5059637730930047
OTSZ03,BPSZ01,4,0.28737085113370375,0.0,4.287370851133704
OTSZ03,BPSZ03,1,0.27460253716656835,0.0,1.2746025371665684
OTSZ03,BPSZ04,3,0.34761298853640504,0.0,3.347612988536405
OTSZ03,BPSZ05,3,0.43154280196236794,0.0,3.431542801962368
OTSZ03,BPSZ06,1,0.1101881557703893,0.0,1.1101881557703892
OTSZ03,BSSZ01,6,1.4837006801120733,0.0,7.483700680112073
OTSZ03,BSSZ02,2,1.1118705734462433,0.0,3.111870573446243
OTSZ03,BSSZ03,1,0.7286455525455303,0.0,1.7286455525455304
OTSZ03,BTSZ01,1,0.5930720402283609,0.0,1.593072040228361
OTSZ03,BTSZ03,1,0.1445693828041977,0.0,1.1445693828041976
OTSZ03,BTSZ08,1,0.17226269829545823,0.0,1.1722626982954583
OTSZ03,CHSZ03,1,0.99746574848807,0.0,1.99746574848807
OTSZ03,CKSZ01,1,0.36705217319457195,0.0,1.367052173194572
OTSZ03,CKSZ02,1,0.5846166257158701,0.0,1.5846166257158703
OTSZ03,CKSZ03,4,1.5966561985936571,0.0,5.596656198593657
OTSZ03,CKSZ04,1,0.2627920304976137,0.0,1.2627920304976137
OTSZ03,CKSZ05,3,0.295210376749189,0.0,3.295210376749189
OTSZ03,CKSZ06,1,0.3643509399859599,0.0,1.36435093998596
OTSZ03,CLSZ03,4,0.9641631480032359,0.0,4.9641631480032355
OTSZ03,CLSZ04,4,0.9126970698404864,0.0,4.912697069840487
OTSZ03,CLSZ06,1,0.37780328274024877,0.0,1.3778032827402487
OTSZ03,CLSZ08,1,0.176904592905087,0.0,1.176904592905087
OTSZ03,DTSZ01,5,0.7829043328494234,1.8351960583638343,7.618100391213257
OTSZ03,DTSZ02,4,1.0908922591663137,2.508465473544607,7.599357732710921
OTSZ03,DTSZ03,3,0.9375273546605282,0.6722601899174298,4.609787544577958
OTSZ03,DTSZ05,3,0.5827453462142828,2.754230989419237,6.336976335633519
OTSZ03,DTSZ06,1,0.11914322683381187,0.1706216831466505,1.2897649099804624
OTSZ03,DTSZ08,3,1.3217609782671902,12.037488298622966,16.359249276890157
OTSZ03,DTSZ11,4,0.5819970032337841,4.540343180022591,9.122340183256375
OTSZ03,DTSZ12,1,0.5485791418701651,0.11664218980874706,1.6652213316789122
OTSZ03,GLSZ01,1,0.49366203072684683,0.0,1.493662030726847
OTSZ03,GLSZ02,4,0.4439976011653713,0.0,4.443997601165371
OTSZ03,GLSZ03,2,0.8515600395110985,0.0,2.8515600395110985
OTSZ03,GLSZ04,8,3.0301107640760336,0.0,11.030110764076033
OTSZ03,GLSZ05,10,2.2467333192777486,0.0,12.246733319277748
OTSZ03,HGSZ01,2,0.359175201241407,0.0,2.359175201241407
OTSZ03,HGSZ02,2,1.1259201351223898,0.0,3.1259201351223895
OTSZ03,HGSZ04,4,0.6935305644427912,0.0,4.693530564442791
OTSZ03,HGSZ06,10,1.9564092315621815,0.0,11.956409231562182
OTSZ03,HGSZ07,4,0.5676914428211146,0.0,4.567691442821115
OTSZ03,HGSZ08,1,0.4607731767133863,0.0,1.4607731767133862
OTSZ03,JESZ02,2,0.24967508467815844,0.0,2.2496750846781586
OTSZ03,JESZ03,2,0.780821829197425,0.0,2.780821829197425
OTSZ03,JESZ04,2,0.16213335247826846,0.0,2.1621333524782687
OTSZ03,JESZ05,6,0.5136607544611963,0.0,6.513660754461196
OTSZ03,JESZ06,2,0.2293068452917184,0.0,2.2293068452917186
OTSZ03,JWSZ01,1,0.045189816575329576,0.0,1.0451898165753295
OTSZ03,JWSZ02,1,0.27963327595729637,0.0,1.2796332759572964
OTSZ03,JWSZ03,2,0.47376500562923,0.0,2.47376500562923
OTSZ03,JWSZ04,1,0.578696354463519,0.0,1.5786963544635189
OTSZ03,JWSZ08,6,0.9384415500223748,0.0,6.938441550022375
OTSZ03,JWSZ09,6,0.8418970559808063,0.0,6.841897055980806
OTSZ03,KLSZ01,6,0.692692834906512,0.0,6.692692834906512
OTSZ03,KLSZ02,1,0.20529640153053516,0.0,1.2052964015305352
OTSZ03,KLSZ03,1,0.04838082359055656,0.0,1.0483808235905565
OTSZ03,KLSZ05,1,0.4335067690380045,0.0,1.4335067690380046
OTSZ03,KLSZ06,5,0.7663831445407788,0.0,5.766383144540779
OTSZ03,KLSZ07,1,0.5733674668415499,0.0,1.57336746684155
OTSZ03,KLSZ08,2,0.7290523357261938,0.0,2.7290523357261938
OTSZ03,KLSZ09,3,0.1926903245975147,0.48079785291090843,3.6734881775084234
OTSZ03,MPSZ01,1,0.25856482312004353,0.0,1.2585648231200435
OTSZ03,MSSZ01,1,0.0,0.0,1.0
OTSZ03,MUSZ01,5,0.23704618864200835,0.85085256029794,6.087898748939948
OTSZ03,NTSZ03,1,0.21787651963291882,0.0,1.2178765196329189
OTSZ03,NTSZ05,1,0.0,0.0,1.0
OTSZ03,NVSZ01,5,1.4588685231929122,0.0,6.458868523192912
OTSZ03,NVSZ02,7,0.9327732845811978,0.0,7.932773284581198
OTSZ03,NVSZ05,1,0.0,0.0,1.0
OTSZ03,ORSZ02,7,0.9152182582022403,1.0292586024648616,8.944476860667102
OTSZ03,ORSZ03,4,0.6662121421622454,1.3797547949652424,6.045966937127488
OTSZ03,OTSZ01,1,0.08184531456470787,0.9814805845186968,2.0633258990834045
OTSZ03,OTSZ03,8,1.733314167899583,39.2700145189728,49.00332868687238
OTSZ03,OTSZ04,2,0.4010401554637272,1.208054522549948,3.6090946780136752
OTSZ03,PGSZ03,3,0.45892729541232413,0.0,3.458927295412324
OTSZ03,PGSZ04,8,2.9062559033238817,0.0,10.906255903323881
OTSZ03,PGSZ05,2,0.7728578622121924,0.0,2.7728578622121924
OTSZ03,PLSZ04,1,0.030726554887706863,0.0,1.030726554887707
OTSZ03,PNSZ02,1,0.0,0.0,1.0
OTSZ03,PRSZ03,10,1.5751120553795477,0.0,11.575112055379547
OTSZ03,PRSZ05,1,0.6549376019031902,0.0,1.6549376019031903
OTSZ03,PRSZ08,1,0.17215179513259452,0.0,1.1721517951325946
OTSZ03,QTSZ01,1,0.2667451863961558,0.0,1.2667451863961559
OTSZ03,QTSZ02,2,0.36952909459193745,0.0,2.3695290945919374
OTSZ03,QTSZ04,3,0.17482832669133944,0.0,3.1748283266913395
OTSZ03,QTSZ05,5,0.6035368133777196,0.0,5.60353681337772
OTSZ03,QTSZ06,1,0.2649571545589772,0.0,1.2649571545589773
OTSZ03,QTSZ08,5,0.9996705097663368,0.0,5.999670509766337
OTSZ03,QTSZ09,2,0.13709786122573053,0.0,2.1370978612257305
OTSZ03,QTSZ12,1,0.19899197244162256,0.0,1.1989919724416225
OTSZ03,QTSZ14,2,0.9383618102412731,0.0,2.938361810241273
OTSZ03,RCSZ01,3,0.30496076412322226,0.2047621102495864,3.509722874372809
OTSZ03,RCSZ03,1,0.3009977053613831,0.24474695141240999,1.5457446567737931
OTSZ03,RCSZ09,1,0.34208096484789907,0.11667435530872228,1.4587553201566212
OTSZ03,RCSZ10,7,0.5995412909402404,0.6071083118248207,8.206649602765062
OTSZ03,RVSZ04,1,0.0,0.0,1.0
OTSZ03,SBSZ01,2,0.39251411445831563,0.0,2.3925141144583155
OTSZ03,SBSZ02,1,0.1807500855220417,0.0,1.1807500855220416
OTSZ03,SBSZ03,7,1.1236469567435152,0.0,8.123646956743515
OTSZ03,SESZ02,5,1.3999782517753632,0.0,6.399978251775363
OTSZ03,SESZ03,12,1.9243011905501877,0.0,13.924301190550187
OTSZ03,SESZ04,6,0.9106372944404203,0.0,6.91063729444042
OTSZ03,SESZ05,4,0.2819507496826986,0.0,4.281950749682698
OTSZ03,SESZ06,4,1.4488512863643652,0.0,5.448851286364365
OTSZ03,SESZ07,1,0.0,0.0,1.0
OTSZ03,SGSZ03,1,0.4873642744713361,0.0,1.4873642744713362
OTSZ03,SGSZ04,7,1.8948004945064507,0.0,8.89480049450645
OTSZ03,SGSZ06,5,0.7000973927393109,0.0,5.700097392739311
OTSZ03,SGSZ07,3,0.5200803193409161,0.0,3.520080319340916
OTSZ03,SISZ01,1,0.7154958230502364,0.0,1.7154958230502364
OTSZ03,SKSZ03,1,0.08020593179675595,0.0,1.080205931796756
OTSZ03,SRSZ01,1,0.9183140233734103,0.28855873107155133,2.206872754444962
OTSZ03,SRSZ02,1,0.2569265097214303,1.3008394792780082,2.5577659889994386
OTSZ03,SRSZ03,2,0.6211832486987703,2.593178284926164,5.214361533624935
OTSZ03,TMSZ01,2,0.824054899457778,0.0,2.824054899457778
OTSZ03,TMSZ02,6,1.7064048816556991,0.0,7.706404881655699
OTSZ03,TMSZ03,6,1.5882723597306707,0.0,7.588272359730671
OTSZ03,TMSZ04,11,1.9637788557452354,0.0,12.963778855745236
OTSZ03,TMSZ05,2,0.7174487520347799,0.0,2.71744875203478
OTSZ03,TPSZ01,1,0.3539498284158524,0.0,1.3539498284158524
OTSZ03,TPSZ02,1,0.675858907218716,0.0,1.675858907218716
OTSZ03,TPSZ06,4,0.729524165273264,0.0,4.729524165273264
OTSZ03,TPSZ07,1,0.12557565615088764,0.0,1.1255756561508876
OTSZ03,TPSZ08,2,0.20022511645096505,0.0,2.200225116450965
OTSZ03,TPSZ09,4,0.2921541244574787,0.0,4.292154124457479
OTSZ03,TPSZ10,1,0.14834190850988915,0.0,1.1483419085098892
OTSZ03,TPSZ12,1,0.28030369680923944,0.0,1.2803036968092394
OTSZ03,WDSZ02,9,0.8481129024414519,0.0,9.848112902441452
OTSZ03,WDSZ03,6,0.9065083941265751,0.0,6.9065083941265755
OTSZ03,WDSZ05,4,0.2801996376715482,0.0,4.280199637671548
OTSZ03,YSSZ03,2,0.8093537360204157,0.0,2.809353736020416
OTSZ03,YSSZ04,1,0.4850538403407511,0.0,1.4850538403407512
OTSZ03,YSSZ06,1,0.06733675226589217,0.0,1.067336752265892
OTSZ03,YSSZ07,1,0.05364759211878261,0.0,1.0536475921187827
OTSZ03,YSSZ08,2,0.17298692686029207,0.0,2.172986926860292
OTSZ03,YSSZ09,12,0.5368694420615255,0.0,12.536869442061526
OTSZ04,BDSZ03,1,0.1893504698013566,0.0,1.1893504698013566
OTSZ04,BDSZ04,2,0.261350027032991,0.0,2.261350027032991
OTSZ04,BKSZ05,2,0.13297019888254077,0.0,2.132970198882541
OTSZ04,BMSZ01,2,0.25217966830827937,0.0,2.2521796683082793
OTSZ04,BMSZ05,1,0.11967972132422257,0.37402750830646814,1.4937072296306908
OTSZ04,BMSZ07,1,0.13068545467066364,0.0,1.1306854546706637
OTSZ04,BMSZ11,1,0.08911568254933212,0.7221007600788472,1.8112164426281794
OTSZ04,BPSZ03,1,0.06166774113291996,0.0,1.06166774113292
OTSZ04,BPSZ05,3,0.20131737969556399,0.0,3.201317379695564
OTSZ04,BSSZ03,1,0.12732820306828302,0.0,1.127328203068283
OTSZ04,BTSZ01,1,0.15603916227458192,0.0,1.156039162274582
OTSZ04,CKSZ01,1,0.22029831095423358,0.0,1.2202983109542336
OTSZ04,CKSZ03,2,0.2476831007174805,0.0,2.2476831007174805
OTSZ04,CKSZ04,1,0.15910712003437594,0.0,1.1591071200343759
OTSZ04,CLSZ02,1,0.10677732631454191,0.0,1.106777326314542
OTSZ04,DTSZ02,2,0.15166517298017818,1.782566016166823,3.934231189147001
OTSZ04,DTSZ03,2,0.2215294700315011,0.5606751977806257,2.7822046678121266
OTSZ04,DTSZ05,2,0.13298390788602268,7.629123726029994,9.762107633916017
OTSZ04,DTSZ08,1,0.22267412295899539,3.3243140236546673,4.546988146613662
OTSZ04,GLSZ04,1,0.3142642293985973,0.0,1.3142642293985973
OTSZ04,GLSZ05,1,0.1522507156811801,0.0,1.15225071568118
OTSZ04,HGSZ04,2,0.16426222753422115,0.0,2.164262227534221
OTSZ04,HGSZ06,4,0.45705349942176093,0.0,4.457053499421761
OTSZ04,JESZ02,2,0.011379923420622095,0.0,2.011379923420622
OTSZ04,JESZ05,1,0.15878697037534592,0.0,1.158786970375346
OTSZ04,JESZ08,2,0.10654436075990456,0.0,2.1065443607599046
OTSZ04,JWSZ08,1,0.11143283679146439,0.0,1.1114328367914643
OTSZ04,JWSZ09,2,0.22848041700386942,0.0,2.2284804170038695
OTSZ04,KLSZ02,2,0.0499029133433915,0.0,2.0499029133433915
OTSZ04,KLSZ03,2,0.04510766395362171,0.0,2.0451076639536216
OTSZ04,KLSZ07,1,0.11801420431244258,0.22795664015984307,1.3459708444722858
OTSZ04,NVSZ01,1,0.28274226608892894,0.0,1.282742266088929
OTSZ04,ORSZ03,2,0.06383338337830023,0.8308007308973336,2.8946341142756338
OTSZ04,OTSZ03,1,0.14609231078447954,1.5568460200649608,2.7029383308494404
OTSZ04,PRSZ03,1,0.19560335297090597,0.0,1.195603352970906
OTSZ04,QTSZ05,1,0.16859466260763778,0.0,1.1685946626076378
OTSZ04,QTSZ06,1,0.07635091265979368,0.0,1.0763509126597937
OTSZ04,RCSZ01,1,0.06727498046111537,0.0369525118744602,1.1042274923355757
OTSZ04,RCSZ03,1,0.053880592833160774,0.2506384874113177,1.3045190802444784
OTSZ04,RCSZ09,1,0.018550108985487403,0.07413992230408357,1.0926900312895709
OTSZ04,RCSZ10,2,0.05500724841625105,0.06849928500276,2.123506533419011
OTSZ04,SBSZ03,2,0.13355608110288475,0.0,2.133556081102885
OTSZ04,SESZ02,1,0.13486631116745973,0.0,1.1348663111674597
OTSZ04,SESZ03,3,0.23720097804732368,0.0,3.2372009780473237
OTSZ04,SGSZ06,2,0.20052033586116821,0.0,2.2005203358611682
OTSZ04,SRSZ02,1,0.20859760169607458,0.4868000888493554,1.69539769054543
OTSZ04,TMSZ02,3,0.3671007143838196,0.0,3.3671007143838194
OTSZ04,TMSZ04,2,0.2300066488751647,0.0,2.2300066488751646
OTSZ04,TNSZ01,1,0.06477391922582983,0.0,1.0647739192258299
OTSZ04,TNSZ02,1,0.03401626091340729,0.07394625803577888,1.1079625189491862
OTSZ04,TPSZ09,1,0.04297010671224065,0.0,1.0429701067122406
OTSZ04,YSSZ09,1,0.1165790202134951,0.0,1.116579020213495
PGSZ01,AMSZ01,1,0.27666122726737186,0.0,1.2766612272673719
PGSZ01,AMSZ03,1,0.11300327696654318,0.0,1.1130032769665432
PGSZ01,AMSZ06,1,0.3420515905921577,0.0,1.3420515905921577
PGSZ01,BDSZ06,1,0.41342458132694565,0.0,1.4134245813269457
PGSZ01,BLSZ04,1,0.2231891471419795,0.0,1.2231891471419796
PGSZ01,DTSZ01,1,0.1911286205357066,0.0,1.1911286205357066
PGSZ01,DTSZ03,1,0.1631622251370463,0.0,1.1631622251370464
PGSZ01,DTSZ05,1,0.1398654276230603,0.0,1.1398654276230604
PGSZ01,DTSZ08,2,0.09392959679572496,0.0,2.093929596795725
PGSZ01,DTSZ11,1,0.18299522448100744,0.0,1.1829952244810074
PGSZ01,GLSZ05,2,0.39955367636713984,0.0,2.3995536763671397
PGSZ01,HGSZ05,2,0.63411952432964,0.0,2.6341195243296402
PGSZ01,JESZ06,1,0.020822023567256882,0.0,1.020822023567257
PGSZ01,KLSZ05,1,0.12643128403005213,0.0,1.126431284030052
PGSZ01,KLSZ07,1,0.23044925069570188,0.0,1.2304492506957019
PGSZ01,KLSZ08,1,0.17206470363636361,0.0,1.1720647036363636
PGSZ01,MUSZ02,1,0.0,0.0,1.0
PGSZ01,ORSZ02,1,0.23758658722633455,0.0,1.2375865872263345
PGSZ01,ORSZ03,1,0.15919275783544726,0.0,1.1591927578354473
PGSZ01,OTSZ03,1,0.20562730882936572,0.0,1.2056273088293656
PGSZ01,PGSZ02,3,0.7144978325170597,0.0,3.7144978325170595
PGSZ01,PGSZ03,4,0.5586970664141641,0.0,4.558697066414164
PGSZ01,PGSZ04,4,1.6034206184328346,0.0,5.603420618432835
PGSZ01,PGSZ05,1,0.3570556259197053,0.0,1.3570556259197053
PGSZ01,SESZ02,1,0.40347871008576935,0.0,1.4034787100857693
PGSZ01,SESZ04,1,0.47307534828287084,0.0,1.473075348282871
PGSZ01,SESZ06,2,1.1060425956705497,0.0,3.1060425956705497
PGSZ01,SGSZ05,1,0.15760142322228363,0.0,1.1576014232222835
PGSZ01,TMSZ03,1,0.5464757997592222,0.0,1.5464757997592222
PGSZ01,TMSZ05,1,0.2250087133420947,0.0,1.2250087133420946
PGSZ01,YSSZ01,1,0.24062594314666208,0.0,1.2406259431466622
PGSZ01,YSSZ08,1,0.026861239959575327,0.0,1.0268612399595753
PGSZ01,YSSZ09,1,0.2619010488664393,0.0,1.2619010488664393
PGSZ02,AMSZ01,2,0.6316072244119079,0.0,2.631607224411908
PGSZ02,AMSZ10,1,0.26906961010936986,0.0,1.26906961010937
PGSZ02,BDSZ01,1,0.4009524783245733,0.0,1.4009524783245733
PGSZ02,BDSZ04,1,0.31334211115497423,0.0,1.3133421111549741
PGSZ02,BMSZ01,2,0.33112064912843725,0.0,2.331120649128437
PGSZ02,BMSZ04,1,0.12743008298440228,0.0,1.1274300829844024
PGSZ02,BMSZ05,6,0.3668895147983263,0.0,6.366889514798326
PGSZ02,BPSZ02,1,0.09791249463219064,0.0,1.0979124946321905
PGSZ02,BSSZ03,1,0.29988391151589977,0.0,1.2998839115158998
PGSZ02,BTSZ01,1,0.2703939023773609,0.0,1.270393902377361
PGSZ02,BTSZ06,1,0.10047181898945454,0.0,1.1004718189894545
PGSZ02,CHSZ03,1,0.35628280844314103,0.0,1.356282808443141
PGSZ02,CLSZ07,1,0.12998845534317455,0.0,1.1299884553431745
PGSZ02,DTSZ01,2,0.2626414475231031,0.0,2.262641447523103
PGSZ02,DTSZ02,1,0.19566379015674096,0.0,1.195663790156741
PGSZ02,DTSZ03,1,0.1678817403871497,0.0,1.1678817403871498
PGSZ02,DTSZ05,1,0.15547306562658997,0.0,1.15547306562659
PGSZ02,DTSZ08,2,0.1683941809405633,0.0,2.168394180940563
PGSZ02,DTSZ09,1,0.11702921421995088,0.0,1.117029214219951
PGSZ02,DTSZ11,1,0.3161098181421609,0.0,1.3161098181421609
PGSZ02,GLSZ03,2,0.7039508247860683,0.0,2.703950824786068
PGSZ02,GLSZ05,2,0.6168240462011699,0.0,2.61682404620117
PGSZ02,HGSZ01,1,0.32374558543418813,0.0,1.3237455854341882
PGSZ02,HGSZ02,2,1.1842587057698086,0.0,3.1842587057698086
PGSZ02,HGSZ03,4,0.6753871861733283,0.0,4.675387186173328
PGSZ02,HGSZ06,2,0.9721800237512126,0.0,2.9721800237512124
PGSZ02,HGSZ07,1,0.3313424252036938,0.0,1.3313424252036938
PGSZ02,HGSZ08,1,0.2723010974971174,0.0,1.2723010974971174
PGSZ02,HGSZ09,1,0.024409284428371775,0.0,1.0244092844283719
PGSZ02,JESZ05,1,0.21544538627958768,0.0,1.2154453862795878
PGSZ02,JWSZ03,1,0.15867829002956926,0.0,1.1586782900295693
PGSZ02,KLSZ01,2,0.5631142856123084,0.0,2.5631142856123086
PGSZ02,KLSZ03,1,0.053310807374540164,0.0,1.05331080737454
PGSZ02,KLSZ05,1,0.14408911382099995,0.0,1.1440891138209999
PGSZ02,KLSZ08,1,0.3195057093364846,0.0,1.3195057093364846
PGSZ02,MPSZ02,1,0.27613958141876555,0.0,1.2761395814187655
PGSZ02,MUSZ01,1,0.09371194009084823,0.0,1.0937119400908482
PGSZ02,NVSZ01,1,0.6095794862491518,0.0,1.6095794862491517
PGSZ02,NVSZ02,3,0.5778767456651405,0.0,3.5778767456651406
PGSZ02,ORSZ02,6,0.4874794617400328,0.0,6.487479461740032
PGSZ02,ORSZ03,1,0.1914462233350006,0.0,1.1914462233350007
PGSZ02,OTSZ01,1,0.033969787061898016,0.0,1.033969787061898
PGSZ02,OTSZ03,2,0.4569323681053156,0.0,2.4569323681053157
PGSZ02,PGSZ01,6,0.771757153486053,0.0,6.771757153486053
PGSZ02,PGSZ02,3,0.8564419151369181,30.68755914512982,34.54400106026674
PGSZ02,PGSZ03,11,5.368542457376314,3.3801399869443625,19.74868244432068
PGSZ02,PGSZ04,16,3.4832134952958786,2.1726929105858557,21.655906405881733
PGSZ02,PGSZ05,16,2.980960351388711,1.073460057224343,20.05442040861305
PGSZ02,PRSZ02,2,0.4500128173349799,0.0,2.4500128173349798
PGSZ02,PRSZ05,1,0.5568140056412534,0.0,1.5568140056412534
PGSZ02,PRSZ08,1,0.27003346143587836,0.0,1.2700334614358784
PGSZ02,QTSZ08,1,0.23852068044965236,0.0,1.2385206804496525
PGSZ02,QTSZ10,1,0.27545601325554653,0.0,1.2754560132555466
PGSZ02,QTSZ14,1,0.2092561721854603,0.0,1.2092561721854602
PGSZ02,RCSZ10,2,0.18813715378982662,0.0,2.1881371537898264
PGSZ02,SBSZ03,1,0.3245838491344852,0.0,1.3245838491344852
PGSZ02,SESZ02,5,1.652479274347355,0.8845239114573932,7.537003185804748
PGSZ02,SESZ03,5,1.679880652999993,0.8135928250103817,7.493473478010374
PGSZ02,SESZ04,2,1.1165670486136123,0.4360832622685188,3.5526503108821315
PGSZ02,SESZ05,3,0.4555490031098667,0.6896576892383358,4.145206692348203
PGSZ02,SESZ06,4,1.249554276251548,0.8610228717061054,6.110577147957653
PGSZ02,SGSZ05,1,0.32123486048704847,0.0,1.3212348604870485
PGSZ02,SGSZ06,2,0.44669198401416416,0.0,2.4466919840141643
PGSZ02,SGSZ07,1,0.11966889248107196,0.0,1.119668892481072
PGSZ02,SLSZ01,1,0.27259686255045895,0.0,1.272596862550459
PGSZ02,TMSZ01,1,0.37505999730861905,0.0,1.375059997308619
PGSZ02,TMSZ02,2,1.3204661664897468,0.0,3.320466166489747
PGSZ02,TMSZ04,3,0.7582750539194049,0.0,3.7582750539194048
PGSZ02,TPSZ09,1,0.1413718967924966,0.0,1.1413718967924966
PGSZ02,TSSZ05,1,0.3894799720312125,0.0,1.3894799720312125
PGSZ02,WDSZ01,2,0.11749255987603935,0.0,2.1174925598760392
PGSZ02,WDSZ02,2,0.3505311588085378,0.0,2.350531158808538
PGSZ02,WDSZ03,1,0.33104873644686594,0.0,1.331048736446866
PGSZ02,YSSZ01,2,0.23372061738442657,0.0,2.2337206173844266
PGSZ02,YSSZ04,1,0.33038477561928303,0.0,1.330384775619283
PGSZ03,AMSZ01,4,1.255746447541278,0.0,5.255746447541278
PGSZ03,AMSZ08,2,0.45636017821064634,0.0,2.4563601782106463
PGSZ03,AMSZ09,1,0.27773895240673524,0.0,1.2777389524067353
PGSZ03,AMSZ10,1,0.42267520760824084,0.0,1.4226752076082407
PGSZ03,AMSZ12,3,0.33218129498543986,0.0,3.33218129498544
PGSZ03,BDSZ01,3,0.9790597761252711,0.0,3.979059776125271
PGSZ03,BDSZ05,1,0.6136408213337792,0.0,1.6136408213337792
PGSZ03,BKSZ05,1,0.6299947434947251,0.0,1.629994743494725
PGSZ03,BMSZ01,2,0.591280649843248,0.0,2.591280649843248
PGSZ03,BMSZ02,1,0.2803214229495725,0.0,1.2803214229495725
PGSZ03,BMSZ04,1,0.19747167937481883,0.0,1.1974716793748188
PGSZ03,BMSZ05,2,0.5541546175656266,0.0,2.5541546175656267
PGSZ03,BMSZ12,3,0.5696831592136855,0.0,3.5696831592136853
PGSZ03,BMSZ17,4,0.3998063241792459,0.0,4.399806324179246
PGSZ03,BPSZ05,1,0.4398435437331181,0.0,1.439843543733118
PGSZ03,BSSZ01,1,0.7497057901004694,0.0,1.7497057901004696
PGSZ03,BTSZ01,1,0.5108730019561426,0.0,1.5108730019561425
PGSZ03,CHSZ02,1,0.24297698365811096,0.0,1.242976983658111
PGSZ03,CHSZ03,6,1.9505981186806898,0.0,7.9505981186806896
PGSZ03,CKSZ03,1,0.36788617537501456,0.0,1.3678861753750144
PGSZ03,CLSZ01,1,0.31343137336443566,0.0,1.3134313733644356
PGSZ03,CLSZ09,1,0.11208766188739278,0.0,1.1120876618873927
PGSZ03,DTSZ02,1,0.3222764081123947,0.0,1.3222764081123948
PGSZ03,DTSZ03,6,0.6700275139152445,0.0,6.670027513915245
PGSZ03,DTSZ05,7,0.5432876484251769,0.0,7.543287648425177
PGSZ03,DTSZ08,5,0.41627816925633043,0.0,5.41627816925633
PGSZ03,DTSZ11,3,0.473370764368321,0.0,3.473370764368321
PGSZ03,DTSZ12,2,0.526141051556464,0.0,2.526141051556464
PGSZ03,GLSZ01,2,0.8639042589330874,0.0,2.863904258933087
PGSZ03,GLSZ03,3,1.060152780912258,0.0,4.060152780912258
PGSZ03,GLSZ04,2,1.0218413183649409,0.0,3.021841318364941
PGSZ03,GLSZ05,1,0.5454443446527891,0.0,1.5454443446527892
PGSZ03,HGSZ01,1,0.42064298416523005,0.0,1.4206429841652302
PGSZ03,HGSZ02,1,0.753342722651972,0.0,1.753342722651972
PGSZ03,HGSZ04,1,0.549470912589843,0.42039690248744577,1.969867815077289
PGSZ03,HGSZ05,2,1.3529787893405516,0.9592863180666337,4.312265107407185
PGSZ03,HGSZ06,1,0.9212820793683606,0.0,1.9212820793683605
PGSZ03,HGSZ07,1,0.41347895686236713,0.0,1.4134789568623671
PGSZ03,HGSZ08,1,0.47455098473555946,0.0,1.4745509847355596
PGSZ03,JESZ05,1,0.5302973424097418,0.0,1.530297342409742
PGSZ03,KLSZ01,2,0.9155177739652262,0.0,2.915517773965226
PGSZ03,KLSZ05,2,0.35698768086156885,0.0,2.356987680861569
PGSZ03,KLSZ07,1,0.47942960286104286,0.0,1.479429602861043
PGSZ03,KLSZ08,2,0.6624727549636461,0.0,2.662472754963646
PGSZ03,KLSZ09,3,0.1526069101525569,0.0,3.152606910152557
PGSZ03,MPSZ03,1,0.6264154089426702,0.0,1.6264154089426701
PGSZ03,MUSZ01,7,0.45142573000613745,0.0,7.451425730006138
PGSZ03,MUSZ03,1,0.07314397853343682,0.0,1.073143978533437
PGSZ03,NTSZ03,1,0.12792415009474978,0.0,1.1279241500947497
PGSZ03,NVSZ01,1,0.8708735535670667,0.0,1.8708735535670669
PGSZ03,NVSZ02,1,0.663010246315265,0.0,1.663010246315265
PGSZ03,ORSZ02,3,0.9873227277856101,0.0,3.9873227277856103
PGSZ03,ORSZ03,2,0.5607725428154137,0.0,2.5607725428154136
PGSZ03,OTSZ03,7,0.8249402816503946,0.0,7.824940281650394
PGSZ03,OTSZ04,1,0.1008869723263155,0.0,1.1008869723263155
PGSZ03,PGSZ01,5,0.4460572694836106,0.0,5.44605726948361
PGSZ03,PGSZ02,9,2.1559963494110743,1.8288265172947904,12.984822866705866
PGSZ03,PGSZ03,8,2.624712824587149,23.1898519101999,33.81456473478705
PGSZ03,PGSZ04,11,3.124987143836902,4.238388085561441,18.363375229398343
PGSZ03,PGSZ05,5,1.512766423389705,0.6052559465916203,7.118022369981325
PGSZ03,PLSZ01,1,0.21362666803509323,0.0,1.2136266680350931
PGSZ03,PRSZ02,1,0.7031130540129573,0.0,1.7031130540129573
PGSZ03,PRSZ03,1,0.8424724638495676,0.0,1.8424724638495675
PGSZ03,PRSZ04,1,0.2185899572778503,0.0,1.2185899572778502
PGSZ03,PRSZ06,1,0.2518930456013473,0.0,1.2518930456013473
PGSZ03,QTSZ05,1,0.3255170217009384,0.0,1.3255170217009384
PGSZ03,QTSZ08,3,0.8017510979672096,0.0,3.80175109796721
PGSZ03,QTSZ12,1,0.21439403940043097,0.0,1.214394039400431
PGSZ03,QTSZ14,3,0.5845624930199501,0.0,3.5845624930199502
PGSZ03,RCSZ01,4,0.2883526134052406,0.0,4.288352613405241
PGSZ03,RCSZ03,1,0.1185737104230806,0.0,1.1185737104230806
PGSZ03,RCSZ09,2,0.20157201832846286,0.0,2.201572018328463
PGSZ03,SESZ02,1,0.7353764597959298,0.5532103407276104,2.2885868005235404
PGSZ03,SESZ03,10,3.5343351814030832,4.231320443920776,17.76565562532386
PGSZ03,SESZ04,2,2.4837946261759503,1.5354945502588067,6.019289176434756
PGSZ03,SESZ05,1,0.5153540584243084,0.4367943981410247,1.952148456565333
PGSZ03,SGSZ02,1,0.2307617413093341,0.0,1.2307617413093341
PGSZ03,SGSZ04,4,1.5884450543092121,0.0,5.588445054309212
PGSZ03,SGSZ05,2,0.6623791309887979,0.0,2.662379130988798
PGSZ03,SGSZ06,3,0.7748401662005628,0.0,3.774840166200563
PGSZ03,SLSZ01,1,0.47613985074646575,0.0,1.4761398507464658
PGSZ03,SRSZ01,1,0.33050289518960807,0.0,1.330502895189608
PGSZ03,SRSZ02,1,0.11031355233722198,0.0,1.110313552337222
PGSZ03,TMSZ01,1,0.6322170439299261,0.0,1.6322170439299262
PGSZ03,TMSZ02,1,1.0715286306965222,0.0,2.0715286306965224
PGSZ03,TMSZ03,1,0.9541494361734679,0.0,1.954149436173468
PGSZ03,TMSZ04,5,1.4220747491444423,0.0,6.422074749144443
PGSZ03,TMSZ05,2,0.9822014500840717,0.0,2.9822014500840717
PGSZ03,TPSZ06,2,0.7136928447578613,0.0,2.7136928447578614
PGSZ03,TSSZ05,1,0.5656749333713125,0.0,1.5656749333713125
PGSZ03,TSSZ06,1,0.07357046802211502,0.0,1.073570468022115
PGSZ03,WDSZ01,1,0.10566357850220748,0.0,1.1056635785022075
PGSZ03,WDSZ02,3,0.5928087279422164,0.0,3.5928087279422165
PGSZ03,WDSZ04,1,0.2779929978425079,0.0,1.277992997842508
PGSZ03,YSSZ09,1,0.5772269598907385,0.0,1.5772269598907385
PGSZ04,AMSZ01,3,1.0135213801565581,0.0,4.013521380156558
PGSZ04,AMSZ02,1,0.5357726991127713,0.0,1.5357726991127714
PGSZ04,AMSZ12,2,0.3245790588976887,0.0,2.3245790588976885
PGSZ04,BDSZ01,2,1.3451996214342314,0.0,3.345199621434231
PGSZ04,BDSZ03,1,0.8173412862843313,0.0,1.8173412862843312
PGSZ04,BDSZ04,2,1.1740912758309474,0.0,3.174091275830947
PGSZ04,BDSZ05,1,0.6190516033228746,0.0,1.6190516033228746
PGSZ04,BKSZ05,1,0.5521108346060029,0.0,1.5521108346060029
PGSZ04,BMSZ01,1,0.37717286436388797,0.0,1.3771728643638879
PGSZ04,BMSZ02,4,0.5756821365834921,0.0,4.575682136583492
PGSZ04,BMSZ05,2,0.41668568086346514,0.0,2.4166856808634654
PGSZ04,BMSZ07,1,0.5072915076993878,0.0,1.5072915076993878
PGSZ04,BMSZ17,2,0.23154129330959375,0.0,2.231541293309594
PGSZ04,BSSZ01,2,0.995041802171812,0.0,2.995041802171812
PGSZ04,BSSZ03,1,0.5748560397227594,0.0,1.5748560397227593
PGSZ04,BTSZ01,2,0.5704819555647954,0.0,2.5704819555647953
PGSZ04,CHSZ02,2,0.3853930760632706,0.0,2.3853930760632704
PGSZ04,CHSZ03,5,1.785536378717067,0.0,6.785536378717067
PGSZ04,CKSZ01,1,0.31065657800829816,0.0,1.3106565780082982
PGSZ04,CKSZ03,1,0.37418552096240826,0.0,1.3741855209624083
PGSZ04,DTSZ03,2,0.5444895287047375,0.0,2.5444895287047373
PGSZ04,DTSZ04,1,0.08121406527020741,0.0,1.0812140652702074
PGSZ04,DTSZ05,5,0.7899380962397111,0.0,5.789938096239711
PGSZ04,DTSZ08,5,0.5192720942116473,0.0,5.519272094211647
PGSZ04,DTSZ11,1,0.39392155236904947,0.0,1.3939215523690494
PGSZ04,DTSZ12,1,0.11005864077152756,0.0,1.1100586407715276
PGSZ04,GLSZ01,2,0.5515496824344427,0.0,2.551549682434443
PGSZ04,GLSZ02,1,0.2878049491099999,0.0,1.2878049491099999
PGSZ04,GLSZ03,3,0.9649568586825524,0.0,3.9649568586825525
PGSZ04,GLSZ04,1,0.5237941525625808,0.0,1.5237941525625809
PGSZ04,GLSZ05,2,1.252799675293069,0.0,3.252799675293069
PGSZ04,HGSZ02,1,0.6958358229178092,0.17841439999673298,1.8742502229145421
PGSZ04,HGSZ05,1,0.8400366600567739,0.0,1.840036660056774
PGSZ04,HGSZ06,5,1.635097402150057,0.0,6.635097402150057
PGSZ04,HGSZ08,3,0.9348764479104912,0.0,3.934876447910491
PGSZ04,JESZ02,1,0.06762422950418208,0.0,1.067624229504182
PGSZ04,JESZ05,1,0.3644243532840251,0.0,1.3644243532840252
PGSZ04,JESZ07,1,0.05775435189223562,0.0,1.0577543518922357
PGSZ04,JWSZ06,1,0.1872547598670726,0.0,1.1872547598670726
PGSZ04,JWSZ09,1,0.5497221583938824,0.0,1.5497221583938825
PGSZ04,KLSZ01,2,0.9737079062227915,0.0,2.9737079062227916
PGSZ04,KLSZ02,1,0.17228109030755848,0.0,1.1722810903075584
PGSZ04,KLSZ03,1,0.03602446281862675,0.0,1.0360244628186268
PGSZ04,KLSZ05,1,0.22498104191269083,0.0,1.2249810419126907
PGSZ04,KLSZ06,1,0.41291938164899405,0.0,1.412919381648994
PGSZ04,KLSZ08,4,0.9393459182672845,0.0,4.939345918267285
PGSZ04,MPSZ02,1,0.4290588659059841,0.0,1.4290588659059842
PGSZ04,MPSZ03,1,0.5612249896707415,0.0,1.5612249896707415
PGSZ04,MUSZ01,1,0.13871678278559574,0.0,1.1387167827855957
PGSZ04,MUSZ03,1,0.03557181666583389,0.0,1.0355718166658339
PGSZ04,NTSZ05,1,0.0,0.0,1.0
PGSZ04,NVSZ01,3,1.755965197615544,0.0,4.755965197615544
PGSZ04,NVSZ02,3,1.085980727296046,0.0,4.085980727296046
PGSZ04,ORSZ01,1,0.03631163405969488,0.0,1.036311634059695
PGSZ04,ORSZ02,1,0.2756329532148863,0.0,1.2756329532148862
PGSZ04,ORSZ03,1,0.2426179169693695,0.0,1.2426179169693694
PGSZ04,OTSZ01,2,0.08497928560128762,0.0,2.0849792856012876
PGSZ04,OTSZ03,7,0.8326293433941724,0.0,7.8326293433941725
PGSZ04,OTSZ04,2,0.14280863217386724,0.0,2.142808632173867
PGSZ04,PGSZ01,2,1.1619010530782756,0.0,3.1619010530782754
PGSZ04,PGSZ02,15,3.8956983809446912,0.8269759542916809,19.72267433523637
PGSZ04,PGSZ03,5,1.757801639992669,2.036298056620831,8.7940996966135
PGSZ04,PGSZ04,19,9.984847095435395,24.791548069235656,53.77639516467105
PGSZ04,PGSZ05,12,4.353022341802732,1.0784724893572746,17.431494831160006
PGSZ04,PRSZ01,1,0.0,0.0,1.0
PGSZ04,PRSZ03,4,1.46705324148733,0.0,5.46705324148733
PGSZ04,PRSZ05,1,1.3291875166682758,0.0,2.329187516668276
PGSZ04,PRSZ06,1,0.21727301303522423,0.0,1.2172730130352243
PGSZ04,QTSZ05,2,0.46529457403059,0.0,2.46529457403059
PGSZ04,QTSZ08,2,0.5722703377515553,0.0,2.5722703377515552
PGSZ04,QTSZ14,1,0.32767467771819264,0.0,1.3276746777181927
PGSZ04,RCSZ03,1,0.08691491557935699,0.0,1.086914915579357
PGSZ04,RCSZ10,3,0.2628099516088479,0.0,3.262809951608848
PGSZ04,SBSZ01,1,0.8192901830429311,0.0,1.819290183042931
PGSZ04,SBSZ03,1,0.37631860122177246,0.0,1.3763186012217725
PGSZ04,SESZ02,3,2.5420140396633952,1.86450699740236,7.4065210370657555
PGSZ04,SESZ03,14,3.0566283959433433,3.344282418923937,20.40091081486728
PGSZ04,SESZ04,6,2.514665521183263,1.8672314246530137,10.381896945836276
PGSZ04,SESZ05,3,0.9639030849672331,1.0111264197557044,4.975029504722937
PGSZ04,SESZ06,2,1.8307281997910676,0.0,3.830728199791068
PGSZ04,SGSZ04,3,1.607718590560547,0.0,4.6077185905605464
PGSZ04,SGSZ06,3,0.766261903500734,0.0,3.766261903500734
PGSZ04,SRSZ02,3,0.20226100073748368,0.0,3.202261000737484
PGSZ04,SRSZ03,1,0.09647252365716934,0.0,1.0964725236571693
PGSZ04,TMSZ01,2,0.8978686043412494,0.0,2.8978686043412494
PGSZ04,TMSZ02,2,1.4950564582613528,0.0,3.495056458261353
PGSZ04,TMSZ03,2,1.6305013223767046,0.0,3.6305013223767046
PGSZ04,TMSZ04,5,1.922510421449796,0.0,6.922510421449796
PGSZ04,TMSZ05,5,1.2273867918442976,0.0,6.227386791844298
PGSZ04,TPSZ03,1,0.1597462213245636,0.0,1.1597462213245635
PGSZ04,TPSZ05,1,0.14154280830721552,0.0,1.1415428083072154
PGSZ04,TPSZ06,1,0.48332355093815094,0.0,1.483323550938151
PGSZ04,TPSZ12,1,0.42792630319475256,0.0,1.4279263031947527
PGSZ04,TSSZ05,2,0.49655566177134947,0.0,2.4965556617713496
PGSZ04,WCSZ01,1,0.4127580985557383,0.0,1.4127580985557384
PGSZ04,WDSZ02,2,0.6130101250126772,0.0,2.613010125012677
PGSZ04,WDSZ03,1,0.4425301071799165,0.0,1.4425301071799166
PGSZ04,WDSZ05,1,0.41782860001597244,0.0,1.4178286000159726
PGSZ04,YSSZ01,2,0.39201131184035476,0.0,2.3920113118403545
PGSZ04,YSSZ04,1,0.39371734166608857,0.0,1.3937173416660886
PGSZ04,YSSZ08,1,0.10583339274335327,0.0,1.1058333927433532
PGSZ04,YSSZ09,1,0.4625060739706263,0.0,1.4625060739706264
PGSZ05,AMSZ01,2,1.137820416982812,0.0,3.1378204169828123
PGSZ05,AMSZ03,1,0.4177699878852579,0.0,1.4177699878852579
PGSZ05,AMSZ08,1,0.1574188310306259,0.0,1.157418831030626
PGSZ05,AMSZ10,3,0.7035835786638654,0.0,3.7035835786638653
PGSZ05,AMSZ12,1,0.1841426105938517,0.0,1.1841426105938517
PGSZ05,BDSZ02,1,1.1014380588408152,0.0,2.1014380588408152
PGSZ05,BDSZ03,1,0.8353082827058984,0.0,1.8353082827058984
PGSZ05,BDSZ05,1,0.6608133701515079,0.0,1.6608133701515078
PGSZ05,BDSZ06,1,1.1086982011702606,0.0,2.1086982011702604
PGSZ05,BKSZ01,1,0.1633319931963652,0.0,1.1633319931963653
PGSZ05,BKSZ09,1,0.3635663631091051,0.0,1.363566363109105
PGSZ05,BMSZ01,5,1.1859284212221453,0.0,6.185928421222146
PGSZ05,BMSZ02,1,0.3006327056418521,0.0,1.300632705641852
PGSZ05,BMSZ04,1,0.2211126885279777,0.0,1.2211126885279777
PGSZ05,BMSZ12,2,0.5400974340133692,0.0,2.540097434013369
PGSZ05,BMSZ17,2,0.23994733112557606,0.0,2.239947331125576
PGSZ05,BSSZ01,2,1.1867521106304024,0.0,3.1867521106304024
PGSZ05,BTSZ03,1,0.17063371350971765,0.0,1.1706337135097176
PGSZ05,CCSZ01,1,0.11738764373466967,0.0,1.1173876437346697
PGSZ05,CHSZ02,2,0.4642541524388321,0.0,2.464254152438832
PGSZ05,CHSZ03,1,0.6065399366619283,0.0,1.6065399366619282
PGSZ05,CKSZ06,1,0.3219783556828207,0.0,1.3219783556828206
PGSZ05,DTSZ01,2,0.4156408802286537,0.0,2.4156408802286538
PGSZ05,DTSZ02,2,0.5762787252696079,0.0,2.5762787252696078
PGSZ05,DTSZ03,2,0.6281639895426533,0.0,2.6281639895426534
PGSZ05,DTSZ04,1,0.09853647431490342,0.0,1.0985364743149035
PGSZ05,DTSZ05,5,0.8887526748986583,0.0,5.888752674898658
PGSZ05,DTSZ08,4,0.4680669119445808,0.0,4.468066911944581
PGSZ05,DTSZ09,1,0.14934211300907985,0.0,1.1493421130090797
PGSZ05,DTSZ11,5,0.4848125983481518,0.0,5.484812598348152
PGSZ05,DTSZ12,2,0.3221363060325177,0.0,2.3221363060325175
PGSZ05,GLSZ03,1,0.570471054949525,0.0,1.5704710549495249
PGSZ05,GLSZ04,2,1.1468197836445178,0.0,3.146819783644518
PGSZ05,GLSZ05,1,0.5513052405585128,0.0,1.5513052405585128
PGSZ05,HGSZ02,2,2.0207625018164905,0.0,4.02076250181649
PGSZ05,HGSZ03,1,0.7906142635350001,0.4686597142171467,2.259273977752147
PGSZ05,HGSZ05,1,0.8890896058421727,0.0,1.8890896058421727
PGSZ05,HGSZ06,2,1.8071328861893028,0.0,3.8071328861893026
PGSZ05,HGSZ07,2,0.7296870973948106,0.0,2.7296870973948106
PGSZ05,HGSZ08,4,1.4742542040439517,0.0,5.474254204043952
PGSZ05,JESZ01,1,0.15424604287654695,0.0,1.1542460428765469
PGSZ05,JESZ04,1,0.08474482874990968,0.0,1.0847448287499097
PGSZ05,JESZ05,2,0.6286452216808059,0.0,2.628645221680806
PGSZ05,KLSZ01,1,0.7737380141198442,0.0,1.7737380141198442
PGSZ05,KLSZ06,1,0.43286113176611907,0.0,1.432861131766119
PGSZ05,KLSZ07,2,0.6142823784947812,0.0,2.614282378494781
PGSZ05,KLSZ08,1,0.5059805599186066,0.0,1.5059805599186067
PGSZ05,KLSZ09,1,0.05272521096348309,0.0,1.052725210963483
PGSZ05,MUSZ01,2,0.1978758012262573,0.0,2.197875801226257
PGSZ05,NTSZ03,4,0.22841008303867572,0.0,4.228410083038676
PGSZ05,NTSZ05,1,0.0,0.0,1.0
PGSZ05,NVSZ01,1,0.971492400434948,0.0,1.971492400434948
PGSZ05,NVSZ02,4,1.1666991650782412,0.0,5.166699165078241
PGSZ05,ORSZ03,4,0.5535715846675701,0.0,4.55357158466757
PGSZ05,OTSZ03,5,0.9410142496784567,0.0,5.941014249678457
PGSZ05,PGSZ01,1,0.7192325552871482,0.0,1.7192325552871481
PGSZ05,PGSZ02,13,3.940604226181334,0.27568268505793786,17.216286911239273
PGSZ05,PGSZ03,8,2.7865903683638957,0.5830104398724579,11.369600808236354
PGSZ05,PGSZ04,13,4.665593076967245,2.3709884673255543,20.036581544292797
PGSZ05,PGSZ05,6,18.175111314255634,26.73618074644561,50.91129206070124
PGSZ05,PLSZ01,1,0.2606815823104944,0.0,1.2606815823104944
PGSZ05,PRSZ05,1,1.6272247808306335,0.0,2.6272247808306335
PGSZ05,PRSZ06,1,0.2489737056436317,0.0,1.2489737056436316
PGSZ05,QTSZ06,1,0.1432674170015546,0.0,1.1432674170015547
PGSZ05,QTSZ10,1,0.4325854337017404,0.0,1.4325854337017403
PGSZ05,QTSZ11,3,0.7716918167963588,0.0,3.7716918167963587
PGSZ05,QTSZ12,1,0.20976009027521286,0.0,1.2097600902752128
PGSZ05,QTSZ13,1,0.3417245291717749,0.0,1.341724529171775
PGSZ05,RCSZ08,1,0.0,0.0,1.0
PGSZ05,SESZ03,7,3.2081450750703224,0.4747220481429158,10.682867123213239
PGSZ05,SESZ04,1,1.0650171776815462,0.08979696942285573,2.1548141471044016
PGSZ05,SESZ06,1,1.2109031475483416,0.0,2.2109031475483416
PGSZ05,SGSZ02,1,0.18428818990948811,0.0,1.1842881899094881
PGSZ05,SGSZ03,1,0.6990671003211256,0.0,1.6990671003211255
PGSZ05,SGSZ04,1,0.9335280812347893,0.0,1.9335280812347893
PGSZ05,SGSZ06,2,0.6510704885046774,0.0,2.6510704885046774
PGSZ05,SKSZ03,1,0.10478606373978948,0.0,1.1047860637397895
PGSZ05,SRSZ01,1,0.2971650129067019,0.0,1.2971650129067018
PGSZ05,SRSZ02,1,0.05960393020206661,0.0,1.0596039302020666
PGSZ05,TMSZ03,2,1.8475779137555761,0.0,3.8475779137555763
PGSZ05,TMSZ04,3,1.7071485763756287,0.0,4.707148576375628
PGSZ05,TMSZ05,2,0.8610972969705585,0.0,2.8610972969705584
PGSZ05,TPSZ01,1,0.3183876214891052,0.0,1.3183876214891053
PGSZ05,TPSZ03,1,0.17812729799033888,0.0,1.178127297990339
PGSZ05,TPSZ06,2,0.8688491384006731,0.0,2.868849138400673
PGSZ05,TPSZ08,1,0.11057832767685428,0.0,1.1105783276768544
PGSZ05,TPSZ10,1,0.22180600533801956,0.0,1.2218060053380195
PGSZ05,TPSZ12,1,0.287344461039006,0.0,1.2873444610390061
PGSZ05,WCSZ01,2,1.1653068852041446,0.0,3.165306885204145
PGSZ05,WDSZ01,2,0.1148252065342176,0.0,2.1148252065342175
PGSZ05,WDSZ08,1,0.2469258339081126,0.0,1.2469258339081126
PGSZ05,YSSZ01,1,0.29811319742775866,0.0,1.2981131974277587
PGSZ05,YSSZ09,1,0.5299869022412186,0.0,1.5299869022412187
PLSZ01,AMSZ01,1,0.1542953286055605,0.0,1.1542953286055604
PLSZ01,BDSZ02,1,0.193564600481533,0.0,1.193564600481533
PLSZ01,BDSZ04,1,0.44686187992920423,0.0,1.4468618799292043
PLSZ01,BMSZ11,1,0.0,0.0,1.0
PLSZ01,BSSZ03,1,0.12723084453899938,0.0,1.1272308445389994
PLSZ01,JWSZ02,1,0.07137845776600604,0.0,1.0713784577660062
PLSZ01,PGSZ03,1,0.1408719565021449,0.0,1.1408719565021448
PLSZ01,PGSZ05,1,0.1907488115113324,0.0,1.1907488115113325
PLSZ01,PRSZ02,1,0.3456484704775391,0.0,1.345648470477539
PLSZ01,PRSZ03,1,0.3488008809924753,0.0,1.3488008809924752
PLSZ01,SESZ04,2,0.3967840199734269,0.0,2.3967840199734267
PLSZ01,TMSZ02,2,0.924232732703554,0.0,2.9242327327035538
PLSZ01,TMSZ03,1,0.3284018393186802,0.0,1.3284018393186803
PLSZ01,TMSZ04,1,0.3311801772015832,0.0,1.3311801772015832
PLSZ03,HGSZ02,1,0.16540791457623888,0.0,1.1654079145762388
PLSZ03,HGSZ04,2,0.10816432034992655,0.0,2.1081643203499265
PLSZ03,TMSZ02,2,0.4458872200616059,0.0,2.4458872200616057
PLSZ03,TMSZ03,1,0.14228138042055877,0.0,1.1422813804205587
PLSZ03,YSSZ03,1,0.08093228984365106,0.0,1.080932289843651
PLSZ03,YSSZ09,1,0.057326874748498416,0.0,1.0573268747484985
PLSZ04,BDSZ01,2,0.04244932745106545,0.7672881925134737,2.809737519964539
PLSZ04,BDSZ02,1,0.02219370929611199,0.4445915237638367,1.4667852330599487
PLSZ04,BDSZ04,2,0.08441862865950125,0.0,2.0844186286595012
PLSZ04,BMSZ02,1,0.005302024956079369,0.0,1.0053020249560793
PLSZ04,BSSZ01,2,0.02968834680696249,0.0,2.0296883468069624
PLSZ04,CHSZ03,1,0.022775574561151674,0.0,1.0227755745611518
PLSZ04,CKSZ03,1,0.013270607359727944,0.0,1.013270607359728
PLSZ04,CLSZ03,2,0.07454942326430943,0.0,2.0745494232643096
PLSZ04,DTSZ05,1,0.005554692760203525,0.0,1.0055546927602035
PLSZ04,GLSZ04,1,0.049130453427434564,0.0,1.0491304534274346
PLSZ04,GLSZ05,3,0.014831521194740493,0.0,3.0148315211947403
PLSZ04,HGSZ04,1,0.017737182989232034,0.9191734447866085,1.9369106277758406
PLSZ04,HGSZ06,1,0.03572460456660611,0.8081991538332445,1.8439237583998507
PLSZ04,HGSZ08,1,0.01917398874473388,0.9539137038979039,1.973087692642638
PLSZ04,JWSZ04,2,0.02106449804724917,0.0,2.021064498047249
PLSZ04,JWSZ09,1,0.014879949113932792,0.0,1.0148799491139329
PLSZ04,KLSZ05,1,0.007740132011309544,0.0,1.0077401320113095
PLSZ04,KLSZ06,1,0.021440878355427257,0.0,1.0214408783554272
PLSZ04,MUSZ01,1,0.011262479395120269,0.0,1.0112624793951204
PLSZ04,OTSZ03,1,0.011786892492223573,0.0,1.0117868924922235
PLSZ04,PRSZ03,1,0.03175600890433672,0.0,1.0317560089043367
PLSZ04,QTSZ06,1,0.007071454670729565,0.0,1.0070714546707296
PLSZ04,QTSZ11,1,0.0152559352017877,0.0,1.0152559352017878
PLSZ04,SESZ02,1,0.026919217040830487,0.0,1.0269192170408306
PLSZ04,SESZ03,2,0.084138094537585,0.0,2.084138094537585
PLSZ04,SESZ06,1,0.03950721437836101,0.0,1.039507214378361
PLSZ04,SGSZ04,1,0.017872166221526417,0.0,1.0178721662215264
PLSZ04,TMSZ02,2,0.10036380705474318,0.0,2.1003638070547432
PLSZ04,TMSZ04,2,0.04174906484098459,0.0,2.0417490648409844
PLSZ04,TPSZ02,1,0.013912207043692056,0.0,1.0139122070436921
PLSZ04,TPSZ12,1,0.019152435966632346,0.10670677418653443,1.1258592101531668
PLSZ04,WDSZ02,1,0.005727700491612115,0.0,1.005727700491612
PLSZ04,WDSZ03,1,0.015194488983742597,0.0,1.0151944889837425
PLSZ04,YSSZ03,1,0.01866244688856359,0.0,1.0186624468885637
PLSZ04,YSSZ04,1,0.025611231261540548,0.0,1.0256112312615406
PLSZ04,YSSZ09,1,0.012131611060450596,0.0,1.0121316110604506
PLSZ05,GLSZ03,1,0.0,0.0,1.0
PLSZ05,KLSZ01,2,0.0,0.0,2.0
PLSZ05,QTSZ11,1,0.0,0.0,1.0
PLSZ05,TPSZ02,2,0.0,0.0,2.0
PLSZ05,TPSZ06,1,0.0,0.0,1.0
PNSZ01,BDSZ04,1,0.7022197910417083,0.0,1.7022197910417083
PNSZ01,BKSZ04,1,0.12668585135259883,0.0,1.1266858513525988
PNSZ01,BKSZ07,1,0.2503495956397392,0.0,1.2503495956397392
PNSZ01,BKSZ09,1,0.25685154078609623,0.0,1.2568515407860963
PNSZ01,BLSZ02,1,0.04632067423317483,0.0,1.0463206742331748
PNSZ01,BMSZ06,1,0.6951076011734115,0.0,1.6951076011734116
PNSZ01,BPSZ04,1,0.21445000581764506,0.0,1.214450005817645
PNSZ01,BTSZ02,1,0.10377215907850373,0.0,1.1037721590785037
PNSZ01,CKSZ03,2,0.5424642068337466,0.0,2.5424642068337464
PNSZ01,CKSZ05,1,0.13793644467076813,0.0,1.137936444670768
PNSZ01,CKSZ06,1,0.18046161990749252,0.0,1.1804616199074924
PNSZ01,CLSZ04,1,0.22073824677056528,0.0,1.2207382467705652
PNSZ01,CLSZ06,1,0.18423763508915708,0.0,1.184237635089157
PNSZ01,GLSZ02,1,0.10522819156473291,0.0,1.1052281915647328
PNSZ01,GLSZ05,1,0.1444288835078636,0.0,1.1444288835078635
PNSZ01,HGSZ06,1,0.19850875940628016,0.0,1.1985087594062802
PNSZ01,JESZ03,2,0.3671146681095784,0.0,2.3671146681095783
PNSZ01,JESZ05,2,0.44345084741637436,0.0,2.4434508474163743
PNSZ01,JWSZ01,2,0.0681729765421939,0.0,2.068172976542194
PNSZ01,JWSZ02,2,0.4803373703105742,0.0,2.480337370310574
PNSZ01,JWSZ04,1,0.4306969151660418,0.0,1.4306969151660418
PNSZ01,JWSZ08,1,0.7411743117129218,0.0,1.7411743117129217
PNSZ01,JWSZ09,3,0.8487977582423044,0.0,3.8487977582423043
PNSZ01,PNSZ02,3,0.0,0.0,3.0
PNSZ01,PNSZ03,2,0.0,0.0,2.0
PNSZ01,PNSZ05,1,0.031439845284456674,0.0,1.0314398452844566
PNSZ01,QTSZ02,1,0.07875741517743537,0.0,1.0787574151774353
PNSZ01,QTSZ10,1,0.21821378677192782,0.0,1.2182137867719278
PNSZ01,QTSZ11,1,0.17431989963568728,0.0,1.1743198996356874
PNSZ01,QTSZ13,1,0.14163114453246922,0.0,1.1416311445324692
PNSZ01,RCSZ01,1,0.06429023893135537,0.0,1.0642902389313553
PNSZ01,TPSZ02,1,0.1558177189398663,0.0,1.1558177189398662
PNSZ01,WCSZ01,1,0.19979596780735576,0.0,1.1997959678073558
PNSZ01,WDSZ03,1,0.24172881140124183,0.0,1.241728811401242
PNSZ01,WDSZ05,1,0.20449911713847688,0.0,1.204499117138477
PNSZ02,BDSZ06,1,0.3800918397393125,0.0,1.3800918397393125
PNSZ02,BKSZ04,1,0.13581641485976048,0.0,1.1358164148597605
PNSZ02,BKSZ05,3,0.5413815064246051,0.0,3.5413815064246053
PNSZ02,BLSZ02,2,0.05119250887513801,0.0,2.051192508875138
PNSZ02,BMSZ13,1,0.03842998284186187,0.0,1.038429982841862
PNSZ02,BPSZ04,1,0.18121548903526313,0.0,1.181215489035263
PNSZ02,CKSZ03,1,0.27056279329404276,0.0,1.2705627932940429
PNSZ02,CLSZ06,1,0.256280900129078,0.0,1.256280900129078
PNSZ02,GLSZ03,1,0.1656790298506759,0.0,1.1656790298506758
PNSZ02,HGSZ04,1,0.12695002119608365,0.0,1.1269500211960837
PNSZ02,HGSZ07,1,0.21354759655057215,0.0,1.2135475965505722
PNSZ02,JESZ02,1,0.04313517719123945,0.0,1.0431351771912394
PNSZ02,JESZ03,2,0.5571424262324949,0.0,2.557142426232495
PNSZ02,JESZ05,3,0.5397982653743695,0.0,3.5397982653743694
PNSZ02,JWSZ02,1,0.2914525205078955,0.0,1.2914525205078955
PNSZ02,JWSZ03,1,0.198788213382137,0.0,1.198788213382137
PNSZ02,JWSZ04,2,0.4896068996978041,0.0,2.489606899697804
PNSZ02,JWSZ08,3,0.811482495810536,0.0,3.811482495810536
PNSZ02,JWSZ09,7,1.1120530215308482,0.0,8.112053021530848
PNSZ02,KLSZ03,1,0.027624161515201275,0.0,1.0276241615152013
PNSZ02,ORSZ03,1,0.15132923832173145,0.0,1.1513292383217315
PNSZ02,OTSZ03,1,0.19845709686832744,0.0,1.1984570968683275
PNSZ02,PNSZ01,2,0.14357616133832143,0.0,2.1435761613383213
PNSZ02,PRSZ02,1,0.15916275787065007,0.0,1.15916275787065
PNSZ02,SBSZ02,2,0.06189181738308062,0.0,2.0618918173830805
PNSZ02,TPSZ10,1,0.08635662535206685,0.0,1.086356625352067
PNSZ02,TPSZ11,1,0.0,0.0,1.0
PNSZ02,TSSZ05,1,0.33269164013168573,0.0,1.3326916401316857
PNSZ02,WDSZ03,1,0.18763981078993797,0.0,1.187639810789938
PNSZ02,YSSZ09,1,0.2466635878992011,0.0,1.2466635878992012
PNSZ03,AMSZ07,1,0.0,0.0,1.0
PNSZ03,BKSZ09,1,0.0,0.0,1.0
PNSZ03,BPSZ03,1,0.0,0.0,1.0
PNSZ03,CKSZ04,1,0.0,0.0,1.0
PNSZ03,CKSZ06,1,0.0,0.0,1.0
PNSZ03,JWSZ01,1,0.0,0.0,1.0
PNSZ03,JWSZ08,1,0.0,0.0,1.0
PNSZ03,PNSZ01,3,0.0,0.0,3.0
PNSZ03,RCSZ09,1,0.0,0.0,1.0
PNSZ03,SESZ03,1,0.0,0.0,1.0
PNSZ03,TPSZ11,1,0.0,0.0,1.0
PNSZ03,WDSZ01,1,0.0,0.0,1.0
PNSZ04,JESZ03,1,0.0,0.0,1.0
PNSZ04,TPSZ06,1,0.0,0.0,1.0
PNSZ05,BKSZ02,1,0.0,0.0,1.0
PNSZ05,BMSZ08,1,0.0,0.0,1.0
PNSZ05,BPSZ02,1,0.0,0.0,1.0
PNSZ05,BPSZ03,1,0.0,0.0,1.0
PNSZ05,CKSZ02,2,0.0,0.0,2.0
PNSZ05,CKSZ03,1,0.0,0.0,1.0
PNSZ05,HGSZ07,1,0.0,0.0,1.0
PNSZ05,SBSZ01,1,0.0,0.0,1.0
PNSZ05,SESZ06,1,0.0,0.0,1.0
PNSZ05,TMSZ02,1,0.0,0.0,1.0
PNSZ05,TMSZ03,2,0.0,0.0,2.0
PRSZ01,AMSZ10,1,0.0,0.0,1.0
PRSZ01,PGSZ04,1,0.0,0.0,1.0
PRSZ01,PRSZ05,1,0.0,0.0,1.0
PRSZ01,TMSZ02,1,0.0,0.0,1.0
PRSZ02,BDSZ01,2,1.0883502478469897,0.0,3.0883502478469897
PRSZ02,BDSZ04,2,2.0808804272572528,0.0,4.080880427257252
PRSZ02,BKSZ01,1,0.051229495565808095,0.0,1.0512294955658081
PRSZ02,BLSZ02,1,0.09963129407127712,0.0,1.0996312940712771
PRSZ02,BMSZ02,1,0.25944397686478,0.0,1.25944397686478
PRSZ02,BMSZ05,2,0.40984666231488287,0.0,2.409846662314883
PRSZ02,BMSZ17,1,0.22442048820162708,0.0,1.224420488201627
PRSZ02,CHSZ02,4,0.6373305986794626,0.0,4.637330598679463
PRSZ02,CHSZ03,10,3.297158953103807,0.0,13.297158953103807
PRSZ02,CLSZ04,1,0.1504498929770887,0.0,1.1504498929770888
PRSZ02,DTSZ01,3,0.33365386701708993,0.0,3.33365386701709
PRSZ02,DTSZ02,1,0.3023733864533119,0.0,1.3023733864533118
PRSZ02,DTSZ03,2,0.44609140387173024,0.0,2.4460914038717303
PRSZ02,DTSZ05,1,0.25653704791381926,0.0,1.2565370479138194
PRSZ02,DTSZ11,2,0.39782322871115144,0.0,2.3978232287111516
PRSZ02,HGSZ06,2,1.259256721386254,0.0,3.259256721386254
PRSZ02,HGSZ08,1,0.46626698001720357,0.0,1.4662669800172035
PRSZ02,HGSZ09,1,0.03872386865879455,0.0,1.0387238686587945
PRSZ02,JESZ05,1,0.3444031422940569,0.0,1.3444031422940568
PRSZ02,KLSZ01,1,0.64923946108848,0.0,1.64923946108848
PRSZ02,MPSZ02,1,0.4223241076008199,0.0,1.42232410760082
PRSZ02,MPSZ03,1,0.6007921466660618,0.0,1.6007921466660617
PRSZ02,MUSZ03,2,0.07763420341886376,0.0,2.0776342034188637
PRSZ02,NTSZ03,2,0.1515760658528139,0.0,2.151576065852814
PRSZ02,NVSZ02,1,0.5052760093073373,0.0,1.5052760093073374
PRSZ02,PGSZ02,2,0.722092142809893,0.0,2.7220921428098928
PRSZ02,PGSZ03,1,0.7474989540252844,0.0,1.7474989540252843
PRSZ02,PLSZ01,1,0.29706188963295543,0.0,1.2970618896329555
PRSZ02,PNSZ02,1,0.0,0.0,1.0
PRSZ02,PRSZ02,2,1.9536786112487639,10.66258669738835,14.616265308637114
PRSZ02,PRSZ03,12,3.209334415604801,6.367788527436328,21.57712294304113
PRSZ02,PRSZ05,2,3.0905040371740573,0.7224327946335002,5.812936831807557
PRSZ02,QTSZ08,2,0.6801084446286235,0.0,2.6801084446286234
PRSZ02,QTSZ09,1,0.0382842127381788,0.0,1.0382842127381788
PRSZ02,QTSZ10,1,0.30858690703048397,0.0,1.308586907030484
PRSZ02,QTSZ14,1,0.2940384935604447,0.0,1.2940384935604448
PRSZ02,RCSZ10,2,0.3058397446569794,0.0,2.3058397446569794
PRSZ02,RVSZ03,1,0.0,0.0,1.0
PRSZ02,SBSZ08,1,0.1395374301172908,0.0,1.139537430117291
PRSZ02,SESZ02,2,1.5813378029988379,0.0,3.5813378029988376
PRSZ02,SESZ03,1,1.5107169997139824,0.0,2.510716999713982
PRSZ02,SGSZ03,1,0.5371830172278208,0.0,1.5371830172278207
PRSZ02,SGSZ06,1,0.38496671188689535,0.0,1.3849667118868954
PRSZ02,TMSZ01,1,1.4419600206719025,0.3969341933585457,2.838894214030448
PRSZ02,TMSZ02,6,2.372598874291301,2.0592776948875136,10.431876569178815
PRSZ02,TMSZ03,2,2.0236621366483227,0.7902892689123298,4.813951405560653
PRSZ02,TMSZ04,5,1.6747694323313778,0.0,6.674769432331377
PRSZ02,TPSZ06,1,0.44991375592929744,0.0,1.4499137559292974
PRSZ02,WCSZ01,1,0.392047341545297,0.0,1.392047341545297
PRSZ02,WDSZ02,1,0.4799060424084683,0.0,1.4799060424084682
PRSZ02,WDSZ03,1,0.5785124126807809,0.0,1.578512412680781
PRSZ02,YSSZ05,1,0.2351464913127639,0.0,1.2351464913127639
PRSZ03,AMSZ08,1,0.177680248583565,0.0,1.177680248583565
PRSZ03,BDSZ02,1,0.8128847321472462,0.0,1.8128847321472463
PRSZ03,BDSZ03,3,0.8967288366047064,0.0,3.8967288366047064
PRSZ03,BDSZ04,5,1.7033037232409627,0.0,6.703303723240962
PRSZ03,BDSZ05,2,0.9937446810584082,0.0,2.9937446810584083
PRSZ03,BDSZ06,4,2.084827535491967,0.0,6.084827535491967
PRSZ03,BKSZ04,1,0.13019992582340117,0.0,1.1301999258234012
PRSZ03,BKSZ05,1,0.4594234535562582,0.0,1.4594234535562582
PRSZ03,BMSZ02,1,0.3395737948288541,0.0,1.339573794828854
PRSZ03,BMSZ04,1,0.19092020312747007,0.0,1.1909202031274702
PRSZ03,BMSZ05,2,0.4496205505942977,0.0,2.4496205505942976
PRSZ03,BMSZ08,1,0.2094188527288966,0.0,1.2094188527288967
PRSZ03,BMSZ13,2,0.20028373374012362,0.0,2.2002837337401235
PRSZ03,BSSZ01,1,0.4928811631803662,0.0,1.4928811631803662
PRSZ03,BSSZ02,1,0.4752927269536541,0.0,1.4752927269536542
PRSZ03,BTSZ01,1,0.41641030298139814,0.0,1.4164103029813981
PRSZ03,CHSZ02,1,0.32852855894390887,0.0,1.3285285589439089
PRSZ03,CHSZ03,4,2.227167766055779,0.0,6.2271677660557785
PRSZ03,CLSZ07,1,0.18189802834180793,0.0,1.181898028341808
PRSZ03,DTSZ01,3,0.5185161061192937,0.0,3.5185161061192938
PRSZ03,DTSZ02,5,0.6698100672601879,0.0,5.669810067260188
PRSZ03,DTSZ03,1,0.32356692101431495,0.0,1.323566921014315
PRSZ03,DTSZ05,10,0.7525712208384187,0.0,10.75257122083842
PRSZ03,DTSZ06,1,0.05154530025283521,0.0,1.0515453002528352
PRSZ03,DTSZ08,1,0.37783074894732227,0.0,1.3778307489473223
PRSZ03,DTSZ10,1,0.035717992648640444,0.0,1.0357179926486404
PRSZ03,DTSZ11,5,0.3970463700559621,0.0,5.397046370055962
PRSZ03,GLSZ02,2,0.3136439506276704,0.0,2.3136439506276703
PRSZ03,GLSZ03,1,0.533217945104282,0.0,1.533217945104282
PRSZ03,GLSZ04,3,1.3410971462921752,0.0,4.341097146292175
PRSZ03,GLSZ05,6,1.801957143902532,0.0,7.801957143902532
PRSZ03,HGSZ06,1,0.6736625889236746,0.0,1.6736625889236745
PRSZ03,HGSZ08,1,0.4642632795147003,0.0,1.4642632795147004
PRSZ03,HGSZ09,1,0.03728783219805212,0.0,1.037287832198052
PRSZ03,JESZ06,1,0.10169130319490577,0.0,1.1016913031949058
PRSZ03,JESZ09,1,0.13466099059772405,0.0,1.134660990597724
PRSZ03,JWSZ09,1,0.963944181467673,0.0,1.963944181467673
PRSZ03,KLSZ01,1,0.6132362802475105,0.0,1.6132362802475106
PRSZ03,KLSZ06,3,0.5192068113308247,0.0,3.519206811330825
PRSZ03,KLSZ08,2,0.5407810112320985,0.0,2.5407810112320988
PRSZ03,KLSZ09,1,0.0585956722723486,0.0,1.0585956722723486
PRSZ03,MPSZ03,3,1.140220109874155,0.0,4.140220109874155
PRSZ03,MSSZ01,1,0.0,0.0,1.0
PRSZ03,MUSZ03,1,0.0529384265312525,0.0,1.0529384265312525
PRSZ03,NTSZ03,2,0.12657358521891682,0.0,2.126573585218917
PRSZ03,NTSZ05,1,0.0,0.0,1.0
PRSZ03,NVSZ02,3,1.2310136391000976,0.0,4.231013639100098
PRSZ03,NVSZ03,1,0.12375076971408466,0.0,1.1237507697140847
PRSZ03,ORSZ02,3,1.0206799648290699,0.0,4.020679964829069
PRSZ03,ORSZ03,1,0.32077105623085206,0.0,1.3207710562308521
PRSZ03,OTSZ03,5,1.0112562431094954,0.0,6.011256243109496
PRSZ03,OTSZ04,2,0.18518920952128168,0.0,2.1851892095212815
PRSZ03,PGSZ04,3,1.464712788424685,0.0,4.464712788424685
PRSZ03,PGSZ05,1,0.6353549859089126,0.0,1.6353549859089127
PRSZ03,PLSZ01,1,0.3146782441244042,0.0,1.3146782441244043
PRSZ03,PLSZ04,1,0.05600005252120781,0.0,1.0560000525212079
PRSZ03,PRSZ02,14,3.1684821607215476,4.178506152758193,21.34698831347974
PRSZ03,PRSZ03,15,7.685326645028103,43.30299456467935,65.98832120970745
PRSZ03,PRSZ04,4,0.9455039122371078,0.7020729206945443,5.647576832931652
PRSZ03,PRSZ05,15,4.3123664722297885,3.0629738654465872,22.375340337676377
PRSZ03,PRSZ08,1,0.7538235035015017,0.022957326514400966,1.7767808300159027
PRSZ03,QTSZ04,1,0.0599574975026845,0.0,1.0599574975026844
PRSZ03,QTSZ06,1,0.16505873474971483,0.0,1.1650587347497148
PRSZ03,QTSZ08,8,1.557304164547136,0.0,9.557304164547135
PRSZ03,QTSZ09,1,0.033693094039556476,0.0,1.0336930940395566
PRSZ03,QTSZ10,1,0.3428664266390036,0.0,1.3428664266390036
PRSZ03,QTSZ13,2,0.4659610652546662,0.0,2.465961065254666
PRSZ03,QTSZ14,1,0.3589858345083618,0.0,1.3589858345083619
PRSZ03,RCSZ10,2,0.26668425909655985,0.0,2.26668425909656
PRSZ03,RVSZ05,1,0.22700878942040728,0.0,1.2270087894204074
PRSZ03,SBSZ03,1,0.49277253952545297,0.0,1.492772539525453
PRSZ03,SESZ02,1,0.6710818011758596,0.0,1.6710818011758595
PRSZ03,SESZ03,3,1.242196140915232,0.0,4.242196140915232
PRSZ03,SESZ04,2,1.133312603714173,0.0,3.133312603714173
PRSZ03,SESZ06,1,0.7161615600213772,0.0,1.7161615600213773
PRSZ03,SRSZ01,1,0.3461344525881348,0.0,1.3461344525881347
PRSZ03,SRSZ02,1,0.09288721151331178,0.0,1.0928872115133117
PRSZ03,TMSZ01,4,1.4313140095161165,1.2025805423127351,6.633894551828852
PRSZ03,TMSZ02,9,3.7290727821022793,1.4579334908601322,14.18700627296241
PRSZ03,TMSZ03,5,1.7970018004263075,1.0681717730827562,7.865173573509064
PRSZ03,TMSZ04,18,3.9792611939158906,0.0,21.97926119391589
PRSZ03,TMSZ05,2,0.8764406674576737,0.0,2.8764406674576737
PRSZ03,TPSZ06,2,0.9830677676718049,0.0,2.983067767671805
PRSZ03,TPSZ12,1,0.26065970690451673,0.0,1.2606597069045167
PRSZ03,TSSZ03,1,0.10056639422319345,0.0,1.1005663942231934
PRSZ03,WCSZ01,2,1.0300727356558104,0.0,3.0300727356558106
PRSZ03,YSSZ08,1,0.0971953160858005,0.0,1.0971953160858006
PRSZ04,BDSZ01,1,0.24273345612531722,0.0,1.2427334561253172
PRSZ04,BDSZ06,1,0.5783787935101032,0.0,1.5783787935101032
PRSZ04,CCSZ01,1,0.07599859858364598,0.0,1.075998598583646
PRSZ04,CHSZ03,2,0.713115250120606,0.0,2.713115250120606
PRSZ04,DTSZ01,1,0.21749637760695698,0.0,1.217496377606957
PRSZ04,DTSZ02,3,0.3179306387671094,0.0,3.3179306387671095
PRSZ04,DTSZ11,2,0.27678822207712583,0.0,2.276788222077126
PRSZ04,GLSZ04,1,0.3159760737725447,0.0,1.3159760737725448
PRSZ04,GLSZ05,1,0.2190816006077284,0.0,1.2190816006077285
PRSZ04,HGSZ03,1,0.21120923603463165,0.0,1.2112092360346316
PRSZ04,JESZ05,1,0.31071032282031646,0.0,1.3107103228203165
PRSZ04,KLSZ08,1,0.2051206556330939,0.0,1.205120655633094
PRSZ04,MUSZ01,1,0.08454537956974455,0.0,1.0845453795697446
PRSZ04,NVSZ02,1,0.46270539557625195,0.0,1.462705395576252
PRSZ04,ORSZ02,1,0.22060856374561472,0.0,1.2206085637456148
PRSZ04,PGSZ03,1,0.1857784148277906,0.0,1.1857784148277906
PRSZ04,PRSZ03,1,1.1055820341335976,0.4805447237699417,2.586126757903539
PRSZ04,PRSZ05,1,1.1084621173893299,0.2929166622079887,2.4013787795973185
PRSZ04,QTSZ09,1,0.018923730893460545,0.0,1.0189237308934604
PRSZ04,TMSZ01,1,0.5976285688867744,0.043929489290487005,1.6415580581772613
PRSZ04,TMSZ02,1,1.3379319139698678,0.18257622901531784,2.520508142985186
PRSZ04,TMSZ04,3,0.8059080143003844,0.0,3.8059080143003845
PRSZ04,TMSZ05,2,0.38738664105202525,0.0,2.387386641052025
PRSZ05,AMSZ03,1,0.6168792984873542,0.0,1.6168792984873543
PRSZ05,AMSZ10,3,1.4163179324426607,0.0,4.416317932442661
PRSZ05,BDSZ04,5,1.9460166104479542,0.0,6.946016610447954
PRSZ05,BMSZ01,1,0.44196574606374694,0.0,1.441965746063747
PRSZ05,BMSZ03,1,0.44366080483117887,0.0,1.443660804831179
PRSZ05,BMSZ07,1,0.7155880534543473,0.0,1.7155880534543473
PRSZ05,BSSZ01,1,0.6306820393568048,0.0,1.6306820393568047
PRSZ05,BSSZ02,1,0.6640281931865648,0.0,1.6640281931865648
PRSZ05,BTSZ01,2,1.124621937242012,0.0,3.1246219372420123
PRSZ05,CHSZ02,4,0.7766563432496263,0.0,4.776656343249626
PRSZ05,CHSZ03,5,2.174342436078381,0.0,7.174342436078382
PRSZ05,DTSZ01,3,0.7278136240106143,0.0,3.727813624010614
PRSZ05,DTSZ02,3,0.8435148134624582,0.0,3.843514813462458
PRSZ05,DTSZ03,2,0.7532774535902856,0.0,2.7532774535902855
PRSZ05,DTSZ05,3,1.0141260530093692,0.0,4.014126053009369
PRSZ05,DTSZ08,4,0.6091664268141163,0.0,4.609166426814117
PRSZ05,DTSZ11,3,1.1567578403928465,0.0,4.156757840392847
PRSZ05,GLSZ01,1,0.7014940468005962,0.0,1.7014940468005961
PRSZ05,GLSZ03,6,1.5799479920061679,0.0,7.579947992006168
PRSZ05,GLSZ05,3,1.897350645506557,0.0,4.897350645506557
PRSZ05,HGSZ06,1,0.9091909498960558,0.0,1.9091909498960558
PRSZ05,JESZ05,1,0.7017776455546131,0.0,1.7017776455546132
PRSZ05,JWSZ09,1,1.067857101974089,0.0,2.067857101974089
PRSZ05,KLSZ03,1,0.12762775164706203,0.0,1.127627751647062
PRSZ05,KLSZ05,1,0.3261275291756093,0.0,1.3261275291756092
PRSZ05,KLSZ08,1,0.6064658931455328,0.0,1.6064658931455327
PRSZ05,MPSZ01,1,0.3390534017018335,0.0,1.3390534017018334
PRSZ05,MPSZ03,1,0.7191733425766087,0.0,1.7191733425766087
PRSZ05,MUSZ01,3,0.31723304896267,0.0,3.3172330489626702
PRSZ05,NTSZ03,2,0.21298603073547304,0.0,2.212986030735473
PRSZ05,NVSZ02,3,1.363955205701198,0.0,4.363955205701198
PRSZ05,ORSZ02,8,1.5262340983395335,0.0,9.526234098339533
PRSZ05,ORSZ03,2,0.5291667282687412,0.0,2.5291667282687413
PRSZ05,OTSZ03,7,1.0939300272322834,0.0,8.093930027232282
PRSZ05,PGSZ04,2,2.1930385008646893,0.0,4.19303850086469
PRSZ05,PGSZ05,1,0.927229072882004,0.0,1.927229072882004
PRSZ05,PLSZ04,1,0.10787198134652176,0.0,1.1078719813465217
PRSZ05,PRSZ01,1,0.0,0.0,1.0
PRSZ05,PRSZ02,3,1.7020214459621965,0.3246186312624684,5.026640077224664
PRSZ05,PRSZ03,23,4.252371985098886,4.755769212808653,32.00814119790754
PRSZ05,PRSZ04,2,1.3221884202365422,0.6543178694787767,3.976506289715319
PRSZ05,PRSZ05,9,6.70196315206175,14.144468138810698,29.84643129087245
PRSZ05,PRSZ06,1,1.0513728908514166,0.0,2.0513728908514164
PRSZ05,QTSZ08,2,0.8913057701428848,0.0,2.8913057701428846
PRSZ05,QTSZ11,2,0.7932678984389062,0.0,2.793267898438906
PRSZ05,QTSZ12,1,0.2514370237832622,0.0,1.2514370237832622
PRSZ05,RCSZ01,2,0.33042425008173354,0.0,2.3304242500817334
PRSZ05,RCSZ08,1,0.0,0.0,1.0
PRSZ05,RCSZ10,4,0.525829268523805,0.0,4.525829268523805
PRSZ05,RVSZ05,1,0.32594750387736693,0.0,1.325947503877367
PRSZ05,SESZ02,2,1.4980354192857417,0.0,3.498035419285742
PRSZ05,SESZ03,4,1.5917593590387462,0.0,5.591759359038746
PRSZ05,SGSZ02,1,0.2635942500743697,0.0,1.2635942500743698
PRSZ05,TMSZ02,8,5.496626461578578,2.089331360337107,15.585957821915686
PRSZ05,TMSZ03,5,2.624200919357336,1.368049902431089,8.992250821788424
PRSZ05,TMSZ04,9,5.509752659560499,2.66258965973605,17.17234231929655
PRSZ05,TMSZ05,5,1.703069396723233,0.0,6.703069396723233
PRSZ05,TPSZ02,1,0.5938813640943129,0.0,1.593881364094313
PRSZ05,TPSZ06,1,0.5202351488034985,0.0,1.5202351488034984
PRSZ05,WCSZ01,3,1.3167085911277927,0.0,4.316708591127792
PRSZ05,YSSZ01,1,0.4308802208831973,0.0,1.4308802208831972
PRSZ06,BDSZ04,2,0.5836426808038144,0.0,2.5836426808038144
PRSZ06,BDSZ06,1,0.32259877586419605,0.0,1.3225987758641962
PRSZ06,BMSZ15,1,0.0,0.0,1.0
PRSZ06,CHSZ03,1,0.2574872526552305,0.0,1.2574872526552305
PRSZ06,HGSZ05,1,0.212361150677329,0.0,1.212361150677329
PRSZ06,HGSZ06,2,0.34495676084921756,0.0,2.3449567608492177
PRSZ06,PGSZ03,1,0.09341840231741859,0.0,1.0934184023174185
PRSZ06,PGSZ04,1,0.2871912206576282,0.0,1.2871912206576281
PRSZ06,PGSZ05,1,0.1909938651194968,0.0,1.1909938651194967
PRSZ06,PRSZ03,1,0.42157480512290413,0.0,1.421574805122904
PRSZ06,PRSZ05,1,0.8597953074462139,0.0,1.859795307446214
PRSZ06,SESZ03,1,0.3384481386687107,0.0,1.3384481386687108
PRSZ06,SESZ06,1,0.3367886782869216,0.0,1.3367886782869216
PRSZ06,TMSZ02,5,1.046547252916837,0.0,6.046547252916837
PRSZ06,TMSZ03,1,0.41847784888319006,0.0,1.4184778488831902
PRSZ06,TMSZ04,4,0.6029314583881281,0.0,4.602931458388128
PRSZ06,TPSZ11,1,0.08845801120854914,0.0,1.0884580112085491
PRSZ06,WDSZ03,1,0.13194399284547262,0.0,1.1319439928454726
PRSZ06,WDSZ04,1,0.09126794545283469,0.0,1.0912679454528347
PRSZ06,YSSZ04,1,0.23054951024432213,0.0,1.2305495102443222
PRSZ06,YSSZ09,1,0.14056694159517277,0.0,1.1405669415951727
PRSZ07,BDSZ04,1,0.7844691373075536,0.0,1.7844691373075536
PRSZ07,DTSZ02,1,0.08774115049194423,0.0,1.0877411504919443
PRSZ07,GLSZ04,1,0.3274474241952353,0.0,1.3274474241952352
PRSZ07,TMSZ02,1,1.1286567169657793,0.0,2.1286567169657795
PRSZ07,TMSZ03,1,0.6716855710411359,0.0,1.6716855710411358
PRSZ08,AMSZ01,1,0.3379312150572778,0.0,1.3379312150572777
PRSZ08,BDSZ01,1,0.28773166900890224,0.0,1.2877316690089022
PRSZ08,BDSZ03,1,0.35884071130030015,0.0,1.3588407113003003
PRSZ08,BDSZ04,1,1.2135166937403994,0.0,2.2135166937403996
PRSZ08,BDSZ06,1,0.7549218381737862,0.0,1.7549218381737863
PRSZ08,BMSZ04,1,0.18873759298700354,0.0,1.1887375929870037
PRSZ08,BMSZ05,1,0.21377635244723314,0.0,1.2137763524472331
PRSZ08,BMSZ08,1,0.16743137763704602,0.0,1.167431377637046
PRSZ08,BTSZ08,1,0.06254074436350654,0.0,1.0625407443635067
PRSZ08,CHSZ03,1,0.5156658195277164,0.0,1.5156658195277164
PRSZ08,CKSZ06,1,0.22277082248419255,0.0,1.2227708224841924
PRSZ08,DTSZ02,1,0.19175676955730847,0.0,1.1917567695573084
PRSZ08,DTSZ05,1,0.17701726186827244,0.0,1.1770172618682724
PRSZ08,DTSZ09,1,0.1903435993048578,0.0,1.190343599304858
PRSZ08,GLSZ04,1,0.4658813551044379,0.0,1.4658813551044378
PRSZ08,JESZ05,1,0.3145652235164747,0.0,1.3145652235164746
PRSZ08,JWSZ09,1,1.0532769086688456,0.0,2.0532769086688454
PRSZ08,MUSZ03,2,0.07809393255421403,0.0,2.078093932554214
PRSZ08,NVSZ02,3,0.846988788254041,0.0,3.8469887882540412
PRSZ08,PGSZ02,1,0.23355513379623632,0.0,1.2335551337962363
PRSZ08,PRSZ03,1,0.7596966992266941,0.3422138558917191,2.101910555118413
PRSZ08,PRSZ06,1,0.219273699198989,0.0,1.219273699198989
PRSZ08,PRSZ08,1,1.4729857913677675,0.6124553529206088,3.0854411442883762
PRSZ08,QTSZ08,1,0.26488002900329227,0.0,1.2648800290032922
PRSZ08,SESZ03,1,0.6841325711424573,0.0,1.6841325711424573
PRSZ08,TMSZ02,7,3.7646180770933078,1.5049821713449192,12.269600248438227
PRSZ08,TMSZ03,1,0.865080589695502,0.0,1.865080589695502
PRSZ08,TMSZ04,2,1.6666104804519137,0.4530363696183292,4.119646850070243
PRSZ08,TMSZ05,1,0.29015188753680105,0.08721357699399492,1.377365464530796
PRSZ08,TPSZ01,1,0.13722636593726684,0.0,1.1372263659372668
QTSZ01,AMSZ01,1,0.3380072353638051,0.0,1.338007235363805
QTSZ01,AMSZ10,1,0.30815753100462423,0.0,1.3081575310046243
QTSZ01,BDSZ01,1,0.2379812414439053,0.0,1.2379812414439053
QTSZ01,BDSZ03,1,0.31406112868293407,0.0,1.314061128682934
QTSZ01,BKSZ05,2,0.9293946305572636,0.0,2.9293946305572636
QTSZ01,BMSZ01,1,0.3699595918462682,0.0,1.3699595918462681
QTSZ01,BMSZ02,3,0.4469568272777824,0.0,3.4469568272777824
QTSZ01,BMSZ04,2,0.27276463404895374,0.0,2.272764634048954
QTSZ01,BMSZ06,1,0.5423336938969904,0.0,1.5423336938969903
QTSZ01,BPSZ03,1,0.1598229943842783,0.0,1.1598229943842784
QTSZ01,BSSZ01,2,0.8700796119668187,0.0,2.8700796119668186
QTSZ01,BTSZ04,1,0.8030743473496037,0.7657792031305267,2.5688535504801306
QTSZ01,BTSZ07,1,0.6063933089244276,0.9779971532790597,2.584390462203487
QTSZ01,CHSZ03,1,0.6886627947848524,0.0,1.6886627947848525
QTSZ01,CLSZ04,2,0.5963170332729307,1.9703017822191,4.56661881549203
QTSZ01,CLSZ06,3,0.8274151944415071,3.8598414073003195,7.687256601741827
QTSZ01,DTSZ03,1,0.21577041395977076,0.0,1.2157704139597707
QTSZ01,DTSZ08,1,0.15297194545431825,0.0,1.1529719454543184
QTSZ01,DTSZ09,2,0.17031688034832804,0.0,2.170316880348328
QTSZ01,DTSZ11,1,0.17649648220604547,0.0,1.1764964822060455
QTSZ01,GLSZ04,1,0.4693774390815498,0.0,1.4693774390815497
QTSZ01,HGSZ08,1,0.17659522910848416,0.0,1.1765952291084842
QTSZ01,JESZ02,1,0.08769424871783942,0.0,1.0876942487178394
QTSZ01,JESZ03,1,0.36869393107373727,0.0,1.3686939310737372
QTSZ01,JESZ05,4,0.7075027604200527,0.0,4.707502760420053
QTSZ01,JESZ06,1,0.137412947492568,0.0,1.137412947492568
QTSZ01,KLSZ09,1,0.04207098834129635,0.0,1.0420709883412964
QTSZ01,MUSZ03,3,0.06361405850995953,0.0,3.0636140585099594
QTSZ01,OTSZ03,1,0.38166773468954646,0.0,1.3816677346895465
QTSZ01,QTSZ01,2,0.6034146548305455,13.399541469835654,16.0029561246662
QTSZ01,QTSZ02,1,0.16144037689834645,0.3403496991315402,1.5017900760298868
QTSZ01,QTSZ04,1,0.24334678998269377,0.32279087407753854,1.5661376640602322
QTSZ01,QTSZ05,3,0.8883386871740251,1.0217485435450429,4.910087230719068
QTSZ01,QTSZ08,3,0.9891504899326097,2.3253276844440975,6.314478174376707
QTSZ01,QTSZ09,1,0.08430162037463285,0.0,1.084301620374633
QTSZ01,QTSZ12,4,0.2863255833147323,0.0,4.286325583314732
QTSZ01,QTSZ13,1,0.3265317856591069,0.015409710345963333,1.3419414960050702
QTSZ01,QTSZ14,4,0.4835575946847631,0.0,4.483557594684763
QTSZ01,RCSZ10,1,0.13204768426464097,0.0,1.132047684264641
QTSZ01,SESZ03,1,0.43604986802178314,0.0,1.436049868021783
QTSZ01,SGSZ04,1,0.5063356028447328,0.0,1.5063356028447328
QTSZ01,TMSZ02,1,0.7584476341257732,0.0,1.758447634125773
QTSZ01,TNSZ03,1,0.025697258797243952,0.0,1.025697258797244
QTSZ01,TSSZ05,1,0.39469985426133497,0.0,1.394699854261335
QTSZ01,WDSZ09,2,0.21874765617636366,0.0,2.2187476561763635
QTSZ02,AMSZ03,1,0.06398852926542187,0.0,1.0639885292654219
QTSZ02,AMSZ10,1,0.10418906269093156,0.0,1.1041890626909316
QTSZ02,AMSZ11,1,0.004151968166457269,0.0,1.0041519681664572
QTSZ02,BDSZ01,1,0.08425236732745152,0.0,1.0842523673274516
QTSZ02,BKSZ05,1,0.19341079362280617,0.0,1.1934107936228062
QTSZ02,BKSZ07,1,0.14389753084127418,0.0,1.1438975308412742
QTSZ02,BKSZ09,1,0.11025397882843305,0.0,1.1102539788284331
QTSZ02,BMSZ01,3,0.3100970130896641,0.0,3.3100970130896643
QTSZ02,BMSZ05,1,0.10239430495125934,0.0,1.1023943049512592
QTSZ02,BMSZ07,1,0.21563100663202667,0.06853620253636808,1.2841672091683947
QTSZ02,BPSZ02,1,0.046229412226249926,0.0,1.0462294122262499
QTSZ02,BPSZ05,1,0.13432128484338637,0.0,1.1343212848433863
QTSZ02,CKSZ03,1,0.18396836164218847,0.0,1.1839683616421885
QTSZ02,CLSZ04,1,0.14248468279077883,0.1436077368628064,1.2860924196535852
QTSZ02,CLSZ06,1,0.1372043874070456,0.0,1.1372043874070457
QTSZ02,DTSZ02,2,0.10704219768438092,0.0,2.1070421976843807
QTSZ02,DTSZ03,1,0.09161237939713342,0.0,1.0916123793971335
QTSZ02,DTSZ05,2,0.13261707116689656,0.0,2.1326170711668966
QTSZ02,DTSZ06,1,0.006036562757222806,0.0,1.0060365627572228
QTSZ02,DTSZ08,1,0.047260870926242815,0.0,1.0472608709262428
QTSZ02,GLSZ04,1,0.19399610431766492,0.0,1.193996104317665
QTSZ02,HGSZ04,1,0.09547017734463999,0.0,1.09547017734464
QTSZ02,HGSZ06,1,0.1651174868180574,0.0,1.1651174868180574
QTSZ02,HGSZ07,1,0.15261581745687355,0.0,1.1526158174568735
QTSZ02,JESZ03,2,0.24519708155839326,0.0,2.245197081558393
QTSZ02,JESZ09,1,0.0835891816874502,0.0,1.08358918168745
QTSZ02,JWSZ03,2,0.1666521842404867,0.0,2.166652184240487
QTSZ02,JWSZ08,1,0.15348189606231952,0.0,1.1534818960623194
QTSZ02,KLSZ09,1,0.021903221764814185,0.0,1.021903221764814
QTSZ02,MPSZ03,1,0.14027340700183594,0.0,1.1402734070018359
QTSZ02,NVSZ01,1,0.26309025389431356,0.0,1.2630902538943136
QTSZ02,NVSZ03,1,0.03409294431419246,0.0,1.0340929443141924
QTSZ02,NVSZ05,1,0.0,0.0,1.0
QTSZ02,ORSZ02,2,0.20333434081962765,0.0,2.2033343408196275
QTSZ02,ORSZ03,1,0.07018630084070596,0.0,1.070186300840706
QTSZ02,OTSZ03,1,0.18024278448614406,0.0,1.180242784486144
QTSZ02,OTSZ04,1,0.016635742763299478,0.0,1.0166357427632995
QTSZ02,PGSZ05,1,0.09840174073437188,0.0,1.0984017407343718
QTSZ02,PNSZ01,1,0.035480214545444665,0.0,1.0354802145454447
QTSZ02,QTSZ01,1,0.26442479017697995,0.5061482044741156,1.7705729946510953
QTSZ02,QTSZ02,1,0.16692727908155208,7.572108942629837,8.73903622171139
QTSZ02,QTSZ06,1,0.09744122625188595,0.30571218913293086,1.4031534153848169
QTSZ02,QTSZ08,2,0.646546664913336,0.4196341916696436,3.0661808565829793
QTSZ02,QTSZ10,1,0.15823112716234863,0.4348489934437467,1.5930801206060954
QTSZ02,QTSZ11,3,0.05577573124290585,0.47868984586700825,3.534465577109914
QTSZ02,QTSZ13,1,0.127652299499671,0.003518902569139963,1.131171202068811
QTSZ02,QTSZ14,1,0.10373174830812495,0.06683381949529676,1.170565567803422
QTSZ02,SISZ01,1,0.04840568027330034,0.0,1.0484056802733004
QTSZ02,TSSZ05,1,0.12523498573941788,0.0,1.125234985739418
QTSZ02,WDSZ01,1,0.03245865372978501,0.0,1.032458653729785
QTSZ02,WDSZ06,1,0.13040882693548453,0.0,1.1304088269354846
QTSZ02,YSSZ02,1,0.06222692864660592,0.0,1.062226928646606
QTSZ02,YSSZ03,1,0.16632460797583323,0.0,1.1663246079758331
QTSZ02,YSSZ09,1,0.13340480315233147,0.0,1.1334048031523314
QTSZ03,BLSZ02,1,0.016296653957869764,0.0,1.0162966539578697
QTSZ03,BMSZ02,1,0.06906493355435607,0.10280373523811803,1.1718686687924742
QTSZ03,BMSZ08,1,0.10994392279936864,0.14563293953380646,1.2555768623331751
QTSZ03,CHSZ03,1,0.21079801087108024,0.0,1.2107980108710803
QTSZ03,CLSZ04,1,0.15876992314335878,0.0,1.1587699231433588
QTSZ03,CLSZ06,1,0.2364539712708066,0.0,1.2364539712708067
QTSZ03,DTSZ10,1,0.006339477086455997,0.0,1.006339477086456
QTSZ03,KLSZ06,1,0.20085268145038113,0.0,1.200852681450381
QTSZ03,KLSZ08,1,0.08685029361798907,0.0,1.0868502936179891
QTSZ03,NVSZ02,1,0.15989982165815494,0.0,1.1598998216581549
QTSZ03,ORSZ02,2,0.1659396894363861,0.0,2.165939689436386
QTSZ03,ORSZ03,1,0.07263839544979007,0.0,1.07263839544979
QTSZ03,PNSZ02,1,0.0,0.0,1.0
QTSZ03,QTSZ03,1,0.20258067595940646,6.655533640786313,7.85811431674572
QTSZ03,QTSZ08,1,0.3329885849966475,0.2662570753547735,1.599245660351421
QTSZ03,QTSZ11,2,0.12467863195623166,0.42365843281346094,2.548337064769693
QTSZ03,QTSZ13,1,0.07527073938145588,0.005445610081403463,1.0807163494628593
QTSZ03,RCSZ01,1,0.0390181659920847,0.0,1.0390181659920847
QTSZ03,SESZ02,1,0.13800769902307827,0.0,1.1380076990230783
QTSZ03,SGSZ06,1,0.15547135362292352,0.0,1.1554713536229235
QTSZ03,SKSZ04,1,0.06353450655700466,0.0,1.0635345065570045
QTSZ03,TNSZ04,1,0.2291425212618492,0.4003848226564241,1.6295273439182734
QTSZ03,TPSZ02,1,0.14545934695263532,0.0,1.1454593469526353
QTSZ04,AMSZ01,1,0.05793754676421996,0.0,1.05793754676422
QTSZ04,BDSZ04,1,0.08806292814152182,0.0,1.0880629281415217
QTSZ04,BKSZ02,1,0.04069208628513217,0.0,1.040692086285132
QTSZ04,BKSZ05,1,0.07240020869015147,0.0,1.0724002086901514
QTSZ04,BKSZ07,2,0.10585342492034118,0.0,2.1058534249203413
QTSZ04,BMSZ03,2,0.1139645124920346,0.28003453468092626,2.393999047172961
QTSZ04,BMSZ04,1,0.04791870109077607,0.0,1.047918701090776
QTSZ04,BMSZ06,1,0.05835472284993481,0.1430046188193591,1.2013593416692938
QTSZ04,BMSZ07,2,0.08798607905946479,0.1006792025318737,2.1886652815913386
QTSZ04,BMSZ08,1,0.03710476768600668,0.07085641250957267,1.1079611801955793
QTSZ04,BMSZ12,1,0.04483541548046784,0.050562538271022604,1.0953979537514904
QTSZ04,BTSZ01,1,0.06531812763012354,0.0,1.0653181276301236
QTSZ04,CHSZ03,1,0.07868794822569082,0.0,1.0786879482256908
QTSZ04,CKSZ03,2,0.14330553019971878,0.0,2.1433055301997186
QTSZ04,CLSZ04,2,0.06621570026704823,0.0,2.066215700267048
QTSZ04,CLSZ06,1,0.0668525609304859,0.0,1.066852560930486
QTSZ04,CLSZ07,1,0.048634088692512706,0.12706069929483157,1.1756947879873443
QTSZ04,DTSZ05,1,0.02971896580594437,0.0,1.0297189658059445
QTSZ04,DTSZ09,1,0.013111241408166366,0.0,1.0131112414081664
QTSZ04,DTSZ11,2,0.017315643423063312,0.0,2.0173156434230632
QTSZ04,GLSZ03,1,0.031236736777363612,0.0,1.0312367367773636
QTSZ04,GLSZ04,1,0.09762273162226663,0.0,1.0976227316222666
QTSZ04,HGSZ08,1,0.026651744477809918,0.0,1.0266517444778098
QTSZ04,JESZ01,1,0.028107885154165003,0.0,1.028107885154165
QTSZ04,JESZ05,3,0.3251831295851025,0.0,3.3251831295851026
QTSZ04,JWSZ09,2,0.11395225485648075,0.0,2.1139522548564806
QTSZ04,ORSZ03,1,0.04434730748624531,0.0,1.0443473074862453
QTSZ04,OTSZ03,2,0.10356098859612166,0.0,2.1035609885961217
QTSZ04,PRSZ03,1,0.06322570544851233,0.0,1.0632257054485124
QTSZ04,QTSZ04,1,0.04839567657443672,5.379323092402892,6.4277187689773285
QTSZ04,QTSZ05,4,0.18552490020567006,0.38449745689873926,4.570022357104409
QTSZ04,QTSZ06,4,0.06645062807776282,1.332198748525856,5.398649376603618
QTSZ04,QTSZ08,4,0.19058999458415,0.5849427108984135,4.775532705482564
QTSZ04,QTSZ10,2,0.08571815762895617,0.42566991279429206,2.5113880704232483
QTSZ04,QTSZ11,1,0.03815952725495126,0.12085067570872782,1.159010202963679
QTSZ04,SBSZ03,1,0.056798363465856185,0.0,1.0567983634658562
QTSZ04,SRSZ01,1,0.030162535363302854,0.0,1.0301625353633028
QTSZ04,TNSZ01,1,0.021231476711454568,0.0,1.0212314767114545
QTSZ04,TPSZ01,1,0.01589257872609392,0.0,1.015892578726094
QTSZ04,TPSZ02,1,0.05376286884687668,0.0,1.0537628688468768
QTSZ04,TPSZ06,1,0.044990165278601835,0.0,1.0449901652786018
QTSZ04,WCSZ01,1,0.04416444323367288,0.0,1.044164443233673
QTSZ05,AMSZ01,1,0.4226159709796355,0.0,1.4226159709796355
QTSZ05,BKSZ04,2,0.3983699504806532,0.0,2.398369950480653
QTSZ05,BKSZ05,2,1.1277295829183165,0.0,3.1277295829183167
QTSZ05,BLSZ02,1,0.0993920164796327,0.0,1.0993920164796327
QTSZ05,BMSZ01,3,0.7744157044549292,0.27160697852963006,4.046022682984559
QTSZ05,BMSZ03,1,0.9159031438619774,0.4609957509105075,2.3768988947724847
QTSZ05,BMSZ04,2,0.39731919029128226,0.15648296548824567,2.553802155779528
QTSZ05,BMSZ05,2,0.4088626551797069,0.0,2.408862655179707
QTSZ05,BMSZ07,1,0.7964227698034934,0.2833815080993918,2.079804277902885
QTSZ05,BMSZ08,1,0.3217293356541994,0.27658320550517146,1.598312541159371
QTSZ05,BMSZ09,1,0.25979722692769386,0.034269773351243676,1.2940670002789374
QTSZ05,BMSZ12,3,0.5971025850206496,0.43167688370131635,4.028779468721966
QTSZ05,BMSZ15,2,0.4643628476101327,0.06088149006204693,2.52524433767218
QTSZ05,BPSZ03,1,0.3033976705234846,0.0,1.3033976705234847
QTSZ05,BPSZ05,2,0.5513972228023448,0.0,2.5513972228023447
QTSZ05,BPSZ06,1,0.2599471823335288,0.0,1.2599471823335289
QTSZ05,BSSZ01,1,0.8564041907100458,0.0,1.856404190710046
QTSZ05,BSSZ02,2,0.5880238424707257,0.0,2.588023842470726
QTSZ05,BTSZ08,1,0.44052980778561995,0.2356061502101952,1.676135957995815
QTSZ05,CKSZ03,1,0.3792078403366932,0.0,1.3792078403366932
QTSZ05,CLSZ01,1,0.14856600329077974,0.0,1.1485660032907798
QTSZ05,CLSZ04,1,0.33916063320089035,0.0,1.3391606332008903
QTSZ05,CLSZ06,2,0.4175845334983636,0.0,2.4175845334983634
QTSZ05,DTSZ01,1,0.43549114309244225,0.0,1.4354911430924422
QTSZ05,DTSZ02,3,0.736469232293785,0.0,3.736469232293785
QTSZ05,DTSZ05,8,0.7250979869873272,0.0,8.725097986987327
QTSZ05,DTSZ07,1,0.22122811443094512,0.0,1.2212281144309451
QTSZ05,DTSZ08,2,0.3160311264022285,0.0,2.3160311264022284
QTSZ05,DTSZ11,3,0.4767475178594381,0.0,3.476747517859438
QTSZ05,GLSZ03,1,0.44760434319323106,0.0,1.447604343193231
QTSZ05,KLSZ06,1,0.4519678298722334,0.0,1.4519678298722334
QTSZ05,KLSZ08,3,0.571992870263295,0.0,3.571992870263295
QTSZ05,KLSZ09,2,0.11593398740696402,0.0,2.115933987406964
QTSZ05,MUSZ01,2,0.2808624909759693,0.0,2.280862490975969
QTSZ05,MUSZ03,3,0.20250956721084357,0.0,3.2025095672108437
QTSZ05,NVSZ02,1,0.6322433183748642,0.0,1.6322433183748641
QTSZ05,NVSZ03,1,0.2621705123401181,0.0,1.2621705123401181
QTSZ05,ORSZ01,1,0.09111398445752593,0.0,1.091113984457526
QTSZ05,ORSZ02,4,0.9651466158383435,0.31564886568373385,5.280795481522078
QTSZ05,ORSZ03,5,0.5323459064743346,0.8199440314769997,6.352289937951335
QTSZ05,OTSZ01,1,0.09798248923815432,0.0,1.0979824892381542
QTSZ05,OTSZ03,6,0.7448776241868447,0.0,6.744877624186845
QTSZ05,OTSZ04,1,0.14577841624582671,0.0,1.1457784162458267
QTSZ05,PGSZ03,2,0.5408892719349432,0.0,2.540889271934943
QTSZ05,PGSZ04,1,0.8080772295623229,0.0,1.8080772295623229
QTSZ05,PLSZ04,1,0.05911805846943217,0.0,1.0591180584694322
QTSZ05,QTSZ01,2,0.8326801076944321,0.5260837587155035,3.3587638664099355
QTSZ05,QTSZ04,3,0.4907275857345211,0.19739461134140981,3.688122197075931
QTSZ05,QTSZ05,4,6.008946178672533,30.77356496983721,40.78251114850974
QTSZ05,QTSZ06,4,0.5271395290775021,2.582687504098807,7.109827033176309
QTSZ05,QTSZ08,3,1.0711299050135021,0.3443097958884893,4.415439700901992
QTSZ05,QTSZ09,1,0.11804345917233319,0.0,1.1180434591723332
QTSZ05,QTSZ10,3,0.6298299793748409,1.1121723273793993,4.74200230675424
QTSZ05,QTSZ11,3,0.5324662413287296,0.0,3.5324662413287298
QTSZ05,QTSZ12,1,0.31244733965034965,0.0,1.3124473396503498
QTSZ05,QTSZ13,1,0.39544081122885566,0.0043546876200816894,1.3997954988489374
QTSZ05,QTSZ14,1,0.4547814231961458,0.059642260777700074,1.5144236839738459
QTSZ05,RCSZ01,1,0.17084045747184945,0.0,1.1708404574718494
QTSZ05,RCSZ06,1,0.0,0.0,1.0
QTSZ05,SESZ06,1,0.6818242808888282,0.0,1.6818242808888282
QTSZ05,SGSZ02,1,0.2028627401650576,0.0,1.2028627401650576
QTSZ05,SGSZ07,1,0.1672042945937653,0.0,1.1672042945937653
QTSZ05,SRSZ01,1,0.37059525350663175,0.051339752010489945,1.4219350055171216
QTSZ05,SRSZ03,1,0.23564074696595083,0.0,1.235640746965951
QTSZ05,TMSZ03,1,0.6101356253001898,0.0,1.61013562530019
QTSZ05,TMSZ04,2,0.7611512666769615,0.0,2.7611512666769613
QTSZ05,TSSZ05,1,0.7428524575835779,0.0,1.7428524575835778
QTSZ05,WCSZ01,1,0.39411237114682696,0.0,1.3941123711468268
QTSZ05,WDSZ01,1,0.11545331763574711,0.0,1.115453317635747
QTSZ05,WDSZ03,1,0.598575132636759,0.0,1.598575132636759
QTSZ05,WDSZ09,1,0.17793650697739852,0.0,1.1779365069773986
QTSZ05,YSSZ01,1,0.2672614445697206,0.0,1.2672614445697206
QTSZ06,AMSZ01,2,0.17183543960982117,0.0,2.171835439609821
QTSZ06,BDSZ05,1,0.21634766755268378,0.0,1.2163476675526839
QTSZ06,BKSZ07,1,0.13304736190344618,0.0,1.1330473619034462
QTSZ06,BMSZ01,2,0.325187857782297,1.1557786279591118,3.4809664857414084
QTSZ06,BMSZ02,3,0.08724460456393947,2.4806170868557285,5.567861691419668
QTSZ06,BMSZ04,2,0.14604253059912378,1.1217700248489637,3.2678125554480877
QTSZ06,BMSZ06,2,0.2615661266229612,0.615711343687194,2.877277470310155
QTSZ06,BMSZ08,3,0.16097547913733157,2.7255476158440968,5.8865230949814285
QTSZ06,BMSZ09,1,0.02787015982198754,0.13503930554568244,1.16290946536767
QTSZ06,BMSZ12,1,0.16461526417537056,0.47880502411755493,1.6434202882929256
QTSZ06,BPSZ04,1,0.1224541332875815,0.0,1.1224541332875815
QTSZ06,BSSZ03,1,0.11455153699157564,0.0,1.1145515369915757
QTSZ06,BTSZ01,2,0.20985871883010046,0.0,2.2098587188301004
QTSZ06,BTSZ03,1,0.11141406012315452,0.0,1.1114140601231546
QTSZ06,CHSZ03,1,0.23311998289370436,0.0,1.2331199828937043
QTSZ06,CLSZ01,1,0.03199292326198957,0.0,1.0319929232619895
QTSZ06,CLSZ04,2,0.1753882912781742,0.0,2.1753882912781743
QTSZ06,CLSZ06,1,0.10356959499273273,0.0,1.1035695949927327
QTSZ06,DTSZ01,1,0.09208368902120015,0.0,1.0920836890212002
QTSZ06,DTSZ03,1,0.11204386786704565,0.0,1.1120438678670457
QTSZ06,DTSZ05,3,0.22903788543219214,0.0,3.229037885432192
QTSZ06,DTSZ06,1,0.011349473219569561,0.0,1.0113494732195696
QTSZ06,DTSZ10,1,0.010341569385495315,0.0,1.0103415693854954
QTSZ06,DTSZ11,4,0.14871446625639265,0.0,4.148714466256393
QTSZ06,GLSZ02,1,0.07862518423665499,0.0,1.078625184236655
QTSZ06,GLSZ04,1,0.17044979169450453,0.0,1.1704497916945045
QTSZ06,GLSZ05,1,0.10924007937590421,0.0,1.1092400793759043
QTSZ06,JESZ01,1,0.06471374831037263,0.0,1.0647137483103726
QTSZ06,JESZ05,2,0.24906596920044505,0.0,2.249065969200445
QTSZ06,JESZ10,1,0.0,0.0,1.0
QTSZ06,JWSZ03,1,0.10285991005598115,0.0,1.102859910055981
QTSZ06,JWSZ09,2,0.17829519977027683,0.0,2.1782951997702766
QTSZ06,KLSZ02,1,0.05833692017034578,0.0,1.0583369201703459
QTSZ06,KLSZ04,1,0.0,0.0,1.0
QTSZ06,MPSZ02,1,0.13608793059260435,0.0,1.1360879305926044
QTSZ06,MSSZ01,1,0.0,0.0,1.0
QTSZ06,MUSZ03,1,0.012610347640870573,0.0,1.0126103476408705
QTSZ06,OTSZ01,1,0.015375478229046058,0.0,1.015375478229046
QTSZ06,OTSZ02,1,0.010608912343143906,0.0,1.0106089123431439
QTSZ06,OTSZ03,4,0.411798102634411,0.0,4.411798102634411
QTSZ06,OTSZ04,1,0.018112380400268045,0.0,1.018112380400268
QTSZ06,PGSZ04,1,0.13610615344931193,0.0,1.136106153449312
QTSZ06,PLSZ04,1,0.010614502553785057,0.0,1.0106145025537852
QTSZ06,PRSZ03,1,0.12036326059866821,0.0,1.1203632605986682
QTSZ06,QTSZ04,3,0.13077843600553182,1.1493034013979386,4.28008183740347
QTSZ06,QTSZ05,3,0.7567525103708228,3.1705380740601155,6.9272905844309385
QTSZ06,QTSZ06,6,0.10810092492274005,6.247750588007801,12.355851512930542
QTSZ06,QTSZ08,5,1.1157988085296568,2.2748161856130205,8.390614994142677
QTSZ06,QTSZ11,4,0.13430884257411319,2.014325297046453,6.148634139620567
QTSZ06,QTSZ14,2,0.1509843631977595,0.42915389846581237,2.580138261663572
QTSZ06,RCSZ01,1,0.03029998591250603,0.0,1.030299985912506
QTSZ06,SBSZ04,1,0.133427018926983,0.0,1.133427018926983
QTSZ06,SESZ02,2,0.16101808080579455,0.0,2.1610180808057944
QTSZ06,SESZ03,2,0.19399621216303023,0.0,2.19399621216303
QTSZ06,SESZ06,1,0.16211415587962588,0.0,1.162114155879626
QTSZ06,SRSZ01,3,0.12969951519178496,0.0,3.129699515191785
QTSZ06,TPSZ02,1,0.12141005549289628,0.0,1.1214100554928963
QTSZ06,TPSZ03,1,0.029412248372818698,0.0,1.0294122483728188
QTSZ06,WDSZ01,1,0.030391593605315254,0.0,1.0303915936053152
QTSZ06,WDSZ08,1,0.08510369814765209,0.0,1.085103698147652
QTSZ06,WDSZ09,1,0.03179247066073654,0.0,1.0317924706607364
QTSZ06,YSSZ01,1,0.07722007837573089,0.0,1.0772200783757309
QTSZ06,YSSZ09,1,0.133474444995964,0.0,1.133474444995964
QTSZ07,BDSZ04,1,0.0,0.0,1.0
QTSZ07,BMSZ10,1,0.0,0.0,1.0
QTSZ07,BMSZ13,2,0.0,0.17939339147644143,2.1793933914764416
QTSZ07,CLSZ07,1,0.0,0.0,1.0
QTSZ07,HGSZ01,1,0.0,0.0,1.0
QTSZ07,HGSZ06,1,0.0,0.0,1.0
QTSZ07,JESZ01,1,0.0,0.0,1.0
QTSZ07,JESZ03,1,0.0,0.0,1.0
QTSZ07,JESZ05,1,0.0,0.0,1.0
QTSZ07,JWSZ09,1,0.0,0.0,1.0
QTSZ07,MDSZ03,1,0.0,0.0,1.0
QTSZ07,QTSZ06,1,0.0,0.8205714082331432,1.8205714082331432
QTSZ07,QTSZ12,1,0.0,0.0,1.0
QTSZ07,SBSZ01,1,0.0,0.0,1.0
QTSZ07,TPSZ03,1,0.0,0.0,1.0
QTSZ08,AMSZ01,4,1.1223157273748803,0.0,5.122315727374881
QTSZ08,AMSZ04,5,0.246436721109926,0.0,5.246436721109926
QTSZ08,AMSZ06,3,0.5025175968022059,0.0,3.502517596802206
QTSZ08,AMSZ09,2,0.40458466106494534,0.0,2.4045846610649453
QTSZ08,BDSZ01,4,0.7218385245354009,0.0,4.721838524535401
QTSZ08,BDSZ02,2,0.659634550488401,0.0,2.659634550488401
QTSZ08,BDSZ03,1,0.6036153162799518,0.0,1.6036153162799518
QTSZ08,BDSZ04,4,1.1801463162590937,0.0,5.180146316259094
QTSZ08,BDSZ05,1,0.575580547232041,0.0,1.575580547232041
QTSZ08,BDSZ06,1,0.9491275671704223,0.0,1.9491275671704225
QTSZ08,BKSZ01,3,0.4100659745827293,0.0,3.4100659745827295
QTSZ08,BKSZ02,1,0.1390897712908604,0.0,1.1390897712908603
QTSZ08,BKSZ03,3,0.6678218438080519,0.0,3.667821843808052
QTSZ08,BKSZ04,1,0.20981614917106983,0.0,1.2098161491710697
QTSZ08,BKSZ05,4,1.6152305289058946,0.0,5.615230528905895
QTSZ08,BKSZ06,1,0.14933232555654777,0.0,1.1493323255565477
QTSZ08,BKSZ07,2,1.103202815571828,0.0,3.1032028155718283
QTSZ08,BKSZ08,4,0.16377065531019336,0.0,4.163770655310193
QTSZ08,BKSZ09,2,0.6181452067074668,0.0,2.618145206707467
QTSZ08,BLSZ02,2,0.20280559046636346,0.0,2.2028055904663635
QTSZ08,BMSZ01,2,0.6163812702855924,0.0,2.6163812702855926
QTSZ08,BMSZ02,2,0.43354791944809057,0.0,2.4335479194480905
QTSZ08,BMSZ03,1,0.5579941685436014,0.22644845659484056,1.784442625138442
QTSZ08,BMSZ04,2,0.32792663186867876,0.0,2.327926631868679
QTSZ08,BMSZ05,1,0.563896943911586,0.0,1.563896943911586
QTSZ08,BMSZ06,6,1.1986787858241719,0.9667262281727665,8.165405013996939
QTSZ08,BMSZ07,3,1.4891397540488025,0.4497891673398351,4.938928921388638
QTSZ08,BMSZ08,2,0.36085972262049726,0.0,2.3608597226204973
QTSZ08,BMSZ09,2,0.20951796193028704,0.0,2.209517961930287
QTSZ08,BMSZ10,1,0.14193053061274136,0.0,1.1419305306127414
QTSZ08,BMSZ11,1,0.29515594499089143,0.0,1.2951559449908914
QTSZ08,BMSZ13,4,0.47139851031172575,0.2631919306499985,4.734590440961725
QTSZ08,BPSZ01,2,0.5344926636765563,0.0,2.5344926636765566
QTSZ08,BPSZ03,2,0.6008883586478573,0.0,2.6008883586478575
QTSZ08,BPSZ04,1,0.3029094941238841,0.0,1.3029094941238841
QTSZ08,BPSZ05,4,0.5620888723328613,0.0,4.562088872332861
QTSZ08,BSSZ01,4,1.4457773334025337,0.0,5.445777333402534
QTSZ08,BSSZ02,3,0.7553329367850043,0.0,3.7553329367850043
QTSZ08,BSSZ03,4,0.9481449787553435,0.0,4.9481449787553435
QTSZ08,BTSZ01,5,0.9272756413900051,0.0,5.927275641390005
QTSZ08,BTSZ07,5,1.2839323786199108,0.6687808993034531,6.952713277923364
QTSZ08,BTSZ08,2,0.7717428914081834,0.5870109133651193,3.3587538047733028
QTSZ08,CKSZ01,3,0.4710333511693365,0.0,3.4710333511693365
QTSZ08,CKSZ02,2,0.8573814987026425,0.0,2.8573814987026425
QTSZ08,CKSZ03,5,1.2931689487849207,0.0,6.2931689487849205
QTSZ08,CKSZ04,1,0.3457642035829601,0.0,1.3457642035829602
QTSZ08,CKSZ06,1,0.41166285100156674,0.0,1.4116628510015667
QTSZ08,CLSZ03,1,0.5701639276220617,0.0,1.5701639276220618
QTSZ08,CLSZ04,9,1.4383284674813495,2.1960617629765506,12.6343902304579
QTSZ08,CLSZ05,2,0.7104232465115433,0.0,2.710423246511543
QTSZ08,CLSZ06,6,0.6860370695770649,0.3173448563638968,7.003381925940961
QTSZ08,CLSZ08,1,0.5274337997539162,0.19835883455274655,1.7257926343066627
QTSZ08,DTSZ01,1,0.7174031811953034,0.0,1.7174031811953034
QTSZ08,DTSZ02,4,0.8252847268820768,0.0,4.825284726882077
QTSZ08,DTSZ03,1,0.514239303650323,0.0,1.514239303650323
QTSZ08,DTSZ08,2,0.3522014760449386,0.0,2.3522014760449386
QTSZ08,DTSZ09,2,0.16043381390751577,0.0,2.160433813907516
QTSZ08,DTSZ10,2,0.043147036508864145,0.0,2.043147036508864
QTSZ08,GLSZ02,2,0.36156665438296137,0.0,2.3615666543829614
QTSZ08,GLSZ04,3,1.4282005447434656,0.0,4.428200544743466
QTSZ08,GLSZ05,1,0.5832469129876469,0.0,1.5832469129876467
QTSZ08,HGSZ01,3,0.32426450499400866,0.0,3.3242645049940087
QTSZ08,HGSZ02,3,0.829627261338991,0.0,3.829627261338991
QTSZ08,HGSZ04,2,0.7567782052367658,0.0,2.756778205236766
QTSZ08,HGSZ06,4,1.3240487144620505,0.0,5.324048714462051
QTSZ08,HGSZ07,2,0.5565450348324851,0.0,2.556545034832485
QTSZ08,JESZ02,2,0.2995851616133365,0.0,2.2995851616133365
QTSZ08,JESZ03,3,1.028071688646829,0.0,4.028071688646829
QTSZ08,JESZ05,9,0.9524667151285516,0.0,9.952466715128551
QTSZ08,JWSZ02,3,0.5647772872722009,0.0,3.564777287272201
QTSZ08,JWSZ03,7,1.9703703984037233,0.0,8.970370398403723
QTSZ08,JWSZ04,5,1.1232746823236102,0.0,6.12327468232361
QTSZ08,JWSZ08,3,1.7724388634761459,0.0,4.772438863476146
QTSZ08,JWSZ09,11,1.3018432325144063,0.0,12.301843232514406
QTSZ08,KLSZ01,2,0.9502052813030559,0.0,2.950205281303056
QTSZ08,KLSZ03,1,0.038347588402931454,0.0,1.0383475884029314
QTSZ08,KLSZ06,2,0.630722161079394,0.0,2.630722161079394
QTSZ08,KLSZ07,3,0.8352331571097509,0.0,3.8352331571097507
QTSZ08,KLSZ08,1,0.4175140172925753,0.0,1.4175140172925753
QTSZ08,MPSZ01,1,0.20447922757081052,0.0,1.2044792275708105
QTSZ08,MPSZ02,2,0.637515930294945,0.0,2.637515930294945
QTSZ08,MPSZ03,3,0.9801998429480266,0.0,3.9801998429480268
QTSZ08,MUSZ01,1,0.21270844957215124,0.0,1.2127084495721512
QTSZ08,NTSZ03,1,0.10340711078566359,0.0,1.1034071107856636
QTSZ08,NVSZ01,1,0.9183893680506754,0.0,1.9183893680506754
QTSZ08,NVSZ02,1,0.6889667451167354,0.0,1.6889667451167354
QTSZ08,ORSZ02,3,0.6244294122068795,0.0,3.6244294122068794
QTSZ08,ORSZ03,1,0.4238612769851605,0.0,1.4238612769851606
QTSZ08,OTSZ03,4,0.980541762223297,0.0,4.980541762223297
QTSZ08,PGSZ02,2,0.5655549340627771,0.0,2.565554934062777
QTSZ08,PGSZ04,3,0.9815908312388628,0.0,3.981590831238863
QTSZ08,PNSZ02,2,0.0,0.0,2.0
QTSZ08,PRSZ02,2,0.5069183313348816,0.0,2.5069183313348815
QTSZ08,PRSZ03,5,3.03890554014747,0.0,8.03890554014747
QTSZ08,PRSZ05,1,0.5489455838054754,0.0,1.5489455838054753
QTSZ08,PRSZ08,1,0.11484755636096407,0.0,1.114847556360964
QTSZ08,QTSZ01,2,1.3699360652797152,1.0684623471983854,4.438398412478101
QTSZ08,QTSZ02,3,0.7281525544126154,0.414741994086105,4.14289454849872
QTSZ08,QTSZ03,1,0.4716955731810702,0.09252216280164938,1.5642177359827194
QTSZ08,QTSZ04,3,0.45564761032437845,0.3734766410935873,3.8291242514179658
QTSZ08,QTSZ05,3,1.166540705903474,0.319594542842974,4.486135248746447
QTSZ08,QTSZ06,5,0.6354556454477711,3.4369432005497065,9.072398845997478
QTSZ08,QTSZ08,10,2.1568277639158744,61.197171018124465,73.35399878204034
QTSZ08,QTSZ10,5,2.6781091061398206,2.8961601961788737,10.574269302318694
QTSZ08,QTSZ11,2,0.387725541907879,1.1070479634414248,3.494773505349304
QTSZ08,QTSZ13,2,0.7710227824871547,0.015748621361692153,2.7867714038488467
QTSZ08,RCSZ01,1,0.1530825207444631,0.0,1.153082520744463
QTSZ08,RCSZ02,1,0.14236755715028007,0.0,1.14236755715028
QTSZ08,RCSZ10,1,0.3336491138779208,0.0,1.3336491138779207
QTSZ08,RVSZ05,1,0.21360727194763532,0.0,1.2136072719476354
QTSZ08,SBSZ01,2,0.49281249059600435,0.0,2.4928124905960045
QTSZ08,SBSZ02,1,0.07906773646640526,0.0,1.0790677364664052
QTSZ08,SBSZ03,1,0.46263045499478306,0.0,1.462630454994783
QTSZ08,SBSZ04,1,0.3462198367864811,0.0,1.346219836786481
QTSZ08,SBSZ06,1,0.162109024935706,0.0,1.162109024935706
QTSZ08,SESZ02,2,0.7404373270915195,0.0,2.7404373270915197
QTSZ08,SESZ03,9,1.710980250880689,0.0,10.71098025088069
QTSZ08,SESZ04,4,1.3189381530505944,0.0,5.318938153050595
QTSZ08,SESZ05,2,0.311460908126667,0.0,2.311460908126667
QTSZ08,SESZ06,2,0.9937804761928947,0.0,2.9937804761928946
QTSZ08,SGSZ03,1,0.40595756829088697,0.0,1.405957568290887
QTSZ08,SGSZ04,5,1.5660705354461104,0.0,6.56607053544611
QTSZ08,SGSZ06,5,1.0200603176544456,0.0,6.020060317654446
QTSZ08,SRSZ02,1,0.06514648933236855,0.0,1.0651464893323686
QTSZ08,TMSZ02,3,1.1053892035075488,0.0,4.105389203507549
QTSZ08,TMSZ03,5,1.6123780165379886,0.0,6.612378016537988
QTSZ08,TMSZ04,3,0.9156420446986722,0.0,3.9156420446986724
QTSZ08,TNSZ04,1,0.35832866892099424,0.20164650299569187,1.5599751719166863
QTSZ08,TPSZ02,4,0.9104359874822229,0.0,4.910435987482223
QTSZ08,TPSZ06,3,0.5489185514206503,0.0,3.54891855142065
QTSZ08,TPSZ10,2,0.23078542144002828,0.0,2.2307854214400282
QTSZ08,TPSZ11,1,0.3281837793918671,0.0,1.3281837793918672
QTSZ08,TPSZ12,1,0.22936962027106364,0.0,1.2293696202710636
QTSZ08,WDSZ01,1,0.09692758079817954,0.0,1.0969275807981795
QTSZ08,WDSZ02,6,0.4504408794126864,0.0,6.450440879412686
QTSZ08,WDSZ03,8,1.2692114296695616,0.0,9.26921142966956
QTSZ08,WDSZ04,2,0.3705167308245271,0.0,2.370516730824527
QTSZ08,YSSZ01,1,0.3578211737854837,0.0,1.3578211737854837
QTSZ08,YSSZ02,1,0.22597791061649528,0.0,1.2259779106164952
QTSZ08,YSSZ03,3,1.008134282589327,0.0,4.008134282589327
QTSZ08,YSSZ04,2,0.689243819686625,0.0,2.689243819686625
QTSZ08,YSSZ05,2,0.207118644459011,0.0,2.207118644459011
QTSZ08,YSSZ08,1,0.0780284079306607,0.0,1.0780284079306608
QTSZ08,YSSZ09,4,1.1190675081187007,0.0,5.1190675081187
QTSZ09,BDSZ02,1,0.07406808619806984,0.0,1.0740680861980698
QTSZ09,BDSZ04,2,0.17169557274016062,0.0,2.171695572740161
QTSZ09,BDSZ05,1,0.131801484741545,0.0,1.131801484741545
QTSZ09,BMSZ04,2,0.10205712972898123,0.0,2.102057129728981
QTSZ09,BMSZ06,1,0.15568083811786224,0.0,1.1556808381178623
QTSZ09,BMSZ08,1,0.06551109303339712,0.0,1.065511093033397
QTSZ09,BMSZ15,2,0.03289707069994298,0.0,2.032897070699943
QTSZ09,BMSZ17,1,0.02425229429442158,0.0,1.0242522942944217
QTSZ09,CKSZ03,3,0.4098983847256144,0.0,3.4098983847256146
QTSZ09,CLSZ04,2,0.2872570276222587,0.7243956232777592,3.0116526509000177
QTSZ09,CLSZ05,1,0.12395470284217831,0.0,1.1239547028421784
QTSZ09,CLSZ06,2,0.2842057306005192,0.6362759078539,2.920481638454419
QTSZ09,JESZ01,1,0.07160796239941025,0.0,1.0716079623994101
QTSZ09,JESZ02,2,0.0475591037468706,0.0,2.047559103746871
QTSZ09,JESZ05,1,0.162816608366332,0.0,1.162816608366332
QTSZ09,JWSZ03,1,0.08519595198031138,0.0,1.0851959519803114
QTSZ09,JWSZ04,1,0.22700877209340162,0.0,1.2270087720934015
QTSZ09,JWSZ08,1,0.16720376575402174,0.0,1.1672037657540217
QTSZ09,KLSZ02,1,0.03462357939574449,0.0,1.0346235793957446
QTSZ09,KLSZ09,1,0.012676350072589722,0.0,1.0126763500725897
QTSZ09,ORSZ02,1,0.11063866993063552,0.0,1.1106386699306354
QTSZ09,OTSZ01,1,0.0069822418257039,0.0,1.006982241825704
QTSZ09,OTSZ03,1,0.11821835083569919,0.0,1.118218350835699
QTSZ09,PRSZ03,1,0.11335087303407376,0.0,1.1133508730340738
QTSZ09,QTSZ01,1,0.24675822740389383,0.3607475280697766,1.6075057554736705
QTSZ09,QTSZ05,2,0.17298973790972225,0.0,2.172989737909722
QTSZ09,QTSZ07,1,0.0,0.0,1.0
QTSZ09,QTSZ11,1,0.1073624645356268,0.27850708361111615,1.385869548146743
QTSZ09,SBSZ01,1,0.07889899241401557,0.0,1.0788989924140155
QTSZ09,SBSZ03,1,0.11791025298909284,0.0,1.1179102529890927
QTSZ09,SESZ03,1,0.1474186913591087,0.0,1.1474186913591087
QTSZ09,SRSZ03,1,0.09145645368646751,0.0,1.0914564536864675
QTSZ09,TMSZ02,1,0.1069564260884776,0.0,1.1069564260884777
QTSZ09,TMSZ03,1,0.15913772120429212,0.0,1.1591377212042921
QTSZ09,TMSZ05,1,0.08029356548730583,0.0,1.0802935654873058
QTSZ09,TPSZ02,1,0.10452047455731797,0.0,1.104520474557318
QTSZ09,WDSZ03,1,0.12619805508825768,0.0,1.1261980550882578
QTSZ09,WDSZ05,1,0.08918799657109448,0.0,1.0891879965710944
QTSZ09,WDSZ06,2,0.1884187816243109,0.0,2.188418781624311
QTSZ09,YSSZ05,1,0.036546441904370223,0.0,1.0365464419043702
QTSZ09,YSSZ08,1,0.016208689921391673,0.0,1.0162086899213916
QTSZ09,YSSZ09,1,0.10857538247338284,0.0,1.1085753824733828
QTSZ10,AMSZ01,1,0.46047637353351645,0.0,1.4604763735335164
QTSZ10,AMSZ06,1,0.4093798162673183,0.0,1.4093798162673183
QTSZ10,AMSZ07,1,0.3062926274920236,0.0,1.3062926274920237
QTSZ10,BDSZ02,1,0.4826305261337558,0.0,1.4826305261337558
QTSZ10,BDSZ03,1,0.540402022144838,0.0,1.540402022144838
QTSZ10,BKSZ06,1,0.22879485306985547,0.0,1.2287948530698554
QTSZ10,BMSZ01,1,0.468558480399248,0.0,1.468558480399248
QTSZ10,BMSZ02,1,0.2525834527629152,0.0,1.2525834527629152
QTSZ10,BMSZ03,3,0.6845137828358046,0.0,3.6845137828358046
QTSZ10,BMSZ04,3,0.34422357360133415,0.0,3.344223573601334
QTSZ10,BMSZ07,2,0.6417289204275518,0.0,2.6417289204275516
QTSZ10,BMSZ08,1,0.1913797966586439,0.0,1.191379796658644
QTSZ10,BMSZ11,1,0.2688667284288414,0.0,1.2688667284288413
QTSZ10,BMSZ13,1,0.44868600377820134,0.0,1.4486860037782012
QTSZ10,BMSZ14,1,0.19159480941900184,0.0,1.1915948094190019
QTSZ10,BPSZ03,1,0.3097014086651558,0.0,1.3097014086651557
QTSZ10,BPSZ05,1,0.4484760893057053,0.0,1.4484760893057054
QTSZ10,BSSZ01,4,1.075531488800101,0.0,5.075531488800101
QTSZ10,BSSZ02,1,0.4728072735122579,0.0,1.472807273512258
QTSZ10,BSSZ03,1,0.45498916752184543,0.0,1.4549891675218454
QTSZ10,CKSZ04,1,0.27611472688347105,0.0,1.276114726883471
QTSZ10,CKSZ06,2,0.5492602980366524,0.0,2.5492602980366526
QTSZ10,CLSZ04,3,0.9348932682466682,0.49932354172848475,4.434216809975153
QTSZ10,CLSZ05,1,0.39327552492247564,0.11426213132995205,1.5075376562524279
QTSZ10,CLSZ06,2,0.5961942827085291,0.4429031391313924,3.0390974218399216
QTSZ10,CLSZ09,1,0.24783403551479982,0.03598359634696907,1.283817631861769
QTSZ10,DTSZ02,1,0.3088534235146128,0.0,1.3088534235146128
QTSZ10,GLSZ05,2,0.6718669719129718,0.0,2.671866971912972
QTSZ10,HGSZ04,1,0.4129985326780117,0.0,1.4129985326780117
QTSZ10,HGSZ05,1,0.5691904325423953,0.0,1.5691904325423953
QTSZ10,JESZ01,2,0.3872417034002832,0.0,2.3872417034002833
QTSZ10,JESZ02,1,0.2608527654498934,0.0,1.2608527654498933
QTSZ10,JESZ05,2,1.3064659752729297,0.0,3.3064659752729297
QTSZ10,JWSZ03,2,0.6010222966124529,0.0,2.6010222966124528
QTSZ10,JWSZ04,1,0.4748849331132195,0.0,1.4748849331132194
QTSZ10,JWSZ08,1,0.8001418882565478,0.0,1.8001418882565479
QTSZ10,JWSZ09,2,1.1114171009215392,0.0,3.111417100921539
QTSZ10,KLSZ08,1,0.4432103273047925,0.0,1.4432103273047925
QTSZ10,MUSZ03,1,0.08024288415262185,0.0,1.080242884152622
QTSZ10,NVSZ02,2,0.9159457445571182,0.0,2.915945744557118
QTSZ10,ORSZ02,1,0.39990375496933234,0.0,1.3999037549693323
QTSZ10,PGSZ02,1,0.3205648002452337,0.0,1.3205648002452337
QTSZ10,PGSZ05,1,0.3509434314287344,0.0,1.3509434314287345
QTSZ10,PNSZ01,1,0.14048550274124524,0.0,1.1404855027412453
QTSZ10,PRSZ02,1,0.28054410180631345,0.0,1.2805441018063135
QTSZ10,PRSZ03,1,0.34460001329856355,0.0,1.3446000132985636
QTSZ10,QTSZ02,1,0.3822230651960799,0.04941389262492998,1.4316369578210097
QTSZ10,QTSZ04,2,0.38355799213432795,0.07780459984994717,2.461362591984275
QTSZ10,QTSZ08,5,1.2482717539037613,0.4416989755340261,6.689970729437787
QTSZ10,QTSZ10,4,0.9701156944615636,7.458574908650175,12.42869060311174
QTSZ10,QTSZ11,10,1.2857882756020023,5.879490885291931,17.16527916089393
QTSZ10,SBSZ01,2,0.5552362211184477,0.0,2.555236221118448
QTSZ10,SBSZ03,4,0.5491113623515788,0.0,4.549111362351579
QTSZ10,SESZ03,1,0.49344855778023444,0.0,1.4934485577802343
QTSZ10,SESZ06,1,0.5853984155191042,0.0,1.585398415519104
QTSZ10,SGSZ01,1,0.30804995995425294,0.0,1.308049959954253
QTSZ10,SKSZ01,1,0.2229468985654132,0.0,1.2229468985654133
QTSZ10,SRSZ01,1,0.27899770513323674,0.0,1.2789977051332366
QTSZ10,TNSZ02,2,0.28618270084999275,0.0,2.286182700849993
QTSZ10,TNSZ03,1,0.04391592016500738,0.0,1.0439159201650074
QTSZ10,TPSZ02,1,0.43978113195500357,0.0,1.4397811319550036
QTSZ10,TPSZ06,1,0.3389081425973275,0.0,1.3389081425973275
QTSZ10,TPSZ07,1,0.06301112154266322,0.0,1.0630111215426632
QTSZ10,TSSZ03,2,0.1770966954080537,0.0,2.1770966954080535
QTSZ10,WDSZ03,1,0.4825739379148099,0.0,1.48257393791481
QTSZ10,WDSZ04,2,0.3677377099498374,0.0,2.3677377099498376
QTSZ10,WDSZ05,1,0.33064518338439636,0.0,1.3306451833843964
QTSZ10,YSSZ02,2,0.3464356392526094,0.0,2.3464356392526096
QTSZ11,AMSZ01,3,0.7728978987728561,0.0,3.772897898772856
QTSZ11,AMSZ03,2,0.35464003553052864,0.0,2.3546400355305286
QTSZ11,AMSZ04,1,0.08416752847997375,0.0,1.0841675284799737
QTSZ11,AMSZ09,2,0.3190591819838474,0.0,2.3190591819838473
QTSZ11,BDSZ04,1,0.3104940028658515,0.0,1.3104940028658514
QTSZ11,BDSZ05,2,0.6509361499557704,0.0,2.65093614995577
QTSZ11,BDSZ07,3,0.3894812710493154,0.0,3.3894812710493154
QTSZ11,BKSZ02,2,0.2616166363220121,0.0,2.261616636322012
QTSZ11,BKSZ03,2,0.8012457144925018,0.0,2.801245714492502
QTSZ11,BKSZ04,1,0.2223373067706571,0.0,1.222337306770657
QTSZ11,BKSZ05,2,0.9982792569682961,0.0,2.998279256968296
QTSZ11,BKSZ07,5,0.8729404954177661,0.0,5.872940495417766
QTSZ11,BKSZ08,1,0.07135111725065978,0.0,1.0713511172506598
QTSZ11,BKSZ09,2,0.5206055614059456,0.0,2.5206055614059455
QTSZ11,BMSZ01,6,0.6439719291704991,0.0,6.643971929170499
QTSZ11,BMSZ02,1,0.21704945159116312,0.0,1.2170494515911632
QTSZ11,BMSZ03,1,0.329543472030166,0.0,1.329543472030166
QTSZ11,BMSZ04,5,0.34359422818947055,0.0,5.34359422818947
QTSZ11,BMSZ06,3,0.5445500281762855,0.0,3.5445500281762854
QTSZ11,BMSZ07,3,0.8253460917096902,0.0,3.82534609170969
QTSZ11,BMSZ08,4,0.2451356007508761,0.0,4.245135600750876
QTSZ11,BMSZ13,2,0.5411805221854605,0.0,2.5411805221854604
QTSZ11,BMSZ17,1,0.15696392658261796,0.0,1.156963926582618
QTSZ11,BPSZ01,2,0.4555972634263012,0.0,2.4555972634263012
QTSZ11,BPSZ03,1,0.27450406321309384,0.0,1.2745040632130937
QTSZ11,BPSZ04,2,0.35892231189782176,0.0,2.358922311897822
QTSZ11,BPSZ05,5,0.617491409132099,0.0,5.617491409132099
QTSZ11,BSSZ01,1,0.4210591375270947,0.0,1.4210591375270947
QTSZ11,BSSZ02,1,0.3869712118933295,0.0,1.3869712118933295
QTSZ11,BSSZ03,5,0.9438433480022942,0.0,5.943843348002294
QTSZ11,CHSZ03,2,1.664363111207313,0.0,3.664363111207313
QTSZ11,CKSZ02,1,0.4959917479953597,0.0,1.4959917479953597
QTSZ11,CKSZ03,5,0.9577042958353766,0.0,5.957704295835376
QTSZ11,CKSZ04,2,0.46441109515860535,0.0,2.4644110951586056
QTSZ11,CKSZ05,2,0.2915863249965685,0.0,2.2915863249965684
QTSZ11,CKSZ06,4,0.15300702209010705,0.0,4.153007022090107
QTSZ11,CLSZ03,3,0.6939911356904657,0.0,3.6939911356904656
QTSZ11,CLSZ04,5,1.049014520606297,1.657099148559046,7.706113669165344
QTSZ11,CLSZ05,1,0.4477658656092169,0.348809464981406,1.796575330590623
QTSZ11,CLSZ06,3,1.1940092163797116,0.9546311230902481,5.14864033946996
QTSZ11,CLSZ07,2,1.1207799380007546,0.3406837268186136,3.461463664819368
QTSZ11,DTSZ03,1,0.2552228897767644,0.0,1.2552228897767643
QTSZ11,DTSZ05,1,0.24808998153336337,0.0,1.2480899815333633
QTSZ11,DTSZ09,1,0.12777256435974826,0.0,1.1277725643597483
QTSZ11,GLSZ02,1,0.2082002347470073,0.0,1.2082002347470073
QTSZ11,GLSZ03,1,0.34017554432396524,0.0,1.3401755443239654
QTSZ11,GLSZ04,1,0.34075558873849426,0.0,1.3407555887384943
QTSZ11,GLSZ05,2,0.5673620335144499,0.0,2.56736203351445
QTSZ11,HGSZ01,1,0.21468792230037345,0.0,1.2146879223003735
QTSZ11,HGSZ03,1,0.23252589738385315,0.0,1.232525897383853
QTSZ11,HGSZ04,2,0.422346737635417,0.0,2.422346737635417
QTSZ11,HGSZ05,2,0.7204192600978557,0.0,2.720419260097856
QTSZ11,HGSZ06,1,0.481929684846143,0.0,1.481929684846143
QTSZ11,HGSZ07,1,0.27924945095125153,0.0,1.2792494509512515
QTSZ11,JESZ02,2,0.3322074389398698,0.0,2.3322074389398697
QTSZ11,JESZ03,2,0.64725864423517,0.0,2.64725864423517
QTSZ11,JESZ05,4,0.8751356058494066,0.0,4.875135605849406
QTSZ11,JWSZ02,4,0.2962352563974952,0.0,4.2962352563974955
QTSZ11,JWSZ03,2,0.5015360165597934,0.0,2.5015360165597933
QTSZ11,JWSZ04,1,0.33091783025859495,0.0,1.330917830258595
QTSZ11,JWSZ08,6,0.9874707347473151,0.0,6.9874707347473155
QTSZ11,JWSZ09,7,1.0339014950296719,0.0,8.033901495029673
QTSZ11,KLSZ01,1,0.4897111230626706,0.0,1.4897111230626705
QTSZ11,MPSZ03,1,0.45504951244524117,0.0,1.4550495124452412
QTSZ11,MUSZ03,1,0.1002750243180113,0.0,1.1002750243180113
QTSZ11,NVSZ01,1,0.7303305521220468,0.0,1.7303305521220467
QTSZ11,ORSZ02,1,0.35651059128374857,0.0,1.3565105912837485
QTSZ11,OTSZ03,2,0.711213389023682,0.0,2.711213389023682
QTSZ11,PGSZ04,2,0.5331753945197667,0.0,2.5331753945197666
QTSZ11,PGSZ05,1,0.23734982280229092,0.0,1.237349822802291
QTSZ11,PRSZ05,1,0.4130008991158572,0.0,1.4130008991158571
QTSZ11,QTSZ01,1,0.596220690842745,0.5497127966000385,2.1459334874427833
QTSZ11,QTSZ02,3,0.6012640175996521,0.2296345355648974,3.830898553164549
QTSZ11,QTSZ03,2,0.42168078210298776,0.1088675295100682,2.5305483116130563
QTSZ11,QTSZ04,1,0.16852034832012247,0.08490404545633755,1.25342439377646
QTSZ11,QTSZ05,6,0.6591232675336978,0.0,6.6591232675336975
QTSZ11,QTSZ06,3,0.2271289935089165,2.312720346481425,5.539849339990342
QTSZ11,QTSZ08,2,0.7625073099896545,0.44654377031886655,3.2090510803085213
QTSZ11,QTSZ10,6,1.5158179485010368,6.61772298148806,14.133540929989097
QTSZ11,QTSZ11,21,1.1445062552989418,29.2986282373363,51.44313449263524
QTSZ11,QTSZ13,6,0.6795304410779962,0.04848298444873173,6.728013425526727
QTSZ11,RCSZ01,1,0.13418732648068332,0.0,1.1341873264806832
QTSZ11,RCSZ10,1,0.15434615744438213,0.0,1.154346157444382
QTSZ11,SBSZ03,4,0.49877644335917215,0.0,4.498776443359172
QTSZ11,SBSZ04,2,0.2958951782871436,0.0,2.2958951782871435
QTSZ11,SBSZ05,1,0.03410849684961386,0.0,1.034108496849614
QTSZ11,SESZ02,1,0.28048908842878784,0.0,1.2804890884287878
QTSZ11,SESZ03,4,0.7968393428217171,0.0,4.796839342821717
QTSZ11,SESZ04,1,0.428927539568502,0.0,1.428927539568502
QTSZ11,SESZ06,2,0.6057791458056719,0.0,2.605779145805672
QTSZ11,SGSZ04,3,0.8103053481916466,0.0,3.8103053481916467
QTSZ11,SGSZ06,5,0.518586126139699,0.0,5.518586126139699
QTSZ11,SGSZ07,4,0.18215631632286425,0.0,4.182156316322864
QTSZ11,SRSZ01,1,0.2139405418551475,0.0,1.2139405418551474
QTSZ11,TMSZ02,4,0.7703074168317308,0.0,4.770307416831731
QTSZ11,TMSZ03,2,0.8566842688768322,0.0,2.8566842688768324
QTSZ11,TMSZ04,2,0.3905550003790219,0.0,2.390555000379022
QTSZ11,TNSZ03,1,0.04127529541724805,0.0,1.041275295417248
QTSZ11,TPSZ01,1,0.17945628742542138,0.0,1.1794562874254213
QTSZ11,TPSZ02,3,0.6234235430438532,0.0,3.6234235430438533
QTSZ11,TPSZ04,1,0.07906267988151258,0.0,1.0790626798815126
QTSZ11,TPSZ05,1,0.18210700803892024,0.0,1.1821070080389202
QTSZ11,TPSZ06,2,0.8174737062618286,0.0,2.8174737062618287
QTSZ11,TPSZ07,2,0.18638676110668526,0.0,2.1863867611066854
QTSZ11,TPSZ12,2,0.2271236293508942,0.0,2.2271236293508943
QTSZ11,WDSZ01,1,0.08299302177530869,0.0,1.0829930217753088
QTSZ11,WDSZ02,2,0.41323825410045234,0.0,2.4132382541004525
QTSZ11,WDSZ03,5,0.7625356728747799,0.0,5.76253567287478
QTSZ11,WDSZ04,3,0.2476906532489099,0.0,3.24769065324891
QTSZ11,WDSZ05,1,0.3636563435956304,0.0,1.3636563435956304
QTSZ11,WDSZ06,1,0.21904273058773607,0.0,1.219042730587736
QTSZ11,WDSZ09,1,0.128197359991215,0.0,1.128197359991215
QTSZ11,YSSZ01,2,0.24719226470236794,0.0,2.247192264702368
QTSZ11,YSSZ02,1,0.21467693966623894,0.0,1.214676939666239
QTSZ11,YSSZ04,2,0.3974982368376609,0.0,2.3974982368376607
QTSZ11,YSSZ08,2,0.18216210332494717,0.0,2.182162103324947
QTSZ11,YSSZ09,3,0.7182061691002753,0.0,3.7182061691002755
QTSZ12,BDSZ02,1,0.16543272797742312,0.0,1.165432727977423
QTSZ12,BDSZ03,1,0.19796501287224497,0.0,1.197965012872245
QTSZ12,BDSZ04,2,0.2643287902217439,0.0,2.264328790221744
QTSZ12,BKSZ04,1,0.10261090941900645,0.0,1.1026109094190064
QTSZ12,BKSZ06,1,0.11276274204995528,0.0,1.1127627420499553
QTSZ12,BKSZ09,1,0.2634208560132917,0.0,1.2634208560132918
QTSZ12,BMSZ03,1,0.26158957165054575,0.8581598703681137,2.1197494420186596
QTSZ12,BMSZ04,2,0.19261340292946805,0.0,2.192613402929468
QTSZ12,BMSZ05,1,0.16492800342534011,0.0,1.1649280034253402
QTSZ12,BMSZ07,1,0.21939487600209534,0.316989453599572,1.5363843296016673
QTSZ12,BMSZ08,1,0.1063593610941673,0.49803140156484293,1.6043907626590102
QTSZ12,BMSZ09,1,0.11689106707121624,0.0,1.1168910670712162
QTSZ12,BMSZ14,2,0.2590904133913808,0.34671503013973143,2.605805443531112
QTSZ12,BPSZ01,1,0.07021195686700198,0.0,1.0702119568670019
QTSZ12,BPSZ03,1,0.12434206383198218,0.0,1.124342063831982
QTSZ12,BPSZ05,4,0.44242892319261934,0.0,4.44242892319262
QTSZ12,BSSZ02,1,0.20155097006443337,0.0,1.2015509700644333
QTSZ12,BTSZ01,2,0.29343204756068897,0.0,2.293432047560689
QTSZ12,BTSZ07,1,0.1282074248558404,0.0,1.1282074248558405
QTSZ12,CKSZ01,1,0.30284316265066363,0.0,1.3028431626506636
QTSZ12,CKSZ03,1,0.194809921039523,0.0,1.194809921039523
QTSZ12,CKSZ05,2,0.09881280323126672,0.0,2.0988128032312665
QTSZ12,CLSZ03,1,0.33577534438746703,0.0,1.335775344387467
QTSZ12,CLSZ07,1,0.18590801003422947,0.2288930190305783,1.4148010290648076
QTSZ12,GLSZ04,2,0.37793004919503065,0.0,2.377930049195031
QTSZ12,JESZ03,1,0.1936966033042318,0.0,1.1936966033042318
QTSZ12,JESZ08,1,0.13105691501647523,0.0,1.1310569150164753
QTSZ12,JWSZ02,2,0.18448800842374388,0.0,2.184488008423744
QTSZ12,JWSZ03,2,0.2224351009456639,0.0,2.2224351009456638
QTSZ12,JWSZ04,1,0.28139037507395875,0.0,1.2813903750739588
QTSZ12,JWSZ09,1,0.19345723240701043,0.0,1.1934572324070105
QTSZ12,KLSZ09,1,0.032121526614114396,0.0,1.0321215266141144
QTSZ12,PGSZ02,1,0.11624125066389249,0.0,1.1162412506638926
QTSZ12,PGSZ05,1,0.11225107425019427,0.0,1.1122510742501943
QTSZ12,QTSZ01,3,0.384549415016993,2.7407198934579218,6.125269308474914
QTSZ12,QTSZ05,3,0.6161367737672896,0.774508009968197,4.390644783735486
QTSZ12,QTSZ11,1,0.08645866008479706,0.9095320213262357,1.9959906814110326
QTSZ12,QTSZ14,1,0.46436642178877613,0.3262016284376036,1.7905680502263799
QTSZ12,RCSZ09,1,0.04423148734023106,0.0,1.044231487340231
QTSZ12,SBSZ03,1,0.20611320091975072,0.0,1.2061132009197508
QTSZ12,SESZ03,1,0.2061909851646592,0.0,1.2061909851646593
QTSZ12,SESZ04,1,0.26422596673176185,0.0,1.264225966731762
QTSZ12,SGSZ04,1,0.21319686311100416,0.0,1.2131968631110042
QTSZ12,TMSZ04,1,0.131050353487464,0.0,1.131050353487464
QTSZ12,TPSZ03,1,0.08042594165550088,0.0,1.0804259416555009
QTSZ12,WDSZ03,2,0.3211520555370942,0.0,2.321152055537094
QTSZ12,YSSZ03,2,0.3311233776624545,0.0,2.3311233776624545
QTSZ13,AMSZ01,2,0.3987756031221168,0.0,2.398775603122117
QTSZ13,AMSZ02,2,0.3608963384900574,0.0,2.3608963384900576
QTSZ13,BDSZ04,1,0.40301270828399866,0.0,1.4030127082839987
QTSZ13,BDSZ05,1,0.4389291722238094,0.0,1.4389291722238093
QTSZ13,BKSZ09,1,0.3306743568973272,0.0,1.3306743568973272
QTSZ13,BMSZ01,5,0.7058002020641965,0.0,5.7058002020641965
QTSZ13,BMSZ06,3,0.4780137463180166,0.0,3.4780137463180165
QTSZ13,BMSZ08,1,0.1847547110124711,0.0,1.184754711012471
QTSZ13,BMSZ13,1,0.4131162188070639,0.09991585487525605,1.51303207368232
QTSZ13,BPSZ04,1,0.2706253414059784,0.0,1.2706253414059785
QTSZ13,BPSZ05,1,0.36635148171285753,0.0,1.3663514817128575
QTSZ13,BSSZ01,4,0.7761881538321552,0.0,4.776188153832155
QTSZ13,BTSZ07,1,0.32073775258626275,0.0,1.3207377525862627
QTSZ13,CKSZ01,1,0.39085761844997186,0.0,1.390857618449972
QTSZ13,CKSZ03,1,0.3117750749425758,0.0,1.3117750749425758
QTSZ13,CLSZ03,1,0.39583687733061357,0.0,1.3958368773306136
QTSZ13,CLSZ04,1,0.3333218048209059,0.0,1.333321804820906
QTSZ13,CLSZ07,1,0.49393019165703017,0.12082353463978578,1.614753726296816
QTSZ13,CLSZ08,1,0.7368447467785021,0.0,1.7368447467785022
QTSZ13,CLSZ09,3,0.7014821954323905,0.0,3.7014821954323907
QTSZ13,DTSZ05,2,0.33519941043922946,0.0,2.3351994104392295
QTSZ13,DTSZ11,2,0.3697948359657675,0.0,2.3697948359657675
QTSZ13,GLSZ04,1,0.3746865705641826,0.0,1.3746865705641826
QTSZ13,HGSZ06,1,0.42484014012294924,0.0,1.4248401401229494
QTSZ13,JESZ05,3,0.6005810281596297,0.0,3.6005810281596298
QTSZ13,JESZ08,3,0.40047325166705966,0.0,3.4004732516670595
QTSZ13,JWSZ03,1,0.3958746639142952,0.0,1.3958746639142952
QTSZ13,KLSZ01,1,0.42413924706920997,0.0,1.42413924706921
QTSZ13,NVSZ01,1,0.6764098745485148,0.0,1.6764098745485148
QTSZ13,ORSZ02,1,0.311298372684149,0.0,1.311298372684149
QTSZ13,PGSZ02,1,0.21661494717964902,0.0,1.216614947179649
QTSZ13,PNSZ01,1,0.11413381353646258,0.0,1.1141338135364627
QTSZ13,PRSZ03,1,0.2807613570702218,0.0,1.2807613570702219
QTSZ13,QTSZ02,1,0.34933302818048284,0.18174760264032183,1.5310806308208047
QTSZ13,QTSZ08,2,1.0069348454059754,0.6622382375839517,3.6691730829899276
QTSZ13,QTSZ11,3,0.46343900379670444,2.0427113742406346,5.506150378037339
QTSZ13,QTSZ12,1,0.3585163892462463,0.0,1.3585163892462462
QTSZ13,QTSZ13,2,3.0539439037961325,0.8655773481340121,5.919521251930145
QTSZ13,QTSZ14,1,0.39549326536519636,0.140411663574255,1.5359049289394513
QTSZ13,QTSZ15,1,0.2934097783387864,0.8863937540421684,2.1798035323809546
QTSZ13,SBSZ01,1,0.1959874162097936,0.0,1.1959874162097937
QTSZ13,SBSZ03,1,0.3037074985343467,0.0,1.3037074985343466
QTSZ13,SESZ02,2,0.48056228048703575,0.0,2.4805622804870358
QTSZ13,SESZ03,2,0.6343427973936082,0.0,2.634342797393608
QTSZ13,SGSZ04,1,0.3927957403515143,0.0,1.3927957403515143
QTSZ13,SGSZ06,1,0.2886634521137365,0.0,1.2886634521137366
QTSZ13,TMSZ04,2,0.5353828284675998,0.0,2.5353828284675997
QTSZ13,TPSZ06,2,0.7286783229065154,0.0,2.7286783229065152
QTSZ13,TPSZ11,1,0.28133759034326017,0.0,1.2813375903432602
QTSZ13,WDSZ01,1,0.08951181788549255,0.0,1.0895118178854926
QTSZ13,WDSZ02,1,0.36028988193751593,0.0,1.360289881937516
QTSZ13,WDSZ06,1,0.274058415270429,0.0,1.274058415270429
QTSZ13,YSSZ03,1,0.40525953679184756,0.0,1.4052595367918475
QTSZ13,YSSZ09,1,0.3716203980808568,0.0,1.3716203980808568
QTSZ14,AMSZ06,2,0.3622618941069236,0.0,2.3622618941069238
QTSZ14,AMSZ09,2,0.2768583316754978,0.0,2.2768583316754976
QTSZ14,AMSZ10,1,0.29309569744899283,0.0,1.2930956974489929
QTSZ14,BDSZ02,1,0.44428183717738434,0.0,1.4442818371773845
QTSZ14,BDSZ03,3,0.5733713460761783,0.0,3.5733713460761782
QTSZ14,BDSZ04,1,0.3051561180994941,0.0,1.3051561180994942
QTSZ14,BDSZ06,1,0.6091554665393881,0.0,1.6091554665393881
QTSZ14,BKSZ05,1,0.5903863906695408,0.0,1.5903863906695408
QTSZ14,BKSZ07,1,0.32624614402498486,0.0,1.3262461440249849
QTSZ14,BLSZ02,1,0.08954249527515427,0.0,1.0895424952751542
QTSZ14,BMSZ01,5,1.241659252795071,0.5944770000594525,6.836136252854523
QTSZ14,BMSZ03,1,0.4980674676329946,0.45899722936455517,1.9570646969975498
QTSZ14,BMSZ07,4,2.4916274204430873,0.5388550443845079,7.030482464827596
QTSZ14,BMSZ08,2,0.2758198432387619,0.174138006410123,2.449957849648885
QTSZ14,BMSZ09,2,0.27671322827465905,0.0,2.276713228274659
QTSZ14,BMSZ10,2,0.297307954198075,0.0,2.297307954198075
QTSZ14,BMSZ12,1,0.4400392070098993,0.13388956673770527,1.5739287737476046
QTSZ14,BMSZ13,1,0.6312121328132686,0.3733001102526796,2.004512243065948
QTSZ14,BMSZ14,1,0.3282127492943831,0.14215148887753776,1.4703642381719209
QTSZ14,BMSZ15,3,0.23493614787084152,0.06746524188397067,3.302401389754812
QTSZ14,BMSZ17,2,0.4415682741250925,0.0,2.4415682741250926
QTSZ14,BPSZ04,2,0.3968126356250666,0.0,2.3968126356250665
QTSZ14,BPSZ05,2,0.4010175988961647,0.0,2.4010175988961646
QTSZ14,BSSZ01,3,0.8766692150865502,0.0,3.87666921508655
QTSZ14,BSSZ02,1,0.36053025951026774,0.0,1.3605302595102677
QTSZ14,BSSZ03,3,0.730411371057086,0.0,3.730411371057086
QTSZ14,BTSZ01,1,0.36949579196958404,0.0,1.369495791969584
QTSZ14,BTSZ02,1,0.1562570225353207,0.0,1.1562570225353208
QTSZ14,BTSZ03,1,0.2673843292185708,0.0,1.267384329218571
QTSZ14,CCSZ01,1,0.18929312209751234,0.0,1.1892931220975123
QTSZ14,CKSZ02,1,0.39482230523570866,0.0,1.3948223052357087
QTSZ14,CKSZ04,1,0.22685866521095596,0.0,1.2268586652109559
QTSZ14,CKSZ05,3,0.16739655267361528,0.0,3.1673965526736154
QTSZ14,CLSZ04,2,0.3485857200207891,0.0,2.348585720020789
QTSZ14,CLSZ06,2,0.3649525640129019,0.0,2.364952564012902
QTSZ14,CLSZ07,1,0.4530528832884131,0.0,1.453052883288413
QTSZ14,CLSZ08,1,0.596033689485729,0.0,1.596033689485729
QTSZ14,DTSZ03,1,0.2411027836437015,0.0,1.2411027836437014
QTSZ14,GLSZ02,1,0.20718960324278723,0.0,1.2071896032427873
QTSZ14,GLSZ04,3,1.1891587805191552,0.0,4.189158780519155
QTSZ14,HGSZ01,1,0.22029930854768962,0.0,1.2202993085476896
QTSZ14,HGSZ02,2,0.5897477652773901,0.0,2.58974776527739
QTSZ14,HGSZ04,1,0.3123108440449695,0.0,1.3123108440449696
QTSZ14,HGSZ07,2,0.6714394610685079,0.0,2.671439461068508
QTSZ14,HGSZ08,1,0.2851766650137902,0.0,1.2851766650137901
QTSZ14,JESZ04,1,0.12182711589660361,0.0,1.1218271158966036
QTSZ14,JESZ05,1,0.41300431691982153,0.0,1.4130043169198214
QTSZ14,JESZ08,1,0.1446354822997451,0.0,1.144635482299745
QTSZ14,JWSZ02,1,0.25638309569012646,0.0,1.2563830956901265
QTSZ14,JWSZ04,1,0.3798090749362495,0.0,1.3798090749362495
QTSZ14,JWSZ08,1,0.7307369306349606,0.0,1.7307369306349605
QTSZ14,JWSZ09,4,0.6486357155762983,0.0,4.648635715576298
QTSZ14,KLSZ03,1,0.059578720856262986,0.0,1.059578720856263
QTSZ14,KLSZ05,1,0.1765915225506597,0.0,1.1765915225506598
QTSZ14,NVSZ01,1,0.759215351591955,0.0,1.7592153515919549
QTSZ14,NVSZ02,2,0.7768670426095134,0.0,2.7768670426095134
QTSZ14,ORSZ03,1,0.25729592597441764,0.0,1.2572959259744176
QTSZ14,OTSZ03,3,0.8464469138537976,0.0,3.8464469138537973
QTSZ14,PGSZ02,3,1.4573633484426083,0.0,4.457363348442608
QTSZ14,PGSZ03,2,0.34167553542553036,0.0,2.3416755354255305
QTSZ14,PRSZ02,1,0.23849554642296442,0.0,1.2384955464229643
QTSZ14,PRSZ03,1,0.2523865489104325,0.0,1.2523865489104324
QTSZ14,QTSZ01,2,0.4969098180943184,0.0,2.4969098180943186
QTSZ14,QTSZ02,1,0.26945602661846846,0.0766840338591053,1.3461400604775737
QTSZ14,QTSZ05,1,0.5851989960947647,0.03827140336373382,1.6234703994584985
QTSZ14,QTSZ06,2,0.3856787796678288,1.3140183631004916,3.6996971427683203
QTSZ14,QTSZ08,1,0.6441723813683669,0.09574342374188195,1.7399158051102488
QTSZ14,QTSZ10,2,0.4758834987400498,1.1601352950317725,3.6360187937718225
QTSZ14,QTSZ13,1,0.41746022785514403,0.0032541485894078312,1.4207143764445518
QTSZ14,QTSZ14,1,1.1097961200500541,13.711346596162162,15.821142716212217
QTSZ14,QTSZ15,1,0.3453841379365319,0.11660411176891955,1.4619882497054515
QTSZ14,RCSZ02,1,0.10106398008536924,0.0,1.1010639800853692
QTSZ14,RVSZ03,1,0.0,0.0,1.0
QTSZ14,SBSZ01,1,0.13855325491103349,0.0,1.1385532549110335
QTSZ14,SBSZ03,4,0.6008822739283677,0.0,4.6008822739283675
QTSZ14,SBSZ05,1,0.008173521736924259,0.0,1.0081735217369243
QTSZ14,SESZ03,3,0.62617635925756,0.0,3.6261763592575598
QTSZ14,SESZ04,4,0.7653602255011591,0.0,4.765360225501159
QTSZ14,SESZ05,1,0.276789990333488,0.0,1.276789990333488
QTSZ14,SESZ06,2,0.6740564613388559,0.0,2.6740564613388558
QTSZ14,SGSZ04,2,0.487057580572014,0.0,2.487057580572014
QTSZ14,SGSZ06,4,0.5271756256993422,0.0,4.527175625699342
QTSZ14,SRSZ01,1,0.2525318364502339,0.0,1.2525318364502338
QTSZ14,TMSZ01,1,0.2740995230585351,0.0,1.274099523058535
QTSZ14,TMSZ02,2,0.7797281071483738,0.0,2.7797281071483737
QTSZ14,TMSZ03,2,0.7944965519402168,0.0,2.7944965519402167
QTSZ14,TMSZ04,3,0.9558567047321751,0.0,3.955856704732175
QTSZ14,TPSZ05,1,0.1366733979676298,0.0,1.1366733979676298
QTSZ14,TPSZ07,1,0.08706992871263163,0.0,1.0870699287126315
QTSZ14,TPSZ11,1,0.3152728803541371,0.0,1.3152728803541371
QTSZ14,WDSZ02,1,0.35257041188245625,0.0,1.3525704118824562
QTSZ14,YSSZ01,1,0.1879492741617439,0.0,1.187949274161744
QTSZ14,YSSZ03,1,0.34797896177552445,0.0,1.3479789617755245
QTSZ14,YSSZ05,1,0.1591330285132806,0.0,1.1591330285132806
QTSZ14,YSSZ09,2,0.51694360884501,0.0,2.51694360884501
QTSZ15,AMSZ04,1,0.004498279624381757,0.0,1.0044982796243818
QTSZ15,BDSZ04,1,0.2086370685745994,0.0,1.2086370685745993
QTSZ15,BMSZ01,1,0.23606930527759107,0.0,1.236069305277591
QTSZ15,BPSZ05,2,0.3243720262837471,0.0,2.324372026283747
QTSZ15,BSSZ02,1,0.21213059438192375,0.0,1.2121305943819238
QTSZ15,CKSZ04,1,0.14208980864401088,0.0,1.1420898086440108
QTSZ15,CLSZ06,1,0.34404340245262716,0.0,1.344043402452627
QTSZ15,HGSZ02,1,0.1438448503312376,0.0,1.1438448503312375
QTSZ15,HGSZ07,2,0.30780475335117424,0.0,2.3078047533511743
QTSZ15,JESZ02,1,0.056228262233281756,0.0,1.0562282622332817
QTSZ15,JESZ05,1,0.27949455951291563,0.0,1.2794945595129157
QTSZ15,JWSZ09,1,0.35627090560954583,0.0,1.3562709056095459
QTSZ15,OTSZ03,1,0.153840151225609,0.0,1.1538401512256091
QTSZ15,PGSZ04,1,0.09739297663174301,0.0,1.097392976631743
QTSZ15,QTSZ13,1,0.42050530619077325,0.0024147571975457155,1.422920063388319
QTSZ15,QTSZ15,1,0.2938940484146833,1.9975131203922847,3.291407168806968
QTSZ15,RCSZ01,1,0.05915448943916347,0.0,1.0591544894391636
QTSZ15,RCSZ10,1,0.10797507931342645,0.0,1.1079750793134264
QTSZ15,SGSZ03,2,0.11460116076107195,0.0,2.114601160761072
QTSZ15,SGSZ06,1,0.13715297174513683,0.0,1.1371529717451367
RCSZ01,AMSZ01,1,0.1996102638192629,0.0,1.199610263819263
RCSZ01,AMSZ06,1,0.2602195014234335,0.0,1.2602195014234334
RCSZ01,BDSZ01,1,0.15096271029954136,0.0,1.1509627102995414
RCSZ01,BDSZ02,2,0.2908125132950431,0.0,2.290812513295043
RCSZ01,BDSZ03,1,0.18865050534341854,0.0,1.1886505053434187
RCSZ01,BDSZ06,1,0.30993431040000485,0.0,1.309934310400005
RCSZ01,BMSZ05,2,0.1289468290016275,0.0,2.1289468290016273
RCSZ01,BMSZ06,2,0.5532438101494026,0.0,2.553243810149403
RCSZ01,BSSZ01,1,0.3143158128653405,0.0,1.3143158128653405
RCSZ01,CKSZ02,1,0.13102663441511797,0.0,1.131026634415118
RCSZ01,CKSZ03,1,0.19877143385841475,0.0,1.1987714338584148
RCSZ01,CKSZ04,1,0.170094531813897,0.0,1.170094531813897
RCSZ01,CKSZ05,1,0.09751747774550737,0.0,1.0975174777455075
RCSZ01,CLSZ04,2,0.20654682419340173,0.0,2.206546824193402
RCSZ01,DTSZ01,3,0.1210180313560746,0.2635902590340354,3.38460829039011
RCSZ01,DTSZ02,2,0.14790847234574137,0.314758895158118,2.4626673675038595
RCSZ01,DTSZ04,1,0.03911751081800191,0.0,1.039117510818002
RCSZ01,DTSZ05,1,0.12307900070950162,0.17196529958141582,1.2950443002909173
RCSZ01,DTSZ11,1,0.12961663368969847,0.0,1.1296166336896984
RCSZ01,GLSZ03,3,0.40202436819770604,0.0,3.402024368197706
RCSZ01,GLSZ04,1,0.36758083308131273,0.0,1.3675808330813126
RCSZ01,GLSZ05,1,0.30734232086212426,0.0,1.3073423208621242
RCSZ01,HGSZ03,1,0.13388190218551949,0.0,1.1338819021855195
RCSZ01,HGSZ05,1,0.20297674046769595,0.0,1.2029767404676959
RCSZ01,HGSZ06,1,0.25190333403583415,0.0,1.251903334035834
RCSZ01,HGSZ07,1,0.23507652508876709,0.0,1.235076525088767
RCSZ01,JESZ03,2,0.270409482271744,0.0,2.270409482271744
RCSZ01,JWSZ01,1,0.014034279115830219,0.0,1.0140342791158303
RCSZ01,JWSZ04,1,0.23420025158091004,0.0,1.23420025158091
RCSZ01,KLSZ01,3,0.4455029927576398,0.5774680364760494,4.022971029233689
RCSZ01,KLSZ03,1,0.0382726016895291,0.19924919206551792,1.2375217937550471
RCSZ01,KLSZ08,2,0.22550881907263923,0.06369037645529424,2.2891991955279334
RCSZ01,MPSZ03,1,0.20862929105258846,0.0,1.2086292910525884
RCSZ01,MUSZ01,2,0.11200171172016386,0.2285206624183352,2.3405223741384993
RCSZ01,NTSZ03,1,0.15001557119621634,0.10690897183617651,1.2569245430323928
RCSZ01,NVSZ01,1,0.8362206829726122,0.17912386916054235,2.0153445521331546
RCSZ01,NVSZ02,1,0.41338514409709526,0.2958097570628619,1.7091949011599572
RCSZ01,ORSZ02,1,0.21005978517006257,0.05988617849828746,1.2699459636683499
RCSZ01,OTSZ02,1,0.0,0.006818103877234052,1.0068181038772341
RCSZ01,OTSZ03,2,0.26675166425566016,0.3179206219908025,2.5846722862464624
RCSZ01,PGSZ03,2,0.15011765167749253,0.0,2.1501176516774927
RCSZ01,PGSZ04,1,0.15914096109071543,0.0,1.1591409610907155
RCSZ01,QTSZ03,1,0.1036103154292455,0.0,1.1036103154292456
RCSZ01,QTSZ05,1,0.19046539919472683,0.0,1.1904653991947267
RCSZ01,QTSZ08,1,0.154375822241034,0.0,1.154375822241034
RCSZ01,QTSZ15,1,0.07631493968376911,0.0,1.076314939683769
RCSZ01,RCSZ01,1,0.3267644338209828,3.113355388552693,4.440119822373676
RCSZ01,RCSZ09,1,0.012568629738433123,0.04164538500957295,1.0542140147480061
RCSZ01,RCSZ10,2,0.13989326411957548,0.07694603129407697,2.2168392954136524
RCSZ01,SBSZ03,1,0.2020345501571341,0.0,1.2020345501571341
RCSZ01,SESZ02,1,0.2065808447685198,0.0,1.2065808447685198
RCSZ01,SESZ03,6,0.7583903964952214,0.0,6.758390396495221
RCSZ01,SESZ04,1,0.24988676857661338,0.0,1.2498867685766133
RCSZ01,SESZ05,2,0.12562253872256757,0.0,2.125622538722568
RCSZ01,SGSZ04,3,0.3960148255712331,0.0,3.3960148255712332
RCSZ01,SGSZ06,1,0.19324445324655068,0.0,1.1932444532465507
RCSZ01,SRSZ01,1,0.11289965868895488,0.15362193761320372,1.2665215963021585
RCSZ01,SRSZ02,1,0.022610418337193128,0.35501000817664674,1.3776204265138399
RCSZ01,TMSZ02,1,0.42529374733054176,0.0,1.4252937473305418
RCSZ01,TMSZ04,3,0.36016534765588903,0.0,3.3601653476558893
RCSZ01,TNSZ04,1,0.13441530700629847,0.0,1.1344153070062986
RCSZ01,TPSZ02,1,0.2282624819040263,0.24008735617466734,1.4683498380786935
RCSZ01,TPSZ06,1,0.09557849912063965,0.05599508315135509,1.1515735822719948
RCSZ01,TPSZ09,2,0.07333330812749538,0.17739344434892312,2.2507267524764183
RCSZ01,TPSZ11,2,0.26501345011927363,0.0,2.2650134501192736
RCSZ01,WDSZ02,1,0.13089312413377904,0.0,1.130893124133779
RCSZ01,WDSZ06,1,0.18060622148859895,0.0,1.180606221488599
RCSZ01,YSSZ09,6,0.43873153314101443,0.0,6.438731533141015
RCSZ02,BDSZ04,1,0.0,0.0,1.0
RCSZ02,DTSZ02,1,0.0,0.2285187462843308,1.2285187462843308
RCSZ02,DTSZ04,1,0.0,0.0,1.0
RCSZ02,DTSZ11,1,0.0,0.32318393801315154,1.3231839380131516
RCSZ02,GLSZ05,2,0.0,0.0,2.0
RCSZ02,KLSZ08,1,0.0,0.08368853759011469,1.0836885375901146
RCSZ02,ORSZ02,1,0.0,0.10134220516588695,1.101342205165887
RCSZ02,QTSZ14,1,0.0,0.0,1.0
RCSZ02,RCSZ02,1,0.0,0.2632326524194738,1.263232652419474
RCSZ03,AMSZ12,1,0.05014453151318674,0.0,1.0501445315131868
RCSZ03,BDSZ01,1,0.12871767935272607,0.0,1.128717679352726
RCSZ03,BSSZ01,1,0.253733255217107,0.0,1.253733255217107
RCSZ03,BTSZ04,1,0.1539136900574104,0.0,1.1539136900574105
RCSZ03,DTSZ01,1,0.16546368679210083,0.016875398847856306,1.1823390856399572
RCSZ03,DTSZ07,1,0.12149865295473206,0.07277955131266498,1.194278204267397
RCSZ03,OTSZ03,2,0.12816575637523683,0.05788573993987435,2.186051496315111
RCSZ03,OTSZ04,2,0.06337959081633315,0.06104514101013394,2.124424731826467
RCSZ03,PGSZ04,1,0.13092700013611447,0.0,1.1309270001361145
RCSZ03,RCSZ03,1,0.2145441913857097,1.7609669646920203,2.9755111560777303
RCSZ03,RCSZ09,1,0.021996829775252056,0.007156041635691272,1.0291528714109432
RCSZ03,RCSZ10,1,0.08297351821966137,0.015215661658209931,1.0981891798778713
RCSZ03,TNSZ04,1,0.16498220973192265,0.0,1.1649822097319227
RCSZ03,TPSZ06,1,0.04981283050650141,0.008007522241448614,1.05782035274795
RCSZ03,WDSZ03,1,0.14360146305543556,0.0,1.1436014630554356
RCSZ03,YSSZ09,1,0.1261451141105484,0.0,1.1261451141105483
RCSZ04,DTSZ02,1,0.0,0.0,1.0
RCSZ04,NVSZ01,1,0.0,0.0,1.0
RCSZ05,BKSZ04,1,0.04197446484554014,0.0,1.0419744648455402
RCSZ05,BMSZ13,1,0.005558395664038671,0.0,1.0055583956640386
RCSZ05,BSSZ03,1,0.04624853553297402,0.0,1.046248535532974
RCSZ05,BTSZ01,2,0.14542098348895796,0.0,2.145420983488958
RCSZ05,CKSZ05,1,0.04378004631389287,0.0,1.0437800463138929
RCSZ05,CLSZ04,1,0.060904672496582525,0.0,1.0609046724965825
RCSZ05,DTSZ01,1,0.3887831257633856,2.8289999773442123,4.217783103107598
RCSZ05,DTSZ02,1,0.0198530410835958,0.06490101717920853,1.0847540582628044
RCSZ05,DTSZ12,1,0.06271769557755362,0.0065014188923467435,1.0692191144699004
RCSZ05,GLSZ04,1,0.23879009712745222,0.05847729285613866,1.2972673899835907
RCSZ05,GLSZ05,1,0.132877367198786,0.0,1.132877367198786
RCSZ05,JESZ02,1,0.018288918384358113,0.0,1.0182889183843582
RCSZ05,OTSZ03,1,0.059966683051111455,0.0410187021501416,1.100985385201253
RCSZ05,PGSZ04,1,0.06746579911882072,0.0,1.0674657991188208
RCSZ05,PGSZ05,1,0.0691743275602268,0.0,1.0691743275602268
RCSZ05,SESZ04,1,0.10171736544845796,0.0,1.101717365448458
RCSZ05,SGSZ01,1,0.033949587808326374,0.0,1.0339495878083265
RCSZ05,TMSZ02,1,0.10736230064554116,0.0,1.107362300645541
RCSZ05,TMSZ04,1,0.0871438215845903,0.0,1.0871438215845903
RCSZ05,TPSZ02,1,0.06946508095607602,0.0,1.069465080956076
RCSZ05,WDSZ05,1,0.06312437933040094,0.0,1.063124379330401
RCSZ05,YSSZ05,1,0.030424055593823485,0.0,1.0304240555938236
RCSZ05,YSSZ09,2,0.10500925542566329,0.0,2.105009255425663
RCSZ06,AMSZ07,1,0.0,0.0,1.0
RCSZ06,NVSZ01,1,0.0,0.0,1.0
RCSZ06,SBSZ03,1,0.0,0.0,1.0
RCSZ08,BDSZ04,1,0.06823685687285048,0.0,1.0682368568728504
RCSZ08,BMSZ01,1,0.07245489126470779,0.0,1.0724548912647078
RCSZ08,CLSZ03,1,0.05772331463693722,0.0,1.0577233146369371
RCSZ08,GLSZ05,1,0.10706741046086923,0.0,1.1070674104608693
RCSZ08,HGSZ01,1,0.06127702637875299,0.0,1.061277026378753
RCSZ08,HGSZ04,1,0.03978841272897583,0.0,1.0397884127289758
RCSZ08,HGSZ06,1,0.055047677928224334,0.0,1.0550476779282243
RCSZ08,KLSZ07,1,0.056433397353428026,0.0,1.0564333973534281
RCSZ08,ORSZ02,1,0.09375741099220357,0.0,1.0937574109922035
RCSZ08,PGSZ05,1,0.04724839633042499,0.0,1.047248396330425
RCSZ08,PRSZ05,2,0.03793969436720066,0.0,2.037939694367201
RCSZ08,QTSZ10,1,0.03257467233243454,0.0,1.0325746723324345
RCSZ08,SESZ02,1,0.06031359106137391,0.0,1.060313591061374
RCSZ08,TMSZ03,1,0.10807877965414195,0.0,1.108078779654142
RCSZ08,TPSZ02,1,0.04639582911838417,0.0,1.0463958291183841
RCSZ08,TPSZ06,1,0.010556555061528977,0.0,1.010556555061529
RCSZ08,YSSZ09,1,0.04510608345782139,0.0,1.0451060834578214
RCSZ09,AMSZ01,1,0.1785192852306441,0.0,1.178519285230644
RCSZ09,BDSZ01,1,0.11320274153278834,0.0,1.1132027415327883
RCSZ09,BDSZ04,1,0.23366745683690904,0.0,1.233667456836909
RCSZ09,BDSZ05,1,0.19265496488840625,0.0,1.1926549648884062
RCSZ09,BKSZ03,1,0.10680125905434928,0.0,1.1068012590543492
RCSZ09,BMSZ04,2,0.14398168732445576,0.2910310957260955,2.435012783050551
RCSZ09,BMSZ08,1,0.10338292957613864,0.0,1.1033829295761386
RCSZ09,BMSZ10,1,0.06621946678094272,0.0,1.0662194667809428
RCSZ09,BMSZ14,1,0.07344499977144131,0.0,1.0734449997714413
RCSZ09,BMSZ15,1,0.07199043262886615,0.0,1.071990432628866
RCSZ09,BSSZ03,1,0.13933324554616613,0.0,1.1393332455461662
RCSZ09,BTSZ03,1,0.09856172592662885,0.0,1.098561725926629
RCSZ09,CKSZ02,1,0.11978406383171368,0.0,1.1197840638317136
RCSZ09,CKSZ03,1,0.17331788515610433,0.0,1.1733178851561044
RCSZ09,DTSZ01,1,0.42786674613722137,0.15994661310281158,1.587813359240033
RCSZ09,DTSZ02,1,0.06975170150025715,0.42722913863074724,1.4969808401310043
RCSZ09,JESZ02,1,0.030488873415852172,0.0,1.0304888734158522
RCSZ09,JWSZ09,2,0.25925901902522375,0.0,2.2592590190252237
RCSZ09,KLSZ06,2,0.31486430376454,0.6895114890534566,3.0043757928179966
RCSZ09,KLSZ07,2,0.21345044495327575,0.3011209360203776,2.5145713809736536
RCSZ09,MPSZ01,1,0.08862566986860546,0.0,1.0886256698686054
RCSZ09,NVSZ01,4,0.807986457633864,0.5592770691825513,5.367263526816415
RCSZ09,OTSZ03,2,0.2248167384322227,0.5717824164361576,2.79659915486838
RCSZ09,PGSZ02,1,0.09915924077183713,0.0,1.0991592407718371
RCSZ09,PGSZ03,2,0.0673860724892835,0.0,2.0673860724892834
RCSZ09,SBSZ06,1,0.08024466750890072,0.0,1.0802446675089008
RCSZ09,TMSZ02,1,0.21540930054170412,0.0,1.2154093005417042
RCSZ09,TPSZ06,1,0.06516063594715482,0.0,1.0651606359471548
RCSZ09,WDSZ02,1,0.07771379236859148,0.0,1.0777137923685915
RCSZ09,YSSZ09,1,0.14295419155573857,0.0,1.1429541915557386
RCSZ10,AMSZ01,1,0.24741900476487225,0.0,1.2474190047648723
RCSZ10,AMSZ03,1,0.08360358184255819,0.0,1.0836035818425582
RCSZ10,AMSZ04,1,0.04540825788024438,0.0,1.0454082578802444
RCSZ10,AMSZ10,1,0.1598867348895697,0.0,1.1598867348895696
RCSZ10,BDSZ01,1,0.14155036920071387,0.0,1.1415503692007138
RCSZ10,BDSZ04,5,0.8471324454124081,0.0,5.847132445412408
RCSZ10,BDSZ06,2,0.4924527321080642,0.0,2.492452732108064
RCSZ10,BKSZ03,1,0.12939667591485235,0.0,1.1293966759148524
RCSZ10,BKSZ05,1,0.19369300556421637,0.0,1.1936930055642163
RCSZ10,BLSZ02,2,0.03571325510796307,0.0,2.035713255107963
RCSZ10,BMSZ04,2,0.18125961450382663,0.2572581016829094,2.438517716186736
RCSZ10,BMSZ05,1,0.09439948627051895,0.05521471659344739,1.1496142028639662
RCSZ10,BMSZ09,1,0.08221050552972085,0.00907605892743604,1.091286564457157
RCSZ10,BMSZ11,1,0.0963892908776694,0.0,1.0963892908776693
RCSZ10,BMSZ17,1,0.1367896264183,0.0,1.1367896264183
RCSZ10,BPSZ01,2,0.2037028774386768,0.0,2.2037028774386767
RCSZ10,BPSZ04,2,0.184283412687809,0.0,2.184283412687809
RCSZ10,BSSZ02,1,0.2232476532278125,0.0,1.2232476532278125
RCSZ10,BSSZ03,1,0.1880416393827231,0.0,1.1880416393827231
RCSZ10,CKSZ02,1,0.19438431708967338,0.0,1.1943843170896733
RCSZ10,CKSZ03,1,0.21722825623005074,0.0,1.2172282562300507
RCSZ10,CKSZ06,1,0.1657158654715002,0.0,1.1657158654715003
RCSZ10,CLSZ03,1,0.21603365380450143,0.0,1.2160336538045013
RCSZ10,DTSZ02,3,0.25236312816287565,0.6724759703815858,3.9248390985444614
RCSZ10,DTSZ03,2,0.35260788273278904,0.37140304171852195,2.724010924451311
RCSZ10,DTSZ05,1,0.1463636318407413,0.37721154787581196,1.5235751797165533
RCSZ10,DTSZ12,1,0.06676759067812825,0.010124355385294933,1.0768919460634232
RCSZ10,GLSZ03,1,0.18627287126011474,0.0,1.1862728712601147
RCSZ10,GLSZ04,1,0.4798427357962602,0.0,1.4798427357962602
RCSZ10,GLSZ05,1,0.4335950351570442,0.0,1.4335950351570441
RCSZ10,HGSZ05,1,0.26430486759164074,0.0,1.2643048675916408
RCSZ10,JWSZ04,2,0.35038002335894103,0.0,2.350380023358941
RCSZ10,JWSZ09,1,0.2591456049454833,0.0,1.2591456049454832
RCSZ10,KLSZ01,4,0.5425854965250251,0.49214803997646567,5.034733536501491
RCSZ10,KLSZ03,2,0.058371917224102426,0.027807402579256856,2.0861793198033594
RCSZ10,KLSZ06,1,0.27279671722172866,0.18859434075419845,1.461391057975927
RCSZ10,KLSZ07,2,0.25636276389596696,0.1882968772885228,2.44465964118449
RCSZ10,KLSZ08,1,0.15473230796566353,0.0828400237717251,1.2375723317373886
RCSZ10,KLSZ09,1,0.049940072930827806,0.14426521366922784,1.1942052866000559
RCSZ10,MPSZ02,2,0.2814860376094719,0.0,2.281486037609472
RCSZ10,MUSZ01,2,0.09994223619199287,0.35313754175511863,2.453079777947112
RCSZ10,NTSZ02,1,0.0,0.0,1.0
RCSZ10,NTSZ03,1,0.035993826410173416,0.030841891719712237,1.0668357181298855
RCSZ10,NVSZ01,1,0.5086670242871358,0.1447904407038067,1.6534574649909426
RCSZ10,OTSZ03,5,0.3427927342216049,1.2758269355836318,6.618619669805236
RCSZ10,OTSZ04,1,0.04545741871601732,0.12248162028474684,1.167939039000764
RCSZ10,PGSZ03,1,0.1308835493580321,0.0,1.130883549358032
RCSZ10,PGSZ04,3,0.11877901891433486,0.0,3.118779018914335
RCSZ10,PRSZ02,1,0.1657037765346548,0.0,1.1657037765346547
RCSZ10,PRSZ03,3,0.4334786659109249,0.0,3.4334786659109247
RCSZ10,PRSZ05,4,0.3441019679725275,0.0,4.344101967972527
RCSZ10,QTSZ01,1,0.10651632906567288,0.0,1.106516329065673
RCSZ10,QTSZ05,1,0.21116396646993318,0.0,1.2111639664699332
RCSZ10,QTSZ15,1,0.09864069395661482,0.0,1.098640693956615
RCSZ10,RCSZ01,3,0.20416904464799984,0.11661200295594933,3.320781047603949
RCSZ10,RCSZ09,2,0.5673697742462381,1.8438324553126408,4.411202229558879
RCSZ10,RCSZ10,1,0.25865195242159367,13.058733559100919,14.317385511522513
RCSZ10,SBSZ03,1,0.21617333127173596,0.0,1.216173331271736
RCSZ10,SBSZ04,2,0.18382899033376118,0.0,2.1838289903337613
RCSZ10,SESZ02,1,0.19747295352944305,0.0,1.197472953529443
RCSZ10,SESZ03,3,0.42129786867556485,0.0,3.421297868675565
RCSZ10,SESZ04,1,0.27751260197737615,0.0,1.2775126019773761
RCSZ10,SESZ06,1,0.31632725929480976,0.0,1.3163272592948099
RCSZ10,SGSZ04,2,0.4370764652986906,0.0,2.4370764652986905
RCSZ10,SGSZ06,2,0.29483960100771295,0.0,2.294839601007713
RCSZ10,SISZ01,1,0.08655738857901768,0.0,1.0865573885790176
RCSZ10,SRSZ02,1,0.03853400130190647,0.17635067977807461,1.214884681079981
RCSZ10,TMSZ02,3,0.7028709674613863,0.0,3.7028709674613864
RCSZ10,TMSZ04,3,0.3064318287893176,0.0,3.3064318287893175
RCSZ10,TPSZ01,1,0.07851412370054361,0.0,1.0785141237005436
RCSZ10,TPSZ02,1,0.19363432299048808,0.0,1.193634322990488
RCSZ10,TPSZ03,3,0.1164376531530686,0.0,3.1164376531530684
RCSZ10,TPSZ09,1,0.07304213093390961,0.0,1.0730421309339095
RCSZ10,WDSZ01,1,0.03924622682078702,0.0,1.039246226820787
RCSZ10,WDSZ02,1,0.12657070412952015,0.0,1.12657070412952
RCSZ10,WDSZ03,1,0.23590277274264157,0.0,1.2359027727426415
RCSZ10,WDSZ04,1,0.3103960139063766,0.0,1.3103960139063766
RCSZ10,YSSZ02,1,0.08456333766921094,0.0,1.084563337669211
RCSZ10,YSSZ04,1,0.28851838225791987,0.0,1.2885183822579198
RCSZ10,YSSZ09,2,0.334078148335955,0.0,2.334078148335955
RVSZ01,BTSZ01,1,0.0,0.0,1.0
RVSZ01,JWSZ02,1,0.0,0.0,1.0
RVSZ01,KLSZ02,1,0.0,0.0,1.0
RVSZ01,OTSZ03,1,0.0,0.0,1.0
RVSZ02,JESZ03,1,0.0,0.0,1.0
RVSZ03,BPSZ02,1,0.04779306200764239,0.0,1.0477930620076423
RVSZ03,DTSZ05,1,0.05992660680453308,0.0,1.059926606804533
RVSZ03,DTSZ08,1,0.19680471282680215,0.0,1.1968047128268022
RVSZ03,DTSZ11,2,0.028301295085007266,0.0,2.0283012950850074
RVSZ03,HGSZ06,1,0.16545024727089166,0.0,1.1654502472708916
RVSZ03,JWSZ09,1,0.15912673958044884,0.0,1.1591267395804488
RVSZ03,MUSZ01,1,0.10359285630082693,0.0,1.103592856300827
RVSZ03,OTSZ01,1,0.013164635497950033,0.0,1.01316463549795
RVSZ03,PRSZ03,1,0.17593455839065844,0.0,1.1759345583906584
RVSZ03,WDSZ02,1,0.04990528623516083,0.0,1.0499052862351608
RVSZ04,BDSZ04,1,0.0,0.0,1.0
RVSZ04,KLSZ02,1,0.0,0.0,1.0
RVSZ04,OTSZ03,1,0.0,0.0,1.0
RVSZ04,PRSZ07,1,0.0,0.0,1.0
RVSZ04,QTSZ02,1,0.0,0.0,1.0
RVSZ04,RCSZ05,1,0.0,0.0,1.0
RVSZ05,AMSZ01,1,0.13854946676332716,0.0,1.1385494667633271
RVSZ05,AMSZ04,1,0.005370892130416154,0.0,1.005370892130416
RVSZ05,BSSZ03,1,0.08174145032700204,0.0,1.081741450327002
RVSZ05,DTSZ02,1,0.04353965119818885,0.08672296513273729,1.1302626163309262
RVSZ05,DTSZ08,2,0.02980193561553453,0.7008863498087473,2.7306882854242818
RVSZ05,DTSZ11,1,0.054251305627454345,0.1454337911098304,1.1996850967372847
RVSZ05,GLSZ04,1,0.38730739655198393,0.0,1.387307396551984
RVSZ05,HGSZ06,1,0.1438238569002694,0.0,1.1438238569002694
RVSZ05,JESZ05,1,0.2774622855233499,0.0,1.27746228552335
RVSZ05,JWSZ09,1,0.132304622251704,0.0,1.132304622251704
RVSZ05,MUSZ02,1,0.0,0.0,1.0
RVSZ05,ORSZ02,1,0.2048351856612756,0.0669228322920651,1.2717580179533408
RVSZ05,PRSZ03,1,0.14379413495455498,0.0,1.143794134954555
RVSZ05,QTSZ08,1,0.12357314443535816,0.0,1.1235731444353583
RVSZ05,TNSZ01,1,0.09073160180794004,0.0,1.09073160180794
RVSZ05,YSSZ02,1,0.055200111474261813,0.0,1.0552001114742617
RVSZ05,YSSZ09,1,0.08771295877728125,0.0,1.0877129587772814
SBSZ01,AMSZ01,3,0.6080027766259355,0.0,3.6080027766259355
SBSZ01,AMSZ02,1,0.2773187018507234,0.0,1.2773187018507235
SBSZ01,BDSZ01,1,0.38634493913664725,0.0,1.3863449391366474
SBSZ01,BMSZ03,1,0.29665595076088047,0.0,1.2966559507608806
SBSZ01,BMSZ05,1,0.36305726241991115,0.0,1.363057262419911
SBSZ01,BMSZ12,1,0.19711412423156632,0.0,1.1971141242315664
SBSZ01,BMSZ16,1,0.02881717698175505,0.0,1.0288171769817551
SBSZ01,BSSZ01,6,1.0052050301890119,0.0,7.005205030189012
SBSZ01,BSSZ03,1,0.4086028741603957,0.0,1.4086028741603958
SBSZ01,BTSZ01,1,0.3742889742294696,0.0,1.3742889742294695
SBSZ01,CCSZ01,1,0.14072410719896122,0.0,1.1407241071989613
SBSZ01,CLSZ01,1,0.13122818663753424,0.0,1.1312281866375342
SBSZ01,CLSZ06,1,0.2894487522203949,0.0,1.289448752220395
SBSZ01,CLSZ07,1,0.21983011656411605,0.0,1.219830116564116
SBSZ01,DTSZ01,1,0.3011265546648694,0.0,1.3011265546648694
SBSZ01,DTSZ05,1,0.25095194469360965,0.0,1.2509519446936097
SBSZ01,DTSZ08,1,0.18678229943519248,0.0,1.1867822994351924
SBSZ01,DTSZ10,1,0.06355184737213794,0.0,1.063551847372138
SBSZ01,DTSZ11,1,0.4230844064503531,0.0,1.4230844064503532
SBSZ01,GLSZ02,1,0.2373300774299871,0.0,1.2373300774299871
SBSZ01,GLSZ04,1,0.5631409202016904,0.0,1.5631409202016904
SBSZ01,GLSZ05,1,0.38977019236709126,0.0,1.3897701923670913
SBSZ01,JESZ09,1,0.1812656921767751,0.0,1.181265692176775
SBSZ01,JESZ10,1,0.0,0.0,1.0
SBSZ01,JWSZ01,1,0.06543166353546355,0.0,1.0654316635354635
SBSZ01,KLSZ02,1,0.1445498282327574,0.0,1.1445498282327573
SBSZ01,KLSZ07,1,0.37350872685708236,0.0,1.3735087268570823
SBSZ01,MPSZ03,1,0.3690619977836604,0.0,1.3690619977836604
SBSZ01,MUSZ01,1,0.14505600431584423,0.0,1.1450560043158442
SBSZ01,NVSZ01,1,0.6381808158831179,0.0,1.638180815883118
SBSZ01,NVSZ02,2,1.0640139300269182,0.0,3.0640139300269182
SBSZ01,ORSZ02,2,0.47387497257691147,0.0,2.4738749725769114
SBSZ01,ORSZ03,2,0.32201006582565395,0.0,2.322010065825654
SBSZ01,OTSZ03,3,0.6375839920712553,0.0,3.637583992071255
SBSZ01,OTSZ04,1,0.08634725054971888,0.0,1.086347250549719
SBSZ01,PGSZ02,1,0.2961201355306886,0.0,1.2961201355306886
SBSZ01,PGSZ04,1,0.5505394492158145,0.0,1.5505394492158144
SBSZ01,QTSZ08,1,0.3225976480402921,0.0,1.3225976480402921
SBSZ01,QTSZ09,1,0.03375284093853373,0.0,1.0337528409385337
SBSZ01,QTSZ10,2,0.3951438097540658,0.0,2.3951438097540656
SBSZ01,QTSZ13,1,0.23732405485117394,0.0,1.237324054851174
SBSZ01,QTSZ14,1,0.25947667747316183,0.0,1.2594766774731618
SBSZ01,RCSZ10,1,0.1630722298212404,0.0,1.1630722298212404
SBSZ01,SBSZ01,8,0.5931698291304422,7.517718147101706,16.11088797623215
SBSZ01,SBSZ02,2,0.6233021146558302,2.2624343271840104,4.885736441839841
SBSZ01,SBSZ03,8,1.7751670227525318,4.760469381241772,14.535636403994303
SBSZ01,SBSZ04,2,0.7195093904207726,0.0,2.7195093904207726
SBSZ01,SBSZ05,6,0.16964272176309036,1.7379518965237626,7.907594618286853
SBSZ01,SBSZ06,1,0.17803376627587977,0.6583397015350647,1.8363734678109445
SBSZ01,SESZ03,1,0.5224431110381014,0.0,1.5224431110381014
SBSZ01,SESZ04,1,0.4806210285820742,0.0,1.4806210285820742
SBSZ01,SESZ05,1,0.26634321888018553,0.0,1.2663432188801855
SBSZ01,SGSZ04,1,0.5055123852010805,0.0,1.5055123852010805
SBSZ01,SRSZ02,2,0.13819594391610496,0.0,2.138195943916105
SBSZ01,TNSZ01,1,0.3008669695023164,0.0,1.3008669695023163
SBSZ01,TPSZ01,1,0.22569832351730293,0.0,1.225698323517303
SBSZ01,TPSZ03,1,0.1463417233600145,0.0,1.1463417233600146
SBSZ01,TPSZ06,1,0.3041873541005215,0.0,1.3041873541005216
SBSZ01,TSSZ03,1,0.06752076426925163,0.0,1.0675207642692517
SBSZ01,TSSZ05,1,0.4440414138342642,0.0,1.444041413834264
SBSZ01,WCSZ01,2,0.5710028076836652,0.0,2.5710028076836653
SBSZ01,WDSZ01,1,0.1484564167121887,0.0,1.1484564167121887
SBSZ01,WDSZ02,1,0.6255597654061541,0.0,1.625559765406154
SBSZ01,WDSZ03,1,0.5966220761381485,0.23053932273132405,1.8271613988694728
SBSZ01,WDSZ07,1,0.05048822698010492,0.0,1.050488226980105
SBSZ01,WDSZ08,1,0.30782429942836803,0.0,1.307824299428368
SBSZ01,WDSZ09,1,0.16316804967368848,0.0,1.1631680496736885
SBSZ01,YSSZ01,8,0.725640156313751,2.5251704237221166,11.250810580035868
SBSZ01,YSSZ02,2,0.5009375624909238,2.223525231422758,4.724462793913681
SBSZ01,YSSZ03,1,0.7125517096035788,0.2580982040697867,1.9706499136733657
SBSZ01,YSSZ04,1,0.5677460371066857,0.4913267038722274,2.0590727409789134
SBSZ01,YSSZ06,1,0.18129271280629516,0.0,1.181292712806295
SBSZ01,YSSZ09,3,1.4868240971734896,2.3403864079371335,6.827210505110623
SBSZ02,AMSZ01,1,0.37908452744550014,0.0,1.3790845274455001
SBSZ02,AMSZ06,1,0.45795775701767655,0.0,1.4579577570176765
SBSZ02,AMSZ08,1,0.08036660006066217,0.0,1.0803666000606622
SBSZ02,BMSZ02,1,0.13984184554558843,0.0,1.1398418455455883
SBSZ02,BMSZ05,1,0.32957404665646955,0.0,1.3295740466564696
SBSZ02,BMSZ17,2,0.10224755970273547,0.0,2.1022475597027355
SBSZ02,CLSZ06,1,0.27414612294386154,0.0,1.2741461229438615
SBSZ02,DTSZ02,1,0.15889930097329902,0.0,1.158899300973299
SBSZ02,DTSZ06,1,0.049268690103869604,0.0,1.0492686901038697
SBSZ02,DTSZ08,1,0.11859466840476052,0.0,1.1185946684047605
SBSZ02,DTSZ11,1,0.32456220209693654,0.0,1.3245622020969365
SBSZ02,GLSZ05,1,0.27883946721413144,0.0,1.2788394672141314
SBSZ02,JESZ05,2,0.7626670266687094,0.0,2.7626670266687094
SBSZ02,KLSZ07,1,0.2961549914760453,0.0,1.2961549914760453
SBSZ02,MDSZ02,1,0.07673528816902651,0.0,1.0767352881690264
SBSZ02,NVSZ02,1,0.4263279451948507,0.0,1.4263279451948507
SBSZ02,OTSZ01,1,0.02286128070366563,0.0,1.0228612807036657
SBSZ02,OTSZ03,1,0.30391002508965875,0.0,1.3039100250896587
SBSZ02,PNSZ02,2,0.0,0.0,2.0
SBSZ02,QTSZ08,1,0.26806734664126625,0.0,1.2680673466412662
SBSZ02,RCSZ05,1,0.060959460849601396,0.0,1.0609594608496014
SBSZ02,SBSZ01,2,1.3394018995533903,1.008684543319362,4.348086442872752
SBSZ02,SBSZ02,1,0.1340063587400728,2.3564143922170997,3.4904207509571723
SBSZ02,SBSZ03,1,0.6921381109773088,0.5067023624615985,2.1988404734389073
SBSZ02,SBSZ04,2,0.6449983438889714,0.5760372447897429,3.2210355886787143
SBSZ02,SBSZ06,1,0.14738800126660914,0.34183062719939256,1.4892186284660016
SBSZ02,SGSZ02,1,0.11477817800137556,0.0,1.1147781780013755
SBSZ02,SKSZ01,1,0.1274052258466622,0.0,1.1274052258466623
SBSZ02,WDSZ02,1,0.3442157981808189,0.0,1.344215798180819
SBSZ02,WDSZ03,1,0.5808005161986591,0.12982437772877506,1.7106248939274342
SBSZ02,YSSZ01,2,0.29887397771379653,0.44821778312487337,2.74709176083867
SBSZ02,YSSZ02,2,0.36501507101936087,0.6808037832042703,3.045818854223631
SBSZ02,YSSZ09,3,1.2999123656529081,0.9531536345946363,5.253066000247545
SBSZ03,AMSZ01,5,1.1628418620979937,0.0,6.162841862097993
SBSZ03,AMSZ02,2,0.564360458493522,0.0,2.564360458493522
SBSZ03,AMSZ08,1,0.1784363870652506,0.0,1.1784363870652506
SBSZ03,AMSZ09,1,0.2867351981110486,0.0,1.2867351981110486
SBSZ03,AMSZ10,5,0.6985634124758774,0.0,5.6985634124758775
SBSZ03,AMSZ11,1,0.04650203943861907,0.0,1.046502039438619
SBSZ03,AMSZ12,1,0.20488587900325253,0.0,1.2048858790032526
SBSZ03,BDSZ03,1,0.4726487747688805,0.0,1.4726487747688806
SBSZ03,BDSZ04,2,0.5166108448442868,0.0,2.516610844844287
SBSZ03,BKSZ09,2,0.5364498826546844,0.0,2.5364498826546846
SBSZ03,BMSZ03,2,0.4160806593968014,0.0,2.416080659396801
SBSZ03,BMSZ04,1,0.1693315723523997,0.0,1.1693315723523998
SBSZ03,BMSZ05,2,0.9726836750262982,0.0,2.972683675026298
SBSZ03,BMSZ08,1,0.18560957604649972,0.0,1.1856095760464997
SBSZ03,BMSZ12,1,0.2555826175532248,0.0,1.2555826175532248
SBSZ03,BMSZ16,1,0.047837949558789276,0.0,1.0478379495587893
SBSZ03,BPSZ04,1,0.3222610627353708,0.0,1.3222610627353708
SBSZ03,BSSZ01,5,1.2122457467649213,0.0,6.212245746764921
SBSZ03,BSSZ02,1,0.4713730253891888,0.0,1.4713730253891888
SBSZ03,BTSZ01,1,0.4331419613168235,0.0,1.4331419613168235
SBSZ03,BTSZ03,1,0.19960191734106622,0.0,1.1996019173410661
SBSZ03,CKSZ01,1,0.36919956797856146,0.0,1.3691995679785616
SBSZ03,CKSZ03,3,1.193081924115729,0.0,4.193081924115729
SBSZ03,CKSZ05,2,0.3742062855245167,0.0,2.3742062855245165
SBSZ03,CKSZ06,1,0.35870600722470464,0.0,1.3587060072247046
SBSZ03,CLSZ03,2,0.523619048112343,0.0,2.523619048112343
SBSZ03,CLSZ04,1,0.29486829421569577,0.0,1.2948682942156957
SBSZ03,DTSZ01,1,0.34738416801622296,0.0,1.347384168016223
SBSZ03,DTSZ02,2,0.8430039494512096,0.0,2.8430039494512096
SBSZ03,DTSZ03,2,0.7882795847093919,0.0,2.7882795847093917
SBSZ03,DTSZ05,8,0.498374337315488,0.0,8.498374337315488
SBSZ03,DTSZ08,3,0.2130438407818004,0.0,3.2130438407818005
SBSZ03,DTSZ09,1,0.16817190276657779,0.0,1.1681719027665778
SBSZ03,DTSZ10,1,0.04721774396747999,0.0,1.04721774396748
SBSZ03,DTSZ11,4,0.5119375686958703,0.0,4.5119375686958705
SBSZ03,DTSZ12,1,0.20743333008603124,0.0,1.2074333300860312
SBSZ03,GLSZ02,1,0.2662163006276465,0.0,1.2662163006276466
SBSZ03,GLSZ03,1,0.4952595144747198,0.0,1.4952595144747198
SBSZ03,GLSZ05,2,0.5896255525977512,0.0,2.5896255525977514
SBSZ03,JESZ05,6,0.5962259883652522,0.0,6.596225988365252
SBSZ03,JWSZ02,1,0.30196608690606297,0.0,1.301966086906063
SBSZ03,JWSZ04,1,0.42088497332630265,0.0,1.4208849733263027
SBSZ03,JWSZ05,2,0.07839562466864108,0.0,2.0783956246686413
SBSZ03,JWSZ08,2,0.8533233919700157,0.0,2.8533233919700156
SBSZ03,KLSZ01,1,0.5380123732181176,0.0,1.5380123732181175
SBSZ03,KLSZ05,1,0.22966494234530316,0.0,1.2296649423453032
SBSZ03,KLSZ06,2,0.4491203316670836,0.0,2.4491203316670838
SBSZ03,KLSZ09,1,0.065622412089576,0.0,1.065622412089576
SBSZ03,MUSZ01,4,0.1695519513998816,0.0,4.169551951399882
SBSZ03,NTSZ03,2,0.13994393774087224,0.0,2.139943937740872
SBSZ03,NVSZ01,1,0.6902616442592121,0.0,1.6902616442592122
SBSZ03,NVSZ02,3,0.8839324281739853,0.0,3.8839324281739853
SBSZ03,NVSZ03,1,0.12449439251572351,0.0,1.1244943925157236
SBSZ03,ORSZ02,3,0.6673226659315458,0.0,3.667322665931546
SBSZ03,ORSZ03,2,0.4128668112335361,0.0,2.412866811233536
SBSZ03,OTSZ01,1,0.04517372603487188,0.0,1.045173726034872
SBSZ03,OTSZ03,2,0.6832244849873229,0.0,2.683224484987323
SBSZ03,OTSZ04,1,0.10448819268106933,0.0,1.1044881926810692
SBSZ03,PGSZ04,1,0.49770254533780434,0.0,1.4977025453378043
SBSZ03,PLSZ04,1,0.05182467491555687,0.0,1.0518246749155569
SBSZ03,PNSZ01,1,0.12822901647299972,0.0,1.1282290164729998
SBSZ03,PRSZ06,1,0.17908261345941548,0.0,1.1790826134594155
SBSZ03,QTSZ04,1,0.07325149996691216,0.0,1.0732514999669123
SBSZ03,QTSZ08,2,0.4819341190391793,0.0,2.4819341190391793
SBSZ03,QTSZ09,1,0.0372040412450651,0.0,1.0372040412450652
SBSZ03,QTSZ10,4,0.6331768999695654,0.0,4.633176899969565
SBSZ03,QTSZ11,5,0.5563211336381649,0.0,5.556321133638165
SBSZ03,QTSZ12,1,0.1918164425081069,0.0,1.1918164425081068
SBSZ03,QTSZ13,2,0.4247150082633216,0.0,2.4247150082633215
SBSZ03,QTSZ14,3,0.3529214076952651,0.0,3.352921407695265
SBSZ03,RCSZ01,1,0.13405561884658126,0.0,1.1340556188465813
SBSZ03,RCSZ08,1,0.0,0.0,1.0
SBSZ03,RCSZ10,1,0.16864142435903062,0.0,1.1686414243590306
SBSZ03,SBSZ01,3,2.164579321696799,1.5818224914198056,6.746401813116604
SBSZ03,SBSZ02,1,0.7300199375709902,0.8965286059978701,2.6265485435688603
SBSZ03,SBSZ03,13,3.9232018259561237,26.75499586555956,43.678197691515685
SBSZ03,SBSZ04,14,4.589904133884164,7.977595602021537,26.567499735905702
SBSZ03,SBSZ05,2,0.30257882037288,0.3546823770854598,2.6572611974583396
SBSZ03,SBSZ08,1,0.26574885422936084,0.0,1.265748854229361
SBSZ03,SBSZ09,1,1.6643318130033076,0.8277447608614271,3.492076573864735
SBSZ03,SESZ03,2,0.7524415588415784,0.0,2.7524415588415785
SBSZ03,SESZ05,1,0.36081322434566077,0.0,1.3608132243456608
SBSZ03,SGSZ02,1,0.1498018584577625,0.0,1.1498018584577625
SBSZ03,SGSZ04,1,0.545978595060668,0.0,1.5459785950606681
SBSZ03,SISZ01,1,0.4131906044702998,0.0,1.4131906044702998
SBSZ03,SKSZ01,1,0.15397636240451018,0.0,1.15397636240451
SBSZ03,SLSZ01,1,0.26520589277156764,0.0,1.2652058927715677
SBSZ03,THSZ01,1,0.0,0.0,1.0
SBSZ03,TMSZ02,3,0.8563606790562175,0.0,3.8563606790562175
SBSZ03,TMSZ05,1,0.49414555358489276,0.0,1.4941455535848926
SBSZ03,TNSZ01,1,0.31568031825956666,0.0,1.3156803182595667
SBSZ03,TNSZ04,1,0.17412781818335377,0.0,1.1741278181833539
SBSZ03,TPSZ02,1,0.38419460729826155,0.0,1.3841946072982616
SBSZ03,TSSZ03,1,0.07714892429106082,0.0,1.0771489242910608
SBSZ03,TSSZ06,3,0.09429888797947729,0.0,3.0942988879794773
SBSZ03,WCSZ01,3,0.7089402764257102,0.0,3.70894027642571
SBSZ03,WDSZ01,3,0.23971034806077615,0.0,3.2397103480607763
SBSZ03,WDSZ02,7,1.3239100431243762,2.199434780435234,10.523344823559611
SBSZ03,WDSZ03,6,1.6395386455956125,1.4817661798015014,9.121304825397115
SBSZ03,WDSZ04,2,0.6828131270797322,0.7868513856921797,3.469664512771912
SBSZ03,WDSZ06,2,0.48302936542083974,0.0,2.4830293654208395
SBSZ03,WDSZ08,2,0.5630688087677089,0.19391417560646076,2.75698298437417
SBSZ03,YSSZ01,16,1.2483594826717743,6.106402958720956,23.35476244139273
SBSZ03,YSSZ02,1,0.5909175558617119,0.4991085894879415,2.0900261453496536
SBSZ03,YSSZ03,2,1.2890647606577368,0.0,3.2890647606577366
SBSZ03,YSSZ04,1,0.47011227400039246,0.0,1.4701122740003925
SBSZ03,YSSZ08,2,0.2812567869880063,0.17085133719403572,2.452108124182042
SBSZ03,YSSZ09,12,1.9927827052900826,4.181189768273846,18.17397247356393
SBSZ04,AMSZ01,5,0.6694852887442746,0.0,5.669485288744275
SBSZ04,AMSZ11,1,0.037864698071061645,0.0,1.0378646980710617
SBSZ04,BDSZ01,1,0.31098673388735865,0.0,1.3109867338873586
SBSZ04,BDSZ02,1,0.3548435061608084,0.0,1.3548435061608084
SBSZ04,BMSZ01,2,0.49286930478289714,0.0,2.4928693047828974
SBSZ04,BMSZ02,1,0.16281518502012202,0.0,1.162815185020122
SBSZ04,BSSZ01,1,0.40220262069963825,0.0,1.4022026206996383
SBSZ04,BTSZ01,2,0.4679350919406324,0.0,2.467935091940632
SBSZ04,CLSZ01,1,0.11219910882666956,0.0,1.1121991088266696
SBSZ04,DTSZ01,2,0.343117021027172,0.0,2.343117021027172
SBSZ04,DTSZ02,2,0.6036804565669891,0.0,2.6036804565669893
SBSZ04,DTSZ03,2,0.7118135269740056,0.0,2.7118135269740056
SBSZ04,DTSZ05,3,1.2143244524616579,0.0,4.214324452461658
SBSZ04,DTSZ09,1,0.15352765411999694,0.0,1.153527654119997
SBSZ04,DTSZ11,2,0.45361568822618764,0.0,2.4536156882261877
SBSZ04,GLSZ01,1,0.3450254012316496,0.0,1.3450254012316496
SBSZ04,GLSZ02,1,0.18154852459209608,0.0,1.181548524592096
SBSZ04,GLSZ03,1,0.28976244775087295,0.0,1.289762447750873
SBSZ04,GLSZ04,2,0.6719477082809856,0.0,2.6719477082809857
SBSZ04,GLSZ05,1,0.3267337953425001,0.0,1.3267337953425
SBSZ04,JESZ05,2,0.5506026556628956,0.0,2.5506026556628956
SBSZ04,JESZ08,1,0.08023453240877301,0.0,1.080234532408773
SBSZ04,JWSZ08,1,0.47844767447106923,0.0,1.4784476744710693
SBSZ04,KLSZ01,1,0.3745731944112428,0.0,1.374573194411243
SBSZ04,KLSZ08,2,0.3411129395215575,0.0,2.3411129395215573
SBSZ04,NVSZ01,1,0.5459683549360634,0.0,1.5459683549360634
SBSZ04,ORSZ02,2,0.39116805869148213,0.0,2.3911680586914823
SBSZ04,ORSZ03,2,0.34498810450985473,0.0,2.344988104509855
SBSZ04,OTSZ03,3,1.4130773885248593,0.0,4.41307738852486
SBSZ04,OTSZ04,1,0.0707986966457565,0.0,1.0707986966457566
SBSZ04,PGSZ02,1,0.24312459268444384,0.0,1.2431245926844439
SBSZ04,QTSZ06,1,0.1299008314192312,0.0,1.1299008314192311
SBSZ04,QTSZ08,2,0.44763933420784247,0.0,2.4476393342078424
SBSZ04,QTSZ11,4,0.4094798561255939,0.0,4.409479856125594
SBSZ04,QTSZ14,1,0.20686464030982665,0.0,1.2068646403098267
SBSZ04,RCSZ09,1,0.10940596675377849,0.0,1.1094059667537786
SBSZ04,RCSZ10,1,0.1662621968012648,0.0,1.1662621968012647
SBSZ04,SBSZ01,1,0.5363539197927372,0.4234999908850848,1.9598539106778219
SBSZ04,SBSZ03,16,1.9723481437442165,11.626370809553432,29.59871895329765
SBSZ04,SBSZ04,2,0.8561033440478586,7.39225627946132,10.248359623509177
SBSZ04,SBSZ05,1,0.124050713857264,0.27911077191304945,1.4031614857703134
SBSZ04,SBSZ08,2,0.8205471030024759,0.0,2.820547103002476
SBSZ04,SGSZ03,1,0.3393245019324778,0.0,1.3393245019324778
SBSZ04,SGSZ06,1,0.30837739365729316,0.0,1.308377393657293
SBSZ04,SKSZ03,1,0.08898269442349371,0.0,1.0889826944234937
SBSZ04,SRSZ02,1,0.05441560175965646,0.0,1.0544156017596564
SBSZ04,TMSZ02,1,0.41029150585585816,0.0,1.410291505855858
SBSZ04,TMSZ04,1,0.20783280392889628,0.0,1.2078328039288964
SBSZ04,TMSZ05,1,0.3086618041492358,0.0,1.3086618041492357
SBSZ04,TPSZ01,1,0.25412584188495235,0.0,1.2541258418849524
SBSZ04,TPSZ02,1,0.31087731879741326,0.0,1.3108773187974132
SBSZ04,TPSZ05,1,0.09924078420103563,0.0,1.0992407842010357
SBSZ04,WCSZ01,3,0.499923862318731,0.0,3.499923862318731
SBSZ04,WDSZ01,2,0.3574042695032306,0.0,2.3574042695032307
SBSZ04,WDSZ02,5,0.7403018172541197,1.9752069087009685,7.715508725955089
SBSZ04,WDSZ03,3,1.1498777936554512,0.8251333271878664,4.975011120843317
SBSZ04,WDSZ06,2,0.6385799715794325,0.0,2.6385799715794325
SBSZ04,WDSZ08,2,0.34810602069147883,0.18384355769970528,2.531949578391184
SBSZ04,YSSZ01,3,0.6481424399222641,0.0,3.648142439922264
SBSZ04,YSSZ02,1,0.23765440401924945,0.5968868288434743,1.8345412328627237
SBSZ04,YSSZ03,2,1.1827714464493242,0.0,3.1827714464493244
SBSZ04,YSSZ08,1,0.17752560776614545,0.0,1.1775256077661456
SBSZ04,YSSZ09,3,0.7182316590107873,1.7036613749219796,5.421893033932767
SBSZ05,BDSZ01,1,0.062098739714447286,0.0,1.0620987397144472
SBSZ05,BMSZ07,1,0.06635656462712507,0.0,1.0663565646271251
SBSZ05,BPSZ07,1,0.021866487870068837,0.0,1.0218664878700687
SBSZ05,BTSZ01,1,0.10173332445819405,0.0,1.101733324458194
SBSZ05,CKSZ03,1,0.12165609841215305,0.0,1.121656098412153
SBSZ05,CLSZ09,1,0.011478867041064041,0.0,1.011478867041064
SBSZ05,DTSZ01,1,0.06503633984054072,0.0,1.0650363398405407
SBSZ05,DTSZ03,1,0.06916082348254898,0.0,1.069160823482549
SBSZ05,DTSZ05,1,0.06595167369420842,0.0,1.0659516736942085
SBSZ05,DTSZ08,1,0.019280593110252913,0.0,1.0192805931102529
SBSZ05,DTSZ12,1,0.045002462768761256,0.0,1.0450024627687613
SBSZ05,GLSZ04,1,0.1180786316549208,0.0,1.1180786316549207
SBSZ05,JESZ05,2,0.17834845839108857,0.0,2.1783484583910884
SBSZ05,KLSZ06,1,0.10252446910211545,0.0,1.1025244691021154
SBSZ05,MUSZ03,1,0.02577653145254726,0.0,1.0257765314525473
SBSZ05,NVSZ02,1,0.13782217738584338,0.0,1.1378221773858435
SBSZ05,ORSZ02,2,0.1278382421701316,0.0,2.1278382421701316
SBSZ05,OTSZ04,1,0.01523319412529913,0.0,1.0152331941252992
SBSZ05,PGSZ04,1,0.09300560371379346,0.0,1.0930056037137934
SBSZ05,QTSZ08,2,0.12352087399153015,0.0,2.1235208739915303
SBSZ05,QTSZ11,1,0.04171418721303988,0.0,1.04171418721304
SBSZ05,QTSZ14,1,0.04007534664164961,0.0,1.0400753466416497
SBSZ05,SBSZ01,3,0.29687361387369643,0.8167795876630779,4.113653201536774
SBSZ05,SBSZ02,1,0.032087458205188324,0.0,1.0320874582051882
SBSZ05,SBSZ03,4,0.34491722195848695,2.100018524100303,6.44493574605879
SBSZ05,SBSZ04,2,0.48351174375296146,1.0974196952071555,3.580931438960117
SBSZ05,SBSZ05,1,0.10713338336194561,7.366288991733707,8.473422375095652
SBSZ05,SBSZ08,1,0.04542703518912881,0.0,1.0454270351891288
SBSZ05,SESZ04,1,0.15577100851060136,0.0,1.1557710085106014
SBSZ05,SISZ01,1,0.06258590142145605,0.0,1.062585901421456
SBSZ05,WDSZ04,1,0.15875055648516634,0.0,1.1587505564851663
SBSZ05,WDSZ08,1,0.03791637446898705,0.09501235034365602,1.132928724812643
SBSZ05,YSSZ01,2,0.08909980373229101,0.32360254535302063,2.4127023490853117
SBSZ05,YSSZ04,2,0.3746645976096324,0.0,2.3746645976096326
SBSZ05,YSSZ09,1,0.1577016105686295,0.2037422171641294,1.361443827732759
SBSZ06,AMSZ07,1,0.0,0.0,1.0
SBSZ06,BDSZ01,1,0.0,0.0,1.0
SBSZ06,BKSZ07,1,0.0,0.0,1.0
SBSZ06,QTSZ08,3,0.0,0.0,3.0
SBSZ06,SBSZ01,1,0.0,2.00047672949331,3.00047672949331
SBSZ06,WDSZ09,1,0.0,0.0,1.0
SBSZ07,CKSZ06,1,0.28559854808172713,0.0,1.2855985480817271
SBSZ07,SBSZ01,1,0.6562810847143664,0.0,1.6562810847143665
SBSZ07,YSSZ03,1,0.5932863457092452,0.0,1.5932863457092452
SBSZ07,YSSZ09,1,0.46483402149422104,0.0,1.464834021494221
SBSZ08,AMSZ01,1,0.15557348281198247,0.0,1.1555734828119824
SBSZ08,AMSZ03,2,0.07414881203267162,0.0,2.0741488120326714
SBSZ08,BKSZ04,1,0.09297021460689943,0.0,1.0929702146068994
SBSZ08,BMSZ01,1,0.14604890553953723,0.0,1.1460489055395373
SBSZ08,CKSZ03,1,0.2776794184525113,0.0,1.2776794184525113
SBSZ08,CKSZ06,1,0.13685567242233107,0.0,1.136855672422331
SBSZ08,GLSZ02,1,0.066814160872005,0.0,1.066814160872005
SBSZ08,PRSZ02,1,0.11524308524176248,0.0,1.1152430852417625
SBSZ08,SBSZ03,1,0.2660721632661958,0.0,1.2660721632661958
SBSZ08,SBSZ04,1,0.865244563987399,0.0,1.8652445639873991
SBSZ08,SBSZ05,1,0.04800267192601599,0.0,1.048002671926016
SBSZ08,SESZ04,1,0.19952803380661743,0.0,1.1995280338066174
SBSZ08,SESZ05,1,0.12053637283761466,0.0,1.1205363728376148
SBSZ08,SESZ06,1,0.2590775249212959,0.0,1.2590775249212958
SBSZ08,SGSZ03,1,0.12146759808204208,0.0,1.121467598082042
SBSZ08,WDSZ02,1,0.19260339587874833,0.0,1.1926033958787483
SBSZ08,WDSZ05,1,0.28393654120007383,0.0,1.2839365412000738
SBSZ08,YSSZ01,1,0.14983948273608239,0.0,1.1498394827360823
SBSZ08,YSSZ02,1,0.12927171319611608,0.0,1.129271713196116
SBSZ08,YSSZ09,1,0.29908618618160704,0.0,1.299086186181607
SBSZ09,AMSZ02,1,0.15591021591156407,0.0,1.1559102159115642
SBSZ09,AMSZ04,1,0.017287084968001624,0.0,1.0172870849680016
SBSZ09,BKSZ06,1,0.08030134132148666,0.0,1.0803013413214866
SBSZ09,CKSZ01,1,0.31816934426715393,0.0,1.318169344267154
SBSZ09,CKSZ06,1,0.13435439106168257,0.0,1.1343543910616827
SBSZ09,HGSZ01,1,0.10587513068812675,0.0,1.1058751306881267
SBSZ09,HGSZ05,1,0.24159728763397847,0.0,1.2415972876339785
SBSZ09,NVSZ02,1,0.3056109537152057,0.0,1.3056109537152056
SBSZ09,SBSZ03,1,0.35368540565266854,0.031246955581068235,1.3849323612337368
SBSZ09,SBSZ09,2,2.0165212676827937,1.8237103855780163,5.84023165326081
SBSZ09,SESZ03,2,0.2422017540392679,0.0,2.242201754039268
SBSZ09,WDSZ01,1,0.06600470478472184,0.0045466191689991385,1.070551323953721
SBSZ09,WDSZ02,2,0.3566727108408203,0.02231647483259017,2.3789891856734107
SBSZ09,WDSZ03,8,1.5230569240390521,0.08179512187786898,9.604852045916921
SBSZ09,WDSZ04,2,0.3050971426213608,0.03686333490669371,2.3419604775280547
SBSZ09,WDSZ05,1,0.4064820880476722,0.0,1.4064820880476723
SBSZ09,WDSZ06,1,0.2392656637586154,0.0,1.2392656637586155
SBSZ09,YSSZ01,1,0.1319065889634614,0.0,1.1319065889634614
SESZ02,AMSZ01,1,0.7315555386455277,0.0,1.7315555386455277
SESZ02,AMSZ10,2,0.4799724217854428,0.0,2.4799724217854426
SESZ02,AMSZ12,2,0.34295169655108526,0.0,2.3429516965510855
SESZ02,BDSZ01,2,1.1988381349669228,0.0,3.198838134966923
SESZ02,BDSZ02,1,0.9367508720659845,0.0,1.9367508720659845
SESZ02,BDSZ04,1,0.9528921835217377,0.0,1.9528921835217377
SESZ02,BLSZ02,1,0.12069831287313842,0.0,1.1206983128731385
SESZ02,BMSZ01,2,0.5380072211489881,0.0,2.5380072211489884
SESZ02,BMSZ07,1,0.6034201244695941,0.0,1.603420124469594
SESZ02,BMSZ12,1,0.5259115499306981,0.0,1.525911549930698
SESZ02,BSSZ01,4,1.9052461522477677,0.0,5.905246152247768
SESZ02,BSSZ03,1,0.7176383957446283,0.0,1.7176383957446282
SESZ02,BTSZ07,1,0.2356337210859716,0.0,1.2356337210859716
SESZ02,CHSZ03,2,1.0997652461511922,0.0,3.0997652461511924
SESZ02,CLSZ01,3,0.5051079474790134,0.0,3.505107947479013
SESZ02,CLSZ04,2,0.4392001429752448,0.0,2.4392001429752446
SESZ02,CLSZ06,1,0.40069573493630883,0.0,1.400695734936309
SESZ02,CLSZ09,2,0.18095335444261942,0.0,2.1809533544426194
SESZ02,DTSZ02,3,0.6691692372491734,0.0,3.6691692372491733
SESZ02,DTSZ03,3,1.434281854769597,0.0,4.434281854769597
SESZ02,DTSZ05,4,0.9726918252367172,0.0,4.972691825236717
SESZ02,DTSZ08,1,0.3543194537957512,0.0,1.3543194537957512
SESZ02,DTSZ11,3,0.5754932843809483,0.0,3.5754932843809484
SESZ02,GLSZ01,1,0.3485336777831982,0.0,1.3485336777831982
SESZ02,GLSZ02,2,0.47594728308627454,0.0,2.4759472830862745
SESZ02,GLSZ03,2,1.040995853449843,0.0,3.040995853449843
SESZ02,HGSZ01,3,0.9242953856843881,0.3976465511246235,4.3219419368090115
SESZ02,HGSZ04,2,1.2192989452015401,0.7318872897020989,3.9511862349036395
SESZ02,HGSZ06,2,1.4697464859756226,0.0,3.4697464859756226
SESZ02,HGSZ07,2,0.6306186750724246,0.0,2.6306186750724248
SESZ02,JESZ05,2,0.7111844440734495,0.0,2.7111844440734494
SESZ02,JESZ06,1,0.11377738866054996,0.0,1.11377738866055
SESZ02,JWSZ08,3,1.0596080136453039,0.0,4.059608013645304
SESZ02,JWSZ09,1,0.4740015821287479,0.0,1.4740015821287478
SESZ02,KLSZ01,1,0.7009821991003158,0.0,1.7009821991003158
SESZ02,KLSZ03,1,0.06791844358208174,0.0,1.0679184435820817
SESZ02,KLSZ04,1,0.0,0.0,1.0
SESZ02,KLSZ05,1,0.2720388981147399,0.0,1.27203889811474
SESZ02,KLSZ06,3,0.6549883698089111,0.0,3.654988369808911
SESZ02,KLSZ07,2,0.6733382413504093,0.0,2.673338241350409
SESZ02,KLSZ08,3,0.7051862277594408,0.0,3.705186227759441
SESZ02,KLSZ09,2,0.1553938185932628,0.0,2.1553938185932626
SESZ02,MPSZ01,3,0.597677260895934,0.0,3.597677260895934
SESZ02,MPSZ03,1,0.6576450118316267,0.0,1.6576450118316268
SESZ02,MUSZ01,3,0.29266668339360635,0.0,3.2926666833936062
SESZ02,MUSZ02,1,0.0,0.0,1.0
SESZ02,MUSZ03,1,0.06386257934539878,0.0,1.0638625793453989
SESZ02,NTSZ03,2,0.1923564577989152,0.0,2.1923564577989154
SESZ02,NVSZ02,4,1.1858807981223571,0.0,5.185880798122357
SESZ02,ORSZ02,1,0.2980170058099836,0.0,1.2980170058099836
SESZ02,ORSZ03,2,0.40111706288391963,0.0,2.4011170628839196
SESZ02,OTSZ01,1,0.050403236509813536,0.0,1.0504032365098135
SESZ02,OTSZ03,7,0.9384533311393947,0.0,7.938453331139395
SESZ02,PGSZ01,1,0.552840321221693,0.0,1.552840321221693
SESZ02,PGSZ02,8,3.012498164570314,0.7537414259396802,11.766239590509993
SESZ02,PGSZ03,1,0.6817793622988335,0.4213994215806262,2.10317878387946
SESZ02,PGSZ04,3,2.487617489875549,1.946836952585693,7.434454442461242
SESZ02,PLSZ04,3,0.1983762778350789,0.0,3.198376277835079
SESZ02,PRSZ02,1,0.8293851104453384,0.0,1.8293851104453385
SESZ02,PRSZ03,4,1.3218982473636056,0.0,5.321898247363606
SESZ02,PRSZ05,1,1.1464879648664381,0.0,2.146487964866438
SESZ02,QTSZ03,1,0.1246883449128777,0.0,1.1246883449128777
SESZ02,QTSZ06,1,0.19380134599472068,0.0,1.1938013459947208
SESZ02,QTSZ08,4,1.2132247217595133,0.0,5.213224721759513
SESZ02,QTSZ10,1,0.38732275938729976,0.0,1.3873227593872999
SESZ02,QTSZ13,2,0.46565262654068296,0.0,2.465652626540683
SESZ02,QTSZ15,1,0.17721335662415497,0.0,1.177213356624155
SESZ02,RCSZ01,2,0.267221364027993,0.0,2.267221364027993
SESZ02,RCSZ08,1,0.0,0.0,1.0
SESZ02,RCSZ10,1,0.23629944512360893,0.0,1.236299445123609
SESZ02,SESZ02,14,8.807092142678824,36.05809896570699,58.865191108385815
SESZ02,SESZ03,27,4.735755853197384,4.538046610426695,36.27380246362408
SESZ02,SESZ04,8,3.5591395589970034,2.342310010857362,13.901449569854366
SESZ02,SESZ05,1,0.8809641876622059,0.4677211789353072,2.348685366597513
SESZ02,SESZ06,4,2.2470209490523274,1.3407973651941967,7.587818314246524
SESZ02,SGSZ03,1,0.5889700804296445,0.0,1.5889700804296445
SESZ02,SGSZ04,2,1.2596955556008191,0.0,3.2596955556008194
SESZ02,SGSZ06,3,0.8767060158579757,0.0,3.876706015857976
SESZ02,SRSZ01,1,0.342283339623054,0.0,1.342283339623054
SESZ02,SRSZ03,1,0.19831715174057776,0.0,1.1983171517405777
SESZ02,TMSZ01,2,0.9533984704555478,0.0,2.953398470455548
SESZ02,TMSZ02,1,1.0068425374077254,0.0,2.0068425374077252
SESZ02,TMSZ03,2,1.6314731497451471,0.0,3.631473149745147
SESZ02,TMSZ04,1,0.7336134873823484,0.0,1.7336134873823483
SESZ02,TMSZ05,4,1.209865866950224,0.0,5.209865866950224
SESZ02,TNSZ01,1,0.3726608773781295,0.0,1.3726608773781295
SESZ02,TNSZ04,1,0.20846805534189802,0.0,1.208468055341898
SESZ02,TPSZ03,1,0.23090892389364348,0.0,1.2309089238936435
SESZ02,TPSZ06,2,0.7846747550116709,0.0,2.784674755011671
SESZ02,TPSZ08,1,0.1536795503982011,0.0,1.1536795503982011
SESZ02,TPSZ12,1,0.3113330724588909,0.0,1.311333072458891
SESZ02,WCSZ01,1,0.45127787976364386,0.0,1.4512778797636439
SESZ02,WDSZ08,1,0.255169020761263,0.0,1.255169020761263
SESZ02,WDSZ09,1,0.20880026071667301,0.0,1.208800260716673
SESZ02,YSSZ01,4,0.4108860764909065,0.0,4.410886076490907
SESZ02,YSSZ04,1,0.46383095193236346,0.0,1.4638309519323633
SESZ02,YSSZ08,1,0.17000169955892208,0.0,1.170001699558922
SESZ02,YSSZ09,3,1.3537358594315678,0.0,4.353735859431568
SESZ03,AMSZ01,5,1.5157746943392345,0.0,6.5157746943392345
SESZ03,AMSZ02,1,0.44627453221684216,0.0,1.4462745322168422
SESZ03,AMSZ03,1,0.39819729495238865,0.0,1.3981972949523886
SESZ03,BDSZ01,1,0.8239459081683184,0.0,1.8239459081683185
SESZ03,BDSZ03,1,0.9795737494991624,0.0,1.9795737494991625
SESZ03,BDSZ04,2,1.1245767315549362,0.0,3.124576731554936
SESZ03,BDSZ06,1,0.858480412354593,0.0,1.858480412354593
SESZ03,BKSZ01,1,0.16568619410270607,0.0,1.1656861941027061
SESZ03,BKSZ03,1,0.2582936510933345,0.0,1.2582936510933345
SESZ03,BLSZ02,1,0.12238820009039557,0.0,1.1223882000903955
SESZ03,BMSZ01,8,1.4969320214860682,0.0,9.496932021486067
SESZ03,BMSZ04,1,0.30817905651520133,0.0,1.3081790565152014
SESZ03,BMSZ05,3,0.7023426510610398,0.0,3.7023426510610395
SESZ03,BMSZ06,1,0.3931799445246939,0.0,1.393179944524694
SESZ03,BMSZ07,2,0.8578094099364816,0.0,2.8578094099364817
SESZ03,BMSZ08,1,0.3074131236790059,0.0,1.3074131236790059
SESZ03,BMSZ10,1,0.07188667849661974,0.0,1.0718866784966197
SESZ03,BMSZ12,1,0.5062099661165727,0.0,1.5062099661165727
SESZ03,BMSZ13,2,0.27525702961910004,0.0,2.2752570296191
SESZ03,BMSZ17,4,0.3012930117322172,0.0,4.301293011732217
SESZ03,BSSZ01,1,1.1856584166286472,0.0,2.1856584166286472
SESZ03,BSSZ02,2,1.008151738139514,0.0,3.0081517381395138
SESZ03,BTSZ01,3,0.9162343794144692,0.0,3.916234379414469
SESZ03,CCSZ01,1,0.19980959412987864,0.0,1.1998095941298788
SESZ03,CHSZ02,2,0.3132296690547114,0.0,2.3132296690547114
SESZ03,CHSZ03,7,2.0629265547144064,0.0,9.062926554714407
SESZ03,DTSZ01,3,0.8159857384001691,0.0,3.815985738400169
SESZ03,DTSZ02,6,0.5165084224121711,0.0,6.516508422412171
SESZ03,DTSZ03,10,1.4271298357496136,0.0,11.427129835749614
SESZ03,DTSZ04,1,0.131581534094802,0.0,1.1315815340948019
SESZ03,DTSZ05,5,0.6114764807582392,0.0,5.611476480758239
SESZ03,DTSZ06,1,0.03403319862789099,0.0,1.034033198627891
SESZ03,DTSZ08,9,1.2512715915325925,0.0,10.251271591532593
SESZ03,DTSZ09,2,0.17781823454429724,0.0,2.177818234544297
SESZ03,DTSZ11,7,0.4993225326995394,0.0,7.499322532699539
SESZ03,DTSZ12,5,0.5173835345047355,0.0,5.517383534504735
SESZ03,GLSZ01,2,0.5831159337411765,0.0,2.5831159337411767
SESZ03,GLSZ02,1,0.6016132959523907,0.0,1.6016132959523905
SESZ03,GLSZ03,4,1.1757552456147575,0.0,5.1757552456147575
SESZ03,GLSZ05,2,1.714971856482111,0.0,3.7149718564821113
SESZ03,HGSZ01,4,1.00925918407371,0.4125699155756516,5.421829099649361
SESZ03,HGSZ03,2,1.660972590911491,1.2886481411842692,4.94962073209576
SESZ03,HGSZ04,4,1.2177053786553897,0.8185390763579153,6.036244455013305
SESZ03,HGSZ06,14,1.9910264870433816,0.0,15.991026487043381
SESZ03,HGSZ07,1,0.4275739832756842,0.0,1.4275739832756842
SESZ03,HGSZ08,1,0.7067421412371725,0.0,1.7067421412371724
SESZ03,JESZ05,3,0.9776432402964829,0.0,3.9776432402964828
SESZ03,JESZ10,1,0.0,0.0,1.0
SESZ03,JWSZ09,2,0.6482217577046697,0.0,2.6482217577046696
SESZ03,KLSZ03,1,0.08324984156939644,0.0,1.0832498415693965
SESZ03,KLSZ06,4,0.7429111974629041,0.0,4.742911197462904
SESZ03,KLSZ07,3,0.9751245637931645,0.0,3.9751245637931643
SESZ03,KLSZ08,2,0.51887304305713,0.0,2.51887304305713
SESZ03,KLSZ09,1,0.07954300388343535,0.0,1.0795430038834353
SESZ03,MDSZ03,1,0.0,0.0,1.0
SESZ03,MPSZ02,1,0.7122190722221381,0.0,1.7122190722221382
SESZ03,MUSZ01,1,0.3380124531808177,0.0,1.3380124531808177
SESZ03,MUSZ03,1,0.06951696328728502,0.0,1.069516963287285
SESZ03,NTSZ03,2,0.17324139298835864,0.0,2.1732413929883587
SESZ03,NVSZ01,4,1.790092215747022,0.0,5.790092215747022
SESZ03,NVSZ02,5,0.9927301932232823,0.0,5.992730193223283
SESZ03,ORSZ01,2,0.09864299867476028,0.0,2.09864299867476
SESZ03,ORSZ02,5,0.8278252138792013,0.0,5.827825213879201
SESZ03,ORSZ03,6,0.7466617274087248,0.0,6.746661727408725
SESZ03,OTSZ01,1,0.04265165224340523,0.0,1.0426516522434053
SESZ03,OTSZ02,1,0.06826513709669024,0.0,1.0682651370966902
SESZ03,OTSZ03,10,1.3423306453322337,0.0,11.342330645332234
SESZ03,OTSZ04,3,0.20338675194995443,0.0,3.2033867519499544
SESZ03,PGSZ02,7,1.369175508522384,0.43361439604595564,8.802789904568339
SESZ03,PGSZ03,6,1.3887028024953494,2.2371698684698798,9.62587267096523
SESZ03,PGSZ04,21,4.772250439800839,4.792965529500601,30.56521596930144
SESZ03,PGSZ05,4,1.6410777346429066,0.2688014107097843,5.909879145352691
SESZ03,PRSZ02,1,0.6058989284296318,0.0,1.6058989284296317
SESZ03,PRSZ03,1,0.8707497674575533,0.0,1.8707497674575533
SESZ03,PRSZ05,1,0.9816430486399245,0.0,1.9816430486399246
SESZ03,PRSZ06,1,0.22246939047523492,0.0,1.2224693904752348
SESZ03,QTSZ06,1,0.2115571429076243,0.0,1.2115571429076244
SESZ03,QTSZ08,8,0.9966233806473501,0.0,8.99662338064735
SESZ03,QTSZ09,1,0.04502885295430095,0.0,1.045028852954301
SESZ03,QTSZ10,1,0.5373808636502992,0.0,1.5373808636502992
SESZ03,QTSZ11,5,0.8417253478046917,0.0,5.841725347804692
SESZ03,QTSZ12,1,0.20287393374239795,0.0,1.202873933742398
SESZ03,QTSZ13,2,0.4477156403826199,0.0,2.44771564038262
SESZ03,QTSZ14,3,0.3758054393053639,0.0,3.375805439305364
SESZ03,RCSZ01,3,0.36877029321925386,0.0,3.368770293219254
SESZ03,RCSZ10,3,0.4809287925711166,0.0,3.4809287925711168
SESZ03,SBSZ01,1,0.8230645560414706,0.0,1.8230645560414707
SESZ03,SBSZ03,2,0.6517665829805244,0.0,2.6517665829805246
SESZ03,SBSZ09,2,0.6022228560613094,0.0,2.602222856061309
SESZ03,SESZ02,21,5.75337955255376,7.963601265268063,34.71698081782182
SESZ03,SESZ03,28,24.276354091441323,59.465378297874665,111.74173238931598
SESZ03,SESZ04,17,4.893041798441983,9.487941588171168,31.380983386613153
SESZ03,SESZ05,6,1.155971836301592,2.383807600712776,9.539779437014369
SESZ03,SESZ06,19,13.326149879541568,6.367931583561027,38.69408146310259
SESZ03,SGSZ03,1,0.7586101398213515,0.07606572669293561,1.834675866514287
SESZ03,SGSZ04,2,1.9220124955963072,0.0,3.922012495596307
SESZ03,SGSZ06,6,0.8106882503296257,0.0,6.810688250329625
SESZ03,SKSZ01,1,0.113610638068554,0.0,1.113610638068554
SESZ03,SRSZ02,2,0.1411925172345577,0.0,2.1411925172345576
SESZ03,TMSZ02,2,1.3416420820310215,0.0,3.3416420820310213
SESZ03,TMSZ03,3,1.7515244303064843,0.0,4.7515244303064845
SESZ03,TMSZ04,2,1.51862918473457,0.0,3.51862918473457
SESZ03,TMSZ05,5,1.5984937344045498,0.0,6.59849373440455
SESZ03,TNSZ03,2,0.07236152532697676,0.0,2.072361525326977
SESZ03,TNSZ04,1,0.2273535464389092,0.0,1.2273535464389091
SESZ03,TPSZ06,5,0.8412200796859597,0.0,5.84122007968596
SESZ03,TPSZ08,1,0.11414154822602912,0.0,1.114141548226029
SESZ03,TPSZ09,2,0.34653110011111377,0.0,2.3465311001111138
SESZ03,TPSZ10,1,0.24306499780707977,0.0,1.2430649978070798
SESZ03,TPSZ12,1,0.3485373377907105,0.0,1.3485373377907104
SESZ03,TSSZ03,1,0.08719272753689085,0.0,1.087192727536891
SESZ03,TSSZ05,3,0.4773811390875587,0.0,3.4773811390875586
SESZ03,WCSZ01,3,0.8070147489490593,0.0,3.8070147489490593
SESZ03,WDSZ01,2,0.1710292508880684,0.0,2.1710292508880684
SESZ03,WDSZ02,6,0.6129514731431238,0.0,6.612951473143124
SESZ03,WDSZ03,2,0.6800009524522438,0.0,2.680000952452244
SESZ03,YSSZ01,1,0.70086697220136,0.0,1.7008669722013599
SESZ03,YSSZ02,2,0.5932485818425026,0.0,2.5932485818425026
SESZ03,YSSZ04,1,0.5154242501460669,0.0,1.5154242501460669
SESZ03,YSSZ08,2,0.26085295593456453,0.0,2.2608529559345647
SESZ04,AMSZ01,8,2.5781859223464196,0.0,10.57818592234642
SESZ04,AMSZ03,1,0.4685945724832618,0.0,1.4685945724832619
SESZ04,AMSZ06,1,0.6740222291123873,0.0,1.6740222291123872
SESZ04,AMSZ10,2,0.7633647980272891,0.0,2.763364798027289
SESZ04,AMSZ11,1,0.11107282283608842,0.0,1.1110728228360884
SESZ04,AMSZ12,2,0.38410390759441543,0.0,2.3841039075944153
SESZ04,BDSZ02,1,1.0794826990544988,0.0,2.079482699054499
SESZ04,BDSZ03,1,1.1709589442067012,0.0,2.170958944206701
SESZ04,BDSZ04,2,1.608435943651145,0.0,3.608435943651145
SESZ04,BDSZ05,2,1.2485622785850197,0.0,3.2485622785850197
SESZ04,BLSZ02,1,0.16865533564581778,0.0,1.1686553356458178
SESZ04,BMSZ01,1,0.6480219333001667,0.0,1.6480219333001667
SESZ04,BMSZ02,3,0.681916372021068,0.0,3.681916372021068
SESZ04,BMSZ04,1,0.3257258853870301,0.0,1.3257258853870302
SESZ04,BMSZ05,3,0.9149422215316808,0.0,3.914942221531681
SESZ04,BMSZ07,2,1.1761340520842163,0.0,3.1761340520842163
SESZ04,BMSZ16,3,0.19850731468749094,0.0,3.198507314687491
SESZ04,BMSZ17,3,0.4651561275859948,0.0,3.4651561275859946
SESZ04,BPSZ05,1,0.7634987540398882,0.0,1.763498754039888
SESZ04,BPSZ07,1,0.11213008597230012,0.0,1.1121300859723
SESZ04,BSSZ01,2,1.577069731848029,0.0,3.577069731848029
SESZ04,BTSZ01,2,0.9136081652935079,0.0,2.9136081652935077
SESZ04,CHSZ01,1,0.13819595394532255,0.0,1.1381959539453226
SESZ04,CHSZ02,1,0.2842551939723212,0.0,1.2842551939723212
SESZ04,CHSZ03,6,2.686926552917021,0.0,8.686926552917022
SESZ04,CKSZ03,1,0.7444711061029916,0.0,1.7444711061029916
SESZ04,CLSZ01,1,0.21014002933995637,0.0,1.2101400293399565
SESZ04,CLSZ04,1,0.6549544364984412,0.0,1.6549544364984412
SESZ04,CLSZ09,1,0.12719640583977532,0.0,1.1271964058397752
SESZ04,DTSZ01,1,0.9686188637919022,0.0,1.9686188637919022
SESZ04,DTSZ02,6,0.7794025585549699,0.0,6.7794025585549695
SESZ04,DTSZ03,3,1.7362675421466085,0.0,4.736267542146608
SESZ04,DTSZ04,1,0.17636210286500958,0.0,1.1763621028650095
SESZ04,DTSZ05,7,0.8313496540315969,0.0,7.831349654031597
SESZ04,DTSZ08,7,1.9472504107355588,0.0,8.94725041073556
SESZ04,DTSZ09,1,0.14846390070124174,0.0,1.1484639007012418
SESZ04,DTSZ11,6,0.7569946883185323,0.0,6.756994688318533
SESZ04,DTSZ12,1,0.26748522327352187,0.0,1.2674852232735219
SESZ04,GLSZ01,1,0.5396801933356691,0.0,1.539680193335669
SESZ04,GLSZ03,2,1.2633520278118544,0.0,3.2633520278118544
SESZ04,GLSZ04,1,0.998154803598398,0.0,1.998154803598398
SESZ04,GLSZ05,5,2.2448305555835306,0.0,7.244830555583531
SESZ04,HGSZ01,1,1.0652560490532859,0.2034159291289839,2.2686719781822697
SESZ04,HGSZ02,2,1.8284821666459055,0.4450437320255826,4.273525898671488
SESZ04,HGSZ04,4,1.386960264186339,1.2316106167886116,6.61857088097495
SESZ04,HGSZ05,3,3.508737941140409,1.7178774162899875,8.226615357430397
SESZ04,HGSZ06,6,1.884674876879668,0.0,7.884674876879668
SESZ04,HGSZ07,2,0.8069443959478282,0.0,2.806944395947828
SESZ04,JESZ05,1,1.116582278479399,0.0,2.116582278479399
SESZ04,JESZ06,1,0.10779741806716642,0.0,1.1077974180671664
SESZ04,JESZ10,1,0.0,0.0,1.0
SESZ04,JWSZ01,1,0.055290820066353545,0.0,1.0552908200663536
SESZ04,JWSZ06,1,0.23317884900291133,0.0,1.2331788490029114
SESZ04,JWSZ08,1,0.794116366042773,0.0,1.794116366042773
SESZ04,KLSZ01,2,1.016047210269899,0.0,3.0160472102698987
SESZ04,KLSZ03,1,0.07772255534334478,0.0,1.0777225553433447
SESZ04,KLSZ06,2,0.7817840031178606,0.0,2.7817840031178607
SESZ04,KLSZ07,1,0.7584144290040751,0.0,1.758414429004075
SESZ04,KLSZ08,5,1.1701184878272728,0.0,6.170118487827272
SESZ04,KLSZ09,3,0.29354497608518726,0.0,3.293544976085187
SESZ04,MDSZ02,1,0.16193113109881793,0.0,1.1619311310988178
SESZ04,MPSZ02,1,0.7681167771547768,0.0,1.7681167771547768
SESZ04,MUSZ01,4,0.44724686537157937,0.0,4.4472468653715795
SESZ04,MUSZ03,1,0.09008031197325954,0.0,1.0900803119732596
SESZ04,NTSZ03,1,0.1313241945183388,0.0,1.1313241945183388
SESZ04,NVSZ01,1,1.5467523458627346,0.0,2.5467523458627346
SESZ04,NVSZ02,5,1.311792617047994,0.0,6.311792617047994
SESZ04,NVSZ03,1,0.21385373056323334,0.0,1.2138537305632333
SESZ04,ORSZ02,5,1.1848199715033556,0.0,6.184819971503355
SESZ04,ORSZ03,2,0.5872937858268844,0.0,2.5872937858268843
SESZ04,OTSZ01,1,0.0528811837290702,0.0,1.0528811837290701
SESZ04,OTSZ03,6,1.0829489697097263,0.0,7.082948969709726
SESZ04,PGSZ02,2,0.9408102637489616,0.2327329843998953,3.173543248148857
SESZ04,PGSZ03,1,1.6204278687127338,0.7905077804457299,3.410935649158464
SESZ04,PGSZ04,4,2.233080631095082,1.4663684458927873,7.69944907698787
SESZ04,PGSZ05,2,2.5842856024804974,0.2429392117050999,4.8272248141855965
SESZ04,PLSZ01,2,0.4092411388657697,0.0,2.4092411388657697
SESZ04,PRSZ03,2,1.3508113613257586,0.0,3.350811361325759
SESZ04,PRSZ05,1,1.087892302032341,0.0,2.087892302032341
SESZ04,QTSZ08,6,1.1102492203883636,0.0,7.110249220388363
SESZ04,QTSZ11,1,0.682783454910847,0.0,1.682783454910847
SESZ04,QTSZ12,1,0.2878054339451264,0.0,1.2878054339451264
SESZ04,QTSZ14,4,0.6808607628181449,0.0,4.680860762818145
SESZ04,RCSZ01,1,0.22713544994684548,0.0,1.2271354499468454
SESZ04,RCSZ10,1,0.48741033491324603,0.0,1.4874103349132461
SESZ04,SBSZ01,1,0.7748372282074099,0.0,1.7748372282074099
SESZ04,SBSZ08,1,0.09761214332206103,0.0,1.0976121433220611
SESZ04,SESZ02,5,2.6255495281658234,1.3656846639467874,8.99123419211261
SESZ04,SESZ03,19,4.6493135181384195,4.874696413520963,28.524009931659386
SESZ04,SESZ04,13,6.450431519238641,25.221193479752667,44.671624998991305
SESZ04,SESZ05,4,1.5463890389372954,1.9847573482740766,7.531146387211372
SESZ04,SESZ06,15,5.363495341089482,5.221782280034064,25.585277621123545
SESZ04,SGSZ04,1,1.7370468873109777,0.0,2.737046887310978
SESZ04,SGSZ05,1,0.36943062252994674,0.0,1.3694306225299466
SESZ04,SGSZ06,5,1.2550599278272732,0.0,6.255059927827273
SESZ04,SGSZ07,1,0.44084343285355604,0.0,1.440843432853556
SESZ04,SLSZ01,1,0.6815659916751876,0.0,1.6815659916751877
SESZ04,TMSZ02,1,1.4162742353389701,0.0,2.41627423533897
SESZ04,TMSZ04,2,1.4491832920313756,0.0,3.4491832920313756
SESZ04,TMSZ05,4,1.591293675360006,0.0,5.591293675360006
SESZ04,TNSZ04,1,0.2557508214434777,0.0,1.2557508214434776
SESZ04,TPSZ01,2,0.6352378792376165,0.0,2.6352378792376165
SESZ04,TPSZ06,4,1.0208039142624576,0.0,5.020803914262458
SESZ04,TPSZ12,3,0.6648128391790561,0.0,3.664812839179056
SESZ04,TSSZ02,1,0.5309034254293735,0.0,1.5309034254293734
SESZ04,TSSZ05,1,0.781829901344042,0.0,1.781829901344042
SESZ04,WCSZ01,1,0.8941820835308906,0.0,1.8941820835308905
SESZ04,WDSZ01,2,0.2033794399370689,0.0,2.203379439937069
SESZ04,WDSZ02,1,0.745978859841575,0.0,1.7459788598415749
SESZ04,YSSZ01,3,0.7753642612258043,0.0,3.7753642612258043
SESZ04,YSSZ02,1,0.40761467705323556,0.0,1.4076146770532356
SESZ04,YSSZ04,1,0.6568697877845429,0.0,1.6568697877845429
SESZ04,YSSZ08,2,0.274954630369301,0.0,2.274954630369301
SESZ05,AMSZ01,1,0.5738217653928404,0.0,1.5738217653928404
SESZ05,BKSZ05,1,0.3674227456268365,0.0,1.3674227456268366
SESZ05,BMSZ01,1,0.26210445638634156,0.0,1.2621044563863415
SESZ05,BMSZ02,1,0.1448724950739893,0.0,1.1448724950739892
SESZ05,BMSZ04,1,0.12234296533025416,0.0,1.1223429653302541
SESZ05,BMSZ07,1,0.32353169916526947,0.0,1.3235316991652695
SESZ05,BMSZ12,2,0.23098336141105139,0.0,2.2309833614110515
SESZ05,BMSZ17,1,0.1572170528726178,0.0,1.1572170528726178
SESZ05,BSSZ03,1,0.3131441385305953,0.0,1.3131441385305953
SESZ05,CCSZ01,1,0.09765690864724993,0.0,1.0976569086472499
SESZ05,CHSZ02,1,0.141223931476432,0.0,1.141223931476432
SESZ05,CHSZ03,7,1.2106508036605594,0.0,8.21065080366056
SESZ05,DTSZ02,1,0.21940431490752024,0.0,1.2194043149075202
SESZ05,DTSZ03,1,0.1962806813833315,0.0,1.1962806813833315
SESZ05,DTSZ05,5,0.21057184835833986,0.0,5.21057184835834
SESZ05,DTSZ11,3,0.19930333328412564,0.0,3.1993033332841256
SESZ05,DTSZ12,2,0.252570401837748,0.0,2.252570401837748
SESZ05,GLSZ01,1,0.30448356599316306,0.0,1.304483565993163
SESZ05,GLSZ03,1,0.31591264852924517,0.0,1.3159126485292452
SESZ05,GLSZ04,2,0.7670553973323276,0.0,2.7670553973323275
SESZ05,HGSZ01,5,0.8220936629434595,0.9408017720332608,6.762895434976721
SESZ05,HGSZ04,1,0.370137917265872,0.4893794155549359,1.8595173328208077
SESZ05,HGSZ05,4,1.4782231841149063,2.5836154727853327,8.061838656900239
SESZ05,HGSZ07,3,0.582960826357569,0.38793761318112396,3.970898439538693
SESZ05,HGSZ08,1,0.27377086109735754,0.0,1.2737708610973575
SESZ05,JESZ05,3,0.4512437343036763,0.0,3.4512437343036764
SESZ05,JESZ06,2,0.08778160851455455,0.0,2.0877816085145544
SESZ05,KLSZ03,1,0.07911327470943079,0.0,1.0791132747094307
SESZ05,KLSZ06,2,0.36617880550216675,0.0,2.366178805502167
SESZ05,KLSZ08,1,0.27420213395818877,0.0,1.2742021339581888
SESZ05,MPSZ03,1,0.35866998436162373,0.0,1.3586699843616237
SESZ05,MUSZ01,1,0.14048450771830506,0.0,1.140484507718305
SESZ05,MUSZ03,1,0.03509689587652707,0.0,1.035096895876527
SESZ05,NTSZ03,2,0.10606517164186068,0.0,2.106065171641861
SESZ05,NVSZ01,2,0.7622224118885085,0.0,2.7622224118885086
SESZ05,NVSZ02,2,0.5882653817440914,0.0,2.5882653817440913
SESZ05,ORSZ03,2,0.27412090471022055,0.0,2.2741209047102204
SESZ05,OTSZ03,4,0.4572370974920374,0.0,4.457237097492038
SESZ05,PGSZ02,3,0.5474136483022711,0.71683645270066,4.264250101002931
SESZ05,PGSZ04,4,1.0450697357356094,1.5413830999850362,6.586452835720645
SESZ05,QTSZ08,2,0.4008191615320154,0.0,2.4008191615320156
SESZ05,QTSZ14,1,0.2993353824268379,0.0,1.2993353824268379
SESZ05,RCSZ01,2,0.21705759251868953,0.0,2.2170575925186897
SESZ05,SBSZ01,1,0.2546028559696058,0.0,1.2546028559696059
SESZ05,SBSZ08,1,0.07490845040087793,0.0,1.074908450400878
SESZ05,SESZ02,1,0.4875272784522352,0.3343421952222471,1.8218694736744823
SESZ05,SESZ03,7,3.641632010625155,3.398095666584767,14.039727677209923
SESZ05,SESZ04,3,1.5547495780289682,1.497141326053137,6.051890904082105
SESZ05,SESZ05,3,1.0026285094408292,9.153352528916106,13.155981038356934
SESZ05,SESZ06,3,1.474062238018985,0.5646189340282116,5.0386811720471965
SESZ05,SGSZ01,1,0.34839402833584154,0.39181545147805136,1.740209479813893
SESZ05,SGSZ04,3,0.5939780488222076,0.0,3.5939780488222075
SESZ05,SGSZ06,2,0.7978908621700412,0.0,2.7978908621700413
SESZ05,SRSZ02,2,0.09054353393761047,0.0,2.0905435339376104
SESZ05,TMSZ05,2,0.4970338161716282,0.0,2.497033816171628
SESZ05,TPSZ06,2,0.3292339495264764,0.0,2.3292339495264764
SESZ05,WDSZ01,1,0.09093868016597281,0.0,1.0909386801659728
SESZ05,YSSZ04,1,0.33375776002582713,0.0,1.333757760025827
SESZ06,AMSZ01,6,2.441936797159878,0.0,8.441936797159878
SESZ06,AMSZ03,2,0.993466129587525,0.0,2.993466129587525
SESZ06,AMSZ10,5,0.9423971185276294,0.0,5.942397118527629
SESZ06,AMSZ12,2,0.8058387142422039,0.5702837029775876,3.3761224172197912
SESZ06,BDSZ01,2,2.020316290976945,0.0,4.020316290976945
SESZ06,BDSZ03,1,1.3259763692100375,0.0,2.3259763692100375
SESZ06,BDSZ08,1,0.1863387227405004,0.0,1.1863387227405005
SESZ06,BKSZ05,1,0.967369080262787,0.0,1.967369080262787
SESZ06,BLSZ02,1,0.20117336668698255,0.0,1.2011733666869826
SESZ06,BLSZ03,1,0.40163135168321623,0.0,1.4016313516832162
SESZ06,BMSZ01,5,1.6100815844483292,0.0,6.610081584448329
SESZ06,BMSZ02,1,0.5533167863414752,0.0,1.5533167863414752
SESZ06,BMSZ05,1,1.0440517396513147,0.0,2.044051739651315
SESZ06,BMSZ09,1,0.11826806331026533,0.0,1.1182680633102653
SESZ06,BMSZ15,1,0.1267721035483743,0.0,1.1267721035483742
SESZ06,BMSZ16,1,0.1146536014164209,0.0,1.114653601416421
SESZ06,BMSZ17,3,0.5520927539894298,0.0,3.55209275398943
SESZ06,BSSZ01,3,2.598828516492355,0.0,5.598828516492355
SESZ06,BTSZ01,1,1.1097887107172733,0.0,2.1097887107172735
SESZ06,CHSZ03,2,2.339414345729719,0.0,4.339414345729719
SESZ06,CKSZ06,1,0.663384526804278,0.0,1.663384526804278
SESZ06,CLSZ04,1,0.7487280586842634,0.0,1.7487280586842635
SESZ06,DTSZ01,2,1.0990223149206262,0.0,3.099022314920626
SESZ06,DTSZ02,3,1.058284947531408,0.0,4.0582849475314084
SESZ06,DTSZ03,9,1.5842413503865815,0.0,10.58424135038658
SESZ06,DTSZ05,10,1.09217584125408,0.0,11.09217584125408
SESZ06,DTSZ08,4,0.7109268731493302,0.0,4.71092687314933
SESZ06,DTSZ09,1,0.20417489315599213,0.0,1.2041748931559921
SESZ06,DTSZ11,6,0.8012159532433305,0.0,6.8012159532433305
SESZ06,GLSZ01,4,1.0800860163131598,0.0,5.08008601631316
SESZ06,GLSZ03,2,1.2699347360591366,0.0,3.2699347360591364
SESZ06,GLSZ04,1,1.172951685114592,0.0,2.172951685114592
SESZ06,GLSZ05,2,1.9950815058266251,0.0,3.995081505826625
SESZ06,HGSZ02,1,1.4250563959717142,0.0,2.425056395971714
SESZ06,HGSZ04,1,1.2001639718967918,0.35053389702136256,2.5506978689181543
SESZ06,HGSZ05,4,2.9331416101206425,2.3148056458454174,9.24794725596606
SESZ06,HGSZ07,1,0.5444410663139229,0.0,1.5444410663139228
SESZ06,HGSZ08,1,1.0178472241581062,0.0,2.017847224158106
SESZ06,HGSZ09,3,0.24822375755585646,0.0,3.2482237575558566
SESZ06,JESZ05,1,1.279325170006059,0.0,2.279325170006059
SESZ06,JESZ06,1,0.12813707267868912,0.0,1.128137072678689
SESZ06,JWSZ08,1,1.082881534018436,0.0,2.082881534018436
SESZ06,KLSZ07,4,1.5819271225887372,0.0,5.581927122588738
SESZ06,KLSZ08,2,0.9154212768716807,0.0,2.9154212768716805
SESZ06,MPSZ03,3,2.2102502513534414,0.0,5.210250251353441
SESZ06,MUSZ01,2,0.5871049494140695,0.0,2.5871049494140697
SESZ06,NTSZ03,1,0.1636283097142188,0.0,1.1636283097142188
SESZ06,NVSZ01,2,2.2254336855477774,0.0,4.225433685547777
SESZ06,NVSZ02,4,1.5742341669526798,0.0,5.57423416695268
SESZ06,ORSZ02,1,0.9727548380705289,0.0,1.9727548380705289
SESZ06,ORSZ03,3,1.032973490989828,0.0,4.0329734909898285
SESZ06,OTSZ01,1,0.07984370773881548,0.0,1.0798437077388154
SESZ06,OTSZ03,8,1.7662056573684852,0.0,9.766205657368484
SESZ06,PGSZ01,3,1.0571174348142038,0.0,4.057117434814204
SESZ06,PGSZ02,3,1.413030389325493,0.25016227358004006,4.663192662905533
SESZ06,PGSZ03,1,1.5650211061199357,0.3101036372167605,2.875124743336696
SESZ06,PGSZ04,2,2.2193326163286238,0.0,4.219332616328623
SESZ06,PGSZ05,2,2.358259683311347,0.0,4.358259683311347
SESZ06,PLSZ04,1,0.08094636391996551,0.0,1.0809463639199655
SESZ06,PNSZ05,1,0.07475411731399832,0.0,1.0747541173139983
SESZ06,PRSZ02,1,0.8840653936398085,0.0,1.8840653936398084
SESZ06,PRSZ03,2,1.6741285933010122,0.0,3.6741285933010124
SESZ06,PRSZ06,1,0.29938540955562254,0.0,1.2993854095556225
SESZ06,QTSZ05,1,0.45938185500847806,0.0,1.459381855008478
SESZ06,QTSZ08,3,1.139866977159484,0.0,4.139866977159484
SESZ06,QTSZ09,1,0.06501432518288842,0.0,1.0650143251828885
SESZ06,QTSZ10,1,0.8929786702607937,0.0,1.8929786702607938
SESZ06,QTSZ11,3,1.120061932716296,0.0,4.120061932716296
SESZ06,QTSZ14,2,0.8997430871509374,0.0,2.8997430871509375
SESZ06,RCSZ10,1,0.6063743830161908,0.0,1.606374383016191
SESZ06,SBSZ03,1,0.8278078396663658,0.0,1.8278078396663657
SESZ06,SBSZ08,1,0.15188055542685203,0.0,1.151880555426852
SESZ06,SESZ02,3,2.8093737618272137,1.2972770592884355,7.106650821115649
SESZ06,SESZ03,28,6.844161759808509,6.716275642911329,41.560437402719835
SESZ06,SESZ04,12,4.117091045491437,6.8381332186425885,22.955224264134024
SESZ06,SESZ05,2,0.9840627915660698,0.961424751268044,3.9454875428341136
SESZ06,SESZ06,18,14.062622800944387,93.75563226131806,125.81825506226244
SESZ06,SGSZ01,1,1.3902357230657665,1.2282171523018721,3.6184528753676384
SESZ06,SGSZ03,4,4.314601094240536,0.40361360594363854,8.718214700184175
SESZ06,SGSZ04,3,2.5818425399478304,0.0,5.58184253994783
SESZ06,SGSZ06,4,1.3504871164785408,0.0,5.350487116478541
SESZ06,SLSZ01,1,1.3147673750040547,0.0,2.3147673750040547
SESZ06,SRSZ02,2,0.2594457258213401,0.0,2.2594457258213403
SESZ06,SRSZ03,1,0.4006292620508738,0.0,1.4006292620508738
SESZ06,TMSZ02,2,1.7439696073902458,0.0,3.7439696073902455
SESZ06,TMSZ04,1,1.2702678167216572,0.0,2.270267816721657
SESZ06,TMSZ05,1,0.9730312052110432,0.0,1.9730312052110432
SESZ06,TNSZ01,1,0.7197054651527988,0.0,1.7197054651527988
SESZ06,TNSZ03,1,0.06817219845011642,0.0,1.0681721984501165
SESZ06,TPSZ03,1,0.4128508624177226,0.0,1.4128508624177227
SESZ06,TPSZ06,1,1.0452748496784465,0.0,2.0452748496784467
SESZ06,TPSZ10,1,0.3767931355668156,0.0,1.3767931355668157
SESZ06,TPSZ12,1,0.5651929417213989,0.0,1.5651929417213988
SESZ06,WCSZ01,1,0.9157831190368938,0.0,1.915783119036894
SESZ06,YSSZ01,3,0.932137144522807,0.0,3.932137144522807
SESZ06,YSSZ09,4,1.8554338162008985,0.0,5.8554338162008985
SESZ07,AMSZ01,1,0.0,0.0,1.0
SESZ07,DTSZ01,1,0.0,0.0,1.0
SGSZ01,AMSZ01,2,1.356793126537398,0.6112346877076573,3.9680278142450556
SGSZ01,AMSZ10,1,0.6756445584037092,0.043508769033987336,1.7191533274376964
SGSZ01,BMSZ01,1,0.48302042444957016,0.0,1.4830204244495702
SGSZ01,BMSZ08,1,0.20234118993388622,0.0,1.2023411899338863
SGSZ01,CLSZ07,1,0.27393969176172955,0.0,1.2739396917617296
SGSZ01,DTSZ01,2,0.5319973408053541,0.0,2.531997340805354
SGSZ01,DTSZ03,2,0.7223401811215947,0.0,2.7223401811215946
SGSZ01,HGSZ02,1,0.902296947235407,0.0,1.902296947235407
SGSZ01,HGSZ04,1,0.49501681341820414,0.5371900853389083,2.0322068987571122
SGSZ01,JESZ02,1,0.10978040155708046,0.0,1.1097804015570805
SGSZ01,JESZ05,1,0.6569584146234536,0.0,1.6569584146234537
SGSZ01,KLSZ07,2,1.021614133222545,0.0,3.021614133222545
SGSZ01,ORSZ02,3,0.9957026213124133,0.0,3.995702621312413
SGSZ01,RCSZ01,1,0.13792423342073853,0.0,1.1379242334207385
SGSZ01,SESZ06,2,4.0976078556290005,1.8079747365886691,7.9055825922176695
SGSZ01,SGSZ06,2,1.093742958797386,0.0,3.093742958797386
SGSZ01,TMSZ05,1,0.37942610300113755,0.0,1.3794261030011374
SGSZ01,YSSZ04,1,0.8638530047725438,0.0,1.863853004772544
SGSZ02,AMSZ01,1,0.4976716350413397,0.0,1.4976716350413397
SGSZ02,AMSZ02,1,0.36167709245949736,0.0,1.3616770924594974
SGSZ02,AMSZ03,5,0.3853259973678996,0.0,5.385325997367899
SGSZ02,AMSZ05,1,0.2815013780345739,0.0,1.2815013780345739
SGSZ02,AMSZ06,3,0.70636770448386,0.0,3.70636770448386
SGSZ02,AMSZ10,1,0.27357658162882104,0.0,1.273576581628821
SGSZ02,AMSZ12,1,0.059796334408660605,0.0,1.0597963344086605
SGSZ02,BDSZ01,1,0.19276419917775028,0.0,1.1927641991777502
SGSZ02,BDSZ04,1,0.3344755041825556,0.0,1.3344755041825556
SGSZ02,BKSZ02,1,0.11495233245766713,0.0,1.1149523324576671
SGSZ02,BPSZ01,1,0.07137341251259836,0.0,1.0713734125125984
SGSZ02,BSSZ01,1,0.4014901966921213,0.0,1.4014901966921214
SGSZ02,BTSZ01,1,0.2451912320994063,0.0,1.2451912320994063
SGSZ02,CKSZ01,1,0.34629551248636087,0.0,1.346295512486361
SGSZ02,CKSZ05,1,0.08583993512004741,0.0,1.0858399351200474
SGSZ02,CKSZ06,1,0.15792354060735203,0.0,1.157923540607352
SGSZ02,CLSZ04,1,0.17566836561164884,0.0,1.175668365611649
SGSZ02,HGSZ01,1,0.24435689973688607,0.0,1.2443568997368861
SGSZ02,HGSZ04,1,0.21807291328145817,0.0,1.2180729132814583
SGSZ02,HGSZ05,1,0.3336016322256597,0.0,1.3336016322256596
SGSZ02,JWSZ08,1,0.16596359436201688,0.0,1.1659635943620168
SGSZ02,PGSZ03,1,0.21478579404394674,0.0,1.2147857940439468
SGSZ02,PGSZ05,1,0.26005362896192535,0.0,1.2600536289619253
SGSZ02,QTSZ05,1,0.17901114147803313,0.0,1.179011141478033
SGSZ02,QTSZ08,1,0.16276009563864577,0.0,1.1627600956386457
SGSZ02,SBSZ02,1,0.029545246493076077,0.0,1.029545246493076
SGSZ02,SBSZ03,1,0.25507765051612746,0.0,1.2550776505161274
SGSZ02,TPSZ02,1,0.20485539144264225,0.0,1.2048553914426423
SGSZ02,WDSZ03,2,0.537236561091125,0.0,2.537236561091125
SGSZ02,WDSZ04,1,0.22676040859293875,0.0,1.2267604085929387
SGSZ02,YSSZ09,1,0.2760280877631641,0.0,1.276028087763164
SGSZ03,AMSZ01,7,1.094907127544962,0.47917504958019685,8.57408217712516
SGSZ03,AMSZ02,2,0.5929011554161812,0.8860805286683123,3.4789816840844936
SGSZ03,AMSZ04,1,0.15271627736740287,0.06633337616994807,1.219049653537351
SGSZ03,AMSZ05,1,0.5131468375582863,0.0,1.5131468375582862
SGSZ03,AMSZ10,2,0.36716534315242283,0.0674821613513505,2.4346475045037734
SGSZ03,AMSZ12,1,0.21373862424984355,0.2605118071849662,1.4742504314348097
SGSZ03,BMSZ01,2,0.4376948975538301,0.0,2.43769489755383
SGSZ03,BMSZ03,1,0.24983963936256953,0.0,1.2498396393625695
SGSZ03,BMSZ05,1,0.26633792365809894,0.0,1.266337923658099
SGSZ03,BMSZ06,1,0.19157127911726007,0.0,1.1915712791172601
SGSZ03,BPSZ01,1,0.21161002636488838,0.0,1.2116100263648883
SGSZ03,BPSZ03,1,0.24051499009075605,0.0,1.2405149900907562
SGSZ03,BPSZ05,1,0.31023192567185554,0.0,1.3102319256718555
SGSZ03,BSSZ01,3,0.743772178948823,0.0,3.7437721789488227
SGSZ03,BSSZ02,1,0.4458916964208141,0.0,1.4458916964208142
SGSZ03,CHSZ02,1,0.14823574356007568,0.0,1.1482357435600756
SGSZ03,DTSZ01,1,0.29248007109883606,0.0,1.292480071098836
SGSZ03,DTSZ02,1,0.22486172253265957,0.0,1.2248617225326597
SGSZ03,DTSZ06,1,0.04646947585920243,0.0,1.0464694758592024
SGSZ03,DTSZ08,1,0.22499373560777006,0.0,1.22499373560777
SGSZ03,DTSZ09,1,0.12352745373692876,0.0,1.1235274537369289
SGSZ03,GLSZ01,1,0.5017799927417396,0.0,1.5017799927417395
SGSZ03,GLSZ03,2,0.5406078104770836,0.0,2.5406078104770837
SGSZ03,GLSZ05,2,0.857343849028863,0.0,2.857343849028863
SGSZ03,HGSZ04,1,0.43197779243546314,0.18530351966260064,1.6172813120980638
SGSZ03,HGSZ05,2,1.2879635386207489,0.6145729617655716,3.9025365003863204
SGSZ03,HGSZ09,1,0.030236597530571906,0.0,1.0302365975305718
SGSZ03,KLSZ01,1,0.48241047300947565,0.0,1.4824104730094756
SGSZ03,KLSZ06,2,0.4218198630694437,0.0,2.4218198630694436
SGSZ03,KLSZ07,2,0.4950113539637127,0.0,2.495011353963713
SGSZ03,KLSZ09,1,0.0664102002742502,0.0,1.0664102002742502
SGSZ03,MUSZ03,1,0.049438969003245035,0.0,1.049438969003245
SGSZ03,NTSZ03,1,0.100461030341038,0.0,1.100461030341038
SGSZ03,NVSZ01,1,0.8776247329324166,0.0,1.8776247329324165
SGSZ03,ORSZ02,1,0.2965469226479465,0.0,1.2965469226479465
SGSZ03,ORSZ03,2,0.3547917778910919,0.0,2.354791777891092
SGSZ03,OTSZ03,1,0.42718616646589536,0.0,1.4271861664658954
SGSZ03,PGSZ05,2,0.7910081375658486,0.0,2.7910081375658486
SGSZ03,PRSZ03,1,0.42844797829950937,0.0,1.4284479782995094
SGSZ03,QTSZ08,1,0.2605521017793029,0.0,1.2605521017793029
SGSZ03,QTSZ15,2,0.2894774356649066,0.0,2.2894774356649066
SGSZ03,SBSZ04,1,0.3515543237818427,0.0,1.3515543237818428
SGSZ03,SBSZ08,1,0.08314910898625272,0.0,1.0831491089862526
SGSZ03,SESZ02,2,0.8224667529333798,0.0,2.82246675293338
SGSZ03,SESZ03,1,0.8775669462979886,0.09422282490521186,1.9717897712032006
SGSZ03,SESZ04,1,0.6736324758063861,0.10222350500569992,1.775855980812086
SGSZ03,SESZ06,3,1.5709116241866607,0.3618875213286946,4.932799145515355
SGSZ03,SGSZ02,1,0.5273656728411115,0.0,1.5273656728411114
SGSZ03,SGSZ03,3,1.2700466748095178,1.8058215890453633,6.075868263854881
SGSZ03,SGSZ04,3,1.468392614877561,0.4606178882490252,4.9290105031265865
SGSZ03,SGSZ06,5,1.5236666326781232,0.6155862496838377,7.139252882361961
SGSZ03,SLSZ01,1,0.23450490211680575,0.0,1.2345049021168057
SGSZ03,SRSZ02,1,0.06672998778191824,0.0,1.0667299877819183
SGSZ03,TMSZ03,1,0.6821259201850977,0.0,1.6821259201850975
SGSZ03,TNSZ01,1,0.2895804437621592,0.0,1.2895804437621592
SGSZ03,TNSZ04,1,0.19568711774556072,0.0,1.1956871177455608
SGSZ03,TPSZ01,1,0.15741502941693178,0.0,1.1574150294169319
SGSZ03,TPSZ02,2,0.5108183898259016,0.0,2.5108183898259018
SGSZ03,TPSZ09,1,0.1850715488266122,0.0,1.1850715488266121
SGSZ03,TPSZ12,1,0.23136349263147546,0.0,1.2313634926314754
SGSZ03,WCSZ01,3,1.341326653030011,0.0,4.341326653030011
SGSZ03,WDSZ03,1,0.4089771504183701,0.0,1.4089771504183701
SGSZ03,WDSZ04,1,0.27429528756170346,0.0,1.2742952875617035
SGSZ03,WDSZ07,1,0.05617596140012722,0.0,1.0561759614001272
SGSZ03,WDSZ08,1,0.18494428284379158,0.0,1.1849442828437915
SGSZ03,WDSZ09,1,0.1710580888802336,0.0,1.1710580888802335
SGSZ03,YSSZ03,5,1.3081323022176363,0.0,6.308132302217636
SGSZ03,YSSZ04,2,0.4493357655468558,0.0,2.4493357655468557
SGSZ04,AMSZ01,14,3.8898506102034616,1.8570545772461693,19.74690518744963
SGSZ04,AMSZ02,1,0.9590347409883636,1.0578005043186776,3.016835245307041
SGSZ04,AMSZ03,1,1.3825930549544596,1.0485441843076897,3.4311372392621493
SGSZ04,AMSZ04,1,0.34183965033178004,0.09569010343873828,1.4375297537705183
SGSZ04,AMSZ10,1,0.42097678386783777,0.022221694134327917,1.4431984780021656
SGSZ04,AMSZ11,1,0.10855328793245327,0.0,1.1085532879324533
SGSZ04,BDSZ04,1,0.769893942560451,0.0,1.769893942560451
SGSZ04,BLSZ02,1,0.12249698558289426,0.0,1.1224969855828943
SGSZ04,BMSZ02,2,0.4858694068137954,0.0,2.485869406813795
SGSZ04,BMSZ13,1,0.3805644646308133,0.0,1.3805644646308133
SGSZ04,BMSZ17,1,0.2219975500886118,0.0,1.2219975500886118
SGSZ04,BSSZ01,8,3.150159743647429,0.0,11.150159743647428
SGSZ04,BSSZ03,3,1.639840558906995,1.0909514235668216,5.730791982473816
SGSZ04,BTSZ01,2,0.8277911250014808,0.0,2.8277911250014807
SGSZ04,BTSZ03,1,0.20204171493277082,0.0,1.202041714932771
SGSZ04,CCSZ01,1,0.1768806399571215,0.0,1.1768806399571214
SGSZ04,CKSZ01,1,0.4229858237479069,0.0,1.422985823747907
SGSZ04,CKSZ03,1,0.6221570305023961,0.0,1.6221570305023962
SGSZ04,CLSZ04,1,0.35002773989792146,0.0,1.3500277398979215
SGSZ04,DTSZ01,1,0.5911738941935502,0.0,1.5911738941935503
SGSZ04,DTSZ02,4,1.0605665308770293,0.0,5.060566530877029
SGSZ04,DTSZ05,1,0.3694981117571564,0.0,1.3694981117571565
SGSZ04,DTSZ08,1,0.3481605038338306,0.0,1.3481605038338307
SGSZ04,DTSZ09,1,0.12762787415086493,0.0,1.127627874150865
SGSZ04,DTSZ11,4,0.9503712864762266,0.0,4.950371286476226
SGSZ04,GLSZ01,1,0.5251845617406223,0.0,1.5251845617406223
SGSZ04,GLSZ03,1,0.7181194000530435,0.0,1.7181194000530435
SGSZ04,GLSZ04,2,1.8754518719220195,0.0,3.8754518719220195
SGSZ04,GLSZ05,3,1.541054054085003,0.0,4.541054054085003
SGSZ04,HGSZ01,1,0.5504061816416425,0.17015168755819793,1.7205578691998402
SGSZ04,HGSZ02,1,1.063905506480325,0.0,2.063905506480325
SGSZ04,HGSZ03,2,1.2112709064814275,0.0,3.2112709064814275
SGSZ04,HGSZ04,2,1.3840075964789016,0.5940031880997766,3.978010784578678
SGSZ04,HGSZ05,2,1.6651234288572017,0.5724045272771302,4.237527956134332
SGSZ04,HGSZ06,5,2.5003609635309214,1.4983461142448729,8.998707077775794
SGSZ04,HGSZ07,3,1.2324531855571434,0.28530798985948264,4.517761175416626
SGSZ04,HGSZ08,1,0.5860023265851644,0.07029831670410128,1.6563006432892657
SGSZ04,JESZ05,1,0.49290530767075974,0.0,1.4929053076707597
SGSZ04,JWSZ08,1,0.8462116625538524,0.0,1.8462116625538525
SGSZ04,JWSZ09,1,0.5917276539433048,0.0,1.591727653943305
SGSZ04,KLSZ01,1,0.9305287726793184,0.0,1.9305287726793185
SGSZ04,KLSZ03,1,0.08983675260991252,0.0,1.0898367526099124
SGSZ04,KLSZ04,1,0.0,0.0,1.0
SGSZ04,KLSZ05,1,0.3690372574824822,0.0,1.369037257482482
SGSZ04,KLSZ06,2,0.7155962225462726,0.0,2.7155962225462726
SGSZ04,KLSZ08,2,0.8625212554040178,0.0,2.862521255404018
SGSZ04,KLSZ09,1,0.09244310093909959,0.0,1.0924431009390996
SGSZ04,MUSZ01,2,0.24997374282784388,0.0,2.249973742827844
SGSZ04,MUSZ03,1,0.07874256478165197,0.0,1.078742564781652
SGSZ04,NVSZ03,1,0.16480187766635285,0.0,1.164801877666353
SGSZ04,ORSZ02,2,0.713502267131569,0.0,2.713502267131569
SGSZ04,ORSZ03,1,0.3110316327353214,0.0,1.3110316327353213
SGSZ04,OTSZ03,3,1.1007929768993612,0.0,4.100792976899362
SGSZ04,PGSZ03,1,0.9194994741653859,0.0,1.919499474165386
SGSZ04,PGSZ04,2,2.343703489875774,0.0,4.343703489875773
SGSZ04,PGSZ05,1,0.9818635712990169,0.0,1.981863571299017
SGSZ04,PLSZ04,1,0.13376842598505465,0.0,1.1337684259850547
SGSZ04,PRSZ01,1,0.0,0.0,1.0
SGSZ04,QTSZ01,1,0.354199885201881,0.0,1.354199885201881
SGSZ04,QTSZ08,5,1.6848044729080873,0.0,6.6848044729080875
SGSZ04,QTSZ11,3,0.8660413524420298,0.0,3.86604135244203
SGSZ04,QTSZ12,1,0.17721261944695338,0.0,1.1772126194469534
SGSZ04,QTSZ13,1,0.36467994571146733,0.0,1.3646799457114673
SGSZ04,QTSZ14,1,0.352260583655819,0.0,1.352260583655819
SGSZ04,RCSZ01,3,0.30150535550247565,0.0,3.3015053555024756
SGSZ04,RVSZ03,1,0.0,0.0,1.0
SGSZ04,SBSZ01,1,0.6034167240245627,0.0,1.6034167240245627
SGSZ04,SBSZ03,1,0.6391195336672274,0.0,1.6391195336672273
SGSZ04,SESZ02,2,1.7622538257093658,0.0,3.762253825709366
SGSZ04,SESZ03,3,1.650159474844599,0.0,4.650159474844599
SGSZ04,SESZ05,2,0.8020354795082151,0.0,2.802035479508215
SGSZ04,SESZ06,2,1.9578761587023388,0.0,3.957876158702339
SGSZ04,SGSZ03,4,1.4317043921575234,0.19244904208080996,5.624153434238333
SGSZ04,SGSZ04,20,7.849038561316347,17.834024808701255,45.68306337001761
SGSZ04,SGSZ05,1,0.814267363848073,0.5170266612582808,2.331294025106354
SGSZ04,SGSZ06,16,3.8070106407847475,4.120397618687408,23.927408259472152
SGSZ04,SRSZ02,1,0.07637823080291188,0.0,1.076378230802912
SGSZ04,TMSZ02,2,1.221822128871959,0.0,3.221822128871959
SGSZ04,TMSZ03,3,2.138290458239188,0.0,5.138290458239188
SGSZ04,TMSZ05,3,1.3372789598441077,0.0,4.337278959844108
SGSZ04,TNSZ04,1,0.2537053636998286,0.0,1.2537053636998285
SGSZ04,TPSZ01,1,0.6097590620976143,0.0,1.6097590620976143
SGSZ04,TPSZ03,1,0.4430180847763109,0.1174452728802894,1.5604633576566003
SGSZ04,TPSZ04,1,0.283096130661921,0.053568110279734994,1.336664240941656
SGSZ04,TPSZ06,2,0.8739887715659409,0.22674699154835887,3.1007357631142995
SGSZ04,TPSZ09,2,0.47117169103858864,0.11666042800286328,2.587832119041452
SGSZ04,TPSZ11,3,1.0066953933502307,0.45791355539991707,4.464608948750148
SGSZ04,TSSZ05,1,0.8033668831634054,0.0,1.8033668831634055
SGSZ04,WCSZ01,1,0.34875663961847087,0.0,1.348756639618471
SGSZ04,WDSZ02,1,0.5590451825309717,0.0,1.5590451825309717
SGSZ04,WDSZ04,1,0.39125960187792225,0.0,1.3912596018779222
SGSZ05,BSSZ01,1,0.27369516651420045,0.0,1.2736951665142004
SGSZ05,BSSZ03,1,0.23963503344989626,0.42807505407422164,1.6677100875241178
SGSZ05,DTSZ02,1,0.07917413965786778,0.0,1.0791741396578678
SGSZ05,DTSZ05,1,0.10301781502406686,0.0,1.1030178150240668
SGSZ05,DTSZ09,2,0.07717824386686979,0.0,2.0771782438668698
SGSZ05,DTSZ11,1,0.05905826016659817,0.0,1.059058260166598
SGSZ05,GLSZ03,3,0.388662884117784,0.0,3.388662884117784
SGSZ05,GLSZ05,1,0.29735739850828447,0.0,1.2973573985082845
SGSZ05,HGSZ03,1,0.15200317264369648,0.0,1.1520031726436966
SGSZ05,HGSZ08,2,0.24523355835458083,0.05985097079734744,2.3050845291519284
SGSZ05,KLSZ06,1,0.2127824255562392,0.0,1.2127824255562392
SGSZ05,KLSZ08,1,0.11853834261609776,0.0,1.1185383426160977
SGSZ05,OTSZ03,2,0.41492653397727414,0.0,2.4149265339772743
SGSZ05,PGSZ01,1,0.10979362780035042,0.0,1.1097936278003504
SGSZ05,PGSZ03,1,0.09225096046511029,0.0,1.0922509604651103
SGSZ05,PLSZ04,1,0.02353801531650556,0.0,1.0235380153165055
SGSZ05,SESZ04,1,0.29983382843567963,0.0,1.2998338284356796
SGSZ05,SGSZ04,1,0.5305835635089587,0.2585492287555076,1.7891327922644662
SGSZ05,SGSZ05,2,0.2747677061701622,0.8278849490111062,3.1026526551812683
SGSZ05,SGSZ06,3,1.3532601782600904,1.0055458574636633,5.358806035723753
SGSZ05,TMSZ02,1,0.2956433057914518,0.0,1.2956433057914518
SGSZ05,TMSZ03,1,0.33769055629265826,0.0,1.3376905562926582
SGSZ05,TMSZ04,2,0.2966638772878128,0.0,2.2966638772878127
SGSZ05,TMSZ05,2,0.301578302732659,0.0,2.301578302732659
SGSZ05,TNSZ03,1,0.011175493938442718,0.0,1.0111754939384427
SGSZ05,TPSZ01,1,0.1346455017979629,0.10431734174600524,1.2389628435439681
SGSZ05,TPSZ02,1,0.20060703596738083,0.266101653556051,1.4667086895234318
SGSZ05,TPSZ04,2,0.05427587404507833,0.04957999002012147,2.1038558640651996
SGSZ05,WDSZ07,1,0.022429197738677027,0.0,1.022429197738677
SGSZ06,AMSZ01,4,1.2469910687801342,0.0,5.246991068780134
SGSZ06,AMSZ02,1,0.7058970305660369,0.6356545767790688,2.3415516073451057
SGSZ06,AMSZ03,2,0.8094450129250622,1.2333318488387193,4.042776861763781
SGSZ06,AMSZ04,1,0.3301343953318949,0.08895752722433681,1.4190919225562317
SGSZ06,AMSZ05,1,0.5343154490794204,0.0,1.5343154490794204
SGSZ06,AMSZ10,1,0.2995382287871217,0.0,1.2995382287871218
SGSZ06,AMSZ12,2,0.2544445210826545,0.0,2.2544445210826547
SGSZ06,BDSZ01,1,0.7260725356655909,0.0,1.7260725356655908
SGSZ06,BDSZ04,3,1.136125305223677,0.0,4.136125305223677
SGSZ06,BDSZ06,2,1.392353837357827,0.0,3.392353837357827
SGSZ06,BKSZ09,1,0.28090644243716606,0.0,1.2809064424371661
SGSZ06,BMSZ01,3,0.8850373269901112,0.0,3.885037326990111
SGSZ06,BMSZ03,1,0.294260749262657,0.0,1.294260749262657
SGSZ06,BMSZ05,1,0.28437632308637634,0.0,1.2843763230863763
SGSZ06,BMSZ06,3,0.5263830665811031,0.0,3.5263830665811033
SGSZ06,BMSZ08,1,0.23027221786576527,0.0,1.2302722178657652
SGSZ06,BMSZ12,1,0.31116978582707994,0.0,1.3111697858270799
SGSZ06,BMSZ17,2,0.32516057563014467,0.0,2.3251605756301448
SGSZ06,BPSZ07,1,0.07370249357596258,0.0,1.0737024935759625
SGSZ06,BSSZ01,3,1.3689126895562918,0.0,4.368912689556292
SGSZ06,BSSZ02,1,0.7234268913097094,0.16389645334541328,1.8873233446551227
SGSZ06,BSSZ03,6,1.5557090323504603,1.9726104912089342,9.528319523559395
SGSZ06,BTSZ01,1,0.4054428564660967,0.0,1.4054428564660966
SGSZ06,CHSZ02,1,0.11036955923682608,0.0,1.1103695592368261
SGSZ06,CKSZ02,1,0.5155885410949503,0.0,1.5155885410949503
SGSZ06,CLSZ04,2,0.3521193935133828,0.0,2.352119393513383
SGSZ06,CLSZ07,1,0.20354404559281253,0.0,1.2035440455928126
SGSZ06,DTSZ01,2,0.5160367055094762,0.0,2.5160367055094763
SGSZ06,DTSZ02,3,0.5979125168593097,0.0,3.5979125168593096
SGSZ06,DTSZ03,2,0.6844303895785434,0.0,2.6844303895785435
SGSZ06,DTSZ05,1,0.26780923525899086,0.0,1.267809235258991
SGSZ06,DTSZ08,2,0.36418634780096076,0.0,2.3641863478009606
SGSZ06,DTSZ09,3,0.2031894835655706,0.0,3.2031894835655708
SGSZ06,DTSZ11,2,0.4899212825032817,0.0,2.489921282503282
SGSZ06,DTSZ12,1,0.15391949992939247,0.0,1.1539194999293925
SGSZ06,GLSZ01,2,0.6203800871030459,0.3181160199663425,2.9384961070693887
SGSZ06,GLSZ02,2,0.635616317939528,0.5723064585240066,3.2079227764635343
SGSZ06,GLSZ03,3,1.1438848772162995,0.0,4.1438848772162995
SGSZ06,GLSZ04,5,2.0352911848680213,0.0,7.035291184868021
SGSZ06,GLSZ05,6,1.3174952362188477,0.0,7.317495236218848
SGSZ06,HGSZ01,3,0.46287571849223497,0.3042333917498731,3.767109110242108
SGSZ06,HGSZ02,2,1.790578886922058,0.0,3.790578886922058
SGSZ06,HGSZ03,2,1.1169903279580962,0.0,3.116990327958096
SGSZ06,HGSZ04,7,2.9480373026925095,2.1983321314380198,12.146369434130529
SGSZ06,HGSZ05,9,3.642122782835081,2.453140384501552,15.095263167336633
SGSZ06,HGSZ06,4,1.9275477741708829,1.1894595012479652,7.117007275418848
SGSZ06,HGSZ07,8,1.661081235715603,0.9763167007721403,10.637397936487742
SGSZ06,HGSZ08,9,2.2444572073946296,1.3112806212610815,12.555737828655712
SGSZ06,JESZ05,2,0.5198320469195735,0.0,2.5198320469195736
SGSZ06,KLSZ01,5,1.3394620804573125,0.9236540184282643,7.263116098885577
SGSZ06,KLSZ02,1,0.3915954326999868,0.0445347342129679,1.4361301669129547
SGSZ06,KLSZ05,1,0.2980582812405986,0.0,1.2980582812405985
SGSZ06,KLSZ09,1,0.07414500723816557,0.0,1.0741450072381655
SGSZ06,MUSZ01,2,0.22447590547681165,0.0,2.2244759054768117
SGSZ06,NVSZ02,2,0.820875966422831,0.0,2.820875966422831
SGSZ06,ORSZ02,2,0.5900747365352688,0.0,2.5900747365352688
SGSZ06,ORSZ03,2,0.3987422608925791,0.0,2.398742260892579
SGSZ06,OTSZ01,1,0.05454839718948843,0.0,1.0545483971894885
SGSZ06,OTSZ03,8,0.8820873196690098,0.0,8.88208731966901
SGSZ06,OTSZ04,3,0.3227870474816777,0.0,3.3227870474816776
SGSZ06,PGSZ02,3,0.7724332468591396,0.0,3.7724332468591397
SGSZ06,PGSZ03,2,1.0029246337063462,0.0,3.002924633706346
SGSZ06,PGSZ04,5,1.6898594513713039,0.0,6.689859451371304
SGSZ06,PGSZ05,3,1.3218298836361089,0.0,4.321829883636109
SGSZ06,PLSZ04,1,0.10125208255655536,0.512475541832017,1.6137276243885723
SGSZ06,PRSZ02,1,0.577650684454551,0.0,1.577650684454551
SGSZ06,QTSZ03,1,0.09779964030988231,0.0,1.0977996403098822
SGSZ06,QTSZ08,4,1.4347554669324667,0.0,5.434755466932467
SGSZ06,QTSZ11,7,0.7376497319281429,0.0,7.737649731928143
SGSZ06,QTSZ14,4,0.6340894471878451,0.0,4.634089447187845
SGSZ06,RCSZ01,1,0.14664319518973035,0.0,1.1466431951897302
SGSZ06,RCSZ10,3,0.3156855202184175,0.0,3.3156855202184174
SGSZ06,SBSZ03,1,0.3618059808246998,0.0,1.3618059808246998
SGSZ06,SBSZ04,1,0.34143933489830386,0.0,1.3414393348983038
SGSZ06,SESZ02,2,1.4670970406949733,0.0,3.4670970406949735
SGSZ06,SESZ03,12,1.6396743206597486,0.0,13.639674320659749
SGSZ06,SESZ04,5,1.5891313841359334,0.0,6.589131384135934
SGSZ06,SESZ05,1,0.450657934719511,0.0,1.450657934719511
SGSZ06,SESZ06,3,1.8924779778581706,0.0,4.892477977858171
SGSZ06,SGSZ01,2,1.155189938534273,0.0,3.155189938534273
SGSZ06,SGSZ03,3,1.648023512285574,0.2754239438742497,4.923447456159824
SGSZ06,SGSZ04,16,2.63860380834087,5.780581355822948,24.41918516416382
SGSZ06,SGSZ05,1,0.7123099101607135,0.8481131864438304,2.560423096604544
SGSZ06,SGSZ06,9,3.6572042633895214,31.287483097704325,43.94468736109385
SGSZ06,SGSZ07,3,1.6146327361654176,1.552114520077368,6.166747256242786
SGSZ06,SLSZ01,1,0.16857835212243966,0.0,1.1685783521224398
SGSZ06,SRSZ02,1,0.055125108313286486,0.0,1.0551251083132864
SGSZ06,TMSZ02,1,0.5930712547966049,0.0,1.5930712547966048
SGSZ06,TMSZ04,2,0.819886866137556,0.0,2.819886866137556
SGSZ06,TMSZ05,1,0.36865894418679274,0.0,1.3686589441867927
SGSZ06,TNSZ01,3,0.685177014374,0.0,3.685177014374
SGSZ06,TNSZ04,1,0.16280286901546098,0.0,1.162802869015461
SGSZ06,TPSZ02,1,0.6304037837656451,0.0,1.630403783765645
SGSZ06,TPSZ03,1,0.4704139230186783,0.15182352241777325,1.6222374454364517
SGSZ06,TPSZ06,3,1.0983877400526523,0.6163349142203619,4.7147226542730145
SGSZ06,TPSZ07,1,0.3357936777563027,0.2654003567582511,1.6011940345145537
SGSZ06,TPSZ09,6,0.7323225205718298,0.44032787667912754,7.172650397250957
SGSZ06,TPSZ10,1,0.3958183727883877,0.12948817638474497,1.5253065491731328
SGSZ06,TPSZ11,3,0.9569256143054613,0.6923016103368586,4.64922722464232
SGSZ06,TPSZ12,2,0.5727820999612643,0.060518126885043474,2.6333002268463077
SGSZ06,TSSZ05,1,0.6188426053945102,0.0,1.6188426053945102
SGSZ06,WDSZ01,1,0.08474831580694135,0.0,1.0847483158069413
SGSZ06,WDSZ03,3,1.0268840635911771,0.0,4.026884063591178
SGSZ06,WDSZ06,2,0.3390089945096066,0.0,2.3390089945096064
SGSZ06,WDSZ09,1,0.17141607922900612,0.0,1.171416079229006
SGSZ06,YSSZ01,1,0.24589628823247717,0.0,1.2458962882324771
SGSZ06,YSSZ03,1,0.6766739868439687,0.0,1.6766739868439688
SGSZ06,YSSZ09,3,1.1674121402990807,0.0,4.1674121402990805
SGSZ07,AMSZ01,1,0.3133797413952766,0.0,1.3133797413952766
SGSZ07,AMSZ04,1,0.03736781766902506,0.0,1.037367817669025
SGSZ07,AMSZ11,1,0.007907359322221386,0.0,1.0079073593222214
SGSZ07,AMSZ12,1,0.06545768969918038,0.0,1.0654576896991803
SGSZ07,BDSZ05,1,0.27103911874681064,0.0,1.2710391187468106
SGSZ07,BLSZ01,1,0.17295992800717408,0.0,1.172959928007174
SGSZ07,BMSZ01,1,0.21208430439959153,0.0,1.2120843043995915
SGSZ07,BSSZ03,1,0.22627027456541357,0.12371284556218515,1.3499831201275987
SGSZ07,CLSZ04,1,0.1657807379053449,0.0,1.1657807379053449
SGSZ07,CLSZ09,1,0.04591597224561217,0.0,1.0459159722456122
SGSZ07,DTSZ02,1,0.09344109927015491,0.0,1.0934410992701549
SGSZ07,DTSZ03,2,0.3788927936736834,0.0,2.3788927936736832
SGSZ07,DTSZ04,1,0.0268846937206364,0.0,1.0268846937206364
SGSZ07,DTSZ05,6,0.4237973476622849,0.0,6.423797347662285
SGSZ07,DTSZ07,1,0.07753314045909629,0.0,1.0775331404590962
SGSZ07,DTSZ09,1,0.05308747974920298,0.0,1.053087479749203
SGSZ07,DTSZ11,3,0.15679981910944601,0.0,3.156799819109446
SGSZ07,DTSZ12,1,0.10293773784623765,0.0,1.1029377378462377
SGSZ07,GLSZ05,1,0.2816633167071972,0.0,1.2816633167071971
SGSZ07,HGSZ06,1,0.6482116527115046,0.10799611273374568,1.7562077654452504
SGSZ07,HGSZ08,1,0.2249412893906219,0.1211652827941644,1.3461065721847865
SGSZ07,HGSZ09,1,0.006529374449224092,0.0,1.006529374449224
SGSZ07,JWSZ04,1,0.2432771112629749,0.0,1.2432771112629748
SGSZ07,KLSZ01,1,0.303024137770502,0.06362851531210037,1.3666526530826024
SGSZ07,KLSZ03,2,0.01567054765850589,0.0,2.0156705476585057
SGSZ07,KLSZ06,1,0.2363568921858321,0.0,1.2363568921858321
SGSZ07,KLSZ08,1,0.17143126013731827,0.0,1.1714312601373182
SGSZ07,KLSZ09,1,0.032181785553936526,0.0,1.0321817855539366
SGSZ07,MUSZ03,1,0.020449488522218014,0.0,1.020449488522218
SGSZ07,NTSZ03,2,0.04128998395132379,0.0,2.041289983951324
SGSZ07,NVSZ02,1,0.27887898769504593,0.0,1.278878987695046
SGSZ07,ORSZ02,1,0.18999961914272445,0.0,1.1899996191427245
SGSZ07,ORSZ03,1,0.12225313352964005,0.0,1.12225313352964
SGSZ07,OTSZ03,5,0.5895980136287389,0.0,5.589598013628739
SGSZ07,QTSZ04,1,0.029331153960407804,0.0,1.0293311539604078
SGSZ07,QTSZ05,1,0.15753140049254394,0.0,1.1575314004925439
SGSZ07,QTSZ08,1,0.20056245806856812,0.0,1.200562458068568
SGSZ07,QTSZ11,5,0.3442464736787141,0.0,5.344246473678714
SGSZ07,QTSZ14,1,0.14242875274226052,0.0,1.1424287527422605
SGSZ07,RCSZ10,1,0.10070627466249495,0.0,1.100706274662495
SGSZ07,SESZ04,2,0.5637078477331271,0.0,2.563707847733127
SGSZ07,SGSZ04,1,0.4270616713572027,0.10744346929264399,1.5345051406498467
SGSZ07,SGSZ06,3,1.7509345638606129,0.9602682518310017,5.711202815691614
SGSZ07,SGSZ07,1,0.5321290309281703,10.44204942227215,11.97417845320032
SGSZ07,SRSZ02,1,0.029208383055589107,0.0,1.0292083830555891
SGSZ07,SRSZ03,1,0.11535801434991064,0.0,1.1153580143499107
SGSZ07,TMSZ03,1,0.4705253292658502,0.0,1.4705253292658502
SGSZ07,TMSZ05,2,0.3834678810933889,0.0,2.383467881093389
SGSZ07,TNSZ01,1,0.0941053484562191,0.0,1.094105348456219
SGSZ07,TPSZ01,2,0.056025906907012556,0.0,2.0560259069070126
SGSZ07,TPSZ06,2,0.22863156676285878,0.07335737668912591,2.3019889434519847
SGSZ07,YSSZ01,1,0.13674429288295725,0.0,1.1367442928829572
SISZ01,BDSZ04,1,0.7627346135875717,0.0,1.7627346135875717
SISZ01,BMSZ01,5,6.021667185712507,1.9999306647172865,13.021597850429792
SISZ01,BMSZ04,1,0.488125812891661,0.0,1.488125812891661
SISZ01,BTSZ01,2,1.096685820752248,0.0,3.0966858207522483
SISZ01,CLSZ07,1,0.3842271284685082,0.0,1.3842271284685082
SISZ01,GLSZ05,1,0.565482801684022,0.0,1.565482801684022
SISZ01,JESZ05,1,0.8806449220769849,0.0,1.8806449220769847
SISZ01,JWSZ04,1,0.800431714822756,0.0,1.800431714822756
SKSZ01,BKSZ02,1,0.2152703329188419,0.0,1.215270332918842
SKSZ01,MDSZ02,1,0.043492353572464525,0.0,1.0434923535724645
SKSZ01,QTSZ10,1,0.21227486253841374,0.0,1.2122748625384137
SKSZ01,SBSZ02,1,0.04200246177768485,0.0,1.0420024617776849
SKSZ01,SBSZ03,1,0.4072786689220725,0.0,1.4072786689220724
SKSZ01,SBSZ04,1,0.47594021264952824,0.0,1.4759402126495282
SKSZ01,SESZ03,1,0.40886755905698624,0.0,1.4088675590569864
SKSZ01,SKSZ02,1,0.0,0.0,1.0
SKSZ01,WDSZ02,1,0.3630716208801289,0.0,1.3630716208801288
SKSZ01,WDSZ03,3,0.9891335234106783,0.0,3.989133523410678
SKSZ01,WDSZ06,1,0.6968450352426794,0.0,1.6968450352426794
SKSZ01,YSSZ08,1,0.14582336902928048,0.0,1.1458233690292805
SKSZ02,CKSZ03,1,0.0,0.0,1.0
SKSZ02,JWSZ08,1,0.0,0.0,1.0
SKSZ02,WDSZ09,2,0.0,0.0,2.0
SKSZ03,BKSZ04,1,0.057800205273281155,0.0,1.0578002052732811
SKSZ03,BKSZ09,1,0.058274143168530086,0.0,1.05827414316853
SKSZ03,BSSZ01,1,0.07280171311811819,0.0,1.0728017131181182
SKSZ03,BTSZ03,1,0.05495780927807325,0.0,1.0549578092780731
SKSZ03,CKSZ03,1,0.09574575951224774,0.0,1.0957457595122477
SKSZ03,JESZ08,1,0.05186250471918905,0.0,1.051862504719189
SKSZ03,KLSZ02,1,0.014562228622957795,0.0,1.0145622286229579
SKSZ03,MDSZ03,1,0.0,0.0,1.0
SKSZ03,PNSZ02,1,0.0,0.0,1.0
SKSZ03,SBSZ03,1,0.07967686136560187,0.0,1.0796768613656018
SKSZ03,SKSZ04,1,0.02954049508561006,0.0,1.02954049508561
SKSZ03,TMSZ01,1,0.08426325243702905,0.0,1.084263252437029
SKSZ03,TMSZ03,1,0.08505885551560693,0.0,1.0850588555156069
SKSZ03,WDSZ02,1,0.06529619423121785,0.0,1.0652961942312178
SKSZ03,WDSZ03,1,0.11846517580893978,0.0,1.11846517580894
SKSZ03,WDSZ06,1,0.13169480186316962,0.0,1.1316948018631696
SKSZ04,CKSZ06,1,0.39537865026720626,0.0,1.3953786502672063
SKSZ04,CLSZ04,1,0.1776257995989168,0.0,1.1776257995989168
SKSZ04,JESZ05,1,0.5604189080810806,0.0,1.5604189080810806
SKSZ04,JWSZ09,1,0.4179715511804014,0.0,1.4179715511804014
SKSZ04,QTSZ02,1,0.05502461287259392,0.0,1.055024612872594
SKSZ04,WDSZ05,1,0.350296569161467,0.0,1.350296569161467
SKSZ04,YSSZ08,1,0.04328390883671938,0.0,1.0432839088367194
SKSZ05,CKSZ02,1,0.0,0.0,1.0
SKSZ05,CKSZ03,1,0.0,0.0,1.0
SKSZ05,WDSZ02,1,0.0,0.0,1.0
SLSZ01,BDSZ04,2,0.4962353555100948,0.0,2.4962353555100947
SLSZ01,CKSZ04,1,0.3851219513439419,0.0,1.385121951343942
SLSZ01,HGSZ04,1,0.35384220525160776,0.0,1.3538422052516077
SLSZ01,PGSZ03,1,0.3772559288125952,0.0,1.3772559288125952
SLSZ01,PGSZ04,1,0.9242250872844536,0.0,1.9242250872844537
SLSZ01,SBSZ03,1,0.4792301716117141,0.0,1.479230171611714
SLSZ01,SESZ06,1,0.9863102547618542,0.0,1.9863102547618543
SLSZ01,SGSZ03,1,0.36630718314358074,0.0,1.3663071831435807
SLSZ01,TMSZ01,1,0.6548575339875878,0.0,1.6548575339875877
SLSZ01,TPSZ04,1,0.10991156998946387,0.0,1.109911569989464
SLSZ01,WDSZ03,1,0.5192207629098882,0.0,1.5192207629098882
SLSZ01,YSSZ03,1,0.6975836871699514,0.0,1.6975836871699514
SLSZ01,YSSZ09,1,0.6498983082246763,0.0,1.6498983082246763
SRSZ01,BDSZ02,1,0.4330167212831533,0.0,1.4330167212831533
SRSZ01,BDSZ03,1,0.3873915774935943,0.0,1.3873915774935943
SRSZ01,BDSZ04,1,0.49519039783191293,0.0,1.495190397831913
SRSZ01,BDSZ06,1,0.6232283546895213,0.0,1.6232283546895214
SRSZ01,BMSZ01,1,0.4306813129552759,0.0,1.4306813129552758
SRSZ01,BMSZ04,2,0.8918918517099138,0.49497766949304794,3.386869521202962
SRSZ01,BTSZ01,1,0.41612505770811814,0.0,1.4161250577081181
SRSZ01,CLSZ04,1,0.37564079648435067,0.0,1.3756407964843507
SRSZ01,DTSZ03,3,0.3976056482397667,0.14582556268189967,3.5434312109216664
SRSZ01,DTSZ05,1,0.318757398631149,0.3239794800572791,1.642736878688428
SRSZ01,DTSZ06,1,0.03265031115068148,0.03606609054576279,1.0687164016964443
SRSZ01,DTSZ11,1,0.28733969832755674,0.23527833229125691,1.5226180306188135
SRSZ01,GLSZ04,1,1.0556324298819117,0.0,2.0556324298819115
SRSZ01,HGSZ02,1,0.3767428567852348,0.0,1.376742856785235
SRSZ01,HGSZ05,1,0.6511255606006763,0.0,1.6511255606006763
SRSZ01,JESZ01,1,0.23311805102862124,0.0,1.2331180510286213
SRSZ01,JESZ08,1,0.203179582233518,0.0,1.203179582233518
SRSZ01,JWSZ08,1,0.5181118429231963,0.0,1.5181118429231963
SRSZ01,KLSZ05,1,0.2838627112574088,0.0,1.2838627112574088
SRSZ01,KLSZ06,1,0.48489055220860744,0.10973301841432441,1.5946235706229317
SRSZ01,KLSZ07,2,0.6777467037375786,0.10111243817476287,2.778859141912341
SRSZ01,MUSZ01,1,0.10069047796514782,0.1197481075383086,1.2204385855034565
SRSZ01,NTSZ01,1,0.0,0.0,1.0
SRSZ01,NTSZ03,1,0.1515619244793847,0.07933253604476441,1.230894460524149
SRSZ01,ORSZ02,3,0.8797601195847243,0.20934976150227858,4.089109881087003
SRSZ01,OTSZ03,1,0.8050348535461562,0.4280004910070156,2.233035344553172
SRSZ01,PGSZ01,1,0.20702113514849355,0.0,1.2070211351484936
SRSZ01,PGSZ04,1,0.4895676572965616,0.0,1.4895676572965617
SRSZ01,QTSZ04,1,0.08667643654025159,0.0,1.0866764365402517
SRSZ01,QTSZ06,1,0.23072493167512947,0.0,1.2307249316751294
SRSZ01,QTSZ10,1,0.31681076895969845,0.0,1.3168107689596984
SRSZ01,RCSZ09,1,0.04493318136516528,0.11235218073178285,1.157285362096948
SRSZ01,RCSZ10,1,0.16280075944785657,0.08430284658429314,1.2471036060321499
SRSZ01,SBSZ01,1,0.2709971190293094,0.0,1.2709971190293095
SRSZ01,SGSZ07,1,0.21414694795951758,0.0,1.2141469479595175
SRSZ01,SRSZ01,2,0.8327279126225812,2.519771395086214,5.352499307708795
SRSZ01,TMSZ02,1,1.0469571399807125,0.0,2.0469571399807123
SRSZ01,TMSZ03,1,0.6109285402404536,0.0,1.6109285402404536
SRSZ01,TPSZ03,1,0.11454497737694339,0.0,1.1145449773769434
SRSZ01,TPSZ06,1,0.2852661033083709,0.0,1.2852661033083708
SRSZ01,WDSZ04,1,0.5749195963130618,0.0,1.5749195963130618
SRSZ02,AMSZ01,2,0.12814788390982249,0.0,2.1281478839098225
SRSZ02,AMSZ06,1,0.12677068187912727,0.0,1.1267706818791272
SRSZ02,BDSZ01,1,0.0796475173568822,0.0,1.0796475173568822
SRSZ02,BDSZ04,1,0.11909286131235367,0.0,1.1190928613123536
SRSZ02,BKSZ05,2,0.11127528750661053,0.0,2.1112752875066105
SRSZ02,BMSZ01,1,0.08880911442560101,0.0,1.088809114425601
SRSZ02,BMSZ04,1,0.08374119090523012,0.482350004162474,1.5660911950677041
SRSZ02,BMSZ08,2,0.0941802822540584,0.43461202041806535,2.528792302672124
SRSZ02,BMSZ14,1,0.03153445553368275,0.0,1.0315344555336827
SRSZ02,BPSZ01,2,0.05344620420731781,0.0,2.053446204207318
SRSZ02,BPSZ05,1,0.08289573769878268,0.0,1.0828957376987827
SRSZ02,BTSZ02,1,0.039498653796314835,0.0,1.039498653796315
SRSZ02,BTSZ06,1,0.015949639754890957,0.0,1.015949639754891
SRSZ02,CKSZ01,1,0.14679051124894468,0.0,1.1467905112489447
SRSZ02,CKSZ04,1,0.05018527323384738,0.0,1.0501852732338475
SRSZ02,CKSZ05,1,0.050944211657322123,0.0,1.0509442116573222
SRSZ02,CLSZ01,1,0.03351791407179701,0.0,1.033517914071797
SRSZ02,CLSZ04,1,0.0846912334034947,0.0,1.0846912334034946
SRSZ02,DTSZ02,2,0.07413682568361982,1.7522104732510633,3.8263472989346834
SRSZ02,DTSZ06,1,0.03093479603975154,0.20355682475775436,1.2344916207975059
SRSZ02,GLSZ05,1,0.10248625207445758,0.0,1.1024862520744576
SRSZ02,HGSZ04,1,0.07128447540253081,0.0,1.0712844754025308
SRSZ02,HGSZ05,1,0.12888952947915183,0.0,1.1288895294791519
SRSZ02,HGSZ06,1,0.1171646662191712,0.0,1.1171646662191712
SRSZ02,JESZ04,1,0.027037979634499307,0.0,1.0270379796344993
SRSZ02,JESZ05,1,0.08905618301720798,0.0,1.089056183017208
SRSZ02,JWSZ08,1,0.08494861195562614,0.0,1.0849486119556262
SRSZ02,MPSZ03,1,0.09716781857322368,0.0,1.0971678185732237
SRSZ02,NTSZ05,2,0.0,0.0,2.0
SRSZ02,ORSZ01,1,0.018006461465250253,0.0,1.0180064614652502
SRSZ02,ORSZ02,2,0.1693462606638172,0.3712358648328874,2.5405821254967047
SRSZ02,OTSZ03,1,0.07614613283061063,1.5760979527530756,2.6522440855836864
SRSZ02,OTSZ04,3,0.40541460771398813,5.1083722483055505,8.51378685601954
SRSZ02,PGSZ02,1,0.061723144115055056,0.0,1.061723144115055
SRSZ02,PGSZ03,2,0.056379730609671344,0.0,2.056379730609671
SRSZ02,PGSZ04,2,0.10982985691001253,0.0,2.1098298569100127
SRSZ02,PGSZ05,2,0.0993763945763617,0.0,2.0993763945763617
SRSZ02,RCSZ01,1,0.04015768470858647,0.07122369415612811,1.1113813788647147
SRSZ02,RCSZ08,1,0.0,0.0,1.0
SRSZ02,SBSZ01,1,0.042968638619047844,0.0,1.0429686386190478
SRSZ02,SBSZ03,1,0.08815466750299743,0.0,1.0881546675029974
SRSZ02,SBSZ04,1,0.06857018793345003,0.0,1.06857018793345
SRSZ02,SESZ03,1,0.11381462357102076,0.0,1.1138146235710207
SRSZ02,SESZ05,2,0.048429859476037784,0.0,2.048429859476038
SRSZ02,SESZ06,2,0.21677336194287458,0.0,2.2167733619428747
SRSZ02,SGSZ03,1,0.06122873897991188,0.0,1.0612287389799118
SRSZ02,SGSZ04,2,0.20481773276445342,0.0,2.2048177327644534
SRSZ02,TMSZ02,1,0.14164621893280357,0.0,1.1416462189328036
SRSZ02,TMSZ03,3,0.2525284818669348,0.0,3.2525284818669347
SRSZ02,TNSZ01,1,0.027192667721406934,0.0,1.027192667721407
SRSZ02,TNSZ04,1,0.06833495125660276,0.0,1.0683349512566027
SRSZ02,TPSZ09,2,0.0307529212776322,0.0,2.030752921277632
SRSZ02,WCSZ01,1,0.05922409835172005,0.0,1.05922409835172
SRSZ02,WDSZ03,1,0.09392726746775452,0.0,1.0939272674677545
SRSZ02,YSSZ02,1,0.03639568958734954,0.0,1.0363956895873496
SRSZ02,YSSZ03,2,0.15271219916936193,0.0,2.152712199169362
SRSZ02,YSSZ08,1,0.011921627749999926,0.0,1.0119216277499998
SRSZ03,BDSZ01,1,0.04023044487030213,0.0,1.0402304448703021
SRSZ03,BKSZ07,1,0.04350874892289471,0.0,1.0435087489228947
SRSZ03,BKSZ08,1,0.008326165173282376,0.0,1.0083261651732824
SRSZ03,BKSZ09,1,0.03381058393232606,0.0,1.0338105839323262
SRSZ03,BPSZ05,1,0.04933700573269037,0.0,1.0493370057326903
SRSZ03,CKSZ04,1,0.06120700080318478,0.0,1.0612070008031849
SRSZ03,CKSZ06,1,0.022833836551947165,0.0,1.0228338365519472
SRSZ03,DTSZ02,1,0.026461375911736956,0.6591467508032754,1.6856081267150125
SRSZ03,DTSZ12,1,0.07667090508125368,0.18246545780501738,1.259136362886271
SRSZ03,HGSZ06,1,0.0629443951268049,0.0,1.062944395126805
SRSZ03,JWSZ08,1,0.03701972392175495,0.0,1.037019723921755
SRSZ03,JWSZ09,1,0.05894360277717177,0.0,1.0589436027771717
SRSZ03,KLSZ03,1,0.015161215330954684,0.0,1.0151612153309546
SRSZ03,MUSZ01,1,0.0376398101547493,0.3073499878508411,1.3449897980055905
SRSZ03,NVSZ01,1,0.13096782562637355,0.0,1.1309678256263735
SRSZ03,ORSZ03,1,0.031899745971417384,0.43574676151237113,1.4676465074837886
SRSZ03,OTSZ03,1,0.026535429039457607,1.4151888946486662,2.441724323688124
SRSZ03,QTSZ15,1,0.02492359005672679,0.0,1.0249235900567268
SRSZ03,SBSZ03,1,0.04581953046116701,0.0,1.045819530461167
SRSZ03,TMSZ03,1,0.07551590838266654,0.0,1.0755159083826666
SRSZ03,WDSZ03,2,0.09024315617085879,0.0,2.090243156170859
SVSZ01,BKSZ05,1,0.0,0.0,1.0
SVSZ01,BPSZ04,1,0.0,0.0,1.0
SVSZ01,DTSZ02,1,0.0,0.0,1.0
SVSZ01,JWSZ03,1,0.0,0.0,1.0
SVSZ01,WDSZ06,1,0.0,0.0,1.0
SVSZ01,YSSZ08,1,0.0,0.0,1.0
SVSZ01,YSSZ09,1,0.0,0.0,1.0
THSZ01,BKSZ06,1,0.0,0.0,1.0
THSZ01,BSSZ01,1,0.0,0.0,1.0
THSZ01,BTSZ07,1,0.0,0.0,1.0
THSZ01,JWSZ06,1,0.0,0.0,1.0
THSZ01,SBSZ03,1,0.0,0.0,1.0
TMSZ01,AMSZ01,1,0.395279451485393,0.0,1.395279451485393
TMSZ01,AMSZ06,1,0.331463826898858,0.0,1.3314638268988581
TMSZ01,BDSZ03,1,0.5808346614037,0.0,1.5808346614037
TMSZ01,BDSZ04,2,2.1237527329467643,0.0,4.123752732946764
TMSZ01,BKSZ03,1,0.14163415034885388,0.0,1.1416341503488538
TMSZ01,BMSZ03,1,0.30815442825928774,0.0,1.3081544282592876
TMSZ01,BMSZ05,2,0.35484287232948514,0.0,2.354842872329485
TMSZ01,BMSZ12,1,0.24045102311119881,0.0,1.240451023111199
TMSZ01,CHSZ01,1,0.15557057606674782,0.0,1.1555705760667478
TMSZ01,CHSZ03,1,0.5686355690306633,0.0,1.5686355690306633
TMSZ01,DTSZ05,3,0.3972218227492256,0.0,3.3972218227492257
TMSZ01,DTSZ08,2,0.2406193190335891,0.0,2.240619319033589
TMSZ01,DTSZ09,1,0.1569838107915105,0.0,1.1569838107915105
TMSZ01,DTSZ10,1,0.0411740184420923,0.0,1.0411740184420923
TMSZ01,DTSZ11,1,0.30355543930376144,0.0,1.3035554393037614
TMSZ01,GLSZ04,1,0.6158071380530377,0.0,1.6158071380530377
TMSZ01,HGSZ01,1,0.30216389881184436,0.0,1.3021638988118442
TMSZ01,HGSZ07,1,0.37441738581223716,0.0,1.374417385812237
TMSZ01,JESZ05,1,0.3491047995073528,0.0,1.3491047995073528
TMSZ01,KLSZ05,1,0.19023928453255923,0.0,1.1902392845325593
TMSZ01,KLSZ09,1,0.05910681459324192,0.0,1.0591068145932419
TMSZ01,NTSZ03,1,0.08440996642471046,0.0,1.0844099664247104
TMSZ01,ORSZ02,1,0.36032603492565174,0.0,1.3603260349256519
TMSZ01,OTSZ01,1,0.04378028961313722,0.0,1.0437802896131372
TMSZ01,OTSZ03,4,0.6894553940245914,0.0,4.689455394024591
TMSZ01,OTSZ04,1,0.09184294761267049,0.0,1.0918429476126705
TMSZ01,PGSZ02,1,0.2966820226730583,0.0,1.2966820226730582
TMSZ01,PGSZ04,2,1.5427695488645463,0.0,3.5427695488645465
TMSZ01,PGSZ05,1,0.5649873765078388,0.0,1.5649873765078388
TMSZ01,PRSZ02,1,0.9038126896297168,0.6643247898998946,2.5681374795296112
TMSZ01,PRSZ03,4,1.8885614197626317,1.3167599193237456,7.205321339086377
TMSZ01,QTSZ10,1,0.3090868481739198,0.0,1.3090868481739197
TMSZ01,QTSZ14,1,0.26849140539545613,0.0,1.2684914053954561
TMSZ01,RCSZ10,1,0.14739233026685417,0.0,1.1473923302668543
TMSZ01,RVSZ02,1,0.0,0.0,1.0
TMSZ01,SESZ02,1,0.60755841238789,0.0,1.60755841238789
TMSZ01,SESZ03,1,0.9621449961982231,0.0,1.9621449961982231
TMSZ01,SGSZ02,1,0.15197784688261026,0.0,1.1519778468826103
TMSZ01,SKSZ03,1,0.10022291090037222,0.0,1.1002229109003723
TMSZ01,SLSZ01,1,0.19126784796169966,0.0,1.1912678479616996
TMSZ01,TMSZ01,1,0.7634291166072444,2.853099948673745,4.616529065280989
TMSZ01,TMSZ02,19,6.852635342321088,3.358417321118786,29.211052663439872
TMSZ01,TMSZ03,7,2.522762372342157,1.5170895075828232,11.039851879924981
TMSZ01,TMSZ04,11,2.525001640905181,1.2899467224623575,14.814948363367538
TMSZ01,TMSZ05,2,0.5750924206782413,0.0,2.5750924206782413
TMSZ01,WCSZ01,1,0.3252957954421375,0.0,1.3252957954421376
TMSZ02,AMSZ01,3,3.453717434528961,0.0,6.453717434528961
TMSZ02,AMSZ03,1,0.8875736497859027,0.0,1.8875736497859026
TMSZ02,AMSZ12,1,0.38531955657245476,0.0,1.3853195565724548
TMSZ02,BDSZ01,7,1.8845222557424912,0.0,8.88452225574249
TMSZ02,BDSZ02,2,3.278560831019915,0.3493999449899643,5.627960776009879
TMSZ02,BDSZ03,2,1.428181532815655,0.0,3.428181532815655
TMSZ02,BDSZ04,28,16.7316049078122,4.5255112088209195,49.257116116633114
TMSZ02,BDSZ06,4,3.020863095028813,0.0,7.020863095028814
TMSZ02,BDSZ07,1,1.2160288443778184,0.0,2.2160288443778184
TMSZ02,BMSZ02,2,1.583616272535279,0.0,3.583616272535279
TMSZ02,BMSZ05,6,1.3258823962602315,0.0,7.325882396260232
TMSZ02,BMSZ07,1,1.7014809600256704,0.0,2.7014809600256706
TMSZ02,BMSZ08,1,0.5873654208691614,0.0,1.5873654208691614
TMSZ02,BMSZ09,1,0.29925468456973237,0.0,1.2992546845697324
TMSZ02,BMSZ12,1,0.892379756672042,0.0,1.892379756672042
TMSZ02,BMSZ13,1,0.4947152271715233,0.0,1.4947152271715232
TMSZ02,BPSZ04,1,0.35181433388351124,0.0,1.3518143338835111
TMSZ02,BPSZ05,1,1.0559559815402757,0.0,2.0559559815402757
TMSZ02,BSSZ02,1,1.2516633885559374,0.0,2.2516633885559374
TMSZ02,BSSZ03,2,2.033717834590189,0.0,4.033717834590189
TMSZ02,BTSZ01,6,4.870321118500801,0.0,10.8703211185008
TMSZ02,BTSZ05,1,0.41092541187306075,0.0,1.4109254118730608
TMSZ02,CHSZ02,14,2.6428870080307902,0.0,16.64288700803079
TMSZ02,CHSZ03,10,5.334284534115738,0.0,15.334284534115739
TMSZ02,CKSZ03,1,0.5933620326324021,0.0,1.593362032632402
TMSZ02,CLSZ01,1,0.8340602475393705,0.0,1.8340602475393704
TMSZ02,CLSZ04,1,0.4721733405299541,0.0,1.4721733405299542
TMSZ02,DTSZ01,4,1.2911322166175092,0.0,5.291132216617509
TMSZ02,DTSZ02,7,1.1743541435117995,0.0,8.174354143511799
TMSZ02,DTSZ03,9,1.7601903235354313,0.0,10.760190323535431
TMSZ02,DTSZ05,8,1.1444586465473003,0.0,9.1444586465473
TMSZ02,DTSZ06,1,0.19897696055485822,0.0,1.1989769605548581
TMSZ02,DTSZ08,7,1.2032355993123762,0.0,8.203235599312377
TMSZ02,DTSZ09,3,0.6220081248919084,0.0,3.6220081248919085
TMSZ02,DTSZ11,12,0.954263981019535,0.0,12.954263981019535
TMSZ02,DTSZ12,1,0.4715410960200041,0.0,1.4715410960200042
TMSZ02,GLSZ01,4,1.1671583332139595,0.0,5.167158333213959
TMSZ02,GLSZ02,3,1.5861390928633854,0.0,4.586139092863386
TMSZ02,GLSZ03,11,2.4695976100105934,0.0,13.469597610010593
TMSZ02,GLSZ04,6,2.9375584820328613,0.0,8.93755848203286
TMSZ02,GLSZ05,5,4.991399800163914,0.0,9.991399800163915
TMSZ02,HGSZ02,1,1.0363127323235066,0.0,2.0363127323235064
TMSZ02,HGSZ05,2,1.9817980048973967,0.0,3.9817980048973967
TMSZ02,HGSZ08,4,2.360216028683408,0.0,6.360216028683408
TMSZ02,JESZ03,1,1.0782746051891423,0.0,2.0782746051891423
TMSZ02,JESZ05,1,1.7954603686246764,0.0,2.7954603686246764
TMSZ02,JWSZ01,1,0.2399822339725901,0.0,1.23998223397259
TMSZ02,JWSZ02,1,1.0385241620645276,0.0,2.038524162064528
TMSZ02,JWSZ06,1,0.9433239869961719,0.0,1.9433239869961718
TMSZ02,JWSZ07,1,0.46740783033445316,0.0,1.467407830334453
TMSZ02,JWSZ09,1,1.5501117811297505,0.0,2.5501117811297505
TMSZ02,KLSZ02,1,0.5278987443792317,0.0,1.5278987443792316
TMSZ02,KLSZ04,1,0.0,0.0,1.0
TMSZ02,KLSZ05,2,1.0422698318183217,0.0,3.042269831818322
TMSZ02,KLSZ06,2,1.1026091014346053,0.0,3.1026091014346053
TMSZ02,KLSZ08,4,1.2866181531638419,0.0,5.286618153163841
TMSZ02,KLSZ09,2,0.6456780591184581,0.0,2.645678059118458
TMSZ02,MPSZ01,2,1.6129454302793282,0.0,3.6129454302793285
TMSZ02,MPSZ03,1,1.6279466197759789,0.0,2.6279466197759787
TMSZ02,MSSZ01,1,0.0,0.0,1.0
TMSZ02,MUSZ01,1,0.5887124838064652,0.0,1.5887124838064652
TMSZ02,MUSZ03,3,0.2436521069883308,0.0,3.2436521069883306
TMSZ02,NTSZ03,5,0.26337086811922716,0.0,5.263370868119227
TMSZ02,NVSZ01,1,1.7842912568316516,0.0,2.7842912568316516
TMSZ02,NVSZ02,6,1.610407886418359,0.0,7.6104078864183595
TMSZ02,NVSZ03,1,0.3958723226635613,0.0,1.3958723226635614
TMSZ02,ORSZ01,2,0.45334893849902047,0.0,2.4533489384990204
TMSZ02,ORSZ02,4,1.6245326474432271,0.0,5.624532647443227
TMSZ02,ORSZ03,3,0.8874122240335913,0.0,3.887412224033591
TMSZ02,OTSZ01,1,0.16507203382411093,0.0,1.165072033824111
TMSZ02,OTSZ03,11,2.538382567625577,0.0,13.538382567625577
TMSZ02,OTSZ04,7,0.5883087548076309,0.0,7.588308754807631
TMSZ02,PGSZ02,1,1.1873059036799165,0.0,2.1873059036799165
TMSZ02,PGSZ03,1,0.9409892366441207,0.0,1.9409892366441208
TMSZ02,PGSZ04,3,1.6684137376411996,0.0,4.6684137376412
TMSZ02,PLSZ01,5,0.7864663570990209,0.0,5.786466357099021
TMSZ02,PLSZ03,1,0.3602776740806672,0.0,1.3602776740806672
TMSZ02,PLSZ04,4,0.2780541630557308,0.0,4.278054163055731
TMSZ02,PNSZ01,1,0.6119988559353967,0.0,1.6119988559353966
TMSZ02,PNSZ05,2,0.4681608816502001,0.0,2.4681608816502
TMSZ02,PRSZ01,1,0.0,0.0,1.0
TMSZ02,PRSZ02,3,1.5907684810690064,1.3090442944129046,5.899812775481911
TMSZ02,PRSZ03,12,2.542236783755152,2.930221285238646,17.4724580689938
TMSZ02,PRSZ04,4,0.9449976896601582,0.6439498672955937,5.588947556955752
TMSZ02,PRSZ05,7,4.496719207659103,1.866058567075032,13.362777774734134
TMSZ02,PRSZ06,7,1.8157073918421816,0.0,8.815707391842182
TMSZ02,PRSZ07,1,1.2278011679008132,0.0,2.227801167900813
TMSZ02,PRSZ08,5,2.5151930544107706,0.18557863232265837,7.70077168673343
TMSZ02,QTSZ01,1,0.5548458500834036,0.0,1.5548458500834035
TMSZ02,QTSZ08,4,2.122211305020815,0.0,6.122211305020815
TMSZ02,QTSZ09,1,0.060875111200639626,0.0,1.0608751112006396
TMSZ02,QTSZ11,5,2.968101608604591,0.0,7.9681016086045915
TMSZ02,QTSZ13,1,1.012474878772077,0.0,2.012474878772077
TMSZ02,QTSZ14,2,0.9441792146318873,0.0,2.9441792146318875
TMSZ02,RCSZ01,1,0.3535779132116747,0.0,1.3535779132116748
TMSZ02,RCSZ05,1,0.2329402630431445,0.0,1.2329402630431445
TMSZ02,RCSZ08,1,0.0,0.0,1.0
TMSZ02,RCSZ09,4,0.5691785599934889,0.0,4.569178559993489
TMSZ02,RCSZ10,1,0.7934056642822825,0.0,1.7934056642822824
TMSZ02,SBSZ03,1,0.7854940753615256,0.0,1.7854940753615256
TMSZ02,SESZ02,1,1.2638353879213973,0.0,2.2638353879213975
TMSZ02,SESZ03,3,1.6318046943690259,0.0,4.631804694369026
TMSZ02,SESZ04,2,1.6800878200143152,0.0,3.6800878200143154
TMSZ02,SESZ06,3,1.9600946426937833,0.0,4.960094642693783
TMSZ02,SGSZ04,2,2.6416413550106665,0.0,4.641641355010666
TMSZ02,SGSZ05,1,0.4540833155733342,0.0,1.4540833155733341
TMSZ02,SGSZ06,2,1.2258073783468044,0.0,3.225807378346804
TMSZ02,SISZ01,1,0.9060248533515539,0.0,1.9060248533515538
TMSZ02,SRSZ01,1,0.8229133288534066,0.0,1.8229133288534065
TMSZ02,SRSZ02,1,0.3208699706598383,0.0,1.3208699706598384
TMSZ02,TMSZ01,14,3.7869273715785683,3.1410530201611397,20.92798039173971
TMSZ02,TMSZ02,92,36.483484530319124,127.08537947894203,255.56886400926115
TMSZ02,TMSZ03,31,5.87845099813548,7.277841393446516,44.15629239158199
TMSZ02,TMSZ04,36,12.74229058894568,5.68056244176542,54.422853030711096
TMSZ02,TMSZ05,13,2.872847168229096,2.0002362190316254,17.87308338726072
TMSZ02,TPSZ02,1,0.9487327471245416,0.0,1.9487327471245415
TMSZ02,TPSZ06,2,1.6486463667084077,0.0,3.648646366708408
TMSZ02,TPSZ11,1,0.7614277968925314,0.0,1.7614277968925314
TMSZ02,TPSZ12,3,0.9161402885906654,0.0,3.9161402885906655
TMSZ02,WCSZ01,7,4.04839569043809,0.0,11.04839569043809
TMSZ02,WDSZ01,1,0.22861918785146607,0.0,1.228619187851466
TMSZ02,WDSZ02,1,0.7736175924755251,0.0,1.773617592475525
TMSZ02,WDSZ03,1,0.894788280825146,0.0,1.894788280825146
TMSZ02,WDSZ07,1,0.26416545725829726,0.0,1.2641654572582972
TMSZ02,YSSZ01,1,1.2861426200551411,0.0,2.2861426200551414
TMSZ02,YSSZ02,2,1.0651763888189076,0.0,3.065176388818908
TMSZ02,YSSZ03,1,0.9812165100515403,0.0,1.9812165100515404
TMSZ02,YSSZ04,1,0.8879012832269964,0.0,1.8879012832269964
TMSZ02,YSSZ07,1,0.36253619961142186,0.0,1.3625361996114218
TMSZ02,YSSZ08,3,0.9539669227278332,0.0,3.953966922727833
TMSZ03,AMSZ01,4,2.303396819013352,0.0,6.3033968190133525
TMSZ03,AMSZ04,2,0.24982129796499045,0.0,2.2498212979649903
TMSZ03,AMSZ08,1,0.236443222757504,0.0,1.236443222757504
TMSZ03,BDSZ01,5,1.8181575482938928,0.6149606185942256,7.433118166888119
TMSZ03,BDSZ02,2,3.7349680228113216,0.8357190862830859,6.570687109094407
TMSZ03,BDSZ03,5,1.604414605875773,0.8846615962495279,7.4890762021253
TMSZ03,BDSZ04,8,4.337854668849478,1.891538325799558,14.229392994649036
TMSZ03,BDSZ05,3,2.738046536025294,0.0,5.738046536025294
TMSZ03,BDSZ06,5,2.731515487461989,1.4644463488767145,9.195961836338704
TMSZ03,BKSZ01,1,0.1586886868553418,0.0,1.1586886868553419
TMSZ03,BKSZ02,1,0.02403419681795814,0.0,1.024034196817958
TMSZ03,BKSZ05,3,1.174432926014101,0.0,4.174432926014101
TMSZ03,BKSZ09,1,0.46755596774431,0.0,1.46755596774431
TMSZ03,BMSZ01,1,0.7773414756939232,0.0,1.7773414756939232
TMSZ03,BMSZ02,1,0.598206660338352,0.0,1.598206660338352
TMSZ03,BMSZ04,1,0.5515299367193341,0.0,1.551529936719334
TMSZ03,BMSZ05,2,0.8666476007204655,0.0,2.8666476007204658
TMSZ03,BPSZ03,1,0.2689157709904816,0.0,1.2689157709904815
TMSZ03,BSSZ01,1,1.4883528322476982,0.0,2.488352832247698
TMSZ03,BTSZ01,1,1.3080925070041263,0.0,2.308092507004126
TMSZ03,CHSZ03,10,6.094279292133763,0.0,16.094279292133763
TMSZ03,CLSZ03,1,0.5369873682495981,0.0,1.5369873682495983
TMSZ03,CLSZ09,1,0.1195409152663296,0.0,1.1195409152663296
TMSZ03,DTSZ02,7,1.1809039658470775,0.0,8.180903965847078
TMSZ03,DTSZ03,5,1.6942111326560927,0.0,6.6942111326560925
TMSZ03,DTSZ05,9,1.1613026525646455,0.0,10.161302652564645
TMSZ03,DTSZ06,1,0.05401132588577771,0.0,1.0540113258857777
TMSZ03,DTSZ07,1,0.5512752083661099,0.0,1.5512752083661099
TMSZ03,DTSZ08,6,0.8921746746504018,0.0,6.892174674650402
TMSZ03,DTSZ09,3,0.3379591302116089,0.0,3.3379591302116087
TMSZ03,DTSZ11,4,0.6581853685255853,0.0,4.658185368525586
TMSZ03,DTSZ12,2,0.6933523493244268,0.0,2.6933523493244267
TMSZ03,GLSZ01,1,0.8760460338953213,0.0,1.8760460338953213
TMSZ03,GLSZ02,2,0.9653771710531538,0.0,2.965377171053154
TMSZ03,GLSZ03,7,2.567369358294768,0.0,9.567369358294767
TMSZ03,GLSZ04,1,1.9897950914974116,0.0,2.9897950914974114
TMSZ03,GLSZ05,7,3.8849294719506067,0.0,10.884929471950606
TMSZ03,HGSZ02,2,1.4361788644281706,0.0,3.4361788644281708
TMSZ03,HGSZ03,1,0.9377897739319799,0.0,1.9377897739319798
TMSZ03,HGSZ06,1,1.6089129963600377,0.0,2.6089129963600377
TMSZ03,HGSZ07,1,0.6330342390416808,0.0,1.6330342390416808
TMSZ03,HGSZ08,1,1.138787322192347,0.0,2.1387873221923472
TMSZ03,JESZ05,2,1.708880681090552,0.0,3.7088806810905517
TMSZ03,JWSZ04,1,0.7080830991084293,0.0,1.7080830991084293
TMSZ03,JWSZ07,1,0.17514833393571214,0.0,1.175148333935712
TMSZ03,KLSZ05,1,0.6877922853697761,0.0,1.6877922853697762
TMSZ03,KLSZ06,2,0.9818212199473177,0.0,2.9818212199473177
TMSZ03,KLSZ07,1,1.0701038425186546,0.0,2.0701038425186544
TMSZ03,KLSZ08,2,0.824208817388869,0.0,2.824208817388869
TMSZ03,MPSZ01,1,0.5988680874798081,0.0,1.5988680874798082
TMSZ03,MPSZ02,1,1.5455559138406423,0.0,2.5455559138406425
TMSZ03,MPSZ03,2,1.9012671144142785,0.0,3.9012671144142788
TMSZ03,MUSZ02,2,0.0,0.0,2.0
TMSZ03,MUSZ03,7,0.28357939799108883,0.0,7.2835793979910886
TMSZ03,NVSZ02,2,1.6224212798373574,0.0,3.6224212798373574
TMSZ03,ORSZ01,1,0.08487382169865067,0.0,1.0848738216986507
TMSZ03,ORSZ02,6,1.1999462790262339,0.0,7.199946279026234
TMSZ03,ORSZ03,2,0.6991106866646033,0.0,2.6991106866646035
TMSZ03,OTSZ03,7,1.392104245233898,0.0,8.392104245233899
TMSZ03,PGSZ02,1,1.2200980368445191,0.0,2.220098036844519
TMSZ03,PGSZ03,3,1.0746056319194013,0.0,4.074605631919401
TMSZ03,PGSZ04,2,2.2806450837796586,0.0,4.280645083779659
TMSZ03,PGSZ05,2,1.534351613853988,0.0,3.534351613853988
TMSZ03,PLSZ01,2,0.5140951255838381,0.0,2.514095125583838
TMSZ03,PLSZ03,1,0.1346031757009423,0.0,1.1346031757009423
TMSZ03,PLSZ04,3,0.3380081588690911,0.0,3.338008158869091
TMSZ03,PNSZ01,1,0.3109800066650924,0.0,1.3109800066650923
TMSZ03,PNSZ05,1,0.08347178574417116,0.0,1.0834717857441711
TMSZ03,PRSZ02,2,1.4509534453701378,0.8639853514984207,4.314938796868558
TMSZ03,PRSZ03,5,2.074271372495984,1.5140979636535123,8.588369336149496
TMSZ03,PRSZ05,6,4.68771536199159,1.6569087194636936,12.344624081455283
TMSZ03,PRSZ07,1,0.4784004491571535,0.0,1.4784004491571534
TMSZ03,PRSZ08,1,0.8243159324589346,0.0,1.8243159324589346
TMSZ03,QTSZ08,5,1.2321228173600476,0.0,6.232122817360048
TMSZ03,QTSZ09,1,0.09082910103953552,0.0,1.0908291010395355
TMSZ03,QTSZ10,2,1.5161814282648773,0.0,3.5161814282648773
TMSZ03,QTSZ11,2,1.0034737833391407,0.0,3.0034737833391407
TMSZ03,QTSZ13,1,0.6910200206970024,0.0,1.6910200206970023
TMSZ03,RCSZ01,1,0.3293930917618762,0.0,1.3293930917618761
TMSZ03,RCSZ10,2,0.627046920128201,0.0,2.627046920128201
TMSZ03,RVSZ05,2,0.5183235342508231,0.0,2.5183235342508232
TMSZ03,SBSZ03,1,0.7142386013974562,0.0,1.7142386013974562
TMSZ03,SESZ02,2,1.8573327935829118,0.0,3.857332793582912
TMSZ03,SESZ03,5,2.0030164648405786,0.0,7.003016464840579
TMSZ03,SESZ04,2,1.5588395405538789,0.0,3.558839540553879
TMSZ03,SGSZ03,1,1.0249238891020858,0.0,2.0249238891020855
TMSZ03,SGSZ04,1,2.283441644520922,0.0,3.283441644520922
TMSZ03,SKSZ03,1,0.1606315234829121,0.0,1.160631523482912
TMSZ03,SRSZ01,1,0.5939995754409675,0.0,1.5939995754409675
TMSZ03,SRSZ02,3,0.3891015555459332,0.0,3.389101555545933
TMSZ03,SRSZ03,1,0.4400239205057163,0.0,1.4400239205057164
TMSZ03,TMSZ01,5,1.8155021753327332,1.2398964243770287,8.055398599709763
TMSZ03,TMSZ02,45,12.176259947014051,8.271363320406978,65.44762326742104
TMSZ03,TMSZ03,25,9.02556964402426,66.09434951007285,100.1199191540971
TMSZ03,TMSZ04,18,7.91190789822511,1.665212263229191,27.5771201614543
TMSZ03,TMSZ05,5,2.800424994856908,0.0,7.8004249948569075
TMSZ03,TNSZ03,1,0.0695496745808101,0.0,1.0695496745808102
TMSZ03,TPSZ05,1,0.3465611793497078,0.0,1.3465611793497079
TMSZ03,TPSZ06,2,1.2201011135269701,0.0,3.22010111352697
TMSZ03,TPSZ10,1,0.45747312686146124,0.0,1.4574731268614611
TMSZ03,TSSZ05,1,1.0214742033784698,0.0,2.02147420337847
TMSZ03,WDSZ01,3,0.26967437787253823,0.0,3.2696743778725383
TMSZ03,WDSZ02,2,0.7777517873878347,0.0,2.777751787387835
TMSZ03,WDSZ03,1,0.9796693457231466,0.0,1.9796693457231465
TMSZ03,WDSZ04,1,0.30098966448221526,0.0,1.3009896644822152
TMSZ03,WDSZ05,1,0.25690027254894815,0.0,1.2569002725489482
TMSZ03,WDSZ08,1,0.45926828193916386,0.0,1.4592682819391638
TMSZ03,YSSZ01,1,1.1358813446207705,0.0,2.1358813446207705
TMSZ04,AMSZ01,1,0.9745589763791154,0.0,1.9745589763791154
TMSZ04,AMSZ02,1,0.5008681514543811,0.0,1.5008681514543811
TMSZ04,AMSZ03,1,0.4525504631325584,0.0,1.4525504631325585
TMSZ04,AMSZ09,1,0.31051122225042954,0.0,1.3105112222504296
TMSZ04,BDSZ01,5,1.279928649291816,0.0,6.279928649291816
TMSZ04,BDSZ02,1,1.4881197880982056,0.18941671762461465,2.67753650572282
TMSZ04,BDSZ03,2,1.1461172721305117,0.0,3.1461172721305117
TMSZ04,BDSZ04,28,12.341262731556288,5.518638181677616,45.8599009132339
TMSZ04,BDSZ05,2,1.3934067124952152,0.0,3.3934067124952154
TMSZ04,BDSZ06,5,2.652901069559928,1.3040680215693905,8.956969091129318
TMSZ04,BDSZ07,1,0.7039626449736788,0.0,1.7039626449736787
TMSZ04,BKSZ05,1,0.4184610251362649,0.0,1.4184610251362648
TMSZ04,BKSZ08,1,0.0,0.0,1.0
TMSZ04,BMSZ01,1,0.6615026215903088,0.0,1.6615026215903088
TMSZ04,BMSZ02,1,0.47036703022909754,0.0,1.4703670302290974
TMSZ04,BMSZ05,1,0.8684427706093171,0.0,1.8684427706093172
TMSZ04,BMSZ07,1,1.029035653884093,0.0,2.029035653884093
TMSZ04,BMSZ17,1,0.25044330274770993,0.0,1.25044330274771
TMSZ04,BPSZ04,3,0.261979772798021,0.0,3.261979772798021
TMSZ04,BPSZ05,1,0.8901769617967729,0.0,1.8901769617967727
TMSZ04,BSSZ03,1,1.0959768175857392,0.0,2.095976817585739
TMSZ04,BTSZ01,3,1.2710399756289874,0.0,4.271039975628987
TMSZ04,BTSZ05,1,0.1391376837219168,0.0,1.1391376837219167
TMSZ04,BTSZ06,2,0.4060567885850405,0.0,2.4060567885850404
TMSZ04,CHSZ02,4,0.6903667953124885,0.0,4.690366795312489
TMSZ04,CHSZ03,7,2.613987788517278,0.0,9.613987788517278
TMSZ04,CKSZ03,1,0.6035617365952657,0.0,1.6035617365952657
TMSZ04,CLSZ04,1,0.43106820355688746,0.0,1.4310682035568876
TMSZ04,DTSZ01,1,1.1331597364230404,0.0,2.1331597364230404
TMSZ04,DTSZ02,5,0.8563665050416223,0.0,5.856366505041622
TMSZ04,DTSZ03,3,1.622306181596843,0.0,4.6223061815968425
TMSZ04,DTSZ05,11,0.6028222384382256,0.0,11.602822238438225
TMSZ04,DTSZ07,1,0.40294367339053,0.0,1.40294367339053
TMSZ04,DTSZ08,4,0.5978810574504648,0.0,4.597881057450465
TMSZ04,DTSZ09,2,0.22693774028117816,0.0,2.226937740281178
TMSZ04,DTSZ11,4,0.6064834827297463,0.0,4.606483482729747
TMSZ04,DTSZ12,2,0.47156024711861877,0.0,2.4715602471186187
TMSZ04,GLSZ02,4,1.1067922180640422,0.0,5.106792218064042
TMSZ04,GLSZ03,2,1.145940318016266,0.0,3.145940318016266
TMSZ04,GLSZ04,3,2.0882408157635317,0.0,5.088240815763532
TMSZ04,GLSZ05,3,2.215233121952169,0.0,5.215233121952169
TMSZ04,HGSZ01,1,0.6724324962902926,0.0,1.6724324962902926
TMSZ04,HGSZ02,1,0.6757295393810561,0.0,1.675729539381056
TMSZ04,HGSZ03,1,0.6205893759678491,0.0,1.6205893759678491
TMSZ04,HGSZ04,2,1.0443652741956098,0.0,3.0443652741956098
TMSZ04,HGSZ05,2,0.9772327015901648,0.0,2.977232701590165
TMSZ04,HGSZ06,5,1.824527583290994,0.0,6.824527583290994
TMSZ04,HGSZ07,1,0.5439914464635174,0.0,1.5439914464635174
TMSZ04,HGSZ08,2,1.0062322471754401,0.0,3.00623224717544
TMSZ04,JWSZ03,1,0.473787492513067,0.0,1.473787492513067
TMSZ04,JWSZ08,3,0.895759613626491,0.0,3.895759613626491
TMSZ04,JWSZ09,1,1.284646265265149,0.0,2.284646265265149
TMSZ04,KLSZ01,2,0.9882532054787407,0.0,2.988253205478741
TMSZ04,KLSZ06,2,0.8332180918326416,0.0,2.8332180918326415
TMSZ04,KLSZ08,1,0.7331986893328415,0.0,1.7331986893328415
TMSZ04,MPSZ02,1,1.0882426221672752,0.0,2.088242622167275
TMSZ04,MPSZ03,2,1.7128976666078093,0.0,3.7128976666078093
TMSZ04,NVSZ01,3,1.8542319828126708,0.0,4.854231982812671
TMSZ04,NVSZ02,1,1.1127109669833914,0.0,2.1127109669833914
TMSZ04,ORSZ01,1,0.06822409870588171,0.0,1.0682240987058818
TMSZ04,ORSZ02,5,1.066938786361747,0.0,6.066938786361747
TMSZ04,ORSZ03,2,0.5254270631995136,0.0,2.5254270631995137
TMSZ04,OTSZ01,1,0.06041870361562342,0.0,1.0604187036156234
TMSZ04,OTSZ03,12,1.7878526343447514,0.0,13.787852634344752
TMSZ04,OTSZ04,1,0.14258250547064916,0.0,1.142582505470649
TMSZ04,PGSZ02,1,0.7143097664385866,0.0,1.7143097664385865
TMSZ04,PGSZ03,1,0.5862757173119191,0.0,1.586275717311919
TMSZ04,PGSZ04,7,2.3737392975604514,0.0,9.373739297560451
TMSZ04,PLSZ04,1,0.07987650866248444,0.0,1.0798765086624844
TMSZ04,PRSZ02,2,0.9772912754417029,0.0,2.977291275441703
TMSZ04,PRSZ03,16,1.8084130368247544,0.0,17.808413036824753
TMSZ04,PRSZ04,1,0.4526592869023894,0.0,1.4526592869023893
TMSZ04,PRSZ05,4,3.5393772753651622,1.258158813255021,8.797536088620182
TMSZ04,PRSZ06,2,0.6231288189606449,0.0,2.623128818960645
TMSZ04,PRSZ08,4,1.9775486070912314,0.13360532871437938,6.111153935805611
TMSZ04,QTSZ05,1,0.26850936181763707,0.0,1.268509361817637
TMSZ04,QTSZ08,2,0.8013058889307809,0.0,2.8013058889307807
TMSZ04,QTSZ11,2,0.709377902384408,0.0,2.709377902384408
TMSZ04,QTSZ12,2,0.4579897930494638,0.0,2.457989793049464
TMSZ04,QTSZ13,1,0.5377516500641467,0.0,1.5377516500641466
TMSZ04,QTSZ14,3,0.506052188795652,0.0,3.506052188795652
TMSZ04,RCSZ09,1,0.17610382093914181,0.0,1.176103820939142
TMSZ04,RCSZ10,1,0.49808207861398074,0.0,1.4980820786139808
TMSZ04,SESZ02,1,1.0466739148636208,0.0,2.0466739148636206
TMSZ04,SESZ03,1,1.3412751082050853,0.0,2.3412751082050853
TMSZ04,SESZ04,2,1.1823932636856667,0.0,3.1823932636856664
TMSZ04,SESZ06,1,1.006934261594847,0.0,2.006934261594847
TMSZ04,SGSZ04,3,2.8562870730635774,0.0,5.856287073063577
TMSZ04,SGSZ06,4,1.0532911083327445,0.0,5.053291108332744
TMSZ04,TMSZ01,4,1.4830816698811862,1.1242096691708925,6.607291339052079
TMSZ04,TMSZ02,26,7.389622301387553,5.038284333377406,38.42790663476496
TMSZ04,TMSZ03,11,3.3268551965771755,3.4973402695489155,17.824195466126092
TMSZ04,TMSZ04,37,20.292916687045384,33.71141821403593,91.00433490108131
TMSZ04,TMSZ05,9,2.432728963504107,1.2231176947722084,12.655846658276316
TMSZ04,TPSZ02,1,0.7877285222001257,0.0,1.7877285222001258
TMSZ04,TPSZ06,1,0.7873235881852912,0.0,1.7873235881852914
TMSZ04,TPSZ10,1,0.2642674504589795,0.0,1.2642674504589795
TMSZ04,TPSZ12,1,0.39732489608987365,0.0,1.3973248960898736
TMSZ04,WCSZ01,1,0.9179554895406424,0.0,1.9179554895406423
TMSZ04,WDSZ02,3,0.47611561644007866,0.0,3.4761156164400786
TMSZ04,WDSZ05,1,0.17137403041578328,0.0,1.1713740304157834
TMSZ04,YSSZ02,1,0.3733424002590903,0.0,1.3733424002590904
TMSZ04,YSSZ04,1,0.5798766564363492,0.0,1.5798766564363493
TMSZ04,YSSZ08,1,0.13625534812941562,0.0,1.1362553481294155
TMSZ04,YSSZ09,3,1.192633180040519,0.0,4.192633180040519
TMSZ05,AMSZ02,1,0.37822211191780586,0.0,1.3782221119178057
TMSZ05,AMSZ03,3,0.28521326302683186,0.0,3.285213263026832
TMSZ05,AMSZ06,1,0.32099232948001016,0.0,1.32099232948001
TMSZ05,BDSZ01,4,1.1627645011055232,0.0,5.162764501105523
TMSZ05,BDSZ02,4,1.1320793844670884,0.0,5.1320793844670884
TMSZ05,BDSZ03,1,0.7426881142905887,0.0,1.7426881142905888
TMSZ05,BDSZ04,8,2.788460114433784,0.0,10.788460114433784
TMSZ05,BDSZ05,1,0.7015938710487584,0.0,1.7015938710487584
TMSZ05,BDSZ06,3,2.291261865448174,0.8800030694565093,6.171264934904683
TMSZ05,BDSZ08,1,0.5759772164097431,0.0,1.575977216409743
TMSZ05,BKSZ05,1,0.4938027773579869,0.0,1.493802777357987
TMSZ05,BKSZ07,1,0.5935016636941315,0.0,1.5935016636941315
TMSZ05,BMSZ01,1,0.388849789520301,0.0,1.3888497895203011
TMSZ05,BMSZ03,1,0.314865916654136,0.0,1.3148659166541359
TMSZ05,BMSZ09,1,0.09451448295294024,0.0,1.0945144829529403
TMSZ05,BMSZ10,1,0.11693823591247363,0.0,1.1169382359124735
TMSZ05,BPSZ01,1,0.3569757227534036,0.0,1.3569757227534036
TMSZ05,BSSZ01,2,0.7293274858823567,0.0,2.7293274858823566
TMSZ05,BSSZ02,1,0.4868681881040195,0.0,1.4868681881040196
TMSZ05,BSSZ03,3,0.6923635513753368,0.0,3.692363551375337
TMSZ05,BTSZ01,2,1.0568979943245764,0.0,3.0568979943245767
TMSZ05,CHSZ03,2,1.1109003386505496,0.0,3.1109003386505494
TMSZ05,CKSZ03,1,0.39750683884105553,0.0,1.3975068388410556
TMSZ05,CKSZ04,2,1.01581754724988,0.0,3.0158175472498803
TMSZ05,CKSZ06,1,0.9822022922311618,0.0,1.982202292231162
TMSZ05,CLSZ03,1,0.8446951170577852,0.0,1.8446951170577852
TMSZ05,CLSZ04,1,0.26261765391538516,0.0,1.262617653915385
TMSZ05,DTSZ02,1,0.31938201093756796,0.0,1.319382010937568
TMSZ05,DTSZ03,1,0.3060886442773093,0.0,1.3060886442773092
TMSZ05,DTSZ11,2,0.4146734720381607,0.0,2.4146734720381606
TMSZ05,GLSZ02,3,0.4183783422241842,0.0,3.4183783422241842
TMSZ05,GLSZ03,3,0.9915117871596127,0.0,3.9915117871596126
TMSZ05,GLSZ04,4,1.5614766232844652,0.0,5.561476623284465
TMSZ05,GLSZ05,1,0.751544462695883,0.0,1.751544462695883
TMSZ05,HGSZ04,1,0.4039458955081747,0.0,1.4039458955081747
TMSZ05,HGSZ06,2,1.1197698656398243,0.0,3.1197698656398245
TMSZ05,HGSZ08,2,0.5929974569433009,0.0,2.592997456943301
TMSZ05,HGSZ09,1,0.03811161744024897,0.0,1.038111617440249
TMSZ05,JWSZ09,1,1.0160679487681423,0.0,2.0160679487681423
TMSZ05,KLSZ05,1,0.23137018192404626,0.0,1.2313701819240463
TMSZ05,KLSZ09,2,0.10844224938999061,0.0,2.1084422493899906
TMSZ05,MPSZ01,2,0.46918662748368034,0.0,2.4691866274836802
TMSZ05,MPSZ03,1,0.5812136086972165,0.0,1.5812136086972166
TMSZ05,MUSZ01,1,0.1633200761484453,0.0,1.1633200761484452
TMSZ05,NVSZ01,1,0.719283650307785,0.0,1.7192836503077848
TMSZ05,OTSZ01,1,0.04847184339798092,0.0,1.048471843397981
TMSZ05,OTSZ03,2,0.6985849754551257,0.0,2.698584975455126
TMSZ05,PGSZ01,1,0.17870883281927366,0.0,1.1787088328192736
TMSZ05,PGSZ03,1,0.6024929365701363,0.0,1.6024929365701364
TMSZ05,PGSZ04,4,1.3778183514568907,0.0,5.377818351456891
TMSZ05,PNSZ02,1,0.0,0.0,1.0
TMSZ05,PRSZ03,1,0.7168327324399859,0.0,1.716832732439986
TMSZ05,PRSZ04,2,0.3804453210907366,0.0,2.3804453210907366
TMSZ05,PRSZ05,3,2.247207348662158,0.0,5.247207348662158
TMSZ05,PRSZ08,2,0.965151754136125,0.045573688262409956,3.0107254423985346
TMSZ05,QTSZ02,1,0.15726528745800353,0.0,1.1572652874580036
TMSZ05,RCSZ10,1,0.18978363206628637,0.0,1.1897836320662865
TMSZ05,SBSZ03,1,0.47906624463601133,0.0,1.4790662446360114
TMSZ05,SBSZ04,1,0.3533897280626872,0.0,1.3533897280626872
TMSZ05,SESZ02,4,1.3509413753700965,0.0,5.3509413753700965
TMSZ05,SESZ03,5,1.414306919228244,0.0,6.414306919228244
TMSZ05,SESZ04,3,1.2292062335027092,0.0,4.229206233502709
TMSZ05,SESZ05,2,0.5237398429053399,0.0,2.52373984290534
TMSZ05,SESZ06,1,0.5046891579685674,0.0,1.5046891579685675
TMSZ05,SGSZ01,1,0.32099724321141004,0.0,1.32099724321141
TMSZ05,SGSZ04,1,0.47752484246919125,0.0,1.4775248424691911
TMSZ05,SGSZ05,1,0.22449263036583217,0.0,1.2244926303658321
TMSZ05,SGSZ06,2,0.55232247710933,0.0,2.55232247710933
TMSZ05,SGSZ07,2,0.42485104594690226,0.0,2.424851045946902
TMSZ05,TMSZ01,1,0.6031236611482331,0.0,1.6031236611482331
TMSZ05,TMSZ02,12,6.006229514566442,2.0884930728475304,20.094722587413973
TMSZ05,TMSZ03,6,2.1750208902239123,0.0,8.175020890223912
TMSZ05,TMSZ04,12,3.790929086589077,3.071959868931939,18.862888955521015
TMSZ05,TMSZ05,1,1.4673308004295311,20.913082271939427,23.38041307236896
TMSZ05,TPSZ02,1,0.44946311023330904,0.0,1.449463110233309
TMSZ05,TPSZ06,1,0.33228943377392794,0.0,1.332289433773928
TMSZ05,WDSZ03,1,0.43456828612862275,0.0,1.4345682861286226
TMSZ05,WDSZ04,2,0.3163968922346968,0.0,2.316396892234697
TMSZ05,WDSZ05,2,0.58669919808845,0.0,2.58669919808845
TMSZ05,WDSZ09,1,0.17671993203046304,0.0,1.176719932030463
TMSZ05,YSSZ01,1,0.32177515218633995,0.0,1.32177515218634
TMSZ05,YSSZ02,1,0.3048952849571659,0.0,1.304895284957166
TMSZ05,YSSZ08,1,0.1276861683582558,0.0,1.1276861683582557
TMSZ05,YSSZ09,3,0.9639189437665433,0.0,3.963918943766543
TNSZ01,AMSZ06,1,0.5100139798332477,0.0,1.5100139798332477
TNSZ01,AMSZ09,1,0.10211560897564839,0.0,1.1021156089756483
TNSZ01,BDSZ03,1,0.3123273298356911,0.0,1.312327329835691
TNSZ01,BDSZ04,2,0.5656948254557499,0.0,2.5656948254557497
TNSZ01,BKSZ01,1,0.1501305708529626,0.0,1.1501305708529626
TNSZ01,BMSZ06,1,0.37673955688655686,0.0,1.3767395568865568
TNSZ01,BMSZ16,1,0.05433962523286364,0.0,1.0543396252328636
TNSZ01,BPSZ05,2,0.4838866126732652,0.0,2.483886612673265
TNSZ01,BSSZ01,1,0.5535625733864997,0.0,1.5535625733864997
TNSZ01,BTSZ01,1,0.3527076172309301,0.0,1.35270761723093
TNSZ01,BTSZ03,1,0.17716023261629799,0.0,1.177160232616298
TNSZ01,BTSZ06,1,0.12778726020673437,0.0,1.1277872602067345
TNSZ01,BTSZ07,1,0.22073452139395897,0.0,1.2207345213939589
TNSZ01,CLSZ04,1,0.2879659495843339,0.0,1.2879659495843339
TNSZ01,DTSZ01,1,0.20196958963778408,0.0,1.201969589637784
TNSZ01,DTSZ11,1,0.34340508615585646,0.0,1.3434050861558564
TNSZ01,GLSZ01,1,0.30007632160967707,0.0,1.3000763216096771
TNSZ01,GLSZ05,1,0.4599820427355489,0.0,1.459982042735549
TNSZ01,JESZ03,1,0.36070292443717866,0.0,1.3607029244371787
TNSZ01,JWSZ08,1,0.4522217725360949,0.0,1.4522217725360949
TNSZ01,KLSZ01,1,0.6085502456853241,0.0,1.6085502456853242
TNSZ01,MSSZ01,2,0.0,0.0,2.0
TNSZ01,NTSZ03,1,0.13662950847074953,0.0,1.1366295084707496
TNSZ01,NVSZ01,1,0.6677626243659007,0.0,1.6677626243659007
TNSZ01,NVSZ02,4,1.2966118586341695,0.0,5.2966118586341695
TNSZ01,ORSZ02,1,0.46321103635851996,0.0,1.46321103635852
TNSZ01,OTSZ04,1,0.05426998192783402,0.0,1.054269981927834
TNSZ01,RVSZ01,1,0.0,0.0,1.0
TNSZ01,SBSZ03,1,0.35956380826084144,0.0,1.3595638082608414
TNSZ01,SESZ03,1,0.3300926898286038,0.0,1.3300926898286038
TNSZ01,SGSZ03,1,0.22464503334673233,0.0,1.2246450333467322
TNSZ01,SGSZ06,1,0.31410116940746535,0.0,1.3141011694074654
TNSZ01,SGSZ07,1,0.1969982890113895,0.0,1.1969982890113895
TNSZ01,SRSZ01,1,0.2124921980197035,0.0,1.2124921980197034
TNSZ01,SRSZ02,1,0.0428623008129909,0.0,1.042862300812991
TNSZ01,TNSZ04,1,0.39908237088988985,0.0,1.3990823708898898
TNSZ01,TPSZ01,1,0.12650068981082882,0.0,1.1265006898108287
TNSZ01,TPSZ02,2,0.5219273276364741,0.0,2.521927327636474
TNSZ01,WDSZ04,1,0.33714051661516853,0.0,1.3371405166151686
TNSZ01,YSSZ09,1,0.3140343496397151,0.0,1.314034349639715
TNSZ02,BMSZ13,1,0.1856758411037611,0.023529962749609196,1.2092058038533704
TNSZ02,CKSZ04,1,0.11348039281980399,0.0,1.113480392819804
TNSZ02,CLSZ04,1,0.1972693946994715,0.0,1.1972693946994715
TNSZ02,DTSZ03,1,0.1348948360902242,0.0,1.1348948360902242
TNSZ02,DTSZ08,1,0.1020578762241457,0.23172199362744153,1.3337798698515873
TNSZ02,DTSZ09,2,0.07879313252935394,0.026606248475451705,2.1053993810048057
TNSZ02,HGSZ07,1,0.23802132077040772,0.0,1.2380213207704078
TNSZ02,MUSZ03,1,0.034710916455232534,0.2096950783013636,1.2444059947565962
TNSZ02,NTSZ03,2,0.06511292420549557,0.039631021161346223,2.104743945366842
TNSZ02,ORSZ02,1,0.30577934053820144,0.06738588461456113,1.3731652251527626
TNSZ02,ORSZ03,1,0.11572844880334472,0.09695775363302016,1.212686202436365
TNSZ02,OTSZ01,1,0.024452835235608716,0.26359171908820483,1.2880445543238137
TNSZ02,OTSZ02,1,0.02244348804700836,0.06032327471889954,1.0827667627659079
TNSZ02,OTSZ04,1,0.05320628653041828,0.08504867073842565,1.138254957268844
TNSZ02,QTSZ10,2,0.17945490018980115,0.0,2.179454900189801
TNSZ02,RVSZ03,1,0.0,0.0,1.0
TNSZ02,TNSZ02,1,0.4668815010325607,4.895304228914215,6.362185729946775
TNSZ02,TPSZ01,1,0.04677381884048851,0.0,1.0467738188404885
TNSZ02,WDSZ02,1,0.12599648115591344,0.0,1.1259964811559136
TNSZ02,WDSZ03,1,0.21617161190621792,0.0,1.2161716119062178
TNSZ02,YSSZ04,1,0.29309465282213165,0.0,1.2930946528221317
TNSZ03,BMSZ04,1,0.33453732439515677,0.18140678099281446,1.5159441053879712
TNSZ03,BPSZ04,1,0.32678864661328483,0.0,1.3267886466132848
TNSZ03,BTSZ06,1,0.1587140900124758,0.023366548402227183,1.182080638414703
TNSZ03,GLSZ04,1,0.6138243614988156,0.0,1.6138243614988155
TNSZ03,HGSZ03,1,0.23395352922341947,0.0,1.2339535292234194
TNSZ03,JWSZ08,1,0.42204079354209695,0.0,1.422040793542097
TNSZ03,JWSZ09,1,0.3930497516111457,0.0,1.3930497516111457
TNSZ03,ORSZ02,2,0.5122315955207879,0.1979561950250663,2.7101877905458545
TNSZ03,QTSZ01,2,0.5933398100723443,0.4868681437734323,3.0802079538457763
TNSZ03,QTSZ08,1,0.5445690932431996,0.11036685114672715,1.6549359443899265
TNSZ03,QTSZ11,1,0.11594604543340535,0.0,1.1159460454334054
TNSZ03,SESZ03,1,0.4931720967274994,0.0,1.4931720967274993
TNSZ03,SESZ06,1,0.43798444966982314,0.0,1.437984449669823
TNSZ03,TMSZ03,1,0.5110893740036516,0.0,1.5110893740036517
TNSZ03,TPSZ02,1,0.30875903843196706,0.0,1.3087590384319672
TNSZ04,BDSZ04,1,0.14521030501268364,0.0,1.1452103050126836
TNSZ04,BDSZ06,1,0.15829066908943257,0.0,1.1582906690894326
TNSZ04,BDSZ07,1,0.09808608062798428,0.0,1.0980860806279842
TNSZ04,BMSZ04,1,0.09927864062759896,0.0,1.099278640627599
TNSZ04,BMSZ07,1,0.09821229619456022,0.0,1.0982122961945602
TNSZ04,BMSZ08,1,0.08301408166831847,0.0,1.0830140816683185
TNSZ04,BMSZ11,1,0.08550734391311252,0.0,1.0855073439131124
TNSZ04,BPSZ01,1,0.04196167247006877,0.0,1.0419616724700687
TNSZ04,BPSZ02,1,0.04072355748760637,0.0,1.0407235574876064
TNSZ04,BPSZ05,1,0.14225185089978398,0.0,1.1422518508997839
TNSZ04,BSSZ01,2,0.3131600202452397,0.0,2.3131600202452396
TNSZ04,BSSZ02,1,0.15865954791684206,0.0,1.158659547916842
TNSZ04,BSSZ03,2,0.16241180271634484,0.0,2.162411802716345
TNSZ04,BTSZ01,3,0.24545117577772382,0.0,3.245451175777724
TNSZ04,BTSZ06,1,0.032547518373549064,0.0,1.032547518373549
TNSZ04,CKSZ06,1,0.08622211558520039,0.0,1.0862221155852003
TNSZ04,CLSZ03,1,0.1564853660015343,0.0,1.1564853660015344
TNSZ04,CLSZ04,1,0.12021100744524374,0.0,1.1202110074452438
TNSZ04,DTSZ02,1,0.06419671481824955,0.0,1.0641967148182496
TNSZ04,DTSZ03,1,0.11078597089188705,0.0,1.110785970891887
TNSZ04,DTSZ09,1,0.029657380528454968,0.0,1.029657380528455
TNSZ04,DTSZ11,1,0.0529009614865716,0.0,1.0529009614865716
TNSZ04,DTSZ12,1,0.04638161672974042,0.0,1.0463816167297404
TNSZ04,JESZ05,1,0.15216348598068785,0.0,1.152163485980688
TNSZ04,JWSZ04,1,0.2642871051774469,0.0,1.264287105177447
TNSZ04,JWSZ08,1,0.18184263843970272,0.0,1.1818426384397027
TNSZ04,ORSZ02,3,0.20803422119124357,0.0,3.2080342211912436
TNSZ04,QTSZ02,1,0.037675933191131654,0.0,1.0376759331911316
TNSZ04,QTSZ03,1,0.1038501889334578,0.0,1.1038501889334578
TNSZ04,QTSZ08,3,0.17204134538633167,0.0,3.1720413453863316
TNSZ04,QTSZ11,2,0.1010271890530762,0.0,2.101027189053076
TNSZ04,QTSZ13,2,0.1039013540442221,0.0,2.103901354044222
TNSZ04,QTSZ15,1,0.03541948648942781,0.0,1.0354194864894277
TNSZ04,RCSZ01,1,0.0410439183351603,0.0,1.0410439183351603
TNSZ04,SESZ04,1,0.12869193922630434,0.0,1.1286919392263044
TNSZ04,SGSZ03,1,0.07574261465992822,0.0,1.0757426146599283
TNSZ04,SGSZ04,1,0.19573075404672446,0.0,1.1957307540467244
TNSZ04,SGSZ06,2,0.1788206267039487,0.0,2.1788206267039487
TNSZ04,TPSZ02,4,0.19678542871481935,0.0,4.196785428714819
TNSZ04,TPSZ12,1,0.033967094295361946,0.0,1.033967094295362
TNSZ04,WDSZ05,1,0.08993440550539279,0.0,1.0899344055053928
TNSZ04,YSSZ03,1,0.1274325741168976,0.0,1.1274325741168976
TPSZ01,AMSZ01,2,0.7314071044612664,0.0,2.731407104461266
TPSZ01,AMSZ12,1,0.08874215900098147,0.0,1.0887421590009814
TPSZ01,BKSZ07,1,0.2723294839220802,0.0,1.2723294839220802
TPSZ01,BKSZ09,1,0.19650723761725838,0.0,1.1965072376172583
TPSZ01,BMSZ06,1,0.3243064343683797,0.0,1.3243064343683797
TPSZ01,BMSZ07,1,0.28881059273987575,0.0,1.2888105927398756
TPSZ01,BMSZ17,1,0.1569213731995483,0.0,1.1569213731995482
TPSZ01,BPSZ01,1,0.118006874966592,0.0,1.118006874966592
TPSZ01,BPSZ02,1,0.10061110731505155,0.0,1.1006111073150515
TPSZ01,BSSZ01,3,1.171542960361302,0.23023466001222093,4.401777620373523
TPSZ01,BSSZ02,1,0.5207969061654515,0.21638801132231417,1.7371849174877656
TPSZ01,BSSZ03,6,1.1344161349217203,2.1849064758333308,9.319322610755052
TPSZ01,BTSZ02,1,0.1634228661963781,0.0,1.1634228661963781
TPSZ01,BTSZ07,1,0.13537890265596392,0.0,1.135378902655964
TPSZ01,CHSZ03,2,1.0243117618527817,0.0,3.0243117618527817
TPSZ01,CKSZ03,1,0.27046296404294323,0.0,1.2704629640429432
TPSZ01,CKSZ06,1,0.2319537785255106,0.0,1.2319537785255106
TPSZ01,DTSZ01,3,0.39894504875168224,0.0,3.398945048751682
TPSZ01,DTSZ02,1,0.16998648563170501,0.0,1.169986485631705
TPSZ01,DTSZ03,1,0.1983813533131672,0.0,1.198381353313167
TPSZ01,DTSZ05,3,0.3359297746751384,0.0,3.3359297746751384
TPSZ01,DTSZ11,1,0.23476443431449606,0.0,1.2347644343144961
TPSZ01,GLSZ03,2,0.4169561256193628,0.0,2.416956125619363
TPSZ01,GLSZ05,2,0.7934523210114214,0.0,2.7934523210114213
TPSZ01,HGSZ06,1,0.5638414145467251,0.0,1.563841414546725
TPSZ01,JESZ02,1,0.08615547246824427,0.0,1.0861554724682443
TPSZ01,JWSZ04,1,0.3722797793393821,0.0,1.3722797793393822
TPSZ01,JWSZ08,1,0.3724995276899639,0.0,1.3724995276899639
TPSZ01,KLSZ02,1,0.12413638692775,0.0,1.12413638692775
TPSZ01,KLSZ07,1,0.1930663816011221,0.11070375987371935,1.3037701414748415
TPSZ01,KLSZ08,2,0.243902775020474,0.0,2.243902775020474
TPSZ01,LKSZ01,1,0.5560046901990389,0.0,1.556004690199039
TPSZ01,NVSZ01,1,1.1127683368255996,0.26324715842840113,2.3760154952540007
TPSZ01,NVSZ02,6,0.9061588727005678,1.1515100505474805,8.057668923248048
TPSZ01,ORSZ02,7,0.45374442670333637,0.0,7.453744426703336
TPSZ01,ORSZ03,2,0.1845162111914737,0.0,2.1845162111914735
TPSZ01,OTSZ03,2,0.6891899025599042,0.0,2.689189902559904
TPSZ01,OTSZ04,1,0.043578527396598885,0.0,1.043578527396599
TPSZ01,QTSZ08,2,0.5331212209488287,0.0,2.5331212209488285
TPSZ01,QTSZ10,1,0.20641634110599125,0.0,1.2064163411059912
TPSZ01,QTSZ11,2,0.4088138784970953,0.0,2.4088138784970954
TPSZ01,RCSZ10,1,0.11610862716653364,0.0,1.1161086271665337
TPSZ01,SBSZ01,1,0.23147999548759443,0.0,1.2314799954875943
TPSZ01,SESZ04,1,0.3583371005199767,0.0,1.3583371005199767
TPSZ01,SESZ06,1,0.5782211471599588,0.0,1.5782211471599588
TPSZ01,SGSZ04,2,0.676061831008736,0.0,2.676061831008736
TPSZ01,SGSZ05,1,0.28149103670113823,0.21417672669908666,1.495667763400225
TPSZ01,TNSZ01,1,0.13991310402675722,0.0,1.1399131040267572
TPSZ01,TNSZ02,1,0.0674521155573584,0.0,1.0674521155573584
TPSZ01,TPSZ01,4,0.7617285608885287,11.990287388262088,16.752015949150618
TPSZ01,TPSZ02,3,1.2212887253290194,2.599940705084065,6.8212294304130845
TPSZ01,TPSZ03,3,0.43078143644809674,0.7774238419128449,4.208205278360942
TPSZ01,TPSZ06,2,0.3226262406799461,0.2605326797511711,2.583158920431117
TPSZ01,WDSZ02,2,0.19132925770031253,0.0,2.1913292577003127
TPSZ01,WDSZ04,1,0.24264547811428516,0.0,1.242645478114285
TPSZ01,YSSZ01,1,0.16923847613810783,0.0,1.1692384761381078
TPSZ01,YSSZ05,1,0.09248088346485832,0.0,1.0924808834648583
TPSZ01,YSSZ06,1,0.04716820160643713,0.0,1.0471682016064372
TPSZ01,YSSZ09,2,0.5431094506500289,0.0,2.5431094506500287
TPSZ02,AMSZ01,3,1.374331640513134,0.0,4.374331640513134
TPSZ02,AMSZ02,4,0.7617000624259687,0.0,4.761700062425969
TPSZ02,AMSZ08,2,0.4302299779097499,0.0,2.43022997790975
TPSZ02,AMSZ10,2,0.5893206718912675,0.0,2.5893206718912674
TPSZ02,AMSZ12,1,0.25122651068261237,0.0,1.2512265106826124
TPSZ02,BDSZ02,1,0.8310590357728495,0.0,1.8310590357728493
TPSZ02,BDSZ03,1,0.9467425919697829,0.0,1.946742591969783
TPSZ02,BDSZ04,1,0.645634389404798,0.0,1.645634389404798
TPSZ02,BDSZ05,2,1.1415978058952567,0.0,3.1415978058952567
TPSZ02,BDSZ06,2,1.6647790079819142,0.0,3.664779007981914
TPSZ02,BKSZ02,1,0.22935830918003836,0.0,1.2293583091800384
TPSZ02,BKSZ07,1,0.5954371951031864,0.0,1.5954371951031865
TPSZ02,BLSZ02,1,0.1491411007294521,0.0,1.149141100729452
TPSZ02,BMSZ02,1,0.3810895566555037,0.0,1.3810895566555037
TPSZ02,BMSZ03,1,0.5834026368036291,0.0,1.5834026368036291
TPSZ02,BMSZ04,1,0.3276449083269394,0.0,1.3276449083269393
TPSZ02,BMSZ08,1,0.36710890436602556,0.0,1.3671089043660256
TPSZ02,BMSZ09,2,0.20579336555750855,0.0,2.2057933655575086
TPSZ02,BMSZ17,1,0.24157630953787687,0.0,1.241576309537877
TPSZ02,BPSZ03,1,0.4667980985997197,0.0,1.4667980985997198
TPSZ02,BSSZ01,4,2.0270632853854273,0.43138504444212633,6.4584483298275535
TPSZ02,BSSZ02,2,1.4894144610474618,0.44770512997101003,3.9371195910184715
TPSZ02,BSSZ03,9,2.929720336777419,4.203918136133096,16.133638472910512
TPSZ02,CHSZ02,1,0.24040283101852739,0.0,1.2404028310185273
TPSZ02,CHSZ03,1,0.9429344613405193,0.0,1.9429344613405193
TPSZ02,CKSZ01,2,0.5757446052618288,0.0,2.575744605261829
TPSZ02,CKSZ03,1,0.5093283084746577,0.0,1.5093283084746578
TPSZ02,CKSZ05,1,0.24387278113277908,0.0,1.243872781132779
TPSZ02,CLSZ04,2,0.5602675025884063,0.0,2.560267502588406
TPSZ02,DTSZ01,3,0.5644361503134725,0.0,3.5644361503134725
TPSZ02,DTSZ02,2,0.6912217123206936,0.0,2.6912217123206936
TPSZ02,DTSZ03,6,0.8629413844286685,0.0,6.862941384428669
TPSZ02,DTSZ05,11,0.8688841618903749,0.0,11.868884161890374
TPSZ02,DTSZ06,1,0.09256942492812828,0.0,1.0925694249281284
TPSZ02,DTSZ08,3,0.5488699445182685,0.0,3.5488699445182688
TPSZ02,DTSZ09,1,0.17802769328055312,0.0,1.1780276932805531
TPSZ02,DTSZ11,5,0.7005825630390333,0.0,5.700582563039033
TPSZ02,GLSZ01,1,0.6179013712897187,0.157164426439536,1.7750657977292548
TPSZ02,GLSZ02,2,0.6200450243464243,0.0,2.620045024346424
TPSZ02,GLSZ04,5,2.491697393815073,0.0,7.491697393815073
TPSZ02,GLSZ05,3,1.6442958189735801,0.0,4.64429581897358
TPSZ02,HGSZ01,1,0.4777228820097957,0.0,1.4777228820097956
TPSZ02,HGSZ07,1,0.47862777960457187,0.0,1.478627779604572
TPSZ02,HGSZ09,1,0.04975132490283941,0.0,1.0497513249028394
TPSZ02,JESZ02,1,0.2660321135541415,0.0,1.2660321135541415
TPSZ02,JWSZ04,1,0.6055453821761794,0.0,1.6055453821761794
TPSZ02,JWSZ09,2,0.7842068793822975,0.0,2.7842068793822974
TPSZ02,KLSZ01,3,1.6660522094865078,1.1357726764986944,5.801824885985202
TPSZ02,KLSZ02,2,0.6007404977969848,0.15137023430678412,2.752110732103769
TPSZ02,KLSZ03,1,0.24002667037710415,0.0,1.2400266703771041
TPSZ02,KLSZ07,1,0.7108929009365533,0.23130740693275723,1.9422003078693104
TPSZ02,KLSZ08,2,0.7051027439540141,1.340958405514903,4.046061149468917
TPSZ02,KLSZ09,1,0.17471774738394866,0.0,1.1747177473839487
TPSZ02,MUSZ01,3,0.30696412071485984,0.0,3.3069641207148597
TPSZ02,NTSZ03,2,0.4099452750059743,0.4274987961722595,2.837444071178234
TPSZ02,NVSZ01,2,2.58724168065117,1.554381617549287,6.141623298200457
TPSZ02,NVSZ02,10,2.42582114108182,5.7459235646194635,18.171744705701283
TPSZ02,ORSZ02,7,1.2088752859746343,1.316125033300432,9.525000319275067
TPSZ02,ORSZ03,1,0.41410132630778196,0.0,1.414101326307782
TPSZ02,OTSZ01,1,0.07656669462514237,0.0,1.0765666946251424
TPSZ02,OTSZ03,3,1.1907135179545174,0.0,4.190713517954517
TPSZ02,PLSZ05,2,0.30156713020239223,0.0,2.3015671302023923
TPSZ02,PNSZ01,1,0.20627457085690223,0.0,1.2062745708569023
TPSZ02,PRSZ03,1,0.5939131559685932,0.0,1.5939131559685933
TPSZ02,QTSZ03,1,0.22579567066448886,0.0,1.2257956706644888
TPSZ02,QTSZ04,1,0.13520160580240653,0.0,1.1352016058024066
TPSZ02,QTSZ08,5,1.7867311270410315,0.0,6.7867311270410315
TPSZ02,QTSZ09,2,0.1743692420871721,0.0,2.174369242087172
TPSZ02,QTSZ11,2,0.8064462355882235,0.0,2.8064462355882234
TPSZ02,SBSZ03,2,0.9763496017728454,0.0,2.9763496017728452
TPSZ02,SESZ02,1,0.8918010031460647,0.0,1.8918010031460648
TPSZ02,SGSZ03,2,0.7580547043959082,0.0,2.7580547043959083
TPSZ02,SGSZ05,1,0.6844066448578774,0.6770689384229125,2.36147558328079
TPSZ02,SGSZ06,2,1.0412836065672924,0.0,3.0412836065672924
TPSZ02,SRSZ02,2,0.23843017150985704,0.0,2.238430171509857
TPSZ02,SRSZ03,1,0.304439163695639,0.0,1.304439163695639
TPSZ02,TMSZ02,1,0.585191490100175,0.0,1.5851914901001751
TPSZ02,TMSZ03,1,0.9035265011184681,0.0,1.903526501118468
TPSZ02,TMSZ04,1,0.5515575841835555,0.0,1.5515575841835556
TPSZ02,TNSZ01,2,1.012771028422846,0.0,3.012771028422846
TPSZ02,TNSZ04,2,0.6034839380193409,0.0,2.603483938019341
TPSZ02,TPSZ01,5,1.2059792776026355,3.282429443396374,9.48840872099901
TPSZ02,TPSZ02,7,3.506509814280792,41.30854015577227,51.81504997005306
TPSZ02,TPSZ03,4,0.8198842440327767,1.8646083176642356,6.684492561697012
TPSZ02,TPSZ04,7,0.7524873411302253,1.914199670483752,9.666687011613977
TPSZ02,TPSZ05,1,1.0882906570763875,0.23664395625922116,2.324934613335609
TPSZ02,TPSZ06,7,1.5454976585555602,2.625137583950523,11.170635242506084
TPSZ02,TPSZ07,1,0.3401752117329697,0.6140452406741274,1.954220452407097
TPSZ02,TPSZ11,1,0.8405197373269894,0.33152593409215353,2.1720456714191427
TPSZ02,TPSZ12,2,0.4584359882133341,0.0,2.458435988213334
TPSZ02,WDSZ01,2,0.1854346535148119,0.0,2.185434653514812
TPSZ02,WDSZ02,1,0.8358831957242616,0.0,1.8358831957242616
TPSZ02,WDSZ03,5,1.5936760327100423,0.0,6.593676032710042
TPSZ02,WDSZ04,1,0.3538500436863449,0.0,1.3538500436863448
TPSZ02,WDSZ05,1,0.5038347360556135,0.0,1.5038347360556135
TPSZ02,WDSZ06,1,0.3473906418978921,0.0,1.347390641897892
TPSZ02,WDSZ08,1,0.3875594190170706,0.0,1.3875594190170706
TPSZ02,YSSZ01,1,0.5065602390400813,0.0,1.5065602390400814
TPSZ02,YSSZ02,2,0.716801207446311,0.0,2.716801207446311
TPSZ02,YSSZ03,1,0.8707563167857036,0.0,1.8707563167857035
TPSZ02,YSSZ04,1,0.505735777450601,0.0,1.505735777450601
TPSZ02,YSSZ08,1,0.19983211715431243,0.0,1.1998321171543125
TPSZ02,YSSZ09,1,0.6894700442101169,0.0,1.689470044210117
TPSZ03,AMSZ01,1,0.28546914977250526,0.0,1.2854691497725053
TPSZ03,AMSZ02,1,0.18451356757470716,0.0,1.1845135675747072
TPSZ03,AMSZ03,2,0.2328400546700542,0.2676459153715793,2.5004859700416335
TPSZ03,BDSZ01,1,0.18553554214086165,0.0,1.1855355421408618
TPSZ03,BDSZ03,2,0.18712068107100785,0.0,2.1871206810710078
TPSZ03,BDSZ04,1,0.3073857763891563,0.0,1.3073857763891563
TPSZ03,BKSZ03,1,0.13958608016527121,0.0,1.1395860801652713
TPSZ03,BKSZ06,1,0.08308495310094921,0.0,1.0830849531009492
TPSZ03,BKSZ08,1,0.029176368159846987,0.0,1.029176368159847
TPSZ03,BMSZ01,1,0.2281610341802214,0.0,1.2281610341802214
TPSZ03,BMSZ04,1,0.13921355626135493,0.0,1.139213556261355
TPSZ03,BMSZ05,1,0.1421636098739143,0.0,1.1421636098739143
TPSZ03,BMSZ09,1,0.017699358591612598,0.0,1.0176993585916125
TPSZ03,BSSZ03,3,0.8768261636216713,0.3974683033318783,4.27429446695355
TPSZ03,BTSZ01,1,0.19203119914049208,0.0,1.1920311991404922
TPSZ03,CHSZ02,1,0.07653218471048362,0.0,1.0765321847104836
TPSZ03,CKSZ02,1,0.1650541414952526,0.0,1.1650541414952527
TPSZ03,CLSZ01,1,0.10398247861852568,0.0,1.1039824786185257
TPSZ03,CLSZ04,2,0.2413258887901139,0.0,2.2413258887901137
TPSZ03,DTSZ02,5,0.3263671797904905,0.0,5.32636717979049
TPSZ03,DTSZ03,2,0.32241452447627783,0.0,2.3224145244762777
TPSZ03,DTSZ05,2,0.2657418331697204,0.0,2.2657418331697206
TPSZ03,DTSZ11,1,0.22108527729624997,0.0,1.22108527729625
TPSZ03,DTSZ12,1,0.08272989776487616,0.0,1.0827298977648763
TPSZ03,GLSZ01,1,0.38140679146580236,0.023768654515368002,1.4051754459811703
TPSZ03,GLSZ05,2,0.5314333754317596,0.0,2.5314333754317597
TPSZ03,HGSZ06,1,0.42073034293254646,0.0,1.4207303429325464
TPSZ03,HGSZ08,1,0.1636221120589224,0.0,1.1636221120589223
TPSZ03,JESZ05,1,0.20879854691774746,0.0,1.2087985469177474
TPSZ03,JWSZ02,1,0.14368326085679164,0.0,1.1436832608567917
TPSZ03,KLSZ01,1,0.30739927287029944,0.043139709168180634,1.35053898203848
TPSZ03,MPSZ02,1,0.21569595000412836,0.0,1.2156959500041284
TPSZ03,MUSZ01,3,0.08789890998480801,0.0,3.087898909984808
TPSZ03,MUSZ03,1,0.022763659156509176,0.0,1.0227636591565092
TPSZ03,NVSZ01,1,0.9458381518225696,0.07033718548518765,2.0161753373077573
TPSZ03,NVSZ02,3,0.5874283122928619,0.12876089086660394,3.7161892031594657
TPSZ03,NVSZ03,1,0.058247082694076524,0.0,1.0582470826940766
TPSZ03,ORSZ01,1,0.033042228504711973,0.0,1.033042228504712
TPSZ03,ORSZ03,2,0.13807236154299501,0.0,2.138072361542995
TPSZ03,OTSZ03,2,0.3167615336305262,0.0,2.316761533630526
TPSZ03,PGSZ04,1,0.30187342133718226,0.0,1.3018734213371823
TPSZ03,PGSZ05,1,0.21927710263822095,0.0,1.219277102638221
TPSZ03,PRSZ05,1,0.21266021123044873,0.0,1.2126602112304488
TPSZ03,QTSZ06,1,0.08190283568594109,0.0,1.081902835685941
TPSZ03,QTSZ12,2,0.102493138567904,0.0,2.102493138567904
TPSZ03,RCSZ10,3,0.11770660335906619,0.0,3.1177066033590664
TPSZ03,SBSZ01,1,0.17593137335917242,0.0,1.1759313733591723
TPSZ03,SESZ03,1,0.39927885896099446,0.0,1.3992788589609946
TPSZ03,SESZ04,1,0.2788366371301255,0.0,1.2788366371301256
TPSZ03,SGSZ06,2,0.6379942254030759,0.19758092940907024,2.8355751548121457
TPSZ03,SRSZ01,1,0.08632626895462875,0.0,1.0863262689546287
TPSZ03,TNSZ04,1,0.09146395610521885,0.0,1.0914639561052188
TPSZ03,TPSZ01,1,0.34342681813086434,0.18475404483186542,1.5281808629627298
TPSZ03,TPSZ02,2,0.8685888524933773,0.5293909252458205,3.397979777739198
TPSZ03,TPSZ03,4,0.4419613374570941,13.570546507512235,18.012507844969328
TPSZ03,TPSZ06,4,0.37877246493064404,0.39846242753381916,4.777234892464463
TPSZ03,TPSZ07,3,0.22525980077598745,0.08716303749608825,3.312422838272076
TPSZ03,TPSZ09,1,0.14449532244837687,0.01931949314910222,1.1638148155974792
TPSZ03,TPSZ11,3,0.3081802263434352,0.08114291116521231,3.3893231375086477
TPSZ03,TSSZ03,1,0.022933746624433676,0.0,1.0229337466244337
TPSZ03,WDSZ02,1,0.13676090134634775,0.0,1.1367609013463478
TPSZ03,WDSZ03,1,0.23590238887459392,0.0,1.235902388874594
TPSZ03,WDSZ05,1,0.1783217338860679,0.0,1.1783217338860679
TPSZ03,WDSZ06,1,0.2089347942822712,0.0,1.2089347942822712
TPSZ03,WDSZ09,1,0.0674983420715001,0.0,1.0674983420715
TPSZ03,YSSZ01,1,0.13435624461183215,0.0,1.134356244611832
TPSZ04,AMSZ01,3,0.28976615575803444,0.0,3.289766155758034
TPSZ04,AMSZ02,2,0.1772859927109825,0.0,2.1772859927109827
TPSZ04,AMSZ05,1,0.16285924380686959,0.0,1.1628592438068697
TPSZ04,AMSZ12,1,0.0320258453355258,0.0,1.0320258453355258
TPSZ04,BDSZ02,1,0.12288892907846517,0.0,1.1228889290784652
TPSZ04,BDSZ05,1,0.15732473445975123,0.0,1.1573247344597513
TPSZ04,BMSZ05,3,0.12144291606786468,0.0,3.1214429160678647
TPSZ04,BMSZ07,1,0.12594369602823152,0.0,1.1259436960282314
TPSZ04,BMSZ12,1,0.0620066414638253,0.0,1.0620066414638254
TPSZ04,BSSZ01,2,0.3595497101752934,0.05178634109144004,2.4113360512667334
TPSZ04,BTSZ01,1,0.14405789283504472,0.0,1.1440578928350447
TPSZ04,CHSZ02,1,0.03662434585798967,0.0,1.0366243458579896
TPSZ04,CHSZ03,2,0.498114633372573,0.0,2.4981146333725732
TPSZ04,CKSZ06,1,0.10723846116194549,0.0,1.1072384611619455
TPSZ04,CLSZ03,1,0.1872219543688152,0.0,1.1872219543688152
TPSZ04,DTSZ02,2,0.12521174232874605,0.0,2.125211742328746
TPSZ04,DTSZ08,1,0.06982485288227665,0.0,1.0698248528822767
TPSZ04,GLSZ05,2,0.4053781169268412,0.0,2.4053781169268413
TPSZ04,HGSZ02,1,0.12919700833386424,0.0,1.1291970083338643
TPSZ04,HGSZ07,1,0.19002997568933302,0.0,1.190029975689333
TPSZ04,JWSZ08,1,0.11917590641074081,0.0,1.1191759064107407
TPSZ04,KLSZ02,1,0.08512195947853887,0.020766051862849844,1.1058880113413887
TPSZ04,KLSZ05,1,0.08323284900527446,0.0,1.0832328490052745
TPSZ04,KLSZ06,1,0.2397167582805153,0.061959259389174286,1.3016760176696895
TPSZ04,KLSZ07,1,0.1264472380000089,0.029908300031742465,1.1563555380317512
TPSZ04,KLSZ08,2,0.15955833527612925,0.04885188972383896,2.208410224999968
TPSZ04,KLSZ09,1,0.021390301462587524,0.0,1.0213903014625876
TPSZ04,MPSZ02,1,0.1258567697281702,0.0,1.1258567697281703
TPSZ04,NVSZ02,2,0.3749528511965145,0.19193085594824327,2.5668837071447577
TPSZ04,ORSZ02,6,0.22587492873919923,0.0,6.2258749287391995
TPSZ04,OTSZ03,1,0.13125392082175158,0.0,1.1312539208217516
TPSZ04,OTSZ04,1,0.017895343264811046,0.0,1.017895343264811
TPSZ04,PLSZ03,1,0.011723207622626767,0.0,1.0117232076226268
TPSZ04,QTSZ08,1,0.08466495357045167,0.0,1.0846649535704516
TPSZ04,QTSZ11,1,0.06522948481828027,0.0,1.0652294848182802
TPSZ04,QTSZ13,1,0.06334736858060677,0.0,1.0633473685806067
TPSZ04,RCSZ01,1,0.04550662568151553,0.017614523371497312,1.0631211490530128
TPSZ04,RCSZ02,1,0.003250174049407497,0.012319756772011116,1.0155699308214186
TPSZ04,SGSZ04,2,0.24946318750952054,0.1952398269763996,2.44470301448592
TPSZ04,SLSZ01,1,0.026395212045620956,0.0,1.026395212045621
TPSZ04,SRSZ02,1,0.009940006638748854,0.0,1.009940006638749
TPSZ04,TPSZ02,8,0.9661053582554661,2.8491343744682545,11.815239732723722
TPSZ04,TPSZ04,3,0.2948945402524818,9.496111481375744,12.791006021628226
TPSZ04,TPSZ06,8,0.5125872157175824,0.0,8.512587215717582
TPSZ04,TPSZ08,1,0.10583703614144968,0.0,1.1058370361414496
TPSZ04,TPSZ12,2,0.09810641050945555,0.023952280744500364,2.122058691253956
TPSZ04,WDSZ02,1,0.10642489095974746,0.0,1.1064248909597474
TPSZ04,WDSZ03,1,0.14205431734139642,0.0,1.1420543173413964
TPSZ05,AMSZ01,2,0.46893533046282887,0.0,2.4689353304628288
TPSZ05,AMSZ02,1,0.19295607239158072,0.0,1.1929560723915806
TPSZ05,AMSZ09,1,0.14986389736618624,0.0,1.1498638973661863
TPSZ05,BDSZ03,1,0.28498687611123824,0.0,1.2849868761112382
TPSZ05,BDSZ04,1,0.43880703205123067,0.0,1.4388070320512307
TPSZ05,BMSZ05,1,0.1853256159287652,0.0,1.1853256159287653
TPSZ05,BMSZ13,1,0.03296115167598261,0.0,1.0329611516759827
TPSZ05,BMSZ17,1,0.05105003932602769,0.0,1.0510500393260276
TPSZ05,BSSZ02,1,0.39168189143608567,0.009384878390168975,1.4010667698262544
TPSZ05,BTSZ01,1,0.26332124877257473,0.0,1.2633212487725747
TPSZ05,CHSZ03,1,0.4527169114983546,0.0,1.4527169114983547
TPSZ05,CLSZ06,1,0.23551880116914192,0.0,1.235518801169142
TPSZ05,DTSZ02,1,0.1432709687350412,0.0,1.1432709687350413
TPSZ05,DTSZ03,1,0.2548351368516385,0.0,1.2548351368516384
TPSZ05,DTSZ08,1,0.0853907965933014,0.0,1.0853907965933014
TPSZ05,DTSZ11,1,0.20430800524315484,0.0,1.204308005243155
TPSZ05,DTSZ12,1,0.09292014891971587,0.0,1.0929201489197158
TPSZ05,GLSZ01,1,0.2695352849811596,0.007091220841806922,1.2766265058229667
TPSZ05,HGSZ07,1,0.3377909038141848,0.0,1.3377909038141849
TPSZ05,JWSZ06,1,0.09065389202202877,0.0,1.0906538920220288
TPSZ05,OTSZ03,2,0.36930270853042335,0.0,2.3693027085304235
TPSZ05,QTSZ11,1,0.1612128587066182,0.0,1.1612128587066182
TPSZ05,QTSZ14,1,0.17240672228095127,0.0,1.1724067222809513
TPSZ05,RCSZ10,1,0.10488623385482698,0.0,1.104886233854827
TPSZ05,TMSZ03,1,0.5223430430523434,0.0,1.5223430430523432
TPSZ05,TMSZ05,1,0.22870891985183486,0.0,1.2287089198518348
TPSZ05,TPSZ02,1,0.7440754848500584,0.03632173107128081,1.7803972159213393
TPSZ05,TPSZ06,1,0.5242057102316866,0.9471696634241786,2.4713753736558655
TPSZ05,TPSZ08,1,0.17778305994836757,0.0,1.1777830599483676
TPSZ05,WCSZ01,1,0.16502454364883185,0.0,1.1650245436488318
TPSZ05,WDSZ04,1,0.20322070969478215,0.0,1.2032207096947822
TPSZ06,AMSZ01,6,0.9999870329484303,0.0,6.999987032948431
TPSZ06,AMSZ02,1,0.3100202816929692,0.0,1.3100202816929691
TPSZ06,AMSZ03,1,0.36905361124371366,0.12335584152910464,1.4924094527728184
TPSZ06,AMSZ08,1,0.11536200354498087,0.0,1.115362003544981
TPSZ06,AMSZ10,1,0.29495720763827765,0.0,1.2949572076382776
TPSZ06,AMSZ12,1,0.1288053123052231,0.0,1.128805312305223
TPSZ06,BDSZ03,2,0.5196715850262222,0.0,2.5196715850262223
TPSZ06,BDSZ04,1,0.42203768727815216,0.0,1.4220376872781522
TPSZ06,BKSZ03,1,0.23432913985776374,0.0,1.2343291398577638
TPSZ06,BKSZ05,2,0.657774415943086,0.0,2.657774415943086
TPSZ06,BMSZ06,3,0.3631165958937772,0.0,3.363116595893777
TPSZ06,BMSZ07,1,0.3572378258386172,0.0,1.357237825838617
TPSZ06,BMSZ17,1,0.16876231367866598,0.0,1.168762313678666
TPSZ06,BSSZ01,8,1.5078786364122172,0.0,9.507878636412217
TPSZ06,BSSZ03,2,0.9846812803401369,0.43327792220902017,3.417959202549157
TPSZ06,BTSZ05,1,0.21376965076159776,0.0,1.2137696507615978
TPSZ06,CCSZ01,1,0.1732439308628061,0.0,1.1732439308628062
TPSZ06,CKSZ03,1,0.31958656700454363,0.0,1.3195865670045437
TPSZ06,CLSZ03,1,0.23375505545313865,0.0,1.2337550554531387
TPSZ06,CLSZ04,1,0.21571992766045966,0.0,1.2157199276604596
TPSZ06,CLSZ07,1,0.18847816191775502,0.0,1.1884781619177551
TPSZ06,CLSZ09,1,0.07574049846541964,0.0,1.0757404984654197
TPSZ06,DTSZ02,2,0.3590207704745496,0.0,2.3590207704745496
TPSZ06,DTSZ03,1,0.2544346433622523,0.0,1.2544346433622522
TPSZ06,DTSZ05,2,0.2760306870942195,0.0,2.2760306870942193
TPSZ06,DTSZ07,1,0.12119958835098739,0.0,1.1211995883509873
TPSZ06,DTSZ11,1,0.23840649102259387,0.0,1.2384064910225938
TPSZ06,GLSZ01,1,0.5999277489588236,0.04089578008018503,1.6408235290390085
TPSZ06,GLSZ02,1,0.2980535847752828,0.07530808974778322,1.373361674523066
TPSZ06,GLSZ03,3,0.6893112181930302,0.0,3.6893112181930303
TPSZ06,GLSZ04,1,0.8141317201594319,0.0,1.8141317201594318
TPSZ06,GLSZ05,1,0.6912265407019055,0.0,1.6912265407019054
TPSZ06,HGSZ01,2,0.29524289515083374,0.0,2.295242895150834
TPSZ06,HGSZ06,1,0.6064574920456886,0.0,1.6064574920456884
TPSZ06,JWSZ03,1,0.26850211672505464,0.0,1.2685021167250548
TPSZ06,JWSZ08,1,0.5150186519817234,0.0,1.5150186519817233
TPSZ06,JWSZ09,1,0.3456235383513851,0.0,1.345623538351385
TPSZ06,KLSZ01,2,0.8095545963358661,0.2734708304799219,3.083025426815788
TPSZ06,KLSZ07,2,0.5184952659635399,0.05836522876474636,2.5768604947282863
TPSZ06,KLSZ08,1,0.3738927797863733,0.024693945168956684,1.39858672495533
TPSZ06,KLSZ09,1,0.07067232734599953,0.0,1.0706723273459995
TPSZ06,MPSZ01,1,0.1625455246525048,0.0,1.1625455246525047
TPSZ06,MUSZ01,1,0.10284711423110769,0.0,1.1028471142311076
TPSZ06,NVSZ01,6,1.6221573900030466,0.373026494872851,7.995183884875898
TPSZ06,NVSZ02,6,0.9395878806690559,0.42026640311529306,7.359854283784348
TPSZ06,ORSZ02,2,0.3910815259856541,0.0,2.391081525985654
TPSZ06,PGSZ03,1,0.2765523405286569,0.0,1.276552340528657
TPSZ06,PGSZ04,3,0.5474226889649464,0.0,3.5474226889649465
TPSZ06,PLSZ04,1,0.0579925511429577,0.0,1.0579925511429578
TPSZ06,PRSZ03,2,0.56308617305263,0.0,2.56308617305263
TPSZ06,QTSZ04,2,0.11428559646541835,0.0,2.114285596465418
TPSZ06,QTSZ08,1,0.23478169673427352,0.0,1.2347816967342735
TPSZ06,QTSZ11,2,0.5559842492470768,0.0,2.555984249247077
TPSZ06,QTSZ14,1,0.24097197759756206,0.0,1.240971977597562
TPSZ06,RCSZ01,2,0.2168770523868286,0.03519135475204217,2.2520684071388706
TPSZ06,RCSZ03,1,0.15176437863381234,0.05503471506222601,1.2067990936960382
TPSZ06,SBSZ01,1,0.2903046711419984,0.0,1.2903046711419983
TPSZ06,SBSZ03,1,0.30681885776389767,0.0,1.3068188577638977
TPSZ06,SBSZ06,1,0.15163073193771814,0.0,1.1516307319377181
TPSZ06,SESZ02,1,0.3619117993003054,0.0,1.3619117993003054
TPSZ06,SESZ03,7,1.054423068799546,0.0,8.054423068799546
TPSZ06,SESZ05,2,0.31900550561132124,0.0,2.3190055056113215
TPSZ06,SGSZ04,2,0.7202962383698143,0.18825758346897475,2.908553821838789
TPSZ06,SGSZ06,1,0.442562765375517,0.18262167004348034,1.6251844354189973
TPSZ06,SGSZ07,2,0.29660592424680804,0.25758795259577283,2.554193876842581
TPSZ06,SRSZ01,1,0.23043911369133793,0.0,1.230439113691338
TPSZ06,SRSZ02,1,0.06035027919180273,0.0,1.0603502791918027
TPSZ06,TMSZ04,2,0.567196460483984,0.0,2.567196460483984
TPSZ06,TPSZ01,3,0.5105945371632042,0.10618023241845102,3.6167747695816552
TPSZ06,TPSZ02,4,1.0682500321187505,0.9164750264193625,5.984725058538113
TPSZ06,TPSZ03,3,0.4906732157586295,0.21028065883217475,3.700953874590804
TPSZ06,TPSZ04,3,0.45080151293472315,0.1333462956690544,3.584147808603778
TPSZ06,TPSZ05,1,0.5976941690728389,1.4590260237142512,3.05672019278709
TPSZ06,TPSZ06,2,2.1150411829326776,3.7645664875519933,7.8796076704846705
TPSZ06,TPSZ07,3,0.33647604293392813,1.8394988030158717,5.1759748459498
TPSZ06,TPSZ09,1,0.33151193515277594,0.017891802388643508,1.3494037375414194
TPSZ06,TPSZ12,1,0.3337362616598209,0.011023303251773616,1.3447595649115947
TPSZ06,TSSZ03,1,0.05207461052451602,0.0,1.052074610524516
TPSZ06,WDSZ02,3,0.44050029659991397,0.0,3.440500296599914
TPSZ06,WDSZ03,3,0.644062050829471,0.0,3.644062050829471
TPSZ06,WDSZ04,1,0.20763889569883245,0.0,1.2076388956988324
TPSZ06,WDSZ05,1,0.23873222086958798,0.0,1.238732220869588
TPSZ06,WDSZ06,1,0.19565129103346673,0.0,1.1956512910334667
TPSZ06,YSSZ04,1,0.26673343986520986,0.0,1.26673343986521
TPSZ06,YSSZ09,3,0.7411733700973157,0.0,3.7411733700973158
TPSZ07,AMSZ02,1,0.08926367537148484,0.0,1.0892636753714848
TPSZ07,BDSZ01,1,0.07965917022223615,0.0,1.0796591702222362
TPSZ07,BDSZ05,1,0.10827245431415423,0.0,1.1082724543141542
TPSZ07,BSSZ03,2,0.15984176683837742,0.29620050780862406,2.456042274647001
TPSZ07,BTSZ03,1,0.05084238382359675,0.0,1.0508423838235967
TPSZ07,DTSZ01,1,0.07215333663193818,0.0,1.0721533366319382
TPSZ07,DTSZ05,1,0.05635917310178699,0.0,1.056359173101787
TPSZ07,DTSZ08,3,0.0,0.0,3.0
TPSZ07,HGSZ07,1,0.14103178485950646,0.0,1.1410317848595064
TPSZ07,JESZ06,1,0.011599977327447872,0.0,1.0115999773274478
TPSZ07,KLSZ02,1,0.08636139652273706,0.022208256070986216,1.1085696525937232
TPSZ07,KLSZ06,1,0.16088533445161263,0.0,1.1608853344516126
TPSZ07,KLSZ09,1,0.007266508067661765,0.0,1.0072665080676617
TPSZ07,MPSZ02,1,0.08806775080105339,0.0,1.0880677508010534
TPSZ07,NVSZ01,1,0.32610358989290084,0.15354427785040434,1.4796478677433051
TPSZ07,ORSZ03,1,0.04326136468900429,0.0,1.0432613646890043
TPSZ07,OTSZ03,1,0.08276335403140933,0.0,1.0827633540314094
TPSZ07,PLSZ04,1,0.007269363435423699,0.0,1.0072693634354237
TPSZ07,QTSZ10,1,0.0667398215859964,0.0,1.0667398215859965
TPSZ07,QTSZ11,2,0.10846125899913607,0.0,2.108461258999136
TPSZ07,QTSZ14,1,0.04413199598077517,0.0,1.044131995980775
TPSZ07,SGSZ02,1,0.02528632700570007,0.0,1.0252863270057
TPSZ07,SGSZ06,1,0.16171242042969994,0.13290857849323304,1.2946209989229331
TPSZ07,TPSZ02,2,0.30701887617615425,0.5685234407277283,2.8755423169038825
TPSZ07,TPSZ03,3,0.07059910577306758,0.16609891018862485,3.2366980159616925
TPSZ07,TPSZ06,3,0.31417650304901135,4.274172562725635,7.588349065774646
TPSZ07,TPSZ07,1,0.10919342650077653,5.377286827922066,6.486480254422842
TPSZ07,TPSZ12,1,0.0817325400030663,0.008698803810882158,1.0904313438139486
TPSZ07,YSSZ04,1,0.13994534011478021,0.0,1.1399453401147803
TPSZ08,AMSZ03,1,0.21582456598836786,0.3476445651401485,1.5634691311285163
TPSZ08,BSSZ01,1,0.36185470641264345,0.0,1.3618547064126434
TPSZ08,CKSZ03,1,0.19793373623727076,0.0,1.1979337362372708
TPSZ08,DTSZ03,1,0.1621522275359217,0.0,1.1621522275359217
TPSZ08,DTSZ05,1,0.09381385019374251,0.0,1.0938138501937424
TPSZ08,DTSZ08,2,0.047076935128328674,0.0,2.0470769351283287
TPSZ08,DTSZ11,2,0.17704151604762505,0.0,2.177041516047625
TPSZ08,JWSZ03,1,0.09906532989383002,0.0,1.09906532989383
TPSZ08,KLSZ01,2,0.35562416213679576,0.5493019461552211,2.904926108292017
TPSZ08,KLSZ02,1,0.10522191181916621,0.0,1.1052219118191662
TPSZ08,KLSZ07,1,0.1589997774861185,0.07199747811849094,1.2309972556046094
TPSZ08,LKSZ01,1,0.3000340214301352,0.0,1.3000340214301351
TPSZ08,NTSZ03,1,0.03239179170002734,0.0,1.0323917917000274
TPSZ08,OTSZ03,2,0.24739212120301066,0.0,2.247392121203011
TPSZ08,PGSZ05,1,0.18867060475827432,0.0,1.1886706047582742
TPSZ08,PNSZ01,1,0.034005250092812134,0.0,1.034005250092812
TPSZ08,QTSZ01,1,0.14158843155113332,0.0,1.1415884315511333
TPSZ08,QTSZ11,1,0.10214311268810385,0.0,1.1021431126881038
TPSZ08,SESZ02,1,0.25776996528397833,0.0,1.2577699652839782
TPSZ08,SESZ04,1,0.369702585938551,0.0,1.369702585938551
TPSZ08,TMSZ03,1,0.4156771222483525,0.0,1.4156771222483524
TPSZ08,TPSZ04,1,0.158969206918001,0.031023715648341707,1.1899929225663428
TPSZ08,TPSZ08,1,0.22495908501958053,0.0,1.2249590850195806
TPSZ08,TPSZ11,1,0.5520879822889446,0.0,1.5520879822889446
TPSZ09,AMSZ01,1,0.4878959634613456,0.0,1.4878959634613456
TPSZ09,BDSZ01,1,0.3100548802610233,0.0,1.3100548802610232
TPSZ09,BKSZ06,1,0.12289351346584847,0.0,1.1228935134658484
TPSZ09,BMSZ01,1,0.28290307466155745,0.0,1.2829030746615575
TPSZ09,BMSZ12,1,0.136138896643509,0.0,1.136138896643509
TPSZ09,BMSZ17,1,0.1415069413365811,0.0,1.141506941336581
TPSZ09,BPSZ04,1,0.29045037281673064,0.0,1.2904503728167307
TPSZ09,BPSZ05,1,0.2510195848668192,0.0,1.2510195848668193
TPSZ09,BSSZ01,1,0.6388099598445706,0.0,1.6388099598445707
TPSZ09,BTSZ05,1,0.04178037836049185,0.0,1.0417803783604918
TPSZ09,CKSZ03,1,0.3183584460535818,0.0,1.3183584460535818
TPSZ09,DTSZ01,1,0.16131931305276626,0.0,1.1613193130527661
TPSZ09,DTSZ02,1,0.17885153026957124,0.0,1.1788515302695712
TPSZ09,DTSZ03,2,0.3983928839343039,0.0,2.398392883934304
TPSZ09,DTSZ05,1,0.19849687233030747,0.0,1.1984968723303075
TPSZ09,DTSZ07,1,0.08304392072909446,0.0,1.0830439207290945
TPSZ09,DTSZ08,2,0.08398977864896597,0.0,2.083989778648966
TPSZ09,DTSZ11,2,0.17846263609788238,0.0,2.1784626360978825
TPSZ09,GLSZ01,3,0.8990304219782584,0.17425329975688164,4.07328372173514
TPSZ09,GLSZ04,1,0.6870814054119313,0.09914922876564596,1.786230634177577
TPSZ09,HGSZ05,1,0.45321972581420616,0.0,1.453219725814206
TPSZ09,JESZ05,1,0.3175881925345326,0.0,1.3175881925345325
TPSZ09,JESZ06,1,0.052183136656907526,0.0,1.0521831366569074
TPSZ09,JESZ08,1,0.13131620164166016,0.0,1.1313162016416602
TPSZ09,KLSZ01,3,0.8605866530130796,0.2894008873672975,4.149987540380377
TPSZ09,KLSZ03,1,0.04572441781434625,0.13422352952630978,1.179947947340656
TPSZ09,KLSZ06,1,0.38644987638400335,0.0247496390550891,1.4111995154390926
TPSZ09,KLSZ08,1,0.23070193673427625,0.020274000671883907,1.2509759374061602
TPSZ09,MUSZ01,1,0.0562637982643473,0.0,1.0562637982643472
TPSZ09,NVSZ02,1,0.4399662144261468,0.057080069211768864,1.4970462836379155
TPSZ09,ORSZ01,1,0.024043350837675947,0.0,1.024043350837676
TPSZ09,ORSZ02,1,0.3271616311856572,0.0,1.3271616311856573
TPSZ09,OTSZ03,4,0.6728203987890261,0.0,4.672820398789026
TPSZ09,OTSZ04,1,0.038380082240978296,0.0,1.0383800822409783
TPSZ09,PGSZ03,1,0.17064162400018468,0.0,1.1706416240001847
TPSZ09,PGSZ04,1,0.4312592646122506,0.0,1.4312592646122506
TPSZ09,QTSZ08,2,0.5041193139725395,0.0,2.5041193139725397
TPSZ09,RCSZ01,2,0.12446997906978388,0.05514249505638728,2.1796124741261713
TPSZ09,SBSZ01,1,0.2492701145294122,0.0,1.2492701145294123
TPSZ09,SESZ03,2,0.7000543796324489,0.0,2.7000543796324488
TPSZ09,SGSZ04,3,0.5952676991436201,0.21984477415624223,3.8151124732998625
TPSZ09,SGSZ06,6,1.827458329024263,0.40561745436927266,8.233075783393536
TPSZ09,SRSZ02,2,0.056719607245594154,0.0,2.056719607245594
TPSZ09,TPSZ02,1,0.381774776007054,0.13393223286495204,1.5157070088720062
TPSZ09,TPSZ06,2,0.636507218959899,0.17008199287437906,2.806589211834278
TPSZ09,TPSZ09,3,0.3915726562794174,7.215958495510028,10.607531151789445
TPSZ09,TPSZ11,2,1.0039986469635311,0.0,3.003998646963531
TPSZ10,BPSZ05,1,0.026981517844763225,0.0,1.0269815178447632
TPSZ10,BSSZ03,1,0.02218853683806583,0.04012562760684138,1.0623141644449072
TPSZ10,DTSZ03,1,0.023750435912829312,0.0,1.0237504359128293
TPSZ10,DTSZ05,1,0.012406001977427774,0.0,1.0124060019774277
TPSZ10,DTSZ11,1,0.011125636292058826,0.0,1.0111256362920589
TPSZ10,GLSZ04,1,0.08344891119795571,0.039120685955999004,1.1225695971539547
TPSZ10,GLSZ05,1,0.03156017702164641,0.0,1.0315601770216465
TPSZ10,QTSZ12,1,0.014790226276116996,0.0,1.014790226276117
TPSZ10,SBSZ08,1,0.017102784462274315,0.0,1.0171027844622744
TPSZ10,SESZ03,1,0.07731728973257808,0.0,1.077317289732578
TPSZ10,SGSZ06,2,0.17437886459831173,0.1487526074158092,2.3231314720141207
TPSZ10,TMSZ03,1,0.06770843181406005,0.0,1.0677084318140602
TPSZ10,TPSZ10,2,0.4372411860323144,0.7719692493160468,3.209210435348361
TPSZ11,AMSZ10,1,0.26815362991442976,0.0,1.2681536299144298
TPSZ11,BDSZ05,1,0.5167100102942234,0.0,1.5167100102942235
TPSZ11,BKSZ01,1,0.17042630088754093,0.0,1.1704263008875408
TPSZ11,BMSZ01,1,0.3707039973710314,0.0,1.3707039973710313
TPSZ11,BMSZ17,2,0.24730012201668897,0.0,2.247300122016689
TPSZ11,BSSZ02,1,0.40818620481999934,0.0,1.4081862048199993
TPSZ11,BTSZ06,1,0.09517128063532268,0.0,1.0951712806353227
TPSZ11,CLSZ08,1,0.3050709682970068,0.0,1.3050709682970068
TPSZ11,DTSZ01,1,0.44453375008369933,0.0,1.4445337500836994
TPSZ11,DTSZ02,1,0.20538466556863502,0.0,1.205384665568635
TPSZ11,DTSZ03,1,0.286117696388751,0.0,1.286117696388751
TPSZ11,DTSZ06,1,0.019519567104823245,0.0,1.0195195671048232
TPSZ11,DTSZ10,1,0.01445742709882866,0.0,1.0144574270988287
TPSZ11,DTSZ11,3,0.2152868881148379,0.0,3.215286888114838
TPSZ11,DTSZ12,1,0.15945263277029628,0.0,1.1594526327702963
TPSZ11,GLSZ02,1,0.6638101035010742,0.09582840014876799,1.759638503649842
TPSZ11,GLSZ05,1,0.4637710488786732,0.05136637746254305,1.5151374263412163
TPSZ11,HGSZ03,1,0.325223501493427,0.0,1.325223501493427
TPSZ11,HGSZ07,1,0.46165779326044565,0.015787964200028842,1.4774457574604745
TPSZ11,KLSZ01,2,0.9201516614159261,0.1791512448925499,3.099302906308476
TPSZ11,KLSZ07,1,0.308063330912845,0.019939528379656492,1.3280028592925013
TPSZ11,KLSZ08,1,0.41220612154742553,0.021633638486484794,1.4338397600339103
TPSZ11,MUSZ01,2,0.16440173093296834,0.0,2.164401730932968
TPSZ11,MUSZ03,3,0.06891633210198923,0.0,3.068916332101989
TPSZ11,NVSZ02,2,0.9617753408201484,0.0,2.9617753408201484
TPSZ11,NVSZ05,1,0.0,0.0,1.0
TPSZ11,ORSZ03,2,0.34081425288860817,0.0,2.3408142528886082
TPSZ11,OTSZ03,1,0.3345379018136378,0.0,1.3345379018136379
TPSZ11,PGSZ04,1,0.4849491654904195,0.0,1.4849491654904194
TPSZ11,PNSZ02,2,0.0,0.0,2.0
TPSZ11,PNSZ03,1,0.0,0.0,1.0
TPSZ11,QTSZ13,1,0.19894560439523756,0.0,1.1989456043952376
TPSZ11,QTSZ14,1,0.2902693507255156,0.0,1.2902693507255156
TPSZ11,RCSZ01,2,0.22186535834810917,0.0,2.221865358348109
TPSZ11,RCSZ10,1,0.18034208239374583,0.0,1.1803420823937458
TPSZ11,SGSZ04,2,0.7861625192473514,0.15938217926276188,2.9455446985101132
TPSZ11,SGSZ06,2,1.611400114977678,0.2822351786458337,3.8936352936235115
TPSZ11,SRSZ03,1,0.20723508784458092,0.0,1.207235087844581
TPSZ11,TPSZ02,1,0.3579041974266446,0.09392725899421668,1.4518314564208612
TPSZ11,TPSZ03,3,0.5091222582197813,0.08071610466131689,3.589838362881098
TPSZ12,AMSZ01,1,0.45861854866865454,0.0,1.4586185486686545
TPSZ12,BDSZ02,1,0.5171520882479799,0.0,1.5171520882479799
TPSZ12,BDSZ04,3,0.8481825090144864,0.0,3.8481825090144866
TPSZ12,BMSZ03,1,0.19601431950652293,0.0,1.196014319506523
TPSZ12,BMSZ04,1,0.1171912109267042,0.0,1.1171912109267041
TPSZ12,BMSZ05,2,0.2962699783288238,0.0,2.296269978328824
TPSZ12,BTSZ01,2,0.31186342294161024,0.0,2.3118634229416104
TPSZ12,CKSZ02,1,0.29656019100295705,0.0,1.296560191002957
TPSZ12,DTSZ02,1,0.17574473099712082,0.0,1.1757447309971207
TPSZ12,DTSZ03,1,0.2137573232116353,0.0,1.2137573232116352
TPSZ12,DTSZ05,1,0.14120187474723497,0.0,1.141201874747235
TPSZ12,DTSZ11,1,0.16890797612200864,0.0,1.1689079761220087
TPSZ12,GLSZ02,1,0.5793261112503642,0.20662290447221024,1.7859490157225744
TPSZ12,GLSZ03,2,0.6571736246758351,0.22536404553535339,2.882537670211188
TPSZ12,GLSZ04,6,1.3383713811866778,0.7986133070070867,8.136984688193763
TPSZ12,GLSZ05,3,0.7699574689952406,0.23557109456027506,4.005528563555516
TPSZ12,HGSZ04,1,0.3581288048394829,0.0,1.3581288048394828
TPSZ12,HGSZ06,2,0.7212877478006436,0.15027247239414618,2.87156022019479
TPSZ12,HGSZ07,1,0.38222109290535006,0.011372440925255557,1.3935935338306056
TPSZ12,HGSZ08,1,0.397099155260494,0.24404064842872686,1.6411398036892209
TPSZ12,JWSZ05,1,0.08797258640566988,0.0,1.08797258640567
TPSZ12,JWSZ08,1,0.26765238182370904,0.0,1.267652381823709
TPSZ12,JWSZ09,1,0.2615235735558403,0.0,1.2615235735558403
TPSZ12,KLSZ01,1,0.45857128438611494,0.06343570643356543,1.5220069908196803
TPSZ12,MPSZ03,1,0.36024392202572303,0.0,1.360243922025723
TPSZ12,NTSZ03,1,0.06317424520196485,0.0,1.0631742452019648
TPSZ12,NVSZ02,1,0.3979279695551367,0.0,1.3979279695551368
TPSZ12,ORSZ02,1,0.2485318767603606,0.0,1.2485318767603606
TPSZ12,ORSZ03,2,0.23510416028818587,0.0,2.235104160288186
TPSZ12,OTSZ03,1,0.3055669205881638,0.0,1.3055669205881637
TPSZ12,PGSZ04,1,0.516424046635522,0.0,1.5164240466355219
TPSZ12,PLSZ04,1,0.09451438902996297,0.19989331192109147,1.2944077009510544
TPSZ12,PRSZ03,1,0.31714770168830636,0.0,1.3171477016883064
TPSZ12,QTSZ08,1,0.21640809918160636,0.0,1.2164080991816064
TPSZ12,QTSZ11,2,0.3414088401325324,0.0,2.3414088401325324
TPSZ12,SESZ02,1,0.4293839527023058,0.0,1.4293839527023058
TPSZ12,SESZ04,3,0.6210604133904541,0.0,3.6210604133904543
TPSZ12,SESZ06,2,1.235382420986619,0.0,3.2353824209866193
TPSZ12,SGSZ03,1,0.37191385060004706,0.0,1.371913850600047
TPSZ12,SGSZ05,1,0.36030869535020865,0.047396976227570255,1.407705671577779
TPSZ12,SGSZ06,2,0.5357159546143331,0.38724277911359245,2.9229587337279255
TPSZ12,TMSZ02,2,1.021218380785014,0.0,3.021218380785014
TPSZ12,TMSZ04,2,0.5453476879089634,0.0,2.545347687908963
TPSZ12,TMSZ05,1,0.2131066274781436,0.0,1.2131066274781437
TPSZ12,TNSZ02,1,0.13868421562127733,0.0,1.1386842156212773
TPSZ12,TNSZ04,1,0.15179042006912752,0.0,1.1517904200691276
TPSZ12,TPSZ02,2,0.387556203971395,0.0,2.387556203971395
TPSZ12,TPSZ04,1,0.1221576259939817,0.0,1.1221576259939816
TPSZ12,TPSZ06,2,0.32226496042916575,0.03153579775571128,2.3538007581848768
TPSZ12,TPSZ12,3,3.2330339325234863,5.398379869098327,11.631413801621814
TPSZ12,WDSZ02,1,0.2630519480084652,0.0,1.2630519480084652
TPSZ12,WDSZ04,2,0.1996008026238633,0.0,2.199600802623863
TPSZ12,WDSZ06,1,0.1909802111118391,0.0,1.190980211111839
TPSZ12,YSSZ05,1,0.14820615181667574,0.0,1.1482061518166757
TPSZ12,YSSZ09,3,0.3920339861323441,0.0,3.3920339861323443
TSSZ02,BKSZ03,1,0.18901706771570245,0.0,1.1890170677157024
TSSZ02,BLSZ02,1,0.05451036083377255,0.0,1.0545103608337725
TSSZ02,BMSZ10,1,0.05693560305386557,0.0,1.0569356030538655
TSSZ02,BPSZ03,1,0.25839951829095226,0.0,1.2583995182909522
TSSZ02,CLSZ06,1,0.23616950845103138,0.0,1.2361695084510314
TSSZ02,CLSZ07,1,0.163864170296539,0.0,1.1638641702965389
TSSZ02,JESZ01,1,0.17874066245426054,0.0,1.1787406624542605
TSSZ02,JESZ05,2,0.43756071533633717,0.0,2.4375607153363372
TSSZ02,JWSZ04,1,0.6141704709243503,0.0,1.6141704709243503
TSSZ02,JWSZ09,1,0.5224248778192716,0.0,1.5224248778192715
TSSZ02,SESZ04,1,1.1686192722754098,0.0,2.16861927227541
TSSZ02,WDSZ02,1,0.07638364614569822,0.0,1.0763836461456981
TSSZ02,WDSZ09,1,0.04320412640031948,0.0,1.0432041264003196
TSSZ03,BKSZ03,2,0.18013242940868815,0.0,2.180132429408688
TSSZ03,BKSZ04,1,0.08233411767247713,0.0,1.0823341176724772
TSSZ03,BKSZ05,2,0.15690474999875856,0.0,2.1569047499987586
TSSZ03,BMSZ10,1,0.022364647099386275,0.0,1.0223646470993863
TSSZ03,CKSZ03,1,0.17984668837293707,0.0,1.179846688372937
TSSZ03,CKSZ06,3,0.10148953979294675,0.0,3.1014895397929467
TSSZ03,CLSZ04,1,0.1313956528116336,0.0,1.1313956528116336
TSSZ03,GLSZ05,1,0.48991925690241933,0.0,1.4899192569024193
TSSZ03,HGSZ05,1,0.49026756959144197,0.0,1.490267569591442
TSSZ03,JESZ02,1,0.04459945231105165,0.0,1.0445994523110516
TSSZ03,JWSZ03,2,0.21156721510265372,0.0,2.2115672151026535
TSSZ03,JWSZ04,2,0.4791139876962398,0.0,2.47911398769624
TSSZ03,JWSZ08,3,0.5154527122110848,0.0,3.5154527122110846
TSSZ03,JWSZ09,3,0.5097440920859909,0.0,3.509744092085991
TSSZ03,PRSZ03,1,0.5492086332689284,0.0,1.5492086332689285
TSSZ03,QTSZ10,1,0.11636708405384968,0.0,1.1163670840538498
TSSZ03,SBSZ01,1,0.06408364711688332,0.0,1.0640836471168833
TSSZ03,SBSZ04,1,0.17293801756222688,0.0,1.1729380175622268
TSSZ03,TSSZ05,1,0.15093498604005376,0.0,1.1509349860400537
TSSZ03,WDSZ02,1,0.028249034585223397,0.0,1.0282490345852233
TSSZ03,WDSZ03,1,0.14358218355824892,0.0,1.143582183558249
TSSZ03,YSSZ09,1,0.17950430275424678,0.0,1.1795043027542467
TSSZ04,AMSZ02,1,0.023005112777949425,0.0,1.0230051127779494
TSSZ04,BDSZ04,1,0.17794593477516377,0.0,1.1779459347751637
TSSZ04,CKSZ04,1,0.04059642369640453,0.0,1.0405964236964045
TSSZ04,CLSZ06,1,0.05734737612771378,0.0,1.0573473761277137
TSSZ04,CLSZ08,1,0.0523094501034374,0.0,1.0523094501034373
TSSZ04,JESZ04,1,0.01623989509391006,0.0,1.01623989509391
TSSZ04,JESZ05,2,0.21798789089330525,0.0,2.2179878908933053
TSSZ04,JWSZ04,1,0.10602770342163619,0.0,1.1060277034216361
TSSZ04,JWSZ09,7,0.24879990996224408,0.0,7.248799909962244
TSSZ04,TSSZ03,1,0.0597403031474724,1.0001703287344574,2.05991063188193
TSSZ05,AMSZ01,1,0.2984796278251001,0.0,1.2984796278251
TSSZ05,BKSZ02,1,0.18282599947268963,0.0,1.1828259994726897
TSSZ05,BKSZ05,1,0.4234371788361779,0.0,1.423437178836178
TSSZ05,BLSZ02,3,0.18534605523457173,0.0,3.1853460552345716
TSSZ05,BMSZ01,1,0.22171470437581128,0.0,1.2217147043758112
TSSZ05,BMSZ03,1,0.14907837084582296,0.0,1.149078370845823
TSSZ05,BMSZ08,1,0.08622241110679758,0.0,1.0862224111067975
TSSZ05,BPSZ01,1,0.2188954524687676,0.0,1.2188954524687676
TSSZ05,BPSZ03,1,0.16860153359014807,0.0,1.168601533590148
TSSZ05,BPSZ04,3,0.37115926352654266,0.0,3.371159263526543
TSSZ05,BPSZ05,1,0.4492657537402133,0.0,1.4492657537402134
TSSZ05,BPSZ06,1,0.17532954216071886,0.0,1.1753295421607188
TSSZ05,BSSZ01,1,0.26168958037185625,0.0,1.2616895803718562
TSSZ05,BSSZ03,1,0.40705866775267235,0.0,1.4070586677526724
TSSZ05,BTSZ03,1,0.19398725470038422,0.0,1.1939872547003842
TSSZ05,CKSZ01,1,0.3510508711128786,0.0,1.3510508711128786
TSSZ05,CKSZ03,4,0.8019618682628028,0.0,4.8019618682628025
TSSZ05,CKSZ06,1,0.2884932495327625,0.0,1.2884932495327626
TSSZ05,CLSZ06,1,0.21505438453218295,0.0,1.2150543845321828
TSSZ05,DTSZ02,1,0.36022626802945545,0.0,1.3602262680294555
TSSZ05,GLSZ05,1,0.32591951758938165,0.0,1.3259195175893816
TSSZ05,HGSZ06,2,1.6442012199554377,0.0,3.6442012199554377
TSSZ05,JESZ02,3,0.14391982340142656,0.0,3.1439198234014265
TSSZ05,JESZ05,4,0.4577883037642438,0.0,4.457788303764244
TSSZ05,JWSZ03,4,0.5834194399229343,0.0,4.583419439922935
TSSZ05,JWSZ08,2,0.8038601132255729,0.0,2.803860113225573
TSSZ05,JWSZ09,7,1.0873253676826773,0.0,8.087325367682677
TSSZ05,KLSZ01,1,0.2791544432461925,0.0,1.2791544432461925
TSSZ05,KLSZ02,1,0.1734165782749131,0.0,1.173416578274913
TSSZ05,NVSZ01,1,0.4600728912153612,0.0,1.4600728912153613
TSSZ05,PGSZ02,1,0.22244394752486188,0.0,1.2224439475248619
TSSZ05,PGSZ03,1,0.18175293138020043,0.0,1.1817529313802004
TSSZ05,PGSZ04,1,0.43486989042762336,0.0,1.4348698904276234
TSSZ05,PNSZ02,1,0.0,0.0,1.0
TSSZ05,PRSZ03,1,0.51819566563063,0.0,1.5181956656306301
TSSZ05,QTSZ01,1,0.2977122250439372,0.0,1.2977122250439372
TSSZ05,QTSZ08,1,0.27090491787175647,0.0,1.2709049178717564
TSSZ05,SBSZ01,1,0.2812028112479546,0.0,1.2812028112479545
TSSZ05,SESZ03,2,1.9892236279553104,0.0,3.9892236279553104
TSSZ05,SESZ04,1,0.4640529458326262,0.0,1.4640529458326261
TSSZ05,SGSZ04,1,0.8680386632137506,0.0,1.8680386632137504
TSSZ05,SGSZ06,2,1.3232469152209523,0.0,3.3232469152209525
TSSZ05,TPSZ06,1,0.22756369869831497,0.0,1.227563698698315
TSSZ05,TSSZ05,1,2.6583564994736006,0.0,3.6583564994736006
TSSZ05,TSSZ06,1,0.06005308833004494,0.0,1.060053088330045
TSSZ05,WDSZ01,2,0.20590344549918244,0.0,2.2059034454991826
TSSZ05,WDSZ02,4,2.3585802577606825,0.0,6.358580257760682
TSSZ05,WDSZ03,1,0.34303324042226446,0.0,1.3430332404222645
TSSZ05,YSSZ03,1,0.5263224187332266,0.0,1.5263224187332267
TSSZ05,YSSZ08,1,0.12584637323174638,0.0,1.1258463732317463
TSSZ05,YSSZ09,1,0.8737407007368674,0.0,1.8737407007368674
TSSZ06,AMSZ06,1,0.2511647367984806,0.0,1.2511647367984806
TSSZ06,BPSZ05,1,0.07122100691215628,0.0,1.0712210069121564
TSSZ06,CKSZ06,1,0.03724044544411295,0.0,1.0372404454441129
TSSZ06,CLSZ03,1,0.1460927101223103,0.0,1.1460927101223102
TSSZ06,JESZ03,1,0.07632321409405071,0.0,1.0763232140940506
TSSZ06,JESZ05,3,0.49133136343632594,0.0,3.491331363436326
TSSZ06,JWSZ02,1,0.08920175623456988,0.0,1.08920175623457
TSSZ06,JWSZ03,1,0.07388238882152567,0.0,1.0738823888215256
TSSZ06,JWSZ08,2,0.09123211093454457,0.0,2.0912321109345444
TSSZ06,JWSZ09,2,0.15179046455578352,0.0,2.1517904645557837
TSSZ06,PGSZ03,1,0.06325223608252495,0.0,1.063252236082525
TSSZ06,RCSZ01,1,0.09929812977962674,0.0,1.0992981297796267
TSSZ06,SBSZ03,1,0.3180738712826003,0.0,1.3180738712826003
TSSZ06,SESZ06,1,0.29446269035173606,0.0,1.294462690351736
TSSZ06,WDSZ03,1,0.37466930865704534,0.0,1.3746693086570454
TSSZ06,YSSZ09,1,0.370763566491448,0.0,1.370763566491448
WCSZ01,AMSZ02,1,0.36790212776851905,0.0,1.367902127768519
WCSZ01,AMSZ05,1,0.38199561031788626,0.0,1.3819956103178863
WCSZ01,AMSZ09,1,0.26760529197386823,0.0,1.2676052919738683
WCSZ01,BDSZ01,2,0.5524271015681737,0.0,2.5524271015681737
WCSZ01,BDSZ04,3,1.4834643553102973,0.0,4.483464355310297
WCSZ01,BDSZ05,1,1.1366606885878623,0.0,2.1366606885878623
WCSZ01,BKSZ02,2,0.33331432887879114,0.0,2.333314328878791
WCSZ01,BKSZ03,2,1.235497545536512,0.0,3.235497545536512
WCSZ01,BKSZ04,1,0.3653828025297081,0.0,1.3653828025297081
WCSZ01,BKSZ05,1,0.9263481922494877,0.0,1.9263481922494878
WCSZ01,BLSZ02,3,0.25928092775126693,0.0,3.259280927751267
WCSZ01,BMSZ07,3,1.0647473525565123,0.0,4.0647473525565125
WCSZ01,BMSZ09,1,0.10744108326996898,0.0,1.107441083269969
WCSZ01,BMSZ13,1,0.32083633364312325,0.0,1.3208363336431233
WCSZ01,BMSZ15,1,0.1512873120176081,0.0,1.1512873120176081
WCSZ01,BPSZ01,1,0.39429984276470564,0.0,1.3942998427647058
WCSZ01,BPSZ03,2,0.7526912117063632,0.0,2.752691211706363
WCSZ01,BPSZ06,1,0.29871510936347434,0.0,1.2987151093634743
WCSZ01,BSSZ01,2,0.8177661096302871,0.0,2.817766109630287
WCSZ01,BSSZ02,1,0.5292747145389882,0.0,1.5292747145389882
WCSZ01,BTSZ01,1,0.5444078610986212,0.0,1.5444078610986212
WCSZ01,BTSZ02,2,0.2583790874143894,0.0,2.258379087414389
WCSZ01,BTSZ07,1,0.2418511878518758,0.0,1.2418511878518759
WCSZ01,CKSZ01,1,0.5879544728069375,0.0,1.5879544728069375
WCSZ01,CKSZ02,3,1.379178198935836,0.0,4.379178198935836
WCSZ01,CKSZ03,6,1.1289883296068728,0.0,7.128988329606873
WCSZ01,CKSZ04,1,0.4926130355107301,0.0,1.49261303551073
WCSZ01,CKSZ06,6,0.9816018682279355,0.0,6.981601868227935
WCSZ01,CLSZ04,1,0.38984338953556513,0.0,1.389843389535565
WCSZ01,CLSZ06,1,0.35764129339055634,0.0,1.3576412933905564
WCSZ01,CLSZ07,1,0.2668004256872389,0.0,1.266800425687239
WCSZ01,CLSZ08,1,0.27310876061859923,0.0,1.2731087606185993
WCSZ01,DTSZ05,1,0.392755140190131,0.0,1.392755140190131
WCSZ01,GLSZ04,2,0.6643195519173192,0.0,2.6643195519173193
WCSZ01,GLSZ05,1,0.5600288230855386,0.0,1.5600288230855386
WCSZ01,HGSZ01,1,0.4089124492292316,0.0,1.4089124492292315
WCSZ01,HGSZ04,3,0.46576867265967065,0.0,3.465768672659671
WCSZ01,HGSZ06,1,0.6252017913593102,0.0,1.6252017913593102
WCSZ01,HGSZ07,1,0.37520226748516644,0.0,1.3752022674851665
WCSZ01,HGSZ08,1,0.4400070895466916,0.0,1.4400070895466917
WCSZ01,JESZ01,1,0.47851907010478567,0.0,1.4785190701047857
WCSZ01,JESZ05,2,1.065421819666851,0.0,3.065421819666851
WCSZ01,JESZ08,2,0.3612344389284255,0.0,2.3612344389284257
WCSZ01,JWSZ01,1,0.2055945827266633,0.0,1.2055945827266634
WCSZ01,JWSZ02,3,0.8014108371661571,0.0,3.801410837166157
WCSZ01,JWSZ03,6,2.1758853546188455,0.0,8.175885354618845
WCSZ01,JWSZ08,6,2.4244224290950234,0.0,8.424422429095024
WCSZ01,JWSZ09,30,3.5196241746910615,0.0,33.51962417469106
WCSZ01,KLSZ05,1,0.2366128253164058,0.0,1.2366128253164057
WCSZ01,KLSZ06,1,0.48935799751286524,0.0,1.4893579975128652
WCSZ01,KLSZ08,1,0.4721750725450428,0.0,1.4721750725450429
WCSZ01,NVSZ01,1,0.8019066875728521,0.0,1.8019066875728522
WCSZ01,NVSZ02,1,0.8365248471394068,0.0,1.836524847139407
WCSZ01,ORSZ03,1,0.4994051432215349,0.0,1.499405143221535
WCSZ01,OTSZ01,1,0.06333559941076625,0.0,1.0633355994107663
WCSZ01,OTSZ03,1,0.5981405955106323,0.0,1.5981405955106323
WCSZ01,PGSZ02,1,0.46734708802661784,0.0,1.4673470880266177
WCSZ01,PNSZ02,1,0.0,0.0,1.0
WCSZ01,PRSZ02,1,0.8398071431992065,0.0,1.8398071431992065
WCSZ01,PRSZ03,2,2.2002859108905253,0.0,4.200285910890525
WCSZ01,PRSZ05,1,0.7604441072705113,0.0,1.7604441072705113
WCSZ01,QTSZ08,1,0.4517263783590055,0.0,1.4517263783590055
WCSZ01,RCSZ05,1,0.12144606755275333,0.0,1.1214460675527533
WCSZ01,SBSZ03,3,0.6932430386093601,0.0,3.69324303860936
WCSZ01,SBSZ04,1,0.5273795469105094,0.0,1.5273795469105094
WCSZ01,SESZ03,1,0.36672630975250864,0.0,1.3667263097525086
WCSZ01,SESZ04,1,0.5879258560647337,0.0,1.5879258560647336
WCSZ01,SGSZ03,3,0.8778078539322278,0.0,3.877807853932228
WCSZ01,SGSZ07,1,0.20542419854982868,0.0,1.2054241985498286
WCSZ01,SISZ01,1,0.48386557081314036,0.0,1.4838655708131403
WCSZ01,TMSZ01,1,1.2918799404018457,0.0,2.291879940401846
WCSZ01,TMSZ02,3,2.8187073125067355,0.0,5.818707312506735
WCSZ01,TMSZ03,1,1.1383558058675916,0.0,2.1383558058675916
WCSZ01,TMSZ04,1,0.3648334707034647,0.0,1.3648334707034646
WCSZ01,TPSZ03,1,0.18688900689239588,0.0,1.1868890068923958
WCSZ01,TPSZ05,1,0.17135880823352423,0.0,1.1713588082335242
WCSZ01,WCSZ01,7,2.154500179710372,16.00272525975132,25.15722543946169
WCSZ01,WDSZ01,1,0.1215301874804209,0.0,1.1215301874804209
WCSZ01,WDSZ02,3,0.7551543407330474,0.0,3.755154340733047
WCSZ01,WDSZ03,3,1.2206492925271384,0.0,4.220649292527138
WCSZ01,WDSZ04,1,0.3348819331404223,0.0,1.3348819331404222
WCSZ01,WDSZ05,4,0.6472776084450942,0.0,4.647277608445094
WCSZ01,WDSZ06,2,0.503523149540013,0.0,2.5035231495400128
WCSZ01,YSSZ01,1,0.35631080411531757,0.0,1.3563108041153176
WCSZ01,YSSZ02,1,0.3169877387869608,0.0,1.3169877387869608
WCSZ01,YSSZ03,2,0.7620150330996692,0.0,2.762015033099669
WCSZ01,YSSZ04,1,0.46098281647316114,0.0,1.460982816473161
WCSZ01,YSSZ09,4,1.199660288044475,0.0,5.199660288044475
WDSZ01,AMSZ02,1,0.16494003126155835,0.0,1.1649400312615583
WDSZ01,AMSZ03,1,0.0800280838320817,0.0,1.0800280838320817
WDSZ01,AMSZ06,1,0.2463097439301503,0.0,1.2463097439301503
WDSZ01,AMSZ08,1,0.0307306252975266,0.0,1.0307306252975266
WDSZ01,BDSZ04,1,0.12208925924098411,0.0,1.1220892592409841
WDSZ01,BKSZ07,1,0.17675364780236172,0.0,1.1767536478023617
WDSZ01,BMSZ06,1,0.3540294695573013,0.0,1.3540294695573012
WDSZ01,BMSZ12,1,0.0963873616622024,0.0,1.0963873616622024
WDSZ01,BPSZ01,1,0.07060829771971001,0.0,1.07060829771971
WDSZ01,BPSZ04,1,0.18491938065408708,0.0,1.1849193806540872
WDSZ01,BPSZ05,1,0.19307837226966268,0.0,1.1930783722696627
WDSZ01,BSSZ03,1,0.13884780649573486,0.0,1.1388478064957348
WDSZ01,BTSZ01,1,0.17692905441188586,0.0,1.1769290544118858
WDSZ01,BTSZ05,1,0.03768860409692656,0.0,1.0376886040969266
WDSZ01,CKSZ02,1,0.13669808344350112,0.0,1.1366980834435012
WDSZ01,CKSZ03,1,0.22211916506754845,0.0,1.2221191650675485
WDSZ01,CKSZ04,1,0.12462204179082452,0.0,1.1246220417908246
WDSZ01,CKSZ06,3,0.23596782350052203,0.0,3.235967823500522
WDSZ01,CLSZ01,2,0.09060594684510244,0.0,2.0906059468451024
WDSZ01,CLSZ03,1,0.21547158795596838,0.0,1.2154715879559683
WDSZ01,DTSZ03,1,0.1300890406743105,0.0,1.1300890406743105
WDSZ01,GLSZ03,1,0.1316910067210501,0.0,1.1316910067210502
WDSZ01,HGSZ04,1,0.18200738294589672,0.0,1.1820073829458968
WDSZ01,JESZ05,3,0.26911437688371637,0.0,3.2691143768837163
WDSZ01,JWSZ08,1,0.2498129227287065,0.0,1.2498129227287065
WDSZ01,JWSZ09,1,0.24231714330913515,0.0,1.2423171433091351
WDSZ01,MSSZ01,1,0.0,0.0,1.0
WDSZ01,NVSZ01,1,0.23897412934673062,0.0,1.2389741293467307
WDSZ01,ORSZ02,1,0.147180770695162,0.0,1.147180770695162
WDSZ01,OTSZ03,2,0.2529406277380188,0.0,2.2529406277380186
WDSZ01,PGSZ02,3,0.28556909196421143,0.0,3.2855690919642115
WDSZ01,PGSZ03,1,0.12211432688842065,0.0,1.1221143268884206
WDSZ01,PNSZ03,1,0.0,0.0,1.0
WDSZ01,QTSZ05,1,0.1540294056437787,0.0,1.1540294056437788
WDSZ01,QTSZ11,1,0.07739894104002536,0.0,1.0773989410400253
WDSZ01,QTSZ13,1,0.10061146785241758,0.0,1.1006114678524175
WDSZ01,SBSZ01,1,0.17916228527054162,0.0,1.1791622852705417
WDSZ01,SBSZ03,2,0.34440067132291347,0.0,2.3444006713229135
WDSZ01,SESZ03,1,0.2702448371145153,0.0,1.2702448371145154
WDSZ01,SESZ06,1,0.24139919946254734,0.0,1.2413991994625473
WDSZ01,SGSZ06,2,0.2259706401886593,0.0,2.225970640188659
WDSZ01,SKSZ04,1,0.05931120691042983,0.0,1.0593112069104298
WDSZ01,TMSZ02,1,0.3196091850445797,0.0,1.3196091850445797
WDSZ01,TMSZ03,2,0.31073016112937957,0.0,2.3107301611293796
WDSZ01,TPSZ02,1,0.1763417057898251,0.0,1.176341705789825
WDSZ01,TPSZ03,1,0.04714604286370823,0.0,1.0471460428637083
WDSZ01,TSSZ05,1,0.13168116668782026,0.0,1.1316811666878204
WDSZ01,WCSZ01,1,0.15319611114729192,0.0,1.153196111147292
WDSZ01,WDSZ01,3,1.1216473450420006,24.667860819164474,28.789508164206474
WDSZ01,WDSZ02,15,0.9658034051431571,2.7944188498363522,18.76022225497951
WDSZ01,WDSZ03,25,2.590116531465085,2.800035080657337,30.390151612122423
WDSZ01,WDSZ04,12,1.2096563655141885,3.721213440837292,16.93086980635148
WDSZ01,WDSZ05,7,0.35542110891155937,1.5620389727017019,8.917460081613262
WDSZ01,WDSZ06,9,0.7759483455782294,3.702118048779628,13.478066394357857
WDSZ01,WDSZ07,1,0.023825194618447978,0.15241804656712135,1.1762432411855694
WDSZ01,WDSZ08,2,0.13326166027191538,0.1268129275746194,2.260074587846535
WDSZ01,WDSZ09,8,0.1981001208691094,0.4826699482938796,8.680770069162989
WDSZ01,YSSZ01,2,0.16266092483349723,0.0,2.162660924833497
WDSZ01,YSSZ03,1,0.2517573377185135,0.0,1.2517573377185136
WDSZ01,YSSZ04,2,0.43119812608133923,0.0,2.4311981260813393
WDSZ01,YSSZ05,1,0.05992080032719695,0.0,1.059920800327197
WDSZ01,YSSZ06,1,0.05107340353509685,0.0,1.0510734035350968
WDSZ01,YSSZ08,2,0.09031390484843503,0.0,2.090313904848435
WDSZ01,YSSZ09,2,0.43742719103832833,0.0,2.4374271910383283
WDSZ02,AMSZ01,4,1.1213206708072951,0.0,5.121320670807295
WDSZ02,BDSZ01,2,0.541638531293894,0.0,2.541638531293894
WDSZ02,BDSZ04,1,0.21402293649337772,0.0,1.2140229364933777
WDSZ02,BDSZ06,1,0.560502862700286,0.0,1.560502862700286
WDSZ02,BKSZ01,1,0.14626200622202043,0.0,1.1462620062220203
WDSZ02,BKSZ09,1,0.3117658639898772,0.0,1.3117658639898773
WDSZ02,BMSZ08,1,0.17445217644754424,0.0,1.1744521764475442
WDSZ02,BMSZ09,1,0.07442740852432325,0.0,1.0744274085243233
WDSZ02,BMSZ15,1,0.07428098318343562,0.0,1.0742809831834357
WDSZ02,BMSZ17,2,0.25452171386926703,0.0,2.2545217138692673
WDSZ02,BPSZ02,1,0.2052094206700906,0.0,1.2052094206700905
WDSZ02,BPSZ04,2,0.39763695106357055,0.0,2.3976369510635704
WDSZ02,BPSZ05,1,0.42670883604387355,0.0,1.4267088360438736
WDSZ02,BSSZ01,1,0.4763878044724634,0.0,1.4763878044724634
WDSZ02,BTSZ01,1,0.3912591955482629,0.0,1.391259195548263
WDSZ02,CHSZ03,3,3.0796824354992354,0.0,6.079682435499235
WDSZ02,CKSZ03,6,1.058125913105686,0.0,7.058125913105686
WDSZ02,CKSZ06,2,0.5809637602758843,0.0,2.580963760275884
WDSZ02,CLSZ06,1,0.2534850432392119,0.0,1.253485043239212
WDSZ02,DTSZ01,1,0.30437411527679364,0.0,1.3043741152767936
WDSZ02,DTSZ02,2,1.022656094829411,0.0,3.022656094829411
WDSZ02,DTSZ03,2,0.5810019654511059,0.0,2.581001965451106
WDSZ02,DTSZ05,5,0.8294028190203466,0.0,5.829402819020347
WDSZ02,DTSZ08,1,0.19285709594812156,0.0,1.1928570959481215
WDSZ02,DTSZ11,1,0.32721155495456267,0.0,1.3272115549545627
WDSZ02,GLSZ05,2,0.7570859683535077,0.0,2.7570859683535076
WDSZ02,HGSZ06,1,0.49562890394486214,0.0,1.495628903944862
WDSZ02,HGSZ08,1,0.3138402813573884,0.0,1.3138402813573884
WDSZ02,JESZ05,4,1.110838885778276,0.0,5.110838885778276
WDSZ02,JESZ06,1,0.1262894505241844,0.0,1.1262894505241845
WDSZ02,JWSZ04,1,0.4078371360175236,0.0,1.4078371360175237
WDSZ02,JWSZ08,2,0.8141267088329945,0.0,2.8141267088329944
WDSZ02,KLSZ03,1,0.05334955301803047,0.0,1.0533495530180306
WDSZ02,NTSZ03,1,0.08626868757284699,0.0,1.086268687572847
WDSZ02,NVSZ02,1,0.6468137677396345,0.0,1.6468137677396344
WDSZ02,NVSZ03,1,0.1318563506306938,0.0,1.1318563506306938
WDSZ02,ORSZ02,2,0.5857293446734687,0.0,2.5857293446734686
WDSZ02,ORSZ03,1,0.25757225435194286,0.0,1.2575722543519428
WDSZ02,OTSZ01,1,0.048523793544464726,0.0,1.0485237935444647
WDSZ02,OTSZ03,2,0.7336880809422012,0.0,2.7336880809422013
WDSZ02,PGSZ02,1,0.2771420678990906,0.0,1.2771420678990906
WDSZ02,PGSZ03,2,0.4357557396369218,0.0,2.435755739636922
WDSZ02,PGSZ04,2,0.7878677450061593,0.0,2.7878677450061593
WDSZ02,PNSZ02,2,0.0,0.0,2.0
WDSZ02,PRSZ03,1,0.37608118593108375,0.0,1.3760811859310838
WDSZ02,QTSZ07,1,0.0,0.0,1.0
WDSZ02,QTSZ08,7,1.0720910002787702,0.0,8.072091000278771
WDSZ02,QTSZ10,1,0.3046669643747589,0.0,1.3046669643747588
WDSZ02,QTSZ13,1,0.32573900078364443,0.0,1.3257390007836445
WDSZ02,RCSZ01,1,0.14729903498217142,0.0,1.1472990349821715
WDSZ02,RCSZ10,1,0.17150421274413247,0.0,1.1715042127441324
WDSZ02,SBSZ01,1,0.6374050791478225,0.0,1.6374050791478225
WDSZ02,SBSZ02,1,0.4158651194822013,0.0,1.4158651194822012
WDSZ02,SBSZ03,8,1.5289733495540225,4.338486317155883,13.867459666709905
WDSZ02,SBSZ04,2,0.9461223777055079,1.8002502464993344,4.746372624204842
WDSZ02,SBSZ08,2,0.3882196438447555,0.0,2.3882196438447556
WDSZ02,SESZ03,3,0.7491158169465811,0.0,3.7491158169465812
WDSZ02,SKSZ01,1,0.39974594822853426,0.0,1.3997459482285342
WDSZ02,SKSZ03,1,0.15850339388607632,0.0,1.1585033938860763
WDSZ02,SKSZ05,1,0.0,0.0,1.0
WDSZ02,SLSZ01,1,0.28744258240551496,0.0,1.287442582405515
WDSZ02,SRSZ02,1,0.08454971695706305,0.0,1.084549716957063
WDSZ02,TMSZ03,2,1.2399001579487654,0.0,3.2399001579487656
WDSZ02,TMSZ04,3,1.0991810503218398,0.0,4.09918105032184
WDSZ02,TNSZ02,1,0.14076004525063518,0.0,1.1407600452506352
WDSZ02,TNSZ03,1,0.03211130854383678,0.0,1.0321113085438367
WDSZ02,TPSZ01,1,0.19569246271490606,0.0,1.1956924627149061
WDSZ02,TPSZ03,1,0.1541448075926416,0.0,1.1541448075926417
WDSZ02,TPSZ04,1,0.08622212053034367,0.0,1.0862221205303437
WDSZ02,TPSZ06,1,0.3450135699135885,0.0,1.3450135699135886
WDSZ02,TSSZ03,1,0.0743491656439627,0.0,1.0743491656439628
WDSZ02,TSSZ05,2,1.203437496426458,0.0,3.2034374964264583
WDSZ02,WCSZ01,2,0.683014845104185,0.0,2.683014845104185
WDSZ02,WDSZ01,13,0.503672128705226,2.582159783650134,16.08583191235536
WDSZ02,WDSZ02,9,3.1482348351101264,13.690251592315501,25.83848642742563
WDSZ02,WDSZ03,14,2.733313868879403,5.2223106460175845,21.95562451489699
WDSZ02,WDSZ05,4,0.7569079545694606,1.74794304298593,6.5048509975553905
WDSZ02,WDSZ06,7,1.0585577915190003,5.074185343914551,13.13274313543355
WDSZ02,WDSZ09,4,0.540488903835035,0.5527924472306215,5.093281351065657
WDSZ02,YSSZ01,2,0.44037588985763626,0.0,2.4403758898576364
WDSZ02,YSSZ02,1,0.34740576358957775,0.0,1.3474057635895778
WDSZ02,YSSZ03,1,0.5743915765944798,0.0,1.5743915765944798
WDSZ02,YSSZ04,1,0.46825394619171934,0.0,1.4682539461917195
WDSZ02,YSSZ05,2,0.30424685542711055,0.0,2.3042468554271105
WDSZ02,YSSZ09,16,2.2066261497160036,0.0,18.206626149716005
WDSZ03,AMSZ01,4,1.4495069448116438,0.0,5.4495069448116435
WDSZ03,AMSZ02,7,0.7909184720878805,0.0,7.79091847208788
WDSZ03,AMSZ10,6,0.7372457139547888,0.0,6.737245713954788
WDSZ03,AMSZ12,3,0.3122246149706429,0.0,3.312224614970643
WDSZ03,BDSZ01,2,0.7378735909365878,0.0,2.7378735909365877
WDSZ03,BDSZ03,1,0.5970777786121417,0.0,1.5970777786121417
WDSZ03,BDSZ04,1,0.37813358611225495,0.0,1.378133586112255
WDSZ03,BKSZ02,1,0.19952457505941765,0.0,1.1995245750594177
WDSZ03,BKSZ04,2,0.40520795829235173,0.0,2.4052079582923516
WDSZ03,BKSZ05,3,1.8708086193678635,0.0,4.870808619367864
WDSZ03,BKSZ06,1,0.13877251923523398,0.0,1.138772519235234
WDSZ03,BKSZ08,1,0.07232506179492752,0.0,1.0723250617949276
WDSZ03,BKSZ09,1,0.3256100421594876,0.0,1.3256100421594876
WDSZ03,BLSZ02,2,0.3242912860250608,0.0,2.3242912860250606
WDSZ03,BMSZ02,1,0.3096266634730283,0.0,1.3096266634730283
WDSZ03,BMSZ05,3,0.8782529669985673,0.0,3.8782529669985673
WDSZ03,BMSZ06,1,0.39981846174650315,0.0,1.399818461746503
WDSZ03,BMSZ07,2,0.8107931878050543,0.0,2.8107931878050545
WDSZ03,BMSZ12,1,0.33458570169550894,0.0,1.334585701695509
WDSZ03,BMSZ17,1,0.15731737078263852,0.0,1.1573173707826385
WDSZ03,BPSZ04,2,0.6949441739176747,0.0,2.6949441739176745
WDSZ03,BSSZ01,2,1.143143714634066,0.0,3.143143714634066
WDSZ03,BSSZ02,1,0.5479202926633279,0.0,1.5479202926633278
WDSZ03,BSSZ03,1,0.5699200459170752,0.0,1.5699200459170752
WDSZ03,BTSZ01,5,1.2031043105744899,0.0,6.20310431057449
WDSZ03,BTSZ03,1,0.1879180964177654,0.0,1.1879180964177654
WDSZ03,CCSZ01,1,0.17318550430407445,0.0,1.1731855043040744
WDSZ03,CHSZ02,1,0.13899622103182224,0.0,1.1389962210318223
WDSZ03,CHSZ03,3,2.877601287555209,0.0,5.877601287555208
WDSZ03,CKSZ02,1,0.7262099121314866,0.0,1.7262099121314867
WDSZ03,CKSZ03,4,1.61931020092204,0.0,5.61931020092204
WDSZ03,CKSZ04,1,0.36066844529003234,0.0,1.3606684452900324
WDSZ03,CKSZ06,1,0.506771497591091,0.0,1.506771497591091
WDSZ03,CLSZ01,1,0.14604269495607838,0.0,1.1460426949560785
WDSZ03,DTSZ01,6,0.511900322626685,0.0,6.511900322626685
WDSZ03,DTSZ02,5,2.2049739227056695,0.0,7.204973922705669
WDSZ03,DTSZ03,7,2.901226387726436,0.0,9.901226387726435
WDSZ03,DTSZ05,8,0.9152696567822564,0.0,8.915269656782256
WDSZ03,DTSZ08,4,0.41731132239418506,0.0,4.417311322394185
WDSZ03,DTSZ09,1,0.17850596206026745,0.0,1.1785059620602674
WDSZ03,DTSZ11,1,0.5392210727799072,0.0,1.5392210727799072
WDSZ03,DTSZ12,3,0.3838814611482696,0.0,3.3838814611482695
WDSZ03,GLSZ01,1,0.35845931761598687,0.0,1.358459317615987
WDSZ03,GLSZ04,1,0.5566779002697644,0.0,1.5566779002697644
WDSZ03,GLSZ05,3,1.321608721066676,0.0,4.321608721066676
WDSZ03,HGSZ03,1,0.4125805363432184,0.0,1.4125805363432185
WDSZ03,HGSZ04,1,0.5019695556255476,0.0,1.5019695556255477
WDSZ03,HGSZ06,3,1.3738375195865604,0.0,4.37383751958656
WDSZ03,HGSZ08,2,0.5389486444777394,0.0,2.538948644477739
WDSZ03,HGSZ09,1,0.02230268029894269,0.0,1.0223026802989428
WDSZ03,JESZ05,4,1.0517916978733994,0.0,5.0517916978734
WDSZ03,JWSZ04,1,0.5660833164908934,0.0,1.5660833164908934
WDSZ03,JWSZ05,1,0.04257942376712801,0.0,1.042579423767128
WDSZ03,JWSZ06,1,0.12640305044651742,0.0,1.1264030504465175
WDSZ03,JWSZ08,1,0.9483981161383523,0.0,1.9483981161383523
WDSZ03,JWSZ09,1,0.6572911873503183,0.0,1.6572911873503182
WDSZ03,KLSZ01,1,0.7154203589050863,0.0,1.7154203589050863
WDSZ03,KLSZ07,2,0.6821990982758777,0.0,2.682199098275878
WDSZ03,KLSZ08,3,0.7698664433515069,0.0,3.769866443351507
WDSZ03,LKSZ01,1,0.19155935239072855,0.0,1.1915593523907286
WDSZ03,MUSZ01,1,0.16466909801887647,0.0,1.1646690980188765
WDSZ03,MUSZ03,5,0.12846604387543756,0.0,5.128466043875438
WDSZ03,NTSZ03,3,0.1961791227882768,0.0,3.1961791227882768
WDSZ03,NVSZ01,1,0.9590430811716661,0.0,1.9590430811716661
WDSZ03,NVSZ02,7,1.10450552957647,0.0,8.10450552957647
WDSZ03,ORSZ02,5,0.8777072337445252,0.0,5.877707233744525
WDSZ03,ORSZ03,2,0.4265971143244351,0.0,2.426597114324435
WDSZ03,OTSZ03,6,0.7780757259242724,0.0,6.778075725924272
WDSZ03,PGSZ04,1,0.7802984906721163,0.0,1.7802984906721164
WDSZ03,PLSZ04,1,0.040586992698530576,0.0,1.0405869926985305
WDSZ03,PNSZ02,2,0.0,0.0,2.0
WDSZ03,PRSZ03,1,0.7120875287812862,0.0,1.7120875287812862
WDSZ03,PRSZ06,1,0.1414490795566063,0.0,1.1414490795566063
WDSZ03,QTSZ02,1,0.21028478519506583,0.0,1.2102847851950658
WDSZ03,QTSZ05,1,0.4284215242214053,0.0,1.4284215242214053
WDSZ03,QTSZ08,11,1.2330564420335808,0.0,12.23305644203358
WDSZ03,QTSZ09,1,0.033059420037009755,0.0,1.0330594200370098
WDSZ03,QTSZ10,2,0.5259907313525883,0.0,2.5259907313525884
WDSZ03,QTSZ11,5,0.8208961615871655,0.0,5.820896161587165
WDSZ03,QTSZ12,3,0.21351115189233885,0.0,3.2135111518923387
WDSZ03,QTSZ14,1,0.342004722128812,0.0,1.342004722128812
WDSZ03,RCSZ01,2,0.25688060360773013,0.0,2.2568806036077302
WDSZ03,RCSZ03,1,0.11490912126096897,0.0,1.114909121260969
WDSZ03,RCSZ10,1,0.2514232434827564,0.0,1.2514232434827564
WDSZ03,SBSZ02,1,1.0420523729621205,0.25315634200304293,2.2952087149651637
WDSZ03,SBSZ03,6,1.631350564353426,2.7054239927951524,10.336774557148578
WDSZ03,SBSZ04,1,1.0086778899036601,0.547361085136737,2.556038975040397
WDSZ03,SBSZ06,1,0.2270992163502686,0.0,1.2270992163502685
WDSZ03,SBSZ08,1,0.34882230319912727,0.0,1.3488223031991273
WDSZ03,SBSZ09,4,1.9024861394393526,3.2458408349014047,9.148326974340756
WDSZ03,SESZ03,2,0.734041206616144,0.0,2.734041206616144
WDSZ03,SESZ05,1,0.3774617052401556,0.0,1.3774617052401557
WDSZ03,SGSZ02,3,0.40382906004522395,0.0,3.403829060045224
WDSZ03,SGSZ03,1,0.6428403399419879,0.0,1.642840339941988
WDSZ03,SGSZ04,1,0.7439340409556771,0.0,1.743934040955677
WDSZ03,SGSZ06,2,0.5474688197666859,0.0,2.547468819766686
WDSZ03,SISZ01,1,0.2972721908651425,0.0,1.2972721908651426
WDSZ03,SKSZ01,4,0.6634686489937514,0.0,4.663468648993751
WDSZ03,SKSZ03,1,0.1248851681007247,0.0,1.1248851681007248
WDSZ03,SRSZ02,1,0.0807071346632142,0.0,1.0807071346632142
WDSZ03,SRSZ03,1,0.17134003191484987,0.0,1.17134003191485
WDSZ03,TMSZ01,1,0.5704227312389654,0.0,1.5704227312389654
WDSZ03,TMSZ02,4,1.772933194916101,0.0,5.772933194916101
WDSZ03,TMSZ03,1,0.7623384139695276,0.0,1.7623384139695277
WDSZ03,TMSZ04,1,0.3273118942999823,0.0,1.3273118942999824
WDSZ03,TNSZ02,1,0.14188472366466112,0.0,1.1418847236646612
WDSZ03,TPSZ02,6,0.8752920668623677,0.0,6.875292066862368
WDSZ03,TPSZ03,1,0.16323163574296584,0.0,1.163231635742966
WDSZ03,TPSZ06,6,0.8564595648870136,0.0,6.856459564887014
WDSZ03,TPSZ07,1,0.09463376443373729,0.0,1.0946337644337374
WDSZ03,TPSZ12,2,0.33190172859761696,0.0,2.331901728597617
WDSZ03,TSSZ03,2,0.12159566708865144,0.0,2.1215956670886515
WDSZ03,TSSZ05,3,0.99334756978303,0.0,3.99334756978303
WDSZ03,TSSZ06,1,0.038443812631184626,0.0,1.0384438126311846
WDSZ03,WCSZ01,5,1.04660757847647,0.0,6.04660757847647
WDSZ03,WDSZ01,22,1.0403451619467698,1.8328551546031426,24.873200316549912
WDSZ03,WDSZ02,24,4.5176317833554895,6.449415696886376,34.96704748024187
WDSZ03,WDSZ03,40,7.876890262535326,90.1660295111043,138.04291977363962
WDSZ03,WDSZ04,13,1.7880379149553587,6.14990921508893,20.93794713004429
WDSZ03,WDSZ05,3,1.498174479606971,0.6580868375598389,5.15626131716681
WDSZ03,WDSZ06,6,0.695899107534523,2.2023555235918404,8.898254631126363
WDSZ03,WDSZ07,3,0.5555672156868625,0.4196565659407342,3.9752237816275966
WDSZ03,WDSZ08,3,0.7221641450954719,0.40058731751001597,4.122751462605488
WDSZ03,WDSZ09,8,1.1512440519205789,0.5488910575541692,9.700135109474747
WDSZ03,YSSZ01,6,0.6157064551494685,0.0,6.615706455149469
WDSZ03,YSSZ03,1,1.1055178740635239,0.0,2.1055178740635236
WDSZ03,YSSZ04,1,0.6047702115394299,0.0,1.6047702115394298
WDSZ03,YSSZ08,3,0.17620836331279144,0.0,3.1762083633127913
WDSZ03,YSSZ09,14,1.8516803031214495,3.448925357740862,19.30060566086231
WDSZ04,AMSZ01,3,0.6346302977161435,0.0,3.6346302977161438
WDSZ04,AMSZ04,1,0.07992791058140712,0.0,1.079927910581407
WDSZ04,AMSZ06,2,0.5333524892020814,0.0,2.5333524892020813
WDSZ04,AMSZ08,2,0.23256072118658605,0.0,2.232560721186586
WDSZ04,AMSZ12,2,0.3103284975781208,0.0,2.3103284975781206
WDSZ04,BKSZ01,1,0.13133163364026076,0.0,1.1313316336402608
WDSZ04,BMSZ02,1,0.20926364393416128,0.0,1.2092636439341613
WDSZ04,BMSZ07,2,0.648225786327904,0.0,2.648225786327904
WDSZ04,BMSZ08,1,0.1832813530829858,0.0,1.1832813530829858
WDSZ04,BMSZ12,2,0.32820261973196324,0.0,2.328202619731963
WDSZ04,BSSZ01,2,0.8746290635659028,0.0,2.874629063565903
WDSZ04,BTSZ01,1,0.3898836939436028,0.0,1.3898836939436028
WDSZ04,BTSZ03,1,0.21367182676506188,0.0,1.213671826765062
WDSZ04,CHSZ03,1,0.8271678651404953,0.0,1.8271678651404955
WDSZ04,CKSZ03,1,0.39316117402138945,0.0,1.3931611740213894
WDSZ04,CKSZ05,1,0.21077996410822217,0.0,1.2107799641082222
WDSZ04,CLSZ01,1,0.16463155035299137,0.0,1.1646315503529914
WDSZ04,DTSZ01,2,0.41121231089251575,0.0,2.4112123108925156
WDSZ04,DTSZ02,2,0.4421354312271228,0.0,2.442135431227123
WDSZ04,DTSZ03,3,0.5719665661789892,0.0,3.571966566178989
WDSZ04,DTSZ05,4,0.4303059720949228,0.0,4.4303059720949225
WDSZ04,DTSZ06,1,0.062241606221706096,0.0,1.0622416062217062
WDSZ04,DTSZ08,1,0.22684503231127012,0.0,1.22684503231127
WDSZ04,DTSZ11,1,0.33483918349477576,0.0,1.3348391834947757
WDSZ04,DTSZ12,2,0.3736564169918915,0.0,2.3736564169918917
WDSZ04,GLSZ01,1,0.43191160383489097,0.0,1.431911603834891
WDSZ04,GLSZ03,1,0.4005879386394294,0.0,1.4005879386394293
WDSZ04,GLSZ05,1,0.4151384170529199,0.0,1.41513841705292
WDSZ04,HGSZ09,1,0.03279188337421492,0.0,1.032791883374215
WDSZ04,JESZ03,2,0.6320321155496271,0.0,2.6320321155496273
WDSZ04,JESZ05,3,0.5246908447697229,0.0,3.524690844769723
WDSZ04,JESZ08,2,0.12730035376615087,0.0,2.127300353766151
WDSZ04,JWSZ01,1,0.06821168430735775,0.0,1.0682116843073577
WDSZ04,JWSZ05,1,0.09786747523009431,0.0,1.0978674752300943
WDSZ04,KLSZ06,1,0.3928593894365086,0.0,1.3928593894365087
WDSZ04,KLSZ07,1,0.3972349238942585,0.0,1.3972349238942585
WDSZ04,KLSZ09,1,0.06706346902563964,0.0,1.0670634690256398
WDSZ04,MDSZ03,1,0.0,0.0,1.0
WDSZ04,MUSZ01,1,0.1297796960004602,0.0,1.1297796960004602
WDSZ04,NVSZ01,2,0.7731956842000481,0.0,2.773195684200048
WDSZ04,NVSZ02,4,0.7219947719959352,0.0,4.721994771995935
WDSZ04,ORSZ02,2,0.6022159381286867,0.0,2.602215938128687
WDSZ04,ORSZ03,1,0.2684584068559415,0.0,1.2684584068559415
WDSZ04,OTSZ01,1,0.04978434034504714,0.0,1.049784340345047
WDSZ04,OTSZ03,2,0.8408036739427104,0.0,2.8408036739427103
WDSZ04,PGSZ03,1,0.37325584617890506,0.0,1.373255846178905
WDSZ04,PLSZ04,1,0.04956157899443818,0.0,1.0495615789944381
WDSZ04,PNSZ02,2,0.0,0.0,2.0
WDSZ04,PRSZ06,1,0.13075646385868334,0.0,1.1307564638586833
WDSZ04,QTSZ08,3,0.6135523598141024,0.0,3.6135523598141024
WDSZ04,QTSZ10,2,0.40019940436238366,0.0,2.4001994043623838
WDSZ04,QTSZ11,5,0.5578520717165297,0.0,5.55785207171653
WDSZ04,QTSZ14,2,0.3092594646682224,0.0,2.3092594646682225
WDSZ04,RCSZ08,2,0.0,0.0,2.0
WDSZ04,SBSZ02,2,0.2928199801337951,0.0,2.292819980133795
WDSZ04,SBSZ03,1,0.5193502512653042,0.6667144493773212,2.1860647006426257
WDSZ04,SBSZ08,1,0.22994929655750937,0.0,1.2299492965575094
WDSZ04,SBSZ09,2,0.746543067932398,1.1038963198003544,3.8504393877327523
WDSZ04,SESZ03,1,0.3800212156079583,0.0,1.3800212156079583
WDSZ04,SGSZ02,1,0.17404274310772633,0.0,1.1740427431077263
WDSZ04,SGSZ03,1,0.40210686148422375,0.0,1.4021068614842238
WDSZ04,SKSZ01,1,0.4214887689142788,0.0,1.4214887689142788
WDSZ04,SRSZ01,1,0.2856139346180882,0.0,1.2856139346180881
WDSZ04,TMSZ05,2,0.9417792790170404,0.0,2.9417792790170405
WDSZ04,TNSZ01,2,0.6459772822270682,0.0,2.645977282227068
WDSZ04,TPSZ01,1,0.24922201317932077,0.0,1.2492220131793208
WDSZ04,TPSZ02,2,0.5167337932882003,0.0,2.5167337932882003
WDSZ04,TPSZ06,2,0.790372463846801,0.0,2.790372463846801
WDSZ04,TPSZ12,3,0.36283115021923984,0.0,3.3628311502192396
WDSZ04,TSSZ02,1,0.16443806561268123,0.0,1.1644380656126812
WDSZ04,WCSZ01,3,0.8082906068361473,0.0,3.808290606836147
WDSZ04,WDSZ01,19,0.7206912738046392,2.281013069332623,22.001704343137263
WDSZ04,WDSZ02,2,1.7316577241716864,2.637757802275875,6.369415526447561
WDSZ04,WDSZ03,10,2.2935045886264738,3.8432792716487105,16.136783860275184
WDSZ04,WDSZ04,8,1.2783930201210978,18.708748141433137,27.987141161554234
WDSZ04,WDSZ05,5,0.861533715432939,2.4927705149927504,8.35430423042569
WDSZ04,WDSZ06,2,0.6795393224363662,1.6541510464754834,4.333690368911849
WDSZ04,WDSZ07,1,0.08420903243579783,0.19573103975853862,1.2799400721943364
WDSZ04,WDSZ09,3,0.5294440132099523,0.4240845517867951,3.953528564996747
WDSZ04,YSSZ01,3,0.44591582340689395,0.0,3.445915823406894
WDSZ04,YSSZ02,1,0.3022392803801766,0.0,1.3022392803801766
WDSZ04,YSSZ03,1,0.6054032896424241,0.0,1.6054032896424242
WDSZ04,YSSZ09,1,0.909295732242928,0.0,1.909295732242928
WDSZ05,AMSZ01,1,0.3845461189378876,0.0,1.3845461189378876
WDSZ05,AMSZ06,1,0.34128161908870136,0.0,1.3412816190887014
WDSZ05,AMSZ10,3,0.5349277277813766,0.0,3.5349277277813766
WDSZ05,BKSZ07,1,0.39832521680517663,0.0,1.3983252168051767
WDSZ05,BMSZ01,1,0.28374048061875135,0.0,1.2837404806187513
WDSZ05,BMSZ05,1,0.28205004197030437,0.0,1.2820500419703045
WDSZ05,BMSZ16,1,0.029509546868050615,0.0,1.0295095468680506
WDSZ05,BMSZ17,1,0.16942028834143374,0.0,1.1694202883414337
WDSZ05,BPSZ04,2,0.3911562024862914,0.0,2.3911562024862913
WDSZ05,BPSZ05,1,0.4199238158454242,0.0,1.4199238158454242
WDSZ05,BSSZ01,2,0.7365081875147574,0.0,2.736508187514757
WDSZ05,BTSZ01,1,0.35537036893569124,0.0,1.3553703689356913
WDSZ05,CHSZ02,1,0.09546803506675801,0.0,1.095468035066758
WDSZ05,CLSZ04,1,0.2611729471529322,0.0,1.2611729471529323
WDSZ05,DTSZ02,3,0.8217977627489425,0.0,3.8217977627489423
WDSZ05,DTSZ05,3,0.37914584504513926,0.0,3.379145845045139
WDSZ05,DTSZ06,1,0.05655806006333323,0.0,1.0565580600633333
WDSZ05,DTSZ08,1,0.19315643675585825,0.0,1.1931564367558583
WDSZ05,DTSZ09,2,0.27971009160636184,0.0,2.2797100916063617
WDSZ05,DTSZ11,1,0.37399952520187435,0.0,1.3739995252018744
WDSZ05,DTSZ12,1,0.1390862573096839,0.0,1.1390862573096838
WDSZ05,GLSZ03,1,0.34265003035008,0.0,1.3426500303500801
WDSZ05,HGSZ06,1,0.5279806457400293,0.0,1.5279806457400293
WDSZ05,HGSZ08,1,0.2763129730585779,0.0,1.2763129730585778
WDSZ05,JESZ03,2,0.5975640643000573,0.0,2.597564064300057
WDSZ05,JESZ05,2,0.6943219161211063,0.0,2.6943219161211065
WDSZ05,JWSZ08,2,0.7371775036883255,0.0,2.7371775036883257
WDSZ05,KLSZ01,1,0.4228236602785354,0.0,1.4228236602785354
WDSZ05,KLSZ08,1,0.4502923371925382,0.0,1.4502923371925383
WDSZ05,NVSZ02,3,0.6980525159698221,0.0,3.698052515969822
WDSZ05,ORSZ02,3,0.5338770761931706,0.0,3.5338770761931704
WDSZ05,ORSZ03,1,0.22493693789060423,0.0,1.2249369378906043
WDSZ05,OTSZ03,4,0.8579512952752415,0.0,4.8579512952752415
WDSZ05,PGSZ04,1,0.5163368776566101,0.0,1.51633687765661
WDSZ05,PRSZ01,1,0.0,0.0,1.0
WDSZ05,QTSZ08,2,0.48587582318637607,0.0,2.485875823186376
WDSZ05,QTSZ09,1,0.034387438502320206,0.0,1.0343874385023202
WDSZ05,QTSZ10,1,0.2856675386171788,0.0,1.2856675386171788
WDSZ05,QTSZ11,2,0.4936767117214464,0.0,2.4936767117214464
WDSZ05,RCSZ01,1,0.14409254689248605,0.0,1.144092546892486
WDSZ05,RCSZ05,1,0.08046852741645837,0.0,1.0804685274164583
WDSZ05,RCSZ09,1,0.10715078010205155,0.0,1.1071507801020515
WDSZ05,SBSZ08,1,0.1240298985274948,0.0,1.1240298985274948
WDSZ05,SBSZ09,2,0.8387351112141674,0.0,2.8387351112141674
WDSZ05,SESZ03,2,0.7272030991535899,0.0,2.72720309915359
WDSZ05,SKSZ04,1,0.33332588903317517,0.0,1.3333258890331752
WDSZ05,TMSZ03,1,0.41623364329326556,0.0,1.4162336432932656
WDSZ05,TMSZ04,1,0.22728792932147365,0.0,1.2272879293214736
WDSZ05,TMSZ05,1,0.3486271438337037,0.0,1.3486271438337036
WDSZ05,TPSZ02,2,0.48305319176011147,0.0,2.4830531917601113
WDSZ05,TPSZ03,1,0.14255308136530867,0.0,1.1425530813653086
WDSZ05,TPSZ06,1,0.3155158934622938,0.0,1.315515893462294
WDSZ05,TPSZ12,1,0.1694479902992535,0.0,1.1694479902992536
WDSZ05,TSSZ05,1,0.575792241889385,0.0,1.575792241889385
WDSZ05,WCSZ01,4,0.8805425078645955,0.0,4.880542507864596
WDSZ05,WDSZ01,9,0.33001017184713277,2.484472901639227,11.814483073486361
WDSZ05,WDSZ02,3,1.3271468066901346,1.634784618709154,5.961931425399288
WDSZ05,WDSZ03,6,1.7985312740870405,1.4210353366545616,9.219566610741602
WDSZ05,WDSZ04,4,2.0749061292440887,4.232319708348436,10.307225837592526
WDSZ05,WDSZ05,3,1.3909530503068626,15.474410951686426,19.86536400199329
WDSZ05,WDSZ06,1,0.8254462231267979,1.2941527114513771,3.1195989345781747
WDSZ05,WDSZ07,1,0.05929400017093689,0.11838151619359143,1.1776755163645285
WDSZ05,WDSZ09,3,0.48610228991776355,0.34691308431338447,3.833015374231148
WDSZ05,YSSZ02,1,0.261971962960348,0.0,1.261971962960348
WDSZ05,YSSZ04,1,0.38501354338960514,0.0,1.3850135433896051
WDSZ05,YSSZ09,3,1.0398251509367962,0.0,4.039825150936796
WDSZ06,AMSZ01,2,0.40004009027255216,0.0,2.4000400902725523
WDSZ06,AMSZ10,1,0.18360702668470705,0.0,1.183607026684707
WDSZ06,BMSZ02,1,0.11859860668055625,0.0,1.1185986066805562
WDSZ06,BMSZ07,1,0.2367433134759886,0.0,1.2367433134759886
WDSZ06,BMSZ13,1,0.05282774478935239,0.0,1.0528277447893524
WDSZ06,BPSZ01,1,0.10966802602311254,0.0,1.1096680260231127
WDSZ06,BPSZ05,2,0.3373320608198461,0.0,2.337332060819846
WDSZ06,BSSZ01,1,0.28552032925623894,0.0,1.285520329256239
WDSZ06,BTSZ01,2,0.3686658821120481,0.0,2.3686658821120483
WDSZ06,BTSZ06,1,0.06404240426288801,0.0,1.064042404262888
WDSZ06,CKSZ03,2,0.4608709598117807,0.0,2.4608709598117806
WDSZ06,CKSZ04,2,0.4025198960277283,0.0,2.4025198960277283
WDSZ06,CKSZ06,1,0.22794894738480112,0.0,1.227948947384801
WDSZ06,CLSZ06,1,0.17745213187017528,0.0,1.1774521318701754
WDSZ06,DTSZ01,1,0.1797663750461313,0.0,1.1797663750461314
WDSZ06,DTSZ05,5,0.8961112022084893,0.0,5.896111202208489
WDSZ06,DTSZ07,1,0.1904237657507812,0.0,1.1904237657507812
WDSZ06,DTSZ08,2,0.1160821518158062,0.0,2.116082151815806
WDSZ06,DTSZ11,3,0.7282169344385299,0.0,3.72821693443853
WDSZ06,DTSZ12,1,0.08138122063945227,0.0,1.0813812206394522
WDSZ06,GLSZ01,1,0.20462839123241505,0.0,1.204628391232415
WDSZ06,GLSZ03,2,0.3167133700609626,0.0,2.316713370060963
WDSZ06,GLSZ04,1,0.258829432069705,0.0,1.2588294320697049
WDSZ06,GLSZ05,1,0.20682724505630076,0.0,1.2068272450563007
WDSZ06,JESZ03,1,0.24097692589347403,0.0,1.240976925893474
WDSZ06,JESZ05,3,0.2747398876592744,0.0,3.2747398876592744
WDSZ06,JESZ06,1,0.04163672077372859,0.0,1.0416367207737285
WDSZ06,JESZ10,3,0.0,0.0,3.0
WDSZ06,JWSZ04,1,0.29716249220365426,0.0,1.2971624922036542
WDSZ06,KLSZ08,2,0.21095856673680854,0.0,2.2109585667368084
WDSZ06,MUSZ01,1,0.08667732061434721,0.0,1.0866773206143472
WDSZ06,NVSZ01,1,0.346342949166998,0.0,1.346342949166998
WDSZ06,NVSZ02,2,0.8226755351771119,0.0,2.822675535177112
WDSZ06,ORSZ02,3,0.31770760259785014,0.0,3.3177076025978502
WDSZ06,ORSZ03,3,0.19730003178225633,0.0,3.197300031782256
WDSZ06,OTSZ03,3,0.7901002038102355,0.0,3.7901002038102356
WDSZ06,QTSZ02,1,0.08732768286502159,0.0,1.0873276828650216
WDSZ06,QTSZ08,1,0.19732446256240113,0.0,1.197324462562401
WDSZ06,QTSZ09,2,0.05670384230376196,0.0,2.056703842303762
WDSZ06,QTSZ11,3,0.19102491649357586,0.0,3.191024916493576
WDSZ06,QTSZ12,1,0.11707206984811248,0.0,1.1170720698481125
WDSZ06,QTSZ13,1,0.1601871290070793,0.0,1.1601871290070793
WDSZ06,RCSZ10,1,0.10129159451404436,0.0,1.1012915945140445
WDSZ06,SBSZ01,1,0.20676302181178602,0.0,1.206763021811786
WDSZ06,SBSZ04,1,0.4050606350434121,0.0,1.405060635043412
WDSZ06,SBSZ09,2,0.4924527835656338,0.0,2.492452783565634
WDSZ06,SKSZ03,1,0.08535314126949455,0.0,1.0853531412694946
WDSZ06,SRSZ01,1,0.17852294366301333,0.0,1.1785229436630134
WDSZ06,SRSZ02,1,0.048362269278767106,0.0,1.048362269278767
WDSZ06,SVSZ01,2,0.5885552887475508,0.0,2.5885552887475507
WDSZ06,TMSZ04,1,0.14034290847963252,0.0,1.1403429084796326
WDSZ06,TPSZ01,1,0.11922421365891857,0.0,1.1192242136589186
WDSZ06,TPSZ03,2,0.15610678547210285,0.0,2.1561067854721028
WDSZ06,TPSZ06,1,0.15596366932692698,0.0,1.155963669326927
WDSZ06,TPSZ09,1,0.07213176674937238,0.0,1.0721317667493724
WDSZ06,TPSZ12,1,0.09417260842831104,0.0,1.094172608428311
WDSZ06,TSSZ02,1,0.0713488345915353,0.0,1.0713488345915354
WDSZ06,WCSZ01,1,0.2124745758972072,0.0,1.212474575897207
WDSZ06,WDSZ01,14,0.2394654101043007,1.8863529924866984,16.125818402590998
WDSZ06,WDSZ02,7,0.7776761451427864,2.2847435901301556,10.062419735272941
WDSZ06,WDSZ03,5,0.9421781468248718,0.9238621392039231,6.866040286028794
WDSZ06,WDSZ04,2,0.5392342833252471,0.773191841721692,3.3124261250469393
WDSZ06,WDSZ06,10,1.4294048671887758,21.655597680117843,33.085002547306615
WDSZ06,WDSZ07,1,0.039958469482642325,0.11398316027447195,1.1539416297571141
WDSZ06,WDSZ09,4,0.16427205380518747,0.36897880907613173,4.533250862881319
WDSZ06,YSSZ02,1,0.1197985881190031,0.0,1.1197985881190031
WDSZ06,YSSZ09,2,0.5791491482178392,0.0,2.579149148217839
WDSZ07,AMSZ02,1,0.05964857239949558,0.0,1.0596485723994955
WDSZ07,AMSZ04,1,0.0,0.0,1.0
WDSZ07,AMSZ07,1,0.054584870858718604,0.0,1.0545848708587187
WDSZ07,BDSZ01,1,0.0423137612071912,0.0,1.042313761207191
WDSZ07,BSSZ02,1,0.08294531229537612,0.0,1.082945312295376
WDSZ07,BTSZ03,1,0.08203018566893959,0.0,1.0820301856689396
WDSZ07,CKSZ03,1,0.1283823124775718,0.0,1.1283823124775718
WDSZ07,DTSZ01,1,0.09722130989393447,0.0,1.0972213098939345
WDSZ07,JESZ05,1,0.22311271594714982,0.0,1.2231127159471498
WDSZ07,JWSZ09,1,0.11587425887832842,0.0,1.1158742588783284
WDSZ07,NVSZ01,1,0.10012736413462713,0.0,1.1001273641346272
WDSZ07,SBSZ01,1,0.12490893128305121,0.0,1.1249089312830511
WDSZ07,SGSZ03,1,0.06123787969789832,0.0,1.0612378796978983
WDSZ07,SGSZ05,1,0.051347756865025906,0.0,1.051347756865026
WDSZ07,SKSZ01,1,0.1049022090250473,0.0,1.1049022090250473
WDSZ07,TMSZ02,1,0.08464415001245996,0.0,1.08464415001246
WDSZ07,TMSZ05,1,0.08686864204992108,0.0,1.0868686420499212
WDSZ07,WDSZ03,2,0.35618632843836345,0.0,2.3561863284383633
WDSZ07,YSSZ09,1,0.1436634388664087,0.0,1.1436634388664086
WDSZ08,BLSZ01,1,0.06624305783108236,0.0,1.0662430578310824
WDSZ08,BSSZ01,1,0.12429659270157235,0.0,1.1242965927015725
WDSZ08,CKSZ01,1,0.2380979074546233,0.0,1.2380979074546232
WDSZ08,DTSZ02,1,0.09024225109481972,0.0,1.0902422510948198
WDSZ08,HGSZ02,1,0.10677431918692677,0.0,1.1067743191869268
WDSZ08,HGSZ03,1,0.10497655247648448,0.0,1.1049765524764845
WDSZ08,JESZ05,1,0.150076239277189,0.0,1.150076239277189
WDSZ08,JWSZ04,1,0.18910074864723217,0.0,1.1891007486472323
WDSZ08,PGSZ05,1,0.1019931388102476,0.0,1.1019931388102475
WDSZ08,QTSZ06,1,0.051382525326920434,0.0,1.0513825253269204
WDSZ08,SBSZ01,1,0.1953850939073219,0.0,1.1953850939073218
WDSZ08,SBSZ03,2,0.24420525916329092,0.2510807094828315,2.4952859686461224
WDSZ08,SBSZ04,1,0.3184005998532356,0.17166363315840372,1.4900642330116391
WDSZ08,SBSZ05,1,0.025112293568704664,0.04934141416607427,1.0744537077347789
WDSZ08,SESZ03,1,0.17543994281766703,0.0,1.175439942817667
WDSZ08,SGSZ03,1,0.08031905757016097,0.0,1.080319057570161
WDSZ08,SGSZ06,1,0.08351591622405831,0.0,1.0835159162240584
WDSZ08,TMSZ03,1,0.1698070089058092,0.0,1.1698070089058092
WDSZ08,TPSZ02,1,0.10157973477017208,0.0,1.1015797347701721
WDSZ08,WDSZ01,2,0.05741512079763668,0.08595418889007832,2.143369309687715
WDSZ08,WDSZ02,1,0.4357194273640164,0.1597130415884886,1.595432468952505
WDSZ08,WDSZ03,3,0.5511357893375955,0.282486176494789,3.8336219658323847
WDSZ08,YSSZ01,2,0.11658247154354284,0.0,2.116582471543543
WDSZ08,YSSZ09,1,0.22219895136894446,0.0,1.2221989513689444
WDSZ09,AMSZ11,1,0.009399761622030205,0.0,1.0093997616220303
WDSZ09,BDSZ03,1,0.061056891228644085,0.0,1.061056891228644
WDSZ09,BDSZ07,1,0.042920335713868454,0.0,1.0429203357138686
WDSZ09,BKSZ05,1,0.1976766048564034,0.0,1.1976766048564034
WDSZ09,BMSZ05,1,0.17154069024143997,0.0,1.17154069024144
WDSZ09,BMSZ09,1,0.014343456727284001,0.0,1.014343456727284
WDSZ09,BPSZ03,1,0.09520194286549605,0.0,1.095201942865496
WDSZ09,BSSZ01,1,0.1434832197218674,0.0,1.1434832197218674
WDSZ09,BSSZ02,1,0.16031302212181767,0.0,1.1603130221218176
WDSZ09,CHSZ02,1,0.03856830539689706,0.0,1.038568305396897
WDSZ09,CHSZ03,1,0.5703516352064543,0.0,1.5703516352064542
WDSZ09,CKSZ01,1,0.2825889029210391,0.0,1.282588902921039
WDSZ09,CKSZ02,1,0.15006161962615702,0.0,1.150061619626157
WDSZ09,CKSZ05,1,0.06169204329040932,0.0,1.0616920432904093
WDSZ09,CLSZ04,1,0.16872072414074937,0.0,1.1687207241407493
WDSZ09,CLSZ07,1,0.0936882646828015,0.0,1.0936882646828014
WDSZ09,DTSZ05,1,0.13128195273547852,0.0,1.1312819527354785
WDSZ09,DTSZ11,1,0.14528711451563342,0.0,1.1452871145156334
WDSZ09,GLSZ04,1,0.14448717600163583,0.0,1.1444871760016357
WDSZ09,HGSZ01,1,0.10987114565732606,0.0,1.109871145657326
WDSZ09,HGSZ05,2,0.46385748936213195,0.0,2.463857489362132
WDSZ09,HGSZ06,1,0.1864401249301863,0.0,1.1864401249301864
WDSZ09,JWSZ01,1,0.020802842626968264,0.0,1.0208028426269682
WDSZ09,JWSZ08,1,0.20082894227672832,0.0,1.2008289422767282
WDSZ09,KLSZ06,1,0.23029819119986292,0.0,1.230298191199863
WDSZ09,KLSZ09,1,0.013970725653446028,0.0,1.013970725653446
WDSZ09,NVSZ05,1,0.0,0.0,1.0
WDSZ09,ORSZ02,1,0.1439294127390296,0.0,1.1439294127390296
WDSZ09,ORSZ03,1,0.14080753698450613,0.0,1.140807536984506
WDSZ09,QTSZ01,1,0.10025346973878145,0.0,1.1002534697387814
WDSZ09,QTSZ06,1,0.07437091705538369,0.0,1.0743709170553837
WDSZ09,QTSZ08,1,0.14112319265551398,0.0,1.141123192655514
WDSZ09,QTSZ11,2,0.19646507438029376,0.0,2.196465074380294
WDSZ09,SBSZ01,1,0.22491909023167456,0.0,1.2249190902316744
WDSZ09,SBSZ03,1,0.25248567047933745,0.0,1.2524856704793375
WDSZ09,SESZ02,1,0.13410147167558806,0.0,1.1341014716755882
WDSZ09,SGSZ03,1,0.15994717119358165,0.0,1.1599471711935816
WDSZ09,SKSZ02,1,0.0,0.0,1.0
WDSZ09,SKSZ04,1,0.04974042143295688,0.0,1.0497404214329569
WDSZ09,TMSZ01,1,0.1652055174488577,0.0,1.1652055174488578
WDSZ09,TMSZ05,1,0.140464417933607,0.0,1.140464417933607
WDSZ09,TPSZ06,1,0.09628484401686355,0.0,1.0962848440168635
WDSZ09,TSSZ02,1,0.0335597631551366,0.0,1.0335597631551365
WDSZ09,WDSZ01,10,0.241401624004821,0.18091630550508545,10.422317929509907
WDSZ09,WDSZ02,2,0.41973301751003356,0.15774782126086137,2.5774808387708945
WDSZ09,WDSZ03,7,2.441840171016064,0.29697867604462325,9.738818847060688
WDSZ09,WDSZ04,4,0.6311944125153529,0.5968644376776506,5.228058850193004
WDSZ09,WDSZ05,1,0.2404078932396451,0.06849691223142182,1.308904805471067
WDSZ09,WDSZ06,5,0.5141243998726645,0.4235714801097449,5.937695879982409
WDSZ09,WDSZ09,2,0.23364036853075196,4.276862402886222,6.510502771416974
WDSZ09,YSSZ02,1,0.07396534602568089,0.0,1.0739653460256808
WDSZ09,YSSZ03,1,0.24130167083861415,0.0,1.2413016708386142
YSSZ01,AMSZ03,1,0.2752121466568122,0.0,1.2752121466568123
YSSZ01,AMSZ05,1,0.3917619631213517,0.0,1.3917619631213518
YSSZ01,AMSZ07,1,0.4923650387662083,0.0,1.4923650387662084
YSSZ01,AMSZ09,2,0.3678819796664607,0.0,2.3678819796664605
YSSZ01,AMSZ10,1,0.3056656179572259,0.0,1.305665617957226
YSSZ01,AMSZ12,1,0.17050097613541043,0.0,1.1705009761354104
YSSZ01,BDSZ03,1,0.39125372513788825,0.0,1.3912537251378883
YSSZ01,BDSZ06,1,0.5442685001705279,0.0,1.5442685001705279
YSSZ01,BKSZ05,1,0.4345947925333574,0.0,1.4345947925333573
YSSZ01,BMSZ01,1,0.2886943057089075,0.0,1.2886943057089075
YSSZ01,BMSZ02,2,0.2334064598486298,0.0,2.23340645984863
YSSZ01,BMSZ06,2,0.3141947494733224,0.0,2.314194749473322
YSSZ01,BMSZ09,1,0.071894219785699,0.0,1.071894219785699
YSSZ01,BMSZ17,1,0.178976522611837,0.0,1.178976522611837
YSSZ01,BPSZ03,1,0.19984534560849337,0.0,1.1998453456084934
YSSZ01,BPSZ06,1,0.15819149832645893,0.0,1.158191498326459
YSSZ01,BSSZ01,1,0.4860070541036363,0.0,1.4860070541036363
YSSZ01,BSSZ03,1,0.3026456853245027,0.0,1.3026456853245028
YSSZ01,BTSZ06,1,0.10762034712533279,0.0,1.1076203471253327
YSSZ01,CCSZ01,1,0.15673096237335332,0.0,1.1567309623733533
YSSZ01,CHSZ03,1,0.5802136313780899,0.0,1.58021363137809
YSSZ01,CKSZ01,1,0.32412356989331687,0.0,1.324123569893317
YSSZ01,CKSZ03,1,0.2988213704425374,0.0,1.2988213704425373
YSSZ01,CKSZ04,1,0.22433785249693997,0.0,1.22433785249694
YSSZ01,CKSZ05,1,0.1487072454938178,0.0,1.1487072454938179
YSSZ01,DTSZ05,1,0.20094203098503208,0.0,1.200942030985032
YSSZ01,DTSZ11,1,0.29220842480094994,0.0,1.29220842480095
YSSZ01,HGSZ04,1,0.2584973232851165,0.0,1.2584973232851164
YSSZ01,HGSZ05,1,0.38771235314915975,0.0,1.3877123531491597
YSSZ01,JESZ05,1,0.33531057246347656,0.0,1.3353105724634766
YSSZ01,MDSZ02,1,0.20487216118676627,0.0,1.2048721611867663
YSSZ01,NVSZ01,2,0.7229165301678029,0.0,2.7229165301678027
YSSZ01,ORSZ02,2,0.5888636042062585,0.0,2.5888636042062583
YSSZ01,PGSZ05,1,0.3755337217108085,0.0,1.3755337217108086
YSSZ01,PRSZ02,1,0.3527140867278686,0.0,1.3527140867278686
YSSZ01,PRSZ05,1,0.46948014136372285,0.0,1.4694801413637228
YSSZ01,QTSZ11,1,0.20573898514902536,0.0,1.2057389851490254
YSSZ01,QTSZ13,1,0.22818365317122893,0.0,1.228183653171229
YSSZ01,RCSZ02,1,0.05718054254942693,0.0,1.057180542549427
YSSZ01,SBSZ01,9,0.559727005864595,1.5208825892415414,11.080609595106136
YSSZ01,SBSZ02,2,0.32368612065255886,0.3864422651588049,2.710128385811364
YSSZ01,SBSZ03,11,1.1894863259048212,1.6465540197251294,13.836040345629952
YSSZ01,SBSZ04,1,0.5704809161104515,0.0,1.5704809161104514
YSSZ01,SBSZ05,3,0.07970193019110189,0.2143278359225207,3.2940297661136224
YSSZ01,SESZ02,2,0.6712988629343852,0.0,2.6712988629343855
YSSZ01,SESZ03,2,0.7021309559493689,0.0,2.702130955949369
YSSZ01,SESZ04,3,0.6274128015884178,0.0,3.627412801588418
YSSZ01,SESZ06,1,0.7186560336452958,0.0,1.7186560336452958
YSSZ01,SGSZ01,1,0.36094705828081497,0.0,1.360947058280815
YSSZ01,SGSZ06,2,0.4169964979252304,0.0,2.4169964979252305
YSSZ01,SGSZ07,1,0.10759308344959799,0.0,1.107593083449598
YSSZ01,TMSZ02,3,0.8133383637259246,0.0,3.813338363725925
YSSZ01,TMSZ03,1,0.4399906916289842,0.0,1.4399906916289842
YSSZ01,TNSZ01,1,0.3031416634789165,0.0,1.3031416634789166
YSSZ01,TPSZ01,1,0.17546205634114004,0.0,1.17546205634114
YSSZ01,TPSZ02,3,0.6453052413981104,0.0,3.6453052413981104
YSSZ01,TPSZ09,1,0.14314461065582393,0.0,1.1431446106558238
YSSZ01,WDSZ01,3,0.1669044558727097,0.0,3.1669044558727095
YSSZ01,WDSZ02,1,0.48396967124041734,0.0,1.4839696712404173
YSSZ01,WDSZ03,6,1.0605824228989444,0.0,7.060582422898944
YSSZ01,WDSZ04,1,0.4331988475913622,0.0,1.4331988475913622
YSSZ01,WDSZ05,1,0.3087596394657266,0.0,1.3087596394657266
YSSZ01,WDSZ08,1,0.39315134305944316,0.0,1.393151343059443
YSSZ01,WDSZ09,1,0.14260745014015064,0.0,1.1426074501401506
YSSZ01,YSSZ01,1,0.7384521948938523,25.35000486737117,27.08845706226502
YSSZ01,YSSZ02,5,0.5936465131319316,2.288226173500913,7.881872686632844
YSSZ01,YSSZ03,27,4.290446329089011,6.801785909149299,38.09223223823831
YSSZ01,YSSZ04,7,1.591105491892981,4.626062235895959,13.21716772778894
YSSZ01,YSSZ05,10,0.36454925882199,0.27778319676053226,10.642332455582522
YSSZ01,YSSZ06,2,0.24062248319382212,0.0,2.240622483193822
YSSZ01,YSSZ08,3,0.4608256292142297,0.2966234012183718,3.7574490304326016
YSSZ01,YSSZ09,17,2.7546083587113057,10.604159175426389,30.358767534137694
YSSZ02,AMSZ01,2,0.5112771615203192,0.0,2.511277161520319
YSSZ02,AMSZ04,1,0.07364938191427181,0.0,1.0736493819142718
YSSZ02,AMSZ07,1,0.2460663941540784,0.0,1.2460663941540784
YSSZ02,AMSZ08,1,0.13089288929241258,0.0,1.1308928892924126
YSSZ02,AMSZ10,1,0.1998186954542845,0.0,1.1998186954542844
YSSZ02,BKSZ01,1,0.09767876824259371,0.0,1.0976787682425937
YSSZ02,BKSZ02,1,0.15365420953679118,0.0,1.1536542095367912
YSSZ02,BKSZ04,1,0.15805075076990852,0.0,1.1580507507699085
YSSZ02,BKSZ09,1,0.20411226608533906,0.0,1.204112266085339
YSSZ02,BMSZ05,1,0.21177965869828796,0.0,1.2117796586982879
YSSZ02,BMSZ11,1,0.17627819798944905,0.0,1.176278197989449
YSSZ02,BPSZ04,1,0.21641903472913124,0.0,1.2164190347291313
YSSZ02,BSSZ01,1,0.3494242940129344,0.0,1.3494242940129344
YSSZ02,BTSZ01,1,0.28740726131282995,0.0,1.28740726131283
YSSZ02,CHSZ02,1,0.11020502721372709,0.0,1.1102050272137272
YSSZ02,CKSZ04,1,0.19169457184334507,0.0,1.1916945718433452
YSSZ02,CKSZ05,1,0.14889378597069597,0.0,1.148893785970696
YSSZ02,CLSZ04,1,0.1924688637324802,0.0,1.1924688637324803
YSSZ02,DTSZ02,2,0.28533571743296693,0.0,2.285335717432967
YSSZ02,DTSZ03,1,0.15752788619418093,0.0,1.157527886194181
YSSZ02,DTSZ08,1,0.15170181129177504,0.0,1.151701811291775
YSSZ02,DTSZ11,1,0.32120733519945427,0.0,1.3212073351994542
YSSZ02,GLSZ01,1,0.24433188704070266,0.0,1.2443318870407027
YSSZ02,GLSZ05,1,0.2946462998265191,0.0,1.2946462998265191
YSSZ02,JESZ05,4,0.4051964249954725,0.0,4.405196424995473
YSSZ02,JWSZ08,1,0.37994215805734793,0.0,1.3799421580573479
YSSZ02,KLSZ02,1,0.1356550324332819,0.0,1.135655032433282
YSSZ02,KLSZ07,1,0.27039511955364026,0.0,1.2703951195536403
YSSZ02,MPSZ01,1,0.13635988168541305,0.0,1.136359881685413
YSSZ02,NVSZ01,1,0.422942470891931,0.0,1.422942470891931
YSSZ02,NVSZ02,3,0.44485911235981157,0.0,3.4448591123598113
YSSZ02,NVSZ03,1,0.08805916141118567,0.0,1.0880591614111856
YSSZ02,ORSZ02,1,0.24256948892069116,0.0,1.242569488920691
YSSZ02,ORSZ03,2,0.24382449411121448,0.0,2.2438244941112147
YSSZ02,OTSZ01,1,0.031492965492739444,0.0,1.0314929654927394
YSSZ02,OTSZ03,4,0.7336290057641738,0.0,4.733629005764174
YSSZ02,OTSZ04,1,0.08410257057852756,0.0,1.0841025705785277
YSSZ02,PGSZ04,2,0.5371345597055102,0.0,2.5371345597055104
YSSZ02,QTSZ08,1,0.21691878845532656,0.0,1.2169187884553265
YSSZ02,QTSZ10,2,0.25169567604333537,0.0,2.2516956760433353
YSSZ02,QTSZ11,1,0.2035569733291872,0.0,1.2035569733291873
YSSZ02,QTSZ14,1,0.18755820858324232,0.0,1.1875582085832423
YSSZ02,RCSZ05,1,0.049130137525208964,0.0,1.049130137525209
YSSZ02,RCSZ10,1,0.12370615933050057,0.0,1.1237061593305007
YSSZ02,SBSZ01,3,1.3418910055491198,4.972331553622302,9.314222559171423
YSSZ02,SBSZ02,2,0.5708963500975488,2.038654717481775,4.609551067579323
YSSZ02,SBSZ03,1,0.4336008555915583,0.6381530434905862,2.0717538990821445
YSSZ02,SBSZ04,1,0.5099960456246025,0.5957739660522455,2.105770011676848
YSSZ02,SBSZ08,1,0.09469302727251573,0.0,1.0946930272725157
YSSZ02,SESZ03,2,0.6844335558107437,0.0,2.6844335558107435
YSSZ02,TMSZ04,1,0.27835029506553094,0.0,1.278350295065531
YSSZ02,TMSZ05,2,0.401668883575043,0.0,2.401668883575043
YSSZ02,TPSZ02,3,0.40874122852952394,0.0,3.4087412285295238
YSSZ02,TPSZ12,1,0.11792043306085166,0.0,1.1179204330608516
YSSZ02,WCSZ01,1,0.2330439395641586,0.0,1.2330439395641586
YSSZ02,WDSZ02,3,0.4866665661759415,0.0,3.4866665661759413
YSSZ02,WDSZ03,1,0.5101428369336082,0.0,1.5101428369336083
YSSZ02,WDSZ04,1,0.3794774324199431,0.0,1.379477432419943
YSSZ02,WDSZ05,1,0.33467896245727835,0.0,1.3346789624572784
YSSZ02,WDSZ06,1,0.29119575234320205,0.0,1.291195752343202
YSSZ02,WDSZ09,2,0.20863770475170745,0.0,2.2086377047517076
YSSZ02,YSSZ01,5,0.5617779894147098,3.068923731736028,8.630701721150738
YSSZ02,YSSZ02,2,0.43476540496130683,5.411171668971475,7.845937073932782
YSSZ02,YSSZ03,4,2.690017822137724,2.3160441982569018,9.006062020394626
YSSZ02,YSSZ04,1,0.561088651258321,0.9841122314689966,2.5452008827273174
YSSZ02,YSSZ05,2,0.3213857234843673,0.47859115062992097,2.7999768741142885
YSSZ02,YSSZ09,10,1.8416789952315942,10.503622693057206,22.3453016882888
YSSZ03,AMSZ01,5,1.6603545805102204,0.0,6.66035458051022
YSSZ03,AMSZ10,3,1.094694745615726,0.0,4.094694745615726
YSSZ03,AMSZ11,3,0.1959418376214773,0.0,3.1959418376214774
YSSZ03,AMSZ12,4,0.4483829301705253,0.0,4.448382930170525
YSSZ03,BDSZ01,1,0.6471173676683101,0.0,1.6471173676683102
YSSZ03,BDSZ04,1,0.6603079310379589,0.0,1.660307931037959
YSSZ03,BKSZ01,1,0.14669434738303544,0.0,1.1466943473830353
YSSZ03,BKSZ07,1,0.661712358372712,0.0,1.661712358372712
YSSZ03,BKSZ09,1,0.44195623535383055,0.0,1.4419562353538304
YSSZ03,BLSZ02,1,0.14863044125270855,0.0,1.1486304412527086
YSSZ03,BMSZ05,1,0.4540870354462093,0.0,1.4540870354462094
YSSZ03,BMSZ12,1,0.5139718326388099,0.0,1.5139718326388099
YSSZ03,BSSZ01,5,2.0236558532816393,0.0,7.023655853281639
YSSZ03,BSSZ03,1,0.7637764309378737,0.0,1.7637764309378738
YSSZ03,BTSZ01,3,1.1242388171032647,0.0,4.124238817103265
YSSZ03,CKSZ05,1,0.24279930998074098,0.0,1.242799309980741
YSSZ03,DTSZ01,1,0.5619276696530325,0.0,1.5619276696530324
YSSZ03,DTSZ02,3,0.7778522759518123,0.0,3.7778522759518123
YSSZ03,DTSZ03,4,1.2929151249751984,0.0,5.292915124975199
YSSZ03,DTSZ05,1,0.4419347722895967,0.0,1.4419347722895968
YSSZ03,DTSZ07,1,0.2571079507252977,0.0,1.2571079507252976
YSSZ03,DTSZ08,2,0.3841223938299361,0.0,2.3841223938299363
YSSZ03,DTSZ09,1,0.2700542298534139,0.0,1.2700542298534139
YSSZ03,DTSZ10,1,0.07008529961561125,0.0,1.0700852996156112
YSSZ03,DTSZ11,5,0.904784628219623,0.0,5.904784628219623
YSSZ03,GLSZ01,2,0.7002310419266846,0.0,2.700231041926685
YSSZ03,HGSZ04,2,1.0710662367119705,0.0,3.0710662367119705
YSSZ03,HGSZ05,1,0.9125784687761591,0.0,1.9125784687761591
YSSZ03,HGSZ08,2,0.6391665819462463,0.0,2.639166581946246
YSSZ03,JESZ01,1,0.27963622893909335,0.0,1.2796362289390935
YSSZ03,JESZ05,1,0.6249934074003747,0.0,1.6249934074003747
YSSZ03,JESZ06,1,0.20640901305913756,0.0,1.2064090130591376
YSSZ03,JESZ08,1,0.16408976346279594,0.0,1.164089763462796
YSSZ03,JESZ10,1,0.0,0.0,1.0
YSSZ03,JWSZ06,1,0.29832851220926876,0.0,1.2983285122092687
YSSZ03,JWSZ09,2,0.7788501456203711,0.0,2.778850145620371
YSSZ03,KLSZ06,1,0.5651176460033462,0.0,1.5651176460033462
YSSZ03,LKSZ01,1,0.4221870522011381,0.0,1.4221870522011382
YSSZ03,MUSZ03,2,0.09125086265205645,0.0,2.0912508626520565
YSSZ03,NTSZ03,1,0.14433910038394837,0.0,1.1443391003839483
YSSZ03,NVSZ01,2,1.4240173217636756,0.0,3.4240173217636753
YSSZ03,NVSZ02,6,1.0097693731771662,0.0,7.009769373177166
YSSZ03,ORSZ02,4,1.4604212682534254,0.0,5.460421268253425
YSSZ03,ORSZ03,1,0.4083131308878792,0.0,1.4083131308878791
YSSZ03,OTSZ03,2,0.8125206058904212,0.0,2.812520605890421
YSSZ03,PLSZ03,2,0.12169815540473748,0.0,2.1216981554047374
YSSZ03,PLSZ04,1,0.07488645612110513,0.0,1.0748864561211051
YSSZ03,QTSZ02,1,0.28716427560443347,0.0,1.2871642756044335
YSSZ03,QTSZ06,1,0.2606577379243497,0.0,1.2606577379243498
YSSZ03,QTSZ08,4,1.670587051698878,0.0,5.6705870516988774
YSSZ03,QTSZ11,3,0.7774304244586052,0.0,3.777430424458605
YSSZ03,QTSZ12,2,0.3322827030411052,0.0,2.332282703041105
YSSZ03,QTSZ14,2,0.5801035228772529,0.0,2.580103522877253
YSSZ03,RCSZ01,2,0.28496244867397885,0.0,2.284962448673979
YSSZ03,RCSZ10,1,0.30593708352142124,0.0,1.3059370835214212
YSSZ03,SBSZ03,2,1.4084527754075906,0.0,3.4084527754075906
YSSZ03,SBSZ04,2,1.615331721900326,0.0,3.615331721900326
YSSZ03,SBSZ06,1,0.2544375234159337,0.0,1.2544375234159337
YSSZ03,SGSZ03,5,1.351438007325491,0.0,6.351438007325491
YSSZ03,SGSZ06,1,0.6076761444146659,0.0,1.6076761444146659
YSSZ03,SLSZ01,2,1.646858343505347,0.0,3.6468583435053468
YSSZ03,SRSZ02,1,0.11609511922476579,0.0,1.1160951192247657
YSSZ03,TMSZ04,1,0.6600933912204563,0.0,1.6600933912204563
YSSZ03,TMSZ05,1,0.7384879281810263,0.0,1.7384879281810264
YSSZ03,TNSZ04,1,0.27143656334498173,0.0,1.2714365633449818
YSSZ03,TPSZ02,1,0.6701485469604509,0.0,1.670148546960451
YSSZ03,TPSZ03,1,0.26992946771843007,0.0,1.26992946771843
YSSZ03,TPSZ06,2,1.1524975067253411,0.0,3.152497506725341
YSSZ03,TSSZ05,1,1.0475403691315135,0.0,2.0475403691315135
YSSZ03,WCSZ01,3,0.9456626913319524,0.0,3.945662691331952
YSSZ03,WDSZ01,2,0.2534289409105991,0.0,2.253428940910599
YSSZ03,WDSZ02,6,1.2229362947342144,0.0,7.222936294734215
YSSZ03,WDSZ03,1,0.8417817288275382,0.0,1.8417817288275382
YSSZ03,WDSZ05,1,0.5998853428237367,0.0,1.5998853428237367
YSSZ03,WDSZ08,1,0.414183734729428,0.0,1.414183734729428
YSSZ03,YSSZ01,21,4.039171909520007,8.306051423117959,33.345223332637964
YSSZ03,YSSZ02,6,2.391368321599079,3.8445996802670557,12.235968001866134
YSSZ03,YSSZ03,18,13.372423157641235,30.626169379760423,61.99859253740166
YSSZ03,YSSZ04,7,2.2121106078867263,5.460272927444323,14.67238353533105
YSSZ03,YSSZ05,3,0.8574490313971569,0.17721091204650533,4.034659943443662
YSSZ03,YSSZ07,1,0.3103392988981902,0.0,1.3103392988981901
YSSZ03,YSSZ08,3,0.5846250712935875,0.27772105326430313,3.8623461245578907
YSSZ03,YSSZ09,21,5.246108439845331,9.321775294465114,35.56788373431044
YSSZ04,AMSZ01,4,1.2177930756152369,0.0,5.217793075615237
YSSZ04,AMSZ07,1,0.34023141576628935,0.0,1.3402314157662893
YSSZ04,AMSZ08,2,0.42950542770899636,0.0,2.4295054277089965
YSSZ04,AMSZ12,1,0.2499960111246255,0.0,1.2499960111246256
YSSZ04,BDSZ04,3,0.8829450722597445,0.0,3.8829450722597443
YSSZ04,BKSZ07,1,0.39040288456595434,0.0,1.3904028845659544
YSSZ04,BMSZ01,1,0.36024137428892,0.0,1.3602413742889201
YSSZ04,BMSZ02,2,0.36546740519784665,0.0,2.3654674051978466
YSSZ04,BMSZ05,2,0.38003189864341136,0.0,2.3800318986434115
YSSZ04,BMSZ15,1,0.15835148411386016,0.0,1.1583514841138602
YSSZ04,BSSZ01,4,1.3227447982732294,0.0,5.322744798273229
YSSZ04,BSSZ02,1,0.4942069055062356,0.0,1.4942069055062355
YSSZ04,BTSZ06,2,0.2700182504400393,0.0,2.2700182504400392
YSSZ04,BTSZ07,1,0.22379153934058543,0.0,1.2237915393405854
YSSZ04,CHSZ03,2,1.7220941784450414,0.0,3.722094178445041
YSSZ04,CKSZ06,1,0.3077242034196671,0.0,1.3077242034196672
YSSZ04,CLSZ01,1,0.19188379049315965,0.0,1.1918837904931596
YSSZ04,CLSZ03,1,0.35253002414750373,0.0,1.3525300241475038
YSSZ04,CLSZ06,2,0.43615877744697684,0.0,2.436158777446977
YSSZ04,DTSZ01,1,0.30315004599509904,0.0,1.303150045995099
YSSZ04,DTSZ02,4,0.6452137292724142,0.0,4.645213729272414
YSSZ04,DTSZ03,2,0.4053780450975087,0.0,2.4053780450975086
YSSZ04,DTSZ05,7,0.39990922975274906,0.0,7.399909229752749
YSSZ04,DTSZ08,1,0.23435279544795334,0.0,1.2343527954479534
YSSZ04,DTSZ11,4,0.4539484780679313,0.0,4.4539484780679315
YSSZ04,GLSZ02,1,0.24002338728752573,0.0,1.2400233872875257
YSSZ04,GLSZ03,1,0.414484732568697,0.0,1.4144847325686971
YSSZ04,GLSZ04,1,0.46038161680243284,0.0,1.4603816168024328
YSSZ04,GLSZ05,1,0.4018394269975156,0.0,1.4018394269975156
YSSZ04,HGSZ01,1,0.28665075693813896,0.0,1.286650756938139
YSSZ04,HGSZ06,1,0.6039068128249111,0.0,1.6039068128249112
YSSZ04,HGSZ08,1,0.36879946339712233,0.0,1.3687994633971223
YSSZ04,HGSZ09,1,0.03749639092628871,0.0,1.0374963909262886
YSSZ04,JESZ03,2,0.8084266279746615,0.0,2.8084266279746615
YSSZ04,JESZ05,3,0.8280843123946446,0.0,3.828084312394645
YSSZ04,JWSZ06,1,0.1501529998272314,0.0,1.1501529998272315
YSSZ04,JWSZ08,1,0.6995432760660867,0.0,1.6995432760660867
YSSZ04,KLSZ06,1,0.3537112039319034,0.0,1.3537112039319035
YSSZ04,KLSZ08,1,0.3585772461259864,0.0,1.3585772461259864
YSSZ04,MDSZ02,1,0.2649144443949597,0.0,1.2649144443949596
YSSZ04,NTSZ03,1,0.11476783108117583,0.0,1.114767831081176
YSSZ04,NVSZ01,1,0.8525431170934004,0.0,1.8525431170934004
YSSZ04,NVSZ02,4,1.1085516971350902,0.0,5.10855169713509
YSSZ04,ORSZ01,1,0.05588027900105677,0.0,1.0558802790010569
YSSZ04,ORSZ02,7,1.0304896510635742,0.0,8.030489651063574
YSSZ04,ORSZ03,2,0.44610302984133915,0.0,2.446103029841339
YSSZ04,OTSZ01,1,0.054126967707385495,0.0,1.0541269677073855
YSSZ04,OTSZ03,3,0.7811542033056944,0.0,3.7811542033056944
YSSZ04,PGSZ02,1,0.3662113621513718,0.0,1.3662113621513718
YSSZ04,PGSZ04,1,0.7826039410414255,0.0,1.7826039410414256
YSSZ04,PLSZ04,1,0.05449102000966809,0.0,1.054491020009668
YSSZ04,PRSZ06,1,0.19823147123857743,0.0,1.1982314712385773
YSSZ04,QTSZ08,2,0.5940905063131943,0.0,2.5940905063131945
YSSZ04,QTSZ11,1,0.23301480720549042,0.0,1.2330148072054905
YSSZ04,RCSZ01,1,0.1551544668944883,0.0,1.1551544668944884
YSSZ04,SBSZ03,3,1.0172337517436125,0.0,4.017233751743612
YSSZ04,SBSZ05,2,0.28728452653665537,0.0,2.2872845265366553
YSSZ04,SBSZ08,1,0.13142910565726926,0.0,1.1314291056572692
YSSZ04,SBSZ09,1,0.7395213663226061,0.0,1.7395213663226061
YSSZ04,SESZ02,1,0.48748091548103906,0.0,1.4874809154810391
YSSZ04,SESZ03,1,0.7513467159910029,0.0,1.7513467159910028
YSSZ04,SESZ05,1,0.4029682015498839,0.0,1.4029682015498839
YSSZ04,SGSZ01,1,0.4675651782574865,0.0,1.4675651782574866
YSSZ04,SGSZ03,2,0.6336817979759857,0.0,2.633681797975986
YSSZ04,SLSZ01,1,0.4081862383700155,0.0,1.4081862383700154
YSSZ04,SRSZ02,1,0.07921363652010094,0.0,1.0792136365201008
YSSZ04,TMSZ02,1,0.5851590706009426,0.0,1.5851590706009426
YSSZ04,TMSZ04,1,0.4031621951596941,0.0,1.4031621951596942
YSSZ04,TMSZ05,1,0.3966793261913116,0.0,1.3966793261913115
YSSZ04,TPSZ06,1,0.35218591157560897,0.0,1.352185911575609
YSSZ04,TPSZ07,1,0.09593041219186592,0.0,1.0959304121918658
YSSZ04,TPSZ12,1,0.23654306507486508,0.0,1.236543065074865
YSSZ04,WCSZ01,3,0.7386210998969823,0.0,3.7386210998969824
YSSZ04,WDSZ01,1,0.158039811365066,0.0,1.158039811365066
YSSZ04,WDSZ02,1,0.6753173981625886,0.0,1.6753173981625886
YSSZ04,WDSZ03,3,1.415608707661024,0.0,4.415608707661024
YSSZ04,WDSZ05,1,0.44987963833660793,0.0,1.449879638336608
YSSZ04,YSSZ01,8,1.2897679874167376,7.613390455392549,16.903158442809286
YSSZ04,YSSZ02,1,0.6518426451709886,0.9233285342394255,2.5751711794104137
YSSZ04,YSSZ03,5,2.4712940371349106,4.226038808177115,11.697332845312026
YSSZ04,YSSZ04,8,4.655932078490654,27.060660119323007,39.71659219781366
YSSZ04,YSSZ05,3,1.956208004228764,0.5379814688899001,5.494189473118665
YSSZ04,YSSZ08,4,0.5683925349347174,1.1536396790772252,5.722032214011943
YSSZ04,YSSZ09,6,1.851046752028459,4.495890847071461,12.34693759909992
YSSZ05,AMSZ01,1,0.6028500672911515,0.0,1.6028500672911514
YSSZ05,AMSZ10,1,0.44186254949821496,0.039872270191411624,1.4817348196896265
YSSZ05,AMSZ12,1,0.08824295876859715,0.08253079999749974,1.170773758766097
YSSZ05,BDSZ01,1,0.2547067332278668,0.0,1.2547067332278667
YSSZ05,BMSZ01,1,0.30080232092551945,0.0,1.3008023209255195
YSSZ05,BMSZ05,3,0.34969827494782846,0.0,3.3496982749478286
YSSZ05,BPSZ05,1,0.33570784255629577,0.0,1.3357078425562958
YSSZ05,BSSZ01,1,0.7576968825416202,0.0,1.7576968825416202
YSSZ05,BTSZ01,1,0.34577699746394813,0.0,1.3457769974639482
YSSZ05,CHSZ03,1,0.6410925530571475,0.0,1.6410925530571476
YSSZ05,CLSZ01,1,0.14320267880458978,0.0,1.1432026788045897
YSSZ05,DTSZ01,1,0.2513669649687637,0.0,1.2513669649687638
YSSZ05,DTSZ02,1,0.2006308935767367,0.0,1.2006308935767367
YSSZ05,DTSZ03,1,0.21236058811010747,0.0,1.2123605881101074
YSSZ05,KLSZ09,1,0.05158598260772821,0.0,1.0515859826077283
YSSZ05,ORSZ02,4,0.612016227404028,0.0,4.612016227404028
YSSZ05,ORSZ03,1,0.20724462021807538,0.0,1.2072446202180753
YSSZ05,OTSZ03,1,0.3463711011077871,0.0,1.346371101107787
YSSZ05,OTSZ04,1,0.0618885524592738,0.0,1.0618885524592738
YSSZ05,PRSZ06,1,0.1554183435001019,0.0,1.155418343500102
YSSZ05,QTSZ08,3,0.6127105465954915,0.0,3.6127105465954914
YSSZ05,QTSZ09,1,0.025633859218758687,0.0,1.0256338592187586
YSSZ05,QTSZ10,1,0.25177730557077344,0.0,1.2517773055707735
YSSZ05,QTSZ11,1,0.2008130932618004,0.0,1.2008130932618004
YSSZ05,QTSZ14,1,0.45864609145125146,0.0,1.4586460914512513
YSSZ05,RCSZ01,1,0.11317618118752418,0.0,1.1131761811875243
YSSZ05,SBSZ04,1,0.5145210028221938,0.0,1.5145210028221938
YSSZ05,SESZ06,2,1.5048690685807535,0.0,3.5048690685807538
YSSZ05,SKSZ04,1,0.21160647136013078,0.0,1.2116064713601307
YSSZ05,TMSZ05,1,0.2996072823536209,0.0,1.2996072823536209
YSSZ05,TPSZ02,1,0.29764222489212794,0.0,1.297642224892128
YSSZ05,TPSZ12,1,0.1495768327186776,0.0,1.1495768327186777
YSSZ05,WCSZ01,1,0.26385864380321394,0.0,1.263858643803214
YSSZ05,WDSZ01,1,0.08290304337385085,0.0,1.082903043373851
YSSZ05,WDSZ02,2,0.3638206425055453,0.0,2.3638206425055452
YSSZ05,WDSZ09,1,0.12378945681530606,0.0,1.123789456815306
YSSZ05,YSSZ01,4,0.5168192859886354,0.5778739543886536,5.094693240377289
YSSZ05,YSSZ02,1,0.18264825842767482,0.12035824147996046,1.3030064999076352
YSSZ05,YSSZ03,2,1.4270014636142307,0.25867334097918837,3.685674804593419
YSSZ05,YSSZ04,2,1.7387007047244454,0.9386826633183886,4.677383368042834
YSSZ05,YSSZ05,1,2.2360559593484646,4.259436586342199,7.495492545690663
YSSZ05,YSSZ08,5,0.24752975545500094,1.438375920003754,6.685905675458755
YSSZ05,YSSZ09,2,0.8157696928950068,0.2860200633756987,3.1017897562707053
YSSZ06,AMSZ06,1,0.0,0.0,1.0
YSSZ06,AMSZ10,1,0.0,0.0,1.0
YSSZ06,BMSZ05,1,0.0,0.0,1.0
YSSZ06,BTSZ01,1,0.0,0.0,1.0
YSSZ06,CKSZ03,1,0.0,0.0,1.0
YSSZ06,DTSZ11,1,0.0,0.0,1.0
YSSZ06,HGSZ02,1,0.0,0.0,1.0
YSSZ06,MDSZ02,1,0.0,0.0,1.0
YSSZ06,MDSZ03,1,0.0,0.0,1.0
YSSZ06,PGSZ03,1,0.0,0.0,1.0
YSSZ06,QTSZ14,1,0.0,0.0,1.0
YSSZ06,SBSZ01,1,0.0,0.0,1.0
YSSZ06,YSSZ01,2,0.0,0.0,2.0
YSSZ07,AMSZ02,1,0.0,0.0,1.0
YSSZ07,CKSZ01,1,0.0,0.0,1.0
YSSZ07,OTSZ03,1,0.0,0.0,1.0
YSSZ07,QTSZ01,1,0.0,0.0,1.0
YSSZ07,TMSZ02,1,0.0,0.0,1.0
YSSZ07,WDSZ05,1,0.0,0.0,1.0
YSSZ07,YSSZ03,1,0.0,0.0,1.0
YSSZ07,YSSZ09,2,0.0,0.0,2.0
YSSZ08,AMSZ01,1,0.19902099220909708,0.0,1.199020992209097
YSSZ08,AMSZ02,1,0.12155807040540914,0.0,1.1215580704054091
YSSZ08,AMSZ10,2,0.1250261278542057,0.0,2.1250261278542055
YSSZ08,AMSZ12,2,0.18222332641293107,0.0,2.182223326412931
YSSZ08,BDSZ04,1,0.13961003049019033,0.0,1.1396100304901904
YSSZ08,BDSZ05,1,0.14641076658906,0.0,1.14641076658906
YSSZ08,BKSZ05,1,0.16275292045686812,0.0,1.162752920456868
YSSZ08,BMSZ09,1,0.01115499367555389,0.0,1.011154993675554
YSSZ08,BSSZ03,2,0.2116464642757566,0.0,2.2116464642757565
YSSZ08,BTSZ01,2,0.2623191819944821,0.0,2.2623191819944823
YSSZ08,DTSZ08,1,0.08277107876029258,0.0,1.0827710787602927
YSSZ08,DTSZ09,1,0.06264984291836012,0.0,1.0626498429183602
YSSZ08,DTSZ11,2,0.09488738257244601,0.0,2.094887382572446
YSSZ08,GLSZ05,1,0.08779780760537492,0.0,1.087797807605375
YSSZ08,HGSZ09,1,0.004465563270204037,0.0,1.004465563270204
YSSZ08,JESZ05,1,0.15940009830940496,0.0,1.159400098309405
YSSZ08,KLSZ09,1,0.02480953468770692,0.0,1.0248095346877069
YSSZ08,MDSZ02,1,0.046101732572018175,0.0,1.046101732572018
YSSZ08,MUSZ01,1,0.03885568811993853,0.0,1.0388556881199384
YSSZ08,NVSZ02,5,0.47713675202203276,0.0,5.477136752022033
YSSZ08,ORSZ02,3,0.2417405024930862,0.0,3.2417405024930863
YSSZ08,ORSZ03,1,0.07292705777294332,0.0,1.0729270577729433
YSSZ08,OTSZ03,1,0.09763786979260725,0.0,1.0976378697926072
YSSZ08,PGSZ01,1,0.08602137631964367,0.0,1.0860213763196436
YSSZ08,PGSZ04,1,0.17329132512737297,0.0,1.1732913251273729
YSSZ08,PRSZ03,1,0.1863215095251529,0.0,1.186321509525153
YSSZ08,QTSZ09,1,0.00958873255930327,0.0,1.0095887325593034
YSSZ08,QTSZ11,2,0.15094961609338228,0.0,2.1509496160933823
YSSZ08,QTSZ13,1,0.05354025967033922,0.0,1.0535402596703392
YSSZ08,QTSZ14,1,0.1199449268826215,0.0,1.1199449268826216
YSSZ08,SBSZ03,3,0.19208232277730622,0.32674810976087054,3.5188304325381767
YSSZ08,SBSZ04,1,0.23361874265550714,0.0,1.2336187426555072
YSSZ08,SESZ03,1,0.2485984423804823,0.0,1.2485984423804823
YSSZ08,SKSZ01,1,0.06646917940989484,0.0,1.0664691794098948
YSSZ08,SVSZ01,1,0.06713717328379169,0.0,1.0671371732837918
YSSZ08,TMSZ02,1,0.21527383307915834,0.0,1.2152738330791584
YSSZ08,TMSZ04,2,0.16983672541962552,0.0,2.1698367254196254
YSSZ08,TPSZ02,1,0.12469882075479999,0.0,1.1246988207548
YSSZ08,TPSZ12,1,0.044984965806899015,0.0,1.044984965806899
YSSZ08,WCSZ01,1,0.10171176005595471,0.0,1.1017117600559547
YSSZ08,WDSZ01,1,0.04025935805817347,0.0,1.0402593580581734
YSSZ08,WDSZ02,3,0.11464273650064749,0.0,3.1146427365006475
YSSZ08,WDSZ03,4,0.43306889953644023,0.0,4.4330688995364405
YSSZ08,YSSZ01,4,0.22113083582902487,0.41614156922244167,4.637272405051466
YSSZ08,YSSZ02,1,0.12302698841778915,0.1102979672169453,1.2333249556347345
YSSZ08,YSSZ03,3,0.6972924985923388,0.33742751829562984,4.034720016887968
YSSZ08,YSSZ05,3,0.238301446997607,0.1382383485201611,3.376539795517768
YSSZ08,YSSZ08,1,0.15738021072664182,3.9521603884118917,5.109540599138533
YSSZ08,YSSZ09,6,0.6779235282800612,0.7204022598018994,7.39832578808196
YSSZ09,AMSZ01,9,2.1144090775503264,0.0,11.114409077550327
YSSZ09,AMSZ05,2,0.6040579321961546,0.0,2.6040579321961546
YSSZ09,AMSZ06,1,0.5854494295952136,0.0,1.5854494295952137
YSSZ09,AMSZ07,1,0.3649873680725326,0.0,1.3649873680725326
YSSZ09,AMSZ09,1,0.4153894038846274,0.0,1.4153894038846273
YSSZ09,AMSZ10,1,0.3701118712408517,0.0,1.3701118712408518
YSSZ09,AMSZ11,1,0.08356677258351443,0.0,1.0835667725835145
YSSZ09,AMSZ12,1,0.20688263605318397,0.0,1.206882636053184
YSSZ09,BDSZ04,2,0.8741919999830559,0.0,2.874191999983056
YSSZ09,BDSZ05,1,0.6169008693656798,0.0,1.6169008693656797
YSSZ09,BKSZ01,1,0.14046193767234008,0.0,1.1404619376723402
YSSZ09,BKSZ04,1,0.21286935910233012,0.0,1.21286935910233
YSSZ09,BKSZ05,3,1.9893834678766924,0.0,4.989383467876692
YSSZ09,BKSZ08,2,0.13225259109968193,0.0,2.132252591099682
YSSZ09,BLSZ02,1,0.11746116313617336,0.0,1.1174611631361733
YSSZ09,BMSZ01,2,0.519841300589079,0.0,2.519841300589079
YSSZ09,BMSZ02,1,0.28498054423332986,0.0,1.28498054423333
YSSZ09,BMSZ04,1,0.21038083775576433,0.0,1.2103808377557643
YSSZ09,BMSZ05,2,0.4608012913265788,0.0,2.460801291326579
YSSZ09,BMSZ06,2,0.6082689421488148,0.0,2.6082689421488148
YSSZ09,BMSZ09,1,0.06107387122876315,0.0,1.061073871228763
YSSZ09,BPSZ04,1,0.3645813802021868,0.0,1.3645813802021869
YSSZ09,BSSZ01,5,1.8852384511857523,0.0,6.885238451185752
YSSZ09,BSSZ02,2,0.8110803370058469,0.0,2.811080337005847
YSSZ09,BSSZ03,1,0.6039807517328256,0.0,1.6039807517328257
YSSZ09,BTSZ01,1,0.4607829002097923,0.0,1.4607829002097923
YSSZ09,BTSZ05,1,0.11428751014351438,0.0,1.1142875101435143
YSSZ09,CHSZ02,2,0.29157627836216354,0.0,2.2915762783621636
YSSZ09,CKSZ03,3,1.6556410079338761,0.0,4.655641007933876
YSSZ09,CKSZ06,1,0.405751995931428,0.0,1.405751995931428
YSSZ09,CLSZ01,1,0.15871098637931277,0.0,1.1587109863793128
YSSZ09,CLSZ03,2,0.5266755617113847,0.0,2.526675561711385
YSSZ09,DTSZ01,1,0.4009212808963537,0.0,1.4009212808963536
YSSZ09,DTSZ02,3,0.6993581390245295,0.0,3.6993581390245294
YSSZ09,DTSZ03,2,0.6153177866947332,0.0,2.6153177866947335
YSSZ09,DTSZ05,4,0.9808835638600975,0.0,4.980883563860098
YSSZ09,DTSZ08,4,0.4319285686159717,0.0,4.431928568615971
YSSZ09,DTSZ09,1,0.17452091831624975,0.0,1.1745209183162497
YSSZ09,DTSZ10,1,0.043250571906050646,0.0,1.0432505719060507
YSSZ09,DTSZ11,5,0.4604437498145095,0.0,5.46044374981451
YSSZ09,GLSZ02,2,0.31776471231584363,0.0,2.3177647123158436
YSSZ09,GLSZ03,2,0.7242361807130252,0.0,2.7242361807130253
YSSZ09,GLSZ04,1,0.5795819461692804,0.0,1.5795819461692804
YSSZ09,GLSZ05,5,1.4665001945134557,0.0,6.466500194513456
YSSZ09,HGSZ02,1,0.4772802217545632,0.0,1.477280221754563
YSSZ09,HGSZ05,1,0.7673194304304095,0.0,1.7673194304304096
YSSZ09,HGSZ06,4,2.1819543063537994,0.0,6.181954306353799
YSSZ09,HGSZ08,1,0.42924593383815135,0.0,1.4292459338381514
YSSZ09,JESZ03,1,0.601951857202046,0.0,1.601951857202046
YSSZ09,JESZ05,5,0.8244176740328617,0.0,5.824417674032862
YSSZ09,JESZ06,1,0.0918412847928939,0.0,1.091841284792894
YSSZ09,JWSZ08,1,0.9032161822385365,0.0,1.9032161822385365
YSSZ09,JWSZ09,1,0.5842565646087658,0.0,1.5842565646087658
YSSZ09,KLSZ03,2,0.10406364041722757,0.0,2.1040636404172277
YSSZ09,KLSZ05,1,0.27494167438633343,0.0,1.2749416743863335
YSSZ09,KLSZ06,2,0.5029463091688213,0.0,2.5029463091688213
YSSZ09,KLSZ07,1,0.469746584423435,0.0,1.469746584423435
YSSZ09,MDSZ03,3,0.0,0.0,3.0
YSSZ09,MPSZ02,1,0.58546838878844,0.0,1.58546838878844
YSSZ09,MPSZ03,2,0.8993913189108771,0.0,2.899391318910877
YSSZ09,MUSZ01,2,0.20585664240576712,0.0,2.205856642405767
YSSZ09,NTSZ03,1,0.1111970271007191,0.0,1.1111970271007192
YSSZ09,NVSZ01,1,0.7383853340176304,0.0,1.7383853340176305
YSSZ09,NVSZ02,7,0.9373150413182371,0.0,7.937315041318237
YSSZ09,ORSZ02,10,1.1893966277758072,0.0,11.189396627775807
YSSZ09,ORSZ03,2,0.37053327928166785,0.0,2.370533279281668
YSSZ09,OTSZ03,6,0.7754439955493347,0.0,6.775443995549335
YSSZ09,PGSZ04,2,1.2953038192905926,0.0,3.2953038192905924
YSSZ09,PLSZ04,1,0.045807750993087024,0.0,1.045807750993087
YSSZ09,PNSZ02,1,0.0,0.0,1.0
YSSZ09,PRSZ03,1,0.6559416376998439,0.0,1.655941637699844
YSSZ09,QTSZ08,1,0.4093562910717092,0.0,1.4093562910717092
YSSZ09,QTSZ11,3,0.7075795929455297,0.0,3.70757959294553
YSSZ09,QTSZ13,1,0.3568332990646019,0.0,1.356833299064602
YSSZ09,QTSZ14,3,0.45129911894041114,0.0,3.451299118940411
YSSZ09,RCSZ01,2,0.2437179423245049,0.0,2.243717942324505
YSSZ09,RCSZ03,1,0.12128110615746539,0.0,1.1212811061574655
YSSZ09,RCSZ09,1,0.08311039587261577,0.0,1.0831103958726158
YSSZ09,RCSZ10,2,0.3532377565545928,0.0,2.3532377565545928
YSSZ09,SBSZ01,4,1.1833844118147572,2.161551599411876,7.344936011226633
YSSZ09,SBSZ02,3,1.570755855389259,1.808072637301971,6.37882849269123
YSSZ09,SBSZ03,11,2.2130128780733953,3.65725518378195,16.870268061855345
YSSZ09,SBSZ04,4,1.5717571517245923,2.845559808566049,8.417316960290641
YSSZ09,SBSZ07,1,0.0,0.0,1.0
YSSZ09,SBSZ08,1,0.13478359972905876,0.0,1.1347835997290587
YSSZ09,SESZ03,5,1.4147801112625213,0.0,6.414780111262521
YSSZ09,SESZ04,1,0.8147681243767507,0.0,1.8147681243767506
YSSZ09,SESZ06,2,1.8638568001380955,0.0,3.8638568001380955
YSSZ09,SGSZ01,1,0.505198082202119,0.0,1.505198082202119
YSSZ09,SGSZ02,1,0.2103166610673122,0.0,1.2103166610673122
YSSZ09,SGSZ06,2,0.5540345917438446,0.0,2.5540345917438447
YSSZ09,TMSZ04,3,1.2891183684138157,0.0,4.289118368413815
YSSZ09,TMSZ05,3,1.0760864768405038,0.0,4.076086476840504
YSSZ09,TNSZ02,2,0.3160414928673842,0.0,2.316041492867384
YSSZ09,TNSZ04,1,0.1859410909025022,0.0,1.185941090902502
YSSZ09,TPSZ01,1,0.33143716676198326,0.0,1.3314371667619833
YSSZ09,TPSZ06,4,1.7377876337034321,0.0,5.737787633703432
YSSZ09,TPSZ12,1,0.20527985229313964,0.0,1.2052798522931396
YSSZ09,TSSZ03,1,0.06460428448447694,0.0,1.064604284484477
YSSZ09,TSSZ06,1,0.05041306501743226,0.0,1.0504130650174321
YSSZ09,WCSZ01,6,0.7284688671793099,0.0,6.72846886717931
YSSZ09,WDSZ01,2,0.19756016955195194,0.0,2.1975601695519518
YSSZ09,WDSZ02,12,1.5586383793530008,0.0,13.558638379353
YSSZ09,WDSZ03,6,1.705852599730284,1.313490664902681,9.019343264632965
YSSZ09,WDSZ06,2,0.4830798741264468,0.0,2.483079874126447
YSSZ09,WDSZ07,1,0.0650930696090695,0.0,1.0650930696090695
YSSZ09,WDSZ08,1,0.34240440900394,0.0,1.34240440900394
YSSZ09,WDSZ09,1,0.26090976343199235,0.0,1.2609097634319923
YSSZ09,YSSZ01,13,1.7129905352099408,15.276143299262253,29.98913383447219
YSSZ09,YSSZ02,9,2.574953786231477,9.306121848461673,20.88107563469315
YSSZ09,YSSZ03,8,3.93443212789011,6.184449406768977,18.11888153465909
YSSZ09,YSSZ04,4,1.6346548728089798,3.4462072542587783,9.080862127067759
YSSZ09,YSSZ05,1,0.3876169975767688,0.05778283599332803,1.4453998335700968
YSSZ09,YSSZ07,2,0.17333896131250634,0.0,2.1733389613125063
YSSZ09,YSSZ08,5,0.6331446374693425,0.7119908507060768,6.345135488175419
YSSZ09,YSSZ09,18,5.417127780662576,42.25257082100528,65.66969860166785
