TRAVEL_MODE,ORIGIN_SUBZONE,DESTINATION_SUBZONE,COUNT,TRIP_DISTANCE
VH,BTSZ01,BTSZ01,1,0.0
WK,BDSZ04,BDSZ04,1,0.0
VH,BMSZ12,AMSZ04,1,10.253699255748272
PT,DTSZ03,BMSZ06,1,4.385340758281176
PT,PGSZ03,PGSZ04,1,1.813530848549925
PT,HGSZ05,QTSZ11,1,15.006819614910182
WK,MPSZ03,MPSZ03,1,0.0
PT,CLSZ08,DTSZ10,1,9.506919127289267
WK,BDSZ04,BDSZ04,1,0.0
VH,NVSZ01,NVSZ01,1,0.0
WK,TMSZ03,TMSZ03,1,0.0
PT,SGSZ06,ORSZ02,1,6.715125652398436
VH,CKSZ01,BTSZ01,1,5.201199803389543
PT,WDSZ04,WDSZ01,1,1.4487914875070382
PT,TMSZ04,KLSZ06,1,11.054608260089584
WK,AMSZ01,AMSZ02,1,0.8098454795607932
VH,BMSZ12,BKSZ07,1,9.760624601971198
VH,MPSZ03,PRSZ05,1,9.33493279868607
VH,CLSZ04,CKSZ03,1,7.748648521561396
PT,HGSZ04,HGSZ06,1,1.3155617892005385
VH,CLSZ03,QTSZ11,1,3.6275004823541956
VH,JWSZ09,BKSZ03,1,4.782552001165041
VH,BPSZ03,CLSZ06,1,8.135214901401165
PT,GLSZ04,MPSZ03,1,2.9661621130342146
PT,BKSZ07,GLSZ04,1,15.265410405045362
VH,BMSZ04,BSSZ01,1,8.210399946768307
PT,TMSZ04,BDSZ04,1,2.300713819335355
PT,BPSZ05,AMSZ01,1,8.96330795749245
PT,YSSZ03,YSSZ09,1,1.7688742052165112
PT,TPSZ01,DTSZ05,1,6.332672630345533
PT,TMSZ02,GLSZ03,1,6.673217167241603
VH,SBSZ03,CKSZ03,1,10.359600040450262
VH,GLSZ05,GLSZ05,1,0.0
VH,QTSZ04,ORSZ03,1,4.695696863468547
PT,DTSZ02,OTSZ04,1,1.135053216628933
PT,SESZ02,YSSZ01,1,8.657159140521157
PT,QTSZ08,CKSZ03,1,10.791204116050123
PT,BMSZ02,BMSZ07,1,1.1725078205385278
PT,QTSZ08,CLSZ06,1,3.4723330871686047
PT,BMSZ07,QTSZ14,1,1.996229844152145
PT,SESZ06,PNSZ05,1,26.124157242824765
PT,SGSZ04,SGSZ06,1,1.2504688104488453
PT,HGSZ06,SGSZ06,1,1.628829512348083
VH,BMSZ04,NVSZ02,1,4.138875868967727
PT,JESZ05,BKSZ05,1,3.4432452306580053
PT,DTSZ03,BLSZ02,1,17.09452701737669
VH,BDSZ03,TMSZ04,1,4.618001435038769
WK,SRSZ01,MUSZ01,1,1.2329661581731022
PT,PRSZ05,DTSZ01,1,13.862695353092404
PT,OTSZ03,MUSZ01,1,2.1059288149283146
PT,JESZ01,QTSZ10,1,7.140748544089447
WK,HGSZ04,HGSZ01,1,0.7566664343295557
PT,NTSZ03,PGSZ05,1,13.080180370058734
VH,WDSZ02,YSSZ09,1,4.494710631795676
PT,NVSZ02,BSSZ03,1,3.75325190070528
PT,BSSZ01,TNSZ04,1,5.250592624280305
WK,CLSZ06,CLSZ06,1,0.0
PT,PRSZ03,QTSZ08,1,19.27386232217561
PT,HGSZ07,BSSZ02,1,4.645218190479022
VH,AMSZ12,YSSZ04,1,4.258597071684371
VH,CKSZ04,DTSZ11,1,17.1140777806661
WK,DTSZ11,DTSZ11,1,0.0
PT,JESZ03,JESZ05,1,0.6185017999780152
PT,GLSZ02,TPSZ06,1,3.136688062289054
VH,MPSZ03,KLSZ05,1,3.5293061098095544
PT,JWSZ03,BKSZ07,1,3.2683911793606897
PT,GLSZ03,BSSZ01,1,7.798564319431029
VH,KLSZ05,PGSZ04,1,11.180393992702639
PT,BDSZ05,BDSZ04,1,2.45621100070819
PT,BPSZ02,BPSZ05,1,1.1435975036682837
PT,CLSZ04,TSSZ05,1,14.961834286891209
PT,QTSZ10,TSSZ03,1,14.488217276180526
PT,SGSZ03,BSSZ02,1,3.871226046741279
PT,DTSZ05,BPSZ05,1,13.925965731011926
PT,TPSZ06,SBSZ06,1,13.774016458604951
PT,DTSZ05,BLSZ02,1,16.329758261300302
PT,BMSZ01,SESZ02,1,16.675826111494086
PT,DTSZ10,AMSZ01,1,11.019789637157205
PT,ORSZ03,CLSZ08,1,8.434545488188869
WK,ORSZ03,ORSZ03,1,0.0
VH,GLSZ05,BMSZ01,1,10.840221384681632
PT,BDSZ01,CHSZ03,1,10.248710691630993
VH,JWSZ03,JESZ05,1,3.042266158318978
VH,OTSZ03,PGSZ03,1,14.878613292571828
WK,TPSZ09,TPSZ09,1,0.0
WK,BPSZ01,BPSZ01,1,0.0
WK,SESZ03,SESZ02,1,0.9264025278629129
PT,DTSZ05,BTSZ05,1,7.268507621429273
PT,AMSZ10,QTSZ02,1,10.322567483621627
VH,TMSZ01,WCSZ01,1,27.768712464737035
PT,PGSZ04,SESZ04,1,2.452440718515079
VH,BDSZ07,BDSZ03,1,2.393711987511306
PT,AMSZ07,BTSZ01,1,7.75171919297178
PT,QTSZ12,BKSZ06,1,8.910498666421525
PT,SESZ02,PGSZ04,1,1.052549878649884
PT,DTSZ10,BMSZ13,1,3.874623566219176
PT,NTSZ03,AMSZ04,1,6.078936497651791
PT,SRSZ03,DTSZ12,1,1.233940336672609
VH,TPSZ02,DTSZ03,1,4.785765176001042
PT,MUSZ01,QTSZ05,1,4.117127913434588
VH,SGSZ04,HGSZ03,1,3.733068176976207
PT,ORSZ03,BMSZ13,1,4.308722193908999
VH,BDSZ06,BDSZ04,1,1.3781452505148277
PT,KLSZ08,PGSZ02,1,11.295907870658041
WK,SESZ06,SESZ06,1,0.0
VH,BMSZ12,BMSZ01,1,1.6055679226966604
PT,GLSZ05,BDSZ01,1,2.4185346663004776
PT,DTSZ01,OTSZ03,1,2.5354518837554263
PT,WDSZ05,WDSZ03,1,2.9195549289936507
PT,BDSZ07,GLSZ04,1,4.915805109093144
VH,BMSZ13,BMSZ06,1,2.150286800872923
WK,DTSZ01,DTSZ02,1,0.8112413736091982
PT,QTSZ08,BKSZ04,1,7.594521267380253
PT,TMSZ04,OTSZ03,1,13.997755362790137
VH,AMSZ08,YSSZ09,1,4.938586956323449
VH,PNSZ02,CLSZ06,1,10.484288176468736
PT,BDSZ04,BDSZ01,1,2.996661839518554
VH,SESZ02,PRSZ03,1,5.075728226075026
PT,MUSZ03,ORSZ03,1,1.2844187519471462
PT,TMSZ04,TMSZ04,1,0.0
PT,BDSZ04,BDSZ06,1,1.3781452505148277
WK,YSSZ03,YSSZ04,1,1.4331729019073896
PT,SISZ01,JESZ05,1,13.397299874225073
PT,SESZ03,BDSZ03,1,7.689156546965188
PT,AMSZ01,AMSZ04,1,0.844896845964263
VH,SESZ02,SESZ05,1,1.6988216292060225
WK,DTSZ05,DTSZ05,1,0.0
PT,PRSZ03,TMSZ01,1,1.1835093370759322
VH,MPSZ03,BTSZ01,1,15.615424308426128
VH,PRSZ03,BDSZ06,1,5.64142487721362
VH,YSSZ09,YSSZ09,1,0.0
PT,CKSZ05,JESZ05,1,6.61088102296615
PT,BMSZ15,OTSZ03,1,2.2224647217834725
VH,HGSZ05,SESZ02,1,2.722568976450663
PT,CLSZ08,DTSZ02,1,10.075927568561129
WK,YSSZ03,YSSZ03,1,0.0
PT,QTSZ08,BTSZ01,1,4.915196479200296
PT,CKSZ03,YSSZ08,1,9.723723749406224
WK,BDSZ04,BDSZ04,1,0.0
PT,SBSZ03,SBSZ05,1,1.1325109350819553
PT,PRSZ02,DTSZ02,1,13.639512360190231
PT,WDSZ01,YSSZ09,1,5.231840309959529
WK,BKSZ09,BKSZ07,1,1.1548323650255352
PT,GLSZ02,JESZ07,1,17.408721284301325
VH,WDSZ03,WDSZ02,1,1.1650477156252987
PT,PGSZ04,BTSZ01,1,16.766427517354458
PT,SGSZ06,SESZ03,1,5.308120913505455
PT,PRSZ08,MUSZ03,1,14.764906842420547
WK,TMSZ02,TMSZ02,1,0.0
WK,KLSZ01,KLSZ01,1,0.0
PT,OTSZ03,CKSZ06,1,17.13078426751983
PT,BDSZ08,BTSZ03,1,18.389285925209016
PT,DTSZ03,BSSZ01,1,7.928650982445564
PT,KLSZ09,DTSZ12,1,2.025641575111107
VH,HGSZ05,DTSZ01,1,9.536012579182318
PT,BTSZ01,BSSZ02,1,8.355038635512466
VH,BMSZ04,BMSZ15,1,1.1388794453076865
PT,DTSZ06,SBSZ02,1,17.59118760289606
PT,BKSZ02,CKSZ03,1,2.479602875438062
WK,BMSZ14,BMSZ14,1,0.0
WK,TMSZ03,BDSZ04,1,2.01283224519501
WK,DTSZ05,DTSZ05,1,0.0
WK,QTSZ01,QTSZ08,1,1.4672733500642554
PT,BDSZ04,MPSZ01,1,5.913667139001732
WK,KLSZ09,KLSZ09,1,0.0
PT,DTSZ02,GLSZ05,1,5.714035671914394
VH,OTSZ03,CHSZ03,1,19.022195550719072
WK,BDSZ04,BDSZ04,1,0.0
PT,CKSZ05,BMSZ07,1,13.608138306258239
PT,OTSZ03,RCSZ01,1,3.3791265389519403
WK,BTSZ01,BTSZ01,1,0.0
PT,DTSZ05,BTSZ08,1,6.290454840389201
PT,TSSZ03,JWSZ08,1,5.239296588024382
VH,KLSZ06,CHSZ03,1,16.282614747294446
PT,JESZ06,JWSZ09,1,5.337723751641993
PT,WCSZ01,ORSZ03,1,18.876860330116124
PT,GLSZ03,TMSZ05,1,8.061120277636114
PT,GLSZ01,BDSZ04,1,6.679438452163554
PT,DTSZ03,CKSZ03,1,16.203005942212027
PT,TMSZ04,PRSZ03,1,3.554865866429268
PT,YSSZ02,YSSZ09,1,1.0963348161770936
VH,BKSZ05,BTSZ08,1,6.294067544838763
PT,SESZ02,PRSZ03,1,5.075728226075026
PT,DTSZ02,TPSZ02,1,4.541306791911997
PT,YSSZ08,TPSZ02,1,9.685062477131137
VH,BSSZ03,TPSZ06,1,1.5770906007752055
WK,OTSZ03,BMSZ16,1,0.9913655462558489
PT,RCSZ10,SISZ01,1,6.128642882876354
PT,OTSZ04,HGSZ04,1,10.821764583838743
VH,BMSZ07,BMSZ08,1,1.4234487023260933
PT,KLSZ03,MUSZ03,1,3.279544573799949
PT,DTSZ08,SGSZ03,1,10.989056797422394
PT,QTSZ06,OTSZ01,1,4.116952940639219
WK,QTSZ08,QTSZ08,1,0.0
PT,AMSZ10,OTSZ03,1,11.747008106997399
PT,ORSZ02,GLSZ05,1,7.424291986439421
PT,DTSZ09,BTSZ01,1,10.760301435339189
PT,SGSZ04,TPSZ01,1,3.751475524831655
PT,NVSZ01,QTSZ13,1,8.996917547830018
PT,OTSZ04,CKSZ03,1,15.713259308630287
PT,TMSZ02,TMSZ03,1,1.8211342041293208
VH,BDSZ05,QTSZ08,1,14.496177661897205
PT,AMSZ06,BTSZ08,1,7.371675293409246
PT,TSSZ03,QTSZ10,1,14.488217276180526
PT,TMSZ04,QTSZ12,1,18.979663033673546
VH,SESZ02,HGSZ06,1,3.852923087151795
PT,TSSZ06,JWSZ02,1,13.925445033009058
PT,MUSZ01,PRSZ04,1,15.171366069409041
PT,SBSZ04,YSSZ09,1,3.341235021895382
PT,CLSZ04,CKSZ06,1,9.428166280840328
VH,BTSZ01,BKSZ07,1,2.606142587234807
WK,BTSZ01,BTSZ01,1,0.0
PT,KLSZ08,HGSZ05,1,7.656374500822711
WK,DTSZ01,DTSZ01,1,0.0
VH,DTSZ03,BSSZ01,1,7.928650982445564
VH,BDSZ01,GLSZ02,1,2.8577131942906107
WK,BPSZ01,BPSZ03,1,1.1920001600727563
PT,PGSZ01,PGSZ03,1,1.8499062526624934
WK,SESZ03,SESZ05,1,1.1358929114864125
WK,JESZ05,JESZ05,1,0.0
PT,TMSZ02,TPSZ12,1,7.912519061822541
PT,YSSZ09,YSSZ02,1,1.0963348161770936
PT,HGSZ05,SESZ03,1,2.1554431220959747
WK,AMSZ01,AMSZ01,1,0.0
WK,YSSZ03,YSSZ03,1,0.0
WK,CKSZ01,CKSZ03,1,0.8899078021080913
PT,SESZ04,PGSZ04,1,2.452440718515079
PT,AMSZ10,AMSZ01,1,1.4257238620318051
PT,MUSZ03,KLSZ06,1,1.9471981185063185
PT,QTSZ09,BDSZ05,1,15.92894634390073
PT,GLSZ04,GLSZ05,1,1.665730792673618
PT,DTSZ02,PGSZ04,1,13.079437973592698
PT,JESZ02,JWSZ02,1,3.1372441265674205
PT,HGSZ06,HGSZ03,1,2.378687695701491
PT,SBSZ09,SBSZ09,1,0.0
PT,PRSZ03,QTSZ08,1,19.27386232217561
PT,GLSZ02,GLSZ02,1,0.0
PT,BMSZ01,QTSZ13,1,4.225036007776358
PT,JESZ08,BDSZ04,1,21.509095873206025
VH,PRSZ03,PRSZ05,1,1.3236940820239511
PT,BDSZ04,MPSZ01,1,5.913667139001732
PT,HGSZ04,HGSZ02,1,1.4399878214299235
PT,JESZ05,MSSZ01,1,14.86566094757102
VH,TPSZ12,TPSZ12,1,0.0
PT,BMSZ01,BMSZ16,1,2.618652417920164
PT,SBSZ01,TSSZ05,1,27.372648484795622
PT,WDSZ02,WDSZ02,1,0.0
PT,PRSZ05,PRSZ03,1,1.3236940820239511
PT,GLSZ04,TPSZ12,1,2.466515187466827
PT,JWSZ03,CLSZ09,1,5.953077846503401
PT,QTSZ09,CLSZ05,1,2.515561157881514
PT,TPSZ12,BDSZ04,1,6.008409095329712
WK,QTSZ08,QTSZ08,1,0.0
PT,CLSZ08,BMSZ01,1,6.759356965398289
PT,GLSZ04,NVSZ01,1,3.816561496251072
VH,TPSZ02,TMSZ02,1,11.947843505570926
VH,AMSZ09,DTSZ09,1,11.737447934543509
WK,SESZ06,SESZ04,1,1.4130001556698468
PT,BKSZ06,TSSZ05,1,13.14971927055757
WK,AMSZ06,AMSZ01,1,0.8041193925714387
PT,TNSZ04,QTSZ15,1,5.920251950483428
PT,KLSZ05,NVSZ02,1,4.138465746298275
VH,SESZ03,DTSZ12,1,12.800722050704072
PT,GLSZ05,ORSZ02,1,7.424291986439421
PT,JWSZ09,WCSZ01,1,4.867229736806335
PT,BMSZ05,JESZ05,1,11.821150932548642
WK,CKSZ03,CKSZ02,1,1.0663075799099802
PT,DTSZ01,NVSZ02,1,2.5273499188078206
PT,SBSZ01,PGSZ04,1,10.639902030018249
PT,QTSZ09,QTSZ05,1,3.7875916639979152
PT,YSSZ02,SBSZ01,1,1.276318753395555
PT,BSSZ01,WDSZ04,1,9.057514757103265
PT,YSSZ09,WDSZ06,1,6.193876820696181
PT,NVSZ02,WDSZ03,1,14.476577536121003
PT,YSSZ09,JESZ05,1,14.670956311843588
VH,HGSZ01,SESZ02,1,2.499722872975983
WK,BPSZ05,BPSZ05,1,0.0
PT,TPSZ06,KLSZ07,1,2.7273307036496455
PT,CKSZ06,NVSZ02,1,14.017864654757709
PT,DTSZ05,KLSZ06,1,3.1464977143170367
WK,PRSZ03,PRSZ03,1,0.0
WK,BKSZ02,BKSZ02,1,0.0
PT,MUSZ03,KLSZ06,1,1.9471981185063185
VH,TPSZ02,WDSZ04,1,12.229871832047714
WK,CKSZ03,CKSZ03,1,0.0
PT,ORSZ02,AMSZ01,1,7.659554160451921
PT,DTSZ08,MPSZ03,1,7.059406378997142
VH,TMSZ02,TMSZ04,1,1.5608180588962757
PT,TMSZ04,BDSZ06,1,2.3820541097862336
PT,AMSZ02,KLSZ06,1,6.905065669497024
PT,ORSZ02,BPSZ05,1,10.767083021711537
PT,DTSZ03,BSSZ02,1,7.143537778764801
WK,CKSZ05,CKSZ06,1,0.9298087042092337
PT,QTSZ11,WDSZ03,1,16.394944345426502
WK,BTSZ01,BTSZ01,1,0.0
VH,CLSZ03,CLSZ06,1,1.2996250777165392
VH,CLSZ06,CLSZ02,1,1.698341942088379
PT,HGSZ08,WDSZ03,1,14.430138214802039
PT,PRSZ04,TMSZ05,1,5.859643841237085
PT,BMSZ01,GLSZ04,1,9.293557182876528
PT,GLSZ03,BDSZ02,1,3.505008869857587
PT,WCSZ01,JWSZ09,1,4.867229736806335
VH,BPSZ03,QTSZ11,1,9.891636796214353
WK,GLSZ05,GLSZ04,1,1.665730792673618
PT,SGSZ06,HGSZ03,1,3.9977414846674506
VH,TMSZ03,WDSZ03,1,18.117945486605013
PT,SESZ06,SESZ03,1,2.3877316708630167
PT,QTSZ14,QTSZ14,1,0.0
PT,DTSZ05,HGSZ05,1,11.339750260722443
PT,TMSZ02,TPSZ06,1,10.481968959253626
PT,SBSZ01,YSSZ01,1,2.414191577362601
VH,HGSZ04,HGSZ05,1,0.9713078128166454
VH,QTSZ12,JWSZ09,1,11.773430500967176
WK,BPSZ05,BPSZ05,1,0.0
WK,MPSZ03,MPSZ03,1,0.0
WK,TMSZ02,TMSZ02,1,0.0
PT,DTSZ09,AMSZ02,1,10.805696849153358
PT,BMSZ06,BMSZ13,1,2.150286800872923
PT,CLSZ06,JWSZ09,1,7.463842493640451
VH,BMSZ17,SISZ01,1,1.9055468710388708
PT,SESZ05,HGSZ08,1,4.581024177781134
PT,MUSZ01,QTSZ10,1,7.317135244704958
PT,OTSZ04,KLSZ03,1,4.413829259538213
VH,HGSZ03,TPSZ11,1,5.467840669638804
VH,ORSZ02,WDSZ02,1,15.637615232306695
PT,QTSZ08,BMSZ09,1,4.478012979924775
WK,TMSZ02,TMSZ02,1,0.0
VH,SGSZ06,TPSZ06,1,2.179224657320884
WK,BMSZ13,BMSZ13,1,0.0
PT,RCSZ01,AMSZ06,1,7.284362842077343
PT,JESZ05,GLSZ05,1,17.397775809361594
VH,SGSZ02,BTSZ01,1,11.143434076716604
PT,TPSZ03,BDSZ03,1,7.544299482359554
VH,TMSZ04,TMSZ04,1,0.0
PT,SGSZ06,BMSZ05,1,9.00275952519408
PT,BMSZ02,BMSZ01,1,1.581085550684683
PT,BDSZ01,RCSZ09,1,7.477315615247277
PT,DTSZ01,DTSZ01,1,0.0
PT,AMSZ07,YSSZ09,1,6.274110531581218
PT,RCSZ01,KLSZ08,1,1.58143894245887
PT,HGSZ05,DTSZ03,1,10.209061984517064
PT,JESZ05,BDSZ04,1,21.49468574123992
PT,TMSZ04,NVSZ01,1,11.565714256539229
VH,BDSZ05,BDSZ03,1,1.2367687855374871
PT,DTSZ08,PRSZ05,1,15.864350421440967
PT,QTSZ07,TPSZ03,1,8.075941229769887
PT,PGSZ03,KLSZ05,1,11.593336429175471
PT,CKSZ04,DTSZ09,1,16.5676571735567
PT,DTSZ08,BDSZ04,1,11.271097145894494
PT,GLSZ03,PGSZ03,1,8.126457115657718
PT,YSSZ09,BSSZ01,1,8.170977815592874
PT,CLSZ04,BKSZ05,1,4.194477458379191
PT,YSSZ02,YSSZ09,1,1.0963348161770936
PT,TMSZ02,TMSZ03,1,1.8211342041293208
PT,GLSZ02,KLSZ02,1,1.7798174330711065
WK,BPSZ02,BPSZ02,1,0.0
PT,DTSZ11,BTSZ08,1,6.970518407379505
PT,RVSZ03,MUSZ01,1,1.240305476933355
PT,CLSZ09,JWSZ03,1,5.953077846503401
VH,AMSZ03,BSSZ01,1,2.6995044229110725
PT,OTSZ03,BMSZ04,1,1.9278935544172855
PT,SGSZ04,BSSZ01,1,3.8631900924518154
PT,GLSZ03,JWSZ03,1,19.639972186166997
PT,TPSZ06,TPSZ01,1,1.900206871642527
WK,DTSZ08,OTSZ03,1,0.5933682078899496
PT,GLSZ03,TMSZ02,1,6.673217167241603
PT,TPSZ02,ORSZ02,1,3.3789850370029795
PT,TMSZ05,CKSZ06,1,25.8352116825868
WK,SESZ04,SESZ04,1,0.0
VH,MUSZ03,QTSZ11,1,8.095636566130052
PT,QTSZ08,TPSZ02,1,7.204328510366785
PT,BDSZ06,MPSZ03,1,4.603267741098764
PT,BMSZ14,AMSZ01,1,11.003397270593155
PT,WCSZ01,QTSZ08,1,14.628370285264664
WK,QTSZ11,QTSZ11,1,0.0
PT,GLSZ05,BSSZ03,1,6.2265683692297955
PT,JESZ08,QTSZ11,1,4.2694330119524295
PT,MUSZ01,TPSZ06,1,4.47490114676916
VH,JESZ02,JESZ01,1,1.0589239214789605
VH,DTSZ11,JWSZ08,1,19.11467157476314
WK,TMSZ02,TMSZ03,1,1.8211342041293208
PT,BMSZ01,BMSZ13,1,1.0293958177027167
PT,SGSZ07,KLSZ03,1,3.5622141661343756
PT,TPSZ02,TPSZ06,1,1.4767044789646766
PT,AMSZ04,DTSZ05,1,9.081741127966499
PT,BMSZ04,HGSZ06,1,10.621276875236687
PT,CKSZ03,CKSZ04,1,1.1832660105867163
VH,SGSZ04,KLSZ06,1,5.832990797014634
PT,PGSZ03,SESZ03,1,1.2362134622897991
PT,TMSZ05,PGSZ03,1,11.439882156791562
PT,SESZ04,SESZ04,1,0.0
PT,NTSZ03,SGSZ07,1,5.7796805450539175
PT,MUSZ01,DTSZ05,1,1.8027263368672652
VH,JWSZ08,BKSZ05,1,7.772856988410621
VH,CKSZ01,BPSZ05,1,1.4108989462238801
VH,KLSZ06,NVSZ01,1,1.8640868453461785
VH,SBSZ03,SBSZ09,1,1.3863502500080958
VH,JESZ03,JWSZ03,1,3.1067249608516656
VH,BSSZ01,TPSZ02,1,3.1724755752781033
VH,TMSZ02,SGSZ04,1,9.446340615212689
WK,WDSZ03,WDSZ03,1,0.0
PT,AMSZ06,KLSZ07,1,6.75064806890356
PT,HGSZ06,HGSZ07,1,0.9450377036360438
PT,HGSZ01,MUSZ01,1,9.40655801492176
PT,BDSZ04,OTSZ03,1,11.697349354766779
PT,CKSZ05,CKSZ02,1,1.8836892903230111
PT,BMSZ08,BTSZ03,1,6.187224761880725
PT,MUSZ03,SGSZ07,1,6.381758861702335
PT,YSSZ01,YSSZ05,1,2.181737820747567
PT,HGSZ05,YSSZ03,1,6.488859745885551
VH,WDSZ03,WDSZ03,1,0.0
PT,BPSZ02,BTSZ07,1,8.42164706102097
WK,WDSZ03,WDSZ03,1,0.0
PT,JESZ05,BKSZ07,1,1.8651432569207955
PT,KLSZ07,SRSZ01,1,2.895107478024157
VH,CHSZ03,WDSZ02,1,25.46180187896978
PT,YSSZ02,BKSZ04,1,13.114749613526477
PT,CHSZ02,CHSZ02,1,0.0
VH,DTSZ08,SESZ02,1,13.630146882385684
PT,AMSZ01,NTSZ03,1,6.864485419327147
PT,ORSZ03,JESZ05,1,11.27807073052803
PT,SESZ04,HGSZ02,1,2.9359187963327877
PT,JESZ08,JESZ05,1,2.029575303902238
PT,BDSZ04,BKSZ08,1,19.949417462033285
PT,BKSZ02,JWSZ08,1,6.2406664411798305
PT,JESZ05,CLSZ07,1,4.30410564920362
PT,BMSZ16,KLSZ05,1,5.243931482413586
VH,BMSZ04,BMSZ10,1,0.5071977130988468
VH,QTSZ08,JWSZ09,1,10.935246479643997
WK,TPSZ06,TPSZ02,1,1.4767044789646766
WK,YSSZ09,YSSZ09,1,0.0
PT,CKSZ06,TSSZ02,1,14.704592344890216
PT,KLSZ06,JESZ05,1,13.181990395299442
PT,SESZ06,SGSZ03,1,2.3376479140642736
PT,WDSZ01,WDSZ03,1,1.9549224562619225
VH,PGSZ05,DTSZ11,1,15.588057467208834
VH,CKSZ06,BTSZ01,1,7.460364019032053
PT,SBSZ03,SGSZ02,1,9.521418635686246
VH,BSSZ02,TPSZ02,1,2.4181083072539438
PT,JWSZ03,QTSZ10,1,8.273861975869005
PT,TMSZ02,TMSZ02,1,0.0
PT,YSSZ09,YSSZ09,1,0.0
PT,DTSZ01,BTSZ07,1,6.86441064073722
PT,TSSZ05,WDSZ02,1,23.386079083941432
PT,YSSZ03,JWSZ09,1,18.794562642739166
WK,JWSZ08,JWSZ08,1,0.0
VH,BPSZ01,TSSZ05,1,16.995563672928547
PT,PGSZ05,QTSZ06,1,17.243108343100268
PT,AMSZ04,SGSZ06,1,2.8672758218120213
WK,HGSZ08,HGSZ08,1,0.0
PT,DTSZ03,HGSZ07,1,7.819107312208014
PT,BMSZ03,BMSZ02,1,0.6449259051306504
VH,BKSZ09,BTSZ01,1,1.5341841176833413
PT,CKSZ06,QTSZ14,1,14.638464660641585
PT,PGSZ05,NTSZ03,1,13.080180370058734
PT,BMSZ10,BMSZ01,1,2.599509220363546
PT,SESZ03,BMSZ06,1,14.000522639580929
VH,WDSZ02,WDSZ03,1,1.1650477156252987
PT,QTSZ12,QTSZ05,1,2.1974497078735005
VH,KLSZ07,AMSZ02,1,6.574889365519548
PT,TSSZ03,BMSZ10,1,20.58545382816465
PT,BKSZ05,BMSZ12,1,9.55455977886913
VH,GLSZ05,BDSZ05,1,2.4661511449633133
PT,TPSZ09,DTSZ01,1,3.9190787255396873
PT,MUSZ01,DTSZ09,1,2.554821346683202
PT,HGSZ07,PRSZ03,1,7.025586781073316
PT,BDSZ04,BDSZ03,1,2.353398647735378
WK,CKSZ04,CKSZ03,1,1.1832660105867163
PT,WCSZ01,BSSZ01,1,16.07808518329429
VH,BMSZ14,BMSZ08,1,1.0887215762005331
PT,TPSZ02,QTSZ04,1,6.494413439240801
WK,KLSZ07,KLSZ06,1,1.0333149912560546
VH,AMSZ09,SESZ04,1,5.654440760748761
VH,BPSZ05,BPSZ01,1,1.2990930537372278
PT,WDSZ03,DTSZ05,1,18.34652970388401
PT,ORSZ03,BMSZ04,1,2.327970914678802
PT,YSSZ09,TPSZ06,1,10.930364173849584
PT,DTSZ05,NVSZ02,1,3.8804120572691936
PT,PRSZ03,RCSZ10,1,13.274872873534077
VH,BPSZ05,BPSZ06,1,1.0550210048584956
PT,SGSZ04,SGSZ06,1,1.2504688104488453
PT,TMSZ02,TMSZ04,1,1.5608180588962757
PT,JESZ05,SESZ06,1,16.39969955080911
PT,SRSZ01,DTSZ03,1,2.5187083177959098
PT,DTSZ08,WDSZ05,1,18.483834169313127
PT,WCSZ01,WCSZ01,1,0.0
PT,BMSZ17,BMSZ07,1,3.9046625287544408
PT,ORSZ03,PGSZ05,1,13.964745533167033
VH,BDSZ01,CHSZ03,1,10.248710691630993
PT,WCSZ01,NVSZ01,1,19.007981054283036
PT,PRSZ05,GLSZ05,1,8.911730183281312
WK,BDSZ01,BDSZ01,1,0.0
VH,BKSZ05,CKSZ03,1,3.7324497524941984
PT,DTSZ05,BDSZ04,1,10.783708417296742
PT,HGSZ02,BSSZ01,1,7.4496670702867185
VH,BPSZ04,BPSZ05,1,0.9043775472896666
PT,NTSZ03,BPSZ02,1,11.55512898661966
WK,AMSZ06,AMSZ06,1,0.0
PT,PRSZ02,BDSZ01,1,5.91005420235338
VH,PGSZ04,BDSZ03,1,7.789495211524726
VH,JWSZ09,JWSZ08,1,0.9403575284652649
VH,BKSZ09,BTSZ01,1,1.5341841176833413
VH,BPSZ05,BPSZ05,1,0.0
WK,JESZ05,JESZ04,1,1.2166469919796177
PT,CKSZ04,HGSZ04,1,16.381352093714302
WK,AMSZ01,AMSZ01,1,0.0
VH,SESZ06,SESZ06,1,0.0
PT,BKSZ02,JWSZ08,1,6.2406664411798305
WK,SGSZ03,HGSZ04,1,1.392533316707768
PT,RCSZ10,BPSZ01,1,14.074808576040718
PT,YSSZ03,ORSZ02,1,13.713540247968318
VH,PRSZ02,NVSZ02,1,12.776079835727629
VH,SBSZ04,SBSZ08,1,1.56521377449616
PT,JWSZ08,JWSZ06,1,1.4888502064132552
PT,PRSZ02,TMSZ04,1,4.57403783107831
VH,PGSZ04,KLSZ02,1,9.317968932150439
PT,TMSZ01,TMSZ02,1,1.8880896152958335
PT,QTSZ01,SESZ03,1,15.184806872974185
PT,OTSZ03,TMSZ02,1,14.542266359955034
WK,KLSZ05,MPSZ01,1,1.7117307284275893
PT,MUSZ03,NVSZ02,1,2.4901271415123425
PT,OTSZ03,TMSZ04,1,13.997755362790137
WK,CLSZ06,CLSZ06,1,0.0
VH,PGSZ02,PGSZ04,1,1.915966749166938
VH,JESZ01,JESZ03,1,1.895288523891181
PT,CKSZ02,NTSZ03,1,12.465423192929023
PT,CLSZ06,CKSZ04,1,7.959117338545378
VH,SESZ02,TMSZ01,1,4.465845657973665
VH,WCSZ01,BKSZ03,1,6.535441458966325
WK,TMSZ02,TMSZ02,1,0.0
WK,AMSZ03,AMSZ03,1,0.0
PT,WCSZ01,CKSZ03,1,6.445375910278424
VH,WDSZ03,SESZ03,1,11.991907047532804
PT,CKSZ06,CKSZ06,1,0.0
PT,NVSZ01,RCSZ09,1,2.6141635295055043
VH,GLSZ04,GLSZ04,1,0.0
PT,CKSZ04,SRSZ03,1,15.904639079136802
PT,GLSZ03,PGSZ03,1,8.126457115657718
PT,DTSZ08,SBSZ03,1,18.968379369180727
VH,BPSZ02,DTSZ03,1,14.766468190740026
PT,RVSZ05,DTSZ02,1,1.750265884552552
WK,TMSZ02,TMSZ03,1,1.8211342041293208
PT,KLSZ07,CLSZ06,1,9.698252306570156
PT,BMSZ01,QTSZ14,1,2.3310314719625698
VH,BSSZ01,TMSZ04,1,13.662181027889115
PT,WDSZ04,SKSZ01,1,3.875658289774614
PT,AMSZ06,DTSZ03,1,9.34657006766964
PT,CLSZ04,DTSZ05,1,10.094342046911331
PT,BDSZ01,BDSZ01,1,0.0
VH,TPSZ05,TPSZ02,1,1.538114178814763
PT,KLSZ09,SRSZ02,1,2.4748904497272086
PT,YSSZ09,DTSZ09,1,17.342471082879943
PT,TMSZ02,PRSZ08,1,1.7629920239944799
VH,DTSZ02,HGSZ06,1,8.414424516469229
PT,BPSZ03,ORSZ02,1,11.162018247306616
PT,TPSZ04,NVSZ02,1,2.26468802733303
PT,KLSZ01,DTSZ05,1,4.445749706165954
PT,WDSZ05,JWSZ08,1,13.238685124551157
PT,TMSZ02,JESZ05,1,23.304310785649946
PT,CKSZ04,CLSZ09,1,8.119124023772914
PT,GLSZ02,GLSZ05,1,1.8655612787038267
PT,BDSZ06,TMSZ02,1,3.7427675516641705
PT,BKSZ04,SBSZ08,1,13.243400608549852
WK,BPSZ03,BPSZ03,1,0.0
PT,WDSZ04,YSSZ01,1,4.877653890395635
PT,BKSZ07,QTSZ11,1,6.47420233355883
WK,NVSZ01,NVSZ01,1,0.0
PT,SESZ03,AMSZ01,1,6.030898896125365
PT,SGSZ07,HGSZ09,1,2.159383443705748
PT,CLSZ06,CLSZ07,1,1.060316654864546
PT,QTSZ10,JESZ01,1,7.140748544089447
PT,TMSZ04,TMSZ04,1,0.0
VH,SGSZ02,HGSZ05,1,1.9782563954446948
PT,AMSZ01,SGSZ04,1,2.472488583151166
PT,WDSZ05,WDSZ02,1,1.8640784453476875
PT,BPSZ05,CKSZ06,1,3.42217921110281
PT,CHSZ03,AMSZ03,1,16.26896451478921
VH,WDSZ01,WDSZ04,1,1.4487914875070382
PT,AMSZ01,AMSZ04,1,0.844896845964263
PT,DTSZ09,ORSZ02,1,3.5973237139691916
PT,DTSZ08,BDSZ02,1,10.98985148004655
VH,YSSZ03,ORSZ03,1,14.124994393607942
VH,NVSZ02,NVSZ02,1,0.0
WK,WDSZ06,WDSZ06,1,0.0
VH,SGSZ07,TMSZ05,1,10.411811425807437
VH,DTSZ08,HGSZ03,1,12.126539078811113
PT,CKSZ04,CKSZ05,1,1.7027735496811247
VH,KLSZ06,NVSZ01,1,1.8640868453461785
WK,QTSZ08,QTSZ08,1,0.0
PT,SGSZ07,KLSZ09,1,5.300484082225891
PT,BDSZ06,PRSZ04,1,6.611559120924702
WK,QTSZ05,QTSZ06,1,0.6905306215092566
PT,BKSZ07,JESZ10,1,5.034127772843234
VH,TMSZ01,GLSZ04,1,8.436408384775138
PT,AMSZ01,YSSZ04,1,5.178077258460335
VH,BMSZ05,GLSZ05,1,8.202271023535168
PT,PNSZ02,CKSZ03,1,11.691546917103071
PT,SESZ04,NVSZ02,1,9.974741145424334
VH,BDSZ04,DTSZ11,1,11.110192911324528
PT,CLSZ07,AMSZ01,1,11.597356738572895
VH,BDSZ06,DTSZ11,1,11.437537142795163
PT,SGSZ04,SGSZ04,1,0.0
PT,BMSZ01,HGSZ06,1,12.860578761404359
WK,DTSZ02,DTSZ02,1,0.0
PT,PGSZ05,BDSZ03,1,8.50016530912628
WK,QTSZ08,QTSZ08,1,0.0
VH,YSSZ03,YSSZ09,1,1.7688742052165112
PT,BDSZ06,BDSZ06,1,0.0
PT,BMSZ11,GLSZ05,1,8.982624709473173
PT,CKSZ03,JESZ05,1,5.797495543303256
VH,PGSZ04,PGSZ05,1,0.8229474483573144
PT,AMSZ04,AMSZ10,1,2.262068944931949
VH,TPSZ04,TPSZ04,1,0.0
PT,CLSZ06,CLSZ06,1,0.0
PT,HGSZ07,AMSZ02,1,4.022337481298682
PT,DTSZ05,KLSZ01,1,4.445749706165954
WK,GLSZ05,GLSZ05,1,0.0
PT,SBSZ03,TMSZ02,1,18.017383400554674
PT,JWSZ02,DTSZ03,1,17.57398557592364
PT,JESZ05,TPSZ06,1,12.893167777357194
PT,ORSZ02,TPSZ02,1,3.3789850370029795
PT,QTSZ11,NVSZ01,1,8.904442299978603
VH,BDSZ04,NVSZ01,1,9.459263596389071
PT,SGSZ04,SGSZ06,1,1.2504688104488453
VH,TPSZ05,TPSZ02,1,1.538114178814763
WK,JWSZ03,JWSZ03,1,0.0
PT,GLSZ01,AMSZ01,1,6.1518177722967
PT,TPSZ04,TPSZ02,1,0.8358827334321068
PT,BKSZ05,WDSZ02,1,9.857233659859162
PT,AMSZ08,SBSZ02,1,6.032538116002713
PT,ORSZ02,YSSZ01,1,13.50341818616615
PT,KLSZ02,QTSZ06,1,8.081897902989013
PT,BMSZ01,DTSZ08,1,4.071765318628708
VH,TPSZ02,TPSZ01,1,0.9338053167884945
PT,PGSZ04,NVSZ02,1,11.460422679778869
PT,MPSZ03,QTSZ02,1,12.554000606589147
PT,CKSZ02,DTSZ08,1,15.670178147715749
WK,JWSZ09,JWSZ09,1,0.0
WK,BSSZ03,BSSZ03,1,0.0
WK,CKSZ03,CKSZ03,1,0.0
WK,HGSZ08,HGSZ08,1,0.0
PT,SESZ05,SESZ03,1,1.1358929114864125
PT,BTSZ01,BPSZ04,1,4.372521017331753
PT,BTSZ03,BKSZ05,1,3.87008978730074
PT,BKSZ07,BMSZ07,1,9.408171994743311
WK,CLSZ06,CLSZ07,1,1.060316654864546
PT,SBSZ03,WDSZ03,1,1.8504157042501537
PT,JESZ03,CLSZ04,1,3.167921570068641
PT,BDSZ03,BSSZ03,1,7.4943489774005805
PT,CHSZ03,TMSZ02,1,5.590892298049903
PT,BPSZ03,BMSZ01,1,13.744456017518864
WK,BSSZ03,BSSZ03,1,0.0
WK,BKSZ07,BKSZ03,1,1.2469115509305144
PT,TMSZ02,QTSZ14,1,19.393775280649596
PT,CKSZ02,CKSZ03,1,1.0663075799099802
PT,YSSZ08,PGSZ01,1,8.681729173963003
PT,GLSZ01,HGSZ03,1,6.091090773931598
WK,WDSZ05,WDSZ05,1,0.0
PT,NVSZ02,SGSZ06,1,4.937617308292101
PT,ORSZ02,NTSZ03,1,0.9617985697822504
WK,HGSZ05,HGSZ05,1,0.0
PT,NVSZ03,TPSZ03,1,2.6024266674549557
PT,WDSZ07,CKSZ03,1,8.068145617092433
PT,DTSZ11,BMSZ09,1,2.8967278905035525
PT,HGSZ06,SESZ03,1,3.7058342234958794
PT,NVSZ01,QTSZ08,1,7.3269209164831715
PT,PRSZ02,DTSZ01,1,12.88984754668166
PT,MPSZ03,HGSZ05,1,9.17457731271351
VH,GLSZ04,BDSZ03,1,3.7432437975351087
PT,BDSZ03,BDSZ04,1,2.353398647735378
VH,SBSZ01,KLSZ07,1,15.024731985855595
PT,BKSZ05,CKSZ03,1,3.7324497524941984
PT,DTSZ11,KLSZ05,1,3.807315044018732
PT,BKSZ07,PRSZ03,1,22.120663395695434
VH,JWSZ02,CKSZ06,1,7.34043209881655
VH,HGSZ06,TPSZ06,1,3.804379878261559
PT,QTSZ08,AMSZ06,1,9.955465240400367
WK,SGSZ04,SGSZ04,1,0.0
PT,SESZ06,MPSZ03,1,10.834705825603377
VH,SGSZ04,GLSZ04,1,5.688914712252517
WK,YSSZ02,YSSZ02,1,0.0
PT,WDSZ01,WDSZ04,1,1.4487914875070382
PT,PGSZ03,OTSZ03,1,14.878613292571828
VH,BTSZ01,AMSZ05,1,8.14813731027708
PT,TMSZ05,JWSZ09,1,29.70513723859258
PT,YSSZ01,SBSZ01,1,2.414191577362601
PT,DTSZ02,OTSZ04,1,1.135053216628933
PT,PNSZ05,BPSZ03,1,15.383402241155636
PT,GLSZ01,AMSZ06,1,6.67191987188665
PT,CLSZ04,BKSZ07,1,3.803388744216083
VH,WDSZ06,NVSZ02,1,15.272973627720415
PT,BDSZ06,TNSZ04,1,14.651450512734659
WK,SESZ06,SESZ06,1,0.0
PT,DTSZ05,DTSZ02,1,0.9984294889783903
WK,YSSZ02,YSSZ03,1,1.4819530444688982
PT,WDSZ09,QTSZ01,1,15.556383792548901
WK,SRSZ02,OTSZ03,1,1.0753460649935547
PT,DTSZ11,TMSZ02,1,14.048301207762186
WK,TMSZ02,TMSZ02,1,0.0
WK,CLSZ06,CLSZ03,1,1.2996250777165392
WK,PRSZ03,PRSZ03,1,0.0
PT,YSSZ04,YSSZ04,1,0.0
PT,GLSZ04,TMSZ02,1,8.737233511326789
PT,SGSZ02,AMSZ01,1,2.007914146707585
PT,WDSZ03,CHSZ03,1,24.474051696288676
WK,HGSZ06,HGSZ07,1,0.9450377036360438
VH,GLSZ04,GLSZ05,1,1.665730792673618
PT,KLSZ09,WDSZ04,1,16.291999011776177
PT,OTSZ01,SBSZ03,1,18.037080258771837
WK,BLSZ02,JWSZ09,1,2.5274428480289526
VH,DTSZ01,JESZ05,1,13.154324003134741
PT,SGSZ03,BMSZ01,1,13.500016631577541
PT,CLSZ06,BTSZ07,1,3.7988892862328365
PT,TNSZ04,SGSZ04,1,8.020569356547174
PT,ORSZ03,AMSZ07,1,8.235686238686693
VH,AMSZ01,AMSZ11,1,2.3270138366005146
PT,BMSZ08,BMSZ04,1,0.59386186624026
PT,PGSZ03,SESZ05,1,2.128007401213484
PT,PGSZ04,PGSZ05,1,0.8229474483573144
PT,BDSZ02,SRSZ01,1,11.307035644365238
PT,JWSZ04,JWSZ09,1,2.2141262582406362
PT,BDSZ05,TMSZ03,1,4.130614942004426
VH,JESZ02,JESZ05,1,0.9177132998918662
PT,DTSZ08,BMSZ06,1,3.5211263088091194
PT,CLSZ06,QTSZ02,1,3.548421671416747
PT,SRSZ01,NTSZ01,1,2.217073694764774
PT,QTSZ11,WDSZ03,1,16.394944345426502
PT,DTSZ05,HGSZ06,1,9.40539866882789
PT,BPSZ04,BTSZ01,1,4.372521017331753
VH,JESZ02,CLSZ04,1,3.9931158149482995
VH,YSSZ09,BDSZ04,1,16.1763210369897
PT,BDSZ02,CHSZ03,1,8.34052314862001
WK,JESZ05,JESZ02,1,0.9177132998918662
PT,JESZ08,JESZ08,1,0.0
VH,BPSZ05,BPSZ03,1,1.1253728669166327
VH,BSSZ03,BSSZ03,1,0.0
PT,BSSZ03,BSSZ02,1,1.034011091901759
VH,BDSZ04,SGSZ06,1,7.65814359492801
WK,CLSZ06,CLSZ06,1,0.0
VH,JWSZ08,JWSZ09,1,0.9403575284652649
VH,BMSZ04,NVSZ02,1,4.138875868967727
PT,DTSZ11,PGSZ03,1,14.969046905053865
VH,YSSZ03,AMSZ10,1,4.7060653668352295
VH,DTSZ02,HGSZ06,1,8.414424516469229
WK,DTSZ03,DTSZ03,1,0.0
WK,SBSZ01,SBSZ01,1,0.0
PT,JESZ05,BPSZ04,1,6.024041207689825
PT,TMSZ04,HGSZ04,1,8.409170117023162
PT,JWSZ02,JESZ05,1,3.7811687919837493
PT,QTSZ11,SESZ06,1,15.650544559757996
PT,QTSZ08,BDSZ02,1,15.737839109088444
PT,BDSZ08,GLSZ02,1,7.212484465222018
PT,WCSZ01,JWSZ09,1,4.867229736806335
PT,CKSZ03,BKSZ04,1,3.3561790420390674
VH,TPSZ09,SGSZ06,1,2.204579948905714
PT,TMSZ02,TMSZ02,1,0.0
PT,BMSZ17,CLSZ07,1,8.751104003795305
VH,QTSZ08,QTSZ11,1,1.627500290675238
VH,KLSZ01,TPSZ03,1,2.452561666995805
VH,PRSZ03,PRSZ03,1,0.0
PT,BMSZ01,PGSZ02,1,18.417452298330602
PT,JWSZ09,BLSZ02,1,2.5274428480289526
PT,BKSZ08,QTSZ10,1,5.596921610097811
PT,QTSZ01,QTSZ14,1,3.790223583573153
PT,JESZ05,JESZ01,1,1.951247590558303
PT,BMSZ15,GLSZ03,1,10.110042537636245
PT,BDSZ01,SGSZ02,1,6.6187517880468025
PT,BMSZ03,DTSZ08,1,3.66311421329133
PT,TMSZ02,TMSZ04,1,1.5608180588962757
PT,SBSZ09,AMSZ04,1,10.806198484765382
PT,DTSZ02,AMSZ02,1,8.927216161077165
PT,AMSZ01,SBSZ03,1,8.798185881569493
PT,WDSZ04,SRSZ01,1,16.101964386417432
PT,MUSZ03,BPSZ01,1,14.056120524535663
PT,BMSZ02,BDSZ04,1,14.120629548717993
VH,TMSZ04,PGSZ03,1,9.363177643741906
PT,AMSZ03,DTSZ08,1,9.550606272599172
PT,CKSZ03,CLSZ03,1,7.085465942286731
VH,CHSZ03,OTSZ03,1,19.022195550719072
PT,AMSZ01,SESZ02,1,6.6768756890591465
PT,KLSZ05,BSSZ03,1,6.037400981322185
WK,SBSZ01,SBSZ02,1,1.0177521225222945
PT,CLSZ06,BTSZ08,1,4.704058153568629
WK,GLSZ02,GLSZ04,1,1.4477226191472863
PT,BDSZ04,BSSZ03,1,9.476479335513154
PT,DTSZ03,TPSZ12,1,5.5741055459075675
WK,PGSZ02,PGSZ02,1,0.0
WK,TPSZ02,TPSZ02,1,0.0
PT,CLSZ06,CLSZ05,1,1.0042078864973587
VH,BTSZ01,JESZ05,1,3.254061357897813
PT,GLSZ02,DTSZ07,1,6.898612283877988
PT,TPSZ06,KLSZ09,1,4.048095719196965
PT,BMSZ07,MPSZ03,1,11.025847090329552
PT,SESZ03,BMSZ07,1,15.161970720977964
VH,MPSZ03,BDSZ06,1,4.603267741098764
PT,DTSZ01,DTSZ03,1,0.9089782699981739
WK,NVSZ02,NVSZ02,1,0.0
PT,HGSZ08,JWSZ08,1,21.4259894522244
PT,GLSZ05,PLSZ04,1,3.8521264411954084
PT,YSSZ03,BTSZ01,1,13.029164315395265
PT,RVSZ05,GLSZ04,1,5.602854248165836
VH,TMSZ02,TMSZ02,1,0.0
PT,DTSZ02,ORSZ02,1,2.7038880830734957
PT,JWSZ09,BLSZ02,1,2.5274428480289526
PT,PGSZ04,BMSZ17,1,16.601339600271654
VH,PGSZ03,PGSZ04,1,1.813530848549925
PT,HGSZ06,SESZ03,1,3.7058342234958794
PT,TPSZ06,NVSZ01,1,1.507870345245103
VH,MUSZ01,GLSZ04,1,4.606751526261557
WK,BDSZ06,BDSZ06,1,0.0
PT,BPSZ01,DTSZ03,1,15.21513527373437
PT,SBSZ01,BSSZ01,1,9.989598082152261
PT,DTSZ01,GLSZ05,1,5.103252817500404
WK,SGSZ06,HGSZ06,1,1.628829512348083
PT,PGSZ02,SESZ06,1,3.1891104601289886
PT,DTSZ05,BDSZ04,1,10.783708417296742
PT,WCSZ01,CKSZ02,1,6.349306802050357
VH,PRSZ08,CHSZ03,1,4.081519834133196
PT,NVSZ02,SESZ04,1,9.974741145424334
PT,AMSZ06,GLSZ01,1,6.67191987188665
PT,AMSZ03,GLSZ03,1,5.9620289931473565
WK,GLSZ04,GLSZ04,1,0.0
PT,ORSZ02,YSSZ08,1,12.531096592214181
PT,ORSZ02,BMSZ07,1,3.2365486794670804
PT,BSSZ01,QTSZ11,1,9.237136962862854
PT,PRSZ02,CHSZ03,1,7.678648832534633
PT,JWSZ09,TMSZ04,1,28.00295631762795
PT,JESZ05,JESZ08,1,2.029575303902238
PT,AMSZ01,SRSZ02,1,9.251437287316284
PT,TMSZ04,TMSZ03,1,2.188355345903096
PT,PRSZ03,BDSZ04,1,4.815776552853279
VH,CLSZ04,CLSZ04,1,0.0
PT,ORSZ02,AMSZ01,1,7.659554160451921
PT,WDSZ06,CLSZ06,1,14.01305103287399
VH,NVSZ01,QTSZ11,1,8.904442299978603
VH,HGSZ08,PGSZ05,1,7.06709033941901
PT,TMSZ02,QTSZ08,1,18.868564424242766
PT,MUSZ01,TPSZ02,1,3.7584643865325513
PT,BTSZ06,BKSZ06,1,7.026197393003264
VH,JWSZ08,DTSZ11,1,19.11467157476314
PT,OTSZ03,GLSZ02,1,7.00509234830924
VH,DTSZ05,DTSZ03,1,1.3250654421689967
PT,PRSZ03,TMSZ03,1,2.936930765047012
WK,YSSZ02,YSSZ02,1,0.0
WK,YSSZ04,YSSZ01,1,0.916928626122495
PT,TPSZ11,SGSZ04,1,3.3686332191001673
PT,HGSZ05,SGSZ06,1,3.420976059234586
VH,BMSZ02,PRSZ03,1,17.52211254218465
PT,TMSZ04,PRSZ08,1,2.483313590092093
WK,CKSZ05,CKSZ06,1,0.9298087042092337
PT,WCSZ01,BPSZ03,1,9.055665750862262
PT,BMSZ12,TPSZ04,1,7.696487050065213
PT,BDSZ01,DTSZ01,1,7.198733169378263
WK,SESZ04,SESZ04,1,0.0
PT,JWSZ09,PNSZ01,1,2.98548955682248
PT,BSSZ03,YSSZ01,1,8.717429131590928
PT,PRSZ05,TMSZ05,1,4.535034352347557
VH,SBSZ01,YSSZ02,1,1.276318753395555
PT,CLSZ04,JWSZ08,1,8.536027213219043
PT,JWSZ03,QTSZ08,1,9.673962239984842
VH,DTSZ01,HGSZ06,1,7.6036249301100725
PT,SRSZ01,QTSZ10,1,6.545524340775902
WK,QTSZ08,QTSZ08,1,0.0
PT,QTSZ14,KLSZ03,1,9.579766948804993
PT,PRSZ03,MPSZ03,1,8.911983403702775
PT,KLSZ07,DTSZ11,1,4.235576503546073
PT,WDSZ01,CKSZ02,1,8.195353803499001
PT,SESZ06,BLSZ03,1,21.654127015075847
PT,TSSZ05,WDSZ02,1,23.386079083941432
PT,AMSZ03,AMSZ10,1,2.5885728524360103
PT,AMSZ02,HGSZ05,1,3.1752255161933487
PT,DTSZ08,TMSZ02,1,14.16091343269169
PT,TNSZ02,DTSZ03,1,4.078506511849941
PT,BPSZ02,WDSZ02,1,6.596046383522774
PT,QTSZ08,YSSZ03,1,15.684827077257516
PT,GLSZ03,SGSZ03,1,5.606362629002673
PT,BDSZ06,PRSZ03,1,5.64142487721362
PT,GLSZ05,PRSZ03,1,8.244202320945124
VH,PGSZ03,SESZ03,1,1.2362134622897991
VH,SRSZ01,BTSZ01,1,8.937584302166139
PT,SGSZ03,AMSZ10,1,3.2587432290430534
PT,TMSZ03,SRSZ03,1,11.893186554932084
PT,HGSZ08,BMSZ12,1,11.13961380397114
VH,HGSZ06,YSSZ09,1,9.381627418754395
PT,WDSZ06,TSSZ02,1,19.553179452361018
PT,QTSZ11,TPSZ04,1,9.552000835493686
VH,BLSZ03,JWSZ09,1,3.5670767994692256
PT,SGSZ04,KLSZ06,1,5.832990797014634
PT,TMSZ02,TMSZ02,1,0.0
PT,SGSZ04,CLSZ04,1,12.147630545459414
VH,HGSZ05,SGSZ03,1,1.1615807819654707
PT,BDSZ06,DTSZ05,1,11.214067516963254
PT,CKSZ04,OTSZ01,1,15.302298191536517
PT,CLSZ04,BMSZ03,1,6.526734989944402
PT,SESZ03,SESZ03,1,0.0
VH,AMSZ01,YSSZ04,1,5.178077258460335
WK,DTSZ05,DTSZ05,1,0.0
PT,OTSZ03,SESZ03,1,13.787593091207889
WK,PGSZ04,SESZ02,1,1.052549878649884
PT,QTSZ11,JWSZ02,1,9.148870579615995
PT,BDSZ06,GLSZ05,1,5.16174864786292
PT,WDSZ04,KLSZ07,1,14.323337280197997
PT,HGSZ05,GLSZ04,1,7.411163039923492
PT,BDSZ04,BDSZ04,1,0.0
PT,AMSZ01,BDSZ01,1,8.10930554643542
PT,BKSZ07,CKSZ02,1,3.088972633656459
PT,GLSZ04,QTSZ14,1,10.704277518737051
PT,KLSZ06,DTSZ08,1,3.7564072430070157
PT,JWSZ09,AMSZ03,1,17.279288146895652
VH,SESZ06,SESZ04,1,1.4130001556698468
WK,WDSZ03,SBSZ04,1,2.326052736390598
WK,HGSZ02,HGSZ02,1,0.0
PT,WDSZ04,NVSZ01,1,13.196188688367227
VH,PGSZ03,PGSZ05,1,1.9779039939853045
WK,DTSZ11,DTSZ08,1,0.5153840911509646
PT,BDSZ06,PRSZ08,1,4.855385417404755
PT,MUSZ01,SRSZ01,1,1.2329661581731022
PT,SGSZ04,AMSZ01,1,2.472488583151166
WK,PGSZ03,PGSZ03,1,0.0
WK,BKSZ07,BKSZ07,1,0.0
WK,SESZ02,SESZ03,1,0.9264025278629129
VH,CLSZ04,QTSZ08,1,3.472750972588419
VH,JWSZ04,JESZ05,1,2.3929114480591256
PT,HGSZ07,TPSZ02,1,5.255811500387124
WK,JESZ05,JESZ05,1,0.0
PT,JESZ05,PGSZ03,1,18.821628026016594
PT,WDSZ01,WDSZ02,1,0.7905033315597753
VH,YSSZ09,YSSZ02,1,1.0963348161770936
WK,BDSZ04,BDSZ06,1,1.3781452505148277
WK,JESZ05,JESZ05,1,0.0
PT,DTSZ03,TPSZ03,1,5.529667455177167
PT,QTSZ11,BMSZ04,1,5.739133031223165
WK,JWSZ03,JWSZ03,1,0.0
PT,ORSZ02,WDSZ05,1,15.029565993194648
VH,JESZ02,QTSZ11,1,6.482564521816274
PT,YSSZ09,BSSZ01,1,8.170977815592874
PT,PRSZ04,MUSZ01,1,15.171366069409041
PT,BDSZ04,TMSZ05,1,3.6785665957272142
PT,CHSZ02,PGSZ04,1,7.970231133987104
PT,NVSZ02,PGSZ05,1,12.262508482188563
WK,RCSZ10,RCSZ10,1,0.0
PT,QTSZ08,JWSZ03,1,9.673962239984842
VH,GLSZ05,JESZ05,1,17.397775809361594
PT,BDSZ01,JWSZ06,1,23.532375207330546
VH,HGSZ05,AMSZ03,1,3.4190774691386325
PT,BDSZ06,DTSZ01,1,10.149008187409153
PT,BLSZ01,JWSZ09,1,1.7967443334846318
PT,SESZ06,MUSZ01,1,11.262343390643236
WK,CKSZ05,CKSZ03,1,0.8338012423978477
PT,TMSZ03,TMSZ02,1,1.8211342041293208
WK,BMSZ08,BMSZ03,1,0.5847816941063064
PT,BSSZ01,AMSZ02,1,2.9462929613040005
PT,DTSZ05,NVSZ01,1,4.6472306127580705
PT,BDSZ04,DTSZ08,1,11.271097145894494
PT,PGSZ03,SLSZ01,1,3.5609174882140366
PT,OTSZ03,JESZ06,1,11.812837220924603
PT,PRSZ03,DTSZ11,1,15.087485095057277
PT,ORSZ02,TMSZ04,1,14.057950066761318
WK,DTSZ05,DTSZ05,1,0.0
WK,CKSZ06,CKSZ06,1,0.0
PT,TNSZ01,BTSZ01,1,6.448324916739024
PT,BDSZ02,DTSZ11,1,10.896515773551181
PT,DTSZ02,BDSZ03,1,7.8194368545161606
VH,GLSZ02,TMSZ04,1,7.78994446407893
PT,WDSZ05,WDSZ05,1,0.0
PT,AMSZ03,AMSZ01,1,1.363824475326825
PT,TMSZ03,TMSZ03,1,0.0
PT,TMSZ02,NTSZ03,1,13.397496694253457
VH,NVSZ01,KLSZ06,1,1.8640868453461785
PT,SESZ04,QTSZ08,1,15.2786089603582
PT,HGSZ05,KLSZ09,1,9.140382243338317
WK,OTSZ03,OTSZ03,1,0.0
PT,DTSZ01,CLSZ03,1,11.313423817694646
PT,CLSZ07,PGSZ02,1,18.863367205851375
PT,BPSZ05,KLSZ09,1,13.696076613548126
VH,BDSZ06,GLSZ05,1,5.16174864786292
WK,BDSZ04,BDSZ04,1,0.0
VH,TMSZ02,GLSZ03,1,6.673217167241603
PT,BKSZ08,CLSZ09,1,4.5788632096630355
PT,CLSZ04,CLSZ06,1,0.7914849055353017
PT,JWSZ03,CLSZ01,1,4.409220085291
PT,BMSZ10,BMSZ04,1,0.5071977130988468
PT,CKSZ03,BPSZ05,1,2.3007075960770518
PT,SGSZ04,HGSZ07,1,2.3123199821988183
VH,PGSZ01,PGSZ05,1,1.8881614768939468
WK,YSSZ04,YSSZ04,1,0.0
WK,ORSZ02,ORSZ02,1,0.0
PT,BDSZ03,AMSZ06,1,10.03264253261245
PT,PRSZ05,NVSZ02,1,14.15695798982709
VH,BMSZ13,QTSZ14,1,1.5886216462218725
PT,SESZ02,NVSZ02,1,10.407887596508044
VH,CHSZ03,TMSZ04,1,5.276965426937805
PT,DTSZ01,OTSZ04,1,1.930464272869178
VH,HGSZ06,SESZ02,1,3.852923087151795
PT,WDSZ02,QTSZ08,1,15.752865950344395
WK,AMSZ01,AMSZ01,1,0.0
PT,BMSZ01,BSSZ01,1,10.108505777272555
PT,BDSZ07,QTSZ12,1,15.143409510750427
PT,BPSZ03,DTSZ11,1,15.126812973582753
PT,DTSZ11,GLSZ04,1,5.5301729837225455
PT,SESZ02,CHSZ03,1,11.576416402488878
PT,OTSZ03,TMSZ04,1,13.997755362790137
PT,BMSZ12,QTSZ05,1,1.6687032298641558
VH,JESZ05,BTSZ01,1,3.254061357897813
PT,SGSZ06,SGSZ04,1,1.2504688104488453
WK,TMSZ04,TMSZ05,1,2.1043927231785218
PT,TPSZ05,AMSZ02,1,3.5557055444055927
PT,BDSZ04,BDSZ03,1,2.353398647735378
WK,NVSZ02,NVSZ02,1,0.0
WK,WDSZ03,WDSZ03,1,0.0
PT,PGSZ05,PGSZ04,1,0.8229474483573144
PT,DTSZ02,SGSZ06,1,6.928172923209252
VH,ORSZ02,BMSZ17,1,4.480027484238086
VH,BLSZ02,JWSZ04,1,2.312294601603056
PT,TMSZ01,TMSZ02,1,1.8880896152958335
VH,PRSZ03,DTSZ08,1,15.140177964741355
PT,HGSZ07,QTSZ11,1,13.973973321132538
WK,KLSZ07,KLSZ07,1,0.0
VH,DTSZ03,CLSZ04,1,10.716966258465384
PT,BMSZ01,OTSZ03,1,3.5711825897935023
PT,BMSZ05,BPSZ05,1,13.124863868262093
PT,KLSZ01,MUSZ01,1,3.190431763517255
PT,BMSZ09,TMSZ02,1,15.236459418691599
PT,CHSZ02,BDSZ06,1,6.397742369227303
PT,QTSZ13,QTSZ08,1,1.775660471515622
PT,KLSZ08,QTSZ10,1,9.619723680640234
PT,TMSZ04,DTSZ05,1,13.084189965658855
PT,SESZ02,SESZ02,1,0.0
PT,HGSZ02,ORSZ03,1,10.07262779486794
VH,BTSZ01,RCSZ01,1,9.508851849711947
VH,GLSZ05,GLSZ05,1,0.0
PT,DTSZ11,DTSZ07,1,0.8429662879658641
PT,QTSZ08,SGSZ06,1,10.693915927253878
PT,JWSZ04,JWSZ04,1,0.0
WK,DTSZ08,OTSZ03,1,0.5933682078899496
PT,BSSZ03,NVSZ02,1,3.75325190070528
WK,TPSZ06,TPSZ07,1,0.5451329009361701
PT,GLSZ05,BMSZ15,1,9.48525969568528
VH,BMSZ04,QTSZ10,1,5.700027178065489
PT,QTSZ10,QTSZ11,1,0.9343207049567491
PT,QTSZ04,JWSZ09,1,11.37155026139227
PT,SESZ06,NVSZ02,1,9.39885244946822
WK,SGSZ06,SGSZ06,1,0.0
PT,TMSZ02,BDSZ04,1,3.1599829379376176
PT,DTSZ05,BMSZ13,1,4.748480401881251
PT,WDSZ03,ORSZ02,1,15.488100688649466
VH,BDSZ04,SLSZ01,1,11.947580871835735
PT,DTSZ11,DTSZ11,1,0.0
PT,SESZ05,QTSZ08,1,14.620212501446845
WK,BDSZ01,BDSZ01,1,0.0
VH,RVSZ03,MUSZ01,1,1.240305476933355
PT,BMSZ07,BMSZ08,1,1.4234487023260933
PT,SESZ04,TMSZ04,1,9.360905368386307
WK,WDSZ04,WDSZ01,1,1.4487914875070382
PT,GLSZ04,KLSZ07,1,3.6982957828715075
PT,YSSZ01,QTSZ13,1,16.839490374719123
PT,JWSZ04,SISZ01,1,15.30653663652579
WK,SESZ03,SESZ03,1,0.0
PT,TMSZ04,PRSZ05,1,3.1920390301266366
VH,CHSZ03,SESZ06,1,14.829547527202845
PT,KLSZ07,JESZ03,1,11.881383414664231
PT,WDSZ09,QTSZ11,1,17.203386271504122
PT,KLSZ06,PGSZ05,1,11.80320261153746
PT,OTSZ04,SBSZ03,1,18.300683500942803
WK,SESZ06,SESZ04,1,1.4130001556698468
PT,JWSZ09,CKSZ05,1,7.633113425090306
PT,DTSZ03,DTSZ03,1,0.0
VH,NVSZ01,OTSZ03,1,5.130283975123037
VH,BKSZ05,KLSZ06,1,11.701053587078755
PT,PGSZ05,PGSZ04,1,0.8229474483573144
PT,BDSZ03,RCSZ01,1,7.267978873305736
WK,BMSZ03,BMSZ11,1,1.5325017818202917
PT,TPSZ06,NVSZ02,1,2.7588056334035747
VH,SESZ06,SGSZ04,1,3.768794507326256
PT,KLSZ01,JWSZ09,1,17.871354977185142
VH,HGSZ06,TMSZ04,1,8.51754460035158
PT,CKSZ05,BMSZ01,1,15.647053380397034
PT,WDSZ01,QTSZ13,1,16.906544291567318
PT,TPSZ02,HGSZ07,1,5.255811500387124
VH,QTSZ10,ORSZ02,1,5.89640549070681
PT,SBSZ04,QTSZ11,1,18.422480186844485
PT,BTSZ07,BMSZ15,1,5.679423222498648
PT,OTSZ03,WDSZ05,1,18.112920481568985
PT,YSSZ01,PRSZ02,1,12.519653519342137
PT,MPSZ03,TPSZ12,1,4.68974374204161
PT,DTSZ11,BPSZ06,1,13.64574277044222
VH,ORSZ03,DTSZ01,1,1.9111558962533812
PT,WDSZ09,WDSZ06,1,1.5712668037671202
PT,AMSZ04,TNSZ01,1,6.322268746677554
VH,SESZ02,TMSZ04,1,7.543149878670501
PT,CKSZ04,CKSZ03,1,1.1832660105867163
WK,TMSZ03,TMSZ03,1,0.0
PT,BSSZ01,BMSZ01,1,10.108505777272555
PT,QTSZ14,CLSZ06,1,5.195493908866284
PT,BPSZ01,DTSZ12,1,15.791237350031764
PT,TNSZ01,NVSZ01,1,3.240034614383907
WK,BSSZ03,BSSZ03,1,0.0
PT,HGSZ06,HGSZ07,1,0.9450377036360438
PT,CKSZ06,WCSZ01,1,6.791652845318785
PT,BPSZ01,NTSZ03,1,12.000823946099851
VH,SESZ06,HGSZ04,1,2.6189496121280875
WK,JESZ03,JESZ05,1,0.6185017999780152
WK,BSSZ02,BSSZ02,1,0.0
WK,DTSZ02,DTSZ03,1,0.7315950200170801
WK,TPSZ06,TPSZ02,1,1.4767044789646766
PT,SESZ04,WDSZ01,1,12.628138605948273
PT,AMSZ06,DTSZ03,1,9.34657006766964
PT,PGSZ04,SESZ02,1,1.052549878649884
WK,BPSZ05,BPSZ05,1,0.0
PT,DTSZ08,JWSZ09,1,17.690330701460272
PT,SGSZ04,DTSZ11,1,9.809730547719365
PT,OTSZ03,PRSZ03,1,15.465190727565155
VH,CKSZ03,QTSZ09,1,8.824193650941845
PT,HGSZ06,BMSZ17,1,11.901189001941887
PT,QTSZ11,MPSZ03,1,14.579189260673838
PT,CLSZ04,QTSZ07,1,4.836153515899655
PT,NVSZ02,YSSZ09,1,12.688147750674505
PT,BSSZ01,AMSZ03,1,2.6995044229110725
PT,TMSZ02,DTSZ11,1,14.048301207762186
PT,CKSZ01,SGSZ02,1,12.23849028532146
VH,SGSZ06,BTSZ01,1,11.132883768598345
PT,HGSZ07,GLSZ04,1,4.724517252653554
PT,BPSZ05,ORSZ03,1,11.600320924921256
PT,TPSZ04,TPSZ02,1,0.8358827334321068
WK,QTSZ01,QTSZ01,1,0.0
WK,DTSZ05,DTSZ05,1,0.0
PT,CLSZ07,BPSZ02,1,9.135632457493006
PT,TPSZ07,PLSZ04,1,4.834676756611053
PT,SESZ03,PGSZ03,1,1.2362134622897991
PT,CHSZ03,YSSZ05,1,18.52602010631296
PT,BDSZ04,HGSZ01,1,6.600939635712744
PT,KLSZ08,TMSZ02,1,10.535874753953719
PT,BKSZ02,PNSZ03,1,8.463110103939382
PT,AMSZ02,MDSZ02,1,7.550609106816495
PT,CLSZ01,JWSZ03,1,4.409220085291
PT,NVSZ02,JWSZ03,1,14.001341271927208
PT,HGSZ05,NTSZ03,1,9.074541492489804
PT,BDSZ04,HGSZ08,1,5.5812352539494
VH,AMSZ01,SESZ06,1,4.135723879499389
PT,DTSZ03,AMSZ05,1,8.79003141886748
WK,AMSZ04,AMSZ04,1,0.0
PT,BMSZ08,TSSZ05,1,21.06504192752453
WK,SESZ03,SESZ03,1,0.0
PT,BTSZ01,TMSZ05,1,21.979371095661232
PT,BMSZ04,KLSZ08,1,5.44275589459013
VH,SGSZ04,DTSZ01,1,7.169242703906531
PT,DTSZ11,BDSZ04,1,11.110192911324528
PT,SESZ02,KLSZ05,1,10.202775414244872
PT,OTSZ03,BMSZ07,1,3.882751642815869
VH,GLSZ04,MPSZ02,1,2.233910953350619
VH,BSSZ01,MUSZ01,1,6.695490362860431
PT,SGSZ03,BMSZ01,1,13.500016631577541
WK,CKSZ03,CKSZ01,1,0.8899078021080913
PT,QTSZ08,BKSZ09,1,6.007534479635956
WK,TMSZ02,TMSZ02,1,0.0
PT,OTSZ03,TMSZ03,1,12.779094893351187
PT,ORSZ02,BTSZ08,1,3.3060862151826953
PT,BLSZ02,SGSZ04,1,18.293270650140716
WK,JESZ05,JESZ05,1,0.0
WK,QTSZ11,QTSZ11,1,0.0
VH,KLSZ01,GLSZ05,1,4.098535673974548
PT,CHSZ01,CHSZ01,1,0.0
PT,AMSZ01,WDSZ02,1,9.66727320730234
PT,JESZ07,GLSZ05,1,18.849676648888305
PT,RCSZ10,PGSZ04,1,12.397043458321983
VH,CLSZ04,BKSZ05,1,4.194477458379191
PT,RCSZ01,QTSZ03,1,5.827317105042208
PT,QTSZ08,TMSZ02,1,18.868564424242766
VH,BTSZ03,CKSZ06,1,9.104254915027422
VH,TPSZ05,BSSZ02,1,2.0222166307092877
PT,CKSZ06,SKSZ03,1,1.6669917349347594
PT,AMSZ03,NVSZ01,1,4.338911449753773
PT,JWSZ09,BLSZ02,1,2.5274428480289526
PT,AMSZ04,CHSZ03,1,17.075815840082832
PT,AMSZ06,DTSZ08,1,10.593980493915419
PT,WDSZ04,TMSZ05,1,22.44258959332457
PT,SBSZ01,DTSZ05,1,18.34131310104244
VH,GLSZ04,KLSZ05,1,1.7607139526066777
PT,GLSZ05,SESZ04,1,8.677098780927729
PT,SESZ02,TMSZ01,1,4.465845657973665
PT,SESZ02,QTSZ08,1,16.099825110858664
PT,BSSZ01,AMSZ08,1,3.2695661201461235
WK,WDSZ02,WDSZ02,1,0.0
WK,DTSZ05,DTSZ05,1,0.0
WK,GLSZ04,GLSZ04,1,0.0
WK,YSSZ03,YSSZ03,1,0.0
PT,KLSZ01,WCSZ01,1,20.26123535827072
VH,SGSZ06,HGSZ06,1,1.628829512348083
VH,YSSZ03,YSSZ01,1,1.0015506147644606
VH,JESZ05,BKSZ01,1,4.34669321998494
PT,KLSZ08,DTSZ03,1,2.5530746149904124
PT,BDSZ06,BDSZ08,1,0.9600731141623087
VH,GLSZ01,HGSZ06,1,4.155964086868111
PT,AMSZ01,BSSZ01,1,2.330062203630164
PT,TMSZ04,DTSZ05,1,13.084189965658855
PT,SBSZ01,SBSZ03,1,1.5231686421359845
WK,SESZ03,SESZ02,1,0.9264025278629129
PT,BKSZ04,QTSZ05,1,8.85789354607472
PT,CLSZ06,CLSZ08,1,1.0615670547239102
VH,BSSZ01,AMSZ01,1,2.330062203630164
WK,SBSZ04,SBSZ03,1,1.203473776478544
PT,GLSZ03,SESZ03,1,6.893407627631798
PT,KLSZ06,DTSZ05,1,3.1464977143170367
PT,BSSZ03,QTSZ08,1,8.962213671593334
VH,CHSZ03,PGSZ04,1,11.286585249190114
PT,WDSZ05,BKSZ07,1,9.564463393858173
VH,SBSZ04,SBSZ03,1,1.203473776478544
PT,SGSZ04,ORSZ03,1,7.5139530809812
PT,MPSZ03,SESZ06,1,10.834705825603377
PT,JWSZ03,JWSZ09,1,2.3719008304684257
VH,TPSZ02,TPSZ05,1,1.538114178814763
WK,JESZ05,JESZ05,1,0.0
PT,MPSZ03,SESZ06,1,10.834705825603377
VH,DTSZ02,BMSZ09,1,2.544450002466052
PT,PGSZ04,AMSZ01,1,7.568895374585283
WK,JWSZ09,JWSZ09,1,0.0
PT,RCSZ10,BDSZ06,1,10.46355684932949
WK,WDSZ05,WDSZ01,1,1.2320596897563494
VH,AMSZ05,HGSZ08,1,6.0980117833231136
VH,CLSZ01,BTSZ01,1,1.824015964668743
WK,GLSZ05,GLSZ05,1,0.0
PT,RCSZ02,DTSZ11,1,3.4639834057385794
WK,SESZ04,SESZ04,1,0.0
PT,AMSZ09,QTSZ02,1,9.546028717014732
PT,BSSZ01,QTSZ14,1,9.839706909880455
PT,SESZ02,SESZ03,1,0.9264025278629129
PT,NVSZ03,TMSZ02,1,13.494155158081035
PT,TPSZ12,MPSZ03,1,4.68974374204161
VH,BDSZ01,GLSZ03,1,1.58853543467227
WK,BMSZ04,BMSZ04,1,0.0
PT,BMSZ01,BDSZ04,1,15.241125481937997
PT,PRSZ02,CHSZ03,1,7.678648832534633
PT,CLSZ08,DTSZ06,1,10.357111656292243
PT,YSSZ09,SBSZ03,1,2.244423832083414
VH,YSSZ09,YSSZ02,1,1.0963348161770936
PT,YSSZ04,NVSZ01,1,10.439756182111141
WK,ORSZ02,ORSZ02,1,0.0
WK,NVSZ02,NVSZ02,1,0.0
WK,TMSZ02,TMSZ02,1,0.0
PT,SKSZ03,PNSZ02,1,14.06785670911849
PT,JWSZ03,QTSZ11,1,8.60465829032032
VH,AMSZ02,AMSZ02,1,0.0
PT,WDSZ03,CLSZ01,1,13.187818810190413
PT,BTSZ01,RCSZ05,1,10.567351687281922
PT,WDSZ06,AMSZ01,1,10.692081061874555
WK,JESZ05,JESZ05,1,0.0
WK,QTSZ08,QTSZ08,1,0.0
VH,CKSZ04,DTSZ11,1,17.1140777806661
PT,HGSZ02,HGSZ07,1,1.9209524654773358
PT,BMSZ14,BMSZ04,1,1.0229285770741325
WK,PRSZ03,PRSZ03,1,0.0
VH,KLSZ07,JESZ03,1,11.881383414664231
PT,BSSZ01,WDSZ08,1,11.125326146996711
PT,CLSZ06,SESZ02,1,17.873931382734582
PT,JWSZ09,SESZ03,1,22.48320535518589
PT,BDSZ02,CHSZ03,1,8.34052314862001
PT,NVSZ01,ORSZ03,1,3.030301431746611
PT,OTSZ01,AMSZ01,1,9.726150054619357
VH,YSSZ09,QTSZ08,1,15.432029426406428
PT,ORSZ03,TMSZ04,1,13.525313329094072
PT,BMSZ08,AMSZ01,1,9.917898837485666
PT,HGSZ08,SGSZ06,1,2.105678690799914
PT,OTSZ03,CLSZ03,1,10.723364377887005
PT,SBSZ03,WDSZ03,1,1.8504157042501537
PT,YSSZ01,YSSZ05,1,2.181737820747567
PT,QTSZ08,SESZ03,1,15.756089750431935
PT,WDSZ09,HGSZ05,1,13.607111051802473
WK,BMSZ02,BMSZ08,1,0.6949705336682429
PT,GLSZ05,TMSZ03,1,5.460103820270141
PT,SESZ03,TMSZ05,1,10.538548085933986
VH,BMSZ07,BMSZ02,1,1.1725078205385278
PT,JWSZ09,JWSZ09,1,0.0
PT,AMSZ12,QTSZ11,1,12.94067606815311
VH,SBSZ03,BMSZ05,1,18.62508734924581
PT,YSSZ05,OTSZ03,1,14.356840637564787
WK,HGSZ06,HGSZ07,1,0.9450377036360438
PT,BMSZ15,CKSZ03,1,15.015511324424141
WK,BDSZ02,BDSZ04,1,1.517590146979497
PT,QTSZ08,QTSZ05,1,1.9041709380211382
PT,KLSZ08,QTSZ05,1,6.63976091251182
PT,PRSZ03,TMSZ02,1,1.9941353644937028
PT,SESZ03,TPSZ06,1,7.484384499628202
VH,TPSZ03,TPSZ03,1,0.0
PT,BDSZ04,BDSZ04,1,0.0
PT,DTSZ06,SESZ03,1,12.72207573067359
PT,TMSZ02,GLSZ04,1,8.737233511326789
PT,TPSZ03,DTSZ11,1,7.219541785673189
PT,DTSZ05,QTSZ05,1,4.992013285851328
PT,RCSZ01,SRSZ01,1,2.5989719186490166
PT,NVSZ02,OTSZ03,1,4.190351755811743
VH,YSSZ09,OTSZ03,1,16.868277722743255
PT,MPSZ02,ORSZ02,1,7.758462857884411
PT,WDSZ02,WDSZ06,1,1.786133057081358
PT,CKSZ06,WDSZ02,1,6.518295669352447
PT,TSSZ05,JESZ05,1,12.654941172801351
VH,MSSZ01,GLSZ04,1,4.266453411921522
PT,SESZ02,KLSZ06,1,9.945077829351897
WK,RCSZ10,DTSZ02,1,0.8039412247349442
VH,BSSZ01,TPSZ06,1,3.7352266707219957
PT,PRSZ03,DTSZ08,1,15.140177964741355
PT,JWSZ02,BPSZ03,1,7.950877226240476
PT,QTSZ08,JESZ02,1,7.465639876200217
PT,MUSZ03,TNSZ02,1,2.8954275138900925
WK,YSSZ03,YSSZ02,1,1.4819530444688982
VH,ORSZ03,DTSZ01,1,1.9111558962533812
PT,SBSZ03,WCSZ01,1,15.924532028508949
VH,BMSZ03,GLSZ05,1,9.59534292769368
PT,CHSZ03,BDSZ04,1,7.463238829167281
PT,WDSZ01,WDSZ09,1,1.4057969588338775
PT,BKSZ05,SBSZ03,1,11.73019964194704
WK,HGSZ02,HGSZ01,1,0.7510371002354921
PT,WDSZ05,DTSZ05,1,18.078816788466035
PT,PGSZ04,PGSZ04,1,0.0
PT,BDSZ08,MPSZ03,1,4.727759328440013
VH,QTSZ08,BPSZ01,1,10.347555143250476
PT,WDSZ02,RCSZ01,1,16.020834440184483
PT,AMSZ12,CKSZ03,1,11.756676495156556
PT,YSSZ09,YSSZ03,1,1.7688742052165112
PT,SESZ04,SESZ06,1,1.4130001556698468
VH,BSSZ02,BDSZ03,1,8.520774969540463
PT,QTSZ15,JESZ02,1,8.185943476314518
VH,AMSZ05,AMSZ02,1,1.823303920901637
PT,DTSZ08,PRSZ03,1,15.140177964741355
VH,SBSZ03,BPSZ04,1,9.092218188441077
VH,HGSZ06,SESZ06,1,3.6147937295817827
VH,HGSZ05,AMSZ03,1,3.4190774691386325
PT,BMSZ13,MSSZ01,1,6.323454810096503
PT,BSSZ03,RCSZ09,1,5.320740273041778
WK,SESZ03,SESZ03,1,0.0
PT,SGSZ04,SGSZ03,1,1.4946824857733565
WK,SGSZ06,SGSZ07,1,0.9479193276864053
WK,CLSZ08,CLSZ06,1,1.0615670547239102
PT,AMSZ09,NTSZ03,1,7.75163156607214
PT,QTSZ08,DTSZ02,1,6.9316797330235005
PT,HGSZ03,HGSZ03,1,0.0
PT,MUSZ03,PGSZ03,1,12.964667154712341
PT,RCSZ01,YSSZ09,1,13.764723187939996
WK,PRSZ03,PRSZ03,1,0.0
PT,BPSZ01,MUSZ03,1,14.056120524535663
PT,KLSZ06,DTSZ01,1,1.3437270660964227
PT,PGSZ04,SESZ03,1,1.5480541741474918
PT,YSSZ06,MDSZ02,1,3.0775146249835155
PT,YSSZ09,WDSZ02,1,4.494710631795676
WK,ORSZ02,ORSZ02,1,0.0
PT,GLSZ04,BMSZ17,1,7.5428897782085285
PT,BLSZ04,CLSZ06,1,8.219664278539287
WK,BKSZ03,BKSZ03,1,0.0
PT,SBSZ05,MUSZ03,1,17.680444250342113
PT,WDSZ02,CKSZ03,1,7.813209396690255
PT,TPSZ08,OTSZ03,1,7.13635600518401
PT,SBSZ02,GLSZ05,1,16.018903188440838
WK,YSSZ01,YSSZ09,1,0.8885412780857345
PT,TMSZ03,TMSZ02,1,1.8211342041293208
PT,YSSZ09,TMSZ05,1,19.077951637320247
VH,SESZ03,SESZ03,1,0.0
PT,PRSZ03,QTSZ09,1,20.147695192007944
PT,BMSZ16,DTSZ02,1,2.699477122388156
PT,BPSZ05,WDSZ01,1,7.25919890259853
VH,BDSZ04,HGSZ04,1,7.353242592388138
PT,JWSZ09,JWSZ02,1,1.1909513911077283
PT,YSSZ04,TMSZ02,1,14.47880451706547
PT,BDSZ05,BDSZ04,1,2.45621100070819
PT,KLSZ02,QTSZ09,1,10.409701167234044
PT,JWSZ02,BLSZ02,1,3.0873038417255056
PT,TMSZ02,DTSZ11,1,14.048301207762186
WK,PRSZ05,PRSZ03,1,1.3236940820239511
WK,BDSZ02,BDSZ04,1,1.517590146979497
PT,BKSZ07,JWSZ09,1,5.441460194036724
PT,SESZ03,WDSZ03,1,11.991907047532804
VH,BMSZ05,QTSZ10,1,6.686660439946907
PT,OTSZ03,BMSZ01,1,3.5711825897935023
WK,BDSZ04,BDSZ04,1,0.0
WK,SGSZ06,SGSZ05,1,0.9282105893335375
PT,JESZ05,HGSZ06,1,15.695427831534024
PT,DTSZ02,SESZ02,1,12.050716872460846
VH,ORSZ02,WDSZ04,1,14.45768845722655
PT,YSSZ09,SBSZ02,1,1.2786310720751461
PT,DTSZ11,BMSZ03,1,4.1392718278977885
PT,WDSZ02,WDSZ01,1,0.7905033315597753
PT,SGSZ04,HGSZ07,1,2.3123199821988183
PT,NVSZ01,OTSZ03,1,5.130283975123037
VH,JWSZ09,JWSZ08,1,0.9403575284652649
PT,TMSZ02,JWSZ09,1,27.740470864667984
PT,BMSZ01,SESZ02,1,16.675826111494086
VH,PRSZ03,RCSZ10,1,13.274872873534077
PT,GLSZ05,BDSZ03,1,2.1091080461297502
PT,DTSZ12,TMSZ04,1,12.380352942793847
PT,GLSZ04,MUSZ01,1,4.606751526261557
PT,GLSZ05,DTSZ08,1,6.956777825604808
PT,NVSZ02,YSSZ04,1,11.22406463593339
VH,SESZ03,SESZ04,1,0.9952512670910597
VH,SGSZ04,DTSZ05,1,8.957111657249374
VH,AMSZ12,OTSZ03,1,11.559179513030845
PT,BMSZ01,CLSZ04,1,7.551707436129899
WK,JWSZ09,JWSZ09,1,0.0
VH,TMSZ05,TMSZ03,1,4.262471447978868
WK,JWSZ03,JWSZ03,1,0.0
PT,BMSZ10,HGSZ01,1,11.64457608806122
PT,PGSZ02,SESZ03,1,1.986152873619633
PT,TMSZ02,GLSZ05,1,7.207233010378834
PT,BPSZ05,BMSZ13,1,12.014061665626384
PT,TPSZ09,DTSZ02,1,4.724872115958699
PT,CKSZ05,JWSZ06,1,8.669426542226791
PT,QTSZ08,SGSZ04,1,11.048009930792105
PT,CHSZ03,CHSZ03,1,0.0
PT,CKSZ06,BTSZ05,1,10.064528158503675
PT,SESZ02,SRSZ03,1,12.813226046788909
VH,TMSZ03,TMSZ02,1,1.8211342041293208
PT,QTSZ05,QTSZ06,1,0.6905306215092566
WK,MPSZ03,MPSZ03,1,0.0
WK,MPSZ03,MPSZ03,1,0.0
PT,GLSZ05,DTSZ08,1,6.956777825604808
VH,TNSZ01,NVSZ01,1,3.240034614383907
PT,OTSZ03,JESZ06,1,11.812837220924603
VH,QTSZ11,CLSZ03,1,3.6275004823541956
PT,SESZ04,YSSZ08,1,7.222789066909315
VH,GLSZ05,TPSZ02,1,6.076937864147339
PT,BMSZ08,BMSZ08,1,0.0
WK,QTSZ08,QTSZ08,1,0.0
PT,PRSZ03,GLSZ04,1,9.604438266373888
PT,PGSZ03,KLSZ09,1,11.91936087006269
PT,HGSZ01,QTSZ14,1,14.85739062711839
PT,QTSZ08,SBSZ01,1,17.194323522310697
PT,CHSZ03,HGSZ04,1,13.128021721916161
PT,PGSZ05,QTSZ13,1,19.660328798354968
VH,BDSZ04,BDSZ02,1,1.517590146979497
PT,QTSZ02,HGSZ04,1,12.455747045424904
WK,SESZ02,SESZ02,1,0.0
PT,DTSZ09,SESZ02,1,14.05534568932277
PT,CLSZ04,BTSZ01,1,2.2642589389246877
PT,OTSZ03,TMSZ02,1,14.542266359955034
PT,YSSZ04,YSSZ02,1,2.1833213299233
PT,SBSZ04,KLSZ08,1,16.82786777688875
PT,NVSZ01,SESZ06,1,8.245579360090712
VH,BDSZ04,BDSZ04,1,0.0
PT,TMSZ03,TMSZ04,1,2.188355345903096
PT,HGSZ06,OTSZ03,1,10.09997804126083
PT,RCSZ10,TPSZ09,1,3.97043813706583
PT,BMSZ04,CKSZ03,1,14.267817486996606
WK,SESZ03,SESZ03,1,0.0
VH,AMSZ03,GLSZ03,1,5.9620289931473565
VH,CHSZ03,BDSZ01,1,10.248710691630993
PT,GLSZ05,KLSZ01,1,4.098535673974548
VH,HGSZ06,TPSZ12,1,2.9337548784755425
VH,KLSZ01,KLSZ08,1,0.9892555638969216
PT,OTSZ03,KLSZ01,1,5.111831034809398
PT,ORSZ03,KLSZ06,1,2.4916492722728734
PT,PNSZ02,JWSZ09,1,4.610065908926152
PT,BTSZ06,AMSZ12,1,8.641338531657746
PT,CKSZ01,BMSZ12,1,12.557043696048094
PT,GLSZ05,JESZ07,1,18.849676648888305
WK,JESZ02,JESZ05,1,0.9177132998918662
PT,SGSZ04,SGSZ06,1,1.2504688104488453
PT,WDSZ03,SGSZ03,1,10.880070633865031
PT,SGSZ03,WDSZ08,1,12.067396696576001
PT,QTSZ08,CLSZ04,1,3.472750972588419
VH,QTSZ08,QTSZ08,1,0.0
PT,OTSZ04,DTSZ02,1,1.135053216628933
PT,TNSZ04,BSSZ03,1,5.932431432246732
PT,BLSZ02,QTSZ05,1,11.354417409844908
PT,BMSZ16,TNSZ01,1,4.526518549665895
PT,TMSZ02,DTSZ05,1,13.636756124005556
PT,BMSZ05,KLSZ01,1,5.609086891627479
VH,TMSZ04,TMSZ03,1,2.188355345903096
PT,DTSZ11,DTSZ03,1,1.9734046899979458
PT,DTSZ05,SESZ03,1,13.069669426129714
PT,QTSZ11,BMSZ01,1,5.112037293513128
PT,BDSZ04,CHSZ02,1,6.281336292639992
PT,CLSZ06,QTSZ08,1,3.4723330871686047
PT,DTSZ08,AMSZ01,1,10.468914387141462
PT,CHSZ03,TMSZ04,1,5.276965426937805
PT,JWSZ08,MUSZ03,1,18.00112054015751
PT,YSSZ04,AMSZ12,1,4.258597071684371
PT,WDSZ03,BPSZ04,1,7.765413102739229
PT,CKSZ06,TPSZ01,1,12.430217574349014
WK,BKSZ03,BKSZ03,1,0.0
VH,BKSZ06,BKSZ06,1,0.0
PT,GLSZ04,NVSZ02,1,4.543896392175608
VH,CLSZ04,QTSZ15,1,4.705684450573436
PT,JWSZ09,BMSZ01,1,14.723740363036976
PT,NVSZ02,SBSZ02,1,13.853659391934329
PT,HGSZ08,DTSZ11,1,8.52345932612555
PT,TMSZ02,MUSZ01,1,13.311053414212065
PT,QTSZ08,PGSZ02,1,17.40161898223725
PT,HGSZ01,SESZ03,1,2.534444316060849
WK,SESZ04,SESZ04,1,0.0
PT,AMSZ01,SGSZ03,1,2.9590315422211915
PT,SESZ03,AMSZ02,1,5.281335007492916
PT,AMSZ02,DTSZ08,1,10.476515815458693
PT,BMSZ02,KLSZ07,1,4.985259417097852
PT,GLSZ04,QTSZ10,1,11.623211198972744
VH,NVSZ01,BDSZ04,1,9.459263596389071
PT,AMSZ06,BMSZ02,1,10.43406813925253
PT,BSSZ02,SGSZ06,1,2.875991737030352
PT,BPSZ02,ORSZ02,1,11.625418578574669
VH,QTSZ14,TMSZ03,1,17.580296419473733
PT,MDSZ03,YSSZ09,1,0.8336901196416204
VH,JESZ05,SBSZ01,1,16.096847063070182
PT,JWSZ09,JWSZ09,1,0.0
PT,ORSZ03,SESZ03,1,11.995291083597502
PT,NVSZ02,TNSZ01,1,2.0952290423453896
WK,BDSZ01,BDSZ01,1,0.0
PT,OTSZ03,SESZ02,1,13.774337455155205
WK,CKSZ06,CKSZ06,1,0.0
PT,TMSZ03,SESZ03,1,6.404783483348518
VH,QTSZ11,BSSZ01,1,9.237136962862854
PT,TMSZ02,CHSZ03,1,5.590892298049903
WK,WDSZ03,WDSZ03,1,0.0
PT,DTSZ05,TMSZ04,1,13.084189965658855
PT,BMSZ06,BMSZ13,1,2.150286800872923
PT,WCSZ01,WCSZ01,1,0.0
VH,JWSZ03,BLSZ03,1,5.098713423436152
PT,DTSZ03,SESZ03,1,11.867096099365066
PT,YSSZ09,KLSZ07,1,13.232964689461584
PT,TPSZ03,SBSZ01,1,12.064003636773679
VH,SESZ06,SESZ06,1,0.0
PT,TPSZ08,QTSZ01,1,9.341211543082025
PT,JWSZ09,JESZ05,1,4.578885078555272
PT,JWSZ09,JWSZ08,1,0.9403575284652649
PT,JWSZ04,BMSZ01,1,12.613041824954735
PT,TPSZ02,TPSZ02,1,0.0
VH,JESZ05,JESZ02,1,0.9177132998918662
PT,AMSZ10,SGSZ04,1,3.4027792696869668
VH,QTSZ08,QTSZ06,1,1.450190340621632
VH,BKSZ07,BKSZ03,1,1.2469115509305144
PT,JESZ05,JWSZ09,1,4.578885078555272
PT,AMSZ03,BSSZ01,1,2.6995044229110725
WK,BMSZ13,QTSZ14,1,1.5886216462218725
PT,JWSZ03,JESZ05,1,3.042266158318978
VH,DTSZ02,DTSZ03,1,0.7315950200170801
PT,WDSZ06,WDSZ06,1,0.0
PT,ORSZ02,BMSZ08,1,2.3374692627379265
VH,AMSZ09,DTSZ05,1,10.916332792538004
WK,WDSZ06,WDSZ06,1,0.0
WK,HGSZ04,HGSZ04,1,0.0
PT,QTSZ08,BLSZ02,1,9.475638318380591
PT,AMSZ10,YSSZ09,1,5.343003379647113
WK,CHSZ03,CHSZ03,1,0.0
VH,NVSZ01,TPSZ09,1,1.8239407596733532
PT,SGSZ02,CLSZ04,1,12.571107723880033
PT,PGSZ03,ORSZ02,1,12.978632787671925
PT,CHSZ03,BMSZ08,1,20.958239951437097
VH,DTSZ03,TMSZ05,1,12.849638295237952
VH,BMSZ13,BMSZ13,1,0.0
PT,OTSZ03,BDSZ02,1,11.358412655981361
VH,BPSZ04,BPSZ03,1,0.9219301040327256
PT,DTSZ12,OTSZ03,1,1.6922758078016806
PT,JWSZ09,BMSZ02,1,14.473512818367753
VH,TSSZ05,SBSZ01,1,27.372648484795622
WK,JESZ08,JWSZ09,1,5.360975683318697
WK,BMSZ02,BMSZ04,1,0.94303921872575
VH,AMSZ01,PGSZ02,1,7.3065624632090005
PT,HGSZ08,ORSZ03,1,7.1960383034162
PT,OTSZ03,GLSZ03,1,8.0643440220882
PT,CKSZ03,OTSZ03,1,15.824825686062091
WK,PGSZ03,PGSZ02,1,0.8699452159826071
PT,DTSZ11,TMSZ02,1,14.048301207762186
PT,TMSZ01,TMSZ03,1,1.9993859622686991
PT,BTSZ06,WDSZ07,1,13.661419891611438
PT,SESZ06,QTSZ11,1,15.650544559757996
PT,SESZ03,CHSZ03,1,12.498495623359238
PT,PRSZ05,KLSZ05,1,11.991562716522763
PT,CKSZ06,BMSZ01,1,16.39168650187198
VH,SBSZ04,DTSZ05,1,19.663241172819838
PT,TMSZ02,TMSZ02,1,0.0
PT,DTSZ05,KLSZ03,1,4.196645388956424
PT,TMSZ04,DTSZ02,1,12.42663491947967
PT,WCSZ01,SGSZ07,1,21.194739956883083
PT,WDSZ06,QTSZ02,1,14.514971915216604
PT,HGSZ04,HGSZ01,1,0.7566664343295557
PT,QTSZ14,BSSZ01,1,9.839706909880455
PT,JESZ05,JWSZ09,1,4.578885078555272
PT,TMSZ01,SKSZ03,1,19.932722818655527
PT,JESZ05,JWSZ02,1,3.7811687919837493
PT,DTSZ11,RVSZ03,1,3.2087073136011965
PT,JESZ05,BPSZ06,1,5.107660041942797
PT,DTSZ11,SESZ03,1,13.837438823367988
PT,DTSZ02,BDSZ04,1,10.133199309040231
PT,DTSZ11,BKSZ05,1,13.26205060620201
PT,BTSZ02,NVSZ02,1,6.1696122299473215
PT,HGSZ05,HGSZ04,1,0.9713078128166454
WK,DTSZ05,DTSZ05,1,0.0
WK,OTSZ03,OTSZ04,1,0.6061735841782084
PT,TMSZ05,GLSZ05,1,7.9824692899072005
PT,CKSZ06,DTSZ01,1,16.487903143429474
VH,BPSZ02,CKSZ03,1,2.0742124455457605
PT,HGSZ03,HGSZ03,1,0.0
PT,RCSZ10,WDSZ04,1,15.863027912912276
PT,BMSZ13,JESZ05,1,9.6727423562219
PT,PNSZ01,PNSZ02,1,1.6437486301248747
PT,BDSZ04,WCSZ01,1,27.975626199613018
PT,TMSZ02,TMSZ01,1,1.8880896152958335
VH,BKSZ05,BKSZ05,1,0.0
PT,JESZ02,JWSZ06,1,4.656378114923254
WK,QTSZ11,QTSZ11,1,0.0
PT,TPSZ06,BSSZ01,1,3.7352266707219957
PT,BKSZ05,JESZ05,1,3.4432452306580053
PT,BDSZ04,SGSZ03,1,8.507360556967054
PT,BDSZ05,MPSZ02,1,2.1775499489765475
PT,WDSZ09,QTSZ08,1,16.988944138824888
PT,BMSZ11,CKSZ03,1,14.80414627061797
VH,TMSZ01,TMSZ02,1,1.8880896152958335
PT,BKSZ03,TPSZ02,1,11.815458084478665
VH,CKSZ02,CKSZ05,1,1.8836892903230111
PT,PGSZ03,BMSZ12,1,16.61832340906928
PT,WDSZ03,TPSZ02,1,13.032087661159792
PT,TMSZ05,CLSZ03,1,23.60761849228314
PT,QTSZ10,BMSZ08,1,5.117946859341546
PT,OTSZ04,KLSZ03,1,4.413829259538213
PT,WDSZ03,BKSZ05,1,10.413991517654265
PT,CKSZ02,TSSZ05,1,15.040998723971484
VH,BSSZ01,KLSZ05,1,7.98761746586364
PT,GLSZ04,RCSZ10,1,3.7762086552782352
WK,JESZ05,JESZ03,1,0.6185017999780152
PT,TPSZ09,AMSZ01,1,4.886929498872527
PT,SGSZ06,DTSZ09,1,8.925782714820569
PT,JWSZ03,JWSZ08,1,2.971328752322575
WK,DTSZ02,DTSZ02,1,0.0
PT,YSSZ02,OTSZ01,1,16.955948466808312
WK,JWSZ09,JWSZ09,1,0.0
PT,JWSZ03,JWSZ04,1,1.7107282695398258
PT,YSSZ09,DTSZ11,1,17.45003162543771
PT,DTSZ02,JWSZ08,1,18.525626175143564
WK,HGSZ04,HGSZ04,1,0.0
PT,BMSZ15,BMSZ01,1,1.3582854437845964
WK,JWSZ04,JWSZ04,1,0.0
PT,SESZ06,BMSZ01,1,15.705705817058234
PT,TPSZ02,TPSZ05,1,1.538114178814763
PT,JWSZ08,WDSZ05,1,13.238685124551157
PT,CLSZ06,PGSZ04,1,18.8624228699818
WK,SESZ02,PGSZ03,1,1.897230829676932
PT,DTSZ03,SGSZ04,1,7.920006149279862
VH,OTSZ03,SGSZ04,1,9.551140020285157
PT,BDSZ04,GLSZ05,1,4.4484831020133795
WK,BMSZ04,BMSZ03,1,1.1473032007054464
PT,JWSZ03,JWSZ03,1,0.0
PT,QTSZ14,HGSZ01,1,14.85739062711839
PT,TPSZ03,TPSZ06,1,1.0848818614084275
VH,SESZ06,SGSZ03,1,2.3376479140642736
PT,NTSZ03,BDSZ02,1,10.25401824077115
PT,DTSZ03,DTSZ03,1,0.0
PT,PLSZ01,BDSZ02,1,3.6837364087590867
WK,QTSZ10,QTSZ10,1,0.0
PT,DTSZ08,BTSZ01,1,10.827419563351057
WK,AMSZ01,AMSZ02,1,0.8098454795607932
WK,AMSZ09,AMSZ09,1,0.0
PT,BMSZ10,QTSZ14,1,4.1471059691285825
PT,ORSZ03,BTSZ02,1,6.7974934356763566
PT,DTSZ01,BMSZ13,1,5.807603043572885
PT,BDSZ02,TMSZ02,1,3.1974410229416415
PT,RCSZ05,DTSZ02,1,1.3115614551907029
PT,BTSZ02,BPSZ02,1,5.83740216466022
PT,SESZ03,HGSZ06,1,3.7058342234958794
PT,SGSZ06,MUSZ01,1,6.577771150378855
WK,OTSZ03,DTSZ08,1,0.5933682078899496
PT,JWSZ03,JWSZ06,1,3.2873326604799704
PT,PRSZ03,PRSZ05,1,1.3236940820239511
PT,HGSZ05,PGSZ05,1,4.333423475286809
VH,DTSZ11,DTSZ11,1,0.0
VH,TPSZ12,GLSZ04,1,2.466515187466827
PT,KLSZ01,TPSZ06,1,1.6618501323706318
WK,HGSZ02,HGSZ07,1,1.9209524654773358
PT,OTSZ03,HGSZ04,1,11.414819607859396
VH,TMSZ03,DTSZ05,1,11.878534778177949
PT,SGSZ04,OTSZ03,1,9.551140020285157
PT,QTSZ14,HGSZ07,1,13.498379323421725
PT,PRSZ03,DTSZ02,1,13.76222617096602
PT,PRSZ05,SESZ03,1,7.311629435529212
PT,TNSZ01,SBSZ03,1,14.75287227615091
PT,YSSZ09,ORSZ03,1,14.48623547067312
WK,BDSZ04,BDSZ04,1,0.0
PT,BDSZ04,TMSZ05,1,3.6785665957272142
PT,YSSZ03,YSSZ01,1,1.0015506147644606
PT,SESZ02,MUSZ01,1,11.901751349668295
PT,SGSZ06,GLSZ02,1,3.2018877641255177
PT,SESZ05,HGSZ01,1,1.7020652950167057
VH,PGSZ03,HGSZ06,1,4.780049628488772
PT,QTSZ09,KLSZ02,1,10.409701167234044
PT,HGSZ02,TMSZ03,1,4.805413215119044
PT,JWSZ09,PRSZ03,1,27.558653152183727
PT,SBSZ04,QTSZ11,1,18.422480186844485
PT,PGSZ05,DTSZ11,1,15.588057467208834
VH,PGSZ02,GLSZ03,1,8.847339852728522
PT,BMSZ07,AMSZ04,1,9.675614061964977
PT,YSSZ09,ORSZ02,1,13.985649668373252
PT,BKSZ07,JWSZ09,1,5.441460194036724
VH,TMSZ04,YSSZ09,1,16.973740135242906
WK,BSSZ01,BSSZ01,1,0.0
PT,KLSZ07,BMSZ05,1,4.160758878025738
PT,TPSZ02,GLSZ05,1,6.076937864147339
PT,DTSZ11,NVSZ01,1,5.543975641892142
PT,BPSZ01,JESZ04,1,6.633607265643501
PT,BMSZ08,BMSZ04,1,0.59386186624026
PT,AMSZ02,AMSZ01,1,0.8098454795607932
WK,BKSZ03,BKSZ05,1,2.411810005133522
VH,CHSZ03,TMSZ02,1,5.590892298049903
PT,BKSZ02,QTSZ11,1,8.07161531933491
PT,BSSZ01,BSSZ03,1,2.463913530065902
PT,HGSZ06,SGSZ04,1,1.5591025686795772
WK,QTSZ09,CLSZ04,1,1.3596505286588076
PT,ORSZ03,GLSZ03,1,7.147436304676329
PT,MUSZ03,HGSZ04,1,9.503549279021184
PT,YSSZ03,YSSZ03,1,0.0
WK,PGSZ03,PGSZ03,1,0.0
VH,JWSZ08,BKSZ09,1,7.0414477356748755
PT,AMSZ03,HGSZ02,1,4.769552736968921
PT,DTSZ03,TMSZ04,1,11.80330450015364
PT,WDSZ04,WDSZ01,1,1.4487914875070382
PT,YSSZ09,RCSZ10,1,14.822162926453574
PT,AMSZ02,DTSZ05,1,9.90172635785792
VH,YSSZ01,YSSZ03,1,1.0015506147644606
PT,HGSZ08,SBSZ04,1,14.914012988776655
PT,QTSZ13,SESZ03,1,17.52479287549541
VH,AMSZ03,JESZ05,1,13.027354259550759
PT,BKSZ05,BPSZ04,1,2.650441728267091
PT,BMSZ04,BMSZ15,1,1.1388794453076865
PT,YSSZ03,YSSZ01,1,1.0015506147644606
VH,JESZ02,JESZ06,1,1.8720023135027632
PT,TMSZ03,DTSZ02,1,11.117340594521037
PT,RCSZ09,BKSZ03,1,13.51199668978551
VH,BDSZ06,BDSZ04,1,1.3781452505148277
VH,BSSZ03,KLSZ08,1,4.209639959902052
PT,CLSZ04,CLSZ05,1,1.332558670908388
PT,AMSZ04,TMSZ04,1,12.047855450995218
PT,WDSZ03,JWSZ06,1,16.81045116588021
WK,GLSZ05,GLSZ05,1,0.0
WK,DTSZ05,DTSZ05,1,0.0
PT,WDSZ04,SBSZ08,1,3.954291127132728
PT,SGSZ06,OTSZ03,1,8.576989849121452
PT,TMSZ04,BPSZ04,1,20.383931856414446
PT,SGSZ06,BMSZ01,1,11.24835862468767
PT,RCSZ09,TPSZ06,1,3.9527092786679785
VH,BPSZ01,BPSZ03,1,1.1920001600727563
PT,OTSZ02,AMSZ06,1,10.13420944030851
PT,WDSZ02,TMSZ04,1,21.16303655421544
PT,JESZ04,JESZ05,1,1.2166469919796177
PT,TPSZ05,BTSZ01,1,9.514849879186327
VH,OTSZ03,TPSZ06,1,6.532056628538539
PT,PGSZ02,HGSZ07,1,6.038536730497683
PT,SRSZ02,WDSZ03,1,17.516714261418265
VH,TNSZ03,QTSZ11,1,3.9625651174093357
VH,CLSZ06,BTSZ01,1,3.0210693565893165
WK,TMSZ02,TMSZ02,1,0.0
PT,ORSZ02,SESZ03,1,12.013470532839914
PT,QTSZ04,QTSZ10,1,1.9294285269824714
VH,JWSZ08,CKSZ03,1,7.3914145492382675
WK,JWSZ03,JWSZ03,1,0.0
PT,TMSZ03,PLSZ01,1,2.962706548845227
PT,TMSZ05,BTSZ01,1,21.979371095661232
VH,HGSZ06,SESZ03,1,3.7058342234958794
VH,BPSZ05,BKSZ05,1,2.270302415032574
PT,PGSZ03,SESZ03,1,1.2362134622897991
PT,SBSZ03,KLSZ06,1,15.758955871017196
PT,WDSZ02,SESZ03,1,12.964803702104343
PT,SESZ06,SESZ04,1,1.4130001556698468
PT,BDSZ06,HGSZ05,1,9.655796735455517
PT,SESZ06,PRSZ03,1,8.345643716716806
PT,YSSZ03,YSSZ09,1,1.7688742052165112
PT,KLSZ06,TMSZ03,1,9.511876636370626
PT,SESZ02,SESZ03,1,0.9264025278629129
PT,QTSZ06,CHSZ03,1,22.785399657313686
PT,TMSZ04,TMSZ01,1,3.294722840679154
PT,WDSZ06,SBSZ09,1,3.967044930074676
PT,AMSZ01,BPSZ03,1,8.516027876012881
WK,CKSZ01,CKSZ01,1,0.0
PT,PGSZ04,RCSZ03,1,11.609920205181103
PT,QTSZ14,PGSZ03,1,17.97552404229949
PT,WDSZ05,KLSZ08,1,16.04600694928229
PT,YSSZ01,SGSZ06,1,9.057706772673392
WK,BSSZ03,BSSZ03,1,0.0
WK,SESZ06,SESZ06,1,0.0
PT,AMSZ01,QTSZ10,1,10.705399579777
VH,QTSZ11,SGSZ04,1,12.461440296279195
PT,GLSZ03,OTSZ03,1,8.0643440220882
PT,DTSZ01,CKSZ01,1,14.507703269096742
WK,WDSZ03,SBSZ04,1,2.326052736390598
PT,SESZ02,RCSZ10,1,11.361280643022054
PT,JESZ08,WCSZ01,1,9.551306618066585
WK,HGSZ04,HGSZ06,1,1.3155617892005385
PT,RCSZ03,RCSZ09,1,0.7283185972966016
WK,TMSZ02,TMSZ02,1,0.0
PT,RCSZ01,YSSZ09,1,13.764723187939996
PT,OTSZ04,BKSZ05,1,12.159863636508314
PT,QTSZ08,BDSZ01,1,13.810423712896606
VH,HGSZ07,HGSZ01,1,1.5263320364724293
PT,DTSZ11,CLSZ06,1,10.724097390822868
PT,JWSZ04,JWSZ09,1,2.2141262582406362
PT,SESZ03,SESZ04,1,0.9952512670910597
PT,BMSZ11,OTSZ03,1,1.8248544005264713
PT,CKSZ03,CKSZ05,1,0.8338012423978477
PT,BKSZ02,CKSZ02,1,1.4313454196957889
PT,TMSZ04,DTSZ03,1,11.80330450015364
PT,SBSZ03,DTSZ05,1,18.459820913519966
PT,JWSZ03,WCSZ01,1,4.998520485381283
PT,JWSZ09,BDSZ02,1,24.9269771505287
PT,CKSZ03,CKSZ02,1,1.0663075799099802
PT,CKSZ03,BMSZ15,1,15.015511324424141
VH,BPSZ05,BPSZ03,1,1.1253728669166327
PT,JESZ05,BKSZ03,1,2.5079224896408996
PT,DTSZ11,KLSZ07,1,4.235576503546073
PT,TMSZ04,BDSZ06,1,2.3820541097862336
PT,RCSZ01,QTSZ08,1,6.894922389178966
PT,JESZ05,BLSZ02,1,4.170646619021972
PT,BDSZ03,BDSZ04,1,2.353398647735378
PT,BSSZ02,KLSZ06,1,5.094022940132291
PT,SGSZ06,TNSZ01,1,6.687072823979327
PT,BPSZ05,BTSZ05,1,6.664313663627369
PT,BTSZ01,CKSZ06,1,7.460364019032053
PT,SGSZ04,BTSZ01,1,10.92700974657788
VH,TPSZ02,BSSZ02,1,2.4181083072539438
VH,CKSZ06,AMSZ01,1,11.420481375419303
PT,CKSZ02,OTSZ03,1,15.154021434774993
PT,BMSZ02,BMSZ14,1,0.5559036854082744
WK,ORSZ03,ORSZ03,1,0.0
VH,HGSZ05,WCSZ01,1,21.307975809559625
PT,QTSZ04,TPSZ02,1,6.494413439240801
PT,QTSZ06,RCSZ01,1,5.709185310578387
VH,TMSZ03,AMSZ01,1,10.269187328453006
PT,AMSZ01,SESZ04,1,5.292373483128956
PT,BKSZ03,BKSZ03,1,0.0
PT,MUSZ01,SESZ02,1,11.901751349668295
PT,BMSZ04,AMSZ12,1,11.444677734657335
PT,PRSZ02,DTSZ11,1,15.070272920189144
PT,TMSZ02,TMSZ02,1,0.0
PT,YSSZ09,HGSZ06,1,9.381627418754395
PT,YSSZ09,SESZ06,1,6.448116778096786
PT,SRSZ02,AMSZ06,1,9.34199205656558
PT,AMSZ01,SGSZ06,1,3.5002927418764003
PT,DTSZ05,AMSZ02,1,9.90172635785792
WK,TMSZ05,TMSZ05,1,0.0
PT,SESZ02,PRSZ03,1,5.075728226075026
PT,BKSZ07,BLSZ01,1,5.206575070766729
PT,BSSZ01,ORSZ02,1,5.814905738335073
PT,JESZ03,JESZ05,1,0.6185017999780152
PT,QTSZ05,QTSZ08,1,1.9041709380211382
PT,DTSZ07,DTSZ03,1,2.0731830120028714
PT,CLSZ04,SGSZ06,1,12.141336330902906
PT,SGSZ02,QTSZ05,1,10.674241988844424
VH,TMSZ04,TMSZ04,1,0.0
VH,QTSZ08,QTSZ01,1,1.4672733500642554
WK,JESZ03,JESZ05,1,0.6185017999780152
VH,CHSZ03,PGSZ02,1,13.007043115413369
PT,PGSZ05,BKSZ09,1,18.654651349555312
WK,CKSZ06,CKSZ05,1,0.9298087042092337
PT,BPSZ02,BPSZ01,1,0.6392849339246802
PT,TPSZ01,BPSZ02,1,9.849642407087028
VH,PRSZ05,SESZ02,1,6.396421522877681
PT,YSSZ03,YSSZ03,1,0.0
PT,AMSZ04,RVSZ05,1,8.025701691888203
PT,CHSZ03,TMSZ04,1,5.276965426937805
VH,JESZ03,JESZ02,1,0.8712167455384023
PT,QTSZ01,JESZ05,1,5.558005103503745
PT,TPSZ04,SGSZ04,1,3.409650311073797
PT,PRSZ04,PRSZ05,1,1.3355502562312414
PT,WDSZ03,QTSZ02,1,14.800576573820868
PT,BKSZ01,QTSZ08,1,8.740422812439041
PT,AMSZ05,AMSZ06,1,0.6257571726353811
PT,BMSZ01,ORSZ02,1,4.590781309617184
PT,JESZ03,BMSZ05,1,11.751909951854497
PT,HGSZ05,TMSZ02,1,8.307119664374268
VH,AMSZ04,BSSZ01,1,1.9924536063797271
VH,PRSZ08,PRSZ08,1,0.0
VH,YSSZ03,YSSZ02,1,1.4819530444688982
VH,BSSZ02,BSSZ03,1,1.034011091901759
VH,DTSZ08,BDSZ04,1,11.271097145894494
VH,JWSZ09,JWSZ06,1,1.0661975176208969
PT,PRSZ03,TMSZ02,1,1.9941353644937028
PT,TPSZ04,MPSZ02,1,6.303870385368385
PT,NTSZ05,PGSZ05,1,13.174942302561272
PT,SESZ02,BMSZ12,1,15.883986127666912
PT,TNSZ01,BDSZ03,1,10.217035525217423
PT,ORSZ02,WDSZ09,1,17.15199366650032
PT,TMSZ04,TMSZ03,1,2.188355345903096
WK,AMSZ02,AMSZ02,1,0.0
WK,PGSZ03,PGSZ03,1,0.0
PT,CKSZ02,CKSZ03,1,1.0663075799099802
PT,BMSZ16,BMSZ16,1,0.0
PT,WDSZ04,QTSZ08,1,14.601408997583006
PT,BMSZ15,TMSZ02,1,16.67595930875154
VH,YSSZ03,QTSZ06,1,15.705868028079593
VH,JESZ03,CLSZ04,1,3.167921570068641
PT,BPSZ05,NVSZ02,1,10.699575621577189
PT,AMSZ01,TMSZ04,1,12.438617251098414
VH,GLSZ03,GLSZ03,1,0.0
PT,HGSZ01,OTSZ03,1,11.299878281800229
PT,TPSZ02,WDSZ01,1,13.619001370846643
PT,WDSZ01,WDSZ04,1,1.4487914875070382
PT,QTSZ14,BMSZ07,1,1.996229844152145
VH,BSSZ02,WCSZ01,1,17.52230965181269
PT,QTSZ10,TPSZ02,1,8.048576714085064
PT,WDSZ03,AMSZ01,1,9.103664106328614
PT,AMSZ01,QTSZ08,1,10.348743720863121
PT,BDSZ04,BDSZ06,1,1.3781452505148277
PT,DTSZ05,BMSZ09,1,2.379689345282958
PT,BMSZ04,ORSZ02,1,2.45748743027893
PT,PGSZ04,BKSZ05,1,16.945654026123876
PT,TMSZ05,AMSZ02,1,13.666552359191554
WK,BDSZ04,BDSZ04,1,0.0
WK,DTSZ08,OTSZ03,1,0.5933682078899496
PT,GLSZ03,BTSZ05,1,9.828886953358708
PT,PGSZ04,OTSZ03,1,14.806753324856446
PT,BPSZ02,BPSZ05,1,1.1435975036682837
PT,WDSZ03,WDSZ04,1,1.5835624864458278
VH,BKSZ05,CKSZ04,1,3.8525160827821674
PT,KLSZ03,HGSZ06,1,5.423167973192574
PT,DTSZ01,JESZ05,1,13.154324003134741
PT,BDSZ03,BSSZ02,1,8.520774969540463
PT,BMSZ05,SGSZ06,1,9.00275952519408
PT,QTSZ08,CKSZ04,1,10.740720756429152
VH,WDSZ04,SBSZ03,1,3.251597816972538
PT,TMSZ01,OTSZ04,1,13.702724462489313
PT,GLSZ03,BMSZ03,1,9.986267657083086
WK,BPSZ05,BPSZ05,1,0.0
WK,JESZ05,JESZ02,1,0.9177132998918662
PT,BSSZ01,AMSZ06,1,1.9366591055442168
PT,GLSZ04,HGSZ05,1,7.411163039923492
WK,QTSZ01,QTSZ01,1,0.0
PT,CKSZ02,CKSZ03,1,1.0663075799099802
PT,BMSZ04,BMSZ07,1,1.9555381553333073
PT,OTSZ03,DTSZ02,1,1.7409696556681997
PT,BDSZ01,OTSZ04,1,8.996848945181265
WK,BKSZ04,BKSZ07,1,0.9127640438742397
VH,CHSZ03,SESZ04,1,13.490624189202899
PT,SESZ03,SKSZ01,1,16.096472557611957
PT,AMSZ03,MUSZ03,1,7.594568631484176
PT,DTSZ02,PRSZ08,1,14.612335018798573
PT,JESZ02,JESZ03,1,0.8712167455384023
WK,OTSZ03,OTSZ01,1,0.786821750900805
PT,DTSZ11,BDSZ04,1,11.110192911324528
PT,JESZ05,KLSZ08,1,13.814117363259484
WK,TMSZ02,TMSZ04,1,1.5608180588962757
PT,JWSZ03,QTSZ08,1,9.673962239984842
PT,NVSZ02,BPSZ05,1,10.699575621577189
PT,JWSZ01,BKSZ07,1,4.890234711965289
WK,ORSZ02,ORSZ02,1,0.0
VH,SESZ03,BDSZ03,1,7.689156546965188
VH,BDSZ04,BMSZ05,1,12.601498129898953
PT,QTSZ14,AMSZ10,1,13.311598262796723
PT,SGSZ03,SGSZ03,1,0.0
PT,PRSZ05,PRSZ05,1,0.0
PT,BMSZ12,BMSZ01,1,1.6055679226966604
PT,BSSZ03,JESZ04,1,13.595376919084677
WK,DTSZ05,OTSZ03,1,0.9139879414915537
PT,TNSZ01,DTSZ11,1,5.269109574203023
VH,YSSZ09,MPSZ03,1,16.614910037479355
PT,TMSZ04,TMSZ02,1,1.5608180588962757
PT,JWSZ09,JWSZ09,1,0.0
PT,HGSZ04,HGSZ04,1,0.0
VH,JWSZ09,CKSZ03,1,7.1081552021317815
VH,CHSZ03,CLSZ03,1,27.287485329836887
VH,DTSZ02,TNSZ04,1,5.10514311177148
PT,DTSZ02,DTSZ08,1,1.6066543534283224
PT,BKSZ01,JESZ05,1,4.34669321998494
PT,BSSZ03,TMSZ04,1,11.272488238421786
VH,GLSZ01,PGSZ03,1,8.856782751273592
VH,AMSZ02,SBSZ01,1,8.689465446346988
PT,JESZ08,JESZ05,1,2.029575303902238
PT,SESZ04,KLSZ01,1,8.588062463253305
PT,PGSZ03,RCSZ09,1,12.296793493178813
VH,BSSZ02,SGSZ06,1,2.875991737030352
PT,AMSZ02,BSSZ01,1,2.9462929613040005
PT,BLSZ02,JWSZ08,1,3.2795815540467808
PT,PGSZ04,SRSZ03,1,13.845310816374422
PT,TMSZ04,BDSZ06,1,2.3820541097862336
VH,PRSZ03,PRSZ05,1,1.3236940820239511
PT,TPSZ02,ORSZ02,1,3.3789850370029795
PT,DTSZ03,SESZ05,1,10.87962619081472
PT,SGSZ07,CLSZ09,1,14.279443859919333
PT,BDSZ04,KLSZ08,1,8.049587042147454
PT,TMSZ04,DTSZ07,1,13.82059019160466
PT,BDSZ04,TMSZ04,1,2.300713819335355
PT,SESZ03,BMSZ17,1,15.58900183963848
PT,BKSZ07,QTSZ14,1,9.243891502948275
PT,DTSZ03,KLSZ07,1,2.6458278929371484
VH,DTSZ03,WDSZ02,1,18.122333050759803
PT,CKSZ01,WCSZ01,1,7.2419419775207166
PT,CLSZ05,JESZ05,1,2.32514081159075
PT,PGSZ04,BDSZ01,1,6.579416295158435
WK,CKSZ06,CKSZ06,1,0.0
WK,NVSZ02,NVSZ02,1,0.0
PT,SESZ04,TSSZ05,1,30.266427122770853
PT,BMSZ01,SESZ04,1,16.31257800359715
PT,WDSZ09,BMSZ09,1,18.734412817236237
WK,DTSZ11,DTSZ08,1,0.5153840911509646
PT,BKSZ09,BKSZ07,1,1.1548323650255352
PT,SESZ03,GLSZ03,1,6.893407627631798
PT,SGSZ06,PGSZ04,1,6.532842496913756
PT,QTSZ11,TPSZ12,1,12.58916876766845
PT,BKSZ06,OTSZ03,1,13.546235651950658
VH,BDSZ06,BDSZ06,1,0.0
PT,SKSZ05,CKSZ02,1,6.25482576435273
PT,BMSZ01,TMSZ04,1,17.539243278694812
PT,WDSZ05,BMSZ05,1,17.76014031935608
PT,TMSZ02,TMSZ02,1,0.0
PT,KLSZ01,RCSZ10,1,2.692973959110925
PT,BDSZ04,BDSZ06,1,1.3781452505148277
PT,AMSZ04,AMSZ10,1,2.262068944931949
PT,WDSZ01,WDSZ03,1,1.9549224562619225
PT,SESZ04,DTSZ08,1,13.63427562127103
WK,DTSZ05,DTSZ05,1,0.0
PT,CLSZ04,CKSZ03,1,7.748648521561396
PT,MPSZ03,TPSZ09,1,5.7484457979734165
PT,JESZ02,DTSZ12,1,14.742264245870787
WK,SESZ06,SESZ06,1,0.0
PT,QTSZ10,CKSZ06,1,11.324433272789664
PT,JESZ02,JESZ05,1,0.9177132998918662
VH,BKSZ07,JWSZ08,1,6.184790405541724
PT,BTSZ01,AMSZ02,1,9.958921687928653
VH,DTSZ11,SESZ04,1,13.824310091488615
PT,NVSZ02,KLSZ07,1,0.9407328541278864
PT,DTSZ03,BDSZ05,1,7.213879914949417
PT,SBSZ03,CKSZ01,1,10.038590180522514
PT,TSSZ04,JESZ04,1,9.916806227147973
PT,WDSZ01,WDSZ03,1,1.9549224562619225
WK,SESZ03,SESZ03,1,0.0
VH,PRSZ04,PRSZ05,1,1.3355502562312414
PT,BMSZ10,TNSZ02,1,1.7113342714316204
VH,KLSZ01,DTSZ02,1,3.4479775556569643
VH,BTSZ01,CKSZ06,1,7.460364019032053
PT,CLSZ01,SESZ02,1,17.65532628280525
PT,SESZ03,SESZ06,1,2.3877316708630167
PT,AMSZ09,DTSZ02,1,9.98596716644111
WK,QTSZ11,QTSZ11,1,0.0
PT,TMSZ01,QTSZ10,1,19.0366927312914
PT,TNSZ01,BPSZ05,1,9.453990628752813
PT,BDSZ01,KLSZ02,1,4.63661497875659
PT,YSSZ02,WDSZ02,1,5.169003861857132
PT,JWSZ09,BKSZ08,1,6.244168118584593
PT,OTSZ03,SESZ03,1,13.787593091207889
PT,CKSZ06,WDSZ01,1,5.859248307007696
VH,HGSZ04,PGSZ03,1,3.468284453692088
PT,BDSZ06,BDSZ03,1,3.2398903564817414
PT,AMSZ02,TPSZ06,1,4.025979616026295
WK,JWSZ03,JWSZ03,1,0.0
WK,TMSZ03,TMSZ03,1,0.0
PT,AMSZ09,NVSZ02,1,7.082791457565784
PT,KLSZ07,QTSZ14,1,7.37965831858202
WK,CKSZ04,CKSZ04,1,0.0
PT,QTSZ04,JESZ05,1,6.972229321924962
PT,KLSZ08,HGSZ07,1,5.302300891002553
VH,DTSZ08,DTSZ02,1,1.6066543534283224
PT,ORSZ03,QTSZ05,1,3.447678254780443
PT,QTSZ08,SBSZ03,1,16.738740742163433
PT,QTSZ11,YSSZ01,1,16.040684170798336
PT,RCSZ09,NVSZ01,1,2.6141635295055043
PT,TPSZ05,BDSZ04,1,8.849765675435894
WK,DTSZ11,DTSZ11,1,0.0
PT,JESZ05,YSSZ04,1,14.209684459091502
PT,BTSZ08,DTSZ05,1,6.290454840389201
PT,YSSZ09,SBSZ02,1,1.2786310720751461
PT,GLSZ05,DTSZ02,1,5.714035671914394
PT,KLSZ05,DTSZ05,1,3.3442222408952995
PT,CKSZ02,SKSZ05,1,6.25482576435273
PT,BDSZ06,TPSZ06,1,9.70649446247911
PT,YSSZ09,YSSZ04,1,1.5998556484110604
PT,OTSZ03,KLSZ09,1,3.2192459506777356
PT,BDSZ06,BDSZ04,1,1.3781452505148277
PT,CLSZ06,CKSZ05,1,9.122372546496207
PT,DTSZ03,DTSZ05,1,1.3250654421689967
PT,SRSZ03,CKSZ06,1,16.822366956266773
PT,WDSZ02,WDSZ01,1,0.7905033315597753
PT,WDSZ09,WDSZ01,1,1.4057969588338775
PT,CLSZ06,JESZ08,1,2.236517994971227
PT,TMSZ05,PGSZ04,1,9.712593976491574
WK,NTSZ03,ORSZ02,1,0.9617985697822504
PT,TMSZ02,JWSZ01,1,27.138792488175376
VH,JWSZ08,JESZ08,1,6.301330374130722
PT,CHSZ03,GLSZ02,1,13.062696768074543
PT,GLSZ01,KLSZ01,1,1.6353496539261638
PT,TMSZ03,QTSZ13,1,18.642565831315956
PT,BKSZ09,BKSZ09,1,0.0
PT,QTSZ14,BLSZ02,1,10.615052662655401
PT,BMSZ12,BKSZ07,1,9.760624601971198
WK,BSSZ03,BSSZ03,1,0.0
WK,SGSZ04,SGSZ06,1,1.2504688104488453
PT,WDSZ03,OTSZ03,1,18.524748492745104
PT,MPSZ02,QTSZ11,1,14.032555520673851
WK,TMSZ05,TMSZ04,1,2.1043927231785218
VH,TMSZ04,PRSZ03,1,3.554865866429268
PT,DTSZ02,AMSZ11,1,11.281583037807987
PT,JESZ09,JESZ01,1,4.64997201158264
VH,PGSZ03,JESZ05,1,18.821628026016594
PT,CKSZ02,CKSZ03,1,1.0663075799099802
PT,JWSZ03,JESZ03,1,3.1067249608516656
PT,NVSZ02,AMSZ04,1,5.342215352529198
PT,SBSZ08,CKSZ06,1,9.33664889235809
PT,WDSZ03,WDSZ01,1,1.9549224562619225
PT,OTSZ04,OTSZ03,1,0.6061735841782084
PT,BSSZ01,GLSZ05,1,8.628224727672697
PT,BDSZ02,OTSZ02,1,11.471508480841628
PT,DTSZ11,PRSZ02,1,15.070272920189144
WK,AMSZ02,AMSZ02,1,0.0
VH,SESZ02,ORSZ03,1,12.102082254013135
VH,MPSZ02,BDSZ07,1,2.7523796567509886
PT,SESZ03,ORSZ02,1,12.013470532839914
VH,BMSZ11,RCSZ10,1,3.706036310475827
PT,SESZ04,SESZ03,1,0.9952512670910597
PT,NVSZ01,DTSZ05,1,4.6472306127580705
VH,WDSZ02,ORSZ03,1,16.307542294645437
PT,KLSZ09,SGSZ04,1,6.898487638082717
PT,HGSZ01,SESZ03,1,2.534444316060849
VH,DTSZ02,OTSZ04,1,1.135053216628933
PT,BDSZ06,MUSZ01,1,11.329696698589554
PT,BMSZ07,WDSZ02,1,17.06258766176087
WK,SESZ06,SESZ06,1,0.0
VH,OTSZ03,DTSZ06,1,1.3728601673833372
PT,SESZ02,OTSZ03,1,13.774337455155205
PT,BKSZ05,DTSZ05,1,12.557889033034076
PT,AMSZ06,AMSZ01,1,0.8041193925714387
PT,BMSZ08,DTSZ08,1,3.086394607861337
PT,QTSZ08,BDSZ04,1,16.505545869932877
PT,PGSZ03,RCSZ01,1,11.535483161651948
PT,SBSZ03,YSSZ09,1,2.244423832083414
PT,JWSZ09,JWSZ09,1,0.0
PT,JESZ05,JWSZ04,1,2.3929114480591256
PT,AMSZ08,AMSZ07,1,1.3711510501299304
PT,HGSZ05,HGSZ05,1,0.0
PT,CHSZ03,PGSZ04,1,11.286585249190114
PT,GLSZ05,JWSZ05,1,20.679737891492795
PT,SESZ05,OTSZ03,1,12.751908719668233
PT,OTSZ04,BDSZ03,1,8.863760266859634
WK,YSSZ01,YSSZ09,1,0.8885412780857345
PT,PGSZ02,BTSZ01,1,16.481446278549274
WK,HGSZ04,HGSZ04,1,0.0
PT,AMSZ11,AMSZ02,1,2.4681966670578097
PT,CLSZ04,DTSZ08,1,10.105600223984379
PT,BDSZ01,YSSZ03,1,12.425396513840122
PT,CLSZ04,AMSZ01,1,10.763072495548862
PT,BMSZ03,BDSZ03,1,11.698752117076252
PT,BKSZ03,TSSZ03,1,10.611832787217605
PT,KLSZ06,OTSZ03,1,3.8368277678260334
PT,DTSZ08,SRSZ02,1,1.307929745115515
VH,YSSZ01,YSSZ09,1,0.8885412780857345
PT,TMSZ02,BDSZ04,1,3.1599829379376176
PT,PRSZ03,DTSZ06,1,14.140452840026052
PT,QTSZ12,CKSZ05,1,12.983704590348985
WK,CLSZ06,CLSZ06,1,0.0
WK,MUSZ01,ORSZ03,1,0.7364956663086714
PT,BMSZ12,HGSZ04,1,13.305574001561935
WK,ORSZ03,ORSZ03,1,0.0
WK,BMSZ08,BMSZ08,1,0.0
WK,DTSZ03,DTSZ03,1,0.0
PT,PNSZ04,TPSZ06,1,20.798335077551634
PT,YSSZ01,WDSZ03,1,4.288816524478815
PT,NVSZ02,BSSZ02,1,4.089090493516779
PT,SESZ03,QTSZ08,1,15.756089750431935
PT,BMSZ03,QTSZ12,1,2.748093502512558
WK,BTSZ01,BTSZ01,1,0.0
PT,TPSZ02,TPSZ03,1,0.965516492332505
PT,CHSZ03,PGSZ03,1,13.099665252929867
VH,SESZ06,BSSZ01,1,6.447070982720102
PT,SESZ02,HGSZ01,1,2.499722872975983
VH,WDSZ03,WDSZ03,1,0.0
PT,PGSZ02,SESZ06,1,3.1891104601289886
VH,GLSZ05,MUSZ01,1,6.243150711792016
VH,JWSZ02,JWSZ03,1,1.1903534965573972
PT,DTSZ08,DTSZ02,1,1.6066543534283224
PT,BSSZ03,BSSZ03,1,0.0
PT,CLSZ06,JWSZ02,1,6.888503701773117
VH,CLSZ03,CLSZ06,1,1.2996250777165392
VH,TMSZ03,TMSZ03,1,0.0
PT,QTSZ05,BMSZ04,1,2.5398432283952883
PT,OTSZ03,AMSZ11,1,12.650787921730657
PT,NVSZ02,DTSZ09,1,4.655910103255533
PT,GLSZ05,GLSZ04,1,1.665730792673618
VH,BDSZ04,BDSZ04,1,0.0
WK,DTSZ03,DTSZ03,1,0.0
PT,NVSZ02,BPSZ03,1,10.918416443505086
PT,WDSZ03,WDSZ09,1,2.578784998326383
PT,BKSZ07,JESZ05,1,1.8651432569207955
PT,BMSZ09,BMSZ01,1,2.9903941812532513
PT,OTSZ03,YSSZ09,1,16.868277722743255
VH,TMSZ03,DTSZ05,1,11.878534778177949
PT,TPSZ06,BSSZ01,1,3.7352266707219957
VH,BDSZ04,SESZ03,1,8.026016071672588
PT,BSSZ03,BSSZ03,1,0.0
PT,SESZ06,SESZ03,1,2.3877316708630167
WK,AMSZ04,AMSZ01,1,0.844896845964263
WK,BDSZ07,BDSZ07,1,0.0
PT,SGSZ04,SGSZ06,1,1.2504688104488453
PT,SESZ03,TNSZ03,1,13.709987303759517
PT,SGSZ03,AMSZ02,1,2.151770995815875
PT,BSSZ03,NVSZ02,1,3.75325190070528
PT,PGSZ03,WDSZ02,1,12.434570138939185
VH,BPSZ05,JESZ05,1,5.434841826483245
PT,ORSZ02,SGSZ03,1,8.91414319680366
PT,TNSZ04,BPSZ01,1,9.860599022437796
PT,SGSZ06,QTSZ11,1,12.183856278019633
WK,OTSZ01,OTSZ03,1,0.786821750900805
PT,JESZ03,JESZ02,1,0.8712167455384023
PT,BDSZ04,BDSZ06,1,1.3781452505148277
WK,BDSZ04,BDSZ04,1,0.0
WK,TMSZ04,TMSZ04,1,0.0
PT,BTSZ01,MPSZ03,1,15.615424308426128
PT,HGSZ02,GLSZ03,1,4.452616601510882
PT,BTSZ03,BPSZ05,1,5.77379078143078
PT,SESZ02,SGSZ06,1,5.48136874582001
PT,BTSZ03,CKSZ03,1,7.5929578809723
WK,SESZ05,SESZ02,1,1.6988216292060225
PT,JWSZ08,JWSZ09,1,0.9403575284652649
PT,AMSZ03,AMSZ01,1,1.363824475326825
VH,RCSZ01,BSSZ01,1,5.827219666859465
PT,KLSZ02,BMSZ02,1,7.238356510191747
PT,JESZ04,BMSZ06,1,10.870802842241872
PT,NVSZ03,RCSZ02,1,2.880220450870172
PT,YSSZ01,YSSZ03,1,1.0015506147644606
PT,DTSZ02,BTSZ03,1,8.622342478453431
PT,BKSZ09,BKSZ02,1,2.6597882767438135
PT,CHSZ02,SESZ05,1,9.948987655483249
PT,BPSZ05,BTSZ03,1,5.77379078143078
PT,ORSZ03,SGSZ03,1,9.002287922645401
PT,BPSZ02,NVSZ02,1,11.426946995028219
VH,CLSZ03,CLSZ04,1,1.2033715808767138
VH,QTSZ11,QTSZ08,1,1.627500290675238
VH,JESZ01,JWSZ08,1,4.132113668755106
PT,PGSZ02,DTSZ08,1,15.638960558345184
WK,QTSZ08,QTSZ08,1,0.0
VH,BDSZ04,BDSZ06,1,1.3781452505148277
PT,TNSZ01,JESZ03,1,9.086287930695205
VH,BDSZ06,NVSZ02,1,11.31785586188237
PT,DTSZ11,BDSZ06,1,11.437537142795163
PT,JWSZ06,YSSZ04,1,18.312394807348923
PT,AMSZ03,QTSZ14,1,11.7866890994609
VH,GLSZ04,TMSZ01,1,8.436408384775138
PT,KLSZ06,BMSZ03,1,5.3321730208743485
PT,AMSZ01,TPSZ04,1,4.22685805297077
PT,TMSZ02,TMSZ04,1,1.5608180588962757
WK,BMSZ07,BMSZ07,1,0.0
PT,ORSZ03,SBSZ01,1,16.30021042123651
PT,TPSZ02,TPSZ04,1,0.8358827334321068
WK,JWSZ08,JWSZ08,1,0.0
VH,JESZ05,BMSZ06,1,9.747445854646115
VH,PGSZ03,KLSZ08,1,10.45901349527432
PT,DTSZ11,SESZ04,1,13.824310091488615
PT,AMSZ02,NVSZ02,1,6.250526401239765
PT,WDSZ09,WDSZ01,1,1.4057969588338775
WK,TMSZ03,TMSZ02,1,1.8211342041293208
PT,YSSZ03,NVSZ02,1,12.267324191950772
WK,JESZ02,JESZ01,1,1.0589239214789605
VH,AMSZ01,YSSZ09,1,6.723825276326214
PT,CLSZ09,BKSZ05,1,5.393140169066795
PT,JWSZ03,JWSZ08,1,2.971328752322575
VH,HGSZ06,HGSZ02,1,2.086499826792444
WK,AMSZ04,AMSZ02,1,1.029941384616055
PT,YSSZ03,PLSZ03,1,9.439781325075444
PT,ORSZ02,PGSZ02,1,13.84776287079609
PT,DTSZ10,CLSZ08,1,9.506919127289267
PT,TMSZ02,CHSZ03,1,5.590892298049903
PT,BTSZ06,QTSZ02,1,2.058145694948763
PT,SESZ04,PGSZ02,1,2.130427494081623
PT,JWSZ08,TNSZ01,1,14.792310139317253
PT,TMSZ03,BDSZ02,1,1.426330615584882
PT,YSSZ03,SBSZ04,1,4.717740707250353
PT,ORSZ02,SESZ05,1,10.905022412957237
PT,SGSZ06,KLSZ05,1,5.771752768914808
WK,JWSZ04,JWSZ04,1,0.0
PT,HGSZ08,GLSZ04,1,3.2912957854721365
WK,OTSZ01,DTSZ08,1,1.3045931586989563
PT,BKSZ04,YSSZ08,1,10.84231675124182
PT,SBSZ04,SBSZ03,1,1.203473776478544
WK,BMSZ09,BMSZ09,1,0.0
PT,TMSZ01,TMSZ04,1,3.294722840679154
PT,TMSZ01,DTSZ11,1,13.932567093821097
PT,BSSZ01,ORSZ02,1,5.814905738335073
PT,WDSZ02,WDSZ02,1,0.0
PT,CHSZ02,TMSZ02,1,3.3449933964791545
PT,NVSZ03,AMSZ06,1,5.63270393861025
PT,BMSZ09,DTSZ11,1,2.8967278905035525
WK,NVSZ02,NVSZ01,1,1.267584011192419
PT,BDSZ01,TMSZ03,1,3.2680309470558733
PT,QTSZ06,JESZ01,1,9.909187602178472
PT,GLSZ04,TPSZ10,1,3.1147845228354956
WK,BKSZ04,BKSZ04,1,0.0
PT,BDSZ04,TMSZ04,1,2.300713819335355
PT,KLSZ02,CKSZ05,1,15.84179951159357
PT,CLSZ07,AMSZ12,1,12.937998375852537
PT,TMSZ02,YSSZ02,1,15.651390718154914
VH,HGSZ01,HGSZ02,1,0.7510371002354921
PT,YSSZ05,TMSZ05,1,16.28668988571756
VH,HGSZ04,SGSZ04,1,2.452111596953342
PT,BTSZ01,BKSZ09,1,1.5341841176833413
PT,BKSZ09,DTSZ08,1,12.242492315645805
PT,QTSZ08,HGSZ06,1,12.287885067263927
PT,PGSZ05,PGSZ04,1,0.8229474483573144
PT,TPSZ03,PRSZ05,1,12.607404817207538
PT,YSSZ02,JWSZ08,1,19.007848285073358
VH,KLSZ09,BDSZ05,1,6.480523379822514
PT,TMSZ05,BDSZ02,1,4.902586233981663
PT,BDSZ01,GLSZ03,1,1.58853543467227
PT,TMSZ05,YSSZ09,1,19.077951637320247
VH,BTSZ01,JESZ03,1,2.829482645949442
VH,TMSZ04,TMSZ02,1,1.5608180588962757
WK,BKSZ07,BKSZ06,1,0.9082341190430384
WK,CLSZ04,CLSZ04,1,0.0
VH,CKSZ01,BPSZ01,1,0.8040432852062875
VH,OTSZ03,DTSZ12,1,1.6922758078016806
PT,BMSZ15,BMSZ13,1,1.7716811963121053
PT,BSSZ01,BMSZ08,1,7.936135956566722
PT,BDSZ04,TMSZ04,1,2.300713819335355
WK,NVSZ01,NVSZ01,1,0.0
PT,PGSZ03,GLSZ05,1,9.536505343546676
VH,TMSZ03,HGSZ08,1,5.398544920227533
PT,QTSZ11,CLSZ03,1,3.6275004823541956
WK,DTSZ05,DTSZ05,1,0.0
PT,WDSZ04,JESZ03,1,11.52729682065843
PT,MPSZ02,PGSZ02,1,11.314519694187592
PT,RCSZ10,KLSZ03,1,2.73355407309415
PT,WDSZ03,AMSZ02,1,9.576336395394701
VH,DTSZ01,DTSZ01,1,0.0
PT,SESZ06,HGSZ09,1,5.287300058352808
PT,SRSZ01,KLSZ07,1,2.895107478024157
PT,QTSZ08,BMSZ08,1,3.697006267953946
PT,BMSZ04,QTSZ10,1,5.700027178065489
VH,AMSZ09,AMSZ01,1,1.2075000973564398
WK,YSSZ09,YSSZ01,1,0.8885412780857345
PT,JWSZ09,JWSZ09,1,0.0
PT,OTSZ01,GLSZ05,1,7.419148479715288
VH,BDSZ05,DTSZ02,1,7.878994012636982
VH,WDSZ03,QTSZ08,1,15.949789699212772
WK,GLSZ04,GLSZ04,1,0.0
PT,BPSZ05,BPSZ01,1,1.2990930537372278
PT,QTSZ03,CLSZ04,1,3.940469965248592
VH,SESZ06,YSSZ09,1,6.448116778096786
WK,HGSZ02,HGSZ02,1,0.0
PT,GLSZ02,PRSZ03,1,8.564122770408643
PT,TMSZ05,TMSZ01,1,5.300364684413989
VH,YSSZ01,SBSZ02,1,2.117815794174996
PT,CKSZ06,BLSZ03,1,11.481450858469692
PT,NVSZ02,HGSZ05,1,8.254415762686026
PT,DTSZ02,BDSZ04,1,10.133199309040231
PT,AMSZ06,QTSZ08,1,9.955465240400367
PT,JWSZ03,DTSZ05,1,16.21064551031357
VH,TPSZ02,NVSZ02,1,1.7042808276546735
PT,BKSZ03,BSSZ03,1,12.332917276306368
WK,BPSZ04,BPSZ04,1,0.0
PT,BTSZ01,JESZ05,1,3.254061357897813
PT,AMSZ03,SGSZ06,1,2.139904561605652
WK,CKSZ03,CKSZ02,1,1.0663075799099802
PT,NVSZ02,AMSZ02,1,6.250526401239765
PT,YSSZ04,BDSZ04,1,14.6628820019847
VH,AMSZ05,BSSZ01,1,1.3323137492637933
PT,JWSZ09,JWSZ09,1,0.0
PT,KLSZ02,SGSZ06,1,3.4022129747870453
WK,DTSZ02,OTSZ01,1,1.7059735177339272
PT,BTSZ03,DTSZ02,1,8.622342478453431
WK,PGSZ03,PGSZ03,1,0.0
VH,PGSZ04,PGSZ04,1,0.0
PT,SGSZ06,SESZ06,1,4.8182511714863905
PT,SBSZ01,SBSZ01,1,0.0
PT,DTSZ05,BMSZ04,1,2.6877947216908957
VH,JESZ05,SBSZ03,1,15.109198870996606
WK,SESZ02,SESZ02,1,0.0
PT,JWSZ03,JESZ05,1,3.042266158318978
WK,BMSZ10,BMSZ04,1,0.5071977130988468
PT,AMSZ11,SESZ06,1,3.30113122955384
PT,SGSZ05,SGSZ06,1,0.9282105893335375
WK,TPSZ02,TPSZ02,1,0.0
VH,AMSZ01,TMSZ04,1,12.438617251098414
VH,QTSZ09,JWSZ03,1,7.567751333320144
VH,SESZ02,ORSZ03,1,12.102082254013135
PT,TNSZ03,ORSZ02,1,2.3554872595482705
PT,TPSZ02,AMSZ02,1,4.546288431833153
WK,WDSZ06,WDSZ06,1,0.0
PT,BKSZ07,JESZ05,1,1.8651432569207955
PT,KLSZ09,AMSZ05,1,7.990749571720152
WK,TPSZ02,TPSZ02,1,0.0
PT,PNSZ04,JESZ03,1,8.815969299088904
PT,RVSZ04,RCSZ05,1,2.205587922687383
PT,DTSZ05,BPSZ02,1,14.786830141738331
VH,OTSZ03,CHSZ03,1,19.022195550719072
WK,BDSZ04,BDSZ04,1,0.0
PT,YSSZ01,SBSZ04,1,4.159878889114505
PT,WDSZ02,WDSZ03,1,1.1650477156252987
PT,YSSZ09,YSSZ08,1,1.4844220594234585
PT,TMSZ02,BDSZ01,1,5.084701843817833
PT,HGSZ06,HGSZ03,1,2.378687695701491
PT,BSSZ01,QTSZ10,1,8.375416396597213
VH,QTSZ05,BSSZ01,1,7.235198600178711
PT,GLSZ05,WCSZ01,1,24.297123256690377
PT,BKSZ09,OTSZ03,1,11.687141930673775
PT,GLSZ05,GLSZ04,1,1.665730792673618
PT,SISZ01,JWSZ04,1,15.30653663652579
PT,YSSZ04,ORSZ03,1,13.050147372252988
PT,BKSZ09,JESZ05,1,1.9302475957546805
PT,SGSZ01,SESZ06,1,1.7219476016544402
PT,BDSZ04,BDSZ08,1,2.3182251363040094
PT,KLSZ06,TMSZ03,1,9.511876636370626
WK,OTSZ01,OTSZ03,1,0.786821750900805
PT,TPSZ02,AMSZ01,1,4.463039102140407
VH,BSSZ02,BSSZ01,1,1.4491930913198168
PT,KLSZ01,KLSZ08,1,0.9892555638969216
PT,OTSZ03,RCSZ10,1,2.421670523075443
PT,CHSZ03,TMSZ05,1,4.074897271192548
PT,BMSZ08,BMSZ01,1,2.2553028628902387
PT,BKSZ07,NVSZ01,1,11.465653920480937
PT,SGSZ05,SGSZ04,1,1.6318777893787308
PT,DTSZ05,TMSZ03,1,11.878534778177949
PT,KLSZ06,DTSZ09,1,4.15533675661154
PT,CLSZ04,WDSZ07,1,14.508888614027107
VH,KLSZ06,PGSZ04,1,10.981786876801555
PT,JWSZ08,QTSZ09,1,9.865435821169042
PT,PGSZ05,MUSZ01,1,13.764586447335375
PT,ORSZ03,BPSZ02,1,12.444692131051866
PT,TMSZ01,PRSZ03,1,1.1835093370759322
PT,JWSZ03,RCSZ10,1,15.692561589304104
VH,GLSZ04,GLSZ04,1,0.0
VH,BSSZ03,YSSZ01,1,8.717429131590928
PT,PGSZ03,PGSZ05,1,1.9779039939853045
PT,BMSZ09,OTSZ04,1,1.9199644350690679
PT,ORSZ02,HGSZ05,1,10.015857788244015
PT,TPSZ11,SGSZ04,1,3.3686332191001673
PT,RCSZ10,BMSZ04,1,3.3880901319697165
PT,TPSZ04,HGSZ07,1,4.435988613782015
WK,HGSZ04,HGSZ01,1,0.7566664343295557
PT,SRSZ02,PGSZ03,1,13.86116294637143
PT,YSSZ09,AMSZ01,1,6.723825276326214
PT,WDSZ02,YSSZ04,1,5.669485942654458
PT,SKSZ03,SBSZ03,1,7.985569223160907
WK,ORSZ02,ORSZ02,1,0.0
PT,PNSZ03,CKSZ06,1,11.470531214084112
PT,CLSZ04,MUSZ03,1,9.48498438779671
WK,KLSZ09,KLSZ09,1,0.0
WK,CLSZ04,CLSZ06,1,0.7914849055353017
PT,DTSZ11,BPSZ03,1,15.126812973582753
PT,SGSZ03,SBSZ08,1,12.625132479051256
VH,AMSZ10,YSSZ03,1,4.7060653668352295
PT,JESZ05,BSSZ03,1,12.404837156885637
PT,BMSZ12,SBSZ01,1,18.553147783573515
VH,TMSZ04,ORSZ03,1,13.525313329094072
PT,BTSZ06,YSSZ09,1,12.1872845014351
WK,GLSZ05,GLSZ04,1,1.665730792673618
PT,WDSZ04,WDSZ03,1,1.5835624864458278
PT,SBSZ04,TMSZ04,1,20.091109422854064
PT,HGSZ03,TNSZ03,1,12.524860173467552
VH,SESZ03,SESZ05,1,1.1358929114864125
PT,GLSZ03,TMSZ02,1,6.673217167241603
WK,MPSZ03,MPSZ03,1,0.0
PT,JWSZ09,DTSZ05,1,17.702714307473705
PT,DTSZ09,DTSZ02,1,2.0107231382468744
PT,BDSZ04,BDSZ06,1,1.3781452505148277
PT,PGSZ01,DTSZ05,1,15.981379939908777
PT,DTSZ08,TPSZ07,1,6.019457439948945
WK,OTSZ04,SRSZ02,1,0.6338040573109484
VH,CKSZ04,ORSZ02,1,13.292992124825277
PT,NVSZ02,GLSZ04,1,4.543896392175608
PT,SGSZ06,TPSZ12,1,2.167929743490486
PT,WDSZ04,SBSZ09,1,3.0698837918676936
PT,WDSZ05,RCSZ09,1,16.298866481507005
WK,BMSZ07,BMSZ07,1,0.0
PT,JWSZ08,CLSZ06,1,8.398410045240128
VH,HGSZ06,DTSZ07,1,10.062552497131128
PT,TPSZ08,TMSZ03,1,7.799973568800109
PT,ORSZ02,BMSZ04,1,2.45748743027893
PT,GLSZ04,QTSZ14,1,10.704277518737051
PT,SBSZ03,YSSZ01,1,3.1103199668128694
PT,JWSZ03,JESZ05,1,3.042266158318978
PT,CKSZ05,CKSZ05,1,0.0
WK,TMSZ03,TMSZ02,1,1.8211342041293208
PT,HGSZ07,GLSZ05,1,4.623799103529617
PT,SBSZ01,YSSZ06,1,5.190086286144628
PT,GLSZ04,DTSZ05,1,4.9780475407465925
PT,TMSZ04,PRSZ03,1,3.554865866429268
PT,GLSZ03,BSSZ01,1,7.798564319431029
PT,JWSZ03,DTSZ05,1,16.21064551031357
PT,BTSZ01,YSSZ08,1,10.937903284121104
VH,TPSZ01,BSSZ03,1,1.6628552692300111
PT,BPSZ01,BPSZ05,1,1.2990930537372278
PT,JWSZ08,QTSZ08,1,11.870472544670106
PT,OTSZ03,JWSZ09,1,17.103461028455165
WK,QTSZ08,BTSZ07,1,2.181504046420334
PT,BTSZ01,BKSZ02,1,3.8054983211680304
PT,BDSZ06,GLSZ05,1,5.16174864786292
WK,BDSZ04,BDSZ04,1,0.0
VH,AMSZ09,AMSZ04,1,2.0023510376232783
WK,WDSZ02,WDSZ02,1,0.0
PT,JWSZ09,JWSZ09,1,0.0
PT,BSSZ03,KLSZ08,1,4.209639959902052
PT,BMSZ13,DTSZ08,1,4.449965188737789
VH,BSSZ01,TMSZ04,1,13.662181027889115
WK,BPSZ03,BPSZ04,1,0.9219301040327256
VH,KLSZ01,KLSZ01,1,0.0
VH,SGSZ06,GLSZ05,1,4.986415567336734
WK,BSSZ03,BSSZ01,1,2.463913530065902
WK,WDSZ04,WDSZ04,1,0.0
PT,SESZ03,HGSZ04,1,2.3969142178322658
PT,JWSZ04,JESZ05,1,2.3929114480591256
PT,QTSZ11,QTSZ11,1,0.0
WK,PRSZ05,PRSZ05,1,0.0
WK,JWSZ03,JWSZ04,1,1.7107282695398258
PT,KLSZ06,KLSZ01,1,1.3008041598955091
PT,SRSZ02,BDSZ04,1,11.132719283274374
WK,SBSZ04,SBSZ04,1,0.0
PT,PRSZ03,DTSZ05,1,14.581348508611656
PT,JWSZ03,TPSZ01,1,13.466593540309471
PT,SESZ06,CHSZ03,1,14.829547527202845
PT,DTSZ01,BDSZ03,1,7.211710053279743
PT,CKSZ04,CLSZ01,1,5.645958822968155
PT,PRSZ05,SESZ02,1,6.396421522877681
PT,YSSZ03,YSSZ01,1,1.0015506147644606
PT,SESZ02,DTSZ11,1,13.751614478433355
VH,QTSZ08,BTSZ08,1,2.5932947097107215
PT,PRSZ07,TMSZ03,1,4.694295965666411
VH,TMSZ03,TMSZ02,1,1.8211342041293208
WK,ORSZ03,ORSZ03,1,0.0
PT,DTSZ05,TMSZ04,1,13.084189965658855
PT,BMSZ08,QTSZ11,1,5.185798776659214
PT,BPSZ02,DTSZ01,1,13.904235931829593
PT,AMSZ01,SGSZ04,1,2.472488583151166
PT,SESZ06,PRSZ03,1,8.345643716716806
WK,WDSZ02,WDSZ02,1,0.0
PT,BDSZ01,GLSZ03,1,1.58853543467227
VH,CLSZ04,QTSZ11,1,2.6773849448754388
PT,JESZ05,JESZ04,1,1.2166469919796177
PT,DTSZ05,BDSZ06,1,11.214067516963254
PT,DTSZ08,BMSZ04,1,2.521211558301176
VH,QTSZ14,SESZ06,1,15.931774739652054
WK,WDSZ03,WDSZ03,1,0.0
PT,HGSZ02,BMSZ12,1,13.921119322303593
PT,JWSZ09,CLSZ06,1,7.463842493640451
WK,CKSZ06,CKSZ06,1,0.0
VH,GLSZ05,KLSZ01,1,4.098535673974548
PT,SESZ04,CHSZ01,1,10.382636729240222
PT,SESZ04,AMSZ01,1,5.292373483128956
VH,JESZ05,SESZ04,1,17.65769832786899
PT,SESZ04,SESZ06,1,1.4130001556698468
PT,HGSZ02,HGSZ01,1,0.7510371002354921
PT,RCSZ10,TPSZ01,1,4.646192750202342
PT,RCSZ06,NVSZ01,1,2.1633971350084527
PT,SESZ02,SGSZ04,1,5.081749522819904
PT,AMSZ04,GLSZ03,1,6.662885061280948
PT,SESZ06,OTSZ03,1,13.3191473537862
VH,GLSZ04,TMSZ03,1,6.947242067101804
PT,SESZ06,BMSZ05,1,13.654637384278224
PT,JWSZ04,MUSZ03,1,14.876555788859928
VH,JESZ02,QTSZ13,1,7.537425056023669
PT,JWSZ08,BPSZ01,1,8.636251427898133
WK,ORSZ02,DTSZ02,1,2.7038880830734957
PT,DTSZ01,DTSZ01,1,0.0
PT,BPSZ05,DTSZ05,1,13.925965731011926
PT,SBSZ09,WDSZ05,1,4.198824560572072
PT,QTSZ14,BMSZ15,1,3.3561139504775004
WK,BTSZ01,BTSZ01,1,0.0
PT,JESZ05,BPSZ04,1,6.024041207689825
WK,DTSZ05,DTSZ08,1,0.6129048720467968
PT,JESZ08,DTSZ02,1,12.480470892655617
PT,BKSZ05,BKSZ05,1,0.0
PT,JESZ02,ORSZ03,1,11.956400955741081
PT,BTSZ07,ORSZ03,1,4.995164103552829
PT,BMSZ04,TNSZ04,1,3.7321611381439888
PT,BDSZ03,QTSZ12,1,14.372801652016264
PT,YSSZ09,JESZ05,1,14.670956311843588
PT,AMSZ12,YSSZ01,1,5.115609634643661
VH,SESZ04,AMSZ03,1,5.016480979256313
PT,YSSZ01,BMSZ09,1,15.258529687159738
VH,BDSZ03,PLSZ04,1,3.5982830356699895
PT,SBSZ04,BSSZ01,1,11.19780844941514
VH,KLSZ07,WDSZ03,1,15.1677891316754
PT,SESZ03,PGSZ02,1,1.986152873619633
WK,PRSZ05,PRSZ05,1,0.0
PT,BKSZ03,BKSZ03,1,0.0
PT,NVSZ02,KLSZ09,1,2.997292266879592
PT,BKSZ02,BPSZ07,1,3.469533070325162
WK,OTSZ04,SRSZ02,1,0.6338040573109484
PT,BDSZ04,BDSZ01,1,2.996661839518554
PT,CKSZ03,SBSZ03,1,10.359600040450262
VH,BSSZ02,BSSZ02,1,0.0
VH,ORSZ02,KLSZ01,1,3.7550245499647685
VH,HGSZ05,SESZ04,1,1.720585279728292
VH,KLSZ08,CKSZ04,1,15.85906005925774
WK,AMSZ02,AMSZ01,1,0.8098454795607932
PT,AMSZ06,LKSZ01,1,14.809716655892487
PT,QTSZ08,WDSZ01,1,15.626653469985031
PT,TMSZ04,BDSZ04,1,2.300713819335355
WK,DTSZ05,DTSZ05,1,0.0
PT,TMSZ02,DTSZ03,1,12.325298708566573
VH,TPSZ06,QTSZ11,1,10.181295360390092
PT,AMSZ03,CHSZ03,1,16.26896451478921
PT,QTSZ09,JESZ02,1,5.34844581352307
WK,YSSZ03,YSSZ04,1,1.4331729019073896
PT,DTSZ12,BDSZ04,1,10.080377661169209
PT,BSSZ03,BMSZ02,1,8.45539766883654
PT,PGSZ03,PGSZ03,1,0.0
PT,SBSZ03,JWSZ08,1,17.74196685394739
PT,JESZ02,JWSZ04,1,2.067879773718251
PT,CLSZ01,BTSZ01,1,1.824015964668743
PT,QTSZ11,BDSZ07,1,16.769294207217236
PT,GLSZ05,SGSZ04,1,6.192090280755141
PT,BDSZ07,BDSZ07,1,0.0
PT,AMSZ05,AMSZ02,1,1.823303920901637
VH,QTSZ14,QTSZ08,1,2.328042786782597
PT,PRSZ03,PRSZ05,1,1.3236940820239511
PT,PGSZ03,KLSZ08,1,10.45901349527432
WK,PGSZ02,PGSZ02,1,0.0
PT,RCSZ01,MUSZ01,1,1.3828197571795893
VH,PGSZ05,PGSZ01,1,1.8881614768939468
PT,YSSZ03,DTSZ11,1,16.93948343031589
PT,TMSZ05,OTSZ03,1,14.978447610599046
VH,JESZ05,CKSZ04,1,5.1608391587745315
PT,SGSZ06,KLSZ01,1,3.4801975395945113
PT,BPSZ05,DTSZ11,1,14.699280581053403
VH,PGSZ05,QTSZ12,1,18.742818247780708
VH,DTSZ11,DTSZ11,1,0.0
VH,CKSZ06,TMSZ05,1,25.8352116825868
PT,CKSZ06,PLSZ04,1,17.49050057691842
PT,DTSZ11,BPSZ05,1,14.699280581053403
PT,CKSZ06,SRSZ03,1,16.822366956266773
PT,CHSZ03,DTSZ03,1,16.871958407664987
PT,OTSZ04,KLSZ02,1,4.889237080120493
PT,RCSZ06,AMSZ07,1,7.862658861884109
PT,NVSZ04,ORSZ03,1,3.4909001582888526
PT,CLSZ04,BMSZ06,1,6.584502328081186
PT,SBSZ01,BMSZ03,1,17.84680500393543
PT,CLSZ08,RCSZ01,1,9.925738761057652
PT,GLSZ01,HGSZ07,1,3.6385724318861623
PT,TPSZ05,WDSZ04,1,12.104495832343254
PT,JWSZ03,ORSZ03,1,14.182845944933135
PT,BMSZ08,BMSZ15,1,1.4611229178377867
PT,MPSZ03,GLSZ05,1,1.8762855558336555
WK,BTSZ01,BTSZ01,1,0.0
WK,AMSZ01,AMSZ02,1,0.8098454795607932
WK,ORSZ03,ORSZ03,1,0.0
PT,YSSZ01,SBSZ01,1,2.414191577362601
PT,AMSZ12,AMSZ10,1,0.8234041029192646
WK,BSSZ01,BSSZ01,1,0.0
PT,BTSZ01,GLSZ02,1,12.686766124485686
PT,BDSZ04,SRSZ02,1,11.132719283274374
PT,DTSZ05,YSSZ09,1,16.542268951385452
PT,MUSZ03,CKSZ06,1,16.190939107725303
PT,HGSZ04,WCSZ01,1,21.825390606750478
PT,WDSZ01,BMSZ06,1,16.748048305505957
PT,YSSZ08,AMSZ10,1,4.103593760269681
PT,PRSZ05,BTSZ01,1,21.164441990027203
VH,PGSZ05,SESZ03,1,2.179904123683928
PT,CKSZ03,CKSZ02,1,1.0663075799099802
PT,CLSZ04,NVSZ03,1,7.470010692599702
WK,WDSZ03,WDSZ03,1,0.0
PT,DTSZ10,YSSZ03,1,17.147745392230362
PT,BSSZ03,GLSZ04,1,5.197329041441522
VH,PGSZ03,KLSZ07,1,11.174796750366832
PT,YSSZ05,QTSZ08,1,13.765749256553715
PT,WDSZ03,WDSZ08,1,1.248407850888258
PT,DTSZ05,BMSZ01,1,4.48034938577123
PT,AMSZ02,DTSZ09,1,10.805696849153358
PT,HGSZ06,TMSZ01,1,6.495957604759432
VH,PGSZ05,PGSZ05,1,0.0
VH,BSSZ03,AMSZ03,1,1.6323305680531304
PT,SBSZ04,SBSZ03,1,1.203473776478544
VH,TMSZ02,SESZ03,1,7.245404358266343
PT,WDSZ03,JWSZ09,1,15.797370671875566
PT,AMSZ10,TPSZ11,1,6.564241535384367
WK,YSSZ03,YSSZ09,1,1.7688742052165112
PT,JWSZ02,TMSZ02,1,26.705279548511186
PT,CKSZ02,BTSZ01,1,5.027334340278274
PT,AMSZ02,BDSZ01,1,7.420803378017271
PT,BDSZ03,BDSZ04,1,2.353398647735378
PT,DTSZ08,WDSZ03,1,18.818777042815274
PT,BDSZ04,PGSZ04,1,7.660949513374884
WK,SBSZ03,SBSZ04,1,1.203473776478544
PT,SESZ06,SESZ06,1,0.0
VH,JESZ05,JESZ03,1,0.6185017999780152
PT,SGSZ06,BMSZ06,1,8.708095967043644
PT,MUSZ01,KLSZ01,1,3.190431763517255
PT,AMSZ09,SGSZ03,1,3.782040738487338
PT,BMSZ07,DTSZ05,1,4.623738318269099
VH,AMSZ09,AMSZ10,1,0.841056832156811
WK,CHSZ03,CHSZ03,1,0.0
PT,CLSZ06,CLSZ01,1,2.3137214955280214
VH,SESZ02,TNSZ01,1,12.150700718825576
WK,TMSZ02,TMSZ02,1,0.0
PT,BKSZ07,BPSZ07,1,3.1061195662990415
PT,MDSZ02,AMSZ02,1,7.550609106816495
PT,JESZ05,SBSZ03,1,15.109198870996606
WK,QTSZ11,CLSZ04,1,2.6773849448754388
PT,SESZ03,ORSZ03,1,11.995291083597502
WK,PRSZ03,TMSZ02,1,1.9941353644937028
WK,ORSZ03,ORSZ03,1,0.0
VH,SESZ04,SESZ04,1,0.0
PT,BDSZ04,MPSZ01,1,5.913667139001732
VH,PRSZ05,PRSZ05,1,0.0
PT,AMSZ01,DTSZ09,1,10.773627633205683
PT,CKSZ06,DTSZ02,1,16.784024557667813
WK,AMSZ06,AMSZ01,1,0.8041193925714387
VH,CHSZ03,HGSZ02,1,11.693802364771656
VH,CHSZ03,PGSZ03,1,13.099665252929867
PT,SESZ03,ORSZ01,1,12.528805832155784
PT,MDSZ03,SKSZ03,1,7.514023852313612
PT,OTSZ03,AMSZ01,1,10.32472751659054
PT,QTSZ08,SESZ03,1,15.756089750431935
PT,TMSZ03,TMSZ02,1,1.8211342041293208
PT,JWSZ04,QTSZ11,1,7.5022146648685295
PT,BMSZ08,QTSZ08,1,3.697006267953946
PT,NVSZ01,GLSZ05,1,5.341235918275995
PT,SESZ02,TMSZ02,1,6.325240589526703
PT,YSSZ04,OTSZ01,1,14.773069039439902
PT,KLSZ06,PRSZ03,1,11.991920707085347
PT,SESZ04,HGSZ06,1,3.629000242606035
PT,TPSZ01,RCSZ10,1,4.646192750202342
PT,PGSZ04,OTSZ03,1,14.806753324856446
PT,TMSZ03,TMSZ02,1,1.8211342041293208
PT,QTSZ14,SESZ03,1,17.087872620256313
PT,YSSZ03,SBSZ03,1,3.8060047834536612
WK,GLSZ05,GLSZ05,1,0.0
PT,SESZ03,SESZ03,1,0.0
PT,AMSZ02,DTSZ03,1,9.013382845063973
PT,SESZ03,BMSZ01,1,16.556470939668788
PT,YSSZ03,QTSZ12,1,16.976485296221146
PT,BDSZ06,TMSZ02,1,3.7427675516641705
PT,GLSZ05,JWSZ04,1,19.789149634149197
PT,PGSZ05,PGSZ03,1,1.9779039939853045
PT,BMSZ13,BMSZ01,1,1.0293958177027167
PT,PRSZ02,PRSZ05,1,2.467672782392698
PT,GLSZ03,HGSZ04,1,5.029450868158842
PT,SESZ06,PGSZ01,1,4.093587833457112
PT,CKSZ06,SKSZ04,1,1.3279259305576234
VH,BMSZ02,BMSZ01,1,1.581085550684683
PT,BDSZ04,TMSZ04,1,2.300713819335355
PT,WDSZ02,TSSZ03,1,20.03693551766567
VH,BDSZ04,BDSZ05,1,2.45621100070819
PT,GLSZ04,SESZ05,1,7.8661665834002354
PT,DTSZ03,BPSZ05,1,13.978662509460536
PT,AMSZ03,AMSZ07,1,3.000451146566747
PT,TPSZ06,AMSZ02,1,4.025979616026295
PT,CKSZ03,CKSZ02,1,1.0663075799099802
PT,SBSZ01,SBSZ04,1,2.041695361905371
WK,ORSZ03,ORSZ03,1,0.0
PT,HGSZ05,HGSZ07,1,2.7559690341873533
WK,WDSZ03,WDSZ03,1,0.0
VH,HGSZ03,DTSZ02,1,10.543034782655408
VH,KLSZ07,KLSZ06,1,1.0333149912560546
PT,QTSZ11,SGSZ04,1,12.461440296279195
PT,SGSZ04,TPSZ11,1,3.3686332191001673
VH,QTSZ05,QTSZ08,1,1.9041709380211382
PT,CHSZ03,TMSZ04,1,5.276965426937805
VH,AMSZ03,AMSZ01,1,1.363824475326825
VH,MPSZ03,KLSZ05,1,3.5293061098095544
VH,OTSZ03,BPSZ04,1,13.273824583302739
PT,QTSZ11,JESZ02,1,6.482564521816274
VH,SLSZ01,SESZ06,1,2.2123253193912045
WK,DTSZ02,DTSZ01,1,0.8112413736091982
PT,HGSZ04,MUSZ03,1,9.503549279021184
VH,BDSZ01,BDSZ04,1,2.996661839518554
PT,HGSZ04,MUSZ01,1,9.459547221026963
VH,YSSZ03,TMSZ04,1,15.383105433883431
WK,BDSZ06,BDSZ06,1,0.0
PT,NTSZ05,JWSZ09,1,15.915123348369852
PT,BMSZ08,QTSZ14,1,3.258197159689321
PT,AMSZ03,BSSZ03,1,1.6323305680531304
VH,RCSZ10,PRSZ03,1,13.274872873534077
PT,HGSZ08,GLSZ03,1,1.8629062650920165
PT,QTSZ08,GLSZ04,1,10.438931709219377
VH,TMSZ04,BPSZ04,1,20.383931856414446
PT,OTSZ03,BDSZ04,1,11.697349354766779
PT,NVSZ01,SGSZ06,1,3.6846292073140186
WK,BDSZ05,MPSZ03,1,1.9516366829651035
PT,PGSZ05,NVSZ02,1,12.262508482188563
PT,PGSZ04,OTSZ03,1,14.806753324856446
VH,ORSZ02,TMSZ03,1,12.45389772749502
PT,JWSZ04,JESZ09,1,3.034237206052953
PT,SESZ04,DTSZ02,1,12.028593467780356
PT,CLSZ06,JESZ05,1,3.258415621754853
VH,CHSZ03,PRSZ02,1,7.678648832534633
VH,BMSZ10,OTSZ03,1,1.4348126399213654
WK,HGSZ01,HGSZ02,1,0.7510371002354921
PT,SBSZ04,SGSZ06,1,13.154845936605819
VH,OTSZ03,TPSZ06,1,6.532056628538539
WK,QTSZ05,BMSZ08,1,1.9463200072786369
PT,BDSZ03,YSSZ09,1,15.107682401610045
PT,SESZ02,DTSZ05,1,13.019088221920612
PT,KLSZ09,AMSZ05,1,7.990749571720152
PT,BMSZ16,DTSZ11,1,1.7916035128954997
PT,DTSZ08,JWSZ04,1,15.49155940273522
PT,TMSZ01,TMSZ03,1,1.9993859622686991
PT,JESZ05,JESZ01,1,1.951247590558303
PT,BSSZ02,YSSZ09,1,8.675738153522987
VH,ORSZ03,TPSZ06,1,4.5299109091480245
VH,CHSZ03,CKSZ06,1,28.752245821624516
PT,KLSZ05,SGSZ06,1,5.771752768914808
PT,BMSZ05,BKSZ07,1,12.054079887109697
PT,OTSZ03,HGSZ04,1,11.414819607859396
PT,PGSZ05,DTSZ05,1,14.866252563038174
VH,DTSZ08,BTSZ01,1,10.827419563351057
PT,SGSZ06,BDSZ04,1,7.65814359492801
PT,JESZ05,CLSZ08,1,4.088270141502623
PT,YSSZ05,ORSZ02,1,11.629048640963592
PT,CKSZ03,BKSZ05,1,3.7324497524941984
PT,BDSZ04,BDSZ05,1,2.45621100070819
WK,HGSZ04,SESZ03,1,2.3969142178322658
PT,JESZ05,CHSZ03,1,28.76024439261399
PT,BMSZ08,BMSZ09,1,0.9449256600662472
PT,BKSZ07,DTSZ05,1,13.271577358620892
PT,WDSZ03,TSSZ05,1,24.36277835939031
VH,WDSZ03,SBSZ09,1,1.4977107594974173
PT,TNSZ02,WDSZ02,1,16.27481212890313
PT,TMSZ03,BDSZ04,1,2.01283224519501
PT,CKSZ03,WDSZ06,1,6.6117425452270515
WK,TMSZ02,TMSZ02,1,0.0
PT,SBSZ01,AMSZ01,1,8.484038622808013
PT,SGSZ07,SGSZ07,1,0.0
PT,YSSZ09,BDSZ05,1,16.315785509581058
PT,WDSZ04,PLSZ04,1,14.407813497506584
PT,BSSZ01,BSSZ01,1,0.0
WK,PGSZ03,PGSZ04,1,1.813530848549925
VH,MPSZ02,MPSZ03,1,0.7646729806688193
PT,TMSZ03,DTSZ08,1,12.414421415231951
PT,AMSZ01,AMSZ02,1,0.8098454795607932
PT,DTSZ01,WDSZ03,1,16.90716675769381
PT,GLSZ03,BMSZ08,1,9.512980952804028
PT,PGSZ05,BDSZ05,1,9.635182097064462
PT,SESZ06,DTSZ08,1,13.316825169891246
PT,BMSZ03,ORSZ02,1,2.6123990501298695
PT,DTSZ12,PGSZ05,1,14.524560902096695
WK,WDSZ09,WDSZ06,1,1.5712668037671202
PT,YSSZ03,YSSZ04,1,1.4331729019073896
PT,CKSZ03,KLSZ06,1,14.889508053954948
PT,YSSZ09,RCSZ03,1,14.237404031064775
PT,BDSZ03,TMSZ05,1,5.965584280085488
PT,TMSZ02,BMSZ05,1,15.394614815345465
VH,TPSZ02,NVSZ01,1,0.9734769421077302
WK,CLSZ06,CLSZ06,1,0.0
PT,BKSZ07,DTSZ12,1,14.00612280894079
VH,BLSZ01,CKSZ06,1,9.386534577206058
PT,QTSZ13,ORSZ02,1,6.194324724645706
PT,ORSZ02,BMSZ04,1,2.45748743027893
VH,DTSZ03,DTSZ02,1,0.7315950200170801
PT,JESZ05,CLSZ04,1,3.174817557630327
VH,BDSZ04,BDSZ06,1,1.3781452505148277
PT,KLSZ02,TSSZ05,1,26.425747263691516
PT,AMSZ06,HGSZ06,1,4.713838014633891
PT,BMSZ10,OTSZ03,1,1.4348126399213654
PT,KLSZ08,BSSZ01,1,6.092089799929383
PT,PGSZ01,TMSZ03,1,8.196687573117362
PT,KLSZ02,RVSZ01,1,5.276123074685391
PT,QTSZ08,YSSZ03,1,15.684827077257516
PT,TPSZ03,KLSZ01,1,2.452561666995805
PT,YSSZ03,NVSZ02,1,12.267324191950772
PT,SGSZ04,AMSZ01,1,2.472488583151166
PT,PGSZ04,DTSZ05,1,14.043313969234429
PT,GLSZ04,PRSZ04,1,10.769747244432923
PT,TPSZ12,NVSZ02,1,4.870988521513181
WK,GLSZ04,GLSZ02,1,1.4477226191472863
PT,JWSZ01,PNSZ03,1,4.797447634162126
PT,BTSZ01,YSSZ08,1,10.937903284121104
PT,SBSZ04,AMSZ01,1,9.983781859746369
PT,YSSZ04,CLSZ06,1,14.455585763637963
VH,TMSZ02,GLSZ01,1,8.935713869786671
PT,AMSZ01,SGSZ04,1,2.472488583151166
PT,QTSZ05,QTSZ10,1,3.267274760175375
PT,DTSZ05,SBSZ03,1,18.459820913519966
PT,BKSZ09,BTSZ01,1,1.5341841176833413
PT,SESZ03,OTSZ03,1,13.787593091207889
PT,BKSZ09,JESZ05,1,1.9302475957546805
PT,WDSZ04,WDSZ01,1,1.4487914875070382
PT,MUSZ01,BMSZ09,1,1.9300513934455674
PT,BDSZ04,BDSZ04,1,0.0
WK,BMSZ04,BMSZ10,1,0.5071977130988468
PT,CKSZ04,CKSZ03,1,1.1832660105867163
PT,GLSZ03,GLSZ04,1,2.2208826856539945
PT,YSSZ01,SESZ04,1,6.760082665374588
PT,BKSZ07,BKSZ05,1,1.7258909416032453
PT,YSSZ01,YSSZ03,1,1.0015506147644606
PT,BSSZ03,TMSZ05,1,13.105262267354885
PT,TMSZ02,TMSZ02,1,0.0
PT,BMSZ11,BMSZ02,1,1.0557254532935438
PT,TMSZ05,BTSZ01,1,21.979371095661232
PT,BDSZ01,TNSZ04,1,10.991465186455676
PT,SESZ04,BDSZ04,1,8.817494483301257
PT,TPSZ06,BSSZ03,1,1.5770906007752055
VH,TMSZ03,MPSZ03,1,5.982044201148525
PT,WDSZ02,BKSZ09,1,11.601989402462506
PT,TNSZ02,HGSZ07,1,9.673432414337057
PT,TMSZ05,GLSZ03,1,8.061120277636114
PT,BMSZ07,WDSZ05,1,16.137593870662094
PT,ORSZ03,BDSZ04,1,11.2727208010041
PT,KLSZ07,WDSZ04,1,14.323337280197997
PT,SRSZ02,SESZ06,1,12.263816337144911
PT,ORSZ02,OTSZ03,1,3.0833573960419685
VH,JWSZ02,JWSZ03,1,1.1903534965573972
PT,SESZ04,PRSZ03,1,6.987508785683234
VH,BDSZ04,QTSZ08,1,16.505545869932877
PT,BMSZ08,SISZ01,1,4.222020982113782
PT,JWSZ09,JWSZ09,1,0.0
VH,BMSZ12,OTSZ03,1,3.9137665802028723
PT,DTSZ01,TMSZ05,1,13.006445297241273
PT,TMSZ04,BDSZ02,1,3.076728253028696
VH,YSSZ03,YSSZ01,1,1.0015506147644606
PT,QTSZ11,AMSZ01,1,11.566261607196632
PT,BDSZ05,TMSZ04,1,4.713978723286054
PT,SGSZ06,HGSZ07,1,1.8431609549072046
WK,JESZ01,JESZ01,1,0.0
VH,BMSZ12,KLSZ01,1,7.40742218567631
PT,HGSZ04,HGSZ05,1,0.9713078128166454
PT,HGSZ07,GLSZ05,1,4.623799103529617
PT,BDSZ01,CHSZ02,1,8.426647138054328
PT,SBSZ03,SBSZ03,1,0.0
PT,KLSZ01,OTSZ03,1,5.111831034809398
PT,PRSZ02,PRSZ03,1,1.2089472301797606
PT,JESZ02,BKSZ09,1,2.144937939379743
WK,JESZ05,JESZ03,1,0.6185017999780152
PT,CKSZ02,BTSZ01,1,5.027334340278274
VH,WDSZ03,BLSZ02,1,17.191076967811895
WK,BKSZ03,BKSZ03,1,0.0
PT,JWSZ01,RVSZ03,1,15.5063617624968
PT,BMSZ13,DTSZ08,1,4.449965188737789
PT,JESZ05,JWSZ09,1,4.578885078555272
PT,JWSZ09,JWSZ09,1,0.0
PT,BSSZ02,TNSZ01,1,5.048780726952571
PT,MPSZ03,BTSZ05,1,11.548159119224007
PT,ORSZ02,BSSZ01,1,5.814905738335073
PT,HGSZ03,OTSZ03,1,12.263713004032324
PT,KLSZ02,TMSZ02,1,9.712711087423
WK,PRSZ02,PRSZ02,1,0.0
VH,TMSZ04,SESZ03,1,8.440538607364859
VH,GLSZ04,BDSZ01,1,3.723747738075413
PT,PGSZ02,WDSZ02,1,12.711092372017745
VH,AMSZ01,SESZ04,1,5.292373483128956
VH,ORSZ02,BMSZ08,1,2.3374692627379265
PT,HGSZ07,HGSZ06,1,0.9450377036360438
VH,AMSZ01,SGSZ06,1,3.5002927418764003
PT,PGSZ04,KLSZ08,1,10.31085234894083
PT,SESZ02,SESZ04,1,1.914283801890594
VH,TMSZ02,TMSZ02,1,0.0
PT,BPSZ01,CKSZ06,1,2.1391330870157463
PT,CLSZ05,AMSZ01,1,11.975847670303475
PT,QTSZ02,PGSZ05,1,16.870114439027965
PT,KLSZ06,DTSZ08,1,3.7564072430070157
PT,AMSZ01,YSSZ04,1,5.178077258460335
PT,HGSZ04,SGSZ03,1,1.392533316707768
PT,QTSZ10,QTSZ11,1,0.9343207049567491
PT,QTSZ15,JESZ05,1,7.269011467848186
PT,SGSZ06,QTSZ11,1,12.183856278019633
PT,QTSZ05,DTSZ05,1,4.992013285851328
PT,KLSZ01,BMSZ05,1,5.609086891627479
WK,CKSZ05,CKSZ05,1,0.0
PT,ORSZ03,NVSZ02,1,1.8889192483215784
PT,BKSZ03,AMSZ03,1,12.64556541962061
PT,HGSZ01,TMSZ01,1,5.300836476115918
PT,CLSZ09,QTSZ02,1,4.478418087515621
VH,BDSZ01,SESZ06,1,7.576712019239595
PT,MPSZ02,TMSZ04,1,6.839996170101967
VH,SESZ03,BDSZ06,1,9.380620915368945
PT,JWSZ09,JESZ05,1,4.578885078555272
PT,TPSZ07,QTSZ11,1,9.953560056793552
PT,DTSZ05,SESZ03,1,13.069669426129714
VH,WDSZ06,TMSZ04,1,22.558655645314747
VH,BDSZ02,BDSZ02,1,0.0
VH,BMSZ15,BMSZ05,1,1.2830818685316632
PT,TMSZ02,TMSZ02,1,0.0
PT,JWSZ04,BDSZ04,1,23.884750501794723
WK,YSSZ01,YSSZ09,1,0.8885412780857345
PT,YSSZ04,BMSZ05,1,15.430684837185414
PT,QTSZ11,CKSZ04,1,10.184224979753038
VH,GLSZ04,BKSZ05,1,14.068098427033647
VH,PGSZ05,SESZ04,1,2.940423146056921
PT,GLSZ04,TMSZ03,1,6.947242067101804
PT,WDSZ03,SBSZ03,1,1.8504157042501537
VH,PGSZ01,PGSZ05,1,1.8881614768939468
VH,BDSZ03,DTSZ12,1,7.843471795454008
PT,BKSZ01,BPSZ05,1,1.2221236874947188
PT,AMSZ02,GLSZ03,1,6.7284817099504375
WK,BMSZ14,BMSZ14,1,0.0
PT,JWSZ09,QTSZ04,1,11.37155026139227
PT,RCSZ01,RCSZ10,1,1.0606802205667514
PT,YSSZ02,CKSZ05,1,11.360177162210382
VH,BDSZ02,BDSZ04,1,1.517590146979497
PT,HGSZ05,HGSZ05,1,0.0
PT,TPSZ04,HGSZ02,1,6.310818010972888
WK,GLSZ05,BMSZ06,1,9.101767866768423
PT,DTSZ03,MPSZ03,1,5.458312316417053
PT,AMSZ06,BTSZ01,1,8.537012758085234
VH,AMSZ09,BSSZ01,1,2.7648089240328275
VH,PRSZ05,GLSZ01,1,10.423145420035333
PT,MUSZ03,CKSZ03,1,15.015331151405574
PT,BKSZ03,CKSZ03,1,3.3189613321302978
PT,QTSZ05,WCSZ01,1,16.20233546179008
PT,BPSZ04,DTSZ08,1,13.733227728729675
VH,TMSZ04,TMSZ04,1,0.0
PT,AMSZ09,BDSZ03,1,10.486206580311865
VH,WDSZ03,WDSZ03,1,0.0
PT,CLSZ04,QTSZ11,1,2.6773849448754388
PT,DTSZ02,BPSZ04,1,12.865872036534844
PT,BMSZ16,DTSZ11,1,1.7916035128954997
VH,JWSZ03,JWSZ08,1,2.971328752322575
PT,KLSZ08,SESZ04,1,9.316487485870313
VH,TPSZ02,SGSZ06,1,3.5040671156653205
PT,PGSZ05,HGSZ08,1,7.06709033941901
PT,KLSZ06,CLSZ06,1,10.679709548175952
PT,BMSZ07,TMSZ02,1,17.416077582184812
PT,YSSZ03,WDSZ05,1,7.564900442777694
VH,SESZ03,AMSZ01,1,6.030898896125365
PT,WDSZ03,WCSZ01,1,14.098304540966351
VH,YSSZ03,YSSZ09,1,1.7688742052165112
VH,YSSZ04,YSSZ04,1,0.0
PT,SGSZ04,QTSZ08,1,11.048009930792105
WK,BKSZ05,BKSZ05,1,0.0
PT,KLSZ09,PGSZ03,1,11.91936087006269
PT,BKSZ08,JWSZ09,1,6.244168118584593
PT,MPSZ03,QTSZ08,1,12.960943887980356
VH,HGSZ06,SGSZ04,1,1.5591025686795772
PT,AMSZ01,JESZ05,1,12.387201421412767
PT,TNSZ01,AMSZ06,1,6.84135302153453
PT,TPSZ01,BPSZ01,1,10.394323323662796
PT,JESZ01,BDSZ05,1,21.253931528832577
WK,BSSZ02,BSSZ02,1,0.0
PT,DTSZ03,TMSZ02,1,12.325298708566573
PT,CHSZ03,WDSZ03,1,24.474051696288676
PT,AMSZ03,TMSZ04,1,11.243256280413037
PT,ORSZ02,HGSZ07,1,8.295784800679039
PT,DTSZ02,DTSZ03,1,0.7315950200170801
PT,WCSZ01,SGSZ03,1,20.433213957725354
PT,YSSZ05,QTSZ08,1,13.765749256553715
PT,WDSZ02,SBSZ02,1,3.724188147241845
PT,ORSZ02,BDSZ04,1,11.832707237144264
PT,WDSZ05,SBSZ09,1,4.198824560572072
PT,BDSZ04,GLSZ03,1,4.3857290474795105
PT,BTSZ01,QTSZ12,1,6.316834302658654
VH,PGSZ02,PGSZ03,1,0.8699452159826071
PT,SESZ02,NVSZ02,1,10.407887596508044
WK,BKSZ07,BKSZ07,1,0.0
WK,YSSZ03,YSSZ01,1,1.0015506147644606
VH,JWSZ09,JWSZ08,1,0.9403575284652649
WK,SBSZ01,SBSZ02,1,1.0177521225222945
PT,BSSZ03,GLSZ05,1,6.2265683692297955
VH,BSSZ03,QTSZ02,1,7.948322673784119
PT,CHSZ01,PRSZ04,1,3.2772824845036697
PT,SESZ06,DTSZ03,1,11.639196432459416
VH,BSSZ02,BSSZ01,1,1.4491930913198168
PT,BDSZ03,WDSZ09,1,20.510085034976445
VH,GLSZ03,GLSZ03,1,0.0
PT,BDSZ04,BDSZ03,1,2.353398647735378
PT,CKSZ04,DTSZ12,1,17.077456065998973
VH,SESZ03,PGSZ05,1,2.179904123683928
PT,QTSZ14,CKSZ05,1,13.842068854199525
PT,QTSZ06,QTSZ14,1,2.0092190604551083
PT,DTSZ08,BPSZ05,1,14.19120703348738
PT,NVSZ01,KLSZ06,1,1.8640868453461785
PT,TNSZ04,JESZ05,1,8.077399106725654
VH,NVSZ02,TNSZ01,1,2.0952290423453896
VH,WDSZ05,WDSZ03,1,2.9195549289936507
WK,NVSZ02,NVSZ02,1,0.0
WK,DTSZ01,RCSZ03,1,0.7323891344173754
WK,DTSZ02,MUSZ01,1,1.1386941693900328
PT,DTSZ12,CLSZ06,1,11.081658335253659
PT,TPSZ07,TPSZ06,1,0.5451329009361701
VH,BDSZ04,NVSZ01,1,9.459263596389071
PT,JESZ05,CKSZ06,1,7.536802133918281
WK,SESZ03,SESZ03,1,0.0
PT,BKSZ07,BKSZ05,1,1.7258909416032453
VH,SGSZ06,BDSZ04,1,7.65814359492801
PT,DTSZ01,DTSZ02,1,0.8112413736091982
PT,ORSZ02,GLSZ04,1,5.758616797070354
WK,BSSZ03,BSSZ03,1,0.0
PT,CLSZ06,CLSZ04,1,0.7914849055353017
WK,JWSZ09,JWSZ09,1,0.0
VH,ORSZ01,QTSZ05,1,2.133037229525851
PT,TPSZ09,RCSZ01,1,3.0518198169006183
PT,TMSZ03,CLSZ09,1,20.666499888376197
PT,JESZ05,CKSZ03,1,5.797495543303256
PT,BDSZ04,BDSZ05,1,2.45621100070819
VH,YSSZ01,YSSZ09,1,0.8885412780857345
PT,MPSZ03,DTSZ05,1,6.637872214589594
PT,DTSZ02,AMSZ01,1,8.960602715422072
PT,BSSZ03,BSSZ03,1,0.0
PT,JWSZ02,BMSZ16,1,15.993570349744726
VH,SESZ03,SESZ06,1,2.3877316708630167
PT,JESZ05,CKSZ04,1,5.1608391587745315
PT,TPSZ09,DTSZ11,1,6.547699948045994
VH,BPSZ05,BMSZ12,1,11.432932775214413
PT,HGSZ08,HGSZ08,1,0.0
VH,BKSZ03,NVSZ01,1,12.555893370869093
PT,DTSZ02,WDSZ09,1,19.348651591788627
PT,NVSZ02,PGSZ04,1,11.460422679778869
PT,CLSZ08,QTSZ13,1,2.5886774333440195
PT,CLSZ06,QTSZ14,1,5.195493908866284
VH,GLSZ04,KLSZ06,1,2.744931672361884
PT,DTSZ03,AMSZ01,1,9.11149315401756
PT,AMSZ01,BSSZ01,1,2.330062203630164
PT,JWSZ08,YSSZ09,1,17.93564614351108
PT,BPSZ04,QTSZ08,1,8.96860875261681
PT,ORSZ02,AMSZ08,1,9.06711546434846
VH,PRSZ05,PRSZ03,1,1.3236940820239511
WK,ORSZ02,ORSZ02,1,0.0
WK,TMSZ02,TMSZ02,1,0.0
WK,SESZ02,SESZ02,1,0.0
VH,TMSZ04,BDSZ06,1,2.3820541097862336
VH,AMSZ02,HGSZ05,1,3.1752255161933487
PT,TMSZ03,WDSZ04,1,18.18025456125675
PT,BKSZ05,BPSZ02,1,3.409123464999067
PT,YSSZ03,YSSZ04,1,1.4331729019073896
PT,OTSZ03,BMSZ04,1,1.9278935544172855
PT,BSSZ03,BTSZ03,1,8.10388076243389
PT,JWSZ04,JESZ05,1,2.3929114480591256
VH,YSSZ04,QTSZ11,1,15.222601632124654
PT,WDSZ02,WDSZ09,1,1.696465635892577
PT,YSSZ02,AMSZ04,1,8.171626483977183
PT,DTSZ05,NVSZ04,1,5.841949163250831
PT,WDSZ06,QTSZ09,1,14.024340779827705
PT,WDSZ03,DTSZ05,1,18.34652970388401
PT,HGSZ05,KLSZ08,1,7.656374500822711
PT,BSSZ01,PGSZ02,1,9.593735566572484
PT,BDSZ03,MUSZ02,1,8.459029408260127
PT,GLSZ04,DTSZ01,1,3.502717882200577
PT,BMSZ08,BMSZ08,1,0.0
PT,AMSZ09,ORSZ02,1,8.481717241596819
PT,BMSZ02,QTSZ11,1,4.918896768174725
WK,YSSZ01,YSSZ02,1,1.2670184364300072
VH,DTSZ03,BMSZ16,1,3.209142432181445
WK,MUSZ01,ORSZ03,1,0.7364956663086714
PT,WDSZ01,BSSZ03,1,12.465193220000813
PT,SGSZ06,JESZ05,1,14.386437650177955
PT,BPSZ04,DTSZ11,1,14.235804299044467
VH,MPSZ02,MPSZ03,1,0.7646729806688193
VH,YSSZ03,YSSZ09,1,1.7688742052165112
PT,HGSZ06,HGSZ04,1,1.3155617892005385
VH,SESZ04,NVSZ03,1,10.029646230893865
WK,BKSZ03,BKSZ06,1,0.9091830057450656
PT,NVSZ02,GLSZ03,1,6.1221639289926015
WK,YSSZ01,YSSZ09,1,0.8885412780857345
PT,BTSZ06,SGSZ06,1,8.237297308621857
PT,BSSZ01,TPSZ02,1,3.1724755752781033
PT,YSSZ04,ORSZ02,1,12.588294355199164
PT,PGSZ02,PGSZ02,1,0.0
VH,BKSZ07,BKSZ05,1,1.7258909416032453
PT,JESZ07,JWSZ03,1,3.4963833458111213
VH,NVSZ02,AMSZ06,1,6.217438334820094
PT,SESZ02,PGSZ04,1,1.052549878649884
PT,BMSZ15,JWSZ04,1,13.317165547043755
PT,DTSZ11,CKSZ03,1,16.83680416961772
PT,OTSZ03,SESZ03,1,13.787593091207889
PT,SESZ03,DTSZ03,1,11.867096099365066
VH,TPSZ08,TMSZ03,1,7.799973568800109
VH,JESZ03,CHSZ03,1,28.356659467767617
PT,BSSZ03,NVSZ02,1,3.75325190070528
WK,WCSZ01,CKSZ06,1,6.791652845318785
PT,TMSZ02,TMSZ02,1,0.0
PT,SESZ02,SESZ02,1,0.0
PT,QTSZ11,TPSZ02,1,8.722457060533003
PT,JESZ05,YSSZ05,1,14.277689318721063
VH,SESZ06,SESZ03,1,2.3877316708630167
PT,WDSZ01,AMSZ06,1,9.483221295881432
PT,PRSZ03,DTSZ11,1,15.087485095057277
VH,BMSZ01,OTSZ03,1,3.5711825897935023
PT,SGSZ06,OTSZ03,1,8.576989849121452
WK,AMSZ04,AMSZ03,1,0.8073031498760181
PT,BPSZ05,DTSZ08,1,14.19120703348738
PT,BPSZ07,RCSZ10,1,10.27814063294437
WK,SESZ03,SESZ04,1,0.9952512670910597
VH,PGSZ02,PGSZ04,1,1.915966749166938
PT,AMSZ05,MPSZ01,1,9.42878099805811
PT,GLSZ05,HGSZ05,1,7.374895768367113
PT,GLSZ03,HGSZ04,1,5.029450868158842
PT,SGSZ06,GLSZ05,1,4.986415567336734
PT,CKSZ02,CLSZ01,1,4.985914753038485
PT,BMSZ09,YSSZ09,1,15.730571876324207
PT,SESZ02,TPSZ12,1,6.207948707726495
WK,CKSZ04,CKSZ03,1,1.1832660105867163
PT,BSSZ02,SKSZ03,1,10.429319653164448
PT,DTSZ10,PRSZ03,1,15.940489121044637
PT,BDSZ03,CHSZ03,1,9.816430053148721
VH,CHSZ03,HGSZ06,1,13.488850399247307
WK,PRSZ02,PRSZ02,1,0.0
VH,AMSZ09,AMSZ10,1,0.841056832156811
VH,TMSZ04,TMSZ04,1,0.0
PT,TPSZ06,GLSZ05,1,4.938649673584462
WK,JESZ05,JESZ05,1,0.0
PT,YSSZ09,DTSZ02,1,15.618491901902527
PT,CHSZ03,SESZ02,1,11.576416402488878
PT,SBSZ03,QTSZ14,1,18.943875000758077
PT,DTSZ05,BKSZ05,1,12.557889033034076
PT,KLSZ01,PGSZ04,1,9.756549665873157
PT,DTSZ11,CLSZ05,1,11.723943029723348
PT,SESZ03,TMSZ04,1,8.440538607364859
PT,GLSZ04,ORSZ03,1,5.177503428570169
PT,QTSZ11,WDSZ04,1,14.969042216478718
PT,YSSZ01,SBSZ01,1,2.414191577362601
PT,BDSZ04,DTSZ05,1,10.783708417296742
PT,BDSZ01,CHSZ03,1,10.248710691630993
PT,YSSZ04,ORSZ03,1,13.050147372252988
PT,BDSZ04,BDSZ03,1,2.353398647735378
PT,TMSZ04,DTSZ08,1,13.571499451265936
PT,BMSZ15,BMSZ01,1,1.3582854437845964
PT,TPSZ07,BSSZ03,1,2.090162196886959
VH,QTSZ14,BSSZ03,1,10.327412642956716
VH,BTSZ01,MPSZ03,1,15.615424308426128
PT,DTSZ05,TPSZ06,1,5.961255650301703
PT,TMSZ04,TMSZ04,1,0.0
PT,QTSZ04,BMSZ07,1,2.095098327717852
PT,SKSZ03,WDSZ06,1,4.4007689746636
PT,JWSZ08,SGSZ04,1,19.202485603598454
PT,DTSZ05,TMSZ03,1,11.878534778177949
PT,BPSZ03,CLSZ06,1,8.135214901401165
WK,QTSZ05,QTSZ05,1,0.0
WK,BDSZ03,BDSZ03,1,0.0
PT,SBSZ03,OTSZ03,1,18.72631779852018
PT,TNSZ04,BPSZ05,1,8.572249934626104
PT,SESZ04,SESZ04,1,0.0
PT,TPSZ04,TPSZ06,1,0.6423106719921827
PT,PGSZ02,PGSZ01,1,0.9800015896988599
WK,BSSZ01,BSSZ01,1,0.0
PT,GLSZ02,NVSZ01,1,3.799664429810008
PT,TPSZ01,BMSZ06,1,5.812886126861127
PT,DTSZ05,BTSZ06,1,7.203714284599673
WK,RCSZ09,KLSZ07,1,1.3056522938417747
WK,WDSZ03,WDSZ02,1,1.1650477156252987
PT,PGSZ03,BSSZ01,1,8.767478441212065
PT,TMSZ02,PRSZ03,1,1.9941353644937028
PT,CKSZ02,BSSZ03,1,12.183500492907996
PT,TPSZ02,DTSZ03,1,4.785765176001042
PT,WDSZ02,WDSZ02,1,0.0
PT,BMSZ07,QTSZ05,1,1.09184867404237
WK,PRSZ03,PRSZ03,1,0.0
PT,JESZ05,YSSZ09,1,14.670956311843588
PT,JESZ05,BKSZ04,1,2.7771039950305636
PT,QTSZ11,CKSZ05,1,11.230928670066447
VH,KLSZ07,SESZ02,1,10.22300465858183
PT,GLSZ05,SBSZ05,1,17.216497877864573
PT,CKSZ03,BKSZ06,1,4.215691056019548
PT,TMSZ05,BDSZ01,1,6.654979226160583
PT,DTSZ09,KLSZ01,1,5.447879707702423
PT,AMSZ08,TMSZ03,1,12.69689688890953
WK,QTSZ11,QTSZ11,1,0.0
PT,QTSZ10,JESZ01,1,7.140748544089447
PT,SBSZ04,OTSZ03,1,19.92900527663506
PT,HGSZ03,OTSZ03,1,12.263713004032324
PT,DTSZ05,RVSZ05,1,1.8881059079401241
VH,TPSZ09,KLSZ01,1,1.2781299803671196
PT,KLSZ01,DTSZ02,1,3.4479775556569643
PT,PGSZ03,AMSZ09,1,6.764710667800791
PT,GLSZ05,WDSZ02,1,18.107617509683756
PT,JWSZ09,KLSZ09,1,18.505878698811767
PT,MUSZ01,BPSZ03,1,12.610827805406512
VH,TMSZ03,ORSZ02,1,12.45389772749502
PT,TSSZ02,JESZ01,1,10.91820268049769
VH,JWSZ03,OTSZ03,1,15.692771937909034
WK,CLSZ06,CLSZ06,1,0.0
VH,YSSZ09,AMSZ01,1,6.723825276326214
VH,CLSZ04,JWSZ08,1,8.536027213219043
PT,BMSZ05,BMSZ14,1,1.596649934617425
WK,BSSZ02,BSSZ02,1,0.0
PT,ORSZ02,ORSZ03,1,0.8534670569351773
PT,TMSZ04,BPSZ04,1,20.383931856414446
VH,TPSZ02,TPSZ02,1,0.0
VH,BTSZ03,SBSZ03,1,13.79576964492098
PT,SESZ03,SRSZ02,1,12.78610683895676
PT,BMSZ08,JWSZ01,1,14.92031700953266
PT,BMSZ15,BMSZ01,1,1.3582854437845964
PT,TPSZ02,TPSZ11,1,3.07391219294555
PT,SBSZ05,CLSZ09,1,17.966110817040104
PT,BMSZ13,BMSZ04,1,2.1574266924640133
VH,QTSZ11,BMSZ01,1,5.112037293513128
VH,QTSZ10,CKSZ04,1,9.54604063031863
PT,HGSZ05,QTSZ11,1,15.006819614910182
WK,SGSZ06,SGSZ06,1,0.0
PT,QTSZ11,QTSZ10,1,0.9343207049567491
PT,YSSZ09,ORSZ02,1,13.985649668373252
PT,YSSZ04,YSSZ04,1,0.0
PT,BKSZ07,JWSZ09,1,5.441460194036724
PT,GLSZ02,GLSZ03,1,1.2889842620311078
PT,TMSZ04,TPSZ02,1,12.040631003287713
PT,DTSZ05,CKSZ03,1,16.08993053238815
PT,WDSZ04,TSSZ02,1,20.732269585313404
WK,BSSZ02,BSSZ02,1,0.0
WK,DTSZ03,DTSZ02,1,0.7315950200170801
PT,JESZ03,CLSZ01,1,1.303675435063565
VH,SESZ02,GLSZ03,1,6.517251008438398
PT,KLSZ09,DTSZ03,1,1.0917011151112388
PT,TMSZ03,GLSZ05,1,5.460103820270141
WK,SBSZ04,SBSZ04,1,0.0
PT,BSSZ03,QTSZ08,1,8.962213671593334
PT,SESZ03,PGSZ02,1,1.986152873619633
PT,WDSZ02,SBSZ03,1,3.0035475744215976
PT,BSSZ03,BSSZ03,1,0.0
PT,HGSZ04,TPSZ02,1,6.353791556351828
PT,AMSZ01,PGSZ04,1,7.568895374585283
PT,QTSZ06,GLSZ04,1,9.230691233686077
PT,HGSZ05,HGSZ06,1,2.0181787503117468
PT,CKSZ03,CKSZ04,1,1.1832660105867163
PT,OTSZ03,JESZ05,1,12.688558600169207
VH,DTSZ11,QTSZ05,1,5.470757413392412
PT,JWSZ09,WCSZ01,1,4.867229736806335
PT,NTSZ03,QTSZ06,1,4.416777636407842
PT,BDSZ01,BMSZ05,1,10.389185043031611
PT,SRSZ02,AMSZ01,1,9.251437287316284
PT,WDSZ05,BPSZ04,1,5.820147087585998
VH,JWSZ08,JWSZ08,1,0.0
VH,GLSZ04,GLSZ04,1,0.0
PT,WDSZ02,GLSZ05,1,18.107617509683756
PT,QTSZ05,DTSZ02,1,5.029089430873017
WK,SESZ06,SESZ06,1,0.0
WK,JESZ05,JESZ02,1,0.9177132998918662
VH,TMSZ02,TMSZ03,1,1.8211342041293208
PT,TMSZ03,PRSZ03,1,2.936930765047012
WK,DTSZ05,DTSZ05,1,0.0
PT,CLSZ04,BMSZ01,1,7.551707436129899
PT,WDSZ04,WDSZ06,1,2.210266237844914
VH,AMSZ04,CHSZ03,1,17.075815840082832
VH,NVSZ02,SESZ06,1,9.39885244946822
PT,BPSZ04,OTSZ03,1,13.273824583302739
PT,WDSZ05,QTSZ09,1,13.114151663638067
PT,HGSZ03,CLSZ01,1,16.442084386037774
PT,BMSZ15,BTSZ07,1,5.679423222498648
PT,KLSZ06,SBSZ03,1,15.758955871017196
PT,DTSZ05,BMSZ03,1,3.787659890941118
VH,JWSZ09,JESZ04,1,3.371291748610613
VH,GLSZ02,GLSZ04,1,1.4477226191472863
VH,SGSZ04,TPSZ11,1,3.3686332191001673
PT,ORSZ02,SGSZ06,1,6.715125652398436
PT,JESZ05,QTSZ10,1,5.231692492009568
WK,SGSZ07,SGSZ06,1,0.9479193276864053
PT,QTSZ11,BPSZ04,1,9.023385157514559
PT,CKSZ05,BPSZ02,1,2.294174780128727
WK,QTSZ08,QTSZ08,1,0.0
VH,DTSZ03,TPSZ02,1,4.785765176001042
VH,JESZ08,JWSZ08,1,6.301330374130722
PT,SESZ04,SESZ03,1,0.9952512670910597
PT,DTSZ05,TMSZ01,1,13.414414508982238
PT,KLSZ04,SESZ02,1,9.630835982629637
PT,BPSZ02,DTSZ03,1,14.766468190740026
PT,CLSZ07,BMSZ03,1,5.73132394114154
WK,BMSZ10,BMSZ10,1,0.0
PT,BKSZ06,BKSZ07,1,0.9082341190430384
PT,PGSZ03,SGSZ06,1,6.32954895424093
PT,NVSZ02,YSSZ02,1,13.404197618820344
PT,QTSZ02,OTSZ03,1,6.285387373884506
VH,HGSZ05,GLSZ03,1,5.964687136270527
WK,SESZ06,SESZ06,1,0.0
PT,BDSZ04,TMSZ04,1,2.300713819335355
VH,TMSZ04,HGSZ03,1,7.43923960706008
PT,HGSZ05,SESZ06,1,1.6602232514061128
PT,CLSZ04,BTSZ05,1,4.887251250452941
VH,WDSZ02,WDSZ05,1,1.8640784453476875
VH,GLSZ04,BDSZ05,1,4.097173192895421
PT,BDSZ03,DTSZ01,1,7.211710053279743
PT,HGSZ08,ORSZ03,1,7.1960383034162
PT,BPSZ03,NVSZ02,1,10.918416443505086
PT,CKSZ05,DTSZ05,1,16.759536191487474
PT,AMSZ10,YSSZ01,1,4.6723574939688755
PT,BSSZ01,TNSZ01,1,4.949979267570858
PT,KLSZ09,JWSZ04,1,16.294623076909833
PT,DTSZ03,BDSZ02,1,9.140208229691282
PT,BSSZ02,BSSZ03,1,1.034011091901759
PT,JWSZ08,QTSZ08,1,11.870472544670106
PT,JWSZ09,JWSZ09,1,0.0
WK,MPSZ03,MPSZ02,1,0.7646729806688193
WK,WDSZ03,WDSZ03,1,0.0
PT,DTSZ02,BDSZ02,1,9.704278081365532
PT,YSSZ03,RCSZ10,1,14.277240919626205
PT,HGSZ08,CLSZ04,1,13.716348671247959
WK,TMSZ02,TMSZ02,1,0.0
VH,TMSZ03,GLSZ01,1,7.114609344836803
VH,BDSZ04,TMSZ05,1,3.6785665957272142
VH,BKSZ04,JESZ03,1,2.1747668363872275
VH,BTSZ03,BTSZ01,1,1.8137215566160432
PT,CLSZ06,BMSZ07,1,5.846637559605442
PT,BSSZ01,KLSZ03,1,6.5132736213001685
PT,OTSZ04,BPSZ05,1,13.564537305356447
PT,CLSZ03,CLSZ06,1,1.2996250777165392
PT,CLSZ04,TMSZ04,1,20.945600909100076
PT,JESZ05,JWSZ04,1,2.3929114480591256
PT,GLSZ04,DTSZ02,1,4.173340799230519
PT,JWSZ09,DTSZ01,1,17.708959617548228
VH,SESZ06,SESZ06,1,0.0
WK,ORSZ03,ORSZ03,1,0.0
VH,JESZ01,JWSZ03,1,1.253424416121207
PT,SBSZ08,YSSZ01,1,5.6151590119850425
VH,TMSZ01,BDSZ04,1,3.9967402187161745
PT,SBSZ03,YSSZ01,1,3.1103199668128694
PT,TPSZ04,AMSZ12,1,5.359945013608265
PT,BMSZ16,JWSZ08,1,17.52497147317131
PT,NVSZ01,NVSZ01,1,0.0
PT,SGSZ02,WDSZ04,1,9.955914131741565
PT,QTSZ15,QTSZ15,1,0.0
PT,TPSZ03,YSSZ01,1,9.672649313681282
PT,QTSZ11,BSSZ03,1,10.390284092479456
PT,BDSZ06,DTSZ11,1,11.437537142795163
VH,JWSZ02,JESZ02,1,3.1372441265674205
PT,ORSZ02,BDSZ05,1,9.822323673040676
PT,DTSZ08,NVSZ05,1,6.521983633539933
PT,AMSZ12,AMSZ01,1,1.3967183931881388
PT,GLSZ02,GLSZ05,1,1.8655612787038267
VH,BKSZ05,CKSZ03,1,3.7324497524941984
PT,TPSZ12,DTSZ05,1,6.83312839402159
PT,QTSZ08,BKSZ05,1,7.063810457789163
VH,JESZ08,JWSZ04,1,3.2761484938325647
PT,YSSZ02,YSSZ01,1,1.2670184364300072
PT,SESZ02,QTSZ13,1,17.85812970116667
PT,HGSZ01,DTSZ11,1,11.317163858232313
PT,BPSZ05,CKSZ05,1,2.853338000619151
PT,JESZ01,DTSZ02,1,14.776282055002627
PT,CLSZ04,CLSZ04,1,0.0
PT,OTSZ01,SRSZ01,1,0.6827848935360528
PT,BMSZ12,JESZ03,1,9.271066047443004
PT,BDSZ05,BDSZ04,1,2.45621100070819
PT,SESZ04,SESZ06,1,1.4130001556698468
PT,BPSZ06,KLSZ06,1,11.60935215196727
PT,BDSZ01,SRSZ02,1,8.849745548720662
PT,RCSZ05,SGSZ01,1,9.060748339281677
PT,AMSZ02,WDSZ07,1,11.313145250051631
VH,DTSZ01,KLSZ01,1,2.6442884766553574
PT,TSSZ04,CLSZ08,1,13.364956301993184
VH,BDSZ04,TMSZ02,1,3.1599829379376176
PT,BKSZ08,KLSZ06,1,12.071816707662494
PT,DTSZ05,GLSZ02,1,6.164806645047728
WK,DTSZ11,DTSZ08,1,0.5153840911509646
WK,JWSZ08,JWSZ08,1,0.0
PT,HGSZ05,HGSZ01,1,1.6897103245344356
VH,DTSZ02,PRSZ07,1,15.789126792928974
WK,QTSZ08,QTSZ08,1,0.0
PT,PGSZ04,PGSZ02,1,1.915966749166938
PT,JWSZ08,JWSZ09,1,0.9403575284652649
PT,QTSZ09,JESZ02,1,5.34844581352307
PT,BMSZ01,HGSZ06,1,12.860578761404359
PT,TPSZ04,TPSZ04,1,0.0
WK,PRSZ05,PRSZ05,1,0.0
PT,BKSZ07,JWSZ08,1,6.184790405541724
PT,BDSZ01,SESZ03,1,6.367089279134524
PT,BMSZ08,QTSZ11,1,5.185798776659214
PT,JWSZ04,QTSZ09,1,6.734488003095328
PT,GLSZ04,BMSZ14,1,8.135996278665498
PT,TMSZ04,TMSZ02,1,1.5608180588962757
PT,KLSZ08,DTSZ08,1,4.351820384415983
VH,HGSZ03,DTSZ08,1,12.126539078811113
PT,GLSZ05,BSSZ03,1,6.2265683692297955
PT,HGSZ07,WDSZ09,1,15.728293836667532
PT,MPSZ03,KLSZ02,1,4.647841344975798
PT,YSSZ09,YSSZ08,1,1.4844220594234585
PT,BMSZ05,RVSZ04,1,2.0412666500726915
VH,GLSZ05,SGSZ07,1,4.057140359173993
PT,DTSZ02,BSSZ01,1,7.6158437014474964
PT,JWSZ03,JWSZ09,1,2.3719008304684257
WK,GLSZ02,GLSZ04,1,1.4477226191472863
VH,QTSZ13,BMSZ01,1,4.225036007776358
PT,BMSZ17,SGSZ04,1,11.331161307650186
WK,BKSZ02,BKSZ02,1,0.0
VH,HGSZ02,HGSZ01,1,0.7510371002354921
PT,OTSZ02,JESZ05,1,12.281037198459918
VH,DTSZ03,SESZ04,1,11.868442230052084
PT,YSSZ09,KLSZ03,1,13.717625209324089
PT,AMSZ12,PGSZ03,1,5.300721249995672
PT,PGSZ02,PGSZ04,1,1.915966749166938
PT,DTSZ01,SGSZ01,1,9.447010244647979
VH,SESZ04,AMSZ01,1,5.292373483128956
PT,JESZ10,SESZ03,1,20.02942058631271
PT,BDSZ07,MPSZ02,1,2.7523796567509886
PT,AMSZ02,BDSZ03,1,8.668399575243235
PT,KLSZ05,NVSZ01,1,3.912153890326703
PT,YSSZ09,YSSZ03,1,1.7688742052165112
VH,YSSZ03,DTSZ01,1,14.355509057649531
PT,SGSZ06,PGSZ02,1,7.19108083003786
VH,JWSZ09,BKSZ04,1,5.9966123375675515
PT,BDSZ07,QTSZ11,1,16.769294207217236
PT,TMSZ02,TMSZ02,1,0.0
VH,KLSZ03,ORSZ02,1,4.541487709652433
PT,CLSZ04,WCSZ01,1,11.155651981542745
PT,GLSZ04,GLSZ03,1,2.2208826856539945
PT,DTSZ05,MUSZ01,1,1.8027263368672652
PT,BSSZ03,WCSZ01,1,18.502806377687953
VH,CLSZ05,JESZ08,1,1.3354922303587602
VH,DTSZ12,OTSZ03,1,1.6922758078016806
PT,GLSZ02,JESZ05,1,15.856077614202519
PT,SBSZ02,BMSZ17,1,19.575283039061713
PT,PRSZ03,SESZ04,1,6.987508785683234
WK,BKSZ05,BKSZ05,1,0.0
PT,DTSZ02,HGSZ06,1,8.414424516469229
WK,HGSZ07,HGSZ06,1,0.9450377036360438
PT,OTSZ03,NTSZ05,1,3.1276988440762645
PT,PGSZ04,SESZ04,1,2.452440718515079
PT,RCSZ09,MPSZ01,1,4.445692289128283
PT,YSSZ01,SBSZ03,1,3.1103199668128694
VH,QTSZ01,QTSZ08,1,1.4672733500642554
WK,CLSZ04,CLSZ06,1,0.7914849055353017
PT,GLSZ02,QTSZ06,1,9.860972456127595
PT,JWSZ09,JWSZ08,1,0.9403575284652649
PT,JWSZ02,JWSZ04,1,1.6858100038153874
PT,BDSZ03,BPSZ01,1,18.540411643888437
PT,BDSZ04,TMSZ03,1,2.01283224519501
PT,CLSZ04,JWSZ04,1,5.404620893405422
PT,WDSZ03,WDSZ01,1,1.9549224562619225
PT,GLSZ05,RCSZ01,1,5.209875606178426
PT,SESZ03,OTSZ03,1,13.787593091207889
PT,SGSZ04,GLSZ05,1,6.192090280755141
PT,RCSZ05,CKSZ05,1,16.081908374550963
VH,JESZ05,BKSZ05,1,3.4432452306580053
PT,BKSZ07,BKSZ04,1,0.9127640438742397
VH,GLSZ03,BPSZ04,1,14.583817532562264
PT,PRSZ03,PRSZ04,1,1.1729449925550546
PT,BKSZ07,CLSZ04,1,3.803388744216083
VH,JWSZ09,JWSZ05,1,1.3609597625726324
PT,JWSZ03,JWSZ08,1,2.971328752322575
PT,WDSZ03,WDSZ03,1,0.0
WK,JWSZ09,JWSZ09,1,0.0
PT,GLSZ03,TMSZ02,1,6.673217167241603
PT,OTSZ03,JESZ05,1,12.688558600169207
VH,SESZ05,DTSZ11,1,12.84300844556907
VH,HGSZ06,BDSZ01,1,4.42204451020933
VH,TMSZ03,BDSZ01,1,3.2680309470558733
PT,DTSZ01,SESZ06,1,10.917430628459583
PT,KLSZ03,PRSZ05,1,11.393064565201914
PT,TMSZ02,WCSZ01,1,29.231844280037286
PT,TSSZ04,CLSZ06,1,13.266379225064243
PT,YSSZ02,AMSZ01,1,7.329540839041347
VH,NVSZ02,HGSZ04,1,7.846713939040831
PT,KLSZ06,TPSZ11,1,2.9690574293382124
WK,DTSZ11,DTSZ08,1,0.5153840911509646
VH,TMSZ04,TMSZ04,1,0.0
PT,WDSZ06,TPSZ06,1,14.503376217099476
PT,QTSZ05,BSSZ02,1,7.550966610378101
VH,BDSZ04,CHSZ02,1,6.281336292639992
PT,TMSZ02,GLSZ03,1,6.673217167241603
PT,BDSZ04,JESZ02,1,21.94756753097524
PT,TPSZ04,BSSZ01,1,3.394624964515538
PT,PRSZ03,BDSZ05,1,7.0661720537196056
VH,BMSZ04,QTSZ10,1,5.700027178065489
PT,PGSZ04,PGSZ04,1,0.0
WK,BSSZ01,BSSZ01,1,0.0
PT,KLSZ08,KLSZ01,1,0.9892555638969216
PT,TMSZ02,RCSZ08,1,12.700757562799062
PT,GLSZ01,SESZ02,1,7.583422079468447
PT,SGSZ04,SGSZ05,1,1.6318777893787308
VH,YSSZ03,YSSZ08,1,2.278048703490103
PT,WDSZ02,BPSZ04,1,7.2389437477248
VH,JWSZ09,JWSZ09,1,0.0
WK,BSSZ02,BSSZ03,1,1.034011091901759
PT,GLSZ05,BMSZ10,1,8.301533965166147
PT,SGSZ06,GLSZ05,1,4.986415567336734
WK,BPSZ05,BPSZ05,1,0.0
VH,TMSZ03,ORSZ02,1,12.45389772749502
VH,BPSZ05,DTSZ05,1,13.925965731011926
PT,SGSZ06,OTSZ03,1,8.576989849121452
PT,PRSZ06,TMSZ04,1,4.449278941338164
PT,GLSZ05,TPSZ04,1,5.43424394506607
VH,JWSZ04,ORSZ02,1,12.79741209234641
PT,GLSZ05,TMSZ02,1,7.207233010378834
PT,TMSZ05,BDSZ01,1,6.654979226160583
VH,NVSZ01,KLSZ06,1,1.8640868453461785
PT,QTSZ04,BKSZ02,1,8.718119821895971
VH,DTSZ05,DTSZ03,1,1.3250654421689967
WK,SESZ03,SESZ03,1,0.0
PT,JESZ05,YSSZ02,1,15.765779768043569
VH,BDSZ04,KLSZ05,1,7.460420984539587
PT,OTSZ03,BDSZ03,1,9.422165446452956
WK,TMSZ04,TMSZ04,1,0.0
PT,KLSZ07,SRSZ01,1,2.895107478024157
VH,BMSZ01,OTSZ03,1,3.5711825897935023
WK,DTSZ05,DTSZ08,1,0.6129048720467968
PT,CLSZ09,SGSZ07,1,14.279443859919333
VH,BSSZ01,AMSZ01,1,2.330062203630164
WK,KLSZ09,KLSZ06,1,1.2342218670774447
PT,HGSZ01,HGSZ05,1,1.6897103245344356
PT,BKSZ04,BPSZ05,1,2.6624672994311895
PT,NVSZ02,BSSZ01,1,4.601943541926713
PT,BDSZ04,BDSZ04,1,0.0
WK,RCSZ09,DTSZ01,1,0.6163525602089069
VH,BSSZ01,BSSZ03,1,2.463913530065902
PT,PGSZ04,TSSZ05,1,32.591206444988714
PT,QTSZ11,BKSZ09,1,5.413848212963825
PT,TMSZ02,CHSZ03,1,5.590892298049903
PT,BSSZ01,NVSZ02,1,4.601943541926713
PT,BMSZ05,HGSZ04,1,11.887512226714865
PT,TPSZ09,SGSZ06,1,2.204579948905714
PT,PGSZ03,KLSZ01,1,9.766837505875124
VH,BDSZ04,TMSZ02,1,3.1599829379376176
PT,NVSZ01,ORSZ02,1,3.0405692042942234
PT,TMSZ04,BDSZ01,1,4.972553207377186
PT,PRSZ05,TMSZ04,1,3.1920390301266366
PT,OTSZ03,BMSZ04,1,1.9278935544172855
VH,BDSZ06,TMSZ05,1,2.8616357130860677
PT,WDSZ02,HGSZ08,1,15.110048046342124
WK,YSSZ08,YSSZ08,1,0.0
PT,JWSZ08,QTSZ11,1,10.568936853921048
PT,DTSZ02,BTSZ01,1,10.384259227654274
VH,PGSZ03,GLSZ01,1,8.856782751273592
VH,HGSZ02,HGSZ06,1,2.086499826792444
WK,CKSZ01,BPSZ05,1,1.4108989462238801
PT,BTSZ01,JWSZ04,1,5.61080127362302
PT,SGSZ07,DTSZ11,1,8.344746879858123
PT,SBSZ01,ORSZ03,1,16.30021042123651
PT,BKSZ05,DTSZ08,1,12.7470891847542
VH,BMSZ08,BMSZ04,1,0.59386186624026
PT,MPSZ03,MPSZ03,1,0.0
WK,BDSZ04,BDSZ06,1,1.3781452505148277
VH,SBSZ02,OTSZ03,1,18.020770364508003
VH,SGSZ04,GLSZ05,1,6.192090280755141
PT,QTSZ01,QTSZ05,1,2.759169940443602
PT,PGSZ03,PGSZ04,1,1.813530848549925
PT,YSSZ03,TNSZ04,1,13.143654977339054
WK,CKSZ06,SKSZ03,1,1.6669917349347594
PT,WDSZ07,BTSZ03,1,13.37088084047688
PT,ORSZ03,SGSZ06,1,6.690321689703724
VH,NVSZ02,JESZ03,1,10.974846045135694
PT,DTSZ09,TMSZ04,1,14.013007061353122
PT,BSSZ02,NVSZ02,1,4.089090493516779
PT,JESZ05,BKSZ04,1,2.7771039950305636
WK,MPSZ03,MPSZ03,1,0.0
VH,PRSZ05,TMSZ02,1,1.8444573221520455
PT,TMSZ02,DTSZ03,1,12.325298708566573
PT,TMSZ03,ORSZ01,1,13.174178028088486
PT,NVSZ02,NVSZ01,1,1.267584011192419
VH,BMSZ04,QTSZ11,1,5.739133031223165
WK,RCSZ10,DTSZ05,1,1.7865250654383615
PT,BKSZ05,BMSZ16,1,12.054277688808707
PT,BLSZ02,JESZ02,1,4.201259055039847
PT,QTSZ08,BPSZ05,1,9.07185687832771
VH,OTSZ03,SGSZ04,1,9.551140020285157
VH,GLSZ03,TMSZ02,1,6.673217167241603
PT,AMSZ03,OTSZ03,1,9.467022798964816
PT,TMSZ04,DTSZ02,1,12.42663491947967
PT,CLSZ06,CLSZ04,1,0.7914849055353017
PT,ORSZ03,PGSZ02,1,13.87593538461149
PT,QTSZ06,QTSZ06,1,0.0
PT,QTSZ12,BMSZ14,1,3.2181114816921577
PT,WDSZ04,DTSZ03,1,16.96670672470968
PT,BDSZ06,BDSZ04,1,1.3781452505148277
PT,QTSZ11,JWSZ09,1,9.628667024565194
PT,ORSZ03,YSSZ09,1,14.48623547067312
PT,SESZ02,HGSZ04,1,2.6389065920601475
PT,BDSZ04,GLSZ05,1,4.4484831020133795
WK,JWSZ09,JWSZ09,1,0.0
WK,BDSZ06,BDSZ04,1,1.3781452505148277
VH,KLSZ08,JESZ03,1,13.522676489526027
PT,BTSZ01,BTSZ03,1,1.8137215566160432
PT,DTSZ05,BDSZ06,1,11.214067516963254
PT,PRSZ02,QTSZ08,1,18.83111026224246
VH,HGSZ05,CHSZ03,1,13.816198306077984
PT,JESZ05,JWSZ03,1,3.042266158318978
PT,BKSZ03,DTSZ01,1,14.126240393787592
PT,BMSZ03,QTSZ10,1,4.5538956979814005
VH,DTSZ03,GLSZ04,1,3.653010975992008
PT,BMSZ09,KLSZ08,1,4.74702191133484
VH,SESZ03,SESZ02,1,0.9264025278629129
VH,JWSZ02,HGSZ08,1,19.618543084997896
VH,HGSZ04,BSSZ01,1,6.214922651042473
PT,PRSZ03,AMSZ08,1,13.395719043394859
VH,SESZ02,SESZ02,1,0.0
PT,SBSZ03,SBSZ04,1,1.203473776478544
PT,ORSZ03,CLSZ02,1,8.299343944482352
PT,HGSZ05,MDSZ02,1,9.147121895299891
VH,TMSZ02,TMSZ03,1,1.8211342041293208
PT,AMSZ02,QTSZ13,1,12.621568373000013
VH,PRSZ02,WDSZ02,1,17.806862900756506
PT,BMSZ03,TPSZ04,1,6.629786288639564
PT,WDSZ08,BLSZ01,1,17.00712251147409
PT,JESZ03,QTSZ08,1,6.637390355811709
VH,BPSZ05,CKSZ02,1,2.1993511415909817
PT,TMSZ03,BKSZ01,1,19.97276951231217
PT,AMSZ04,NVSZ02,1,5.342215352529198
WK,SBSZ04,SBSZ03,1,1.203473776478544
PT,TMSZ03,TMSZ04,1,2.188355345903096
WK,QTSZ03,QTSZ03,1,0.0
VH,GLSZ03,TMSZ03,1,4.8562189729965235
WK,CKSZ01,CKSZ03,1,0.8899078021080913
VH,SGSZ07,TMSZ05,1,10.411811425807437
PT,JESZ03,DTSZ05,1,13.104151577782016
PT,CKSZ03,BMSZ04,1,14.267817486996606
PT,BTSZ01,BKSZ07,1,2.606142587234807
PT,CLSZ04,BMSZ15,1,8.064359106330516
PT,QTSZ11,JESZ03,1,5.725534538987917
VH,GLSZ02,BDSZ01,1,2.8577131942906107
VH,BMSZ09,DTSZ05,1,2.379689345282958
WK,ORSZ03,ORSZ03,1,0.0
PT,DTSZ02,JESZ05,1,13.088296645931335
VH,BPSZ05,CKSZ02,1,2.1993511415909817
PT,GLSZ03,JWSZ04,1,19.503259934800006
PT,PGSZ02,SESZ05,1,2.9783709718273044
PT,BSSZ03,AMSZ01,1,2.6428834485863506
PT,CHSZ03,BMSZ08,1,20.958239951437097
PT,YSSZ04,DTSZ05,1,15.054057855026539
PT,TMSZ04,TMSZ05,1,2.1043927231785218
PT,ORSZ01,SESZ03,1,12.528805832155784
PT,SESZ03,SESZ06,1,2.3877316708630167
VH,NVSZ01,BKSZ03,1,12.555893370869093
WK,YSSZ09,YSSZ01,1,0.8885412780857345
PT,KLSZ01,KLSZ08,1,0.9892555638969216
VH,SESZ02,SESZ02,1,0.0
PT,JESZ05,OTSZ03,1,12.688558600169207
VH,PGSZ01,SESZ06,1,4.093587833457112
VH,QTSZ01,CLSZ06,1,2.7150316756116557
PT,SESZ03,NVSZ02,1,10.238259989115535
PT,TMSZ02,YSSZ08,1,15.350330298538543
WK,CKSZ02,CKSZ02,1,0.0
VH,HGSZ02,DTSZ11,1,11.621129131372875
PT,GLSZ05,TMSZ02,1,7.207233010378834
PT,WDSZ01,WDSZ03,1,1.9549224562619225
PT,QTSZ05,TMSZ04,1,16.914837337440236
PT,HGSZ08,TMSZ03,1,5.398544920227533
PT,SESZ04,DTSZ02,1,12.028593467780356
PT,BDSZ06,MPSZ03,1,4.603267741098764
PT,MUSZ01,RCSZ02,1,1.3230563922218812
PT,YSSZ02,WDSZ04,1,4.997630679215627
PT,TPSZ09,DTSZ07,1,6.358354046934999
WK,AMSZ02,AMSZ02,1,0.0
PT,BPSZ04,NVSZ02,1,10.087570480845178
PT,AMSZ02,BMSZ08,1,10.163807637792713
PT,BPSZ04,MUSZ01,1,11.74012608475498
VH,GLSZ05,TPSZ02,1,6.076937864147339
VH,JWSZ02,JWSZ02,1,0.0
WK,QTSZ04,QTSZ08,1,0.7115463539517966
PT,TPSZ10,TMSZ03,1,6.831096392749669
PT,BDSZ05,GLSZ05,1,2.4661511449633133
WK,SESZ03,SESZ04,1,0.9952512670910597
PT,PGSZ04,DTSZ11,1,14.76554723116788
VH,BDSZ03,TMSZ02,1,5.151074697135133
PT,TMSZ05,TMSZ02,1,3.4331063209557158
VH,MUSZ03,TMSZ03,1,11.23798501973583
PT,TMSZ02,AMSZ01,1,11.785359020726633
PT,BMSZ07,BMSZ04,1,1.9555381553333073
VH,DTSZ02,SESZ05,1,11.065988150073865
PT,PGSZ05,BMSZ01,1,18.53828567606685
PT,RCSZ09,BMSZ15,1,4.297732599854387
PT,PGSZ03,SGSZ02,1,4.7429061898069
PT,SGSZ02,AMSZ03,1,1.547212112935673
PT,TMSZ05,HGSZ06,1,10.517107634567894
PT,RCSZ10,BSSZ03,1,5.577571322090329
PT,BDSZ06,BDSZ04,1,1.3781452505148277
PT,QTSZ08,QTSZ06,1,1.450190340621632
PT,DTSZ08,HGSZ06,1,10.01781020762319
PT,PRSZ05,TMSZ02,1,1.8444573221520455
PT,SESZ04,SESZ06,1,1.4130001556698468
VH,AMSZ01,PGSZ04,1,7.568895374585283
PT,SESZ03,QTSZ11,1,17.151332657839212
PT,WDSZ03,TSSZ06,1,28.56214313198775
PT,BDSZ03,DTSZ08,1,9.022770380356468
PT,BMSZ05,MUSZ01,1,2.427988218872606
PT,CLSZ06,QTSZ01,1,2.7150316756116557
VH,TMSZ02,TMSZ02,1,0.0
WK,ORSZ02,ORSZ02,1,0.0
PT,NVSZ03,SBSZ03,1,13.82185268326397
PT,SGSZ06,HGSZ07,1,1.8431609549072046
VH,JWSZ04,JWSZ03,1,1.7107282695398258
WK,SESZ03,SESZ03,1,0.0
PT,BMSZ03,BMSZ09,1,1.4939994518690656
PT,RCSZ01,BMSZ05,1,3.807300757057859
WK,BSSZ03,BSSZ03,1,0.0
VH,WDSZ04,WDSZ03,1,1.5835624864458278
PT,BDSZ06,MUSZ03,1,10.939561943782842
VH,SRSZ03,TMSZ03,1,11.893186554932084
WK,SGSZ06,SGSZ06,1,0.0
PT,DTSZ03,BPSZ03,1,14.273336502498971
PT,TPSZ03,HGSZ06,1,4.259535721422967
WK,PRSZ03,PRSZ03,1,0.0
VH,AMSZ06,BSSZ01,1,1.9366591055442168
PT,BPSZ05,BPSZ01,1,1.2990930537372278
PT,SGSZ04,BSSZ01,1,3.8631900924518154
WK,SBSZ03,SBSZ03,1,0.0
PT,GLSZ03,SGSZ03,1,5.606362629002673
PT,TMSZ02,PLSZ01,1,3.5112454057826405
PT,JWSZ04,DTSZ05,1,15.495816355124653
VH,NVSZ01,QTSZ08,1,7.3269209164831715
VH,QTSZ10,QTSZ10,1,0.0
PT,ORSZ02,TPSZ04,1,4.0278881839693295
PT,JESZ05,YSSZ04,1,14.209684459091502
PT,BDSZ06,BDSZ05,1,2.7834177816232066
WK,CKSZ06,CKSZ06,1,0.0
PT,BKSZ07,WDSZ01,1,10.765773778216593
VH,TMSZ03,BDSZ04,1,2.01283224519501
PT,SBSZ01,QTSZ14,1,19.331599953672544
PT,QTSZ11,BKSZ03,1,7.656767737660961
PT,DTSZ02,DTSZ12,1,1.1750052093676053
PT,QTSZ11,SGSZ06,1,12.183856278019633
VH,JWSZ04,JESZ08,1,3.2761484938325647
PT,BTSZ01,SISZ01,1,11.740151806392166
PT,CKSZ06,PNSZ03,1,11.470531214084112
PT,JESZ03,KLSZ08,1,13.522676489526027
PT,MUSZ01,BDSZ01,1,8.240080742828425
VH,YSSZ03,YSSZ09,1,1.7688742052165112
VH,BDSZ01,TMSZ05,1,6.654979226160583
PT,GLSZ03,TMSZ05,1,8.061120277636114
WK,JWSZ09,JWSZ09,1,0.0
PT,DTSZ05,BDSZ04,1,10.783708417296742
PT,AMSZ11,AMSZ01,1,2.3270138366005146
WK,SGSZ07,SGSZ06,1,0.9479193276864053
PT,TMSZ04,PGSZ04,1,7.661147103505303
PT,TPSZ03,TPSZ09,1,1.96826885283204
PT,BKSZ09,DTSZ05,1,12.133937797708915
PT,PRSZ05,BDSZ04,1,5.003038737292719
PT,JWSZ08,QTSZ14,1,13.356239899351758
PT,GLSZ04,PGSZ03,1,9.9254682329657
WK,SESZ06,SESZ06,1,0.0
PT,TMSZ03,TPSZ10,1,6.831096392749669
PT,SBSZ01,WCSZ01,1,17.346843999964623
PT,JWSZ09,TSSZ06,1,12.783566652144716
PT,QTSZ11,BMSZ02,1,4.918896768174725
PT,BSSZ03,RCSZ09,1,5.320740273041778
PT,HGSZ07,QTSZ11,1,13.973973321132538
VH,HGSZ06,AMSZ01,1,3.9212664118142064
PT,YSSZ09,GLSZ05,1,14.74040587097054
PT,JESZ01,DTSZ05,1,14.98770368721543
PT,PGSZ04,GLSZ04,1,9.441782447026055
PT,TMSZ02,GLSZ05,1,7.207233010378834
WK,YSSZ01,YSSZ09,1,0.8885412780857345
PT,CKSZ06,CKSZ01,1,2.2593769850091614
PT,BDSZ04,TMSZ03,1,2.01283224519501
VH,TMSZ03,BSSZ01,1,11.569070490981037
VH,TMSZ02,GLSZ05,1,7.207233010378834
VH,BSSZ01,AMSZ01,1,2.330062203630164
WK,JESZ05,JESZ05,1,0.0
VH,BDSZ03,SESZ03,1,7.689156546965188
VH,BMSZ16,OTSZ03,1,0.9913655462558489
WK,OTSZ03,DTSZ05,1,0.9139879414915537
PT,MPSZ02,BDSZ04,1,4.5447163919623845
PT,BDSZ06,BDSZ05,1,2.7834177816232066
PT,BMSZ17,JESZ01,1,14.77648050528185
PT,RCSZ08,GLSZ05,1,5.657506323173522
PT,PRSZ03,TMSZ01,1,1.1835093370759322
PT,YSSZ01,WDSZ01,1,6.0511952007322405
VH,TMSZ02,TPSZ02,1,11.947843505570926
PT,BMSZ03,SBSZ01,1,17.84680500393543
VH,BMSZ01,BMSZ13,1,1.0293958177027167
PT,WDSZ03,QTSZ08,1,15.949789699212772
PT,QTSZ05,KLSZ08,1,6.63976091251182
WK,BPSZ01,BPSZ01,1,0.0
WK,BSSZ02,BSSZ02,1,0.0
VH,QTSZ14,TMSZ02,1,19.393775280649596
PT,TMSZ04,YSSZ04,1,15.54426661310027
PT,GLSZ05,HGSZ08,1,3.213057688239395
PT,BTSZ07,BPSZ02,1,8.42164706102097
WK,PGSZ03,PGSZ02,1,0.8699452159826071
VH,BSSZ03,SGSZ04,1,2.089162529427878
PT,TMSZ02,BDSZ01,1,5.084701843817833
VH,KLSZ05,KLSZ07,1,3.1977733826520476
PT,PGSZ02,BDSZ04,1,9.538185635276378
PT,BSSZ03,YSSZ06,1,6.577104214800326
PT,CKSZ03,BPSZ05,1,2.3007075960770518
PT,QTSZ01,CLSZ06,1,2.7150316756116557
PT,AMSZ06,TMSZ05,1,15.210204362481306
WK,HGSZ05,HGSZ05,1,0.0
PT,NTSZ03,TPSZ12,1,5.6010150333669575
PT,CKSZ03,CKSZ01,1,0.8899078021080913
PT,JWSZ09,DTSZ08,1,17.690330701460272
PT,BDSZ01,TPSZ03,1,6.688885352502466
WK,QTSZ08,QTSZ08,1,0.0
VH,DTSZ03,TMSZ04,1,11.80330450015364
PT,MUSZ01,ORSZ03,1,0.7364956663086714
VH,HGSZ06,SGSZ06,1,1.628829512348083
WK,CHSZ03,CHSZ03,1,0.0
PT,CKSZ03,JWSZ08,1,7.3914145492382675
VH,CLSZ06,QTSZ01,1,2.7150316756116557
VH,YSSZ01,YSSZ05,1,2.181737820747567
VH,MPSZ03,GLSZ05,1,1.8762855558336555
VH,QTSZ14,QTSZ14,1,0.0
VH,GLSZ04,OTSZ03,1,5.861289747205181
PT,BMSZ17,PGSZ03,1,16.679434928214757
PT,BSSZ01,TPSZ06,1,3.7352266707219957
WK,SESZ03,SESZ03,1,0.0
PT,KLSZ07,BKSZ01,1,12.028193572213862
VH,TMSZ03,BDSZ06,1,3.160251478678926
WK,YSSZ09,YSSZ01,1,0.8885412780857345
PT,SESZ02,SESZ02,1,0.0
WK,AMSZ03,AMSZ01,1,1.363824475326825
PT,GLSZ05,SESZ06,1,9.03119269710631
PT,DTSZ11,BTSZ05,1,8.061532297749245
PT,WCSZ01,NVSZ02,1,18.467040925254583
PT,SGSZ06,ORSZ03,1,6.690321689703724
PT,CLSZ06,QTSZ05,1,5.277913801550564
VH,BPSZ04,CKSZ01,1,2.214771502381226
PT,SBSZ06,BKSZ07,1,15.589232776368139
PT,RCSZ04,DTSZ02,1,1.3776718879785448
VH,TPSZ05,TPSZ02,1,1.538114178814763
PT,CKSZ01,BPSZ04,1,2.214771502381226
PT,JWSZ09,JWSZ02,1,1.1909513911077283
PT,QTSZ10,QTSZ02,1,1.7650440191732604
PT,YSSZ03,YSSZ03,1,0.0
PT,NVSZ02,YSSZ08,1,11.269615746608753
PT,PGSZ04,PGSZ02,1,1.915966749166938
PT,JWSZ09,NVSZ02,1,15.842414078479226
VH,BSSZ03,BSSZ03,1,0.0
PT,WDSZ02,QTSZ08,1,15.752865950344395
PT,JESZ02,JESZ08,1,2.881562825954554
VH,CLSZ04,JWSZ08,1,8.536027213219043
PT,MUSZ03,KLSZ01,1,3.199257217643721
PT,SRSZ02,NTSZ05,1,2.0747932298362697
PT,CKSZ04,BTSZ01,1,5.886708422981652
WK,NTSZ03,ORSZ02,1,0.9617985697822504
VH,CKSZ02,CKSZ01,1,1.1548840286224726
WK,KLSZ01,TPSZ09,1,1.2781299803671196
PT,HGSZ05,QTSZ13,1,15.39865124158229
VH,DTSZ02,JESZ03,1,12.912173709214425
PT,BDSZ03,DTSZ08,1,9.022770380356468
PT,TPSZ12,CKSZ02,1,15.710188743303744
PT,HGSZ06,RCSZ08,1,7.587745159119203
PT,NTSZ03,NVSZ02,1,0.8216015706308637
PT,BDSZ04,RCSZ10,1,9.84356523760093
PT,BMSZ12,JESZ02,1,10.09610881054205
PT,BPSZ05,DTSZ11,1,14.699280581053403
VH,CLSZ07,CLSZ05,1,1.998400034646618
PT,BDSZ01,BMSZ05,1,10.389185043031611
PT,JWSZ09,JWSZ08,1,0.9403575284652649
PT,PGSZ03,PGSZ01,1,1.8499062526624934
PT,HGSZ05,BMSZ17,1,13.794194430632825
PT,JESZ03,DTSZ03,1,13.610851031986387
WK,DTSZ05,DTSZ05,1,0.0
PT,TPSZ11,ORSZ03,1,5.2578348390815215
PT,WDSZ02,WDSZ06,1,1.786133057081358
WK,JESZ05,JESZ05,1,0.0
PT,OTSZ04,CKSZ03,1,15.713259308630287
VH,TMSZ03,CHSZ03,1,7.233706147633916
PT,CKSZ03,GLSZ02,1,16.580590566766666
PT,SGSZ07,TPSZ06,1,2.3204062272542165
VH,AMSZ02,GLSZ04,1,7.2601232173305
VH,MPSZ02,BDSZ04,1,4.5447163919623845
WK,PLSZ04,GLSZ05,1,3.8521264411954084
VH,WCSZ01,TMSZ02,1,29.231844280037286
PT,AMSZ03,AMSZ03,1,0.0
PT,JWSZ07,JWSZ09,1,2.1915835806682855
PT,BKSZ03,AMSZ11,1,12.376250229310475
VH,YSSZ02,SBSZ04,1,3.2500291133674386
WK,BMSZ09,BMSZ04,1,0.7449494751502973
PT,BKSZ06,BKSZ07,1,0.9082341190430384
PT,QTSZ10,HGSZ05,1,14.209242926238726
PT,WDSZ01,WDSZ03,1,1.9549224562619225
VH,JESZ05,BKSZ09,1,1.9302475957546805
PT,HGSZ05,GLSZ03,1,5.964687136270527
VH,GLSZ01,HGSZ06,1,4.155964086868111
WK,TPSZ02,TPSZ02,1,0.0
VH,CLSZ06,QTSZ11,1,2.335706003322094
PT,CLSZ05,BTSZ01,1,3.0207817642276757
WK,CKSZ01,CKSZ01,1,0.0
VH,JWSZ04,JWSZ04,1,0.0
PT,TPSZ07,ORSZ03,1,4.062761880829089
VH,BSSZ01,BSSZ02,1,1.4491930913198168
PT,BPSZ04,OTSZ03,1,13.273824583302739
PT,BMSZ05,YSSZ04,1,15.430684837185414
PT,BDSZ04,BDSZ05,1,2.45621100070819
PT,PGSZ03,AMSZ08,1,7.836979415573584
PT,TMSZ03,ORSZ02,1,12.45389772749502
PT,DTSZ03,OTSZ04,1,1.6505821727322885
PT,BDSZ03,QTSZ14,1,14.438584841693492
VH,JWSZ08,JWSZ09,1,0.9403575284652649
PT,AMSZ09,ORSZ02,1,8.481717241596819
WK,BPSZ01,BPSZ01,1,0.0
PT,WDSZ02,YSSZ09,1,4.494710631795676
PT,TPSZ11,GLSZ02,1,1.4432282980167068
PT,WDSZ05,DTSZ02,1,17.330148983310412
PT,QTSZ14,QTSZ02,1,3.4194711023207236
VH,BKSZ04,BKSZ07,1,0.9127640438742397
PT,KLSZ09,AMSZ02,1,8.073692981746357
PT,KLSZ05,SGSZ04,1,6.986560150968985
PT,YSSZ09,BKSZ05,1,11.228819657285023
VH,TMSZ02,WCSZ01,1,29.231844280037286
PT,CKSZ03,ORSZ02,1,12.94408143956767
VH,WDSZ03,QTSZ12,1,17.39419803327869
PT,TPSZ06,PRSZ03,1,10.677468753736116
WK,BMSZ13,BMSZ13,1,0.0
VH,NVSZ02,NVSZ01,1,1.267584011192419
PT,BLSZ02,BLSZ03,1,1.311657213372354
WK,DTSZ01,DTSZ01,1,0.0
WK,DTSZ05,DTSZ05,1,0.0
PT,OTSZ03,SGSZ04,1,9.551140020285157
PT,YSSZ04,ORSZ02,1,12.588294355199164
VH,HGSZ07,SGSZ06,1,1.8431609549072046
PT,BDSZ04,SLSZ01,1,11.947580871835735
WK,DTSZ05,SRSZ03,1,0.5112087055496267
PT,PGSZ05,NVSZ02,1,12.262508482188563
WK,TMSZ01,TMSZ01,1,0.0
VH,TMSZ04,PRSZ05,1,3.1920390301266366
PT,BPSZ05,JWSZ08,1,8.666129129690592
PT,BMSZ08,PNSZ01,1,16.451278583278064
VH,TSSZ02,JESZ01,1,10.91820268049769
WK,PRSZ05,PRSZ03,1,1.3236940820239511
WK,TPSZ04,TPSZ02,1,0.8358827334321068
PT,WDSZ04,WCSZ01,1,12.718558404376854
WK,AMSZ03,AMSZ03,1,0.0
VH,CKSZ03,CLSZ04,1,7.748648521561396
PT,TMSZ02,TMSZ02,1,0.0
PT,DTSZ05,TPSZ02,1,5.46832811275028
VH,BMSZ17,QTSZ14,1,4.883805984766102
PT,GLSZ05,BDSZ04,1,4.4484831020133795
VH,SESZ04,JWSZ06,1,22.386023739354997
VH,WCSZ01,WCSZ01,1,0.0
WK,BDSZ03,BDSZ05,1,1.2367687855374871
PT,SESZ02,SGSZ06,1,5.48136874582001
PT,BKSZ05,BTSZ01,1,2.1505630256045407
VH,BDSZ01,BDSZ01,1,0.0
PT,WDSZ03,WDSZ02,1,1.1650477156252987
PT,QTSZ13,BDSZ05,1,15.910491069958576
PT,TPSZ07,QTSZ14,1,9.3328039746534
PT,TPSZ03,SGSZ06,1,2.679937764637681
PT,PGSZ04,BMSZ02,1,16.22317684970839
PT,SGSZ04,SGSZ04,1,0.0
PT,CLSZ06,DTSZ05,1,10.269724106135792
VH,MUSZ01,SESZ03,1,11.85020276599691
PT,SBSZ03,AMSZ11,1,6.69042119244306
PT,BTSZ06,CKSZ03,1,8.920962838366059
VH,BTSZ01,BTSZ01,1,0.0
PT,TPSZ11,DTSZ01,1,4.267764245544202
PT,TPSZ02,AMSZ01,1,4.463039102140407
WK,QTSZ11,QTSZ11,1,0.0
VH,KLSZ06,DTSZ01,1,1.3437270660964227
PT,CKSZ04,CKSZ03,1,1.1832660105867163
PT,DTSZ03,DTSZ02,1,0.7315950200170801
VH,TMSZ02,TMSZ02,1,0.0
WK,HGSZ04,HGSZ04,1,0.0
PT,SGSZ06,BSSZ02,1,2.875991737030352
PT,BPSZ02,YSSZ09,1,8.761040340148279
VH,TMSZ02,TMSZ02,1,0.0
VH,YSSZ04,YSSZ03,1,1.4331729019073896
VH,DTSZ11,SESZ03,1,13.837438823367988
VH,TMSZ02,TMSZ01,1,1.8880896152958335
VH,HGSZ05,SESZ05,1,1.0428251626291736
VH,BKSZ07,NVSZ01,1,11.465653920480937
PT,BSSZ01,BMSZ07,1,8.19927218003428
PT,BMSZ12,BPSZ01,1,12.727470346465635
PT,MUSZ01,MPSZ03,1,6.950769961496756
PT,JESZ02,TPSZ01,1,11.445627922184688
VH,BMSZ05,TMSZ01,1,15.07346912832012
VH,TMSZ03,TMSZ01,1,1.9993859622686991
PT,GLSZ04,NVSZ02,1,4.543896392175608
VH,WDSZ01,OTSZ03,1,18.824818827163206
VH,RCSZ10,SESZ03,1,11.366051673463458
PT,RCSZ09,WDSZ02,1,16.708672935596052
PT,JWSZ08,CKSZ03,1,7.3914145492382675
PT,JWSZ09,KLSZ08,1,18.392453288882642
PT,QTSZ10,BKSZ06,1,6.380151369182687
PT,JESZ08,BKSZ02,1,5.347944420120102
PT,JWSZ09,DTSZ09,1,17.50818983661453
VH,TMSZ01,TMSZ03,1,1.9993859622686991
PT,HGSZ07,AMSZ04,1,4.3437811561717
VH,SESZ06,SESZ06,1,0.0
WK,YSSZ04,YSSZ04,1,0.0
PT,GLSZ04,GLSZ05,1,1.665730792673618
PT,MUSZ03,QTSZ05,1,4.587343583985422
PT,SBSZ09,WDSZ03,1,1.4977107594974173
VH,JWSZ03,JESZ05,1,3.042266158318978
PT,QTSZ12,BDSZ04,1,16.724296884676512
WK,BPSZ03,BPSZ03,1,0.0
PT,QTSZ08,DTSZ10,1,6.443914992387529
VH,KLSZ07,BDSZ04,1,9.70768339987658
WK,TMSZ02,TMSZ02,1,0.0
PT,BTSZ01,BMSZ04,1,8.579535514361597
VH,QTSZ05,OTSZ03,1,4.389088082585871
VH,DTSZ03,BMSZ04,1,3.7582741944766993
PT,AMSZ04,QTSZ11,1,11.103834299636645
VH,SGSZ04,PGSZ05,1,6.8500247962908185
WK,TMSZ02,TMSZ02,1,0.0
VH,TMSZ02,TMSZ03,1,1.8211342041293208
WK,KLSZ01,KLSZ01,1,0.0
PT,JWSZ04,CLSZ09,1,4.727254508256399
VH,MUSZ01,BMSZ06,1,2.8634413828563026
WK,WDSZ05,WDSZ06,1,0.9654608228593916
WK,CLSZ04,CLSZ06,1,0.7914849055353017
PT,QTSZ08,TMSZ04,1,18.71618558134136
PT,BKSZ07,BMSZ12,1,9.760624601971198
PT,WDSZ02,QTSZ08,1,15.752865950344395
PT,YSSZ05,YSSZ03,1,2.0957183698988087
VH,NVSZ02,AMSZ06,1,6.217438334820094
PT,HGSZ07,SESZ03,1,4.057318611474581
PT,QTSZ03,NVSZ02,1,4.977875745472696
PT,BMSZ08,DTSZ02,1,3.4755299291388067
PT,DTSZ01,BMSZ10,1,3.222501158963589
VH,PGSZ04,OTSZ03,1,14.806753324856446
PT,DTSZ09,GLSZ05,1,7.406584130675423
PT,TMSZ03,SESZ03,1,6.404783483348518
PT,YSSZ09,YSSZ01,1,0.8885412780857345
PT,YSSZ01,TPSZ02,1,10.500321943712105
VH,CKSZ03,BMSZ04,1,14.267817486996606
PT,SESZ05,HGSZ01,1,1.7020652950167057
PT,TMSZ04,WDSZ02,1,21.16303655421544
PT,PGSZ02,NVSZ01,1,10.853908171620594
PT,BTSZ06,BTSZ01,1,3.602990103149332
VH,SESZ03,BMSZ12,1,15.687198514662171
PT,QTSZ06,SRSZ01,1,3.7697260884061397
PT,YSSZ01,SESZ02,1,8.657159140521157
PT,BMSZ04,BKSZ07,1,11.079602110386597
PT,DTSZ11,SESZ03,1,13.837438823367988
PT,HGSZ04,CHSZ03,1,13.128021721916161
PT,GLSZ05,BMSZ05,1,8.202271023535168
VH,YSSZ02,YSSZ04,1,2.1833213299233
PT,JWSZ09,JWSZ08,1,0.9403575284652649
PT,SESZ03,DTSZ08,1,13.682553083091136
PT,YSSZ03,YSSZ04,1,1.4331729019073896
PT,WDSZ03,DTSZ02,1,17.50023977974413
PT,SESZ04,DTSZ05,1,13.022712014626789
PT,QTSZ10,SESZ03,1,16.35950728150232
PT,JWSZ09,KLSZ09,1,18.505878698811767
PT,CHSZ02,HGSZ07,1,10.231180462348005
PT,PRSZ05,MUSZ01,1,14.895052039949423
PT,SBSZ04,DTSZ01,1,18.115819943826548
PT,BSSZ03,DTSZ02,1,6.381299952172081
PT,GLSZ03,JWSZ08,1,22.48294839891463
WK,CKSZ03,CKSZ03,1,0.0
PT,MUSZ02,TMSZ04,1,13.076143228075145
PT,KLSZ01,SGSZ06,1,3.4801975395945113
PT,ORSZ02,SESZ03,1,12.013470532839914
PT,QTSZ08,BDSZ06,1,17.256034389561194
PT,NVSZ01,SBSZ04,1,15.139809385714523
PT,BDSZ04,BDSZ04,1,0.0
WK,TMSZ02,TMSZ03,1,1.8211342041293208
PT,DTSZ11,BMSZ09,1,2.8967278905035525
PT,DTSZ08,SESZ03,1,13.682553083091136
WK,JWSZ08,JWSZ09,1,0.9403575284652649
PT,TPSZ09,KLSZ08,1,2.1104212264013995
PT,SBSZ03,BKSZ09,1,13.458662261156551
PT,SGSZ03,SESZ06,1,2.3376479140642736
WK,BKSZ02,BKSZ02,1,0.0
PT,BDSZ01,QTSZ02,1,13.11363330241706
WK,SESZ06,SESZ06,1,0.0
PT,BKSZ07,QTSZ11,1,6.47420233355883
PT,RCSZ09,BDSZ05,1,7.816711516885411
PT,BDSZ01,GLSZ05,1,2.4185346663004776
PT,HGSZ07,HGSZ02,1,1.9209524654773358
WK,BPSZ03,BPSZ05,1,1.1253728669166327
PT,TPSZ02,BSSZ03,1,2.0640937718720638
PT,SESZ06,DTSZ05,1,12.71284398765897
VH,OTSZ03,GLSZ04,1,5.861289747205181
PT,BDSZ01,BDSZ01,1,0.0
PT,CLSZ09,JWSZ09,1,6.830359526148204
PT,PRSZ02,QTSZ10,1,19.690380302504643
PT,BPSZ01,BPSZ04,1,1.8300841829926888
WK,WDSZ03,WDSZ02,1,1.1650477156252987
VH,AMSZ08,WDSZ04,1,6.101198667272549
PT,YSSZ09,KLSZ06,1,13.739407174343704
PT,DTSZ05,BTSZ08,1,6.290454840389201
WK,SESZ02,PGSZ03,1,1.897230829676932
PT,SESZ03,TMSZ03,1,6.404783483348518
PT,CKSZ01,ORSZ02,1,12.09993888052484
VH,QTSZ11,JESZ05,1,5.590735531387388
PT,JWSZ03,JESZ02,1,2.239129351908452
PT,SESZ03,TPSZ06,1,7.484384499628202
PT,JWSZ09,JWSZ09,1,0.0
WK,DTSZ05,DTSZ05,1,0.0
PT,DTSZ11,OTSZ01,1,1.8193314159947782
PT,YSSZ01,SESZ04,1,6.760082665374588
PT,QTSZ12,JWSZ02,1,11.294887753282165
PT,SESZ06,OTSZ03,1,13.3191473537862
WK,JESZ05,JESZ05,1,0.0
PT,TNSZ03,JWSZ09,1,12.825454577954652
PT,BDSZ01,SBSZ05,1,16.11372937063109
PT,NVSZ02,BSSZ03,1,3.75325190070528
VH,BPSZ01,YSSZ09,1,9.299427682817216
VH,PRSZ03,BDSZ04,1,4.815776552853279
PT,QTSZ08,BMSZ10,1,4.756400845475458
VH,TMSZ04,BDSZ07,1,4.828542881739271
PT,PGSZ04,PGSZ04,1,0.0
PT,PRSZ06,CHSZ03,1,4.7167754242860065
PT,NVSZ02,BMSZ08,1,4.097011117775606
VH,BTSZ01,SBSZ01,1,13.887028184729074
VH,DTSZ01,BDSZ04,1,9.548239775598132
PT,KLSZ08,KLSZ06,1,0.7917316145790123
PT,JWSZ06,JESZ05,1,4.980010580141298
VH,NVSZ03,BMSZ03,1,4.36568366611233
VH,CKSZ06,CKSZ05,1,0.9298087042092337
WK,BDSZ05,BDSZ05,1,0.0
PT,HGSZ03,GLSZ01,1,6.091090773931598
PT,CKSZ03,TSSZ03,1,12.52183151532422
PT,AMSZ02,TMSZ05,1,13.666552359191554
WK,PGSZ02,SESZ02,1,2.4093999443628205
PT,SGSZ06,SESZ04,1,5.12482906140931
WK,DTSZ11,DTSZ08,1,0.5153840911509646
VH,JESZ05,QTSZ14,1,8.453049623550339
VH,DTSZ08,KLSZ01,1,5.054444609289711
PT,BDSZ04,GLSZ04,1,6.095252884793878
PT,GLSZ03,TMSZ05,1,8.061120277636114
PT,JWSZ03,JESZ09,1,4.739717709524146
PT,WDSZ04,PNSZ02,1,18.821137332010572
PT,TMSZ02,YSSZ02,1,15.651390718154914
PT,DTSZ02,AMSZ06,1,9.135366390267892
PT,BMSZ12,BMSZ13,1,0.6201357450343996
PT,DTSZ05,DTSZ05,1,0.0
WK,BKSZ07,BKSZ07,1,0.0
VH,BMSZ07,TMSZ02,1,17.416077582184812
WK,BDSZ04,BDSZ04,1,0.0
PT,SESZ02,BDSZ02,1,5.796424256384012
PT,WDSZ02,BMSZ15,1,18.804985594100934
PT,YSSZ09,DTSZ08,1,17.07251927216933
PT,BKSZ05,BMSZ05,1,11.536291450899682
PT,HGSZ03,SBSZ08,1,14.274915941478065
PT,ORSZ03,CLSZ03,1,9.416664118233662
WK,BMSZ02,BMSZ08,1,0.6949705336682429
WK,PGSZ04,SESZ02,1,1.052549878649884
PT,AMSZ02,NVSZ05,1,5.148665728650164
PT,QTSZ11,YSSZ08,1,14.748211896649945
PT,BSSZ03,QTSZ10,1,9.633332185018107
PT,SBSZ03,AMSZ01,1,8.798185881569493
PT,KLSZ08,JESZ03,1,13.522676489526027
WK,BMSZ07,BMSZ07,1,0.0
WK,GLSZ05,GLSZ05,1,0.0
WK,BPSZ05,BPSZ05,1,0.0
PT,KLSZ03,KLSZ08,1,0.763440516767363
WK,HGSZ05,HGSZ04,1,0.9713078128166454
PT,TPSZ11,KLSZ07,1,3.383147444494971
PT,BDSZ06,BPSZ03,1,20.523369923407195
VH,HGSZ06,ORSZ02,1,8.340790046728891
PT,NVSZ04,CKSZ02,1,9.849465192264104
PT,YSSZ03,YSSZ01,1,1.0015506147644606
PT,DTSZ08,GLSZ04,1,5.544565034141277
VH,PRSZ05,WCSZ01,1,30.014660566464542
PT,TMSZ05,BSSZ01,1,15.533243025865866
PT,CLSZ04,JESZ05,1,3.174817557630327
PT,BKSZ02,BKSZ07,1,1.6583169518669376
PT,ORSZ03,BMSZ03,1,2.8478628272918938
PT,JESZ03,CLSZ06,1,3.3983144192725194
PT,SBSZ01,SBSZ03,1,1.5231686421359845
PT,TMSZ02,BMSZ05,1,15.394614815345465
WK,WDSZ03,WDSZ03,1,0.0
PT,BSSZ03,TMSZ03,1,9.221075378739336
VH,PRSZ05,TMSZ04,1,3.1920390301266366
PT,PGSZ02,JESZ05,1,19.582357052574434
PT,CKSZ01,CKSZ02,1,1.1548840286224726
PT,DTSZ05,CHSZ03,1,18.110524202977107
WK,BSSZ01,BSSZ01,1,0.0
PT,PGSZ05,DTSZ01,1,13.096272018169502
PT,YSSZ09,DTSZ11,1,17.45003162543771
VH,BDSZ06,MPSZ03,1,4.603267741098764
PT,BTSZ01,CLSZ04,1,2.2642589389246877
PT,KLSZ09,QTSZ01,1,8.563378692588564
PT,HGSZ08,HGSZ08,1,0.0
VH,PGSZ03,TMSZ05,1,11.439882156791562
PT,KLSZ05,DTSZ03,1,2.0454217248159847
PT,TSSZ03,BKSZ04,1,11.840861074559866
PT,GLSZ04,OTSZ03,1,5.861289747205181
VH,BMSZ14,BMSZ01,1,1.2306429342827478
WK,GLSZ05,GLSZ05,1,0.0
PT,KLSZ01,MUSZ03,1,3.199257217643721
VH,BKSZ06,BKSZ03,1,0.9091830057450656
PT,AMSZ02,MPSZ03,1,9.785863422051808
PT,PRSZ08,JESZ05,1,25.03125179566276
PT,QTSZ08,JWSZ08,1,11.870472544670106
PT,BSSZ03,AMSZ01,1,2.6428834485863506
PT,SBSZ03,ORSZ02,1,15.764659514461766
PT,WDSZ03,BMSZ07,1,17.116735000637046
PT,PNSZ01,TPSZ02,1,18.521658316958554
WK,SESZ04,SESZ04,1,0.0
PT,DTSZ03,BMSZ04,1,3.7582741944766993
WK,AMSZ02,AMSZ02,1,0.0
VH,BDSZ06,BDSZ06,1,0.0
PT,BSSZ01,AMSZ02,1,2.9462929613040005
PT,CKSZ03,CKSZ02,1,1.0663075799099802
PT,TMSZ03,TMSZ03,1,0.0
PT,DTSZ05,WDSZ03,1,18.34652970388401
PT,BSSZ02,DTSZ01,1,6.263198709452091
PT,SGSZ04,SGSZ06,1,1.2504688104488453
VH,SGSZ06,AMSZ02,1,2.9297530962382865
PT,CKSZ03,JWSZ08,1,7.3914145492382675
VH,DTSZ05,JWSZ04,1,15.495816355124653
PT,BDSZ06,BDSZ04,1,1.3781452505148277
PT,JWSZ09,DTSZ12,1,18.50242959670591
WK,QTSZ08,QTSZ08,1,0.0
PT,YSSZ08,YSSZ09,1,1.4844220594234585
WK,TMSZ04,TMSZ04,1,0.0
WK,DTSZ08,DTSZ06,1,1.0066909349797333
PT,HGSZ06,AMSZ06,1,4.713838014633891
VH,TMSZ04,HGSZ06,1,8.51754460035158
VH,AMSZ09,AMSZ07,1,1.2656709298846514
PT,GLSZ03,JWSZ09,1,21.65110446168136
PT,BPSZ01,QTSZ11,1,10.179633336294522
PT,BMSZ05,BPSZ05,1,13.124863868262093
VH,AMSZ03,SGSZ04,1,1.2356205929987218
PT,OTSZ03,BDSZ04,1,11.697349354766779
WK,BSSZ01,BSSZ01,1,0.0
WK,JESZ05,JESZ05,1,0.0
PT,CHSZ03,PGSZ03,1,13.099665252929867
WK,SBSZ03,SBSZ03,1,0.0
PT,OTSZ03,DTSZ01,1,2.5354518837554263
PT,YSSZ09,YSSZ04,1,1.5998556484110604
PT,AMSZ09,AMSZ01,1,1.2075000973564398
WK,PGSZ03,PGSZ02,1,0.8699452159826071
PT,YSSZ03,WCSZ01,1,18.164434218683503
PT,HGSZ04,BKSZ05,1,13.703424969915577
VH,JESZ05,BKSZ05,1,3.4432452306580053
PT,BSSZ02,PRSZ03,1,11.623324865435313
PT,TMSZ05,SESZ02,1,9.63649724469096
PT,JWSZ08,SBSZ03,1,17.74196685394739
PT,MUSZ01,HGSZ01,1,9.40655801492176
WK,DTSZ02,DTSZ02,1,0.0
PT,YSSZ04,NVSZ02,1,11.22406463593339
VH,TPSZ02,DTSZ02,1,4.541306791911997
VH,BDSZ03,BDSZ06,1,3.2398903564817414
PT,JWSZ09,DTSZ08,1,17.690330701460272
PT,NVSZ02,TMSZ02,1,12.726796719617527
PT,QTSZ08,BTSZ07,1,2.181504046420334
WK,SESZ06,SESZ06,1,0.0
PT,QTSZ08,CKSZ06,1,12.36145094691801
VH,CKSZ01,CKSZ01,1,0.0
VH,TMSZ04,YSSZ09,1,16.973740135242906
PT,TMSZ05,PRSZ03,1,5.3099749339251705
VH,TMSZ02,TMSZ01,1,1.8880896152958335
PT,BSSZ03,BSSZ01,1,2.463913530065902
PT,PNSZ05,CKSZ03,1,13.424068100289258
PT,BSSZ01,ORSZ02,1,5.814905738335073
VH,TMSZ05,TMSZ05,1,0.0
PT,YSSZ09,RCSZ10,1,14.822162926453574
PT,HGSZ06,PRSZ03,1,7.5450725005713775
PT,CLSZ04,HGSZ08,1,13.716348671247959
PT,MUSZ03,SESZ02,1,11.890285406063336
PT,JESZ01,AMSZ03,1,13.881967929866963
VH,TPSZ03,TPSZ02,1,0.965516492332505
PT,HGSZ02,HGSZ01,1,0.7510371002354921
PT,SGSZ04,HGSZ07,1,2.3123199821988183
PT,KLSZ01,TMSZ04,1,10.447192597752915
PT,SRSZ02,PGSZ05,1,14.662255055067906
PT,JWSZ08,JESZ04,1,4.2693709289873
WK,KLSZ01,SESZ03,1,8.68374823917791
PT,CKSZ03,JESZ05,1,5.797495543303256
PT,WDSZ05,YSSZ09,1,5.835133917097463
PT,AMSZ03,BSSZ02,1,1.6259402951282806
WK,BPSZ03,BPSZ03,1,0.0
VH,SESZ03,SESZ03,1,0.0
PT,BSSZ03,SGSZ06,1,1.9817878572778096
PT,SGSZ07,DTSZ07,1,8.234078048031481
PT,SBSZ04,WCSZ01,1,16.29067238962459
PT,QTSZ09,BMSZ06,1,5.2392327012844895
VH,AMSZ01,TPSZ02,1,4.463039102140407
VH,KLSZ06,SGSZ06,1,4.7797249941233115
PT,SBSZ01,SGSZ04,1,10.20683782932369
VH,BSSZ03,BSSZ03,1,0.0
PT,DTSZ11,PRSZ03,1,15.087485095057277
PT,YSSZ09,CLSZ03,1,14.674937616926089
WK,OTSZ03,BMSZ16,1,0.9913655462558489
PT,BMSZ01,CLSZ05,1,8.385193961827683
PT,BPSZ02,BPSZ04,1,1.3499789105701354
PT,BPSZ01,BPSZ05,1,1.2990930537372278
PT,BDSZ04,KLSZ05,1,7.460420984539587
PT,TMSZ02,DTSZ08,1,14.16091343269169
VH,OTSZ03,SGSZ03,1,11.00469854117025
PT,BKSZ08,WDSZ03,1,11.368999456521973
PT,KLSZ08,CKSZ02,1,14.889218431671743
PT,BSSZ01,HGSZ06,1,5.412501839941067
WK,JWSZ03,JWSZ03,1,0.0
VH,CHSZ03,WDSZ03,1,24.474051696288676
PT,SESZ03,ORSZ03,1,11.995291083597502
PT,TSSZ03,TSSZ05,1,3.4675764901440256
PT,CHSZ03,BDSZ04,1,7.463238829167281
PT,JESZ05,TSSZ06,1,15.620590364079481
PT,TPSZ01,CKSZ03,1,11.605824747419055
PT,DTSZ08,TMSZ02,1,14.16091343269169
PT,TPSZ02,AMSZ10,1,5.886745936113033
PT,BSSZ02,WDSZ02,1,11.208257824415368
PT,BTSZ01,BDSZ04,1,18.300948000654763
PT,WDSZ08,PGSZ05,1,14.252601921736595
VH,AMSZ01,SGSZ06,1,3.5002927418764003
VH,SBSZ03,YSSZ09,1,2.244423832083414
PT,SBSZ05,BDSZ01,1,16.11372937063109
PT,JESZ08,DTSZ03,1,13.207724274804667
VH,MPSZ03,PGSZ05,1,10.97402517611472
VH,BDSZ05,ORSZ03,1,9.184017366866579
WK,JESZ06,JESZ05,1,0.9627768263871256
PT,BMSZ04,SGSZ06,1,9.014972647064655
WK,SESZ04,SESZ04,1,0.0
PT,JWSZ08,MSSZ01,1,20.272639370957528
PT,HGSZ02,PGSZ03,1,3.6798330739258875
PT,KLSZ07,KLSZ06,1,1.0333149912560546
PT,SBSZ08,AMSZ03,1,12.499089265041844
PT,AMSZ08,BDSZ02,1,12.07043841384843
VH,BDSZ01,GLSZ04,1,3.723747738075413
PT,JESZ08,BMSZ08,1,9.336170244470184
PT,PGSZ05,HGSZ07,1,5.846919784378221
PT,BMSZ02,KLSZ07,1,4.985259417097852
PT,BMSZ08,BMSZ14,1,1.0887215762005331
PT,QTSZ05,QTSZ04,1,1.3519204781109424
PT,TMSZ03,MUSZ03,1,11.23798501973583
PT,JESZ03,HGSZ01,1,16.549631767002577
PT,YSSZ09,JESZ05,1,14.670956311843588
PT,AMSZ05,WCSZ01,1,16.60073536736618
WK,SGSZ04,SGSZ06,1,1.2504688104488453
PT,BMSZ16,BMSZ11,1,1.0663141678789894
PT,NVSZ01,KLSZ01,1,1.2541791241075353
PT,BMSZ07,QTSZ05,1,1.09184867404237
VH,CKSZ01,KLSZ03,1,15.013266557988674
PT,BMSZ08,OTSZ03,1,2.4940967415170197
VH,PRSZ03,PRSZ05,1,1.3236940820239511
PT,BDSZ01,GLSZ05,1,2.4185346663004776
VH,CKSZ03,CKSZ05,1,0.8338012423978477
VH,AMSZ02,SGSZ04,1,1.7836922077669188
WK,JWSZ09,JWSZ09,1,0.0
VH,BDSZ05,BDSZ05,1,0.0
PT,TPSZ03,MUSZ03,1,4.924922136300767
WK,JWSZ08,JWSZ08,1,0.0
PT,JWSZ01,MUSZ01,1,16.60055761775843
PT,AMSZ01,SESZ06,1,4.135723879499389
PT,JESZ08,QTSZ11,1,4.2694330119524295
PT,WDSZ01,WDSZ09,1,1.4057969588338775
PT,SESZ03,SESZ05,1,1.1358929114864125
WK,GLSZ04,GLSZ04,1,0.0
PT,BPSZ05,CKSZ05,1,2.853338000619151
PT,SESZ02,HGSZ04,1,2.6389065920601475
PT,TPSZ03,DTSZ12,1,6.438032018709329
PT,BSSZ03,SGSZ06,1,1.9817878572778096
PT,BMSZ12,AMSZ02,1,11.2640451055297
PT,BPSZ06,CKSZ02,1,2.9510063740236623
PT,DTSZ02,GLSZ05,1,5.714035671914394
WK,CKSZ02,CKSZ02,1,0.0
PT,BSSZ01,QTSZ08,1,8.0417772866973
VH,NVSZ02,NVSZ01,1,1.267584011192419
PT,MPSZ03,MPSZ03,1,0.0
PT,SGSZ06,SESZ03,1,5.308120913505455
PT,WDSZ01,CKSZ03,1,7.234522097087939
PT,JWSZ08,BMSZ04,1,16.138529977341573
PT,JESZ09,PRSZ03,1,26.473989894394773
PT,BSSZ03,ORSZ02,1,5.440020592433535
PT,JWSZ09,JWSZ09,1,0.0
PT,DTSZ03,CLSZ07,1,10.253482762152906
PT,SESZ03,DTSZ08,1,13.682553083091136
WK,PRSZ05,PRSZ05,1,0.0
PT,CLSZ02,BTSZ01,1,1.329041612411421
PT,PGSZ03,PGSZ02,1,0.8699452159826071
PT,AMSZ04,DTSZ02,1,8.12499217051449
PT,BDSZ05,KLSZ06,1,6.826322571835881
VH,BKSZ05,JWSZ09,1,7.085378218359433
PT,BPSZ05,JWSZ09,1,8.166228634550631
VH,BMSZ10,BMSZ10,1,0.0
WK,JWSZ02,JWSZ02,1,0.0
PT,NVSZ02,PRSZ02,1,12.776079835727629
PT,HGSZ04,SESZ02,1,2.6389065920601475
PT,SBSZ09,WDSZ03,1,1.4977107594974173
WK,CKSZ01,BPSZ05,1,1.4108989462238801
PT,DTSZ05,SESZ05,1,12.055965246579374
PT,PRSZ02,PRSZ05,1,2.467672782392698
PT,BSSZ02,DTSZ09,1,8.726771442946578
PT,TPSZ04,OTSZ04,1,5.698918751949845
PT,ORSZ02,NTSZ03,1,0.9617985697822504
PT,AMSZ04,BMSZ17,1,11.200359529269159
VH,TMSZ02,TMSZ02,1,0.0
VH,RCSZ10,JWSZ09,1,17.367604341898385
PT,DTSZ01,BDSZ04,1,9.548239775598132
PT,PGSZ04,DTSZ08,1,14.653436325770386
PT,BSSZ02,QTSZ15,1,11.577857716611303
VH,HGSZ06,OTSZ04,1,9.507549419812015
PT,CHSZ03,PRSZ03,1,6.512154460317878
PT,BPSZ03,BPSZ03,1,0.0
VH,TPSZ02,NVSZ01,1,0.9734769421077302
PT,MPSZ03,MPSZ03,1,0.0
PT,PRSZ06,TMSZ02,1,3.31885267082316
PT,TPSZ08,SESZ02,1,6.819401867763716
PT,QTSZ08,SGSZ03,1,12.466775291320069
PT,QTSZ12,BTSZ01,1,6.316834302658654
PT,ORSZ03,TMSZ04,1,13.525313329094072
PT,PGSZ03,CHSZ03,1,13.099665252929867
PT,WDSZ03,DTSZ05,1,18.34652970388401
PT,CLSZ04,TMSZ05,1,22.505969207518635
PT,HGSZ06,SESZ03,1,3.7058342234958794
PT,WDSZ03,YSSZ09,1,3.422882487435982
PT,BSSZ01,BMSZ07,1,8.19927218003428
VH,BKSZ04,BKSZ07,1,0.9127640438742397
VH,YSSZ03,WDSZ03,1,5.181937664282708
WK,YSSZ03,YSSZ01,1,1.0015506147644606
PT,GLSZ04,GLSZ05,1,1.665730792673618
PT,AMSZ12,TMSZ02,1,11.345288932584056
PT,DTSZ06,DTSZ12,1,0.49313316436866567
PT,BMSZ07,SBSZ05,1,18.526235020852287
WK,AMSZ03,AMSZ01,1,1.363824475326825
VH,NVSZ01,NVSZ02,1,1.267584011192419
PT,BMSZ07,DTSZ08,1,4.475827162054067
PT,AMSZ01,HGSZ04,1,4.344027574087123
PT,DTSZ11,PGSZ03,1,14.969046905053865
PT,AMSZ05,GLSZ03,1,7.747677867214644
PT,MUSZ03,BPSZ05,1,12.807852489863311
PT,SESZ04,QTSZ08,1,15.2786089603582
PT,QTSZ15,CKSZ04,1,12.138654720966795
PT,BDSZ01,BDSZ06,1,4.196249235588879
WK,TMSZ02,TMSZ02,1,0.0
PT,BMSZ04,PGSZ03,1,15.329442546966646
PT,QTSZ10,SGSZ01,1,13.094904035203228
VH,QTSZ13,QTSZ08,1,1.775660471515622
PT,AMSZ09,AMSZ06,1,0.8704479724667803
WK,HGSZ02,HGSZ03,1,0.7511726210026585
PT,AMSZ04,BSSZ01,1,1.9924536063797271
PT,SESZ02,DTSZ11,1,13.751614478433355
PT,PNSZ01,PNSZ03,1,1.172407397155888
PT,QTSZ11,TMSZ02,1,20.470466349771392
PT,BKSZ05,BKSZ02,1,1.9357399965703261
PT,CLSZ01,JESZ03,1,1.303675435063565
PT,WDSZ02,NVSZ03,1,13.812878463511773
VH,SESZ04,PGSZ02,1,2.130427494081623
PT,TMSZ03,PGSZ03,1,7.415930585784416
VH,KLSZ08,SESZ04,1,9.316487485870313
VH,BDSZ06,TMSZ02,1,3.7427675516641705
WK,TPSZ02,TPSZ02,1,0.0
PT,BDSZ04,MUSZ03,1,10.348522631426341
PT,ORSZ02,SGSZ05,1,5.880098107337147
VH,QTSZ10,TNSZ02,1,4.933482603214413
PT,HGSZ02,HGSZ06,1,2.086499826792444
PT,GLSZ02,TMSZ05,1,9.327976461698263
PT,HGSZ03,SRSZ02,1,11.288461432590672
PT,JWSZ09,DTSZ08,1,17.690330701460272
VH,TSSZ05,GLSZ05,1,29.502994224388818
WK,HGSZ01,HGSZ02,1,0.7510371002354921
PT,BTSZ08,HGSZ09,1,10.79687535622157
VH,GLSZ03,SESZ03,1,6.893407627631798
PT,CKSZ01,CKSZ03,1,0.8899078021080913
PT,PRSZ02,WDSZ02,1,17.806862900756506
VH,PRSZ05,DTSZ11,1,15.774690388263947
WK,JWSZ02,JWSZ02,1,0.0
PT,RCSZ01,SGSZ04,1,6.172313984168823
VH,BTSZ01,TMSZ04,1,20.28323564570153
VH,BDSZ06,BMSZ01,1,15.694414297028466
PT,ORSZ03,MUSZ01,1,0.7364956663086714
WK,GLSZ03,GLSZ03,1,0.0
PT,NVSZ02,WDSZ04,1,13.576443769972325
PT,KLSZ02,GLSZ02,1,1.7798174330711065
PT,DTSZ11,HGSZ05,1,12.154100378912954
PT,WDSZ03,NVSZ02,1,14.476577536121003
PT,TMSZ04,DTSZ05,1,13.084189965658855
PT,PNSZ01,QTSZ10,1,11.379369004255766
WK,BMSZ02,QTSZ06,1,2.1304675334951515
VH,CLSZ06,CLSZ05,1,1.0042078864973587
PT,TMSZ04,TMSZ04,1,0.0
PT,KLSZ07,RCSZ09,1,1.3056522938417747
VH,BPSZ04,BPSZ04,1,0.0
PT,DTSZ08,HGSZ06,1,10.01781020762319
PT,JWSZ03,JWSZ04,1,1.7107282695398258
PT,AMSZ01,HGSZ04,1,4.344027574087123
VH,HGSZ03,HGSZ03,1,0.0
PT,QTSZ14,TPSZ05,1,9.888125678833369
PT,CLSZ06,BKSZ03,1,5.3730950885801585
VH,OTSZ03,ORSZ03,1,2.408312383365965
PT,OTSZ03,DTSZ01,1,2.5354518837554263
PT,SESZ05,PGSZ02,1,2.9783709718273044
WK,NVSZ02,ORSZ02,1,1.7777185155096267
PT,BMSZ04,PRSZ03,1,16.64578809122113
VH,JESZ03,CLSZ04,1,3.167921570068641
VH,AMSZ01,SBSZ01,1,8.484038622808013
VH,TMSZ02,CHSZ02,1,3.3449933964791545
PT,WDSZ04,BMSZ02,1,16.628767638283488
WK,TPSZ02,TPSZ02,1,0.0
PT,YSSZ04,YSSZ05,1,1.4036652366683415
PT,TMSZ02,DTSZ05,1,13.636756124005556
PT,DTSZ02,RCSZ10,1,0.8039412247349442
WK,TMSZ03,TMSZ03,1,0.0
PT,AMSZ04,WDSZ02,1,10.428076164651843
PT,BDSZ05,PRSZ03,1,7.0661720537196056
PT,CKSZ03,QTSZ02,1,10.007573858086504
PT,MPSZ02,TMSZ04,1,6.839996170101967
PT,MUSZ01,BPSZ04,1,11.74012608475498
PT,DTSZ05,BPSZ01,1,15.193525336128207
WK,OTSZ04,DTSZ05,1,0.4639636126665308
PT,SESZ06,QTSZ11,1,15.650544559757996
PT,BPSZ05,DTSZ11,1,14.699280581053403
PT,GLSZ05,OTSZ02,1,7.466156656883012
VH,HGSZ08,CHSZ02,1,10.402816256461453
WK,JWSZ01,JWSZ09,1,1.81790476050892
PT,BMSZ05,DTSZ03,1,3.0969682072885236
VH,BDSZ04,OTSZ03,1,11.697349354766779
PT,WCSZ01,JWSZ09,1,4.867229736806335
PT,BPSZ02,BMSZ02,1,12.965310096518348
VH,GLSZ04,SGSZ06,1,4.439079275793445
VH,TPSZ11,GLSZ05,1,3.292544307707664
PT,QTSZ12,BMSZ07,1,1.910441398882965
PT,OTSZ03,JESZ05,1,12.688558600169207
WK,DTSZ08,OTSZ03,1,0.5933682078899496
PT,MPSZ03,HGSZ07,1,6.443066823938716
VH,BDSZ06,BDSZ03,1,3.2398903564817414
PT,MUSZ02,RCSZ01,1,1.8144410840006913
VH,QTSZ08,WDSZ03,1,15.949789699212772
PT,PRSZ05,PRSZ05,1,0.0
VH,BDSZ05,BDSZ04,1,2.45621100070819
PT,JESZ05,JESZ01,1,1.951247590558303
PT,CKSZ04,JESZ05,1,5.1608391587745315
WK,WDSZ03,WDSZ03,1,0.0
PT,TPSZ11,NVSZ02,1,3.8398012616514823
VH,HGSZ06,TMSZ01,1,6.495957604759432
PT,SESZ06,AMSZ10,1,3.524478496309693
PT,SESZ03,BKSZ03,1,17.738505710105123
PT,QTSZ08,JWSZ04,1,8.753793101044835
PT,JWSZ09,AMSZ08,1,14.962429491637717
PT,BMSZ04,NVSZ02,1,4.138875868967727
PT,BTSZ03,SBSZ03,1,13.79576964492098
PT,BPSZ02,CKSZ05,1,2.294174780128727
PT,CKSZ03,CKSZ03,1,0.0
PT,HGSZ05,DTSZ05,1,11.339750260722443
WK,ORSZ02,ORSZ02,1,0.0
VH,SGSZ04,BDSZ04,1,8.506360463148305
PT,BSSZ03,HGSZ08,1,3.905810890554663
WK,WDSZ03,WDSZ03,1,0.0
VH,MPSZ03,BDSZ05,1,1.9516366829651035
PT,SESZ03,SESZ06,1,2.3877316708630167
PT,QTSZ10,BPSZ03,1,9.04602844114679
PT,CKSZ06,NVSZ02,1,14.017864654757709
VH,PRSZ05,SESZ03,1,7.311629435529212
PT,YSSZ09,YSSZ03,1,1.7688742052165112
PT,DTSZ05,QTSZ05,1,4.992013285851328
VH,PGSZ04,GLSZ03,1,7.421862415388415
PT,AMSZ05,YSSZ09,1,7.071637323095412
PT,DTSZ12,SGSZ07,1,7.325966251234377
PT,TPSZ06,BDSZ03,1,6.475660536201384
VH,DTSZ11,TNSZ02,1,4.006148572028519
PT,BSSZ03,HGSZ07,1,3.8148468673759472
VH,CKSZ03,BLSZ03,1,9.930965732825218
WK,WDSZ03,WDSZ03,1,0.0
WK,KLSZ01,KLSZ01,1,0.0
PT,TMSZ02,BDSZ04,1,3.1599829379376176
PT,JESZ01,JESZ10,1,4.887529608586435
PT,PGSZ02,HGSZ03,1,3.6661551008510513
VH,PGSZ05,PGSZ04,1,0.8229474483573144
PT,TMSZ02,DTSZ11,1,14.048301207762186
WK,DTSZ05,DTSZ05,1,0.0
PT,BSSZ01,BTSZ01,1,7.0993213823554875
WK,HGSZ02,HGSZ02,1,0.0
VH,CLSZ06,BTSZ01,1,3.0210693565893165
PT,BDSZ05,TPSZ04,1,7.830745072673285
PT,BDSZ06,TMSZ04,1,2.3820541097862336
VH,BDSZ04,GLSZ05,1,4.4484831020133795
PT,AMSZ01,YSSZ09,1,6.723825276326214
PT,PGSZ04,SESZ06,1,3.863197750962346
VH,OTSZ03,GLSZ05,1,7.335918749325787
WK,DTSZ11,DTSZ05,1,0.908422071335141
WK,BKSZ07,BKSZ05,1,1.7258909416032453
PT,NVSZ02,CLSZ03,1,9.568913019204732
PT,DTSZ05,BSSZ03,1,7.353804584364782
VH,JWSZ08,BKSZ07,1,6.184790405541724
PT,QTSZ14,BMSZ17,1,4.883805984766102
PT,TMSZ05,BDSZ04,1,3.6785665957272142
PT,JESZ01,DTSZ08,1,15.054566253205671
PT,TMSZ03,DTSZ07,1,12.626835467618196
WK,JWSZ01,JWSZ09,1,1.81790476050892
PT,BSSZ01,QTSZ11,1,9.237136962862854
PT,SESZ06,QTSZ14,1,15.931774739652054
PT,DTSZ03,SESZ04,1,11.868442230052084
WK,TMSZ04,TMSZ04,1,0.0
WK,JWSZ09,JWSZ09,1,0.0
WK,JWSZ04,JWSZ04,1,0.0
PT,BDSZ01,MPSZ01,1,4.283557100365758
PT,SESZ04,SGSZ05,1,5.870629753458105
PT,PRSZ05,BSSZ01,1,14.18697946121949
VH,TMSZ04,PRSZ02,1,4.57403783107831
PT,BDSZ01,GLSZ01,1,3.8730448708848235
PT,MUSZ03,TPSZ06,1,4.621839348133957
PT,DTSZ03,SRSZ02,1,1.7015823110014392
PT,JWSZ08,JESZ05,1,5.463998465400654
PT,BMSZ12,TPSZ09,1,8.498247903793109
WK,CKSZ03,CKSZ06,1,1.7431883026562554
PT,JWSZ04,JWSZ09,1,2.2141262582406362
PT,BSSZ01,WDSZ09,1,11.82201944047193
PT,TMSZ02,BDSZ04,1,3.1599829379376176
VH,HGSZ03,HGSZ02,1,0.7511726210026585
WK,DTSZ01,DTSZ01,1,0.0
PT,OTSZ03,WDSZ02,1,18.703502611310146
PT,WCSZ01,JWSZ09,1,4.867229736806335
PT,TMSZ02,YSSZ07,1,16.29015222904483
PT,SGSZ04,GLSZ05,1,6.192090280755141
PT,DTSZ02,WDSZ04,1,16.605571147922234
VH,BSSZ03,AMSZ01,1,2.6428834485863506
VH,PGSZ05,PGSZ05,1,0.0
PT,SESZ06,SESZ03,1,2.3877316708630167
WK,BPSZ05,BPSZ05,1,0.0
PT,BPSZ02,QTSZ12,1,11.618072355579544
VH,NVSZ02,NVSZ01,1,1.267584011192419
VH,DTSZ02,YSSZ03,1,15.080931803140883
PT,PRSZ05,PRSZ03,1,1.3236940820239511
VH,JWSZ08,KLSZ01,1,18.727406276352596
PT,JESZ01,DTSZ02,1,14.776282055002627
VH,SGSZ04,HGSZ03,1,3.733068176976207
PT,BLSZ03,CLSZ06,1,6.772898405258379
PT,TMSZ03,TMSZ02,1,1.8211342041293208
PT,KLSZ05,NVSZ01,1,3.912153890326703
PT,NVSZ01,DTSZ05,1,4.6472306127580705
PT,TMSZ02,TMSZ05,1,3.4331063209557158
PT,DTSZ05,BTSZ01,1,10.689744059321782
PT,JWSZ08,JESZ02,1,4.908435802248981
PT,JWSZ01,JWSZ03,1,1.6819499502408723
VH,BMSZ03,CKSZ03,1,13.30255686146465
PT,AMSZ01,SESZ02,1,6.6768756890591465
PT,QTSZ02,QTSZ08,1,1.197912855900896
VH,BKSZ05,TPSZ06,1,10.732787097157471
PT,YSSZ02,NVSZ03,1,12.791672234164546
VH,TMSZ02,DTSZ08,1,14.16091343269169
PT,ORSZ03,SGSZ04,1,7.5139530809812
PT,JWSZ09,DTSZ05,1,17.702714307473705
WK,BKSZ07,BKSZ07,1,0.0
PT,GLSZ05,GLSZ04,1,1.665730792673618
WK,JWSZ03,JESZ05,1,3.042266158318978
WK,CLSZ05,CLSZ05,1,0.0
PT,BDSZ03,DTSZ03,1,7.213202254188602
PT,GLSZ05,YSSZ04,1,13.142002700854169
PT,RCSZ10,BMSZ11,1,3.706036310475827
PT,DTSZ09,QTSZ04,1,6.151618194780062
PT,DTSZ03,BTSZ07,1,7.520057604155916
VH,BDSZ04,PRSZ03,1,4.815776552853279
PT,AMSZ07,DTSZ08,1,10.870496712034592
PT,BSSZ03,AMSZ09,1,3.782368191238053
PT,SESZ04,JESZ05,1,17.65769832786899
VH,AMSZ08,PRSZ03,1,13.395719043394859
PT,GLSZ04,BDSZ06,1,6.8244187577684
WK,QTSZ11,QTSZ11,1,0.0
PT,HGSZ04,PRSZ06,1,9.443303675499317
PT,BTSZ04,QTSZ10,1,1.3979611851290632
PT,BMSZ07,SESZ02,1,15.376351647571093
PT,BSSZ03,TMSZ02,1,10.930556845772891
PT,PRSZ02,DTSZ03,1,13.182971670744188
PT,TMSZ01,DTSZ09,1,14.428170379182408
PT,SGSZ01,ORSZ02,1,9.461940665569058
WK,QTSZ08,QTSZ06,1,1.450190340621632
PT,QTSZ10,BMSZ14,1,5.419023824843193
VH,SESZ02,SESZ05,1,1.6988216292060225
WK,OTSZ04,DTSZ05,1,0.4639636126665308
PT,QTSZ13,CKSZ03,1,11.519774582600608
WK,YSSZ09,YSSZ09,1,0.0
PT,QTSZ04,JWSZ09,1,11.37155026139227
WK,YSSZ08,YSSZ01,1,1.392918013502601
WK,NVSZ04,TNSZ04,1,1.5142194897152155
PT,YSSZ09,YSSZ09,1,0.0
PT,BMSZ01,BMSZ15,1,1.3582854437845964
PT,PGSZ05,BDSZ06,1,9.471788346459308
PT,BKSZ07,PNSZ02,1,9.766964895169341
WK,JESZ01,JESZ01,1,0.0
WK,TMSZ03,TMSZ03,1,0.0
VH,WDSZ03,WDSZ03,1,0.0
VH,TMSZ04,TMSZ05,1,2.1043927231785218
PT,BPSZ04,TMSZ04,1,20.383931856414446
PT,WDSZ02,WDSZ05,1,1.8640784453476875
WK,TMSZ03,TMSZ03,1,0.0
PT,JWSZ04,WDSZ06,1,12.949550492530316
PT,TMSZ04,ORSZ02,1,14.057950066761318
PT,BMSZ01,CKSZ03,1,14.867935506804852
PT,ORSZ02,TMSZ04,1,14.057950066761318
PT,TMSZ03,OTSZ03,1,12.779094893351187
PT,QTSZ05,KLSZ06,1,5.863975248216529
PT,YSSZ04,BSSZ02,1,7.1709215588237925
VH,AMSZ10,PGSZ03,1,5.952241132810682
PT,KLSZ01,BSSZ01,1,5.134170778509711
WK,BMSZ04,BMSZ07,1,1.9555381553333073
VH,DTSZ02,BDSZ05,1,7.878994012636982
PT,TNSZ04,SGSZ06,1,7.66248915195943
PT,JWSZ06,THSZ01,1,4.967622816731378
PT,QTSZ11,DTSZ03,1,9.250538145752286
PT,DTSZ02,TPSZ04,1,4.762813697742243
VH,CLSZ06,CLSZ08,1,1.0615670547239102
PT,QTSZ11,RCSZ10,1,8.500684300823147
PT,CKSZ03,CKSZ06,1,1.7431883026562554
PT,BSSZ01,QTSZ02,1,6.889208200128888
PT,YSSZ09,TMSZ04,1,16.973740135242906
PT,SBSZ01,SBSZ03,1,1.5231686421359845
WK,SESZ06,SESZ06,1,0.0
PT,YSSZ09,WDSZ08,1,4.419623811868061
PT,BMSZ17,CLSZ06,1,9.705301086277531
PT,KLSZ01,RCSZ10,1,2.692973959110925
PT,BKSZ06,BKSZ07,1,0.9082341190430384
VH,SGSZ06,BSSZ03,1,1.9817878572778096
PT,QTSZ08,QTSZ06,1,1.450190340621632
PT,DTSZ05,AMSZ02,1,9.90172635785792
PT,QTSZ05,DTSZ02,1,5.029089430873017
PT,BDSZ05,BTSZ02,1,14.529252916120234
PT,GLSZ05,HGSZ07,1,4.623799103529617
VH,HGSZ04,SESZ03,1,2.3969142178322658
VH,TPSZ06,YSSZ09,1,10.930364173849584
PT,HGSZ04,GLSZ03,1,5.029450868158842
PT,BMSZ14,AMSZ12,1,12.351125892713714
VH,HGSZ08,PRSZ03,1,7.406744746994053
VH,BPSZ01,CKSZ03,1,1.435952588366033
PT,KLSZ06,BMSZ09,1,3.9637569718085515
PT,WDSZ08,TPSZ02,1,14.274603616209045
WK,TPSZ02,TPSZ02,1,0.0
VH,HGSZ07,NVSZ01,1,5.26592267317842
PT,CLSZ04,CLSZ06,1,0.7914849055353017
PT,TMSZ04,TMSZ04,1,0.0
WK,SESZ06,SESZ06,1,0.0
WK,TMSZ05,TMSZ05,1,0.0
PT,WDSZ09,SKSZ02,1,4.025933577656925
PT,JESZ02,KLSZ06,1,13.772663115035689
PT,SESZ03,TPSZ12,1,6.349549802781469
PT,BMSZ04,BTSZ06,1,5.407348841146268
PT,KLSZ07,BMSZ09,1,3.4669477994897138
VH,WCSZ01,YSSZ09,1,16.623515431959568
PT,SESZ04,GLSZ01,1,7.765644195232736
WK,QTSZ05,QTSZ05,1,0.0
WK,YSSZ03,YSSZ09,1,1.7688742052165112
PT,PGSZ05,BMSZ04,1,16.291780953870475
PT,TMSZ04,TMSZ04,1,0.0
PT,TPSZ04,KLSZ09,1,4.0206424943046875
PT,ORSZ02,BSSZ03,1,5.440020592433535
PT,DTSZ12,OTSZ02,1,1.9758980959860097
PT,BMSZ14,NVSZ02,1,5.120203711269396
PT,GLSZ03,BMSZ07,1,10.74408746558685
WK,JWSZ04,JWSZ04,1,0.0
PT,SESZ02,SESZ03,1,0.9264025278629129
PT,BDSZ04,DTSZ08,1,11.271097145894494
VH,BPSZ05,BKSZ05,1,2.270302415032574
VH,SESZ03,PGSZ02,1,1.986152873619633
WK,PGSZ03,PGSZ05,1,1.9779039939853045
PT,KLSZ07,TPSZ11,1,3.383147444494971
PT,SESZ06,SESZ06,1,0.0
PT,PRSZ02,BKSZ01,1,20.29836283272554
PT,YSSZ03,WDSZ02,1,6.263472399796231
VH,ORSZ03,YSSZ03,1,14.124994393607942
PT,DTSZ11,BPSZ05,1,14.699280581053403
PT,SESZ04,MPSZ02,1,9.802426485017497
PT,ORSZ02,CKSZ03,1,12.94408143956767
PT,QTSZ06,DTSZ11,1,5.815434863832316
PT,BDSZ01,TMSZ03,1,3.2680309470558733
WK,DTSZ05,DTSZ08,1,0.6129048720467968
PT,TPSZ03,TPSZ03,1,0.0
VH,CKSZ02,TSSZ05,1,15.040998723971484
PT,NVSZ02,MUSZ01,1,2.106233887078168
PT,BKSZ03,CKSZ04,1,2.6638260898094845
PT,BMSZ01,NVSZ01,1,7.566836336203431
PT,MPSZ02,HGSZ06,1,6.641214327141285
PT,YSSZ03,YSSZ09,1,1.7688742052165112
PT,QTSZ13,BPSZ05,1,10.049805691445846
PT,TMSZ03,AMSZ01,1,10.269187328453006
WK,NVSZ01,NVSZ01,1,0.0
VH,BSSZ01,BMSZ07,1,8.19927218003428
PT,BMSZ09,BTSZ01,1,8.460913016447526
PT,SGSZ06,GLSZ03,1,3.8233716996857776
PT,JWSZ01,JWSZ09,1,1.81790476050892
PT,PRSZ05,PRSZ03,1,1.3236940820239511
VH,OTSZ01,CLSZ04,1,8.827257612758123
PT,SGSZ06,SBSZ04,1,13.154845936605819
PT,GLSZ05,BDSZ04,1,4.4484831020133795
WK,TPSZ01,TPSZ01,1,0.0
PT,GLSZ05,SGSZ06,1,4.986415567336734
PT,TPSZ06,DTSZ02,1,4.96888586744317
PT,WDSZ09,CHSZ02,1,23.755681397662386
PT,YSSZ04,BMSZ01,1,16.869078979268856
PT,TMSZ03,TMSZ04,1,2.188355345903096
PT,SESZ03,QTSZ09,1,16.096406199528996
PT,TMSZ03,BDSZ04,1,2.01283224519501
PT,YSSZ02,WDSZ02,1,5.169003861857132
PT,WDSZ03,QTSZ08,1,15.949789699212772
PT,CLSZ09,CKSZ02,1,7.550071841276097
VH,MPSZ03,GLSZ02,1,3.693714375224264
WK,DTSZ02,DTSZ02,1,0.0
VH,SGSZ06,GLSZ03,1,3.8233716996857776
PT,BTSZ01,BMSZ04,1,8.579535514361597
VH,BSSZ01,DTSZ01,1,7.022428444756149
PT,TMSZ03,QTSZ11,1,18.65144150654042
PT,TPSZ04,KLSZ06,1,2.8021042825331812
PT,HGSZ06,DTSZ11,1,10.198558237015776
PT,NVSZ02,AMSZ01,1,6.145691438127311
PT,OTSZ04,TPSZ09,1,5.79950432783869
PT,TMSZ03,TMSZ02,1,1.8211342041293208
WK,SESZ06,SESZ06,1,0.0
VH,GLSZ05,MPSZ03,1,1.8762855558336555
PT,TMSZ05,TMSZ03,1,4.262471447978868
PT,BDSZ04,DTSZ05,1,10.783708417296742
PT,PGSZ05,TPSZ10,1,8.019058929722869
PT,SGSZ05,OTSZ03,1,7.9204069885481045
WK,PGSZ02,PGSZ03,1,0.8699452159826071
WK,KLSZ01,KLSZ01,1,0.0
PT,JESZ05,JWSZ02,1,3.7811687919837493
PT,OTSZ03,YSSZ09,1,16.868277722743255
PT,CKSZ03,CKSZ06,1,1.7431883026562554
PT,WDSZ01,WDSZ03,1,1.9549224562619225
PT,TPSZ06,DTSZ02,1,4.96888586744317
PT,KLSZ06,AMSZ01,1,7.02346780754669
PT,BMSZ03,BMSZ07,1,0.842100662795205
PT,HGSZ03,TMSZ03,1,5.286241624817237
WK,JWSZ08,JWSZ08,1,0.0
PT,CKSZ03,PNSZ01,1,10.049250025656589
PT,OTSZ02,ORSZ02,1,2.7197464116783547
PT,JESZ05,CLSZ08,1,4.088270141502623
VH,TMSZ04,WDSZ02,1,21.16303655421544
PT,SESZ03,PGSZ04,1,1.5480541741474918
PT,YSSZ01,SESZ03,1,7.731153499703655
PT,NVSZ02,BMSZ14,1,5.120203711269396
PT,TMSZ02,TMSZ03,1,1.8211342041293208
PT,BTSZ05,DTSZ02,1,6.74205829901481
PT,RVSZ05,JWSZ09,1,15.902123626114294
PT,TMSZ03,BDSZ04,1,2.01283224519501
PT,DTSZ08,JESZ05,1,13.26658275751518
WK,GLSZ04,GLSZ04,1,0.0
PT,CKSZ06,CKSZ06,1,0.0
VH,AMSZ02,SGSZ04,1,1.7836922077669188
PT,YSSZ09,YSSZ02,1,1.0963348161770936
PT,BSSZ03,DTSZ02,1,6.381299952172081
VH,SBSZ05,YSSZ09,1,2.5583165245436312
WK,SBSZ02,SBSZ03,1,1.006673959447339
VH,SESZ04,QTSZ08,1,15.2786089603582
PT,SGSZ06,SGSZ04,1,1.2504688104488453
PT,JWSZ09,QTSZ05,1,12.72188856355705
PT,QTSZ05,DTSZ05,1,4.992013285851328
PT,HGSZ06,AMSZ02,1,3.149601972921236
VH,DTSZ02,GLSZ05,1,5.714035671914394
PT,CKSZ06,SGSZ02,1,13.301455747003732
WK,ORSZ02,ORSZ02,1,0.0
PT,SESZ04,SESZ06,1,1.4130001556698468
PT,SESZ03,BSSZ01,1,8.191644757943026
VH,HGSZ02,HGSZ03,1,0.7511726210026585
PT,SGSZ02,CKSZ05,1,13.282934264171269
PT,BSSZ03,YSSZ09,1,9.366708538494205
PT,QTSZ06,BMSZ06,1,1.8993487974178067
PT,TNSZ02,ORSZ03,1,1.7868568877584055
PT,JESZ05,JWSZ03,1,3.042266158318978
WK,CKSZ01,CKSZ01,1,0.0
PT,WDSZ05,WDSZ06,1,0.9654608228593916
PT,BKSZ02,RCSZ09,1,13.31852467097748
PT,BKSZ07,BPSZ05,1,3.570516970567449
PT,ORSZ02,SESZ03,1,12.013470532839914
WK,YSSZ04,YSSZ04,1,0.0
PT,TPSZ06,BSSZ01,1,3.7352266707219957
VH,CLSZ03,JESZ05,1,2.0046474985086586
PT,TMSZ02,KLSZ06,1,11.327158710464781
PT,TSSZ03,JWSZ09,1,5.845629243365312
VH,ORSZ01,ORSZ03,1,1.5190923520959723
PT,NVSZ01,AMSZ03,1,4.338911449753773
WK,BDSZ04,BDSZ06,1,1.3781452505148277
PT,BDSZ04,YSSZ09,1,16.1763210369897
VH,SKSZ04,JESZ05,1,8.86334335856325
PT,CLSZ04,HGSZ06,1,13.592994159060986
WK,HGSZ04,HGSZ01,1,0.7566664343295557
PT,TMSZ05,DTSZ03,1,12.849638295237952
PT,BMSZ01,BMSZ04,1,2.2510633399612368
PT,PRSZ03,QTSZ04,1,18.56346097398001
PT,DTSZ03,BDSZ05,1,7.213879914949417
PT,PNSZ02,YSSZ09,1,22.151749698255994
PT,BSSZ02,HGSZ08,1,4.89378340275891
PT,KLSZ01,TMSZ04,1,10.447192597752915
PT,BMSZ12,JESZ05,1,9.25439826484248
PT,BPSZ03,YSSZ01,1,8.740111627901353
PT,WDSZ06,WDSZ06,1,0.0
VH,AMSZ02,SGSZ04,1,1.7836922077669188
PT,JESZ05,DTSZ07,1,12.927423614260617
VH,JWSZ04,CLSZ09,1,4.727254508256399
PT,PGSZ02,HGSZ02,1,4.396999254069179
VH,CKSZ03,CKSZ02,1,1.0663075799099802
PT,CHSZ03,QTSZ14,1,24.21643572766962
VH,CKSZ02,BKSZ05,1,2.938298637870518
PT,TPSZ06,WDSZ04,1,12.572399663731021
VH,JWSZ04,BKSZ02,1,4.32546112364124
VH,HGSZ03,HGSZ01,1,0.989175754475229
PT,OTSZ03,NVSZ01,1,5.130283975123037
PT,BMSZ05,WDSZ03,1,18.325168798630443
WK,SESZ03,SESZ03,1,0.0
VH,BSSZ01,BSSZ02,1,1.4491930913198168
PT,DTSZ05,KLSZ03,1,4.196645388956424
PT,QTSZ10,QTSZ10,1,0.0
PT,QTSZ02,GLSZ04,1,9.893241513939147
WK,OTSZ03,OTSZ03,1,0.0
PT,PGSZ03,PGSZ01,1,1.8499062526624934
WK,QTSZ08,QTSZ10,1,1.427255504833849
PT,WDSZ06,WDSZ01,1,0.9962859436397019
VH,TMSZ03,TMSZ05,1,4.262471447978868
PT,MUSZ01,QTSZ05,1,4.117127913434588
PT,PGSZ03,DTSZ05,1,14.18388242171516
PT,QTSZ11,BPSZ05,1,8.96328372259818
PT,WDSZ01,WDSZ02,1,0.7905033315597753
VH,SRSZ01,SRSZ01,1,0.0
PT,PNSZ02,JWSZ08,1,4.34831997710075
PT,PGSZ05,DTSZ11,1,15.588057467208834
PT,HGSZ04,NVSZ02,1,7.846713939040831
PT,TMSZ02,CHSZ03,1,5.590892298049903
PT,DTSZ11,HGSZ07,1,9.791724438664767
PT,GLSZ05,GLSZ03,1,1.4227448334206714
VH,QTSZ08,GLSZ02,1,10.953406451225664
VH,CLSZ05,DTSZ11,1,11.723943029723348
VH,BDSZ04,SESZ03,1,8.026016071672588
PT,MUSZ01,PGSZ04,1,12.946394885041654
VH,CHSZ03,PGSZ03,1,13.099665252929867
PT,BSSZ03,TNSZ04,1,5.932431432246732
WK,GLSZ05,GLSZ04,1,1.665730792673618
VH,QTSZ11,TPSZ06,1,10.181295360390092
PT,AMSZ10,DTSZ11,1,12.24011772844972
PT,BMSZ16,BMSZ01,1,2.618652417920164
PT,WDSZ02,PGSZ02,1,12.711092372017745
VH,CLSZ04,TSSZ05,1,14.961834286891209
PT,GLSZ02,BMSZ17,1,8.750625536325659
PT,CLSZ06,BTSZ01,1,3.0210693565893165
VH,KLSZ01,DTSZ05,1,4.445749706165954
PT,CKSZ03,CKSZ01,1,0.8899078021080913
PT,SGSZ06,AMSZ01,1,3.5002927418764003
VH,CKSZ06,QTSZ11,1,12.069168207523715
PT,JWSZ09,JWSZ04,1,2.2141262582406362
PT,YSSZ09,QTSZ11,1,16.198475493288665
WK,HGSZ04,HGSZ04,1,0.0
PT,DTSZ01,JESZ05,1,13.154324003134741
PT,TPSZ07,QTSZ10,1,9.327329211876995
PT,SGSZ03,PGSZ05,1,5.484698864279174
VH,KLSZ06,SESZ02,1,9.945077829351897
PT,AMSZ01,SGSZ03,1,2.9590315422211915
PT,JESZ03,CLSZ04,1,3.167921570068641
PT,AMSZ03,BSSZ03,1,1.6323305680531304
PT,QTSZ02,BDSZ01,1,13.11363330241706
PT,CKSZ01,BPSZ05,1,1.4108989462238801
PT,RVSZ05,DTSZ11,1,2.628847597663641
PT,BDSZ04,BDSZ06,1,1.3781452505148277
PT,TMSZ05,BDSZ05,1,5.643999288688934
WK,CKSZ03,CKSZ03,1,0.0
VH,TMSZ02,CHSZ03,1,5.590892298049903
PT,BPSZ05,TNSZ01,1,9.453990628752813
PT,QTSZ05,QTSZ10,1,3.267274760175375
PT,NTSZ05,GLSZ04,1,4.718994329478618
VH,PRSZ04,PRSZ03,1,1.1729449925550546
PT,AMSZ11,YSSZ03,1,3.803598991050213
PT,JESZ05,CLSZ03,1,2.0046474985086586
PT,BDSZ02,TMSZ05,1,4.902586233981663
VH,BKSZ06,JWSZ06,1,5.2397235262032
PT,TPSZ06,CLSZ09,1,12.005294966981786
WK,AMSZ10,AMSZ09,1,0.841056832156811
PT,BKSZ03,JESZ05,1,2.5079224896408996
PT,PGSZ05,BMSZ17,1,17.42394452469226
WK,DTSZ11,DTSZ07,1,0.8429662879658641
PT,DTSZ01,BDSZ04,1,9.548239775598132
VH,SESZ06,SESZ03,1,2.3877316708630167
VH,WCSZ01,BKSZ03,1,6.535441458966325
PT,WDSZ03,HGSZ08,1,14.430138214802039
PT,WDSZ06,GLSZ04,1,18.193960142799302
PT,QTSZ08,JWSZ09,1,10.935246479643997
PT,KLSZ08,CLSZ03,1,12.10764876289663
VH,JWSZ04,TSSZ02,1,9.596519425554309
PT,SGSZ06,BDSZ06,1,8.898520899298843
PT,GLSZ05,DTSZ03,1,5.1205505522241594
PT,DTSZ03,SESZ03,1,11.867096099365066
PT,WDSZ03,SBSZ03,1,1.8504157042501537
PT,BDSZ01,DTSZ02,1,7.894015146653577
VH,BDSZ01,PRSZ02,1,5.91005420235338
PT,YSSZ09,YSSZ02,1,1.0963348161770936
VH,HGSZ06,SESZ02,1,3.852923087151795
PT,GLSZ02,MPSZ01,1,2.935959179208678
PT,BKSZ09,CLSZ04,1,2.73793888428965
WK,SESZ06,SESZ06,1,0.0
PT,BDSZ01,SGSZ06,1,4.702754402809595
PT,BDSZ07,SESZ03,1,10.000989200375706
PT,QTSZ05,QTSZ05,1,0.0
WK,DTSZ11,DTSZ08,1,0.5153840911509646
PT,PRSZ03,DTSZ05,1,14.581348508611656
PT,TMSZ01,TMSZ02,1,1.8880896152958335
PT,NTSZ05,BPSZ04,1,10.724966728850557
PT,SBSZ03,WDSZ01,1,3.792906959192972
PT,HGSZ04,YSSZ01,1,7.978328319209181
WK,SBSZ03,SBSZ03,1,0.0
PT,SLSZ01,YSSZ03,1,2.8069598414174313
VH,BDSZ01,SGSZ06,1,4.702754402809595
PT,BMSZ12,SBSZ03,1,18.281458977626595
PT,CHSZ03,SESZ03,1,12.498495623359238
PT,SBSZ05,SBSZ02,1,1.3824953322357605
VH,TMSZ03,PRSZ05,1,3.4518825252645438
WK,BKSZ07,BKSZ07,1,0.0
WK,BDSZ04,BDSZ04,1,0.0
WK,HGSZ01,HGSZ03,1,0.989175754475229
PT,PGSZ03,PGSZ04,1,1.813530848549925
PT,QTSZ08,SESZ04,1,15.2786089603582
PT,OTSZ03,JWSZ02,1,16.455223508991164
VH,NVSZ02,HGSZ05,1,8.254415762686026
PT,AMSZ05,DTSZ01,1,7.900267162539192
PT,BMSZ05,PGSZ04,1,15.364221222319154
PT,DTSZ01,BSSZ02,1,6.263198709452091
PT,QTSZ09,YSSZ08,1,13.167281526968676
PT,AMSZ01,AMSZ06,1,0.8041193925714387
PT,BKSZ03,JESZ01,1,1.490880947913619
PT,DTSZ05,BDSZ04,1,10.783708417296742
PT,WDSZ07,BSSZ02,1,12.300534649121712
PT,HGSZ02,RVSZ05,1,10.781345727351106
PT,YSSZ04,DTSZ03,1,14.28741028256163
PT,BDSZ06,BDSZ04,1,1.3781452505148277
PT,RCSZ05,TMSZ02,1,11.713532531752604
PT,JESZ02,NVSZ02,1,11.832959634573227
VH,BKSZ09,BKSZ07,1,1.1548323650255352
PT,YSSZ03,YSSZ03,1,0.0
PT,PGSZ05,KLSZ07,1,12.08625015849617
PT,KLSZ07,KLSZ07,1,0.0
PT,BSSZ03,NTSZ03,1,4.544092034355699
VH,MPSZ01,TMSZ04,1,8.212043247828973
PT,AMSZ03,AMSZ01,1,1.363824475326825
PT,BKSZ01,NVSZ01,1,11.48578767013963
VH,SESZ04,PGSZ04,1,2.452440718515079
PT,BPSZ05,ORSZ02,1,10.767083021711537
PT,MUSZ01,HGSZ01,1,9.40655801492176
PT,AMSZ01,HGSZ02,1,5.725609110540617
PT,JESZ10,JESZ01,1,4.887529608586435
PT,HGSZ07,DTSZ11,1,9.791724438664767
VH,SBSZ03,KLSZ06,1,15.758955871017196
VH,SGSZ06,HGSZ06,1,1.628829512348083
PT,PLSZ04,QTSZ11,1,14.782911257608106
PT,KLSZ06,SESZ03,1,9.951276190788278
VH,ORSZ02,BTSZ04,1,5.828380386483825
WK,BMSZ11,BMSZ11,1,0.0
PT,BMSZ06,YSSZ09,1,15.486360074106837
PT,JWSZ06,CKSZ06,1,9.491508896062024
PT,JESZ05,JWSZ04,1,2.3929114480591256
PT,BKSZ09,JESZ05,1,1.9302475957546805
WK,BMSZ04,BMSZ04,1,0.0
PT,DTSZ03,PGSZ04,1,12.793546715777008
PT,TPSZ02,DTSZ03,1,4.785765176001042
PT,JESZ05,BKSZ09,1,1.9302475957546805
PT,TPSZ09,SESZ03,1,7.4204999508979075
PT,HGSZ07,PNSZ02,1,24.643585763920754
PT,PGSZ04,ORSZ03,1,13.152335726497345
PT,BMSZ03,BMSZ04,1,1.1473032007054464
VH,YSSZ01,BKSZ05,1,11.385341825314793
PT,KLSZ08,PGSZ04,1,10.31085234894083
PT,TSSZ05,CKSZ03,1,15.753061136702646
PT,BDSZ04,TMSZ04,1,2.300713819335355
WK,BDSZ04,BDSZ04,1,0.0
PT,PRSZ03,TMSZ02,1,1.9941353644937028
WK,BMSZ04,BMSZ08,1,0.59386186624026
PT,PRSZ03,TMSZ04,1,3.554865866429268
VH,TMSZ03,TMSZ03,1,0.0
WK,BKSZ07,BKSZ07,1,0.0
PT,BTSZ01,ORSZ01,1,7.06210737566147
WK,GLSZ05,GLSZ05,1,0.0
PT,SESZ03,RCSZ10,1,11.366051673463458
PT,YSSZ09,MUSZ01,1,14.793974491685569
VH,NVSZ02,BDSZ06,1,11.31785586188237
WK,BMSZ12,BMSZ14,1,1.4296147450444732
WK,JESZ05,JESZ03,1,0.6185017999780152
PT,BKSZ02,JWSZ08,1,6.2406664411798305
VH,BDSZ01,BDSZ01,1,0.0
PT,GLSZ03,DTSZ12,1,6.660393235401006
PT,YSSZ04,BMSZ02,1,15.321887144756019
VH,RCSZ01,CKSZ03,1,14.35430825319109
VH,SESZ03,GLSZ03,1,6.893407627631798
VH,TMSZ03,HGSZ06,1,6.348857436820739
PT,TPSZ03,TPSZ03,1,0.0
PT,BTSZ01,YSSZ09,1,12.296448234369434
PT,BKSZ09,JWSZ03,1,4.235243182189691
PT,QTSZ12,QTSZ01,1,2.925800347769965
PT,SESZ06,AMSZ01,1,4.135723879499389
PT,TPSZ06,NVSZ02,1,2.7588056334035747
PT,GLSZ05,JWSZ09,1,21.96824689430482
PT,RCSZ01,SRSZ02,1,2.331762775248652
VH,SBSZ04,SBSZ04,1,0.0
PT,BDSZ04,CHSZ03,1,7.463238829167281
PT,KLSZ06,SESZ05,1,8.921678147303673
PT,ORSZ01,RCSZ01,1,2.9666109973930888
VH,TPSZ02,BPSZ03,1,10.140169160160886
PT,BPSZ03,BMSZ01,1,13.744456017518864
PT,OTSZ03,BKSZ02,1,14.06430925349622
VH,GLSZ05,YSSZ04,1,13.142002700854169
PT,CHSZ03,TMSZ02,1,5.590892298049903
PT,DTSZ11,TMSZ02,1,14.048301207762186
PT,GLSZ04,TMSZ02,1,8.737233511326789
PT,NVSZ02,PGSZ05,1,12.262508482188563
PT,HGSZ01,BDSZ05,1,6.900501656844398
WK,BPSZ05,BPSZ01,1,1.2990930537372278
PT,QTSZ08,JWSZ08,1,11.870472544670106
PT,BDSZ03,BDSZ04,1,2.353398647735378
VH,BDSZ04,PRSZ08,1,4.653671693815638
PT,TMSZ03,PRSZ03,1,2.936930765047012
VH,SESZ02,SESZ02,1,0.0
PT,GLSZ04,BKSZ09,1,14.25506941241694
PT,WDSZ01,WDSZ06,1,0.9962859436397019
VH,WDSZ02,YSSZ09,1,4.494710631795676
PT,DTSZ11,MUSZ03,1,2.311769267762776
VH,BMSZ02,GLSZ05,1,9.679386794665927
WK,TMSZ05,TMSZ05,1,0.0
VH,GLSZ03,GLSZ05,1,1.4227448334206714
PT,BMSZ03,QTSZ10,1,4.5538956979814005
PT,QTSZ08,WDSZ02,1,15.752865950344395
VH,AMSZ09,AMSZ01,1,1.2075000973564398
WK,DTSZ05,DTSZ05,1,0.0
PT,WDSZ02,WDSZ01,1,0.7905033315597753
PT,BDSZ06,DTSZ01,1,10.149008187409153
PT,RCSZ10,MUSZ01,1,0.8729121205564073
PT,QTSZ01,JESZ06,1,4.703307101143611
PT,BDSZ06,GLSZ04,1,6.8244187577684
PT,AMSZ04,KLSZ08,1,6.007154674342533
PT,NVSZ02,RCSZ09,1,1.9770450515550109
PT,YSSZ02,JESZ05,1,15.765779768043569
PT,BMSZ15,BMSZ08,1,1.4611229178377867
VH,JESZ02,JESZ05,1,0.9177132998918662
WK,DTSZ01,RCSZ10,1,0.3428190544339364
PT,CLSZ08,WDSZ03,1,16.01854373736325
PT,PRSZ04,PGSZ03,1,6.910151432198022
WK,BDSZ05,BDSZ05,1,0.0
VH,HGSZ06,HGSZ04,1,1.3155617892005385
PT,HGSZ06,PGSZ04,1,4.904126959456134
VH,JESZ02,DTSZ09,1,13.895146973662666
VH,CLSZ04,DTSZ03,1,10.716966258465384
PT,SESZ03,QTSZ08,1,15.756089750431935
WK,TNSZ02,TNSZ02,1,0.0
PT,BMSZ09,QTSZ08,1,4.478012979924775
VH,DTSZ02,SESZ04,1,12.028593467780356
PT,CKSZ03,CLSZ03,1,7.085465942286731
PT,BKSZ03,JESZ01,1,1.490880947913619
PT,GLSZ04,GLSZ05,1,1.665730792673618
PT,MDSZ03,YSSZ09,1,0.8336901196416204
PT,GLSZ02,KLSZ06,1,3.431268254145009
PT,TPSZ02,DTSZ11,1,6.374750384603541
WK,SRSZ02,OTSZ04,1,0.6338040573109484
PT,TPSZ02,TPSZ06,1,1.4767044789646766
PT,NVSZ02,MPSZ03,1,7.385538125040818
VH,BDSZ04,TMSZ04,1,2.300713819335355
WK,AMSZ02,AMSZ06,1,1.6123657420265183
PT,TPSZ02,BSSZ01,1,3.1724755752781033
PT,PGSZ02,PGSZ04,1,1.915966749166938
WK,GLSZ03,GLSZ03,1,0.0
PT,MPSZ01,CLSZ06,1,14.296754119407607
VH,BKSZ09,BKSZ07,1,1.1548323650255352
PT,JWSZ03,JWSZ09,1,2.3719008304684257
WK,TMSZ02,TMSZ02,1,0.0
PT,BPSZ04,TNSZ03,1,9.17600858356063
VH,JWSZ08,JWSZ08,1,0.0
PT,JWSZ02,CLSZ04,1,6.930785367020465
PT,PRSZ03,OTSZ03,1,15.465190727565155
PT,PGSZ04,BSSZ01,1,9.698498104400405
PT,YSSZ05,KLSZ09,1,12.199823573978009
VH,JWSZ04,JWSZ08,1,3.131770663243337
PT,TMSZ03,BDSZ04,1,2.01283224519501
VH,TMSZ02,BSSZ02,1,11.821167916419341
PT,BMSZ09,BMSZ04,1,0.7449494751502973
WK,BDSZ04,BDSZ04,1,0.0
PT,TMSZ05,MUSZ01,1,14.183172006328155
PT,AMSZ10,HGSZ03,1,5.770754504549983
PT,SBSZ09,AMSZ02,1,10.367410132891612
PT,QTSZ11,BKSZ09,1,5.413848212963825
PT,AMSZ10,DTSZ05,1,11.338541562780183
PT,SBSZ03,SBSZ03,1,0.0
VH,HGSZ04,HGSZ01,1,0.7566664343295557
PT,AMSZ01,ORSZ02,1,7.659554160451921
PT,BSSZ01,YSSZ08,1,6.7208258753099805
PT,YSSZ09,GLSZ03,1,13.437702561604944
PT,BMSZ03,YSSZ02,1,16.88995326963203
PT,NVSZ01,KLSZ07,1,1.3155829866230866
PT,KLSZ02,TPSZ06,1,2.124684839656679
WK,NVSZ01,TPSZ07,1,1.099804979383132
PT,QTSZ11,BPSZ03,1,9.891636796214353
PT,BDSZ04,DTSZ02,1,10.133199309040231
PT,QTSZ11,JWSZ09,1,9.628667024565194
PT,BSSZ01,SBSZ08,1,12.229086336243856
PT,JWSZ09,JWSZ03,1,2.3719008304684257
VH,HGSZ03,CHSZ03,1,11.965505010747671
PT,SESZ02,ORSZ02,1,12.184890388759525
PT,PGSZ02,TMSZ04,1,9.572642640154145
PT,DTSZ02,DTSZ05,1,0.9984294889783903
PT,MUSZ01,MDSZ03,1,14.375782701133256
PT,SGSZ03,AMSZ01,1,2.9590315422211915
PT,CLSZ04,CLSZ08,1,1.7789569086211157
PT,RCSZ01,QTSZ15,1,9.245030380941962
PT,AMSZ01,CLSZ03,1,11.486122613156768
PT,BKSZ07,BPSZ05,1,3.570516970567449
WK,BDSZ04,BDSZ04,1,0.0
PT,AMSZ01,HGSZ05,1,3.9553115714482727
PT,BDSZ07,BDSZ04,1,2.830426449952091
PT,QTSZ11,GLSZ05,1,13.731836591430104
PT,WCSZ01,CLSZ07,1,12.312437372102481
PT,SESZ06,TNSZ03,1,12.503024633282834
PT,KLSZ06,BMSZ07,1,6.088932532337763
WK,BMSZ03,BMSZ02,1,0.6449259051306504
PT,SBSZ03,OTSZ04,1,18.300683500942803
PT,TPSZ02,AMSZ02,1,4.546288431833153
PT,HGSZ07,AMSZ09,1,5.844341790205053
PT,BPSZ05,TNSZ01,1,9.453990628752813
PT,JWSZ04,NVSZ02,1,13.649357763645085
PT,HGSZ04,GLSZ02,1,5.136905619520627
VH,HGSZ02,DTSZ12,1,10.56017225198964
PT,AMSZ01,TPSZ02,1,4.463039102140407
VH,HGSZ06,DTSZ11,1,10.198558237015776
PT,BPSZ05,QTSZ14,1,11.38190614030116
VH,BPSZ01,ORSZ02,1,12.032370013564792
PT,ORSZ01,BDSZ01,1,9.919519539190633
PT,BMSZ17,BMSZ12,1,3.660138625814397
PT,TMSZ03,MUSZ02,1,11.690246402306032
PT,BMSZ02,JWSZ04,1,12.299825810390224
PT,OTSZ03,HGSZ06,1,10.09997804126083
PT,BMSZ10,DTSZ02,1,2.6009186618578966
VH,BDSZ04,BDSZ04,1,0.0
PT,AMSZ01,TMSZ04,1,12.438617251098414
PT,CKSZ04,QTSZ09,1,8.690378401098409
VH,DTSZ03,BMSZ08,1,4.1860829291204045
VH,JWSZ04,JESZ05,1,2.3929114480591256
VH,GLSZ04,HGSZ06,1,5.40024598742425
PT,BMSZ09,BMSZ02,1,1.5689219202083913
PT,BDSZ04,GLSZ04,1,6.095252884793878
PT,SESZ02,BSSZ01,1,8.743758676856658
WK,CKSZ02,CKSZ03,1,1.0663075799099802
PT,TMSZ03,TMSZ03,1,0.0
PT,HGSZ06,HGSZ01,1,1.4133061731421355
PT,CLSZ01,JWSZ02,1,5.262824396930211
VH,PGSZ03,KLSZ08,1,10.45901349527432
PT,BDSZ04,BDSZ04,1,0.0
WK,NVSZ01,NVSZ02,1,1.267584011192419
PT,QTSZ11,SGSZ06,1,12.183856278019633
PT,AMSZ10,CKSZ05,1,11.110137851832945
VH,QTSZ11,YSSZ04,1,15.222601632124654
PT,CLSZ04,BMSZ06,1,6.584502328081186
PT,NVSZ03,AMSZ03,1,5.171321845007197
PT,TMSZ05,BDSZ06,1,2.8616357130860677
WK,JESZ03,JESZ05,1,0.6185017999780152
PT,JESZ05,BKSZ05,1,3.4432452306580053
PT,MDSZ02,CKSZ04,1,9.80662365891678
PT,BMSZ17,SESZ03,1,15.58900183963848
PT,SGSZ04,SGSZ04,1,0.0
VH,BSSZ01,BSSZ01,1,0.0
PT,KLSZ07,BTSZ01,1,9.157718148267811
VH,SESZ03,BDSZ04,1,8.026016071672588
PT,CLSZ06,CLSZ06,1,0.0
WK,YSSZ04,YSSZ04,1,0.0
VH,QTSZ11,BMSZ13,1,4.182606663024169
VH,AMSZ05,HGSZ07,1,5.500520923468844
VH,BMSZ08,ORSZ02,1,2.3374692627379265
PT,KLSZ09,JWSZ09,1,18.505878698811767
WK,TPSZ03,TPSZ01,1,0.8691238760750586
PT,MPSZ03,CHSZ03,1,11.502248689489427
PT,TMSZ03,KLSZ06,1,9.511876636370626
VH,TMSZ02,OTSZ03,1,14.542266359955034
PT,SGSZ01,JESZ02,1,14.962018732542647
VH,AMSZ11,SESZ03,1,5.656310078248381
PT,WDSZ04,BMSZ08,1,16.161244793096813
PT,BKSZ05,CKSZ05,1,4.521306234215767
PT,SESZ02,MUSZ02,1,12.299560853721673
PT,KLSZ07,TPSZ11,1,3.383147444494971
PT,BKSZ02,BKSZ03,1,1.0140689767755455
WK,BMSZ09,BMSZ04,1,0.7449494751502973
PT,JWSZ09,WCSZ01,1,4.867229736806335
PT,OTSZ03,SBSZ03,1,18.72631779852018
PT,QTSZ14,BPSZ05,1,11.38190614030116
PT,AMSZ06,AMSZ06,1,0.0
PT,JWSZ09,CKSZ03,1,7.1081552021317815
WK,PRSZ02,PRSZ02,1,0.0
PT,BLSZ01,YSSZ09,1,17.910578734525362
PT,QTSZ05,PGSZ03,1,15.332372108265153
PT,TPSZ02,TPSZ01,1,0.9338053167884945
VH,BSSZ01,QTSZ11,1,9.237136962862854
PT,WDSZ04,PRSZ06,1,20.511441843184073
PT,PRSZ03,SRSZ01,1,15.250617521855348
PT,HGSZ06,OTSZ04,1,9.507549419812015
PT,WCSZ01,JWSZ02,1,4.683123759082885
PT,QTSZ11,TPSZ02,1,8.722457060533003
PT,TPSZ11,BKSZ01,1,13.518621720701221
PT,BSSZ03,SGSZ06,1,1.9817878572778096
PT,TMSZ05,BDSZ03,1,5.965584280085488
WK,BMSZ13,BMSZ13,1,0.0
PT,YSSZ04,SBSZ05,1,4.131038049941328
PT,MPSZ02,KLSZ09,1,4.340095993112337
PT,SBSZ01,SRSZ02,1,17.618717754268665
VH,TMSZ04,GLSZ02,1,7.78994446407893
WK,BMSZ08,BMSZ08,1,0.0
PT,CHSZ03,YSSZ09,1,21.073694736998593
PT,YSSZ03,YSSZ03,1,0.0
WK,WDSZ01,WDSZ01,1,0.0
VH,SKSZ04,CKSZ06,1,1.3279259305576234
WK,BDSZ04,BDSZ04,1,0.0
VH,SESZ03,TMSZ04,1,8.440538607364859
WK,SESZ04,SESZ06,1,1.4130001556698468
PT,BMSZ02,MUSZ02,1,3.32928874443523
PT,HGSZ07,PGSZ05,1,5.846919784378221
PT,DTSZ03,SBSZ05,1,18.368624425718988
PT,TPSZ02,AMSZ08,1,6.334172658549698
VH,PRSZ05,TMSZ02,1,1.8444573221520455
PT,ORSZ02,PRSZ03,1,14.814728317007713
PT,BTSZ06,CKSZ02,1,8.264661194249076
PT,AMSZ12,PGSZ03,1,5.300721249995672
VH,WDSZ09,WDSZ03,1,2.578784998326383
WK,WDSZ06,WDSZ06,1,0.0
PT,SGSZ06,JESZ05,1,14.386437650177955
PT,GLSZ01,SGSZ03,1,5.406548489821448
PT,HGSZ02,TMSZ03,1,4.805413215119044
WK,JWSZ09,JWSZ09,1,0.0
PT,BTSZ06,DTSZ11,1,7.923051075552416
WK,BMSZ01,BMSZ01,1,0.0
WK,JESZ05,JESZ02,1,0.9177132998918662
VH,QTSZ14,BMSZ07,1,1.996229844152145
PT,SESZ06,TMSZ04,1,10.53190882853907
PT,MUSZ01,BMSZ03,1,3.3552278706834033
PT,PGSZ04,MUSZ01,1,12.946394885041654
PT,BMSZ03,KLSZ08,1,6.123598975506259
VH,TPSZ06,TPSZ02,1,1.4767044789646766
PT,BMSZ01,JWSZ09,1,14.723740363036976
PT,SBSZ04,SBSZ08,1,1.56521377449616
PT,QTSZ06,SBSZ04,1,18.235934835048933
PT,PRSZ08,BTSZ08,1,18.53071344586624
PT,JWSZ03,TSSZ03,1,8.177726258945059
PT,TMSZ03,OTSZ03,1,12.779094893351187
PT,HGSZ01,TPSZ01,1,6.435843285270003
PT,GLSZ02,BDSZ04,1,5.659638278603995
PT,TPSZ01,TPSZ02,1,0.9338053167884945
PT,CKSZ04,DTSZ11,1,17.1140777806661
VH,TMSZ02,TMSZ03,1,1.8211342041293208
WK,BTSZ01,BTSZ01,1,0.0
VH,AMSZ01,CHSZ03,1,17.374453729266236
PT,OTSZ03,BSSZ02,1,8.272921769160586
VH,CLSZ04,JWSZ09,1,7.61602647279514
PT,BMSZ01,DTSZ08,1,4.071765318628708
PT,BSSZ01,BMSZ17,1,10.282381287427945
WK,ORSZ03,ORSZ03,1,0.0
PT,DTSZ02,CLSZ08,1,10.075927568561129
PT,OTSZ03,BMSZ04,1,1.9278935544172855
WK,RCSZ05,DTSZ02,1,1.3115614551907029
WK,ORSZ02,ORSZ03,1,0.8534670569351773
PT,JWSZ09,JWSZ04,1,2.2141262582406362
PT,BPSZ04,JESZ05,1,6.024041207689825
PT,NVSZ02,SESZ03,1,10.238259989115535
PT,CHSZ03,BDSZ04,1,7.463238829167281
WK,MPSZ03,MPSZ03,1,0.0
PT,WDSZ03,SBSZ09,1,1.4977107594974173
PT,KLSZ08,BKSZ05,1,12.200011979680545
PT,BMSZ13,BMSZ12,1,0.6201357450343996
PT,GLSZ03,JWSZ08,1,22.48294839891463
WK,SBSZ01,SBSZ01,1,0.0
PT,KLSZ07,SBSZ03,1,15.188988633462973
PT,WDSZ03,ORSZ02,1,15.488100688649466
PT,GLSZ04,TMSZ04,1,8.35473178306198
PT,SESZ03,SESZ03,1,0.0
WK,PGSZ04,PGSZ04,1,0.0
PT,DTSZ01,TPSZ04,1,4.03050419352184
VH,PGSZ05,PGSZ05,1,0.0
WK,YSSZ04,YSSZ04,1,0.0
PT,BKSZ08,DTSZ09,1,12.75872293897628
WK,KLSZ07,NVSZ02,1,0.9407328541278864
PT,KLSZ08,KLSZ05,1,1.8955671520647128
VH,GLSZ05,BDSZ03,1,2.1091080461297502
PT,TMSZ02,TMSZ02,1,0.0
PT,BDSZ06,BDSZ04,1,1.3781452505148277
VH,TMSZ02,DTSZ11,1,14.048301207762186
PT,JWSZ08,JESZ05,1,5.463998465400654
PT,WDSZ03,DTSZ12,1,18.65294729998647
PT,QTSZ08,YSSZ09,1,15.432029426406428
PT,BTSZ05,TPSZ06,1,5.614362844852784
VH,BPSZ01,BPSZ05,1,1.2990930537372278
PT,BDSZ04,BDSZ01,1,2.996661839518554
PT,BTSZ01,AMSZ06,1,8.537012758085234
PT,NVSZ03,CLSZ06,1,7.973251314498553
VH,CLSZ04,AMSZ01,1,10.763072495548862
PT,GLSZ05,MPSZ03,1,1.8762855558336555
VH,SESZ03,DTSZ03,1,11.867096099365066
PT,NVSZ02,CKSZ01,1,12.088179718564936
WK,YSSZ03,YSSZ01,1,1.0015506147644606
VH,WDSZ04,ORSZ02,1,14.45768845722655
PT,DTSZ11,CKSZ03,1,16.83680416961772
PT,TPSZ02,GLSZ04,1,4.642002421735385
PT,YSSZ09,YSSZ09,1,0.0
PT,PRSZ03,DTSZ05,1,14.581348508611656
PT,DTSZ05,TPSZ06,1,5.961255650301703
PT,AMSZ02,SESZ06,1,3.5274829579787665
WK,DTSZ02,DTSZ02,1,0.0
PT,KLSZ05,AMSZ03,1,7.429773151395787
PT,OTSZ03,CKSZ05,1,16.520234957073104
PT,NVSZ01,KLSZ06,1,1.8640868453461785
PT,DTSZ01,DTSZ01,1,0.0
VH,GLSZ03,BDSZ04,1,4.3857290474795105
PT,TMSZ04,DTSZ09,1,14.013007061353122
WK,TPSZ02,TPSZ06,1,1.4767044789646766
PT,BTSZ05,JWSZ02,1,10.88394931874571
PT,JWSZ08,BKSZ05,1,7.772856988410621
WK,JWSZ03,JWSZ03,1,0.0
PT,DTSZ02,BKSZ05,1,12.159002340077263
VH,WCSZ01,SESZ03,1,23.1412703081827
PT,BKSZ09,JESZ02,1,2.144937939379743
PT,TMSZ01,DTSZ05,1,13.414414508982238
PT,OTSZ03,AMSZ02,1,10.377469699866097
WK,HGSZ06,HGSZ06,1,0.0
PT,TPSZ06,PGSZ04,1,8.704054338998672
PT,DTSZ05,HGSZ05,1,11.339750260722443
VH,BPSZ05,CKSZ01,1,1.4108989462238801
PT,BKSZ02,DTSZ05,1,14.4315115088511
PT,AMSZ09,GLSZ05,1,9.65204567057468
PT,PGSZ02,DTSZ09,1,16.048679579792598
PT,BKSZ03,GLSZ05,1,17.881688756733215
PT,TMSZ02,BDSZ01,1,5.084701843817833
VH,JWSZ03,JWSZ04,1,1.7107282695398258
PT,BSSZ01,YSSZ09,1,8.170977815592874
PT,YSSZ04,NVSZ02,1,11.22406463593339
VH,PGSZ04,TMSZ03,1,5.823894217170487
PT,DTSZ09,MPSZ03,1,7.484164276679376
PT,BPSZ03,BMSZ02,1,12.585738416654193
PT,DTSZ02,PGSZ05,1,13.902162704624853
PT,YSSZ01,SBSZ03,1,3.1103199668128694
PT,TMSZ01,BMSZ05,1,15.07346912832012
PT,AMSZ01,AMSZ02,1,0.8098454795607932
WK,TPSZ02,TPSZ04,1,0.8358827334321068
VH,CKSZ01,BPSZ05,1,1.4108989462238801
PT,PRSZ02,TMSZ04,1,4.57403783107831
VH,QTSZ08,QTSZ10,1,1.427255504833849
PT,SESZ04,YSSZ01,1,6.760082665374588
PT,BSSZ01,CKSZ03,1,9.887862950332583
VH,NVSZ01,BSSZ01,1,4.140712133667812
PT,JWSZ09,CKSZ01,1,7.46061532094566
VH,QTSZ14,HGSZ02,1,15.406753402043236
PT,SESZ03,WDSZ02,1,12.964803702104343
PT,DTSZ11,BTSZ08,1,6.970518407379505
PT,BTSZ01,CLSZ06,1,3.0210693565893165
PT,TMSZ02,HGSZ02,1,6.129938334181852
PT,DTSZ10,BDSZ02,1,11.787581161269122
PT,SBSZ02,AMSZ08,1,6.032538116002713
VH,HGSZ04,PGSZ02,1,4.314017081855538
PT,JWSZ04,QTSZ14,1,10.328663561537422
PT,DTSZ02,AMSZ01,1,8.960602715422072
VH,CHSZ03,QTSZ14,1,24.21643572766962
WK,JWSZ04,JWSZ04,1,0.0
VH,DTSZ01,OTSZ03,1,2.5354518837554263
PT,QTSZ08,ORSZ02,1,4.6803534090825005
PT,CKSZ03,WDSZ06,1,6.6117425452270515
PT,BLSZ01,BPSZ05,1,8.44972105576737
PT,BMSZ14,BMSZ12,1,1.4296147450444732
PT,BPSZ03,BPSZ04,1,0.9219301040327256
PT,AMSZ10,BPSZ01,1,9.535696776916161
WK,GLSZ05,GLSZ05,1,0.0
PT,DTSZ05,TMSZ04,1,13.084189965658855
VH,NVSZ02,HGSZ06,1,6.563071690865753
PT,BDSZ05,DTSZ01,1,7.366576839853502
WK,CKSZ06,CKSZ06,1,0.0
VH,BSSZ02,HGSZ08,1,4.89378340275891
PT,BKSZ05,BTSZ01,1,2.1505630256045407
PT,WDSZ04,MDSZ03,1,3.483604699824258
PT,DTSZ12,SGSZ06,1,7.779059779406615
WK,JESZ08,JESZ08,1,0.0
PT,SGSZ06,TPSZ11,1,2.135600560420335
PT,JWSZ09,JWSZ09,1,0.0
WK,YSSZ04,YSSZ04,1,0.0
PT,PRSZ03,DTSZ05,1,14.581348508611656
PT,BPSZ05,QTSZ05,1,9.916506624645997
PT,BSSZ01,ORSZ03,1,6.333117926494728
PT,TSSZ05,KLSZ01,1,25.501778797419455
PT,PGSZ01,KLSZ07,1,13.009334926469622
PT,PRSZ03,TMSZ04,1,3.554865866429268
PT,BDSZ04,TMSZ02,1,3.1599829379376176
PT,JESZ05,JWSZ04,1,2.3929114480591256
VH,JWSZ03,JWSZ04,1,1.7107282695398258
PT,JESZ08,SKSZ03,1,9.717272194837324
VH,SESZ04,HGSZ02,1,2.9359187963327877
PT,ORSZ02,BMSZ01,1,4.590781309617184
PT,TPSZ12,BDSZ02,1,4.906869681187716
VH,YSSZ09,KLSZ06,1,13.739407174343704
WK,BTSZ08,BTSZ08,1,0.0
VH,SBSZ09,WDSZ05,1,4.198824560572072
PT,QTSZ11,BKSZ08,1,6.277838267403658
PT,JWSZ09,JWSZ03,1,2.3719008304684257
PT,BSSZ01,SBSZ04,1,11.19780844941514
PT,CLSZ06,BMSZ08,1,7.157550319555415
WK,BPSZ05,BPSZ04,1,0.9043775472896666
VH,BKSZ05,WDSZ02,1,9.857233659859162
PT,PLSZ04,BDSZ01,1,2.232676708111062
VH,SESZ06,TPSZ12,1,6.544964796052385
PT,CKSZ05,BDSZ04,1,22.158747996456125
PT,WCSZ01,JWSZ09,1,4.867229736806335
PT,DTSZ08,KLSZ06,1,3.7564072430070157
PT,WDSZ04,WDSZ03,1,1.5835624864458278
PT,TMSZ04,DTSZ11,1,13.407265843806211
PT,BDSZ06,BDSZ06,1,0.0
PT,AMSZ06,GLSZ05,1,9.063161196072228
VH,YSSZ03,YSSZ01,1,1.0015506147644606
PT,GLSZ02,MUSZ03,1,5.270866295209281
PT,JWSZ08,BMSZ08,1,15.552161627306292
PT,SESZ06,DTSZ05,1,12.71284398765897
VH,CHSZ03,WDSZ03,1,24.474051696288676
PT,CKSZ02,DTSZ05,1,15.466129981378876
PT,NVSZ04,SKSZ01,1,13.789902467157336
PT,WDSZ03,TPSZ06,1,13.214129704854445
WK,MUSZ01,KLSZ06,1,2.045116266973613
VH,SGSZ05,BSSZ03,1,1.1449102824808797
WK,YSSZ09,YSSZ09,1,0.0
WK,JWSZ09,JWSZ09,1,0.0
VH,BPSZ04,BKSZ04,1,3.3127502721573756
VH,JESZ03,JESZ02,1,0.8712167455384023
PT,SESZ03,SGSZ03,1,3.311581384366349
VH,WCSZ01,BDSZ04,1,27.975626199613018
VH,WDSZ02,CHSZ03,1,25.46180187896978
WK,SGSZ06,SGSZ07,1,0.9479193276864053
VH,GLSZ03,SESZ03,1,6.893407627631798
VH,TMSZ03,BDSZ02,1,1.426330615584882
VH,CHSZ03,PRSZ08,1,4.081519834133196
VH,DTSZ02,BMSZ06,1,3.656422524168435
PT,GLSZ01,HGSZ06,1,4.155964086868111
PT,QTSZ08,OTSZ03,1,6.1905751342633355
PT,BMSZ02,GLSZ04,1,8.073961501831507
WK,TPSZ09,TPSZ11,1,0.8884845055335214
PT,PGSZ03,GLSZ01,1,8.856782751273592
PT,CLSZ04,JESZ05,1,3.174817557630327
PT,ORSZ02,TNSZ03,1,2.3554872595482705
PT,GLSZ04,TNSZ03,1,8.108126369530511
VH,JESZ05,BPSZ01,1,6.218706863920404
VH,DTSZ07,HGSZ06,1,10.062552497131128
VH,WDSZ02,OTSZ03,1,18.703502611310146
WK,CKSZ05,CKSZ05,1,0.0
WK,BMSZ10,BMSZ10,1,0.0
PT,BMSZ07,BMSZ04,1,1.9555381553333073
VH,JESZ05,BKSZ05,1,3.4432452306580053
PT,WCSZ01,WDSZ01,1,12.268080991015394
PT,YSSZ03,TMSZ05,1,17.48642955745995
PT,WDSZ05,WDSZ01,1,1.2320596897563494
VH,BSSZ01,AMSZ06,1,1.9366591055442168
PT,AMSZ02,SGSZ04,1,1.7836922077669188
PT,QTSZ11,JESZ03,1,5.725534538987917
VH,JWSZ09,RCSZ10,1,17.367604341898385
VH,SESZ02,SESZ06,1,3.2776746306326205
PT,GLSZ01,WDSZ06,1,16.696706464846784
PT,BKSZ05,QTSZ08,1,7.063810457789163
PT,BMSZ15,BMSZ15,1,0.0
PT,KLSZ08,TPSZ06,1,2.638674164905226
VH,KLSZ01,SGSZ03,1,5.941795021094732
PT,JESZ06,TPSZ07,1,12.304755043725967
PT,BSSZ01,AMSZ01,1,2.330062203630164
PT,PGSZ03,PGSZ03,1,0.0
WK,QTSZ08,QTSZ08,1,0.0
WK,BTSZ01,BTSZ01,1,0.0
PT,QTSZ08,JWSZ03,1,9.673962239984842
PT,WDSZ06,GLSZ05,1,19.12156329462713
PT,BPSZ03,BPSZ05,1,1.1253728669166327
WK,PRSZ05,PRSZ05,1,0.0
VH,MPSZ01,BMSZ05,1,6.751774885250388
VH,BTSZ08,QTSZ08,1,2.5932947097107215
VH,KLSZ06,KLSZ01,1,1.3008041598955091
PT,SBSZ03,BDSZ04,1,18.412657218794998
PT,WDSZ05,WDSZ02,1,1.8640784453476875
PT,QTSZ05,CLSZ06,1,5.277913801550564
PT,GLSZ04,GLSZ04,1,0.0
VH,BMSZ08,BMSZ07,1,1.4234487023260933
VH,PGSZ05,HGSZ02,1,3.9681095905917063
PT,NVSZ02,HGSZ04,1,7.846713939040831
PT,DTSZ01,BDSZ04,1,9.548239775598132
PT,JWSZ02,RCSZ10,1,16.58344874854525
PT,DTSZ01,AMSZ05,1,7.900267162539192
WK,MPSZ03,MPSZ03,1,0.0
PT,BMSZ05,BSSZ03,1,8.057687198035536
PT,OTSZ04,JESZ05,1,12.78834571272055
PT,GLSZ04,HGSZ08,1,3.2912957854721365
WK,GLSZ04,GLSZ05,1,1.665730792673618
PT,TPSZ02,GLSZ05,1,6.076937864147339
PT,BPSZ05,DTSZ08,1,14.19120703348738
PT,JESZ02,JESZ05,1,0.9177132998918662
PT,BKSZ04,SKSZ03,1,5.053286799453393
VH,BMSZ05,QTSZ05,1,3.52679402805003
PT,ORSZ02,AMSZ02,1,7.86112034343722
PT,TPSZ05,RCSZ10,1,4.605650486156474
PT,QTSZ11,WDSZ03,1,16.394944345426502
PT,WDSZ03,SKSZ01,1,4.796015887714445
PT,YSSZ09,SBSZ01,1,1.819953253358793
PT,SGSZ04,SGSZ06,1,1.2504688104488453
PT,SRSZ01,ORSZ02,1,1.644312138435856
PT,SESZ06,BMSZ09,1,12.799884796489874
VH,SGSZ06,KLSZ02,1,3.4022129747870453
VH,JWSZ03,QTSZ11,1,8.60465829032032
PT,TMSZ02,QTSZ08,1,18.868564424242766
PT,HGSZ09,SGSZ07,1,2.159383443705748
PT,PGSZ04,KLSZ01,1,9.756549665873157
PT,SESZ02,BSSZ01,1,8.743758676856658
PT,TPSZ12,TPSZ04,1,3.2598091345521736
PT,CLSZ04,TPSZ01,1,8.669418083573053
PT,GLSZ05,TMSZ03,1,5.460103820270141
PT,TMSZ04,TMSZ04,1,0.0
PT,WDSZ01,WDSZ02,1,0.7905033315597753
PT,SBSZ05,SISZ01,1,22.652299348990176
PT,YSSZ01,YSSZ09,1,0.8885412780857345
WK,PRSZ05,PRSZ05,1,0.0
PT,YSSZ04,MDSZ02,1,2.9093838589004575
PT,GLSZ05,QTSZ04,1,11.432102783297996
PT,GLSZ03,WDSZ03,1,16.272699338238116
VH,RCSZ08,CLSZ03,1,10.548581241292839
PT,JWSZ03,SVSZ01,1,17.629238667042305
PT,TMSZ05,PRSZ05,1,4.535034352347557
WK,PGSZ02,PGSZ02,1,0.0
PT,NVSZ01,DTSZ02,1,3.685438334398412
PT,SESZ06,BMSZ01,1,15.705705817058234
VH,AMSZ01,SESZ03,1,6.030898896125365
PT,BSSZ03,BSSZ01,1,2.463913530065902
WK,YSSZ04,YSSZ09,1,1.5998556484110604
WK,TNSZ03,ORSZ02,1,2.3554872595482705
PT,PRSZ03,PRSZ03,1,0.0
PT,JWSZ04,QTSZ08,1,8.753793101044835
PT,BMSZ11,BMSZ01,1,1.8677985395577708
PT,AMSZ09,AMSZ01,1,1.2075000973564398
VH,BDSZ04,DTSZ01,1,9.548239775598132
WK,TMSZ04,TMSZ04,1,0.0
VH,HGSZ06,DTSZ05,1,9.40539866882789
VH,PRSZ08,TMSZ02,1,1.7629920239944799
VH,GLSZ03,MPSZ03,1,3.2209837584109384
PT,BPSZ05,BPSZ05,1,0.0
VH,NVSZ01,KLSZ06,1,1.8640868453461785
VH,QTSZ02,BDSZ01,1,13.11363330241706
WK,DTSZ01,DTSZ01,1,0.0
PT,AMSZ06,TMSZ01,1,11.08053469088358
PT,MUSZ01,KLSZ07,1,1.7476530282697702
PT,BPSZ01,BKSZ06,1,4.7512677435357356
PT,ORSZ02,ORSZ02,1,0.0
PT,QTSZ01,BMSZ01,1,5.52065483688428
PT,GLSZ03,BDSZ02,1,3.505008869857587
PT,BMSZ08,QTSZ08,1,3.697006267953946
VH,BMSZ05,PRSZ03,1,16.24989753403471
PT,SESZ06,SESZ03,1,2.3877316708630167
VH,WDSZ04,WDSZ03,1,1.5835624864458278
VH,BPSZ07,BTSZ01,1,1.8671313607284261
PT,BDSZ03,CHSZ03,1,9.816430053148721
PT,CKSZ02,QTSZ08,1,9.921174697899335
VH,BKSZ06,BKSZ03,1,0.9091830057450656
PT,JESZ05,BKSZ07,1,1.8651432569207955
PT,BDSZ03,TPSZ02,1,7.788744497305076
PT,SESZ03,JWSZ09,1,22.48320535518589
PT,CLSZ08,JESZ08,1,2.605964457149841
VH,BMSZ12,JESZ02,1,10.09610881054205
WK,WDSZ02,WDSZ06,1,1.786133057081358
PT,CKSZ03,JESZ05,1,5.797495543303256
WK,BDSZ04,BDSZ04,1,0.0
PT,DTSZ01,NVSZ01,1,2.9833612750160183
VH,SESZ06,PGSZ03,1,2.42916868116291
PT,BMSZ04,BMSZ10,1,0.5071977130988468
PT,AMSZ01,HGSZ07,1,4.765468205002923
WK,ORSZ02,ORSZ02,1,0.0
VH,QTSZ02,DTSZ02,1,6.72642413399088
PT,PNSZ03,BPSZ03,1,11.998212001822955
WK,WDSZ05,WDSZ05,1,0.0
PT,BKSZ05,ORSZ02,1,9.460451546290008
PT,KLSZ02,BDSZ04,1,7.376342843279396
PT,CLSZ04,JWSZ09,1,7.61602647279514
VH,CHSZ03,CHSZ03,1,0.0
PT,AMSZ09,AMSZ01,1,1.2075000973564398
WK,SBSZ05,SBSZ03,1,1.1325109350819553
VH,GLSZ03,HGSZ04,1,5.029450868158842
PT,QTSZ11,QTSZ11,1,0.0
VH,PGSZ04,PGSZ04,1,0.0
PT,GLSZ01,WDSZ02,1,15.786936815936775
PT,BDSZ04,BKSZ01,1,20.311747760348133
PT,DTSZ09,AMSZ02,1,10.805696849153358
PT,BMSZ09,MPSZ02,1,8.227921029240294
PT,SBSZ03,SBSZ03,1,0.0
PT,BKSZ07,BKSZ08,1,0.8027098114600649
PT,YSSZ09,WCSZ01,1,16.623515431959568
WK,YSSZ01,YSSZ03,1,1.0015506147644606
PT,TMSZ04,PGSZ02,1,9.572642640154145
VH,TPSZ02,BDSZ04,1,10.01175911084826
PT,DTSZ01,PRSZ03,1,13.043512559829734
PT,RCSZ10,SBSZ04,1,17.979110158037017
VH,BMSZ16,BMSZ01,1,2.618652417920164
PT,JESZ05,JWSZ09,1,4.578885078555272
VH,NVSZ01,SGSZ06,1,3.6846292073140186
PT,BMSZ17,QTSZ14,1,4.883805984766102
PT,SRSZ01,QTSZ04,1,4.6218427957400054
VH,OTSZ03,SISZ01,1,3.707009758722001
WK,JWSZ09,JWSZ09,1,0.0
PT,KLSZ07,PGSZ02,1,12.036121511283072
PT,TMSZ03,TMSZ02,1,1.8211342041293208
PT,AMSZ03,AMSZ01,1,1.363824475326825
PT,SGSZ06,SGSZ03,1,2.481070185130139
PT,DTSZ08,BDSZ02,1,10.98985148004655
PT,TMSZ03,DTSZ09,1,12.864791287736784
PT,BTSZ01,DTSZ03,1,11.056510140783502
PT,JWSZ09,GLSZ03,1,21.65110446168136
PT,TPSZ12,YSSZ09,1,11.960410982248852
PT,PRSZ03,PRSZ04,1,1.1729449925550546
PT,AMSZ02,OTSZ03,1,10.377469699866097
WK,AMSZ03,AMSZ01,1,1.363824475326825
PT,JESZ05,WDSZ03,1,13.710336970353627
PT,HGSZ02,DTSZ03,1,9.648772000591238
PT,SESZ04,SESZ06,1,1.4130001556698468
PT,QTSZ04,BMSZ03,1,2.7321996277432494
VH,DTSZ03,BDSZ02,1,9.140208229691282
PT,TMSZ04,PGSZ04,1,7.661147103505303
PT,SBSZ02,SBSZ04,1,2.0627872617848615
PT,DTSZ05,WDSZ06,1,19.037537970004106
PT,KLSZ01,KLSZ06,1,1.3008041598955091
PT,HGSZ04,GLSZ03,1,5.029450868158842
PT,JWSZ02,CKSZ02,1,5.1245483586230955
PT,QTSZ14,BSSZ03,1,10.327412642956716
PT,NVSZ01,HGSZ05,1,7.03790016757992
PT,GLSZ05,GLSZ04,1,1.665730792673618
PT,TMSZ02,TMSZ02,1,0.0
PT,ORSZ02,SRSZ02,1,2.204258994066161
PT,BTSZ05,OTSZ03,1,7.107521798983859
PT,CKSZ06,BSSZ01,1,10.525119921939476
PT,NVSZ02,JWSZ08,1,16.71573999367635
PT,ORSZ02,TMSZ02,1,14.274470588146558
PT,JESZ05,CKSZ03,1,5.797495543303256
PT,GLSZ05,GLSZ05,1,0.0
PT,SESZ02,ORSZ03,1,12.102082254013135
PT,PRSZ03,PRSZ03,1,0.0
VH,ORSZ02,NTSZ03,1,0.9617985697822504
VH,BDSZ01,GLSZ05,1,2.4185346663004776
PT,QTSZ10,SBSZ01,1,16.980384373043698
WK,QTSZ11,QTSZ11,1,0.0
PT,TPSZ12,BMSZ05,1,8.25169328111352
PT,JWSZ09,BKSZ04,1,5.9966123375675515
PT,HGSZ05,TPSZ09,1,5.618893303867885
PT,BDSZ05,AMSZ01,1,10.418612847711868
PT,BMSZ02,KLSZ06,1,5.530551572052403
PT,HGSZ06,BKSZ01,1,13.713553901868728
PT,PRSZ02,TPSZ06,1,10.189132866798392
VH,BKSZ05,ORSZ02,1,9.460451546290008
PT,WDSZ02,CHSZ03,1,25.46180187896978
PT,SBSZ03,DTSZ08,1,18.968379369180727
VH,GLSZ02,GLSZ02,1,0.0
VH,HGSZ04,GLSZ05,1,6.4466612645520645
PT,KLSZ06,CKSZ04,1,15.412120285791756
PT,AMSZ03,PLSZ01,1,7.8606491888589956
PT,BMSZ05,PGSZ04,1,15.364221222319154
PT,BKSZ07,CLSZ04,1,3.803388744216083
PT,BDSZ04,PRSZ08,1,4.653671693815638
PT,TPSZ06,TPSZ01,1,1.900206871642527
PT,JESZ01,JESZ05,1,1.951247590558303
PT,BTSZ01,BDSZ03,1,16.079188572987103
WK,SESZ02,SESZ02,1,0.0
PT,NVSZ02,YSSZ08,1,11.269615746608753
PT,CLSZ04,QTSZ08,1,3.472750972588419
PT,DTSZ03,PGSZ04,1,12.793546715777008
WK,BDSZ05,MPSZ03,1,1.9516366829651035
PT,TMSZ02,TMSZ02,1,0.0
PT,SESZ03,KLSZ09,1,10.77828006649689
PT,CHSZ03,YSSZ09,1,21.073694736998593
PT,SESZ04,SESZ03,1,0.9952512670910597
PT,SGSZ06,SGSZ06,1,0.0
PT,GLSZ01,SESZ06,1,7.709761748400441
WK,SESZ04,SESZ04,1,0.0
PT,TMSZ04,PRSZ06,1,4.449278941338164
WK,BMSZ07,BMSZ03,1,0.842100662795205
VH,WDSZ04,QTSZ08,1,14.601408997583006
PT,YSSZ02,OTSZ03,1,17.59409349393105
PT,CKSZ02,CKSZ03,1,1.0663075799099802
PT,HGSZ01,SESZ03,1,2.534444316060849
VH,BMSZ04,DTSZ03,1,3.7582741944766993
PT,ORSZ02,KLSZ03,1,4.541487709652433
WK,BPSZ05,BPSZ04,1,0.9043775472896666
PT,CLSZ04,QTSZ08,1,3.472750972588419
PT,WDSZ04,WDSZ04,1,0.0
VH,TMSZ02,BDSZ02,1,3.1974410229416415
VH,SESZ06,SGSZ03,1,2.3376479140642736
VH,YSSZ09,PRSZ03,1,14.56366106542769
VH,MPSZ03,BDSZ04,1,4.4070958391624195
PT,TNSZ01,BTSZ06,1,2.8510100432701733
WK,BDSZ04,BDSZ04,1,0.0
PT,DTSZ03,DTSZ05,1,1.3250654421689967
PT,BMSZ05,BMSZ08,1,1.5840205847824267
PT,TPSZ02,BLSZ02,1,15.3969068504153
PT,PLSZ04,TPSZ02,1,6.092314638338473
PT,TMSZ03,PLSZ04,1,4.297032386233649
PT,ORSZ02,BDSZ04,1,11.832707237144264
PT,CKSZ03,CKSZ03,1,0.0
PT,GLSZ01,WDSZ02,1,15.786936815936775
PT,JESZ02,DTSZ08,1,14.027162747768683
PT,PRSZ05,PRSZ03,1,1.3236940820239511
PT,JESZ01,BTSZ01,1,4.516501632335744
VH,TPSZ01,NVSZ01,1,1.9049923646576419
VH,TMSZ05,BDSZ05,1,5.643999288688934
VH,BDSZ03,GLSZ05,1,2.1091080461297502
PT,SGSZ03,SESZ06,1,2.3376479140642736
VH,BPSZ03,BSSZ03,1,9.895416680210172
PT,HGSZ02,HGSZ06,1,2.086499826792444
VH,TSSZ02,JWSZ04,1,9.596519425554309
PT,MPSZ02,DTSZ05,1,6.278122198339496
PT,DTSZ01,GLSZ04,1,3.502717882200577
PT,BMSZ03,JWSZ09,1,14.060633937159905
WK,JWSZ03,JWSZ03,1,0.0
PT,TMSZ01,TMSZ04,1,3.294722840679154
VH,JWSZ08,BKSZ05,1,7.772856988410621
PT,DTSZ09,NVSZ01,1,5.548570974400347
WK,YSSZ09,YSSZ09,1,0.0
VH,NVSZ02,KLSZ07,1,0.9407328541278864
PT,DTSZ09,SESZ03,1,14.09668699863043
PT,HGSZ06,BSSZ01,1,5.412501839941067
WK,GLSZ04,GLSZ04,1,0.0
PT,BKSZ08,BTSZ01,1,1.998721015343179
WK,SESZ06,SESZ06,1,0.0
PT,DTSZ11,AMSZ04,1,9.981746226910644
PT,QTSZ08,BMSZ01,1,4.129310016301148
PT,HGSZ06,BMSZ06,1,10.334988057060608
PT,HGSZ08,HGSZ08,1,0.0
PT,GLSZ03,SBSZ03,1,15.662687020622817
VH,CHSZ03,CHSZ03,1,0.0
VH,DTSZ03,DTSZ02,1,0.7315950200170801
VH,BMSZ05,HGSZ05,1,12.410135860186537
PT,DTSZ12,RCSZ01,1,2.959035187225445
PT,KLSZ01,AMSZ01,1,5.866287158387401
PT,TMSZ03,BMSZ05,1,13.6150114134218
PT,CKSZ05,JESZ05,1,6.61088102296615
PT,SESZ04,BDSZ03,1,8.28050905004734
PT,JWSZ08,PNSZ01,1,2.712860058118819
PT,TMSZ05,YSSZ09,1,19.077951637320247
PT,BPSZ04,WDSZ03,1,7.765413102739229
PT,BPSZ05,KLSZ01,1,12.19310913833841
WK,DTSZ05,DTSZ05,1,0.0
PT,WDSZ03,WDSZ02,1,1.1650477156252987
PT,PRSZ05,TMSZ02,1,1.8444573221520455
PT,AMSZ01,SBSZ01,1,8.484038622808013
PT,JWSZ04,DTSZ05,1,15.495816355124653
PT,TMSZ04,BTSZ01,1,20.28323564570153
PT,GLSZ02,PRSZ03,1,8.564122770408643
PT,BDSZ01,DTSZ12,1,8.119072413895791
WK,MPSZ03,MPSZ03,1,0.0
PT,TPSZ06,YSSZ04,1,9.370800142186317
VH,BKSZ07,BPSZ05,1,3.570516970567449
PT,QTSZ11,HGSZ05,1,15.006819614910182
PT,DTSZ08,GLSZ02,1,6.758280929534197
PT,BDSZ05,BDSZ05,1,0.0
PT,DTSZ05,BKSZ07,1,13.271577358620892
PT,KLSZ07,TPSZ04,1,2.4165763220756897
PT,TPSZ03,TPSZ11,1,2.791988838417711
WK,PGSZ05,PGSZ05,1,0.0
VH,TMSZ02,CHSZ03,1,5.590892298049903
PT,WDSZ03,PLSZ04,1,14.564095925175884
PT,TPSZ11,DTSZ11,1,6.823184432154651
PT,JWSZ04,JESZ02,1,2.067879773718251
WK,ORSZ03,MUSZ01,1,0.7364956663086714
PT,AMSZ01,SESZ06,1,4.135723879499389
PT,CKSZ01,CLSZ02,1,6.337219916530598
WK,AMSZ09,AMSZ09,1,0.0
WK,DTSZ05,DTSZ05,1,0.0
VH,YSSZ03,AMSZ01,1,6.130547549685317
PT,TPSZ02,QTSZ11,1,8.722457060533003
WK,PGSZ03,SESZ02,1,1.897230829676932
WK,GLSZ04,GLSZ04,1,0.0
VH,JWSZ08,CKSZ03,1,7.3914145492382675
VH,DTSZ03,BSSZ01,1,7.928650982445564
WK,SESZ06,SESZ06,1,0.0
WK,BMSZ11,BMSZ11,1,0.0
PT,BDSZ03,BDSZ04,1,2.353398647735378
PT,WDSZ05,WDSZ04,1,1.7031599568241294
WK,DTSZ05,DTSZ05,1,0.0
PT,BDSZ03,BSSZ02,1,8.520774969540463
PT,OTSZ03,YSSZ04,1,15.413343746465888
PT,AMSZ07,BSSZ01,1,1.9031727886985152
PT,RCSZ10,KLSZ09,1,1.2123313515474596
PT,BKSZ05,BTSZ01,1,2.1505630256045407
PT,QTSZ01,BKSZ05,1,5.621772030528751
PT,BPSZ04,BPSZ03,1,0.9219301040327256
PT,OTSZ03,BSSZ02,1,8.272921769160586
WK,GLSZ02,GLSZ02,1,0.0
PT,OTSZ03,YSSZ03,1,16.45255773280004
PT,PGSZ02,PGSZ05,1,1.695802786427982
PT,NVSZ01,ORSZ03,1,3.030301431746611
WK,JWSZ09,JWSZ09,1,0.0
PT,BPSZ06,TPSZ03,1,9.161085589691499
PT,BPSZ05,PLSZ04,1,14.831403733958362
WK,QTSZ06,QTSZ05,1,0.6905306215092566
PT,DTSZ08,AMSZ03,1,9.550606272599172
VH,YSSZ09,GLSZ03,1,13.437702561604944
WK,QTSZ08,QTSZ08,1,0.0
VH,BMSZ01,BMSZ03,1,2.142677595268966
WK,CLSZ06,CLSZ04,1,0.7914849055353017
PT,QTSZ13,QTSZ11,1,1.1120266638411336
PT,SESZ04,SESZ03,1,0.9952512670910597
PT,RCSZ01,YSSZ09,1,13.764723187939996
VH,AMSZ04,BSSZ01,1,1.9924536063797271
PT,CLSZ07,CLSZ07,1,0.0
VH,SESZ06,SESZ02,1,3.2776746306326205
VH,WDSZ03,HGSZ06,1,12.348671942360276
PT,GLSZ05,QTSZ11,1,13.731836591430104
PT,TMSZ02,TMSZ02,1,0.0
VH,SESZ06,BMSZ05,1,13.654637384278224
PT,MUSZ03,JESZ02,1,13.238768157415569
PT,BDSZ04,BDSZ07,1,2.830426449952091
PT,RCSZ03,BDSZ01,1,6.751357070803317
VH,BTSZ03,BKSZ07,1,4.37800235314621
PT,TPSZ02,TMSZ04,1,12.040631003287713
VH,OTSZ03,WDSZ05,1,18.112920481568985
PT,TPSZ04,ORSZ02,1,4.0278881839693295
PT,GLSZ04,SRSZ02,1,5.140306217341529
PT,JESZ05,SGSZ06,1,14.386437650177955
PT,SESZ06,ORSZ03,1,11.262314482990844
PT,TPSZ06,TPSZ07,1,0.5451329009361701
PT,SESZ02,AMSZ10,1,6.531362810172799
PT,BTSZ04,CLSZ06,1,2.0789253723908527
WK,TMSZ02,TMSZ02,1,0.0
VH,JESZ05,BKSZ03,1,2.5079224896408996
PT,BTSZ02,DTSZ11,1,9.84030866155636
WK,JESZ03,JESZ05,1,0.6185017999780152
WK,SESZ02,SESZ02,1,0.0
PT,WDSZ05,WDSZ03,1,2.9195549289936507
VH,SESZ03,AMSZ03,1,5.574510979333197
WK,WDSZ03,SBSZ09,1,1.4977107594974173
PT,QTSZ11,TPSZ02,1,8.722457060533003
PT,GLSZ03,AMSZ09,1,8.513158107861722
PT,HGSZ07,AMSZ01,1,4.765468205002923
PT,BMSZ08,BMSZ13,1,1.8899283256861659
WK,TPSZ02,TPSZ02,1,0.0
VH,QTSZ08,CLSZ04,1,3.472750972588419
WK,OTSZ04,SRSZ02,1,0.6338040573109484
PT,PGSZ04,WDSZ02,1,14.224882860241186
PT,BMSZ11,TNSZ04,1,4.335509582489311
PT,BSSZ03,NVSZ02,1,3.75325190070528
PT,MPSZ03,SESZ06,1,10.834705825603377
PT,BSSZ03,AMSZ04,1,1.7991692115367897
WK,SBSZ03,SBSZ03,1,0.0
VH,SESZ03,SESZ03,1,0.0
PT,DTSZ08,NTSZ02,1,4.2092358323046035
PT,HGSZ02,HGSZ01,1,0.7510371002354921
PT,TMSZ02,OTSZ03,1,14.542266359955034
PT,JESZ03,JESZ05,1,0.6185017999780152
WK,JWSZ09,JWSZ09,1,0.0
VH,TMSZ02,DTSZ02,1,12.89838457395138
VH,KLSZ01,NVSZ01,1,1.2541791241075353
PT,WCSZ01,SBSZ03,1,15.924532028508949
PT,KLSZ01,TMSZ02,1,10.562046886535674
VH,QTSZ11,BMSZ01,1,5.112037293513128
PT,BKSZ01,YSSZ09,1,10.681900595175762
PT,JWSZ09,JWSZ09,1,0.0
VH,TMSZ03,HGSZ08,1,5.398544920227533
PT,SESZ02,SGSZ03,1,3.8114863311126457
VH,DTSZ05,MPSZ01,1,4.900908529510024
PT,TPSZ01,ORSZ03,1,4.328120561240866
WK,TPSZ02,TPSZ04,1,0.8358827334321068
PT,OTSZ03,DTSZ05,1,0.9139879414915537
PT,YSSZ03,DTSZ02,1,15.080931803140883
PT,DTSZ05,JESZ03,1,13.104151577782016
PT,GLSZ05,PRSZ03,1,8.244202320945124
PT,CLSZ06,JWSZ09,1,7.463842493640451
PT,BSSZ02,AMSZ01,1,2.0581507632730265
PT,JESZ01,BMSZ09,1,12.668252103722496
WK,ORSZ02,ORSZ02,1,0.0
PT,SGSZ04,SGSZ06,1,1.2504688104488453
PT,PGSZ04,KLSZ06,1,10.981786876801555
PT,TMSZ02,SESZ02,1,6.325240589526703
PT,KLSZ06,NVSZ02,1,1.9670648744696475
VH,SGSZ06,TSSZ05,1,26.978990892452845
WK,SESZ04,SESZ04,1,0.0
PT,HGSZ08,BDSZ04,1,5.5812352539494
PT,QTSZ11,QTSZ11,1,0.0
WK,TMSZ03,TMSZ03,1,0.0
VH,BDSZ02,GLSZ03,1,3.505008869857587
PT,TMSZ02,KLSZ08,1,10.535874753953719
WK,QTSZ06,QTSZ06,1,0.0
PT,JWSZ03,QTSZ09,1,7.567751333320144
PT,QTSZ12,JWSZ04,1,9.650530083931036
WK,BMSZ13,BMSZ13,1,0.0
PT,DTSZ01,BMSZ04,1,3.655407303471193
VH,SESZ04,NVSZ02,1,9.974741145424334
VH,BMSZ08,BMSZ10,1,1.059461471257852
VH,BTSZ01,BTSZ01,1,0.0
PT,YSSZ03,WDSZ02,1,6.263472399796231
PT,SBSZ04,QTSZ06,1,18.235934835048933
VH,JWSZ08,TSSZ02,1,6.811462063058096
PT,WDSZ08,WDSZ03,1,1.248407850888258
PT,DTSZ05,YSSZ01,1,15.968297419217796
PT,WDSZ02,DTSZ11,1,19.473896862525226
PT,WDSZ03,MUSZ03,1,16.966293401450862
PT,BPSZ05,BPSZ02,1,1.1435975036682837
VH,BSSZ03,NVSZ02,1,3.75325190070528
VH,JESZ05,JESZ08,1,2.029575303902238
WK,HGSZ01,HGSZ04,1,0.7566664343295557
VH,TMSZ05,BDSZ06,1,2.8616357130860677
PT,WDSZ06,WDSZ02,1,1.786133057081358
VH,SESZ03,QTSZ10,1,16.35950728150232
VH,GLSZ03,SGSZ06,1,3.8233716996857776
PT,SESZ05,DTSZ11,1,12.84300844556907
PT,QTSZ02,DTSZ02,1,6.72642413399088
PT,SESZ05,DTSZ05,1,12.055965246579374
PT,DTSZ05,BMSZ03,1,3.787659890941118
WK,SBSZ04,SBSZ04,1,0.0
PT,DTSZ10,BDSZ02,1,11.787581161269122
PT,HGSZ09,BTSZ08,1,10.79687535622157
PT,AMSZ04,ORSZ03,1,7.222396452972993
PT,QTSZ15,HGSZ02,1,17.109582736175962
PT,PGSZ04,PGSZ04,1,0.0
VH,HGSZ07,AMSZ09,1,5.844341790205053
VH,CLSZ06,QTSZ08,1,3.4723330871686047
VH,WCSZ01,ORSZ03,1,18.876860330116124
VH,BTSZ01,BKSZ03,1,3.813626164535688
PT,MPSZ03,GLSZ05,1,1.8762855558336555
PT,TPSZ12,BMSZ03,1,9.061811625551746
PT,BMSZ12,AMSZ01,1,10.929677916332395
PT,CKSZ06,CKSZ06,1,0.0
WK,JESZ02,JESZ05,1,0.9177132998918662
PT,TPSZ06,JWSZ08,1,18.220759989102113
PT,JWSZ09,BTSZ01,1,7.72612240678394
PT,NVSZ02,PGSZ04,1,11.460422679778869
PT,CHSZ03,MPSZ03,1,11.502248689489427
WK,QTSZ11,QTSZ11,1,0.0
PT,JESZ04,GLSZ05,1,18.613664750401735
PT,YSSZ09,BMSZ01,1,18.16617314006691
PT,TMSZ03,PRSZ08,1,3.5826714886333413
PT,RCSZ01,TMSZ04,1,11.854053939989903
WK,AMSZ04,AMSZ03,1,0.8073031498760181
WK,SESZ03,SESZ05,1,1.1358929114864125
PT,MPSZ01,MUSZ01,1,5.133247640009835
VH,BMSZ07,BMSZ07,1,0.0
VH,YSSZ09,HGSZ06,1,9.381627418754395
VH,TMSZ02,BDSZ04,1,3.1599829379376176
PT,BDSZ06,DTSZ02,1,10.659703043253156
PT,JESZ03,QTSZ02,1,6.307522021242848
PT,TPSZ12,WDSZ02,1,15.289619854493527
PT,CLSZ07,CLSZ07,1,0.0
PT,TPSZ06,SBSZ01,1,12.67596857357909
VH,BSSZ01,AMSZ09,1,2.7648089240328275
PT,BDSZ04,BDSZ03,1,2.353398647735378
PT,WDSZ08,TMSZ03,1,19.2347620862121
PT,DTSZ02,TMSZ02,1,12.89838457395138
WK,WDSZ05,WDSZ06,1,0.9654608228593916
PT,BPSZ05,CKSZ01,1,1.4108989462238801
PT,CLSZ04,CLSZ06,1,0.7914849055353017
PT,BMSZ02,QTSZ06,1,2.1304675334951515
WK,PGSZ02,PGSZ03,1,0.8699452159826071
PT,AMSZ01,AMSZ09,1,1.2075000973564398
PT,SESZ02,TMSZ05,1,9.63649724469096
PT,PGSZ04,OTSZ01,1,14.525004708992519
PT,CLSZ04,JESZ03,1,3.167921570068641
WK,WDSZ03,WDSZ02,1,1.1650477156252987
WK,AMSZ03,AMSZ03,1,0.0
VH,BTSZ01,CKSZ01,1,5.201199803389543
WK,DTSZ05,DTSZ09,1,1.0410709466829666
PT,BMSZ12,BMSZ13,1,0.6201357450343996
WK,JWSZ09,JWSZ01,1,1.81790476050892
VH,ORSZ02,MUSZ01,1,1.578329271639839
PT,SBSZ05,KLSZ06,1,16.2968909507177
WK,TMSZ04,TMSZ04,1,0.0
PT,DTSZ01,TPSZ02,1,3.888300615750253
PT,WDSZ02,SBSZ03,1,3.0035475744215976
PT,SESZ05,GLSZ04,1,7.8661665834002354
PT,NVSZ02,BSSZ01,1,4.601943541926713
PT,GLSZ03,TMSZ02,1,6.673217167241603
PT,GLSZ04,CHSZ03,1,13.555510697111119
PT,WDSZ03,WDSZ09,1,2.578784998326383
PT,CKSZ05,QTSZ05,1,12.60827467106121
WK,WDSZ08,WDSZ03,1,1.248407850888258
PT,WDSZ01,BMSZ12,1,17.592443451151546
WK,TMSZ04,TMSZ04,1,0.0
PT,TMSZ02,YSSZ08,1,15.350330298538543
PT,NVSZ01,DTSZ09,1,5.548570974400347
PT,SGSZ06,HGSZ06,1,1.628829512348083
PT,GLSZ05,MPSZ03,1,1.8762855558336555
PT,KLSZ02,RCSZ01,1,2.4457689566067935
PT,BTSZ01,MPSZ02,1,14.931081631195621
VH,NVSZ01,KLSZ01,1,1.2541791241075353
PT,BSSZ01,QTSZ10,1,8.375416396597213
PT,WDSZ04,AMSZ08,1,6.101198667272549
PT,CLSZ04,ORSZ02,1,7.430186550109214
PT,PLSZ04,GLSZ04,1,4.405081141449746
WK,AMSZ02,AMSZ01,1,0.8098454795607932
PT,PNSZ02,PNSZ01,1,1.6437486301248747
VH,AMSZ10,AMSZ01,1,1.4257238620318051
VH,BKSZ09,BKSZ07,1,1.1548323650255352
PT,SBSZ03,BMSZ05,1,18.62508734924581
WK,SRSZ02,DTSZ02,1,1.0051341379200935
PT,SBSZ03,AMSZ12,1,8.037756933661745
PT,BDSZ03,BDSZ04,1,2.353398647735378
PT,TPSZ04,TPSZ06,1,0.6423106719921827
PT,YSSZ05,SKSZ04,1,10.896997669951515
PT,BMSZ09,MPSZ02,1,8.227921029240294
PT,DTSZ05,SRSZ03,1,0.5112087055496267
PT,QTSZ12,BPSZ05,1,10.515868898237414
WK,WDSZ02,WDSZ02,1,0.0
PT,NVSZ01,YSSZ02,1,12.60248788867907
PT,MUSZ01,DTSZ05,1,1.8027263368672652
WK,QTSZ11,QTSZ11,1,0.0
PT,WDSZ03,AMSZ10,1,7.914386910195277
PT,YSSZ02,JESZ05,1,15.765779768043569
PT,CKSZ04,BMSZ01,1,14.860984542876286
PT,RCSZ10,QTSZ05,1,4.9887467129794105
PT,QTSZ12,YSSZ03,1,16.976485296221146
PT,SBSZ04,RCSZ10,1,17.979110158037017
PT,WDSZ01,OTSZ03,1,18.824818827163206
VH,SGSZ04,MUSZ03,1,7.637315211262067
WK,JWSZ09,JWSZ09,1,0.0
PT,YSSZ02,DTSZ11,1,18.13140034117472
PT,NVSZ05,TPSZ11,1,4.965684582462381
VH,BPSZ04,TMSZ04,1,20.383931856414446
VH,QTSZ08,QTSZ10,1,1.427255504833849
PT,CKSZ05,SRSZ02,1,15.793329040443707
PT,SRSZ02,RCSZ01,1,2.331762775248652
PT,KLSZ06,GLSZ02,1,3.431268254145009
PT,TNSZ01,TPSZ02,1,3.1846357313510802
PT,OTSZ04,BMSZ01,1,4.090024040520785
PT,SESZ03,PGSZ04,1,1.5480541741474918
PT,DTSZ05,WDSZ03,1,18.34652970388401
PT,JWSZ09,QTSZ11,1,9.628667024565194
PT,SKSZ01,MDSZ02,1,6.023598262439958
PT,ORSZ03,PGSZ01,1,14.852216098608329
PT,TSSZ05,NVSZ01,1,24.3463563605344
WK,JESZ03,JESZ03,1,0.0
PT,SGSZ03,MUSZ03,1,9.086628611312701
VH,JWSZ04,JWSZ02,1,1.6858100038153874
VH,NVSZ01,NVSZ01,1,0.0
VH,AMSZ01,HGSZ04,1,4.344027574087123
PT,JWSZ09,ORSZ02,1,15.010649443328516
WK,NVSZ02,NVSZ02,1,0.0
PT,TNSZ04,CLSZ04,1,5.127537018020855
WK,SGSZ06,SGSZ06,1,0.0
PT,BDSZ06,DTSZ08,1,11.654594428434788
PT,SGSZ06,WDSZ06,1,14.191393229541127
PT,AMSZ05,MUSZ03,1,8.069185952019145
PT,ORSZ03,ORSZ03,1,0.0
WK,BSSZ03,BSSZ03,1,0.0
PT,SRSZ01,QTSZ06,1,3.7697260884061397
PT,CKSZ05,DTSZ05,1,16.759536191487474
PT,YSSZ03,BDSZ04,1,14.707420918208884
VH,SBSZ03,CKSZ03,1,10.359600040450262
PT,BMSZ01,OTSZ03,1,3.5711825897935023
PT,BMSZ15,BMSZ01,1,1.3582854437845964
VH,BPSZ02,BPSZ05,1,1.1435975036682837
PT,SESZ03,DTSZ04,1,13.018167863287678
PT,TMSZ03,GLSZ03,1,4.8562189729965235
PT,DTSZ12,JWSZ09,1,18.50242959670591
PT,TMSZ04,NVSZ02,1,12.621835099277288
VH,WDSZ03,SBSZ09,1,1.4977107594974173
PT,PGSZ04,PGSZ05,1,0.8229474483573144
PT,BKSZ03,JESZ03,1,2.0661700283619857
PT,JESZ02,DTSZ08,1,14.027162747768683
WK,CLSZ06,CLSZ04,1,0.7914849055353017
PT,WCSZ01,WCSZ01,1,0.0
PT,BPSZ04,CKSZ03,1,3.08990910473603
PT,BPSZ01,DTSZ09,1,15.50170390615792
PT,HGSZ04,SGSZ06,1,2.9122391170608886
VH,GLSZ05,BDSZ04,1,4.4484831020133795
PT,BKSZ03,BKSZ06,1,0.9091830057450656
PT,BSSZ03,TPSZ02,1,2.0640937718720638
PT,YSSZ03,YSSZ03,1,0.0
VH,DTSZ02,GLSZ04,1,4.173340799230519
PT,SESZ06,SGSZ06,1,4.8182511714863905
PT,CHSZ03,BDSZ04,1,7.463238829167281
PT,BDSZ06,DTSZ11,1,11.437537142795163
PT,PGSZ03,DTSZ03,1,13.004073840473902
PT,BMSZ02,PGSZ04,1,16.22317684970839
PT,NTSZ03,BMSZ10,1,3.1830103170941477
VH,CHSZ03,SBSZ03,1,23.1599599302841
PT,KLSZ01,NVSZ01,1,1.2541791241075353
VH,BDSZ06,BMSZ01,1,15.694414297028466
PT,YSSZ08,AMSZ02,1,5.775459635647609
PT,QTSZ08,SRSZ02,1,6.024171450765908
PT,QTSZ14,BMSZ15,1,3.3561139504775004
PT,BSSZ03,TPSZ05,1,1.0936285517173254
VH,SESZ04,SESZ04,1,0.0
PT,RCSZ03,RCSZ10,1,0.7871232550522849
PT,JWSZ06,BDSZ01,1,23.532375207330546
PT,DTSZ11,AMSZ09,1,11.823129524767312
VH,SGSZ04,HGSZ01,1,2.8629567723315543
VH,CHSZ03,SESZ06,1,14.829547527202845
PT,BPSZ06,BTSZ01,1,3.397330510811213
PT,BMSZ03,ORSZ02,1,2.6123990501298695
PT,JESZ05,BKSZ05,1,3.4432452306580053
PT,KLSZ01,GLSZ04,1,2.563234876608385
WK,QTSZ08,QTSZ08,1,0.0
PT,DTSZ02,DTSZ03,1,0.7315950200170801
PT,TMSZ03,WDSZ03,1,18.117945486605013
WK,KLSZ09,KLSZ06,1,1.2342218670774447
PT,GLSZ04,GLSZ05,1,1.665730792673618
PT,CHSZ03,GLSZ04,1,13.555510697111119
VH,JWSZ02,JWSZ02,1,0.0
PT,JESZ08,QTSZ13,1,5.169382652726403
PT,WCSZ01,YSSZ02,1,17.617553783849466
PT,SESZ06,SESZ05,1,1.882062201601559
PT,QTSZ11,YSSZ09,1,16.198475493288665
WK,AMSZ04,AMSZ04,1,0.0
PT,BTSZ07,QTSZ08,1,2.181504046420334
VH,BMSZ01,HGSZ04,1,14.160131603945077
PT,TPSZ02,GLSZ04,1,4.642002421735385
VH,KLSZ01,NVSZ03,1,3.103773875207714
PT,BDSZ04,SGSZ06,1,7.65814359492801
VH,BMSZ02,BMSZ04,1,0.94303921872575
PT,SESZ05,AMSZ01,1,4.98386417376169
PT,TMSZ02,TMSZ02,1,0.0
PT,CKSZ03,CKSZ04,1,1.1832660105867163
WK,TMSZ05,TMSZ05,1,0.0
PT,BKSZ02,JESZ05,1,3.344636714843406
WK,SBSZ03,SBSZ03,1,0.0
PT,CKSZ06,CKSZ06,1,0.0
PT,DTSZ11,MPSZ03,1,6.834390757671131
PT,SESZ03,SESZ03,1,0.0
VH,HGSZ08,SGSZ06,1,2.105678690799914
PT,DTSZ02,JWSZ04,1,15.397930728407234
WK,BTSZ01,BTSZ01,1,0.0
WK,BSSZ02,BSSZ02,1,0.0
VH,JWSZ04,QTSZ08,1,8.753793101044835
PT,YSSZ09,YSSZ01,1,0.8885412780857345
PT,DTSZ05,YSSZ09,1,16.542268951385452
PT,PGSZ02,GLSZ05,1,10.245050634779606
VH,CKSZ03,BPSZ02,1,2.0742124455457605
WK,JWSZ03,JWSZ03,1,0.0
PT,JWSZ09,CLSZ01,1,6.101791069119208
PT,BPSZ05,BLSZ01,1,8.44972105576737
PT,TNSZ04,QTSZ02,1,2.134526636670816
WK,BKSZ04,BKSZ07,1,0.9127640438742397
PT,BDSZ06,YSSZ01,1,16.67969468578144
WK,TMSZ03,TMSZ03,1,0.0
PT,QTSZ10,SESZ06,1,14.807029698578258
PT,KLSZ01,GLSZ05,1,4.098535673974548
PT,QTSZ04,QTSZ08,1,0.7115463539517966
PT,QTSZ02,NVSZ05,1,4.739849013955378
PT,BPSZ02,BTSZ01,1,5.406913219331066
PT,SBSZ09,WDSZ03,1,1.4977107594974173
PT,BDSZ04,BDSZ03,1,2.353398647735378
VH,PGSZ03,AMSZ08,1,7.836979415573584
PT,PNSZ02,JWSZ09,1,4.610065908926152
PT,CKSZ05,CKSZ05,1,0.0
PT,DTSZ05,SISZ01,1,4.462941071982023
PT,PGSZ03,OTSZ03,1,14.878613292571828
VH,SESZ02,SESZ04,1,1.914283801890594
PT,TMSZ02,PRSZ08,1,1.7629920239944799
PT,SBSZ04,PGSZ02,1,10.941382963440518
PT,SBSZ03,BPSZ04,1,9.092218188441077
PT,SRSZ01,OTSZ03,1,1.4577375449082086
PT,HGSZ05,TMSZ04,1,9.235077777655691
PT,SGSZ01,CLSZ07,1,14.026626307642548
PT,SBSZ02,WDSZ02,1,3.724188147241845
PT,BKSZ05,BTSZ01,1,2.1505630256045407
WK,JWSZ04,JWSZ03,1,1.7107282695398258
PT,BTSZ01,WDSZ06,1,11.082209891321304
VH,DTSZ05,BSSZ03,1,7.353804584364782
PT,TMSZ03,NVSZ02,1,10.907510856556073
PT,OTSZ03,CHSZ03,1,19.022195550719072
PT,BSSZ03,YSSZ03,1,8.711215469733462
VH,BDSZ03,SGSZ03,1,7.2405691977770825
PT,DTSZ08,BMSZ04,1,2.521211558301176
WK,HGSZ04,HGSZ05,1,0.9713078128166454
WK,PGSZ03,PGSZ02,1,0.8699452159826071
PT,JESZ01,JESZ02,1,1.0589239214789605
WK,GLSZ05,GLSZ05,1,0.0
PT,SESZ03,SESZ05,1,1.1358929114864125
PT,BMSZ04,PRSZ08,1,17.62149284875245
PT,YSSZ03,YSSZ01,1,1.0015506147644606
VH,WDSZ05,YSSZ09,1,5.835133917097463
WK,BMSZ04,BMSZ04,1,0.0
PT,GLSZ03,SGSZ06,1,3.8233716996857776
VH,KLSZ07,NVSZ02,1,0.9407328541278864
PT,PGSZ04,BMSZ05,1,15.364221222319154
PT,KLSZ02,QTSZ08,1,9.178165149050548
PT,BMSZ07,KLSZ08,1,6.880233576330103
PT,BSSZ02,SESZ03,1,7.182795908681114
PT,BTSZ01,JWSZ03,1,5.769419056498265
PT,YSSZ01,AMSZ09,1,5.057933083226152
PT,TMSZ02,DTSZ02,1,12.89838457395138
WK,BKSZ03,BKSZ03,1,0.0
VH,MUSZ01,TPSZ04,1,4.142532111064653
WK,SESZ02,SESZ02,1,0.0
PT,BTSZ05,TPSZ09,1,6.381982803521905
WK,JESZ05,JESZ05,1,0.0
WK,YSSZ03,YSSZ01,1,1.0015506147644606
PT,TMSZ02,MPSZ01,1,8.879825871616099
PT,BPSZ02,BPSZ04,1,1.3499789105701354
PT,YSSZ08,YSSZ09,1,1.4844220594234585
WK,CHSZ03,CHSZ03,1,0.0
PT,SESZ06,KLSZ08,1,9.10007953594554
PT,AMSZ10,KLSZ09,1,9.630999719774623
PT,SESZ03,SESZ04,1,0.9952512670910597
PT,JWSZ05,JWSZ09,1,1.3609597625726324
PT,BSSZ02,TMSZ04,1,12.224216891971356
PT,JWSZ04,JWSZ09,1,2.2141262582406362
PT,CKSZ04,JESZ05,1,5.1608391587745315
VH,BTSZ01,BKSZ03,1,3.813626164535688
VH,TMSZ04,DTSZ02,1,12.42663491947967
PT,WCSZ01,HGSZ01,1,22.468095840773472
PT,TMSZ02,KLSZ09,1,11.401475279645116
PT,YSSZ04,YSSZ09,1,1.5998556484110604
PT,TPSZ11,RCSZ01,1,3.590113290625221
VH,SESZ03,MPSZ02,1,9.39130256873186
PT,BPSZ05,DTSZ03,1,13.978662509460536
PT,JWSZ09,WCSZ01,1,4.867229736806335
VH,HGSZ05,HGSZ05,1,0.0
VH,SESZ06,QTSZ10,1,14.807029698578258
PT,KLSZ08,BPSZ05,1,13.000501922846478
PT,SESZ05,JESZ05,1,17.356717499451314
PT,TPSZ09,BPSZ05,1,12.03444059283542
VH,HGSZ08,GLSZ05,1,3.213057688239395
WK,BMSZ02,BMSZ14,1,0.5559036854082744
VH,PRSZ03,PRSZ02,1,1.2089472301797606
PT,SBSZ09,WDSZ04,1,3.0698837918676936
VH,JESZ05,QTSZ01,1,5.558005103503745
PT,JESZ05,JWSZ09,1,4.578885078555272
PT,BMSZ12,PGSZ03,1,16.61832340906928
PT,PRSZ08,PRSZ08,1,0.0
PT,WDSZ02,OTSZ03,1,18.703502611310146
PT,WDSZ01,WDSZ03,1,1.9549224562619225
PT,BTSZ01,SESZ02,1,15.831866236114532
WK,PRSZ05,PRSZ05,1,0.0
WK,BKSZ09,BKSZ05,1,1.747477203946669
PT,OTSZ03,AMSZ01,1,10.32472751659054
PT,JWSZ01,JWSZ08,1,1.8391144965087631
PT,BMSZ10,BMSZ10,1,0.0
PT,BDSZ06,TMSZ03,1,3.160251478678926
PT,NVSZ01,RCSZ09,1,2.6141635295055043
VH,WDSZ09,YSSZ03,1,7.7468275713074375
PT,OTSZ03,SRSZ01,1,1.4577375449082086
PT,GLSZ03,BDSZ06,1,5.4109308797144156
PT,BKSZ04,BKSZ03,1,1.289122253478546
PT,TMSZ02,GLSZ03,1,6.673217167241603
PT,QTSZ08,TPSZ11,1,9.969414666747419
PT,BKSZ07,DTSZ12,1,14.00612280894079
PT,TPSZ09,BSSZ01,1,4.608828919421171
PT,MPSZ02,OTSZ03,1,7.191350490854109
PT,WCSZ01,CKSZ06,1,6.791652845318785
PT,DTSZ05,BPSZ05,1,13.925965731011926
PT,SESZ04,SGSZ06,1,5.12482906140931
PT,HGSZ07,PGSZ05,1,5.846919784378221
PT,AMSZ01,JWSZ04,1,14.596999746196225
PT,PLSZ04,SESZ06,1,5.376311064762715
PT,OTSZ03,SBSZ03,1,18.72631779852018
PT,NVSZ02,BSSZ03,1,3.75325190070528
VH,SESZ03,SESZ02,1,0.9264025278629129
PT,BMSZ08,HGSZ06,1,10.645285298045557
PT,BMSZ17,BTSZ08,1,6.725306429504544
PT,JWSZ04,JESZ05,1,2.3929114480591256
PT,TMSZ03,QTSZ08,1,17.048418437842894
PT,HGSZ02,WDSZ08,1,14.479556348060695
VH,NVSZ02,TPSZ02,1,1.7042808276546735
WK,DTSZ02,DTSZ02,1,0.0
VH,KLSZ08,PGSZ04,1,10.31085234894083
PT,HGSZ06,QTSZ08,1,12.287885067263927
VH,BDSZ06,BDSZ04,1,1.3781452505148277
PT,NTSZ03,PRSZ03,1,13.892079416363107
WK,QTSZ08,QTSZ08,1,0.0
VH,KLSZ06,BDSZ05,1,6.826322571835881
PT,BDSZ04,GLSZ05,1,4.4484831020133795
PT,WCSZ01,WDSZ02,1,13.01210456147314
PT,TNSZ01,TPSZ02,1,3.1846357313510802
PT,SESZ04,BMSZ07,1,14.822376244778281
PT,BKSZ07,JWSZ09,1,5.441460194036724
PT,QTSZ01,JESZ05,1,5.558005103503745
PT,SLSZ01,HGSZ04,1,4.822812518238862
PT,OTSZ02,BMSZ04,1,1.5632910421639095
VH,BDSZ04,DTSZ01,1,9.548239775598132
PT,AMSZ03,GLSZ03,1,5.9620289931473565
PT,GLSZ05,HGSZ08,1,3.213057688239395
PT,JWSZ04,JWSZ09,1,2.2141262582406362
PT,JWSZ09,DTSZ08,1,17.690330701460272
PT,SBSZ03,ORSZ02,1,15.764659514461766
PT,JWSZ04,QTSZ12,1,9.650530083931036
PT,BKSZ07,BTSZ01,1,2.606142587234807
WK,CLSZ04,CLSZ06,1,0.7914849055353017
PT,BDSZ04,BDSZ04,1,0.0
PT,BMSZ11,QTSZ01,1,5.723202544050749
PT,JESZ05,JESZ06,1,0.9627768263871256
VH,BKSZ04,JESZ05,1,2.7771039950305636
WK,TMSZ03,TMSZ03,1,0.0
VH,JESZ05,BMSZ14,1,10.638427697900575
PT,HGSZ03,HGSZ06,1,2.378687695701491
PT,HGSZ07,TMSZ05,1,9.668885007881254
PT,NVSZ02,GLSZ02,1,4.833662838661987
PT,HGSZ07,SGSZ04,1,2.3123199821988183
WK,CKSZ03,CKSZ01,1,0.8899078021080913
PT,BSSZ01,BMSZ01,1,10.108505777272555
PT,HGSZ05,QTSZ10,1,14.209242926238726
PT,PGSZ05,TMSZ04,1,8.024328438244263
PT,AMSZ10,WDSZ03,1,7.914386910195277
PT,BTSZ01,DTSZ08,1,10.827419563351057
PT,PGSZ03,SGSZ05,1,7.104459310976258
PT,GLSZ03,WDSZ01,1,17.377639969454684
PT,BDSZ05,BDSZ03,1,1.2367687855374871
WK,BKSZ02,BKSZ02,1,0.0
PT,JWSZ08,SRSZ03,1,18.190947359193643
VH,BTSZ01,TPSZ02,1,8.293941030088133
PT,SESZ02,SESZ03,1,0.9264025278629129
PT,KLSZ06,SGSZ06,1,4.7797249941233115
PT,JWSZ03,JESZ05,1,3.042266158318978
WK,CLSZ04,CLSZ06,1,0.7914849055353017
PT,TPSZ02,SGSZ06,1,3.5040671156653205
PT,BPSZ03,GLSZ05,1,16.02629753313934
PT,DTSZ08,PGSZ05,1,15.47638357980494
WK,ORSZ02,ORSZ02,1,0.0
PT,CHSZ02,PGSZ03,1,9.770625156387032
PT,PRSZ05,SESZ02,1,6.396421522877681
PT,PLSZ04,KLSZ06,1,6.215115456485323
WK,TMSZ03,TMSZ03,1,0.0
PT,BMSZ03,ORSZ02,1,2.6123990501298695
WK,WDSZ03,WDSZ03,1,0.0
WK,SGSZ06,SGSZ07,1,0.9479193276864053
PT,HGSZ08,PRSZ02,1,7.018092098950629
PT,SBSZ04,TPSZ02,1,14.231724158540247
PT,TPSZ02,QTSZ09,1,8.007202018401934
PT,SISZ01,BTSZ01,1,11.740151806392166
PT,DTSZ10,BMSZ04,1,2.189629843883584
PT,GLSZ05,YSSZ09,1,14.74040587097054
PT,QTSZ06,JESZ05,1,8.045539574799749
PT,QTSZ01,AMSZ10,1,10.567393222631306
PT,TMSZ02,DTSZ08,1,14.16091343269169
VH,AMSZ12,SBSZ01,1,7.52709731425055
WK,PRSZ05,PRSZ03,1,1.3236940820239511
WK,JESZ08,JESZ08,1,0.0
PT,TMSZ05,KLSZ05,1,10.837431078024926
PT,YSSZ03,TPSZ06,1,10.218892297630505
PT,DTSZ03,WDSZ05,1,17.746460808706953
PT,JESZ03,QTSZ08,1,6.637390355811709
PT,MPSZ03,ORSZ02,1,8.343421249983441
PT,BMSZ07,BMSZ07,1,0.0
VH,BMSZ01,SESZ04,1,16.31257800359715
PT,CLSZ06,CLSZ09,1,1.052757843914389
WK,SBSZ03,SBSZ03,1,0.0
PT,AMSZ06,BTSZ03,1,8.073530877471015
PT,MUSZ01,PGSZ01,1,14.734594470309682
PT,TMSZ03,MUSZ03,1,11.23798501973583
VH,DTSZ11,MPSZ01,1,5.197002363278991
PT,QTSZ11,CKSZ06,1,12.069168207523715
PT,YSSZ04,JESZ05,1,14.209684459091502
PT,GLSZ04,BMSZ07,1,8.753253058051683
WK,SESZ03,SESZ04,1,0.9952512670910597
VH,BDSZ01,AMSZ01,1,8.10930554643542
PT,NVSZ01,NVSZ01,1,0.0
PT,BMSZ03,BDSZ04,1,14.043815972803474
VH,BMSZ13,BMSZ01,1,1.0293958177027167
PT,DTSZ11,BDSZ02,1,10.896515773551181
VH,BKSZ07,BTSZ01,1,2.606142587234807
PT,DTSZ11,SESZ07,1,13.38122610403685
PT,BMSZ05,WDSZ02,1,18.442720356122862
WK,WDSZ03,WDSZ01,1,1.9549224562619225
PT,ORSZ02,JWSZ08,1,15.914319753011856
PT,SBSZ03,YSSZ09,1,2.244423832083414
PT,QTSZ10,SBSZ03,1,16.405496733668663
WK,HGSZ01,HGSZ02,1,0.7510371002354921
PT,TMSZ03,TMSZ01,1,1.9993859622686991
PT,OTSZ03,BDSZ04,1,11.697349354766779
VH,MPSZ03,MPSZ03,1,0.0
PT,MPSZ03,SGSZ07,1,5.932166352938096
PT,CHSZ02,PRSZ03,1,3.358483270641789
VH,AMSZ01,PGSZ04,1,7.568895374585283
PT,BSSZ01,BSSZ01,1,0.0
PT,TMSZ04,TMSZ04,1,0.0
PT,GLSZ03,HGSZ05,1,5.964687136270527
PT,DTSZ02,QTSZ08,1,6.9316797330235005
PT,BSSZ02,AMSZ01,1,2.0581507632730265
PT,PRSZ02,TMSZ02,1,3.040951365203157
PT,GLSZ03,MPSZ03,1,3.2209837584109384
PT,SBSZ01,OTSZ03,1,18.678531759624075
VH,QTSZ08,BKSZ05,1,7.063810457789163
VH,AMSZ06,TMSZ01,1,11.08053469088358
PT,YSSZ09,BKSZ05,1,11.228819657285023
PT,NTSZ02,SRSZ02,1,2.9017811833490006
WK,BKSZ02,BKSZ02,1,0.0
PT,BDSZ01,AMSZ01,1,8.10930554643542
PT,DTSZ05,HGSZ03,1,11.514835686380886
PT,TPSZ07,TPSZ06,1,0.5451329009361701
WK,SBSZ04,SBSZ03,1,1.203473776478544
PT,RCSZ01,DTSZ02,1,1.8636238421684719
PT,YSSZ09,DTSZ01,1,14.938191502062736
PT,RCSZ10,SESZ03,1,11.366051673463458
PT,WDSZ03,SBSZ02,1,2.5673315588060617
PT,BSSZ02,PRSZ03,1,11.623324865435313
VH,JWSZ08,JWSZ09,1,0.9403575284652649
WK,YSSZ04,YSSZ04,1,0.0
WK,KLSZ08,KLSZ06,1,0.7917316145790123
PT,JWSZ08,JWSZ09,1,0.9403575284652649
VH,DTSZ01,PGSZ04,1,12.27370560919261
PT,WDSZ09,SBSZ01,1,5.646674529968837
PT,JWSZ09,JWSZ04,1,2.2141262582406362
PT,PGSZ03,DTSZ08,1,14.796508291210614
PT,NTSZ03,HGSZ02,1,9.251212604348606
PT,SKSZ04,QTSZ02,1,12.696190792087762
PT,ORSZ03,SESZ06,1,11.262314482990844
PT,GLSZ03,BKSZ04,1,16.128201044954004
VH,BDSZ03,CHSZ03,1,9.816430053148721
VH,BDSZ02,GLSZ03,1,3.505008869857587
PT,TPSZ01,ORSZ02,1,3.9764216624837263
PT,SRSZ01,JESZ08,1,10.763705130113221
PT,SGSZ02,AMSZ12,1,1.5906972443613625
WK,JWSZ02,JWSZ02,1,0.0
WK,JWSZ02,JWSZ04,1,1.6858100038153874
PT,QTSZ11,HGSZ07,1,13.973973321132538
WK,GLSZ04,GLSZ04,1,0.0
PT,HGSZ06,SESZ05,1,2.6523348559719238
PT,CLSZ04,AMSZ02,1,11.437002760388854
PT,JWSZ03,DTSZ08,1,16.265849147356636
PT,OTSZ03,AMSZ01,1,10.32472751659054
PT,TMSZ02,TMSZ02,1,0.0
PT,PRSZ03,DTSZ10,1,15.940489121044637
VH,PGSZ05,DTSZ08,1,15.47638357980494
VH,BMSZ07,BMSZ08,1,1.4234487023260933
WK,GLSZ04,GLSZ04,1,0.0
VH,RCSZ03,BDSZ01,1,6.751357070803317
PT,SESZ02,KLSZ04,1,9.630835982629637
PT,PRSZ03,HGSZ09,1,6.224881859203882
WK,BDSZ04,BDSZ04,1,0.0
PT,SESZ05,CHSZ03,1,13.033785024879021
PT,MUSZ03,PGSZ02,1,13.816820971967413
PT,PGSZ04,SRSZ02,1,13.841360359698912
WK,WDSZ02,WDSZ01,1,0.7905033315597753
VH,JESZ09,JWSZ08,1,4.917108980072719
WK,OTSZ03,DTSZ08,1,0.5933682078899496
WK,HGSZ04,HGSZ05,1,0.9713078128166454
PT,AMSZ08,OTSZ04,1,11.573591457866023
PT,BTSZ06,BKSZ09,1,5.123590199935808
VH,HGSZ01,HGSZ04,1,0.7566664343295557
VH,TMSZ02,TMSZ05,1,3.4331063209557158
WK,CKSZ03,CKSZ03,1,0.0
PT,TSSZ05,JWSZ09,1,8.779176016768725
PT,QTSZ13,NVSZ01,1,8.996917547830018
PT,CLSZ06,DTSZ11,1,10.724097390822868
PT,QTSZ08,NVSZ01,1,7.3269209164831715
VH,PGSZ03,PLSZ01,1,4.583805401359303
PT,WDSZ03,RCSZ01,1,15.711847136694868
VH,YSSZ03,SBSZ03,1,3.8060047834536612
PT,BDSZ02,NTSZ03,1,10.25401824077115
PT,DTSZ02,KLSZ06,1,2.149818742558828
PT,QTSZ08,SESZ02,1,16.099825110858664
VH,BMSZ16,KLSZ02,1,6.417155999556706
PT,GLSZ03,GLSZ04,1,2.2208826856539945
VH,TMSZ02,TMSZ04,1,1.5608180588962757
PT,JESZ05,BKSZ05,1,3.4432452306580053
PT,JESZ05,BMSZ08,1,10.237198682763667
WK,JESZ01,JESZ01,1,0.0
VH,TPSZ12,SGSZ03,1,4.31740834935893
VH,KLSZ07,KLSZ07,1,0.0
PT,PRSZ02,BDSZ01,1,5.91005420235338
PT,DTSZ11,AMSZ09,1,11.823129524767312
PT,SESZ06,YSSZ09,1,6.448116778096786
PT,TPSZ06,SESZ03,1,7.484384499628202
VH,BTSZ01,RCSZ01,1,9.508851849711947
VH,JWSZ08,BLSZ02,1,3.2795815540467808
PT,TMSZ04,SGSZ04,1,10.014249632650026
PT,TPSZ07,TPSZ06,1,0.5451329009361701
VH,SGSZ04,BSSZ01,1,3.8631900924518154
PT,CKSZ06,CKSZ03,1,1.7431883026562554
PT,JWSZ08,JWSZ08,1,0.0
PT,YSSZ01,CKSZ04,1,12.203245189339789
PT,BTSZ01,DTSZ12,1,11.413801304935182
WK,BKSZ02,BKSZ02,1,0.0
PT,YSSZ05,BMSZ01,1,16.02362294679484
PT,JESZ05,PGSZ04,1,19.953121136521325
PT,JWSZ03,PNSZ02,1,6.960677702920307
WK,DTSZ11,DTSZ11,1,0.0
PT,WDSZ03,WDSZ03,1,0.0
PT,PGSZ01,SESZ06,1,4.093587833457112
PT,WDSZ02,WDSZ01,1,0.7905033315597753
PT,PRSZ03,BMSZ05,1,16.24989753403471
PT,JESZ05,DTSZ12,1,14.018014691760055
WK,BDSZ05,GLSZ05,1,2.4661511449633133
PT,OTSZ03,JESZ02,1,13.45467369497757
VH,GLSZ05,GLSZ05,1,0.0
WK,BMSZ03,BMSZ07,1,0.842100662795205
PT,NVSZ02,WDSZ02,1,14.740102338825043
VH,KLSZ07,BMSZ02,1,4.985259417097852
VH,BPSZ05,BPSZ04,1,0.9043775472896666
VH,CLSZ06,CLSZ03,1,1.2996250777165392
PT,TMSZ02,BDSZ04,1,3.1599829379376176
VH,AMSZ02,BSSZ01,1,2.9462929613040005
PT,SESZ04,YSSZ02,1,7.480584003224296
VH,TMSZ03,BDSZ04,1,2.01283224519501
PT,HGSZ01,TPSZ06,1,5.168096011005154
VH,QTSZ08,BTSZ08,1,2.5932947097107215
VH,BDSZ04,MUSZ01,1,10.691306951914274
PT,DTSZ11,BDSZ04,1,11.110192911324528
PT,BTSZ03,BTSZ01,1,1.8137215566160432
VH,DTSZ05,PGSZ04,1,14.043313969234429
PT,DTSZ03,BPSZ05,1,13.978662509460536
PT,SGSZ02,BSSZ01,1,4.081585707098615
PT,PGSZ03,CHSZ03,1,13.099665252929867
PT,SESZ03,PGSZ04,1,1.5480541741474918
PT,WDSZ04,OTSZ01,1,16.782110873741708
PT,HGSZ01,HGSZ02,1,0.7510371002354921
PT,BPSZ03,KLSZ02,1,13.06373534498734
VH,JWSZ09,JWSZ09,1,0.0
WK,HGSZ06,HGSZ06,1,0.0
WK,BMSZ02,BMSZ07,1,1.1725078205385278
PT,BMSZ08,BMSZ03,1,0.5847816941063064
VH,DTSZ08,MPSZ03,1,7.059406378997142
WK,CLSZ05,CLSZ06,1,1.0042078864973587
PT,KLSZ09,QTSZ05,1,6.200019393549315
PT,QTSZ11,WDSZ05,1,14.822118035073373
PT,ORSZ03,WDSZ03,1,16.1179186299313
PT,SESZ03,HGSZ08,1,5.434285984043366
PT,QTSZ12,BKSZ09,1,7.304289169324921
PT,QTSZ11,QTSZ11,1,0.0
WK,SESZ02,SESZ02,1,0.0
PT,RCSZ01,HGSZ06,1,6.768953255892874
VH,JWSZ08,WCSZ01,1,4.2172435958379735
PT,GLSZ05,KLSZ01,1,4.098535673974548
VH,CKSZ04,KLSZ06,1,15.412120285791756
PT,DTSZ05,CLSZ03,1,11.297531072615584
PT,BSSZ02,BSSZ03,1,1.034011091901759
VH,BSSZ01,YSSZ09,1,8.170977815592874
PT,CKSZ06,SKSZ04,1,1.3279259305576234
PT,HGSZ04,SGSZ06,1,2.9122391170608886
PT,BTSZ01,BTSZ01,1,0.0
PT,SESZ03,DTSZ03,1,11.867096099365066
WK,BSSZ03,BSSZ03,1,0.0
PT,WDSZ04,WDSZ03,1,1.5835624864458278
VH,YSSZ05,YSSZ01,1,2.181737820747567
PT,TMSZ01,TMSZ02,1,1.8880896152958335
PT,DTSZ05,DTSZ03,1,1.3250654421689967
PT,PRSZ02,TMSZ04,1,4.57403783107831
PT,WDSZ03,KLSZ08,1,15.807530861589182
PT,BMSZ04,BMSZ07,1,1.9555381553333073
PT,CKSZ03,WDSZ03,1,8.690456090894205
PT,BDSZ06,TMSZ04,1,2.3820541097862336
PT,SBSZ02,CLSZ06,1,15.89958590831875
PT,SESZ02,SESZ04,1,1.914283801890594
PT,HGSZ04,AMSZ05,1,5.315135547720144
PT,SGSZ05,TNSZ03,1,7.6271539340672865
PT,BMSZ16,HGSZ01,1,12.186330209612718
WK,YSSZ09,YSSZ09,1,0.0
PT,JESZ05,BDSZ04,1,21.49468574123992
VH,BDSZ03,MPSZ03,1,2.603159149303617
PT,GLSZ03,HGSZ08,1,1.8629062650920165
VH,YSSZ08,OTSZ03,1,15.439017915388733
PT,BKSZ09,YSSZ02,1,13.975221893655025
PT,CKSZ03,SKSZ02,1,4.150416591379115
PT,PRSZ02,MUSZ03,1,13.645122254706829
WK,PGSZ05,PGSZ05,1,0.0
PT,BMSZ04,DTSZ08,1,2.521211558301176
PT,CLSZ05,DTSZ11,1,11.723943029723348
PT,SGSZ06,HGSZ08,1,2.105678690799914
VH,BKSZ07,BKSZ04,1,0.9127640438742397
PT,WDSZ03,SKSZ01,1,4.796015887714445
PT,YSSZ03,YSSZ09,1,1.7688742052165112
PT,KLSZ01,SBSZ04,1,15.842360806687411
PT,WDSZ02,DTSZ05,1,18.581041323627662
PT,AMSZ09,AMSZ11,1,1.5731092706275187
PT,ORSZ02,TPSZ02,1,3.3789850370029795
PT,BPSZ01,BPSZ05,1,1.2990930537372278
PT,QTSZ14,BMSZ01,1,2.3310314719625698
VH,QTSZ13,BPSZ04,1,10.082558748613216
PT,PGSZ04,GLSZ01,1,8.599010069805706
VH,TMSZ04,JWSZ08,1,28.80815005097246
PT,JESZ08,SRSZ01,1,10.763705130113221
VH,MPSZ03,BDSZ06,1,4.603267741098764
PT,SESZ04,DTSZ11,1,13.824310091488615
PT,SESZ03,TNSZ03,1,13.709987303759517
PT,HGSZ05,KLSZ01,1,6.896851392848186
PT,OTSZ01,KLSZ06,1,3.558939456847418
WK,SGSZ07,SGSZ06,1,0.9479193276864053
VH,BDSZ06,TNSZ04,1,14.651450512734659
PT,JWSZ08,BTSZ01,1,8.556310483452535
PT,GLSZ04,AMSZ06,1,8.181968741844988
PT,WDSZ03,YSSZ09,1,3.422882487435982
PT,SGSZ03,YSSZ04,1,6.2971815929318256
PT,DTSZ08,JWSZ02,1,17.035976842820507
VH,NVSZ04,TNSZ04,1,1.5142194897152155
PT,SBSZ03,DTSZ08,1,18.968379369180727
PT,BMSZ07,QTSZ10,1,3.8024316265516185
PT,BMSZ01,JWSZ02,1,14.260519517821443
PT,AMSZ10,BTSZ03,1,9.52219721022724
PT,PRSZ03,DTSZ02,1,13.76222617096602
PT,BDSZ04,HGSZ08,1,5.5812352539494
PT,HGSZ03,HGSZ02,1,0.7511726210026585
PT,BSSZ01,CKSZ06,1,10.525119921939476
PT,PGSZ01,SESZ06,1,4.093587833457112
WK,CKSZ03,CKSZ03,1,0.0
PT,JWSZ08,BPSZ05,1,8.666129129690592
PT,QTSZ05,WDSZ01,1,15.938647474305698
PT,MUSZ01,GLSZ04,1,4.606751526261557
WK,TMSZ03,TMSZ03,1,0.0
VH,PRSZ02,TMSZ02,1,3.040951365203157
PT,QTSZ08,BMSZ05,1,5.26103428017332
WK,BPSZ01,BPSZ01,1,0.0
PT,WCSZ01,BDSZ01,1,24.979327805996814
PT,SGSZ07,KLSZ01,1,3.192359342323378
VH,BTSZ06,TNSZ01,1,2.8510100432701733
PT,BSSZ03,NVSZ02,1,3.75325190070528
VH,PGSZ04,PGSZ04,1,0.0
PT,BMSZ16,DTSZ03,1,3.209142432181445
PT,BDSZ01,MUSZ03,1,7.9874985187178815
PT,ORSZ02,PRSZ03,1,14.814728317007713
VH,CHSZ03,SESZ06,1,14.829547527202845
PT,SBSZ03,DTSZ03,1,17.80382501256505
PT,QTSZ05,MUSZ03,1,4.587343583985422
VH,SESZ03,BKSZ01,1,15.781820953749975
PT,DTSZ08,BDSZ04,1,11.271097145894494
VH,BSSZ03,YSSZ04,1,7.816736646743787
PT,MPSZ03,GLSZ05,1,1.8762855558336555
PT,CKSZ04,CKSZ04,1,0.0
PT,DTSZ02,AMSZ01,1,8.960602715422072
PT,HGSZ03,CHSZ03,1,11.965505010747671
PT,BSSZ01,BTSZ01,1,7.0993213823554875
VH,DTSZ03,BPSZ05,1,13.978662509460536
PT,KLSZ06,BDSZ04,1,8.81940552503087
WK,TPSZ04,TPSZ02,1,0.8358827334321068
PT,NVSZ02,YSSZ09,1,12.688147750674505
VH,BDSZ06,BDSZ06,1,0.0
VH,PGSZ02,PGSZ03,1,0.8699452159826071
PT,CKSZ06,DTSZ08,1,17.60713345822498
PT,WDSZ03,SESZ03,1,11.991907047532804
VH,TMSZ02,BDSZ04,1,3.1599829379376176
WK,DTSZ08,DTSZ05,1,0.6129048720467968
VH,YSSZ04,AMSZ12,1,4.258597071684371
PT,DTSZ01,KLSZ02,1,2.958820925711897
PT,BSSZ01,ORSZ02,1,5.814905738335073
PT,BPSZ05,BKSZ01,1,1.2221236874947188
VH,HGSZ04,QTSZ08,1,13.462505057211008
PT,HGSZ06,KLSZ06,1,6.269401403930573
PT,SESZ05,PGSZ04,1,2.606432804831768
PT,BPSZ05,OTSZ03,1,13.711061778163108
PT,TNSZ01,BMSZ16,1,4.526518549665895
PT,TPSZ03,TPSZ06,1,1.0848818614084275
PT,TPSZ09,KLSZ01,1,1.2781299803671196
PT,NVSZ01,HGSZ08,1,4.542058871475054
PT,BSSZ02,BSSZ03,1,1.034011091901759
VH,TSSZ02,JWSZ09,1,7.523434221159373
VH,PGSZ01,KLSZ08,1,12.247270614472349
PT,BMSZ12,OTSZ03,1,3.9137665802028723
PT,BPSZ05,CKSZ03,1,2.3007075960770518
PT,SESZ02,SESZ02,1,0.0
PT,GLSZ04,TMSZ03,1,6.947242067101804
WK,WDSZ04,WDSZ04,1,0.0
PT,YSSZ09,BMSZ06,1,15.486360074106837
VH,WDSZ03,WDSZ03,1,0.0
PT,KLSZ01,KLSZ09,1,2.394143316530559
WK,CLSZ08,CLSZ08,1,0.0
VH,JESZ05,BKSZ01,1,4.34669321998494
PT,SGSZ01,AMSZ10,1,2.242841251097482
PT,PRSZ02,TMSZ02,1,3.040951365203157
VH,JWSZ09,JWSZ09,1,0.0
PT,BSSZ01,SESZ06,1,6.447070982720102
PT,TPSZ12,TPSZ12,1,0.0
VH,GLSZ05,AMSZ01,1,8.447543520592658
WK,KLSZ06,KLSZ08,1,0.7917316145790123
PT,JWSZ08,JWSZ08,1,0.0
PT,SESZ03,GLSZ01,1,7.695588315000992
PT,BDSZ05,TPSZ11,1,5.592999817040686
PT,PGSZ02,PGSZ05,1,1.695802786427982
PT,TSSZ05,QTSZ08,1,17.529518581715475
PT,JWSZ09,BMSZ01,1,14.723740363036976
PT,DTSZ03,JWSZ02,1,17.57398557592364
PT,BDSZ03,HGSZ03,1,6.076671439603771
PT,HGSZ01,HGSZ05,1,1.6897103245344356
VH,SESZ04,SESZ04,1,0.0
PT,JWSZ09,JWSZ02,1,1.1909513911077283
PT,PRSZ03,GLSZ05,1,8.244202320945124
WK,HGSZ01,HGSZ01,1,0.0
PT,TMSZ05,GLSZ04,1,9.64817992143521
WK,BMSZ04,BMSZ04,1,0.0
VH,BTSZ01,NVSZ01,1,8.94509460120912
VH,NVSZ01,NVSZ01,1,0.0
PT,SGSZ07,OTSZ03,1,8.281724586471443
VH,GLSZ04,BDSZ04,1,6.095252884793878
PT,JWSZ09,BMSZ08,1,14.619616589042991
PT,WDSZ06,OTSZ03,1,19.076081055303742
PT,JESZ10,WDSZ06,1,15.36642201676825
PT,NVSZ02,YSSZ04,1,11.22406463593339
WK,WDSZ05,WDSZ01,1,1.2320596897563494
PT,CLSZ02,BMSZ15,1,8.5096987183631
PT,GLSZ04,BDSZ01,1,3.723747738075413
PT,DTSZ11,HGSZ05,1,12.154100378912954
PT,QTSZ10,QTSZ11,1,0.9343207049567491
PT,QTSZ11,BMSZ08,1,5.185798776659214
PT,SESZ02,PLSZ04,1,4.095762021442922
PT,BDSZ04,BDSZ04,1,0.0
PT,PRSZ03,TMSZ02,1,1.9941353644937028
PT,TMSZ03,TPSZ06,1,8.696634880969457
VH,TMSZ02,TMSZ02,1,0.0
PT,BKSZ09,BKSZ06,1,1.9039083579005436
VH,JWSZ04,BMSZ02,1,12.299825810390224
PT,QTSZ15,BSSZ02,1,11.577857716611303
WK,BDSZ05,BDSZ04,1,2.45621100070819
WK,JESZ05,JESZ05,1,0.0
PT,JWSZ03,JWSZ02,1,1.1903534965573972
VH,QTSZ08,YSSZ04,1,14.343949148830461
PT,YSSZ09,YSSZ01,1,0.8885412780857345
PT,TMSZ03,DTSZ05,1,11.878534778177949
PT,OTSZ03,DTSZ06,1,1.3728601673833372
PT,YSSZ09,SBSZ03,1,2.244423832083414
VH,TPSZ02,TPSZ01,1,0.9338053167884945
PT,KLSZ01,QTSZ08,1,8.307398167450954
PT,AMSZ01,CHSZ03,1,17.374453729266236
VH,MPSZ03,GLSZ03,1,3.2209837584109384
WK,JWSZ09,JWSZ01,1,1.81790476050892
PT,TPSZ04,PLSZ03,1,7.6706262579994196
PT,PGSZ05,YSSZ09,1,9.885366109459248
PT,QTSZ08,BPSZ01,1,10.347555143250476
PT,PGSZ05,GLSZ05,1,9.550301542571098
PT,DTSZ05,WDSZ03,1,18.34652970388401
PT,SESZ04,SESZ04,1,0.0
WK,QTSZ02,QTSZ02,1,0.0
PT,HGSZ05,HGSZ05,1,0.0
VH,CKSZ02,CKSZ03,1,1.0663075799099802
PT,JWSZ06,JWSZ08,1,1.4888502064132552
VH,SGSZ04,WDSZ02,1,11.97227962405506
VH,HGSZ04,HGSZ01,1,0.7566664343295557
PT,BKSZ02,PNSZ01,1,8.6593343828901
VH,WDSZ06,DTSZ12,1,19.458136917604218
VH,GLSZ05,GLSZ05,1,0.0
PT,TMSZ04,YSSZ08,1,16.373505649334653
PT,SGSZ06,HGSZ04,1,2.9122391170608886
WK,WDSZ06,WDSZ06,1,0.0
VH,BSSZ02,NVSZ02,1,4.089090493516779
VH,SGSZ04,HGSZ02,1,3.5908149533534366
PT,SBSZ05,NVSZ02,1,15.221314154249004
VH,TPSZ06,NVSZ01,1,1.507870345245103
PT,QTSZ08,QTSZ01,1,1.4672733500642554
VH,BMSZ07,TMSZ04,1,17.107873933128076
PT,BDSZ01,NVSZ02,1,7.682475525377827
VH,TPSZ02,TPSZ01,1,0.9338053167884945
PT,AMSZ06,SRSZ02,1,9.34199205656558
PT,BDSZ04,KLSZ01,1,8.295131083075892
PT,WCSZ01,JWSZ03,1,4.998520485381283
PT,PGSZ02,PGSZ03,1,0.8699452159826071
PT,CKSZ03,BLSZ02,1,8.619326421483654
WK,SESZ03,SESZ03,1,0.0
VH,SGSZ06,SESZ05,1,4.218719267554138
VH,MUSZ01,SESZ03,1,11.85020276599691
PT,CKSZ05,BPSZ05,1,2.853338000619151
VH,QTSZ05,QTSZ08,1,1.9041709380211382
VH,HGSZ07,HGSZ08,1,1.4564913024819
PT,QTSZ09,BDSZ02,1,16.884877943507448
VH,JESZ05,CLSZ09,1,3.078482405578938
PT,CLSZ01,JESZ05,1,1.5259454601230618
PT,WDSZ03,WDSZ03,1,0.0
VH,DTSZ05,SESZ04,1,13.022712014626789
PT,BTSZ01,QTSZ08,1,4.915196479200296
PT,BDSZ06,BDSZ04,1,1.3781452505148277
PT,SESZ06,SESZ03,1,2.3877316708630167
WK,TPSZ02,NVSZ02,1,1.7042808276546735
WK,QTSZ11,QTSZ11,1,0.0
PT,SESZ05,KLSZ06,1,8.921678147303673
VH,KLSZ08,PGSZ04,1,10.31085234894083
PT,JWSZ04,RCSZ01,1,14.825239345001533
VH,TMSZ04,HGSZ03,1,7.43923960706008
VH,QTSZ05,BKSZ05,1,8.149754245483292
PT,JWSZ08,SKSZ02,1,11.241698498682878
PT,GLSZ04,GLSZ05,1,1.665730792673618
PT,BMSZ14,QTSZ08,1,4.005461430260487
VH,WDSZ03,BMSZ02,1,17.802816972491083
VH,BSSZ01,BSSZ01,1,0.0
VH,ORSZ03,JWSZ03,1,14.182845944933135
PT,GLSZ03,GLSZ03,1,0.0
PT,YSSZ09,MUSZ01,1,14.793974491685569
PT,JWSZ07,KLSZ06,1,19.73990378075672
WK,WDSZ03,WDSZ03,1,0.0
PT,BDSZ07,BDSZ04,1,2.830426449952091
PT,CLSZ06,BMSZ10,1,8.214857959910697
VH,DTSZ02,SGSZ04,1,7.959935879170354
VH,BDSZ05,BDSZ05,1,0.0
PT,KLSZ03,SGSZ04,1,5.357953462182422
PT,JESZ05,BDSZ04,1,21.49468574123992
PT,BDSZ06,DTSZ11,1,11.437537142795163
VH,BMSZ04,BMSZ04,1,0.0
PT,BDSZ06,BDSZ06,1,0.0
WK,HGSZ05,HGSZ05,1,0.0
VH,DTSZ08,MPSZ03,1,7.059406378997142
VH,TMSZ03,ORSZ02,1,12.45389772749502
PT,BDSZ02,SESZ02,1,5.796424256384012
PT,JWSZ03,CHSZ03,1,31.120659831462916
PT,YSSZ09,WDSZ02,1,4.494710631795676
PT,CLSZ04,GLSZ01,1,12.166208575083994
PT,CLSZ04,TPSZ06,1,10.400187967270348
PT,MUSZ03,TMSZ02,1,13.03523908902163
VH,PGSZ04,MPSZ02,1,9.775397152421458
PT,JWSZ09,JWSZ01,1,1.81790476050892
PT,PRSZ04,TMSZ05,1,5.859643841237085
PT,SGSZ06,BMSZ06,1,8.708095967043644
VH,SGSZ03,KLSZ01,1,5.941795021094732
PT,TMSZ04,BMSZ05,1,14.899343492840904
PT,BTSZ01,CKSZ01,1,5.201199803389543
VH,DTSZ11,MUSZ01,1,2.6998440222598763
VH,YSSZ04,SBSZ03,1,3.8210520820291944
PT,GLSZ02,BDSZ02,1,4.784435923797726
VH,NTSZ03,SESZ05,1,9.954212029599049
PT,WDSZ03,WDSZ02,1,1.1650477156252987
PT,SBSZ03,CLSZ03,1,15.402730830767606
PT,QTSZ08,PGSZ02,1,17.40161898223725
VH,BDSZ08,TMSZ05,1,2.845317949036391
PT,BMSZ13,BMSZ02,1,1.233055201302728
VH,CLSZ04,QTSZ15,1,4.705684450573436
PT,AMSZ10,GLSZ03,1,8.365420033343753
PT,QTSZ08,HGSZ02,1,14.313859531480261
VH,WDSZ03,WDSZ05,1,2.9195549289936507
PT,DTSZ11,PRSZ05,1,15.774690388263947
PT,BPSZ02,JESZ09,1,10.238488074039035
PT,WCSZ01,JWSZ09,1,4.867229736806335
PT,TMSZ02,KLSZ06,1,11.327158710464781
VH,DTSZ01,DTSZ01,1,0.0
PT,DTSZ05,SBSZ03,1,18.459820913519966
PT,BDSZ06,QTSZ08,1,17.256034389561194
WK,JESZ03,JESZ03,1,0.0
PT,SESZ04,QTSZ11,1,16.627381011690574
PT,BPSZ04,JWSZ06,1,9.889426426405274
VH,HGSZ05,HGSZ05,1,0.0
WK,BDSZ05,BDSZ03,1,1.2367687855374871
PT,BKSZ01,TNSZ01,1,9.656403284024641
VH,GLSZ05,HGSZ08,1,3.213057688239395
PT,TPSZ05,BSSZ02,1,2.0222166307092877
WK,DTSZ11,DTSZ05,1,0.908422071335141
PT,PGSZ03,PGSZ04,1,1.813530848549925
WK,AMSZ02,TPSZ02,1,4.546288431833153
VH,YSSZ01,YSSZ06,1,3.193327869962329
PT,BPSZ03,DTSZ12,1,14.886968027601378
PT,GLSZ03,BPSZ04,1,14.583817532562264
PT,DTSZ02,ORSZ02,1,2.7038880830734957
PT,DTSZ03,GLSZ05,1,5.1205505522241594
VH,SRSZ01,CLSZ04,1,8.344248214523583
PT,SGSZ07,RCSZ10,1,5.860969782202736
PT,OTSZ03,TMSZ03,1,12.779094893351187
VH,SESZ02,PGSZ04,1,1.052549878649884
PT,JESZ08,BKSZ05,1,5.088656320469565
PT,WDSZ01,TPSZ03,1,13.084144583460969
PT,AMSZ11,JESZ05,1,13.397203198130725
PT,GLSZ04,OTSZ03,1,5.861289747205181
PT,WDSZ02,PGSZ04,1,14.224882860241186
VH,CKSZ05,RCSZ05,1,16.081908374550963
PT,TMSZ04,TMSZ04,1,0.0
WK,BSSZ02,BSSZ03,1,1.034011091901759
PT,HGSZ02,BSSZ01,1,7.4496670702867185
VH,BMSZ07,WDSZ03,1,17.116735000637046
PT,KLSZ09,ORSZ03,1,2.767187065404846
VH,OTSZ03,DTSZ05,1,0.9139879414915537
WK,BKSZ04,BKSZ05,1,1.1230550579414724
VH,CHSZ03,AMSZ03,1,16.26896451478921
VH,JESZ01,JWSZ02,1,2.3179457634793237
VH,AMSZ01,HGSZ06,1,3.9212664118142064
PT,CLSZ06,RVSZ05,1,8.51261481599675
WK,BDSZ04,BDSZ04,1,0.0
PT,TPSZ12,JWSZ05,1,18.80192682295901
PT,PGSZ01,SESZ02,1,3.1854289320930107
PT,BDSZ03,BDSZ04,1,2.353398647735378
VH,TSSZ05,CKSZ03,1,15.753061136702646
VH,JWSZ02,JWSZ04,1,1.6858100038153874
PT,QTSZ05,DTSZ05,1,4.992013285851328
PT,QTSZ05,KLSZ08,1,6.63976091251182
PT,TPSZ04,JWSZ08,1,17.610963331573963
PT,SRSZ03,BKSZ09,1,11.656646287301799
PT,SESZ06,NVSZ02,1,9.39885244946822
WK,DTSZ01,DTSZ02,1,0.8112413736091982
PT,PLSZ01,JWSZ02,1,24.053611910017654
VH,HGSZ06,DTSZ02,1,8.414424516469229
PT,CHSZ02,PRSZ03,1,3.358483270641789
PT,DTSZ11,BPSZ02,1,15.583079137353476
PT,TPSZ03,QTSZ12,1,8.84228548130822
VH,WDSZ05,WDSZ03,1,2.9195549289936507
PT,WDSZ02,YSSZ09,1,4.494710631795676
VH,JWSZ02,QTSZ12,1,11.294887753282165
PT,KLSZ05,GLSZ04,1,1.7607139526066777
PT,BSSZ01,HGSZ06,1,5.412501839941067
VH,BDSZ05,MPSZ02,1,2.1775499489765475
VH,BSSZ01,TPSZ03,1,2.7076891694029825
WK,KLSZ05,KLSZ05,1,0.0
PT,JWSZ09,TSSZ03,1,5.845629243365312
PT,HGSZ04,GLSZ03,1,5.029450868158842
PT,NTSZ03,PRSZ03,1,13.892079416363107
PT,SBSZ01,CLSZ07,1,17.422473951472767
PT,QTSZ11,HGSZ03,1,16.124261748976092
WK,AMSZ01,AMSZ01,1,0.0
PT,QTSZ08,JWSZ04,1,8.753793101044835
PT,TPSZ06,NVSZ01,1,1.507870345245103
PT,JWSZ03,OTSZ03,1,15.692771937909034
WK,QTSZ05,BMSZ07,1,1.09184867404237
VH,HGSZ04,SGSZ06,1,2.9122391170608886
PT,JWSZ02,JWSZ09,1,1.1909513911077283
WK,CKSZ01,CKSZ01,1,0.0
PT,TMSZ02,BDSZ04,1,3.1599829379376176
PT,KLSZ02,HGSZ07,1,4.314815823148363
PT,PLSZ01,TMSZ02,1,3.5112454057826405
PT,BKSZ07,PNSZ01,1,8.264677414010302
PT,TMSZ02,MPSZ03,1,7.516130599959296
PT,PRSZ03,PRSZ05,1,1.3236940820239511
VH,TMSZ01,CHSZ03,1,7.206349459035475
WK,DTSZ02,DTSZ03,1,0.7315950200170801
WK,JESZ02,JESZ03,1,0.8712167455384023
PT,SGSZ04,CKSZ03,1,13.460368648771931
VH,SESZ04,HGSZ02,1,2.9359187963327877
VH,CLSZ04,BTSZ03,1,2.1204420885101545
WK,JESZ05,JESZ05,1,0.0
WK,GLSZ04,GLSZ04,1,0.0
PT,SBSZ06,SBSZ01,1,1.3642220231120081
PT,JESZ05,BKSZ02,1,3.344636714843406
PT,SESZ05,CHSZ03,1,13.033785024879021
PT,WDSZ05,CLSZ04,1,12.435296708975786
PT,BDSZ05,OTSZ03,1,9.367433629412114
PT,WDSZ02,DTSZ01,1,17.213998760658516
PT,BDSZ04,BDSZ03,1,2.353398647735378
PT,AMSZ03,BSSZ01,1,2.6995044229110725
PT,BMSZ02,YSSZ01,1,16.227953116285537
PT,JWSZ09,BLSZ02,1,2.5274428480289526
PT,CKSZ05,JESZ05,1,6.61088102296615
WK,BPSZ03,BPSZ03,1,0.0
WK,OTSZ03,BMSZ05,1,1.0064294142100676
VH,SBSZ03,SGSZ04,1,10.771633118200786
WK,KLSZ07,KLSZ07,1,0.0
VH,JWSZ03,WCSZ01,1,4.998520485381283
VH,SESZ02,SESZ02,1,0.0
WK,DTSZ12,TPSZ06,1,5.943962969048502
WK,GLSZ05,GLSZ05,1,0.0
PT,TPSZ03,BSSZ03,1,1.1000649029031944
PT,PGSZ04,TPSZ12,1,7.219495611184962
PT,DTSZ11,SESZ05,1,12.84300844556907
PT,BDSZ06,DTSZ12,1,10.459728547577761
PT,WDSZ02,CKSZ06,1,6.518295669352447
VH,TPSZ11,NVSZ02,1,3.8398012616514823
PT,BMSZ01,CLSZ03,1,8.65378410614275
PT,JWSZ06,YSSZ09,1,18.483416529221245
PT,DTSZ01,PGSZ04,1,12.27370560919261
PT,AMSZ01,SESZ04,1,5.292373483128956
VH,BKSZ01,DTSZ11,1,14.82343886904127
WK,DTSZ05,DTSZ05,1,0.0
WK,CLSZ07,CLSZ07,1,0.0
PT,PRSZ05,KLSZ03,1,11.393064565201914
PT,QTSZ08,TNSZ04,1,3.035995237552461
PT,WDSZ03,GLSZ05,1,17.49140833541053
PT,BDSZ04,DTSZ03,1,9.504899735462661
VH,KLSZ05,QTSZ11,1,11.050645630117229
PT,BKSZ08,BMSZ02,1,10.087854257830093
PT,WDSZ01,WDSZ04,1,1.4487914875070382
PT,DTSZ05,BSSZ02,1,7.884179204068369
VH,TNSZ01,BMSZ06,1,2.442105373364054
VH,ORSZ02,SESZ03,1,12.013470532839914
VH,JESZ05,YSSZ09,1,14.670956311843588
VH,GLSZ03,GLSZ02,1,1.2889842620311078
PT,BDSZ04,MPSZ03,1,4.4070958391624195
PT,PGSZ02,SESZ03,1,1.986152873619633
PT,GLSZ02,DTSZ06,1,5.753732722044804
PT,JWSZ09,DTSZ01,1,17.708959617548228
PT,JESZ03,JWSZ09,1,4.901792866160988
PT,HGSZ04,DTSZ05,1,10.715629168730736
PT,TMSZ03,MUSZ03,1,11.23798501973583
PT,QTSZ08,PNSZ02,1,13.723377808175549
WK,SGSZ06,SGSZ05,1,0.9282105893335375
VH,HGSZ05,BMSZ17,1,13.794194430632825
PT,JESZ05,KLSZ07,1,12.157635058951813
VH,BDSZ07,BDSZ03,1,2.393711987511306
PT,SGSZ04,TPSZ11,1,3.3686332191001673
PT,WDSZ09,CKSZ02,1,9.184431622462345
PT,BDSZ01,BDSZ04,1,2.996661839518554
PT,TMSZ04,TMSZ04,1,0.0
WK,SESZ04,SESZ04,1,0.0
PT,DTSZ02,YSSZ09,1,15.618491901902527
PT,BMSZ04,RCSZ01,1,3.964953123696133
WK,ORSZ03,ORSZ03,1,0.0
PT,ORSZ02,PRSZ05,1,15.768963448778594
PT,BMSZ01,JWSZ04,1,12.613041824954735
PT,SBSZ01,BDSZ01,1,15.176826147747123
WK,AMSZ09,AMSZ09,1,0.0
PT,JESZ03,JESZ05,1,0.6185017999780152
VH,BMSZ03,BMSZ08,1,0.5847816941063064
PT,DTSZ05,TMSZ02,1,13.636756124005556
PT,ORSZ02,WDSZ04,1,14.45768845722655
PT,JESZ05,SESZ03,1,18.417916716630018
WK,GLSZ02,GLSZ02,1,0.0
PT,NVSZ01,QTSZ11,1,8.904442299978603
PT,TMSZ03,DTSZ12,1,11.252148447845324
PT,DTSZ05,MPSZ03,1,6.637872214589594
PT,SESZ03,NVSZ02,1,10.238259989115535
PT,NVSZ04,DTSZ05,1,5.841949163250831
PT,OTSZ03,SGSZ06,1,8.576989849121452
PT,GLSZ04,NVSZ02,1,4.543896392175608
PT,JWSZ06,JESZ05,1,4.980010580141298
PT,MUSZ03,YSSZ03,1,14.64268136293665
PT,WDSZ03,WDSZ02,1,1.1650477156252987
PT,RCSZ10,AMSZ10,1,9.582545368103906
WK,OTSZ03,DTSZ08,1,0.5933682078899496
PT,WDSZ01,AMSZ08,1,7.5417308189680305
PT,QTSZ08,BDSZ01,1,13.810423712896606
PT,KLSZ01,MUSZ01,1,3.190431763517255
WK,GLSZ02,GLSZ05,1,1.8655612787038267
VH,HGSZ02,BSSZ01,1,7.4496670702867185
PT,TPSZ10,BPSZ05,1,12.690050471435642
PT,QTSZ04,DTSZ11,1,6.815563356676839
PT,BKSZ06,BKSZ03,1,0.9091830057450656
PT,MPSZ03,DTSZ08,1,7.059406378997142
PT,SBSZ03,QTSZ04,1,16.304162385989056
PT,BMSZ07,OTSZ03,1,3.882751642815869
PT,TMSZ04,TMSZ02,1,1.5608180588962757
VH,SBSZ01,SBSZ03,1,1.5231686421359845
WK,BKSZ06,BKSZ07,1,0.9082341190430384
PT,CLSZ05,QTSZ08,1,4.4762980054205155
VH,PGSZ02,PGSZ04,1,1.915966749166938
PT,OTSZ03,NVSZ01,1,5.130283975123037
PT,SBSZ08,SESZ06,1,11.149781752446753
VH,JESZ03,BKSZ03,1,2.0661700283619857
PT,RCSZ02,RCSZ02,1,0.0
WK,YSSZ03,YSSZ03,1,0.0
VH,BMSZ07,BPSZ04,1,10.708370381349502
PT,BMSZ03,DTSZ11,1,4.1392718278977885
PT,DTSZ01,BPSZ05,1,13.135281077648846
PT,BSSZ03,BSSZ03,1,0.0
PT,YSSZ09,TPSZ06,1,10.930364173849584
PT,TPSZ04,CLSZ03,1,10.793834055318179
WK,AMSZ02,AMSZ12,1,1.1985331203453928
PT,YSSZ02,YSSZ05,1,3.3560916835907917
VH,CLSZ01,CLSZ06,1,2.3137214955280214
WK,DTSZ02,DTSZ12,1,1.1750052093676053
PT,CKSZ02,WDSZ01,1,8.195353803499001
PT,PGSZ03,CHSZ03,1,13.099665252929867
WK,JESZ05,JESZ05,1,0.0
VH,SESZ04,HGSZ05,1,1.720585279728292
PT,CKSZ06,SKSZ04,1,1.3279259305576234
VH,SESZ06,SESZ04,1,1.4130001556698468
PT,GLSZ03,BKSZ05,1,15.02860259500844
PT,HGSZ06,BSSZ01,1,5.412501839941067
PT,BKSZ07,BKSZ04,1,0.9127640438742397
PT,SGSZ01,DTSZ01,1,9.447010244647979
PT,BKSZ07,BKSZ03,1,1.2469115509305144
PT,BMSZ07,BMSZ08,1,1.4234487023260933
PT,CKSZ06,MPSZ02,1,20.061886914317483
PT,RCSZ10,KLSZ03,1,2.73355407309415
VH,DTSZ03,TPSZ05,1,5.4594616078461815
WK,BDSZ04,BDSZ04,1,0.0
PT,BKSZ09,BKSZ07,1,1.1548323650255352
PT,QTSZ08,CKSZ03,1,10.791204116050123
PT,DTSZ08,AMSZ06,1,10.593980493915419
PT,GLSZ05,MPSZ03,1,1.8762855558336555
PT,QTSZ05,QTSZ11,1,3.512185112075166
VH,CLSZ08,CLSZ04,1,1.7789569086211157
PT,NVSZ01,WDSZ03,1,13.980795704217538
PT,CLSZ04,TPSZ04,1,9.759314395390485
VH,GLSZ05,GLSZ04,1,1.665730792673618
PT,GLSZ04,KLSZ02,1,1.6827010917675798
PT,SESZ02,TMSZ03,1,5.542257830695036
PT,PGSZ04,TMSZ02,1,6.3095930551597625
PT,HGSZ07,HGSZ06,1,0.9450377036360438
VH,BTSZ01,BTSZ01,1,0.0
PT,BSSZ01,BSSZ01,1,0.0
PT,DTSZ02,HGSZ03,1,10.543034782655408
PT,BMSZ01,PGSZ05,1,18.53828567606685
WK,QTSZ06,QTSZ08,1,1.450190340621632
PT,THSZ01,JWSZ06,1,4.967622816731378
PT,DTSZ08,BKSZ07,1,13.388242300283844
WK,JESZ05,JESZ06,1,0.9627768263871256
PT,CLSZ04,BMSZ10,1,8.109304357623804
PT,SGSZ06,TPSZ09,1,2.204579948905714
PT,BKSZ03,ORSZ01,1,10.87572413252948
PT,KLSZ05,KLSZ08,1,1.8955671520647128
PT,ORSZ03,PGSZ04,1,13.152335726497345
PT,TPSZ12,GLSZ05,1,2.8196448142067383
VH,PRSZ05,OTSZ03,1,16.223294728379056
WK,GLSZ04,GLSZ04,1,0.0
PT,OTSZ03,PGSZ05,1,15.629088815945353
WK,WDSZ06,WDSZ06,1,0.0
PT,WDSZ02,BMSZ17,1,20.054314454386258
PT,YSSZ09,TNSZ02,1,14.935705425217026
PT,BDSZ03,BMSZ04,1,10.86100539661286
VH,BPSZ03,BPSZ01,1,1.1920001600727563
PT,JWSZ09,JWSZ03,1,2.3719008304684257
PT,KLSZ03,ORSZ02,1,4.541487709652433
PT,AMSZ05,DTSZ05,1,9.472733399099015
PT,JESZ01,QTSZ07,1,9.88091857297689
VH,JWSZ04,TSSZ05,1,10.439213193509834
VH,BDSZ06,DTSZ08,1,11.654594428434788
PT,KLSZ07,TPSZ02,1,2.159608026975678
PT,KLSZ01,SGSZ04,1,4.5389474240048315
PT,HGSZ07,GLSZ05,1,4.623799103529617
PT,SESZ05,CCSZ01,1,9.911982197545207
PT,NVSZ02,CLSZ04,1,8.434803783728732
PT,HGSZ07,DTSZ03,1,7.819107312208014
PT,HGSZ05,SESZ06,1,1.6602232514061128
PT,NVSZ02,SESZ06,1,9.39885244946822
VH,BKSZ02,BKSZ06,1,1.8100739736251934
PT,BMSZ04,PGSZ04,1,15.478699951870318
WK,JESZ08,JESZ08,1,0.0
PT,WDSZ03,WDSZ01,1,1.9549224562619225
PT,CHSZ03,HGSZ08,1,12.610898533029879
VH,TPSZ02,YSSZ02,1,11.75946455105196
PT,SESZ05,JESZ05,1,17.356717499451314
PT,TMSZ04,TMSZ04,1,0.0
PT,KLSZ01,BMSZ12,1,7.40742218567631
PT,RCSZ01,RCSZ01,1,0.0
PT,DTSZ08,TMSZ04,1,13.571499451265936
PT,BPSZ04,CKSZ03,1,3.08990910473603
PT,QTSZ08,HGSZ04,1,13.462505057211008
PT,JWSZ08,JWSZ09,1,0.9403575284652649
PT,CLSZ08,CLSZ06,1,1.0615670547239102
PT,CKSZ03,WCSZ01,1,6.445375910278424
PT,MPSZ03,PRSZ03,1,8.911983403702775
PT,QTSZ11,QTSZ10,1,0.9343207049567491
VH,SGSZ06,SGSZ03,1,2.481070185130139
WK,ORSZ02,ORSZ02,1,0.0
PT,BTSZ03,DTSZ02,1,8.622342478453431
WK,SESZ05,SESZ05,1,0.0
VH,SGSZ06,TPSZ02,1,3.5040671156653205
PT,CKSZ06,JESZ05,1,7.536802133918281
PT,PGSZ04,PGSZ03,1,1.813530848549925
PT,BMSZ07,PGSZ02,1,16.948735526097735
VH,OTSZ03,ORSZ02,1,3.0833573960419685
WK,CKSZ06,CKSZ06,1,0.0
WK,QTSZ03,QTSZ03,1,0.0
WK,ORSZ03,ORSZ02,1,0.8534670569351773
PT,KLSZ07,BTSZ01,1,9.157718148267811
PT,WDSZ01,WDSZ02,1,0.7905033315597753
PT,CKSZ03,KLSZ01,1,14.490555687665656
PT,HGSZ08,BDSZ04,1,5.5812352539494
PT,TMSZ03,DTSZ05,1,11.878534778177949
PT,QTSZ05,ORSZ03,1,3.447678254780443
VH,PGSZ05,PGSZ02,1,1.695802786427982
PT,JESZ02,BDSZ04,1,21.94756753097524
PT,CKSZ03,BPSZ04,1,3.08990910473603
VH,SBSZ03,SBSZ01,1,1.5231686421359845
WK,JWSZ09,JWSZ09,1,0.0
PT,HGSZ02,YSSZ09,1,10.129706696436433
PT,BMSZ05,OTSZ03,1,1.0064294142100676
PT,GLSZ03,MUSZ03,1,6.420757918249627
PT,HGSZ04,WCSZ01,1,21.825390606750478
PT,ORSZ02,RCSZ01,1,2.214892702802539
VH,CLSZ08,BMSZ01,1,6.759356965398289
WK,JWSZ09,JWSZ09,1,0.0
PT,YSSZ09,TMSZ04,1,16.973740135242906
VH,BDSZ06,GLSZ04,1,6.8244187577684
PT,CLSZ04,BTSZ01,1,2.2642589389246877
VH,CKSZ05,DTSZ11,1,17.521080661938193
PT,JWSZ08,JWSZ08,1,0.0
VH,SESZ03,SBSZ03,1,10.772053505983866
WK,TMSZ03,MUSZ03,1,11.23798501973583
PT,BMSZ05,KLSZ01,1,5.609086891627479
PT,YSSZ09,SGSZ06,1,9.819501450094613
PT,QTSZ03,KLSZ06,1,6.6206656142797495
WK,YSSZ09,YSSZ09,1,0.0
PT,BKSZ03,BKSZ03,1,0.0
PT,KLSZ08,CLSZ04,1,10.962602933809757
PT,TMSZ02,BDSZ01,1,5.084701843817833
PT,CKSZ01,BPSZ01,1,0.8040432852062875
PT,BMSZ01,DTSZ11,1,4.383631935244652
PT,YSSZ09,YSSZ09,1,0.0
PT,QTSZ08,MPSZ01,1,11.144359423973741
PT,WDSZ03,WDSZ03,1,0.0
PT,YSSZ02,QTSZ11,1,17.21150142735528
PT,BDSZ04,OTSZ03,1,11.697349354766779
PT,BKSZ03,BKSZ03,1,0.0
PT,BTSZ01,PRSZ03,1,19.972077189350998
PT,QTSZ11,OTSZ03,1,7.667022314646298
VH,SBSZ03,SBSZ03,1,0.0
PT,JWSZ04,JESZ04,1,1.1762681206584455
PT,SESZ04,AMSZ01,1,5.292373483128956
PT,BDSZ05,QTSZ11,1,16.12321157474884
PT,BSSZ01,RCSZ01,1,5.827219666859465
PT,DTSZ05,JWSZ09,1,17.702714307473705
PT,ORSZ03,AMSZ07,1,8.235686238686693
WK,KLSZ01,KLSZ08,1,0.9892555638969216
WK,PRSZ05,PRSZ03,1,1.3236940820239511
PT,BSSZ03,GLSZ05,1,6.2265683692297955
PT,PGSZ05,PGSZ05,1,0.0
PT,SBSZ05,QTSZ08,1,17.664661447874128
VH,QTSZ05,BSSZ01,1,7.235198600178711
VH,HGSZ08,PGSZ05,1,7.06709033941901
VH,SGSZ03,WDSZ03,1,10.880070633865031
PT,JWSZ09,CHSZ03,1,33.238135051855664
PT,GLSZ02,DTSZ09,1,7.202646288983208
PT,AMSZ03,HGSZ05,1,3.4190774691386325
VH,WCSZ01,JWSZ08,1,4.2172435958379735
VH,BTSZ01,BTSZ01,1,0.0
PT,JWSZ09,PRSZ08,1,29.449950131724908
VH,RCSZ01,MPSZ03,1,6.204455338156127
PT,HGSZ07,HGSZ07,1,0.0
PT,JWSZ04,JWSZ09,1,2.2141262582406362
PT,YSSZ04,WDSZ05,1,6.69675955514551
PT,DTSZ11,GLSZ04,1,5.5301729837225455
PT,MUSZ01,OTSZ03,1,2.1059288149283146
PT,HGSZ03,DTSZ08,1,12.126539078811113
PT,GLSZ05,AMSZ04,1,7.728097905784263
PT,CKSZ05,SGSZ04,1,13.750720874525172
PT,BKSZ03,BKSZ07,1,1.2469115509305144
PT,CKSZ03,BMSZ07,1,12.843873082026947
PT,BTSZ04,JWSZ09,1,9.194240038170514
PT,OTSZ03,TPSZ10,1,7.634559135011248
PT,BTSZ03,BKSZ05,1,3.87008978730074
PT,JWSZ09,JWSZ01,1,1.81790476050892
PT,OTSZ04,SESZ02,1,13.171897255108897
WK,RCSZ10,DTSZ02,1,0.8039412247349442
VH,JWSZ08,CKSZ02,1,6.68663926592567
PT,AMSZ10,SESZ04,1,4.870553327817362
PT,BMSZ05,PGSZ02,1,16.190965710354643
VH,GLSZ05,BDSZ05,1,2.4661511449633133
PT,TMSZ02,TMSZ02,1,0.0
PT,TMSZ01,TMSZ04,1,3.294722840679154
PT,SBSZ02,YSSZ01,1,2.117815794174996
PT,BSSZ03,TPSZ02,1,2.0640937718720638
VH,GLSZ02,KLSZ01,1,2.657954423603602
WK,TPSZ02,TPSZ03,1,0.965516492332505
VH,YSSZ01,ORSZ02,1,13.50341818616615
PT,BDSZ01,DTSZ09,1,9.704147889544702
PT,TMSZ04,QTSZ08,1,18.71618558134136
PT,WDSZ08,WDSZ03,1,1.248407850888258
PT,HGSZ02,HGSZ01,1,0.7510371002354921
VH,CHSZ03,BDSZ01,1,10.248710691630993
PT,TSSZ05,BKSZ02,1,14.459967046970025
PT,WDSZ05,WDSZ02,1,1.8640784453476875
PT,HGSZ02,BDSZ06,1,7.432073226291926
PT,ORSZ03,BMSZ08,1,2.4202568452047277
WK,TPSZ09,TPSZ09,1,0.0
PT,YSSZ01,YSSZ04,1,0.916928626122495
PT,BMSZ14,BMSZ04,1,1.0229285770741325
VH,SGSZ03,SGSZ03,1,0.0
VH,BKSZ02,BTSZ01,1,3.8054983211680304
PT,SESZ05,DTSZ05,1,12.055965246579374
PT,QTSZ06,DTSZ11,1,5.815434863832316
PT,TMSZ02,GLSZ04,1,8.737233511326789
PT,NVSZ02,BTSZ03,1,6.648249800408838
VH,CKSZ03,SKSZ03,1,2.378971040830655
WK,JWSZ08,JWSZ08,1,0.0
PT,NVSZ02,NVSZ02,1,0.0
PT,YSSZ08,YSSZ01,1,1.392918013502601
PT,SGSZ06,SGSZ04,1,1.2504688104488453
PT,SGSZ02,HGSZ04,1,2.351705726341495
PT,HGSZ04,PRSZ06,1,9.443303675499317
VH,DTSZ11,OTSZ03,1,1.0816800804911224
PT,DTSZ08,PGSZ03,1,14.796508291210614
PT,HGSZ04,KLSZ06,1,7.582826625031352
PT,GLSZ04,GLSZ04,1,0.0
VH,SESZ04,SESZ02,1,1.914283801890594
VH,KLSZ01,QTSZ11,1,9.914288876714469
VH,SGSZ06,TPSZ12,1,2.167929743490486
PT,WDSZ06,NVSZ02,1,15.272973627720415
PT,JWSZ09,JESZ05,1,4.578885078555272
WK,PGSZ04,PGSZ04,1,0.0
PT,QTSZ11,SBSZ03,1,17.335793254969907
PT,GLSZ02,CHSZ03,1,13.062696768074543
PT,ORSZ02,BPSZ04,1,10.276409117697819
WK,JWSZ09,JWSZ09,1,0.0
PT,TMSZ04,PRSZ05,1,3.1920390301266366
PT,BSSZ01,SGSZ04,1,3.8631900924518154
PT,WDSZ01,YSSZ09,1,5.231840309959529
PT,KLSZ06,DTSZ01,1,1.3437270660964227
VH,PRSZ05,WCSZ01,1,30.014660566464542
PT,SBSZ04,WDSZ03,1,2.326052736390598
PT,JWSZ09,TPSZ06,1,17.402244479187686
PT,QTSZ08,DTSZ03,1,7.663269699688681
VH,CKSZ06,WCSZ01,1,6.791652845318785
PT,PRSZ07,DTSZ02,1,15.789126792928974
PT,MPSZ03,NVSZ02,1,7.385538125040818
WK,JESZ05,JESZ03,1,0.6185017999780152
PT,AMSZ09,YSSZ01,1,5.057933083226152
VH,DTSZ05,BDSZ02,1,10.456315786026991
PT,TMSZ03,TMSZ05,1,4.262471447978868
PT,AMSZ03,TMSZ02,1,10.681090948023202
VH,SGSZ03,TPSZ12,1,4.31740834935893
PT,BPSZ06,WDSZ01,1,7.925135886879465
PT,KLSZ06,JWSZ09,1,17.760357612808296
PT,HGSZ07,SESZ03,1,4.057318611474581
VH,HGSZ04,HGSZ07,1,1.861964617425729
PT,DTSZ11,TPSZ02,1,6.374750384603541
PT,ORSZ02,YSSZ04,1,12.588294355199164
PT,BMSZ14,BMSZ01,1,1.2306429342827478
WK,DTSZ11,DTSZ08,1,0.5153840911509646
VH,TMSZ02,PRSZ04,1,2.871436793489388
VH,SESZ06,BMSZ05,1,13.654637384278224
PT,YSSZ01,PRSZ05,1,14.984324563148279
PT,KLSZ08,SBSZ05,1,16.12636466688468
PT,AMSZ01,HGSZ01,1,4.97583748600457
PT,CKSZ06,CKSZ06,1,0.0
PT,QTSZ14,SESZ03,1,17.087872620256313
PT,SBSZ05,YSSZ04,1,4.131038049941328
PT,HGSZ02,SGSZ06,1,3.62142801534933
PT,AMSZ01,SGSZ04,1,2.472488583151166
PT,WDSZ09,QTSZ06,1,17.656034357932207
PT,BKSZ09,BMSZ02,1,9.394524475771709
WK,SESZ06,SESZ06,1,0.0
PT,QTSZ08,CLSZ06,1,3.4723330871686047
PT,GLSZ04,GLSZ04,1,0.0
PT,CKSZ02,CKSZ03,1,1.0663075799099802
PT,JESZ05,CLSZ05,1,2.32514081159075
PT,HGSZ04,AMSZ10,1,4.599438344565637
PT,RCSZ01,QTSZ05,1,5.062926395701481
PT,SGSZ03,SESZ02,1,3.8114863311126457
VH,SESZ02,KLSZ06,1,9.945077829351897
PT,BDSZ04,BMSZ16,1,12.684349647283863
VH,BPSZ05,BPSZ02,1,1.1435975036682837
PT,JWSZ03,TSSZ02,1,9.782760285959764
PT,PGSZ01,SESZ04,1,3.1077313594234903
PT,BSSZ01,BSSZ03,1,2.463913530065902
PT,BKSZ06,JESZ05,1,1.5989217857840567
PT,BKSZ05,BLSZ02,1,7.457322016760395
PT,TPSZ08,KLSZ01,1,2.0436425131555174
PT,DTSZ12,OTSZ03,1,1.6922758078016806
PT,QTSZ13,QTSZ08,1,1.775660471515622
PT,BSSZ01,KLSZ06,1,6.004356395155039
PT,YSSZ09,WDSZ06,1,6.193876820696181
PT,TPSZ02,CKSZ05,1,12.896090990080097
WK,BMSZ07,BMSZ04,1,1.9555381553333073
PT,SESZ03,HGSZ06,1,3.7058342234958794
PT,SESZ02,NVSZ02,1,10.407887596508044
PT,HGSZ02,SGSZ06,1,3.62142801534933
PT,CKSZ06,JESZ05,1,7.536802133918281
PT,NVSZ02,PRSZ03,1,13.159442319786756
PT,QTSZ05,CLSZ06,1,5.277913801550564
PT,BKSZ05,QTSZ11,1,6.781726210469482
PT,JWSZ08,JWSZ03,1,2.971328752322575
VH,ORSZ02,WDSZ05,1,15.029565993194648
PT,QTSZ14,QTSZ10,1,3.3685129108804035
PT,BPSZ04,WDSZ02,1,7.2389437477248
PT,CLSZ09,CLSZ04,1,1.773491544637233
PT,SRSZ03,DTSZ02,1,0.7906317113399317
PT,YSSZ01,YSSZ05,1,2.181737820747567
VH,DTSZ02,AMSZ02,1,8.927216161077165
PT,HGSZ06,ORSZ02,1,8.340790046728891
PT,TPSZ08,BSSZ01,1,4.259739127929802
PT,GLSZ04,PRSZ03,1,9.604438266373888
PT,TPSZ06,GLSZ03,1,4.295962389457308
PT,JWSZ03,JWSZ04,1,1.7107282695398258
WK,DTSZ11,DTSZ05,1,0.908422071335141
PT,PRSZ05,GLSZ03,1,8.236622392623675
VH,DTSZ02,KLSZ01,1,3.4479775556569643
PT,AMSZ01,YSSZ09,1,6.723825276326214
VH,AMSZ02,CHSZ02,1,13.773416817235107
PT,SRSZ02,YSSZ03,1,15.380237286901218
WK,WDSZ04,WDSZ04,1,0.0
PT,CHSZ03,CLSZ03,1,27.287485329836887
VH,QTSZ11,CLSZ03,1,3.6275004823541956
PT,QTSZ08,PRSZ02,1,18.83111026224246
PT,PGSZ02,SGSZ07,1,7.462691023398942
PT,GLSZ04,HGSZ05,1,7.411163039923492
PT,JWSZ03,BMSZ04,1,13.851425014428454
PT,DTSZ01,KLSZ06,1,1.3437270660964227
PT,TPSZ11,TPSZ02,1,3.07391219294555
PT,QTSZ01,BKSZ05,1,5.621772030528751
PT,TMSZ05,SGSZ04,1,11.980080363218656
PT,CLSZ04,BTSZ04,1,1.6069247567111817
PT,BSSZ01,WDSZ03,1,9.887578244804601
PT,KLSZ01,HGSZ08,1,3.735736960285586
PT,JWSZ09,DTSZ11,1,18.183577628414994
PT,SGSZ01,AMSZ01,1,2.4775142991830243
PT,TPSZ02,TPSZ04,1,0.8358827334321068
PT,HGSZ05,DTSZ01,1,9.536012579182318
PT,QTSZ01,BSSZ01,1,7.199059583669159
PT,KLSZ08,PRSZ04,1,12.350182505769851
PT,TPSZ03,SESZ04,1,7.436524989368833
PT,TPSZ06,WDSZ06,1,14.503376217099476
PT,PGSZ04,HGSZ06,1,4.904126959456134
WK,YSSZ03,YSSZ03,1,0.0
PT,BSSZ01,BKSZ07,1,9.164318821172182
VH,PGSZ05,PGSZ04,1,0.8229474483573144
VH,WDSZ05,BMSZ01,1,18.276505830734358
VH,BMSZ14,QTSZ08,1,4.005461430260487
PT,MDSZ03,YSSZ09,1,0.8336901196416204
WK,TMSZ04,TMSZ04,1,0.0
VH,JWSZ08,QTSZ14,1,13.356239899351758
PT,BSSZ02,GLSZ04,1,6.179176358935033
VH,GLSZ04,GLSZ04,1,0.0
PT,AMSZ10,PGSZ02,1,6.6812925207406355
VH,DTSZ08,DTSZ03,1,1.9011866811956655
WK,ORSZ02,ORSZ02,1,0.0
PT,CKSZ03,CKSZ05,1,0.8338012423978477
WK,YSSZ03,YSSZ03,1,0.0
VH,BDSZ05,TMSZ03,1,4.130614942004426
WK,KLSZ01,KLSZ01,1,0.0
PT,YSSZ04,AMSZ01,1,5.178077258460335
PT,WDSZ09,CLSZ04,1,14.824267351368148
WK,SRSZ03,OTSZ03,1,0.9615599479485998
PT,TPSZ02,TNSZ01,1,3.1846357313510802
PT,SRSZ01,SBSZ01,1,17.381677702491643
VH,SESZ03,SESZ06,1,2.3877316708630167
VH,ORSZ02,YSSZ09,1,13.985649668373252
WK,DTSZ05,DTSZ05,1,0.0
WK,TMSZ04,PRSZ03,1,3.554865866429268
PT,TMSZ03,GLSZ03,1,4.8562189729965235
PT,JWSZ09,GLSZ04,1,20.374912885573714
PT,HGSZ05,KLSZ05,1,8.969241378483932
WK,SESZ02,PGSZ04,1,1.052549878649884
WK,CLSZ04,JESZ05,1,3.174817557630327
PT,HGSZ06,AMSZ04,1,3.591150927739269
PT,TPSZ03,TPSZ02,1,0.965516492332505
VH,BDSZ04,CHSZ02,1,6.281336292639992
VH,YSSZ01,WDSZ04,1,4.877653890395635
PT,SGSZ06,SESZ06,1,4.8182511714863905
PT,TPSZ02,ORSZ02,1,3.3789850370029795
VH,GLSZ03,SESZ06,1,7.623431922127776
PT,HGSZ08,HGSZ07,1,1.4564913024819
PT,TMSZ05,GLSZ02,1,9.327976461698263
PT,QTSZ01,QTSZ14,1,3.790223583573153
PT,BMSZ14,BMSZ01,1,1.2306429342827478
VH,DTSZ05,SBSZ03,1,18.459820913519966
PT,PGSZ05,SESZ03,1,2.179904123683928
VH,HGSZ06,BDSZ06,1,8.46771492024275
PT,BDSZ07,JWSZ03,1,23.402502666282707
PT,BMSZ16,BMSZ07,1,3.2835563905435032
WK,BKSZ05,BKSZ05,1,0.0
VH,BMSZ07,BMSZ07,1,0.0
PT,TMSZ04,BDSZ04,1,2.300713819335355
VH,TPSZ06,SGSZ04,1,3.0211123125546546
PT,JWSZ09,DTSZ05,1,17.702714307473705
PT,CKSZ02,PNSZ05,1,12.606741975798595
VH,PGSZ02,SESZ03,1,1.986152873619633
PT,YSSZ04,CLSZ06,1,14.455585763637963
PT,QTSZ04,CLSZ04,1,3.7989334830126578
VH,GLSZ04,GLSZ05,1,1.665730792673618
PT,CKSZ03,WDSZ01,1,7.234522097087939
PT,JWSZ08,JWSZ09,1,0.9403575284652649
WK,WDSZ01,BMSZ06,1,16.748048305505957
VH,QTSZ10,GLSZ05,1,13.285817114156792
WK,CLSZ06,CLSZ06,1,0.0
PT,AMSZ08,DTSZ02,1,10.850245696528644
PT,BDSZ04,BDSZ04,1,0.0
PT,TMSZ02,TMSZ02,1,0.0
PT,BPSZ01,BPSZ02,1,0.6392849339246802
VH,CKSZ06,JESZ03,1,7.030040751264882
PT,TMSZ02,MUSZ03,1,13.03523908902163
PT,BMSZ04,JESZ05,1,10.829998256156511
PT,TMSZ02,BDSZ02,1,3.1974410229416415
PT,CKSZ03,WCSZ01,1,6.445375910278424
PT,PGSZ04,PRSZ03,1,4.793081027251732
PT,CHSZ03,JWSZ03,1,31.120659831462916
VH,BMSZ12,QTSZ10,1,4.0236914609334145
WK,BMSZ07,BMSZ07,1,0.0
PT,TMSZ02,TPSZ12,1,7.912519061822541
PT,PGSZ03,PRSZ06,1,8.679681007193183
PT,SBSZ03,YSSZ09,1,2.244423832083414
PT,DTSZ05,PRSZ03,1,14.581348508611656
VH,BTSZ03,RCSZ01,1,7.85636732014125
PT,TMSZ02,TMSZ03,1,1.8211342041293208
PT,DTSZ09,QTSZ08,1,6.578768541949939
WK,BKSZ02,BKSZ02,1,0.0
PT,BTSZ08,ORSZ02,1,3.3060862151826953
PT,JESZ02,SISZ01,1,14.270627676541599
PT,BMSZ05,CKSZ04,1,15.382145923769597
PT,PGSZ03,WDSZ04,1,11.848137659851774
VH,SBSZ03,NVSZ02,1,14.582448745541871
PT,CKSZ05,CKSZ05,1,0.0
PT,HGSZ03,HGSZ06,1,2.378687695701491
PT,YSSZ01,TPSZ02,1,10.500321943712105
PT,WDSZ04,OTSZ03,1,17.52556923300198
PT,BTSZ01,BPSZ05,1,4.272252588092729
VH,SGSZ04,HGSZ06,1,1.5591025686795772
VH,BKSZ01,JESZ05,1,4.34669321998494
VH,BKSZ05,QTSZ01,1,5.621772030528751
PT,SGSZ04,TMSZ03,1,7.86293005849426
PT,BKSZ03,BKSZ07,1,1.2469115509305144
VH,JWSZ08,JESZ01,1,4.132113668755106
WK,JESZ08,JESZ08,1,0.0
PT,BKSZ05,BPSZ05,1,2.270302415032574
PT,BMSZ12,QTSZ14,1,1.6327648314279275
PT,GLSZ05,GLSZ05,1,0.0
PT,GLSZ02,BSSZ02,1,5.393338153709616
PT,DTSZ12,BMSZ04,1,3.5255093796533727
PT,BPSZ04,BKSZ01,1,2.0608049702147597
VH,JWSZ08,BKSZ05,1,7.772856988410621
PT,GLSZ05,BPSZ02,1,16.581346882262313
PT,TSSZ05,CKSZ03,1,15.753061136702646
PT,QTSZ04,QTSZ06,1,1.129647133355252
PT,TMSZ05,TMSZ02,1,3.4331063209557158
PT,BSSZ03,QTSZ11,1,10.390284092479456
PT,BDSZ04,TMSZ04,1,2.300713819335355
VH,WDSZ04,OTSZ03,1,17.52556923300198
VH,PRSZ06,SESZ06,1,10.669865675675744
PT,GLSZ04,OTSZ03,1,5.861289747205181
VH,JWSZ09,JWSZ09,1,0.0
VH,GLSZ03,GLSZ05,1,1.4227448334206714
WK,GLSZ04,GLSZ04,1,0.0
PT,OTSZ03,JWSZ08,1,18.03415666884145
PT,BMSZ12,OTSZ03,1,3.9137665802028723
WK,WDSZ06,WDSZ06,1,0.0
PT,YSSZ04,YSSZ04,1,0.0
PT,AMSZ01,HGSZ07,1,4.765468205002923
PT,GLSZ05,BDSZ04,1,4.4484831020133795
PT,KLSZ09,JWSZ09,1,18.505878698811767
WK,BSSZ01,BSSZ01,1,0.0
PT,HGSZ08,DTSZ11,1,8.52345932612555
PT,BSSZ01,YSSZ03,1,7.970230772957729
VH,SESZ06,SGSZ01,1,1.7219476016544402
PT,GLSZ03,BDSZ04,1,4.3857290474795105
PT,NVSZ02,KLSZ06,1,1.9670648744696475
PT,TMSZ05,NVSZ01,1,13.12627025168729
PT,BPSZ04,CKSZ03,1,3.08990910473603
PT,WCSZ01,CKSZ06,1,6.791652845318785
VH,BKSZ03,TPSZ02,1,11.815458084478665
VH,SESZ03,JESZ05,1,18.417916716630018
WK,DTSZ01,DTSZ01,1,0.0
VH,YSSZ02,YSSZ03,1,1.4819530444688982
VH,JWSZ09,QTSZ09,1,8.939295864359545
PT,HGSZ04,QTSZ10,1,14.134043219958123
WK,AMSZ02,AMSZ02,1,0.0
WK,BMSZ05,OTSZ03,1,1.0064294142100676
WK,SBSZ01,YSSZ09,1,1.819953253358793
PT,KLSZ01,DTSZ03,1,3.3832678733623953
PT,WDSZ06,DTSZ11,1,19.911757771909553
PT,DTSZ02,CKSZ06,1,16.784024557667813
PT,ORSZ02,RCSZ05,1,3.0345917704455805
PT,KLSZ04,BDSZ06,1,8.363186706457462
WK,RCSZ10,RCSZ01,1,1.0606802205667514
VH,YSSZ04,QTSZ08,1,14.343949148830461
VH,HGSZ04,HGSZ05,1,0.9713078128166454
PT,MPSZ03,BDSZ04,1,4.4070958391624195
WK,SESZ03,SESZ06,1,2.3877316708630167
PT,CLSZ05,OTSZ03,1,10.644558383185117
PT,BMSZ05,SESZ04,1,14.123890576602577
PT,CKSZ02,NTSZ05,1,12.967903348678272
PT,TMSZ03,DTSZ03,1,10.560774173105413
PT,PGSZ02,SESZ02,1,2.4093999443628205
PT,PGSZ03,MUSZ03,1,12.964667154712341
VH,PRSZ04,BDSZ06,1,6.611559120924702
VH,TMSZ05,CKSZ06,1,25.8352116825868
PT,AMSZ07,QTSZ11,1,10.62365005941901
PT,WCSZ01,BTSZ07,1,13.945165820331122
PT,CHSZ03,TMSZ03,1,7.233706147633916
PT,BTSZ07,GLSZ05,1,11.27663403482606
VH,JWSZ09,CLSZ08,1,7.966934459993099
PT,NVSZ02,QTSZ10,1,7.198375546347932
PT,BMSZ01,CKSZ04,1,14.860984542876286
PT,MUSZ03,KLSZ03,1,3.279544573799949
PT,QTSZ01,QTSZ04,1,1.4847271457684215
WK,BLSZ02,JWSZ09,1,2.5274428480289526
PT,MUSZ03,QTSZ06,1,5.14560599127353
PT,AMSZ02,BSSZ02,1,2.2831075884897496
WK,BTSZ08,TNSZ04,1,0.9035697443128242
PT,CLSZ07,JESZ05,1,4.30410564920362
PT,WDSZ01,WDSZ03,1,1.9549224562619225
VH,SESZ02,ORSZ02,1,12.184890388759525
PT,RCSZ03,TPSZ06,1,3.463691642351475
PT,CKSZ06,JESZ05,1,7.536802133918281
VH,ORSZ02,PGSZ04,1,13.237439697301477
PT,WDSZ02,JWSZ08,1,15.093493218226888
WK,OTSZ03,OTSZ03,1,0.0
PT,DTSZ11,QTSZ06,1,5.815434863832316
WK,HGSZ02,HGSZ02,1,0.0
PT,DTSZ03,TMSZ04,1,11.80330450015364
PT,TPSZ06,AMSZ01,1,4.210093513075454
PT,TMSZ02,PRSZ05,1,1.8444573221520455
PT,TMSZ03,TMSZ02,1,1.8211342041293208
PT,JWSZ08,CKSZ05,1,7.834034971412652
PT,ORSZ03,YSSZ04,1,13.050147372252988
VH,AMSZ01,SGSZ01,1,2.4775142991830243
PT,SGSZ07,OTSZ03,1,8.281724586471443
PT,HGSZ07,BMSZ04,1,10.472989204660161
PT,BMSZ08,QTSZ11,1,5.185798776659214
PT,BDSZ04,HGSZ06,1,7.134561488410888
PT,DTSZ11,PGSZ03,1,14.969046905053865
VH,YSSZ09,SGSZ06,1,9.819501450094613
PT,GLSZ05,GLSZ05,1,0.0
VH,HGSZ02,QTSZ14,1,15.406753402043236
PT,SGSZ04,TMSZ03,1,7.86293005849426
PT,YSSZ03,AMSZ01,1,6.130547549685317
PT,YSSZ04,TPSZ06,1,9.370800142186317
VH,QTSZ14,BMSZ17,1,4.883805984766102
VH,GLSZ05,BDSZ06,1,5.16174864786292
PT,DTSZ05,SESZ04,1,13.022712014626789
WK,JWSZ08,JWSZ08,1,0.0
PT,PGSZ02,NVSZ02,1,12.081944078111112
PT,BKSZ03,BKSZ06,1,0.9091830057450656
PT,TMSZ04,TMSZ04,1,0.0
VH,BMSZ01,BDSZ06,1,15.694414297028466
PT,BDSZ04,TMSZ04,1,2.300713819335355
PT,GLSZ05,DTSZ01,1,5.103252817500404
PT,PGSZ04,TMSZ04,1,7.661147103505303
PT,RCSZ10,RCSZ01,1,1.0606802205667514
PT,PGSZ03,MUSZ01,1,12.905263215472523
PT,BDSZ06,DTSZ03,1,9.988847150595108
VH,CKSZ01,BKSZ04,1,2.906700771289461
PT,NVSZ02,SESZ02,1,10.407887596508044
VH,JWSZ04,BLSZ02,1,2.312294601603056
PT,GLSZ05,DTSZ03,1,5.1205505522241594
PT,NVSZ01,QTSZ14,1,8.23300582162582
PT,BPSZ02,DTSZ03,1,14.766468190740026
PT,BTSZ03,BPSZ04,1,5.6649252396918754
PT,OTSZ04,SESZ03,1,13.191189257037962
PT,PGSZ04,PGSZ04,1,0.0
VH,QTSZ08,SESZ04,1,15.2786089603582
WK,CKSZ06,CKSZ06,1,0.0
VH,SESZ06,NVSZ01,1,8.245579360090712
PT,TMSZ04,ORSZ02,1,14.057950066761318
PT,DTSZ02,TMSZ04,1,12.42663491947967
PT,DTSZ11,DTSZ03,1,1.9734046899979458
PT,QTSZ13,JESZ08,1,5.169382652726403
PT,BMSZ07,QTSZ08,1,2.3773258352046325
PT,BKSZ02,JESZ05,1,3.344636714843406
VH,BKSZ03,BKSZ07,1,1.2469115509305144
PT,DTSZ08,BDSZ01,1,9.252705276492595
PT,DTSZ08,PGSZ04,1,14.653436325770386
WK,PGSZ05,PGSZ04,1,0.8229474483573144
PT,PRSZ03,BTSZ01,1,19.972077189350998
VH,SESZ04,BMSZ01,1,16.31257800359715
PT,CKSZ02,CKSZ02,1,0.0
VH,SESZ02,TPSZ12,1,6.207948707726495
WK,JWSZ03,JWSZ04,1,1.7107282695398258
PT,GLSZ05,NVSZ01,1,5.341235918275995
PT,QTSZ08,BTSZ01,1,4.915196479200296
PT,PRSZ03,BDSZ02,1,4.295436729679094
PT,HGSZ04,CLSZ04,1,14.591201472600618
PT,BPSZ04,QTSZ06,1,9.840908554029014
VH,DTSZ01,JWSZ09,1,17.708959617548228
VH,DTSZ03,CKSZ02,1,15.653127206443383
PT,JESZ05,AMSZ10,1,12.911306464844483
PT,PGSZ02,PRSZ02,1,5.3794065142784095
PT,SESZ06,DTSZ11,1,13.554566828536915
WK,WDSZ03,WDSZ03,1,0.0
PT,TPSZ09,OTSZ04,1,5.79950432783869
PT,SBSZ03,WDSZ03,1,1.8504157042501537
WK,QTSZ01,QTSZ01,1,0.0
PT,YSSZ09,PNSZ02,1,22.151749698255994
VH,CLSZ07,CKSZ01,1,8.745624212705732
WK,BKSZ07,BKSZ04,1,0.9127640438742397
PT,BMSZ02,YSSZ08,1,15.162150895666658
WK,AMSZ02,AMSZ02,1,0.0
PT,TMSZ04,CHSZ02,1,4.065128297178997
PT,DTSZ12,BSSZ03,1,7.418749816643459
PT,CLSZ06,BPSZ07,1,4.885830462686111
PT,TMSZ02,WCSZ01,1,29.231844280037286
PT,BTSZ01,BSSZ01,1,7.0993213823554875
PT,CKSZ01,CKSZ06,1,2.2593769850091614
PT,BMSZ09,OTSZ03,1,1.8254298686591923
VH,NVSZ02,YSSZ01,1,12.140587811372512
PT,TPSZ01,QTSZ08,1,7.300206098149752
PT,SESZ06,SESZ03,1,2.3877316708630167
PT,BMSZ14,NVSZ02,1,5.120203711269396
PT,JWSZ08,CLSZ01,1,6.978858534650238
VH,KLSZ01,DTSZ11,1,5.278999957438635
VH,HGSZ08,GLSZ05,1,3.213057688239395
PT,SBSZ06,QTSZ08,1,18.541987669868437
PT,KLSZ09,OTSZ03,1,3.2192459506777356
PT,TMSZ04,TMSZ02,1,1.5608180588962757
WK,ORSZ03,ORSZ03,1,0.0
PT,BMSZ10,DTSZ12,1,3.0183479943372786
VH,SGSZ04,SESZ05,1,3.576088234253757
VH,OTSZ03,BMSZ08,1,2.4940967415170197
PT,YSSZ05,PRSZ06,1,14.293259275208232
WK,WDSZ04,WDSZ04,1,0.0
PT,CKSZ02,WCSZ01,1,6.349306802050357
PT,CKSZ04,PNSZ03,1,8.966138758984597
PT,BMSZ08,QTSZ10,1,5.117946859341546
WK,TPSZ03,TPSZ03,1,0.0
VH,YSSZ04,YSSZ09,1,1.5998556484110604
VH,BKSZ09,BKSZ07,1,1.1548323650255352
PT,OTSZ02,PGSZ03,1,14.771233180103517
PT,BTSZ01,DTSZ11,1,11.342385586963172
PT,ORSZ02,BMSZ08,1,2.3374692627379265
VH,MPSZ03,MPSZ02,1,0.7646729806688193
VH,TSSZ05,BKSZ02,1,14.459967046970025
PT,DTSZ02,JESZ05,1,13.088296645931335
PT,PGSZ05,SGSZ03,1,5.484698864279174
VH,WDSZ04,ORSZ02,1,14.45768845722655
PT,OTSZ01,MPSZ03,1,7.814810350617933
PT,NVSZ01,BMSZ05,1,5.409109910963212
PT,TMSZ02,ORSZ03,1,13.818769363812397
VH,CLSZ04,TSSZ05,1,14.961834286891209
PT,BPSZ03,BPSZ01,1,1.1920001600727563
WK,AMSZ04,AMSZ03,1,0.8073031498760181
PT,BPSZ05,DTSZ05,1,13.925965731011926
WK,ORSZ03,MUSZ01,1,0.7364956663086714
PT,BSSZ03,BSSZ01,1,2.463913530065902
PT,GLSZ04,KLSZ01,1,2.563234876608385
VH,DTSZ03,TPSZ02,1,4.785765176001042
PT,MUSZ01,QTSZ05,1,4.117127913434588
PT,HGSZ03,SESZ03,1,1.698597032170489
PT,SESZ06,DTSZ08,1,13.316825169891246
PT,SGSZ07,QTSZ04,1,10.253206988358079
PT,PRSZ03,BMSZ04,1,16.64578809122113
PT,BLSZ02,JWSZ04,1,2.312294601603056
WK,WDSZ01,WDSZ01,1,0.0
PT,SGSZ06,BSSZ01,1,4.31057716345392
PT,WDSZ04,QTSZ11,1,14.969042216478718
PT,PGSZ05,DTSZ05,1,14.866252563038174
VH,BPSZ06,CKSZ02,1,2.9510063740236623
PT,KLSZ07,QTSZ08,1,6.8058163086141485
VH,BPSZ07,SGSZ06,1,10.32404146544852
PT,NVSZ01,BSSZ01,1,4.140712133667812
PT,DTSZ03,AMSZ04,1,8.26838607555077
PT,BDSZ04,HGSZ04,1,7.353242592388138
PT,SGSZ06,SESZ03,1,5.308120913505455
PT,JESZ05,JWSZ03,1,3.042266158318978
PT,AMSZ04,BSSZ01,1,1.9924536063797271
WK,QTSZ08,QTSZ08,1,0.0
VH,BDSZ05,BDSZ05,1,0.0
PT,NVSZ02,CKSZ03,1,12.963717814112192
WK,GLSZ04,MPSZ02,1,2.233910953350619
PT,BMSZ02,YSSZ01,1,16.227953116285537
PT,YSSZ01,YSSZ04,1,0.916928626122495
WK,OTSZ03,OTSZ04,1,0.6061735841782084
PT,GLSZ04,OTSZ01,1,5.862653840848876
PT,DTSZ12,WDSZ04,1,17.772030886618882
PT,SGSZ04,DTSZ01,1,7.169242703906531
PT,QTSZ02,NVSZ03,1,4.654095653307868
VH,TMSZ03,TMSZ03,1,0.0
PT,KLSZ07,AMSZ06,1,6.75064806890356
PT,CKSZ03,CKSZ04,1,1.1832660105867163
PT,BDSZ04,TMSZ02,1,3.1599829379376176
PT,TNSZ01,JWSZ08,1,14.792310139317253
PT,CKSZ03,CKSZ02,1,1.0663075799099802
PT,HGSZ06,TPSZ06,1,3.804379878261559
PT,BDSZ04,CHSZ03,1,7.463238829167281
PT,QTSZ08,BSSZ01,1,8.0417772866973
PT,TMSZ02,TMSZ03,1,1.8211342041293208
PT,BMSZ01,BMSZ15,1,1.3582854437845964
WK,DTSZ11,DTSZ05,1,0.908422071335141
PT,RCSZ10,KLSZ01,1,2.692973959110925
PT,PGSZ03,TMSZ04,1,9.363177643741906
PT,CKSZ06,WCSZ01,1,6.791652845318785
PT,QTSZ08,HGSZ01,1,13.69836603782666
VH,TMSZ04,PGSZ04,1,7.661147103505303
VH,SESZ03,KLSZ09,1,10.77828006649689
PT,BDSZ03,MUSZ01,1,8.344435741087556
PT,DTSZ05,SGSZ06,1,7.925832643114068
PT,BKSZ07,JESZ05,1,1.8651432569207955
PT,AMSZ10,KLSZ01,1,7.256677426003398
WK,YSSZ02,YSSZ09,1,1.0963348161770936
PT,SGSZ05,GLSZ05,1,5.247923985114561
PT,PRSZ02,NTSZ03,1,13.538062014811812
VH,SESZ05,CHSZ03,1,13.033785024879021
PT,OTSZ03,BDSZ04,1,11.697349354766779
VH,YSSZ04,KLSZ06,1,12.201538046831182
PT,SESZ04,TMSZ05,1,11.463600150667864
PT,OTSZ03,BMSZ03,1,3.0699710638048288
VH,BMSZ07,NVSZ01,1,6.255250979521635
WK,TMSZ02,TMSZ02,1,0.0
PT,JWSZ02,TSSZ05,1,9.968947217124024
PT,SESZ04,PLSZ01,1,4.7061336074555316
PT,BMSZ04,DTSZ01,1,3.655407303471193
WK,JWSZ09,JWSZ09,1,0.0
PT,GLSZ03,WDSZ05,1,17.174404823795378
VH,BDSZ06,PGSZ04,1,8.949864026956954
WK,CLSZ06,CLSZ04,1,0.7914849055353017
PT,BKSZ05,JESZ05,1,3.4432452306580053
WK,TMSZ02,TMSZ02,1,0.0
VH,CKSZ02,CKSZ03,1,1.0663075799099802
PT,BMSZ17,BMSZ01,1,2.6053929255487533
PT,WDSZ02,WDSZ01,1,0.7905033315597753
PT,YSSZ04,OTSZ03,1,15.413343746465888
PT,TMSZ02,DTSZ05,1,13.636756124005556
PT,BMSZ04,RCSZ10,1,3.3880901319697165
PT,QTSZ12,BTSZ01,1,6.316834302658654
PT,BSSZ02,BSSZ01,1,1.4491930913198168
PT,HGSZ08,SGSZ06,1,2.105678690799914
PT,BDSZ01,BDSZ01,1,0.0
VH,BMSZ05,TPSZ12,1,8.25169328111352
PT,SESZ04,GLSZ04,1,8.916052278178071
VH,BMSZ12,QTSZ14,1,1.6327648314279275
PT,JWSZ09,BMSZ08,1,14.619616589042991
PT,WDSZ06,OTSZ03,1,19.076081055303742
PT,ORSZ02,DTSZ03,1,3.3719495794511536
PT,DTSZ05,SESZ03,1,13.069669426129714
PT,BMSZ03,WCSZ01,1,17.637211641366477
PT,QTSZ09,WDSZ03,1,14.70401141136338
PT,KLSZ07,RCSZ08,1,1.286783970680907
PT,QTSZ11,CKSZ05,1,11.230928670066447
WK,TPSZ02,TPSZ05,1,1.538114178814763
PT,JWSZ09,JESZ05,1,4.578885078555272
VH,CKSZ04,BMSZ01,1,14.860984542876286
PT,TPSZ06,DTSZ05,1,5.961255650301703
PT,BDSZ04,DTSZ03,1,9.504899735462661
PT,BTSZ01,CKSZ06,1,7.460364019032053
PT,PRSZ05,QTSZ11,1,21.87690057096877
PT,DTSZ03,BKSZ03,1,14.8644205006079
WK,GLSZ04,GLSZ04,1,0.0
PT,DTSZ04,JWSZ09,1,17.397211766402528
PT,QTSZ05,QTSZ11,1,3.512185112075166
VH,BSSZ02,NVSZ02,1,4.089090493516779
VH,TPSZ09,PGSZ04,1,8.5286298611793
PT,HGSZ05,GLSZ01,1,6.169503252589041
PT,HGSZ04,HGSZ06,1,1.3155617892005385
PT,DTSZ01,BPSZ03,1,13.405669797436534
PT,WDSZ03,BMSZ05,1,18.325168798630443
VH,PGSZ04,CHSZ03,1,11.286585249190114
PT,TPSZ10,DTSZ11,1,7.694544586642889
WK,DTSZ05,NVSZ02,1,3.8804120572691936
PT,TMSZ02,SISZ01,1,17.837752471716264
PT,SBSZ03,SBSZ03,1,0.0
WK,DTSZ01,RCSZ10,1,0.3428190544339364
PT,ORSZ02,BSSZ01,1,5.814905738335073
PT,SGSZ04,BSSZ03,1,2.089162529427878
WK,DTSZ02,DTSZ02,1,0.0
VH,GLSZ05,TMSZ05,1,7.9824692899072005
PT,DTSZ08,BMSZ01,1,4.071765318628708
PT,QTSZ08,JESZ05,1,6.633042342319745
PT,BDSZ01,OTSZ03,1,9.583988973732296
PT,HGSZ06,JESZ05,1,15.695427831534024
VH,BSSZ03,SESZ06,1,5.678777109038385
PT,SRSZ01,DTSZ06,1,2.0606345307893235
PT,OTSZ03,YSSZ09,1,16.868277722743255
WK,JWSZ09,BLSZ02,1,2.5274428480289526
PT,YSSZ03,YSSZ02,1,1.4819530444688982
WK,AMSZ01,AMSZ02,1,0.8098454795607932
PT,QTSZ05,BSSZ01,1,7.235198600178711
WK,NVSZ02,NVSZ02,1,0.0
PT,JWSZ04,PNSZ02,1,6.1980730384091425
VH,MPSZ03,BDSZ07,1,2.208686361486312
PT,DTSZ05,GLSZ04,1,4.9780475407465925
PT,TMSZ02,TMSZ02,1,0.0
VH,PRSZ05,QTSZ11,1,21.87690057096877
VH,JWSZ08,CKSZ05,1,7.834034971412652
WK,TPSZ01,TPSZ01,1,0.0
PT,PGSZ04,QTSZ05,1,15.774698021170462
PT,PLSZ04,YSSZ03,1,10.196251696060266
PT,TMSZ02,QTSZ08,1,18.868564424242766
WK,TMSZ03,TMSZ03,1,0.0
VH,BDSZ02,BDSZ04,1,1.517590146979497
PT,TPSZ04,DTSZ02,1,4.762813697742243
PT,JESZ05,BMSZ04,1,10.829998256156511
PT,BMSZ10,DTSZ01,1,3.222501158963589
PT,QTSZ12,WDSZ03,1,17.39419803327869
PT,OTSZ01,CLSZ03,1,10.02922284632676
PT,CKSZ05,QTSZ11,1,11.230928670066447
PT,BKSZ03,TMSZ04,1,23.601215004198412
PT,BMSZ13,BMSZ11,1,2.0624183844822794
PT,KLSZ01,DTSZ08,1,5.054444609289711
WK,BKSZ04,BKSZ04,1,0.0
WK,WDSZ05,WDSZ05,1,0.0
PT,TMSZ02,BDSZ04,1,3.1599829379376176
PT,SGSZ06,BDSZ04,1,7.65814359492801
PT,QTSZ07,MDSZ03,1,15.622370649251716
PT,BMSZ05,BDSZ04,1,12.601498129898953
WK,OTSZ04,DTSZ03,1,1.6505821727322885
VH,HGSZ06,HGSZ06,1,0.0
PT,AMSZ01,TMSZ04,1,12.438617251098414
VH,BTSZ04,QTSZ01,1,0.9128687681579382
WK,BSSZ01,BSSZ03,1,2.463913530065902
VH,TMSZ02,TMSZ01,1,1.8880896152958335
WK,BDSZ06,BDSZ04,1,1.3781452505148277
PT,BDSZ05,MPSZ03,1,1.9516366829651035
WK,JESZ02,JESZ05,1,0.9177132998918662
PT,PRSZ03,NTSZ03,1,13.892079416363107
PT,HGSZ04,NVSZ02,1,7.846713939040831
PT,TMSZ04,OTSZ03,1,13.997755362790137
WK,YSSZ04,YSSZ04,1,0.0
PT,HGSZ04,DTSZ05,1,10.715629168730736
PT,AMSZ04,DTSZ03,1,8.26838607555077
PT,BKSZ03,BKSZ08,1,1.8509308771947321
PT,DTSZ02,GLSZ02,1,5.269688790229116
PT,JWSZ04,DTSZ11,1,15.987142503298982
PT,SESZ03,PGSZ05,1,2.179904123683928
PT,CLSZ03,NTSZ03,1,9.159560881437537
VH,PGSZ02,GLSZ03,1,8.847339852728522
PT,HGSZ05,AMSZ01,1,3.9553115714482727
PT,NVSZ02,BMSZ14,1,5.120203711269396
PT,JESZ05,QTSZ09,1,4.534184029699119
PT,TMSZ02,BDSZ04,1,3.1599829379376176
PT,HGSZ08,SGSZ06,1,2.105678690799914
PT,PGSZ02,AMSZ01,1,7.3065624632090005
VH,TMSZ02,PRSZ08,1,1.7629920239944799
WK,SGSZ06,SGSZ04,1,1.2504688104488453
PT,SESZ06,SESZ03,1,2.3877316708630167
PT,SBSZ08,SBSZ04,1,1.56521377449616
PT,WDSZ03,AMSZ12,1,8.602631344290964
PT,QTSZ05,NVSZ02,1,4.470381033420109
PT,TMSZ02,TMSZ02,1,0.0
PT,JWSZ01,PNSZ01,1,4.539610584597051
WK,YSSZ04,YSSZ04,1,0.0
WK,DTSZ01,RCSZ10,1,0.3428190544339364
PT,PRSZ04,GLSZ04,1,10.769747244432923
PT,HGSZ08,CHSZ02,1,10.402816256461453
VH,PGSZ05,AMSZ01,1,8.190278611052214
PT,NVSZ02,RCSZ01,1,1.4001191919807634
PT,AMSZ06,QTSZ08,1,9.955465240400367
PT,BMSZ08,CLSZ01,1,8.870048162536566
PT,JWSZ09,RVSZ05,1,15.902123626114294
PT,PGSZ03,PGSZ05,1,1.9779039939853045
WK,RCSZ09,KLSZ06,1,1.3137071536758547
PT,TPSZ12,SGSZ05,1,2.5006490510507198
PT,DTSZ10,HGSZ06,1,10.742031894487658
WK,GLSZ05,GLSZ05,1,0.0
PT,NVSZ01,NTSZ03,1,2.0792721942770793
PT,NVSZ02,TPSZ02,1,1.7042808276546735
PT,SBSZ03,AMSZ02,1,9.131979995441505
VH,BKSZ06,TSSZ05,1,13.14971927055757
PT,WDSZ04,ORSZ02,1,14.45768845722655
WK,TPSZ02,TPSZ07,1,1.4087287281357772
VH,BSSZ03,BSSZ02,1,1.034011091901759
PT,DTSZ11,AMSZ06,1,10.96695349452622
PT,WDSZ06,WDSZ01,1,0.9962859436397019
WK,BKSZ07,BKSZ07,1,0.0
PT,CKSZ04,CKSZ04,1,0.0
VH,BDSZ04,GLSZ05,1,4.4484831020133795
PT,SBSZ03,QTSZ11,1,17.335793254969907
PT,YSSZ04,DTSZ05,1,15.054057855026539
PT,TMSZ01,OTSZ03,1,14.295151324743406
PT,SRSZ02,BTSZ06,1,6.236209778062184
PT,WDSZ04,DTSZ01,1,16.057963497994358
PT,BPSZ05,BPSZ03,1,1.1253728669166327
PT,BPSZ05,JESZ05,1,5.434841826483245
PT,QTSZ13,BMSZ01,1,4.225036007776358
WK,MPSZ03,MPSZ03,1,0.0
PT,SESZ02,SESZ04,1,1.914283801890594
WK,WDSZ03,SBSZ09,1,1.4977107594974173
WK,BDSZ04,BDSZ04,1,0.0
PT,GLSZ05,MPSZ03,1,1.8762855558336555
PT,BKSZ09,TMSZ03,1,19.785325778348614
PT,JWSZ08,TSSZ04,1,6.372005906060949
PT,TPSZ01,TPSZ03,1,0.8691238760750586
PT,CCSZ01,BTSZ01,1,5.425231007409944
WK,AMSZ09,AMSZ09,1,0.0
VH,TMSZ03,TMSZ02,1,1.8211342041293208
WK,DTSZ05,DTSZ05,1,0.0
PT,BPSZ02,BMSZ05,1,14.071390997852154
PT,SGSZ03,GLSZ03,1,5.606362629002673
PT,NVSZ02,BDSZ06,1,11.31785586188237
PT,RCSZ10,WDSZ02,1,17.023240331240615
PT,TPSZ09,DTSZ03,1,4.628841607213284
VH,OTSZ03,GLSZ04,1,5.861289747205181
PT,AMSZ01,AMSZ06,1,0.8041193925714387
VH,WDSZ07,WDSZ03,1,2.0115587493114613
VH,GLSZ02,QTSZ06,1,9.860972456127595
WK,BMSZ07,BMSZ03,1,0.842100662795205
PT,KLSZ05,YSSZ09,1,15.35039577717776
PT,TMSZ01,BKSZ03,1,21.90931183950623
PT,KLSZ08,SESZ03,1,9.333706693943746
PT,KLSZ08,SGSZ06,1,4.28182841307078
WK,BMSZ03,BMSZ08,1,0.5847816941063064
PT,SGSZ06,TPSZ06,1,2.179224657320884
PT,TMSZ04,TMSZ05,1,2.1043927231785218
PT,JWSZ03,KLSZ06,1,15.952263102502094
PT,ORSZ02,SESZ03,1,12.013470532839914
PT,CLSZ09,JESZ03,1,3.4013382254297486
VH,TMSZ02,KLSZ08,1,10.535874753953719
PT,DTSZ05,DTSZ02,1,0.9984294889783903
VH,QTSZ04,JESZ05,1,6.972229321924962
PT,QTSZ08,JWSZ08,1,11.870472544670106
PT,AMSZ01,BSSZ01,1,2.330062203630164
PT,JWSZ02,JWSZ09,1,1.1909513911077283
PT,CLSZ04,CLSZ06,1,0.7914849055353017
PT,SBSZ03,BMSZ05,1,18.62508734924581
VH,BDSZ04,BDSZ02,1,1.517590146979497
PT,DTSZ03,TPSZ06,1,4.99855084120839
WK,PRSZ03,PRSZ03,1,0.0
PT,BTSZ01,CKSZ04,1,5.886708422981652
PT,WCSZ01,CKSZ06,1,6.791652845318785
VH,KLSZ03,KLSZ08,1,0.763440516767363
PT,PRSZ05,PRSZ04,1,1.3355502562312414
PT,WDSZ03,YSSZ09,1,3.422882487435982
PT,TMSZ03,TMSZ02,1,1.8211342041293208
PT,BKSZ08,TPSZ03,1,10.277676895030861
PT,JWSZ09,DTSZ05,1,17.702714307473705
VH,QTSZ12,BMSZ09,1,4.240912634648521
WK,CKSZ03,CKSZ03,1,0.0
WK,BKSZ04,BKSZ05,1,1.1230550579414724
PT,KLSZ06,BMSZ12,1,6.460796276180935
PT,GLSZ05,KLSZ03,1,2.904422047168715
PT,OTSZ03,BMSZ04,1,1.9278935544172855
PT,AMSZ03,MPSZ02,1,8.191801854441144
PT,OTSZ03,GLSZ05,1,7.335918749325787
PT,DTSZ05,BPSZ03,1,14.321127627055779
PT,AMSZ02,SBSZ03,1,9.131979995441505
PT,SBSZ04,SKSZ03,1,8.637515975932567
PT,JESZ05,JWSZ09,1,4.578885078555272
PT,RCSZ10,BKSZ03,1,13.798304596025506
PT,QTSZ04,OTSZ03,1,5.734340756585739
PT,YSSZ01,BKSZ05,1,11.385341825314793
PT,WDSZ06,DTSZ08,1,19.445054707966346
VH,GLSZ04,MPSZ03,1,2.9661621130342146
PT,YSSZ09,SESZ03,1,8.618314836972653
WK,DTSZ05,DTSZ05,1,0.0
PT,PRSZ05,ORSZ03,1,15.365287873004505
PT,BMSZ08,BMSZ04,1,0.59386186624026
VH,CLSZ06,CLSZ06,1,0.0
PT,KLSZ09,BMSZ01,1,6.62530414846063
PT,TSSZ06,JWSZ03,1,15.004561811884603
WK,JWSZ09,JWSZ09,1,0.0
VH,YSSZ09,WDSZ09,1,5.996617798796074
PT,NTSZ03,TMSZ02,1,13.397496694253457
PT,TPSZ02,QTSZ08,1,7.204328510366785
PT,BMSZ16,SESZ06,1,14.094699402568548
WK,JWSZ03,JWSZ01,1,1.6819499502408723
PT,TPSZ02,BDSZ04,1,10.01175911084826
PT,WDSZ03,YSSZ04,1,4.726109808227488
PT,YSSZ09,OTSZ03,1,16.868277722743255
PT,WDSZ03,WDSZ02,1,1.1650477156252987
PT,KLSZ02,TPSZ02,1,2.9618709056239894
PT,ORSZ02,WDSZ02,1,15.637615232306695
PT,QTSZ11,BDSZ05,1,16.12321157474884
WK,YSSZ09,SBSZ03,1,2.244423832083414
PT,BPSZ05,DTSZ03,1,13.978662509460536
PT,OTSZ03,GLSZ04,1,5.861289747205181
WK,TPSZ02,TPSZ02,1,0.0
PT,KLSZ01,KLSZ01,1,0.0
PT,HGSZ03,SRSZ03,1,11.302945472031102
PT,PRSZ05,NTSZ03,1,14.864672896947862
VH,JESZ02,JESZ02,1,0.0
PT,BDSZ03,GLSZ05,1,2.1091080461297502
VH,SGSZ06,SGSZ06,1,0.0
PT,JESZ02,WDSZ03,1,13.224979675632031
PT,BDSZ02,QTSZ15,1,18.179380468577516
PT,TPSZ05,GLSZ01,1,2.6951602100020065
PT,HGSZ05,GLSZ03,1,5.964687136270527
PT,MUSZ01,DTSZ01,1,1.2066032863056144
VH,DTSZ11,CKSZ04,1,17.1140777806661
PT,DTSZ05,BMSZ10,1,2.1807242873610173
WK,AMSZ02,AMSZ02,1,0.0
PT,BDSZ04,BMSZ02,1,14.120629548717993
VH,BDSZ04,BDSZ06,1,1.3781452505148277
WK,JWSZ01,JWSZ06,1,2.8774739622711256
VH,GLSZ05,BMSZ05,1,8.202271023535168
WK,TMSZ02,TMSZ02,1,0.0
PT,QTSZ13,JESZ08,1,5.169382652726403
PT,PGSZ03,SESZ03,1,1.2362134622897991
PT,TMSZ04,PGSZ04,1,7.661147103505303
PT,OTSZ03,BMSZ08,1,2.4940967415170197
PT,JWSZ04,DTSZ11,1,15.987142503298982
WK,DTSZ03,DTSZ02,1,0.7315950200170801
PT,AMSZ03,OTSZ03,1,9.467022798964816
WK,BMSZ10,QTSZ08,1,4.756400845475458
PT,PLSZ04,JWSZ09,1,21.74976914133728
WK,YSSZ09,YSSZ03,1,1.7688742052165112
PT,KLSZ06,CKSZ06,1,15.895378449251254
PT,WDSZ05,DTSZ05,1,18.078816788466035
VH,BDSZ03,CHSZ03,1,9.816430053148721
PT,JWSZ08,JWSZ09,1,0.9403575284652649
PT,JESZ05,BKSZ04,1,2.7771039950305636
VH,NVSZ02,TMSZ02,1,12.726796719617527
VH,CKSZ03,OTSZ03,1,15.824825686062091
PT,BPSZ05,BTSZ01,1,4.272252588092729
PT,TPSZ05,BMSZ17,1,8.701133272664267
PT,JESZ07,BKSZ09,1,4.050753288483587
PT,RCSZ09,BMSZ08,1,3.6208953048375228
PT,QTSZ08,CLSZ05,1,4.4762980054205155
PT,BMSZ17,NVSZ01,1,6.8802116835782465
VH,BDSZ04,BDSZ02,1,1.517590146979497
VH,TMSZ03,RVSZ05,1,12.510735710129882
PT,DTSZ02,GLSZ05,1,5.714035671914394
PT,JWSZ09,JWSZ04,1,2.2141262582406362
PT,ORSZ02,BKSZ07,1,10.28974087368996
PT,KLSZ08,BDSZ04,1,8.049587042147454
PT,SGSZ05,TMSZ04,1,10.128670133985707
PT,WDSZ06,WDSZ06,1,0.0
WK,PGSZ02,PGSZ03,1,0.8699452159826071
PT,JWSZ09,JWSZ04,1,2.2141262582406362
PT,YSSZ03,DTSZ03,1,15.198505908214067
WK,QTSZ04,QTSZ08,1,0.7115463539517966
PT,BKSZ09,CHSZ03,1,27.00901979596541
VH,BDSZ02,TMSZ03,1,1.426330615584882
WK,WDSZ06,WDSZ01,1,0.9962859436397019
PT,RCSZ10,TMSZ02,1,12.504277004594108
PT,TMSZ02,BDSZ04,1,3.1599829379376176
WK,CLSZ04,CLSZ06,1,0.7914849055353017
VH,DTSZ05,SRSZ03,1,0.5112087055496267
VH,OTSZ03,BMSZ12,1,3.9137665802028723
WK,PGSZ02,PGSZ03,1,0.8699452159826071
PT,WDSZ03,WDSZ06,1,2.9510217127143905
WK,SGSZ07,SGSZ07,1,0.0
PT,SESZ04,BSSZ01,1,7.533452702094252
VH,SBSZ03,SBSZ01,1,1.5231686421359845
PT,BTSZ01,BKSZ04,1,2.777224787556547
PT,BKSZ02,JESZ01,1,2.4947748979176345
PT,WDSZ04,BTSZ01,1,10.485360268773997
PT,TMSZ03,TMSZ03,1,0.0
PT,BPSZ05,DTSZ01,1,13.135281077648846
PT,OTSZ03,BPSZ01,1,14.993740727558249
PT,YSSZ03,AMSZ12,1,4.998114463022651
VH,SESZ02,DTSZ03,1,11.778479123709978
VH,GLSZ03,GLSZ02,1,1.2889842620311078
WK,DTSZ02,DTSZ02,1,0.0
PT,GLSZ04,JESZ05,1,15.798863297555943
PT,WDSZ06,TPSZ03,1,13.554328213728018
PT,WDSZ04,HGSZ09,1,14.254410523450838
VH,GLSZ04,GLSZ03,1,2.2208826856539945
WK,DTSZ05,OTSZ03,1,0.9139879414915537
PT,SGSZ06,QTSZ11,1,12.183856278019633
WK,QTSZ08,QTSZ01,1,1.4672733500642554
WK,AMSZ10,AMSZ09,1,0.841056832156811
PT,ORSZ03,HGSZ05,1,10.066589886622921
PT,JWSZ04,JWSZ03,1,1.7107282695398258
PT,PRSZ05,PRSZ03,1,1.3236940820239511
PT,SGSZ06,HGSZ07,1,1.8431609549072046
VH,BKSZ06,BKSZ07,1,0.9082341190430384
VH,DTSZ03,SESZ04,1,11.868442230052084
PT,TMSZ04,OTSZ03,1,13.997755362790137
PT,OTSZ03,PGSZ03,1,14.878613292571828
VH,KLSZ06,PGSZ05,1,11.80320261153746
PT,DTSZ03,HGSZ06,1,8.240098307364331
WK,BMSZ01,BMSZ01,1,0.0
WK,GLSZ05,GLSZ05,1,0.0
PT,JWSZ09,WCSZ01,1,4.867229736806335
WK,DTSZ02,DTSZ02,1,0.0
PT,OTSZ03,CKSZ05,1,16.520234957073104
VH,JWSZ08,JWSZ09,1,0.9403575284652649
WK,WDSZ04,WDSZ04,1,0.0
PT,HGSZ02,AMSZ01,1,5.725609110540617
PT,DTSZ12,WDSZ03,1,18.65294729998647
VH,BSSZ02,DTSZ11,1,8.789479325263127
PT,YSSZ01,YSSZ03,1,1.0015506147644606
PT,PRSZ03,CHSZ03,1,6.512154460317878
VH,BKSZ06,CLSZ07,1,5.62720541188453
VH,TMSZ02,CHSZ03,1,5.590892298049903
PT,SGSZ04,JWSZ09,1,18.4654853430203
PT,KLSZ03,DTSZ02,1,3.2795705787730047
PT,BDSZ08,MUSZ03,1,11.202013726613183
WK,BKSZ07,BKSZ07,1,0.0
WK,SESZ06,SESZ06,1,0.0
WK,SESZ03,SESZ03,1,0.0
WK,YSSZ03,YSSZ03,1,0.0
VH,SGSZ04,DTSZ02,1,7.959935879170354
WK,BDSZ04,BDSZ04,1,0.0
WK,WDSZ03,SBSZ09,1,1.4977107594974173
PT,AMSZ01,BSSZ01,1,2.330062203630164
PT,AMSZ08,PGSZ03,1,7.836979415573584
PT,SBSZ03,SBSZ02,1,1.006673959447339
PT,DTSZ05,CKSZ04,1,16.404634287950504
PT,JESZ05,SBSZ03,1,15.109198870996606
PT,BSSZ01,BPSZ04,1,6.7992854397716815
PT,KLSZ05,TPSZ04,1,4.619280559248212
PT,DTSZ09,BPSZ04,1,13.785114709209815
PT,CLSZ08,QTSZ14,1,4.46927664260024
WK,WDSZ03,WDSZ05,1,2.9195549289936507
PT,SESZ05,NVSZ01,1,7.893618528705604
PT,AMSZ09,NVSZ02,1,7.082791457565784
PT,DTSZ11,CKSZ03,1,16.83680416961772
PT,BLSZ02,OTSZ03,1,15.648721684983958
PT,GLSZ05,PRSZ05,1,8.911730183281312
PT,BKSZ09,YSSZ03,1,13.784001208799644
VH,HGSZ05,AMSZ01,1,3.9553115714482727
PT,MPSZ03,PLSZ04,1,5.537832842518144
VH,DTSZ03,DTSZ03,1,0.0
VH,YSSZ03,YSSZ09,1,1.7688742052165112
PT,HGSZ05,ORSZ02,1,10.015857788244015
VH,BPSZ05,CKSZ06,1,3.42217921110281
PT,BMSZ04,CKSZ03,1,14.267817486996606
PT,TPSZ01,OTSZ03,1,6.669779473684592
PT,HGSZ08,HGSZ07,1,1.4564913024819
PT,BKSZ05,JWSZ09,1,7.085378218359433
PT,BTSZ01,YSSZ05,1,11.469732567080888
PT,ORSZ02,BKSZ08,1,9.656529074733657
WK,DTSZ01,DTSZ01,1,0.0
WK,JWSZ03,JESZ01,1,1.253424416121207
WK,CKSZ06,CKSZ05,1,0.9298087042092337
PT,BTSZ05,ORSZ03,1,4.936209529753593
PT,KLSZ06,KLSZ02,1,1.723521005509737
VH,PGSZ05,TPSZ08,1,8.68003127661452
WK,JWSZ09,JWSZ09,1,0.0
WK,CLSZ04,CLSZ04,1,0.0
VH,SBSZ01,KLSZ07,1,15.024731985855595
PT,TMSZ01,TMSZ02,1,1.8880896152958335
PT,WDSZ02,DTSZ05,1,18.581041323627662
PT,BKSZ01,JESZ01,1,3.7657230516200797
PT,NVSZ02,CLSZ03,1,9.568913019204732
PT,JWSZ09,QTSZ11,1,9.628667024565194
VH,JWSZ09,PGSZ04,1,24.030579712477593
WK,BPSZ04,BPSZ04,1,0.0
PT,DTSZ02,TMSZ02,1,12.89838457395138
PT,CLSZ09,CLSZ06,1,1.052757843914389
PT,BTSZ06,BMSZ06,1,4.247205372432814
PT,BKSZ05,CKSZ03,1,3.7324497524941984
PT,JESZ05,JWSZ04,1,2.3929114480591256
VH,YSSZ09,WCSZ01,1,16.623515431959568
PT,PLSZ04,SESZ02,1,4.095762021442922
VH,PRSZ02,PRSZ03,1,1.2089472301797606
PT,OTSZ03,TMSZ04,1,13.997755362790137
PT,BTSZ01,PGSZ04,1,16.766427517354458
PT,RCSZ10,BDSZ04,1,9.84356523760093
PT,ORSZ03,BMSZ07,1,3.5974456742359355
VH,SGSZ06,SESZ06,1,4.8182511714863905
PT,SESZ04,SGSZ06,1,5.12482906140931
VH,BDSZ02,PRSZ03,1,4.295436729679094
PT,TSSZ02,CLSZ07,1,15.149423545534011
PT,JWSZ03,CKSZ02,1,4.0084570157382435
PT,ORSZ01,ORSZ03,1,1.5190923520959723
VH,KLSZ01,BSSZ03,1,3.2249400583604353
PT,WDSZ03,TSSZ03,1,21.039847328187854
PT,OTSZ04,TMSZ02,1,13.971993957784035
VH,BMSZ10,AMSZ10,1,11.429337145453578
WK,BDSZ03,BDSZ03,1,0.0
PT,JESZ04,BKSZ02,1,3.683282106990184
PT,YSSZ01,SBSZ03,1,3.1103199668128694
PT,MPSZ03,MPSZ03,1,0.0
PT,BMSZ04,QTSZ11,1,5.739133031223165
PT,BDSZ06,MUSZ01,1,11.329696698589554
VH,CLSZ08,QTSZ08,1,3.1480955811560123
PT,GLSZ05,RCSZ01,1,5.209875606178426
PT,PGSZ04,NVSZ01,1,10.197735624095891
PT,WDSZ02,WDSZ03,1,1.1650477156252987
VH,QTSZ05,SRSZ01,1,3.27877268142755
PT,BSSZ03,NVSZ02,1,3.75325190070528
PT,GLSZ03,TMSZ05,1,8.061120277636114
PT,JESZ03,JESZ05,1,0.6185017999780152
WK,CHSZ03,CHSZ03,1,0.0
PT,AMSZ01,TPSZ07,1,4.732112579259929
PT,TMSZ02,TMSZ02,1,0.0
PT,KLSZ02,AMSZ08,1,8.614648202042906
PT,SGSZ04,BMSZ13,1,11.527467960409084
PT,SBSZ04,YSSZ01,1,4.159878889114505
WK,DTSZ05,DTSZ08,1,0.6129048720467968
WK,DTSZ05,DTSZ05,1,0.0
WK,QTSZ12,JWSZ03,1,10.727796426663867
PT,BKSZ05,DTSZ05,1,12.557889033034076
PT,PRSZ04,JESZ05,1,24.159938521776883
PT,YSSZ03,YSSZ09,1,1.7688742052165112
VH,PGSZ05,DTSZ09,1,15.904030582838642
WK,WDSZ01,WDSZ06,1,0.9962859436397019
PT,QTSZ11,QTSZ05,1,3.512185112075166
VH,TMSZ02,TMSZ02,1,0.0
WK,PRSZ03,PRSZ03,1,0.0
PT,TPSZ06,AMSZ01,1,4.210093513075454
PT,SGSZ03,SESZ03,1,3.311581384366349
PT,HGSZ08,BSSZ03,1,3.905810890554663
PT,JWSZ04,JESZ05,1,2.3929114480591256
WK,CLSZ03,CLSZ06,1,1.2996250777165392
VH,TMSZ04,GLSZ05,1,6.726192243306828
PT,MUSZ01,AMSZ01,1,8.221492632999231
PT,DTSZ01,BMSZ12,1,5.603009570737519
VH,PGSZ04,OTSZ04,1,14.203383498064419
PT,JWSZ02,TPSZ03,1,15.401425277058332
PT,SESZ03,JWSZ09,1,22.48320535518589
WK,GLSZ04,GLSZ04,1,0.0
WK,OTSZ03,DTSZ08,1,0.5933682078899496
WK,OTSZ02,BMSZ04,1,1.5632910421639095
WK,DTSZ05,DTSZ05,1,0.0
PT,JESZ06,HGSZ04,1,16.192711026001298
VH,QTSZ08,BKSZ06,1,7.711069608933311
WK,WDSZ03,WDSZ03,1,0.0
PT,HGSZ02,DTSZ11,1,11.621129131372875
PT,TMSZ02,DTSZ11,1,14.048301207762186
PT,BDSZ04,BDSZ04,1,0.0
PT,BKSZ04,WDSZ03,1,10.935891248304463
PT,SRSZ01,SRSZ01,1,0.0
VH,OTSZ03,TMSZ03,1,12.779094893351187
PT,KLSZ09,JWSZ02,1,17.699173732775595
PT,WDSZ03,YSSZ09,1,3.422882487435982
PT,QTSZ11,QTSZ02,1,2.442437985112194
PT,QTSZ06,BTSZ01,1,6.064715012830364
PT,JESZ03,CKSZ06,1,7.030040751264882
PT,PGSZ05,CHSZ02,1,7.917862587755242
PT,WCSZ01,JWSZ09,1,4.867229736806335
WK,BSSZ02,BSSZ02,1,0.0
PT,BMSZ13,BMSZ01,1,1.0293958177027167
PT,SESZ03,SGSZ06,1,5.308120913505455
PT,YSSZ09,GLSZ03,1,13.437702561604944
PT,SGSZ06,GLSZ02,1,3.2018877641255177
VH,BKSZ09,QTSZ11,1,5.413848212963825
PT,DTSZ02,TPSZ10,1,5.928806229583192
VH,CLSZ06,BMSZ01,1,7.403313139709044
VH,BDSZ05,BDSZ04,1,2.45621100070819
PT,RCSZ01,JWSZ04,1,14.825239345001533
VH,DTSZ11,JWSZ09,1,18.183577628414994
WK,KLSZ06,KLSZ09,1,1.2342218670774447
PT,CHSZ03,BDSZ01,1,10.248710691630993
PT,QTSZ10,QTSZ11,1,0.9343207049567491
VH,SESZ04,SESZ02,1,1.914283801890594
PT,BTSZ01,BKSZ05,1,2.1505630256045407
PT,SRSZ02,SBSZ03,1,17.685464544406454
PT,PGSZ04,BDSZ03,1,7.789495211524726
VH,YSSZ01,SESZ06,1,5.56294361157275
VH,BDSZ04,HGSZ06,1,7.134561488410888
PT,BDSZ04,HGSZ06,1,7.134561488410888
PT,GLSZ02,CKSZ04,1,17.287918224936032
PT,WDSZ04,WDSZ09,1,2.7690156205697916
PT,TMSZ02,TMSZ03,1,1.8211342041293208
PT,QTSZ08,JESZ05,1,6.633042342319745
PT,RCSZ10,SGSZ04,1,7.17632605405273
PT,SESZ06,SESZ03,1,2.3877316708630167
PT,BKSZ02,JESZ05,1,3.344636714843406
WK,BDSZ06,BDSZ06,1,0.0
PT,BSSZ03,KLSZ09,1,5.586610266805757
PT,BDSZ04,TMSZ02,1,3.1599829379376176
PT,BMSZ10,DTSZ05,1,2.1807242873610173
PT,JWSZ09,JESZ03,1,4.901792866160988
PT,KLSZ08,KLSZ08,1,0.0
WK,TMSZ02,TMSZ02,1,0.0
VH,GLSZ03,GLSZ03,1,0.0
WK,CKSZ06,CKSZ05,1,0.9298087042092337
PT,BMSZ02,BMSZ08,1,0.6949705336682429
PT,QTSZ11,SGSZ06,1,12.183856278019633
VH,CLSZ01,JESZ05,1,1.5259454601230618
PT,BLSZ03,JWSZ09,1,3.5670767994692256
PT,RCSZ06,SBSZ03,1,15.950100682730323
PT,BDSZ01,OTSZ03,1,9.583988973732296
PT,DTSZ11,BMSZ04,1,2.992674286762786
PT,DTSZ11,CLSZ07,1,9.87058950074357
PT,QTSZ08,BTSZ01,1,4.915196479200296
PT,PNSZ03,PNSZ01,1,1.172407397155888
PT,SBSZ07,YSSZ09,1,3.7846838130132023
PT,MUSZ01,TPSZ06,1,4.47490114676916
PT,BMSZ17,YSSZ09,1,18.4510846459588
PT,KLSZ06,SGSZ06,1,4.7797249941233115
PT,BMSZ05,OTSZ03,1,1.0064294142100676
PT,NVSZ02,JWSZ03,1,14.001341271927208
PT,AMSZ12,GLSZ03,1,7.675501430099545
PT,PGSZ03,GLSZ03,1,8.126457115657718
PT,AMSZ02,TPSZ05,1,3.5557055444055927
PT,RCSZ09,KLSZ06,1,1.3137071536758547
PT,DTSZ05,DTSZ09,1,1.0410709466829666
VH,YSSZ03,QTSZ08,1,15.684827077257516
WK,GLSZ02,GLSZ04,1,1.4477226191472863
VH,OTSZ03,PGSZ04,1,14.806753324856446
VH,DTSZ03,DTSZ08,1,1.9011866811956655
PT,DTSZ11,BMSZ04,1,2.992674286762786
PT,BSSZ02,SBSZ03,1,10.666459346867125
PT,DTSZ02,SESZ03,1,12.086010962684949
PT,CKSZ01,DTSZ11,1,16.00849031026037
PT,TMSZ04,PRSZ06,1,4.449278941338164
PT,KLSZ01,AMSZ09,1,7.001674736933423
PT,HGSZ05,SESZ04,1,1.720585279728292
VH,GLSZ04,GLSZ02,1,1.4477226191472863
PT,TMSZ04,TMSZ02,1,1.5608180588962757
PT,KLSZ08,RCSZ10,1,2.1205045037726586
PT,QTSZ02,TSSZ05,1,17.956085501648683
PT,SESZ03,WDSZ02,1,12.964803702104343
PT,BMSZ02,PGSZ04,1,16.22317684970839
PT,AMSZ02,SBSZ01,1,8.689465446346988
PT,BDSZ04,DTSZ05,1,10.783708417296742
PT,AMSZ02,AMSZ02,1,0.0
PT,BMSZ03,HGSZ08,1,10.015742470159857
PT,AMSZ02,SGSZ06,1,2.9297530962382865
PT,BMSZ09,BKSZ07,1,11.009749217998186
PT,CLSZ04,GLSZ03,1,14.467696767505975
PT,CKSZ04,WDSZ06,1,7.661728245837177
PT,YSSZ02,RCSZ10,1,15.48275599805819
PT,HGSZ03,SGSZ04,1,3.733068176976207
PT,CLSZ08,BKSZ05,1,5.908222033888141
VH,BDSZ04,RCSZ10,1,9.84356523760093
PT,BPSZ03,BPSZ05,1,1.1253728669166327
VH,SGSZ04,SGSZ04,1,0.0
PT,BKSZ04,WDSZ03,1,10.935891248304463
WK,DTSZ11,DTSZ08,1,0.5153840911509646
PT,WDSZ03,WDSZ01,1,1.9549224562619225
PT,YSSZ09,GLSZ04,1,14.229984991923574
PT,SESZ04,QTSZ14,1,16.714350828293735
PT,HGSZ04,SESZ06,1,2.6189496121280875
PT,DTSZ09,TPSZ03,1,7.2010979530487385
VH,PRSZ03,TMSZ05,1,5.3099749339251705
VH,TMSZ02,TMSZ02,1,0.0
PT,DTSZ02,QTSZ02,1,6.72642413399088
PT,PGSZ04,GLSZ03,1,7.421862415388415
VH,NVSZ01,BKSZ03,1,12.555893370869093
VH,BDSZ04,CHSZ03,1,7.463238829167281
PT,SESZ03,DTSZ02,1,12.086010962684949
PT,BSSZ01,TPSZ03,1,2.7076891694029825
PT,JWSZ07,BKSZ02,1,7.854953557733785
PT,RCSZ04,NVSZ01,1,2.4935785765174954
PT,BDSZ04,BMSZ08,1,13.524949960868874
PT,JESZ09,JWSZ08,1,4.917108980072719
PT,YSSZ01,YSSZ02,1,1.2670184364300072
PT,BMSZ02,QTSZ10,1,4.973868023324706
WK,KLSZ09,DTSZ01,1,0.8866360376265798
PT,OTSZ02,SBSZ02,1,17.724699879516404
WK,DTSZ02,DTSZ01,1,0.8112413736091982
PT,JESZ05,JWSZ08,1,5.463998465400654
VH,JWSZ08,NVSZ02,1,16.71573999367635
VH,JWSZ08,JWSZ01,1,1.8391144965087631
PT,HGSZ05,HGSZ05,1,0.0
PT,BTSZ01,SBSZ03,1,13.111409975125383
PT,AMSZ12,SESZ02,1,5.756660398037806
WK,QTSZ11,QTSZ11,1,0.0
PT,BPSZ03,JESZ03,1,5.950515186218966
PT,TPSZ09,KLSZ01,1,1.2781299803671196
VH,BSSZ03,BSSZ02,1,1.034011091901759
VH,BDSZ04,TMSZ02,1,3.1599829379376176
PT,DTSZ05,SESZ03,1,13.069669426129714
PT,BDSZ03,DTSZ05,1,8.511726836187197
PT,WDSZ09,WDSZ03,1,2.578784998326383
PT,TMSZ03,DTSZ02,1,11.117340594521037
VH,TMSZ01,PGSZ05,1,4.735280509615317
PT,JESZ03,RCSZ10,1,12.60376555404173
PT,QTSZ11,CKSZ03,1,10.408626684169672
VH,WDSZ05,TMSZ04,1,21.85074443141612
PT,BMSZ08,BMSZ04,1,0.59386186624026
VH,BMSZ01,CLSZ06,1,7.403313139709044
PT,WDSZ02,AMSZ01,1,9.66727320730234
PT,TPSZ12,BTSZ01,1,12.313870049610664
PT,JWSZ08,BKSZ02,1,6.2406664411798305
VH,TMSZ02,SESZ04,1,8.205579129226509
WK,BKSZ03,BKSZ03,1,0.0
VH,WDSZ04,AMSZ08,1,6.101198667272549
WK,TMSZ02,TMSZ02,1,0.0
PT,JWSZ08,JWSZ09,1,0.9403575284652649
PT,KLSZ01,TPSZ05,1,2.1429686891498894
PT,DTSZ05,MUSZ01,1,1.8027263368672652
PT,BMSZ01,OTSZ02,1,3.3808253927235605
PT,DTSZ01,PRSZ03,1,13.043512559829734
VH,BPSZ04,BMSZ07,1,10.708370381349502
WK,CLSZ05,CLSZ05,1,0.0
PT,MUSZ03,CLSZ02,1,9.579298721535757
PT,YSSZ01,YSSZ09,1,0.8885412780857345
PT,DTSZ11,YSSZ08,1,16.044982437369743
PT,PGSZ05,DTSZ09,1,15.904030582838642
PT,WDSZ09,BKSZ05,1,10.727907105594534
PT,TMSZ05,TMSZ04,1,2.1043927231785218
PT,CCSZ01,SESZ05,1,9.911982197545207
PT,DTSZ09,HGSZ04,1,11.736026529986123
PT,YSSZ09,CLSZ01,1,13.82118729716492
VH,BSSZ01,SESZ06,1,6.447070982720102
VH,SGSZ06,HGSZ06,1,1.628829512348083
VH,TMSZ02,TMSZ03,1,1.8211342041293208
PT,BKSZ08,QTSZ08,1,6.779052893919564
PT,QTSZ05,QTSZ09,1,3.7875916639979152
PT,QTSZ11,QTSZ03,1,2.771757136866005
PT,TMSZ02,KLSZ04,1,10.343642515167868
PT,GLSZ04,CLSZ04,1,12.970861156760447
PT,CHSZ03,BPSZ01,1,27.081574509312418
PT,AMSZ03,TPSZ02,1,3.676869868485098
PT,PRSZ05,TMSZ05,1,4.535034352347557
PT,SBSZ03,DTSZ02,1,17.56357043033729
PT,BTSZ01,BPSZ06,1,3.397330510811213
PT,TPSZ02,JESZ02,1,11.942050077137203
PT,CKSZ06,KLSZ06,1,15.895378449251254
PT,NVSZ01,BMSZ16,1,5.856646625374528
PT,JESZ05,CKSZ05,1,6.61088102296615
PT,DTSZ01,MUSZ01,1,1.2066032863056144
PT,BMSZ05,JWSZ03,1,14.841531780546495
PT,QTSZ11,QTSZ11,1,0.0
PT,DTSZ12,JESZ02,1,14.742264245870787
PT,WDSZ09,WDSZ09,1,0.0
PT,PGSZ05,ORSZ03,1,13.964745533167033
VH,BMSZ03,BMSZ07,1,0.842100662795205
PT,YSSZ02,TMSZ04,1,16.84110931549751
PT,BDSZ01,TMSZ03,1,3.2680309470558733
WK,GLSZ05,GLSZ05,1,0.0
PT,AMSZ01,OTSZ04,1,9.827767072050229
PT,SESZ03,YSSZ08,1,8.217025565523734
VH,YSSZ03,YSSZ03,1,0.0
PT,OTSZ03,HGSZ02,1,11.667153506180453
VH,BTSZ01,YSSZ01,1,12.310079563502015
PT,PGSZ03,TSSZ05,1,31.40335915738723
PT,QTSZ03,DTSZ10,1,5.974187461895922
PT,NVSZ03,KLSZ09,1,4.150309527807021
PT,AMSZ09,ORSZ03,1,8.916303990356713
PT,AMSZ03,TMSZ03,1,9.09632852997546
VH,GLSZ05,BDSZ01,1,2.4185346663004776
PT,TMSZ02,CHSZ02,1,3.3449933964791545
WK,RCSZ01,RCSZ01,1,0.0
PT,TMSZ04,PRSZ05,1,3.1920390301266366
PT,SESZ04,SESZ02,1,1.914283801890594
PT,AMSZ03,ORSZ02,1,7.033169168053616
PT,HGSZ01,SESZ05,1,1.7020652950167057
PT,MPSZ03,PGSZ03,1,11.167757497782702
PT,PGSZ03,GLSZ03,1,8.126457115657718
VH,ORSZ02,YSSZ02,1,14.770352085047518
WK,DTSZ05,DTSZ05,1,0.0
VH,SESZ02,SESZ02,1,0.0
VH,SGSZ07,AMSZ01,1,4.448112891397666
PT,JWSZ08,JESZ06,1,6.251624491992806
PT,HGSZ08,GLSZ05,1,3.213057688239395
PT,CKSZ01,DTSZ01,1,14.507703269096742
PT,JWSZ03,OTSZ03,1,15.692771937909034
PT,YSSZ01,SESZ02,1,8.657159140521157
PT,BDSZ04,DTSZ01,1,9.548239775598132
WK,WDSZ06,WDSZ06,1,0.0
PT,YSSZ04,DTSZ03,1,14.28741028256163
PT,JWSZ09,PGSZ04,1,24.030579712477593
PT,DTSZ05,ORSZ03,1,2.352104775834589
PT,DTSZ03,TMSZ02,1,12.325298708566573
PT,QTSZ05,MUSZ01,1,4.117127913434588
PT,WDSZ03,WDSZ01,1,1.9549224562619225
PT,DTSZ12,TNSZ04,1,6.1455903294713945
PT,KLSZ08,TPSZ01,1,3.8972449985907724
PT,SGSZ03,ORSZ03,1,9.002287922645401
VH,CKSZ04,BMSZ01,1,14.860984542876286
VH,DTSZ05,AMSZ03,1,8.971028556034033
VH,BDSZ06,BDSZ06,1,0.0
PT,JWSZ09,OTSZ03,1,17.103461028455165
PT,QTSZ11,BPSZ05,1,8.96328372259818
VH,QTSZ08,QTSZ04,1,0.7115463539517966
PT,BKSZ01,WDSZ04,1,7.822607050385014
PT,QTSZ15,HGSZ07,1,15.225367977674978
PT,OTSZ03,YSSZ06,1,13.678649339226427
PT,DTSZ02,CLSZ06,1,10.249165138495398
PT,HGSZ04,BMSZ08,1,11.937467318932372
PT,CHSZ02,PRSZ03,1,3.358483270641789
VH,TSSZ03,TSSZ05,1,3.4675764901440256
WK,DTSZ05,DTSZ05,1,0.0
PT,PGSZ02,PGSZ05,1,1.695802786427982
VH,BDSZ06,BDSZ01,1,4.196249235588879
PT,MPSZ02,AMSZ01,1,9.547431608765185
WK,DTSZ05,OTSZ01,1,1.3050638071465064
PT,SESZ02,TMSZ05,1,9.63649724469096
WK,YSSZ02,YSSZ09,1,1.0963348161770936
PT,PRSZ03,PRSZ02,1,1.2089472301797606
PT,WDSZ05,QTSZ10,1,13.945699033489268
VH,DTSZ02,SESZ06,1,11.714587378819122
PT,SESZ05,SESZ03,1,1.1358929114864125
PT,BKSZ03,BKSZ05,1,2.411810005133522
PT,MUSZ01,AMSZ01,1,8.221492632999231
PT,CHSZ02,PRSZ02,1,4.408194862341372
WK,WDSZ05,WDSZ05,1,0.0
PT,MUSZ01,HGSZ06,1,8.145475450141696
PT,KLSZ09,TPSZ02,1,4.062567084130017
PT,AMSZ06,WDSZ01,1,9.483221295881432
VH,CLSZ01,JWSZ03,1,4.409220085291
PT,AMSZ02,TPSZ02,1,4.546288431833153
PT,DTSZ05,BPSZ05,1,13.925965731011926
VH,JWSZ03,DTSZ08,1,16.265849147356636
VH,KLSZ08,CKSZ06,1,16.23156834042076
PT,QTSZ11,KLSZ01,1,9.914288876714469
VH,BMSZ02,BMSZ04,1,0.94303921872575
PT,WDSZ04,QTSZ14,1,16.892861159640272
PT,DTSZ06,CLSZ08,1,10.357111656292243
PT,NTSZ03,BDSZ05,1,9.104176071717944
PT,BKSZ09,JESZ07,1,4.050753288483587
PT,KLSZ01,GLSZ03,1,3.946708235991059
PT,KLSZ08,KLSZ06,1,0.7917316145790123
VH,BPSZ05,BPSZ04,1,0.9043775472896666
PT,TMSZ03,PRSZ02,1,3.4468681481832695
PT,BMSZ05,HGSZ06,1,10.573459022207897
WK,QTSZ05,BMSZ07,1,1.09184867404237
PT,AMSZ02,SGSZ02,1,1.20768393945689
PT,SESZ04,BMSZ17,1,15.495312261642479
PT,BDSZ04,TMSZ04,1,2.300713819335355
PT,TMSZ03,PRSZ05,1,3.4518825252645438
PT,KLSZ01,KLSZ01,1,0.0
PT,PRSZ03,NTSZ05,1,13.799607714173673
PT,CLSZ04,TPSZ06,1,10.400187967270348
PT,ORSZ02,TPSZ04,1,4.0278881839693295
PT,SESZ02,QTSZ08,1,16.099825110858664
PT,BKSZ03,BKSZ03,1,0.0
PT,HGSZ01,PGSZ04,1,3.5502218701890134
PT,BMSZ01,BMSZ01,1,0.0
WK,SESZ06,SESZ06,1,0.0
PT,CKSZ06,JESZ05,1,7.536802133918281
PT,JWSZ04,CLSZ02,1,5.355672314914764
PT,DTSZ08,JESZ01,1,15.054566253205671
VH,BKSZ06,QTSZ11,1,6.881794096641557
WK,YSSZ02,YSSZ02,1,0.0
VH,AMSZ07,PGSZ04,1,9.22046220296251
PT,BPSZ04,BPSZ01,1,1.8300841829926888
PT,WDSZ02,BPSZ05,1,7.647068907207893
PT,WDSZ02,SBSZ08,1,2.9637969697556117
VH,YSSZ01,BKSZ05,1,11.385341825314793
PT,GLSZ05,BDSZ04,1,4.4484831020133795
WK,TMSZ05,TMSZ05,1,0.0
PT,TMSZ03,PRSZ05,1,3.4518825252645438
PT,YSSZ06,PGSZ03,1,8.112276072445836
PT,CLSZ04,QTSZ01,1,2.416685178068525
WK,YSSZ04,YSSZ04,1,0.0
WK,JWSZ09,JWSZ09,1,0.0
PT,SGSZ04,BMSZ02,1,10.446332348580976
PT,CHSZ03,TPSZ05,1,16.013408356298484
PT,TMSZ03,AMSZ04,1,9.902951170656731
PT,BPSZ01,CHSZ03,1,27.081574509312418
PT,QTSZ11,SGSZ06,1,12.183856278019633
PT,WDSZ01,SBSZ03,1,3.792906959192972
PT,JESZ05,BKSZ04,1,2.7771039950305636
PT,MUSZ03,BDSZ01,1,7.9874985187178815
PT,YSSZ09,DTSZ03,1,15.813545360675231
PT,BMSZ04,BMSZ10,1,0.5071977130988468
PT,MUSZ01,PRSZ05,1,14.895052039949423
PT,SBSZ04,CLSZ01,1,15.410602305478726
PT,ORSZ02,DTSZ02,1,2.7038880830734957
PT,HGSZ05,OTSZ03,1,11.997964824451097
PT,HGSZ05,SGSZ06,1,3.420976059234586
PT,BDSZ05,OTSZ02,1,9.559575860395189
PT,CKSZ06,QTSZ08,1,12.36145094691801
VH,BSSZ02,TPSZ06,1,2.4781130589168385
VH,SESZ04,SESZ04,1,0.0
PT,SESZ06,SESZ04,1,1.4130001556698468
PT,CKSZ04,CKSZ03,1,1.1832660105867163
VH,AMSZ06,KLSZ07,1,6.75064806890356
PT,CKSZ03,BMSZ04,1,14.267817486996606
PT,TPSZ01,AMSZ12,1,5.010774340468308
PT,NVSZ01,PGSZ04,1,10.197735624095891
VH,CHSZ03,TMSZ02,1,5.590892298049903
WK,WDSZ01,WDSZ04,1,1.4487914875070382
PT,ORSZ03,BPSZ05,1,11.600320924921256
PT,KLSZ05,ORSZ03,1,4.1091000184399284
VH,TMSZ03,BDSZ03,1,3.4743062726524045
WK,DTSZ11,DTSZ05,1,0.908422071335141
PT,DTSZ11,TPSZ11,1,6.823184432154651
WK,BDSZ04,CKSZ06,1,22.31941993026588
PT,SGSZ06,GLSZ05,1,4.986415567336734
VH,JESZ08,JESZ03,1,2.537145971526469
PT,KLSZ08,SGSZ07,1,3.834604630698747
PT,KLSZ06,YSSZ04,1,12.201538046831182
WK,YSSZ01,YSSZ01,1,0.0
WK,PRSZ08,TMSZ04,1,2.483313590092093
PT,TMSZ05,DTSZ02,1,13.521338158035022
PT,SGSZ03,SGSZ06,1,2.481070185130139
PT,AMSZ03,HGSZ05,1,3.4190774691386325
PT,YSSZ09,BDSZ04,1,16.1763210369897
WK,CKSZ04,CKSZ04,1,0.0
WK,KLSZ01,KLSZ01,1,0.0
PT,SGSZ04,BMSZ02,1,10.446332348580976
PT,WDSZ01,WDSZ02,1,0.7905033315597753
PT,JWSZ03,JESZ05,1,3.042266158318978
PT,CHSZ02,BDSZ04,1,6.281336292639992
WK,OTSZ03,DTSZ05,1,0.9139879414915537
PT,BMSZ04,BMSZ10,1,0.5071977130988468
VH,JESZ05,BTSZ01,1,3.254061357897813
PT,PGSZ03,BMSZ05,1,15.3315627268144
PT,TMSZ02,BMSZ09,1,15.236459418691599
VH,BPSZ04,BPSZ03,1,0.9219301040327256
PT,BKSZ03,JWSZ03,1,2.4368564971852575
VH,BDSZ04,BDSZ04,1,0.0
VH,NVSZ02,TMSZ02,1,12.726796719617527
PT,JWSZ01,SISZ01,1,18.01492539288434
PT,DTSZ05,JESZ05,1,13.235222931085925
VH,JESZ04,CKSZ02,1,4.91140991862512
PT,DTSZ12,PGSZ05,1,14.524560902096695
PT,ORSZ02,SGSZ04,1,7.419561474361161
PT,AMSZ01,AMSZ09,1,1.2075000973564398
VH,JWSZ09,BKSZ05,1,7.085378218359433
PT,CLSZ08,OTSZ03,1,9.304348871969124
PT,KLSZ07,CKSZ04,1,14.401188954052897
PT,CLSZ01,JWSZ08,1,6.978858534650238
PT,TMSZ03,SESZ04,1,7.284629760144006
VH,TNSZ04,JWSZ04,1,10.436144922567271
PT,CKSZ03,QTSZ08,1,10.791204116050123
WK,JWSZ08,BMSZ06,1,15.102804206388793
PT,QTSZ05,QTSZ05,1,0.0
PT,NVSZ02,SBSZ03,1,14.582448745541871
VH,SGSZ03,DTSZ02,1,9.384926543811465
PT,TPSZ09,SRSZ02,1,5.369442581533198
PT,CHSZ03,GLSZ04,1,13.555510697111119
VH,ORSZ03,BSSZ03,1,5.638464557429649
PT,DTSZ12,SESZ03,1,12.800722050704072
PT,QTSZ04,HGSZ08,1,11.156719689062882
PT,ORSZ02,SGSZ06,1,6.715125652398436
WK,BSSZ03,BSSZ03,1,0.0
PT,BMSZ17,SGSZ06,1,10.37351332408094
PT,BDSZ02,GLSZ05,1,4.0343422873838515
PT,BMSZ01,OTSZ03,1,3.5711825897935023
PT,WDSZ04,CHSZ03,1,24.77555905438463
VH,PRSZ02,PRSZ02,1,0.0
PT,TMSZ05,WDSZ09,1,24.914128263655304
PT,JESZ01,BPSZ03,1,6.050833876826411
PT,MDSZ03,SESZ03,1,8.960083733007506
PT,QTSZ06,JWSZ09,1,12.382499271226408
VH,BKSZ05,BTSZ01,1,2.1505630256045407
PT,BMSZ09,QTSZ03,1,3.79860015997843
VH,BPSZ05,CHSZ03,1,26.291847515973945
VH,TMSZ02,CHSZ03,1,5.590892298049903
PT,TNSZ01,KLSZ01,1,4.270536606788164
PT,BSSZ01,BSSZ03,1,2.463913530065902
PT,JESZ05,PNSZ01,1,7.07068436027114
VH,YSSZ02,DTSZ11,1,18.13140034117472
PT,KLSZ07,BMSZ01,1,6.4571748326313845
PT,SESZ05,SESZ04,1,1.063582276653897
VH,HGSZ04,PRSZ03,1,6.900780334658795
PT,WDSZ03,HGSZ06,1,12.348671942360276
WK,QTSZ08,QTSZ10,1,1.427255504833849
PT,QTSZ05,ORSZ03,1,3.447678254780443
VH,OTSZ03,TMSZ03,1,12.779094893351187
VH,JESZ05,CKSZ06,1,7.536802133918281
PT,SGSZ06,QTSZ08,1,10.693915927253878
PT,JWSZ02,CLSZ01,1,5.262824396930211
PT,ORSZ02,TPSZ01,1,3.9764216624837263
PT,CLSZ06,CKSZ05,1,9.122372546496207
VH,QTSZ08,QTSZ05,1,1.9041709380211382
PT,BPSZ07,QTSZ08,1,6.317948774575861
PT,WDSZ02,WDSZ06,1,1.786133057081358
PT,KLSZ01,KLSZ01,1,0.0
PT,DTSZ05,BMSZ16,1,1.9016851775513335
PT,CLSZ01,CKSZ04,1,5.645958822968155
PT,DTSZ08,KLSZ03,1,4.798932021811552
PT,BTSZ01,BSSZ01,1,7.0993213823554875
WK,GLSZ05,GLSZ05,1,0.0
VH,TMSZ02,PRSZ05,1,1.8444573221520455
PT,SESZ03,SESZ04,1,0.9952512670910597
PT,BDSZ06,PRSZ03,1,5.64142487721362
PT,ORSZ02,BPSZ04,1,10.276409117697819
PT,DTSZ02,TMSZ04,1,12.42663491947967
PT,KLSZ06,ORSZ03,1,2.4916492722728734
PT,YSSZ03,HGSZ04,1,7.455765331914008
VH,BKSZ09,BKSZ02,1,2.6597882767438135
PT,DTSZ09,BKSZ08,1,12.75872293897628
VH,DTSZ03,SGSZ04,1,7.920006149279862
WK,SGSZ06,SGSZ06,1,0.0
VH,PRSZ02,SGSZ03,1,7.404658919002509
PT,BDSZ08,BDSZ04,1,2.3182251363040094
PT,DTSZ05,TMSZ02,1,13.636756124005556
PT,GLSZ03,AMSZ09,1,8.513158107861722
PT,QTSZ11,BMSZ08,1,5.185798776659214
PT,BPSZ05,BMSZ05,1,13.124863868262093
PT,KLSZ03,DTSZ03,1,2.918124443477624
PT,NVSZ02,BPSZ02,1,11.426946995028219
WK,TMSZ02,TMSZ02,1,0.0
PT,SBSZ03,YSSZ01,1,3.1103199668128694
WK,ORSZ02,ORSZ02,1,0.0
PT,CKSZ03,CLSZ04,1,7.748648521561396
PT,TMSZ01,SGSZ02,1,8.310072170471026
VH,QTSZ14,QTSZ08,1,2.328042786782597
PT,SRSZ02,OTSZ03,1,1.0753460649935547
PT,NVSZ02,SBSZ03,1,14.582448745541871
VH,BDSZ08,MPSZ03,1,4.727759328440013
VH,KLSZ06,TPSZ09,1,2.5755926390047383
VH,TMSZ02,TMSZ04,1,1.5608180588962757
PT,RCSZ10,TMSZ04,1,12.119463990701483
PT,WDSZ06,DTSZ11,1,19.911757771909553
PT,AMSZ03,JWSZ09,1,17.279288146895652
PT,SESZ02,CLSZ04,1,17.18685476172962
VH,SESZ06,SESZ03,1,2.3877316708630167
VH,BDSZ03,TMSZ04,1,4.618001435038769
PT,JWSZ03,JWSZ09,1,2.3719008304684257
VH,TSSZ05,CKSZ03,1,15.753061136702646
PT,HGSZ05,BMSZ05,1,12.410135860186537
PT,QTSZ05,ORSZ03,1,3.447678254780443
VH,BPSZ02,CKSZ03,1,2.0742124455457605
PT,SESZ04,CLSZ04,1,16.02632129173221
PT,TPSZ02,DTSZ03,1,4.785765176001042
PT,HGSZ05,MUSZ01,1,9.989818462962777
PT,SESZ06,SESZ06,1,0.0
PT,DTSZ11,KLSZ05,1,3.807315044018732
PT,GLSZ02,YSSZ04,1,11.416867548233776
WK,DTSZ08,OTSZ04,1,0.6753187175533386
WK,DTSZ11,DTSZ08,1,0.5153840911509646
PT,BPSZ04,SGSZ04,1,10.391766336894424
PT,HGSZ08,GLSZ05,1,3.213057688239395
PT,CKSZ01,QTSZ08,1,10.105558324590984
PT,SESZ06,SESZ03,1,2.3877316708630167
VH,SGSZ06,PGSZ04,1,6.532842496913756
PT,HGSZ06,TMSZ03,1,6.348857436820739
PT,QTSZ01,CHSZ03,1,24.078716118520067
VH,QTSZ14,KLSZ05,1,9.391855283878796
PT,ORSZ02,TPSZ12,1,6.530396464924489
PT,QTSZ12,CLSZ03,1,5.706433981930344
VH,WDSZ05,WDSZ06,1,0.9654608228593916
PT,CHSZ03,BDSZ06,1,6.900932907316341
PT,TPSZ03,GLSZ01,1,3.370706191460035
PT,BKSZ03,CKSZ02,1,2.25540606113678
PT,AMSZ06,DTSZ08,1,10.593980493915419
PT,SGSZ04,SGSZ04,1,0.0
PT,MUSZ03,BDSZ04,1,10.348522631426341
VH,DTSZ01,HGSZ06,1,7.6036249301100725
PT,DTSZ08,SBSZ02,1,18.24192256668436
PT,QTSZ08,QTSZ08,1,0.0
PT,BDSZ04,KLSZ08,1,8.049587042147454
PT,BKSZ06,QTSZ12,1,8.910498666421525
PT,BKSZ03,BKSZ07,1,1.2469115509305144
VH,WDSZ01,WDSZ05,1,1.2320596897563494
PT,JESZ05,BMSZ08,1,10.237198682763667
PT,OTSZ03,CLSZ04,1,9.524445331141287
VH,BSSZ02,SGSZ06,1,2.875991737030352
VH,AMSZ08,AMSZ01,1,2.57902624349316
PT,JESZ03,QTSZ07,1,8.004054024848498
PT,JWSZ09,JWSZ08,1,0.9403575284652649
PT,QTSZ14,BMSZ01,1,2.3310314719625698
PT,JWSZ03,TSSZ05,1,11.149474068579385
PT,YSSZ01,YSSZ03,1,1.0015506147644606
PT,BMSZ04,YSSZ09,1,16.36437283322522
PT,YSSZ03,ORSZ02,1,13.713540247968318
PT,QTSZ05,BPSZ03,1,10.570761264422876
PT,DTSZ05,AMSZ06,1,10.059476955429048
PT,HGSZ01,HGSZ01,1,0.0
PT,GLSZ05,SESZ03,1,8.301688736131668
PT,TMSZ02,TMSZ02,1,0.0
PT,YSSZ03,DTSZ07,1,16.511264549919908
PT,KLSZ03,TMSZ03,1,8.003784671469331
PT,BDSZ04,TMSZ04,1,2.300713819335355
WK,BKSZ07,BKSZ07,1,0.0
PT,CLSZ06,CKSZ04,1,7.959117338545378
PT,BDSZ01,DTSZ10,1,10.053018996017752
PT,BKSZ09,QTSZ08,1,6.007534479635956
PT,ORSZ03,GLSZ04,1,5.177503428570169
PT,BKSZ02,CLSZ07,1,6.898528921681458
PT,DTSZ05,CKSZ06,1,17.332526784127296
PT,MUSZ01,YSSZ08,1,13.375640724519196
VH,WCSZ01,BPSZ01,1,7.88055876009976
PT,RCSZ09,OTSZ03,1,2.5914117720777474
WK,BMSZ14,BMSZ12,1,1.4296147450444732
PT,HGSZ07,DTSZ08,1,9.653627723823421
PT,ORSZ02,BDSZ06,1,12.577033795412547
PT,GLSZ04,KLSZ08,1,2.011415176163007
PT,JWSZ09,BLSZ02,1,2.5274428480289526
PT,PGSZ04,JESZ02,1,20.0956460909651
PT,KLSZ01,TPSZ02,1,2.1117910162603746
WK,MPSZ03,MPSZ03,1,0.0
PT,SESZ04,SESZ05,1,1.063582276653897
PT,BMSZ04,OTSZ01,1,1.4106147507172315
PT,HGSZ05,WDSZ01,1,12.525377526296188
PT,DTSZ05,HGSZ08,1,7.820154166610718
VH,QTSZ13,BDSZ05,1,15.910491069958576
PT,TMSZ02,BSSZ02,1,11.821167916419341
PT,OTSZ03,DTSZ11,1,1.0816800804911224
PT,SGSZ03,SGSZ03,1,0.0
PT,DTSZ03,BMSZ15,1,4.378109893890561
PT,BPSZ03,WCSZ01,1,9.055665750862262
PT,TPSZ09,BMSZ12,1,8.498247903793109
PT,KLSZ08,SESZ04,1,9.316487485870313
PT,BKSZ05,PGSZ04,1,16.945654026123876
PT,JWSZ09,JESZ05,1,4.578885078555272
WK,SBSZ03,SBSZ03,1,0.0
WK,SRSZ02,OTSZ03,1,1.0753460649935547
PT,ORSZ01,KLSZ01,1,4.449843905505153
PT,AMSZ10,CKSZ05,1,11.110137851832945
PT,WDSZ03,WDSZ09,1,2.578784998326383
PT,HGSZ08,BPSZ05,1,13.958945041823744
PT,AMSZ09,GLSZ03,1,8.513158107861722
PT,MPSZ03,TMSZ04,1,6.659656326992244
VH,GLSZ05,BDSZ05,1,2.4661511449633133
PT,AMSZ01,SESZ06,1,4.135723879499389
WK,TPSZ02,TPSZ02,1,0.0
PT,BMSZ01,BPSZ03,1,13.744456017518864
WK,YSSZ09,YSSZ03,1,1.7688742052165112
VH,JWSZ03,WCSZ01,1,4.998520485381283
PT,PGSZ05,PGSZ03,1,1.9779039939853045
VH,CHSZ03,BDSZ03,1,9.816430053148721
VH,CKSZ06,KLSZ07,1,14.934350154943342
PT,PGSZ04,YSSZ01,1,8.920932839884006
PT,TMSZ05,SGSZ07,1,10.411811425807437
VH,MPSZ03,GLSZ04,1,2.9661621130342146
VH,TMSZ03,BDSZ01,1,3.2680309470558733
PT,KLSZ03,BDSZ05,1,5.349859663751821
VH,BSSZ02,ORSZ02,1,5.616671589004334
PT,JESZ03,BMSZ01,1,10.715246655786919
PT,TPSZ03,NVSZ02,1,2.654822256613516
PT,BMSZ04,HGSZ05,1,12.378793230706593
PT,BMSZ01,TMSZ04,1,17.539243278694812
PT,TMSZ03,PRSZ05,1,3.4518825252645438
WK,KLSZ03,KLSZ03,1,0.0
WK,YSSZ03,YSSZ03,1,0.0
PT,TPSZ06,SESZ03,1,7.484384499628202
PT,TNSZ01,SGSZ07,1,6.894363831763458
WK,AMSZ02,AMSZ01,1,0.8098454795607932
PT,SESZ06,TPSZ10,1,6.0143766056638785
PT,SBSZ02,YSSZ01,1,2.117815794174996
PT,TMSZ04,MPSZ03,1,6.659656326992244
PT,SESZ05,PGSZ02,1,2.9783709718273044
VH,HGSZ06,BMSZ01,1,12.860578761404359
VH,BMSZ10,BMSZ02,1,1.437973710070869
PT,BDSZ04,OTSZ04,1,11.153061949964261
PT,RVSZ03,OTSZ01,1,1.4946100843263992
PT,CHSZ03,CHSZ02,1,3.4746979779811613
PT,PGSZ01,TMSZ05,1,11.897755705311543
PT,CKSZ01,SBSZ03,1,10.038590180522514
VH,BMSZ03,BMSZ12,1,1.1301401570963916
WK,OTSZ01,DTSZ05,1,1.3050638071465064
PT,SESZ05,SESZ03,1,1.1358929114864125
PT,MUSZ01,HGSZ06,1,8.145475450141696
PT,GLSZ02,BDSZ04,1,5.659638278603995
PT,SESZ06,SESZ03,1,2.3877316708630167
VH,WDSZ02,RCSZ01,1,16.020834440184483
VH,JESZ05,BKSZ07,1,1.8651432569207955
PT,WDSZ09,WDSZ01,1,1.4057969588338775
VH,SESZ03,SBSZ09,1,12.158369881130973
PT,BMSZ02,BKSZ05,1,10.197129545136098
PT,TMSZ05,BMSZ01,1,18.549267354589567
PT,WDSZ03,SESZ05,1,11.620815167196929
VH,DTSZ01,RCSZ03,1,0.7323891344173754
PT,BPSZ03,ORSZ02,1,11.162018247306616
WK,SBSZ03,SBSZ03,1,0.0
PT,YSSZ04,DTSZ05,1,15.054057855026539
PT,HGSZ07,TMSZ03,1,5.56262992854664
PT,WDSZ02,HGSZ06,1,13.093424315880567
PT,DTSZ08,AMSZ06,1,10.593980493915419
PT,QTSZ06,PLSZ04,1,12.302700283928354
WK,PRSZ03,PRSZ03,1,0.0
PT,TPSZ06,BSSZ01,1,3.7352266707219957
PT,AMSZ04,KLSZ06,1,6.17883994194032
VH,AMSZ10,NVSZ01,1,6.70029309042011
PT,WDSZ05,OTSZ03,1,18.112920481568985
VH,DTSZ02,SESZ05,1,11.065988150073865
