ORIGIN_SUBZONE,DESTINATION_SUBZONE,COUNT,TRIP_DISTANCE
AMSZ01,AMSZ01,4,0.0
AMSZ01,AMSZ02,5,0.8098454795607932
AMSZ01,AMSZ03,12,1.363824475326825
AMSZ01,AMSZ04,4,0.844896845964263
AMSZ01,AMSZ05,4,1.076953446773142
AMSZ01,AMSZ06,8,0.8041193925714387
AMSZ01,AMSZ07,3,1.7966809678861542
AMSZ01,AMSZ09,8,1.2075000973564398
AMSZ01,AMSZ10,3,1.4257238620318051
AMSZ01,AMSZ11,1,2.3270138366005146
AMSZ01,AMSZ12,5,1.3967183931881388
AMSZ01,BDSZ01,2,8.10930554643542
AMSZ01,BDSZ03,1,9.324033482938916
AMSZ01,BDSZ04,2,10.977868930744721
AMSZ01,BDSZ06,1,12.2739413863449
AMSZ01,BKSZ09,1,10.470896629921134
AMSZ01,BMSZ14,1,11.003397270593155
AMSZ01,BPSZ03,1,8.516027876012881
AMSZ01,BSSZ01,12,2.330062203630164
AMSZ01,BSSZ02,3,2.0581507632730265
AMSZ01,BTSZ01,1,9.220790745704537
AMSZ01,BTSZ05,1,6.147702781946512
AMSZ01,CHSZ03,2,17.374453729266236
AMSZ01,CKSZ03,4,11.107695253474771
AMSZ01,CKSZ04,1,12.047788265502097
AMSZ01,CKSZ05,1,11.354313187243449
AMSZ01,CKSZ06,1,11.420481375419303
AMSZ01,CLSZ03,1,11.486122613156768
AMSZ01,CLSZ04,1,10.763072495548862
AMSZ01,CLSZ05,1,11.975847670303475
AMSZ01,DTSZ02,3,8.960602715422072
AMSZ01,DTSZ09,2,10.773627633205683
AMSZ01,DTSZ12,1,10.029774078513281
AMSZ01,GLSZ02,2,6.61053355966354
AMSZ01,HGSZ01,1,4.97583748600457
AMSZ01,HGSZ02,2,5.725609110540617
AMSZ01,HGSZ03,1,5.634266954930811
AMSZ01,HGSZ04,8,4.344027574087123
AMSZ01,HGSZ05,1,3.9553115714482727
AMSZ01,HGSZ06,7,3.9212664118142064
AMSZ01,HGSZ07,4,4.765468205002923
AMSZ01,HGSZ08,2,5.565752369680329
AMSZ01,JESZ05,1,12.387201421412767
AMSZ01,JWSZ02,1,15.374364869309355
AMSZ01,JWSZ04,1,14.596999746196225
AMSZ01,JWSZ08,1,17.178032847981257
AMSZ01,KLSZ01,1,5.866287158387401
AMSZ01,KLSZ02,1,6.254116994428993
AMSZ01,KLSZ05,1,8.653294199472938
AMSZ01,KLSZ06,1,7.02346780754669
AMSZ01,MUSZ01,1,8.221492632999231
AMSZ01,NTSZ03,1,6.864485419327147
AMSZ01,NVSZ01,1,5.275934487403925
AMSZ01,NVSZ02,3,6.145691438127311
AMSZ01,ORSZ02,5,7.659554160451921
AMSZ01,OTSZ03,4,10.32472751659054
AMSZ01,OTSZ04,1,9.827767072050229
AMSZ01,PGSZ02,1,7.3065624632090005
AMSZ01,PGSZ03,3,6.498552962933096
AMSZ01,PGSZ04,2,7.568895374585283
AMSZ01,PGSZ05,3,8.190278611052214
AMSZ01,PLSZ04,1,6.0993783194600395
AMSZ01,PRSZ05,1,12.524486186739601
AMSZ01,PRSZ08,1,13.369716669301019
AMSZ01,QTSZ05,1,9.434287901469641
AMSZ01,QTSZ08,1,10.348743720863121
AMSZ01,QTSZ10,1,10.705399579777
AMSZ01,QTSZ11,2,11.566261607196632
AMSZ01,RCSZ01,1,7.09732461021056
AMSZ01,RCSZ03,1,7.538337868942556
AMSZ01,SBSZ01,2,8.484038622808013
AMSZ01,SBSZ03,5,8.798185881569493
AMSZ01,SBSZ04,1,9.983781859746369
AMSZ01,SBSZ05,1,9.28209857386986
AMSZ01,SESZ02,3,6.6768756890591465
AMSZ01,SESZ03,4,6.030898896125365
AMSZ01,SESZ04,9,5.292373483128956
AMSZ01,SESZ05,1,4.98386417376169
AMSZ01,SESZ06,5,4.135723879499389
AMSZ01,SGSZ01,2,2.4775142991830243
AMSZ01,SGSZ02,1,2.007914146707585
AMSZ01,SGSZ03,6,2.9590315422211915
AMSZ01,SGSZ04,13,2.472488583151166
AMSZ01,SGSZ05,1,3.2600192732311206
AMSZ01,SGSZ06,3,3.5002927418764003
AMSZ01,SGSZ07,1,4.448112891397666
AMSZ01,SRSZ01,1,9.125028166335486
AMSZ01,SRSZ02,1,9.251437287316284
AMSZ01,TMSZ04,7,12.438617251098414
AMSZ01,TPSZ01,1,3.694647867426069
AMSZ01,TPSZ02,2,4.463039102140407
AMSZ01,TPSZ03,1,3.597216694303244
AMSZ01,TPSZ04,1,4.22685805297077
AMSZ01,TPSZ06,6,4.210093513075454
AMSZ01,TPSZ07,1,4.732112579259929
AMSZ01,TPSZ10,1,4.709905333666735
AMSZ01,WDSZ02,7,9.66727320730234
AMSZ01,WDSZ03,4,9.103664106328614
AMSZ01,WDSZ05,1,9.851888062274092
AMSZ01,WDSZ06,1,10.692081061874555
AMSZ01,YSSZ02,2,7.329540839041347
AMSZ01,YSSZ04,3,5.178077258460335
AMSZ01,YSSZ05,1,4.03563902202246
AMSZ01,YSSZ08,1,5.419340972745316
AMSZ01,YSSZ09,10,6.723825276326214
AMSZ02,AMSZ01,8,0.8098454795607932
AMSZ02,AMSZ02,7,0.0
AMSZ02,AMSZ05,1,1.823303920901637
AMSZ02,AMSZ06,1,1.6123657420265183
AMSZ02,AMSZ10,3,1.67317613251079
AMSZ02,AMSZ11,1,2.4681966670578097
AMSZ02,AMSZ12,1,1.1985331203453928
AMSZ02,BDSZ01,2,7.420803378017271
AMSZ02,BDSZ03,1,8.668399575243235
AMSZ02,BDSZ04,1,10.249391539235045
AMSZ02,BKSZ07,1,11.849236349759558
AMSZ02,BMSZ01,2,12.41116689175491
AMSZ02,BMSZ08,1,10.163807637792713
AMSZ02,BMSZ12,3,11.2640451055297
AMSZ02,BMSZ15,1,11.452272868263288
AMSZ02,BMSZ17,1,12.097138076795554
AMSZ02,BSSZ01,5,2.9462929613040005
AMSZ02,BSSZ02,1,2.2831075884897496
AMSZ02,BSSZ03,1,2.548196869697493
AMSZ02,CHSZ02,1,13.773416817235107
AMSZ02,CKSZ06,1,12.20335482909762
AMSZ02,CLSZ04,1,11.437002760388854
AMSZ02,CLSZ09,2,13.200234692753774
AMSZ02,DTSZ01,1,8.183338227434751
AMSZ02,DTSZ02,1,8.927216161077165
AMSZ02,DTSZ03,5,9.013382845063973
AMSZ02,DTSZ05,6,9.90172635785792
AMSZ02,DTSZ08,2,10.476515815458693
AMSZ02,DTSZ09,2,10.805696849153358
AMSZ02,DTSZ10,1,11.06948861481539
AMSZ02,DTSZ11,2,10.792095553669073
AMSZ02,GLSZ03,4,6.7284817099504375
AMSZ02,GLSZ04,1,7.2601232173305
AMSZ02,HGSZ04,1,3.5345657842940814
AMSZ02,HGSZ05,1,3.1752255161933487
AMSZ02,HGSZ06,1,3.149601972921236
AMSZ02,HGSZ08,1,4.924068601457704
AMSZ02,JESZ03,1,12.626997652460496
AMSZ02,KLSZ06,2,6.905065669497024
AMSZ02,KLSZ07,1,6.574889365519548
AMSZ02,KLSZ08,2,6.641887494850517
AMSZ02,KLSZ09,1,8.073692981746357
AMSZ02,MDSZ02,1,7.550609106816495
AMSZ02,MDSZ03,1,6.801491607624964
AMSZ02,MPSZ03,1,9.785863422051808
AMSZ02,NTSZ03,1,7.012425955216537
AMSZ02,NVSZ02,4,6.250526401239765
AMSZ02,NVSZ05,1,5.148665728650164
AMSZ02,ORSZ02,2,7.86112034343722
AMSZ02,ORSZ03,3,8.1388817910291
AMSZ02,OTSZ03,4,10.377469699866097
AMSZ02,PGSZ02,1,6.649826978922755
AMSZ02,PGSZ04,1,6.809552324397241
AMSZ02,QTSZ08,1,10.84829654193081
AMSZ02,QTSZ11,1,12.123108971221452
AMSZ02,QTSZ13,2,12.621568373000013
AMSZ02,RCSZ10,1,8.123840440496512
AMSZ02,SBSZ01,1,8.689465446346988
AMSZ02,SBSZ03,2,9.131979995441505
AMSZ02,SBSZ09,1,10.367410132891612
AMSZ02,SESZ03,1,5.281335007492916
AMSZ02,SESZ06,1,3.5274829579787665
AMSZ02,SGSZ02,1,1.20768393945689
AMSZ02,SGSZ03,2,2.151770995815875
AMSZ02,SGSZ04,3,1.7836922077669188
AMSZ02,SGSZ06,3,2.9297530962382865
AMSZ02,SGSZ07,1,3.868119506902216
AMSZ02,SISZ01,1,13.943182755375627
AMSZ02,TMSZ02,1,10.987506336027439
AMSZ02,TMSZ04,1,11.663289686028548
AMSZ02,TMSZ05,2,13.666552359191554
AMSZ02,TPSZ02,1,4.546288431833153
AMSZ02,TPSZ03,1,3.612602781272022
AMSZ02,TPSZ04,2,4.165510198642555
AMSZ02,TPSZ05,1,3.5557055444055927
AMSZ02,TPSZ06,2,4.025979616026295
AMSZ02,TPSZ07,1,4.567744096307257
AMSZ02,TPSZ12,1,5.096680597559906
AMSZ02,WCSZ01,1,18.30124076042486
AMSZ02,WDSZ01,1,10.651585615286718
AMSZ02,WDSZ03,3,9.576336395394701
AMSZ02,WDSZ07,1,11.313145250051631
AMSZ02,YSSZ02,1,7.486833343914004
AMSZ02,YSSZ03,1,6.193041958186695
AMSZ02,YSSZ07,1,5.8486869938526596
AMSZ02,YSSZ08,1,5.775459635647609
AMSZ02,YSSZ09,4,6.984940419931736
AMSZ03,AMSZ01,15,1.363824475326825
AMSZ03,AMSZ02,1,0.955376274115962
AMSZ03,AMSZ03,4,0.0
AMSZ03,AMSZ06,1,2.055793678192612
AMSZ03,AMSZ07,1,3.000451146566747
AMSZ03,AMSZ10,1,2.5885728524360103
AMSZ03,AMSZ12,2,2.1503028219367972
AMSZ03,BKSZ03,1,12.64556541962061
AMSZ03,BKSZ07,1,11.837939876439162
AMSZ03,BKSZ09,1,11.144619164873472
AMSZ03,BMSZ01,1,11.60904824136948
AMSZ03,BMSZ11,1,10.057038099668027
AMSZ03,BSSZ01,6,2.6995044229110725
AMSZ03,BSSZ02,2,1.6259402951282806
AMSZ03,BSSZ03,6,1.6323305680531304
AMSZ03,CHSZ03,1,16.26896451478921
AMSZ03,CKSZ03,1,12.22626711295956
AMSZ03,CKSZ04,1,13.115900030548351
AMSZ03,DTSZ01,1,7.241025646710191
AMSZ03,DTSZ02,1,7.991785056361302
AMSZ03,DTSZ05,2,8.971028556034033
AMSZ03,DTSZ08,2,9.550606272599172
AMSZ03,DTSZ09,1,9.887262531768705
AMSZ03,DTSZ11,3,9.857422633944804
AMSZ03,DTSZ12,1,9.00472241383653
AMSZ03,GLSZ02,1,5.255771468131378
AMSZ03,GLSZ03,4,5.9620289931473565
AMSZ03,GLSZ05,1,7.086575287243579
AMSZ03,HGSZ02,1,4.769552736968921
AMSZ03,HGSZ05,2,3.4190774691386325
AMSZ03,HGSZ06,1,2.7868183532698327
AMSZ03,JESZ05,2,13.027354259550759
AMSZ03,JWSZ06,1,17.909248668290385
AMSZ03,JWSZ09,1,17.279288146895652
AMSZ03,KLSZ05,1,7.429773151395787
AMSZ03,KLSZ07,3,5.653058103290977
AMSZ03,MPSZ02,1,8.191801854441144
AMSZ03,MUSZ03,1,7.594568631484176
AMSZ03,NVSZ01,1,4.338911449753773
AMSZ03,NVSZ02,2,5.376582019102376
AMSZ03,NVSZ03,2,5.171321845007197
AMSZ03,ORSZ02,1,7.033169168053616
AMSZ03,OTSZ03,4,9.467022798964816
AMSZ03,PGSZ01,1,8.099516580212416
AMSZ03,PLSZ01,1,7.8606491888589956
AMSZ03,QTSZ09,1,10.522409111743627
AMSZ03,QTSZ11,3,11.611604476732683
AMSZ03,QTSZ13,1,12.04454253712743
AMSZ03,QTSZ14,1,11.7866890994609
AMSZ03,RCSZ10,1,7.189387052247098
AMSZ03,SBSZ01,1,9.63941224124598
AMSZ03,SBSZ04,1,11.227057823466566
AMSZ03,SBSZ08,1,12.499089265041844
AMSZ03,SESZ04,1,5.016480979256313
AMSZ03,SESZ06,1,4.145684611163374
AMSZ03,SGSZ02,4,1.547212112935673
AMSZ03,SGSZ04,3,1.2356205929987218
AMSZ03,SGSZ06,1,2.139904561605652
AMSZ03,TMSZ02,1,10.681090948023202
AMSZ03,TMSZ03,1,9.09632852997546
AMSZ03,TMSZ04,1,11.243256280413037
AMSZ03,TMSZ05,2,13.197935601005994
AMSZ03,TPSZ02,1,3.676869868485098
AMSZ03,TPSZ03,1,2.7227174990409604
AMSZ03,TPSZ06,1,3.072644819808978
AMSZ03,TPSZ08,1,2.942769249483843
AMSZ03,WDSZ01,1,11.437218983663904
AMSZ03,WDSZ02,1,11.023090650641048
AMSZ04,AMSZ01,3,0.844896845964263
AMSZ04,AMSZ02,1,1.029941384616055
AMSZ04,AMSZ03,2,0.8073031498760181
AMSZ04,AMSZ04,1,0.0
AMSZ04,AMSZ10,3,2.262068944931949
AMSZ04,BMSZ07,1,9.675614061964977
AMSZ04,BMSZ12,1,10.253699255748272
AMSZ04,BMSZ13,1,10.80041720432829
AMSZ04,BMSZ17,1,11.200359529269159
AMSZ04,BSSZ01,9,1.9924536063797271
AMSZ04,BSSZ02,1,1.2856971269799196
AMSZ04,BSSZ03,1,1.7991692115367897
AMSZ04,BTSZ01,1,9.078956554347531
AMSZ04,CHSZ03,2,17.075815840082832
AMSZ04,CLSZ01,1,10.901774108909121
AMSZ04,DTSZ02,4,8.12499217051449
AMSZ04,DTSZ03,2,8.26838607555077
AMSZ04,DTSZ05,3,9.081741127966499
AMSZ04,DTSZ08,1,9.642031949318765
AMSZ04,DTSZ11,1,9.981746226910644
AMSZ04,GLSZ01,1,5.361979794937816
AMSZ04,GLSZ03,1,6.662885061280948
AMSZ04,HGSZ04,2,4.257527738122913
AMSZ04,HGSZ06,2,3.591150927739269
AMSZ04,HGSZ07,1,4.3437811561717
AMSZ04,HGSZ08,2,4.969923355443957
AMSZ04,HGSZ09,1,5.474021132799728
AMSZ04,JESZ06,1,11.972761444245807
AMSZ04,JWSZ09,1,16.511419078567805
AMSZ04,KLSZ06,1,6.17883994194032
AMSZ04,KLSZ08,1,6.007154674342533
AMSZ04,MPSZ01,1,8.53124847230952
AMSZ04,MUSZ03,1,7.685017157552524
AMSZ04,NTSZ03,1,6.078936497651791
AMSZ04,NVSZ02,2,5.342215352529198
AMSZ04,ORSZ03,1,7.222396452972993
AMSZ04,PLSZ04,1,5.652698628455041
AMSZ04,QTSZ08,5,9.819752473170258
AMSZ04,QTSZ11,1,11.103834299636645
AMSZ04,QTSZ15,1,12.765795217266673
AMSZ04,RCSZ10,2,7.3217674115071745
AMSZ04,RVSZ05,1,8.025701691888203
AMSZ04,SBSZ03,1,9.63376792959563
AMSZ04,SBSZ04,1,10.82174262950543
AMSZ04,SBSZ09,1,10.806198484765382
AMSZ04,SGSZ03,1,2.9453669534287608
AMSZ04,SGSZ04,2,2.04288300841357
AMSZ04,SGSZ06,5,2.8672758218120213
AMSZ04,TMSZ03,2,9.902951170656731
AMSZ04,TMSZ04,1,12.047855450995218
AMSZ04,TNSZ01,1,6.322268746677554
AMSZ04,TPSZ01,1,2.923519336022766
AMSZ04,TPSZ02,1,3.648071470500757
AMSZ04,TPSZ04,1,3.3836078390257134
AMSZ04,TPSZ06,1,3.3701106617131877
AMSZ04,WDSZ02,1,10.428076164651843
AMSZ04,WDSZ04,1,9.365859527376783
AMSZ04,WDSZ07,1,11.532511524348967
AMSZ04,YSSZ09,1,7.567992526231734
AMSZ05,AMSZ01,4,1.076953446773142
AMSZ05,AMSZ02,1,1.823303920901637
AMSZ05,AMSZ06,1,0.6257571726353811
AMSZ05,AMSZ10,1,2.1457470868701822
AMSZ05,BKSZ09,1,9.41216792996604
AMSZ05,BMSZ04,1,9.42204331177487
AMSZ05,BMSZ05,1,9.821466304055388
AMSZ05,BPSZ05,1,8.069573145759762
AMSZ05,BSSZ01,3,1.3323137492637933
AMSZ05,BTSZ01,1,8.14813731027708
AMSZ05,DTSZ01,3,7.900267162539192
AMSZ05,DTSZ03,2,8.79003141886748
AMSZ05,DTSZ05,2,9.472733399099015
AMSZ05,GLSZ02,1,6.888971174552041
AMSZ05,GLSZ03,1,7.747677867214644
AMSZ05,HGSZ07,1,5.500520923468844
AMSZ05,HGSZ08,1,6.0980117833231136
AMSZ05,KLSZ01,1,5.718695497259962
AMSZ05,KLSZ06,1,6.760595204018825
AMSZ05,KLSZ09,2,7.990749571720152
AMSZ05,MPSZ01,1,9.42878099805811
AMSZ05,MUSZ02,1,8.265287378588097
AMSZ05,MUSZ03,1,8.069185952019145
AMSZ05,NTSZ03,1,6.269975066551411
AMSZ05,NVSZ02,1,5.6177942120779925
AMSZ05,NVSZ05,1,3.9395036892130126
AMSZ05,OTSZ01,1,9.15864653272731
AMSZ05,OTSZ02,1,9.52610204708681
AMSZ05,SGSZ02,1,3.02723276008107
AMSZ05,SGSZ03,1,3.95390752108144
AMSZ05,TMSZ05,1,15.15339043002186
AMSZ05,TPSZ06,1,4.13151620157887
AMSZ05,TSSZ03,1,21.303329082922794
AMSZ05,WCSZ01,1,16.60073536736618
AMSZ05,WDSZ09,1,11.208421444426776
AMSZ05,YSSZ01,1,6.53133241585097
AMSZ05,YSSZ03,1,6.7259487313215205
AMSZ05,YSSZ09,3,7.071637323095412
AMSZ06,AMSZ01,10,0.8041193925714387
AMSZ06,AMSZ02,1,1.6123657420265183
AMSZ06,AMSZ06,2,0.0
AMSZ06,AMSZ09,2,0.8704479724667803
AMSZ06,AMSZ10,2,1.5381436105027764
AMSZ06,BDSZ03,1,10.03264253261245
AMSZ06,BMSZ02,1,10.43406813925253
AMSZ06,BSSZ01,2,1.9366591055442168
AMSZ06,BTSZ01,2,8.537012758085234
AMSZ06,BTSZ03,1,8.073530877471015
AMSZ06,BTSZ08,1,7.371675293409246
AMSZ06,CKSZ03,1,10.303875415535726
AMSZ06,CLSZ08,1,11.601250661229722
AMSZ06,DTSZ02,2,9.135366390267892
AMSZ06,DTSZ03,4,9.34657006766964
AMSZ06,DTSZ05,1,10.059476955429048
AMSZ06,DTSZ08,5,10.593980493915419
AMSZ06,DTSZ11,2,10.96695349452622
AMSZ06,GLSZ01,1,6.67191987188665
AMSZ06,GLSZ04,1,8.181968741844988
AMSZ06,GLSZ05,1,9.063161196072228
AMSZ06,HGSZ06,1,4.713838014633891
AMSZ06,JESZ05,4,11.672341505916151
AMSZ06,KLSZ02,1,6.694267802362061
AMSZ06,KLSZ07,1,6.75064806890356
AMSZ06,KLSZ08,1,7.202823776940167
AMSZ06,LKSZ01,1,14.809716655892487
AMSZ06,MUSZ02,1,8.861376161777178
AMSZ06,NTSZ03,1,6.881854142397674
AMSZ06,NVSZ02,2,6.217438334820094
AMSZ06,ORSZ03,2,8.046799679003017
AMSZ06,OTSZ03,3,10.406314059443185
AMSZ06,PGSZ01,1,8.846295870608847
AMSZ06,QTSZ02,1,8.790817356253433
AMSZ06,QTSZ06,1,9.771185746887106
AMSZ06,QTSZ08,3,9.955465240400367
AMSZ06,QTSZ12,1,11.130761761179693
AMSZ06,QTSZ14,2,11.776343883076851
AMSZ06,RCSZ01,1,7.284362842077343
AMSZ06,SBSZ02,1,7.6776894726352545
AMSZ06,SESZ04,1,5.9854177551908805
AMSZ06,SGSZ02,3,2.7995850459212646
AMSZ06,SRSZ02,1,9.34199205656558
AMSZ06,TMSZ01,1,11.08053469088358
AMSZ06,TMSZ05,1,15.210204362481306
AMSZ06,WDSZ01,3,9.483221295881432
AMSZ06,WDSZ02,1,9.11645890630745
AMSZ06,WDSZ04,2,8.04232042707074
AMSZ06,YSSZ06,2,3.555513834064482
AMSZ06,YSSZ09,1,6.483721111005641
AMSZ07,AMSZ01,5,1.7966809678861542
AMSZ07,AMSZ03,1,3.000451146566747
AMSZ07,AMSZ11,1,2.7662405453128667
AMSZ07,BKSZ03,1,10.068510651202052
AMSZ07,BMSZ01,1,11.942104318423652
AMSZ07,BSSZ01,2,1.9031727886985152
AMSZ07,BTSZ01,1,7.75171919297178
AMSZ07,DTSZ02,1,9.481851186430749
AMSZ07,DTSZ08,1,10.870496712034592
AMSZ07,DTSZ12,1,10.619663245291106
AMSZ07,MUSZ01,1,8.586673307743846
AMSZ07,NVSZ01,1,5.9183091590453865
AMSZ07,NVSZ02,1,6.485944342152456
AMSZ07,NVSZ04,1,5.525184626476542
AMSZ07,ORSZ02,1,7.713133435167625
AMSZ07,ORSZ03,1,8.235686238686693
AMSZ07,PGSZ04,1,9.22046220296251
AMSZ07,QTSZ11,1,10.62365005941901
AMSZ07,RCSZ09,1,8.400508349696699
AMSZ07,SBSZ01,1,8.093761435366659
AMSZ07,TPSZ09,1,6.040514183158023
AMSZ07,WDSZ07,1,9.547790676159924
AMSZ07,YSSZ02,1,7.09323181946956
AMSZ07,YSSZ05,1,4.188380119031692
AMSZ07,YSSZ09,1,6.274110531581218
AMSZ08,AMSZ01,2,2.57902624349316
AMSZ08,AMSZ04,1,3.270567783676673
AMSZ08,AMSZ07,1,1.3711510501299304
AMSZ08,AMSZ08,2,0.0
AMSZ08,BDSZ02,1,12.07043841384843
AMSZ08,BMSZ02,1,11.70254972019316
AMSZ08,BSSZ01,1,3.2695661201461235
AMSZ08,BSSZ03,2,4.942727907791809
AMSZ08,DTSZ02,1,10.850245696528644
AMSZ08,DTSZ03,1,11.119804706187107
AMSZ08,JWSZ02,1,13.799786777070867
AMSZ08,JWSZ09,2,14.962429491637717
AMSZ08,KLSZ09,1,10.349426019760964
AMSZ08,MPSZ03,1,12.838073939406017
AMSZ08,ORSZ02,1,9.06711546434846
AMSZ08,OTSZ03,1,12.00154703025439
AMSZ08,OTSZ04,1,11.573591457866023
AMSZ08,PGSZ03,1,7.836979415573584
AMSZ08,PNSZ01,1,17.888780314879554
AMSZ08,PRSZ03,1,13.395719043394859
AMSZ08,QTSZ01,1,9.583368359129002
AMSZ08,QTSZ14,1,12.71009136977858
AMSZ08,RCSZ08,1,9.706428538658592
AMSZ08,SBSZ02,1,6.032538116002713
AMSZ08,SBSZ03,2,6.72711712310467
AMSZ08,SBSZ04,1,7.930457766972901
AMSZ08,TMSZ03,1,12.69689688890953
AMSZ08,TMSZ05,1,16.904706376628567
AMSZ08,TPSZ02,2,6.334172658549698
AMSZ08,TPSZ06,1,6.4998571531774
AMSZ08,TSSZ05,1,23.66885079172888
AMSZ08,WDSZ02,2,7.181903151088673
AMSZ08,WDSZ04,1,6.101198667272549
AMSZ08,YSSZ02,1,5.803310980942607
AMSZ08,YSSZ04,1,3.6740491815368053
AMSZ08,YSSZ09,1,4.938586956323449
AMSZ09,AMSZ01,10,1.2075000973564398
AMSZ09,AMSZ04,1,2.0023510376232783
AMSZ09,AMSZ06,3,0.8704479724667803
AMSZ09,AMSZ07,1,1.2656709298846514
AMSZ09,AMSZ09,3,0.0
AMSZ09,AMSZ10,3,0.841056832156811
AMSZ09,AMSZ11,1,1.5731092706275187
AMSZ09,BDSZ03,1,10.486206580311865
AMSZ09,BKSZ01,1,9.276314221608306
AMSZ09,BMSZ01,1,12.859811064152431
AMSZ09,BMSZ05,1,11.308648207152258
AMSZ09,BMSZ17,1,12.90108279981423
AMSZ09,BSSZ01,2,2.7648089240328275
AMSZ09,BSSZ02,1,3.0412275710244105
AMSZ09,DTSZ01,2,9.303942209889373
AMSZ09,DTSZ02,2,9.98596716644111
AMSZ09,DTSZ05,3,10.916332792538004
AMSZ09,DTSZ08,1,11.454736965092195
AMSZ09,DTSZ09,1,11.737447934543509
AMSZ09,DTSZ11,4,11.823129524767312
AMSZ09,GLSZ03,3,8.513158107861722
AMSZ09,GLSZ05,1,9.65204567057468
AMSZ09,HGSZ07,1,5.844341790205053
AMSZ09,KLSZ01,2,7.001674736933423
AMSZ09,KLSZ08,1,7.98902562856205
AMSZ09,NTSZ03,1,7.75163156607214
AMSZ09,NVSZ02,3,7.082791457565784
AMSZ09,NVSZ03,1,6.502061048373337
AMSZ09,ORSZ02,4,8.481717241596819
AMSZ09,ORSZ03,1,8.916303990356713
AMSZ09,OTSZ03,3,11.272607681035758
AMSZ09,PGSZ03,1,6.764710667800791
AMSZ09,PRSZ01,1,9.886454807546087
AMSZ09,QTSZ02,1,9.546028717014732
AMSZ09,QTSZ08,1,10.721759539329412
AMSZ09,QTSZ11,2,11.819229345220124
AMSZ09,QTSZ14,1,12.588690602787565
AMSZ09,SBSZ03,2,7.650579518490761
AMSZ09,SESZ03,3,6.5075779066363015
AMSZ09,SESZ04,1,5.654440760748761
AMSZ09,SGSZ03,1,3.782040738487338
AMSZ09,SRSZ03,1,10.483199111383591
AMSZ09,TMSZ04,1,13.446234597067756
AMSZ09,TNSZ01,1,7.697548964662066
AMSZ09,TPSZ05,1,4.8753689820930015
AMSZ09,WCSZ01,1,16.711894885684874
AMSZ09,WDSZ03,1,7.901785551461655
AMSZ09,YSSZ01,1,5.057933083226152
AMSZ10,AMSZ01,4,1.4257238620318051
AMSZ10,AMSZ02,1,1.67317613251079
AMSZ10,AMSZ03,1,2.5885728524360103
AMSZ10,AMSZ04,1,2.262068944931949
AMSZ10,AMSZ06,1,1.5381436105027764
AMSZ10,AMSZ09,2,0.841056832156811
AMSZ10,AMSZ10,2,0.0
AMSZ10,AMSZ11,1,0.9046024839408441
AMSZ10,BDSZ01,1,8.965618549755735
AMSZ10,BDSZ04,1,11.709254893091043
AMSZ10,BKSZ03,1,12.037759461606173
AMSZ10,BKSZ07,1,11.44848228504245
AMSZ10,BKSZ09,1,10.981094907124511
AMSZ10,BMSZ06,1,10.770038837646984
AMSZ10,BPSZ01,1,9.535696776916161
AMSZ10,BTSZ03,1,9.52219721022724
AMSZ10,BTSZ05,1,7.202807130904194
AMSZ10,CHSZ01,1,15.151690696212537
AMSZ10,CKSZ05,2,11.110137851832945
AMSZ10,CKSZ06,2,11.061001730203959
AMSZ10,DTSZ02,1,10.385421293492866
AMSZ10,DTSZ05,1,11.338541562780183
AMSZ10,DTSZ06,1,11.160830387106147
AMSZ10,DTSZ11,1,12.24011772844972
AMSZ10,DTSZ12,2,11.450469224869977
AMSZ10,GLSZ03,1,8.365420033343753
AMSZ10,HGSZ03,2,5.770754504549983
AMSZ10,HGSZ04,1,4.599438344565637
AMSZ10,HGSZ05,1,3.936178839941291
AMSZ10,HGSZ06,1,4.578364502820491
AMSZ10,JESZ05,1,12.911306464844483
AMSZ10,JWSZ09,1,16.806757616533854
AMSZ10,KLSZ01,1,7.256677426003398
AMSZ10,KLSZ09,1,9.630999719774623
AMSZ10,MPSZ03,1,11.450732756765069
AMSZ10,NVSZ01,1,6.70029309042011
AMSZ10,NVSZ02,1,7.564058407980474
AMSZ10,ORSZ03,1,9.428862813047232
AMSZ10,OTSZ03,1,11.747008106997399
AMSZ10,PGSZ02,1,6.6812925207406355
AMSZ10,PGSZ03,1,5.952241132810682
AMSZ10,PGSZ05,2,7.808016116352005
AMSZ10,PRSZ05,2,12.711337660181599
AMSZ10,QTSZ01,1,10.567393222631306
AMSZ10,QTSZ02,1,10.322567483621627
AMSZ10,RCSZ10,1,9.582545368103906
AMSZ10,SBSZ01,1,7.080849727181649
AMSZ10,SBSZ03,5,7.466557562876986
AMSZ10,SESZ02,2,6.531362810172799
AMSZ10,SESZ04,2,4.870553327817362
AMSZ10,SESZ06,2,3.524478496309693
AMSZ10,SGSZ02,1,2.3783896579543344
AMSZ10,SGSZ03,2,3.2587432290430534
AMSZ10,SGSZ04,1,3.4027792696869668
AMSZ10,SGSZ06,1,4.593201904556275
AMSZ10,TPSZ01,1,5.101458168658034
AMSZ10,TPSZ06,1,5.595327098627979
AMSZ10,TPSZ11,1,6.564241535384367
AMSZ10,TPSZ12,1,6.761071929640127
AMSZ10,WDSZ01,2,9.048550717602954
AMSZ10,WDSZ03,4,7.914386910195277
AMSZ10,WDSZ05,2,8.961710428907146
AMSZ10,WDSZ06,1,9.743871207326189
AMSZ10,YSSZ01,4,4.6723574939688755
AMSZ10,YSSZ03,1,4.7060653668352295
AMSZ10,YSSZ05,1,2.610595926529946
AMSZ10,YSSZ08,1,4.103593760269681
AMSZ10,YSSZ09,3,5.343003379647113
AMSZ11,AMSZ01,1,2.3270138366005146
AMSZ11,AMSZ02,1,2.4681966670578097
AMSZ11,DTSZ01,1,10.563023654902448
AMSZ11,JESZ05,2,13.397203198130725
AMSZ11,ORSZ03,1,10.333334875710845
AMSZ11,SBSZ04,1,7.844317787836481
AMSZ11,SESZ03,1,5.656310078248381
AMSZ11,SESZ06,1,3.30113122955384
AMSZ11,SGSZ04,1,4.086527450578483
AMSZ11,SGSZ06,1,5.317062005569696
AMSZ11,TPSZ02,1,6.789787235115967
AMSZ11,YSSZ03,1,3.803598991050213
AMSZ11,YSSZ09,5,4.5204040608274685
AMSZ12,AMSZ01,6,1.3967183931881388
AMSZ12,AMSZ03,1,2.1503028219367972
AMSZ12,AMSZ10,1,0.8234041029192646
AMSZ12,BKSZ07,1,12.108204576448358
AMSZ12,BMSZ06,1,10.787385448797423
AMSZ12,BMSZ15,1,12.582665349670897
AMSZ12,BSSZ03,2,3.741547443731418
AMSZ12,BTSZ06,1,8.641338531657746
AMSZ12,CKSZ03,2,11.756676495156556
AMSZ12,DTSZ03,1,10.211907514301666
AMSZ12,DTSZ11,1,11.986942277495647
AMSZ12,GLSZ03,1,7.675501430099545
AMSZ12,HGSZ02,1,5.21595207428631
AMSZ12,HGSZ04,4,3.776051371725041
AMSZ12,JWSZ04,1,15.670784743937709
AMSZ12,ORSZ02,1,8.987195006594131
AMSZ12,ORSZ03,1,9.298419211129328
AMSZ12,OTSZ03,1,11.559179513030845
AMSZ12,PGSZ03,2,5.300721249995672
AMSZ12,PGSZ04,1,6.5535226104941104
AMSZ12,QTSZ08,1,11.740409320976744
AMSZ12,QTSZ11,1,12.94067606815311
AMSZ12,SBSZ01,1,7.52709731425055
AMSZ12,SESZ02,2,5.756660398037806
AMSZ12,SESZ06,1,2.8805727837973616
AMSZ12,SGSZ06,1,3.9694277265523783
AMSZ12,SGSZ07,1,4.873734852109027
AMSZ12,TMSZ02,1,11.345288932584056
AMSZ12,TPSZ01,1,5.010774340468308
AMSZ12,TPSZ04,2,5.359945013608265
AMSZ12,TPSZ06,1,5.222884085136152
AMSZ12,WDSZ03,3,8.602631344290964
AMSZ12,WDSZ04,1,8.365240824901623
AMSZ12,YSSZ01,3,5.115609634643661
AMSZ12,YSSZ03,3,4.998114463022651
AMSZ12,YSSZ04,1,4.258597071684371
AMSZ12,YSSZ05,1,2.9541941294892817
AMSZ12,YSSZ08,1,4.722779432662491
BDSZ01,AMSZ01,2,8.10930554643542
BDSZ01,AMSZ10,1,8.965618549755735
BDSZ01,BDSZ01,4,0.0
BDSZ01,BDSZ02,4,1.9291533799147353
BDSZ01,BDSZ04,8,2.996661839518554
BDSZ01,BDSZ06,3,4.196249235588879
BDSZ01,BKSZ08,1,16.966334052729923
BDSZ01,BLSZ01,1,22.294793207416188
BDSZ01,BMSZ03,1,11.57269440400431
BDSZ01,BMSZ05,4,10.389185043031611
BDSZ01,BSSZ01,2,8.934994591246342
BDSZ01,BSSZ02,1,7.486218181630855
BDSZ01,BTSZ01,1,15.34286504225203
BDSZ01,CHSZ02,1,8.426647138054328
BDSZ01,CHSZ03,5,10.248710691630993
BDSZ01,CLSZ07,1,16.08893588925973
BDSZ01,DTSZ01,2,7.198733169378263
BDSZ01,DTSZ02,2,7.894015146653577
BDSZ01,DTSZ05,7,8.69598408108096
BDSZ01,DTSZ07,1,9.444549437216438
BDSZ01,DTSZ08,4,9.252705276492595
BDSZ01,DTSZ09,1,9.704147889544702
BDSZ01,DTSZ10,1,10.053018996017752
BDSZ01,DTSZ11,8,9.204216987527316
BDSZ01,DTSZ12,2,8.119072413895791
BDSZ01,GLSZ01,3,3.8730448708848235
BDSZ01,GLSZ02,2,2.8577131942906107
BDSZ01,GLSZ03,5,1.58853543467227
BDSZ01,GLSZ04,2,3.723747738075413
BDSZ01,GLSZ05,5,2.4185346663004776
BDSZ01,HGSZ01,1,4.291431328889583
BDSZ01,HGSZ04,1,4.976630442723783
BDSZ01,HGSZ08,2,2.6035775752633015
BDSZ01,HGSZ09,1,2.357827309642936
BDSZ01,JWSZ06,1,23.532375207330546
BDSZ01,KLSZ01,1,5.507735518138949
BDSZ01,KLSZ02,2,4.63661497875659
BDSZ01,KLSZ03,2,4.738242647922695
BDSZ01,KLSZ06,1,6.243845742740627
BDSZ01,KLSZ08,2,5.452265982766699
BDSZ01,MPSZ01,1,4.283557100365758
BDSZ01,MPSZ03,1,3.649733655202657
BDSZ01,MUSZ03,1,7.9874985187178815
BDSZ01,NVSZ02,4,7.682475525377827
BDSZ01,ORSZ02,2,9.194048262139981
BDSZ01,OTSZ01,2,9.574094258556581
BDSZ01,OTSZ03,5,9.583988973732296
BDSZ01,OTSZ04,1,8.996848945181265
BDSZ01,PGSZ02,2,8.213416686493085
BDSZ01,PGSZ03,2,7.591822129916991
BDSZ01,PGSZ04,1,6.579416295158435
BDSZ01,PRSZ02,1,5.91005420235338
BDSZ01,PRSZ03,1,5.887554502225413
BDSZ01,PRSZ04,1,7.056462802333144
BDSZ01,PRSZ08,1,6.8393236019871555
BDSZ01,QTSZ02,1,13.11363330241706
BDSZ01,QTSZ08,5,13.810423712896606
BDSZ01,RCSZ01,2,7.0274335037811
BDSZ01,RCSZ09,2,7.477315615247277
BDSZ01,RCSZ10,1,7.4494692932613304
BDSZ01,SBSZ04,1,17.062981308131086
BDSZ01,SBSZ05,1,16.11372937063109
BDSZ01,SESZ02,1,5.808093294974437
BDSZ01,SESZ03,2,6.367089279134524
BDSZ01,SESZ04,1,6.925110952800208
BDSZ01,SESZ06,2,7.576712019239595
BDSZ01,SGSZ02,1,6.6187517880468025
BDSZ01,SGSZ04,1,5.644819317676335
BDSZ01,SGSZ06,4,4.702754402809595
BDSZ01,SRSZ02,1,8.849745548720662
BDSZ01,TMSZ02,8,5.084701843817833
BDSZ01,TMSZ03,6,3.2680309470558733
BDSZ01,TMSZ04,10,4.972553207377186
BDSZ01,TMSZ05,5,6.654979226160583
BDSZ01,TNSZ04,1,10.991465186455676
BDSZ01,TPSZ03,2,6.688885352502466
BDSZ01,TPSZ09,1,4.890401539809183
BDSZ01,TPSZ12,1,3.0298040128918506
BDSZ01,WCSZ01,2,24.979327805996814
BDSZ01,WDSZ03,2,16.769752868951844
BDSZ01,WDSZ07,1,18.61281153369114
BDSZ01,YSSZ03,1,12.425396513840122
BDSZ01,YSSZ05,1,10.784503619645282
BDSZ01,YSSZ09,1,13.75336376929582
BDSZ02,AMSZ08,1,12.07043841384843
BDSZ02,BDSZ01,5,1.9291533799147353
BDSZ02,BDSZ02,1,0.0
BDSZ02,BDSZ04,8,1.517590146979497
BDSZ02,BDSZ06,1,2.895425489189158
BDSZ02,BMSZ01,1,14.830820960707253
BDSZ02,BMSZ02,1,13.604413291625328
BDSZ02,BMSZ05,1,12.201387191488008
BDSZ02,BMSZ16,1,12.349349880351424
BDSZ02,BMSZ17,1,12.96593975897558
BDSZ02,BPSZ05,1,18.23825823848574
BDSZ02,BSSZ01,2,10.63710298760182
BDSZ02,CHSZ03,4,8.34052314862001
BDSZ02,CLSZ04,1,17.885982669982322
BDSZ02,DTSZ01,1,9.041638084784141
BDSZ02,DTSZ02,2,9.704278081365532
BDSZ02,DTSZ03,4,9.140208229691282
BDSZ02,DTSZ05,1,10.456315786026991
BDSZ02,DTSZ08,1,10.98985148004655
BDSZ02,DTSZ10,2,11.787581161269122
BDSZ02,DTSZ11,4,10.896515773551181
BDSZ02,GLSZ01,1,5.801848785009938
BDSZ02,GLSZ02,1,4.784435923797726
BDSZ02,GLSZ03,3,3.505008869857587
BDSZ02,GLSZ05,2,4.0343422873838515
BDSZ02,HGSZ08,1,4.323126494011093
BDSZ02,JESZ05,1,20.429945370005065
BDSZ02,JESZ06,1,19.873039782548876
BDSZ02,JWSZ09,1,24.9269771505287
BDSZ02,KLSZ02,1,6.561338154642222
BDSZ02,KLSZ05,1,7.1174355331847
BDSZ02,KLSZ07,1,8.943713085788161
BDSZ02,MDSZ02,1,15.86629231792033
BDSZ02,MUSZ03,4,9.837848846420565
BDSZ02,NTSZ03,1,10.25401824077115
BDSZ02,OTSZ01,1,11.400478552570846
BDSZ02,OTSZ02,1,11.471508480841628
BDSZ02,OTSZ03,5,11.358412655981361
BDSZ02,OTSZ04,1,10.783867140757817
BDSZ02,PGSZ05,1,6.926073609731806
BDSZ02,PLSZ01,1,3.6837364087590867
BDSZ02,PLSZ04,1,3.46052808615588
BDSZ02,PLSZ05,1,2.552377467877857
BDSZ02,PRSZ03,1,4.295436729679094
BDSZ02,QTSZ08,1,15.737839109088444
BDSZ02,QTSZ09,1,16.884877943507448
BDSZ02,QTSZ10,1,16.805326829008276
BDSZ02,QTSZ12,1,16.07558697325516
BDSZ02,QTSZ13,1,17.306972080229393
BDSZ02,QTSZ14,1,16.20518190561458
BDSZ02,QTSZ15,1,18.179380468577516
BDSZ02,SBSZ04,1,17.89878982173058
BDSZ02,SESZ02,1,5.796424256384012
BDSZ02,SRSZ01,1,11.307035644365238
BDSZ02,TMSZ02,2,3.1974410229416415
BDSZ02,TMSZ03,1,1.426330615584882
BDSZ02,TMSZ04,2,3.076728253028696
BDSZ02,TMSZ05,4,4.902586233981663
BDSZ02,TNSZ01,1,11.703762233959745
BDSZ02,TPSZ02,1,8.969346714397549
BDSZ02,TPSZ12,2,4.906869681187716
BDSZ02,WDSZ09,1,20.329223654410505
BDSZ03,AMSZ01,1,9.324033482938916
BDSZ03,AMSZ06,1,10.03264253261245
BDSZ03,AMSZ09,1,10.486206580311865
BDSZ03,BDSZ03,4,0.0
BDSZ03,BDSZ04,24,2.353398647735378
BDSZ03,BDSZ05,1,1.2367687855374871
BDSZ03,BDSZ06,4,3.2398903564817414
BDSZ03,BDSZ07,1,2.393711987511306
BDSZ03,BDSZ08,1,3.8704324402732153
BDSZ03,BKSZ08,1,17.77884833333138
BDSZ03,BMSZ04,1,10.86100539661286
BDSZ03,BMSZ07,1,12.494736613429522
BDSZ03,BMSZ09,1,10.241942684786586
BDSZ03,BPSZ01,2,18.540411643888437
BDSZ03,BPSZ05,1,17.5508810710077
BDSZ03,BSSZ02,2,8.520774969540463
BDSZ03,BSSZ03,2,7.4943489774005805
BDSZ03,BTSZ01,1,16.079188572987103
BDSZ03,CHSZ03,4,9.816430053148721
BDSZ03,CKSZ02,1,19.62989730162925
BDSZ03,CKSZ03,1,19.835919857142542
BDSZ03,DTSZ01,5,7.211710053279743
BDSZ03,DTSZ02,4,7.8194368545161606
BDSZ03,DTSZ03,2,7.213202254188602
BDSZ03,DTSZ05,5,8.511726836187197
BDSZ03,DTSZ08,3,9.022770380356468
BDSZ03,DTSZ09,2,9.469912495529325
BDSZ03,DTSZ11,2,8.899000738562764
BDSZ03,DTSZ12,1,7.843471795454008
BDSZ03,GLSZ02,1,3.392513564310625
BDSZ03,GLSZ03,2,2.1823421825580493
BDSZ03,GLSZ04,2,3.7432437975351087
BDSZ03,GLSZ05,9,2.1091080461297502
BDSZ03,HGSZ03,2,6.076671439603771
BDSZ03,HGSZ05,1,7.320438382262625
BDSZ03,HGSZ06,1,5.74849203762351
BDSZ03,JWSZ08,1,24.635460788979795
BDSZ03,KLSZ06,3,6.46658954889689
BDSZ03,KLSZ08,1,5.698983846038269
BDSZ03,KLSZ09,1,6.345706483022594
BDSZ03,MPSZ03,1,2.603159149303617
BDSZ03,MUSZ01,1,8.344435741087556
BDSZ03,MUSZ02,1,8.459029408260127
BDSZ03,MUSZ03,1,8.012597911749303
BDSZ03,NVSZ02,2,8.130818413987075
BDSZ03,ORSZ02,3,9.480734441090526
BDSZ03,OTSZ01,1,9.525195933870442
BDSZ03,PGSZ03,1,8.903620277638385
BDSZ03,PGSZ04,2,7.789495211524726
BDSZ03,PGSZ05,1,8.50016530912628
BDSZ03,PLSZ04,1,3.5982830356699895
BDSZ03,PRSZ03,3,6.366368145316426
BDSZ03,PRSZ08,1,6.8187287823468266
BDSZ03,QTSZ01,1,14.327135578134191
BDSZ03,QTSZ08,1,14.15559487927562
BDSZ03,QTSZ09,1,15.461662721046157
BDSZ03,QTSZ12,1,14.372801652016264
BDSZ03,QTSZ14,3,14.438584841693492
BDSZ03,RCSZ01,2,7.267978873305736
BDSZ03,SBSZ03,1,17.350247815573944
BDSZ03,SESZ03,2,7.689156546965188
BDSZ03,SESZ06,1,8.95036635976518
BDSZ03,SGSZ03,1,7.2405691977770825
BDSZ03,SRSZ01,1,9.493273401387382
BDSZ03,SRSZ03,1,8.574055102558575
BDSZ03,TMSZ02,2,5.151074697135133
BDSZ03,TMSZ03,4,3.4743062726524045
BDSZ03,TMSZ04,3,4.618001435038769
BDSZ03,TMSZ05,1,5.965584280085488
BDSZ03,TPSZ02,2,7.788744497305076
BDSZ03,TPSZ03,1,7.544299482359554
BDSZ03,TPSZ06,3,6.475660536201384
BDSZ03,WDSZ03,1,18.09292159936792
BDSZ03,WDSZ09,1,20.510085034976445
BDSZ03,YSSZ09,1,15.107682401610045
BDSZ04,AMSZ01,4,10.977868930744721
BDSZ04,AMSZ02,1,10.249391539235045
BDSZ04,AMSZ10,1,11.709254893091043
BDSZ04,BDSZ01,10,2.996661839518554
BDSZ04,BDSZ02,6,1.517590146979497
BDSZ04,BDSZ03,27,2.353398647735378
BDSZ04,BDSZ04,67,0.0
BDSZ04,BDSZ05,11,2.45621100070819
BDSZ04,BDSZ06,29,1.3781452505148277
BDSZ04,BDSZ07,3,2.830426449952091
BDSZ04,BDSZ08,4,2.3182251363040094
BDSZ04,BKSZ01,2,20.311747760348133
BDSZ04,BKSZ05,1,19.336311489881354
BDSZ04,BKSZ08,1,19.949417462033285
BDSZ04,BLSZ02,1,25.358484646438445
BDSZ04,BMSZ01,1,15.241125481937997
BDSZ04,BMSZ02,3,14.120629548717993
BDSZ04,BMSZ03,2,14.043815972803474
BDSZ04,BMSZ05,2,12.601498129898953
BDSZ04,BMSZ08,1,13.524949960868874
BDSZ04,BMSZ16,1,12.684349647283863
BDSZ04,BMSZ17,1,13.194476195149397
BDSZ04,BSSZ01,5,11.923322731000368
BDSZ04,BSSZ03,1,9.476479335513154
BDSZ04,BTSZ01,2,18.300948000654763
BDSZ04,CHSZ02,2,6.281336292639992
BDSZ04,CHSZ03,12,7.463238829167281
BDSZ04,CKSZ06,1,22.31941993026588
BDSZ04,CLSZ03,1,19.939716629611898
BDSZ04,DTSZ01,1,9.548239775598132
BDSZ04,DTSZ02,6,10.133199309040231
BDSZ04,DTSZ03,5,9.504899735462661
BDSZ04,DTSZ05,11,10.783708417296742
BDSZ04,DTSZ06,1,10.325197991209292
BDSZ04,DTSZ08,9,11.271097145894494
BDSZ04,DTSZ09,2,11.712949078515518
BDSZ04,DTSZ11,4,11.110192911324528
BDSZ04,GLSZ01,2,6.679438452163554
BDSZ04,GLSZ02,1,5.659638278603995
BDSZ04,GLSZ03,4,4.3857290474795105
BDSZ04,GLSZ04,8,6.095252884793878
BDSZ04,GLSZ05,17,4.4484831020133795
BDSZ04,HGSZ01,1,6.600939635712744
BDSZ04,HGSZ04,1,7.353242592388138
BDSZ04,HGSZ06,5,7.134561488410888
BDSZ04,HGSZ07,1,6.228656760166788
BDSZ04,HGSZ08,5,5.5812352539494
BDSZ04,JESZ01,1,22.75795585837397
BDSZ04,JESZ02,1,21.94756753097524
BDSZ04,JESZ03,1,21.12589484924815
BDSZ04,JESZ05,5,21.49468574123992
BDSZ04,JESZ09,1,24.28795761121617
BDSZ04,JWSZ04,2,23.884750501794723
BDSZ04,JWSZ08,2,26.85222776898317
BDSZ04,KLSZ01,1,8.295131083075892
BDSZ04,KLSZ03,1,7.291245319987786
BDSZ04,KLSZ05,5,7.460420984539587
BDSZ04,KLSZ06,1,8.81940552503087
BDSZ04,KLSZ07,1,9.70768339987658
BDSZ04,KLSZ08,2,8.049587042147454
BDSZ04,KLSZ09,1,8.67545978625804
BDSZ04,MPSZ01,3,5.913667139001732
BDSZ04,MPSZ02,2,4.5447163919623845
BDSZ04,MPSZ03,6,4.4070958391624195
BDSZ04,MUSZ01,1,10.691306951914274
BDSZ04,MUSZ03,2,10.348522631426341
BDSZ04,NTSZ03,1,11.031620094636256
BDSZ04,NVSZ01,2,9.459263596389071
BDSZ04,NVSZ02,3,10.457646197229778
BDSZ04,ORSZ02,3,11.832707237144264
BDSZ04,ORSZ03,1,11.2727208010041
BDSZ04,OTSZ03,12,11.697349354766779
BDSZ04,OTSZ04,2,11.153061949964261
BDSZ04,PGSZ04,2,7.660949513374884
BDSZ04,PLSZ01,1,4.886173132987908
BDSZ04,PNSZ01,1,28.518898008781655
BDSZ04,PRSZ03,7,4.815776552853279
BDSZ04,PRSZ05,3,5.003038737292719
BDSZ04,PRSZ06,4,6.461005515275194
BDSZ04,PRSZ08,2,4.653671693815638
BDSZ04,QTSZ04,1,15.822333630824414
BDSZ04,QTSZ07,1,15.940301526413709
BDSZ04,QTSZ08,4,16.505545869932877
BDSZ04,QTSZ11,2,18.12981021876255
BDSZ04,QTSZ12,2,16.724296884676512
BDSZ04,QTSZ14,1,16.781182620540182
BDSZ04,QTSZ15,1,18.810027052637217
BDSZ04,RCSZ08,1,10.102996087496736
BDSZ04,RCSZ09,1,9.936189577603995
BDSZ04,RCSZ10,5,9.84356523760093
BDSZ04,SESZ03,2,8.026016071672588
BDSZ04,SGSZ02,1,9.331597005362498
BDSZ04,SGSZ03,2,8.507360556967054
BDSZ04,SGSZ04,1,8.506360463148305
BDSZ04,SGSZ06,3,7.65814359492801
BDSZ04,SISZ01,1,14.842751640854337
BDSZ04,SLSZ01,2,11.947580871835735
BDSZ04,SRSZ02,2,11.132719283274374
BDSZ04,TMSZ02,15,3.1599829379376176
BDSZ04,TMSZ03,9,2.01283224519501
BDSZ04,TMSZ04,28,2.300713819335355
BDSZ04,TMSZ05,8,3.6785665957272142
BDSZ04,TNSZ01,2,12.549098079465058
BDSZ04,TPSZ02,3,10.01175911084826
BDSZ04,TPSZ05,1,8.849765675435894
BDSZ04,TPSZ12,3,6.008409095329712
BDSZ04,TSSZ02,1,33.47331631790159
BDSZ04,TSSZ04,1,32.50028516180844
BDSZ04,WCSZ01,4,27.975626199613018
BDSZ04,WDSZ01,1,20.6937965364236
BDSZ04,WDSZ02,1,20.152318568041874
BDSZ04,WDSZ04,1,19.263124088724396
BDSZ04,WDSZ08,1,20.499180280828377
BDSZ04,YSSZ03,1,14.707420918208884
BDSZ04,YSSZ04,1,14.6628820019847
BDSZ04,YSSZ08,1,15.403852654368544
BDSZ04,YSSZ09,4,16.1763210369897
BDSZ05,AMSZ01,1,10.418612847711868
BDSZ05,AMSZ08,1,12.99732690304617
BDSZ05,BDSZ03,5,1.2367687855374871
BDSZ05,BDSZ04,7,2.45621100070819
BDSZ05,BDSZ05,6,0.0
BDSZ05,BDSZ06,4,2.7834177816232066
BDSZ05,BDSZ07,1,1.1735797544345048
BDSZ05,BLSZ02,1,23.591941414374357
BDSZ05,BMSZ02,1,11.89243535959229
BDSZ05,BMSZ07,1,12.689271122679017
BDSZ05,BSSZ03,1,8.44677325528925
BDSZ05,BTSZ02,1,14.529252916120234
BDSZ05,CHSZ03,2,9.659086579636442
BDSZ05,CLSZ01,1,18.33795583952856
BDSZ05,DTSZ01,3,7.366576839853502
BDSZ05,DTSZ02,2,7.878994012636982
BDSZ05,DTSZ03,2,7.213879914949417
BDSZ05,DTSZ05,3,8.454603987493579
BDSZ05,DTSZ08,4,8.912783835674489
BDSZ05,DTSZ11,2,8.721219634967971
BDSZ05,DTSZ12,1,7.717459511120963
BDSZ05,GLSZ02,1,4.1584806112684936
BDSZ05,GLSZ04,1,4.097173192895421
BDSZ05,GLSZ05,5,2.4661511449633133
BDSZ05,HGSZ01,1,6.900501656844398
BDSZ05,HGSZ04,1,7.580785344481995
BDSZ05,HGSZ08,1,4.867442446922774
BDSZ05,JESZ01,1,21.253931528832577
BDSZ05,JESZ03,1,19.5415644978481
BDSZ05,JESZ05,1,19.86388808033703
BDSZ05,KLSZ06,1,6.826322571835881
BDSZ05,KLSZ08,1,6.108495931138424
BDSZ05,MPSZ01,1,3.5537057261176392
BDSZ05,MPSZ02,4,2.1775499489765475
BDSZ05,MPSZ03,2,1.9516366829651035
BDSZ05,MUSZ01,1,8.55016060386053
BDSZ05,MUSZ03,3,8.15634994682055
BDSZ05,NTSZ03,1,9.104176071717944
BDSZ05,NVSZ01,1,7.801726669784155
BDSZ05,NVSZ02,1,8.632886317510067
BDSZ05,ORSZ01,1,10.577216405886919
BDSZ05,ORSZ02,2,9.822323673040676
BDSZ05,ORSZ03,2,9.184017366866579
BDSZ05,OTSZ02,1,9.559575860395189
BDSZ05,OTSZ03,3,9.367433629412114
BDSZ05,PGSZ03,1,10.115719150363004
BDSZ05,PGSZ04,1,8.94760456373942
BDSZ05,PRSZ02,1,7.489557020551933
BDSZ05,PRSZ03,1,7.0661720537196056
BDSZ05,QTSZ08,2,14.496177661897205
BDSZ05,QTSZ09,1,15.92894634390073
BDSZ05,QTSZ11,2,16.12321157474884
BDSZ05,QTSZ13,2,15.910491069958576
BDSZ05,RCSZ09,1,7.816711516885411
BDSZ05,TMSZ03,3,4.130614942004426
BDSZ05,TMSZ04,5,4.713978723286054
BDSZ05,TNSZ01,1,10.68006288359569
BDSZ05,TPSZ04,1,7.830745072673285
BDSZ05,TPSZ07,1,7.127475028667871
BDSZ05,TPSZ11,1,5.592999817040686
BDSZ05,TPSZ12,1,4.881130194757933
BDSZ06,AMSZ01,1,12.2739413863449
BDSZ06,BDSZ01,4,4.196249235588879
BDSZ06,BDSZ02,1,2.895425489189158
BDSZ06,BDSZ03,3,3.2398903564817414
BDSZ06,BDSZ04,31,1.3781452505148277
BDSZ06,BDSZ05,4,2.7834177816232066
BDSZ06,BDSZ06,12,0.0
BDSZ06,BDSZ08,1,0.9600731141623087
BDSZ06,BLSZ02,1,26.27411934551337
BDSZ06,BMSZ01,1,15.694414297028466
BDSZ06,BMSZ05,1,13.070263729027396
BDSZ06,BMSZ12,2,15.735487336523105
BDSZ06,BMSZ17,1,13.508099962381412
BDSZ06,BPSZ03,1,20.523369923407195
BDSZ06,BSSZ01,1,13.115383475122762
BDSZ06,BTSZ01,1,19.318229975509333
BDSZ06,CHSZ02,2,6.397742369227303
BDSZ06,CHSZ03,8,6.900932907316341
BDSZ06,CKSZ06,1,23.56613769529501
BDSZ06,DTSZ01,4,10.149008187409153
BDSZ06,DTSZ02,7,10.659703043253156
BDSZ06,DTSZ03,2,9.988847150595108
BDSZ06,DTSZ05,5,11.214067516963254
BDSZ06,DTSZ08,7,11.654594428434788
BDSZ06,DTSZ11,8,11.437537142795163
BDSZ06,DTSZ12,1,10.459728547577761
BDSZ06,GLSZ02,1,6.631576330750019
BDSZ06,GLSZ03,1,5.4109308797144156
BDSZ06,GLSZ04,5,6.8244187577684
BDSZ06,GLSZ05,9,5.16174864786292
BDSZ06,HGSZ02,1,7.432073226291926
BDSZ06,HGSZ05,2,9.655796735455517
BDSZ06,KLSZ04,1,8.363186706457462
BDSZ06,KLSZ07,1,10.512604445395665
BDSZ06,KLSZ08,1,8.829036913784593
BDSZ06,MPSZ02,1,4.951528066118321
BDSZ06,MPSZ03,3,4.603267741098764
BDSZ06,MUSZ01,2,11.329696698589554
BDSZ06,MUSZ03,1,10.939561943782842
BDSZ06,NTSZ05,1,11.541409685178502
BDSZ06,NVSZ02,3,11.31785586188237
BDSZ06,ORSZ02,1,12.577033795412547
BDSZ06,ORSZ03,2,11.956079769000304
BDSZ06,OTSZ03,2,12.124602197051
BDSZ06,PGSZ01,1,11.34559432595522
BDSZ06,PGSZ04,1,8.949864026956954
BDSZ06,PNSZ02,1,30.65906683938867
BDSZ06,PRSZ03,2,5.64142487721362
BDSZ06,PRSZ04,1,6.611559120924702
BDSZ06,PRSZ05,1,5.5256676370579925
BDSZ06,PRSZ06,1,6.830880702307267
BDSZ06,PRSZ08,1,4.855385417404755
BDSZ06,QTSZ08,1,17.256034389561194
BDSZ06,QTSZ11,1,18.88353040336475
BDSZ06,QTSZ14,1,17.367044740674153
BDSZ06,RCSZ01,1,10.365356289640395
BDSZ06,RCSZ10,1,10.46355684932949
BDSZ06,SBSZ03,1,19.790009472768126
BDSZ06,SESZ03,1,9.380620915368945
BDSZ06,SGSZ06,2,8.898520899298843
BDSZ06,SRSZ01,1,12.410828829331106
BDSZ06,TMSZ02,6,3.7427675516641705
BDSZ06,TMSZ03,4,3.160251478678926
BDSZ06,TMSZ04,5,2.3820541097862336
BDSZ06,TMSZ05,5,2.8616357130860677
BDSZ06,TNSZ02,1,13.73958866840457
BDSZ06,TNSZ04,1,14.651450512734659
BDSZ06,TPSZ02,2,11.028620243192444
BDSZ06,TPSZ04,1,10.290424584439776
BDSZ06,TPSZ06,1,9.70649446247911
BDSZ06,TPSZ09,1,8.86767920128027
BDSZ06,WDSZ02,1,21.51349167072754
BDSZ06,YSSZ01,1,16.67969468578144
BDSZ07,BDSZ03,1,2.393711987511306
BDSZ07,BDSZ04,4,2.830426449952091
BDSZ07,BDSZ07,3,0.0
BDSZ07,BKSZ04,1,20.013612715977708
BDSZ07,BMSZ15,1,11.954379421065648
BDSZ07,BTSZ06,1,14.115053178638457
BDSZ07,CHSZ03,1,9.380118844585043
BDSZ07,DTSZ01,1,7.942287381475823
BDSZ07,DTSZ04,1,9.035161390101083
BDSZ07,DTSZ05,1,8.83162351417707
BDSZ07,DTSZ11,2,8.984146942147637
BDSZ07,GLSZ04,1,4.915805109093144
BDSZ07,GLSZ05,2,3.395806591925658
BDSZ07,JESZ06,1,20.019577096372
BDSZ07,JWSZ03,1,23.402502666282707
BDSZ07,MPSZ01,1,4.018934156079275
BDSZ07,MPSZ02,2,2.7523796567509886
BDSZ07,MPSZ03,3,2.208686361486312
BDSZ07,NTSZ02,1,10.343928034193944
BDSZ07,QTSZ11,2,16.769294207217236
BDSZ07,QTSZ12,1,15.143409510750427
BDSZ07,SESZ03,1,10.000989200375706
BDSZ07,TMSZ04,1,4.828542881739271
BDSZ07,WDSZ09,1,22.832850950702284
BDSZ08,BDSZ03,1,3.8704324402732153
BDSZ08,BDSZ04,6,2.3182251363040094
BDSZ08,BTSZ03,1,18.389285925209016
BDSZ08,DTSZ05,1,11.36010900977678
BDSZ08,DTSZ08,1,11.763885535312303
BDSZ08,GLSZ02,1,7.212484465222018
BDSZ08,GLSZ03,1,6.049044377589546
BDSZ08,GLSZ05,1,5.603125852337421
BDSZ08,JWSZ08,1,28.416763109724215
BDSZ08,MPSZ03,1,4.727759328440013
BDSZ08,MUSZ03,1,11.202013726613183
BDSZ08,TMSZ05,2,2.845317949036391
BKSZ01,AMSZ09,1,9.276314221608306
BKSZ01,BDSZ04,1,20.311747760348133
BKSZ01,BKSZ01,1,0.0
BKSZ01,BKSZ02,2,1.283012967023716
BKSZ01,BKSZ04,1,1.5903261436017115
BKSZ01,BKSZ05,1,1.6766132445872057
BKSZ01,BKSZ07,1,2.494888640207902
BKSZ01,BMSZ01,1,12.807845064458265
BKSZ01,BMSZ07,1,10.781572793784887
BKSZ01,BPSZ03,1,2.2972231554329228
BKSZ01,BPSZ04,1,2.0608049702147597
BKSZ01,BPSZ05,4,1.2221236874947188
BKSZ01,BSSZ03,2,10.837324231512495
BKSZ01,CKSZ02,1,1.4063068277631052
BKSZ01,CKSZ04,1,2.3754313721632516
BKSZ01,CLSZ01,1,4.175494080308019
BKSZ01,DTSZ03,1,14.258576744970759
BKSZ01,DTSZ05,2,14.093062742471947
BKSZ01,DTSZ08,1,14.309905010546611
BKSZ01,DTSZ11,1,14.82343886904127
BKSZ01,GLSZ03,1,16.079139554622028
BKSZ01,HGSZ06,2,13.713553901868728
BKSZ01,JESZ01,1,3.7657230516200797
BKSZ01,JESZ05,4,4.34669321998494
BKSZ01,JWSZ04,1,5.587790373563708
BKSZ01,JWSZ06,1,7.842284890809791
BKSZ01,KLSZ06,1,13.037714792182129
BKSZ01,KLSZ09,1,14.065661197687797
BKSZ01,NVSZ01,1,11.48578767013963
BKSZ01,NVSZ03,1,9.929760739729648
BKSZ01,OTSZ03,1,13.801283997760153
BKSZ01,PGSZ05,1,17.84065187655209
BKSZ01,PRSZ02,1,20.29836283272554
BKSZ01,QTSZ05,1,9.796445918810852
BKSZ01,QTSZ08,3,8.740422812439041
BKSZ01,QTSZ11,1,8.422569917972053
BKSZ01,SESZ06,1,13.540617250829696
BKSZ01,TNSZ01,1,9.656403284024641
BKSZ01,TPSZ11,1,13.518621720701221
BKSZ01,WDSZ02,1,8.71527404061458
BKSZ01,WDSZ04,1,7.822607050385014
BKSZ01,YSSZ02,1,11.774762940503537
BKSZ01,YSSZ03,1,11.857171061653116
BKSZ01,YSSZ09,1,10.681900595175762
BKSZ02,BKSZ01,2,1.283012967023716
BKSZ02,BKSZ02,3,0.0
BKSZ02,BKSZ03,1,1.0140689767755455
BKSZ02,BKSZ04,1,1.0331567932885513
BKSZ02,BKSZ05,2,1.9357399965703261
BKSZ02,BKSZ06,3,1.8100739736251934
BKSZ02,BKSZ07,5,1.6583169518669376
BKSZ02,BMSZ01,1,12.747004170753478
BKSZ02,BMSZ02,2,11.920401304565363
BKSZ02,BPSZ04,1,3.332319905966672
BKSZ02,BPSZ05,2,2.5045568965641336
BKSZ02,BPSZ07,2,3.469533070325162
BKSZ02,BSSZ03,1,11.760946825002108
BKSZ02,BTSZ01,3,3.8054983211680304
BKSZ02,CHSZ02,1,25.566302031604774
BKSZ02,CKSZ01,1,2.23320044572161
BKSZ02,CKSZ02,2,1.4313454196957889
BKSZ02,CKSZ03,2,2.479602875438062
BKSZ02,CKSZ05,1,3.308480988880744
BKSZ02,CLSZ01,1,3.565033014304548
BKSZ02,CLSZ06,1,5.8756148426313235
BKSZ02,CLSZ07,1,6.898528921681458
BKSZ02,CLSZ09,1,6.1187277600847345
BKSZ02,DTSZ05,4,14.4315115088511
BKSZ02,DTSZ11,1,15.113290976810418
BKSZ02,DTSZ12,1,15.129238838096429
BKSZ02,JESZ01,1,2.4947748979176345
BKSZ02,JESZ04,1,3.683282106990184
BKSZ02,JESZ05,7,3.344636714843406
BKSZ02,JESZ08,2,5.347944420120102
BKSZ02,JWSZ03,2,3.3156034805573937
BKSZ02,JWSZ05,1,4.947625535590825
BKSZ02,JWSZ07,1,7.854953557733785
BKSZ02,JWSZ08,3,6.2406664411798305
BKSZ02,JWSZ09,1,5.686855919761207
BKSZ02,NTSZ03,1,11.5642930102029
BKSZ02,OTSZ03,1,14.06430925349622
BKSZ02,PNSZ01,2,8.6593343828901
BKSZ02,PNSZ03,1,8.463110103939382
BKSZ02,PNSZ05,1,11.853244137430734
BKSZ02,PRSZ03,2,22.250298866224735
BKSZ02,QTSZ05,1,9.888456868595835
BKSZ02,QTSZ06,1,9.847416546560554
BKSZ02,QTSZ08,2,8.62322063729599
BKSZ02,QTSZ11,2,8.07161531933491
BKSZ02,RCSZ09,1,13.31852467097748
BKSZ02,SGSZ02,1,13.048648449283453
BKSZ02,SGSZ07,1,14.457040685441909
BKSZ02,SKSZ01,1,8.062491357292119
BKSZ02,SRSZ02,1,13.467069290666863
BKSZ02,TMSZ03,1,20.952676883526003
BKSZ02,TMSZ05,1,24.857408617013476
BKSZ02,TPSZ02,1,11.394100344444226
BKSZ02,TSSZ03,1,11.475155623812402
BKSZ02,TSSZ05,1,14.459967046970025
BKSZ02,WCSZ01,1,6.8278503626042015
BKSZ02,WDSZ03,1,10.592414087329205
BKSZ02,YSSZ03,1,13.139840052691644
BKSZ03,AMSZ03,1,12.64556541962061
BKSZ03,AMSZ11,1,12.376250229310475
BKSZ03,BKSZ03,9,0.0
BKSZ03,BKSZ04,1,1.289122253478546
BKSZ03,BKSZ05,3,2.411810005133522
BKSZ03,BKSZ06,2,0.9091830057450656
BKSZ03,BKSZ07,7,1.2469115509305144
BKSZ03,BKSZ08,2,1.8509308771947321
BKSZ03,BMSZ01,2,12.509359467513203
BKSZ03,BMSZ02,1,11.795300177732305
BKSZ03,BMSZ05,1,13.298141813281173
BKSZ03,BMSZ06,1,11.17807175909231
BKSZ03,BPSZ04,1,4.28957594786457
BKSZ03,BSSZ03,1,12.332917276306368
BKSZ03,BTSZ03,1,5.6071584265202095
BKSZ03,CCSZ01,1,6.958302305132078
BKSZ03,CHSZ03,1,28.78326092449299
BKSZ03,CKSZ01,2,3.207816691320493
BKSZ03,CKSZ02,2,2.25540606113678
BKSZ03,CKSZ03,2,3.3189613321302978
BKSZ03,CKSZ04,1,2.6638260898094845
BKSZ03,CKSZ05,1,4.117871179243384
BKSZ03,CKSZ06,1,5.046900158856259
BKSZ03,CLSZ08,1,6.347475735064987
BKSZ03,DTSZ01,1,14.126240393787592
BKSZ03,DTSZ03,2,14.8644205006079
BKSZ03,DTSZ05,1,14.499319347836423
BKSZ03,DTSZ08,3,14.624233933341868
BKSZ03,DTSZ11,1,15.138410742449596
BKSZ03,GLSZ03,1,17.401580089284725
BKSZ03,GLSZ05,2,17.881688756733215
BKSZ03,JESZ01,3,1.490880947913619
BKSZ03,JESZ02,1,1.7361563581299224
BKSZ03,JESZ03,2,2.0661700283619857
BKSZ03,JESZ05,4,2.5079224896408996
BKSZ03,JWSZ01,1,3.904076255139412
BKSZ03,JWSZ03,2,2.4368564971852575
BKSZ03,JWSZ04,1,3.3149730795722117
BKSZ03,JWSZ08,1,5.405368868525178
BKSZ03,JWSZ09,2,4.782552001165041
BKSZ03,KLSZ08,1,14.46116419755196
BKSZ03,NVSZ01,1,12.555893370869093
BKSZ03,NVSZ03,1,10.819628963234459
BKSZ03,ORSZ01,1,10.87572413252948
BKSZ03,ORSZ02,1,11.49520618847122
BKSZ03,QTSZ08,4,8.383940950090771
BKSZ03,QTSZ11,3,7.656767737660961
BKSZ03,RVSZ03,1,12.059032981268617
BKSZ03,SRSZ03,2,14.016220812851698
BKSZ03,TMSZ01,1,21.90931183950623
BKSZ03,TMSZ04,1,23.601215004198412
BKSZ03,TNSZ04,1,9.091728218170497
BKSZ03,TPSZ02,1,11.815458084478665
BKSZ03,TPSZ03,1,12.053928169548506
BKSZ03,TPSZ06,1,13.10672079645523
BKSZ03,TSSZ02,1,12.215977823591086
BKSZ03,TSSZ03,2,10.611832787217605
BKSZ03,WCSZ01,4,6.535441458966325
BKSZ03,WDSZ09,2,11.397282471520139
BKSZ04,BKSZ03,1,1.289122253478546
BKSZ04,BKSZ04,2,0.0
BKSZ04,BKSZ05,2,1.1230550579414724
BKSZ04,BKSZ07,2,0.9127640438742397
BKSZ04,BKSZ09,1,1.6739833419061791
BKSZ04,BMSZ13,1,10.68950240911828
BKSZ04,BPSZ05,1,2.6624672994311895
BKSZ04,BTSZ01,1,2.777224787556547
BKSZ04,BTSZ06,1,6.2606597410421
BKSZ04,CHSZ03,2,27.494306293909997
BKSZ04,CKSZ01,1,2.906700771289461
BKSZ04,CKSZ06,3,5.07033689772302
BKSZ04,DTSZ10,1,13.50060353003181
BKSZ04,DTSZ11,1,14.102185505746002
BKSZ04,GLSZ05,1,16.628014501114166
BKSZ04,HGSZ08,1,14.931022754502314
BKSZ04,JESZ03,1,2.1747668363872275
BKSZ04,JESZ05,3,2.7771039950305636
BKSZ04,JESZ06,1,3.3003154404477755
BKSZ04,JWSZ03,1,3.692369535948641
BKSZ04,JWSZ09,2,5.9966123375675515
BKSZ04,NVSZ01,1,11.312623887500976
BKSZ04,PNSZ02,1,10.445846803456032
BKSZ04,PRSZ03,1,21.6584053695842
BKSZ04,QTSZ05,2,8.85789354607472
BKSZ04,QTSZ08,1,7.594521267380253
BKSZ04,QTSZ11,1,7.081561054499716
BKSZ04,RCSZ05,1,13.172653915979831
BKSZ04,SBSZ08,1,13.243400608549852
BKSZ04,SKSZ03,2,5.053286799453393
BKSZ04,TPSZ01,1,9.932275512026486
BKSZ04,TSSZ03,1,11.840861074559866
BKSZ04,WCSZ01,1,7.716325887857574
BKSZ04,WDSZ03,3,10.935891248304463
BKSZ04,YSSZ02,1,13.114749613526477
BKSZ04,YSSZ08,1,10.84231675124182
BKSZ05,BKSZ02,1,1.9357399965703261
BKSZ05,BKSZ03,4,2.411810005133522
BKSZ05,BKSZ04,1,1.1230550579414724
BKSZ05,BKSZ05,4,0.0
BKSZ05,BKSZ07,1,1.7258909416032453
BKSZ05,BLSZ02,3,7.457322016760395
BKSZ05,BMSZ05,2,11.536291450899682
BKSZ05,BMSZ06,1,9.428710162332065
BKSZ05,BMSZ12,2,9.55455977886913
BKSZ05,BMSZ16,1,12.054277688808707
BKSZ05,BPSZ02,1,3.409123464999067
BKSZ05,BPSZ04,2,2.650441728267091
BKSZ05,BPSZ05,4,2.270302415032574
BKSZ05,BTSZ01,6,2.1505630256045407
BKSZ05,BTSZ06,2,5.355356877453587
BKSZ05,BTSZ08,1,6.294067544838763
BKSZ05,CKSZ03,6,3.7324497524941984
BKSZ05,CKSZ04,1,3.8525160827821674
BKSZ05,CKSZ05,1,4.521306234215767
BKSZ05,CLSZ01,1,2.7873229280925647
BKSZ05,CLSZ04,5,4.194477458379191
BKSZ05,CLSZ07,1,5.754340689000265
BKSZ05,CLSZ08,1,5.908222033888141
BKSZ05,DTSZ02,1,12.159002340077263
BKSZ05,DTSZ03,1,12.796493210354223
BKSZ05,DTSZ04,1,12.246270475064383
BKSZ05,DTSZ05,3,12.557889033034076
BKSZ05,DTSZ08,1,12.7470891847542
BKSZ05,DTSZ11,3,13.26205060620201
BKSZ05,GLSZ03,1,15.02860259500844
BKSZ05,GLSZ05,1,15.551429767410268
BKSZ05,HGSZ04,1,13.703424969915577
BKSZ05,JESZ01,1,3.678892203442541
BKSZ05,JESZ03,1,2.827871892297989
BKSZ05,JESZ05,11,3.4432452306580053
BKSZ05,JESZ06,1,3.7037030389551404
BKSZ05,JESZ08,1,5.088656320469565
BKSZ05,JWSZ03,1,4.805726610909854
BKSZ05,JWSZ08,2,7.772856988410621
BKSZ05,JWSZ09,3,7.085378218359433
BKSZ05,KLSZ06,2,11.701053587078755
BKSZ05,KLSZ07,2,10.676496739628917
BKSZ05,MUSZ01,1,11.02260262953026
BKSZ05,NTSZ03,1,9.639290620897304
BKSZ05,NVSZ02,1,9.736292858256322
BKSZ05,ORSZ02,1,9.460451546290008
BKSZ05,ORSZ03,1,10.313216336885693
BKSZ05,OTSZ01,1,11.449819119563504
BKSZ05,OTSZ03,2,12.22536847792857
BKSZ05,PGSZ04,1,16.945654026123876
BKSZ05,QTSZ01,1,5.621772030528751
BKSZ05,QTSZ02,1,6.281175636492754
BKSZ05,QTSZ05,2,8.149754245483292
BKSZ05,QTSZ08,3,7.063810457789163
BKSZ05,QTSZ11,4,6.781726210469482
BKSZ05,QTSZ14,1,9.32732838555312
BKSZ05,RCSZ10,1,11.696272512625605
BKSZ05,SBSZ01,1,12.67367523583195
BKSZ05,SBSZ03,1,11.73019964194704
BKSZ05,SBSZ07,1,13.807005255438025
BKSZ05,SESZ05,1,14.385148752933004
BKSZ05,SGSZ05,1,11.067846132080467
BKSZ05,SRSZ02,1,11.590887065743678
BKSZ05,THSZ01,1,4.013931153561201
BKSZ05,TMSZ03,2,19.140366331204117
BKSZ05,TMSZ04,1,21.196035580049774
BKSZ05,TMSZ05,1,22.99621738402519
BKSZ05,TPSZ06,1,10.732787097157471
BKSZ05,WCSZ01,2,8.756646641547668
BKSZ05,WDSZ02,4,9.857233659859162
BKSZ05,YSSZ01,1,11.385341825314793
BKSZ06,AMSZ09,1,11.504090738748538
BKSZ06,BDSZ04,1,21.62299616285003
BKSZ06,BKSZ02,3,1.8100739736251934
BKSZ06,BKSZ03,2,0.9091830057450656
BKSZ06,BKSZ05,3,2.573464900178472
BKSZ06,BKSZ06,3,0.0
BKSZ06,BKSZ07,8,0.9082341190430384
BKSZ06,BMSZ01,1,11.817977542866036
BKSZ06,BMSZ12,2,10.342949485355764
BKSZ06,BSSZ01,1,10.071319107858015
BKSZ06,BTSZ01,2,3.427912552757947
BKSZ06,BTSZ06,1,7.026197393003264
BKSZ06,CKSZ03,1,4.215691056019548
BKSZ06,CLSZ07,1,5.62720541188453
BKSZ06,DTSZ01,1,13.742290504640849
BKSZ06,DTSZ02,1,13.764909763629175
BKSZ06,JESZ05,5,1.5989217857840567
BKSZ06,JWSZ06,1,5.2397235262032
BKSZ06,KLSZ09,1,14.479817076233784
BKSZ06,MPSZ01,1,17.330647891299954
BKSZ06,OTSZ03,3,13.546235651950658
BKSZ06,PNSZ02,1,8.90860059363808
BKSZ06,QTSZ08,1,7.711069608933311
BKSZ06,QTSZ10,1,6.380151369182687
BKSZ06,QTSZ11,1,6.881794096641557
BKSZ06,QTSZ12,1,8.910498666421525
BKSZ06,QTSZ14,1,9.710245206104176
BKSZ06,SBSZ09,1,13.842795301603187
BKSZ06,THSZ01,1,2.3588917923711237
BKSZ06,TNSZ01,1,9.862577636656964
BKSZ06,TPSZ03,1,11.957094003315609
BKSZ06,TPSZ09,1,13.809379079576438
BKSZ06,TSSZ05,1,13.14971927055757
BKSZ06,WDSZ03,1,12.357722940464887
BKSZ06,YSSZ09,1,13.560053879123133
BKSZ07,AMSZ10,1,11.44848228504245
BKSZ07,AMSZ12,1,12.108204576448358
BKSZ07,BDSZ04,1,20.72551354367089
BKSZ07,BKSZ02,4,1.6583169518669376
BKSZ07,BKSZ03,7,1.2469115509305144
BKSZ07,BKSZ04,3,0.9127640438742397
BKSZ07,BKSZ05,3,1.7258909416032453
BKSZ07,BKSZ06,1,0.9082341190430384
BKSZ07,BKSZ07,2,0.0
BKSZ07,BKSZ08,3,0.8027098114600649
BKSZ07,BKSZ09,5,1.1548323650255352
BKSZ07,BLSZ01,1,5.206575070766729
BKSZ07,BLSZ02,1,5.737865216344393
BKSZ07,BMSZ05,1,12.054079887109697
BKSZ07,BMSZ06,1,9.934611957979765
BKSZ07,BMSZ07,2,9.408171994743311
BKSZ07,BMSZ12,2,9.760624601971198
BKSZ07,BPSZ04,2,4.1867634133513985
BKSZ07,BPSZ05,2,3.570516970567449
BKSZ07,BPSZ07,1,3.1061195662990415
BKSZ07,BSSZ01,1,9.164318821172182
BKSZ07,BTSZ01,6,2.606142587234807
BKSZ07,BTSZ03,1,4.37800235314621
BKSZ07,BTSZ05,1,6.635889330489553
BKSZ07,BTSZ06,1,6.206736825059611
BKSZ07,CHSZ03,1,27.85785936428942
BKSZ07,CKSZ02,1,3.088972633656459
BKSZ07,CKSZ03,2,4.127315941100712
BKSZ07,CKSZ04,2,3.7236181758583453
BKSZ07,CKSZ06,1,5.865113286677393
BKSZ07,CLSZ04,2,3.803388744216083
BKSZ07,CLSZ05,1,3.5652214606972246
BKSZ07,CLSZ08,1,5.249101996075415
BKSZ07,CLSZ09,1,4.4626014448331395
BKSZ07,DTSZ01,1,12.936815172775264
BKSZ07,DTSZ02,1,12.986378439497168
BKSZ07,DTSZ03,1,13.661345009430862
BKSZ07,DTSZ05,6,13.271577358620892
BKSZ07,DTSZ08,2,13.388242300283844
BKSZ07,DTSZ11,1,13.901982107966932
BKSZ07,DTSZ12,2,14.00612280894079
BKSZ07,GLSZ01,2,14.188969834335996
BKSZ07,GLSZ02,1,15.15840102671143
BKSZ07,GLSZ03,2,16.376553450100367
BKSZ07,GLSZ04,1,15.265410405045362
BKSZ07,JESZ02,1,1.5378256704323603
BKSZ07,JESZ05,13,1.8651432569207955
BKSZ07,JESZ10,1,5.034127772843234
BKSZ07,JWSZ01,1,4.890234711965289
BKSZ07,JWSZ03,1,3.2683911793606897
BKSZ07,JWSZ04,2,3.576577454495037
BKSZ07,JWSZ08,4,6.184790405541724
BKSZ07,JWSZ09,6,5.441460194036724
BKSZ07,KLSZ03,1,14.04116573729932
BKSZ07,KLSZ08,2,13.336128907289085
BKSZ07,MPSZ02,1,17.485557547762777
BKSZ07,MUSZ01,2,11.86806916000923
BKSZ07,NTSZ03,1,10.60566124054673
BKSZ07,NVSZ01,1,11.465653920480937
BKSZ07,NVSZ03,1,9.689598208819044
BKSZ07,ORSZ02,1,10.28974087368996
BKSZ07,OTSZ03,2,12.835174529201076
BKSZ07,PNSZ01,1,8.264677414010302
BKSZ07,PNSZ02,1,9.766964895169341
BKSZ07,PRSZ03,2,22.120663395695434
BKSZ07,QTSZ01,1,5.829297870668995
BKSZ07,QTSZ02,1,6.6166341986972546
BKSZ07,QTSZ04,2,7.3137346197052215
BKSZ07,QTSZ08,3,7.146493638977682
BKSZ07,QTSZ10,1,5.879623108074198
BKSZ07,QTSZ11,5,6.47420233355883
BKSZ07,QTSZ12,1,8.418744966616782
BKSZ07,QTSZ14,2,9.243891502948275
BKSZ07,RCSZ01,1,12.10402161290207
BKSZ07,SBSZ02,1,13.252819485794983
BKSZ07,SRSZ03,1,12.791311175489296
BKSZ07,TPSZ03,1,11.056843918774915
BKSZ07,TSSZ05,1,14.009379052660982
BKSZ07,WDSZ01,1,10.765773778216593
BKSZ07,WDSZ03,1,11.845728277943762
BKSZ07,WDSZ05,1,9.564463393858173
BKSZ07,YSSZ03,1,13.901797680381584
BKSZ08,BDSZ01,1,16.966334052729923
BKSZ08,BDSZ04,1,19.949417462033285
BKSZ08,BKSZ03,2,1.8509308771947321
BKSZ08,BKSZ05,3,1.013338466632539
BKSZ08,BKSZ07,2,0.8027098114600649
BKSZ08,BMSZ02,1,10.087854257830093
BKSZ08,BMSZ05,1,11.53386548079566
BKSZ08,BMSZ07,1,8.968739662384664
BKSZ08,BMSZ17,1,12.826772318039449
BKSZ08,BPSZ05,1,3.132785441971596
BKSZ08,BTSZ01,2,1.998721015343179
BKSZ08,CKSZ03,1,4.137850114920823
BKSZ08,CLSZ04,1,3.6113775527155374
BKSZ08,CLSZ09,2,4.5788632096630355
BKSZ08,DTSZ03,1,13.02303768206327
BKSZ08,DTSZ05,1,12.68333993655599
BKSZ08,DTSZ09,1,12.75872293897628
BKSZ08,GLSZ05,1,16.056895903676004
BKSZ08,JESZ03,1,1.8145338239607156
BKSZ08,JESZ05,2,2.4301714349914216
BKSZ08,JWSZ09,1,6.244168118584593
BKSZ08,KLSZ06,1,12.071816707662494
BKSZ08,PGSZ04,1,17.823980371338752
BKSZ08,QTSZ08,5,6.779052893919564
BKSZ08,QTSZ10,1,5.596921610097811
BKSZ08,QTSZ11,1,6.277838267403658
BKSZ08,SRSZ03,1,12.196048780970152
BKSZ08,TMSZ04,1,21.859599031301315
BKSZ08,TPSZ03,1,10.277676895030861
BKSZ08,TPSZ06,1,11.318287748950357
BKSZ08,WDSZ03,1,11.368999456521973
BKSZ08,YSSZ08,1,11.005367221836723
BKSZ08,YSSZ09,2,12.241078265442177
BKSZ09,AMSZ01,1,10.470896629921134
BKSZ09,AMSZ03,1,11.144619164873472
BKSZ09,AMSZ05,1,9.41216792996604
BKSZ09,AMSZ10,2,10.981094907124511
BKSZ09,BKSZ02,1,2.6597882767438135
BKSZ09,BKSZ04,1,1.6739833419061791
BKSZ09,BKSZ05,2,1.747477203946669
BKSZ09,BKSZ06,1,1.9039083579005436
BKSZ09,BKSZ07,4,1.1548323650255352
BKSZ09,BKSZ09,4,0.0
BKSZ09,BLSZ02,1,6.097898841998623
BKSZ09,BMSZ02,1,9.394524475771709
BKSZ09,BMSZ07,1,8.255926454618534
BKSZ09,BMSZ17,1,12.141231827984916
BKSZ09,BPSZ02,1,5.1044744899719445
BKSZ09,BPSZ05,1,3.9836197496702264
BKSZ09,BPSZ07,1,2.5881679718000545
BKSZ09,BTSZ01,4,1.5341841176833413
BKSZ09,BTSZ02,1,3.8004212864710514
BKSZ09,CHSZ03,1,27.00901979596541
BKSZ09,CKSZ02,1,4.044487049908882
BKSZ09,CLSZ04,3,2.73793888428965
BKSZ09,DTSZ03,2,12.54858470334932
BKSZ09,DTSZ04,1,11.820707004265026
BKSZ09,DTSZ05,3,12.133937797708915
BKSZ09,DTSZ08,1,12.242492315645805
BKSZ09,GLSZ03,1,15.443237528150025
BKSZ09,GLSZ04,1,14.25506941241694
BKSZ09,JESZ02,1,2.144937939379743
BKSZ09,JESZ03,1,1.3928381553462843
BKSZ09,JESZ05,3,1.9302475957546805
BKSZ09,JESZ07,1,4.050753288483587
BKSZ09,JWSZ02,2,5.249428143879453
BKSZ09,JWSZ03,2,4.235243182189691
BKSZ09,JWSZ04,1,4.168464689437071
BKSZ09,JWSZ06,1,6.777096527625346
BKSZ09,JWSZ09,1,6.229349992582717
BKSZ09,MSSZ01,1,13.714664414489652
BKSZ09,MUSZ01,1,10.754622904958428
BKSZ09,NVSZ02,1,9.767898652327649
BKSZ09,OTSZ03,1,11.687141930673775
BKSZ09,PNSZ01,1,8.90525270044692
BKSZ09,PNSZ02,2,10.328317355016564
BKSZ09,PNSZ03,1,8.36520836698586
BKSZ09,QTSZ02,1,5.46181497433768
BKSZ09,QTSZ08,1,6.007534479635956
BKSZ09,QTSZ11,2,5.413848212963825
BKSZ09,QTSZ12,1,7.304289169324921
BKSZ09,QTSZ13,1,6.525374538055414
BKSZ09,SBSZ03,1,13.458662261156551
BKSZ09,SESZ05,1,15.446598740666802
BKSZ09,SKSZ03,1,6.576477513582783
BKSZ09,SRSZ03,1,11.656646287301799
BKSZ09,TMSZ03,2,19.785325778348614
BKSZ09,TSSZ04,1,12.945209792605214
BKSZ09,WCSZ01,1,8.870305648738707
BKSZ09,WDSZ02,1,11.601989402462506
BKSZ09,WDSZ03,1,12.160242114969078
BKSZ09,YSSZ02,1,13.975221893655025
BKSZ09,YSSZ03,1,13.784001208799644
BLSZ01,BDSZ01,1,22.294793207416188
BLSZ01,BKSZ07,1,5.206575070766729
BLSZ01,BPSZ05,2,8.44972105576737
BLSZ01,CKSZ06,1,9.386534577206058
BLSZ01,JWSZ09,2,1.7967443334846318
BLSZ01,SGSZ07,1,18.79731910763729
BLSZ01,YSSZ09,1,17.910578734525362
BLSZ02,BDSZ04,2,25.358484646438445
BLSZ02,BKSZ04,1,6.542132019663276
BLSZ02,BKSZ05,1,7.457322016760395
BLSZ02,BKSZ07,1,5.737865216344393
BLSZ02,BKSZ09,1,6.097898841998623
BLSZ02,BLSZ03,2,1.311657213372354
BLSZ02,BMSZ01,1,12.94607960535146
BLSZ02,BMSZ10,1,14.214734558163128
BLSZ02,BPSZ04,1,9.836696258353802
BLSZ02,CKSZ03,2,8.619326421483654
BLSZ02,CKSZ04,1,7.587056878456425
BLSZ02,GLSZ03,1,20.975588161241895
BLSZ02,JESZ01,1,4.146025609469345
BLSZ02,JESZ02,1,4.201259055039847
BLSZ02,JESZ05,3,4.170646619021972
BLSZ02,JWSZ04,2,2.312294601603056
BLSZ02,JWSZ08,3,3.2795815540467808
BLSZ02,JWSZ09,4,2.5274428480289526
BLSZ02,KLSZ05,1,18.743467130100328
BLSZ02,OTSZ03,1,15.648721684983958
BLSZ02,PNSZ03,1,2.4084838724288056
BLSZ02,QTSZ04,1,10.01570610816233
BLSZ02,QTSZ05,1,11.354417409844908
BLSZ02,QTSZ08,2,9.475638318380591
BLSZ02,SESZ02,1,23.194625375225975
BLSZ02,SESZ03,2,22.58492544447421
BLSZ02,SGSZ04,2,18.293270650140716
BLSZ02,SGSZ06,1,18.449104130958226
BLSZ02,TPSZ02,1,15.3969068504153
BLSZ02,TSSZ04,1,7.150170878822848
BLSZ02,TSSZ05,1,8.530878933528468
BLSZ02,WCSZ01,2,7.394530399901513
BLSZ02,WDSZ03,1,17.191076967811895
BLSZ02,YSSZ09,1,18.543080560241023
BLSZ03,BMSZ04,1,14.100177124439965
BLSZ03,CLSZ06,1,6.772898405258379
BLSZ03,JWSZ03,2,5.098713423436152
BLSZ03,JWSZ09,1,3.5670767994692256
BLSZ04,BKSZ07,1,8.151638198312977
BLSZ04,CLSZ06,1,8.219664278539287
BLSZ04,JWSZ03,1,5.891511357792102
BLSZ04,JWSZ09,2,3.898998581180119
BLSZ04,OTSZ03,1,17.435467345497422
BLSZ04,SBSZ05,1,22.164563035771288
BLSZ04,WDSZ05,1,16.788058376947596
BMSZ01,AMSZ09,1,12.859811064152431
BMSZ01,BDSZ02,2,14.830820960707253
BMSZ01,BDSZ03,1,12.942181439244811
BMSZ01,BDSZ04,1,15.241125481937997
BMSZ01,BDSZ06,1,15.694414297028466
BMSZ01,BDSZ07,1,13.29993632039197
BMSZ01,BDSZ08,1,15.829441157251772
BMSZ01,BKSZ02,1,12.747004170753478
BMSZ01,BKSZ06,1,11.817977542866036
BMSZ01,BLSZ02,1,12.94607960535146
BMSZ01,BMSZ01,5,0.0
BMSZ01,BMSZ03,1,2.142677595268966
BMSZ01,BMSZ04,5,2.2510633399612368
BMSZ01,BMSZ06,2,2.7252223873711285
BMSZ01,BMSZ07,1,2.138933278759721
BMSZ01,BMSZ09,1,2.9903941812532513
BMSZ01,BMSZ10,3,2.599509220363546
BMSZ01,BMSZ11,2,1.8677985395577708
BMSZ01,BMSZ12,6,1.6055679226966604
BMSZ01,BMSZ13,10,1.0293958177027167
BMSZ01,BMSZ14,2,1.2306429342827478
BMSZ01,BMSZ15,6,1.3582854437845964
BMSZ01,BMSZ16,4,2.618652417920164
BMSZ01,BMSZ17,2,2.6053929255487533
BMSZ01,BPSZ03,2,13.744456017518864
BMSZ01,BPSZ04,2,12.823229291991334
BMSZ01,BSSZ01,3,10.108505777272555
BMSZ01,BTSZ07,1,5.678373688602044
BMSZ01,CHSZ03,1,22.590244615666652
BMSZ01,CKSZ01,1,14.149128166756086
BMSZ01,CKSZ03,4,14.867935506804852
BMSZ01,CKSZ04,2,14.860984542876286
BMSZ01,CKSZ06,2,16.39168650187198
BMSZ01,CLSZ03,2,8.65378410614275
BMSZ01,CLSZ04,2,7.551707436129899
BMSZ01,CLSZ05,1,8.385193961827683
BMSZ01,CLSZ06,1,7.403313139709044
BMSZ01,CLSZ08,2,6.759356965398289
BMSZ01,DTSZ01,1,5.80536954207107
BMSZ01,DTSZ02,1,5.128754544529038
BMSZ01,DTSZ08,2,4.071765318628708
BMSZ01,DTSZ11,1,4.383631935244652
BMSZ01,GLSZ04,3,9.293557182876528
BMSZ01,GLSZ05,2,10.840221384681632
BMSZ01,HGSZ04,2,14.160131603945077
BMSZ01,HGSZ05,1,14.592174817735124
BMSZ01,HGSZ06,5,12.860578761404359
BMSZ01,HGSZ07,1,12.723516843235299
BMSZ01,JESZ01,1,12.577703074671136
BMSZ01,JESZ02,1,11.51877931739697
BMSZ01,JESZ03,1,10.715246655786919
BMSZ01,JESZ05,1,10.652291409207011
BMSZ01,JWSZ02,1,14.260519517821443
BMSZ01,JWSZ04,1,12.613041824954735
BMSZ01,JWSZ09,3,14.723740363036976
BMSZ01,KLSZ01,1,8.010186876377064
BMSZ01,KLSZ02,1,8.619927779736562
BMSZ01,KLSZ03,1,8.303343340860875
BMSZ01,KLSZ05,1,7.780998255762146
BMSZ01,KLSZ06,2,6.896866401065193
BMSZ01,KLSZ07,2,6.4571748326313845
BMSZ01,KLSZ08,2,7.662489960570489
BMSZ01,KLSZ09,1,6.62530414846063
BMSZ01,MUSZ01,1,4.853831736144207
BMSZ01,NVSZ01,1,7.566836336203431
BMSZ01,NVSZ02,2,6.337890867474562
BMSZ01,ORSZ02,1,4.590781309617184
BMSZ01,OTSZ01,1,3.4309060479987132
BMSZ01,OTSZ02,1,3.3808253927235605
BMSZ01,OTSZ03,8,3.5711825897935023
BMSZ01,OTSZ04,2,4.090024040520785
BMSZ01,PGSZ02,2,18.417452298330602
BMSZ01,PGSZ03,2,17.54970721358631
BMSZ01,PGSZ04,4,17.726237867190797
BMSZ01,PGSZ05,4,18.53828567606685
BMSZ01,PRSZ05,1,19.6663196069761
BMSZ01,QTSZ02,1,4.879450990873894
BMSZ01,QTSZ03,1,4.310296852561615
BMSZ01,QTSZ06,1,2.9869559379929176
BMSZ01,QTSZ08,2,4.129310016301148
BMSZ01,QTSZ10,1,5.44345708444889
BMSZ01,QTSZ11,1,5.112037293513128
BMSZ01,QTSZ13,3,4.225036007776358
BMSZ01,QTSZ14,7,2.3310314719625698
BMSZ01,SBSZ04,1,20.939527137070506
BMSZ01,SESZ02,3,16.675826111494086
BMSZ01,SESZ03,3,16.556470939668788
BMSZ01,SESZ04,2,16.31257800359715
BMSZ01,SESZ06,4,15.705705817058234
BMSZ01,SGSZ01,1,14.04539912748074
BMSZ01,SGSZ03,1,13.500016631577541
BMSZ01,SGSZ04,1,12.0053985218199
BMSZ01,SGSZ06,3,11.24835862468767
BMSZ01,TMSZ02,1,18.026146479680556
BMSZ01,TMSZ03,1,16.24078809122707
BMSZ01,TMSZ04,5,17.539243278694812
BMSZ01,TMSZ05,1,18.549267354589567
BMSZ01,TPSZ03,1,8.934205978040511
BMSZ01,TPSZ09,2,9.201690946459546
BMSZ01,TPSZ11,1,9.800675842259215
BMSZ01,TSSZ05,1,20.35374510055953
BMSZ01,WDSZ02,1,19.19333778952924
BMSZ01,WDSZ05,1,18.276505830734358
BMSZ01,YSSZ02,1,19.030472492210393
BMSZ01,YSSZ04,1,16.869078979268856
BMSZ01,YSSZ05,2,16.02362294679484
BMSZ01,YSSZ08,1,16.68582101806673
BMSZ01,YSSZ09,2,18.16617314006691
BMSZ02,AMSZ01,1,10.56788612647438
BMSZ02,BDSZ04,2,14.120629548717993
BMSZ02,BDSZ05,1,11.89243535959229
BMSZ02,BKSZ02,1,11.920401304565363
BMSZ02,BKSZ05,2,10.197129545136098
BMSZ02,BKSZ07,1,10.548547188079278
BMSZ02,BKSZ08,1,10.087854257830093
BMSZ02,BKSZ09,1,9.394524475771709
BMSZ02,BMSZ01,1,1.581085550684683
BMSZ02,BMSZ04,5,0.94303921872575
BMSZ02,BMSZ06,2,1.1568524471205301
BMSZ02,BMSZ07,5,1.1725078205385278
BMSZ02,BMSZ08,1,0.6949705336682429
BMSZ02,BMSZ09,2,1.5689219202083913
BMSZ02,BMSZ10,1,1.437973710070869
BMSZ02,BMSZ11,2,1.0557254532935438
BMSZ02,BMSZ14,3,0.5559036854082744
BMSZ02,BMSZ15,1,1.1108194876967077
BMSZ02,BMSZ16,1,2.1217657788725885
BMSZ02,BPSZ02,1,12.965310096518348
BMSZ02,BPSZ03,1,12.585738416654193
BMSZ02,BPSZ05,1,11.955391496731016
BMSZ02,BSSZ01,1,8.54870409732094
BMSZ02,CKSZ06,1,15.355732902684325
BMSZ02,CLSZ05,1,8.021432000089185
BMSZ02,CLSZ06,3,7.017286520261509
BMSZ02,DTSZ03,1,4.701297711070276
BMSZ02,GLSZ04,1,8.073961501831507
BMSZ02,GLSZ05,1,9.679386794665927
BMSZ02,JWSZ03,1,13.209683485559532
BMSZ02,JWSZ04,1,12.299825810390224
BMSZ02,JWSZ08,1,15.410579903777593
BMSZ02,JWSZ09,1,14.473512818367753
BMSZ02,KLSZ01,1,6.565181336161891
BMSZ02,KLSZ02,1,7.238356510191747
BMSZ02,KLSZ06,1,5.530551572052403
BMSZ02,KLSZ07,2,4.985259417097852
BMSZ02,KLSZ08,1,6.315225500387467
BMSZ02,MUSZ01,2,3.4988556470760046
BMSZ02,MUSZ02,1,3.32928874443523
BMSZ02,MUSZ03,1,3.7765051769486613
BMSZ02,NVSZ02,1,4.790786086845301
BMSZ02,NVSZ03,1,4.88007580028764
BMSZ02,OTSZ01,1,2.3499260819877774
BMSZ02,OTSZ02,1,2.4681674055505836
BMSZ02,OTSZ03,1,2.799543658315705
BMSZ02,PGSZ03,1,16.00285923971061
BMSZ02,PGSZ04,5,16.22317684970839
BMSZ02,PRSZ02,1,17.279328220211365
BMSZ02,PRSZ03,1,17.52211254218465
BMSZ02,QTSZ01,2,4.721028063310325
BMSZ02,QTSZ03,1,3.2906917519464893
BMSZ02,QTSZ04,1,3.240078193972723
BMSZ02,QTSZ06,2,2.1304675334951515
BMSZ02,QTSZ08,3,3.5496285577343634
BMSZ02,QTSZ10,1,4.973868023324706
BMSZ02,QTSZ11,1,4.918896768174725
BMSZ02,RCSZ10,1,4.2983143142963165
BMSZ02,SBSZ02,1,17.687936728403656
BMSZ02,SBSZ04,1,19.459896104564027
BMSZ02,SESZ03,1,15.026288617095652
BMSZ02,SESZ04,2,14.760826914947145
BMSZ02,SGSZ04,1,10.446332348580976
BMSZ02,TMSZ03,1,14.997008028471885
BMSZ02,TMSZ04,1,16.40539635551978
BMSZ02,TPSZ02,1,6.400384301307358
BMSZ02,WDSZ02,1,17.81059396775909
BMSZ02,WDSZ03,1,17.802816972491083
BMSZ02,WDSZ06,1,17.932156280458592
BMSZ02,YSSZ01,2,16.227953116285537
BMSZ02,YSSZ08,1,15.162150895666658
BMSZ02,YSSZ09,1,16.639289226274204
BMSZ03,BDSZ01,1,11.57269440400431
BMSZ03,BDSZ03,1,11.698752117076252
BMSZ03,BDSZ04,1,14.043815972803474
BMSZ03,BKSZ09,2,8.850504679253925
BMSZ03,BMSZ02,1,0.6449259051306504
BMSZ03,BMSZ04,3,1.1473032007054464
BMSZ03,BMSZ07,2,0.842100662795205
BMSZ03,BMSZ08,1,0.5847816941063064
BMSZ03,BMSZ09,2,1.4939994518690656
BMSZ03,BMSZ11,1,1.5325017818202917
BMSZ03,BMSZ12,1,1.1301401570963916
BMSZ03,BMSZ14,1,1.1980546391986036
BMSZ03,BMSZ17,2,3.306366903841083
BMSZ03,CHSZ03,1,21.486414380322177
BMSZ03,CKSZ03,1,13.30255686146465
BMSZ03,CLSZ04,1,6.526734989944402
BMSZ03,CLSZ06,2,6.59687717273013
BMSZ03,DTSZ02,1,4.037995583146069
BMSZ03,DTSZ03,2,4.754420396547848
BMSZ03,DTSZ05,7,3.787659890941118
BMSZ03,DTSZ08,3,3.66311421329133
BMSZ03,DTSZ11,2,4.1392718278977885
BMSZ03,DTSZ12,1,4.624435004661184
BMSZ03,GLSZ03,1,9.986267657083086
BMSZ03,GLSZ05,1,9.59534292769368
BMSZ03,HGSZ08,1,10.015742470159857
BMSZ03,JESZ05,3,9.701427336641165
BMSZ03,JWSZ04,1,11.872758418825185
BMSZ03,JWSZ09,1,14.060633937159905
BMSZ03,KLSZ06,1,5.3321730208743485
BMSZ03,KLSZ08,2,6.123598975506259
BMSZ03,MUSZ01,1,3.3552278706834033
BMSZ03,ORSZ02,3,2.6123990501298695
BMSZ03,OTSZ03,3,3.0699710638048288
BMSZ03,PNSZ01,1,15.872432249105021
BMSZ03,QTSZ02,1,3.389033756970855
BMSZ03,QTSZ04,1,2.7321996277432494
BMSZ03,QTSZ05,2,1.4606059633484836
BMSZ03,QTSZ06,1,1.6790693018707443
BMSZ03,QTSZ08,2,3.1290306280555815
BMSZ03,QTSZ10,4,4.5538956979814005
BMSZ03,QTSZ11,1,4.602650275871753
BMSZ03,QTSZ12,2,2.748093502512558
BMSZ03,SBSZ01,1,17.84680500393543
BMSZ03,TMSZ01,1,16.12241816369063
BMSZ03,TNSZ03,1,1.8671742376434488
BMSZ03,TPSZ02,1,5.942387603938477
BMSZ03,TPSZ04,1,6.629786288639564
BMSZ03,WCSZ01,1,17.637211641366477
BMSZ03,WDSZ07,1,18.112538051494447
BMSZ03,YSSZ02,1,16.88995326963203
BMSZ04,AMSZ01,1,10.114278779605128
BMSZ04,AMSZ12,1,11.444677734657335
BMSZ04,BDSZ03,1,10.86100539661286
BMSZ04,BKSZ06,1,11.754580381236362
BMSZ04,BKSZ07,1,11.079602110386597
BMSZ04,BLSZ03,1,14.100177124439965
BMSZ04,BMSZ01,1,2.2510633399612368
BMSZ04,BMSZ02,4,0.94303921872575
BMSZ04,BMSZ03,6,1.1473032007054464
BMSZ04,BMSZ04,2,0.0
BMSZ04,BMSZ05,4,0.9914199492666574
BMSZ04,BMSZ06,3,1.1717139482082273
BMSZ04,BMSZ07,4,1.9555381553333073
BMSZ04,BMSZ08,9,0.59386186624026
BMSZ04,BMSZ09,2,0.7449494751502973
BMSZ04,BMSZ10,5,0.5071977130988468
BMSZ04,BMSZ12,1,2.041393415856986
BMSZ04,BMSZ13,1,2.1574266924640133
BMSZ04,BMSZ14,2,1.0229285770741325
BMSZ04,BMSZ15,3,1.1388794453076865
BMSZ04,BMSZ17,2,2.3587019353722494
BMSZ04,BPSZ04,1,11.884358071727528
BMSZ04,BPSZ05,1,12.23929964729721
BMSZ04,BSSZ01,1,8.210399946768307
BMSZ04,BSSZ03,1,7.873575063122631
BMSZ04,BTSZ01,2,8.579535514361597
BMSZ04,BTSZ06,1,5.407348841146268
BMSZ04,CKSZ03,3,14.267817486996606
BMSZ04,CKSZ06,1,15.657607983345784
BMSZ04,CLSZ01,1,9.463884314165428
BMSZ04,CLSZ04,3,7.656869943819853
BMSZ04,CLSZ06,1,7.741951895496902
BMSZ04,DTSZ01,2,3.655407303471193
BMSZ04,DTSZ02,4,3.073165378809782
BMSZ04,DTSZ03,2,3.7582741944766993
BMSZ04,DTSZ05,6,2.6877947216908957
BMSZ04,DTSZ08,4,2.521211558301176
BMSZ04,DTSZ11,2,2.992674286762786
BMSZ04,DTSZ12,1,3.5255093796533727
BMSZ04,GLSZ03,1,9.263030609786789
BMSZ04,HGSZ05,1,12.378793230706593
BMSZ04,HGSZ06,2,10.621276875236687
BMSZ04,JESZ05,4,10.829998256156511
BMSZ04,JESZ08,1,9.912959326855264
BMSZ04,JWSZ03,1,13.851425014428454
BMSZ04,JWSZ04,1,13.015085420389987
BMSZ04,JWSZ08,1,16.138529977341573
BMSZ04,JWSZ09,2,15.2052453571033
BMSZ04,KLSZ03,2,6.10908530774454
BMSZ04,KLSZ07,1,4.207413407722046
BMSZ04,KLSZ08,2,5.44275589459013
BMSZ04,MUSZ01,1,2.6223641858390914
BMSZ04,NVSZ01,2,5.342165447753788
BMSZ04,NVSZ02,2,4.138875868967727
BMSZ04,ORSZ02,3,2.45748743027893
BMSZ04,OTSZ01,1,1.4106147507172315
BMSZ04,OTSZ02,1,1.5632910421639095
BMSZ04,OTSZ03,9,1.9278935544172855
BMSZ04,PGSZ02,1,16.195636083738027
BMSZ04,PGSZ03,1,15.329442546966646
BMSZ04,PGSZ04,1,15.478699951870318
BMSZ04,PRSZ03,2,16.64578809122113
BMSZ04,PRSZ08,1,17.62149284875245
BMSZ04,QTSZ01,2,5.2983637903254825
BMSZ04,QTSZ04,1,3.857973864103582
BMSZ04,QTSZ06,2,2.825828879205458
BMSZ04,QTSZ08,2,4.275988172778564
BMSZ04,QTSZ09,1,6.300522212332892
BMSZ04,QTSZ10,2,5.700027178065489
BMSZ04,QTSZ11,4,5.739133031223165
BMSZ04,QTSZ12,1,3.81043841366616
BMSZ04,QTSZ13,1,5.2028244260591645
BMSZ04,QTSZ14,1,3.6517060009692406
BMSZ04,RCSZ01,1,3.964953123696133
BMSZ04,RCSZ09,1,3.3737866210218845
BMSZ04,RCSZ10,3,3.3880901319697165
BMSZ04,RVSZ05,1,1.624776235093124
BMSZ04,SESZ03,1,14.321575645080499
BMSZ04,SESZ05,1,13.231634654584761
BMSZ04,SGSZ03,1,11.300969328826845
BMSZ04,SGSZ04,1,9.808246428721688
BMSZ04,SGSZ06,1,9.014972647064655
BMSZ04,SISZ01,1,3.827995053703645
BMSZ04,SRSZ01,1,1.3952822686397375
BMSZ04,SRSZ02,1,2.0681081816290576
BMSZ04,TMSZ03,2,14.091943328256972
BMSZ04,TMSZ05,1,16.594500859409298
BMSZ04,TNSZ03,1,2.7515660080477264
BMSZ04,TNSZ04,1,3.7321611381439888
BMSZ04,TPSZ02,1,5.809604556246256
BMSZ04,TPSZ11,1,7.551663978450838
BMSZ04,WCSZ01,1,18.742135889112824
BMSZ04,YSSZ09,1,16.36437283322522
BMSZ05,AMSZ01,1,10.43413239796074
BMSZ05,AMSZ03,1,9.686153753183829
BMSZ05,BDSZ01,3,10.389185043031611
BMSZ05,BDSZ02,1,12.201387191488008
BMSZ05,BDSZ04,5,12.601498129898953
BMSZ05,BKSZ05,1,11.536291450899682
BMSZ05,BKSZ07,1,12.054079887109697
BMSZ05,BKSZ09,1,10.901010681286268
BMSZ05,BMSZ01,4,2.6400328745708994
BMSZ05,BMSZ02,1,1.8022955243442667
BMSZ05,BMSZ04,4,0.9914199492666574
BMSZ05,BMSZ05,1,0.0
BMSZ05,BMSZ06,1,2.1212413548537543
BMSZ05,BMSZ08,1,1.5840205847824267
BMSZ05,BMSZ09,1,1.200330762316653
BMSZ05,BMSZ13,1,2.8839592968768715
BMSZ05,BMSZ14,1,1.596649934617425
BMSZ05,BMSZ16,1,0.5628967662113579
BMSZ05,BPSZ02,1,14.071390997852154
BMSZ05,BPSZ05,2,13.124863868262093
BMSZ05,BSSZ03,1,8.057687198035536
BMSZ05,BTSZ01,1,9.539011491575708
BMSZ05,BTSZ04,1,7.191720065996201
BMSZ05,CKSZ01,2,14.384186146086645
BMSZ05,CKSZ03,2,15.185140457590132
BMSZ05,CKSZ04,1,15.382145923769597
BMSZ05,CKSZ05,1,15.90249487698967
BMSZ05,CLSZ04,1,8.648216990760066
BMSZ05,CLSZ06,1,8.729864467537032
BMSZ05,DTSZ01,2,3.212075480968563
BMSZ05,DTSZ03,1,3.0969682072885236
BMSZ05,GLSZ02,1,7.723685007745411
BMSZ05,GLSZ05,3,8.202271023535168
BMSZ05,HGSZ03,3,12.806255531853104
BMSZ05,HGSZ04,2,11.887512226714865
BMSZ05,HGSZ05,1,12.410135860186537
BMSZ05,HGSZ06,2,10.573459022207897
BMSZ05,HGSZ08,2,9.241454224401053
BMSZ05,JESZ05,5,11.821150932548642
BMSZ05,JWSZ03,1,14.841531780546495
BMSZ05,JWSZ08,1,17.127416409928255
BMSZ05,KLSZ01,3,5.609086891627479
BMSZ05,KLSZ03,1,5.7281004418256725
BMSZ05,KLSZ05,1,5.141159535583406
BMSZ05,KLSZ06,2,4.402003721489314
BMSZ05,KLSZ07,1,4.160758878025738
BMSZ05,KLSZ09,1,4.001145601536181
BMSZ05,MPSZ01,1,6.751774885250388
BMSZ05,MPSZ02,1,8.124726613101679
BMSZ05,MPSZ03,1,8.505254467895048
BMSZ05,MUSZ01,3,2.427988218872606
BMSZ05,NTSZ03,1,3.5697689070900798
BMSZ05,NVSZ01,1,5.409109910963212
BMSZ05,OTSZ01,1,0.843174399037813
BMSZ05,OTSZ02,1,0.742726311456113
BMSZ05,OTSZ03,6,1.0064294142100676
BMSZ05,OTSZ04,2,1.4566760154184288
BMSZ05,PGSZ02,2,16.190965710354643
BMSZ05,PGSZ03,1,15.3315627268144
BMSZ05,PGSZ04,3,15.364221222319154
BMSZ05,PRSZ02,1,16.101050203796238
BMSZ05,PRSZ03,1,16.24989753403471
BMSZ05,PRSZ05,1,17.047832932303997
BMSZ05,PRSZ08,1,17.10516349166285
BMSZ05,QTSZ02,1,5.454468057604331
BMSZ05,QTSZ05,2,3.52679402805003
BMSZ05,QTSZ10,1,6.686660439946907
BMSZ05,RCSZ05,1,3.7463407147994072
BMSZ05,RCSZ10,2,3.0127294511629183
BMSZ05,RVSZ04,1,2.0412666500726915
BMSZ05,SBSZ01,2,18.65925138488973
BMSZ05,SBSZ03,1,18.62508734924581
BMSZ05,SBSZ04,2,19.8238917849763
BMSZ05,SESZ03,2,14.27805894835435
BMSZ05,SESZ04,3,14.123890576602577
BMSZ05,SGSZ06,3,9.00275952519408
BMSZ05,TMSZ01,2,15.07346912832012
BMSZ05,TMSZ02,5,15.394614815345465
BMSZ05,TMSZ04,2,14.899343492840904
BMSZ05,TPSZ02,1,6.0176013422195
BMSZ05,TPSZ04,1,6.505686432532838
BMSZ05,TPSZ12,1,8.25169328111352
BMSZ05,WDSZ02,2,18.442720356122862
BMSZ05,WDSZ03,1,18.325168798630443
BMSZ05,WDSZ06,1,18.725447838017978
BMSZ05,WDSZ09,1,19.929148968983633
BMSZ05,YSSZ04,1,15.430684837185414
BMSZ05,YSSZ05,1,14.438892430879454
BMSZ05,YSSZ06,1,13.581640878781684
BMSZ06,BKSZ03,1,11.17807175909231
BMSZ06,BMSZ04,1,1.1717139482082273
BMSZ06,BMSZ13,2,2.150286800872923
BMSZ06,DTSZ03,1,4.385340758281176
BMSZ06,HGSZ07,1,10.290176581693592
BMSZ06,NVSZ02,1,3.773016695595983
BMSZ06,OTSZ03,1,2.9411128604085626
BMSZ06,QTSZ01,1,4.193296330723574
BMSZ06,YSSZ09,1,15.486360074106837
BMSZ07,AMSZ04,1,9.675614061964977
BMSZ07,BKSZ05,1,9.120824017166976
BMSZ07,BKSZ07,4,9.408171994743311
BMSZ07,BKSZ08,1,8.968739662384664
BMSZ07,BLSZ02,1,11.774644535394563
BMSZ07,BMSZ02,4,1.1725078205385278
BMSZ07,BMSZ03,3,0.842100662795205
BMSZ07,BMSZ04,6,1.9555381553333073
BMSZ07,BMSZ07,1,0.0
BMSZ07,BMSZ08,3,1.4234487023260933
BMSZ07,BMSZ09,1,2.331190000295614
BMSZ07,BMSZ13,2,1.2092147899875723
BMSZ07,BMSZ16,1,3.2835563905435032
BMSZ07,BPSZ01,1,12.247197585705011
BMSZ07,BPSZ03,1,11.630227263289555
BMSZ07,BPSZ04,1,10.708370381349502
BMSZ07,BSSZ01,1,8.19927218003428
BMSZ07,BSSZ02,1,8.406204528311093
BMSZ07,BTSZ01,1,7.017668336125868
BMSZ07,CHSZ03,1,22.293089841447646
BMSZ07,CKSZ01,2,12.100434421155919
BMSZ07,CKSZ03,1,12.843873082026947
BMSZ07,CKSZ06,1,14.32954822285333
BMSZ07,CLSZ04,2,5.831344751245695
BMSZ07,CLSZ05,1,6.850844326992283
BMSZ07,CLSZ06,2,5.846637559605442
BMSZ07,DTSZ01,1,5.322778348584391
BMSZ07,DTSZ04,1,4.3503571011203865
BMSZ07,DTSZ05,3,4.623738318269099
BMSZ07,DTSZ08,2,4.475827162054067
BMSZ07,GLSZ02,1,9.502757207236675
BMSZ07,GLSZ03,1,10.74408746558685
BMSZ07,JESZ05,2,9.00166176736906
BMSZ07,JWSZ08,1,14.242088648690576
BMSZ07,KLSZ06,1,6.088932532337763
BMSZ07,KLSZ08,2,6.880233576330103
BMSZ07,MPSZ03,1,11.025847090329552
BMSZ07,MUSZ01,1,4.1530581412832746
BMSZ07,NVSZ01,1,6.255250979521635
BMSZ07,ORSZ02,2,3.2365486794670804
BMSZ07,ORSZ03,1,3.5974456742359355
BMSZ07,OTSZ03,1,3.882751642815869
BMSZ07,OTSZ04,1,4.161009479427049
BMSZ07,PGSZ02,1,16.948735526097735
BMSZ07,PGSZ04,1,16.42809697325255
BMSZ07,QTSZ02,1,2.84118870531852
BMSZ07,QTSZ04,1,2.095098327717852
BMSZ07,QTSZ05,2,1.09184867404237
BMSZ07,QTSZ08,1,2.3773258352046325
BMSZ07,QTSZ10,1,3.8024316265516185
BMSZ07,QTSZ11,3,3.785410873970081
BMSZ07,QTSZ12,1,1.910441398882965
BMSZ07,QTSZ14,2,1.996229844152145
BMSZ07,SBSZ05,1,18.526235020852287
BMSZ07,SESZ02,1,15.376351647571093
BMSZ07,SESZ03,1,15.161970720977964
BMSZ07,SESZ04,2,14.822376244778281
BMSZ07,SRSZ01,1,3.084084908044605
BMSZ07,TMSZ02,1,17.416077582184812
BMSZ07,TMSZ04,1,17.107873933128076
BMSZ07,TPSZ01,1,6.840699063714416
BMSZ07,TPSZ06,1,7.728188779491851
BMSZ07,TPSZ12,1,9.756059170822297
BMSZ07,WCSZ01,1,16.977300424730345
BMSZ07,WDSZ02,1,17.06258766176087
BMSZ07,WDSZ03,1,17.116735000637046
BMSZ07,WDSZ04,2,15.885859723011533
BMSZ07,WDSZ05,2,16.137593870662094
BMSZ07,WDSZ06,1,17.095948622172216
BMSZ07,YSSZ01,1,15.789739143072927
BMSZ08,AMSZ01,1,9.917898837485666
BMSZ08,AMSZ10,1,11.280980404645483
BMSZ08,BDSZ06,1,14.112368979176278
BMSZ08,BLSZ02,4,13.15731377028266
BMSZ08,BMSZ01,1,2.2553028628902387
BMSZ08,BMSZ02,1,0.6949705336682429
BMSZ08,BMSZ03,3,0.5847816941063064
BMSZ08,BMSZ04,8,0.59386186624026
BMSZ08,BMSZ05,2,1.5840205847824267
BMSZ08,BMSZ06,2,0.6337401064035166
BMSZ08,BMSZ07,1,1.4234487023260933
BMSZ08,BMSZ08,6,0.0
BMSZ08,BMSZ09,3,0.9449256600662472
BMSZ08,BMSZ10,2,1.059461471257852
BMSZ08,BMSZ12,1,1.6254783423064454
BMSZ08,BMSZ13,1,1.8899283256861659
BMSZ08,BMSZ14,3,1.0887215762005331
BMSZ08,BMSZ15,2,1.4611229178377867
BMSZ08,BSSZ03,1,7.772887416328433
BMSZ08,BTSZ01,1,7.996704156150851
BMSZ08,BTSZ03,1,6.187224761880725
BMSZ08,BTSZ07,1,4.3731885414964715
BMSZ08,CHSZ02,1,19.513448613507887
BMSZ08,CHSZ03,2,20.958239951437097
BMSZ08,CKSZ03,3,13.70530323480276
BMSZ08,CLSZ01,1,8.870048162536566
BMSZ08,CLSZ03,1,8.257650045076852
BMSZ08,CLSZ04,3,7.064563519656928
BMSZ08,CLSZ05,1,8.158640584401521
BMSZ08,DTSZ02,4,3.4755299291388067
BMSZ08,DTSZ05,3,3.202905080775598
BMSZ08,DTSZ08,3,3.086394607861337
BMSZ08,GLSZ03,1,9.512980952804028
BMSZ08,GLSZ04,1,7.456406589012449
BMSZ08,GLSZ05,1,9.077974375824228
BMSZ08,HGSZ04,1,11.937467318932372
BMSZ08,HGSZ06,1,10.645285298045557
BMSZ08,HGSZ07,1,10.549449063679509
BMSZ08,JESZ05,3,10.237198682763667
BMSZ08,JWSZ01,1,14.92031700953266
BMSZ08,JWSZ08,1,15.552161627306292
BMSZ08,JWSZ09,1,14.619616589042991
BMSZ08,KLSZ09,2,4.856929212063492
BMSZ08,MPSZ03,1,9.633559994327936
BMSZ08,NVSZ01,2,5.341002705127477
BMSZ08,NVSZ02,1,4.097011117775606
BMSZ08,NVSZ04,1,4.3669649544100375
BMSZ08,ORSZ01,1,2.019144458169764
BMSZ08,ORSZ02,2,2.3374692627379265
BMSZ08,ORSZ03,2,2.4202568452047277
BMSZ08,OTSZ02,1,2.1108756800891797
BMSZ08,OTSZ03,5,2.4940967415170197
BMSZ08,PNSZ01,1,16.451278583278064
BMSZ08,PRSZ08,1,17.9084206169927
BMSZ08,QTSZ03,1,3.2008599802034703
BMSZ08,QTSZ04,1,3.2656597793413393
BMSZ08,QTSZ06,2,2.2477449337097264
BMSZ08,QTSZ08,4,3.697006267953946
BMSZ08,QTSZ10,1,5.117946859341546
BMSZ08,QTSZ11,4,5.185798776659214
BMSZ08,QTSZ12,1,3.3205071386201483
BMSZ08,QTSZ14,2,3.258197159689321
BMSZ08,RCSZ09,1,3.6208953048375228
BMSZ08,SBSZ01,1,17.876865308131933
BMSZ08,SESZ03,1,14.331568947040068
BMSZ08,SESZ04,1,14.068851068862129
BMSZ08,SGSZ06,1,9.025577074874112
BMSZ08,SISZ01,1,4.222020982113782
BMSZ08,SRSZ02,1,2.4849677558800214
BMSZ08,TMSZ02,1,16.168462595683543
BMSZ08,TNSZ02,1,1.1232248124906319
BMSZ08,TPSZ06,2,6.847340097966621
BMSZ08,TSSZ05,1,21.06504192752453
BMSZ08,WDSZ01,1,17.37590366364087
BMSZ08,WDSZ02,1,17.344440413202037
BMSZ08,WDSZ04,1,16.161244793096813
BMSZ09,BDSZ03,1,10.241942684786586
BMSZ09,BKSZ07,1,11.009749217998186
BMSZ09,BMSZ01,1,2.9903941812532513
BMSZ09,BMSZ02,2,1.5689219202083913
BMSZ09,BMSZ03,1,1.4939994518690656
BMSZ09,BMSZ04,2,0.7449494751502973
BMSZ09,BMSZ07,1,2.331190000295614
BMSZ09,BMSZ08,3,0.9449256600662472
BMSZ09,BMSZ09,1,0.0
BMSZ09,BMSZ12,2,2.570373018020259
BMSZ09,BPSZ01,1,13.24559661577743
BMSZ09,BPSZ05,1,11.955984212644157
BMSZ09,BTSZ01,1,8.460913016447526
BMSZ09,CHSZ03,1,20.01332168797176
BMSZ09,CLSZ03,1,8.934127159794656
BMSZ09,CLSZ07,1,7.091807418641091
BMSZ09,DTSZ01,1,3.0331277667836507
BMSZ09,DTSZ02,5,2.544450002466052
BMSZ09,DTSZ04,1,2.082713227535761
BMSZ09,DTSZ05,1,2.379689345282958
BMSZ09,DTSZ11,4,2.8967278905035525
BMSZ09,JESZ01,1,12.668252103722496
BMSZ09,JESZ05,1,10.886380982797174
BMSZ09,JWSZ09,1,15.331917173430037
BMSZ09,KLSZ06,1,3.9637569718085515
BMSZ09,KLSZ07,1,3.4669477994897138
BMSZ09,KLSZ08,2,4.74702191133484
BMSZ09,MPSZ02,2,8.227921029240294
BMSZ09,MUSZ01,3,1.9300513934455674
BMSZ09,NVSZ03,2,3.7404981386521574
BMSZ09,ORSZ02,2,1.7617956594119657
BMSZ09,OTSZ03,5,1.8254298686591923
BMSZ09,OTSZ04,1,1.9199644350690679
BMSZ09,QTSZ03,1,3.79860015997843
BMSZ09,QTSZ08,3,4.478012979924775
BMSZ09,QTSZ10,1,5.873753264319887
BMSZ09,QTSZ11,1,6.025705414054637
BMSZ09,QTSZ12,1,4.240912634648521
BMSZ09,QTSZ14,2,4.203114179697826
BMSZ09,SESZ03,1,13.576690113906956
BMSZ09,SESZ06,1,12.799884796489874
BMSZ09,SRSZ02,1,1.571473949464691
BMSZ09,TMSZ02,1,15.236459418691599
BMSZ09,TMSZ05,1,16.028615884480637
BMSZ09,TPSZ02,1,5.080716264546427
BMSZ09,TPSZ03,1,6.043535321901974
BMSZ09,TPSZ06,1,6.103277967370817
BMSZ09,WCSZ01,1,18.718490537903214
BMSZ09,WDSZ02,1,17.25429107173875
BMSZ09,YSSZ09,1,15.730571876324207
BMSZ10,AMSZ10,1,11.429337145453578
BMSZ10,BMSZ01,2,2.599509220363546
BMSZ10,BMSZ02,1,1.437973710070869
BMSZ10,BMSZ04,4,0.5071977130988468
BMSZ10,BMSZ07,1,2.4571961603528027
BMSZ10,BMSZ08,1,1.059461471257852
BMSZ10,BMSZ10,2,0.0
BMSZ10,BMSZ12,1,2.5450729517161133
BMSZ10,BMSZ15,1,1.329822598254076
BMSZ10,CKSZ03,1,14.598920749617792
BMSZ10,CLSZ04,1,8.109304357623804
BMSZ10,DTSZ01,1,3.222501158963589
BMSZ10,DTSZ02,2,2.6009186618578966
BMSZ10,DTSZ03,1,3.2717113110466083
BMSZ10,DTSZ05,4,2.1807242873610173
BMSZ10,DTSZ08,2,2.027508844898256
BMSZ10,DTSZ10,1,1.7669574965097627
BMSZ10,DTSZ11,1,2.5096009682383436
BMSZ10,DTSZ12,1,3.0183479943372786
BMSZ10,GLSZ05,2,8.301533965166147
BMSZ10,HGSZ01,1,11.64457608806122
BMSZ10,JESZ05,1,11.278864187009365
BMSZ10,KLSZ01,1,5.44318557977632
BMSZ10,KLSZ07,1,3.927304029536095
BMSZ10,MUSZ01,1,2.2629749122700886
BMSZ10,MUSZ03,1,2.432122047521878
BMSZ10,ORSZ02,1,2.3935320375481997
BMSZ10,OTSZ02,1,1.0589835373607295
BMSZ10,OTSZ03,4,1.4348126399213654
BMSZ10,QTSZ05,1,2.976425688654019
BMSZ10,QTSZ07,1,3.6496759609754146
BMSZ10,QTSZ08,1,4.756400845475458
BMSZ10,QTSZ14,3,4.1471059691285825
BMSZ10,RCSZ09,1,2.9918121693762467
BMSZ10,RCSZ10,1,2.974259247809306
BMSZ10,SRSZ01,3,1.0377671366841295
BMSZ10,SRSZ02,2,1.5982872721116925
BMSZ10,TMSZ05,1,16.117374028223068
BMSZ10,TNSZ02,1,1.7113342714316204
BMSZ10,TPSZ05,1,6.9526625741039
BMSZ10,TSSZ02,1,22.48735936818268
BMSZ10,YSSZ02,1,17.16368355502366
BMSZ11,AMSZ03,1,10.057038099668027
BMSZ11,AMSZ08,1,12.059387773409101
BMSZ11,BMSZ01,1,1.8677985395577708
BMSZ11,BMSZ02,2,1.0557254532935438
BMSZ11,BMSZ04,1,0.6334594915371073
BMSZ11,BMSZ07,1,2.2217860687974498
BMSZ11,BMSZ08,1,1.1072805924742593
BMSZ11,BMSZ11,1,0.0
BMSZ11,BMSZ13,1,2.0624183844822794
BMSZ11,BMSZ14,1,0.7729261855718225
BMSZ11,BMSZ16,1,1.0663141678789894
BMSZ11,BPSZ01,1,14.0993013838269
BMSZ11,BSSZ01,1,8.835777037790063
BMSZ11,BTSZ01,1,9.070829949024365
BMSZ11,CHSZ02,1,19.499605101089813
BMSZ11,CKSZ03,1,14.80414627061797
BMSZ11,CLSZ05,1,9.072542212371127
BMSZ11,CLSZ06,3,8.068335048927729
BMSZ11,CLSZ09,1,8.746915629447269
BMSZ11,DTSZ01,1,3.9377051292345433
BMSZ11,DTSZ03,1,3.898338692021571
BMSZ11,DTSZ05,1,2.6960953309223723
BMSZ11,DTSZ06,1,3.143761357951098
BMSZ11,GLSZ03,1,9.575798224123243
BMSZ11,GLSZ05,1,8.982624709473173
BMSZ11,KLSZ09,1,4.760084347151859
BMSZ11,NVSZ02,1,4.694658386381994
BMSZ11,OTSZ01,1,1.565274523367774
BMSZ11,OTSZ02,1,1.5577629341763317
BMSZ11,OTSZ03,3,1.8248544005264713
BMSZ11,PLSZ01,1,15.195486954648786
BMSZ11,PLSZ04,1,11.26641877040704
BMSZ11,QTSZ01,1,5.723202544050749
BMSZ11,QTSZ08,1,4.597714194170921
BMSZ11,QTSZ11,2,5.972253628135687
BMSZ11,RCSZ01,1,4.395474649337223
BMSZ11,RCSZ10,1,3.706036310475827
BMSZ11,TNSZ04,1,4.335509582489311
BMSZ11,TSSZ05,1,21.707531954126903
BMSZ11,YSSZ02,1,17.801370291594022
BMSZ12,AMSZ01,1,10.929677916332395
BMSZ12,AMSZ02,1,11.2640451055297
BMSZ12,AMSZ04,1,10.253699255748272
BMSZ12,BDSZ06,2,15.735487336523105
BMSZ12,BKSZ05,1,9.55455977886913
BMSZ12,BKSZ07,2,9.760624601971198
BMSZ12,BKSZ09,1,8.614172011840248
BMSZ12,BMSZ01,5,1.6055679226966604
BMSZ12,BMSZ03,1,1.1301401570963916
BMSZ12,BMSZ04,1,2.041393415856986
BMSZ12,BMSZ05,1,2.912940034658047
BMSZ12,BMSZ06,1,1.7169870099168043
BMSZ12,BMSZ08,1,1.6254783423064454
BMSZ12,BMSZ09,2,2.570373018020259
BMSZ12,BMSZ13,2,0.6201357450343996
BMSZ12,BMSZ14,1,1.4296147450444732
BMSZ12,BMSZ16,1,3.1906093745197017
BMSZ12,BPSZ01,1,12.727470346465635
BMSZ12,BPSZ04,1,11.217747115361828
BMSZ12,BPSZ05,2,11.432932775214413
BMSZ12,BTSZ01,1,7.4310717861328275
BMSZ12,BTSZ02,1,6.741859589385034
BMSZ12,CKSZ01,1,12.557043696048094
BMSZ12,CKSZ03,2,13.284855800677429
BMSZ12,DTSZ05,1,4.721981321831133
BMSZ12,DTSZ11,1,4.93030026481685
BMSZ12,HGSZ02,1,13.921119322303593
BMSZ12,HGSZ04,1,13.305574001561935
BMSZ12,HGSZ05,1,13.652533644498535
BMSZ12,HGSZ08,1,11.13961380397114
BMSZ12,JESZ01,1,11.152711652607518
BMSZ12,JESZ02,1,10.09610881054205
BMSZ12,JESZ03,1,9.271066047443004
BMSZ12,JESZ05,2,9.25439826484248
BMSZ12,JWSZ04,1,11.318512108363693
BMSZ12,JWSZ08,2,14.412851069997284
BMSZ12,JWSZ09,1,13.473632279683418
BMSZ12,KLSZ01,1,7.40742218567631
BMSZ12,KLSZ02,1,8.139222542640377
BMSZ12,MPSZ02,1,10.7907013286066
BMSZ12,ORSZ02,1,3.708558338063715
BMSZ12,OTSZ01,1,3.4517165573207786
BMSZ12,OTSZ03,3,3.9137665802028723
BMSZ12,PGSZ03,2,16.61832340906928
BMSZ12,PGSZ05,2,17.735380682353032
BMSZ12,QTSZ05,4,1.6687032298641558
BMSZ12,QTSZ06,3,1.3840438700585587
BMSZ12,QTSZ09,1,4.760121975874849
BMSZ12,QTSZ10,1,4.0236914609334145
BMSZ12,QTSZ14,1,1.6327648314279275
BMSZ12,SBSZ01,1,18.553147783573515
BMSZ12,SBSZ03,1,18.281458977626595
BMSZ12,SESZ05,1,14.56952093390351
BMSZ12,SGSZ04,1,11.039822363208232
BMSZ12,SGSZ06,2,10.406198754011877
BMSZ12,SRSZ01,1,3.3261964323294477
BMSZ12,TMSZ03,1,15.966172626683514
BMSZ12,TPSZ01,1,7.404252322109839
BMSZ12,TPSZ04,1,7.696487050065213
BMSZ12,TPSZ09,1,8.498247903793109
BMSZ12,WDSZ01,1,17.592443451151546
BMSZ12,WDSZ03,1,17.69847023559843
BMSZ12,WDSZ04,1,16.45824727863474
BMSZ12,YSSZ03,1,16.74164009102239
BMSZ13,AMSZ12,1,12.866840614011435
BMSZ13,BKSZ04,1,10.68950240911828
BMSZ13,BKSZ08,1,9.875780918661963
BMSZ13,BMSZ01,10,1.0293958177027167
BMSZ13,BMSZ02,2,1.233055201302728
BMSZ13,BMSZ04,1,2.1574266924640133
BMSZ13,BMSZ05,1,2.8839592968768715
BMSZ13,BMSZ06,1,2.150286800872923
BMSZ13,BMSZ07,4,1.2092147899875723
BMSZ13,BMSZ08,1,1.8899283256861659
BMSZ13,BMSZ11,1,2.0624183844822794
BMSZ13,BMSZ12,4,0.6201357450343996
BMSZ13,BMSZ13,4,0.0
BMSZ13,BMSZ15,3,1.7716811963121053
BMSZ13,BMSZ17,3,3.3505226548959124
BMSZ13,BPSZ05,1,12.014061665626384
BMSZ13,CHSZ02,1,21.378141650564146
BMSZ13,CLSZ01,1,8.464725266503837
BMSZ13,DTSZ01,1,5.807603043572885
BMSZ13,DTSZ02,3,5.226442705711133
BMSZ13,DTSZ03,1,5.898937410655873
BMSZ13,DTSZ05,4,4.748480401881251
BMSZ13,DTSZ08,5,4.449965188737789
BMSZ13,DTSZ10,2,3.874623566219176
BMSZ13,DTSZ11,2,4.841454006723318
BMSZ13,GLSZ03,1,11.389246054243774
BMSZ13,JESZ05,3,9.6727423562219
BMSZ13,JESZ06,1,8.729313549082493
BMSZ13,KLSZ08,1,7.543589209164834
BMSZ13,KLSZ09,1,6.671980928018564
BMSZ13,MSSZ01,1,6.323454810096503
BMSZ13,ORSZ01,1,3.6531894467897565
BMSZ13,ORSZ03,1,4.308722193908999
BMSZ13,OTSZ03,2,3.887252674653111
BMSZ13,PNSZ02,1,16.153472200654853
BMSZ13,PRSZ03,1,18.7489658993905
BMSZ13,QTSZ07,1,1.725080916052197
BMSZ13,QTSZ08,3,3.1090487896910983
BMSZ13,QTSZ10,1,4.448259703902077
BMSZ13,QTSZ11,1,4.182606663024169
BMSZ13,QTSZ13,1,3.385963139883994
BMSZ13,QTSZ14,3,1.5886216462218725
BMSZ13,RCSZ09,1,5.492064419351893
BMSZ13,SESZ03,2,16.14985037891222
BMSZ13,SGSZ04,1,11.527467960409084
BMSZ13,TPSZ05,1,8.929439295023258
BMSZ13,TSSZ05,2,19.69466004661526
BMSZ13,TSSZ06,1,20.340094647483202
BMSZ13,WDSZ06,1,18.258771765425763
BMSZ14,AMSZ01,1,11.003397270593155
BMSZ14,AMSZ12,1,12.351125892713714
BMSZ14,BMSZ01,3,1.2306429342827478
BMSZ14,BMSZ02,2,0.5559036854082744
BMSZ14,BMSZ03,1,1.1980546391986036
BMSZ14,BMSZ04,3,1.0229285770741325
BMSZ14,BMSZ08,3,1.0887215762005331
BMSZ14,BMSZ12,1,1.4296147450444732
BMSZ14,BMSZ14,2,0.0
BMSZ14,BMSZ17,1,2.2580364617673383
BMSZ14,BTSZ01,1,8.649882707996548
BMSZ14,GLSZ04,1,8.135996278665498
BMSZ14,JESZ05,2,10.638427697900575
BMSZ14,KLSZ06,1,5.684338132105256
BMSZ14,NVSZ02,2,5.120203711269396
BMSZ14,NVSZ03,1,5.30285951848704
BMSZ14,OTSZ03,2,2.5972921793943327
BMSZ14,QTSZ08,1,4.005461430260487
BMSZ14,QTSZ10,1,5.419023824843193
BMSZ14,QTSZ11,1,5.296872555957054
BMSZ14,QTSZ12,2,3.2181114816921577
BMSZ14,QTSZ14,1,2.873763332736516
BMSZ14,RCSZ09,1,4.384898772181638
BMSZ14,SRSZ02,1,3.0048774280158552
BMSZ14,WCSZ01,1,18.625034700562075
BMSZ15,AMSZ03,1,10.61039611752084
BMSZ15,AMSZ12,1,12.582665349670897
BMSZ15,BDSZ04,1,13.88300685279514
BMSZ15,BMSZ01,9,1.3582854437845964
BMSZ15,BMSZ02,3,1.1108194876967077
BMSZ15,BMSZ04,2,1.1388794453076865
BMSZ15,BMSZ05,2,1.2830818685316632
BMSZ15,BMSZ08,3,1.4611229178377867
BMSZ15,BMSZ13,3,1.7716811963121053
BMSZ15,BMSZ15,3,0.0
BMSZ15,BTSZ07,1,5.679423222498648
BMSZ15,CHSZ03,1,21.234154288853734
BMSZ15,CKSZ03,2,15.015511324424141
BMSZ15,CKSZ06,1,16.46046354068688
BMSZ15,CLSZ02,1,8.5096987183631
BMSZ15,DTSZ01,2,4.47271066607535
BMSZ15,DTSZ05,1,3.1268514013914324
BMSZ15,DTSZ08,1,2.7451891168901374
BMSZ15,GLSZ02,1,8.975177356221803
BMSZ15,GLSZ03,1,10.110042537636245
BMSZ15,JESZ10,1,9.93767819475225
BMSZ15,JWSZ04,1,13.317165547043755
BMSZ15,KLSZ05,1,6.4230769224380495
BMSZ15,NVSZ01,1,6.436352940195613
BMSZ15,ORSZ02,1,3.595639634620449
BMSZ15,OTSZ03,2,2.2224647217834725
BMSZ15,PLSZ04,1,11.825996414778988
BMSZ15,PRSZ08,1,18.38778192337954
BMSZ15,QTSZ05,2,3.1593541163507015
BMSZ15,QTSZ09,2,6.70896928323228
BMSZ15,QTSZ14,2,3.3561139504775004
BMSZ15,RCSZ09,1,4.297732599854387
BMSZ15,SISZ01,1,2.7615112610764494
BMSZ15,TMSZ02,1,16.67595930875154
BMSZ15,TNSZ02,1,2.561093334944772
BMSZ15,WCSZ01,1,19.216134375092462
BMSZ16,BDSZ04,1,12.684349647283863
BMSZ16,BMSZ01,4,2.618652417920164
BMSZ16,BMSZ05,1,0.5628967662113579
BMSZ16,BMSZ07,1,3.2835563905435032
BMSZ16,BMSZ08,2,2.0475201721272787
BMSZ16,BMSZ11,1,1.0663141678789894
BMSZ16,BMSZ13,1,3.056313416566517
BMSZ16,BMSZ16,2,0.0
BMSZ16,BPSZ04,1,13.288873115215097
BMSZ16,CKSZ01,1,14.918523374294972
BMSZ16,CKSZ02,1,14.992462958855663
BMSZ16,DTSZ02,1,2.699477122388156
BMSZ16,DTSZ03,2,3.209142432181445
BMSZ16,DTSZ05,1,1.9016851775513335
BMSZ16,DTSZ11,3,1.7916035128954997
BMSZ16,GLSZ01,1,7.1820158615375975
BMSZ16,HGSZ01,1,12.186330209612718
BMSZ16,HGSZ02,1,12.576429315075398
BMSZ16,HGSZ05,1,12.820056407020585
BMSZ16,JESZ05,1,12.254754220227323
BMSZ16,JWSZ02,1,15.993570349744726
BMSZ16,JWSZ03,1,15.283661026886467
BMSZ16,JWSZ08,2,17.52497147317131
BMSZ16,JWSZ09,1,16.58880154910295
BMSZ16,KLSZ01,2,5.972006191262525
BMSZ16,KLSZ02,1,6.417155999556706
BMSZ16,KLSZ05,1,5.243931482413586
BMSZ16,KLSZ08,1,5.425620647786394
BMSZ16,MPSZ03,1,8.506132347478736
BMSZ16,MUSZ01,1,2.8342162127799373
BMSZ16,NVSZ02,1,4.80207642292264
BMSZ16,OTSZ03,1,0.9913655462558489
BMSZ16,PGSZ02,1,16.581641912566777
BMSZ16,PNSZ01,1,18.31802196659327
BMSZ16,QTSZ11,1,7.038196142087818
BMSZ16,SBSZ03,1,19.172665701183817
BMSZ16,SESZ04,3,14.528669513613943
BMSZ16,SESZ06,1,14.094699402568548
BMSZ16,SISZ01,1,2.9010546441056064
BMSZ16,TMSZ04,1,14.984960859002953
BMSZ16,TNSZ01,1,4.526518549665895
BMSZ17,BDSZ04,2,13.194476195149397
BMSZ17,BKSZ08,1,12.826772318039449
BMSZ17,BMSZ01,3,2.6053929255487533
BMSZ17,BMSZ03,2,3.306366903841083
BMSZ17,BMSZ04,1,2.3587019353722494
BMSZ17,BMSZ07,1,3.9046625287544408
BMSZ17,BMSZ12,1,3.660138625814397
BMSZ17,BPSZ03,1,15.158020941382265
BMSZ17,BTSZ07,1,7.256142162216505
BMSZ17,BTSZ08,1,6.725306429504544
BMSZ17,CKSZ03,1,16.59531851157641
BMSZ17,CLSZ04,1,9.731411652867756
BMSZ17,CLSZ06,1,9.705301086277531
BMSZ17,CLSZ07,1,8.751104003795305
BMSZ17,DTSZ03,1,3.899317845722211
BMSZ17,GLSZ02,1,8.750625536325659
BMSZ17,GLSZ03,1,9.761487534054362
BMSZ17,GLSZ04,1,7.5428897782085285
BMSZ17,GLSZ05,2,8.931684291619899
BMSZ17,HGSZ05,1,13.794194430632825
BMSZ17,JESZ01,1,14.77648050528185
BMSZ17,JESZ02,1,13.723612241445476
BMSZ17,JESZ03,1,12.886411751850043
BMSZ17,JESZ05,1,12.896251378398368
BMSZ17,JWSZ03,1,15.93690271278659
BMSZ17,JWSZ09,1,17.1313091118079
BMSZ17,NVSZ01,1,6.8802116835782465
BMSZ17,NVSZ02,1,5.85815986935198
BMSZ17,PGSZ03,3,16.679434928214757
BMSZ17,PGSZ04,3,16.601339600271654
BMSZ17,PGSZ05,3,17.42394452469226
BMSZ17,PRSZ02,1,17.080996913087283
BMSZ17,QTSZ02,1,6.686555111247298
BMSZ17,QTSZ14,2,4.883805984766102
BMSZ17,SBSZ02,1,19.575283039061713
BMSZ17,SESZ03,6,15.58900183963848
BMSZ17,SESZ04,1,15.495312261642479
BMSZ17,SESZ05,1,14.552969311623727
BMSZ17,SESZ06,2,15.099946752451059
BMSZ17,SGSZ01,1,13.544432963868744
BMSZ17,SGSZ04,1,11.331161307650186
BMSZ17,SGSZ06,3,10.37351332408094
BMSZ17,SISZ01,1,1.9055468710388708
BMSZ17,TMSZ03,1,14.391787329911775
BMSZ17,TPSZ02,1,7.55667819061604
BMSZ17,TPSZ06,1,8.310076269116433
BMSZ17,TPSZ09,2,8.187356735084004
BMSZ17,WDSZ02,1,20.054314454386258
BMSZ17,WDSZ03,1,19.94452303719967
BMSZ17,YSSZ09,1,18.4510846459588
BPSZ01,AMSZ10,1,9.535696776916161
BPSZ01,BDSZ01,1,17.49599831078059
BPSZ01,BDSZ03,2,18.540411643888437
BPSZ01,BDSZ06,1,21.686771457596286
BPSZ01,BKSZ05,1,3.4088677483937837
BPSZ01,BKSZ06,1,4.7512677435357356
BPSZ01,BKSZ07,2,4.385151287323796
BPSZ01,BMSZ07,1,12.247197585705011
BPSZ01,BMSZ11,1,14.0993013838269
BPSZ01,BMSZ12,1,12.727470346465635
BPSZ01,BPSZ01,8,0.0
BPSZ01,BPSZ02,2,0.6392849339246802
BPSZ01,BPSZ03,3,1.1920001600727563
BPSZ01,BPSZ04,4,1.8300841829926888
BPSZ01,BPSZ05,8,1.2990930537372278
BPSZ01,BPSZ06,1,2.3478810159509322
BPSZ01,BTSZ01,2,5.502209157284389
BPSZ01,CHSZ03,2,27.081574509312418
BPSZ01,CKSZ01,1,0.8040432852062875
BPSZ01,CKSZ03,1,1.435952588366033
BPSZ01,CKSZ06,1,2.1391330870157463
BPSZ01,DTSZ03,2,15.21513527373437
BPSZ01,DTSZ05,3,15.193525336128207
BPSZ01,DTSZ08,3,15.46853625759268
BPSZ01,DTSZ09,1,15.50170390615792
BPSZ01,DTSZ11,1,15.975163674494919
BPSZ01,DTSZ12,2,15.791237350031764
BPSZ01,GLSZ03,1,16.378675265647423
BPSZ01,JESZ02,1,5.6240157969783375
BPSZ01,JESZ03,1,5.63935903522733
BPSZ01,JESZ04,1,6.633607265643501
BPSZ01,JESZ05,3,6.218706863920404
BPSZ01,JWSZ09,1,8.264607722114214
BPSZ01,KLSZ08,1,14.153777154848198
BPSZ01,MPSZ02,1,18.040005255534947
BPSZ01,MUSZ02,1,13.971413113136505
BPSZ01,MUSZ03,1,14.056120524535663
BPSZ01,NTSZ03,1,12.000823946099851
BPSZ01,NVSZ02,2,11.90337413589243
BPSZ01,ORSZ01,1,11.592987917797048
BPSZ01,ORSZ02,2,12.032370013564792
BPSZ01,OTSZ01,1,14.207037691216929
BPSZ01,OTSZ03,3,14.993740727558249
BPSZ01,OTSZ04,1,14.837659275235938
BPSZ01,QTSZ08,3,10.347555143250476
BPSZ01,QTSZ11,3,10.179633336294522
BPSZ01,QTSZ12,2,11.78437431804222
BPSZ01,RCSZ10,2,14.074808576040718
BPSZ01,SGSZ02,1,11.657009748934213
BPSZ01,SGSZ03,1,12.614603736848938
BPSZ01,SRSZ02,2,14.230987324098729
BPSZ01,TMSZ05,1,24.033370316262616
BPSZ01,TNSZ04,1,9.860599022437796
BPSZ01,TSSZ05,1,16.995563672928547
BPSZ01,WCSZ01,1,7.88055876009976
BPSZ01,WDSZ01,1,6.418382461424853
BPSZ01,WDSZ02,1,6.902448004726922
BPSZ01,WDSZ06,2,5.952414212433983
BPSZ01,YSSZ09,1,9.299427682817216
BPSZ02,AMSZ05,1,8.271326183179683
BPSZ02,BKSZ09,1,5.1044744899719445
BPSZ02,BMSZ02,1,12.965310096518348
BPSZ02,BMSZ05,1,14.071390997852154
BPSZ02,BMSZ12,1,12.483272589071548
BPSZ02,BPSZ01,3,0.6392849339246802
BPSZ02,BPSZ02,2,0.0
BPSZ02,BPSZ03,2,0.5664853816710722
BPSZ02,BPSZ04,5,1.3499789105701354
BPSZ02,BPSZ05,4,1.1435975036682837
BPSZ02,BPSZ06,1,2.0799161874011722
BPSZ02,BPSZ07,1,3.861376366478557
BPSZ02,BTSZ01,5,5.406913219331066
BPSZ02,BTSZ02,1,5.83740216466022
BPSZ02,BTSZ03,1,6.860582225907837
BPSZ02,BTSZ06,1,7.8013034818459115
BPSZ02,BTSZ07,1,8.42164706102097
BPSZ02,CCSZ01,1,4.02547560982915
BPSZ02,CKSZ01,1,1.366532425599338
BPSZ02,CKSZ03,3,2.0742124455457605
BPSZ02,CKSZ05,2,2.294174780128727
BPSZ02,CKSZ06,2,2.5949932902049127
BPSZ02,CLSZ07,1,9.135632457493006
BPSZ02,DTSZ01,1,13.904235931829593
BPSZ02,DTSZ02,1,14.215392846197517
BPSZ02,DTSZ03,2,14.766468190740026
BPSZ02,DTSZ05,4,14.786830141738331
BPSZ02,DTSZ08,1,15.07980571202417
BPSZ02,DTSZ11,2,15.583079137353476
BPSZ02,GLSZ01,1,13.935521356961631
BPSZ02,GLSZ03,1,15.794819740225476
BPSZ02,HGSZ07,1,13.771140974620433
BPSZ02,JESZ01,1,5.791188373402055
BPSZ02,JESZ05,1,6.461340572000737
BPSZ02,JESZ07,1,8.515811219221433
BPSZ02,JESZ09,1,10.238488074039035
BPSZ02,JWSZ02,1,7.593823842923041
BPSZ02,KLSZ08,2,13.63829122283507
BPSZ02,MPSZ03,1,18.242951555173438
BPSZ02,NTSZ03,2,11.55512898661966
BPSZ02,NVSZ01,1,11.595152787199321
BPSZ02,NVSZ02,1,11.426946995028219
BPSZ02,ORSZ02,2,11.625418578574669
BPSZ02,ORSZ03,1,12.444692131051866
BPSZ02,PNSZ05,1,15.056635699661955
BPSZ02,QTSZ02,1,9.222385988552594
BPSZ02,QTSZ05,1,10.938098037251052
BPSZ02,QTSZ08,1,10.166543249098739
BPSZ02,QTSZ12,2,11.618072355579544
BPSZ02,QTSZ13,1,11.180949512563265
BPSZ02,RCSZ09,1,13.304618849155254
BPSZ02,RCSZ10,1,13.622964701769034
BPSZ02,SGSZ03,1,11.980274171675418
BPSZ02,SGSZ04,1,11.46208243007404
BPSZ02,SLSZ04,1,13.067399669704272
BPSZ02,TMSZ03,1,19.323247510086816
BPSZ02,TMSZ05,1,23.420379495095954
BPSZ02,TNSZ04,1,9.506324311544684
BPSZ02,TPSZ01,1,9.849642407087028
BPSZ02,WDSZ02,1,6.596046383522774
BPSZ02,YSSZ01,1,9.124786772252302
BPSZ02,YSSZ09,1,8.761040340148279
BPSZ03,AMSZ01,2,8.516027876012881
BPSZ03,BDSZ06,1,20.523369923407195
BPSZ03,BKSZ02,1,3.556192062722004
BPSZ03,BKSZ05,1,3.338019775970798
BPSZ03,BLSZ02,1,10.181013729927132
BPSZ03,BMSZ01,2,13.744456017518864
BPSZ03,BMSZ02,2,12.585738416654193
BPSZ03,BMSZ07,1,11.630227263289555
BPSZ03,BMSZ17,1,15.158020941382265
BPSZ03,BPSZ01,5,1.1920001600727563
BPSZ03,BPSZ02,1,0.5664853816710722
BPSZ03,BPSZ03,8,0.0
BPSZ03,BPSZ04,5,0.9219301040327256
BPSZ03,BPSZ05,7,1.1253728669166327
BPSZ03,BSSZ03,1,9.895416680210172
BPSZ03,CKSZ02,2,2.932677587192793
BPSZ03,CKSZ03,1,2.613547691987146
BPSZ03,CKSZ04,2,3.665308994740308
BPSZ03,CLSZ06,1,8.135214901401165
BPSZ03,DTSZ01,2,13.405669797436534
BPSZ03,DTSZ03,3,14.273336502498971
BPSZ03,DTSZ05,3,14.321127627055779
BPSZ03,DTSZ08,2,14.626147678367936
BPSZ03,DTSZ11,2,15.126812973582753
BPSZ03,DTSZ12,1,14.886968027601378
BPSZ03,GLSZ05,1,16.02629753313934
BPSZ03,JESZ03,1,5.950515186218966
BPSZ03,JESZ05,2,6.560208836554459
BPSZ03,JWSZ09,1,9.141757231901098
BPSZ03,KLSZ02,1,13.06373534498734
BPSZ03,KLSZ07,1,11.8280020853734
BPSZ03,MDSZ02,1,6.591593892076856
BPSZ03,MUSZ01,1,12.610827805406512
BPSZ03,MUSZ03,1,13.13971268364065
BPSZ03,NVSZ02,2,10.918416443505086
BPSZ03,ORSZ02,4,11.162018247306616
BPSZ03,ORSZ03,4,11.974481007751226
BPSZ03,PNSZ03,1,11.998212001822955
BPSZ03,PNSZ05,1,15.383402241155636
BPSZ03,QTSZ01,1,8.412107176187213
BPSZ03,QTSZ05,2,10.570761264422876
BPSZ03,QTSZ08,2,9.87722513851989
BPSZ03,QTSZ10,2,9.04602844114679
BPSZ03,QTSZ11,1,9.891636796214353
BPSZ03,QTSZ12,1,11.337339232750136
BPSZ03,RVSZ03,1,11.923067532185234
BPSZ03,TNSZ01,1,9.857869003178715
BPSZ03,TSSZ02,1,16.243094348468766
BPSZ03,TSSZ05,1,17.91349005115101
BPSZ03,WCSZ01,4,9.055665750862262
BPSZ03,WDSZ02,1,6.532795852437091
BPSZ03,WDSZ09,1,7.401173356100337
BPSZ03,YSSZ01,1,8.740111627901353
BPSZ04,AMSZ05,1,7.198087074067346
BPSZ04,BKSZ01,1,2.0608049702147597
BPSZ04,BKSZ04,2,3.3127502721573756
BPSZ04,BKSZ05,1,2.650441728267091
BPSZ04,BLSZ02,1,9.836696258353802
BPSZ04,BMSZ01,3,12.823229291991334
BPSZ04,BMSZ04,1,11.884358071727528
BPSZ04,BMSZ06,2,10.728731411367573
BPSZ04,BMSZ07,1,10.708370381349502
BPSZ04,BMSZ16,1,13.288873115215097
BPSZ04,BPSZ01,2,1.8300841829926888
BPSZ04,BPSZ02,4,1.3499789105701354
BPSZ04,BPSZ03,4,0.9219301040327256
BPSZ04,BPSZ04,1,0.0
BPSZ04,BPSZ05,5,0.9043775472896666
BPSZ04,BPSZ07,1,2.657887128381221
BPSZ04,BSSZ01,1,6.7992854397716815
BPSZ04,BSSZ03,1,9.261883320058557
BPSZ04,BTSZ01,2,4.372521017331753
BPSZ04,BTSZ03,1,5.6649252396918754
BPSZ04,CKSZ01,3,2.214771502381226
BPSZ04,CKSZ02,1,3.098894930087644
BPSZ04,CKSZ03,8,3.08990910473603
BPSZ04,CKSZ06,1,3.9306177102642175
BPSZ04,DTSZ02,1,12.865872036534844
BPSZ04,DTSZ08,4,13.733227728729675
BPSZ04,DTSZ09,1,13.785114709209815
BPSZ04,DTSZ11,3,14.235804299044467
BPSZ04,GLSZ03,2,14.583817532562264
BPSZ04,HGSZ07,1,12.687212547795015
BPSZ04,JESZ05,3,6.024041207689825
BPSZ04,JESZ06,1,6.352580677548056
BPSZ04,JWSZ06,1,9.889426426405274
BPSZ04,JWSZ08,2,9.540971848155122
BPSZ04,JWSZ09,1,9.01713352969668
BPSZ04,KLSZ08,1,12.324229377269452
BPSZ04,MUSZ01,1,11.74012608475498
BPSZ04,NVSZ01,1,10.284293345154957
BPSZ04,NVSZ02,1,10.087570480845178
BPSZ04,NVSZ03,2,8.945171247240161
BPSZ04,NVSZ05,1,7.753111361621991
BPSZ04,ORSZ01,1,9.86946134105939
BPSZ04,ORSZ02,4,10.276409117697819
BPSZ04,OTSZ03,3,13.273824583302739
BPSZ04,PNSZ02,2,13.584943721493223
BPSZ04,QTSZ06,1,9.840908554029014
BPSZ04,QTSZ08,1,8.96860875261681
BPSZ04,QTSZ10,1,8.16536879337446
BPSZ04,QTSZ11,2,9.023385157514559
BPSZ04,QTSZ14,1,11.295189018526676
BPSZ04,RCSZ10,1,12.27603790838774
BPSZ04,SESZ03,1,13.811674053484365
BPSZ04,SESZ04,1,12.918134984227995
BPSZ04,SGSZ04,1,10.391766336894424
BPSZ04,SVSZ01,1,15.058292857911837
BPSZ04,TMSZ02,1,19.830197040295616
BPSZ04,TMSZ04,2,20.383931856414446
BPSZ04,TNSZ01,1,8.968818468005095
BPSZ04,TNSZ03,1,9.17600858356063
BPSZ04,TNSZ04,1,8.172845158792553
BPSZ04,TPSZ06,1,10.389823769644888
BPSZ04,TPSZ09,1,11.274633403831272
BPSZ04,TSSZ05,2,17.792197887131532
BPSZ04,WDSZ01,1,6.931772709690603
BPSZ04,WDSZ02,2,7.2389437477248
BPSZ04,WDSZ03,1,7.765413102739229
BPSZ04,WDSZ05,2,5.820147087585998
BPSZ04,WDSZ06,1,6.712605557340437
BPSZ04,YSSZ09,1,8.708949066702232
BPSZ05,AMSZ01,1,8.96330795749245
BPSZ05,BDSZ02,1,18.23825823848574
BPSZ05,BKSZ01,4,1.2221236874947188
BPSZ05,BKSZ02,2,2.5045568965641336
BPSZ05,BKSZ05,6,2.270302415032574
BPSZ05,BKSZ07,1,3.570516970567449
BPSZ05,BKSZ09,1,3.9836197496702264
BPSZ05,BLSZ01,1,8.44972105576737
BPSZ05,BMSZ01,1,13.035385332756617
BPSZ05,BMSZ05,4,13.124863868262093
BPSZ05,BMSZ06,1,11.072663179560843
BPSZ05,BMSZ09,1,11.955984212644157
BPSZ05,BMSZ12,2,11.432932775214413
BPSZ05,BMSZ13,1,12.014061665626384
BPSZ05,BPSZ01,5,1.2990930537372278
BPSZ05,BPSZ02,4,1.1435975036682837
BPSZ05,BPSZ03,7,1.1253728669166327
BPSZ05,BPSZ04,7,0.9043775472896666
BPSZ05,BPSZ05,6,0.0
BPSZ05,BPSZ06,1,1.0550210048584956
BPSZ05,BPSZ07,2,2.809728018899632
BPSZ05,BSSZ02,1,9.066142867791703
BPSZ05,BTSZ01,6,4.272252588092729
BPSZ05,BTSZ03,1,5.77379078143078
BPSZ05,BTSZ05,1,6.664313663627369
BPSZ05,CHSZ03,1,26.291847515973945
BPSZ05,CKSZ01,1,1.4108989462238801
BPSZ05,CKSZ02,5,2.1993511415909817
BPSZ05,CKSZ03,9,2.3007075960770518
BPSZ05,CKSZ04,1,3.09251594954318
BPSZ05,CKSZ05,7,2.853338000619151
BPSZ05,CKSZ06,4,3.42217921110281
BPSZ05,CLSZ01,2,5.034363681918519
BPSZ05,CLSZ03,1,6.092148836112803
BPSZ05,CLSZ05,1,6.748623272583741
BPSZ05,CLSZ09,1,7.6581650562662285
BPSZ05,DTSZ01,2,13.135281077648846
BPSZ05,DTSZ02,2,13.400645284957236
BPSZ05,DTSZ03,5,13.978662509460536
BPSZ05,DTSZ05,4,13.925965731011926
BPSZ05,DTSZ08,3,14.19120703348738
BPSZ05,DTSZ11,6,14.699280581053403
BPSZ05,GLSZ05,2,16.08401763409321
BPSZ05,HGSZ07,1,13.547630596460792
BPSZ05,HGSZ08,1,13.958945041823744
BPSZ05,JESZ01,1,4.985682177114802
BPSZ05,JESZ05,4,5.434841826483245
BPSZ05,JESZ06,2,5.872152089271856
BPSZ05,JWSZ08,2,8.666129129690592
BPSZ05,JWSZ09,2,8.166228634550631
BPSZ05,KLSZ01,1,12.19310913833841
BPSZ05,KLSZ08,2,13.000501922846478
BPSZ05,KLSZ09,1,13.696076613548126
BPSZ05,MUSZ01,1,12.266830265621675
BPSZ05,MUSZ03,1,12.807852489863311
BPSZ05,NTSZ03,1,10.764930713311953
BPSZ05,NTSZ05,1,11.279451096603287
BPSZ05,NVSZ02,2,10.699575621577189
BPSZ05,ORSZ02,5,10.767083021711537
BPSZ05,ORSZ03,4,11.600320924921256
BPSZ05,OTSZ01,1,12.924648011794039
BPSZ05,OTSZ03,8,13.711061778163108
BPSZ05,OTSZ04,1,13.564537305356447
BPSZ05,PGSZ04,1,16.255596170251312
BPSZ05,PLSZ04,1,14.831403733958362
BPSZ05,PNSZ01,1,11.147336316061983
BPSZ05,QTSZ05,1,9.916506624645997
BPSZ05,QTSZ08,3,9.07185687832771
BPSZ05,QTSZ09,1,7.283727144819152
BPSZ05,QTSZ10,1,8.14900133924096
BPSZ05,QTSZ11,4,8.96328372259818
BPSZ05,QTSZ12,3,10.515868898237414
BPSZ05,QTSZ13,1,10.049805691445846
BPSZ05,QTSZ14,2,11.38190614030116
BPSZ05,QTSZ15,1,11.0916806912999
BPSZ05,RCSZ01,1,12.09488429489869
BPSZ05,RCSZ09,1,12.52778655372818
BPSZ05,SGSZ03,1,11.911245082548769
BPSZ05,SRSZ02,1,12.961508199868305
BPSZ05,TMSZ02,1,20.70259813050238
BPSZ05,TMSZ04,1,21.23714653839205
BPSZ05,TNSZ01,2,9.453990628752813
BPSZ05,TNSZ04,3,8.572249934626104
BPSZ05,TPSZ10,1,12.690050471435642
BPSZ05,TPSZ12,1,13.625498473255535
BPSZ05,TSSZ04,1,15.03135873644613
BPSZ05,TSSZ05,2,16.94529214699375
BPSZ05,WDSZ01,2,7.25919890259853
BPSZ05,WDSZ02,1,7.647068907207893
BPSZ05,WDSZ05,1,6.087498245772307
BPSZ05,WDSZ09,1,8.462953956129677
BPSZ05,YSSZ09,1,9.461509357187055
BPSZ06,BPSZ01,1,2.3478810159509322
BPSZ06,BPSZ03,1,1.821131933374833
BPSZ06,BPSZ05,1,1.0550210048584956
BPSZ06,BSSZ01,1,6.801539928035863
BPSZ06,BTSZ01,1,3.397330510811213
BPSZ06,CKSZ01,1,2.4049163613589335
BPSZ06,CKSZ02,1,2.9510063740236623
BPSZ06,DTSZ05,1,12.875008473467624
BPSZ06,DTSZ11,2,13.64574277044222
BPSZ06,KLSZ06,1,11.60935215196727
BPSZ06,OTSZ03,1,12.656271898587852
BPSZ06,QTSZ05,1,8.878356992161054
BPSZ06,TPSZ03,1,9.161085589691499
BPSZ06,WCSZ01,2,9.27682551322902
BPSZ06,WDSZ01,1,7.925135886879465
BPSZ07,BKSZ07,1,3.1061195662990415
BPSZ07,BKSZ09,1,2.5881679718000545
BPSZ07,BPSZ04,1,2.657887128381221
BPSZ07,BPSZ05,2,2.809728018899632
BPSZ07,BPSZ07,1,0.0
BPSZ07,BSSZ02,1,7.457532156112643
BPSZ07,BTSZ01,1,1.8671313607284261
BPSZ07,CHSZ03,1,24.82140323057638
BPSZ07,CLSZ06,1,4.885830462686111
BPSZ07,JWSZ02,1,7.458290058767755
BPSZ07,NTSZ03,1,8.206171471802767
BPSZ07,QTSZ08,1,6.317948774575861
BPSZ07,RCSZ10,1,10.27814063294437
BPSZ07,SBSZ05,1,12.293793335421409
BPSZ07,SGSZ06,1,10.32404146544852
BPSZ07,TPSZ02,1,7.924588653834165
BPSZ07,WDSZ01,1,9.495928788693792
BSSZ01,AMSZ01,13,2.330062203630164
BSSZ01,AMSZ02,4,2.9462929613040005
BSSZ01,AMSZ03,2,2.6995044229110725
BSSZ01,AMSZ04,5,1.9924536063797271
BSSZ01,AMSZ05,1,1.3323137492637933
BSSZ01,AMSZ06,4,1.9366591055442168
BSSZ01,AMSZ08,1,3.2695661201461235
BSSZ01,AMSZ09,1,2.7648089240328275
BSSZ01,BDSZ01,2,8.934994591246342
BSSZ01,BDSZ04,3,11.923322731000368
BSSZ01,BDSZ05,1,10.897478298263728
BSSZ01,BDSZ06,1,13.115383475122762
BSSZ01,BKSZ06,1,10.071319107858015
BSSZ01,BKSZ07,1,9.164318821172182
BSSZ01,BMSZ01,4,10.108505777272555
BSSZ01,BMSZ04,1,8.210399946768307
BSSZ01,BMSZ06,2,7.392032351771877
BSSZ01,BMSZ07,3,8.19927218003428
BSSZ01,BMSZ08,1,7.936135956566722
BSSZ01,BMSZ11,1,8.835777037790063
BSSZ01,BMSZ17,1,10.282381287427945
BSSZ01,BPSZ04,1,6.7992854397716815
BSSZ01,BSSZ01,10,0.0
BSSZ01,BSSZ02,2,1.4491930913198168
BSSZ01,BSSZ03,12,2.463913530065902
BSSZ01,BTSZ01,4,7.0993213823554875
BSSZ01,BTSZ03,2,6.378094356873482
BSSZ01,CKSZ01,1,9.006178055144124
BSSZ01,CKSZ02,1,9.74376702954399
BSSZ01,CKSZ03,1,9.887862950332583
BSSZ01,CKSZ04,1,10.685808701099555
BSSZ01,CKSZ06,2,10.525119921939476
BSSZ01,CLSZ07,1,9.278066889002396
BSSZ01,DTSZ01,1,7.022428444756149
BSSZ01,DTSZ02,3,7.6158437014474964
BSSZ01,DTSZ03,3,7.928650982445564
BSSZ01,DTSZ05,5,8.481903812394235
BSSZ01,DTSZ08,3,8.978277793837487
BSSZ01,DTSZ11,5,9.388077365406085
BSSZ01,DTSZ12,1,8.765548107458736
BSSZ01,GLSZ05,3,8.628224727672697
BSSZ01,HGSZ02,1,7.4496670702867185
BSSZ01,HGSZ04,1,6.214922651042473
BSSZ01,HGSZ06,4,5.412501839941067
BSSZ01,HGSZ08,2,6.342873742591658
BSSZ01,JESZ02,1,10.562863053213245
BSSZ01,JESZ05,2,10.32791270244851
BSSZ01,JESZ06,1,9.986620097428403
BSSZ01,KLSZ03,2,6.5132736213001685
BSSZ01,KLSZ05,1,7.98761746586364
BSSZ01,KLSZ06,1,6.004356395155039
BSSZ01,KLSZ08,1,6.092089799929383
BSSZ01,KLSZ09,1,7.23496147251469
BSSZ01,MPSZ01,1,9.04272834872015
BSSZ01,MPSZ02,1,9.594717785409555
BSSZ01,MPSZ03,1,10.357122889029005
BSSZ01,MUSZ01,1,6.695490362860431
BSSZ01,NTSZ03,1,5.171807318546725
BSSZ01,NVSZ01,5,4.140712133667812
BSSZ01,NVSZ02,2,4.601943541926713
BSSZ01,ORSZ02,9,5.814905738335073
BSSZ01,ORSZ03,4,6.333117926494728
BSSZ01,OTSZ03,5,8.732135865451442
BSSZ01,PGSZ02,1,9.593735566572484
BSSZ01,PGSZ03,1,8.767478441212065
BSSZ01,PGSZ05,1,10.37043041154643
BSSZ01,PLSZ04,1,7.272326200437549
BSSZ01,QTSZ01,1,7.199059583669159
BSSZ01,QTSZ02,1,6.889208200128888
BSSZ01,QTSZ05,1,7.235198600178711
BSSZ01,QTSZ08,5,8.0417772866973
BSSZ01,QTSZ10,4,8.375416396597213
BSSZ01,QTSZ11,2,9.237136962862854
BSSZ01,QTSZ13,3,9.80065321498965
BSSZ01,QTSZ14,3,9.839706909880455
BSSZ01,QTSZ15,1,10.995820536915682
BSSZ01,RCSZ01,3,5.827219666859465
BSSZ01,RCSZ03,1,6.383932377505099
BSSZ01,RCSZ09,1,6.5397863220795385
BSSZ01,RVSZ05,1,7.101383198175175
BSSZ01,SBSZ01,3,9.989598082152261
BSSZ01,SBSZ03,2,9.994807013022445
BSSZ01,SBSZ04,1,11.19780844941514
BSSZ01,SBSZ05,1,10.67322504784016
BSSZ01,SBSZ06,1,11.241256180391918
BSSZ01,SBSZ08,1,12.229086336243856
BSSZ01,SESZ02,2,8.743758676856658
BSSZ01,SESZ03,2,8.191644757943026
BSSZ01,SESZ04,2,7.533452702094252
BSSZ01,SESZ06,2,6.447070982720102
BSSZ01,SGSZ03,1,4.932379133864138
BSSZ01,SGSZ04,6,3.8631900924518154
BSSZ01,SGSZ06,2,4.31057716345392
BSSZ01,TMSZ03,3,11.569070490981037
BSSZ01,TMSZ04,1,13.662181027889115
BSSZ01,TNSZ01,1,4.949979267570858
BSSZ01,TNSZ04,1,5.250592624280305
BSSZ01,TPSZ01,3,2.2389513857650347
BSSZ01,TPSZ02,4,3.1724755752781033
BSSZ01,TPSZ03,1,2.7076891694029825
BSSZ01,TPSZ06,4,3.7352266707219957
BSSZ01,TPSZ09,1,4.608828919421171
BSSZ01,WCSZ01,2,16.07808518329429
BSSZ01,WDSZ02,1,10.203119321478622
BSSZ01,WDSZ03,2,9.887578244804601
BSSZ01,WDSZ04,1,9.057514757103265
BSSZ01,WDSZ05,1,9.954016842185583
BSSZ01,WDSZ06,3,10.879279976271208
BSSZ01,WDSZ08,1,11.125326146996711
BSSZ01,WDSZ09,1,11.82201944047193
BSSZ01,YSSZ01,1,7.700002271828978
BSSZ01,YSSZ03,2,7.970230772957729
BSSZ01,YSSZ04,1,6.787906532691695
BSSZ01,YSSZ08,1,6.7208258753099805
BSSZ01,YSSZ09,8,8.170977815592874
BSSZ02,AMSZ01,7,2.0581507632730265
BSSZ02,AMSZ03,1,1.6259402951282806
BSSZ02,AMSZ04,1,1.2856971269799196
BSSZ02,AMSZ05,1,1.6770298907590238
BSSZ02,BDSZ01,1,7.486218181630855
BSSZ02,BDSZ03,2,8.520774969540463
BSSZ02,BLSZ02,1,15.713353102201959
BSSZ02,BMSZ02,1,8.559282593773693
BSSZ02,BPSZ05,1,9.066142867791703
BSSZ02,BSSZ01,6,1.4491930913198168
BSSZ02,BSSZ02,4,0.0
BSSZ02,BSSZ03,12,1.034011091901759
BSSZ02,BTSZ01,3,8.355038635512466
BSSZ02,BTSZ05,1,4.708118428550895
BSSZ02,CLSZ09,1,11.289815761601359
BSSZ02,DTSZ01,2,6.263198709452091
BSSZ02,DTSZ02,1,6.9468318606418515
BSSZ02,DTSZ03,4,7.143537778764801
BSSZ02,DTSZ05,6,7.884179204068369
BSSZ02,DTSZ08,3,8.430938438789603
BSSZ02,DTSZ09,2,8.726771442946578
BSSZ02,DTSZ11,2,8.789479325263127
BSSZ02,GLSZ02,2,5.393338153709616
BSSZ02,GLSZ03,1,6.370678889053182
BSSZ02,GLSZ04,1,6.179176358935033
BSSZ02,GLSZ05,3,7.254399561552946
BSSZ02,HGSZ04,1,5.031950611348236
BSSZ02,HGSZ08,1,4.89378340275891
BSSZ02,JESZ05,1,11.605271790270233
BSSZ02,KLSZ06,2,5.094022940132291
BSSZ02,KLSZ09,1,6.321075929451532
BSSZ02,MPSZ03,1,9.023145475882124
BSSZ02,MUSZ01,1,6.172525684162197
BSSZ02,NVSZ02,5,4.089090493516779
BSSZ02,ORSZ01,1,5.9033743451601195
BSSZ02,ORSZ02,3,5.616671589004334
BSSZ02,ORSZ03,3,5.958586795715293
BSSZ02,OTSZ03,2,8.272921769160586
BSSZ02,PGSZ05,1,9.354393337148968
BSSZ02,PRSZ02,1,10.909568424106025
BSSZ02,PRSZ03,2,11.623324865435313
BSSZ02,PRSZ05,1,12.832237684512668
BSSZ02,QTSZ05,2,7.550966610378101
BSSZ02,QTSZ08,4,8.64581173081145
BSSZ02,QTSZ10,1,9.180554949482893
BSSZ02,QTSZ11,3,9.986610296096666
BSSZ02,QTSZ12,1,9.650855823208419
BSSZ02,QTSZ13,1,10.421444374545057
BSSZ02,QTSZ14,2,10.203393502018669
BSSZ02,QTSZ15,2,11.577857716611303
BSSZ02,RCSZ10,1,6.148244962928592
BSSZ02,SBSZ03,1,10.666459346867125
BSSZ02,SESZ03,2,7.182795908681114
BSSZ02,SESZ06,1,5.739968867991716
BSSZ02,SESZ07,1,5.008217231550874
BSSZ02,SGSZ02,1,3.168086094500774
BSSZ02,SGSZ03,1,3.871226046741279
BSSZ02,SGSZ06,1,2.875991737030352
BSSZ02,SKSZ03,1,10.429319653164448
BSSZ02,SRSZ02,1,7.201143744003385
BSSZ02,THSZ01,1,12.953530858130565
BSSZ02,TMSZ04,1,12.224216891971356
BSSZ02,TMSZ05,3,14.086182769475576
BSSZ02,TNSZ01,1,5.048780726952571
BSSZ02,TNSZ04,2,5.672201594034852
BSSZ02,TPSZ01,1,1.641714029110232
BSSZ02,TPSZ02,1,2.4181083072539438
BSSZ02,TPSZ05,1,2.0222166307092877
BSSZ02,TPSZ06,3,2.4781130589168385
BSSZ02,TPSZ11,1,3.9640961232849614
BSSZ02,TPSZ12,1,4.6062646898350454
BSSZ02,WCSZ01,1,17.52230965181269
BSSZ02,WDSZ02,2,11.208257824415368
BSSZ02,WDSZ03,1,10.777676238019088
BSSZ02,WDSZ07,1,12.300534649121712
BSSZ02,WDSZ09,1,12.865918424333257
BSSZ02,YSSZ04,1,7.1709215588237925
BSSZ02,YSSZ09,2,8.675738153522987
BSSZ03,AMSZ01,5,2.6428834485863506
BSSZ03,AMSZ02,3,2.548196869697493
BSSZ03,AMSZ03,2,1.6323305680531304
BSSZ03,AMSZ04,4,1.7991692115367897
BSSZ03,AMSZ07,1,3.7115247437633783
BSSZ03,AMSZ09,1,3.782368191238053
BSSZ03,AMSZ10,1,4.045552876212279
BSSZ03,BDSZ03,3,7.4943489774005805
BSSZ03,BDSZ04,1,9.476479335513154
BSSZ03,BKSZ01,1,10.837324231512495
BSSZ03,BKSZ02,1,11.760946825002108
BSSZ03,BKSZ03,1,12.332917276306368
BSSZ03,BMSZ01,2,10.028154412943836
BSSZ03,BMSZ02,1,8.45539766883654
BSSZ03,BMSZ06,1,7.360963768088458
BSSZ03,BMSZ08,1,7.772887416328433
BSSZ03,BPSZ04,1,9.261883320058557
BSSZ03,BPSZ07,1,8.369348822930613
BSSZ03,BSSZ01,13,2.463913530065902
BSSZ03,BSSZ02,10,1.034011091901759
BSSZ03,BSSZ03,25,0.0
BSSZ03,BTSZ03,1,8.10388076243389
BSSZ03,BTSZ07,1,7.228831984162963
BSSZ03,CCSZ01,1,6.4876397307277065
BSSZ03,CHSZ03,1,16.454752513047037
BSSZ03,CKSZ02,1,12.183500492907996
BSSZ03,CKSZ05,1,12.744466158227661
BSSZ03,CLSZ04,1,10.198942108595885
BSSZ03,DTSZ01,2,5.645161331682511
BSSZ03,DTSZ02,5,6.381299952172081
BSSZ03,DTSZ03,1,6.489338292127298
BSSZ03,DTSZ05,6,7.353804584364782
BSSZ03,DTSZ11,3,8.245409150513824
BSSZ03,GLSZ02,1,4.363478671272283
BSSZ03,GLSZ03,3,5.3391075755442134
BSSZ03,GLSZ04,1,5.197329041441522
BSSZ03,GLSZ05,4,6.2265683692297955
BSSZ03,HGSZ05,1,4.694145958140303
BSSZ03,HGSZ07,2,3.8148468673759472
BSSZ03,HGSZ08,1,3.905810890554663
BSSZ03,JESZ04,1,13.595376919084677
BSSZ03,JESZ05,3,12.404837156885637
BSSZ03,JWSZ09,1,16.810885296356847
BSSZ03,KLSZ01,1,3.2249400583604353
BSSZ03,KLSZ06,1,4.390171735702525
BSSZ03,KLSZ07,2,4.027271854123944
BSSZ03,KLSZ08,2,4.209639959902052
BSSZ03,KLSZ09,2,5.586610266805757
BSSZ03,MDSZ02,1,9.644069774829978
BSSZ03,MPSZ03,1,8.007712488089997
BSSZ03,NTSZ03,1,4.544092034355699
BSSZ03,NVSZ01,3,2.711793181083909
BSSZ03,NVSZ02,12,3.75325190070528
BSSZ03,NVSZ03,1,3.6470891796466782
BSSZ03,ORSZ01,1,5.847492452629849
BSSZ03,ORSZ02,4,5.440020592433535
BSSZ03,ORSZ03,4,5.638464557429649
BSSZ03,OTSZ03,3,7.836259071037943
BSSZ03,PGSZ02,1,8.516889068333803
BSSZ03,PNSZ02,1,20.829437002955974
BSSZ03,PNSZ03,1,18.84278487946662
BSSZ03,PRSZ05,1,12.015854148376395
BSSZ03,QTSZ02,1,7.948322673784119
BSSZ03,QTSZ06,1,8.359791050698181
BSSZ03,QTSZ08,4,8.962213671593334
BSSZ03,QTSZ10,1,9.633332185018107
BSSZ03,QTSZ11,2,10.390284092479456
BSSZ03,QTSZ14,3,10.327412642956716
BSSZ03,QTSZ15,1,11.844932561128
BSSZ03,RCSZ01,1,4.522266152350852
BSSZ03,RCSZ05,1,5.340432834954927
BSSZ03,RCSZ09,3,5.320740273041778
BSSZ03,RVSZ05,1,6.440649811617223
BSSZ03,SBSZ01,1,11.123198249630132
BSSZ03,SBSZ03,1,11.42834537074781
BSSZ03,SESZ03,1,6.800179479170181
BSSZ03,SESZ05,1,5.665246621575253
BSSZ03,SESZ06,1,5.678777109038385
BSSZ03,SGSZ02,1,3.067470861893966
BSSZ03,SGSZ04,2,2.089162529427878
BSSZ03,SGSZ05,1,1.1449102824808797
BSSZ03,SGSZ06,6,1.9817878572778096
BSSZ03,SGSZ07,1,2.6962666875982104
BSSZ03,SRSZ02,1,6.761933166721684
BSSZ03,SRSZ03,1,6.966915472709347
BSSZ03,TMSZ02,3,10.930556845772891
BSSZ03,TMSZ03,2,9.221075378739336
BSSZ03,TMSZ04,2,11.272488238421786
BSSZ03,TMSZ05,3,13.105262267354885
BSSZ03,TNSZ04,2,5.932431432246732
BSSZ03,TPSZ01,4,1.6628552692300111
BSSZ03,TPSZ02,10,2.0640937718720638
BSSZ03,TPSZ03,1,1.1000649029031944
BSSZ03,TPSZ05,1,1.0936285517173254
BSSZ03,TPSZ06,10,1.5770906007752055
BSSZ03,TPSZ07,1,2.090162196886959
BSSZ03,TPSZ12,1,3.5751915881643375
BSSZ03,TSSZ05,2,25.003455309889087
BSSZ03,WCSZ01,1,18.502806377687953
BSSZ03,WDSZ02,2,12.124159882627746
BSSZ03,WDSZ03,2,11.644558452871104
BSSZ03,YSSZ01,1,8.717429131590928
BSSZ03,YSSZ03,1,8.711215469733462
BSSZ03,YSSZ04,1,7.816736646743787
BSSZ03,YSSZ06,1,6.577104214800326
BSSZ03,YSSZ09,5,9.366708538494205
BTSZ01,AMSZ02,1,9.958921687928653
BTSZ01,AMSZ04,1,9.078956554347531
BTSZ01,AMSZ05,1,8.14813731027708
BTSZ01,AMSZ06,2,8.537012758085234
BTSZ01,AMSZ09,1,9.015541300592357
BTSZ01,BDSZ01,1,15.34286504225203
BTSZ01,BDSZ03,1,16.079188572987103
BTSZ01,BDSZ04,2,18.300948000654763
BTSZ01,BKSZ01,1,3.826619940296981
BTSZ01,BKSZ02,3,3.8054983211680304
BTSZ01,BKSZ03,2,3.813626164535688
BTSZ01,BKSZ04,1,2.777224787556547
BTSZ01,BKSZ05,9,2.1505630256045407
BTSZ01,BKSZ06,1,3.427912552757947
BTSZ01,BKSZ07,4,2.606142587234807
BTSZ01,BKSZ08,2,1.998721015343179
BTSZ01,BKSZ09,2,1.5341841176833413
BTSZ01,BMSZ02,1,8.11947918057134
BTSZ01,BMSZ03,1,7.544131009978251
BTSZ01,BMSZ04,3,8.579535514361597
BTSZ01,BMSZ05,2,9.539011491575708
BTSZ01,BMSZ06,3,7.4187334175063455
BTSZ01,BMSZ12,1,7.4310717861328275
BTSZ01,BPSZ01,1,5.502209157284389
BTSZ01,BPSZ02,3,5.406913219331066
BTSZ01,BPSZ03,1,5.215474717408241
BTSZ01,BPSZ04,1,4.372521017331753
BTSZ01,BPSZ05,4,4.272252588092729
BTSZ01,BPSZ06,1,3.397330510811213
BTSZ01,BSSZ01,3,7.0993213823554875
BTSZ01,BSSZ02,2,8.355038635512466
BTSZ01,BSSZ03,1,9.151177520202046
BTSZ01,BTSZ01,18,0.0
BTSZ01,BTSZ02,1,2.3269031277777477
BTSZ01,BTSZ03,5,1.8137215566160432
BTSZ01,BTSZ05,1,4.110136303491668
BTSZ01,BTSZ06,2,3.602990103149332
BTSZ01,CKSZ01,3,5.201199803389543
BTSZ01,CKSZ02,5,5.027334340278274
BTSZ01,CKSZ03,1,5.876210809887578
BTSZ01,CKSZ04,2,5.886708422981652
BTSZ01,CKSZ05,1,6.671021263934099
BTSZ01,CKSZ06,4,7.460364019032053
BTSZ01,CLSZ01,1,1.824015964668743
BTSZ01,CLSZ02,1,1.329041612411421
BTSZ01,CLSZ03,1,2.4104376361049593
BTSZ01,CLSZ04,7,2.2642589389246877
BTSZ01,CLSZ06,7,3.0210693565893165
BTSZ01,CLSZ07,1,3.7755323231777673
BTSZ01,CLSZ08,1,4.043107765739425
BTSZ01,DTSZ01,3,10.33093963094622
BTSZ01,DTSZ02,2,10.384259227654274
BTSZ01,DTSZ03,4,11.056510140783502
BTSZ01,DTSZ05,5,10.689744059321782
BTSZ01,DTSZ06,1,10.920968500898319
BTSZ01,DTSZ08,4,10.827419563351057
BTSZ01,DTSZ11,3,11.342385586963172
BTSZ01,DTSZ12,2,11.413801304935182
BTSZ01,GLSZ02,2,12.686766124485686
BTSZ01,GLSZ03,2,13.927780649650126
BTSZ01,HGSZ02,1,14.51556302264228
BTSZ01,HGSZ04,2,13.313063507514391
BTSZ01,HGSZ05,1,13.121468968078203
BTSZ01,HGSZ07,1,12.96116375734508
BTSZ01,JESZ02,2,3.648169091372292
BTSZ01,JESZ03,1,2.829482645949442
BTSZ01,JESZ05,3,3.254061357897813
BTSZ01,JWSZ03,1,5.769419056498265
BTSZ01,JWSZ04,1,5.61080127362302
BTSZ01,JWSZ09,3,7.72612240678394
BTSZ01,KLSZ01,1,10.187950983207598
BTSZ01,KLSZ07,4,9.157718148267811
BTSZ01,KLSZ08,1,10.770963344650886
BTSZ01,MDSZ02,1,10.90574249273923
BTSZ01,MPSZ02,1,14.931081631195621
BTSZ01,MPSZ03,1,15.615424308426128
BTSZ01,MUSZ01,1,9.263680235285015
BTSZ01,NTSZ03,1,8.004631638826405
BTSZ01,NVSZ01,1,8.94509460120912
BTSZ01,NVSZ02,3,8.235080012958683
BTSZ01,ORSZ01,1,7.06210737566147
BTSZ01,ORSZ02,2,7.685449097097576
BTSZ01,OTSZ03,1,10.284161393952976
BTSZ01,OTSZ04,1,10.271486490498605
BTSZ01,PGSZ02,1,16.481446278549274
BTSZ01,PGSZ03,1,15.698999850967123
BTSZ01,PGSZ04,2,16.766427517354458
BTSZ01,PRSZ02,1,19.26157184076298
BTSZ01,PRSZ03,2,19.972077189350998
BTSZ01,PRSZ05,2,21.164441990027203
BTSZ01,QTSZ01,1,3.4819218443358233
BTSZ01,QTSZ03,1,4.8294405392126105
BTSZ01,QTSZ04,2,4.939207554333046
BTSZ01,QTSZ06,1,6.064715012830364
BTSZ01,QTSZ08,5,4.915196479200296
BTSZ01,QTSZ12,2,6.316834302658654
BTSZ01,QTSZ14,1,7.178156828655988
BTSZ01,RCSZ01,2,9.508851849711947
BTSZ01,RCSZ05,1,10.567351687281922
BTSZ01,RCSZ10,1,10.000147434203745
BTSZ01,RVSZ01,1,7.374270412342989
BTSZ01,SBSZ01,1,13.887028184729074
BTSZ01,SBSZ03,2,13.111409975125383
BTSZ01,SBSZ05,1,14.157905073851396
BTSZ01,SESZ02,1,15.831866236114532
BTSZ01,SESZ03,3,15.240104800070947
BTSZ01,SESZ04,2,14.510680390217429
BTSZ01,SESZ06,1,13.292357317050246
BTSZ01,SGSZ04,1,10.92700974657788
BTSZ01,SGSZ06,3,11.132883768598345
BTSZ01,SISZ01,1,11.740151806392166
BTSZ01,SRSZ02,1,9.732201349258412
BTSZ01,TMSZ01,2,18.88142362544974
BTSZ01,TMSZ02,5,20.057503162804043
BTSZ01,TMSZ03,2,18.312611996430363
BTSZ01,TMSZ04,3,20.28323564570153
BTSZ01,TMSZ05,2,21.979371095661232
BTSZ01,TNSZ03,1,5.8614189422382506
BTSZ01,TNSZ04,3,5.279231030204021
BTSZ01,TPSZ02,1,8.293941030088133
BTSZ01,TPSZ04,1,9.061249725598456
BTSZ01,TPSZ05,1,9.514849879186327
BTSZ01,TPSZ12,1,12.313870049610664
BTSZ01,WCSZ01,1,10.341829699677
BTSZ01,WDSZ01,1,11.292028873560806
BTSZ01,WDSZ02,2,11.557796134868235
BTSZ01,WDSZ03,5,11.979305671669538
BTSZ01,WDSZ04,1,10.485360268773997
BTSZ01,WDSZ05,1,10.192488611561206
BTSZ01,WDSZ06,1,11.082209891321304
BTSZ01,YSSZ01,1,12.310079563502015
BTSZ01,YSSZ02,1,13.368436296251264
BTSZ01,YSSZ05,1,11.469732567080888
BTSZ01,YSSZ08,2,10.937903284121104
BTSZ01,YSSZ09,2,12.296448234369434
BTSZ02,BKSZ09,1,3.8004212864710514
BTSZ02,BMSZ04,1,7.371925993635046
BTSZ02,BMSZ12,1,6.741859589385034
BTSZ02,BPSZ02,1,5.83740216466022
BTSZ02,BTSZ07,1,2.682456762254584
BTSZ02,CLSZ05,1,4.945475863101481
BTSZ02,DTSZ11,1,9.84030866155636
BTSZ02,GLSZ05,1,12.078432404387524
BTSZ02,KLSZ03,1,9.341803983202578
BTSZ02,KLSZ08,1,8.653496791053179
BTSZ02,NVSZ02,1,6.1696122299473215
BTSZ02,ORSZ02,1,5.950290016752224
BTSZ02,ORSZ03,2,6.7974934356763566
BTSZ02,PNSZ01,1,12.649337079144544
BTSZ02,SRSZ02,1,8.122209005057105
BTSZ02,TPSZ01,1,5.502104676295939
BTSZ02,WCSZ01,2,12.30118739905243
BTSZ03,AMSZ04,1,8.359707694268351
BTSZ03,AMSZ06,1,8.073530877471015
BTSZ03,BDSZ01,1,14.016638190168758
BTSZ03,BDSZ08,1,18.389285925209016
BTSZ03,BKSZ05,3,3.87008978730074
BTSZ03,BKSZ06,1,5.142611765634581
BTSZ03,BKSZ07,3,4.37800235314621
BTSZ03,BMSZ08,1,6.187224761880725
BTSZ03,BPSZ04,1,5.6649252396918754
BTSZ03,BPSZ05,1,5.77379078143078
BTSZ03,BSSZ01,1,6.378094356873482
BTSZ03,BSSZ03,1,8.10388076243389
BTSZ03,BTSZ01,3,1.8137215566160432
BTSZ03,BTSZ07,1,1.8429361795830261
BTSZ03,CKSZ03,1,7.5929578809723
BTSZ03,CKSZ06,1,9.104254915027422
BTSZ03,CLSZ04,1,2.1204420885101545
BTSZ03,CLSZ06,1,2.8388013225580733
BTSZ03,DTSZ01,1,8.61240383961345
BTSZ03,DTSZ02,3,8.622342478453431
BTSZ03,GLSZ05,1,12.78753328099473
BTSZ03,JESZ01,1,6.1701077460611975
BTSZ03,KLSZ06,1,8.572455914144063
BTSZ03,NVSZ01,1,7.4844820287824145
BTSZ03,OTSZ03,2,8.47313727005492
BTSZ03,PGSZ04,1,16.046945684286747
BTSZ03,QTSZ06,1,4.315899706268571
BTSZ03,QTSZ08,1,3.3076519889251204
BTSZ03,QTSZ14,1,5.631462890417588
BTSZ03,QTSZ15,1,5.680270325781748
BTSZ03,RCSZ01,1,7.85636732014125
BTSZ03,RCSZ10,1,8.276683876303023
BTSZ03,SBSZ03,1,13.79576964492098
BTSZ03,SESZ03,1,14.556982678896095
BTSZ03,SESZ04,1,13.911348885577427
BTSZ03,WDSZ03,1,12.85772771990698
BTSZ03,WDSZ04,1,11.447421440662026
BTSZ04,BTSZ04,1,0.0
BTSZ04,BTSZ07,2,1.7367417897122053
BTSZ04,CLSZ06,2,2.0789253723908527
BTSZ04,DTSZ06,2,8.847683184529274
BTSZ04,DTSZ11,1,9.107075876511399
BTSZ04,GLSZ05,1,13.012113815852619
BTSZ04,JWSZ09,1,9.194240038170514
BTSZ04,KLSZ08,1,9.361680815413317
BTSZ04,ORSZ02,1,5.828380386483825
BTSZ04,QTSZ01,2,0.9128687681579382
BTSZ04,QTSZ09,1,0.7175950072600915
BTSZ04,QTSZ10,1,1.3979611851290632
BTSZ04,TNSZ03,1,3.6473943711181347
BTSZ05,AMSZ01,1,6.147702781946512
BTSZ05,BKSZ05,1,5.524663342622025
BTSZ05,BMSZ05,1,6.627165481756132
BTSZ05,BSSZ02,1,4.708118428550895
BTSZ05,BSSZ03,1,5.31172964572471
BTSZ05,BTSZ01,1,4.110136303491668
BTSZ05,BTSZ03,1,2.8036270900135425
BTSZ05,CKSZ01,1,8.010833608631714
BTSZ05,CKSZ03,1,8.866120818499086
BTSZ05,CKSZ06,1,10.064528158503675
BTSZ05,CLSZ04,1,4.887251250452941
BTSZ05,CLSZ05,1,6.1984256378135
BTSZ05,DTSZ02,1,6.74205829901481
BTSZ05,DTSZ05,1,7.268507621429273
BTSZ05,DTSZ08,2,7.5594404932299675
BTSZ05,DTSZ11,3,8.061532297749245
BTSZ05,GLSZ05,1,10.178787242327667
BTSZ05,JESZ05,1,7.286856669023291
BTSZ05,JWSZ02,1,10.88394931874571
BTSZ05,NVSZ04,1,1.5272807388643392
BTSZ05,ORSZ03,1,4.936209529753593
BTSZ05,OTSZ03,1,7.107521798983859
BTSZ05,RCSZ09,1,5.907797070780014
BTSZ05,TMSZ03,1,14.300439783067429
BTSZ05,TPSZ06,1,5.614362844852784
BTSZ05,TPSZ09,1,6.381982803521905
BTSZ05,YSSZ01,1,10.904380243914817
BTSZ05,YSSZ09,1,11.18548002727232
BTSZ06,AMSZ12,1,8.641338531657746
BTSZ06,BDSZ07,1,14.115053178638457
BTSZ06,BKSZ04,1,6.2606597410421
BTSZ06,BKSZ05,1,5.355356877453587
BTSZ06,BKSZ06,1,7.026197393003264
BTSZ06,BKSZ09,2,5.123590199935808
BTSZ06,BMSZ05,1,6.286969642107146
BTSZ06,BMSZ06,3,4.247205372432814
BTSZ06,BTSZ01,2,3.602990103149332
BTSZ06,BTSZ03,1,1.9833785115198095
BTSZ06,CHSZ03,1,22.304851078801942
BTSZ06,CKSZ02,1,8.264661194249076
BTSZ06,CKSZ03,1,8.920962838366059
BTSZ06,CLSZ04,1,3.9356353608260166
BTSZ06,DTSZ05,2,7.203714284599673
BTSZ06,DTSZ11,3,7.923051075552416
BTSZ06,HGSZ07,1,10.074745802224236
BTSZ06,JESZ05,1,6.596625646776271
BTSZ06,KLSZ03,1,7.955300298797134
BTSZ06,NVSZ02,1,4.672767801859586
BTSZ06,ORSZ02,1,4.116141747365028
BTSZ06,OTSZ03,1,6.904040658676304
BTSZ06,PGSZ04,1,14.41846513674425
BTSZ06,QTSZ02,1,2.058145694948763
BTSZ06,QTSZ14,1,5.390857928418931
BTSZ06,RCSZ02,1,6.1998380546622025
BTSZ06,SBSZ02,1,13.093112561091509
BTSZ06,SGSZ06,1,8.237297308621857
BTSZ06,SRSZ02,1,6.236209778062184
BTSZ06,TMSZ04,1,17.03120350596468
BTSZ06,TNSZ01,2,2.8510100432701733
BTSZ06,WDSZ07,1,13.661419891611438
BTSZ06,YSSZ04,1,11.088143439733857
BTSZ06,YSSZ09,1,12.1872845014351
BTSZ07,BMSZ08,1,4.3731885414964715
BTSZ07,BMSZ15,1,5.679423222498648
BTSZ07,BPSZ02,2,8.42164706102097
BTSZ07,BSSZ01,2,5.996400575127693
BTSZ07,BTSZ01,2,3.654354388978033
BTSZ07,BTSZ04,1,1.7367417897122053
BTSZ07,BTSZ06,1,1.0877193143765713
BTSZ07,CLSZ05,1,4.649113844899591
BTSZ07,CLSZ06,1,3.7988892862328365
BTSZ07,DTSZ03,1,7.520057604155916
BTSZ07,GLSZ05,1,11.27663403482606
BTSZ07,HGSZ04,1,11.723659642115361
BTSZ07,JESZ08,1,5.979240042836185
BTSZ07,JWSZ03,1,9.19160966671261
BTSZ07,ORSZ03,1,4.995164103552829
BTSZ07,QTSZ06,1,2.7040858209838214
BTSZ07,QTSZ08,3,2.181504046420334
BTSZ07,QTSZ11,1,3.243802637253481
BTSZ07,SESZ02,1,14.357734996090421
BTSZ07,TPSZ06,1,7.204580987564981
BTSZ07,TPSZ12,1,9.743471815363092
BTSZ07,WCSZ01,1,13.945165820331122
BTSZ07,YSSZ01,1,13.017479556032969
BTSZ07,YSSZ09,1,13.250644425893897
BTSZ08,BKSZ05,2,6.294067544838763
BTSZ08,BKSZ06,1,7.7756566246150465
BTSZ08,BMSZ02,1,4.151263454633848
BTSZ08,BMSZ06,1,3.2078688100353117
BTSZ08,BTSZ08,1,0.0
BTSZ08,CLSZ06,1,4.704058153568629
BTSZ08,DTSZ05,3,6.290454840389201
BTSZ08,DTSZ11,3,6.970518407379505
BTSZ08,GLSZ01,1,7.95369325439715
BTSZ08,GLSZ03,1,10.264363082300216
BTSZ08,HGSZ09,1,10.79687535622157
BTSZ08,KLSZ08,1,6.715864710768129
BTSZ08,ORSZ02,2,3.3060862151826953
BTSZ08,OTSZ03,1,5.931388375717306
BTSZ08,PRSZ08,1,18.53071344586624
BTSZ08,QTSZ05,1,2.20717491588294
BTSZ08,QTSZ08,2,2.5932947097107215
BTSZ08,SBSZ04,1,15.629254806015162
BTSZ08,TNSZ04,1,0.9035697443128242
CCSZ01,AMSZ01,1,5.090065597824638
CCSZ01,AMSZ03,1,6.209168956534851
CCSZ01,BKSZ03,1,6.958302305132078
CCSZ01,BTSZ01,2,5.425231007409944
CCSZ01,CCSZ01,1,0.0
CCSZ01,NVSZ05,1,5.67635827558963
CCSZ01,ORSZ02,1,8.660066314671912
CCSZ01,PNSZ01,1,14.668223698743105
CCSZ01,SESZ05,1,9.911982197545207
CCSZ01,TPSZ06,1,7.771082889193569
CCSZ01,WDSZ02,1,7.112634870675346
CCSZ01,YSSZ01,1,6.885632212790958
CHSZ01,CHSZ01,1,0.0
CHSZ01,HGSZ04,1,10.902082723198392
CHSZ01,PRSZ03,1,4.34600980203091
CHSZ01,PRSZ04,1,3.2772824845036697
CHSZ01,RCSZ09,1,17.58539419215875
CHSZ01,SESZ04,1,10.382636729240222
CHSZ01,TMSZ01,1,5.525533743582612
CHSZ02,AMSZ01,1,14.582965083859836
CHSZ02,AMSZ02,1,13.773416817235107
CHSZ02,AMSZ06,1,15.385586485344424
CHSZ02,BDSZ01,1,8.426647138054328
CHSZ02,BDSZ04,4,6.281336292639992
CHSZ02,BDSZ06,2,6.397742369227303
CHSZ02,BKSZ02,1,25.566302031604774
CHSZ02,BMSZ12,1,21.12204787026679
CHSZ02,BMSZ13,1,21.378141650564146
CHSZ02,BMSZ17,1,19.42502563979064
CHSZ02,CHSZ02,1,0.0
CHSZ02,CHSZ03,1,3.4746979779811613
CHSZ02,CKSZ03,1,25.665694103688455
CHSZ02,CLSZ06,1,24.687838124321946
CHSZ02,GLSZ02,1,11.268554225357441
CHSZ02,HGSZ07,1,10.231180462348005
CHSZ02,HGSZ08,1,10.402816256461453
CHSZ02,HGSZ09,1,9.316333887306008
CHSZ02,JWSZ03,1,28.62585230560298
CHSZ02,KLSZ02,1,13.046444678110175
CHSZ02,KLSZ09,1,14.73997980933478
CHSZ02,NVSZ02,1,16.040899775462844
CHSZ02,PGSZ03,1,9.770625156387032
CHSZ02,PGSZ04,2,7.970231133987104
CHSZ02,PGSZ05,1,7.917862587755242
CHSZ02,PRSZ02,3,4.408194862341372
CHSZ02,PRSZ03,5,3.358483270641789
CHSZ02,PRSZ05,3,2.0585058989955445
CHSZ02,SESZ03,1,9.286290443886687
CHSZ02,SESZ05,1,9.948987655483249
CHSZ02,SGSZ03,1,11.640470128046228
CHSZ02,SGSZ06,1,12.055418750939612
CHSZ02,TMSZ02,10,3.3449933964791545
CHSZ02,TMSZ04,3,4.065128297178997
CHSZ02,TPSZ02,1,15.193749227321929
CHSZ02,TPSZ04,1,14.361674068838681
CHSZ02,WDSZ01,1,22.872649894118574
CHSZ02,WDSZ05,1,23.17550826772923
CHSZ02,YSSZ02,1,17.381080208661615
CHSZ02,YSSZ09,2,17.76162836119427
CHSZ03,AMSZ01,2,17.374453729266236
CHSZ03,AMSZ03,1,16.26896451478921
CHSZ03,BDSZ01,3,10.248710691630993
CHSZ03,BDSZ02,1,8.34052314862001
CHSZ03,BDSZ03,3,9.816430053148721
CHSZ03,BDSZ04,12,7.463238829167281
CHSZ03,BDSZ05,2,9.659086579636442
CHSZ03,BDSZ06,4,6.900932907316341
CHSZ03,BKSZ03,1,28.78326092449299
CHSZ03,BKSZ05,3,26.37280273775941
CHSZ03,BMSZ03,1,21.486414380322177
CHSZ03,BMSZ05,1,19.961261919279263
CHSZ03,BMSZ07,1,22.293089841447646
CHSZ03,BMSZ08,3,20.958239951437097
CHSZ03,BPSZ01,1,27.081574509312418
CHSZ03,BPSZ03,1,25.890365297967573
CHSZ03,BPSZ05,1,26.291847515973945
CHSZ03,BSSZ01,1,18.792322966416567
CHSZ03,BSSZ03,1,16.454752513047037
CHSZ03,CHSZ02,1,3.4746979779811613
CHSZ03,CHSZ03,5,0.0
CHSZ03,CKSZ02,1,28.47022797313683
CHSZ03,CKSZ06,1,28.752245821624516
CHSZ03,CLSZ03,1,27.287485329836887
CHSZ03,CLSZ06,1,26.737010920486075
CHSZ03,DTSZ01,1,16.981693258657963
CHSZ03,DTSZ03,1,16.871958407664987
CHSZ03,GLSZ02,2,13.062696768074543
CHSZ03,GLSZ04,4,13.555510697111119
CHSZ03,GLSZ05,2,11.900363571730965
CHSZ03,HGSZ01,1,12.429747409028167
CHSZ03,HGSZ02,1,11.693802364771656
CHSZ03,HGSZ03,1,11.965505010747671
CHSZ03,HGSZ04,5,13.128021721916161
CHSZ03,HGSZ06,1,13.488850399247307
CHSZ03,HGSZ08,1,12.610898533029879
CHSZ03,JESZ03,1,28.356659467767617
CHSZ03,JESZ05,2,28.76024439261399
CHSZ03,JWSZ02,1,32.222437030487264
CHSZ03,JWSZ03,1,31.120659831462916
CHSZ03,JWSZ04,1,31.137247459450542
CHSZ03,JWSZ09,1,33.238135051855664
CHSZ03,KLSZ01,1,15.718149589742476
CHSZ03,KLSZ02,1,14.812552092560386
CHSZ03,KLSZ05,1,14.843614891148063
CHSZ03,MPSZ01,1,13.210785226330552
CHSZ03,MPSZ03,2,11.502248689489427
CHSZ03,MUSZ01,1,18.140120620059044
CHSZ03,OTSZ03,1,19.022195550719072
CHSZ03,PGSZ02,1,13.007043115413369
CHSZ03,PGSZ03,5,13.099665252929867
CHSZ03,PGSZ04,6,11.286585249190114
CHSZ03,PLSZ04,1,11.525989500452573
CHSZ03,PRSZ02,7,7.678648832534633
CHSZ03,PRSZ03,6,6.512154460317878
CHSZ03,PRSZ04,2,6.2870136798784735
CHSZ03,PRSZ05,4,5.211054191623277
CHSZ03,PRSZ08,1,4.081519834133196
CHSZ03,QTSZ01,1,24.078716118520067
CHSZ03,QTSZ03,1,22.848425672048563
CHSZ03,QTSZ04,1,23.279922852292735
CHSZ03,QTSZ14,1,24.21643572766962
CHSZ03,SBSZ03,2,23.1599599302841
CHSZ03,SESZ02,3,11.576416402488878
CHSZ03,SESZ03,6,12.498495623359238
CHSZ03,SESZ04,5,13.490624189202899
CHSZ03,SESZ05,5,13.033785024879021
CHSZ03,SESZ06,3,14.829547527202845
CHSZ03,SGSZ06,1,14.499210120967483
CHSZ03,SGSZ07,1,13.780688821329043
CHSZ03,TMSZ02,7,5.590892298049903
CHSZ03,TMSZ03,8,7.233706147633916
CHSZ03,TMSZ04,13,5.276965426937805
CHSZ03,TMSZ05,2,4.074897271192548
CHSZ03,TPSZ01,1,17.717296103773446
CHSZ03,TPSZ04,2,16.504108196492812
CHSZ03,TPSZ05,1,16.013408356298484
CHSZ03,TPSZ06,1,15.873269575295026
CHSZ03,WDSZ01,1,26.118762738992306
CHSZ03,WDSZ02,3,25.46180187896978
CHSZ03,WDSZ03,1,24.474051696288676
CHSZ03,WDSZ09,1,27.05218670764623
CHSZ03,YSSZ01,2,20.19295266129562
CHSZ03,YSSZ04,1,19.793412237473532
CHSZ03,YSSZ05,1,18.52602010631296
CHSZ03,YSSZ09,3,21.073694736998593
CKSZ01,BKSZ02,1,2.23320044572161
CKSZ01,BKSZ03,2,3.207816691320493
CKSZ01,BKSZ04,1,2.906700771289461
CKSZ01,BKSZ05,2,3.0538035400327788
CKSZ01,BMSZ01,2,14.149128166756086
CKSZ01,BMSZ03,1,12.532760878984595
CKSZ01,BMSZ05,2,14.384186146086645
CKSZ01,BMSZ07,2,12.100434421155919
CKSZ01,BMSZ12,1,12.557043696048094
CKSZ01,BMSZ16,1,14.918523374294972
CKSZ01,BPSZ01,1,0.8040432852062875
CKSZ01,BPSZ04,2,2.214771502381226
CKSZ01,BPSZ05,3,1.4108989462238801
CKSZ01,BPSZ06,1,2.4049163613589335
CKSZ01,BTSZ01,1,5.201199803389543
CKSZ01,CHSZ03,1,27.62603286021731
CKSZ01,CKSZ01,1,0.0
CKSZ01,CKSZ02,6,1.1548840286224726
CKSZ01,CKSZ03,11,0.8899078021080913
CKSZ01,CKSZ04,1,1.8229413756212702
CKSZ01,CKSZ06,2,2.2593769850091614
CKSZ01,CLSZ01,1,5.543124823707604
CKSZ01,CLSZ02,1,6.337219916530598
CKSZ01,CLSZ07,2,8.745624212705732
CKSZ01,DTSZ01,1,14.507703269096742
CKSZ01,DTSZ05,1,15.251694428612858
CKSZ01,DTSZ11,1,16.00849031026037
CKSZ01,GLSZ03,2,16.778648361945
CKSZ01,HGSZ02,1,15.99006291398575
CKSZ01,JESZ05,2,5.558152501454506
CKSZ01,JWSZ04,1,6.435137677642613
CKSZ01,JWSZ09,1,7.46061532094566
CKSZ01,KLSZ03,1,15.013266557988674
CKSZ01,MPSZ03,1,19.101752985791773
CKSZ01,NVSZ02,1,12.088179718564936
CKSZ01,NVSZ03,1,10.932449735942411
CKSZ01,ORSZ01,1,11.619938582781101
CKSZ01,ORSZ02,4,12.09993888052484
CKSZ01,OTSZ01,1,14.22003664135704
CKSZ01,OTSZ04,1,14.880456850623188
CKSZ01,QTSZ02,1,9.27460354062948
CKSZ01,QTSZ07,1,11.446029961827834
CKSZ01,QTSZ08,4,10.105558324590984
CKSZ01,QTSZ12,1,11.51775021602226
CKSZ01,QTSZ13,1,10.925122017989723
CKSZ01,QTSZ14,1,12.379356151113031
CKSZ01,SBSZ01,1,11.230549189897346
CKSZ01,SBSZ03,2,10.038590180522514
CKSZ01,SBSZ09,1,9.90989837884502
CKSZ01,SGSZ02,1,12.23849028532146
CKSZ01,TPSZ02,1,11.497633105123192
CKSZ01,TSSZ05,1,16.194803656938973
CKSZ01,WCSZ01,1,7.2419419775207166
CKSZ01,WDSZ01,1,7.146499062632309
CKSZ01,WDSZ05,1,5.920642657571644
CKSZ01,WDSZ08,1,9.025517514942758
CKSZ01,WDSZ09,1,8.200095497734624
CKSZ01,YSSZ01,1,10.481408931124163
CKSZ01,YSSZ07,1,7.242830818845825
CKSZ02,AMSZ12,2,11.919687127843158
CKSZ02,BDSZ01,1,18.666141470811134
CKSZ02,BDSZ04,1,21.65985335614458
CKSZ02,BKSZ02,1,1.4313454196957889
CKSZ02,BKSZ03,2,2.25540606113678
CKSZ02,BKSZ05,2,2.938298637870518
CKSZ02,BKSZ09,1,4.044487049908882
CKSZ02,BMSZ02,1,13.127613496354087
CKSZ02,BMSZ04,1,13.53711926508024
CKSZ02,BMSZ08,2,12.964716383671265
CKSZ02,BMSZ12,1,12.45840091341213
CKSZ02,BMSZ16,1,14.992462958855663
CKSZ02,BPSZ02,1,2.5034283299211517
CKSZ02,BPSZ03,1,2.932677587192793
CKSZ02,BPSZ04,3,3.098894930087644
CKSZ02,BPSZ05,6,2.1993511415909817
CKSZ02,BPSZ06,1,2.9510063740236623
CKSZ02,BSSZ01,1,9.74376702954399
CKSZ02,BSSZ03,1,12.183500492907996
CKSZ02,BTSZ01,5,5.027334340278274
CKSZ02,BTSZ06,1,8.264661194249076
CKSZ02,CHSZ02,1,25.742132033882843
CKSZ02,CHSZ03,1,28.47022797313683
CKSZ02,CKSZ01,5,1.1548840286224726
CKSZ02,CKSZ02,7,0.0
CKSZ02,CKSZ03,14,1.0663075799099802
CKSZ02,CKSZ04,2,0.9700113114439944
CKSZ02,CKSZ05,1,1.8836892903230111
CKSZ02,CLSZ01,1,4.985914753038485
CKSZ02,DTSZ02,5,15.03318122238529
CKSZ02,DTSZ03,2,15.653127206443383
CKSZ02,DTSZ05,2,15.466129981378876
CKSZ02,DTSZ08,4,15.670178147715749
CKSZ02,DTSZ11,1,16.18458986411476
CKSZ02,HGSZ08,2,16.083382943105725
CKSZ02,JESZ01,1,3.553156101528064
CKSZ02,JESZ05,2,4.7317029439100455
CKSZ02,JESZ06,1,5.468270756732749
CKSZ02,JWSZ03,1,4.0084570157382435
CKSZ02,JWSZ08,1,6.68663926592567
CKSZ02,JWSZ09,1,6.306776176686853
CKSZ02,KLSZ06,2,14.44396711332441
CKSZ02,KLSZ08,2,14.889218431671743
CKSZ02,NTSZ03,1,12.465423192929023
CKSZ02,NTSZ05,1,12.967903348678272
CKSZ02,NVSZ02,2,12.494718461361463
CKSZ02,NVSZ04,1,9.849465192264104
CKSZ02,ORSZ02,1,12.345944112139145
CKSZ02,OTSZ03,2,15.154021434774993
CKSZ02,PNSZ01,1,9.28202927399614
CKSZ02,PNSZ05,3,12.606741975798595
CKSZ02,QTSZ08,4,9.921174697899335
CKSZ02,QTSZ11,1,9.453748716308661
CKSZ02,QTSZ14,1,12.131943459399789
CKSZ02,RCSZ01,1,13.87018582980207
CKSZ02,RCSZ09,1,14.231921787467797
CKSZ02,RCSZ10,1,14.537392542095022
CKSZ02,SGSZ06,1,14.04817641196889
CKSZ02,SISZ01,1,16.767428858038656
CKSZ02,SKSZ05,1,6.25482576435273
CKSZ02,TMSZ04,1,23.393504939655497
CKSZ02,TPSZ12,1,15.710188743303744
CKSZ02,TSSZ04,1,13.051700773678991
CKSZ02,TSSZ05,2,15.040998723971484
CKSZ02,WCSZ01,4,6.349306802050357
CKSZ02,WDSZ01,1,8.195353803499001
CKSZ02,WDSZ03,1,9.564504806103345
CKSZ02,YSSZ09,1,11.252680395564267
CKSZ03,AMSZ01,2,11.107695253474771
CKSZ03,AMSZ03,1,12.22626711295956
CKSZ03,AMSZ06,1,10.303875415535726
CKSZ03,AMSZ07,1,9.31101923955598
CKSZ03,AMSZ12,1,11.756676495156556
CKSZ03,BKSZ03,1,3.3189613321302978
CKSZ03,BKSZ04,3,3.3561790420390674
CKSZ03,BKSZ05,2,3.7324497524941984
CKSZ03,BKSZ06,1,4.215691056019548
CKSZ03,BKSZ07,1,4.127315941100712
CKSZ03,BLSZ02,2,8.619326421483654
CKSZ03,BLSZ03,1,9.930965732825218
CKSZ03,BMSZ01,3,14.867935506804852
CKSZ03,BMSZ02,1,13.905609965237469
CKSZ03,BMSZ04,2,14.267817486996606
CKSZ03,BMSZ05,2,15.185140457590132
CKSZ03,BMSZ07,1,12.843873082026947
CKSZ03,BMSZ08,2,13.70530323480276
CKSZ03,BMSZ12,2,13.284855800677429
CKSZ03,BMSZ15,2,15.015511324424141
CKSZ03,BMSZ17,2,16.59531851157641
CKSZ03,BPSZ01,1,1.435952588366033
CKSZ03,BPSZ02,2,2.0742124455457605
CKSZ03,BPSZ03,1,2.613547691987146
CKSZ03,BPSZ04,6,3.08990910473603
CKSZ03,BPSZ05,9,2.3007075960770518
CKSZ03,BSSZ01,1,9.887862950332583
CKSZ03,BSSZ03,1,12.349388812168092
CKSZ03,BTSZ01,1,5.876210809887578
CKSZ03,BTSZ06,1,8.920962838366059
CKSZ03,CKSZ01,11,0.8899078021080913
CKSZ03,CKSZ02,14,1.0663075799099802
CKSZ03,CKSZ03,8,0.0
CKSZ03,CKSZ04,9,1.1832660105867163
CKSZ03,CKSZ05,5,0.8338012423978477
CKSZ03,CKSZ06,9,1.7431883026562554
CKSZ03,CLSZ03,2,7.085465942286731
CKSZ03,CLSZ04,4,7.748648521561396
CKSZ03,CLSZ06,1,8.29026153424297
CKSZ03,DTSZ02,1,15.606636935722744
CKSZ03,DTSZ05,2,16.08993053238815
CKSZ03,DTSZ08,3,16.32472477025659
CKSZ03,DTSZ11,3,16.83680416961772
CKSZ03,GLSZ02,1,16.580590566766666
CKSZ03,GLSZ03,1,17.66507969891777
CKSZ03,GLSZ05,1,18.38356544787358
CKSZ03,HGSZ08,2,16.22219162027956
CKSZ03,JESZ03,2,5.286963968802129
CKSZ03,JESZ05,9,5.797495543303256
CKSZ03,JWSZ01,1,5.561230181176451
CKSZ03,JWSZ07,1,9.09778991832334
CKSZ03,JWSZ08,3,7.3914145492382675
CKSZ03,JWSZ09,6,7.1081552021317815
CKSZ03,KLSZ01,1,14.490555687665656
CKSZ03,KLSZ06,2,14.889508053954948
CKSZ03,KLSZ07,1,13.896824056195282
CKSZ03,ORSZ02,4,12.94408143956767
CKSZ03,OTSZ03,2,15.824825686062091
CKSZ03,OTSZ04,3,15.713259308630287
CKSZ03,PLSZ04,1,17.059611141981655
CKSZ03,PNSZ01,3,10.049250025656589
CKSZ03,PRSZ06,1,24.818545939574413
CKSZ03,QTSZ02,1,10.007573858086504
CKSZ03,QTSZ06,1,11.907460839231746
CKSZ03,QTSZ08,7,10.791204116050123
CKSZ03,QTSZ09,2,8.824193650941845
CKSZ03,QTSZ10,1,9.69486113578146
CKSZ03,QTSZ11,4,10.408626684169672
CKSZ03,QTSZ12,1,12.180487797133626
CKSZ03,SBSZ03,2,10.359600040450262
CKSZ03,SGSZ05,1,13.475307666683184
CKSZ03,SKSZ02,1,4.150416591379115
CKSZ03,SKSZ03,2,2.378971040830655
CKSZ03,SRSZ03,1,15.583620960825076
CKSZ03,TMSZ04,1,23.463424679800898
CKSZ03,TPSZ06,1,13.450043810368014
CKSZ03,TSSZ03,1,12.52183151532422
CKSZ03,TSSZ05,4,15.753061136702646
CKSZ03,TSSZ06,1,19.874517363366095
CKSZ03,WCSZ01,5,6.445375910278424
CKSZ03,WDSZ01,2,7.234522097087939
CKSZ03,WDSZ02,4,7.813209396690255
CKSZ03,WDSZ03,3,8.690456090894205
CKSZ03,WDSZ06,2,6.6117425452270515
CKSZ03,WDSZ09,1,8.173335212694132
CKSZ03,YSSZ01,1,11.028671343422713
CKSZ03,YSSZ08,1,9.723723749406224
CKSZ03,YSSZ09,3,10.592362928045922
CKSZ04,AMSZ01,1,12.047788265502097
CKSZ04,AMSZ03,1,13.115900030548351
CKSZ04,BKSZ01,1,2.3754313721632516
CKSZ04,BKSZ02,1,2.122396784390941
CKSZ04,BKSZ03,1,2.6638260898094845
CKSZ04,BKSZ05,3,3.8525160827821674
CKSZ04,BKSZ07,1,3.7236181758583453
CKSZ04,BMSZ01,2,14.860984542876286
CKSZ04,BMSZ05,1,15.382145923769597
CKSZ04,BPSZ05,4,3.09251594954318
CKSZ04,BPSZ06,1,3.9081495285456604
CKSZ04,BTSZ01,2,5.886708422981652
CKSZ04,BTSZ05,2,9.286292971287635
CKSZ04,BTSZ08,1,10.146576291294807
CKSZ04,CKSZ01,1,1.8229413756212702
CKSZ04,CKSZ02,2,0.9700113114439944
CKSZ04,CKSZ03,15,1.1832660105867163
CKSZ04,CKSZ04,3,0.0
CKSZ04,CKSZ05,1,1.7027735496811247
CKSZ04,CKSZ06,3,2.5887870453351614
CKSZ04,CLSZ01,1,5.645958822968155
CKSZ04,CLSZ06,1,7.959117338545378
CKSZ04,CLSZ09,2,8.119124023772914
CKSZ04,DTSZ01,1,15.80641714495273
CKSZ04,DTSZ03,1,16.608530101175724
CKSZ04,DTSZ05,1,16.404634287950504
CKSZ04,DTSZ08,1,16.59920288873916
CKSZ04,DTSZ09,1,16.5676571735567
CKSZ04,DTSZ11,4,17.1140777806661
CKSZ04,DTSZ12,1,17.077456065998973
CKSZ04,GLSZ02,2,17.287918224936032
CKSZ04,HGSZ04,1,16.381352093714302
CKSZ04,JESZ05,3,5.1608391587745315
CKSZ04,JWSZ01,1,4.38109072912738
CKSZ04,JWSZ05,1,5.685874650318726
CKSZ04,JWSZ09,2,5.957949924506363
CKSZ04,KLSZ06,1,15.412120285791756
CKSZ04,KLSZ07,1,14.401188954052897
CKSZ04,KLSZ08,1,15.85906005925774
CKSZ04,MUSZ03,1,15.397778715869778
CKSZ04,ORSZ02,1,13.292992124825277
CKSZ04,OTSZ01,2,15.302298191536517
CKSZ04,OTSZ03,2,16.077829171846744
CKSZ04,OTSZ04,1,16.009639703411597
CKSZ04,PNSZ02,1,10.52554997410022
CKSZ04,PNSZ03,1,8.966138758984597
CKSZ04,QTSZ08,3,10.740720756429152
CKSZ04,QTSZ09,1,8.690378401098409
CKSZ04,QTSZ10,2,9.54604063031863
CKSZ04,QTSZ11,3,10.184224979753038
CKSZ04,QTSZ12,1,12.073555543702314
CKSZ04,QTSZ13,1,11.293720208980323
CKSZ04,QTSZ14,1,12.91384551831689
CKSZ04,QTSZ15,1,12.138654720966795
CKSZ04,RCSZ01,1,14.835346346533838
CKSZ04,RCSZ10,1,15.495557740584598
CKSZ04,SBSZ08,1,11.828867987899907
CKSZ04,SLSZ01,1,14.679192852034902
CKSZ04,SRSZ02,1,15.43695253907688
CKSZ04,SRSZ03,1,15.904639079136802
CKSZ04,SVSZ01,1,17.96737188865104
CKSZ04,TMSZ05,3,26.217422067671844
CKSZ04,TNSZ02,1,13.136370859881254
CKSZ04,TPSZ08,1,14.850026167781884
CKSZ04,TSSZ04,1,12.5253529854382
CKSZ04,WDSZ01,1,8.334525256424318
CKSZ04,WDSZ02,1,8.939232034044835
CKSZ04,WDSZ03,1,9.843394078451396
CKSZ04,WDSZ06,1,7.661728245837177
CKSZ04,YSSZ01,1,12.203245189339789
CKSZ04,YSSZ02,1,12.83337704211825
CKSZ05,AMSZ01,3,11.354313187243449
CKSZ05,AMSZ10,2,11.110137851832945
CKSZ05,BDSZ04,1,22.158747996456125
CKSZ05,BKSZ03,1,4.117871179243384
CKSZ05,BKSZ05,2,4.521306234215767
CKSZ05,BLSZ02,1,9.284921544416251
CKSZ05,BMSZ01,1,15.647053380397034
CKSZ05,BMSZ05,1,15.90249487698967
CKSZ05,BMSZ07,1,13.608138306258239
CKSZ05,BMSZ09,1,14.747070157038678
CKSZ05,BPSZ02,1,2.294174780128727
CKSZ05,BPSZ03,1,2.860563882367255
CKSZ05,BPSZ04,1,3.520038284776106
CKSZ05,BPSZ05,2,2.853338000619151
CKSZ05,BTSZ03,1,8.3626169566934
CKSZ05,BTSZ06,1,9.622983068129074
CKSZ05,CKSZ02,2,1.8836892903230111
CKSZ05,CKSZ03,5,0.8338012423978477
CKSZ05,CKSZ04,1,1.7027735496811247
CKSZ05,CKSZ05,5,0.0
CKSZ05,CKSZ06,2,0.9298087042092337
CKSZ05,DTSZ01,1,15.988517563671117
CKSZ05,DTSZ05,4,16.759536191487474
CKSZ05,DTSZ08,2,17.01083945421174
CKSZ05,DTSZ11,1,17.521080661938193
CKSZ05,JESZ03,1,6.109884232134044
CKSZ05,JESZ05,8,6.61088102296615
CKSZ05,JWSZ05,1,7.388230791542123
CKSZ05,JWSZ06,1,8.669426542226791
CKSZ05,JWSZ08,1,7.834034971412652
CKSZ05,JWSZ09,1,7.633113425090306
CKSZ05,KLSZ01,1,15.006410498750226
CKSZ05,KLSZ02,1,15.84179951159357
CKSZ05,KLSZ07,1,14.477398370210178
CKSZ05,NVSZ02,2,13.550363026573258
CKSZ05,ORSZ03,2,14.441849559298474
CKSZ05,OTSZ03,1,16.520234957073104
CKSZ05,PNSZ01,1,10.526359145123871
CKSZ05,QTSZ01,1,10.140608467426752
CKSZ05,QTSZ05,1,12.60827467106121
CKSZ05,QTSZ07,1,12.934688755910335
CKSZ05,QTSZ11,6,11.230928670066447
CKSZ05,QTSZ12,2,12.983704590348985
CKSZ05,QTSZ13,1,12.341447888350126
CKSZ05,QTSZ14,2,13.842068854199525
CKSZ05,RCSZ01,2,14.946608105330991
CKSZ05,RCSZ03,1,15.583207360334061
CKSZ05,RCSZ05,1,16.081908374550963
CKSZ05,SBSZ03,1,9.929191575916182
CKSZ05,SGSZ02,1,13.282934264171269
CKSZ05,SGSZ04,1,13.750720874525172
CKSZ05,SRSZ02,1,15.793329040443707
CKSZ05,TMSZ02,1,23.13852130030216
CKSZ05,TPSZ02,1,12.896090990080097
CKSZ05,TPSZ09,1,14.790502919117403
CKSZ05,WDSZ02,1,7.267537065779065
CKSZ05,WDSZ04,1,6.680341051410925
CKSZ05,WDSZ09,1,7.504317706258923
CKSZ05,YSSZ01,2,10.818067347367794
CKSZ05,YSSZ02,1,11.360177162210382
CKSZ06,AMSZ01,3,11.420481375419303
CKSZ06,AMSZ10,2,11.061001730203959
CKSZ06,BDSZ04,2,22.31941993026588
CKSZ06,BKSZ02,1,4.222154469266721
CKSZ06,BKSZ03,1,5.046900158856259
CKSZ06,BKSZ04,3,5.07033689772302
CKSZ06,BKSZ05,1,5.31307352118388
CKSZ06,BLSZ01,1,9.386534577206058
CKSZ06,BLSZ02,1,10.17339462268508
CKSZ06,BLSZ03,1,11.481450858469692
CKSZ06,BMSZ01,3,16.39168650187198
CKSZ06,BMSZ02,2,15.355732902684325
CKSZ06,BMSZ04,2,15.657607983345784
CKSZ06,BMSZ13,1,15.365341976804043
CKSZ06,BMSZ15,1,16.46046354068688
CKSZ06,BPSZ02,1,2.5949932902049127
CKSZ06,BPSZ04,1,3.9306177102642175
CKSZ06,BSSZ01,1,10.525119921939476
CKSZ06,BTSZ01,1,7.460364019032053
CKSZ06,BTSZ05,1,10.064528158503675
CKSZ06,BTSZ08,1,11.2843989258421
CKSZ06,CHSZ03,1,28.752245821624516
CKSZ06,CKSZ01,2,2.2593769850091614
CKSZ06,CKSZ03,7,1.7431883026562554
CKSZ06,CKSZ04,2,2.5887870453351614
CKSZ06,CKSZ05,1,0.9298087042092337
CKSZ06,CKSZ06,22,0.0
CKSZ06,CLSZ02,1,8.587630364131082
CKSZ06,CLSZ04,2,9.428166280840328
CKSZ06,CLSZ06,1,9.996192273338352
CKSZ06,DTSZ01,1,16.487903143429474
CKSZ06,DTSZ02,4,16.784024557667813
CKSZ06,DTSZ05,5,17.332526784127296
CKSZ06,DTSZ08,1,17.60713345822498
CKSZ06,DTSZ11,5,18.11399576006074
CKSZ06,DTSZ12,1,17.92803578199127
CKSZ06,GLSZ01,1,16.500499736154914
CKSZ06,GLSZ02,1,17.2995572836264
CKSZ06,JESZ03,1,7.030040751264882
CKSZ06,JESZ05,13,7.536802133918281
CKSZ06,JWSZ04,1,7.9358023904460735
CKSZ06,JWSZ06,1,9.491508896062024
CKSZ06,JWSZ08,3,8.587356328455034
CKSZ06,JWSZ09,3,8.443534500862974
CKSZ06,KLSZ03,2,16.796737324270357
CKSZ06,KLSZ06,2,15.895378449251254
CKSZ06,KLSZ07,1,14.934350154943342
CKSZ06,KLSZ08,2,16.23156834042076
CKSZ06,MPSZ02,1,20.061886914317483
CKSZ06,MUSZ03,2,16.190939107725303
CKSZ06,NTSZ03,2,14.131471149684963
CKSZ06,NVSZ02,3,14.017864654757709
CKSZ06,ORSZ01,1,13.730995198103773
CKSZ06,ORSZ02,3,14.17125009684275
CKSZ06,PGSZ05,1,18.544098175343592
CKSZ06,PLSZ04,1,17.49050057691842
CKSZ06,PNSZ01,1,11.294207835550274
CKSZ06,PNSZ03,1,11.470531214084112
CKSZ06,QTSZ05,1,13.311184000899637
CKSZ06,QTSZ08,3,12.36145094691801
CKSZ06,QTSZ10,1,11.324433272789664
CKSZ06,QTSZ11,4,12.069168207523715
CKSZ06,QTSZ12,1,13.776575307784862
CKSZ06,QTSZ14,1,14.638464660641585
CKSZ06,RCSZ10,1,16.203291454149316
CKSZ06,SBSZ07,1,11.018202717467897
CKSZ06,SBSZ08,1,9.33664889235809
CKSZ06,SBSZ09,1,8.852600018119414
CKSZ06,SGSZ02,1,13.301455747003732
CKSZ06,SKSZ01,1,3.949982309904315
CKSZ06,SKSZ03,1,1.6669917349347594
CKSZ06,SKSZ04,4,1.3279259305576234
CKSZ06,SRSZ03,1,16.822366956266773
CKSZ06,TMSZ05,1,25.8352116825868
CKSZ06,TPSZ01,1,12.430217574349014
CKSZ06,TPSZ04,1,13.761525674128055
CKSZ06,TPSZ06,1,14.20591758970418
CKSZ06,TSSZ02,1,14.704592344890216
CKSZ06,TSSZ03,1,13.532605835217362
CKSZ06,TSSZ05,1,16.868464664178173
CKSZ06,TSSZ06,1,21.218560858828198
CKSZ06,WCSZ01,11,6.791652845318785
CKSZ06,WDSZ01,3,5.859248307007696
CKSZ06,WDSZ02,4,6.518295669352447
CKSZ06,WDSZ06,1,5.1200408831021695
CKSZ06,YSSZ04,1,10.184201632921955
CKSZ06,YSSZ09,1,9.83556149433693
CLSZ01,BDSZ05,1,18.33795583952856
CLSZ01,BKSZ05,1,2.7873229280925647
CLSZ01,BMSZ04,1,9.463884314165428
CLSZ01,BMSZ08,1,8.870048162536566
CLSZ01,BMSZ13,1,8.464725266503837
CLSZ01,BPSZ05,2,5.034363681918519
CLSZ01,BTSZ01,3,1.824015964668743
CLSZ01,CKSZ02,1,4.985914753038485
CLSZ01,CKSZ04,1,5.645958822968155
CLSZ01,CLSZ05,1,1.7268195997742937
CLSZ01,CLSZ06,2,2.3137214955280214
CLSZ01,DTSZ12,1,12.571923738865456
CLSZ01,HGSZ04,1,15.131910228964212
CLSZ01,JESZ01,2,3.1963693802491866
CLSZ01,JESZ03,2,1.303675435063565
CLSZ01,JESZ05,2,1.5259454601230618
CLSZ01,JWSZ02,1,5.262824396930211
CLSZ01,JWSZ03,2,4.409220085291
CLSZ01,JWSZ04,1,3.918334327416598
CLSZ01,JWSZ08,1,6.978858534650238
CLSZ01,JWSZ09,2,6.101791069119208
CLSZ01,KLSZ06,1,11.663080618816137
CLSZ01,QTSZ01,1,4.165628511959756
CLSZ01,QTSZ05,1,6.9247742791421185
CLSZ01,QTSZ06,1,6.729833043361027
CLSZ01,SBSZ01,1,15.339684613076097
CLSZ01,SBSZ04,1,15.410602305478726
CLSZ01,SESZ02,2,17.65532628280525
CLSZ01,SESZ03,1,17.06380087120999
CLSZ01,TMSZ02,1,21.81112564098877
CLSZ01,WDSZ03,1,13.187818810190413
CLSZ01,YSSZ04,1,13.228078800995622
CLSZ01,YSSZ09,1,13.82118729716492
CLSZ02,BMSZ02,1,7.418128021409471
CLSZ02,BMSZ15,1,8.5096987183631
CLSZ02,BTSZ01,1,1.329041612411421
CLSZ02,CKSZ01,1,6.337219916530598
CLSZ02,CLSZ01,1,1.499521470455012
CLSZ02,DTSZ02,1,10.119006244599717
CLSZ02,DTSZ12,1,11.072932194062496
CLSZ02,JWSZ04,1,5.355672314914764
CLSZ02,MUSZ03,1,9.579298721535757
CLSZ03,BMSZ16,1,10.2648384902998
CLSZ03,CKSZ03,1,7.085465942286731
CLSZ03,CLSZ04,1,1.2033715808767138
CLSZ03,CLSZ06,2,1.2996250777165392
CLSZ03,DTSZ05,1,11.297531072615584
CLSZ03,JESZ05,1,2.0046474985086586
CLSZ03,JESZ06,1,1.0895637798932862
CLSZ03,KLSZ09,1,12.1248516080096
CLSZ03,NTSZ03,1,9.159560881437537
CLSZ03,NVSZ02,1,9.568913019204732
CLSZ03,OTSZ03,1,10.723364377887005
CLSZ03,QTSZ08,1,4.63094877262212
CLSZ03,QTSZ10,1,3.227068231043158
CLSZ03,QTSZ11,2,3.6275004823541956
CLSZ03,QTSZ13,1,4.702848511741454
CLSZ03,QTSZ14,1,6.478629001421372
CLSZ03,TPSZ03,1,10.514901662134786
CLSZ04,AMSZ01,1,10.763072495548862
CLSZ04,AMSZ02,1,11.437002760388854
CLSZ04,AMSZ07,1,9.488612356419946
CLSZ04,AMSZ08,1,10.2484371837892
CLSZ04,BDSZ01,1,15.973171268688048
CLSZ04,BDSZ04,1,18.845586006753344
CLSZ04,BKSZ02,1,5.394356177105949
CLSZ04,BKSZ05,6,4.194477458379191
CLSZ04,BKSZ07,1,3.803388744216083
CLSZ04,BKSZ09,2,2.73793888428965
CLSZ04,BLSZ02,1,6.52712159623684
CLSZ04,BMSZ01,2,7.551707436129899
CLSZ04,BMSZ03,5,6.526734989944402
CLSZ04,BMSZ04,2,7.656869943819853
CLSZ04,BMSZ05,1,8.648216990760066
CLSZ04,BMSZ06,2,6.584502328081186
CLSZ04,BMSZ07,1,5.831344751245695
CLSZ04,BMSZ08,1,7.064563519656928
CLSZ04,BMSZ10,1,8.109304357623804
CLSZ04,BMSZ15,1,8.064359106330516
CLSZ04,BMSZ17,1,9.731411652867756
CLSZ04,BTSZ01,8,2.2642589389246877
CLSZ04,BTSZ03,2,2.1204420885101545
CLSZ04,BTSZ04,2,1.6069247567111817
CLSZ04,BTSZ05,1,4.887251250452941
CLSZ04,BTSZ06,3,3.9356353608260166
CLSZ04,CKSZ03,2,7.748648521561396
CLSZ04,CKSZ06,2,9.428166280840328
CLSZ04,CLSZ02,1,0.9356080218102327
CLSZ04,CLSZ03,1,1.2033715808767138
CLSZ04,CLSZ04,3,0.0
CLSZ04,CLSZ05,4,1.332558670908388
CLSZ04,CLSZ06,11,0.7914849055353017
CLSZ04,CLSZ07,1,1.5600151263000968
CLSZ04,CLSZ08,1,1.7789569086211157
CLSZ04,DTSZ01,2,10.12383732914319
CLSZ04,DTSZ03,4,10.716966258465384
CLSZ04,DTSZ04,1,9.787224776579805
CLSZ04,DTSZ05,3,10.094342046911331
CLSZ04,DTSZ08,3,10.105600223984379
CLSZ04,DTSZ09,1,9.948945472348885
CLSZ04,DTSZ11,3,10.60612006441455
CLSZ04,GLSZ01,1,12.166208575083994
CLSZ04,GLSZ03,1,14.467696767505975
CLSZ04,GLSZ04,1,12.970861156760447
CLSZ04,HGSZ06,1,13.592994159060986
CLSZ04,HGSZ08,1,13.716348671247959
CLSZ04,JESZ03,4,3.167921570068641
CLSZ04,JESZ05,9,3.174817557630327
CLSZ04,JESZ06,2,2.2903747129095033
CLSZ04,JESZ08,1,2.6677379029032386
CLSZ04,JWSZ01,2,7.8605676970390705
CLSZ04,JWSZ03,1,6.208507161996366
CLSZ04,JWSZ04,2,5.404620893405422
CLSZ04,JWSZ08,2,8.536027213219043
CLSZ04,JWSZ09,5,7.61602647279514
CLSZ04,KLSZ01,1,10.560810100514413
CLSZ04,KLSZ06,1,10.281046316835234
CLSZ04,KLSZ08,4,10.962602933809757
CLSZ04,MUSZ01,2,8.955261690598673
CLSZ04,MUSZ03,1,9.48498438779671
CLSZ04,NVSZ02,4,8.434803783728732
CLSZ04,NVSZ03,2,7.470010692599702
CLSZ04,ORSZ02,3,7.430186550109214
CLSZ04,OTSZ01,1,8.827257612758123
CLSZ04,OTSZ03,4,9.524445331141287
CLSZ04,OTSZ04,1,9.642892625391287
CLSZ04,PNSZ01,1,9.75478689189753
CLSZ04,PNSZ02,1,10.911040024783846
CLSZ04,PRSZ04,1,21.99950582336742
CLSZ04,QTSZ01,2,2.416685178068525
CLSZ04,QTSZ03,2,3.940469965248592
CLSZ04,QTSZ04,3,3.7989334830126578
CLSZ04,QTSZ05,1,5.135637327661878
CLSZ04,QTSZ06,2,4.872255847096351
CLSZ04,QTSZ07,1,4.836153515899655
CLSZ04,QTSZ08,11,3.472750972588419
CLSZ04,QTSZ09,2,1.3596505286588076
CLSZ04,QTSZ10,1,2.1096425764160416
CLSZ04,QTSZ11,6,2.6773849448754388
CLSZ04,QTSZ13,1,3.788155731677156
CLSZ04,QTSZ14,1,5.450684523448782
CLSZ04,QTSZ15,1,4.705684450573436
CLSZ04,RCSZ01,1,9.521055119587418
CLSZ04,RCSZ10,1,9.78130709661094
CLSZ04,SESZ02,1,17.18685476172962
CLSZ04,SESZ03,1,16.67689673113327
CLSZ04,SESZ06,1,14.89569898331248
CLSZ04,SGSZ04,1,12.147630545459414
CLSZ04,SGSZ06,3,12.141336330902906
CLSZ04,SRSZ01,1,8.344248214523583
CLSZ04,TMSZ04,1,20.945600909100076
CLSZ04,TMSZ05,1,22.505969207518635
CLSZ04,TNSZ01,1,6.399099492356844
CLSZ04,TNSZ02,1,6.696787029885242
CLSZ04,TNSZ04,1,5.127537018020855
CLSZ04,TPSZ01,1,8.669418083573053
CLSZ04,TPSZ02,1,8.935046298013258
CLSZ04,TPSZ03,1,9.521924231431584
CLSZ04,TPSZ04,1,9.759314395390485
CLSZ04,TPSZ06,4,10.400187967270348
CLSZ04,TSSZ05,1,14.961834286891209
CLSZ04,TSSZ06,1,17.123236111824458
CLSZ04,WCSZ01,3,11.155651981542745
CLSZ04,WDSZ02,1,13.820878489678597
CLSZ04,WDSZ07,1,14.508888614027107
CLSZ04,YSSZ02,1,15.510303298234396
CLSZ05,AMSZ01,1,11.975847670303475
CLSZ05,BMSZ01,1,8.385193961827683
CLSZ05,BMSZ02,2,8.021432000089185
CLSZ05,BPSZ05,1,6.748623272583741
CLSZ05,BTSZ01,1,3.0207817642276757
CLSZ05,BTSZ07,1,4.649113844899591
CLSZ05,CLSZ01,1,1.7268195997742937
CLSZ05,CLSZ04,3,1.332558670908388
CLSZ05,CLSZ05,1,0.0
CLSZ05,CLSZ06,2,1.0042078864973587
CLSZ05,CLSZ07,1,1.998400034646618
CLSZ05,CLSZ09,1,0.9146755674218726
CLSZ05,DTSZ11,1,11.723943029723348
CLSZ05,GLSZ03,1,15.798087355104434
CLSZ05,HGSZ01,1,16.28106353018095
CLSZ05,HGSZ04,1,15.873325896506291
CLSZ05,JESZ01,1,4.276152776345873
CLSZ05,JESZ05,3,2.32514081159075
CLSZ05,JESZ08,1,1.3354922303587602
CLSZ05,MUSZ01,1,10.20064761432542
CLSZ05,NVSZ02,1,9.753742751735992
CLSZ05,ORSZ03,2,9.473787344946654
CLSZ05,OTSZ03,2,10.644558383185117
CLSZ05,QTSZ08,1,4.4762980054205155
CLSZ05,QTSZ09,1,2.515561157881514
CLSZ05,QTSZ11,1,3.2875812253019827
CLSZ06,BKSZ02,2,5.8756148426313235
CLSZ06,BKSZ03,1,5.3730950885801585
CLSZ06,BKSZ09,1,3.2681900454927995
CLSZ06,BLSZ03,1,6.772898405258379
CLSZ06,BLSZ04,1,8.219664278539287
CLSZ06,BMSZ01,2,7.403313139709044
CLSZ06,BMSZ02,2,7.017286520261509
CLSZ06,BMSZ03,1,6.59687717273013
CLSZ06,BMSZ04,1,7.741951895496902
CLSZ06,BMSZ05,1,8.729864467537032
CLSZ06,BMSZ06,1,6.727585232043659
CLSZ06,BMSZ07,2,5.846637559605442
CLSZ06,BMSZ08,1,7.157550319555415
CLSZ06,BMSZ10,1,8.214857959910697
CLSZ06,BMSZ11,2,8.068335048927729
CLSZ06,BMSZ17,1,9.705301086277531
CLSZ06,BPSZ07,1,4.885830462686111
CLSZ06,BTSZ01,4,3.0210693565893165
CLSZ06,BTSZ04,1,2.0789253723908527
CLSZ06,BTSZ06,1,4.530917301051203
CLSZ06,BTSZ07,1,3.7988892862328365
CLSZ06,BTSZ08,1,4.704058153568629
CLSZ06,CHSZ03,1,26.737010920486075
CLSZ06,CKSZ02,1,7.290443159912701
CLSZ06,CKSZ03,1,8.29026153424297
CLSZ06,CKSZ04,2,7.959117338545378
CLSZ06,CKSZ05,2,9.122372546496207
CLSZ06,CLSZ01,2,2.3137214955280214
CLSZ06,CLSZ02,2,1.698341942088379
CLSZ06,CLSZ03,1,1.2996250777165392
CLSZ06,CLSZ04,9,0.7914849055353017
CLSZ06,CLSZ05,2,1.0042078864973587
CLSZ06,CLSZ06,4,0.0
CLSZ06,CLSZ07,3,1.060316654864546
CLSZ06,CLSZ08,4,1.0615670547239102
CLSZ06,CLSZ09,1,1.052757843914389
CLSZ06,DTSZ01,1,10.431887584614254
CLSZ06,DTSZ02,2,10.249165138495398
CLSZ06,DTSZ03,4,10.975376814215494
CLSZ06,DTSZ05,1,10.269724106135792
CLSZ06,DTSZ09,3,10.04515073066857
CLSZ06,DTSZ11,1,10.724097390822868
CLSZ06,GLSZ01,1,12.657494934667747
CLSZ06,GLSZ05,1,15.046239120294304
CLSZ06,JESZ01,1,5.201775756941562
CLSZ06,JESZ02,1,4.146906908767281
CLSZ06,JESZ03,6,3.3983144192725194
CLSZ06,JESZ05,7,3.258415621754853
CLSZ06,JESZ06,1,2.3019249280754255
CLSZ06,JESZ08,6,2.236517994971227
CLSZ06,JWSZ02,3,6.888503701773117
CLSZ06,JWSZ03,1,6.285218618120634
CLSZ06,JWSZ05,2,6.102895149585944
CLSZ06,JWSZ08,4,8.398410045240128
CLSZ06,JWSZ09,4,7.463842493640451
CLSZ06,KLSZ06,1,10.679709548175952
CLSZ06,MPSZ01,1,14.296754119407607
CLSZ06,OTSZ03,3,9.645398616378916
CLSZ06,PGSZ04,1,18.8624228699818
CLSZ06,PLSZ01,1,19.321923602481974
CLSZ06,QTSZ01,2,2.7150316756116557
CLSZ06,QTSZ02,1,3.548421671416747
CLSZ06,QTSZ03,1,4.166412625182082
CLSZ06,QTSZ05,1,5.277913801550564
CLSZ06,QTSZ08,5,3.4723330871686047
CLSZ06,QTSZ09,1,1.5685927443684196
CLSZ06,QTSZ11,1,2.335706003322094
CLSZ06,QTSZ13,3,3.403563095819529
CLSZ06,QTSZ14,2,5.195493908866284
CLSZ06,QTSZ15,2,4.179653083045696
CLSZ06,RVSZ05,1,8.51261481599675
CLSZ06,SBSZ01,1,16.866837261547225
CLSZ06,SESZ02,1,17.873931382734582
CLSZ06,SKSZ02,1,11.865919046923954
CLSZ06,SKSZ04,1,11.301342203410849
CLSZ06,TNSZ03,1,5.463894947512953
CLSZ06,TPSZ02,1,9.495374153098707
CLSZ06,TPSZ08,1,11.88797542853694
CLSZ06,TSSZ03,1,12.53928997891997
CLSZ07,AMSZ01,1,11.597356738572895
CLSZ07,AMSZ12,1,12.937998375852537
CLSZ07,BDSZ01,1,16.08893588925973
CLSZ07,BKSZ02,1,6.898528921681458
CLSZ07,BKSZ05,1,5.754340689000265
CLSZ07,BKSZ06,1,5.62720541188453
CLSZ07,BMSZ03,1,5.73132394114154
CLSZ07,BMSZ09,1,7.091807418641091
CLSZ07,BMSZ11,1,7.161107927517066
CLSZ07,BMSZ15,1,7.094905971384742
CLSZ07,BMSZ17,1,8.751104003795305
CLSZ07,BPSZ02,1,9.135632457493006
CLSZ07,BPSZ07,1,5.591990567817442
CLSZ07,BTSZ01,1,3.7755323231777673
CLSZ07,BTSZ07,1,3.487142628163383
CLSZ07,CKSZ01,2,8.745624212705732
CLSZ07,CLSZ03,1,2.3598652302014074
CLSZ07,CLSZ04,1,1.5600151263000968
CLSZ07,CLSZ05,1,1.998400034646618
CLSZ07,CLSZ06,1,1.060316654864546
CLSZ07,CLSZ07,3,0.0
CLSZ07,DTSZ01,1,9.76806903886545
CLSZ07,DTSZ03,1,10.253482762152906
CLSZ07,DTSZ05,1,9.46891497187472
CLSZ07,DTSZ11,1,9.87058950074357
CLSZ07,HGSZ06,1,14.102938192407429
CLSZ07,JESZ05,5,4.30410564920362
CLSZ07,JWSZ09,1,8.38078350761522
CLSZ07,KLSZ09,1,10.627242307931136
CLSZ07,MDSZ02,1,14.519887461724954
CLSZ07,MUSZ01,1,8.566265285144613
CLSZ07,NVSZ02,1,8.420154694836443
CLSZ07,ORSZ02,1,7.146078842625326
CLSZ07,PGSZ02,1,18.863367205851375
CLSZ07,PGSZ04,1,18.81839701137312
CLSZ07,PRSZ03,1,21.35235044906207
CLSZ07,QTSZ04,1,3.1737686377303738
CLSZ07,QTSZ07,1,3.815417711060552
CLSZ07,QTSZ11,2,1.2894620495882865
CLSZ07,QTSZ12,1,3.425780956326154
CLSZ07,QTSZ13,1,2.343334413143765
CLSZ07,QTSZ14,1,4.152593899256015
CLSZ07,SBSZ03,1,16.749886964626562
CLSZ07,SGSZ01,1,14.026626307642548
CLSZ07,SGSZ02,1,13.295960592680892
CLSZ07,TPSZ06,1,10.677071337625495
CLSZ07,TSSZ02,1,15.149423545534011
CLSZ07,WCSZ01,1,12.312437372102481
CLSZ07,WDSZ06,1,14.853467994670607
CLSZ07,WDSZ09,1,16.356071075136263
CLSZ08,AMSZ06,1,11.601250661229722
CLSZ08,BKSZ03,1,6.347475735064987
CLSZ08,BKSZ05,1,5.908222033888141
CLSZ08,BMSZ01,3,6.759356965398289
CLSZ08,BMSZ05,1,8.348134746251517
CLSZ08,BTSZ01,1,4.043107765739425
CLSZ08,CLSZ04,2,1.7789569086211157
CLSZ08,CLSZ06,5,1.0615670547239102
CLSZ08,CLSZ08,6,0.0
CLSZ08,CLSZ09,1,1.1368626271911728
CLSZ08,DTSZ01,1,10.338611796750985
CLSZ08,DTSZ02,1,10.075927568561129
CLSZ08,DTSZ05,1,9.994439656085039
CLSZ08,DTSZ06,2,10.357111656292243
CLSZ08,DTSZ09,1,9.668378587711427
CLSZ08,DTSZ10,2,9.506919127289267
CLSZ08,DTSZ11,1,10.369573237455807
CLSZ08,DTSZ12,1,10.822787431447678
CLSZ08,JESZ05,1,4.088270141502623
CLSZ08,JESZ08,2,2.605964457149841
CLSZ08,KLSZ03,1,12.2180035495465
CLSZ08,MUSZ03,1,9.623861908079611
CLSZ08,OTSZ03,1,9.304348871969124
CLSZ08,QTSZ08,2,3.1480955811560123
CLSZ08,QTSZ10,1,1.8358932659798248
CLSZ08,QTSZ11,2,1.6690334654623837
CLSZ08,QTSZ13,2,2.5886774333440195
CLSZ08,QTSZ14,2,4.46927664260024
CLSZ08,RCSZ01,1,9.925738761057652
CLSZ08,RCSZ08,1,9.62263397019546
CLSZ08,TNSZ01,1,6.926414882795298
CLSZ08,TPSZ01,1,9.687859205510586
CLSZ08,TSSZ04,1,13.364956301993184
CLSZ08,TSSZ05,1,14.415726400622333
CLSZ08,WCSZ01,1,12.035861949460505
CLSZ08,WDSZ03,1,16.01854373736325
CLSZ09,AMSZ02,2,13.200234692753774
CLSZ09,BKSZ02,1,6.1187277600847345
CLSZ09,BKSZ05,3,5.393140169066795
CLSZ09,BMSZ11,1,8.746915629447269
CLSZ09,CKSZ02,1,7.550071841276097
CLSZ09,CKSZ03,1,8.589113294400507
CLSZ09,CLSZ04,2,1.773491544637233
CLSZ09,CLSZ06,2,1.052757843914389
CLSZ09,CLSZ09,1,0.0
CLSZ09,HGSZ02,1,17.380823806547493
CLSZ09,JESZ02,1,3.995547661017445
CLSZ09,JESZ03,2,3.4013382254297486
CLSZ09,JESZ05,1,3.078482405578938
CLSZ09,JWSZ02,1,6.394018489155341
CLSZ09,JWSZ03,1,5.953077846503401
CLSZ09,JWSZ04,1,4.727254508256399
CLSZ09,JWSZ09,2,6.830359526148204
CLSZ09,OTSZ01,1,9.764942467166977
CLSZ09,QTSZ02,1,4.478418087515621
CLSZ09,QTSZ13,1,3.7130103951309237
CLSZ09,SBSZ03,1,16.91028967259142
CLSZ09,SESZ04,1,17.788820467117564
CLSZ09,SGSZ07,1,14.279443859919333
CLSZ09,TMSZ03,1,20.666499888376197
DTSZ01,AMSZ01,2,8.25051431983638
DTSZ01,AMSZ02,1,8.183338227434751
DTSZ01,AMSZ05,2,7.900267162539192
DTSZ01,AMSZ06,1,8.463311419710138
DTSZ01,BDSZ01,1,7.198733169378263
DTSZ01,BDSZ02,1,9.041638084784141
DTSZ01,BDSZ03,4,7.211710053279743
DTSZ01,BDSZ04,5,9.548239775598132
DTSZ01,BDSZ05,2,7.366576839853502
DTSZ01,BDSZ06,1,10.149008187409153
DTSZ01,BDSZ07,1,7.942287381475823
DTSZ01,BKSZ06,1,13.742290504640849
DTSZ01,BKSZ07,1,12.936815172775264
DTSZ01,BKSZ09,1,11.838670059373397
DTSZ01,BMSZ01,1,5.80536954207107
DTSZ01,BMSZ04,3,3.655407303471193
DTSZ01,BMSZ06,1,4.047498252603308
DTSZ01,BMSZ09,1,3.0331277667836507
DTSZ01,BMSZ10,2,3.222501158963589
DTSZ01,BMSZ11,1,3.9377051292345433
DTSZ01,BMSZ12,1,5.603009570737519
DTSZ01,BMSZ13,1,5.807603043572885
DTSZ01,BPSZ01,1,14.362226760358672
DTSZ01,BPSZ02,1,13.904235931829593
DTSZ01,BPSZ03,1,13.405669797436534
DTSZ01,BPSZ04,3,12.558811487223812
DTSZ01,BPSZ05,4,13.135281077648846
DTSZ01,BSSZ02,1,6.263198709452091
DTSZ01,BSSZ03,1,5.645161331682511
DTSZ01,BTSZ01,1,10.33093963094622
DTSZ01,BTSZ06,1,6.732433833308134
DTSZ01,BTSZ07,1,6.86441064073722
DTSZ01,CKSZ01,1,14.507703269096742
DTSZ01,CLSZ03,1,11.313423817694646
DTSZ01,CLSZ04,2,10.12383732914319
DTSZ01,CLSZ06,1,10.431887584614254
DTSZ01,CLSZ07,1,9.76806903886545
DTSZ01,DTSZ01,5,0.0
DTSZ01,DTSZ02,1,0.8112413736091982
DTSZ01,DTSZ03,1,0.9089782699981739
DTSZ01,DTSZ05,2,1.8038955763813513
DTSZ01,DTSZ11,2,2.6406512549934433
DTSZ01,GLSZ03,1,5.6384335243480646
DTSZ01,GLSZ04,6,3.502717882200577
DTSZ01,GLSZ05,3,5.103252817500404
DTSZ01,HGSZ02,1,9.13274225526928
DTSZ01,HGSZ04,1,8.915060213375058
DTSZ01,HGSZ05,1,9.536012579182318
DTSZ01,HGSZ06,1,7.6036249301100725
DTSZ01,HGSZ07,1,7.259101312683961
DTSZ01,HGSZ08,1,6.079087003808058
DTSZ01,JESZ01,1,14.782510795521349
DTSZ01,JESZ05,3,13.154324003134741
DTSZ01,JWSZ08,3,18.612264488976162
DTSZ01,JWSZ09,4,17.708959617548228
DTSZ01,KLSZ01,3,2.6442884766553574
DTSZ01,KLSZ02,2,2.958820925711897
DTSZ01,KLSZ06,2,1.3437270660964227
DTSZ01,KLSZ08,1,1.9647509334874946
DTSZ01,KLSZ09,1,0.8866360376265798
DTSZ01,MPSZ01,2,3.927549986998552
DTSZ01,MPSZ03,3,5.745123952267231
DTSZ01,MUSZ01,2,1.2066032863056144
DTSZ01,NVSZ01,3,2.9833612750160183
DTSZ01,NVSZ02,4,2.5273499188078206
DTSZ01,ORSZ02,2,2.6983113124378857
DTSZ01,ORSZ03,1,1.9111558962533812
DTSZ01,OTSZ03,3,2.5354518837554263
DTSZ01,OTSZ04,2,1.930464272869178
DTSZ01,PGSZ03,2,12.383021718054326
DTSZ01,PGSZ04,3,12.27370560919261
DTSZ01,PRSZ02,1,12.88984754668166
DTSZ01,PRSZ03,5,13.043512559829734
DTSZ01,PRSZ05,1,13.862695353092404
DTSZ01,QTSZ01,1,7.73200078933408
DTSZ01,QTSZ05,1,5.323601798652117
DTSZ01,QTSZ07,1,6.4608934963228775
DTSZ01,RCSZ01,1,1.1953555394842716
DTSZ01,RCSZ02,1,0.8773223808305289
DTSZ01,RCSZ03,1,0.7323891344173754
DTSZ01,RCSZ10,2,0.3428190544339364
DTSZ01,RVSZ05,2,2.137431279205678
DTSZ01,SBSZ05,1,17.49113251449294
DTSZ01,SESZ03,2,11.274918016548957
DTSZ01,SESZ04,1,11.219130318745483
DTSZ01,SESZ06,2,10.917430628459583
DTSZ01,SGSZ01,1,9.447010244647979
DTSZ01,SGSZ03,1,8.58525586698779
DTSZ01,SGSZ04,1,7.169242703906531
DTSZ01,SGSZ06,3,6.1233919991614005
DTSZ01,TMSZ02,2,12.239070530938193
DTSZ01,TMSZ04,1,11.829407368959156
DTSZ01,TMSZ05,1,13.006445297241273
DTSZ01,TNSZ01,1,3.8826902698551797
DTSZ01,TPSZ01,2,4.8021958424123765
DTSZ01,TPSZ02,1,3.888300615750253
DTSZ01,TPSZ04,1,4.03050419352184
DTSZ01,TPSZ07,1,3.6522319625056068
DTSZ01,TPSZ09,1,3.9190787255396873
DTSZ01,WDSZ02,1,17.213998760658516
DTSZ01,WDSZ03,5,16.90716675769381
DTSZ01,WDSZ04,3,16.057963497994358
DTSZ01,WDSZ09,1,18.812368600856384
DTSZ01,YSSZ03,1,14.355509057649531
DTSZ01,YSSZ04,2,13.420844143889626
DTSZ01,YSSZ09,3,14.938191502062736
DTSZ02,AMSZ01,5,8.960602715422072
DTSZ02,AMSZ02,1,8.927216161077165
DTSZ02,AMSZ03,1,7.991785056361302
DTSZ02,AMSZ04,1,8.12499217051449
DTSZ02,AMSZ06,2,9.135366390267892
DTSZ02,AMSZ07,1,9.481851186430749
DTSZ02,AMSZ09,1,9.98596716644111
DTSZ02,AMSZ11,1,11.281583037807987
DTSZ02,BDSZ01,1,7.894015146653577
DTSZ02,BDSZ02,3,9.704278081365532
DTSZ02,BDSZ03,2,7.8194368545161606
DTSZ02,BDSZ04,9,10.133199309040231
DTSZ02,BDSZ05,2,7.878994012636982
DTSZ02,BDSZ06,4,10.659703043253156
DTSZ02,BKSZ05,1,12.159002340077263
DTSZ02,BKSZ06,1,13.764909763629175
DTSZ02,BKSZ07,2,12.986378439497168
DTSZ02,BLSZ02,1,16.36560044022866
DTSZ02,BMSZ02,1,4.014483372938636
DTSZ02,BMSZ04,5,3.073165378809782
DTSZ02,BMSZ06,2,3.656422524168435
DTSZ02,BMSZ07,1,4.875451421009006
DTSZ02,BMSZ08,4,3.4755299291388067
DTSZ02,BMSZ09,4,2.544450002466052
DTSZ02,BMSZ10,1,2.6009186618578966
DTSZ02,BMSZ13,2,5.226442705711133
DTSZ02,BPSZ02,1,14.215392846197517
DTSZ02,BPSZ04,3,12.865872036534844
DTSZ02,BPSZ05,1,13.400645284957236
DTSZ02,BSSZ01,4,7.6158437014474964
DTSZ02,BSSZ02,4,6.9468318606418515
DTSZ02,BSSZ03,1,6.381299952172081
DTSZ02,BTSZ01,4,10.384259227654274
DTSZ02,BTSZ03,3,8.622342478453431
DTSZ02,BTSZ05,2,6.74205829901481
DTSZ02,CKSZ02,3,15.03318122238529
DTSZ02,CKSZ03,1,15.606636935722744
DTSZ02,CKSZ04,1,15.98421772918594
DTSZ02,CKSZ06,5,16.784024557667813
DTSZ02,CLSZ02,1,10.119006244599717
DTSZ02,CLSZ03,1,11.19883464246401
DTSZ02,CLSZ05,1,11.220234416018338
DTSZ02,CLSZ06,3,10.249165138495398
DTSZ02,CLSZ08,1,10.075927568561129
DTSZ02,DTSZ01,1,0.8112413736091982
DTSZ02,DTSZ02,3,0.0
DTSZ02,DTSZ03,2,0.7315950200170801
DTSZ02,DTSZ04,1,0.9407027972589486
DTSZ02,DTSZ05,6,0.9984294889783903
DTSZ02,DTSZ07,1,1.6619349181431178
DTSZ02,DTSZ08,4,1.6066543534283224
DTSZ02,DTSZ09,1,2.0107231382468744
DTSZ02,DTSZ11,1,1.8657106943427764
DTSZ02,DTSZ12,1,1.1750052093676053
DTSZ02,GLSZ02,4,5.269688790229116
DTSZ02,GLSZ03,1,6.35422933966494
DTSZ02,GLSZ04,5,4.173340799230519
DTSZ02,GLSZ05,5,5.714035671914394
DTSZ02,HGSZ02,1,9.93711742990793
DTSZ02,HGSZ03,1,10.543034782655408
DTSZ02,HGSZ04,1,9.72612043836227
DTSZ02,HGSZ05,1,10.343283024455419
DTSZ02,HGSZ06,3,8.414424516469229
DTSZ02,HGSZ07,1,8.067781751388706
DTSZ02,JESZ01,1,14.776282055002627
DTSZ02,JESZ03,1,12.912173709214425
DTSZ02,JESZ04,1,14.25971402301368
DTSZ02,JESZ05,3,13.088296645931335
DTSZ02,JWSZ02,2,16.86798461807497
DTSZ02,JWSZ03,1,16.01412088162308
DTSZ02,JWSZ04,4,15.397930728407234
DTSZ02,JWSZ08,2,18.525626175143564
DTSZ02,JWSZ09,3,17.611585743159033
DTSZ02,KLSZ01,4,3.4479775556569643
DTSZ02,KLSZ03,2,3.2795705787730047
DTSZ02,KLSZ06,5,2.149818742558828
DTSZ02,MUSZ01,3,1.1386941693900328
DTSZ02,NVSZ01,2,3.685438334398412
DTSZ02,NVSZ03,1,4.02614184258893
DTSZ02,ORSZ01,1,3.3391677815091776
DTSZ02,ORSZ02,8,2.7038880830734957
DTSZ02,ORSZ03,3,1.850941533931816
DTSZ02,OTSZ01,1,1.7059735177339272
DTSZ02,OTSZ03,6,1.7409696556681997
DTSZ02,OTSZ04,3,1.135053216628933
DTSZ02,PGSZ04,2,13.079437973592698
DTSZ02,PGSZ05,1,13.902162704624853
DTSZ02,PRSZ03,6,13.76222617096602
DTSZ02,PRSZ04,2,14.922665520811918
DTSZ02,PRSZ05,2,14.55065762679752
DTSZ02,PRSZ07,1,15.789126792928974
DTSZ02,PRSZ08,1,14.612335018798573
DTSZ02,QTSZ02,3,6.72642413399088
DTSZ02,QTSZ04,1,6.3522209487730095
DTSZ02,QTSZ05,1,5.029089430873017
DTSZ02,QTSZ08,1,6.9316797330235005
DTSZ02,QTSZ10,1,8.281633607443224
DTSZ02,RCSZ05,2,1.3115614551907029
DTSZ02,RCSZ06,1,1.6234453897026768
DTSZ02,RCSZ10,1,0.8039412247349442
DTSZ02,SBSZ03,2,17.56357043033729
DTSZ02,SBSZ04,2,18.766386738680332
DTSZ02,SESZ02,2,12.050716872460846
DTSZ02,SESZ03,6,12.086010962684949
DTSZ02,SESZ04,4,12.028593467780356
DTSZ02,SESZ05,1,11.065988150073865
DTSZ02,SESZ06,1,11.714587378819122
DTSZ02,SGSZ04,1,7.959935879170354
DTSZ02,SGSZ06,4,6.928172923209252
DTSZ02,SGSZ07,2,6.578490648626257
DTSZ02,TMSZ02,9,12.89838457395138
DTSZ02,TMSZ03,2,11.117340594521037
DTSZ02,TMSZ04,7,12.42663491947967
DTSZ02,TNSZ02,1,3.3481526506961097
DTSZ02,TNSZ04,1,5.10514311177148
DTSZ02,TPSZ01,1,5.429321308474934
DTSZ02,TPSZ02,1,4.541306791911997
DTSZ02,TPSZ03,3,5.363542537288935
DTSZ02,TPSZ04,1,4.762813697742243
DTSZ02,TPSZ06,3,4.96888586744317
DTSZ02,TPSZ10,1,5.928806229583192
DTSZ02,TPSZ12,1,5.88393151746305
DTSZ02,WDSZ01,1,17.954200884837704
DTSZ02,WDSZ02,3,17.76981129116394
DTSZ02,WDSZ03,1,17.50023977974413
DTSZ02,WDSZ04,1,16.605571147922234
DTSZ02,WDSZ05,2,17.330148983310412
DTSZ02,WDSZ09,1,19.348651591788627
DTSZ02,YSSZ02,3,16.28402594829014
DTSZ02,YSSZ03,2,15.080931803140883
DTSZ02,YSSZ04,1,14.116828213033369
DTSZ02,YSSZ05,1,12.990681619038643
DTSZ02,YSSZ09,2,15.618491901902527
DTSZ03,AMSZ01,3,9.11149315401756
DTSZ03,AMSZ02,1,9.013382845063973
DTSZ03,AMSZ03,1,8.064759536618174
DTSZ03,AMSZ04,2,8.26838607555077
DTSZ03,AMSZ05,1,8.79003141886748
DTSZ03,AMSZ06,2,9.34657006766964
DTSZ03,AMSZ12,1,10.211907514301666
DTSZ03,BDSZ02,2,9.140208229691282
DTSZ03,BDSZ03,2,7.213202254188602
DTSZ03,BDSZ04,5,9.504899735462661
DTSZ03,BDSZ05,4,7.213879914949417
DTSZ03,BDSZ06,3,9.988847150595108
DTSZ03,BKSZ01,1,14.258576744970759
DTSZ03,BKSZ03,1,14.8644205006079
DTSZ03,BKSZ05,2,12.796493210354223
DTSZ03,BKSZ07,1,13.661345009430862
DTSZ03,BKSZ08,1,13.02303768206327
DTSZ03,BKSZ09,2,12.54858470334932
DTSZ03,BLSZ02,1,17.09452701737669
DTSZ03,BMSZ01,2,5.736239251325156
DTSZ03,BMSZ02,1,4.701297711070276
DTSZ03,BMSZ04,2,3.7582741944766993
DTSZ03,BMSZ06,4,4.385340758281176
DTSZ03,BMSZ08,2,4.1860829291204045
DTSZ03,BMSZ10,1,3.2717113110466083
DTSZ03,BMSZ11,1,3.898338692021571
DTSZ03,BMSZ13,2,5.898937410655873
DTSZ03,BMSZ15,1,4.378109893890561
DTSZ03,BMSZ16,2,3.209142432181445
DTSZ03,BPSZ03,4,14.273336502498971
DTSZ03,BPSZ04,1,13.418987363205492
DTSZ03,BPSZ05,3,13.978662509460536
DTSZ03,BSSZ01,1,7.928650982445564
DTSZ03,BSSZ02,4,7.143537778764801
DTSZ03,BSSZ03,2,6.489338292127298
DTSZ03,BTSZ07,2,7.520057604155916
DTSZ03,CHSZ03,1,16.871958407664987
DTSZ03,CKSZ02,1,15.653127206443383
DTSZ03,CKSZ03,2,16.203005942212027
DTSZ03,CLSZ03,1,11.915551512815636
DTSZ03,CLSZ04,4,10.716966258465384
DTSZ03,CLSZ06,5,10.975376814215494
DTSZ03,CLSZ07,1,10.253482762152906
DTSZ03,DTSZ01,3,0.9089782699981739
DTSZ03,DTSZ02,2,0.7315950200170801
DTSZ03,DTSZ03,2,0.0
DTSZ03,DTSZ05,3,1.3250654421689967
DTSZ03,DTSZ06,2,0.8946730013217298
DTSZ03,DTSZ07,1,2.0731830120028714
DTSZ03,DTSZ08,2,1.9011866811956655
DTSZ03,DTSZ11,2,1.9734046899979458
DTSZ03,GLSZ02,2,4.860056054165563
DTSZ03,GLSZ03,3,5.8665301912740215
DTSZ03,GLSZ04,7,3.653010975992008
DTSZ03,GLSZ05,2,5.1205505522241594
DTSZ03,HGSZ02,1,9.648772000591238
DTSZ03,HGSZ03,1,10.283129679140334
DTSZ03,HGSZ05,3,10.209061984517064
DTSZ03,HGSZ06,5,8.240098307364331
DTSZ03,HGSZ07,2,7.819107312208014
DTSZ03,JWSZ01,1,18.391800834086837
DTSZ03,JWSZ02,1,17.57398557592364
DTSZ03,JWSZ03,1,16.709855082815643
DTSZ03,JWSZ09,1,18.326709382710572
DTSZ03,KLSZ01,3,3.3832678733623953
DTSZ03,KLSZ02,1,3.513066490316234
DTSZ03,KLSZ03,2,2.918124443477624
DTSZ03,KLSZ05,3,2.0454217248159847
DTSZ03,KLSZ06,4,2.11043270088822
DTSZ03,KLSZ07,1,2.6458278929371484
DTSZ03,KLSZ08,1,2.5530746149904124
DTSZ03,MPSZ01,1,3.6733510557916107
DTSZ03,MPSZ02,1,5.037985367715879
DTSZ03,MPSZ03,5,5.458312316417053
DTSZ03,MPSZ04,1,5.51165532869085
DTSZ03,MUSZ01,1,1.7939672721377578
DTSZ03,NVSZ01,2,3.8646609645860366
DTSZ03,NVSZ02,1,3.428630959526264
DTSZ03,ORSZ02,1,3.3719495794511536
DTSZ03,ORSZ03,3,2.5277690108843953
DTSZ03,OTSZ02,1,2.3554141750079833
DTSZ03,OTSZ03,2,2.218322840454163
DTSZ03,OTSZ04,1,1.6505821727322885
DTSZ03,PGSZ03,5,13.004073840473902
DTSZ03,PGSZ04,4,12.793546715777008
DTSZ03,PGSZ05,2,13.616189375390887
DTSZ03,PRSZ03,2,13.256382698834269
DTSZ03,PRSZ05,4,14.005353885191859
DTSZ03,QTSZ01,1,8.305738907554073
DTSZ03,QTSZ02,1,7.44770732718515
DTSZ03,QTSZ08,1,7.663269699688681
DTSZ03,QTSZ13,1,8.870170130479766
DTSZ03,RCSZ10,1,1.1465008237459764
DTSZ03,SBSZ03,5,17.80382501256505
DTSZ03,SBSZ04,1,19.00427567378421
DTSZ03,SBSZ05,1,18.368624425718988
DTSZ03,SESZ02,4,11.778479123709978
DTSZ03,SESZ03,9,11.867096099365066
DTSZ03,SESZ04,1,11.868442230052084
DTSZ03,SESZ05,1,10.87962619081472
DTSZ03,SESZ06,6,11.639196432459416
DTSZ03,SGSZ01,3,10.214840195579043
DTSZ03,SGSZ04,3,7.920006149279862
DTSZ03,SGSZ06,2,6.823724086850393
DTSZ03,SGSZ07,2,6.381694871644236
DTSZ03,SRSZ02,1,1.7015823110014392
DTSZ03,TMSZ02,8,12.325298708566573
DTSZ03,TMSZ03,3,10.560774173105413
DTSZ03,TMSZ04,5,11.80330450015364
DTSZ03,TMSZ05,1,12.849638295237952
DTSZ03,TNSZ02,1,4.078506511849941
DTSZ03,TPSZ01,1,5.70446811951726
DTSZ03,TPSZ02,4,4.785765176001042
DTSZ03,TPSZ03,2,5.529667455177167
DTSZ03,TPSZ05,1,5.4594616078461815
DTSZ03,TPSZ06,2,4.99855084120839
DTSZ03,TPSZ08,1,5.4076385322503535
DTSZ03,TPSZ12,1,5.5741055459075675
DTSZ03,WDSZ01,1,18.333590620125676
DTSZ03,WDSZ02,1,18.122333050759803
DTSZ03,WDSZ03,4,17.81143715908741
DTSZ03,WDSZ04,2,16.96670672470968
DTSZ03,WDSZ05,1,17.746460808706953
DTSZ03,YSSZ01,1,15.194321365013383
DTSZ03,YSSZ03,3,15.198505908214067
DTSZ03,YSSZ05,1,13.11876516831268
DTSZ03,YSSZ09,3,15.813545360675231
DTSZ04,DTSZ12,1,1.1193607430247579
DTSZ04,GLSZ02,1,6.197472607815091
DTSZ04,JWSZ09,2,17.397211766402528
DTSZ05,AMSZ01,5,9.912844179240993
DTSZ05,AMSZ02,3,9.90172635785792
DTSZ05,AMSZ03,2,8.971028556034033
DTSZ05,AMSZ05,1,9.472733399099015
DTSZ05,AMSZ06,1,10.059476955429048
DTSZ05,AMSZ09,2,10.916332792538004
DTSZ05,BDSZ01,3,8.69598408108096
DTSZ05,BDSZ02,1,10.456315786026991
DTSZ05,BDSZ03,4,8.511726836187197
DTSZ05,BDSZ04,13,10.783708417296742
DTSZ05,BDSZ05,5,8.454603987493579
DTSZ05,BDSZ06,5,11.214067516963254
DTSZ05,BDSZ08,1,11.36010900977678
DTSZ05,BKSZ01,2,14.093062742471947
DTSZ05,BKSZ02,2,14.4315115088511
DTSZ05,BKSZ03,2,14.499319347836423
DTSZ05,BKSZ05,7,12.557889033034076
DTSZ05,BKSZ07,3,13.271577358620892
DTSZ05,BKSZ08,1,12.68333993655599
DTSZ05,BKSZ09,3,12.133937797708915
DTSZ05,BLSZ02,1,16.329758261300302
DTSZ05,BMSZ01,3,4.48034938577123
DTSZ05,BMSZ02,1,3.6085790733812604
DTSZ05,BMSZ03,3,3.787659890941118
DTSZ05,BMSZ04,3,2.6877947216908957
DTSZ05,BMSZ05,1,1.872799766650166
DTSZ05,BMSZ07,4,4.623738318269099
DTSZ05,BMSZ08,2,3.202905080775598
DTSZ05,BMSZ09,3,2.379689345282958
DTSZ05,BMSZ10,1,2.1807242873610173
DTSZ05,BMSZ12,1,4.721981321831133
DTSZ05,BMSZ13,2,4.748480401881251
DTSZ05,BMSZ16,1,1.9016851775513335
DTSZ05,BPSZ01,1,15.193525336128207
DTSZ05,BPSZ02,2,14.786830141738331
DTSZ05,BPSZ03,2,14.321127627055779
DTSZ05,BPSZ04,3,13.437597299809418
DTSZ05,BPSZ05,4,13.925965731011926
DTSZ05,BSSZ01,7,8.481903812394235
DTSZ05,BSSZ02,3,7.884179204068369
DTSZ05,BSSZ03,4,7.353804584364782
DTSZ05,BTSZ01,4,10.689744059321782
DTSZ05,BTSZ03,1,8.893775198230783
DTSZ05,BTSZ05,1,7.268507621429273
DTSZ05,BTSZ06,2,7.203714284599673
DTSZ05,BTSZ08,3,6.290454840389201
DTSZ05,CHSZ03,1,18.110524202977107
DTSZ05,CKSZ01,1,15.251694428612858
DTSZ05,CKSZ02,1,15.466129981378876
DTSZ05,CKSZ03,5,16.08993053238815
DTSZ05,CKSZ04,1,16.404634287950504
DTSZ05,CKSZ05,3,16.759536191487474
DTSZ05,CKSZ06,3,17.332526784127296
DTSZ05,CLSZ03,2,11.297531072615584
DTSZ05,CLSZ04,3,10.094342046911331
DTSZ05,CLSZ06,2,10.269724106135792
DTSZ05,CLSZ08,1,9.994439656085039
DTSZ05,DTSZ01,4,1.8038955763813513
DTSZ05,DTSZ02,6,0.9984294889783903
DTSZ05,DTSZ03,4,1.3250654421689967
DTSZ05,DTSZ05,4,0.0
DTSZ05,DTSZ08,1,0.6129048720467968
DTSZ05,DTSZ09,1,1.0410709466829666
DTSZ05,GLSZ01,1,5.451509503691083
DTSZ05,GLSZ02,2,6.164806645047728
DTSZ05,GLSZ04,11,4.9780475407465925
DTSZ05,GLSZ05,4,6.429564010537747
DTSZ05,HGSZ03,2,11.514835686380886
DTSZ05,HGSZ04,1,10.715629168730736
DTSZ05,HGSZ05,3,11.339750260722443
DTSZ05,HGSZ06,4,9.40539866882789
DTSZ05,HGSZ07,2,9.041535061400829
DTSZ05,HGSZ08,1,7.820154166610718
DTSZ05,JESZ03,2,13.104151577782016
DTSZ05,JESZ05,4,13.235222931085925
DTSZ05,JWSZ02,1,17.013637812199306
DTSZ05,JWSZ03,4,16.21064551031357
DTSZ05,JWSZ04,3,15.495816355124653
DTSZ05,JWSZ08,3,18.627495770651787
DTSZ05,JWSZ09,9,17.702714307473705
DTSZ05,KLSZ01,3,4.445749706165954
DTSZ05,KLSZ02,1,4.728070867641612
DTSZ05,KLSZ03,5,4.196645388956424
DTSZ05,KLSZ04,1,3.4769098764070487
DTSZ05,KLSZ05,1,3.3442222408952995
DTSZ05,KLSZ06,7,3.1464977143170367
DTSZ05,KLSZ07,2,3.33525534965056
DTSZ05,KLSZ09,2,2.372098788630487
DTSZ05,MPSZ01,1,4.900908529510024
DTSZ05,MPSZ02,2,6.278122198339496
DTSZ05,MPSZ03,4,6.637872214589594
DTSZ05,MUSZ01,4,1.8027263368672652
DTSZ05,MUSZ03,1,1.4040125862852588
DTSZ05,NTSZ02,1,3.805022872717919
DTSZ05,NVSZ01,2,4.6472306127580705
DTSZ05,NVSZ02,5,3.8804120572691936
DTSZ05,NVSZ04,1,5.841949163250831
DTSZ05,ORSZ02,5,3.161833222093884
DTSZ05,ORSZ03,3,2.352104775834589
DTSZ05,OTSZ01,1,1.3050638071465064
DTSZ05,OTSZ03,2,0.9139879414915537
DTSZ05,PGSZ02,2,15.026130145650374
DTSZ05,PGSZ03,2,14.18388242171516
DTSZ05,PGSZ04,8,14.043313969234429
DTSZ05,PGSZ05,3,14.866252563038174
DTSZ05,PRSZ03,9,14.581348508611656
DTSZ05,PRSZ08,1,15.328648685564591
DTSZ05,QTSZ02,1,6.823021454865297
DTSZ05,QTSZ04,1,6.34334520309865
DTSZ05,QTSZ05,6,4.992013285851328
DTSZ05,QTSZ06,3,5.420680462952178
DTSZ05,QTSZ13,1,7.889009144085255
DTSZ05,QTSZ14,1,6.305282879239469
DTSZ05,QTSZ15,1,8.419722934497692
DTSZ05,RCSZ01,1,2.831979330824442
DTSZ05,RVSZ03,1,2.4594545603049713
DTSZ05,RVSZ05,1,1.8881059079401241
DTSZ05,SBSZ01,1,18.34131310104244
DTSZ05,SBSZ03,9,18.459820913519966
DTSZ05,SBSZ04,3,19.663241172819838
DTSZ05,SBSZ05,1,19.083929179951557
DTSZ05,SESZ02,4,13.019088221920612
DTSZ05,SESZ03,7,13.069669426129714
DTSZ05,SESZ04,5,13.022712014626789
DTSZ05,SESZ05,4,12.055965246579374
DTSZ05,SESZ06,6,12.71284398765897
DTSZ05,SGSZ04,2,8.957111657249374
DTSZ05,SGSZ05,1,7.326911219881471
DTSZ05,SGSZ06,2,7.925832643114068
DTSZ05,SGSZ07,4,7.5640282889559165
DTSZ05,SISZ01,1,4.462941071982023
DTSZ05,SKSZ04,1,18.326232699455787
DTSZ05,SRSZ01,2,1.762916223511114
DTSZ05,SRSZ03,1,0.5112087055496267
DTSZ05,TMSZ01,1,13.414414508982238
DTSZ05,TMSZ02,6,13.636756124005556
DTSZ05,TMSZ03,9,11.878534778177949
DTSZ05,TMSZ04,12,13.084189965658855
DTSZ05,TNSZ01,1,4.473204058562687
DTSZ05,TNSZ02,1,3.4073277784237597
DTSZ05,TPSZ02,6,5.46832811275028
DTSZ05,TPSZ03,1,6.319934094121126
DTSZ05,TPSZ06,6,5.961255650301703
DTSZ05,TPSZ09,1,5.722049276453792
DTSZ05,TPSZ12,1,6.83312839402159
DTSZ05,WDSZ02,7,18.581041323627662
DTSZ05,WDSZ03,9,18.34652970388401
DTSZ05,WDSZ04,2,17.410353603869655
DTSZ05,WDSZ06,2,19.037537970004106
DTSZ05,WDSZ09,1,20.13957763026074
DTSZ05,YSSZ01,1,15.968297419217796
DTSZ05,YSSZ03,1,16.03987623705303
DTSZ05,YSSZ04,4,15.054057855026539
DTSZ05,YSSZ05,1,13.947071888206366
DTSZ05,YSSZ09,9,16.542268951385452
DTSZ06,AMSZ06,1,9.917476014324508
DTSZ06,BDSZ04,1,10.325197991209292
DTSZ06,BPSZ05,1,14.059938763303226
DTSZ06,BSSZ03,1,7.148088766045246
DTSZ06,CLSZ08,2,10.357111656292243
DTSZ06,DTSZ03,2,0.8946730013217298
DTSZ06,DTSZ12,1,0.49313316436866567
DTSZ06,GLSZ02,1,5.753732722044804
DTSZ06,GLSZ04,1,4.540783511373968
DTSZ06,HGSZ03,1,11.151287343911733
DTSZ06,HGSZ06,1,9.0749482115214
DTSZ06,JESZ01,1,15.25866673070282
DTSZ06,JWSZ03,1,16.48770492186536
DTSZ06,KLSZ06,1,2.8519152562768944
DTSZ06,MUSZ03,1,1.3246576692906673
DTSZ06,NVSZ01,1,4.460705303540906
DTSZ06,ORSZ01,1,3.86088859834544
DTSZ06,OTSZ03,1,1.3728601673833372
DTSZ06,PRSZ03,1,14.140452840026052
DTSZ06,QTSZ05,1,5.331580213579065
DTSZ06,QTSZ06,1,5.788968134667214
DTSZ06,QTSZ08,1,7.2111277918522925
DTSZ06,RCSZ01,1,2.6399164957084773
DTSZ06,SBSZ02,1,17.59118760289606
DTSZ06,SESZ03,1,12.72207573067359
DTSZ06,SGSZ03,1,10.092201500543638
DTSZ06,TPSZ02,1,5.323849166845447
DTSZ06,TPSZ11,1,5.705573948981574
DTSZ06,WDSZ04,1,17.3754747204366
DTSZ07,BMSZ01,1,3.7744169443330056
DTSZ07,CKSZ04,1,16.293030128893
DTSZ07,DTSZ03,1,2.0731830120028714
DTSZ07,GLSZ02,1,6.898612283877988
DTSZ07,HGSZ06,1,10.062552497131128
DTSZ07,JESZ02,1,13.691230175978566
DTSZ07,JESZ03,1,12.828538440333459
DTSZ07,JESZ05,1,12.927423614260617
DTSZ07,JWSZ08,1,18.276455364455412
DTSZ07,JWSZ09,1,17.346041485025417
DTSZ07,ORSZ02,1,3.2407219923837434
DTSZ07,OTSZ01,1,0.9909143776707786
DTSZ08,AMSZ01,4,10.468914387141462
DTSZ08,AMSZ02,1,10.476515815458693
DTSZ08,AMSZ03,2,9.550606272599172
DTSZ08,AMSZ04,1,9.642031949318765
DTSZ08,AMSZ06,3,10.593980493915419
DTSZ08,AMSZ07,1,10.870496712034592
DTSZ08,AMSZ09,3,11.454736965092195
DTSZ08,BDSZ01,3,9.252705276492595
DTSZ08,BDSZ02,2,10.98985148004655
DTSZ08,BDSZ03,1,9.022770380356468
DTSZ08,BDSZ04,8,11.271097145894494
DTSZ08,BDSZ05,1,8.912783835674489
DTSZ08,BDSZ06,5,11.654594428434788
DTSZ08,BKSZ03,3,14.624233933341868
DTSZ08,BKSZ05,2,12.7470891847542
DTSZ08,BKSZ07,3,13.388242300283844
DTSZ08,BMSZ01,3,4.071765318628708
DTSZ08,BMSZ03,1,3.66311421329133
DTSZ08,BMSZ04,5,2.521211558301176
DTSZ08,BMSZ06,1,3.5211263088091194
DTSZ08,BMSZ07,1,4.475827162054067
DTSZ08,BMSZ08,4,3.086394607861337
DTSZ08,BMSZ10,1,2.027508844898256
DTSZ08,BMSZ13,4,4.449965188737789
DTSZ08,BMSZ14,1,3.1591519302779347
DTSZ08,BMSZ15,1,2.7451891168901374
DTSZ08,BPSZ01,2,15.46853625759268
DTSZ08,BPSZ03,2,14.626147678367936
DTSZ08,BPSZ04,3,13.733227728729675
DTSZ08,BPSZ05,1,14.19120703348738
DTSZ08,BSSZ01,3,8.978277793837487
DTSZ08,BSSZ02,3,8.430938438789603
DTSZ08,BSSZ03,3,7.928432904461593
DTSZ08,BTSZ01,3,10.827419563351057
DTSZ08,BTSZ05,1,7.5594404932299675
DTSZ08,BTSZ07,1,7.176706468159013
DTSZ08,CHSZ03,1,18.555370679245733
DTSZ08,CKSZ02,3,15.670178147715749
DTSZ08,CKSZ03,2,16.32472477025659
DTSZ08,CKSZ04,1,16.59920288873916
DTSZ08,CKSZ05,2,17.01083945421174
DTSZ08,CKSZ06,2,17.60713345822498
DTSZ08,CLSZ03,1,11.30560810406128
DTSZ08,CLSZ04,1,10.105600223984379
DTSZ08,CLSZ06,2,10.234206589079722
DTSZ08,DTSZ01,2,2.4151474012639804
DTSZ08,DTSZ02,3,1.6066543534283224
DTSZ08,DTSZ03,3,1.9011866811956655
DTSZ08,DTSZ05,1,0.6129048720467968
DTSZ08,DTSZ06,1,1.0066909349797333
DTSZ08,DTSZ12,3,1.1955034444627728
DTSZ08,GLSZ02,3,6.758280929534197
DTSZ08,GLSZ04,9,5.544565034141277
DTSZ08,GLSZ05,4,6.956777825604808
DTSZ08,HGSZ01,1,11.174876484379903
DTSZ08,HGSZ02,2,11.508616314924032
DTSZ08,HGSZ03,1,12.126539078811113
DTSZ08,HGSZ04,1,11.328279634054446
DTSZ08,HGSZ05,1,11.949912647084389
DTSZ08,HGSZ06,6,10.01781020762319
DTSZ08,JESZ01,1,15.054566253205671
DTSZ08,JESZ02,3,14.027162747768683
DTSZ08,JESZ05,2,13.26658275751518
DTSZ08,JWSZ02,2,17.035976842820507
DTSZ08,JWSZ03,1,16.265849147356636
DTSZ08,JWSZ04,1,15.49155940273522
DTSZ08,JWSZ08,1,18.620338097374745
DTSZ08,JWSZ09,6,17.690330701460272
DTSZ08,KLSZ01,5,5.054444609289711
DTSZ08,KLSZ03,1,4.798932021811552
DTSZ08,KLSZ06,3,3.7564072430070157
DTSZ08,KLSZ07,1,3.902258392470011
DTSZ08,KLSZ09,2,2.9703617227168633
DTSZ08,MPSZ03,4,7.059406378997142
DTSZ08,MUSZ01,3,2.2838758013918907
DTSZ08,NTSZ02,2,4.2092358323046035
DTSZ08,NVSZ01,1,5.2175824114182605
DTSZ08,NVSZ02,1,4.388439712726504
DTSZ08,NVSZ05,1,6.521983633539933
DTSZ08,ORSZ02,2,3.4804581905100402
DTSZ08,ORSZ03,3,2.7296766784399256
DTSZ08,OTSZ03,4,0.5933682078899496
DTSZ08,OTSZ04,2,0.6753187175533386
DTSZ08,PGSZ02,2,15.638960558345184
DTSZ08,PGSZ03,5,14.796508291210614
DTSZ08,PGSZ04,6,14.653436325770386
DTSZ08,PGSZ05,3,15.47638357980494
DTSZ08,PRSZ03,2,15.140177964741355
DTSZ08,PRSZ05,5,15.864350421440967
DTSZ08,QTSZ01,1,7.709517447480367
DTSZ08,QTSZ05,1,4.971906850659574
DTSZ08,QTSZ08,1,6.782091005168912
DTSZ08,QTSZ11,1,8.260313749855218
DTSZ08,QTSZ14,1,6.030859175025173
DTSZ08,RCSZ03,1,3.1319221192069575
DTSZ08,RVSZ05,1,2.125306663696675
DTSZ08,SBSZ01,2,18.876019390720387
DTSZ08,SBSZ02,1,18.24192256668436
DTSZ08,SBSZ03,4,18.968379369180727
DTSZ08,SBSZ05,1,19.60875601691815
DTSZ08,SESZ02,1,13.630146882385684
DTSZ08,SESZ03,6,13.682553083091136
DTSZ08,SESZ04,6,13.63427562127103
DTSZ08,SESZ06,4,13.316825169891246
DTSZ08,SGSZ03,1,10.989056797422394
DTSZ08,SGSZ04,2,9.558080971924092
DTSZ08,SGSZ06,2,8.534623158708298
DTSZ08,SRSZ02,1,1.307929745115515
DTSZ08,TMSZ02,8,14.16091343269169
DTSZ08,TMSZ03,3,12.414421415231951
DTSZ08,TMSZ04,3,13.571499451265936
DTSZ08,TNSZ02,1,3.4918502782395926
DTSZ08,TNSZ04,1,5.649713473265561
DTSZ08,TPSZ02,1,6.012836983860304
DTSZ08,TPSZ04,1,6.313553936519013
DTSZ08,TPSZ05,1,6.98072074882641
DTSZ08,TPSZ06,1,6.555791642267696
DTSZ08,TPSZ07,1,6.019457439948945
DTSZ08,TPSZ08,2,7.0965711752099105
DTSZ08,TPSZ09,1,6.3315139595251
DTSZ08,WDSZ02,1,19.02851164832697
DTSZ08,WDSZ03,4,18.818777042815274
DTSZ08,WDSZ04,2,17.854121736113818
DTSZ08,WDSZ05,1,18.483834169313127
DTSZ08,WDSZ06,1,19.445054707966346
DTSZ08,YSSZ02,1,17.771305768572088
DTSZ08,YSSZ03,2,16.59885072217971
DTSZ08,YSSZ04,2,15.59544569756607
DTSZ08,YSSZ08,1,15.657772783876432
DTSZ08,YSSZ09,3,17.07251927216933
DTSZ09,AMSZ02,3,10.805696849153358
DTSZ09,AMSZ06,2,10.873020172229062
DTSZ09,AMSZ09,2,11.737447934543509
DTSZ09,BDSZ01,2,9.704147889544702
DTSZ09,BDSZ03,3,9.469912495529325
DTSZ09,BDSZ04,1,11.712949078515518
DTSZ09,BKSZ08,1,12.75872293897628
DTSZ09,BMSZ01,1,3.675362665537761
DTSZ09,BMSZ02,1,3.1093798384201166
DTSZ09,BMSZ04,1,2.3032938486302466
DTSZ09,BPSZ03,1,14.684829147997783
DTSZ09,BPSZ04,1,13.785114709209815
DTSZ09,BSSZ02,2,8.726771442946578
DTSZ09,BTSZ01,1,10.760301435339189
DTSZ09,CLSZ06,4,10.04515073066857
DTSZ09,CLSZ08,1,9.668378587711427
DTSZ09,DTSZ01,1,2.8219290042997787
DTSZ09,DTSZ02,1,2.0107231382468744
DTSZ09,DTSZ03,2,2.3492732287759392
DTSZ09,GLSZ02,2,7.202646288983208
DTSZ09,GLSZ04,1,5.99540385995255
DTSZ09,GLSZ05,1,7.406584130675423
DTSZ09,HGSZ04,1,11.736026529986123
DTSZ09,HGSZ05,1,12.344533457125651
DTSZ09,JESZ02,1,13.895146973662666
DTSZ09,JESZ05,1,13.11870836313536
DTSZ09,JWSZ03,1,16.131634891912036
DTSZ09,JWSZ09,1,17.50818983661453
DTSZ09,KLSZ01,1,5.447879707702423
DTSZ09,KLSZ02,3,5.764012071864678
DTSZ09,KLSZ06,1,4.15533675661154
DTSZ09,MPSZ03,1,7.484164276679376
DTSZ09,MUSZ01,1,2.554821346683202
DTSZ09,NTSZ03,1,4.051612622345829
DTSZ09,NVSZ01,1,5.548570974400347
DTSZ09,NVSZ02,1,4.655910103255533
DTSZ09,ORSZ02,3,3.5973237139691916
DTSZ09,ORSZ03,1,2.9080894971820355
DTSZ09,PGSZ04,1,15.081125572922815
DTSZ09,PGSZ05,1,15.904030582838642
DTSZ09,PRSZ08,1,16.28822748704173
DTSZ09,QTSZ01,2,7.571054389895702
DTSZ09,QTSZ04,1,6.151618194780062
DTSZ09,QTSZ05,2,4.8160982722169505
DTSZ09,QTSZ06,1,5.128773451246098
DTSZ09,QTSZ08,2,6.578768541949939
DTSZ09,QTSZ14,1,5.701573192546274
DTSZ09,SBSZ03,1,19.21336277154772
DTSZ09,SESZ02,1,14.05534568932277
DTSZ09,SESZ03,2,14.09668699863043
DTSZ09,SESZ04,1,14.03446799971537
DTSZ09,SESZ06,1,13.694014085784831
DTSZ09,SGSZ04,2,9.930136125716555
DTSZ09,SGSZ05,2,8.298261331337992
DTSZ09,SGSZ06,1,8.925782714820569
DTSZ09,SRSZ02,1,1.5318484141980988
DTSZ09,TMSZ01,1,14.428170379182408
DTSZ09,TMSZ02,4,14.609748570789614
DTSZ09,TMSZ03,2,12.864791287736784
DTSZ09,TMSZ04,1,14.013007061353122
DTSZ09,TPSZ02,1,6.311045648352515
DTSZ09,TPSZ03,1,7.2010979530487385
DTSZ09,TPSZ06,1,6.918519334496988
DTSZ09,TPSZ08,1,7.485790140666668
DTSZ09,WDSZ05,2,18.626648775735173
DTSZ09,WDSZ06,1,19.589658815252907
DTSZ09,YSSZ08,1,15.918109524634758
DTSZ09,YSSZ09,1,17.342471082879943
DTSZ10,AMSZ01,1,11.019789637157205
DTSZ10,BDSZ02,3,11.787581161269122
DTSZ10,BMSZ04,1,2.189629843883584
DTSZ10,BMSZ10,1,1.7669574965097627
DTSZ10,BMSZ13,2,3.874623566219176
DTSZ10,CLSZ08,2,9.506919127289267
DTSZ10,GLSZ02,1,7.547464634833008
DTSZ10,GLSZ05,2,7.753866520785816
DTSZ10,HGSZ06,1,10.742031894487658
DTSZ10,JWSZ03,1,16.04102104087857
DTSZ10,JWSZ08,1,18.31406409285751
DTSZ10,KLSZ01,1,5.7601185632412335
DTSZ10,PRSZ03,2,15.940489121044637
DTSZ10,QTSZ03,1,5.974187461895922
DTSZ10,SBSZ01,1,19.371264566635073
DTSZ10,SBSZ03,1,19.412159185208708
DTSZ10,SGSZ07,1,8.912449833743034
DTSZ10,TPSZ11,1,7.413871600267548
DTSZ10,YSSZ03,1,17.147745392230362
DTSZ10,YSSZ09,1,17.560377312185533
DTSZ11,AMSZ02,3,10.792095553669073
DTSZ11,AMSZ03,2,9.857422633944804
DTSZ11,AMSZ04,1,9.981746226910644
DTSZ11,AMSZ06,2,10.96695349452622
DTSZ11,AMSZ08,1,12.64391073764608
DTSZ11,AMSZ09,4,11.823129524767312
DTSZ11,BDSZ01,6,9.204216987527316
DTSZ11,BDSZ02,3,10.896515773551181
DTSZ11,BDSZ04,4,11.110192911324528
DTSZ11,BDSZ05,2,8.721219634967971
DTSZ11,BDSZ06,8,11.437537142795163
DTSZ11,BKSZ01,2,14.82343886904127
DTSZ11,BKSZ02,1,15.113290976810418
DTSZ11,BKSZ04,1,14.102185505746002
DTSZ11,BKSZ05,4,13.26205060620201
DTSZ11,BMSZ01,1,4.383631935244652
DTSZ11,BMSZ03,1,4.1392718278977885
DTSZ11,BMSZ04,3,2.992674286762786
DTSZ11,BMSZ09,4,2.8967278905035525
DTSZ11,BMSZ12,1,4.93030026481685
DTSZ11,BMSZ13,3,4.841454006723318
DTSZ11,BMSZ16,2,1.7916035128954997
DTSZ11,BPSZ02,1,15.583079137353476
DTSZ11,BPSZ03,2,15.126812973582753
DTSZ11,BPSZ04,2,14.235804299044467
DTSZ11,BPSZ05,3,14.699280581053403
DTSZ11,BPSZ06,1,13.64574277044222
DTSZ11,BSSZ01,3,9.388077365406085
DTSZ11,BSSZ02,2,8.789479325263127
DTSZ11,BSSZ03,4,8.245409150513824
DTSZ11,BTSZ01,3,11.342385586963172
DTSZ11,BTSZ02,1,9.84030866155636
DTSZ11,BTSZ03,1,9.533987555490745
DTSZ11,BTSZ04,1,9.107075876511399
DTSZ11,BTSZ05,3,8.061532297749245
DTSZ11,BTSZ06,2,7.923051075552416
DTSZ11,BTSZ08,5,6.970518407379505
DTSZ11,CKSZ01,1,16.00849031026037
DTSZ11,CKSZ02,1,16.18458986411476
DTSZ11,CKSZ03,7,16.83680416961772
DTSZ11,CKSZ04,3,17.1140777806661
DTSZ11,CKSZ06,5,18.11399576006074
DTSZ11,CLSZ04,2,10.60612006441455
DTSZ11,CLSZ05,1,11.723943029723348
DTSZ11,CLSZ06,1,10.724097390822868
DTSZ11,CLSZ07,1,9.87058950074357
DTSZ11,DTSZ01,1,2.6406512549934433
DTSZ11,DTSZ02,2,1.8657106943427764
DTSZ11,DTSZ03,6,1.9734046899979458
DTSZ11,DTSZ05,1,0.908422071335141
DTSZ11,DTSZ07,1,0.8429662879658641
DTSZ11,DTSZ08,2,0.5153840911509646
DTSZ11,DTSZ11,3,0.0
DTSZ11,DTSZ12,2,1.0899329784359741
DTSZ11,GLSZ02,1,6.805878282057097
DTSZ11,GLSZ04,8,5.5301729837225455
DTSZ11,GLSZ05,1,6.864400335470979
DTSZ11,HGSZ02,4,11.621129131372875
DTSZ11,HGSZ05,3,12.154100378912954
DTSZ11,HGSZ06,4,10.198558237015776
DTSZ11,HGSZ07,2,9.791724438664767
DTSZ11,HGSZ08,3,8.52345932612555
DTSZ11,JESZ03,1,13.671453865662485
DTSZ11,JESZ04,1,14.891206471524804
DTSZ11,JWSZ01,1,18.44348060225851
DTSZ11,JWSZ03,1,16.772569277935087
DTSZ11,JWSZ04,2,15.987142503298982
DTSZ11,JWSZ08,2,19.11467157476314
DTSZ11,JWSZ09,2,18.183577628414994
DTSZ11,KLSZ01,2,5.278999957438635
DTSZ11,KLSZ05,2,3.807315044018732
DTSZ11,KLSZ06,3,3.9791706367494584
DTSZ11,KLSZ07,1,4.235576503546073
DTSZ11,MPSZ01,1,5.197002363278991
DTSZ11,MPSZ02,1,6.567430535998527
DTSZ11,MPSZ03,1,6.834390757671131
DTSZ11,MUSZ01,1,2.6998440222598763
DTSZ11,MUSZ03,1,2.311769267762776
DTSZ11,NTSZ05,1,3.792260727099163
DTSZ11,NVSZ01,3,5.543975641892142
DTSZ11,ORSZ01,1,4.388603468332823
DTSZ11,ORSZ02,3,3.9717905856919544
DTSZ11,ORSZ03,2,3.199659322103003
DTSZ11,OTSZ01,1,1.8193314159947782
DTSZ11,OTSZ03,6,1.0816800804911224
DTSZ11,PGSZ01,1,16.752448135683785
DTSZ11,PGSZ03,4,14.969046905053865
DTSZ11,PGSZ04,2,14.76554723116788
DTSZ11,PGSZ05,3,15.588057467208834
DTSZ11,PRSZ02,2,15.070272920189144
DTSZ11,PRSZ03,3,15.087485095057277
DTSZ11,PRSZ04,1,16.25840113825897
DTSZ11,PRSZ05,5,15.774690388263947
DTSZ11,QTSZ01,1,8.214172256952317
DTSZ11,QTSZ04,2,6.815563356676839
DTSZ11,QTSZ05,1,5.470757413392412
DTSZ11,QTSZ06,3,5.815434863832316
DTSZ11,QTSZ13,1,8.131267997067525
DTSZ11,RCSZ01,1,3.724079874036689
DTSZ11,RVSZ03,2,3.2087073136011965
DTSZ11,SBSZ02,1,18.629230204611286
DTSZ11,SBSZ03,3,19.36791268808783
DTSZ11,SBSZ04,1,20.571346129187994
DTSZ11,SESZ02,3,13.751614478433355
DTSZ11,SESZ03,8,13.837438823367988
DTSZ11,SESZ04,3,13.824310091488615
DTSZ11,SESZ05,2,12.84300844556907
DTSZ11,SESZ06,3,13.554566828536915
DTSZ11,SESZ07,1,13.38122610403685
DTSZ11,SGSZ04,4,9.809730547719365
DTSZ11,SGSZ06,3,8.751524620925787
DTSZ11,SGSZ07,1,8.344746879858123
DTSZ11,SRSZ02,1,1.7768932656354317
DTSZ11,TMSZ01,1,13.932567093821097
DTSZ11,TMSZ02,10,14.048301207762186
DTSZ11,TMSZ03,3,12.32281978354231
DTSZ11,TMSZ04,5,13.407265843806211
DTSZ11,TMSZ05,1,14.272406739514233
DTSZ11,TNSZ02,1,4.006148572028519
DTSZ11,TNSZ04,2,6.163159944875123
DTSZ11,TPSZ01,2,7.241041275888313
DTSZ11,TPSZ02,5,6.374750384603541
DTSZ11,TPSZ05,1,7.269151076617466
DTSZ11,TPSZ06,1,6.830515572741459
DTSZ11,TPSZ08,2,7.321204076956524
DTSZ11,TPSZ09,3,6.547699948045994
DTSZ11,TPSZ11,2,6.823184432154651
DTSZ11,TPSZ12,1,7.546109074781024
DTSZ11,WDSZ03,3,19.24786661737373
DTSZ11,WDSZ04,1,18.301642725864806
DTSZ11,WDSZ05,1,18.951623290444644
DTSZ11,WDSZ06,1,19.911757771909553
DTSZ11,WDSZ09,1,21.026179119520144
DTSZ11,YSSZ01,2,16.873910000612856
DTSZ11,YSSZ02,2,18.13140034117472
DTSZ11,YSSZ03,2,16.93948343031589
DTSZ11,YSSZ04,2,15.959984121008048
DTSZ11,YSSZ08,3,16.044982437369743
DTSZ11,YSSZ09,4,17.45003162543771
DTSZ12,BDSZ01,1,8.119072413895791
DTSZ12,BDSZ02,1,9.826252402099687
DTSZ12,BDSZ03,1,7.843471795454008
DTSZ12,BDSZ04,4,10.080377661169209
DTSZ12,BKSZ07,2,14.00612280894079
DTSZ12,BKSZ09,1,12.87505770766927
DTSZ12,BMSZ03,1,4.624435004661184
DTSZ12,BMSZ04,1,3.5255093796533727
DTSZ12,BPSZ03,1,14.886968027601378
DTSZ12,BPSZ04,2,14.01565910345434
DTSZ12,BSSZ02,1,8.042021063239291
DTSZ12,BSSZ03,2,7.418749816643459
DTSZ12,BTSZ06,1,7.88675513969332
DTSZ12,CKSZ02,1,16.131794309722522
DTSZ12,CLSZ06,1,11.081658335253659
DTSZ12,DTSZ01,2,1.7800379205526227
DTSZ12,DTSZ11,1,1.0899329784359741
DTSZ12,GLSZ03,1,6.660393235401006
DTSZ12,GLSZ05,1,5.79205243245444
DTSZ12,HGSZ03,1,11.204805008281664
DTSZ12,HGSZ04,1,10.482983970129617
DTSZ12,HGSZ06,4,9.18670103046454
DTSZ12,HGSZ07,1,8.747766723593227
DTSZ12,HGSZ08,1,7.457568886331348
DTSZ12,JESZ01,1,15.750887174966335
DTSZ12,JESZ02,2,14.742264245870787
DTSZ12,JESZ05,1,14.018014691760055
DTSZ12,JWSZ09,1,18.50242959670591
DTSZ12,KLSZ06,1,3.0571671104730016
DTSZ12,MPSZ03,2,5.866578909265468
DTSZ12,MUSZ01,1,2.276140330429386
DTSZ12,OTSZ02,2,1.9758980959860097
DTSZ12,OTSZ03,2,1.6922758078016806
DTSZ12,PGSZ04,3,13.702600838114005
DTSZ12,PGSZ05,2,14.524560902096695
DTSZ12,QTSZ05,1,5.807051799038414
DTSZ12,RCSZ01,1,2.959035187225445
DTSZ12,SBSZ03,1,18.68699022706845
DTSZ12,SESZ02,1,12.694039405502535
DTSZ12,SESZ03,4,12.800722050704072
DTSZ12,SESZ04,2,12.815629748068767
DTSZ12,SESZ05,2,11.82207553328463
DTSZ12,SGSZ06,1,7.779059779406615
DTSZ12,SGSZ07,1,7.325966251234377
DTSZ12,TMSZ03,1,11.252148447845324
DTSZ12,TMSZ04,4,12.380352942793847
DTSZ12,TNSZ04,2,6.1455903294713945
DTSZ12,TPSZ06,1,5.943962969048502
DTSZ12,TPSZ07,1,5.398847371055528
DTSZ12,TPSZ11,1,5.799032670355097
DTSZ12,WDSZ01,1,19.124315300397033
DTSZ12,WDSZ02,1,18.934449804599204
DTSZ12,WDSZ03,3,18.65294729998647
DTSZ12,WDSZ04,1,17.772030886618882
DTSZ12,WDSZ06,1,19.458136917604218
GLSZ01,AMSZ01,1,6.1518177722967
GLSZ01,AMSZ03,1,4.840718430398144
GLSZ01,AMSZ04,1,5.361979794937816
GLSZ01,AMSZ06,1,6.67191987188665
GLSZ01,BDSZ01,2,3.8730448708848235
GLSZ01,BDSZ02,1,5.801848785009938
GLSZ01,BDSZ04,2,6.679438452163554
GLSZ01,BKSZ07,1,14.188969834335996
GLSZ01,BMSZ16,1,7.1820158615375975
GLSZ01,BTSZ08,1,7.95369325439715
GLSZ01,CKSZ06,1,16.500499736154914
GLSZ01,CLSZ04,1,12.166208575083994
GLSZ01,DTSZ05,2,5.451509503691083
GLSZ01,DTSZ12,1,5.113772194722224
GLSZ01,GLSZ05,1,2.6624688664240295
GLSZ01,HGSZ01,1,5.164229920273996
GLSZ01,HGSZ03,1,6.091090773931598
GLSZ01,HGSZ04,2,5.416720028363194
GLSZ01,HGSZ05,2,6.169503252589041
GLSZ01,HGSZ06,2,4.155964086868111
GLSZ01,HGSZ07,1,3.6385724318861623
GLSZ01,HGSZ08,1,2.369543552449949
GLSZ01,JESZ01,1,16.195337388546246
GLSZ01,JESZ05,1,14.854765865649304
GLSZ01,JWSZ08,1,20.253620744884334
GLSZ01,KLSZ01,1,1.6353496539261638
GLSZ01,KLSZ09,1,3.103741220308676
GLSZ01,ORSZ02,1,5.34830551648276
GLSZ01,PGSZ02,1,9.67470345688196
GLSZ01,PGSZ03,2,8.856782751273592
GLSZ01,PGSZ04,1,8.599010069805706
GLSZ01,PGSZ05,1,9.421796207988066
GLSZ01,PLSZ04,1,3.7144750941887534
GLSZ01,SBSZ04,1,16.056277395016654
GLSZ01,SESZ02,2,7.583422079468447
GLSZ01,SESZ03,3,7.695588315000992
GLSZ01,SESZ05,1,6.74625623060443
GLSZ01,SESZ06,4,7.709761748400441
GLSZ01,SGSZ03,1,5.406548489821448
GLSZ01,SGSZ04,2,4.235738628796369
GLSZ01,TMSZ02,3,8.935713869786671
GLSZ01,TNSZ04,1,7.13284564736135
GLSZ01,TPSZ05,1,2.6951602100020065
GLSZ01,TPSZ06,1,2.29582785484864
GLSZ01,TPSZ09,3,1.4139584299688421
GLSZ01,WDSZ02,2,15.786936815936775
GLSZ01,WDSZ06,1,16.696706464846784
GLSZ01,YSSZ02,1,13.181938079963462
GLSZ01,YSSZ03,2,11.814208006832093
GLSZ02,AMSZ01,4,6.61053355966354
GLSZ02,AMSZ05,1,6.888971174552041
GLSZ02,BDSZ01,2,2.8577131942906107
GLSZ02,BDSZ02,3,4.784435923797726
GLSZ02,BDSZ03,1,3.392513564310625
GLSZ02,BDSZ04,4,5.659638278603995
GLSZ02,BDSZ05,1,4.1584806112684936
GLSZ02,BDSZ06,1,6.631576330750019
GLSZ02,BKSZ07,1,15.15840102671143
GLSZ02,BMSZ05,1,7.723685007745411
GLSZ02,BMSZ07,1,9.502757207236675
GLSZ02,BMSZ17,2,8.750625536325659
GLSZ02,BPSZ05,1,14.284243177895064
GLSZ02,BSSZ01,2,6.779249582290512
GLSZ02,BSSZ02,2,5.393338153709616
GLSZ02,BSSZ03,2,4.363478671272283
GLSZ02,BTSZ01,2,12.686766124485686
GLSZ02,CHSZ03,2,13.062696768074543
GLSZ02,CKSZ03,1,16.580590566766666
GLSZ02,CKSZ04,1,17.287918224936032
GLSZ02,DTSZ01,3,4.51255381237385
GLSZ02,DTSZ02,4,5.269688790229116
GLSZ02,DTSZ03,1,4.860056054165563
GLSZ02,DTSZ05,2,6.164806645047728
GLSZ02,DTSZ06,2,5.753732722044804
GLSZ02,DTSZ07,1,6.898612283877988
GLSZ02,DTSZ08,2,6.758280929534197
GLSZ02,DTSZ09,2,7.202646288983208
GLSZ02,DTSZ11,1,6.805878282057097
GLSZ02,DTSZ12,1,5.723584052408121
GLSZ02,GLSZ01,2,1.0247530959211684
GLSZ02,GLSZ02,3,0.0
GLSZ02,GLSZ03,6,1.2889842620311078
GLSZ02,GLSZ04,3,1.4477226191472863
GLSZ02,GLSZ05,10,1.8655612787038267
GLSZ02,HGSZ03,1,5.609129614510321
GLSZ02,HGSZ04,1,5.136905619520627
GLSZ02,HGSZ05,1,5.985779518725624
GLSZ02,JESZ05,2,15.856077614202519
GLSZ02,JESZ07,1,17.408721284301325
GLSZ02,KLSZ01,1,2.657954423603602
GLSZ02,KLSZ02,2,1.7798174330711065
GLSZ02,KLSZ03,1,1.9958228935859186
GLSZ02,KLSZ06,1,3.431268254145009
GLSZ02,KLSZ08,1,2.643796344493656
GLSZ02,MPSZ01,1,2.935959179208678
GLSZ02,MPSZ03,1,3.693714375224264
GLSZ02,MUSZ03,2,5.270866295209281
GLSZ02,NVSZ01,1,3.799664429810008
GLSZ02,NVSZ02,1,4.833662838661987
GLSZ02,ORSZ02,1,6.341269767389772
GLSZ02,OTSZ03,7,7.00509234830924
GLSZ02,PGSZ02,1,9.260897049640326
GLSZ02,PNSZ01,1,22.865292649100965
GLSZ02,PRSZ03,2,8.564122770408643
GLSZ02,PRSZ05,1,9.452381486161938
GLSZ02,PRSZ06,1,10.996967026126601
GLSZ02,QTSZ06,1,9.860972456127595
GLSZ02,QTSZ08,4,10.953406451225664
GLSZ02,QTSZ14,1,11.49070523728149
GLSZ02,RCSZ02,1,4.150910463075194
GLSZ02,RCSZ08,1,4.845494488809311
GLSZ02,SBSZ01,1,14.634959653897017
GLSZ02,SBSZ03,1,15.20858923137025
GLSZ02,SBSZ04,1,16.35406951973074
GLSZ02,SBSZ08,1,17.687111612179287
GLSZ02,SESZ03,2,7.275472395743238
GLSZ02,SGSZ06,1,3.2018877641255177
GLSZ02,TMSZ02,2,7.933282288409142
GLSZ02,TMSZ03,1,6.112628931819386
GLSZ02,TMSZ04,5,7.78994446407893
GLSZ02,TMSZ05,3,9.327976461698263
GLSZ02,TPSZ02,1,4.398591294955922
GLSZ02,TPSZ06,3,3.136688062289054
GLSZ02,TPSZ12,1,1.0749301766649353
GLSZ02,YSSZ04,1,11.416867548233776
GLSZ02,YSSZ09,2,13.016607432054323
GLSZ03,AMSZ02,3,6.7284817099504375
GLSZ03,AMSZ03,4,5.9620289931473565
GLSZ03,AMSZ04,1,6.662885061280948
GLSZ03,AMSZ09,3,8.513158107861722
GLSZ03,BDSZ01,2,1.58853543467227
GLSZ03,BDSZ02,4,3.505008869857587
GLSZ03,BDSZ03,1,2.1823421825580493
GLSZ03,BDSZ04,4,4.3857290474795105
GLSZ03,BDSZ06,1,5.4109308797144156
GLSZ03,BKSZ01,1,16.079139554622028
GLSZ03,BKSZ04,1,16.128201044954004
GLSZ03,BKSZ05,1,15.02860259500844
GLSZ03,BKSZ07,2,16.376553450100367
GLSZ03,BKSZ09,1,15.443237528150025
GLSZ03,BLSZ02,1,20.975588161241895
GLSZ03,BMSZ01,1,11.44312226426979
GLSZ03,BMSZ03,1,9.986267657083086
GLSZ03,BMSZ04,1,9.263030609786789
GLSZ03,BMSZ06,1,9.44338844590905
GLSZ03,BMSZ07,2,10.74408746558685
GLSZ03,BMSZ08,1,9.512980952804028
GLSZ03,BMSZ13,1,11.389246054243774
GLSZ03,BMSZ15,1,10.110042537636245
GLSZ03,BMSZ16,1,9.045001239505865
GLSZ03,BMSZ17,1,9.761487534054362
GLSZ03,BPSZ02,1,15.794819740225476
GLSZ03,BPSZ04,2,14.583817532562264
GLSZ03,BSSZ01,3,7.798564319431029
GLSZ03,BSSZ02,1,6.370678889053182
GLSZ03,BSSZ03,1,5.3391075755442134
GLSZ03,BTSZ05,1,9.828886953358708
GLSZ03,CCSZ01,1,11.82399354116053
GLSZ03,CKSZ01,1,16.778648361945
GLSZ03,CKSZ03,1,17.66507969891777
GLSZ03,CLSZ04,1,14.467696767505975
GLSZ03,DTSZ03,1,5.8665301912740215
GLSZ03,DTSZ12,1,6.660393235401006
GLSZ03,GLSZ02,6,1.2889842620311078
GLSZ03,GLSZ03,4,0.0
GLSZ03,GLSZ04,9,2.2208826856539945
GLSZ03,GLSZ05,2,1.4227448334206714
GLSZ03,HGSZ02,2,4.452616601510882
GLSZ03,HGSZ04,7,5.029450868158842
GLSZ03,HGSZ05,2,5.964687136270527
GLSZ03,HGSZ07,1,3.223275823421232
GLSZ03,HGSZ08,1,1.8629062650920165
GLSZ03,HGSZ09,1,2.4574558842880143
GLSZ03,JESZ01,2,18.400346861319434
GLSZ03,JESZ03,1,16.749431426616713
GLSZ03,JESZ04,1,18.327783333299305
GLSZ03,JWSZ03,3,19.639972186166997
GLSZ03,JWSZ04,1,19.503259934800006
GLSZ03,JWSZ08,3,22.48294839891463
GLSZ03,JWSZ09,1,21.65110446168136
GLSZ03,KLSZ01,2,3.946708235991059
GLSZ03,KLSZ04,1,3.7528226555143838
GLSZ03,KLSZ08,2,3.8643265434441503
GLSZ03,MDSZ03,1,13.394041410475268
GLSZ03,MPSZ03,2,3.2209837584109384
GLSZ03,MUSZ01,1,6.659102854010751
GLSZ03,MUSZ03,1,6.420757918249627
GLSZ03,NVSZ01,1,5.079157937724572
GLSZ03,NVSZ02,1,6.1221639289926015
GLSZ03,ORSZ01,1,8.336856226260796
GLSZ03,ORSZ02,1,7.6086195350789465
GLSZ03,ORSZ03,2,7.147436304676329
GLSZ03,OTSZ03,2,8.0643440220882
GLSZ03,OTSZ04,1,7.4700342491615075
GLSZ03,PGSZ02,1,8.847339852728522
GLSZ03,PGSZ03,4,8.126457115657718
GLSZ03,PGSZ05,1,8.217791850594146
GLSZ03,PLSZ03,1,5.04587059361674
GLSZ03,PLSZ04,1,2.443443341691328
GLSZ03,PLSZ05,1,3.5124355984524374
GLSZ03,PRSZ03,2,7.408517377987694
GLSZ03,PRSZ05,2,8.236622392623675
GLSZ03,QTSZ04,1,11.540457032458418
GLSZ03,QTSZ05,1,10.46573151124427
GLSZ03,QTSZ08,1,12.235964134593699
GLSZ03,RCSZ01,1,5.438898181007219
GLSZ03,RCSZ10,2,5.879255628714885
GLSZ03,SBSZ03,1,15.662687020622817
GLSZ03,SBSZ04,1,16.776916234233536
GLSZ03,SESZ02,2,6.517251008438398
GLSZ03,SESZ03,6,6.893407627631798
GLSZ03,SESZ04,3,7.254740081894497
GLSZ03,SESZ05,1,6.19182403091475
GLSZ03,SESZ06,2,7.623431922127776
GLSZ03,SGSZ03,2,5.606362629002673
GLSZ03,SGSZ04,1,4.962680568293994
GLSZ03,SGSZ05,2,4.259957258597937
GLSZ03,SGSZ06,3,3.8233716996857776
GLSZ03,TMSZ02,10,6.673217167241603
GLSZ03,TMSZ03,3,4.8562189729965235
GLSZ03,TMSZ04,2,6.500970521335386
GLSZ03,TMSZ05,4,8.061120277636114
GLSZ03,TNSZ04,2,9.446329512094849
GLSZ03,TPSZ05,1,4.563694266785446
GLSZ03,TPSZ06,2,4.295962389457308
GLSZ03,TPSZ12,2,1.764517240656867
GLSZ03,WDSZ01,1,17.377639969454684
GLSZ03,WDSZ03,2,16.272699338238116
GLSZ03,WDSZ04,1,15.9288496280967
GLSZ03,WDSZ05,1,17.174404823795378
GLSZ03,WDSZ06,2,18.014500194313005
GLSZ03,YSSZ09,2,13.437702561604944
GLSZ04,AMSZ02,1,7.2601232173305
GLSZ04,AMSZ06,1,8.181968741844988
GLSZ04,BDSZ01,3,3.723747738075413
GLSZ04,BDSZ02,1,5.540024220391825
GLSZ04,BDSZ03,2,3.7432437975351087
GLSZ04,BDSZ04,8,6.095252884793878
GLSZ04,BDSZ05,1,4.097173192895421
GLSZ04,BDSZ06,3,6.8244187577684
GLSZ04,BKSZ05,1,14.068098427033647
GLSZ04,BKSZ07,1,15.265410405045362
GLSZ04,BKSZ09,1,14.25506941241694
GLSZ04,BMSZ01,1,9.293557182876528
GLSZ04,BMSZ02,1,8.073961501831507
GLSZ04,BMSZ07,1,8.753253058051683
GLSZ04,BMSZ14,1,8.135996278665498
GLSZ04,BMSZ17,1,7.5428897782085285
GLSZ04,BPSZ02,1,15.288667912384922
GLSZ04,BSSZ02,2,6.179176358935033
GLSZ04,BSSZ03,1,5.197329041441522
GLSZ04,BTSZ01,1,12.721298497375354
GLSZ04,CHSZ03,6,13.555510697111119
GLSZ04,CLSZ03,1,14.111595021477887
GLSZ04,CLSZ04,2,12.970861156760447
GLSZ04,DTSZ01,5,3.502717882200577
GLSZ04,DTSZ02,9,4.173340799230519
GLSZ04,DTSZ03,6,3.653010975992008
GLSZ04,DTSZ05,12,4.9780475407465925
GLSZ04,DTSZ08,6,5.544565034141277
GLSZ04,DTSZ09,1,5.99540385995255
GLSZ04,DTSZ11,10,5.5301729837225455
GLSZ04,GLSZ01,1,1.5134056916657777
GLSZ04,GLSZ02,3,1.4477226191472863
GLSZ04,GLSZ03,10,2.2208826856539945
GLSZ04,GLSZ04,12,0.0
GLSZ04,GLSZ05,13,1.665730792673618
GLSZ04,HGSZ02,2,6.3471538709113
GLSZ04,HGSZ03,1,7.048832362074866
GLSZ04,HGSZ04,1,6.577702004585886
GLSZ04,HGSZ05,2,7.411163039923492
GLSZ04,HGSZ06,1,5.40024598742425
GLSZ04,HGSZ07,1,4.724517252653554
GLSZ04,HGSZ08,4,3.2912957854721365
GLSZ04,HGSZ09,1,4.358408471064906
GLSZ04,JESZ04,1,17.013147418481303
GLSZ04,JESZ05,1,15.798863297555943
GLSZ04,JWSZ02,1,19.482742605213843
GLSZ04,JWSZ06,1,20.72595640757576
GLSZ04,JWSZ09,1,20.374912885573714
GLSZ04,KLSZ01,2,2.563234876608385
GLSZ04,KLSZ02,1,1.6827010917675798
GLSZ04,KLSZ05,3,1.7607139526066777
GLSZ04,KLSZ06,3,2.744931672361884
GLSZ04,KLSZ07,3,3.6982957828715075
GLSZ04,KLSZ08,1,2.011415176163007
GLSZ04,KLSZ09,2,2.6696523516832915
GLSZ04,MPSZ01,1,1.6589197859445037
GLSZ04,MPSZ02,3,2.233910953350619
GLSZ04,MPSZ03,4,2.9661621130342146
GLSZ04,MUSZ01,2,4.606751526261557
GLSZ04,MUSZ03,1,4.300783747016727
GLSZ04,NTSZ03,1,5.010374810382725
GLSZ04,NTSZ05,2,4.718994329478618
GLSZ04,NVSZ01,1,3.816561496251072
GLSZ04,NVSZ02,6,4.543896392175608
GLSZ04,ORSZ01,1,6.510748334805228
GLSZ04,ORSZ02,5,5.758616797070354
GLSZ04,ORSZ03,5,5.177503428570169
GLSZ04,OTSZ01,1,5.862653840848876
GLSZ04,OTSZ02,1,5.9471873983533134
GLSZ04,OTSZ03,13,5.861289747205181
GLSZ04,OTSZ04,1,5.273118414543328
GLSZ04,PGSZ03,1,9.9254682329657
GLSZ04,PGSZ04,3,9.441782447026055
GLSZ04,PGSZ05,1,10.255014956453934
GLSZ04,PLSZ04,1,4.405081141449746
GLSZ04,PRSZ03,3,9.604438266373888
GLSZ04,PRSZ04,1,10.769747244432923
GLSZ04,PRSZ07,1,11.628061643874895
GLSZ04,PRSZ08,1,10.464193991386491
GLSZ04,QTSZ01,1,10.689146170110783
GLSZ04,QTSZ02,1,9.893241513939147
GLSZ04,QTSZ04,1,9.766559436808361
GLSZ04,QTSZ06,1,9.230691233686077
GLSZ04,QTSZ08,6,10.438931709219377
GLSZ04,QTSZ10,3,11.623211198972744
GLSZ04,QTSZ11,2,12.066117379163106
GLSZ04,QTSZ12,2,10.629558407455333
GLSZ04,QTSZ14,4,10.704277518737051
GLSZ04,RCSZ05,1,2.9805523456412373
GLSZ04,RCSZ10,1,3.7762086552782352
GLSZ04,RVSZ05,1,5.602854248165836
GLSZ04,SBSZ01,1,15.889791520048528
GLSZ04,SBSZ02,1,15.499515964355938
GLSZ04,SBSZ04,2,17.55446666167595
GLSZ04,SBSZ05,1,16.758587415969675
GLSZ04,SESZ03,1,8.720524026384965
GLSZ04,SESZ05,3,7.8661665834002354
GLSZ04,SESZ06,1,9.009845307571306
GLSZ04,SGSZ02,1,7.027143539518719
GLSZ04,SGSZ04,2,5.688914712252517
GLSZ04,SGSZ05,1,4.407735083785966
GLSZ04,SGSZ06,3,4.439079275793445
GLSZ04,SRSZ02,1,5.140306217341529
GLSZ04,TMSZ01,1,8.436408384775138
GLSZ04,TMSZ02,4,8.737233511326789
GLSZ04,TMSZ03,4,6.947242067101804
GLSZ04,TMSZ04,4,8.35473178306198
GLSZ04,TMSZ05,5,9.64817992143521
GLSZ04,TNSZ03,2,8.108126369530511
GLSZ04,TPSZ02,3,4.642002421735385
GLSZ04,TPSZ06,2,3.7246496668602163
GLSZ04,TPSZ09,1,2.872795064447056
GLSZ04,TPSZ10,1,3.1147845228354956
GLSZ04,TPSZ12,4,2.466515187466827
GLSZ04,WCSZ01,2,22.8244010293081
GLSZ04,WDSZ01,1,17.656855443940213
GLSZ04,WDSZ03,1,16.767939949864523
GLSZ04,WDSZ06,1,18.193960142799302
GLSZ04,WDSZ09,1,18.97605201310018
GLSZ04,YSSZ02,1,14.65214765217862
GLSZ04,YSSZ04,1,12.634454964890098
GLSZ04,YSSZ09,2,14.229984991923574
GLSZ05,AMSZ01,3,8.447543520592658
GLSZ05,AMSZ02,1,7.915946301830341
GLSZ05,AMSZ04,1,7.728097905784263
GLSZ05,AMSZ06,1,9.063161196072228
GLSZ05,BDSZ01,5,2.4185346663004776
GLSZ05,BDSZ02,1,4.0343422873838515
GLSZ05,BDSZ03,13,2.1091080461297502
GLSZ05,BDSZ04,18,4.4484831020133795
GLSZ05,BDSZ05,3,2.4661511449633133
GLSZ05,BDSZ06,9,5.16174864786292
GLSZ05,BDSZ07,2,3.395806591925658
GLSZ05,BKSZ03,1,17.881688756733215
GLSZ05,BKSZ05,1,15.551429767410268
GLSZ05,BKSZ08,1,16.056895903676004
GLSZ05,BLSZ04,1,23.264128542341783
GLSZ05,BMSZ01,2,10.840221384681632
GLSZ05,BMSZ04,1,8.751908955706398
GLSZ05,BMSZ05,3,8.202271023535168
GLSZ05,BMSZ06,2,9.101767866768423
GLSZ05,BMSZ07,1,10.395737089320052
GLSZ05,BMSZ10,1,8.301533965166147
GLSZ05,BMSZ15,2,9.48525969568528
GLSZ05,BMSZ17,2,8.931684291619899
GLSZ05,BPSZ02,1,16.581346882262313
GLSZ05,BPSZ03,1,16.02629753313934
GLSZ05,BPSZ05,2,16.08401763409321
GLSZ05,BSSZ01,3,8.628224727672697
GLSZ05,BSSZ02,1,7.254399561552946
GLSZ05,BSSZ03,4,6.2265683692297955
GLSZ05,BTSZ03,1,12.78753328099473
GLSZ05,BTSZ04,1,13.012113815852619
GLSZ05,BTSZ05,1,10.178787242327667
GLSZ05,CKSZ03,1,18.38356544787358
GLSZ05,CKSZ06,1,19.137881003637006
GLSZ05,CLSZ03,2,15.739355939742252
GLSZ05,CLSZ04,2,14.60778352576174
GLSZ05,DTSZ01,4,5.103252817500404
GLSZ05,DTSZ02,4,5.714035671914394
GLSZ05,DTSZ03,6,5.1205505522241594
GLSZ05,DTSZ05,6,6.429564010537747
GLSZ05,DTSZ08,4,6.956777825604808
GLSZ05,DTSZ09,2,7.406584130675423
GLSZ05,DTSZ10,1,7.753866520785816
GLSZ05,DTSZ11,2,6.864400335470979
GLSZ05,GLSZ01,1,2.6624688664240295
GLSZ05,GLSZ02,8,1.8655612787038267
GLSZ05,GLSZ03,4,1.4227448334206714
GLSZ05,GLSZ04,15,1.665730792673618
GLSZ05,GLSZ05,25,0.0
GLSZ05,HGSZ01,1,5.912952740421239
GLSZ05,HGSZ03,1,6.604035217451479
GLSZ05,HGSZ04,1,6.4466612645520645
GLSZ05,HGSZ05,2,7.374895768367113
GLSZ05,HGSZ06,2,5.477924057115575
GLSZ05,HGSZ07,3,4.623799103529617
GLSZ05,HGSZ08,3,3.213057688239395
GLSZ05,JESZ05,2,17.397775809361594
GLSZ05,JESZ06,1,16.736503081691634
GLSZ05,JESZ07,1,18.849676648888305
GLSZ05,JWSZ02,1,21.056705198733596
GLSZ05,JWSZ03,1,20.044659204104228
GLSZ05,JWSZ04,2,19.789149634149197
GLSZ05,JWSZ05,1,20.679737891492795
GLSZ05,JWSZ08,3,22.825769428822746
GLSZ05,JWSZ09,3,21.96824689430482
GLSZ05,KLSZ01,7,4.098535673974548
GLSZ05,KLSZ03,4,2.904422047168715
GLSZ05,MPSZ01,2,1.8711321737631363
GLSZ05,MPSZ02,3,1.1635787899057473
GLSZ05,MPSZ03,10,1.8762855558336555
GLSZ05,MUSZ01,1,6.243150711792016
GLSZ05,NVSZ01,1,5.341235918275995
GLSZ05,NVSZ02,2,6.17307553316404
GLSZ05,ORSZ02,2,7.424291986439421
GLSZ05,OTSZ02,2,7.466156656883012
GLSZ05,OTSZ03,7,7.335918749325787
GLSZ05,PGSZ01,1,11.07749602388079
GLSZ05,PGSZ02,2,10.245050634779606
GLSZ05,PGSZ04,3,8.76753471207046
GLSZ05,PGSZ05,1,9.550301542571098
GLSZ05,PLSZ04,4,3.8521264411954084
GLSZ05,PNSZ01,1,24.344907950026858
GLSZ05,PNSZ03,1,23.54236710489775
GLSZ05,PRSZ02,1,8.32510331289038
GLSZ05,PRSZ03,6,8.244202320945124
GLSZ05,PRSZ05,3,8.911730183281312
GLSZ05,PRSZ08,1,8.904643092214641
GLSZ05,QTSZ04,1,11.432102783297996
GLSZ05,QTSZ05,1,10.26032547613506
GLSZ05,QTSZ06,2,10.890891545373497
GLSZ05,QTSZ08,2,12.104629004309656
GLSZ05,QTSZ10,1,13.285817114156792
GLSZ05,QTSZ11,2,13.731836591430104
GLSZ05,RCSZ01,2,5.209875606178426
GLSZ05,RCSZ05,2,4.596669126026628
GLSZ05,RCSZ08,1,5.657506323173522
GLSZ05,RCSZ10,1,5.395575214938944
GLSZ05,SBSZ02,1,16.018903188440838
GLSZ05,SBSZ03,2,16.952308741917538
GLSZ05,SBSZ04,1,18.08163660690702
GLSZ05,SBSZ05,1,17.216497877864573
GLSZ05,SESZ03,2,8.301688736131668
GLSZ05,SESZ04,5,8.677098780927729
GLSZ05,SESZ06,3,9.03119269710631
GLSZ05,SGSZ03,1,6.964159398376554
GLSZ05,SGSZ04,3,6.192090280755141
GLSZ05,SGSZ05,1,5.247923985114561
GLSZ05,SGSZ06,6,4.986415567336734
GLSZ05,SGSZ07,1,4.057140359173993
GLSZ05,SISZ01,1,10.684133013978656
GLSZ05,SRSZ02,2,6.705669411494558
GLSZ05,TMSZ02,5,7.207233010378834
GLSZ05,TMSZ03,5,5.460103820270141
GLSZ05,TMSZ04,5,6.726192243306828
GLSZ05,TMSZ05,1,7.9824692899072005
GLSZ05,TPSZ01,1,6.785591127545226
GLSZ05,TPSZ02,2,6.076937864147339
GLSZ05,TPSZ03,1,6.021418320572102
GLSZ05,TPSZ04,1,5.43424394506607
GLSZ05,TPSZ06,2,4.938649673584462
GLSZ05,TPSZ09,1,4.053455356378738
GLSZ05,TPSZ11,1,3.292544307707664
GLSZ05,TSSZ03,1,27.4907014166618
GLSZ05,WCSZ01,1,24.297123256690377
GLSZ05,WDSZ01,1,18.521934173520428
GLSZ05,WDSZ02,2,18.107617509683756
GLSZ05,WDSZ06,1,19.12156329462713
GLSZ05,YSSZ02,1,15.04964446328055
GLSZ05,YSSZ04,2,13.142002700854169
GLSZ05,YSSZ09,4,14.74040587097054
HGSZ01,BDSZ05,1,6.900501656844398
HGSZ01,BMSZ08,1,11.979497996613372
HGSZ01,CHSZ03,2,12.429747409028167
HGSZ01,DTSZ02,1,9.585326799249254
HGSZ01,DTSZ06,1,10.206228343759713
HGSZ01,DTSZ08,1,11.174876484379903
HGSZ01,DTSZ11,2,11.317163858232313
HGSZ01,GLSZ01,2,5.164229920273996
HGSZ01,GLSZ03,1,4.490283738330468
HGSZ01,GLSZ05,1,5.912952740421239
HGSZ01,HGSZ01,2,0.0
HGSZ01,HGSZ02,6,0.7510371002354921
HGSZ01,HGSZ03,1,0.989175754475229
HGSZ01,HGSZ04,2,0.7566664343295557
HGSZ01,HGSZ05,6,1.6897103245344356
HGSZ01,HGSZ06,3,1.4133061731421355
HGSZ01,HGSZ07,1,1.5263320364724293
HGSZ01,JESZ03,1,16.549631767002577
HGSZ01,JESZ06,1,16.650821988022575
HGSZ01,KLSZ07,1,7.723429972154425
HGSZ01,MUSZ01,1,9.40655801492176
HGSZ01,NVSZ02,1,7.918676320657722
HGSZ01,ORSZ02,1,9.69412438305743
HGSZ01,OTSZ02,2,11.226614161237157
HGSZ01,OTSZ03,1,11.299878281800229
HGSZ01,PGSZ04,2,3.5502218701890134
HGSZ01,QTSZ11,1,15.169910753683503
HGSZ01,QTSZ14,2,14.85739062711839
HGSZ01,RCSZ08,1,8.829896851728787
HGSZ01,RCSZ10,1,8.881785124794234
HGSZ01,SBSZ09,1,13.18872557955579
HGSZ01,SESZ02,3,2.499722872975983
HGSZ01,SESZ03,9,2.534444316060849
HGSZ01,SESZ05,4,1.7020652950167057
HGSZ01,SESZ06,1,3.2869496004023278
HGSZ01,SGSZ06,2,3.016609770720424
HGSZ01,TMSZ01,2,5.300836476115918
HGSZ01,TMSZ04,1,7.662972268396961
HGSZ01,TPSZ01,1,6.435843285270003
HGSZ01,TPSZ02,1,6.520082057225539
HGSZ01,TPSZ06,1,5.168096011005154
HGSZ01,TPSZ08,1,4.322288123582403
HGSZ01,TPSZ09,1,4.981471314281809
HGSZ01,WCSZ01,2,22.468095840773472
HGSZ01,WDSZ01,1,14.143048480566067
HGSZ02,AMSZ01,3,5.725609110540617
HGSZ02,AMSZ02,1,4.917120846590204
HGSZ02,AMSZ03,1,4.769552736968921
HGSZ02,AMSZ12,1,5.21595207428631
HGSZ02,BDSZ06,1,7.432073226291926
HGSZ02,BMSZ01,1,14.642734911480817
HGSZ02,BMSZ05,1,12.242290786012548
HGSZ02,BMSZ12,1,13.921119322303593
HGSZ02,BSSZ01,3,7.4496670702867185
HGSZ02,BTSZ01,2,14.51556302264228
HGSZ02,CHSZ01,1,9.648418110320863
HGSZ02,CKSZ01,1,15.99006291398575
HGSZ02,DTSZ01,1,9.13274225526928
HGSZ02,DTSZ02,1,9.93711742990793
HGSZ02,DTSZ03,2,9.648772000591238
HGSZ02,DTSZ08,2,11.508616314924032
HGSZ02,DTSZ11,5,11.621129131372875
HGSZ02,DTSZ12,1,10.56017225198964
HGSZ02,GLSZ03,2,4.452616601510882
HGSZ02,GLSZ04,1,6.3471538709113
HGSZ02,HGSZ01,10,0.7510371002354921
HGSZ02,HGSZ02,2,0.0
HGSZ02,HGSZ03,3,0.7511726210026585
HGSZ02,HGSZ04,3,1.4399878214299235
HGSZ02,HGSZ06,3,2.086499826792444
HGSZ02,HGSZ07,2,1.9209524654773358
HGSZ02,HGSZ08,1,3.106467298126993
HGSZ02,JESZ04,1,18.927271409982996
HGSZ02,KLSZ03,1,6.7340294124152384
HGSZ02,KLSZ07,1,8.18663423105705
HGSZ02,KLSZ08,1,7.168763053129072
HGSZ02,KLSZ09,1,8.55750741457623
HGSZ02,MPSZ01,1,7.595092728446009
HGSZ02,MUSZ01,1,9.833209735534577
HGSZ02,MUSZ03,2,9.796714348562526
HGSZ02,NTSZ03,2,9.251212604348606
HGSZ02,NVSZ01,1,7.178195009477003
HGSZ02,NVSZ02,3,8.445728349754475
HGSZ02,NVSZ03,2,8.81879515337092
HGSZ02,ORSZ02,3,10.212638138471526
HGSZ02,ORSZ03,4,10.07262779486794
HGSZ02,OTSZ03,2,11.667153506180453
HGSZ02,PGSZ02,2,4.396999254069179
HGSZ02,PGSZ03,2,3.6798330739258875
HGSZ02,PGSZ04,1,3.1452211161135732
HGSZ02,PGSZ05,1,3.9681095905917063
HGSZ02,PLSZ03,1,1.4637210800650908
HGSZ02,PRSZ06,1,8.10551928204618
HGSZ02,QTSZ02,1,13.365945482021683
HGSZ02,QTSZ08,4,14.313859531480261
HGSZ02,QTSZ10,1,15.082611728398554
HGSZ02,QTSZ14,1,15.406753402043236
HGSZ02,QTSZ15,1,17.109582736175962
HGSZ02,RVSZ03,1,10.695804566389596
HGSZ02,RVSZ05,1,10.781345727351106
HGSZ02,SBSZ02,1,11.363492918007996
HGSZ02,SESZ03,2,2.4441408695287428
HGSZ02,SGSZ01,1,3.8625957864903313
HGSZ02,SGSZ02,1,3.763570196842437
HGSZ02,SGSZ04,1,3.5908149533534366
HGSZ02,SGSZ06,3,3.62142801534933
HGSZ02,SRSZ02,2,10.711226929202423
HGSZ02,TMSZ03,4,4.805413215119044
HGSZ02,TPSZ04,1,6.310818010972888
HGSZ02,TSSZ03,1,27.86562331450853
HGSZ02,WDSZ02,1,14.201902196801077
HGSZ02,WDSZ08,1,14.479556348060695
HGSZ02,YSSZ09,2,10.129706696436433
HGSZ03,AMSZ03,1,4.827650875205
HGSZ03,AMSZ10,2,5.770754504549983
HGSZ03,BDSZ03,2,6.076671439603771
HGSZ03,BDSZ04,1,6.671143663127112
HGSZ03,BMSZ01,1,15.16318619333409
HGSZ03,BMSZ04,1,12.915448243789612
HGSZ03,BMSZ05,4,12.806255531853104
HGSZ03,BTSZ01,1,14.624100036428617
HGSZ03,CHSZ03,2,11.965505010747671
HGSZ03,CLSZ01,1,16.442084386037774
HGSZ03,DTSZ02,1,10.543034782655408
HGSZ03,DTSZ03,2,10.283129679140334
HGSZ03,DTSZ05,3,11.514835686380886
HGSZ03,DTSZ06,1,11.151287343911733
HGSZ03,DTSZ08,2,12.126539078811113
HGSZ03,GLSZ01,2,6.091090773931598
HGSZ03,GLSZ02,1,5.609129614510321
HGSZ03,HGSZ01,1,0.989175754475229
HGSZ03,HGSZ02,2,0.7511726210026585
HGSZ03,HGSZ03,7,0.0
HGSZ03,HGSZ04,2,1.3136825165822725
HGSZ03,HGSZ06,7,2.378687695701491
HGSZ03,HGSZ07,1,2.4758765691694182
HGSZ03,KLSZ03,1,7.37822331502353
HGSZ03,KLSZ06,1,8.432250623204926
HGSZ03,KLSZ08,1,7.776414904643681
HGSZ03,MUSZ03,2,10.376639755052498
HGSZ03,NVSZ02,4,8.907556411780822
HGSZ03,OTSZ03,3,12.263713004032324
HGSZ03,OTSZ04,2,11.66198013062015
HGSZ03,PGSZ02,1,3.6661551008510513
HGSZ03,PGSZ04,1,2.5632904273537713
HGSZ03,PLSZ03,1,1.5742578765174
HGSZ03,PRSZ05,1,6.94620700574407
HGSZ03,RCSZ01,1,9.003254404316728
HGSZ03,RVSZ05,1,11.316169249696415
HGSZ03,SBSZ02,1,10.785791091387527
HGSZ03,SBSZ06,1,11.38640516245064
HGSZ03,SBSZ08,1,14.274915941478065
HGSZ03,SESZ03,4,1.698597032170489
HGSZ03,SESZ04,2,2.209471113047962
HGSZ03,SGSZ04,5,3.733068176976207
HGSZ03,SGSZ05,1,4.899230375160031
HGSZ03,SGSZ06,1,3.9977414846674506
HGSZ03,SLSZ04,1,4.034598437895808
HGSZ03,SRSZ01,1,11.590629504029451
HGSZ03,SRSZ02,2,11.288461432590672
HGSZ03,SRSZ03,1,11.302945472031102
HGSZ03,TMSZ03,1,5.286241624817237
HGSZ03,TNSZ03,1,12.524860173467552
HGSZ03,TPSZ06,1,6.155816614091918
HGSZ03,TPSZ11,1,5.467840669638804
HGSZ03,WDSZ03,1,12.833059542091345
HGSZ03,WDSZ08,1,13.948947624568516
HGSZ03,YSSZ09,2,9.569118636813178
HGSZ04,AMSZ01,11,4.344027574087123
HGSZ04,AMSZ04,2,4.257527738122913
HGSZ04,AMSZ05,1,5.315135547720144
HGSZ04,AMSZ10,4,4.599438344565637
HGSZ04,AMSZ12,5,3.776051371725041
HGSZ04,BDSZ01,1,4.976630442723783
HGSZ04,BDSZ03,1,6.349176615364817
HGSZ04,BDSZ04,2,7.353242592388138
HGSZ04,BKSZ01,1,14.280797880157772
HGSZ04,BKSZ05,1,13.703424969915577
HGSZ04,BMSZ01,1,14.160131603945077
HGSZ04,BMSZ04,1,11.924672433105824
HGSZ04,BMSZ05,2,11.887512226714865
HGSZ04,BMSZ08,1,11.937467318932372
HGSZ04,BMSZ12,1,13.305574001561935
HGSZ04,BMSZ16,1,12.271241778912438
HGSZ04,BSSZ01,2,6.214922651042473
HGSZ04,BSSZ02,1,5.031950611348236
HGSZ04,BSSZ03,2,4.507482432423157
HGSZ04,BTSZ01,1,13.313063507514391
HGSZ04,BTSZ07,1,11.723659642115361
HGSZ04,CHSZ01,1,10.902082723198392
HGSZ04,CHSZ03,4,13.128021721916161
HGSZ04,CLSZ01,1,15.131910228964212
HGSZ04,CLSZ04,1,14.591201472600618
HGSZ04,CLSZ05,1,15.873325896506291
HGSZ04,DTSZ03,2,9.539711447840547
HGSZ04,DTSZ04,1,10.653149165904527
HGSZ04,DTSZ05,5,10.715629168730736
HGSZ04,DTSZ08,1,11.328279634054446
HGSZ04,DTSZ09,2,11.736026529986123
HGSZ04,GLSZ01,1,5.416720028363194
HGSZ04,GLSZ02,1,5.136905619520627
HGSZ04,GLSZ03,7,5.029450868158842
HGSZ04,GLSZ04,2,6.577702004585886
HGSZ04,GLSZ05,3,6.4466612645520645
HGSZ04,HGSZ01,5,0.7566664343295557
HGSZ04,HGSZ02,3,1.4399878214299235
HGSZ04,HGSZ03,2,1.3136825165822725
HGSZ04,HGSZ04,4,0.0
HGSZ04,HGSZ05,3,0.9713078128166454
HGSZ04,HGSZ06,9,1.3155617892005385
HGSZ04,HGSZ07,5,1.861964617425729
HGSZ04,HGSZ08,1,3.3179728226157885
HGSZ04,JESZ05,1,16.54199873315478
HGSZ04,JESZ06,1,16.192711026001298
HGSZ04,JWSZ09,1,20.765462088592685
HGSZ04,KLSZ05,1,8.189139327064836
HGSZ04,KLSZ06,2,7.582826625031352
HGSZ04,KLSZ07,2,7.741411696109991
HGSZ04,KLSZ08,3,6.992149341827706
HGSZ04,MPSZ01,1,8.016138850381527
HGSZ04,MUSZ01,3,9.459547221026963
HGSZ04,MUSZ03,2,9.503549279021184
HGSZ04,NVSZ02,3,7.846713939040831
HGSZ04,ORSZ02,3,9.623292533444795
HGSZ04,OTSZ03,6,11.414819607859396
HGSZ04,OTSZ04,1,10.821764583838743
HGSZ04,PGSZ02,2,4.314017081855538
HGSZ04,PGSZ03,1,3.468284453692088
HGSZ04,PGSZ05,1,4.447823636287112
HGSZ04,PLSZ03,1,2.7987956193593693
HGSZ04,PLSZ04,1,2.761036709102092
HGSZ04,PNSZ02,1,24.980379150604143
HGSZ04,PRSZ02,1,6.028726678287557
HGSZ04,PRSZ03,1,6.900780334658795
HGSZ04,PRSZ06,2,9.443303675499317
HGSZ04,QTSZ08,3,13.462505057211008
HGSZ04,QTSZ10,1,14.134043219958123
HGSZ04,QTSZ11,1,14.89755271769872
HGSZ04,QTSZ14,1,14.724470831315763
HGSZ04,RCSZ02,1,8.225220030701468
HGSZ04,RCSZ08,1,8.903136095832481
HGSZ04,SESZ02,1,2.6389065920601475
HGSZ04,SESZ03,3,2.3969142178322658
HGSZ04,SESZ04,6,2.350526084196146
HGSZ04,SESZ05,4,1.3406852272539105
HGSZ04,SESZ06,2,2.6189496121280875
HGSZ04,SGSZ02,1,2.351705726341495
HGSZ04,SGSZ03,1,1.392533316707768
HGSZ04,SGSZ04,2,2.452111596953342
HGSZ04,SGSZ06,6,2.9122391170608886
HGSZ04,SGSZ07,1,3.1581150246688345
HGSZ04,SLSZ01,1,4.822812518238862
HGSZ04,SRSZ02,1,10.403819789464734
HGSZ04,TMSZ02,1,7.56940073832047
HGSZ04,TMSZ03,1,6.223103761439079
HGSZ04,TMSZ04,4,8.409170117023162
HGSZ04,TMSZ05,2,10.480499887342852
HGSZ04,TPSZ02,1,6.353791556351828
HGSZ04,TPSZ12,1,4.129030506388584
HGSZ04,WCSZ01,4,21.825390606750478
HGSZ04,WDSZ01,3,13.386899190948935
HGSZ04,YSSZ01,1,7.978328319209181
HGSZ04,YSSZ09,2,8.842788789285727
HGSZ05,AMSZ01,6,3.9553115714482727
HGSZ05,AMSZ03,1,3.4190774691386325
HGSZ05,AMSZ10,1,3.936178839941291
HGSZ05,AMSZ12,2,3.126231299375657
HGSZ05,BDSZ03,1,7.320438382262625
HGSZ05,BDSZ06,2,9.655796735455517
HGSZ05,BMSZ01,1,14.592174817735124
HGSZ05,BMSZ04,1,12.378793230706593
HGSZ05,BMSZ05,1,12.410135860186537
HGSZ05,BMSZ06,1,11.985502428270708
HGSZ05,BMSZ16,1,12.820056407020585
HGSZ05,BMSZ17,1,13.794194430632825
HGSZ05,BSSZ03,1,4.694145958140303
HGSZ05,BTSZ01,2,13.121468968078203
HGSZ05,CHSZ03,1,13.816198306077984
HGSZ05,CLSZ03,1,15.32735262234658
HGSZ05,CLSZ06,1,15.227562424202688
HGSZ05,DTSZ01,2,9.536012579182318
HGSZ05,DTSZ02,3,10.343283024455419
HGSZ05,DTSZ03,5,10.209061984517064
HGSZ05,DTSZ05,5,11.339750260722443
HGSZ05,DTSZ08,2,11.949912647084389
HGSZ05,DTSZ09,1,12.344533457125651
HGSZ05,DTSZ11,5,12.154100378912954
HGSZ05,GLSZ01,2,6.169503252589041
HGSZ05,GLSZ02,2,5.985779518725624
HGSZ05,GLSZ03,3,5.964687136270527
HGSZ05,GLSZ04,1,7.411163039923492
HGSZ05,GLSZ05,2,7.374895768367113
HGSZ05,HGSZ01,9,1.6897103245344356
HGSZ05,HGSZ02,1,2.260833109076296
HGSZ05,HGSZ03,2,1.8508868652220078
HGSZ05,HGSZ04,3,0.9713078128166454
HGSZ05,HGSZ05,18,0.0
HGSZ05,HGSZ06,4,2.0181787503117468
HGSZ05,HGSZ07,1,2.7559690341873533
HGSZ05,HGSZ09,1,3.6353710291394363
HGSZ05,KLSZ01,1,6.896851392848186
HGSZ05,KLSZ05,1,8.969241378483932
HGSZ05,KLSZ06,2,8.193513203638291
HGSZ05,KLSZ08,2,7.656374500822711
HGSZ05,KLSZ09,1,9.140382243338317
HGSZ05,MDSZ02,1,9.147121895299891
HGSZ05,MPSZ02,1,8.529600233725452
HGSZ05,MUSZ01,1,9.989818462962777
HGSZ05,NTSZ01,1,9.725082919527956
HGSZ05,NTSZ03,1,9.074541492489804
HGSZ05,NVSZ01,1,7.03790016757992
HGSZ05,NVSZ02,3,8.254415762686026
HGSZ05,NVSZ03,1,8.327014637440003
HGSZ05,ORSZ02,2,10.015857788244015
HGSZ05,ORSZ03,2,10.066589886622921
HGSZ05,OTSZ03,2,11.997964824451097
HGSZ05,OTSZ04,1,11.414769111966944
HGSZ05,PGSZ01,1,4.815809480546924
HGSZ05,PGSZ02,1,3.8358461847189225
HGSZ05,PGSZ03,2,2.965907322842529
HGSZ05,PGSZ04,1,3.6492144464889456
HGSZ05,PGSZ05,1,4.333423475286809
HGSZ05,PRSZ06,1,9.942619329204955
HGSZ05,QTSZ10,1,14.209242926238726
HGSZ05,QTSZ11,3,15.006819614910182
HGSZ05,QTSZ13,1,15.39865124158229
HGSZ05,SBSZ09,1,11.502874139605263
HGSZ05,SESZ02,1,2.722568976450663
HGSZ05,SESZ03,1,2.1554431220959747
HGSZ05,SESZ04,3,1.720585279728292
HGSZ05,SESZ05,2,1.0428251626291736
HGSZ05,SESZ06,3,1.6602232514061128
HGSZ05,SGSZ02,1,1.9782563954446948
HGSZ05,SGSZ03,2,1.1615807819654707
HGSZ05,SGSZ06,8,3.420976059234586
HGSZ05,TMSZ01,1,6.613395046156016
HGSZ05,TMSZ02,2,8.307119664374268
HGSZ05,TMSZ04,3,9.235077777655691
HGSZ05,TPSZ09,2,5.618893303867885
HGSZ05,WCSZ01,1,21.307975809559625
HGSZ05,WDSZ01,1,12.525377526296188
HGSZ05,WDSZ02,1,11.941383719984069
HGSZ05,WDSZ03,1,11.083853167802742
HGSZ05,WDSZ09,2,13.607111051802473
HGSZ05,YSSZ01,1,7.028959688109477
HGSZ05,YSSZ03,1,6.488859745885551
HGSZ05,YSSZ04,1,6.385579179030237
HGSZ06,AMSZ01,3,3.9212664118142064
HGSZ06,AMSZ02,2,3.149601972921236
HGSZ06,AMSZ04,2,3.591150927739269
HGSZ06,AMSZ06,1,4.713838014633891
HGSZ06,AMSZ08,1,6.3957308634119725
HGSZ06,AMSZ10,1,4.578364502820491
HGSZ06,BDSZ01,1,4.42204451020933
HGSZ06,BDSZ04,3,7.134561488410888
HGSZ06,BDSZ06,1,8.46771492024275
HGSZ06,BKSZ01,2,13.713553901868728
HGSZ06,BKSZ04,1,14.127634878248456
HGSZ06,BMSZ01,4,12.860578761404359
HGSZ06,BMSZ05,1,10.573459022207897
HGSZ06,BMSZ06,1,10.334988057060608
HGSZ06,BMSZ17,1,11.901189001941887
HGSZ06,BSSZ01,2,5.412501839941067
HGSZ06,CHSZ03,1,13.488850399247307
HGSZ06,CLSZ04,1,13.592994159060986
HGSZ06,CLSZ06,1,14.243851440975535
HGSZ06,DTSZ01,1,7.6036249301100725
HGSZ06,DTSZ02,2,8.414424516469229
HGSZ06,DTSZ03,3,8.240098307364331
HGSZ06,DTSZ04,1,9.339907476379508
HGSZ06,DTSZ05,2,9.40539866882789
HGSZ06,DTSZ07,1,10.062552497131128
HGSZ06,DTSZ08,2,10.01781020762319
HGSZ06,DTSZ10,1,10.742031894487658
HGSZ06,DTSZ11,4,10.198558237015776
HGSZ06,DTSZ12,1,9.18670103046454
HGSZ06,GLSZ01,1,4.155964086868111
HGSZ06,GLSZ05,1,5.477924057115575
HGSZ06,HGSZ01,3,1.4133061731421355
HGSZ06,HGSZ02,4,2.086499826792444
HGSZ06,HGSZ03,4,2.378687695701491
HGSZ06,HGSZ04,1,1.3155617892005385
HGSZ06,HGSZ05,1,2.0181787503117468
HGSZ06,HGSZ06,2,0.0
HGSZ06,HGSZ07,8,0.9450377036360438
HGSZ06,HGSZ08,3,2.2655868630452396
HGSZ06,JESZ05,3,15.695427831534024
HGSZ06,KLSZ03,2,5.423167973192574
HGSZ06,KLSZ06,1,6.269401403930573
HGSZ06,KLSZ09,1,7.161810197772528
HGSZ06,MPSZ03,2,7.322758528827321
HGSZ06,MUSZ01,1,8.145475450141696
HGSZ06,NVSZ01,2,5.30543525189973
HGSZ06,ORSZ02,1,8.340790046728891
HGSZ06,ORSZ03,1,8.293811623842375
HGSZ06,OTSZ01,2,9.744510665378561
HGSZ06,OTSZ03,1,10.09997804126083
HGSZ06,OTSZ04,2,9.507549419812015
HGSZ06,PGSZ02,2,5.628905898024225
HGSZ06,PGSZ04,7,4.904126959456134
HGSZ06,PRSZ02,1,6.81960506466176
HGSZ06,PRSZ03,3,7.5450725005713775
HGSZ06,QTSZ07,1,12.29331240288443
HGSZ06,QTSZ08,5,12.287885067263927
HGSZ06,QTSZ13,1,14.036392782001215
HGSZ06,RCSZ08,1,7.587745159119203
HGSZ06,RVSZ02,1,8.76378614960606
HGSZ06,RVSZ05,1,9.042444854258608
HGSZ06,SESZ02,1,3.852923087151795
HGSZ06,SESZ03,15,3.7058342234958794
HGSZ06,SESZ04,1,3.629000242606035
HGSZ06,SESZ05,1,2.6523348559719238
HGSZ06,SESZ06,2,3.6147937295817827
HGSZ06,SGSZ04,6,1.5591025686795772
HGSZ06,SGSZ06,4,1.628829512348083
HGSZ06,TMSZ01,1,6.495957604759432
HGSZ06,TMSZ03,1,6.348857436820739
HGSZ06,TMSZ04,2,8.51754460035158
HGSZ06,TMSZ05,1,10.517107634567894
HGSZ06,TPSZ01,1,5.022864860128616
HGSZ06,TPSZ03,1,4.259535721422967
HGSZ06,TPSZ06,2,3.804379878261559
HGSZ06,TPSZ08,1,3.0062508480816983
HGSZ06,TPSZ09,1,3.7190747052014843
HGSZ06,TPSZ12,1,2.9337548784755425
HGSZ06,WDSZ03,2,12.348671942360276
HGSZ06,WDSZ05,1,13.539940249607227
HGSZ06,YSSZ09,1,9.381627418754395
HGSZ07,AMSZ01,2,4.765468205002923
HGSZ07,AMSZ02,1,4.022337481298682
HGSZ07,AMSZ04,1,4.3437811561717
HGSZ07,AMSZ06,1,5.541862291676041
HGSZ07,AMSZ09,1,5.844341790205053
HGSZ07,AMSZ11,1,6.027736179100633
HGSZ07,BDSZ04,2,6.228656760166788
HGSZ07,BMSZ01,2,12.723516843235299
HGSZ07,BMSZ04,1,10.472989204660161
HGSZ07,BMSZ05,1,10.338180723566667
HGSZ07,BMSZ08,1,10.549449063679509
HGSZ07,BPSZ04,1,12.687212547795015
HGSZ07,BSSZ01,1,6.039573733691512
HGSZ07,BSSZ02,1,4.645218190479022
HGSZ07,BSSZ03,1,3.8148468673759472
HGSZ07,BTSZ01,1,12.96116375734508
HGSZ07,CHSZ02,2,10.231180462348005
HGSZ07,CHSZ03,1,12.76223167243093
HGSZ07,DTSZ01,1,7.259101312683961
HGSZ07,DTSZ02,1,8.067781751388706
HGSZ07,DTSZ03,1,7.819107312208014
HGSZ07,DTSZ05,2,9.041535061400829
HGSZ07,DTSZ08,2,9.653627723823421
HGSZ07,DTSZ11,2,9.791724438664767
HGSZ07,GLSZ01,1,3.6385724318861623
HGSZ07,GLSZ03,1,3.223275823421232
HGSZ07,GLSZ04,2,4.724517252653554
HGSZ07,GLSZ05,3,4.623799103529617
HGSZ07,HGSZ01,1,1.5263320364724293
HGSZ07,HGSZ02,1,1.9209524654773358
HGSZ07,HGSZ04,7,1.861964617425729
HGSZ07,HGSZ05,3,2.7559690341873533
HGSZ07,HGSZ06,8,0.9450377036360438
HGSZ07,HGSZ07,8,0.0
HGSZ07,HGSZ08,8,1.4564913024819
HGSZ07,JESZ05,1,16.215224618521198
HGSZ07,KLSZ02,1,4.314815823148363
HGSZ07,KLSZ07,2,6.2667265554433405
HGSZ07,KLSZ08,2,5.302300891002553
HGSZ07,MPSZ03,1,6.443066823938716
HGSZ07,NVSZ01,1,5.26592267317842
HGSZ07,NVSZ02,2,6.532715006801925
HGSZ07,ORSZ02,4,8.295784800679039
HGSZ07,ORSZ03,1,8.152367550921177
HGSZ07,OTSZ03,4,9.78785739477459
HGSZ07,PGSZ02,2,6.038536730497683
HGSZ07,PGSZ03,1,5.229586759752798
HGSZ07,PGSZ04,1,5.026483717691498
HGSZ07,PGSZ05,3,5.846919784378221
HGSZ07,PNSZ02,2,24.643585763920754
HGSZ07,PNSZ05,1,25.80243108245864
HGSZ07,PRSZ03,1,7.025586781073316
HGSZ07,QTSZ02,1,11.543857755056512
HGSZ07,QTSZ07,1,12.359764256924246
HGSZ07,QTSZ08,2,12.45934817201061
HGSZ07,QTSZ10,1,13.278171878230632
HGSZ07,QTSZ11,3,13.973973321132538
HGSZ07,QTSZ14,3,13.498379323421725
HGSZ07,QTSZ15,2,15.225367977674978
HGSZ07,SESZ02,2,3.9877267555770275
HGSZ07,SESZ03,5,4.057318611474581
HGSZ07,SESZ04,2,4.191542232680899
HGSZ07,SESZ05,3,3.143810476015363
HGSZ07,SGSZ04,4,2.3123199821988183
HGSZ07,SGSZ05,1,2.7606544905369876
HGSZ07,SGSZ06,5,1.8431609549072046
HGSZ07,TMSZ02,1,7.189008845551426
HGSZ07,TMSZ03,2,5.56262992854664
HGSZ07,TMSZ04,1,7.704401678703941
HGSZ07,TMSZ05,1,9.668885007881254
HGSZ07,TPSZ02,3,5.255811500387124
HGSZ07,TPSZ05,1,3.7286966554312344
HGSZ07,TPSZ12,1,2.2995979464119514
HGSZ07,WCSZ01,1,22.06519707195548
HGSZ07,WDSZ08,1,14.490995303158034
HGSZ07,WDSZ09,1,15.728293836667532
HGSZ08,AMSZ01,3,5.565752369680329
HGSZ08,AMSZ02,1,4.924068601457704
HGSZ08,AMSZ04,2,4.969923355443957
HGSZ08,BDSZ01,1,2.6035775752633015
HGSZ08,BDSZ02,1,4.323126494011093
HGSZ08,BDSZ04,4,5.5812352539494
HGSZ08,BKSZ05,1,13.814721718715626
HGSZ08,BLSZ02,1,20.142744497729076
HGSZ08,BMSZ05,2,9.241454224401053
HGSZ08,BMSZ12,1,11.13961380397114
HGSZ08,BPSZ05,1,13.958945041823744
HGSZ08,BSSZ01,1,6.342873742591658
HGSZ08,BSSZ03,2,3.905810890554663
HGSZ08,CHSZ02,1,10.402816256461453
HGSZ08,CHSZ03,2,12.610898533029879
HGSZ08,CKSZ02,1,16.083382943105725
HGSZ08,CKSZ03,1,16.22219162027956
HGSZ08,CLSZ04,2,13.716348671247959
HGSZ08,DTSZ04,1,7.81457826853453
HGSZ08,DTSZ05,1,7.820154166610718
HGSZ08,DTSZ07,1,8.532111937937595
HGSZ08,DTSZ10,1,9.198576596194219
HGSZ08,DTSZ11,3,8.52345932612555
HGSZ08,GLSZ01,1,2.369543552449949
HGSZ08,GLSZ02,2,1.8437509487739328
HGSZ08,GLSZ03,3,1.8629062650920165
HGSZ08,GLSZ04,1,3.2912957854721365
HGSZ08,GLSZ05,7,3.213057688239395
HGSZ08,HGSZ02,1,3.106467298126993
HGSZ08,HGSZ06,4,2.2655868630452396
HGSZ08,HGSZ07,8,1.4564913024819
HGSZ08,HGSZ08,7,0.0
HGSZ08,JWSZ08,1,21.4259894522244
HGSZ08,JWSZ09,1,20.627734765785195
HGSZ08,KLSZ01,1,3.735736960285586
HGSZ08,KLSZ06,1,4.841807542850975
HGSZ08,KLSZ09,2,5.464340366701128
HGSZ08,NVSZ01,1,4.542058871475054
HGSZ08,NVSZ02,1,5.765645738973926
HGSZ08,ORSZ02,1,7.46196548086256
HGSZ08,ORSZ03,3,7.1960383034162
HGSZ08,OTSZ03,2,8.61279261260317
HGSZ08,PGSZ04,2,6.245371109376237
HGSZ08,PGSZ05,3,7.06709033941901
HGSZ08,PLSZ04,1,1.391933624656459
HGSZ08,PRSZ02,1,7.018092098950629
HGSZ08,PRSZ03,1,7.406744746994053
HGSZ08,QTSZ14,1,12.690425105198026
HGSZ08,RCSZ01,1,5.5112370984484365
HGSZ08,SBSZ04,1,14.914012988776655
HGSZ08,SESZ03,2,5.434285984043366
HGSZ08,SGSZ04,2,3.1427393928969156
HGSZ08,SGSZ06,9,2.105678690799914
HGSZ08,SGSZ07,1,1.2159567567236487
HGSZ08,SRSZ02,1,7.692649094988304
HGSZ08,SRSZ03,1,7.652912085669599
HGSZ08,TMSZ02,2,7.169873866787414
HGSZ08,TMSZ03,3,5.398544920227533
HGSZ08,TMSZ04,1,7.387127311776235
HGSZ08,TPSZ06,1,3.317655581076565
HGSZ08,TPSZ09,1,2.718434564470699
HGSZ08,WCSZ01,1,22.407818496828675
HGSZ08,WDSZ01,1,15.572064676082642
HGSZ08,WDSZ03,3,14.430138214802039
HGSZ08,WDSZ04,1,14.123948719743222
HGSZ08,WDSZ05,1,15.407967748640214
HGSZ08,YSSZ02,1,11.850239164807281
HGSZ08,YSSZ03,2,10.407562537417675
HGSZ08,YSSZ09,2,11.574892598435218
HGSZ09,AMSZ04,1,5.474021132799728
HGSZ09,BDSZ01,1,2.357827309642936
HGSZ09,BTSZ08,1,10.79687535622157
HGSZ09,GLSZ04,1,4.358408471064906
HGSZ09,HGSZ05,1,3.6353710291394363
HGSZ09,JWSZ03,1,19.422501598982997
HGSZ09,PGSZ05,1,5.899618842067173
HGSZ09,PRSZ02,1,5.776435503572734
HGSZ09,PRSZ03,1,6.224881859203882
HGSZ09,SESZ06,3,5.287300058352808
HGSZ09,SGSZ03,1,3.544364864754794
HGSZ09,SGSZ07,1,2.159383443705748
HGSZ09,TPSZ02,1,5.927146451898696
HGSZ09,WDSZ04,1,14.254410523450838
HGSZ09,YSSZ08,2,10.489966644521434
JESZ01,AMSZ03,1,13.881967929866963
JESZ01,BDSZ04,1,22.75795585837397
JESZ01,BDSZ05,1,21.253931528832577
JESZ01,BKSZ02,1,2.4947748979176345
JESZ01,BKSZ03,1,1.490880947913619
JESZ01,BKSZ05,2,3.678892203442541
JESZ01,BKSZ07,1,2.052788444601194
JESZ01,BMSZ01,2,12.577703074671136
JESZ01,BMSZ05,1,13.647023276897107
JESZ01,BMSZ07,1,10.873127148261236
JESZ01,BMSZ09,1,12.668252103722496
JESZ01,BMSZ12,1,11.152711652607518
JESZ01,BMSZ17,1,14.77648050528185
JESZ01,BPSZ03,1,6.050833876826411
JESZ01,BTSZ01,1,4.516501632335744
JESZ01,CKSZ01,1,4.611101923160166
JESZ01,CKSZ04,1,3.6706689682913716
JESZ01,CLSZ01,3,3.1963693802491866
JESZ01,CLSZ04,2,5.048420665832389
JESZ01,CLSZ06,1,5.201775756941562
JESZ01,DTSZ02,5,14.776282055002627
JESZ01,DTSZ05,1,14.98770368721543
JESZ01,DTSZ08,1,15.054566253205671
JESZ01,DTSZ11,1,15.563107397831342
JESZ01,DTSZ12,1,15.750887174966335
JESZ01,GLSZ03,1,18.400346861319434
JESZ01,HGSZ07,1,17.224381902650602
JESZ01,JESZ01,1,0.0
JESZ01,JESZ02,1,1.0589239214789605
JESZ01,JESZ03,4,1.895288523891181
JESZ01,JESZ04,1,1.4647010659576394
JESZ01,JESZ05,10,1.951247590558303
JESZ01,JESZ06,2,2.913923533407321
JESZ01,JESZ10,1,4.887529608586435
JESZ01,JWSZ02,2,2.3179457634793237
JESZ01,JWSZ03,4,1.253424416121207
JESZ01,JWSZ04,1,1.8344615157011528
JESZ01,JWSZ08,2,4.132113668755106
JESZ01,KLSZ08,1,15.286720403920157
JESZ01,MUSZ03,2,14.225642921943157
JESZ01,OTSZ03,3,14.484911105529436
JESZ01,OTSZ04,1,14.54930535128674
JESZ01,PNSZ02,2,7.850708539903144
JESZ01,QTSZ02,1,8.20075204657451
JESZ01,QTSZ04,1,8.812969042058244
JESZ01,QTSZ06,1,9.909187602178472
JESZ01,QTSZ07,1,9.88091857297689
JESZ01,QTSZ09,1,6.40138066073411
JESZ01,QTSZ10,2,7.140748544089447
JESZ01,QTSZ13,1,8.585731270816282
JESZ01,TPSZ02,1,12.77473322241081
JESZ01,TSSZ02,1,10.91820268049769
JESZ01,TSSZ04,1,10.295268128944212
JESZ01,TSSZ05,2,12.083790543164646
JESZ01,WCSZ01,1,6.107237053736533
JESZ02,BDSZ04,1,21.94756753097524
JESZ02,BKSZ03,2,1.7361563581299224
JESZ02,BKSZ05,2,3.26202914879558
JESZ02,BKSZ09,1,2.144937939379743
JESZ02,BLSZ02,1,4.201259055039847
JESZ02,BLSZ04,1,6.613836730961173
JESZ02,BMSZ01,1,11.51877931739697
JESZ02,BMSZ02,1,10.989265706749642
JESZ02,BMSZ08,1,11.02447952987362
JESZ02,BMSZ12,1,10.09610881054205
JESZ02,BMSZ17,1,13.723612241445476
JESZ02,BPSZ01,1,5.6240157969783375
JESZ02,BSSZ01,1,10.562863053213245
JESZ02,BTSZ01,2,3.648169091372292
JESZ02,CLSZ04,1,3.9931158149482995
JESZ02,CLSZ09,3,3.995547661017445
JESZ02,DTSZ05,1,13.971991106392396
JESZ02,DTSZ08,3,14.027162747768683
JESZ02,DTSZ09,2,13.895146973662666
JESZ02,DTSZ12,2,14.742264245870787
JESZ02,JESZ01,1,1.0589239214789605
JESZ02,JESZ02,3,0.0
JESZ02,JESZ03,4,0.8712167455384023
JESZ02,JESZ04,1,1.0741335013933575
JESZ02,JESZ05,9,0.9177132998918662
JESZ02,JESZ06,1,1.8720023135027632
JESZ02,JESZ08,1,2.881562825954554
JESZ02,JESZ10,1,4.0681928366757605
JESZ02,JWSZ02,2,3.1372441265674205
JESZ02,JWSZ03,3,2.239129351908452
JESZ02,JWSZ04,2,2.067879773718251
JESZ02,JWSZ06,1,4.656378114923254
JESZ02,JWSZ08,1,4.908435802248981
JESZ02,JWSZ09,2,4.084852956674445
JESZ02,KLSZ03,1,15.105219548398537
JESZ02,KLSZ06,1,13.772663115035689
JESZ02,KLSZ09,1,14.578342169223822
JESZ02,MUSZ03,1,13.238768157415569
JESZ02,NVSZ02,1,11.832959634573227
JESZ02,ORSZ02,1,11.124191147737886
JESZ02,ORSZ03,2,11.956400955741081
JESZ02,OTSZ03,4,13.45467369497757
JESZ02,OTSZ04,2,13.53055085351897
JESZ02,PGSZ04,1,20.0956460909651
JESZ02,PLSZ04,1,17.671469003277124
JESZ02,PNSZ02,1,8.265376802216062
JESZ02,QTSZ08,2,7.465639876200217
JESZ02,QTSZ09,2,5.34844581352307
JESZ02,QTSZ10,1,6.082333071987068
JESZ02,QTSZ11,3,6.482564521816274
JESZ02,QTSZ13,1,7.537425056023669
JESZ02,QTSZ15,1,8.185943476314518
JESZ02,SBSZ06,1,17.051478201472772
JESZ02,SESZ05,1,17.513357169436272
JESZ02,SGSZ01,1,14.962018732542647
JESZ02,SISZ01,1,14.270627676541599
JESZ02,SRSZ01,1,12.209945266109415
JESZ02,TPSZ01,1,11.445627922184688
JESZ02,TSSZ05,4,12.505698090942252
JESZ02,WDSZ01,1,12.042128785256129
JESZ02,WDSZ02,1,12.516419132083046
JESZ02,WDSZ03,2,13.224979675632031
JESZ02,WDSZ07,1,12.939374323643547
JESZ03,AMSZ02,1,12.626997652460496
JESZ03,BDSZ04,1,21.12589484924815
JESZ03,BDSZ05,1,19.5415644978481
JESZ03,BKSZ03,2,2.0661700283619857
JESZ03,BKSZ06,1,1.1909656872383647
JESZ03,BKSZ07,1,1.2624111771460964
JESZ03,BKSZ08,1,1.8145338239607156
JESZ03,BKSZ09,1,1.3928381553462843
JESZ03,BMSZ01,1,10.715246655786919
JESZ03,BMSZ05,1,11.751909951854497
JESZ03,BMSZ12,2,9.271066047443004
JESZ03,BPSZ03,1,5.950515186218966
JESZ03,BTSZ01,1,2.829482645949442
JESZ03,CHSZ03,1,28.356659467767617
JESZ03,CKSZ01,1,4.999177593239916
JESZ03,CKSZ03,2,5.286963968802129
JESZ03,CKSZ04,1,4.727868748141155
JESZ03,CKSZ06,2,7.030040751264882
JESZ03,CLSZ01,2,1.303675435063565
JESZ03,CLSZ03,1,2.099413794275035
JESZ03,CLSZ04,8,3.167921570068641
JESZ03,CLSZ05,1,2.5611974695252555
JESZ03,CLSZ06,3,3.3983144192725194
JESZ03,CLSZ09,1,3.4013382254297486
JESZ03,DTSZ02,2,12.912173709214425
JESZ03,DTSZ03,1,13.610851031986387
JESZ03,DTSZ05,2,13.104151577782016
JESZ03,GLSZ03,1,16.749431426616713
JESZ03,HGSZ01,1,16.549631767002577
JESZ03,JESZ01,1,1.895288523891181
JESZ03,JESZ02,5,0.8712167455384023
JESZ03,JESZ03,3,0.0
JESZ03,JESZ05,9,0.6185017999780152
JESZ03,JESZ06,2,1.2585651817846737
JESZ03,JWSZ01,1,4.786300382404745
JESZ03,JWSZ03,3,3.1067249608516656
JESZ03,JWSZ08,1,5.748925918118738
JESZ03,JWSZ09,3,4.901792866160988
JESZ03,KLSZ06,2,12.910746521654934
JESZ03,KLSZ07,1,11.881383414664231
JESZ03,KLSZ08,1,13.522676489526027
JESZ03,OTSZ03,2,12.592601002454797
JESZ03,PNSZ01,1,7.51962804808134
JESZ03,PNSZ02,2,8.93552725029862
JESZ03,PNSZ04,1,8.815969299088904
JESZ03,QTSZ02,2,6.307522021242848
JESZ03,QTSZ06,1,8.017017924003799
JESZ03,QTSZ07,1,8.004054024848498
JESZ03,QTSZ08,4,6.637390355811709
JESZ03,QTSZ09,1,4.513692471448311
JESZ03,QTSZ10,1,5.272028038923984
JESZ03,QTSZ11,3,5.725534538987917
JESZ03,QTSZ12,1,7.78504847423605
JESZ03,QTSZ14,1,8.570089734215111
JESZ03,RCSZ10,1,12.60376555404173
JESZ03,TMSZ05,1,24.804457752751926
JESZ03,TNSZ01,1,9.086287930695205
JESZ03,TPSZ02,1,11.115644940967504
JESZ03,TSSZ06,1,16.213075526707698
JESZ03,WDSZ04,1,11.52729682065843
JESZ03,WDSZ05,1,10.82517864066449
JESZ03,WDSZ06,2,11.591771269689296
JESZ04,BKSZ02,1,3.683282106990184
JESZ04,BMSZ06,1,10.870802842241872
JESZ04,BSSZ03,1,13.595376919084677
JESZ04,CKSZ02,1,4.91140991862512
JESZ04,CLSZ03,1,3.0862771615363136
JESZ04,GLSZ05,1,18.613664750401735
JESZ04,HGSZ02,1,18.927271409982996
JESZ04,JESZ05,3,1.2166469919796177
JESZ04,JWSZ02,1,2.6527121244681977
JESZ04,JWSZ03,2,2.144609977187478
JESZ04,JWSZ08,1,4.2693709289873
JESZ04,ORSZ03,1,12.459423813412005
JESZ04,QTSZ06,1,9.125278331455815
JESZ04,QTSZ08,1,7.692336259503593
JESZ04,QTSZ14,1,9.378593397291489
JESZ04,SRSZ02,1,13.471966524123266
JESZ05,AMSZ01,3,12.387201421412767
JESZ05,AMSZ06,1,11.672341505916151
JESZ05,AMSZ09,1,12.078512255000382
JESZ05,AMSZ10,2,12.911306464844483
JESZ05,AMSZ11,1,13.397203198130725
JESZ05,BDSZ02,1,20.429945370005065
JESZ05,BDSZ04,4,21.49468574123992
JESZ05,BKSZ01,4,4.34669321998494
JESZ05,BKSZ02,2,3.344636714843406
JESZ05,BKSZ03,2,2.5079224896408996
JESZ05,BKSZ04,9,2.7771039950305636
JESZ05,BKSZ05,16,3.4432452306580053
JESZ05,BKSZ06,1,1.5989217857840567
JESZ05,BKSZ07,8,1.8651432569207955
JESZ05,BKSZ08,2,2.4301714349914216
JESZ05,BKSZ09,3,1.9302475957546805
JESZ05,BLSZ02,4,4.170646619021972
JESZ05,BMSZ01,1,10.652291409207011
JESZ05,BMSZ03,2,9.701427336641165
JESZ05,BMSZ04,4,10.829998256156511
JESZ05,BMSZ05,1,11.821150932548642
JESZ05,BMSZ06,5,9.747445854646115
JESZ05,BMSZ07,1,9.00166176736906
JESZ05,BMSZ08,8,10.237198682763667
JESZ05,BMSZ12,1,9.25439826484248
JESZ05,BMSZ13,1,9.6727423562219
JESZ05,BMSZ14,2,10.638427697900575
JESZ05,BMSZ16,1,12.254754220227323
JESZ05,BPSZ01,3,6.218706863920404
JESZ05,BPSZ02,1,6.461340572000737
JESZ05,BPSZ03,2,6.560208836554459
JESZ05,BPSZ04,6,6.024041207689825
JESZ05,BPSZ06,1,5.107660041942797
JESZ05,BSSZ01,2,10.32791270244851
JESZ05,BSSZ03,4,12.404837156885637
JESZ05,BTSZ01,3,3.254061357897813
JESZ05,CHSZ03,1,28.76024439261399
JESZ05,CKSZ01,3,5.558152501454506
JESZ05,CKSZ02,4,4.7317029439100455
JESZ05,CKSZ03,15,5.797495543303256
JESZ05,CKSZ04,3,5.1608391587745315
JESZ05,CKSZ05,4,6.61088102296615
JESZ05,CKSZ06,7,7.536802133918281
JESZ05,CLSZ03,4,2.0046474985086586
JESZ05,CLSZ04,13,3.174817557630327
JESZ05,CLSZ05,3,2.32514081159075
JESZ05,CLSZ06,3,3.258415621754853
JESZ05,CLSZ07,1,4.30410564920362
JESZ05,CLSZ08,2,4.088270141502623
JESZ05,CLSZ09,1,3.078482405578938
JESZ05,DTSZ01,1,13.154324003134741
JESZ05,DTSZ05,1,13.235222931085925
JESZ05,DTSZ07,1,12.927423614260617
JESZ05,DTSZ12,1,14.018014691760055
JESZ05,GLSZ02,1,15.856077614202519
JESZ05,GLSZ04,1,15.798863297555943
JESZ05,GLSZ05,1,17.397775809361594
JESZ05,HGSZ06,3,15.695427831534024
JESZ05,HGSZ07,1,16.215224618521198
JESZ05,HGSZ08,1,16.155775469203476
JESZ05,JESZ01,12,1.951247590558303
JESZ05,JESZ02,5,0.9177132998918662
JESZ05,JESZ03,4,0.6185017999780152
JESZ05,JESZ04,2,1.2166469919796177
JESZ05,JESZ05,7,0.0
JESZ05,JESZ06,2,0.9627768263871256
JESZ05,JESZ08,12,2.029575303902238
JESZ05,JESZ10,1,3.2629040032858816
JESZ05,JWSZ02,4,3.7811687919837493
JESZ05,JWSZ03,17,3.042266158318978
JESZ05,JWSZ04,15,2.3929114480591256
JESZ05,JWSZ06,1,4.980010580141298
JESZ05,JWSZ08,10,5.463998465400654
JESZ05,JWSZ09,29,4.578885078555272
JESZ05,KLSZ01,1,13.303472019608947
JESZ05,KLSZ06,1,13.181990395299442
JESZ05,KLSZ07,1,12.157635058951813
JESZ05,KLSZ08,2,13.814117363259484
JESZ05,MSSZ01,1,14.86566094757102
JESZ05,MUSZ03,1,12.555169509724916
JESZ05,NVSZ03,1,10.206533904833458
JESZ05,ORSZ02,1,10.457716048773623
JESZ05,ORSZ03,1,11.27807073052803
JESZ05,OTSZ02,1,12.281037198459918
JESZ05,OTSZ03,1,12.688558600169207
JESZ05,OTSZ04,1,12.78834571272055
JESZ05,PGSZ02,1,19.582357052574434
JESZ05,PGSZ03,2,18.821628026016594
JESZ05,PGSZ04,2,19.953121136521325
JESZ05,PGSZ05,2,20.57480351124104
JESZ05,PNSZ01,2,7.07068436027114
JESZ05,PNSZ02,2,8.442813035418808
JESZ05,PRSZ02,1,22.50728329279753
JESZ05,PRSZ03,1,23.225073586281464
JESZ05,PRSZ04,1,24.159938521776883
JESZ05,QTSZ01,2,5.558005103503745
JESZ05,QTSZ04,3,6.972229321924962
JESZ05,QTSZ05,1,8.302903265958157
JESZ05,QTSZ06,2,8.045539574799749
JESZ05,QTSZ08,6,6.633042342319745
JESZ05,QTSZ09,1,4.534184029699119
JESZ05,QTSZ10,5,5.231692492009568
JESZ05,QTSZ11,1,5.590735531387388
JESZ05,QTSZ13,1,6.634829041920366
JESZ05,QTSZ14,1,8.453049623550339
JESZ05,SBSZ01,2,16.096847063070182
JESZ05,SBSZ02,1,15.08619100940757
JESZ05,SBSZ03,7,15.109198870996606
JESZ05,SBSZ04,1,15.989511080702327
JESZ05,SBSZ05,2,16.214967388765473
JESZ05,SESZ02,3,19.035794119759533
JESZ05,SESZ03,2,18.417916716630018
JESZ05,SESZ04,1,17.65769832786899
JESZ05,SESZ05,2,17.356717499451314
JESZ05,SESZ06,1,16.39969955080911
JESZ05,SGSZ01,1,14.845298499652973
JESZ05,SGSZ04,1,14.170507234199286
JESZ05,SGSZ06,2,14.386437650177955
JESZ05,TMSZ02,2,23.304310785649946
JESZ05,TMSZ04,2,23.506380484487025
JESZ05,TNSZ04,1,8.077399106725654
JESZ05,TPSZ03,1,11.913754955992149
JESZ05,TPSZ06,1,12.893167777357194
JESZ05,TSSZ03,1,10.18895030389318
JESZ05,TSSZ05,3,12.654941172801351
JESZ05,TSSZ06,3,15.620590364079481
JESZ05,WDSZ01,2,12.619732220598305
JESZ05,WDSZ02,2,13.056578176594098
JESZ05,WDSZ03,5,13.710336970353627
JESZ05,WDSZ04,3,12.13570864460517
JESZ05,WDSZ05,1,11.41307475070591
JESZ05,WDSZ06,6,12.168955161426084
JESZ05,WDSZ08,1,14.434989575933283
JESZ05,YSSZ02,2,15.765779768043569
JESZ05,YSSZ04,3,14.209684459091502
JESZ05,YSSZ05,2,14.277689318721063
JESZ05,YSSZ08,1,13.432650897484972
JESZ05,YSSZ09,6,14.670956311843588
JESZ06,BDSZ04,1,20.89674064310283
JESZ06,BKSZ04,1,3.3003154404477755
JESZ06,BKSZ05,1,3.7037030389551404
JESZ06,BMSZ13,1,8.729313549082493
JESZ06,BPSZ04,1,6.352580677548056
JESZ06,BPSZ05,2,5.872152089271856
JESZ06,BSSZ01,1,9.986620097428403
JESZ06,CKSZ02,1,5.468270756732749
JESZ06,CLSZ04,2,2.2903747129095033
JESZ06,CLSZ05,2,1.3635980131635153
JESZ06,CLSZ06,1,2.3019249280754255
JESZ06,GLSZ05,1,16.736503081691634
JESZ06,HGSZ01,1,16.650821988022575
JESZ06,HGSZ04,1,16.192711026001298
JESZ06,JESZ01,2,2.913923533407321
JESZ06,JESZ03,1,1.2585651817846737
JESZ06,JESZ05,1,0.9627768263871256
JESZ06,JWSZ01,1,5.605138670179148
JESZ06,JWSZ04,1,3.1236433466661646
JESZ06,JWSZ08,1,6.251624491992806
JESZ06,JWSZ09,3,5.337723751641993
JESZ06,OTSZ03,2,11.812837220924603
JESZ06,PRSZ03,1,22.791018290658748
JESZ06,QTSZ01,1,4.703307101143611
JESZ06,SESZ02,1,18.72761270912696
JESZ06,SESZ04,1,17.418662922154724
JESZ06,SESZ05,2,17.063797690482534
JESZ06,TPSZ07,1,12.304755043725967
JESZ06,TPSZ09,1,13.089310650552425
JESZ06,WDSZ02,1,13.518126701250333
JESZ06,WDSZ03,1,14.109517247595072
JESZ06,WDSZ06,1,12.730476898964605
JESZ06,YSSZ01,1,14.956399852474583
JESZ07,BKSZ09,1,4.050753288483587
JESZ07,BPSZ02,1,8.515811219221433
JESZ07,GLSZ02,1,17.408721284301325
JESZ07,GLSZ05,1,18.849676648888305
JESZ07,JWSZ03,1,3.4963833458111213
JESZ07,JWSZ08,1,4.693847274083017
JESZ07,PGSZ04,1,21.94355144562102
JESZ08,BDSZ04,1,21.509095873206025
JESZ08,BKSZ02,1,5.347944420120102
JESZ08,BKSZ05,1,5.088656320469565
JESZ08,BLSZ02,1,3.901287562978941
JESZ08,BMSZ04,1,9.912959326855264
JESZ08,BMSZ08,1,9.336170244470184
JESZ08,BTSZ07,1,5.979240042836185
JESZ08,CLSZ04,1,2.6677379029032386
JESZ08,CLSZ05,1,1.3354922303587602
JESZ08,CLSZ06,3,2.236517994971227
JESZ08,CLSZ08,2,2.605964457149841
JESZ08,DTSZ02,2,12.480470892655617
JESZ08,DTSZ03,1,13.207724274804667
JESZ08,JESZ01,1,3.7850510382383837
JESZ08,JESZ03,2,2.537145971526469
JESZ08,JESZ05,11,2.029575303902238
JESZ08,JESZ08,1,0.0
JESZ08,JWSZ04,1,3.2761484938325647
JESZ08,JWSZ08,2,6.301330374130722
JESZ08,JWSZ09,4,5.360975683318697
JESZ08,KLSZ05,1,14.842341850331993
JESZ08,ORSZ03,1,10.757910790162093
JESZ08,OTSZ03,1,11.829859495701138
JESZ08,QTSZ08,1,5.639284526911687
JESZ08,QTSZ11,2,4.2694330119524295
JESZ08,QTSZ12,1,6.41259185403386
JESZ08,QTSZ13,2,5.169382652726403
JESZ08,QTSZ14,1,7.064395892164722
JESZ08,SBSZ03,1,16.81138201285713
JESZ08,SBSZ04,1,17.74309528228751
JESZ08,SKSZ03,1,9.717272194837324
JESZ08,SRSZ01,1,10.763705130113221
JESZ08,WCSZ01,3,9.551306618066585
JESZ08,WDSZ03,1,15.497875638267605
JESZ09,BDSZ04,1,24.28795761121617
JESZ09,BPSZ02,2,10.238488074039035
JESZ09,JESZ01,1,4.64997201158264
JESZ09,JWSZ02,1,4.367269571873173
JESZ09,JWSZ03,2,4.739717709524146
JESZ09,JWSZ08,2,4.917108980072719
JESZ09,KLSZ01,1,15.99295818667508
JESZ09,PRSZ03,1,26.473989894394773
JESZ09,QTSZ02,1,8.452130620990998
JESZ10,BKSZ07,1,5.034127772843234
JESZ10,CLSZ04,1,3.3532341316338083
JESZ10,JESZ01,1,4.887529608586435
JESZ10,JESZ02,1,4.0681928366757605
JESZ10,JESZ05,1,3.2629040032858816
JESZ10,SBSZ01,1,18.911694770867367
JESZ10,SESZ03,1,20.02942058631271
JESZ10,SESZ04,1,19.373025942840382
JESZ10,WDSZ06,3,15.36642201676825
JESZ10,YSSZ03,1,18.159872573703407
JWSZ01,BKSZ03,1,3.904076255139412
JWSZ01,BKSZ07,1,4.890234711965289
JWSZ01,BLSZ02,2,4.166255342559446
JWSZ01,BMSZ08,2,14.92031700953266
JWSZ01,CKSZ04,1,4.38109072912738
JWSZ01,CLSZ04,3,7.8605676970390705
JWSZ01,DTSZ02,1,17.69587172847492
JWSZ01,DTSZ03,1,18.391800834086837
JWSZ01,DTSZ11,1,18.44348060225851
JWSZ01,JESZ06,1,5.605138670179148
JWSZ01,JWSZ01,1,0.0
JWSZ01,JWSZ03,3,1.6819499502408723
JWSZ01,JWSZ06,1,2.8774739622711256
JWSZ01,JWSZ08,1,1.8391144965087631
JWSZ01,JWSZ09,5,1.81790476050892
JWSZ01,MUSZ01,1,16.60055761775843
JWSZ01,PNSZ01,2,4.539610584597051
JWSZ01,PNSZ03,1,4.797447634162126
JWSZ01,RVSZ03,1,15.5063617624968
JWSZ01,SBSZ01,1,17.18059004679137
JWSZ01,SISZ01,1,18.01492539288434
JWSZ01,TPSZ03,1,15.92972485120727
JWSZ01,TSSZ05,1,10.192063127459404
JWSZ01,TSSZ06,1,14.478471155982135
JWSZ01,WCSZ01,1,3.5160781292759125
JWSZ01,WDSZ04,1,12.664071520273692
JWSZ01,WDSZ09,1,13.358307355492
JWSZ02,AMSZ01,1,15.374364869309355
JWSZ02,AMSZ08,1,13.799786777070867
JWSZ02,BKSZ07,1,4.3707327244056735
JWSZ02,BKSZ09,1,5.249428143879453
JWSZ02,BLSZ02,3,3.0873038417255056
JWSZ02,BMSZ01,2,14.260519517821443
JWSZ02,BMSZ08,3,13.991267801009673
JWSZ02,BMSZ12,1,12.935579898740077
JWSZ02,BMSZ16,1,15.993570349744726
JWSZ02,BPSZ03,1,7.950877226240476
JWSZ02,BPSZ07,1,7.458290058767755
JWSZ02,BSSZ02,1,14.89706820770053
JWSZ02,BTSZ04,1,8.461644225688715
JWSZ02,BTSZ05,1,10.88394931874571
JWSZ02,CHSZ03,1,32.222437030487264
JWSZ02,CKSZ02,1,5.1245483586230955
JWSZ02,CKSZ03,2,5.9498147748455255
JWSZ02,CKSZ06,1,7.34043209881655
JWSZ02,CLSZ01,1,5.262824396930211
JWSZ02,CLSZ04,2,6.930785367020465
JWSZ02,CLSZ06,1,6.888503701773117
JWSZ02,DTSZ01,1,16.92268554085418
JWSZ02,DTSZ02,1,16.86798461807497
JWSZ02,DTSZ03,2,17.57398557592364
JWSZ02,DTSZ05,2,17.013637812199306
JWSZ02,DTSZ08,3,17.035976842820507
JWSZ02,GLSZ04,1,19.482742605213843
JWSZ02,GLSZ05,1,21.056705198733596
JWSZ02,HGSZ08,1,19.618543084997896
JWSZ02,JESZ01,3,2.3179457634793237
JWSZ02,JESZ02,2,3.1372441265674205
JWSZ02,JESZ03,2,3.996382393266625
JWSZ02,JESZ04,1,2.6527121244681977
JWSZ02,JESZ05,6,3.7811687919837493
JWSZ02,JESZ08,1,4.954431386510184
JWSZ02,JESZ09,1,4.367269571873173
JWSZ02,JWSZ02,1,0.0
JWSZ02,JWSZ03,4,1.1903534965573972
JWSZ02,JWSZ04,1,1.6858100038153874
JWSZ02,JWSZ06,1,2.1709398721362487
JWSZ02,JWSZ08,3,1.8144938485280424
JWSZ02,JWSZ09,13,1.1909513911077283
JWSZ02,KLSZ06,1,16.907109625949808
JWSZ02,MUSZ03,1,16.33240282957772
JWSZ02,ORSZ02,1,14.228800412231289
JWSZ02,OTSZ03,1,16.455223508991164
JWSZ02,OTSZ04,1,16.56543682080037
JWSZ02,PLSZ01,1,24.053611910017654
JWSZ02,PNSZ01,2,4.176409613430196
JWSZ02,PRSZ03,1,26.48318004730249
JWSZ02,QTSZ08,2,10.344892123945215
JWSZ02,QTSZ09,2,8.282611662170252
JWSZ02,QTSZ11,3,9.148870579615995
JWSZ02,QTSZ12,1,11.294887753282165
JWSZ02,QTSZ14,3,11.989252241228769
JWSZ02,RCSZ08,1,16.14534415108785
JWSZ02,RCSZ10,1,16.58344874854525
JWSZ02,SBSZ03,1,16.289921603217863
JWSZ02,SESZ06,1,19.1821390409213
JWSZ02,SRSZ01,1,15.256889891479045
JWSZ02,TMSZ02,1,26.705279548511186
JWSZ02,TMSZ04,1,27.002433546256466
JWSZ02,TPSZ03,1,15.401425277058332
JWSZ02,TSSZ05,1,9.968947217124024
JWSZ02,TSSZ06,1,13.925445033009058
JWSZ02,WCSZ01,1,4.683123759082885
JWSZ02,WDSZ07,1,13.941394539419624
JWSZ03,BDSZ01,1,21.013764730214103
JWSZ03,BDSZ07,1,23.402502666282707
JWSZ03,BKSZ02,2,3.3156034805573937
JWSZ03,BKSZ03,2,2.4368564971852575
JWSZ03,BKSZ05,1,4.805726610909854
JWSZ03,BKSZ07,1,3.2683911793606897
JWSZ03,BKSZ09,2,4.235243182189691
JWSZ03,BLSZ03,2,5.098713423436152
JWSZ03,BLSZ04,1,5.891511357792102
JWSZ03,BMSZ04,1,13.851425014428454
JWSZ03,BMSZ05,2,14.841531780546495
JWSZ03,BMSZ08,1,13.257826466077022
JWSZ03,BPSZ04,1,6.645236632403333
JWSZ03,BSSZ01,2,12.392706399078437
JWSZ03,BTSZ01,1,5.769419056498265
JWSZ03,BTSZ07,1,9.19160966671261
JWSZ03,CHSZ02,1,28.62585230560298
JWSZ03,CHSZ03,2,31.120659831462916
JWSZ03,CKSZ02,1,4.0084570157382435
JWSZ03,CLSZ01,3,4.409220085291
JWSZ03,CLSZ03,1,5.046890100869493
JWSZ03,CLSZ04,3,6.208507161996366
JWSZ03,CLSZ09,1,5.953077846503401
JWSZ03,DTSZ01,1,16.029013469707326
JWSZ03,DTSZ02,2,16.01412088162308
JWSZ03,DTSZ03,1,16.709855082815643
JWSZ03,DTSZ05,6,16.21064551031357
JWSZ03,DTSZ06,1,16.48770492186536
JWSZ03,DTSZ08,3,16.265849147356636
JWSZ03,DTSZ09,1,16.131634891912036
JWSZ03,DTSZ10,2,16.04102104087857
JWSZ03,DTSZ11,1,16.772569277935087
JWSZ03,DTSZ12,1,16.979406794074357
JWSZ03,GLSZ03,2,19.639972186166997
JWSZ03,GLSZ04,1,18.489230010958895
JWSZ03,GLSZ05,1,20.044659204104228
JWSZ03,HGSZ09,1,19.422501598982997
JWSZ03,JESZ01,2,1.253424416121207
JWSZ03,JESZ02,2,2.239129351908452
JWSZ03,JESZ03,5,3.1067249608516656
JWSZ03,JESZ04,1,2.144609977187478
JWSZ03,JESZ05,17,3.042266158318978
JWSZ03,JESZ07,1,3.4963833458111213
JWSZ03,JESZ09,2,4.739717709524146
JWSZ03,JWSZ01,2,1.6819499502408723
JWSZ03,JWSZ02,3,1.1903534965573972
JWSZ03,JWSZ03,8,0.0
JWSZ03,JWSZ04,12,1.7107282695398258
JWSZ03,JWSZ06,2,3.2873326604799704
JWSZ03,JWSZ08,5,2.971328752322575
JWSZ03,JWSZ09,16,2.3719008304684257
JWSZ03,KLSZ01,1,15.950368017689286
JWSZ03,KLSZ06,2,15.952263102502094
JWSZ03,MPSZ01,1,19.665490470009686
JWSZ03,NTSZ03,1,13.741058343860523
JWSZ03,NVSZ02,1,14.001341271927208
JWSZ03,ORSZ02,5,13.346988837877447
JWSZ03,ORSZ03,1,14.182845944933135
JWSZ03,OTSZ01,1,14.97273866444322
JWSZ03,OTSZ03,4,15.692771937909034
JWSZ03,PNSZ01,1,5.351114419922172
JWSZ03,PNSZ02,2,6.960677702920307
JWSZ03,QTSZ02,1,9.407666771996448
JWSZ03,QTSZ06,1,11.08058330653562
JWSZ03,QTSZ08,12,9.673962239984842
JWSZ03,QTSZ09,2,7.567751333320144
JWSZ03,QTSZ10,2,8.273861975869005
JWSZ03,QTSZ11,2,8.60465829032032
JWSZ03,QTSZ12,2,10.727796426663867
JWSZ03,QTSZ13,1,9.620790170164941
JWSZ03,RCSZ10,1,15.692561589304104
JWSZ03,SISZ01,1,16.426226364769285
JWSZ03,SRSZ01,1,14.448413923524768
JWSZ03,SVSZ01,1,17.629238667042305
JWSZ03,TMSZ04,1,25.91378452975306
JWSZ03,TPSZ01,1,13.466593540309471
JWSZ03,TPSZ06,1,15.35816217086881
JWSZ03,TPSZ08,1,16.18156495184289
JWSZ03,TSSZ02,3,9.782760285959764
JWSZ03,TSSZ03,3,8.177726258945059
JWSZ03,TSSZ04,1,9.267457359113351
JWSZ03,TSSZ05,4,11.149474068579385
JWSZ03,TSSZ06,1,15.004561811884603
JWSZ03,WCSZ01,3,4.998520485381283
JWSZ03,YSSZ03,1,16.429500920870723
JWSZ04,AMSZ01,1,14.596999746196225
JWSZ04,AMSZ12,1,15.670784743937709
JWSZ04,BDSZ04,2,23.884750501794723
JWSZ04,BDSZ06,1,24.872306877582258
JWSZ04,BKSZ01,1,5.587790373563708
JWSZ04,BKSZ02,1,4.32546112364124
JWSZ04,BKSZ05,1,5.298441681167555
JWSZ04,BKSZ07,1,3.576577454495037
JWSZ04,BKSZ09,2,4.168464689437071
JWSZ04,BLSZ02,2,2.312294601603056
JWSZ04,BMSZ01,3,12.613041824954735
JWSZ04,BMSZ02,1,12.299825810390224
JWSZ04,BMSZ04,1,13.015085420389987
JWSZ04,BMSZ10,1,13.481189021160041
JWSZ04,BMSZ17,1,14.978650653352961
JWSZ04,BPSZ05,1,6.80329676876119
JWSZ04,BTSZ01,1,5.61080127362302
JWSZ04,CHSZ03,1,31.137247459450542
JWSZ04,CKSZ01,1,6.435137677642613
JWSZ04,CKSZ02,1,5.352664485734604
JWSZ04,CKSZ06,1,7.9358023904460735
JWSZ04,CLSZ01,1,3.918334327416598
JWSZ04,CLSZ02,1,5.355672314914764
JWSZ04,CLSZ04,2,5.404620893405422
JWSZ04,CLSZ09,1,4.727254508256399
JWSZ04,DTSZ01,1,15.495709531396438
JWSZ04,DTSZ02,3,15.397930728407234
JWSZ04,DTSZ05,4,15.495816355124653
JWSZ04,DTSZ08,1,15.49155940273522
JWSZ04,DTSZ09,1,15.316670938608167
JWSZ04,DTSZ11,3,15.987142503298982
JWSZ04,GLSZ03,1,19.503259934800006
JWSZ04,GLSZ05,1,19.789149634149197
JWSZ04,JESZ01,1,1.8344615157011528
JWSZ04,JESZ02,2,2.067879773718251
JWSZ04,JESZ03,3,2.7888218242013987
JWSZ04,JESZ04,2,1.1762681206584455
JWSZ04,JESZ05,13,2.3929114480591256
JWSZ04,JESZ06,2,3.1236433466661646
JWSZ04,JESZ08,1,3.2761484938325647
JWSZ04,JESZ09,1,3.034237206052953
JWSZ04,JWSZ02,2,1.6858100038153874
JWSZ04,JWSZ03,5,1.7107282695398258
JWSZ04,JWSZ04,11,0.0
JWSZ04,JWSZ06,1,2.610405411368707
JWSZ04,JWSZ08,5,3.131770663243337
JWSZ04,JWSZ09,19,2.2141262582406362
JWSZ04,KLSZ06,2,15.559384905608368
JWSZ04,KLSZ08,1,16.199043414911866
JWSZ04,MUSZ03,3,14.876555788859928
JWSZ04,NVSZ02,1,13.649357763645085
JWSZ04,ORSZ02,1,12.79741209234641
JWSZ04,OTSZ03,2,14.906204397369391
JWSZ04,PLSZ04,2,19.680464645415327
JWSZ04,PNSZ01,2,4.738199583980583
JWSZ04,PNSZ02,1,6.1980730384091425
JWSZ04,QTSZ07,1,10.036621159338841
JWSZ04,QTSZ08,5,8.753793101044835
JWSZ04,QTSZ09,1,6.734488003095328
JWSZ04,QTSZ11,2,7.5022146648685295
JWSZ04,QTSZ12,1,9.650530083931036
JWSZ04,QTSZ13,3,8.439546714181924
JWSZ04,QTSZ14,1,10.328663561537422
JWSZ04,RCSZ01,1,14.825239345001533
JWSZ04,RCSZ03,1,15.398739020203479
JWSZ04,RCSZ10,1,15.154240367028116
JWSZ04,SBSZ03,1,16.42992949983604
JWSZ04,SGSZ06,1,16.732637413321232
JWSZ04,SISZ01,2,15.30653663652579
JWSZ04,SRSZ01,1,13.748267180964737
JWSZ04,TMSZ02,1,25.66692899117332
JWSZ04,TMSZ03,1,23.923403262062656
JWSZ04,TNSZ04,1,10.436144922567271
JWSZ04,TPSZ01,1,13.419957721882195
JWSZ04,TPSZ02,1,13.873257516276379
JWSZ04,TSSZ02,2,9.596519425554309
JWSZ04,TSSZ03,1,7.824320033654752
JWSZ04,TSSZ04,2,8.778123828782958
JWSZ04,TSSZ05,1,10.439213193509834
JWSZ04,WDSZ02,1,14.08650498597841
JWSZ04,WDSZ06,1,12.949550492530316
JWSZ04,WDSZ08,1,15.448597020693711
JWSZ05,BKSZ02,1,4.947625535590825
JWSZ05,CKSZ05,1,7.388230791542123
JWSZ05,CLSZ06,2,6.102895149585944
JWSZ05,DTSZ03,1,16.97971763417151
JWSZ05,GLSZ05,1,20.679737891492795
JWSZ05,JWSZ09,3,1.3609597625726324
JWSZ05,SBSZ03,1,16.9865599008447
JWSZ05,TPSZ12,1,18.80192682295901
JWSZ05,WDSZ03,1,15.39237521865308
JWSZ05,WDSZ04,1,13.816689088526406
JWSZ06,AMSZ03,1,17.909248668290385
JWSZ06,BDSZ01,1,23.532375207330546
JWSZ06,BKSZ06,2,5.2397235262032
JWSZ06,BKSZ09,1,6.777096527625346
JWSZ06,CKSZ06,1,9.491508896062024
JWSZ06,GLSZ04,1,20.72595640757576
JWSZ06,JESZ05,5,4.980010580141298
JWSZ06,JWSZ02,1,2.1709398721362487
JWSZ06,JWSZ03,1,3.2873326604799704
JWSZ06,JWSZ08,4,1.4888502064132552
JWSZ06,JWSZ09,4,1.0661975176208969
JWSZ06,KLSZ06,1,18.07090722672106
JWSZ06,PGSZ04,1,24.736348712551976
JWSZ06,SESZ04,1,22.386023739354997
JWSZ06,THSZ01,1,4.967622816731378
JWSZ06,TMSZ02,1,28.27528591899715
JWSZ06,TPSZ05,1,17.726933137707285
JWSZ06,WDSZ03,1,16.81045116588021
JWSZ06,YSSZ04,1,18.312394807348923
JWSZ06,YSSZ09,1,18.483416529221245
JWSZ07,BKSZ02,1,7.854953557733785
JWSZ07,JWSZ09,1,2.1915835806682855
JWSZ07,KLSZ06,1,19.73990378075672
JWSZ07,TMSZ02,1,29.87974699617435
JWSZ07,TMSZ03,1,28.14233558836625
JWSZ07,TPSZ07,1,19.507428318147177
JWSZ08,AMSZ02,1,17.973784868080518
JWSZ08,AMSZ08,1,15.56197418334263
JWSZ08,BDSZ03,1,24.635460788979795
JWSZ08,BDSZ04,1,26.85222776898317
JWSZ08,BDSZ08,1,28.416763109724215
JWSZ08,BKSZ02,3,6.2406664411798305
JWSZ08,BKSZ03,1,5.405368868525178
JWSZ08,BKSZ05,4,7.772856988410621
JWSZ08,BKSZ07,1,6.184790405541724
JWSZ08,BKSZ09,1,7.0414477356748755
JWSZ08,BLSZ02,4,3.2795815540467808
JWSZ08,BLSZ04,1,4.1672270161126255
JWSZ08,BMSZ04,2,16.138529977341573
JWSZ08,BMSZ05,1,17.127416409928255
JWSZ08,BMSZ06,1,15.102804206388793
JWSZ08,BMSZ07,1,14.242088648690576
JWSZ08,BMSZ08,2,15.552161627306292
JWSZ08,BMSZ12,2,14.412851069997284
JWSZ08,BPSZ01,1,8.636251427898133
JWSZ08,BPSZ05,2,8.666129129690592
JWSZ08,BTSZ01,3,8.556310483452535
JWSZ08,BTSZ03,1,10.070156755861644
JWSZ08,CKSZ02,1,6.68663926592567
JWSZ08,CKSZ03,4,7.3914145492382675
JWSZ08,CKSZ05,1,7.834034971412652
JWSZ08,CKSZ06,2,8.587356328455034
JWSZ08,CLSZ01,1,6.978858534650238
JWSZ08,CLSZ03,1,7.332853856889742
JWSZ08,CLSZ04,5,8.536027213219043
JWSZ08,CLSZ06,1,8.398410045240128
JWSZ08,DTSZ01,2,18.612264488976162
JWSZ08,DTSZ02,2,18.525626175143564
JWSZ08,DTSZ03,1,19.238811855738394
JWSZ08,DTSZ05,2,18.627495770651787
JWSZ08,DTSZ08,1,18.620338097374745
JWSZ08,DTSZ11,2,19.11467157476314
JWSZ08,GLSZ03,3,22.48294839891463
JWSZ08,GLSZ05,2,22.825769428822746
JWSZ08,HGSZ08,2,21.4259894522244
JWSZ08,JESZ01,2,4.132113668755106
JWSZ08,JESZ02,2,4.908435802248981
JWSZ08,JESZ03,2,5.748925918118738
JWSZ08,JESZ04,2,4.2693709289873
JWSZ08,JESZ05,8,5.463998465400654
JWSZ08,JESZ06,2,6.251624491992806
JWSZ08,JESZ07,1,4.693847274083017
JWSZ08,JESZ08,2,6.301330374130722
JWSZ08,JESZ09,3,4.917108980072719
JWSZ08,JWSZ01,3,1.8391144965087631
JWSZ08,JWSZ02,4,1.8144938485280424
JWSZ08,JWSZ03,4,2.971328752322575
JWSZ08,JWSZ04,3,3.131770663243337
JWSZ08,JWSZ06,6,1.4888502064132552
JWSZ08,JWSZ08,13,0.0
JWSZ08,JWSZ09,48,0.9403575284652649
JWSZ08,KLSZ01,1,18.727406276352596
JWSZ08,KLSZ06,1,18.641894861126136
JWSZ08,KLSZ08,4,19.26515666916196
JWSZ08,KLSZ09,1,19.403421187870755
JWSZ08,MSSZ01,1,20.272639370957528
JWSZ08,MUSZ01,2,17.46396314416379
JWSZ08,MUSZ03,1,18.00112054015751
JWSZ08,NVSZ01,1,17.49143399151892
JWSZ08,NVSZ02,1,16.71573999367635
JWSZ08,ORSZ02,1,15.914319753011856
JWSZ08,OTSZ03,6,18.03415666884145
JWSZ08,OTSZ04,1,18.174108843984722
JWSZ08,PLSZ04,2,22.528141094412888
JWSZ08,PNSZ01,3,2.712860058118819
JWSZ08,PNSZ02,4,4.34831997710075
JWSZ08,PNSZ03,1,3.1199645309731734
JWSZ08,QTSZ02,1,11.813581569789728
JWSZ08,QTSZ03,1,12.475573759927387
JWSZ08,QTSZ08,4,11.870472544670106
JWSZ08,QTSZ09,2,9.865435821169042
JWSZ08,QTSZ10,1,10.443251361129315
JWSZ08,QTSZ11,5,10.568936853921048
JWSZ08,QTSZ14,3,13.356239899351758
JWSZ08,SBSZ03,3,17.74196685394739
JWSZ08,SESZ03,3,23.14385408655489
JWSZ08,SESZ06,1,20.960332137646212
JWSZ08,SGSZ04,2,19.202485603598454
JWSZ08,SKSZ02,1,11.241698498682878
JWSZ08,SRSZ02,1,17.727938138695727
JWSZ08,SRSZ03,1,18.190947359193643
JWSZ08,TMSZ04,1,28.80815005097246
JWSZ08,TNSZ01,1,14.792310139317253
JWSZ08,TPSZ02,1,16.84967774843501
JWSZ08,TPSZ06,1,18.220759989102113
JWSZ08,TSSZ02,1,6.811462063058096
JWSZ08,TSSZ03,3,5.239296588024382
JWSZ08,TSSZ04,1,6.372005906060949
JWSZ08,TSSZ05,1,8.364682875156815
JWSZ08,TSSZ06,2,12.670922338630644
JWSZ08,WCSZ01,9,4.2172435958379735
JWSZ08,WDSZ01,1,14.446417539769767
JWSZ08,WDSZ02,3,15.093493218226888
JWSZ08,WDSZ03,1,16.037566879773056
JWSZ08,WDSZ05,2,13.238685124551157
JWSZ08,YSSZ01,1,18.312752741298752
JWSZ08,YSSZ09,3,17.93564614351108
JWSZ09,AMSZ02,1,17.280780260239347
JWSZ09,AMSZ03,2,17.279288146895652
JWSZ09,AMSZ04,1,16.511419078567805
JWSZ09,AMSZ08,1,14.962429491637717
JWSZ09,AMSZ10,1,16.806757616533854
JWSZ09,BDSZ02,1,24.9269771505287
JWSZ09,BKSZ02,2,5.686855919761207
JWSZ09,BKSZ03,2,4.782552001165041
JWSZ09,BKSZ04,3,5.9966123375675515
JWSZ09,BKSZ05,5,7.085378218359433
JWSZ09,BKSZ06,1,4.538476094126978
JWSZ09,BKSZ07,2,5.441460194036724
JWSZ09,BKSZ08,1,6.244168118584593
JWSZ09,BKSZ09,2,6.229349992582717
JWSZ09,BLSZ01,2,1.7967443334846318
JWSZ09,BLSZ02,11,2.5274428480289526
JWSZ09,BLSZ04,2,3.898998581180119
JWSZ09,BMSZ01,4,14.723740363036976
JWSZ09,BMSZ02,3,14.473512818367753
JWSZ09,BMSZ03,1,14.060633937159905
JWSZ09,BMSZ04,1,15.2052453571033
JWSZ09,BMSZ06,1,14.174340635830657
JWSZ09,BMSZ08,2,14.619616589042991
JWSZ09,BMSZ09,1,15.331917173430037
JWSZ09,BMSZ12,1,13.473632279683418
JWSZ09,BMSZ16,1,16.58880154910295
JWSZ09,BMSZ17,1,17.1313091118079
JWSZ09,BPSZ02,1,8.782371273942953
JWSZ09,BSSZ03,1,16.810885296356847
JWSZ09,BTSZ01,2,7.72612240678394
JWSZ09,BTSZ03,1,9.194166045870773
JWSZ09,CHSZ03,3,33.238135051855664
JWSZ09,CKSZ01,2,7.46061532094566
JWSZ09,CKSZ03,4,7.1081552021317815
JWSZ09,CKSZ04,1,5.957949924506363
JWSZ09,CKSZ05,1,7.633113425090306
JWSZ09,CKSZ06,4,8.443534500862974
JWSZ09,CLSZ01,2,6.101791069119208
JWSZ09,CLSZ03,1,6.413853468955681
JWSZ09,CLSZ04,4,7.61602647279514
JWSZ09,CLSZ06,6,7.463842493640451
JWSZ09,CLSZ08,1,7.966934459993099
JWSZ09,CLSZ09,2,6.830359526148204
JWSZ09,DTSZ01,8,17.708959617548228
JWSZ09,DTSZ02,4,17.611585743159033
JWSZ09,DTSZ05,10,17.702714307473705
JWSZ09,DTSZ06,1,18.017275219274055
JWSZ09,DTSZ07,1,17.346041485025417
JWSZ09,DTSZ08,6,17.690330701460272
JWSZ09,DTSZ09,2,17.50818983661453
JWSZ09,DTSZ11,2,18.183577628414994
JWSZ09,DTSZ12,1,18.50242959670591
JWSZ09,GLSZ01,1,19.409626117853996
JWSZ09,GLSZ02,1,20.40431221549173
JWSZ09,GLSZ03,1,21.65110446168136
JWSZ09,GLSZ04,1,20.374912885573714
JWSZ09,GLSZ05,4,21.96824689430482
JWSZ09,HGSZ04,1,20.765462088592685
JWSZ09,JESZ01,1,3.4077704403153235
JWSZ09,JESZ02,2,4.084852956674445
JWSZ09,JESZ03,3,4.901792866160988
JWSZ09,JESZ04,1,3.371291748610613
JWSZ09,JESZ05,25,4.578885078555272
JWSZ09,JESZ06,2,5.337723751641993
JWSZ09,JWSZ01,4,1.81790476050892
JWSZ09,JWSZ02,16,1.1909513911077283
JWSZ09,JWSZ03,15,2.3719008304684257
JWSZ09,JWSZ04,16,2.2141262582406362
JWSZ09,JWSZ05,2,1.3609597625726324
JWSZ09,JWSZ06,3,1.0661975176208969
JWSZ09,JWSZ07,1,2.1915835806682855
JWSZ09,JWSZ08,42,0.9403575284652649
JWSZ09,JWSZ09,47,0.0
JWSZ09,KLSZ01,1,17.871354977185142
JWSZ09,KLSZ03,1,19.128120526627434
JWSZ09,KLSZ07,1,16.73644476556569
JWSZ09,KLSZ08,3,18.392453288882642
JWSZ09,KLSZ09,3,18.505878698811767
JWSZ09,MUSZ01,1,16.55546124633905
JWSZ09,NTSZ05,1,15.915123348369852
JWSZ09,NVSZ02,3,15.842414078479226
JWSZ09,ORSZ02,7,15.010649443328516
JWSZ09,ORSZ03,1,15.820648539759006
JWSZ09,OTSZ03,3,17.103461028455165
JWSZ09,OTSZ04,2,17.248424609363386
JWSZ09,PGSZ04,1,24.030579712477593
JWSZ09,PGSZ05,1,24.597564726808653
JWSZ09,PLSZ04,1,21.74976914133728
JWSZ09,PNSZ01,3,2.98548955682248
JWSZ09,PNSZ02,5,4.610065908926152
JWSZ09,PRSZ03,2,27.558653152183727
JWSZ09,PRSZ08,1,29.449950131724908
JWSZ09,QTSZ04,4,11.37155026139227
JWSZ09,QTSZ05,1,12.72188856355705
JWSZ09,QTSZ08,12,10.935246479643997
JWSZ09,QTSZ09,2,8.939295864359545
JWSZ09,QTSZ10,2,9.508178493673038
JWSZ09,QTSZ11,8,9.628667024565194
JWSZ09,QTSZ12,2,11.773430500967176
JWSZ09,QTSZ14,4,12.416781304262086
JWSZ09,QTSZ15,1,10.800434166078588
JWSZ09,RCSZ05,1,18.018250473784747
JWSZ09,RCSZ09,2,17.1177344827433
JWSZ09,RCSZ10,1,17.367604341898385
JWSZ09,RVSZ05,1,15.902123626114294
JWSZ09,SESZ03,2,22.48320535518589
JWSZ09,TMSZ02,2,27.740470864667984
JWSZ09,TMSZ04,2,28.00295631762795
JWSZ09,TMSZ05,1,29.70513723859258
JWSZ09,TNSZ03,1,12.825454577954652
JWSZ09,TPSZ06,1,17.402244479187686
JWSZ09,TPSZ12,1,20.03895426054678
JWSZ09,TSSZ02,2,7.523434221159373
JWSZ09,TSSZ03,5,5.845629243365312
JWSZ09,TSSZ04,4,6.90751126291903
JWSZ09,TSSZ05,8,8.779176016768725
JWSZ09,TSSZ06,2,12.783566652144716
JWSZ09,WCSZ01,26,4.867229736806335
JWSZ09,WDSZ01,1,14.278071216336446
JWSZ09,WDSZ03,2,15.797370671875566
JWSZ09,WDSZ06,1,13.563565635489672
JWSZ09,WDSZ07,1,15.05443826276292
JWSZ09,WDSZ09,1,15.079811221166574
JWSZ09,YSSZ09,1,17.542833052411446
KLSZ01,AMSZ01,2,5.866287158387401
KLSZ01,AMSZ05,1,5.718695497259962
KLSZ01,AMSZ09,1,7.001674736933423
KLSZ01,AMSZ10,1,7.256677426003398
KLSZ01,BDSZ01,1,5.507735518138949
KLSZ01,BDSZ04,1,8.295131083075892
KLSZ01,BMSZ02,2,6.565181336161891
KLSZ01,BMSZ04,2,5.759897854430808
KLSZ01,BMSZ05,4,5.609086891627479
KLSZ01,BMSZ10,1,5.44318557977632
KLSZ01,BMSZ12,1,7.40742218567631
KLSZ01,BMSZ16,1,5.972006191262525
KLSZ01,BPSZ05,1,12.19310913833841
KLSZ01,BSSZ01,2,5.134170778509711
KLSZ01,BSSZ03,1,3.2249400583604353
KLSZ01,CHSZ01,1,15.403338922966851
KLSZ01,CHSZ03,1,15.718149589742476
KLSZ01,CKSZ03,1,14.490555687665656
KLSZ01,CLSZ02,1,10.368874213203714
KLSZ01,CLSZ04,1,10.560810100514413
KLSZ01,DTSZ01,2,2.6442884766553574
KLSZ01,DTSZ02,6,3.4479775556569643
KLSZ01,DTSZ03,3,3.3832678733623953
KLSZ01,DTSZ04,1,4.360214637991848
KLSZ01,DTSZ05,4,4.445749706165954
KLSZ01,DTSZ06,1,4.151141218698368
KLSZ01,DTSZ08,5,5.054444609289711
KLSZ01,DTSZ09,1,5.447879707702423
KLSZ01,DTSZ10,1,5.7601185632412335
KLSZ01,DTSZ11,2,5.278999957438635
KLSZ01,GLSZ01,1,1.6353496539261638
KLSZ01,GLSZ02,1,2.657954423603602
KLSZ01,GLSZ03,1,3.946708235991059
KLSZ01,GLSZ04,2,2.563234876608385
KLSZ01,GLSZ05,7,4.098535673974548
KLSZ01,HGSZ05,1,6.896851392848186
KLSZ01,HGSZ08,1,3.735736960285586
KLSZ01,JESZ05,1,13.303472019608947
KLSZ01,JESZ09,1,15.99295818667508
KLSZ01,JWSZ08,1,18.727406276352596
KLSZ01,JWSZ09,3,17.871354977185142
KLSZ01,KLSZ01,9,0.0
KLSZ01,KLSZ06,5,1.3008041598955091
KLSZ01,KLSZ08,3,0.9892555638969216
KLSZ01,KLSZ09,2,2.394143316530559
KLSZ01,MUSZ01,5,3.190431763517255
KLSZ01,MUSZ02,1,3.59307361436139
KLSZ01,MUSZ03,1,3.199257217643721
KLSZ01,NVSZ01,4,1.2541791241075353
KLSZ01,NVSZ02,2,2.175886815736919
KLSZ01,NVSZ03,1,3.103773875207714
KLSZ01,ORSZ01,1,4.449843905505153
KLSZ01,ORSZ02,3,3.7550245499647685
KLSZ01,ORSZ03,2,3.4623181583472484
KLSZ01,OTSZ03,8,5.111831034809398
KLSZ01,OTSZ04,1,4.522227164873515
KLSZ01,PGSZ02,2,10.617907488751321
KLSZ01,PGSZ03,1,9.766837505875124
KLSZ01,PGSZ04,1,9.756549665873157
KLSZ01,PLSZ05,2,6.764661515544841
KLSZ01,PNSZ04,1,20.93018496188697
KLSZ01,PRSZ02,1,10.74177149498205
KLSZ01,QTSZ08,5,8.307398167450954
KLSZ01,QTSZ11,1,9.914288876714469
KLSZ01,QTSZ13,1,9.91215998890934
KLSZ01,RCSZ01,1,1.8085103508745113
KLSZ01,RCSZ09,1,2.534939576701025
KLSZ01,RCSZ10,2,2.692973959110925
KLSZ01,SBSZ03,1,14.651263490617529
KLSZ01,SBSZ04,1,15.842360806687411
KLSZ01,SESZ02,1,8.712910481989736
KLSZ01,SESZ03,2,8.68374823917791
KLSZ01,SESZ04,1,8.588062463253305
KLSZ01,SESZ05,1,7.640436560704834
KLSZ01,SGSZ03,1,5.941795021094732
KLSZ01,SGSZ04,3,4.5389474240048315
KLSZ01,SGSZ06,5,3.4801975395945113
KLSZ01,TMSZ01,1,9.878102285024394
KLSZ01,TMSZ02,1,10.562046886535674
KLSZ01,TMSZ04,2,10.447192597752915
KLSZ01,TNSZ01,1,4.270536606788164
KLSZ01,TPSZ02,2,2.1117910162603746
KLSZ01,TPSZ03,3,2.452561666995805
KLSZ01,TPSZ05,1,2.1429686891498894
KLSZ01,TPSZ06,3,1.6618501323706318
KLSZ01,TPSZ08,1,2.0436425131555174
KLSZ01,TPSZ09,1,1.2781299803671196
KLSZ01,TPSZ11,1,1.7955692744684348
KLSZ01,TPSZ12,2,2.782036943971218
KLSZ01,TSSZ05,1,25.501778797419455
KLSZ01,WCSZ01,1,20.26123535827072
KLSZ01,WDSZ03,2,14.819285711996255
KLSZ01,WDSZ06,1,16.00286142130759
KLSZ01,YSSZ01,1,11.927394783600597
KLSZ01,YSSZ09,1,12.589146234435026
KLSZ02,AMSZ08,1,8.614648202042906
KLSZ02,AMSZ12,1,7.1262076342368825
KLSZ02,BDSZ02,2,6.561338154642222
KLSZ02,BDSZ04,1,7.376342843279396
KLSZ02,BMSZ01,2,8.619927779736562
KLSZ02,BMSZ02,1,7.238356510191747
KLSZ02,BMSZ12,1,8.139222542640377
KLSZ02,BMSZ16,1,6.417155999556706
KLSZ02,BPSZ03,1,13.06373534498734
KLSZ02,CHSZ02,1,13.046444678110175
KLSZ02,CHSZ03,1,14.812552092560386
KLSZ02,CKSZ05,1,15.84179951159357
KLSZ02,DTSZ01,2,2.958820925711897
KLSZ02,DTSZ04,1,4.702203399278017
KLSZ02,DTSZ05,1,4.728070867641612
KLSZ02,DTSZ09,3,5.764012071864678
KLSZ02,DTSZ11,1,5.48200323542127
KLSZ02,GLSZ02,2,1.7798174330711065
KLSZ02,GLSZ04,3,1.6827010917675798
KLSZ02,GLSZ05,1,3.1667249647514693
KLSZ02,HGSZ07,1,4.314815823148363
KLSZ02,KLSZ02,1,0.0
KLSZ02,KLSZ06,2,1.723521005509737
KLSZ02,KLSZ08,1,0.9940707288340076
KLSZ02,ORSZ02,1,4.562559838617766
KLSZ02,OTSZ03,1,5.494228514539943
KLSZ02,OTSZ04,2,4.889237080120493
KLSZ02,PGSZ04,1,9.317968932150439
KLSZ02,QTSZ06,1,8.081897902989013
KLSZ02,QTSZ08,1,9.178165149050548
KLSZ02,QTSZ09,1,10.409701167234044
KLSZ02,RCSZ01,1,2.4457689566067935
KLSZ02,RVSZ01,1,5.276123074685391
KLSZ02,SGSZ06,2,3.4022129747870453
KLSZ02,SKSZ03,1,14.773384448695115
KLSZ02,TMSZ02,1,9.712711087423
KLSZ02,TMSZ05,1,11.020084030756221
KLSZ02,TPSZ01,1,3.759718410738539
KLSZ02,TPSZ02,1,2.9618709056239894
KLSZ02,TPSZ04,1,2.441563821600723
KLSZ02,TPSZ06,2,2.124684839656679
KLSZ02,TPSZ07,1,1.722149351415319
KLSZ02,TSSZ05,1,26.425747263691516
KLSZ02,WDSZ06,1,16.62700106491563
KLSZ02,YSSZ02,1,13.436362530892065
KLSZ02,YSSZ09,1,12.933608065790695
KLSZ03,AMSZ01,1,7.032674508671332
KLSZ03,BDSZ01,2,4.738242647922695
KLSZ03,BDSZ04,1,7.291245319987786
KLSZ03,BDSZ05,1,5.349859663751821
KLSZ03,BKSZ05,1,12.872954482964369
KLSZ03,BMSZ01,2,8.303343340860875
KLSZ03,BMSZ04,1,6.10908530774454
KLSZ03,BMSZ05,1,5.7281004418256725
KLSZ03,BMSZ17,1,6.77985340959301
KLSZ03,BSSZ01,2,6.5132736213001685
KLSZ03,BTSZ02,1,9.341803983202578
KLSZ03,BTSZ06,1,7.955300298797134
KLSZ03,CKSZ01,1,15.013266557988674
KLSZ03,CKSZ06,1,16.796737324270357
KLSZ03,CLSZ03,1,12.858125840412942
KLSZ03,CLSZ08,1,12.2180035495465
KLSZ03,DTSZ01,1,2.516730943163431
KLSZ03,DTSZ02,2,3.2795705787730047
KLSZ03,DTSZ03,1,2.918124443477624
KLSZ03,DTSZ05,2,4.196645388956424
KLSZ03,DTSZ11,1,4.8881314904210456
KLSZ03,DTSZ12,1,3.8273049253837317
KLSZ03,GLSZ02,1,1.9958228935859186
KLSZ03,GLSZ05,4,2.904422047168715
KLSZ03,HGSZ06,3,5.423167973192574
KLSZ03,JESZ02,1,15.105219548398537
KLSZ03,JWSZ01,1,18.91701823243605
KLSZ03,JWSZ08,2,19.99692266555849
KLSZ03,JWSZ09,1,19.128120526627434
KLSZ03,KLSZ03,1,0.0
KLSZ03,KLSZ08,3,0.763440516767363
KLSZ03,MUSZ01,1,3.50257063399118
KLSZ03,MUSZ03,2,3.279544573799949
KLSZ03,NVSZ02,2,3.2915002082718576
KLSZ03,ORSZ02,4,4.541487709652433
KLSZ03,ORSZ03,1,4.011593219963874
KLSZ03,OTSZ03,1,5.018758970213943
KLSZ03,OTSZ04,1,4.413829259538213
KLSZ03,PGSZ02,1,10.963214804718461
KLSZ03,PGSZ04,2,9.87779694163336
KLSZ03,PNSZ02,1,22.61893979844594
KLSZ03,PRSZ05,2,11.393064565201914
KLSZ03,QTSZ14,1,9.579766948804993
KLSZ03,RCSZ01,1,2.3306907129824
KLSZ03,RCSZ10,2,2.73355407309415
KLSZ03,SESZ02,1,8.866903832376822
KLSZ03,SESZ05,1,8.02966423152953
KLSZ03,SGSZ04,1,5.357953462182422
KLSZ03,SGSZ06,1,4.156928759990757
KLSZ03,SRSZ03,1,4.0686879301899275
KLSZ03,TMSZ03,1,8.003784671469331
KLSZ03,TMSZ04,1,9.524174857242576
KLSZ03,TSSZ05,1,26.599170752184328
KLSZ03,WDSZ02,1,16.547303333039675
KLSZ04,BDSZ06,1,8.363186706457462
KLSZ04,DTSZ05,2,3.4769098764070487
KLSZ04,KLSZ01,1,1.8336735284646362
KLSZ04,QTSZ06,1,7.655602750770729
KLSZ04,SESZ02,1,9.630835982629637
KLSZ04,SGSZ04,2,6.0834587546801355
KLSZ04,TMSZ02,1,10.343642515167868
KLSZ05,AMSZ01,1,8.653294199472938
KLSZ05,AMSZ03,1,7.429773151395787
KLSZ05,BDSZ02,1,7.1174355331847
KLSZ05,BDSZ04,2,7.460420984539587
KLSZ05,BMSZ05,1,5.141159535583406
KLSZ05,BMSZ15,1,6.4230769224380495
KLSZ05,BSSZ03,1,6.037400981322185
KLSZ05,CHSZ03,1,14.843614891148063
KLSZ05,CKSZ06,1,18.062104489417074
KLSZ05,DTSZ03,4,2.0454217248159847
KLSZ05,DTSZ05,2,3.3442222408952995
KLSZ05,GLSZ04,1,1.7607139526066777
KLSZ05,HGSZ04,1,8.189139327064836
KLSZ05,HGSZ05,1,8.969241378483932
KLSZ05,JESZ05,1,15.245529245916485
KLSZ05,JWSZ09,1,19.81632598070769
KLSZ05,KLSZ05,3,0.0
KLSZ05,KLSZ07,1,3.1977733826520476
KLSZ05,KLSZ08,2,1.8955671520647128
KLSZ05,MPSZ01,1,1.7117307284275893
KLSZ05,MUSZ01,1,3.421622513736952
KLSZ05,NVSZ01,2,3.912153890326703
KLSZ05,NVSZ02,1,4.138465746298275
KLSZ05,ORSZ02,1,4.847192065347598
KLSZ05,ORSZ03,1,4.1091000184399284
KLSZ05,PGSZ01,1,13.304740534195941
KLSZ05,PGSZ02,1,12.390848933724564
KLSZ05,PGSZ03,1,11.593336429175471
KLSZ05,PGSZ04,1,11.180393992702639
KLSZ05,QTSZ11,1,11.050645630117229
KLSZ05,QTSZ12,1,9.423397072548369
KLSZ05,QTSZ14,1,9.391855283878796
KLSZ05,SESZ02,2,10.202775414244872
KLSZ05,SGSZ04,1,6.986560150968985
KLSZ05,SGSZ06,1,5.771752768914808
KLSZ05,TMSZ01,1,10.12538349519036
KLSZ05,TMSZ02,2,10.293337945549341
KLSZ05,TMSZ03,2,8.541694537184906
KLSZ05,TMSZ05,1,10.837431078024926
KLSZ05,TPSZ04,1,4.619280559248212
KLSZ05,WCSZ01,1,22.595445975391197
KLSZ05,YSSZ09,1,15.35039577717776
KLSZ06,AMSZ01,3,7.02346780754669
KLSZ06,AMSZ02,2,6.905065669497024
KLSZ06,BDSZ01,1,6.243845742740627
KLSZ06,BDSZ03,1,6.46658954889689
KLSZ06,BDSZ04,3,8.81940552503087
KLSZ06,BDSZ05,1,6.826322571835881
KLSZ06,BKSZ05,1,11.701053587078755
KLSZ06,BMSZ01,1,6.896866401065193
KLSZ06,BMSZ02,1,5.530551572052403
KLSZ06,BMSZ03,1,5.3321730208743485
KLSZ06,BMSZ06,1,4.787855626560464
KLSZ06,BMSZ07,1,6.088932532337763
KLSZ06,BMSZ09,1,3.9637569718085515
KLSZ06,BMSZ12,1,6.460796276180935
KLSZ06,BMSZ14,1,5.684338132105256
KLSZ06,BPSZ03,1,12.77995265165134
KLSZ06,BPSZ05,1,12.612866263812798
KLSZ06,BPSZ06,1,11.60935215196727
KLSZ06,BSSZ01,1,6.004356395155039
KLSZ06,BSSZ02,1,5.094022940132291
KLSZ06,BTSZ03,1,8.572455914144063
KLSZ06,CHSZ03,2,16.282614747294446
KLSZ06,CKSZ03,3,14.889508053954948
KLSZ06,CKSZ04,1,15.412120285791756
KLSZ06,CKSZ06,2,15.895378449251254
KLSZ06,CLSZ04,1,10.281046316835234
KLSZ06,CLSZ06,2,10.679709548175952
KLSZ06,DTSZ01,3,1.3437270660964227
KLSZ06,DTSZ02,3,2.149818742558828
KLSZ06,DTSZ05,4,3.1464977143170367
KLSZ06,DTSZ06,1,2.8519152562768944
KLSZ06,DTSZ08,3,3.7564072430070157
KLSZ06,DTSZ09,1,4.15533675661154
KLSZ06,DTSZ11,2,3.9791706367494584
KLSZ06,GLSZ02,1,3.431268254145009
KLSZ06,GLSZ04,2,2.744931672361884
KLSZ06,GLSZ05,1,4.41046780933033
KLSZ06,HGSZ02,1,7.849517604537244
KLSZ06,HGSZ03,2,8.432250623204926
KLSZ06,HGSZ04,1,7.582826625031352
KLSZ06,HGSZ06,1,6.269401403930573
KLSZ06,HGSZ07,1,5.957351899470659
KLSZ06,HGSZ08,1,4.841807542850975
KLSZ06,JESZ05,4,13.181990395299442
KLSZ06,JWSZ02,1,16.907109625949808
KLSZ06,JWSZ03,1,15.952263102502094
KLSZ06,JWSZ04,1,15.559384905608368
KLSZ06,JWSZ07,1,19.73990378075672
KLSZ06,JWSZ08,1,18.641894861126136
KLSZ06,JWSZ09,1,17.760357612808296
KLSZ06,KLSZ01,7,1.3008041598955091
KLSZ06,KLSZ02,2,1.723521005509737
KLSZ06,KLSZ03,1,1.5304590855171583
KLSZ06,KLSZ07,3,1.0333149912560546
KLSZ06,KLSZ08,1,0.7917316145790123
KLSZ06,KLSZ09,1,1.2342218670774447
KLSZ06,MSSZ01,1,3.444403689788164
KLSZ06,MUSZ01,1,2.045116266973613
KLSZ06,MUSZ03,1,1.9471981185063185
KLSZ06,NVSZ01,7,1.8640868453461785
KLSZ06,NVSZ02,1,1.9670648744696475
KLSZ06,ORSZ02,2,3.015837851949631
KLSZ06,ORSZ03,3,2.4916492722728734
KLSZ06,OTSZ03,3,3.8368277678260334
KLSZ06,PGSZ04,2,10.981786876801555
KLSZ06,PGSZ05,2,11.80320261153746
KLSZ06,PLSZ04,1,6.215115456485323
KLSZ06,PRSZ02,2,11.762749568707951
KLSZ06,PRSZ03,3,11.991920707085347
KLSZ06,QTSZ03,1,6.6206656142797495
KLSZ06,QTSZ12,1,7.934442098256205
KLSZ06,RCSZ10,1,1.416928972103903
KLSZ06,SBSZ03,1,15.758955871017196
KLSZ06,SBSZ05,1,16.2968909507177
KLSZ06,SESZ02,1,9.945077829351897
KLSZ06,SESZ03,5,9.951276190788278
KLSZ06,SESZ04,2,9.879597377683574
KLSZ06,SESZ05,2,8.921678147303673
KLSZ06,SESZ06,1,9.575669145656043
KLSZ06,SGSZ03,2,7.242457327089355
KLSZ06,SGSZ04,2,5.832990797014634
KLSZ06,SGSZ06,3,4.7797249941233115
KLSZ06,SGSZ07,1,4.444896857871041
KLSZ06,SRSZ01,1,3.277407211613247
KLSZ06,TMSZ02,1,11.327158710464781
KLSZ06,TMSZ03,5,9.511876636370626
KLSZ06,TMSZ04,1,11.054608260089584
KLSZ06,TPSZ04,2,2.8021042825331812
KLSZ06,TPSZ07,1,2.343109892247076
KLSZ06,TPSZ09,1,2.5755926390047383
KLSZ06,TPSZ11,2,2.9690574293382124
KLSZ06,WCSZ01,1,20.434098447466933
KLSZ06,WDSZ04,1,15.060275483417449
KLSZ06,YSSZ04,1,12.201538046831182
KLSZ06,YSSZ09,3,13.739407174343704
KLSZ07,AMSZ02,1,6.574889365519548
KLSZ07,AMSZ03,2,5.653058103290977
KLSZ07,AMSZ06,1,6.75064806890356
KLSZ07,AMSZ09,1,7.599826392388519
KLSZ07,BDSZ02,1,8.943713085788161
KLSZ07,BDSZ04,1,9.70768339987658
KLSZ07,BKSZ01,1,12.028193572213862
KLSZ07,BKSZ05,1,10.676496739628917
KLSZ07,BMSZ01,1,6.4571748326313845
KLSZ07,BMSZ02,1,4.985259417097852
KLSZ07,BMSZ04,1,4.207413407722046
KLSZ07,BMSZ05,2,4.160758878025738
KLSZ07,BMSZ09,2,3.4669477994897138
KLSZ07,BPSZ05,2,11.628323635763548
KLSZ07,BSSZ03,2,4.027271854123944
KLSZ07,BTSZ01,5,9.157718148267811
KLSZ07,CKSZ04,1,14.401188954052897
KLSZ07,CKSZ06,1,14.934350154943342
KLSZ07,CLSZ06,1,9.698252306570156
KLSZ07,DTSZ01,1,1.7394853298754849
KLSZ07,DTSZ02,1,2.386404115297562
KLSZ07,DTSZ05,4,3.33525534965056
KLSZ07,DTSZ08,3,3.902258392470011
KLSZ07,DTSZ11,3,4.235576503546073
KLSZ07,GLSZ04,1,3.6982957828715075
KLSZ07,HGSZ04,1,7.741411696109991
KLSZ07,HGSZ05,1,8.24937726398404
KLSZ07,HGSZ07,1,6.2667265554433405
KLSZ07,HGSZ08,1,5.3271443050323555
KLSZ07,JESZ03,1,11.881383414664231
KLSZ07,JESZ08,1,11.9120934558746
KLSZ07,JWSZ02,1,15.87758994071665
KLSZ07,JWSZ04,1,14.53776453764761
KLSZ07,KLSZ05,1,3.1977733826520476
KLSZ07,KLSZ06,2,1.0333149912560546
KLSZ07,KLSZ07,1,0.0
KLSZ07,KLSZ08,2,1.6868872258922587
KLSZ07,MPSZ02,2,5.827699627702767
KLSZ07,MUSZ01,3,1.7476530282697702
KLSZ07,NTSZ03,1,1.3240447144488807
KLSZ07,NVSZ01,4,1.3155829866230866
KLSZ07,NVSZ02,4,0.9407328541278864
KLSZ07,ORSZ02,4,2.178958481989134
KLSZ07,ORSZ03,1,1.88647726017489
KLSZ07,OTSZ03,3,3.8228968885599617
KLSZ07,OTSZ04,1,3.282401682495864
KLSZ07,PGSZ02,1,12.036121511283072
KLSZ07,PNSZ01,1,19.03191509959176
KLSZ07,QTSZ08,2,6.8058163086141485
KLSZ07,QTSZ11,1,8.426328944818694
KLSZ07,QTSZ12,1,7.163694964382945
KLSZ07,QTSZ14,1,7.37965831858202
KLSZ07,RCSZ05,1,1.6451469756997594
KLSZ07,RCSZ08,1,1.286783970680907
KLSZ07,RCSZ09,1,1.3056522938417747
KLSZ07,RCSZ10,1,1.5896663528348447
KLSZ07,SBSZ01,2,15.024731985855595
KLSZ07,SBSZ03,1,15.188988633462973
KLSZ07,SBSZ04,2,16.391140508680362
KLSZ07,SESZ02,2,10.22300465858183
KLSZ07,SESZ03,3,10.136591432475655
KLSZ07,SESZ06,3,9.515025889700334
KLSZ07,SGSZ01,1,7.960336782269668
KLSZ07,SGSZ03,1,7.217689256146831
KLSZ07,SGSZ04,1,5.747061233299631
KLSZ07,SGSZ07,1,4.709952222432284
KLSZ07,SRSZ01,3,2.895107478024157
KLSZ07,TMSZ03,1,10.277461493486237
KLSZ07,TPSZ02,1,2.159608026975678
KLSZ07,TPSZ04,1,2.4165763220756897
KLSZ07,TPSZ06,2,2.7273307036496455
KLSZ07,TPSZ08,1,3.425047486847082
KLSZ07,TPSZ11,2,3.383147444494971
KLSZ07,WDSZ03,2,15.1677891316754
KLSZ07,WDSZ04,1,14.323337280197997
KLSZ08,AMSZ01,1,6.848346811375013
KLSZ08,AMSZ02,1,6.641887494850517
KLSZ08,AMSZ04,1,6.007154674342533
KLSZ08,AMSZ06,1,7.202823776940167
KLSZ08,AMSZ09,1,7.98902562856205
KLSZ08,BDSZ01,2,5.452265982766699
KLSZ08,BDSZ03,1,5.698983846038269
KLSZ08,BDSZ04,3,8.049587042147454
KLSZ08,BDSZ05,1,6.108495931138424
KLSZ08,BKSZ05,2,12.200011979680545
KLSZ08,BMSZ01,2,7.662489960570489
KLSZ08,BMSZ03,1,6.123598975506259
KLSZ08,BMSZ04,1,5.44275589459013
KLSZ08,BMSZ07,2,6.880233576330103
KLSZ08,BMSZ08,2,5.6596542072171205
KLSZ08,BMSZ09,2,4.74702191133484
KLSZ08,BMSZ16,1,5.425620647786394
KLSZ08,BPSZ01,2,14.153777154848198
KLSZ08,BPSZ04,1,12.324229377269452
KLSZ08,BPSZ05,1,13.000501922846478
KLSZ08,BSSZ01,1,6.092089799929383
KLSZ08,BSSZ03,1,4.209639959902052
KLSZ08,BTSZ01,1,10.770963344650886
KLSZ08,BTSZ04,1,9.361680815413317
KLSZ08,BTSZ05,1,6.7085291852656415
KLSZ08,BTSZ08,1,6.715864710768129
KLSZ08,CKSZ02,2,14.889218431671743
KLSZ08,CKSZ04,1,15.85906005925774
KLSZ08,CKSZ06,2,16.23156834042076
KLSZ08,CLSZ03,2,12.10764876289663
KLSZ08,CLSZ04,3,10.962602933809757
KLSZ08,DTSZ01,1,1.9647509334874946
KLSZ08,DTSZ02,2,2.7685868595902563
KLSZ08,DTSZ03,2,2.5530746149904124
KLSZ08,DTSZ08,2,4.351820384415983
KLSZ08,DTSZ12,1,3.504496158414691
KLSZ08,GLSZ02,1,2.643796344493656
KLSZ08,GLSZ04,2,2.011415176163007
KLSZ08,HGSZ02,2,7.168763053129072
KLSZ08,HGSZ05,1,7.656374500822711
KLSZ08,HGSZ06,1,5.689064411050346
KLSZ08,HGSZ07,1,5.302300891002553
KLSZ08,JESZ01,1,15.286720403920157
KLSZ08,JESZ03,1,13.522676489526027
KLSZ08,JESZ05,1,13.814117363259484
KLSZ08,JWSZ01,1,18.204540302683142
KLSZ08,JWSZ03,1,16.53997926139715
KLSZ08,JWSZ04,1,16.199043414911866
KLSZ08,JWSZ08,1,19.26515666916196
KLSZ08,JWSZ09,2,18.392453288882642
KLSZ08,KLSZ01,2,0.9892555638969216
KLSZ08,KLSZ03,2,0.763440516767363
KLSZ08,KLSZ05,2,1.8955671520647128
KLSZ08,KLSZ06,2,0.7917316145790123
KLSZ08,KLSZ08,1,0.0
KLSZ08,KLSZ09,1,1.4916767170860548
KLSZ08,MPSZ01,1,3.1816060200628407
KLSZ08,NVSZ01,2,2.045275274806202
KLSZ08,NVSZ02,1,2.5500456302490604
KLSZ08,OTSZ01,1,4.29074391149469
KLSZ08,OTSZ03,3,4.50017124262559
KLSZ08,PGSZ02,3,11.295907870658041
KLSZ08,PGSZ04,3,10.31085234894083
KLSZ08,PRSZ04,1,12.350182505769851
KLSZ08,QTSZ03,1,7.362811351259373
KLSZ08,QTSZ05,2,6.63976091251182
KLSZ08,QTSZ10,1,9.619723680640234
KLSZ08,RCSZ01,1,1.58143894245887
KLSZ08,RCSZ10,2,2.1205045037726586
KLSZ08,SBSZ03,2,15.637668111757417
KLSZ08,SBSZ05,1,16.12636466688468
KLSZ08,SBSZ06,1,16.398191968433682
KLSZ08,SESZ02,2,9.282750208919236
KLSZ08,SESZ03,3,9.333706693943746
KLSZ08,SESZ04,2,9.316487485870313
KLSZ08,SESZ05,1,8.332696338597055
KLSZ08,SESZ06,1,9.10007953594554
KLSZ08,SGSZ06,3,4.28182841307078
KLSZ08,SGSZ07,1,3.834604630698747
KLSZ08,TMSZ02,6,10.535874753953719
KLSZ08,TMSZ04,2,10.275145591278795
KLSZ08,TPSZ01,2,3.8972449985907724
KLSZ08,TPSZ02,3,2.9929065573954228
KLSZ08,TPSZ04,1,2.732751581202559
KLSZ08,TPSZ06,1,2.638674164905226
KLSZ08,TPSZ09,1,2.1104212264013995
KLSZ08,TPSZ11,1,2.3170256468324646
KLSZ08,WDSZ02,1,16.225816213618582
KLSZ08,WDSZ03,3,15.807530861589182
KLSZ08,WDSZ06,1,16.969144833240964
KLSZ09,AMSZ02,2,8.073692981746357
KLSZ09,AMSZ05,2,7.990749571720152
KLSZ09,AMSZ10,1,9.630999719774623
KLSZ09,BDSZ03,2,6.345706483022594
KLSZ09,BDSZ05,1,6.480523379822514
KLSZ09,BKSZ01,1,14.065661197687797
KLSZ09,BMSZ01,1,6.62530414846063
KLSZ09,BMSZ08,1,4.856929212063492
KLSZ09,BMSZ12,1,6.48233436062957
KLSZ09,BPSZ05,1,13.696076613548126
KLSZ09,BSSZ01,1,7.23496147251469
KLSZ09,BSSZ02,1,6.321075929451532
KLSZ09,BSSZ03,3,5.586610266805757
KLSZ09,CHSZ02,1,14.73997980933478
KLSZ09,CLSZ03,1,12.1248516080096
KLSZ09,CLSZ07,1,10.627242307931136
KLSZ09,DTSZ01,2,0.8866360376265798
KLSZ09,DTSZ03,1,1.0917011151112388
KLSZ09,DTSZ08,2,2.9703617227168633
KLSZ09,DTSZ12,1,2.025641575111107
KLSZ09,GLSZ01,1,3.103741220308676
KLSZ09,GLSZ04,2,2.6696523516832915
KLSZ09,GLSZ05,1,4.23668063119352
KLSZ09,HGSZ06,2,7.161810197772528
KLSZ09,HGSZ08,2,5.464340366701128
KLSZ09,JESZ05,1,13.940727520309416
KLSZ09,JWSZ02,1,17.699173732775595
KLSZ09,JWSZ04,1,16.294623076909833
KLSZ09,JWSZ08,1,19.403421187870755
KLSZ09,JWSZ09,4,18.505878698811767
KLSZ09,KLSZ06,1,1.2342218670774447
KLSZ09,KLSZ08,2,1.4916767170860548
KLSZ09,KLSZ09,3,0.0
KLSZ09,MPSZ03,1,4.867759838314435
KLSZ09,NVSZ02,2,2.997292266879592
KLSZ09,ORSZ03,1,2.767187065404846
KLSZ09,OTSZ01,1,3.1949113931335025
KLSZ09,OTSZ03,3,3.2192459506777356
KLSZ09,PGSZ03,1,11.91936087006269
KLSZ09,PGSZ05,1,12.525138305142937
KLSZ09,PRSZ03,1,12.258147203821633
KLSZ09,QTSZ01,1,8.563378692588564
KLSZ09,QTSZ04,1,7.46279964386282
KLSZ09,QTSZ05,1,6.200019393549315
KLSZ09,QTSZ08,1,8.093401724718246
KLSZ09,QTSZ09,1,9.705737777132846
KLSZ09,QTSZ12,1,8.112015773793837
KLSZ09,RCSZ01,1,1.60224172922058
KLSZ09,RCSZ09,1,1.4030592241495357
KLSZ09,RCSZ10,1,1.2123313515474596
KLSZ09,RVSZ05,1,3.0227066829215508
KLSZ09,SESZ02,1,10.68682378861594
KLSZ09,SESZ03,1,10.77828006649689
KLSZ09,SESZ04,3,10.790809981838272
KLSZ09,SGSZ03,2,8.254391259813373
KLSZ09,SGSZ04,1,6.898487638082717
KLSZ09,SGSZ07,1,5.300484082225891
KLSZ09,SRSZ02,1,2.4748904497272086
KLSZ09,TMSZ01,1,11.08482284462971
KLSZ09,TMSZ02,2,11.401475279645116
KLSZ09,TMSZ05,1,12.121303858054551
KLSZ09,TPSZ02,2,4.062567084130017
KLSZ09,TPSZ03,2,4.6978755517634365
KLSZ09,TPSZ06,2,4.048095719196965
KLSZ09,TPSZ07,1,3.508943818461647
KLSZ09,WDSZ04,1,16.291999011776177
KLSZ09,WDSZ09,1,19.056980871355133
KLSZ09,YSSZ08,2,13.610384233788741
LKSZ01,AMSZ06,1,14.809716655892487
LKSZ01,WDSZ06,1,6.311386594165075
MDSZ02,AMSZ02,1,7.550609106816495
MDSZ02,BDSZ02,1,15.86629231792033
MDSZ02,BKSZ05,1,9.608918307703954
MDSZ02,BSSZ03,1,9.644069774829978
MDSZ02,CKSZ04,1,9.80662365891678
MDSZ02,MPSZ03,1,17.336450093892957
MDSZ02,SESZ04,1,9.202413595138141
MDSZ02,TPSZ05,1,10.73644322922837
MDSZ02,YSSZ04,1,2.9093838589004575
MDSZ02,YSSZ08,1,1.9949966071759078
MDSZ02,YSSZ09,2,2.059800300583792
MDSZ03,AMSZ02,1,6.801491607624964
MDSZ03,BTSZ07,1,12.583460899190381
MDSZ03,CLSZ04,1,13.68714070867928
MDSZ03,MUSZ01,1,14.375782701133256
MDSZ03,SESZ03,1,8.960083733007506
MDSZ03,SKSZ03,1,7.514023852313612
MDSZ03,YSSZ09,6,0.8336901196416204
MPSZ01,AMSZ04,1,8.53124847230952
MPSZ01,AMSZ05,1,9.42878099805811
MPSZ01,BDSZ01,2,4.283557100365758
MPSZ01,BDSZ04,3,5.913667139001732
MPSZ01,BDSZ06,1,6.318827543787921
MPSZ01,BDSZ07,1,4.018934156079275
MPSZ01,BKSZ06,1,17.330647891299954
MPSZ01,BMSZ05,1,6.751774885250388
MPSZ01,BMSZ08,1,7.830438097502265
MPSZ01,BMSZ16,1,6.792902771122666
MPSZ01,BSSZ01,1,9.04272834872015
MPSZ01,CHSZ03,1,13.210785226330552
MPSZ01,CLSZ06,1,14.296754119407607
MPSZ01,DTSZ05,2,4.900908529510024
MPSZ01,DTSZ11,1,5.197002363278991
MPSZ01,GLSZ02,1,2.935959179208678
MPSZ01,HGSZ04,1,8.016138850381527
MPSZ01,HGSZ06,2,6.912638014784223
MPSZ01,JWSZ03,1,19.665490470009686
MPSZ01,MPSZ03,2,1.8175753950667162
MPSZ01,MUSZ01,1,5.133247640009835
MPSZ01,PGSZ04,1,10.582898826001951
MPSZ01,PRSZ05,1,10.639807156075852
MPSZ01,RCSZ09,1,4.445692289128283
MPSZ01,SESZ02,1,9.677585572257312
MPSZ01,TMSZ02,2,8.879825871616099
MPSZ01,TMSZ04,1,8.212043247828973
MPSZ02,AMSZ01,2,9.547431608765185
MPSZ02,BDSZ04,4,4.5447163919623845
MPSZ02,BDSZ05,2,2.1775499489765475
MPSZ02,BDSZ07,1,2.7523796567509886
MPSZ02,BKSZ07,1,17.485557547762777
MPSZ02,BMSZ01,1,10.75545215613233
MPSZ02,BMSZ04,1,8.782362500358367
MPSZ02,BMSZ12,1,10.7907013286066
MPSZ02,BPSZ01,1,18.040005255534947
MPSZ02,BSSZ01,1,9.594717785409555
MPSZ02,DTSZ05,1,6.278122198339496
MPSZ02,GLSZ04,4,2.233910953350619
MPSZ02,GLSZ05,3,1.1635787899057473
MPSZ02,HGSZ06,1,6.641214327141285
MPSZ02,KLSZ06,1,4.8175164107527255
MPSZ02,KLSZ09,1,4.340095993112337
MPSZ02,MPSZ03,2,0.7646729806688193
MPSZ02,ORSZ02,2,7.758462857884411
MPSZ02,ORSZ03,1,7.079608540031754
MPSZ02,OTSZ03,1,7.191350490854109
MPSZ02,PGSZ02,1,11.314519694187592
MPSZ02,PGSZ04,1,9.775397152421458
MPSZ02,PRSZ03,3,8.810102509255387
MPSZ02,QTSZ06,1,11.123483491453445
MPSZ02,QTSZ08,2,12.408729128044936
MPSZ02,QTSZ11,1,14.032555520673851
MPSZ02,RCSZ10,2,5.550339557253159
MPSZ02,SGSZ06,1,6.114774059259386
MPSZ02,TMSZ04,3,6.839996170101967
MPSZ02,TPSZ03,1,6.932887882963793
MPSZ02,TPSZ04,1,6.303870385368385
MPSZ02,YSSZ09,1,15.893197663278261
MPSZ03,AMSZ02,1,9.785863422051808
MPSZ03,AMSZ04,1,9.567521861352155
MPSZ03,AMSZ08,1,12.838073939406017
MPSZ03,AMSZ10,1,11.450732756765069
MPSZ03,BDSZ01,2,3.649733655202657
MPSZ03,BDSZ03,1,2.603159149303617
MPSZ03,BDSZ04,5,4.4070958391624195
MPSZ03,BDSZ05,3,1.9516366829651035
MPSZ03,BDSZ06,1,4.603267741098764
MPSZ03,BDSZ07,1,2.208686361486312
MPSZ03,BMSZ01,1,11.113950646992675
MPSZ03,BMSZ02,1,10.15949519005714
MPSZ03,BMSZ05,1,8.505254467895048
MPSZ03,BMSZ07,1,11.025847090329552
MPSZ03,BMSZ16,1,8.506132347478736
MPSZ03,BPSZ03,1,17.69433621159814
MPSZ03,BSSZ03,1,8.007712488089997
MPSZ03,BTSZ01,1,15.615424308426128
MPSZ03,BTSZ05,1,11.548159119224007
MPSZ03,BTSZ06,1,12.056512112446544
MPSZ03,CHSZ03,3,11.502248689489427
MPSZ03,CKSZ03,1,19.99117008388106
MPSZ03,DTSZ01,3,5.745123952267231
MPSZ03,DTSZ03,7,5.458312316417053
MPSZ03,DTSZ05,4,6.637872214589594
MPSZ03,DTSZ08,3,7.059406378997142
MPSZ03,DTSZ09,1,7.484164276679376
MPSZ03,DTSZ11,2,6.834390757671131
MPSZ03,DTSZ12,1,5.866578909265468
MPSZ03,GLSZ02,1,3.693714375224264
MPSZ03,GLSZ03,2,3.2209837584109384
MPSZ03,GLSZ04,1,2.9661621130342146
MPSZ03,GLSZ05,9,1.8762855558336555
MPSZ03,HGSZ05,1,9.17457731271351
MPSZ03,HGSZ07,1,6.443066823938716
MPSZ03,KLSZ02,1,4.647841344975798
MPSZ03,KLSZ05,1,3.5293061098095544
MPSZ03,KLSZ09,1,4.867759838314435
MPSZ03,MDSZ02,1,17.336450093892957
MPSZ03,MPSZ01,1,1.8175753950667162
MPSZ03,MPSZ02,2,0.7646729806688193
MPSZ03,MPSZ03,19,0.0
MPSZ03,NVSZ02,2,7.385538125040818
MPSZ03,ORSZ02,2,8.343421249983441
MPSZ03,OTSZ01,1,7.814810350617933
MPSZ03,PGSZ03,1,11.167757497782702
MPSZ03,PGSZ05,1,10.97402517611472
MPSZ03,PLSZ04,1,5.537832842518144
MPSZ03,PRSZ03,4,8.911983403702775
MPSZ03,PRSZ05,1,9.33493279868607
MPSZ03,QTSZ02,1,12.554000606589147
MPSZ03,QTSZ08,2,12.960943887980356
MPSZ03,QTSZ11,1,14.579189260673838
MPSZ03,QTSZ14,1,12.866951576715168
MPSZ03,RCSZ10,1,6.078671259894674
MPSZ03,SBSZ01,1,18.18000840548554
MPSZ03,SESZ02,1,9.433445599445877
MPSZ03,SESZ06,3,10.834705825603377
MPSZ03,SGSZ07,1,5.932166352938096
MPSZ03,SRSZ02,2,7.155990202326312
MPSZ03,TMSZ02,1,7.516130599959296
MPSZ03,TMSZ03,2,5.982044201148525
MPSZ03,TMSZ04,1,6.659656326992244
MPSZ03,TMSZ05,1,7.442717661417659
MPSZ03,TPSZ06,1,6.626792048875372
MPSZ03,TPSZ09,1,5.7484457979734165
MPSZ03,TPSZ12,1,4.68974374204161
MPSZ03,YSSZ09,2,16.614910037479355
MSSZ01,BMSZ01,2,5.930797912641561
MSSZ01,BPSZ04,1,14.779368305563489
MSSZ01,BPSZ05,2,15.316985263794267
MSSZ01,DTSZ09,1,2.255534071414804
MSSZ01,GLSZ04,1,4.266453411921522
MSSZ01,JWSZ08,1,20.272639370957528
MSSZ01,KLSZ02,1,4.5997412948308565
MSSZ01,ORSZ02,1,4.59747960774553
MSSZ01,PRSZ03,2,13.686306847893809
MSSZ01,QTSZ06,1,7.084491494383263
MSSZ01,SESZ03,1,12.853707567281527
MSSZ01,TMSZ03,1,10.875492437725912
MUSZ01,AMSZ01,4,8.221492632999231
MUSZ01,AMSZ07,1,8.586673307743846
MUSZ01,BDSZ01,2,8.240080742828425
MUSZ01,BDSZ02,2,10.117218452714154
MUSZ01,BDSZ04,2,10.691306951914274
MUSZ01,BDSZ05,1,8.55016060386053
MUSZ01,BDSZ06,1,11.329696698589554
MUSZ01,BKSZ07,2,11.86806916000923
MUSZ01,BKSZ09,1,10.754622904958428
MUSZ01,BMSZ01,3,4.853831736144207
MUSZ01,BMSZ02,1,3.4988556470760046
MUSZ01,BMSZ03,1,3.3552278706834033
MUSZ01,BMSZ04,1,2.6223641858390914
MUSZ01,BMSZ06,1,2.8634413828563026
MUSZ01,BMSZ09,2,1.9300513934455674
MUSZ01,BMSZ16,1,2.8342162127799373
MUSZ01,BMSZ17,1,3.844551880949147
MUSZ01,BPSZ03,2,12.610827805406512
MUSZ01,BPSZ04,3,11.74012608475498
MUSZ01,BPSZ05,1,12.266830265621675
MUSZ01,BSSZ02,1,6.172525684162197
MUSZ01,BSSZ03,1,5.734505767589877
MUSZ01,BTSZ04,1,7.362531561897422
MUSZ01,CHSZ03,1,18.140120620059044
MUSZ01,CKSZ03,1,14.469099804756269
MUSZ01,CLSZ03,1,10.149860911950483
MUSZ01,CLSZ04,2,8.955261690598673
MUSZ01,DTSZ01,4,1.2066032863056144
MUSZ01,DTSZ05,4,1.8027263368672652
MUSZ01,DTSZ09,1,2.554821346683202
MUSZ01,GLSZ02,1,5.463315689748191
MUSZ01,GLSZ04,3,4.606751526261557
MUSZ01,HGSZ01,3,9.40655801492176
MUSZ01,HGSZ02,1,9.833209735534577
MUSZ01,HGSZ04,1,9.459547221026963
MUSZ01,HGSZ06,4,8.145475450141696
MUSZ01,HGSZ07,1,7.922823335790211
MUSZ01,JWSZ04,2,14.341375638721516
MUSZ01,JWSZ08,1,17.46396314416379
MUSZ01,JWSZ09,1,16.55546124633905
MUSZ01,KLSZ01,3,3.190431763517255
MUSZ01,KLSZ06,2,2.045116266973613
MUSZ01,KLSZ07,2,1.7476530282697702
MUSZ01,MDSZ03,1,14.375782701133256
MUSZ01,MPSZ01,1,5.133247640009835
MUSZ01,MPSZ03,2,6.950769961496756
MUSZ01,MUSZ03,1,0.554360394562012
MUSZ01,NVSZ02,1,2.106233887078168
MUSZ01,ORSZ02,2,1.578329271639839
MUSZ01,ORSZ03,1,0.7364956663086714
MUSZ01,OTSZ03,3,2.1059288149283146
MUSZ01,OTSZ04,1,1.6194112013985222
MUSZ01,PGSZ01,1,14.734594470309682
MUSZ01,PGSZ02,2,13.763916948277704
MUSZ01,PGSZ03,5,12.905263215472523
MUSZ01,PGSZ04,4,12.946394885041654
MUSZ01,PGSZ05,1,13.764586447335375
MUSZ01,PNSZ02,1,19.690127516078824
MUSZ01,PRSZ04,1,15.171366069409041
MUSZ01,PRSZ05,4,14.895052039949423
MUSZ01,QTSZ05,3,4.117127913434588
MUSZ01,QTSZ10,1,7.317135244704958
MUSZ01,RCSZ01,3,1.3828197571795893
MUSZ01,RCSZ02,1,1.3230563922218812
MUSZ01,RCSZ09,1,0.7634776614449683
MUSZ01,SBSZ01,1,16.599882400709426
MUSZ01,SBSZ03,3,16.684516538082182
MUSZ01,SBSZ04,1,17.887953350368146
MUSZ01,SESZ02,3,11.901751349668295
MUSZ01,SESZ03,4,11.85020276599691
MUSZ01,SESZ04,1,11.701133611434777
MUSZ01,SESZ05,1,10.786554362552302
MUSZ01,SESZ06,1,11.262343390643236
MUSZ01,SGSZ04,2,7.4946386235500295
MUSZ01,SGSZ06,1,6.577771150378855
MUSZ01,SRSZ01,4,1.2329661581731022
MUSZ01,SRSZ03,1,1.3212905682790512
MUSZ01,TMSZ01,2,12.844995573259508
MUSZ01,TMSZ03,1,11.503586091896722
MUSZ01,TMSZ04,1,12.960188288969517
MUSZ01,TNSZ01,1,2.8539293136543837
MUSZ01,TPSZ02,2,3.7584643865325513
MUSZ01,TPSZ03,2,4.661513761809821
MUSZ01,TPSZ04,1,4.142532111064653
MUSZ01,TPSZ06,2,4.47490114676916
MUSZ01,TPSZ09,1,4.431721085270301
MUSZ01,TPSZ12,1,5.887895589668833
MUSZ01,WDSZ04,2,15.607662701229177
MUSZ01,WDSZ05,1,16.284977248792597
MUSZ01,WDSZ06,1,17.242536702302242
MUSZ01,YSSZ06,1,11.643227167002989
MUSZ01,YSSZ08,1,13.375640724519196
MUSZ01,YSSZ09,1,14.793974491685569
MUSZ02,AMSZ05,1,8.265287378588097
MUSZ02,BPSZ01,1,13.971413113136505
MUSZ02,GLSZ05,1,6.3500981474247915
MUSZ02,KLSZ01,1,3.59307361436139
MUSZ02,KLSZ03,1,3.72970673847885
MUSZ02,PGSZ01,1,15.16926350047859
MUSZ02,RCSZ01,1,1.8144410840006913
MUSZ02,SBSZ04,1,18.431655301318703
MUSZ02,SESZ02,1,12.299560853721673
MUSZ02,TMSZ03,1,11.690246402306032
MUSZ02,TMSZ04,1,13.076143228075145
MUSZ03,AMSZ03,1,7.594568631484176
MUSZ03,AMSZ05,1,8.069185952019145
MUSZ03,BDSZ01,2,7.9874985187178815
MUSZ03,BDSZ02,4,9.837848846420565
MUSZ03,BDSZ04,3,10.348522631426341
MUSZ03,BDSZ05,3,8.15634994682055
MUSZ03,BDSZ06,1,10.939561943782842
MUSZ03,BMSZ06,1,3.271497700693867
MUSZ03,BMSZ09,1,2.23413125113907
MUSZ03,BMSZ10,2,2.432122047521878
MUSZ03,BPSZ01,1,14.056120524535663
MUSZ03,BPSZ03,1,13.13971268364065
MUSZ03,BPSZ05,1,12.807852489863311
MUSZ03,BTSZ04,1,7.896501933580376
MUSZ03,CKSZ03,1,15.015331151405574
MUSZ03,CKSZ06,2,16.190939107725303
MUSZ03,CLSZ02,1,9.579298721535757
MUSZ03,CLSZ04,2,9.48498438779671
MUSZ03,CLSZ08,1,9.623861908079611
MUSZ03,DTSZ03,1,1.2436282452059544
MUSZ03,DTSZ12,1,1.7566267346942717
MUSZ03,GLSZ01,1,4.4291869681364675
MUSZ03,GLSZ02,1,5.270866295209281
MUSZ03,GLSZ03,1,6.420757918249627
MUSZ03,HGSZ02,3,9.796714348562526
MUSZ03,HGSZ04,2,9.503549279021184
MUSZ03,JESZ01,2,14.225642921943157
MUSZ03,JESZ02,1,13.238768157415569
MUSZ03,JWSZ02,1,16.33240282957772
MUSZ03,JWSZ04,2,14.876555788859928
MUSZ03,JWSZ08,1,18.00112054015751
MUSZ03,KLSZ01,1,3.199257217643721
MUSZ03,KLSZ03,1,3.279544573799949
MUSZ03,KLSZ06,2,1.9471981185063185
MUSZ03,MUSZ01,1,0.554360394562012
MUSZ03,NVSZ02,1,2.4901271415123425
MUSZ03,ORSZ03,1,1.2844187519471462
MUSZ03,PGSZ02,1,13.816820971967413
MUSZ03,PGSZ03,1,12.964667154712341
MUSZ03,PGSZ04,1,12.928136101347622
MUSZ03,PRSZ02,3,13.645122254706829
MUSZ03,PRSZ03,1,13.819640121411421
MUSZ03,PRSZ08,2,14.764906842420547
MUSZ03,QTSZ01,2,7.077655685603983
MUSZ03,QTSZ05,2,4.587343583985422
MUSZ03,QTSZ06,1,5.14560599127353
MUSZ03,QTSZ10,1,7.8147937200336655
MUSZ03,QTSZ11,1,8.095636566130052
MUSZ03,SBSZ05,1,17.680444250342113
MUSZ03,SESZ02,1,11.890285406063336
MUSZ03,SESZ05,1,10.83899747147561
MUSZ03,SGSZ03,1,9.086628611312701
MUSZ03,SGSZ04,1,7.637315211262067
MUSZ03,SGSZ07,1,6.381758861702335
MUSZ03,SISZ01,1,5.620784120091591
MUSZ03,TMSZ02,3,13.03523908902163
MUSZ03,TMSZ03,4,11.23798501973583
MUSZ03,TNSZ02,1,2.8954275138900925
MUSZ03,TPSZ03,1,4.924922136300767
MUSZ03,TPSZ06,1,4.621839348133957
MUSZ03,TPSZ11,2,4.91613109771124
MUSZ03,WDSZ03,5,16.966293401450862
MUSZ03,YSSZ03,2,14.64268136293665
NTSZ01,HGSZ05,1,9.725082919527956
NTSZ02,BTSZ06,1,3.877894829805258
NTSZ02,DTSZ05,1,3.805022872717919
NTSZ02,DTSZ08,1,4.2092358323046035
NTSZ02,RCSZ10,1,2.5910670152748696
NTSZ02,SRSZ02,1,2.9017811833490006
NTSZ03,AMSZ01,1,6.864485419327147
NTSZ03,AMSZ02,2,7.012425955216537
NTSZ03,AMSZ04,1,6.078936497651791
NTSZ03,AMSZ05,1,6.269975066551411
NTSZ03,AMSZ09,1,7.75163156607214
NTSZ03,AMSZ10,1,8.272350113506707
NTSZ03,BDSZ02,1,10.25401824077115
NTSZ03,BDSZ05,1,9.104176071717944
NTSZ03,BKSZ02,1,11.5642930102029
NTSZ03,BKSZ05,1,9.639290620897304
NTSZ03,BKSZ07,1,10.60566124054673
NTSZ03,BMSZ06,1,2.95861012155342
NTSZ03,BMSZ10,1,3.1830103170941477
NTSZ03,BPSZ01,1,12.000823946099851
NTSZ03,BPSZ02,2,11.55512898661966
NTSZ03,BPSZ05,1,10.764930713311953
NTSZ03,BPSZ07,1,8.206171471802767
NTSZ03,BSSZ03,1,4.544092034355699
NTSZ03,BTSZ03,1,6.333205149492946
NTSZ03,BTSZ07,1,4.672133950044768
NTSZ03,CKSZ01,1,12.13199126337096
NTSZ03,CKSZ02,1,12.465423192929023
NTSZ03,CKSZ06,1,14.131471149684963
NTSZ03,CLSZ03,1,9.159560881437537
NTSZ03,DTSZ08,1,3.836832983414976
NTSZ03,DTSZ09,1,4.051612622345829
NTSZ03,GLSZ04,1,5.010374810382725
NTSZ03,HGSZ02,2,9.251212604348606
NTSZ03,JWSZ04,1,13.296335913773843
NTSZ03,MUSZ03,1,2.0884197568240914
NTSZ03,NVSZ02,2,0.8216015706308637
NTSZ03,ORSZ02,9,0.9617985697822504
NTSZ03,ORSZ03,2,1.1662320713903627
NTSZ03,PGSZ05,3,13.080180370058734
NTSZ03,PRSZ02,1,13.538062014811812
NTSZ03,PRSZ03,5,13.892079416363107
NTSZ03,PRSZ05,1,14.864672896947862
NTSZ03,QTSZ06,1,4.416777636407842
NTSZ03,RCSZ01,2,1.529077426147733
NTSZ03,RCSZ10,1,2.0784069094634523
NTSZ03,SBSZ01,1,15.134160951414547
NTSZ03,SESZ02,2,11.224272365451453
NTSZ03,SESZ03,2,11.05954502312775
NTSZ03,SESZ04,1,10.794682201264285
NTSZ03,SESZ05,2,9.954212029599049
NTSZ03,SESZ06,1,10.205454858919609
NTSZ03,SGSZ04,1,6.487674305578646
NTSZ03,SGSZ07,2,5.7796805450539175
NTSZ03,SRSZ03,1,2.897976542621781
NTSZ03,TMSZ01,1,12.712037593784476
NTSZ03,TMSZ02,3,13.397496694253457
NTSZ03,TNSZ02,1,2.338629182958173
NTSZ03,TPSZ02,1,2.4814254068402755
NTSZ03,TPSZ09,1,3.8395470960806692
NTSZ03,TPSZ12,1,5.6010150333669575
NTSZ03,WDSZ02,1,15.195398690116043
NTSZ03,WDSZ03,2,14.983028952615324
NTSZ03,YSSZ03,2,12.964430887051197
NTSZ03,YSSZ09,2,13.320453542691572
NTSZ05,BMSZ06,1,2.9476630696800363
NTSZ05,BPSZ03,1,11.58490393621925
NTSZ05,BPSZ04,1,10.724966728850557
NTSZ05,DTSZ11,1,3.792260727099163
NTSZ05,GLSZ04,2,4.718994329478618
NTSZ05,JWSZ09,1,15.915123348369852
NTSZ05,NVSZ01,1,2.211202447989901
NTSZ05,ORSZ02,1,1.0471851312852931
NTSZ05,PGSZ04,1,12.365055308182567
NTSZ05,PGSZ05,1,13.174942302561272
NTSZ05,YSSZ03,1,13.34174921246864
NVSZ01,AMSZ01,1,5.275934487403925
NVSZ01,AMSZ03,1,4.338911449753773
NVSZ01,AMSZ10,1,6.70029309042011
NVSZ01,BDSZ04,1,9.459263596389071
NVSZ01,BDSZ05,1,7.801726669784155
NVSZ01,BDSZ06,1,10.40269323291709
NVSZ01,BKSZ03,1,12.555893370869093
NVSZ01,BKSZ04,1,11.312623887500976
NVSZ01,BMSZ05,1,5.409109910963212
NVSZ01,BMSZ07,1,6.255250979521635
NVSZ01,BMSZ15,1,6.436352940195613
NVSZ01,BMSZ16,1,5.856646625374528
NVSZ01,BMSZ17,1,6.8802116835782465
NVSZ01,BPSZ04,1,10.284293345154957
NVSZ01,BSSZ01,6,4.140712133667812
NVSZ01,BTSZ01,1,8.94509460120912
NVSZ01,CLSZ04,1,9.388541787061635
NVSZ01,DTSZ01,2,2.9833612750160183
NVSZ01,DTSZ02,1,3.685438334398412
NVSZ01,DTSZ03,1,3.8646609645860366
NVSZ01,DTSZ05,4,4.6472306127580705
NVSZ01,DTSZ06,1,4.460705303540906
NVSZ01,DTSZ08,2,5.2175824114182605
NVSZ01,DTSZ09,1,5.548570974400347
NVSZ01,DTSZ11,4,5.543975641892142
NVSZ01,GLSZ02,1,3.799664429810008
NVSZ01,GLSZ03,1,5.079157937724572
NVSZ01,GLSZ04,1,3.816561496251072
NVSZ01,GLSZ05,1,5.341235918275995
NVSZ01,HGSZ05,1,7.03790016757992
NVSZ01,HGSZ06,2,5.30543525189973
NVSZ01,HGSZ07,1,5.26592267317842
NVSZ01,HGSZ08,1,4.542058871475054
NVSZ01,KLSZ01,5,1.2541791241075353
NVSZ01,KLSZ03,2,2.6394585568503883
NVSZ01,KLSZ05,2,3.912153890326703
NVSZ01,KLSZ06,6,1.8640868453461785
NVSZ01,KLSZ07,4,1.3155829866230866
NVSZ01,KLSZ08,3,2.045275274806202
NVSZ01,KLSZ09,1,3.096692778120035
NVSZ01,MUSZ01,1,3.0362964766232627
NVSZ01,NTSZ03,2,2.0792721942770793
NVSZ01,NVSZ01,14,0.0
NVSZ01,NVSZ02,6,1.267584011192419
NVSZ01,ORSZ02,5,3.0405692042942234
NVSZ01,ORSZ03,4,3.030301431746611
NVSZ01,OTSZ03,2,5.130283975123037
NVSZ01,OTSZ04,1,4.596716942219247
NVSZ01,PGSZ02,1,10.853908171620594
NVSZ01,PGSZ03,1,9.987394682002646
NVSZ01,PGSZ04,1,10.197735624095891
NVSZ01,PRSZ03,1,11.947946371206426
NVSZ01,QTSZ08,1,7.3269209164831715
NVSZ01,QTSZ11,1,8.904442299978603
NVSZ01,QTSZ13,2,8.996917547830018
NVSZ01,QTSZ14,2,8.23300582162582
NVSZ01,RCSZ01,1,1.8218184933113575
NVSZ01,RCSZ05,1,2.7572210524992267
NVSZ01,RCSZ06,1,2.1633971350084527
NVSZ01,RCSZ09,5,2.6141635295055043
NVSZ01,RCSZ10,1,2.882280228736713
NVSZ01,SBSZ03,1,13.939620082221909
NVSZ01,SBSZ04,1,15.139809385714523
NVSZ01,SESZ02,1,9.145201882117036
NVSZ01,SESZ03,3,8.991671372652268
NVSZ01,SESZ05,2,7.893618528705604
NVSZ01,SESZ06,2,8.245579360090712
NVSZ01,SGSZ03,1,5.973053559590637
NVSZ01,SGSZ06,2,3.6846292073140186
NVSZ01,SRSZ03,1,4.2551375897408965
NVSZ01,TMSZ03,1,9.776551888921917
NVSZ01,TMSZ04,2,11.565714256539229
NVSZ01,TMSZ05,2,13.12627025168729
NVSZ01,TPSZ01,1,1.9049923646576419
NVSZ01,TPSZ02,3,0.9734769421077302
NVSZ01,TPSZ03,2,1.6787968573015417
NVSZ01,TPSZ06,6,1.507870345245103
NVSZ01,TPSZ07,1,1.099804979383132
NVSZ01,TPSZ09,1,1.8239407596733532
NVSZ01,WCSZ01,2,19.007981054283036
NVSZ01,WDSZ02,1,14.336864668427449
NVSZ01,WDSZ03,2,13.980795704217538
NVSZ01,WDSZ07,1,15.411837136556676
NVSZ01,YSSZ01,1,11.350319559016876
NVSZ01,YSSZ02,1,12.60248788867907
NVSZ01,YSSZ03,1,11.396024118820547
NVSZ01,YSSZ04,1,10.439756182111141
NVSZ01,YSSZ05,1,9.305283267045494
NVSZ01,YSSZ09,2,11.954833821034873
NVSZ02,AMSZ01,5,6.145691438127311
NVSZ02,AMSZ02,1,6.250526401239765
NVSZ02,AMSZ03,3,5.376582019102376
NVSZ02,AMSZ04,3,5.342215352529198
NVSZ02,AMSZ05,1,5.6177942120779925
NVSZ02,AMSZ06,2,6.217438334820094
NVSZ02,AMSZ09,3,7.082791457565784
NVSZ02,AMSZ10,1,7.564058407980474
NVSZ02,BDSZ02,1,9.611624510814082
NVSZ02,BDSZ03,1,8.130818413987075
NVSZ02,BDSZ04,3,10.457646197229778
NVSZ02,BDSZ06,3,11.31785586188237
NVSZ02,BKSZ05,1,9.736292858256322
NVSZ02,BKSZ07,1,10.812883273901404
NVSZ02,BKSZ08,2,10.106208972859768
NVSZ02,BMSZ04,1,4.138875868967727
NVSZ02,BMSZ06,4,3.773016695595983
NVSZ02,BMSZ08,3,4.097011117775606
NVSZ02,BMSZ09,1,3.4010870108089564
NVSZ02,BMSZ11,1,4.694658386381994
NVSZ02,BMSZ14,2,5.120203711269396
NVSZ02,BPSZ01,1,11.90337413589243
NVSZ02,BPSZ02,1,11.426946995028219
NVSZ02,BPSZ03,1,10.918416443505086
NVSZ02,BPSZ04,1,10.087570480845178
NVSZ02,BPSZ05,3,10.699575621577189
NVSZ02,BSSZ01,6,4.601943541926713
NVSZ02,BSSZ02,5,4.089090493516779
NVSZ02,BSSZ03,9,3.75325190070528
NVSZ02,BTSZ01,5,8.235080012958683
NVSZ02,BTSZ03,2,6.648249800408838
NVSZ02,BTSZ06,1,4.672767801859586
NVSZ02,CKSZ01,1,12.088179718564936
NVSZ02,CKSZ02,1,12.494718461361463
NVSZ02,CKSZ03,2,12.963717814112192
NVSZ02,CKSZ05,2,13.550363026573258
NVSZ02,CKSZ06,3,14.017864654757709
NVSZ02,CLSZ03,2,9.568913019204732
NVSZ02,CLSZ04,4,8.434803783728732
NVSZ02,DTSZ01,2,2.5273499188078206
NVSZ02,DTSZ02,2,3.0297851622873107
NVSZ02,DTSZ03,2,3.428630959526264
NVSZ02,DTSZ05,1,3.8804120572691936
NVSZ02,DTSZ08,1,4.388439712726504
NVSZ02,DTSZ09,1,4.655910103255533
NVSZ02,DTSZ12,1,4.196053985833055
NVSZ02,GLSZ02,1,4.833662838661987
NVSZ02,GLSZ03,2,6.1221639289926015
NVSZ02,GLSZ04,5,4.543896392175608
NVSZ02,GLSZ05,2,6.17307553316404
NVSZ02,HGSZ01,1,7.918676320657722
NVSZ02,HGSZ02,3,8.445728349754475
NVSZ02,HGSZ03,2,8.907556411780822
NVSZ02,HGSZ04,2,7.846713939040831
NVSZ02,HGSZ05,2,8.254415762686026
NVSZ02,HGSZ06,2,6.563071690865753
NVSZ02,HGSZ07,1,6.532715006801925
NVSZ02,HGSZ08,1,5.765645738973926
NVSZ02,JESZ03,2,10.974846045135694
NVSZ02,JESZ05,1,11.264080488640177
NVSZ02,JWSZ03,2,14.001341271927208
NVSZ02,JWSZ04,1,13.649357763645085
NVSZ02,JWSZ08,2,16.71573999367635
NVSZ02,KLSZ01,1,2.175886815736919
NVSZ02,KLSZ03,3,3.2915002082718576
NVSZ02,KLSZ05,1,4.138465746298275
NVSZ02,KLSZ06,5,1.9670648744696475
NVSZ02,KLSZ07,3,0.9407328541278864
NVSZ02,KLSZ08,2,2.5500456302490604
NVSZ02,KLSZ09,1,2.997292266879592
NVSZ02,MPSZ03,1,7.385538125040818
NVSZ02,MUSZ01,2,2.106233887078168
NVSZ02,MUSZ03,2,2.4901271415123425
NVSZ02,NTSZ03,1,0.8216015706308637
NVSZ02,NVSZ01,4,1.267584011192419
NVSZ02,NVSZ02,2,0.0
NVSZ02,NVSZ04,1,2.7016386598446323
NVSZ02,ORSZ02,3,1.7777185155096267
NVSZ02,ORSZ03,3,1.8889192483215784
NVSZ02,OTSZ03,4,4.190351755811743
NVSZ02,PGSZ02,2,12.081944078111112
NVSZ02,PGSZ04,3,11.460422679778869
NVSZ02,PGSZ05,3,12.262508482188563
NVSZ02,PRSZ02,1,12.776079835727629
NVSZ02,PRSZ03,4,13.159442319786756
NVSZ02,PRSZ08,1,14.489607943079454
NVSZ02,QTSZ03,1,4.977875745472696
NVSZ02,QTSZ05,1,4.470381033420109
NVSZ02,QTSZ08,1,6.143880134513132
NVSZ02,QTSZ10,2,7.198375546347932
NVSZ02,RCSZ01,2,1.4001191919807634
NVSZ02,RCSZ09,1,1.9770450515550109
NVSZ02,RCSZ10,1,2.296850468676334
NVSZ02,SBSZ01,3,14.494930987551083
NVSZ02,SBSZ02,1,13.853659391934329
NVSZ02,SBSZ03,3,14.582448745541871
NVSZ02,SESZ02,2,10.407887596508044
NVSZ02,SESZ03,7,10.238259989115535
NVSZ02,SESZ04,5,9.974741145424334
NVSZ02,SESZ05,1,9.132611853836545
NVSZ02,SESZ06,2,9.39885244946822
NVSZ02,SGSZ06,3,4.937617308292101
NVSZ02,SGSZ07,1,4.981773882949455
NVSZ02,TMSZ02,8,12.726796719617527
NVSZ02,TMSZ03,1,10.907510856556073
NVSZ02,TMSZ04,3,12.621835099277288
NVSZ02,TNSZ01,3,2.0952290423453896
NVSZ02,TNSZ02,1,3.148398869477257
NVSZ02,TNSZ03,1,3.82651074365438
NVSZ02,TPSZ01,3,2.479827590220264
NVSZ02,TPSZ02,9,1.7042808276546735
NVSZ02,TPSZ03,3,2.654822256613516
NVSZ02,TPSZ04,1,2.26468802733303
NVSZ02,TPSZ06,5,2.7588056334035747
NVSZ02,TPSZ08,1,3.6072465861249565
NVSZ02,TPSZ09,2,3.061397399142009
NVSZ02,TPSZ11,2,3.8398012616514823
NVSZ02,TPSZ12,2,4.870988521513181
NVSZ02,WCSZ01,1,18.467040925254583
NVSZ02,WDSZ02,4,14.740102338825043
NVSZ02,WDSZ03,5,14.476577536121003
NVSZ02,WDSZ04,2,13.576443769972325
NVSZ02,WDSZ05,3,14.322430580632323
NVSZ02,YSSZ01,2,12.140587811372512
NVSZ02,YSSZ02,2,13.404197618820344
NVSZ02,YSSZ03,3,12.267324191950772
NVSZ02,YSSZ04,3,11.22406463593339
NVSZ02,YSSZ08,4,11.269615746608753
NVSZ02,YSSZ09,9,12.688147750674505
NVSZ03,AMSZ01,1,5.70204104421502
NVSZ03,AMSZ03,2,5.171321845007197
NVSZ03,AMSZ06,1,5.63270393861025
NVSZ03,BKSZ01,1,9.929760739729648
NVSZ03,BKSZ03,1,10.819628963234459
NVSZ03,BMSZ02,1,4.88007580028764
NVSZ03,BMSZ03,1,4.36568366611233
NVSZ03,BMSZ08,1,4.219704150827928
NVSZ03,BSSZ03,1,3.6470891796466782
NVSZ03,CKSZ01,1,10.932449735942411
NVSZ03,CKSZ02,1,11.335495497270893
NVSZ03,CLSZ04,1,7.470010692599702
NVSZ03,CLSZ06,1,7.973251314498553
NVSZ03,HGSZ02,1,8.81879515337092
NVSZ03,HGSZ06,1,6.824790810153412
NVSZ03,JESZ05,1,10.206533904833458
NVSZ03,KLSZ01,1,3.103773875207714
NVSZ03,KLSZ09,1,4.150309527807021
NVSZ03,MDSZ02,1,11.758693516988204
NVSZ03,MUSZ01,1,2.974248035666752
NVSZ03,NVSZ02,1,1.1593312109635816
NVSZ03,ORSZ02,1,1.9802171954530212
NVSZ03,PRSZ03,1,13.790570720465594
NVSZ03,QTSZ02,1,4.654095653307868
NVSZ03,RCSZ02,1,2.880220450870172
NVSZ03,SBSZ01,1,13.83255045415097
NVSZ03,SBSZ03,1,13.82185268326397
NVSZ03,SESZ04,1,10.029646230893865
NVSZ03,SGSZ05,1,4.304493758570011
NVSZ03,TMSZ02,1,13.494155158081035
NVSZ03,TNSZ04,1,2.5212900458910537
NVSZ03,TPSZ02,1,1.7055515491528241
NVSZ03,TPSZ03,1,2.6024266674549557
NVSZ03,WDSZ06,1,14.27008934272407
NVSZ03,YSSZ02,1,12.791672234164546
NVSZ04,BMSZ08,1,4.3669649544100375
NVSZ04,BSSZ02,1,4.17425501797386
NVSZ04,BTSZ01,1,5.547136250322749
NVSZ04,CCSZ01,1,5.991264160428667
NVSZ04,CKSZ02,1,9.849465192264104
NVSZ04,DTSZ05,2,5.841949163250831
NVSZ04,GLSZ05,1,8.762166151373776
NVSZ04,JWSZ08,1,14.065729862076171
NVSZ04,NVSZ02,1,2.7016386598446323
NVSZ04,ORSZ03,1,3.4909001582888526
NVSZ04,PRSZ08,1,16.66991247994914
NVSZ04,SKSZ01,1,13.789902467157336
NVSZ04,TNSZ04,1,1.5142194897152155
NVSZ05,AMSZ02,1,5.148665728650164
NVSZ05,AMSZ05,1,3.9395036892130126
NVSZ05,BDSZ04,1,11.906847769639437
NVSZ05,BPSZ04,1,7.753111361621991
NVSZ05,DTSZ05,1,6.085996473966316
NVSZ05,QTSZ02,1,4.739849013955378
NVSZ05,TPSZ11,1,4.965684582462381
NVSZ05,WDSZ09,1,14.054693642992902
ORSZ01,BDSZ01,1,9.919519539190633
ORSZ01,BKSZ03,1,10.87572413252948
ORSZ01,BSSZ01,1,5.920415999095489
ORSZ01,BSSZ03,1,5.847492452629849
ORSZ01,KLSZ01,1,4.449843905505153
ORSZ01,MUSZ01,1,2.2543133956997647
ORSZ01,ORSZ03,1,1.5190923520959723
ORSZ01,PGSZ04,1,13.790964253161954
ORSZ01,QTSZ05,1,2.133037229525851
ORSZ01,RCSZ01,1,2.9666109973930888
ORSZ01,SESZ03,2,12.528805832155784
ORSZ01,TMSZ02,1,14.995249086154557
ORSZ01,TMSZ03,1,13.174178028088486
ORSZ01,TMSZ04,1,14.79858078118471
ORSZ01,TPSZ04,1,4.541713020681412
ORSZ01,YSSZ04,1,12.706781003422368
ORSZ02,AMSZ01,10,7.659554160451921
ORSZ02,AMSZ02,2,7.86112034343722
ORSZ02,AMSZ08,2,9.06711546434846
ORSZ02,AMSZ09,2,8.481717241596819
ORSZ02,AMSZ10,1,9.048213387418876
ORSZ02,AMSZ12,1,8.987195006594131
ORSZ02,BDSZ01,2,9.194048262139981
ORSZ02,BDSZ03,1,9.480734441090526
ORSZ02,BDSZ04,4,11.832707237144264
ORSZ02,BDSZ05,2,9.822323673040676
ORSZ02,BDSZ06,1,12.577033795412547
ORSZ02,BKSZ05,2,9.460451546290008
ORSZ02,BKSZ07,1,10.28974087368996
ORSZ02,BKSZ08,1,9.656529074733657
ORSZ02,BMSZ01,2,4.590781309617184
ORSZ02,BMSZ03,1,2.6123990501298695
ORSZ02,BMSZ04,7,2.45748743027893
ORSZ02,BMSZ06,3,1.9968904423838922
ORSZ02,BMSZ07,1,3.2365486794670804
ORSZ02,BMSZ08,3,2.3374692627379265
ORSZ02,BMSZ09,1,1.7617956594119657
ORSZ02,BMSZ10,1,2.3935320375481997
ORSZ02,BMSZ15,1,3.595639634620449
ORSZ02,BMSZ17,1,4.480027484238086
ORSZ02,BPSZ02,2,11.625418578574669
ORSZ02,BPSZ03,1,11.162018247306616
ORSZ02,BPSZ04,9,10.276409117697819
ORSZ02,BPSZ05,2,10.767083021711537
ORSZ02,BPSZ06,1,9.717397332389764
ORSZ02,BSSZ01,10,5.814905738335073
ORSZ02,BSSZ03,5,5.440020592433535
ORSZ02,BTSZ01,2,7.685449097097576
ORSZ02,BTSZ04,1,5.828380386483825
ORSZ02,BTSZ07,2,4.168538991532879
ORSZ02,BTSZ08,2,3.3060862151826953
ORSZ02,CKSZ01,1,12.09993888052484
ORSZ02,CKSZ02,1,12.345944112139145
ORSZ02,CKSZ03,4,12.94408143956767
ORSZ02,CKSZ06,4,14.17125009684275
ORSZ02,CLSZ03,1,8.617085963448938
ORSZ02,CLSZ04,2,7.430186550109214
ORSZ02,CLSZ07,1,7.146078842625326
ORSZ02,DTSZ01,1,2.6983113124378857
ORSZ02,DTSZ02,2,2.7038880830734957
ORSZ02,DTSZ03,1,3.3719495794511536
ORSZ02,DTSZ05,2,3.161833222093884
ORSZ02,DTSZ08,1,3.4804581905100402
ORSZ02,DTSZ09,2,3.5973237139691916
ORSZ02,DTSZ10,1,3.7276782464298006
ORSZ02,GLSZ03,1,7.6086195350789465
ORSZ02,GLSZ04,4,5.758616797070354
ORSZ02,GLSZ05,3,7.424291986439421
ORSZ02,HGSZ02,2,10.212638138471526
ORSZ02,HGSZ04,3,9.623292533444795
ORSZ02,HGSZ05,2,10.015857788244015
ORSZ02,HGSZ06,3,8.340790046728891
ORSZ02,HGSZ07,3,8.295784800679039
ORSZ02,HGSZ08,1,7.46196548086256
ORSZ02,JESZ01,1,12.10370689894649
ORSZ02,JESZ02,1,11.124191147737886
ORSZ02,JESZ03,1,10.253268711373176
ORSZ02,JESZ04,1,11.645038441921463
ORSZ02,JESZ05,2,10.457716048773623
ORSZ02,JWSZ01,1,15.02878781681223
ORSZ02,JWSZ03,1,13.346988837877447
ORSZ02,JWSZ08,3,15.914319753011856
ORSZ02,JWSZ09,4,15.010649443328516
ORSZ02,KLSZ01,2,3.7550245499647685
ORSZ02,KLSZ03,5,4.541487709652433
ORSZ02,KLSZ07,1,2.178958481989134
ORSZ02,KLSZ08,1,3.7843414191089577
ORSZ02,MPSZ02,2,7.758462857884411
ORSZ02,MUSZ01,6,1.578329271639839
ORSZ02,NTSZ03,8,0.9617985697822504
ORSZ02,NVSZ01,2,3.0405692042942234
ORSZ02,NVSZ02,5,1.7777185155096267
ORSZ02,NVSZ03,1,1.9802171954530212
ORSZ02,NVSZ04,1,2.6998243271305
ORSZ02,ORSZ02,4,0.0
ORSZ02,ORSZ03,5,0.8534670569351773
ORSZ02,OTSZ02,1,2.7197464116783547
ORSZ02,OTSZ03,5,3.0833573960419685
ORSZ02,PGSZ02,3,13.84776287079609
ORSZ02,PGSZ03,4,12.978632787671925
ORSZ02,PGSZ04,3,13.237439697301477
ORSZ02,PGSZ05,2,14.040060105949935
ORSZ02,PRSZ03,5,14.814728317007713
ORSZ02,PRSZ05,4,15.768963448778594
ORSZ02,QTSZ05,1,2.8587404896799744
ORSZ02,QTSZ06,2,3.5198286843770554
ORSZ02,QTSZ10,2,5.89640549070681
ORSZ02,RCSZ01,1,2.214892702802539
ORSZ02,RCSZ05,2,3.0345917704455805
ORSZ02,RVSZ04,1,1.2753765910337111
ORSZ02,SBSZ01,2,15.804474037412778
ORSZ02,SBSZ03,1,15.764659514461766
ORSZ02,SBSZ04,1,16.96388261485603
ORSZ02,SBSZ05,2,16.479227949176174
ORSZ02,SESZ02,2,12.184890388759525
ORSZ02,SESZ03,5,12.013470532839914
ORSZ02,SESZ04,3,11.734923032655095
ORSZ02,SESZ05,3,10.905022412957237
ORSZ02,SESZ06,3,11.11571483585146
ORSZ02,SGSZ01,1,9.461940665569058
ORSZ02,SGSZ03,1,8.91414319680366
ORSZ02,SGSZ04,2,7.419561474361161
ORSZ02,SGSZ05,1,5.880098107337147
ORSZ02,SGSZ06,3,6.715125652398436
ORSZ02,SGSZ07,2,6.739843824874058
ORSZ02,SRSZ01,2,1.644312138435856
ORSZ02,SRSZ02,1,2.204258994066161
ORSZ02,TMSZ02,5,14.274470588146558
ORSZ02,TMSZ03,3,12.45389772749502
ORSZ02,TMSZ04,6,14.057950066761318
ORSZ02,TNSZ01,2,1.3132497057321622
ORSZ02,TNSZ03,2,2.3554872595482705
ORSZ02,TNSZ04,2,2.410738688103401
ORSZ02,TPSZ01,3,3.9764216624837263
ORSZ02,TPSZ02,8,3.3789850370029795
ORSZ02,TPSZ03,1,4.344194861143721
ORSZ02,TPSZ04,5,4.0278881839693295
ORSZ02,TPSZ06,9,4.53650174332677
ORSZ02,TPSZ08,2,5.377334310365774
ORSZ02,TPSZ12,1,6.530396464924489
ORSZ02,WDSZ02,3,15.637615232306695
ORSZ02,WDSZ03,4,15.488100688649466
ORSZ02,WDSZ04,2,14.45768845722655
ORSZ02,WDSZ05,2,15.029565993194648
ORSZ02,WDSZ06,3,15.992766633637396
ORSZ02,WDSZ09,1,17.15199366650032
ORSZ02,YSSZ01,1,13.50341818616615
ORSZ02,YSSZ02,1,14.770352085047518
ORSZ02,YSSZ03,1,13.713540247968318
ORSZ02,YSSZ04,2,12.588294355199164
ORSZ02,YSSZ05,1,11.629048640963592
ORSZ02,YSSZ08,3,12.531096592214181
ORSZ02,YSSZ09,10,13.985649668373252
ORSZ03,AMSZ01,2,8.016698352649312
ORSZ03,AMSZ02,1,8.1388817910291
ORSZ03,AMSZ06,3,8.046799679003017
ORSZ03,AMSZ07,2,8.235686238686693
ORSZ03,AMSZ09,1,8.916303990356713
ORSZ03,BDSZ03,1,8.920223122008073
ORSZ03,BDSZ04,5,11.2727208010041
ORSZ03,BDSZ05,1,9.184017366866579
ORSZ03,BMSZ01,1,4.573962738839252
ORSZ03,BMSZ03,1,2.8478628272918938
ORSZ03,BMSZ04,3,2.327970914678802
ORSZ03,BMSZ06,1,2.2962373512871945
ORSZ03,BMSZ07,2,3.5974456742359355
ORSZ03,BMSZ08,2,2.4202568452047277
ORSZ03,BMSZ13,1,4.308722193908999
ORSZ03,BPSZ02,2,12.444692131051866
ORSZ03,BPSZ03,4,11.974481007751226
ORSZ03,BPSZ05,5,11.600320924921256
ORSZ03,BSSZ01,3,6.333117926494728
ORSZ03,BSSZ02,5,5.958586795715293
ORSZ03,BSSZ03,5,5.638464557429649
ORSZ03,BTSZ02,2,6.7974934356763566
ORSZ03,CKSZ05,1,14.441849559298474
ORSZ03,CLSZ02,1,8.299343944482352
ORSZ03,CLSZ03,1,9.416664118233662
ORSZ03,CLSZ04,1,8.223303182528467
ORSZ03,CLSZ08,1,8.434545488188869
ORSZ03,DTSZ01,2,1.9111558962533812
ORSZ03,DTSZ02,1,1.850941533931816
ORSZ03,DTSZ03,1,2.5277690108843953
ORSZ03,DTSZ05,1,2.352104775834589
ORSZ03,DTSZ08,1,2.7296766784399256
ORSZ03,GLSZ03,2,7.147436304676329
ORSZ03,GLSZ04,7,5.177503428570169
ORSZ03,HGSZ02,1,10.07262779486794
ORSZ03,HGSZ05,2,10.066589886622921
ORSZ03,HGSZ06,2,8.293811623842375
ORSZ03,HGSZ07,1,8.152367550921177
ORSZ03,JESZ02,2,11.956400955741081
ORSZ03,JESZ04,2,12.459423813412005
ORSZ03,JESZ05,2,11.27807073052803
ORSZ03,JESZ08,2,10.757910790162093
ORSZ03,JWSZ03,1,14.182845944933135
ORSZ03,JWSZ09,2,15.820648539759006
ORSZ03,KLSZ01,2,3.4623181583472484
ORSZ03,KLSZ03,1,4.011593219963874
ORSZ03,KLSZ06,2,2.4916492722728734
ORSZ03,KLSZ07,2,1.88647726017489
ORSZ03,MDSZ03,1,14.035416547707078
ORSZ03,MUSZ01,5,0.7364956663086714
ORSZ03,NTSZ03,1,1.1662320713903627
ORSZ03,NVSZ01,3,3.030301431746611
ORSZ03,NVSZ02,1,1.8889192483215784
ORSZ03,ORSZ02,4,0.8534670569351773
ORSZ03,ORSZ03,2,0.0
ORSZ03,OTSZ01,1,1.7232461501341925
ORSZ03,OTSZ03,4,2.408312383365965
ORSZ03,PGSZ01,1,14.852216098608329
ORSZ03,PGSZ02,2,13.87593538461149
ORSZ03,PGSZ04,1,13.152335726497345
ORSZ03,PGSZ05,4,13.964745533167033
ORSZ03,PRSZ02,1,14.187585248277516
ORSZ03,PRSZ04,1,15.591163301958154
ORSZ03,PRSZ05,2,15.365287873004505
ORSZ03,QTSZ05,5,3.447678254780443
ORSZ03,RCSZ02,2,1.793500274414786
ORSZ03,RCSZ05,1,2.309191033337465
ORSZ03,RCSZ08,1,1.1951939815702364
ORSZ03,RCSZ10,1,1.5689609623446923
ORSZ03,SBSZ01,1,16.30021042123651
ORSZ03,SBSZ03,3,16.324034108287282
ORSZ03,SBSZ04,1,17.526268303400474
ORSZ03,SESZ03,4,11.995291083597502
ORSZ03,SESZ04,2,11.786036590136415
ORSZ03,SESZ05,2,10.908424187761865
ORSZ03,SESZ06,5,11.262314482990844
ORSZ03,SGSZ03,1,9.002287922645401
ORSZ03,SGSZ04,2,7.5139530809812
ORSZ03,SGSZ06,1,6.690321689703724
ORSZ03,SRSZ03,1,1.8418057435474011
ORSZ03,TMSZ02,2,13.818769363812397
ORSZ03,TMSZ04,4,13.525313329094072
ORSZ03,TPSZ02,3,3.5929865094989615
ORSZ03,TPSZ03,1,4.54189674839995
ORSZ03,TPSZ04,1,4.108823370618007
ORSZ03,TPSZ06,1,4.5299109091480245
ORSZ03,TPSZ11,2,5.2578348390815215
ORSZ03,TPSZ12,1,6.23103016794071
ORSZ03,WDSZ01,1,16.442069648313552
ORSZ03,WDSZ02,1,16.307542294645437
ORSZ03,WDSZ03,3,16.1179186299313
ORSZ03,WDSZ04,2,15.131457878696056
ORSZ03,WDSZ06,3,16.71580382055401
ORSZ03,WDSZ09,1,17.844706419842968
ORSZ03,YSSZ02,1,15.23312585569152
ORSZ03,YSSZ03,1,14.124994393607942
ORSZ03,YSSZ04,2,13.050147372252988
ORSZ03,YSSZ08,1,13.048596397387245
ORSZ03,YSSZ09,3,14.48623547067312
OTSZ01,AMSZ01,1,9.726150054619357
OTSZ01,BDSZ01,2,9.574094258556581
OTSZ01,BMSZ03,1,2.4847731898377434
OTSZ01,BMSZ04,2,1.4106147507172315
OTSZ01,BMSZ05,2,0.843174399037813
OTSZ01,BMSZ09,1,1.0951574712640468
OTSZ01,BMSZ11,1,1.565274523367774
OTSZ01,BPSZ01,1,14.207037691216929
OTSZ01,BSSZ01,1,8.051236473341167
OTSZ01,CKSZ03,1,15.041577661505357
OTSZ01,CLSZ03,1,10.02922284632676
OTSZ01,CLSZ04,1,8.827257612758123
OTSZ01,DTSZ02,1,1.7059735177339272
OTSZ01,DTSZ05,1,1.3050638071465064
OTSZ01,DTSZ08,1,1.3045931586989563
OTSZ01,DTSZ09,1,1.2984147941124144
OTSZ01,DTSZ10,1,1.4022733519674266
OTSZ01,GLSZ05,1,7.419148479715288
OTSZ01,HGSZ06,1,9.744510665378561
OTSZ01,JESZ05,2,11.98093186550563
OTSZ01,JWSZ03,1,14.97273866444322
OTSZ01,KLSZ06,1,3.558939456847418
OTSZ01,KLSZ08,1,4.29074391149469
OTSZ01,MPSZ03,1,7.814810350617933
OTSZ01,MUSZ01,1,1.6051462079652747
OTSZ01,ORSZ03,2,1.7232461501341925
OTSZ01,OTSZ02,1,0.3949840986532857
OTSZ01,OTSZ03,2,0.786821750900805
OTSZ01,PGSZ02,1,15.366202927176555
OTSZ01,PNSZ03,1,17.3635482279558
OTSZ01,QTSZ09,1,7.487864050347754
OTSZ01,SBSZ03,1,18.037080258771837
OTSZ01,SESZ02,1,13.483358416940384
OTSZ01,SESZ03,1,13.447603873203361
OTSZ01,SESZ04,1,13.30596500246353
OTSZ01,SESZ05,1,12.388331799757875
OTSZ01,SESZ06,2,12.861026045873185
OTSZ01,SGSZ06,1,8.182122810669235
OTSZ01,SRSZ01,1,0.6827848935360528
OTSZ01,TMSZ01,1,14.247513396407532
OTSZ01,TNSZ02,1,2.187370045650314
OTSZ01,WDSZ03,1,17.80087314857619
OTSZ01,WDSZ04,1,16.782110873741708
OTSZ01,YSSZ02,1,16.955948466808312
OTSZ01,YSSZ09,1,16.208758707624668
OTSZ02,AMSZ06,1,10.13420944030851
OTSZ02,BDSZ03,1,9.564629753536343
OTSZ02,BDSZ05,1,9.559575860395189
OTSZ02,BMSZ01,2,3.3808253927235605
OTSZ02,BMSZ04,1,1.5632910421639095
OTSZ02,BMSZ09,1,1.4100663925419648
OTSZ02,BMSZ11,1,1.5577629341763317
OTSZ02,CKSZ01,1,14.594740900618001
OTSZ02,DTSZ02,1,1.7759310109587783
OTSZ02,DTSZ12,1,1.9758980959860097
OTSZ02,GLSZ04,1,5.9471873983533134
OTSZ02,JESZ05,1,12.281037198459918
OTSZ02,JWSZ09,1,16.70425903896568
OTSZ02,KLSZ09,1,3.2809268799764495
OTSZ02,NVSZ02,1,3.932650634964564
OTSZ02,ORSZ02,1,2.7197464116783547
OTSZ02,PGSZ03,1,14.771233180103517
OTSZ02,RCSZ01,1,3.2386145201516796
OTSZ02,SBSZ02,1,17.724699879516404
OTSZ02,SESZ02,1,13.711420957913186
OTSZ02,SESZ05,1,12.647626509282032
OTSZ02,SGSZ06,1,8.452474753411602
OTSZ02,TNSZ01,1,3.9529776068331866
OTSZ03,AMSZ01,7,10.32472751659054
OTSZ03,AMSZ02,1,10.377469699866097
OTSZ03,AMSZ06,1,10.406314059443185
OTSZ03,AMSZ08,2,12.00154703025439
OTSZ03,AMSZ09,1,11.272607681035758
OTSZ03,AMSZ11,1,12.650787921730657
OTSZ03,AMSZ12,1,11.559179513030845
OTSZ03,BDSZ01,5,9.583988973732296
OTSZ03,BDSZ02,3,11.358412655981361
OTSZ03,BDSZ03,1,9.422165446452956
OTSZ03,BDSZ04,14,11.697349354766779
OTSZ03,BDSZ05,2,9.367433629412114
OTSZ03,BDSZ08,1,12.26124033820834
OTSZ03,BKSZ01,1,13.801283997760153
OTSZ03,BKSZ02,1,14.06430925349622
OTSZ03,BKSZ05,3,12.22536847792857
OTSZ03,BKSZ06,1,13.546235651950658
OTSZ03,BKSZ07,2,12.835174529201076
OTSZ03,BLSZ02,2,15.648721684983958
OTSZ03,BMSZ01,8,3.5711825897935023
OTSZ03,BMSZ02,4,2.799543658315705
OTSZ03,BMSZ03,4,3.0699710638048288
OTSZ03,BMSZ04,9,1.9278935544172855
OTSZ03,BMSZ05,3,1.0064294142100676
OTSZ03,BMSZ07,3,3.882751642815869
OTSZ03,BMSZ08,5,2.4940967415170197
OTSZ03,BMSZ09,4,1.8254298686591923
OTSZ03,BMSZ10,1,1.4348126399213654
OTSZ03,BMSZ11,2,1.8248544005264713
OTSZ03,BMSZ12,1,3.9137665802028723
OTSZ03,BMSZ13,4,3.887252674653111
OTSZ03,BMSZ15,2,2.2224647217834725
OTSZ03,BMSZ16,3,0.9913655462558489
OTSZ03,BMSZ17,1,1.801510566251981
OTSZ03,BPSZ01,4,14.993740727558249
OTSZ03,BPSZ03,1,14.172653045338716
OTSZ03,BPSZ04,3,13.273824583302739
OTSZ03,BPSZ05,3,13.711061778163108
OTSZ03,BPSZ06,1,12.656271898587852
OTSZ03,BSSZ01,6,8.732135865451442
OTSZ03,BSSZ02,2,8.272921769160586
OTSZ03,BSSZ03,1,7.836259071037943
OTSZ03,BTSZ01,1,10.284161393952976
OTSZ03,BTSZ03,1,8.47313727005492
OTSZ03,BTSZ08,1,5.931388375717306
OTSZ03,CHSZ03,1,19.022195550719072
OTSZ03,CKSZ01,1,15.004794879599919
OTSZ03,CKSZ02,1,15.154021434774993
OTSZ03,CKSZ03,4,15.824825686062091
OTSZ03,CKSZ04,1,16.077829171846744
OTSZ03,CKSZ05,3,16.520234957073104
OTSZ03,CKSZ06,1,17.13078426751983
OTSZ03,CLSZ03,4,10.723364377887005
OTSZ03,CLSZ04,4,9.524445331141287
OTSZ03,CLSZ06,1,9.645398616378916
OTSZ03,CLSZ08,1,9.304348871969124
OTSZ03,DTSZ01,5,2.5354518837554263
OTSZ03,DTSZ02,4,1.7409696556681997
OTSZ03,DTSZ03,3,2.218322840454163
OTSZ03,DTSZ05,3,0.9139879414915537
OTSZ03,DTSZ06,1,1.3728601673833372
OTSZ03,DTSZ08,3,0.5933682078899496
OTSZ03,DTSZ11,4,1.0816800804911224
OTSZ03,DTSZ12,1,1.6922758078016806
OTSZ03,GLSZ01,1,6.244970866072981
OTSZ03,GLSZ02,4,7.00509234830924
OTSZ03,GLSZ03,2,8.0643440220882
OTSZ03,GLSZ04,8,5.861289747205181
OTSZ03,GLSZ05,10,7.335918749325787
OTSZ03,HGSZ01,2,11.299878281800229
OTSZ03,HGSZ02,2,11.667153506180453
OTSZ03,HGSZ04,4,11.414819607859396
OTSZ03,HGSZ06,10,10.09997804126083
OTSZ03,HGSZ07,4,9.78785739477459
OTSZ03,HGSZ08,1,8.61279261260317
OTSZ03,JESZ02,2,13.45467369497757
OTSZ03,JESZ03,2,12.592601002454797
OTSZ03,JESZ04,2,13.809564427154916
OTSZ03,JESZ05,6,12.688558600169207
OTSZ03,JESZ06,2,11.812837220924603
OTSZ03,JWSZ01,1,17.363023295153365
OTSZ03,JWSZ02,1,16.455223508991164
OTSZ03,JWSZ03,2,15.692771937909034
OTSZ03,JWSZ04,1,14.906204397369391
OTSZ03,JWSZ08,6,18.03415666884145
OTSZ03,JWSZ09,6,17.103461028455165
OTSZ03,KLSZ01,6,5.111831034809398
OTSZ03,KLSZ02,1,5.494228514539943
OTSZ03,KLSZ03,1,5.018758970213943
OTSZ03,KLSZ05,1,4.25289454287895
OTSZ03,KLSZ06,5,3.8368277678260334
OTSZ03,KLSZ07,1,3.8228968885599617
OTSZ03,KLSZ08,2,4.50017124262559
OTSZ03,KLSZ09,3,3.2192459506777356
OTSZ03,MPSZ01,1,5.813759816269187
OTSZ03,MSSZ01,1,2.4398075587496106
OTSZ03,MUSZ01,5,2.1059288149283146
OTSZ03,NTSZ03,1,3.5609282213536493
OTSZ03,NTSZ05,1,3.1276988440762645
OTSZ03,NVSZ01,5,5.130283975123037
OTSZ03,NVSZ02,7,4.190351755811743
OTSZ03,NVSZ05,1,6.207708345949465
OTSZ03,ORSZ02,7,3.0833573960419685
OTSZ03,ORSZ03,4,2.408312383365965
OTSZ03,OTSZ01,1,0.786821750900805
OTSZ03,OTSZ03,8,0.0
OTSZ03,OTSZ04,2,0.6061735841782084
OTSZ03,PGSZ03,3,14.878613292571828
OTSZ03,PGSZ04,8,14.806753324856446
OTSZ03,PGSZ05,2,15.629088815945353
OTSZ03,PLSZ04,1,9.952686361010356
OTSZ03,PNSZ02,1,19.833390388521078
OTSZ03,PRSZ03,10,15.465190727565155
OTSZ03,PRSZ05,1,16.223294728379056
OTSZ03,PRSZ08,1,16.23774825522869
OTSZ03,QTSZ01,1,7.13348521311991
OTSZ03,QTSZ02,2,6.285387373884506
OTSZ03,QTSZ04,3,5.734340756585739
OTSZ03,QTSZ05,5,4.389088082585871
OTSZ03,QTSZ06,1,4.741797745833734
OTSZ03,QTSZ08,5,6.1905751342633355
OTSZ03,QTSZ09,2,8.176054037401093
OTSZ03,QTSZ12,1,5.711422401409832
OTSZ03,QTSZ14,2,5.4614161126036045
OTSZ03,RCSZ01,3,3.3791265389519403
OTSZ03,RCSZ03,1,3.205281823416581
OTSZ03,RCSZ09,1,2.5914117720777474
OTSZ03,RCSZ10,7,2.421670523075443
OTSZ03,RVSZ04,1,1.9383456915305546
OTSZ03,SBSZ01,2,18.678531759624075
OTSZ03,SBSZ02,1,18.020770364508003
OTSZ03,SBSZ03,7,18.72631779852018
OTSZ03,SESZ02,5,13.774337455155205
OTSZ03,SESZ03,12,13.787593091207889
OTSZ03,SESZ04,6,13.696746858480791
OTSZ03,SESZ05,4,12.751908719668233
OTSZ03,SESZ06,4,13.3191473537862
OTSZ03,SESZ07,1,13.031088841782708
OTSZ03,SGSZ03,1,11.00469854117025
OTSZ03,SGSZ04,7,9.551140020285157
OTSZ03,SGSZ06,5,8.576989849121452
OTSZ03,SGSZ07,3,8.281724586471443
OTSZ03,SISZ01,1,3.707009758722001
OTSZ03,SKSZ03,1,16.084783074059942
OTSZ03,SRSZ01,1,1.4577375449082086
OTSZ03,SRSZ02,1,1.0753460649935547
OTSZ03,SRSZ03,2,0.9615599479485998
OTSZ03,TMSZ01,2,14.295151324743406
OTSZ03,TMSZ02,6,14.542266359955034
OTSZ03,TMSZ03,6,12.779094893351187
OTSZ03,TMSZ04,11,13.997755362790137
OTSZ03,TMSZ05,2,14.978447610599046
OTSZ03,TPSZ01,1,6.669779473684592
OTSZ03,TPSZ02,1,5.862357669804293
OTSZ03,TPSZ06,4,6.532056628538539
OTSZ03,TPSZ07,1,6.007332131858833
OTSZ03,TPSZ08,2,7.13635600518401
OTSZ03,TPSZ09,4,6.387409693629436
OTSZ03,TPSZ10,1,7.634559135011248
OTSZ03,TPSZ12,1,7.621945298996614
OTSZ03,WDSZ02,9,18.703502611310146
OTSZ03,WDSZ03,6,18.524748492745104
OTSZ03,WDSZ05,4,18.112920481568985
OTSZ03,YSSZ03,2,16.45255773280004
OTSZ03,YSSZ04,1,15.413343746465888
OTSZ03,YSSZ06,1,13.678649339226427
OTSZ03,YSSZ07,1,14.54545527214609
OTSZ03,YSSZ08,2,15.439017915388733
OTSZ03,YSSZ09,12,16.868277722743255
OTSZ04,BDSZ03,1,8.863760266859634
OTSZ04,BDSZ04,2,11.153061949964261
OTSZ04,BKSZ05,2,12.159863636508314
OTSZ04,BMSZ01,2,4.090024040520785
OTSZ04,BMSZ05,1,1.4566760154184288
OTSZ04,BMSZ07,1,4.161009479427049
OTSZ04,BMSZ11,1,2.2724562324981146
OTSZ04,BPSZ03,1,13.982596226857842
OTSZ04,BPSZ05,3,13.564537305356447
OTSZ04,BSSZ03,1,7.308106732840621
OTSZ04,BTSZ01,1,10.271486490498605
OTSZ04,CKSZ01,1,14.880456850623188
OTSZ04,CKSZ03,2,15.713259308630287
OTSZ04,CKSZ04,1,16.009639703411597
OTSZ04,CLSZ02,1,9.864470325160234
OTSZ04,DTSZ02,2,1.135053216628933
OTSZ04,DTSZ03,2,1.6505821727322885
OTSZ04,DTSZ05,2,0.4639636126665308
OTSZ04,DTSZ08,1,0.6753187175533386
OTSZ04,GLSZ04,1,5.273118414543328
OTSZ04,GLSZ05,1,6.769617902815954
OTSZ04,HGSZ04,2,10.821764583838743
OTSZ04,HGSZ06,4,9.507549419812015
OTSZ04,JESZ02,2,13.53055085351897
OTSZ04,JESZ05,1,12.78834571272055
OTSZ04,JESZ08,2,12.01843990789673
OTSZ04,JWSZ08,1,18.174108843984722
OTSZ04,JWSZ09,2,17.248424609363386
OTSZ04,KLSZ02,2,4.889237080120493
OTSZ04,KLSZ03,2,4.413829259538213
OTSZ04,KLSZ07,1,3.282401682495864
OTSZ04,NVSZ01,1,4.596716942219247
OTSZ04,ORSZ03,2,2.057555206451315
OTSZ04,OTSZ03,1,0.6061735841782084
OTSZ04,PRSZ03,1,14.87432749603795
OTSZ04,QTSZ05,1,4.533424316608602
OTSZ04,QTSZ06,1,4.957143630646704
OTSZ04,RCSZ01,1,2.816119915489763
OTSZ04,RCSZ03,1,2.608464472820697
OTSZ04,RCSZ09,1,2.0190435912411813
OTSZ04,RCSZ10,2,1.8292689782848917
OTSZ04,SBSZ03,2,18.300683500942803
OTSZ04,SESZ02,1,13.171897255108897
OTSZ04,SESZ03,3,13.191189257037962
OTSZ04,SGSZ06,2,7.994235103960414
OTSZ04,SRSZ02,1,0.6338040573109484
OTSZ04,TMSZ02,3,13.971993957784035
OTSZ04,TMSZ04,2,13.452152752405718
OTSZ04,TNSZ01,1,4.1248463904933494
OTSZ04,TNSZ02,1,2.9655694993849533
OTSZ04,TPSZ09,1,5.79950432783869
OTSZ04,YSSZ09,1,16.413302038292777
PGSZ01,AMSZ01,1,8.227823868900309
PGSZ01,AMSZ03,1,8.099516580212416
PGSZ01,AMSZ06,1,8.846295870608847
PGSZ01,BDSZ06,1,11.34559432595522
PGSZ01,BLSZ04,1,27.02601507636407
PGSZ01,DTSZ01,1,14.184523786132566
PGSZ01,DTSZ03,1,14.782441513702972
PGSZ01,DTSZ05,1,15.981379939908777
PGSZ01,DTSZ08,2,16.59428387808019
PGSZ01,DTSZ11,1,16.752448135683785
PGSZ01,GLSZ05,2,11.07749602388079
PGSZ01,HGSZ05,2,4.815809480546924
PGSZ01,JESZ06,1,20.269783224955567
PGSZ01,KLSZ05,1,13.304740534195941
PGSZ01,KLSZ07,1,13.009334926469622
PGSZ01,KLSZ08,1,12.247270614472349
PGSZ01,MUSZ02,1,15.16926350047859
PGSZ01,ORSZ02,1,14.827388985190888
PGSZ01,ORSZ03,1,14.852216098608329
PGSZ01,OTSZ03,1,16.69141067758744
PGSZ01,PGSZ02,3,0.9800015896988599
PGSZ01,PGSZ03,4,1.8499062526624934
PGSZ01,PGSZ04,4,2.441506076025247
PGSZ01,PGSZ05,1,1.8881614768939468
PGSZ01,SESZ02,1,3.1854289320930107
PGSZ01,SESZ04,1,3.1077313594234903
PGSZ01,SESZ06,2,4.093587833457112
PGSZ01,SGSZ05,1,8.95124882062556
PGSZ01,TMSZ03,1,8.196687573117362
PGSZ01,TMSZ05,1,11.897755705311543
PGSZ01,YSSZ01,1,7.766083335194093
PGSZ01,YSSZ08,1,8.681729173963003
PGSZ01,YSSZ09,1,8.579252437977292
PGSZ02,AMSZ01,2,7.3065624632090005
PGSZ02,AMSZ10,1,6.6812925207406355
PGSZ02,BDSZ01,1,8.213416686493085
PGSZ02,BDSZ04,1,9.538185635276378
PGSZ02,BMSZ01,2,18.417452298330602
PGSZ02,BMSZ04,1,16.195636083738027
PGSZ02,BMSZ05,6,16.190965710354643
PGSZ02,BPSZ02,1,15.260446386479444
PGSZ02,BSSZ03,1,8.516889068333803
PGSZ02,BTSZ01,1,16.481446278549274
PGSZ02,BTSZ06,1,14.487986782148376
PGSZ02,CHSZ03,1,13.007043115413369
PGSZ02,CLSZ07,1,18.863367205851375
PGSZ02,DTSZ01,2,13.227128691615972
PGSZ02,DTSZ02,1,14.038330812369852
PGSZ02,DTSZ03,1,13.836334749406273
PGSZ02,DTSZ05,1,15.026130145650374
PGSZ02,DTSZ08,2,15.638960558345184
PGSZ02,DTSZ09,1,16.048679579792598
PGSZ02,DTSZ11,1,15.804166065546859
PGSZ02,GLSZ03,2,8.847339852728522
PGSZ02,GLSZ05,2,10.245050634779606
PGSZ02,HGSZ01,1,4.518972567628336
PGSZ02,HGSZ02,2,4.396999254069179
PGSZ02,HGSZ03,4,3.6661551008510513
PGSZ02,HGSZ06,2,5.628905898024225
PGSZ02,HGSZ07,1,6.038536730497683
PGSZ02,HGSZ08,1,7.420273186353867
PGSZ02,HGSZ09,1,6.406727701699746
PGSZ02,JESZ05,1,19.582357052574434
PGSZ02,JWSZ03,1,21.121145127810756
PGSZ02,KLSZ01,2,10.617907488751321
PGSZ02,KLSZ03,1,10.963214804718461
PGSZ02,KLSZ05,1,12.390848933724564
PGSZ02,KLSZ08,1,11.295907870658041
PGSZ02,MPSZ02,1,11.314519694187592
PGSZ02,MUSZ01,1,13.763916948277704
PGSZ02,NVSZ01,1,10.853908171620594
PGSZ02,NVSZ02,3,12.081944078111112
PGSZ02,ORSZ02,6,13.84776287079609
PGSZ02,ORSZ03,1,13.87593538461149
PGSZ02,OTSZ01,1,15.366202927176555
PGSZ02,OTSZ03,2,15.728790814846269
PGSZ02,PGSZ01,6,0.9800015896988599
PGSZ02,PGSZ02,3,0.0
PGSZ02,PGSZ03,11,0.8699452159826071
PGSZ02,PGSZ04,16,1.915966749166938
PGSZ02,PGSZ05,16,1.695802786427982
PGSZ02,PRSZ02,2,5.3794065142784095
PGSZ02,PRSZ05,1,7.8217574978202435
PGSZ02,PRSZ08,1,9.070374747616883
PGSZ02,QTSZ08,1,17.40161898223725
PGSZ02,QTSZ10,1,17.913308825871887
PGSZ02,QTSZ14,1,18.844156912838354
PGSZ02,RCSZ10,2,13.307645584640857
PGSZ02,SBSZ03,1,10.206525693151528
PGSZ02,SESZ02,5,2.4093999443628205
PGSZ02,SESZ03,5,1.986152873619633
PGSZ02,SESZ04,2,2.130427494081623
PGSZ02,SESZ05,3,2.9783709718273044
PGSZ02,SESZ06,4,3.1891104601289886
PGSZ02,SGSZ05,1,7.972384908513975
PGSZ02,SGSZ06,2,7.19108083003786
PGSZ02,SGSZ07,1,7.462691023398942
PGSZ02,SLSZ01,1,3.924722225449369
PGSZ02,TMSZ01,1,6.316389169774593
PGSZ02,TMSZ02,2,8.199419207192054
PGSZ02,TMSZ04,3,9.572642640154145
PGSZ02,TPSZ09,1,9.34620214928234
PGSZ02,TSSZ05,1,32.1375860233604
PGSZ02,WDSZ01,2,13.425534315959023
PGSZ02,WDSZ02,2,12.711092372017745
PGSZ02,WDSZ03,1,11.648708116174475
PGSZ02,YSSZ01,2,7.3783988140067835
PGSZ02,YSSZ04,1,7.1716006380555815
PGSZ03,AMSZ01,4,6.498552962933096
PGSZ03,AMSZ08,2,7.836979415573584
PGSZ03,AMSZ09,1,6.764710667800791
PGSZ03,AMSZ10,1,5.952241132810682
PGSZ03,AMSZ12,3,5.300721249995672
PGSZ03,BDSZ01,3,7.591822129916991
PGSZ03,BDSZ05,1,10.115719150363004
PGSZ03,BKSZ05,1,15.694283844024065
PGSZ03,BMSZ01,2,17.54970721358631
PGSZ03,BMSZ02,1,16.00285923971061
PGSZ03,BMSZ04,1,15.329442546966646
PGSZ03,BMSZ05,2,15.3315627268144
PGSZ03,BMSZ12,3,16.61832340906928
PGSZ03,BMSZ17,4,16.679434928214757
PGSZ03,BPSZ05,1,14.839816066942433
PGSZ03,BSSZ01,1,8.767478441212065
PGSZ03,BTSZ01,1,15.698999850967123
PGSZ03,CHSZ02,1,9.770625156387032
PGSZ03,CHSZ03,6,13.099665252929867
PGSZ03,CKSZ03,1,16.72206808082284
PGSZ03,CLSZ01,1,17.515792917498825
PGSZ03,CLSZ09,1,19.019132388985366
PGSZ03,DTSZ02,1,13.193994188670105
PGSZ03,DTSZ03,6,13.004073840473902
PGSZ03,DTSZ05,7,14.18388242171516
PGSZ03,DTSZ08,5,14.796508291210614
PGSZ03,DTSZ11,3,14.969046905053865
PGSZ03,DTSZ12,2,13.944679797126122
PGSZ03,GLSZ01,2,8.856782751273592
PGSZ03,GLSZ03,3,8.126457115657718
PGSZ03,GLSZ04,2,9.9254682329657
PGSZ03,GLSZ05,1,9.536505343546676
PGSZ03,HGSZ01,1,3.723810889281954
PGSZ03,HGSZ02,1,3.6798330739258875
PGSZ03,HGSZ04,1,3.468284453692088
PGSZ03,HGSZ05,2,2.965907322842529
PGSZ03,HGSZ06,1,4.780049628488772
PGSZ03,HGSZ07,1,5.229586759752798
PGSZ03,HGSZ08,1,6.634659041501818
PGSZ03,JESZ05,1,18.821628026016594
PGSZ03,KLSZ01,2,9.766837505875124
PGSZ03,KLSZ05,2,11.593336429175471
PGSZ03,KLSZ07,1,11.174796750366832
PGSZ03,KLSZ08,2,10.45901349527432
PGSZ03,KLSZ09,3,11.91936087006269
PGSZ03,MPSZ03,1,11.167757497782702
PGSZ03,MUSZ01,7,12.905263215472523
PGSZ03,MUSZ03,1,12.964667154712341
PGSZ03,NTSZ03,1,12.034488196418621
PGSZ03,NVSZ01,1,9.987394682002646
PGSZ03,NVSZ02,1,11.213563550016284
PGSZ03,ORSZ02,3,12.978632787671925
PGSZ03,ORSZ03,2,13.010951885415144
PGSZ03,OTSZ03,7,14.878613292571828
PGSZ03,OTSZ04,1,14.287169766173681
PGSZ03,PGSZ01,5,1.8499062526624934
PGSZ03,PGSZ02,9,0.8699452159826071
PGSZ03,PGSZ03,8,0.0
PGSZ03,PGSZ04,11,1.813530848549925
PGSZ03,PGSZ05,5,1.9779039939853045
PGSZ03,PLSZ01,1,4.583805401359303
PGSZ03,PRSZ02,1,5.421565134090198
PGSZ03,PRSZ03,1,6.605398396945382
PGSZ03,PRSZ04,1,6.910151432198022
PGSZ03,PRSZ06,1,8.679681007193183
PGSZ03,QTSZ05,1,15.332372108265153
PGSZ03,QTSZ08,3,16.542592004374374
PGSZ03,QTSZ12,1,17.48738259591661
PGSZ03,QTSZ14,3,17.97552404229949
PGSZ03,RCSZ01,4,11.535483161651948
PGSZ03,RCSZ03,1,11.680168859227887
PGSZ03,RCSZ09,2,12.296793493178813
PGSZ03,SESZ02,1,1.897230829676932
PGSZ03,SESZ03,10,1.2362134622897991
PGSZ03,SESZ04,2,1.2647641067316222
PGSZ03,SESZ05,1,2.128007401213484
PGSZ03,SGSZ02,1,4.7429061898069
PGSZ03,SGSZ04,4,5.579635848707016
PGSZ03,SGSZ05,2,7.104459310976258
PGSZ03,SGSZ06,3,6.32954895424093
PGSZ03,SLSZ01,1,3.5609174882140366
PGSZ03,SRSZ01,1,14.06702918905978
PGSZ03,SRSZ02,1,13.86116294637143
PGSZ03,TMSZ01,1,6.182519382913958
PGSZ03,TMSZ02,1,8.068483601953076
PGSZ03,TMSZ03,1,7.415930585784416
PGSZ03,TMSZ04,5,9.363177643741906
PGSZ03,TMSZ05,2,11.439882156791562
PGSZ03,TPSZ06,2,8.481919997752192
PGSZ03,TSSZ05,1,31.40335915738723
PGSZ03,TSSZ06,1,34.294456795652835
PGSZ03,WDSZ01,1,13.126082263364324
PGSZ03,WDSZ02,3,12.434570138939185
PGSZ03,WDSZ04,1,11.848137659851774
PGSZ03,YSSZ09,1,7.991061944963012
PGSZ04,AMSZ01,3,7.568895374585283
PGSZ04,AMSZ02,1,6.809552324397241
PGSZ04,AMSZ12,2,6.5535226104941104
PGSZ04,BDSZ01,2,6.579416295158435
PGSZ04,BDSZ03,1,7.789495211524726
PGSZ04,BDSZ04,2,7.660949513374884
PGSZ04,BDSZ05,1,8.94760456373942
PGSZ04,BKSZ05,1,16.945654026123876
PGSZ04,BMSZ01,1,17.726237867190797
PGSZ04,BMSZ02,4,16.22317684970839
PGSZ04,BMSZ05,2,15.364221222319154
PGSZ04,BMSZ07,1,16.42809697325255
PGSZ04,BMSZ17,2,16.601339600271654
PGSZ04,BSSZ01,2,9.698498104400405
PGSZ04,BSSZ03,1,8.176474121021007
PGSZ04,BTSZ01,2,16.766427517354458
PGSZ04,CHSZ02,2,7.970231133987104
PGSZ04,CHSZ03,5,11.286585249190114
PGSZ04,CKSZ01,1,17.445411289455958
PGSZ04,CKSZ03,1,18.22041014617155
PGSZ04,DTSZ03,2,12.793546715777008
PGSZ04,DTSZ04,1,14.019229802717566
PGSZ04,DTSZ05,5,14.043313969234429
PGSZ04,DTSZ08,5,14.653436325770386
PGSZ04,DTSZ11,1,14.76554723116788
PGSZ04,DTSZ12,1,13.702600838114005
PGSZ04,GLSZ01,2,8.599010069805706
PGSZ04,GLSZ02,1,8.030335030373204
PGSZ04,GLSZ03,3,7.421862415388415
PGSZ04,GLSZ04,1,9.441782447026055
PGSZ04,GLSZ05,2,8.76753471207046
PGSZ04,HGSZ02,1,3.1452211161135732
PGSZ04,HGSZ05,1,3.6492144464889456
PGSZ04,HGSZ06,5,4.904126959456134
PGSZ04,HGSZ08,3,6.245371109376237
PGSZ04,JESZ02,1,20.0956460909651
PGSZ04,JESZ05,1,19.953121136521325
PGSZ04,JESZ07,1,21.94355144562102
PGSZ04,JWSZ06,1,24.736348712551976
PGSZ04,JWSZ09,1,24.030579712477593
PGSZ04,KLSZ01,2,9.756549665873157
PGSZ04,KLSZ02,1,9.317968932150439
PGSZ04,KLSZ03,1,9.87779694163336
PGSZ04,KLSZ05,1,11.180393992702639
PGSZ04,KLSZ06,1,10.981786876801555
PGSZ04,KLSZ08,4,10.31085234894083
PGSZ04,MPSZ02,1,9.775397152421458
PGSZ04,MPSZ03,1,10.227976523771826
PGSZ04,MUSZ01,1,12.946394885041654
PGSZ04,MUSZ03,1,12.928136101347622
PGSZ04,NTSZ05,1,12.365055308182567
PGSZ04,NVSZ01,3,10.197735624095891
PGSZ04,NVSZ02,3,11.460422679778869
PGSZ04,ORSZ01,1,13.790964253161954
PGSZ04,ORSZ02,1,13.237439697301477
PGSZ04,ORSZ03,1,13.152335726497345
PGSZ04,OTSZ01,2,14.525004708992519
PGSZ04,OTSZ03,7,14.806753324856446
PGSZ04,OTSZ04,2,14.203383498064419
PGSZ04,PGSZ01,2,2.441506076025247
PGSZ04,PGSZ02,15,1.915966749166938
PGSZ04,PGSZ03,5,1.813530848549925
PGSZ04,PGSZ04,19,0.0
PGSZ04,PGSZ05,12,0.8229474483573144
PGSZ04,PRSZ01,1,2.043938066150212
PGSZ04,PRSZ03,4,4.793081027251732
PGSZ04,PRSZ05,1,6.075801127219933
PGSZ04,PRSZ06,1,6.901189260174909
PGSZ04,QTSZ05,2,15.774698021170462
PGSZ04,QTSZ08,2,17.135604411829103
PGSZ04,QTSZ14,1,18.37877302220739
PGSZ04,RCSZ03,1,11.609920205181103
PGSZ04,RCSZ10,3,12.397043458321983
PGSZ04,SBSZ01,1,10.639902030018249
PGSZ04,SBSZ03,1,11.874347856758083
PGSZ04,SESZ02,3,1.052549878649884
PGSZ04,SESZ03,14,1.5480541741474918
PGSZ04,SESZ04,6,2.452440718515079
PGSZ04,SESZ05,3,2.606432804831768
PGSZ04,SESZ06,2,3.863197750962346
PGSZ04,SGSZ04,3,6.101601691667444
PGSZ04,SGSZ06,3,6.532842496913756
PGSZ04,SRSZ02,3,13.841360359698912
PGSZ04,SRSZ03,1,13.845310816374422
PGSZ04,TMSZ01,2,4.422063877996945
PGSZ04,TMSZ02,2,6.3095930551597625
PGSZ04,TMSZ03,2,5.823894217170487
PGSZ04,TMSZ04,5,7.661147103505303
PGSZ04,TMSZ05,5,9.712593976491574
PGSZ04,TPSZ03,1,9.126440545691352
PGSZ04,TPSZ05,1,8.490847375497804
PGSZ04,TPSZ06,1,8.704054338998672
PGSZ04,TPSZ12,1,7.219495611184962
PGSZ04,TSSZ05,2,32.591206444988714
PGSZ04,WCSZ01,1,24.66556304278692
PGSZ04,WDSZ02,2,14.224882860241186
PGSZ04,WDSZ03,1,13.208959783049723
PGSZ04,WDSZ05,1,15.244398507404071
PGSZ04,YSSZ01,2,8.920932839884006
PGSZ04,YSSZ04,1,8.580412068980811
PGSZ04,YSSZ08,1,9.540805526576273
PGSZ04,YSSZ09,1,9.796672246329212
PGSZ05,AMSZ01,2,8.190278611052214
PGSZ05,AMSZ03,1,7.751410977006936
PGSZ05,AMSZ08,1,9.739872900956511
PGSZ05,AMSZ10,3,7.808016116352005
PGSZ05,AMSZ12,1,7.102553234030619
PGSZ05,BDSZ02,1,6.926073609731806
PGSZ05,BDSZ03,1,8.50016530912628
PGSZ05,BDSZ05,1,9.635182097064462
PGSZ05,BDSZ06,1,9.471788346459308
PGSZ05,BKSZ01,1,17.84065187655209
PGSZ05,BKSZ09,1,18.654651349555312
PGSZ05,BMSZ01,5,18.53828567606685
PGSZ05,BMSZ02,1,17.031184738904784
PGSZ05,BMSZ04,1,16.291780953870475
PGSZ05,BMSZ12,2,17.735380682353032
PGSZ05,BMSZ17,2,17.42394452469226
PGSZ05,BSSZ01,2,10.37043041154643
PGSZ05,BTSZ03,1,16.73688607131613
PGSZ05,CCSZ01,1,12.917837034228219
PGSZ05,CHSZ02,2,7.917862587755242
PGSZ05,CHSZ03,1,11.31168751782498
PGSZ05,CKSZ06,1,18.544098175343592
PGSZ05,DTSZ01,2,13.096272018169502
PGSZ05,DTSZ02,2,13.902162704624853
PGSZ05,DTSZ03,2,13.616189375390887
PGSZ05,DTSZ04,1,14.841893031561522
PGSZ05,DTSZ05,5,14.866252563038174
PGSZ05,DTSZ08,4,15.47638357980494
PGSZ05,DTSZ09,1,15.904030582838642
PGSZ05,DTSZ11,5,15.588057467208834
PGSZ05,DTSZ12,2,14.524560902096695
PGSZ05,GLSZ03,1,8.217791850594146
PGSZ05,GLSZ04,2,10.255014956453934
PGSZ05,GLSZ05,1,9.550301542571098
PGSZ05,HGSZ02,2,3.9681095905917063
PGSZ05,HGSZ03,1,3.3788541168782755
PGSZ05,HGSZ05,1,4.333423475286809
PGSZ05,HGSZ06,2,5.700857125854779
PGSZ05,HGSZ07,2,5.846919784378221
PGSZ05,HGSZ08,4,7.06709033941901
PGSZ05,JESZ01,1,21.19551861696896
PGSZ05,JESZ04,1,21.67972117831139
PGSZ05,JESZ05,2,20.57480351124104
PGSZ05,KLSZ01,1,10.575278437588493
PGSZ05,KLSZ06,1,11.80320261153746
PGSZ05,KLSZ07,2,12.08625015849617
PGSZ05,KLSZ08,1,11.13358466089058
PGSZ05,KLSZ09,1,12.525138305142937
PGSZ05,MUSZ01,2,13.764586447335375
PGSZ05,NTSZ03,4,13.080180370058734
PGSZ05,NTSZ05,1,13.174942302561272
PGSZ05,NVSZ01,1,11.001769668081451
PGSZ05,NVSZ02,4,12.262508482188563
PGSZ05,ORSZ03,4,13.964745533167033
PGSZ05,OTSZ03,5,15.629088815945353
PGSZ05,PGSZ01,1,1.8881614768939468
PGSZ05,PGSZ02,13,1.695802786427982
PGSZ05,PGSZ03,8,1.9779039939853045
PGSZ05,PGSZ04,13,0.8229474483573144
PGSZ05,PGSZ05,6,0.0
PGSZ05,PLSZ01,1,3.354865281296038
PGSZ05,PRSZ05,1,6.131677336324219
PGSZ05,PRSZ06,1,6.783316992955175
PGSZ05,QTSZ06,1,17.243108343100268
PGSZ05,QTSZ10,1,18.524589717768592
PGSZ05,QTSZ11,3,19.308392669192262
PGSZ05,QTSZ12,1,18.742818247780708
PGSZ05,QTSZ13,1,19.660328798354968
PGSZ05,RCSZ08,1,13.183121885209474
PGSZ05,SESZ03,7,2.179904123683928
PGSZ05,SESZ04,1,2.940423146056921
PGSZ05,SESZ06,1,4.305264535515442
PGSZ05,SGSZ02,1,6.288848394573591
PGSZ05,SGSZ03,1,5.484698864279174
PGSZ05,SGSZ04,1,6.8500247962908185
PGSZ05,SGSZ06,2,7.329280522770447
PGSZ05,SKSZ03,1,16.87937156201055
PGSZ05,SRSZ01,1,14.969407863363413
PGSZ05,SRSZ02,1,14.662255055067906
PGSZ05,TMSZ03,2,6.3173652024599045
PGSZ05,TMSZ04,3,8.024328438244263
PGSZ05,TMSZ05,2,10.028392289903062
PGSZ05,TPSZ01,1,10.595986584866953
PGSZ05,TPSZ03,1,9.901591332041905
PGSZ05,TPSZ06,2,9.504495215314765
PGSZ05,TPSZ08,1,8.68003127661452
PGSZ05,TPSZ10,1,8.019058929722869
PGSZ05,TPSZ12,1,8.042096263367151
PGSZ05,WCSZ01,2,25.10495348519957
PGSZ05,WDSZ01,2,15.059578818760926
PGSZ05,WDSZ08,1,14.252601921736595
PGSZ05,YSSZ01,1,9.025995760867767
PGSZ05,YSSZ09,1,9.885366109459248
PLSZ01,AMSZ01,1,8.780875752666116
PLSZ01,BDSZ02,1,3.6837364087590867
PLSZ01,BDSZ04,1,4.886173132987908
PLSZ01,BMSZ11,1,15.195486954648786
PLSZ01,BSSZ03,1,8.497649689370911
PLSZ01,JWSZ02,1,24.053611910017654
PLSZ01,PGSZ03,1,4.583805401359303
PLSZ01,PGSZ05,1,3.354865281296038
PLSZ01,PRSZ02,1,1.6996183482834035
PLSZ01,PRSZ03,1,2.4641895367410624
PLSZ01,SESZ04,2,4.7061336074555316
PLSZ01,TMSZ02,2,3.5112454057826405
PLSZ01,TMSZ03,1,2.962706548845227
PLSZ01,TMSZ04,1,4.783259659853564
PLSZ03,HGSZ02,1,1.4637210800650908
PLSZ03,HGSZ04,2,2.7987956193593693
PLSZ03,TMSZ02,2,4.904152756384254
PLSZ03,TMSZ03,1,3.8531264499984608
PLSZ03,YSSZ03,1,9.439781325075444
PLSZ03,YSSZ09,1,11.021725740170327
PLSZ04,BDSZ01,2,2.232676708111062
PLSZ04,BDSZ02,1,3.46052808615588
PLSZ04,BDSZ04,2,4.893263516024557
PLSZ04,BMSZ02,1,11.68766709285748
PLSZ04,BSSZ01,2,7.272326200437549
PLSZ04,CHSZ03,1,11.525989500452573
PLSZ04,CKSZ03,1,17.059611141981655
PLSZ04,CLSZ03,2,15.969044476066742
PLSZ04,DTSZ05,1,9.13981574384154
PLSZ04,GLSZ04,1,4.405081141449746
PLSZ04,GLSZ05,3,3.8521264411954084
PLSZ04,HGSZ04,1,2.761036709102092
PLSZ04,HGSZ06,1,2.2483178148882113
PLSZ04,HGSZ08,1,1.391933624656459
PLSZ04,JWSZ04,2,19.680464645415327
PLSZ04,JWSZ09,1,21.74976914133728
PLSZ04,KLSZ05,1,6.152049787500206
PLSZ04,KLSZ06,1,6.215115456485323
PLSZ04,MUSZ01,1,8.251242709115106
PLSZ04,OTSZ03,1,9.952686361010356
PLSZ04,PRSZ03,1,6.06127070415639
PLSZ04,QTSZ06,1,12.302700283928354
PLSZ04,QTSZ11,1,14.782911257608106
PLSZ04,SESZ02,1,4.095762021442922
PLSZ04,SESZ03,2,4.450737521969405
PLSZ04,SESZ06,1,5.376311064762715
PLSZ04,SGSZ04,1,3.637415820986691
PLSZ04,TMSZ02,2,5.990765439069718
PLSZ04,TMSZ04,2,6.405838387247936
PLSZ04,TPSZ02,1,6.092314638338473
PLSZ04,TPSZ12,1,2.363468354949041
PLSZ04,WDSZ02,1,15.328914556226731
PLSZ04,WDSZ03,1,14.564095925175884
PLSZ04,YSSZ03,1,10.196251696060266
PLSZ04,YSSZ04,1,9.960845374260122
PLSZ04,YSSZ09,1,11.522658161056965
PLSZ05,GLSZ03,1,3.5124355984524374
PLSZ05,KLSZ01,2,6.764661515544841
PLSZ05,QTSZ11,1,16.472783649045123
PLSZ05,TPSZ02,2,7.781401368844984
PLSZ05,TPSZ06,1,6.306573114553309
PNSZ01,BDSZ04,1,28.518898008781655
PNSZ01,BKSZ04,1,8.90173641036462
PNSZ01,BKSZ07,1,8.264677414010302
PNSZ01,BKSZ09,1,8.90525270044692
PNSZ01,BLSZ02,1,3.2943429310290475
PNSZ01,BMSZ06,1,16.07957809040563
PNSZ01,BPSZ04,1,11.991630854521608
PNSZ01,BTSZ02,1,12.649337079144544
PNSZ01,CKSZ03,2,10.049250025656589
PNSZ01,CKSZ05,1,10.526359145123871
PNSZ01,CKSZ06,1,11.294207835550274
PNSZ01,CLSZ04,1,9.75478689189753
PNSZ01,CLSZ06,1,9.410413755848978
PNSZ01,GLSZ02,1,22.865292649100965
PNSZ01,GLSZ05,1,24.344907950026858
PNSZ01,HGSZ06,1,22.74433842326593
PNSZ01,JESZ03,2,7.51962804808134
PNSZ01,JESZ05,2,7.07068436027114
PNSZ01,JWSZ01,2,4.539610584597051
PNSZ01,JWSZ02,2,4.176409613430196
PNSZ01,JWSZ04,1,4.738199583980583
PNSZ01,JWSZ08,1,2.712860058118819
PNSZ01,JWSZ09,3,2.98548955682248
PNSZ01,PNSZ02,3,1.6437486301248747
PNSZ01,PNSZ03,2,1.172407397155888
PNSZ01,PNSZ05,1,3.442752562587
PNSZ01,QTSZ02,1,12.95641763589019
PNSZ01,QTSZ10,1,11.379369004255766
PNSZ01,QTSZ11,1,11.283815710111908
PNSZ01,QTSZ13,1,11.991527353562066
PNSZ01,RCSZ01,1,19.27507877140575
PNSZ01,TPSZ02,1,18.521658316958554
PNSZ01,WCSZ01,1,6.387943233903203
PNSZ01,WDSZ03,1,18.722518588196408
PNSZ01,WDSZ05,1,15.940699368424934
PNSZ02,BDSZ06,1,30.65906683938867
PNSZ02,BKSZ04,1,10.445846803456032
PNSZ02,BKSZ05,3,11.479424566349481
PNSZ02,BLSZ02,2,4.391536317093955
PNSZ02,BMSZ13,1,16.153472200654853
PNSZ02,BPSZ04,1,13.584943721493223
PNSZ02,CKSZ03,1,11.691546917103071
PNSZ02,CLSZ06,1,10.484288176468736
PNSZ02,GLSZ03,1,25.36684325757465
PNSZ02,HGSZ04,1,24.980379150604143
PNSZ02,HGSZ07,1,24.643585763920754
PNSZ02,JESZ02,1,8.265376802216062
PNSZ02,JESZ03,2,8.93552725029862
PNSZ02,JESZ05,3,8.442813035418808
PNSZ02,JWSZ02,1,5.798279821224832
PNSZ02,JWSZ03,1,6.960677702920307
PNSZ02,JWSZ04,2,6.1980730384091425
PNSZ02,JWSZ08,3,4.34831997710075
PNSZ02,JWSZ09,7,4.610065908926152
PNSZ02,KLSZ03,1,22.61893979844594
PNSZ02,ORSZ03,1,18.978087023393524
PNSZ02,OTSZ03,1,19.833390388521078
PNSZ02,PNSZ01,2,1.6437486301248747
PNSZ02,PRSZ02,1,30.95000724044664
PNSZ02,SBSZ02,2,22.280602284009866
PNSZ02,TPSZ10,1,23.091150836713997
PNSZ02,TPSZ11,1,22.85321962879246
PNSZ02,TSSZ05,1,4.242418650755653
PNSZ02,WDSZ03,1,20.366244296014592
PNSZ02,YSSZ09,1,22.151749698255994
PNSZ03,AMSZ07,1,17.235320491512407
PNSZ03,BKSZ09,1,8.36520836698586
PNSZ03,BPSZ03,1,11.998212001822955
PNSZ03,CKSZ04,1,8.966138758984597
PNSZ03,CKSZ06,1,11.470531214084112
PNSZ03,JWSZ01,1,4.797447634162126
PNSZ03,JWSZ08,1,3.1199645309731734
PNSZ03,PNSZ01,3,1.172407397155888
PNSZ03,RCSZ09,1,18.393685930027658
PNSZ03,SESZ03,1,24.86376099265702
PNSZ03,TPSZ11,1,20.865877796311697
PNSZ03,WDSZ01,1,17.296737509275623
PNSZ04,JESZ03,1,8.815969299088904
PNSZ04,TPSZ06,1,20.798335077551634
PNSZ05,BKSZ02,1,11.853244137430734
PNSZ05,BMSZ08,1,17.95259273801986
PNSZ05,BPSZ02,1,15.056635699661955
PNSZ05,BPSZ03,1,15.383402241155636
PNSZ05,CKSZ02,2,12.606741975798595
PNSZ05,CKSZ03,1,13.424068100289258
PNSZ05,HGSZ07,1,25.80243108245864
PNSZ05,SBSZ01,1,24.98718662453588
PNSZ05,SESZ06,1,26.124157242824765
PNSZ05,TMSZ02,1,32.767931693203174
PNSZ05,TMSZ03,2,30.979603433819083
PRSZ01,AMSZ10,1,9.165835431007542
PRSZ01,PGSZ04,1,2.043938066150212
PRSZ01,PRSZ05,1,4.074572309831493
PRSZ01,TMSZ02,1,4.5738344682197525
PRSZ02,BDSZ01,2,5.91005420235338
PRSZ02,BDSZ04,2,5.449184442031322
PRSZ02,BKSZ01,1,20.29836283272554
PRSZ02,BLSZ02,1,26.622914692814962
PRSZ02,BMSZ02,1,17.279328220211365
PRSZ02,BMSZ05,2,16.101050203796238
PRSZ02,BMSZ17,1,17.080996913087283
PRSZ02,CHSZ02,4,4.408194862341372
PRSZ02,CHSZ03,10,7.678648832534633
PRSZ02,CLSZ04,1,20.387119850296635
PRSZ02,DTSZ01,3,12.88984754668166
PRSZ02,DTSZ02,1,13.639512360190231
PRSZ02,DTSZ03,2,13.182971670744188
PRSZ02,DTSZ05,1,14.504333210165399
PRSZ02,DTSZ11,2,15.070272920189144
PRSZ02,HGSZ06,2,6.81960506466176
PRSZ02,HGSZ08,1,7.018092098950629
PRSZ02,HGSZ09,1,5.776435503572734
PRSZ02,JESZ05,1,22.50728329279753
PRSZ02,KLSZ01,1,10.74177149498205
PRSZ02,MPSZ02,1,9.027051242646298
PRSZ02,MPSZ03,1,9.227221939747377
PRSZ02,MUSZ03,2,13.645122254706829
PRSZ02,NTSZ03,2,13.538062014811812
PRSZ02,NVSZ02,1,12.776079835727629
PRSZ02,PGSZ02,2,5.3794065142784095
PRSZ02,PGSZ03,1,5.421565134090198
PRSZ02,PLSZ01,1,1.6996183482834035
PRSZ02,PNSZ02,1,30.95000724044664
PRSZ02,PRSZ02,2,0.0
PRSZ02,PRSZ03,12,1.2089472301797606
PRSZ02,PRSZ05,2,2.467672782392698
PRSZ02,QTSZ08,2,18.83111026224246
PRSZ02,QTSZ09,1,19.593885400353365
PRSZ02,QTSZ10,1,19.690380302504643
PRSZ02,QTSZ14,1,19.707522621078283
PRSZ02,RCSZ10,2,13.09709287154465
PRSZ02,RVSZ03,1,14.832820483371831
PRSZ02,SBSZ08,1,17.841821254561467
PRSZ02,SESZ02,2,3.977714692472499
PRSZ02,SESZ03,1,4.878117367566819
PRSZ02,SGSZ03,1,7.404658919002509
PRSZ02,SGSZ06,1,8.253132736312411
PRSZ02,TMSZ01,1,1.4527429240512195
PRSZ02,TMSZ02,6,3.040951365203157
PRSZ02,TMSZ03,2,3.4468681481832695
PRSZ02,TMSZ04,5,4.57403783107831
PRSZ02,TPSZ06,1,10.189132866798392
PRSZ02,WCSZ01,1,27.80135196389777
PRSZ02,WDSZ02,1,17.806862900756506
PRSZ02,WDSZ03,1,16.80478452925658
PRSZ02,YSSZ05,1,10.915561154379933
PRSZ03,AMSZ08,1,13.395719043394859
PRSZ03,BDSZ02,1,4.295436729679094
PRSZ03,BDSZ03,3,6.366368145316426
PRSZ03,BDSZ04,5,4.815776552853279
PRSZ03,BDSZ05,2,7.0661720537196056
PRSZ03,BDSZ06,4,5.64142487721362
PRSZ03,BKSZ04,1,21.6584053695842
PRSZ03,BKSZ05,1,20.53800786034723
PRSZ03,BMSZ02,1,17.52211254218465
PRSZ03,BMSZ04,1,16.64578809122113
PRSZ03,BMSZ05,2,16.24989753403471
PRSZ03,BMSZ08,1,16.861857564312817
PRSZ03,BMSZ13,2,18.7489658993905
PRSZ03,BSSZ01,1,12.9564509525989
PRSZ03,BSSZ02,1,11.623324865435313
PRSZ03,BTSZ01,1,19.972077189350998
PRSZ03,CHSZ02,1,3.358483270641789
PRSZ03,CHSZ03,4,6.512154460317878
PRSZ03,CLSZ07,1,21.35235044906207
PRSZ03,DTSZ01,3,13.043512559829734
PRSZ03,DTSZ02,5,13.76222617096602
PRSZ03,DTSZ03,1,13.256382698834269
PRSZ03,DTSZ05,10,14.581348508611656
PRSZ03,DTSZ06,1,14.140452840026052
PRSZ03,DTSZ08,1,15.140177964741355
PRSZ03,DTSZ10,1,15.940489121044637
PRSZ03,DTSZ11,5,15.087485095057277
PRSZ03,GLSZ02,2,8.564122770408643
PRSZ03,GLSZ03,1,7.408517377987694
PRSZ03,GLSZ04,3,9.604438266373888
PRSZ03,GLSZ05,6,8.244202320945124
PRSZ03,HGSZ06,1,7.5450725005713775
PRSZ03,HGSZ08,1,7.406744746994053
PRSZ03,HGSZ09,1,6.224881859203882
PRSZ03,JESZ06,1,22.791018290658748
PRSZ03,JESZ09,1,26.473989894394773
PRSZ03,JWSZ09,1,27.558653152183727
PRSZ03,KLSZ01,1,11.059720302576453
PRSZ03,KLSZ06,3,11.991920707085347
PRSZ03,KLSZ08,2,11.207236418902971
PRSZ03,KLSZ09,1,12.258147203821633
PRSZ03,MPSZ03,3,8.911983403702775
PRSZ03,MSSZ01,1,13.686306847893809
PRSZ03,MUSZ03,1,13.819640121411421
PRSZ03,NTSZ03,2,13.892079416363107
PRSZ03,NTSZ05,1,13.799607714173673
PRSZ03,NVSZ02,3,13.159442319786756
PRSZ03,NVSZ03,1,13.790570720465594
PRSZ03,ORSZ02,3,14.814728317007713
PRSZ03,ORSZ03,1,14.458708317836896
PRSZ03,OTSZ03,5,15.465190727565155
PRSZ03,OTSZ04,2,14.87432749603795
PRSZ03,PGSZ04,3,4.793081027251732
PRSZ03,PGSZ05,1,4.912454710601412
PRSZ03,PLSZ01,1,2.4641895367410624
PRSZ03,PLSZ04,1,6.06127070415639
PRSZ03,PRSZ02,14,1.2089472301797606
PRSZ03,PRSZ03,15,0.0
PRSZ03,PRSZ04,4,1.1729449925550546
PRSZ03,PRSZ05,15,1.3236940820239511
PRSZ03,PRSZ08,1,2.488093901391684
PRSZ03,QTSZ04,1,18.56346097398001
PRSZ03,QTSZ06,1,18.307157054289352
PRSZ03,QTSZ08,8,19.27386232217561
PRSZ03,QTSZ09,1,20.147695192007944
PRSZ03,QTSZ10,1,20.19671391917911
PRSZ03,QTSZ13,2,20.937574850432718
PRSZ03,QTSZ14,1,20.021524572984855
PRSZ03,RCSZ10,2,13.274872873534077
PRSZ03,RVSZ05,1,15.034767222246403
PRSZ03,SBSZ03,1,16.663390986741764
PRSZ03,SESZ02,1,5.075728226075026
PRSZ03,SESZ03,3,5.993229525505777
PRSZ03,SESZ04,2,6.987508785683234
PRSZ03,SESZ06,1,8.345643716716806
PRSZ03,SRSZ01,1,15.250617521855348
PRSZ03,SRSZ02,1,14.700478472558778
PRSZ03,TMSZ01,4,1.1835093370759322
PRSZ03,TMSZ02,9,1.9941353644937028
PRSZ03,TMSZ03,5,2.936930765047012
PRSZ03,TMSZ04,18,3.554865866429268
PRSZ03,TMSZ05,2,5.3099749339251705
PRSZ03,TPSZ06,2,10.677468753736116
PRSZ03,TPSZ12,1,8.29202304125343
PRSZ03,TSSZ03,1,33.364571831484334
PRSZ03,WCSZ01,2,28.72516093579765
PRSZ03,YSSZ08,1,14.210204781752221
PRSZ04,BDSZ01,1,7.056462802333144
PRSZ04,BDSZ06,1,6.611559120924702
PRSZ04,CCSZ01,1,17.090756978728344
PRSZ04,CHSZ03,2,6.2870136798784735
PRSZ04,DTSZ01,1,14.198998251247474
PRSZ04,DTSZ02,3,14.922665520811918
PRSZ04,DTSZ11,2,16.25840113825897
PRSZ04,GLSZ04,1,10.769747244432923
PRSZ04,GLSZ05,1,9.417062890802645
PRSZ04,HGSZ03,1,6.407678561986566
PRSZ04,JESZ05,1,24.159938521776883
PRSZ04,KLSZ08,1,12.350182505769851
PRSZ04,MUSZ01,1,15.171366069409041
PRSZ04,NVSZ02,1,14.25801411893261
PRSZ04,ORSZ02,1,15.930014530693228
PRSZ04,PGSZ03,1,6.910151432198022
PRSZ04,PRSZ03,1,1.1729449925550546
PRSZ04,PRSZ05,1,1.3355502562312414
PRSZ04,QTSZ09,1,21.179415062622596
PRSZ04,TMSZ01,1,2.3346024555144784
PRSZ04,TMSZ02,1,2.871436793489388
PRSZ04,TMSZ04,3,4.373660974482156
PRSZ04,TMSZ05,2,5.859643841237085
PRSZ05,AMSZ03,1,11.54565013917466
PRSZ05,AMSZ10,3,12.711337660181599
PRSZ05,BDSZ04,5,5.003038737292719
PRSZ05,BMSZ01,1,19.6663196069761
PRSZ05,BMSZ03,1,18.211116219588458
PRSZ05,BMSZ07,1,18.953684228771877
PRSZ05,BSSZ01,1,14.18697946121949
PRSZ05,BSSZ02,1,12.832237684512668
PRSZ05,BTSZ01,2,21.164441990027203
PRSZ05,CHSZ02,4,2.0585058989955445
PRSZ05,CHSZ03,5,5.211054191623277
PRSZ05,DTSZ01,3,13.862695353092404
PRSZ05,DTSZ02,3,14.55065762679752
PRSZ05,DTSZ03,2,14.005353885191859
PRSZ05,DTSZ05,3,15.325189139580806
PRSZ05,DTSZ08,4,15.864350421440967
PRSZ05,DTSZ11,3,15.774690388263947
PRSZ05,GLSZ01,1,10.423145420035333
PRSZ05,GLSZ03,6,8.236622392623675
PRSZ05,GLSZ05,3,8.911730183281312
PRSZ05,HGSZ06,1,8.776304605999064
PRSZ05,JESZ05,1,24.41850315479448
PRSZ05,JWSZ09,1,28.781936057696758
PRSZ05,KLSZ03,1,11.393064565201914
PRSZ05,KLSZ05,1,11.991562716522763
PRSZ05,KLSZ08,1,12.08904061145531
PRSZ05,MPSZ01,1,10.639807156075852
PRSZ05,MPSZ03,1,9.33493279868607
PRSZ05,MUSZ01,3,14.895052039949423
PRSZ05,NTSZ03,2,14.864672896947862
PRSZ05,NVSZ02,3,14.15695798982709
PRSZ05,ORSZ02,8,15.768963448778594
PRSZ05,ORSZ03,2,15.365287873004505
PRSZ05,OTSZ03,7,16.223294728379056
PRSZ05,PGSZ04,2,6.075801127219933
PRSZ05,PGSZ05,1,6.131677336324219
PRSZ05,PLSZ04,1,7.154945484832794
PRSZ05,PRSZ01,1,4.074572309831493
PRSZ05,PRSZ02,3,2.467672782392698
PRSZ05,PRSZ03,23,1.3236940820239511
PRSZ05,PRSZ04,2,1.3355502562312414
PRSZ05,PRSZ05,9,0.0
PRSZ05,PRSZ06,1,1.5530249316779439
PRSZ05,QTSZ08,2,20.294389095106336
PRSZ05,QTSZ11,2,21.87690057096877
PRSZ05,QTSZ12,1,20.754331526937396
PRSZ05,RCSZ01,2,13.648995332515756
PRSZ05,RCSZ08,1,14.27953704734927
PRSZ05,RCSZ10,4,14.112622279412223
PRSZ05,RVSZ05,1,15.903859796959072
PRSZ05,SESZ02,2,6.396421522877681
PRSZ05,SESZ03,4,7.311629435529212
PRSZ05,SGSZ02,1,10.542139372422884
PRSZ05,TMSZ02,8,1.8444573221520455
PRSZ05,TMSZ03,5,3.4518825252645438
PRSZ05,TMSZ04,9,3.1920390301266366
PRSZ05,TMSZ05,5,4.535034352347557
PRSZ05,TPSZ02,1,13.236582508508846
PRSZ05,TPSZ06,1,11.759937986158416
PRSZ05,WCSZ01,3,30.014660566464542
PRSZ05,YSSZ01,1,14.984324563148279
PRSZ06,BDSZ04,2,6.461005515275194
PRSZ06,BDSZ06,1,6.830880702307267
PRSZ06,BMSZ15,1,19.877346204761622
PRSZ06,CHSZ03,1,4.7167754242860065
PRSZ06,HGSZ05,1,9.942619329204955
PRSZ06,HGSZ06,2,10.134793840834885
PRSZ06,PGSZ03,1,8.679681007193183
PRSZ06,PGSZ04,1,6.901189260174909
PRSZ06,PGSZ05,1,6.783316992955175
PRSZ06,PRSZ03,1,2.5956684885136503
PRSZ06,PRSZ05,1,1.5530249316779439
PRSZ06,SESZ03,1,8.282956472780114
PRSZ06,SESZ06,1,10.669865675675744
PRSZ06,TMSZ02,5,3.31885267082316
PRSZ06,TMSZ03,1,5.000389779629962
PRSZ06,TMSZ04,4,4.449278941338164
PRSZ06,TPSZ11,1,11.842877628048065
PRSZ06,WDSZ03,1,20.081189931225925
PRSZ06,WDSZ04,1,20.511441843184073
PRSZ06,YSSZ04,1,15.480563993367378
PRSZ06,YSSZ09,1,16.660039222231244
PRSZ07,BDSZ04,1,5.893178809749632
PRSZ07,DTSZ02,1,15.789126792928974
PRSZ07,GLSZ04,1,11.628061643874895
PRSZ07,TMSZ02,1,2.891043016370743
PRSZ07,TMSZ03,1,4.694295965666411
PRSZ08,AMSZ01,1,13.369716669301019
PRSZ08,BDSZ01,1,6.8393236019871555
PRSZ08,BDSZ03,1,6.8187287823468266
PRSZ08,BDSZ04,1,4.653671693815638
PRSZ08,BDSZ06,1,4.855385417404755
PRSZ08,BMSZ04,1,17.62149284875245
PRSZ08,BMSZ05,1,17.10516349166285
PRSZ08,BMSZ08,1,17.9084206169927
PRSZ08,BTSZ08,1,18.53071344586624
PRSZ08,CHSZ03,1,4.081519834133196
PRSZ08,CKSZ06,1,24.708389762444302
PRSZ08,DTSZ02,1,14.612335018798573
PRSZ08,DTSZ05,1,15.328648685564591
PRSZ08,DTSZ09,1,16.28822748704173
PRSZ08,GLSZ04,1,10.464193991386491
PRSZ08,JESZ05,1,25.03125179566276
PRSZ08,JWSZ09,1,29.449950131724908
PRSZ08,MUSZ03,2,14.764906842420547
PRSZ08,NVSZ02,3,14.489607943079454
PRSZ08,PGSZ02,1,9.070374747616883
PRSZ08,PRSZ03,1,2.488093901391684
PRSZ08,PRSZ06,1,2.0299887361074687
PRSZ08,PRSZ08,1,0.0
PRSZ08,QTSZ08,1,20.631024940020563
PRSZ08,SESZ03,1,8.432369654068282
PRSZ08,TMSZ02,7,1.7629920239944799
PRSZ08,TMSZ03,1,3.5826714886333413
PRSZ08,TMSZ04,2,2.483313590092093
PRSZ08,TMSZ05,1,3.3559901476710063
PRSZ08,TPSZ01,1,14.009306872766217
QTSZ01,AMSZ01,1,9.529118420930502
QTSZ01,AMSZ10,1,10.567393222631306
QTSZ01,BDSZ01,1,13.84535468118396
QTSZ01,BDSZ03,1,14.327135578134191
QTSZ01,BKSZ05,2,5.621772030528751
QTSZ01,BMSZ01,1,5.52065483688428
QTSZ01,BMSZ02,3,4.721028063310325
QTSZ01,BMSZ04,2,5.2983637903254825
QTSZ01,BMSZ06,1,4.193296330723574
QTSZ01,BPSZ03,1,8.412107176187213
QTSZ01,BSSZ01,2,7.199059583669159
QTSZ01,BTSZ04,1,0.9128687681579382
QTSZ01,BTSZ07,1,1.2445503241516307
QTSZ01,CHSZ03,1,24.078716118520067
QTSZ01,CLSZ04,2,2.416685178068525
QTSZ01,CLSZ06,3,2.7150316756116557
QTSZ01,DTSZ03,1,8.305738907554073
QTSZ01,DTSZ08,1,7.709517447480367
QTSZ01,DTSZ09,2,7.571054389895702
QTSZ01,DTSZ11,1,8.214172256952317
QTSZ01,GLSZ04,1,10.689146170110783
QTSZ01,HGSZ08,1,11.716253142554539
QTSZ01,JESZ02,1,6.324133390044738
QTSZ01,JESZ03,1,5.466207560446868
QTSZ01,JESZ05,4,5.558005103503745
QTSZ01,JESZ06,1,4.703307101143611
QTSZ01,KLSZ09,1,8.563378692588564
QTSZ01,MUSZ03,3,7.077655685603983
QTSZ01,OTSZ03,1,7.13348521311991
QTSZ01,QTSZ01,2,0.0
QTSZ01,QTSZ02,1,0.8612108103401749
QTSZ01,QTSZ04,1,1.4847271457684215
QTSZ01,QTSZ05,3,2.759169940443602
QTSZ01,QTSZ08,3,1.4672733500642554
QTSZ01,QTSZ09,1,1.1464658706683157
QTSZ01,QTSZ12,4,2.925800347769965
QTSZ01,QTSZ13,1,2.8230843884468273
QTSZ01,QTSZ14,4,3.790223583573153
QTSZ01,RCSZ10,1,7.389182028083977
QTSZ01,SESZ03,1,15.184806872974185
QTSZ01,SGSZ04,1,10.520516614189308
QTSZ01,TMSZ02,1,18.835486088266492
QTSZ01,TNSZ03,1,2.793602847556507
QTSZ01,TSSZ05,1,17.16059832124353
QTSZ01,WDSZ09,2,15.556383792548901
QTSZ02,AMSZ03,1,9.189899486399492
QTSZ02,AMSZ10,1,10.322567483621627
QTSZ02,AMSZ11,1,11.117067032019621
QTSZ02,BDSZ01,1,13.11363330241706
QTSZ02,BKSZ05,1,6.281175636492754
QTSZ02,BKSZ07,1,6.6166341986972546
QTSZ02,BKSZ09,1,5.46181497433768
QTSZ02,BMSZ01,3,4.879450990873894
QTSZ02,BMSZ05,1,5.454468057604331
QTSZ02,BMSZ07,1,2.84118870531852
QTSZ02,BPSZ02,1,9.222385988552594
QTSZ02,BPSZ05,1,8.15886319240213
QTSZ02,CKSZ03,1,10.007573858086504
QTSZ02,CLSZ04,1,3.277888020123187
QTSZ02,CLSZ06,1,3.548421671416747
QTSZ02,DTSZ02,2,6.72642413399088
QTSZ02,DTSZ03,1,7.44770732718515
QTSZ02,DTSZ05,2,6.823021454865297
QTSZ02,DTSZ06,1,7.125725463375734
QTSZ02,DTSZ08,1,6.8584316940942385
QTSZ02,GLSZ04,1,9.893241513939147
QTSZ02,HGSZ04,1,12.455747045424904
QTSZ02,HGSZ06,1,11.31519748697237
QTSZ02,HGSZ07,1,11.543857755056512
QTSZ02,JESZ03,2,6.307522021242848
QTSZ02,JESZ09,1,8.452130620990998
QTSZ02,JWSZ03,2,9.407666771996448
QTSZ02,JWSZ08,1,11.813581569789728
QTSZ02,KLSZ09,1,7.722631571232909
QTSZ02,MPSZ03,1,12.554000606589147
QTSZ02,NVSZ01,1,6.541980126912063
QTSZ02,NVSZ03,1,4.654095653307868
QTSZ02,NVSZ05,1,4.739849013955378
QTSZ02,ORSZ02,2,4.213316922145159
QTSZ02,ORSZ03,1,4.975097642869289
QTSZ02,OTSZ03,1,6.285387373884506
QTSZ02,OTSZ04,1,6.3748128530559915
QTSZ02,PGSZ05,1,16.870114439027965
QTSZ02,PNSZ01,1,12.95641763589019
QTSZ02,QTSZ01,1,0.8612108103401749
QTSZ02,QTSZ02,1,0.0
QTSZ02,QTSZ06,1,1.900843624509002
QTSZ02,QTSZ08,2,1.197912855900896
QTSZ02,QTSZ10,1,1.7650440191732604
QTSZ02,QTSZ11,3,2.442437985112194
QTSZ02,QTSZ13,1,2.91457249524298
QTSZ02,QTSZ14,1,3.4194711023207236
QTSZ02,SISZ01,1,7.58420333416666
QTSZ02,TSSZ05,1,17.956085501648683
QTSZ02,WDSZ01,1,14.529553954185811
QTSZ02,WDSZ06,1,14.514971915216604
QTSZ02,YSSZ02,1,15.207152237892204
QTSZ02,YSSZ03,1,14.48875935666018
QTSZ02,YSSZ09,1,14.236394515918452
QTSZ03,BLSZ02,1,10.29521103430497
QTSZ03,BMSZ02,1,3.2906917519464893
QTSZ03,BMSZ08,1,3.2008599802034703
QTSZ03,CHSZ03,1,22.848425672048563
QTSZ03,CLSZ04,1,3.940469965248592
QTSZ03,CLSZ06,1,4.166412625182082
QTSZ03,DTSZ10,1,5.974187461895922
QTSZ03,KLSZ06,1,6.6206656142797495
QTSZ03,KLSZ08,1,7.362811351259373
QTSZ03,NVSZ02,1,4.977875745472696
QTSZ03,ORSZ02,2,3.6343272376095745
QTSZ03,ORSZ03,1,4.3642430869623094
QTSZ03,PNSZ02,1,14.614423913037925
QTSZ03,QTSZ03,1,0.0
QTSZ03,QTSZ08,1,1.2314549791540756
QTSZ03,QTSZ11,2,2.771757136866005
QTSZ03,QTSZ13,1,2.9978028882468384
QTSZ03,RCSZ01,1,5.827317105042208
QTSZ03,SESZ02,1,14.868477102711376
QTSZ03,SGSZ06,1,9.464675546029893
QTSZ03,SKSZ04,1,13.276047546381152
QTSZ03,TNSZ04,1,1.8046436454781936
QTSZ03,TPSZ02,1,5.979245065258321
QTSZ04,AMSZ01,1,9.70751970917226
QTSZ04,BDSZ04,1,15.822333630824414
QTSZ04,BKSZ02,1,8.718119821895971
QTSZ04,BKSZ05,1,7.061171722591147
QTSZ04,BKSZ07,2,7.3137346197052215
QTSZ04,BMSZ03,2,2.7321996277432494
QTSZ04,BMSZ04,1,3.857973864103582
QTSZ04,BMSZ06,1,2.8035299230247106
QTSZ04,BMSZ07,2,2.095098327717852
QTSZ04,BMSZ08,1,3.2656597793413393
QTSZ04,BMSZ12,1,2.4935656072596557
QTSZ04,BTSZ01,1,4.939207554333046
QTSZ04,CHSZ03,1,23.279922852292735
QTSZ04,CKSZ03,2,10.792000414601166
QTSZ04,CLSZ04,2,3.7989334830126578
QTSZ04,CLSZ06,1,3.9263821283984366
QTSZ04,CLSZ07,1,3.1737686377303738
QTSZ04,DTSZ05,1,6.34334520309865
QTSZ04,DTSZ09,1,6.151618194780062
QTSZ04,DTSZ11,2,6.815563356676839
QTSZ04,GLSZ03,1,11.540457032458418
QTSZ04,GLSZ04,1,9.766559436808361
QTSZ04,HGSZ08,1,11.156719689062882
QTSZ04,JESZ01,1,8.812969042058244
QTSZ04,JESZ05,3,6.972229321924962
QTSZ04,JWSZ09,2,11.37155026139227
QTSZ04,ORSZ03,1,4.695696863468547
QTSZ04,OTSZ03,2,5.734340756585739
QTSZ04,PRSZ03,1,18.56346097398001
QTSZ04,QTSZ04,1,0.0
QTSZ04,QTSZ05,4,1.3519204781109424
QTSZ04,QTSZ06,4,1.129647133355252
QTSZ04,QTSZ08,4,0.7115463539517966
QTSZ04,QTSZ10,2,1.9294285269824714
QTSZ04,QTSZ11,1,2.3099985987190688
QTSZ04,SBSZ03,1,16.304162385989056
QTSZ04,SRSZ01,1,4.6218427957400054
QTSZ04,TNSZ01,1,3.3774168066091117
QTSZ04,TPSZ01,1,6.603201317967891
QTSZ04,TPSZ02,1,6.494413439240801
QTSZ04,TPSZ06,1,7.933811564437317
QTSZ04,WCSZ01,1,14.90908958044756
QTSZ05,AMSZ01,1,9.434287901469641
QTSZ05,BKSZ04,2,8.85789354607472
QTSZ05,BKSZ05,2,8.149754245483292
QTSZ05,BLSZ02,1,11.354417409844908
QTSZ05,BMSZ01,3,3.2291572167331313
QTSZ05,BMSZ03,1,1.4606059633484836
QTSZ05,BMSZ04,2,2.5398432283952883
QTSZ05,BMSZ05,2,3.52679402805003
QTSZ05,BMSZ07,1,1.09184867404237
QTSZ05,BMSZ08,1,1.9463200072786369
QTSZ05,BMSZ09,1,2.613602059378842
QTSZ05,BMSZ12,3,1.6687032298641558
QTSZ05,BMSZ15,2,3.1593541163507015
QTSZ05,BPSZ03,1,10.570761264422876
QTSZ05,BPSZ05,2,9.916506624645997
QTSZ05,BPSZ06,1,8.878356992161054
QTSZ05,BSSZ01,1,7.235198600178711
QTSZ05,BSSZ02,2,7.550966610378101
QTSZ05,BTSZ08,1,2.20717491588294
QTSZ05,CKSZ03,1,11.85634869292888
QTSZ05,CLSZ01,1,6.9247742791421185
QTSZ05,CLSZ04,1,5.135637327661878
QTSZ05,CLSZ06,2,5.277913801550564
QTSZ05,DTSZ01,1,5.323601798652117
QTSZ05,DTSZ02,3,5.029089430873017
QTSZ05,DTSZ05,8,4.992013285851328
QTSZ05,DTSZ07,1,4.629752101305086
QTSZ05,DTSZ08,2,4.971906850659574
QTSZ05,DTSZ11,3,5.470757413392412
QTSZ05,GLSZ03,1,10.46573151124427
QTSZ05,KLSZ06,1,5.863975248216529
QTSZ05,KLSZ08,3,6.63976091251182
QTSZ05,KLSZ09,2,6.200019393549315
QTSZ05,MUSZ01,2,4.117127913434588
QTSZ05,MUSZ03,3,4.587343583985422
QTSZ05,NVSZ02,1,4.470381033420109
QTSZ05,NVSZ03,1,4.062417084628075
QTSZ05,ORSZ01,1,2.133037229525851
QTSZ05,ORSZ02,4,2.8587404896799744
QTSZ05,ORSZ03,5,3.447678254780443
QTSZ05,OTSZ01,1,3.7050807665264136
QTSZ05,OTSZ03,6,4.389088082585871
QTSZ05,OTSZ04,1,4.533424316608602
QTSZ05,PGSZ03,2,15.332372108265153
QTSZ05,PGSZ04,1,15.774698021170462
QTSZ05,PLSZ04,1,11.615525432313765
QTSZ05,QTSZ01,2,2.759169940443602
QTSZ05,QTSZ04,3,1.3519204781109424
QTSZ05,QTSZ05,4,0.0
QTSZ05,QTSZ06,4,0.6905306215092566
QTSZ05,QTSZ08,3,1.9041709380211382
QTSZ05,QTSZ09,1,3.7875916639979152
QTSZ05,QTSZ10,3,3.267274760175375
QTSZ05,QTSZ11,3,3.512185112075166
QTSZ05,QTSZ12,1,2.1974497078735005
QTSZ05,QTSZ13,1,3.336728458545319
QTSZ05,QTSZ14,1,2.653510544334392
QTSZ05,RCSZ01,1,5.062926395701481
QTSZ05,RCSZ06,1,4.583213564465413
QTSZ05,SESZ06,1,13.278289763719002
QTSZ05,SGSZ02,1,10.674241988844424
QTSZ05,SGSZ07,1,9.418529268789989
QTSZ05,SRSZ01,1,3.27877268142755
QTSZ05,SRSZ03,1,4.581164773124427
QTSZ05,TMSZ03,1,15.306434201852452
QTSZ05,TMSZ04,2,16.914837337440236
QTSZ05,TSSZ05,1,19.43234535646631
QTSZ05,WCSZ01,1,16.20233546179008
QTSZ05,WDSZ01,1,15.938647474305698
QTSZ05,WDSZ03,1,16.03002091749097
QTSZ05,WDSZ09,1,17.331580939337655
QTSZ05,YSSZ01,1,14.765899251971959
QTSZ06,AMSZ01,2,10.060683147996679
QTSZ06,BDSZ05,1,13.241784038712687
QTSZ06,BKSZ07,1,8.439928880922372
QTSZ06,BMSZ01,2,2.9869559379929176
QTSZ06,BMSZ02,3,2.1304675334951515
QTSZ06,BMSZ04,2,2.825828879205458
QTSZ06,BMSZ06,2,1.8993487974178067
QTSZ06,BMSZ08,3,2.2477449337097264
QTSZ06,BMSZ09,1,3.054664653488429
QTSZ06,BMSZ12,1,1.3840438700585587
QTSZ06,BPSZ04,1,9.840908554029014
QTSZ06,BSSZ03,1,8.359791050698181
QTSZ06,BTSZ01,2,6.064715012830364
QTSZ06,BTSZ03,1,4.315899706268571
QTSZ06,CHSZ03,1,22.785399657313686
QTSZ06,CLSZ01,1,6.729833043361027
QTSZ06,CLSZ04,2,4.872255847096351
QTSZ06,CLSZ06,1,4.918665477693534
QTSZ06,DTSZ01,1,5.903393694735378
QTSZ06,DTSZ03,1,6.282390678279396
QTSZ06,DTSZ05,3,5.420680462952178
QTSZ06,DTSZ06,1,5.788968134667214
QTSZ06,DTSZ10,1,4.997543973850645
QTSZ06,DTSZ11,4,5.815434863832316
QTSZ06,GLSZ02,1,9.860972456127595
QTSZ06,GLSZ04,1,9.230691233686077
QTSZ06,GLSZ05,1,10.890891545373497
QTSZ06,JESZ01,1,9.909187602178472
QTSZ06,JESZ05,2,8.045539574799749
QTSZ06,JESZ10,1,7.087072911986771
QTSZ06,JWSZ03,1,11.08058330653562
QTSZ06,JWSZ09,2,12.382499271226408
QTSZ06,KLSZ02,1,8.081897902989013
QTSZ06,KLSZ04,1,7.655602750770729
QTSZ06,MPSZ02,1,11.123483491453445
QTSZ06,MSSZ01,1,7.084491494383263
QTSZ06,MUSZ03,1,5.14560599127353
QTSZ06,OTSZ01,1,4.116952940639219
QTSZ06,OTSZ02,1,4.355199779774966
QTSZ06,OTSZ03,4,4.741797745833734
QTSZ06,OTSZ04,1,4.957143630646704
QTSZ06,PGSZ04,1,16.461297004283807
QTSZ06,PLSZ04,1,12.302700283928354
QTSZ06,PRSZ03,1,18.307157054289352
QTSZ06,QTSZ04,3,1.129647133355252
QTSZ06,QTSZ05,3,0.6905306215092566
QTSZ06,QTSZ06,6,0.0
QTSZ06,QTSZ08,5,1.450190340621632
QTSZ06,QTSZ11,4,2.972517468488324
QTSZ06,QTSZ14,2,2.0092190604551083
QTSZ06,RCSZ01,1,5.709185310578387
QTSZ06,SBSZ04,1,18.235934835048933
QTSZ06,SESZ02,2,15.414003912629743
QTSZ06,SESZ03,2,15.14289356013831
QTSZ06,SESZ06,1,13.936865118631122
QTSZ06,SRSZ01,3,3.7697260884061397
QTSZ06,TPSZ02,1,6.446637596338106
QTSZ06,TPSZ03,1,7.345398364267579
QTSZ06,WDSZ01,1,16.27087941042165
QTSZ06,WDSZ08,1,17.55051848639276
QTSZ06,WDSZ09,1,17.656034357932207
QTSZ06,YSSZ01,1,15.301230857641562
QTSZ06,YSSZ09,1,15.616222828223718
QTSZ07,BDSZ04,1,15.940301526413709
QTSZ07,BMSZ10,1,3.6496759609754146
QTSZ07,BMSZ13,2,1.725080916052197
QTSZ07,CLSZ07,1,3.815417711060552
QTSZ07,HGSZ01,1,13.686248016356759
QTSZ07,HGSZ06,1,12.29331240288443
QTSZ07,JESZ01,1,9.88091857297689
QTSZ07,JESZ03,1,8.004054024848498
QTSZ07,JESZ05,1,7.9761747823274955
QTSZ07,JWSZ09,1,12.195161995994578
QTSZ07,MDSZ03,1,15.622370649251716
QTSZ07,QTSZ06,1,0.7316498614447654
QTSZ07,QTSZ12,1,0.7991996528765185
QTSZ07,SBSZ01,1,18.043334177451815
QTSZ07,TPSZ03,1,8.075941229769887
QTSZ08,AMSZ01,4,10.348743720863121
QTSZ08,AMSZ04,5,9.819752473170258
QTSZ08,AMSZ06,3,9.955465240400367
QTSZ08,AMSZ09,2,10.721759539329412
QTSZ08,BDSZ01,4,13.810423712896606
QTSZ08,BDSZ02,2,15.737839109088444
QTSZ08,BDSZ03,1,14.15559487927562
QTSZ08,BDSZ04,4,16.505545869932877
QTSZ08,BDSZ05,1,14.496177661897205
QTSZ08,BDSZ06,1,17.256034389561194
QTSZ08,BKSZ01,3,8.740422812439041
QTSZ08,BKSZ02,1,8.62322063729599
QTSZ08,BKSZ03,3,8.383940950090771
QTSZ08,BKSZ04,1,7.594521267380253
QTSZ08,BKSZ05,4,7.063810457789163
QTSZ08,BKSZ06,1,7.711069608933311
QTSZ08,BKSZ07,2,7.146493638977682
QTSZ08,BKSZ08,4,6.779052893919564
QTSZ08,BKSZ09,2,6.007534479635956
QTSZ08,BLSZ02,2,9.475638318380591
QTSZ08,BMSZ01,2,4.129310016301148
QTSZ08,BMSZ02,2,3.5496285577343634
QTSZ08,BMSZ03,1,3.1290306280555815
QTSZ08,BMSZ04,2,4.275988172778564
QTSZ08,BMSZ05,1,5.26103428017332
QTSZ08,BMSZ06,6,3.311909544290531
QTSZ08,BMSZ07,3,2.3773258352046325
QTSZ08,BMSZ08,2,3.697006267953946
QTSZ08,BMSZ09,2,4.478012979924775
QTSZ08,BMSZ10,1,4.756400845475458
QTSZ08,BMSZ11,1,4.597714194170921
QTSZ08,BMSZ13,4,3.1090487896910983
QTSZ08,BPSZ01,2,10.347555143250476
QTSZ08,BPSZ03,2,9.87722513851989
QTSZ08,BPSZ04,1,8.96860875261681
QTSZ08,BPSZ05,4,9.07185687832771
QTSZ08,BSSZ01,4,8.0417772866973
QTSZ08,BSSZ02,3,8.64581173081145
QTSZ08,BSSZ03,4,8.962213671593334
QTSZ08,BTSZ01,5,4.915196479200296
QTSZ08,BTSZ07,5,2.181504046420334
QTSZ08,BTSZ08,2,2.5932947097107215
QTSZ08,CKSZ01,3,10.105558324590984
QTSZ08,CKSZ02,2,9.921174697899335
QTSZ08,CKSZ03,5,10.791204116050123
QTSZ08,CKSZ04,1,10.740720756429152
QTSZ08,CKSZ06,1,12.36145094691801
QTSZ08,CLSZ03,1,4.63094877262212
QTSZ08,CLSZ04,9,3.472750972588419
QTSZ08,CLSZ05,2,4.4762980054205155
QTSZ08,CLSZ06,6,3.4723330871686047
QTSZ08,CLSZ08,1,3.1480955811560123
QTSZ08,DTSZ01,1,7.220988548903644
QTSZ08,DTSZ02,4,6.9316797330235005
QTSZ08,DTSZ03,1,7.663269699688681
QTSZ08,DTSZ08,2,6.782091005168912
QTSZ08,DTSZ09,2,6.578768541949939
QTSZ08,DTSZ10,2,6.443914992387529
QTSZ08,GLSZ02,2,10.953406451225664
QTSZ08,GLSZ04,3,10.438931709219377
QTSZ08,GLSZ05,1,12.104629004309656
QTSZ08,HGSZ01,3,13.69836603782666
QTSZ08,HGSZ02,3,14.313859531480261
QTSZ08,HGSZ04,2,13.462505057211008
QTSZ08,HGSZ06,4,12.287885067263927
QTSZ08,HGSZ07,2,12.45934817201061
QTSZ08,JESZ02,2,7.465639876200217
QTSZ08,JESZ03,3,6.637390355811709
QTSZ08,JESZ05,9,6.633042342319745
QTSZ08,JWSZ02,3,10.344892123945215
QTSZ08,JWSZ03,7,9.673962239984842
QTSZ08,JWSZ04,5,8.753793101044835
QTSZ08,JWSZ08,3,11.870472544670106
QTSZ08,JWSZ09,11,10.935246479643997
QTSZ08,KLSZ01,2,8.307398167450954
QTSZ08,KLSZ03,1,9.217076313075546
QTSZ08,KLSZ06,2,7.695278894544058
QTSZ08,KLSZ07,3,6.8058163086141485
QTSZ08,KLSZ08,1,8.45661232603684
QTSZ08,MPSZ01,1,11.144359423973741
QTSZ08,MPSZ02,2,12.408729128044936
QTSZ08,MPSZ03,3,12.960943887980356
QTSZ08,MUSZ01,1,6.014508106751476
QTSZ08,NTSZ03,1,5.486599320887739
QTSZ08,NVSZ01,1,7.3269209164831715
QTSZ08,NVSZ02,1,6.143880134513132
QTSZ08,ORSZ02,3,4.6803534090825005
QTSZ08,ORSZ03,1,5.331178268361103
QTSZ08,OTSZ03,4,6.1905751342633355
QTSZ08,PGSZ02,2,17.40161898223725
QTSZ08,PGSZ04,3,17.135604411829103
QTSZ08,PNSZ02,2,13.723377808175549
QTSZ08,PRSZ02,2,18.83111026224246
QTSZ08,PRSZ03,5,19.27386232217561
QTSZ08,PRSZ05,1,20.294389095106336
QTSZ08,PRSZ08,1,20.631024940020563
QTSZ08,QTSZ01,2,1.4672733500642554
QTSZ08,QTSZ02,3,1.197912855900896
QTSZ08,QTSZ03,1,1.2314549791540756
QTSZ08,QTSZ04,3,0.7115463539517966
QTSZ08,QTSZ05,3,1.9041709380211382
QTSZ08,QTSZ06,5,1.450190340621632
QTSZ08,QTSZ08,10,0.0
QTSZ08,QTSZ10,5,1.427255504833849
QTSZ08,QTSZ11,2,1.627500290675238
QTSZ08,QTSZ13,2,1.775660471515622
QTSZ08,RCSZ01,1,6.894922389178966
QTSZ08,RCSZ02,1,7.064595362276457
QTSZ08,RCSZ10,1,6.884180093314285
QTSZ08,RVSZ05,1,5.181481797787525
QTSZ08,SBSZ01,2,17.194323522310697
QTSZ08,SBSZ02,1,16.31373502744371
QTSZ08,SBSZ03,1,16.738740742163433
QTSZ08,SBSZ04,1,17.866084725155336
QTSZ08,SBSZ06,1,18.541987669868437
QTSZ08,SESZ02,2,16.099825110858664
QTSZ08,SESZ03,9,15.756089750431935
QTSZ08,SESZ04,4,15.2786089603582
QTSZ08,SESZ05,2,14.620212501446845
QTSZ08,SESZ06,2,14.366752996289923
QTSZ08,SGSZ03,1,12.466775291320069
QTSZ08,SGSZ04,5,11.048009930792105
QTSZ08,SGSZ06,5,10.693915927253878
QTSZ08,SRSZ02,1,6.024171450765908
QTSZ08,TMSZ02,3,18.868564424242766
QTSZ08,TMSZ03,5,17.048418437842894
QTSZ08,TMSZ04,3,18.71618558134136
QTSZ08,TNSZ04,1,3.035995237552461
QTSZ08,TPSZ02,4,7.204328510366785
QTSZ08,TPSZ06,3,8.645147546048486
QTSZ08,TPSZ10,2,10.472088119602937
QTSZ08,TPSZ11,1,9.969414666747419
QTSZ08,TPSZ12,1,11.004291893982302
QTSZ08,WDSZ01,1,15.626653469985031
QTSZ08,WDSZ02,6,15.752865950344395
QTSZ08,WDSZ03,8,15.949789699212772
QTSZ08,WDSZ04,2,14.601408997583006
QTSZ08,YSSZ01,1,15.196257807342072
QTSZ08,YSSZ02,1,16.404578910142114
QTSZ08,YSSZ03,3,15.684827077257516
QTSZ08,YSSZ04,2,14.343949148830461
QTSZ08,YSSZ05,2,13.765749256553715
QTSZ08,YSSZ08,1,13.958282917770138
QTSZ08,YSSZ09,4,15.432029426406428
QTSZ09,BDSZ02,1,16.884877943507448
QTSZ09,BDSZ04,2,17.784926324975224
QTSZ09,BDSZ05,1,15.92894634390073
QTSZ09,BMSZ04,2,6.300522212332892
QTSZ09,BMSZ06,1,5.2392327012844895
QTSZ09,BMSZ08,1,5.7089261401211315
QTSZ09,BMSZ15,2,6.70896928323228
QTSZ09,BMSZ17,1,8.375294557012275
QTSZ09,CKSZ03,3,8.824193650941845
QTSZ09,CLSZ04,2,1.3596505286588076
QTSZ09,CLSZ05,1,2.515561157881514
QTSZ09,CLSZ06,2,1.5685927443684196
QTSZ09,JESZ01,1,6.40138066073411
QTSZ09,JESZ02,2,5.34844581352307
QTSZ09,JESZ05,1,4.534184029699119
QTSZ09,JWSZ03,1,7.567751333320144
QTSZ09,JWSZ04,1,6.734488003095328
QTSZ09,JWSZ08,1,9.865435821169042
QTSZ09,KLSZ02,1,10.409701167234044
QTSZ09,KLSZ09,1,9.705737777132846
QTSZ09,ORSZ02,1,6.193677612684984
QTSZ09,OTSZ01,1,7.487864050347754
QTSZ09,OTSZ03,1,8.176054037401093
QTSZ09,PRSZ03,1,20.147695192007944
QTSZ09,QTSZ01,1,1.1464658706683157
QTSZ09,QTSZ05,2,3.7875916639979152
QTSZ09,QTSZ07,1,3.5024700116849905
QTSZ09,QTSZ11,1,1.7084459320264545
QTSZ09,SBSZ01,1,16.29608086142163
QTSZ09,SBSZ03,1,15.677266846639025
QTSZ09,SESZ03,1,16.096406199528996
QTSZ09,SRSZ03,1,8.333035226817623
QTSZ09,TMSZ02,1,19.933011718827053
QTSZ09,TMSZ03,1,18.127822031008737
QTSZ09,TMSZ05,1,21.426824125431313
QTSZ09,TPSZ02,1,8.007202018401934
QTSZ09,WDSZ03,1,14.70401141136338
QTSZ09,WDSZ05,1,13.114151663638067
QTSZ09,WDSZ06,2,14.024340779827705
QTSZ09,YSSZ05,1,13.30363219922819
QTSZ09,YSSZ08,1,13.167281526968676
QTSZ09,YSSZ09,1,14.602610783685721
QTSZ10,AMSZ01,1,10.705399579777
QTSZ10,AMSZ06,1,10.221119820698267
QTSZ10,AMSZ07,1,9.719895072809944
QTSZ10,BDSZ02,1,16.805326829008276
QTSZ10,BDSZ03,1,15.303362236365027
QTSZ10,BKSZ06,1,6.380151369182687
QTSZ10,BMSZ01,1,5.44345708444889
QTSZ10,BMSZ02,1,4.973868023324706
QTSZ10,BMSZ03,3,4.5538956979814005
QTSZ10,BMSZ04,3,5.700027178065489
QTSZ10,BMSZ07,2,3.8024316265516185
QTSZ10,BMSZ08,1,5.117946859341546
QTSZ10,BMSZ11,1,6.023837293502303
QTSZ10,BMSZ13,1,4.448259703902077
QTSZ10,BMSZ14,1,5.419023824843193
QTSZ10,BPSZ03,1,9.04602844114679
QTSZ10,BPSZ05,1,8.14900133924096
QTSZ10,BSSZ01,4,8.375416396597213
QTSZ10,BSSZ02,1,9.180554949482893
QTSZ10,BSSZ03,1,9.633332185018107
QTSZ10,CKSZ04,1,9.54604063031863
QTSZ10,CKSZ06,2,11.324433272789664
QTSZ10,CLSZ04,3,2.1096425764160416
QTSZ10,CLSZ05,1,3.0491390288701807
QTSZ10,CLSZ06,2,2.0450969304572344
QTSZ10,CLSZ09,1,2.8236636473369225
QTSZ10,DTSZ02,1,8.281633607443224
QTSZ10,GLSZ05,2,13.285817114156792
QTSZ10,HGSZ04,1,14.134043219958123
QTSZ10,HGSZ05,1,14.209242926238726
QTSZ10,JESZ01,2,7.140748544089447
QTSZ10,JESZ02,1,6.082333071987068
QTSZ10,JESZ05,2,5.231692492009568
QTSZ10,JWSZ03,2,8.273861975869005
QTSZ10,JWSZ04,1,7.327013280368382
QTSZ10,JWSZ08,1,10.443251361129315
QTSZ10,JWSZ09,2,9.508178493673038
QTSZ10,KLSZ08,1,9.619723680640234
QTSZ10,MUSZ03,1,7.8147937200336655
QTSZ10,NVSZ02,2,7.198375546347932
QTSZ10,ORSZ02,1,5.89640549070681
QTSZ10,PGSZ02,1,17.913308825871887
QTSZ10,PGSZ05,1,18.524589717768592
QTSZ10,PNSZ01,1,11.379369004255766
QTSZ10,PRSZ02,1,19.690380302504643
QTSZ10,PRSZ03,1,20.19671391917911
QTSZ10,QTSZ02,1,1.7650440191732604
QTSZ10,QTSZ04,2,1.9294285269824714
QTSZ10,QTSZ08,5,1.427255504833849
QTSZ10,QTSZ10,4,0.0
QTSZ10,QTSZ11,10,0.9343207049567491
QTSZ10,SBSZ01,2,16.980384373043698
QTSZ10,SBSZ03,4,16.405496733668663
QTSZ10,SESZ03,1,16.35950728150232
QTSZ10,SESZ06,1,14.807029698578258
QTSZ10,SGSZ01,1,13.094904035203228
QTSZ10,SKSZ01,1,14.67958923331579
QTSZ10,SRSZ01,1,6.545524340775902
QTSZ10,TNSZ02,2,4.933482603214413
QTSZ10,TNSZ03,1,3.548748931272103
QTSZ10,TPSZ02,1,8.048576714085064
QTSZ10,TPSZ06,1,9.520108643710357
QTSZ10,TPSZ07,1,9.327329211876995
QTSZ10,TSSZ03,2,14.488217276180526
QTSZ10,WDSZ03,1,15.477495611661617
QTSZ10,WDSZ04,2,14.060675341445647
QTSZ10,WDSZ05,1,13.945699033489268
QTSZ10,YSSZ02,2,16.2784314296492
QTSZ11,AMSZ01,3,11.566261607196632
QTSZ11,AMSZ03,2,11.611604476732683
QTSZ11,AMSZ04,1,11.103834299636645
QTSZ11,AMSZ09,2,11.819229345220124
QTSZ11,BDSZ04,1,18.12981021876255
QTSZ11,BDSZ05,2,16.12321157474884
QTSZ11,BDSZ07,3,16.769294207217236
QTSZ11,BKSZ02,2,8.07161531933491
QTSZ11,BKSZ03,2,7.656767737660961
QTSZ11,BKSZ04,1,7.081561054499716
QTSZ11,BKSZ05,2,6.781726210469482
QTSZ11,BKSZ07,5,6.47420233355883
QTSZ11,BKSZ08,1,6.277838267403658
QTSZ11,BKSZ09,2,5.413848212963825
QTSZ11,BMSZ01,6,5.112037293513128
QTSZ11,BMSZ02,1,4.918896768174725
QTSZ11,BMSZ03,1,4.602650275871753
QTSZ11,BMSZ04,5,5.739133031223165
QTSZ11,BMSZ06,3,4.871512363590674
QTSZ11,BMSZ07,3,3.785410873970081
QTSZ11,BMSZ08,4,5.185798776659214
QTSZ11,BMSZ13,2,4.182606663024169
QTSZ11,BMSZ17,1,7.511109707187228
QTSZ11,BPSZ01,2,10.179633336294522
QTSZ11,BPSZ03,1,9.891636796214353
QTSZ11,BPSZ04,2,9.023385157514559
QTSZ11,BPSZ05,5,8.96328372259818
QTSZ11,BSSZ01,1,9.237136962862854
QTSZ11,BSSZ02,1,9.986610296096666
QTSZ11,BSSZ03,5,10.390284092479456
QTSZ11,CHSZ03,2,25.588641821356017
QTSZ11,CKSZ02,1,9.453748716308661
QTSZ11,CKSZ03,5,10.408626684169672
QTSZ11,CKSZ04,2,10.184224979753038
QTSZ11,CKSZ05,2,11.230928670066447
QTSZ11,CKSZ06,4,12.069168207523715
QTSZ11,CLSZ03,3,3.6275004823541956
QTSZ11,CLSZ04,5,2.6773849448754388
QTSZ11,CLSZ05,1,3.2875812253019827
QTSZ11,CLSZ06,3,2.335706003322094
QTSZ11,CLSZ07,2,1.2894620495882865
QTSZ11,DTSZ03,1,9.250538145752286
QTSZ11,DTSZ05,1,8.382234237686413
QTSZ11,DTSZ09,1,8.01864571183952
QTSZ11,GLSZ02,1,12.565453623223743
QTSZ11,GLSZ03,1,13.8500629751715
QTSZ11,GLSZ04,1,12.066117379163106
QTSZ11,GLSZ05,2,13.731836591430104
QTSZ11,HGSZ01,1,15.169910753683503
QTSZ11,HGSZ03,1,16.124261748976092
QTSZ11,HGSZ04,2,14.89755271769872
QTSZ11,HGSZ05,2,15.006819614910182
QTSZ11,HGSZ06,1,13.756710523834878
QTSZ11,HGSZ07,1,13.973973321132538
QTSZ11,JESZ02,2,6.482564521816274
QTSZ11,JESZ03,2,5.725534538987917
QTSZ11,JESZ05,4,5.590735531387388
QTSZ11,JWSZ02,4,9.148870579615995
QTSZ11,JWSZ03,2,8.60465829032032
QTSZ11,JWSZ04,1,7.5022146648685295
QTSZ11,JWSZ08,6,10.568936853921048
QTSZ11,JWSZ09,7,9.628667024565194
QTSZ11,KLSZ01,1,9.914288876714469
QTSZ11,MPSZ03,1,14.579189260673838
QTSZ11,MUSZ03,1,8.095636566130052
QTSZ11,NVSZ01,1,8.904442299978603
QTSZ11,ORSZ02,1,6.307655280289601
QTSZ11,OTSZ03,2,7.667022314646298
QTSZ11,PGSZ04,2,18.56254020148328
QTSZ11,PGSZ05,1,19.308392669192262
QTSZ11,PRSZ05,1,21.87690057096877
QTSZ11,QTSZ01,1,2.0525031215428826
QTSZ11,QTSZ02,3,2.442437985112194
QTSZ11,QTSZ03,2,2.771757136866005
QTSZ11,QTSZ04,1,2.3099985987190688
QTSZ11,QTSZ05,6,3.512185112075166
QTSZ11,QTSZ06,3,2.972517468488324
QTSZ11,QTSZ08,2,1.627500290675238
QTSZ11,QTSZ10,6,0.9343207049567491
QTSZ11,QTSZ11,21,0.0
QTSZ11,QTSZ13,6,1.1120266638411336
QTSZ11,RCSZ01,1,8.522017976988364
QTSZ11,RCSZ10,1,8.500684300823147
QTSZ11,SBSZ03,4,17.335793254969907
QTSZ11,SBSZ04,2,18.422480186844485
QTSZ11,SBSZ05,1,18.314255043740722
QTSZ11,SESZ02,1,17.536161747738547
QTSZ11,SESZ03,4,17.151332657839212
QTSZ11,SESZ04,1,16.627381011690574
QTSZ11,SESZ06,2,15.650544559757996
QTSZ11,SGSZ04,3,12.461440296279195
QTSZ11,SGSZ06,5,12.183856278019633
QTSZ11,SGSZ07,4,12.501070656486686
QTSZ11,SRSZ01,1,6.741496500504398
QTSZ11,TMSZ02,4,20.470466349771392
QTSZ11,TMSZ03,2,18.65144150654042
QTSZ11,TMSZ04,2,20.33584478047565
QTSZ11,TNSZ03,1,3.9625651174093357
QTSZ11,TPSZ01,1,8.739328236642596
QTSZ11,TPSZ02,3,8.722457060533003
QTSZ11,TPSZ04,1,9.552000835493686
QTSZ11,TPSZ05,1,10.245508208355641
QTSZ11,TPSZ06,2,10.181295360390092
QTSZ11,TPSZ07,2,9.953560056793552
QTSZ11,TPSZ12,2,12.58916876766845
QTSZ11,WDSZ01,1,15.881669747904885
QTSZ11,WDSZ02,2,16.0860158388901
QTSZ11,WDSZ03,5,16.394944345426502
QTSZ11,WDSZ04,3,14.969042216478718
QTSZ11,WDSZ05,1,14.822118035073373
QTSZ11,WDSZ06,1,15.730963699122517
QTSZ11,WDSZ09,1,17.203386271504122
QTSZ11,YSSZ01,2,16.040684170798336
QTSZ11,YSSZ02,1,17.21150142735528
QTSZ11,YSSZ04,2,15.222601632124654
QTSZ11,YSSZ08,2,14.748211896649945
QTSZ11,YSSZ09,3,16.198475493288665
QTSZ12,BDSZ02,1,16.07558697325516
QTSZ12,BDSZ03,1,14.372801652016264
QTSZ12,BDSZ04,2,16.724296884676512
QTSZ12,BKSZ04,1,8.93183865699947
QTSZ12,BKSZ06,1,8.910498666421525
QTSZ12,BKSZ09,1,7.304289169324921
QTSZ12,BMSZ03,1,2.748093502512558
QTSZ12,BMSZ04,2,3.81043841366616
QTSZ12,BMSZ05,1,4.714828421529577
QTSZ12,BMSZ07,1,1.910441398882965
QTSZ12,BMSZ08,1,3.3205071386201483
QTSZ12,BMSZ09,1,4.240912634648521
QTSZ12,BMSZ14,2,3.2181114816921577
QTSZ12,BPSZ01,1,11.78437431804222
QTSZ12,BPSZ03,1,11.337339232750136
QTSZ12,BPSZ05,4,10.515868898237414
QTSZ12,BSSZ02,1,9.650855823208419
QTSZ12,BTSZ01,2,6.316834302658654
QTSZ12,BTSZ07,1,3.574716707954428
QTSZ12,CKSZ01,1,11.51775021602226
QTSZ12,CKSZ03,1,12.180487797133626
QTSZ12,CKSZ05,2,12.983704590348985
QTSZ12,CLSZ03,1,5.706433981930344
QTSZ12,CLSZ07,1,3.425780956326154
QTSZ12,GLSZ04,2,10.629558407455333
QTSZ12,JESZ03,1,7.78504847423605
QTSZ12,JESZ08,1,6.41259185403386
QTSZ12,JWSZ02,2,11.294887753282165
QTSZ12,JWSZ03,2,10.727796426663867
QTSZ12,JWSZ04,1,9.650530083931036
QTSZ12,JWSZ09,1,11.773430500967176
QTSZ12,KLSZ09,1,8.112015773793837
QTSZ12,PGSZ02,1,18.353463366457845
QTSZ12,PGSZ05,1,18.742818247780708
QTSZ12,QTSZ01,3,2.925800347769965
QTSZ12,QTSZ05,3,2.1974497078735005
QTSZ12,QTSZ11,1,2.148375232029973
QTSZ12,QTSZ14,1,0.866137251978076
QTSZ12,RCSZ09,1,6.791889282538791
QTSZ12,SBSZ03,1,18.150117714376282
QTSZ12,SESZ03,1,16.636720194476982
QTSZ12,SESZ04,1,16.223330396205245
QTSZ12,SGSZ04,1,11.931652727165464
QTSZ12,TMSZ04,1,18.979663033673546
QTSZ12,TPSZ03,1,8.84228548130822
QTSZ12,WDSZ03,2,17.39419803327869
QTSZ12,YSSZ03,2,16.976485296221146
QTSZ13,AMSZ01,2,12.114192227131205
QTSZ13,AMSZ02,2,12.621568373000013
QTSZ13,BDSZ04,1,18.004375683439097
QTSZ13,BDSZ05,1,15.910491069958576
QTSZ13,BKSZ09,1,6.525374538055414
QTSZ13,BMSZ01,5,4.225036007776358
QTSZ13,BMSZ06,3,4.510116756519363
QTSZ13,BMSZ08,1,4.700308414785559
QTSZ13,BMSZ13,1,3.385963139883994
QTSZ13,BPSZ04,1,10.082558748613216
QTSZ13,BPSZ05,1,10.049805691445846
QTSZ13,BSSZ01,4,9.80065321498965
QTSZ13,BTSZ07,1,3.855626976011907
QTSZ13,CKSZ01,1,10.925122017989723
QTSZ13,CKSZ03,1,11.519774582600608
QTSZ13,CLSZ03,1,4.702848511741454
QTSZ13,CLSZ04,1,3.788155731677156
QTSZ13,CLSZ07,1,2.343334413143765
QTSZ13,CLSZ08,1,2.5886774333440195
QTSZ13,CLSZ09,3,3.7130103951309237
QTSZ13,DTSZ05,2,7.889009144085255
QTSZ13,DTSZ11,2,8.131267997067525
QTSZ13,GLSZ04,1,11.911316385063135
QTSZ13,HGSZ06,1,14.036392782001215
QTSZ13,JESZ05,3,6.634829041920366
QTSZ13,JESZ08,3,5.169382652726403
QTSZ13,JWSZ03,1,9.620790170164941
QTSZ13,KLSZ01,1,9.91215998890934
QTSZ13,NVSZ01,1,8.996917547830018
QTSZ13,ORSZ02,1,6.194324724645706
QTSZ13,PGSZ02,1,19.17672559493467
QTSZ13,PNSZ01,1,11.991527353562066
QTSZ13,PRSZ03,1,20.937574850432718
QTSZ13,QTSZ02,1,2.91457249524298
QTSZ13,QTSZ08,2,1.775660471515622
QTSZ13,QTSZ11,3,1.1120266638411336
QTSZ13,QTSZ12,1,1.3965534231335244
QTSZ13,QTSZ13,2,0.0
QTSZ13,QTSZ14,1,1.9014106893129246
QTSZ13,QTSZ15,1,1.2191339550955818
QTSZ13,SBSZ01,1,18.77651812882579
QTSZ13,SBSZ03,1,18.250176254393736
QTSZ13,SESZ02,2,17.85812970116667
QTSZ13,SESZ03,2,17.52479287549541
QTSZ13,SGSZ04,1,12.815061231447519
QTSZ13,SGSZ06,1,12.433971374789808
QTSZ13,TMSZ04,2,20.24446761708754
QTSZ13,TPSZ06,2,10.357505187641536
QTSZ13,TPSZ11,1,11.618642901184186
QTSZ13,WDSZ01,1,16.906544291567318
QTSZ13,WDSZ02,1,17.08972274100397
QTSZ13,WDSZ06,1,16.780047085695614
QTSZ13,YSSZ03,1,17.361530051708908
QTSZ13,YSSZ09,1,17.036920378140106
QTSZ14,AMSZ06,2,11.776343883076851
QTSZ14,AMSZ09,2,12.588690602787565
QTSZ14,AMSZ10,1,13.311598262796723
QTSZ14,BDSZ02,1,16.20518190561458
QTSZ14,BDSZ03,3,14.438584841693492
QTSZ14,BDSZ04,1,16.781182620540182
QTSZ14,BDSZ06,1,17.367044740674153
QTSZ14,BKSZ05,1,9.32732838555312
QTSZ14,BKSZ07,1,9.243891502948275
QTSZ14,BLSZ02,1,10.615052662655401
QTSZ14,BMSZ01,5,2.3310314719625698
QTSZ14,BMSZ03,1,2.7436220407389382
QTSZ14,BMSZ07,4,1.996229844152145
QTSZ14,BMSZ08,2,3.258197159689321
QTSZ14,BMSZ09,2,4.203114179697826
QTSZ14,BMSZ10,2,4.1471059691285825
QTSZ14,BMSZ12,1,1.6327648314279275
QTSZ14,BMSZ13,1,1.5886216462218725
QTSZ14,BMSZ14,1,2.873763332736516
QTSZ14,BMSZ15,3,3.3561139504775004
QTSZ14,BMSZ17,2,4.883805984766102
QTSZ14,BPSZ04,2,11.295189018526676
QTSZ14,BPSZ05,2,11.38190614030116
QTSZ14,BSSZ01,3,9.839706909880455
QTSZ14,BSSZ02,1,10.203393502018669
QTSZ14,BSSZ03,3,10.327412642956716
QTSZ14,BTSZ01,1,7.178156828655988
QTSZ14,BTSZ02,1,7.015741479629991
QTSZ14,BTSZ03,1,5.631462890417588
QTSZ14,CCSZ01,1,11.04023630040543
QTSZ14,CKSZ02,1,12.131943459399789
QTSZ14,CKSZ04,1,12.91384551831689
QTSZ14,CKSZ05,3,13.842068854199525
QTSZ14,CLSZ04,2,5.450684523448782
QTSZ14,CLSZ06,2,5.195493908866284
QTSZ14,CLSZ07,1,4.152593899256015
QTSZ14,CLSZ08,1,4.46927664260024
QTSZ14,DTSZ03,1,7.408780895509684
QTSZ14,GLSZ02,1,11.49070523728149
QTSZ14,GLSZ04,3,10.704277518737051
QTSZ14,HGSZ01,1,14.85739062711839
QTSZ14,HGSZ02,2,15.406753402043236
QTSZ14,HGSZ04,1,14.724470831315763
QTSZ14,HGSZ07,2,13.498379323421725
QTSZ14,HGSZ08,1,12.690425105198026
QTSZ14,JESZ04,1,9.378593397291489
QTSZ14,JESZ05,1,8.453049623550339
QTSZ14,JESZ08,1,7.064395892164722
QTSZ14,JWSZ02,1,11.989252241228769
QTSZ14,JWSZ04,1,10.328663561537422
QTSZ14,JWSZ08,1,13.356239899351758
QTSZ14,JWSZ09,4,12.416781304262086
QTSZ14,KLSZ03,1,9.579766948804993
QTSZ14,KLSZ05,1,9.391855283878796
QTSZ14,NVSZ01,1,8.23300582162582
QTSZ14,NVSZ02,2,6.967928723322638
QTSZ14,ORSZ03,1,5.578905146943894
QTSZ14,OTSZ03,3,5.4614161126036045
QTSZ14,PGSZ02,3,18.844156912838354
QTSZ14,PGSZ03,2,17.97552404229949
QTSZ14,PRSZ02,1,19.707522621078283
QTSZ14,PRSZ03,1,20.021524572984855
QTSZ14,QTSZ01,2,3.790223583573153
QTSZ14,QTSZ02,1,3.4194711023207236
QTSZ14,QTSZ05,1,2.653510544334392
QTSZ14,QTSZ06,2,2.0092190604551083
QTSZ14,QTSZ08,1,2.328042786782597
QTSZ14,QTSZ10,2,3.3685129108804035
QTSZ14,QTSZ13,1,1.9014106893129246
QTSZ14,QTSZ14,1,0.0
QTSZ14,QTSZ15,1,2.1170995225080373
QTSZ14,RCSZ02,1,7.36129680189872
QTSZ14,RVSZ03,1,4.9341560879870885
QTSZ14,SBSZ01,1,19.331599953672544
QTSZ14,SBSZ03,4,18.943875000758077
QTSZ14,SBSZ05,1,19.840838273194727
QTSZ14,SESZ03,3,17.087872620256313
QTSZ14,SESZ04,4,16.714350828293735
QTSZ14,SESZ05,1,15.960946797516677
QTSZ14,SESZ06,2,15.931774739652054
QTSZ14,SGSZ04,2,12.401154684553415
QTSZ14,SGSZ06,4,11.848125000567475
QTSZ14,SRSZ01,1,4.958862950935208
QTSZ14,TMSZ01,1,18.83844639263153
QTSZ14,TMSZ02,2,19.393775280649596
QTSZ14,TMSZ03,2,17.580296419473733
QTSZ14,TMSZ04,3,19.055894074186863
QTSZ14,TPSZ05,1,9.888125678833369
QTSZ14,TPSZ07,1,9.3328039746534
QTSZ14,TPSZ11,1,10.745468077018943
QTSZ14,WDSZ02,1,18.05058590847695
QTSZ14,YSSZ01,1,17.257883601485066
QTSZ14,YSSZ03,1,17.68479186485268
QTSZ14,YSSZ05,1,15.705054289265403
QTSZ14,YSSZ09,2,17.547081720782575
QTSZ15,AMSZ04,1,12.765795217266673
QTSZ15,BDSZ04,1,18.810027052637217
QTSZ15,BMSZ01,1,4.3164737250096135
QTSZ15,BPSZ05,2,11.0916806912999
QTSZ15,BSSZ02,1,11.577857716611303
QTSZ15,CKSZ04,1,12.138654720966795
QTSZ15,CLSZ06,1,4.179653083045696
QTSZ15,HGSZ02,1,17.109582736175962
QTSZ15,HGSZ07,2,15.225367977674978
QTSZ15,JESZ02,1,8.185943476314518
QTSZ15,JESZ05,1,7.269011467848186
QTSZ15,JWSZ09,1,10.800434166078588
QTSZ15,OTSZ03,1,7.57851286999794
QTSZ15,PGSZ04,1,19.99687051079462
QTSZ15,QTSZ13,1,1.2191339550955818
QTSZ15,QTSZ15,1,0.0
QTSZ15,RCSZ01,1,9.245030380941962
QTSZ15,RCSZ10,1,8.976539782409997
QTSZ15,SGSZ03,2,15.372368250138381
QTSZ15,SGSZ06,1,13.505033971613921
RCSZ01,AMSZ01,1,7.09732461021056
RCSZ01,AMSZ06,1,7.284362842077343
RCSZ01,BDSZ01,1,7.0274335037811
RCSZ01,BDSZ02,2,8.93448345242334
RCSZ01,BDSZ03,1,7.267978873305736
RCSZ01,BDSZ06,1,10.365356289640395
RCSZ01,BMSZ05,2,3.807300757057859
RCSZ01,BMSZ06,2,4.008127131898221
RCSZ01,BSSZ01,1,5.827219666859465
RCSZ01,CKSZ02,1,13.87018582980207
RCSZ01,CKSZ03,1,14.35430825319109
RCSZ01,CKSZ04,1,14.835346346533838
RCSZ01,CKSZ05,1,14.946608105330991
RCSZ01,CLSZ04,2,9.521055119587418
RCSZ01,DTSZ01,3,1.1953555394842716
RCSZ01,DTSZ02,2,1.8636238421684719
RCSZ01,DTSZ04,1,2.684031058223028
RCSZ01,DTSZ05,1,2.831979330824442
RCSZ01,DTSZ11,1,3.724079874036689
RCSZ01,GLSZ03,3,5.438898181007219
RCSZ01,GLSZ04,1,3.544144857433578
RCSZ01,GLSZ05,1,5.209875606178426
RCSZ01,HGSZ03,1,9.003254404316728
RCSZ01,HGSZ05,1,8.63228573326342
RCSZ01,HGSZ06,1,6.768953255892874
RCSZ01,HGSZ07,1,6.540631528492568
RCSZ01,JESZ03,2,12.19926741828427
RCSZ01,JWSZ01,1,16.93243473261635
RCSZ01,JWSZ04,1,14.825239345001533
RCSZ01,KLSZ01,3,1.8085103508745113
RCSZ01,KLSZ03,1,2.3306907129824
RCSZ01,KLSZ08,2,1.58143894245887
RCSZ01,MPSZ03,1,6.204455338156127
RCSZ01,MUSZ01,2,1.3828197571795893
RCSZ01,NTSZ03,1,1.529077426147733
RCSZ01,NVSZ01,1,1.8218184933113575
RCSZ01,NVSZ02,1,1.4001191919807634
RCSZ01,ORSZ02,1,2.214892702802539
RCSZ01,OTSZ02,1,3.2386145201516796
RCSZ01,OTSZ03,2,3.3791265389519403
RCSZ01,PGSZ03,2,11.535483161651948
RCSZ01,PGSZ04,1,11.563660309003247
RCSZ01,QTSZ03,1,5.827317105042208
RCSZ01,QTSZ05,1,5.062926395701481
RCSZ01,QTSZ08,1,6.894922389178966
RCSZ01,QTSZ15,1,9.245030380941962
RCSZ01,RCSZ01,1,0.0
RCSZ01,RCSZ09,1,0.8016439950506792
RCSZ01,RCSZ10,2,1.0606802205667514
RCSZ01,SBSZ03,1,15.727961567556273
RCSZ01,SESZ02,1,10.518931603101164
RCSZ01,SESZ03,6,10.472116075988462
RCSZ01,SESZ04,1,10.338669238213022
RCSZ01,SESZ05,2,9.413854086676542
RCSZ01,SGSZ04,3,6.172313984168823
RCSZ01,SGSZ06,1,5.213904441834235
RCSZ01,SRSZ01,1,2.5989719186490166
RCSZ01,SRSZ02,1,2.331762775248652
RCSZ01,TMSZ02,1,12.112080553195726
RCSZ01,TMSZ04,3,11.854053939989903
RCSZ01,TNSZ04,1,4.398121305501452
RCSZ01,TPSZ02,1,2.6984419480994846
RCSZ01,TPSZ06,1,3.15507107251962
RCSZ01,TPSZ09,2,3.0518198169006183
RCSZ01,TPSZ11,2,3.590113290625221
RCSZ01,WDSZ02,1,16.020834440184483
RCSZ01,WDSZ06,1,16.60742552576589
RCSZ01,YSSZ09,6,13.764723187939996
RCSZ02,BDSZ04,1,9.483921650520164
RCSZ02,DTSZ02,1,1.5983998163108393
RCSZ02,DTSZ04,1,2.465433994392168
RCSZ02,DTSZ11,1,3.4639834057385794
RCSZ02,GLSZ05,2,5.05203165358659
RCSZ02,KLSZ08,1,1.507415316879732
RCSZ02,ORSZ02,1,2.3929925383976087
RCSZ02,QTSZ14,1,7.36129680189872
RCSZ02,RCSZ02,1,0.0
RCSZ03,AMSZ12,1,8.655551301012027
RCSZ03,BDSZ01,1,6.751357070803317
RCSZ03,BSSZ01,1,6.383932377505099
RCSZ03,BTSZ04,1,8.46398624329317
RCSZ03,DTSZ01,1,0.7323891344173754
RCSZ03,DTSZ07,1,3.162389991677982
RCSZ03,OTSZ03,2,3.205281823416581
RCSZ03,OTSZ04,2,2.608464472820697
RCSZ03,PGSZ04,1,11.609920205181103
RCSZ03,RCSZ03,1,0.0
RCSZ03,RCSZ09,1,0.7283185972966016
RCSZ03,RCSZ10,1,0.7871232550522849
RCSZ03,TNSZ04,1,4.962898872952509
RCSZ03,TPSZ06,1,3.463691642351475
RCSZ03,WDSZ03,1,16.255528289084268
RCSZ03,YSSZ09,1,14.237404031064775
RCSZ04,DTSZ02,1,1.3776718879785448
RCSZ04,NVSZ01,1,2.4935785765174954
RCSZ05,BKSZ04,1,13.172653915979831
RCSZ05,BMSZ13,1,6.325573711688524
RCSZ05,BSSZ03,1,5.340432834954927
RCSZ05,BTSZ01,2,10.567351687281922
RCSZ05,CKSZ05,1,16.081908374550963
RCSZ05,CLSZ04,1,10.458443968203392
RCSZ05,DTSZ01,1,0.5344953266720913
RCSZ05,DTSZ02,1,1.3115614551907029
RCSZ05,DTSZ12,1,2.1086258204813366
RCSZ05,GLSZ04,1,2.9805523456412373
RCSZ05,GLSZ05,1,4.596669126026628
RCSZ05,JESZ02,1,14.08817606948584
RCSZ05,OTSZ03,1,3.051010699269416
RCSZ05,PGSZ04,1,11.771407899086345
RCSZ05,PGSZ05,1,12.594253982236937
RCSZ05,SESZ04,1,10.76144427020948
RCSZ05,SGSZ01,1,9.060748339281677
RCSZ05,TMSZ02,1,11.713532531752604
RCSZ05,TMSZ04,1,11.320644698492403
RCSZ05,TPSZ02,1,3.7055727074273763
RCSZ05,WDSZ05,1,16.758046634744453
RCSZ05,YSSZ05,1,11.968883359464494
RCSZ05,YSSZ09,2,14.680730284436104
RCSZ06,AMSZ07,1,7.862658861884109
RCSZ06,NVSZ01,1,2.1633971350084527
RCSZ06,SBSZ03,1,15.950100682730323
RCSZ08,BDSZ04,1,10.102996087496736
RCSZ08,BMSZ01,1,5.467405586829519
RCSZ08,CLSZ03,1,10.548581241292839
RCSZ08,GLSZ05,1,5.657506323173522
RCSZ08,HGSZ01,1,8.829896851728787
RCSZ08,HGSZ04,1,8.903136095832481
RCSZ08,HGSZ06,1,7.587745159119203
RCSZ08,KLSZ07,1,1.286783970680907
RCSZ08,ORSZ02,1,1.932173669008855
RCSZ08,PGSZ05,1,13.183121885209474
RCSZ08,PRSZ05,2,14.27953704734927
RCSZ08,QTSZ10,1,7.795077666404655
RCSZ08,SESZ02,1,11.321360487728262
RCSZ08,TMSZ03,1,10.891656046519795
RCSZ08,TPSZ02,1,3.41449397532046
RCSZ08,TPSZ06,1,3.977992001668703
RCSZ08,YSSZ09,1,14.49148247789724
RCSZ09,AMSZ01,1,7.8843719819044775
RCSZ09,BDSZ01,1,7.477315615247277
RCSZ09,BDSZ04,1,9.936189577603995
RCSZ09,BDSZ05,1,7.816711516885411
RCSZ09,BKSZ03,1,13.51199668978551
RCSZ09,BMSZ04,2,3.3737866210218845
RCSZ09,BMSZ08,1,3.6208953048375228
RCSZ09,BMSZ10,1,2.9918121693762467
RCSZ09,BMSZ14,1,4.384898772181638
RCSZ09,BMSZ15,1,4.297732599854387
RCSZ09,BSSZ03,1,5.320740273041778
RCSZ09,BTSZ03,1,8.00599094904327
RCSZ09,CKSZ02,1,14.231921787467797
RCSZ09,CKSZ03,1,14.762157164662236
RCSZ09,DTSZ01,1,0.6163525602089069
RCSZ09,DTSZ02,1,1.084451295955963
RCSZ09,JESZ02,1,13.20892260412686
RCSZ09,JWSZ09,2,17.1177344827433
RCSZ09,KLSZ06,2,1.3137071536758547
RCSZ09,KLSZ07,2,1.3056522938417747
RCSZ09,MPSZ01,1,4.445692289128283
RCSZ09,NVSZ01,4,2.6141635295055043
RCSZ09,OTSZ03,2,2.5914117720777474
RCSZ09,PGSZ02,1,13.150007663599045
RCSZ09,PGSZ03,2,12.296793493178813
RCSZ09,SBSZ06,1,17.49824028320829
RCSZ09,TMSZ02,1,12.54758801057196
RCSZ09,TPSZ06,1,3.9527092786679785
RCSZ09,WDSZ02,1,16.708672935596052
RCSZ09,YSSZ09,1,14.534800280400571
RCSZ10,AMSZ01,1,8.157983281936835
RCSZ10,AMSZ03,1,7.189387052247098
RCSZ10,AMSZ04,1,7.3217674115071745
RCSZ10,AMSZ10,1,9.582545368103906
RCSZ10,BDSZ01,1,7.4494692932613304
RCSZ10,BDSZ04,5,9.84356523760093
RCSZ10,BDSZ06,2,10.46355684932949
RCSZ10,BKSZ03,1,13.798304596025506
RCSZ10,BKSZ05,1,11.696272512625605
RCSZ10,BLSZ02,2,16.224584621905176
RCSZ10,BMSZ04,2,3.3880901319697165
RCSZ10,BMSZ05,1,3.0127294511629183
RCSZ10,BMSZ09,1,2.741586806307909
RCSZ10,BMSZ11,1,3.706036310475827
RCSZ10,BMSZ17,1,4.223179165891641
RCSZ10,BPSZ01,2,14.074808576040718
RCSZ10,BPSZ04,2,12.27603790838774
RCSZ10,BSSZ02,1,6.148244962928592
RCSZ10,BSSZ03,1,5.577571322090329
RCSZ10,CKSZ02,1,14.537392542095022
RCSZ10,CKSZ03,1,15.073503148457771
RCSZ10,CKSZ06,1,16.203291454149316
RCSZ10,CLSZ03,1,10.971185400223668
RCSZ10,DTSZ02,3,0.8039412247349442
RCSZ10,DTSZ03,2,1.1465008237459764
RCSZ10,DTSZ05,1,1.7865250654383615
RCSZ10,DTSZ12,1,1.917520099545189
RCSZ10,GLSZ03,1,5.879255628714885
RCSZ10,GLSZ04,1,3.7762086552782352
RCSZ10,GLSZ05,1,5.395575214938944
RCSZ10,HGSZ05,1,9.58700186241792
RCSZ10,JWSZ04,2,15.154240367028116
RCSZ10,JWSZ09,1,17.367604341898385
RCSZ10,KLSZ01,4,2.692973959110925
RCSZ10,KLSZ03,2,2.73355407309415
RCSZ10,KLSZ06,1,1.416928972103903
RCSZ10,KLSZ07,2,1.5896663528348447
RCSZ10,KLSZ08,1,2.1205045037726586
RCSZ10,KLSZ09,1,1.2123313515474596
RCSZ10,MPSZ02,2,5.550339557253159
RCSZ10,MUSZ01,2,0.8729121205564073
RCSZ10,NTSZ02,1,2.5910670152748696
RCSZ10,NTSZ03,1,2.0784069094634523
RCSZ10,NVSZ01,1,2.882280228736713
RCSZ10,OTSZ03,5,2.421670523075443
RCSZ10,OTSZ04,1,1.8292689782848917
RCSZ10,PGSZ03,1,12.458351527205334
RCSZ10,PGSZ04,3,12.397043458321983
RCSZ10,PRSZ02,1,13.09709287154465
RCSZ10,PRSZ03,3,13.274872873534077
RCSZ10,PRSZ05,4,14.112622279412223
RCSZ10,QTSZ01,1,7.389182028083977
RCSZ10,QTSZ05,1,4.9887467129794105
RCSZ10,QTSZ15,1,8.976539782409997
RCSZ10,RCSZ01,3,1.0606802205667514
RCSZ10,RCSZ09,2,0.3223286417245204
RCSZ10,RCSZ10,1,0.0
RCSZ10,SBSZ03,1,16.776712060352022
RCSZ10,SBSZ04,2,17.979110158037017
RCSZ10,SESZ02,1,11.361280643022054
RCSZ10,SESZ03,3,11.366051673463458
RCSZ10,SESZ04,1,11.280866823451627
RCSZ10,SESZ06,1,10.936934090273466
RCSZ10,SGSZ04,2,7.17632605405273
RCSZ10,SGSZ06,2,6.167147393905558
RCSZ10,SISZ01,1,6.128642882876354
RCSZ10,SRSZ02,1,1.458240565057529
RCSZ10,TMSZ02,3,12.504277004594108
RCSZ10,TMSZ04,3,12.119463990701483
RCSZ10,TPSZ01,1,4.646192750202342
RCSZ10,TPSZ02,1,3.7486817133099453
RCSZ10,TPSZ03,3,4.560777331024043
RCSZ10,TPSZ09,1,3.97043813706583
RCSZ10,WDSZ01,1,17.221425859601467
RCSZ10,WDSZ02,1,17.023240331240615
RCSZ10,WDSZ03,1,16.735727824234118
RCSZ10,WDSZ04,1,15.863027912912276
RCSZ10,YSSZ02,1,15.48275599805819
RCSZ10,YSSZ04,1,13.31689169990967
RCSZ10,YSSZ09,2,14.822162926453574
RVSZ01,BTSZ01,1,7.374270412342989
RVSZ01,JWSZ02,1,13.79963281841793
RVSZ01,KLSZ02,1,5.276123074685391
RVSZ01,OTSZ03,1,3.0373233435409555
RVSZ02,JESZ03,1,10.322751349002347
RVSZ03,BPSZ02,1,12.375900047253673
RVSZ03,DTSZ05,1,2.4594545603049713
RVSZ03,DTSZ08,1,2.703906123610563
RVSZ03,DTSZ11,2,3.2087073136011965
RVSZ03,HGSZ06,1,8.893085187536421
RVSZ03,JWSZ09,1,15.402141907879997
RVSZ03,MUSZ01,1,1.240305476933355
RVSZ03,OTSZ01,1,1.4946100843263992
RVSZ03,PRSZ03,1,15.10618956392587
RVSZ03,WDSZ02,1,16.47669488311677
RVSZ04,BDSZ04,1,11.243001722832998
RVSZ04,KLSZ02,1,4.284045659349574
RVSZ04,OTSZ03,1,1.9383456915305546
RVSZ04,PRSZ07,1,16.74390966106637
RVSZ04,QTSZ02,1,5.236203323378542
RVSZ04,RCSZ05,1,2.205587922687383
RVSZ05,AMSZ01,1,8.817957085247638
RVSZ05,AMSZ04,1,8.025701691888203
RVSZ05,BSSZ03,1,6.440649811617223
RVSZ05,DTSZ02,1,1.750265884552552
RVSZ05,DTSZ08,2,2.125306663696675
RVSZ05,DTSZ11,1,2.628847597663641
RVSZ05,GLSZ04,1,5.602854248165836
RVSZ05,HGSZ06,1,9.042444854258608
RVSZ05,JESZ05,1,11.401802958887975
RVSZ05,JWSZ09,1,15.902123626114294
RVSZ05,MUSZ02,1,0.947140984947944
RVSZ05,ORSZ02,1,1.3766152058679595
RVSZ05,PRSZ03,1,15.034767222246403
RVSZ05,QTSZ08,1,5.181481797787525
RVSZ05,TNSZ01,1,2.646577765586789
RVSZ05,YSSZ02,1,16.020928012449815
RVSZ05,YSSZ09,1,15.264451710101408
SBSZ01,AMSZ01,3,8.484038622808013
SBSZ01,AMSZ02,1,8.689465446346988
SBSZ01,BDSZ01,1,15.176826147747123
SBSZ01,BMSZ03,1,17.84680500393543
SBSZ01,BMSZ05,1,18.65925138488973
SBSZ01,BMSZ12,1,18.553147783573515
SBSZ01,BMSZ16,1,19.19455943863757
SBSZ01,BSSZ01,6,9.989598082152261
SBSZ01,BSSZ03,1,11.123198249630132
SBSZ01,BTSZ01,1,13.887028184729074
SBSZ01,CCSZ01,1,8.56468730036125
SBSZ01,CLSZ01,1,15.339684613076097
SBSZ01,CLSZ06,1,16.866837261547225
SBSZ01,CLSZ07,1,17.422473951472767
SBSZ01,DTSZ01,1,16.721672076154423
SBSZ01,DTSZ05,1,18.34131310104244
SBSZ01,DTSZ08,1,18.876019390720387
SBSZ01,DTSZ10,1,19.371264566635073
SBSZ01,DTSZ11,1,19.24842970135932
SBSZ01,GLSZ02,1,14.634959653897017
SBSZ01,GLSZ04,1,15.889791520048528
SBSZ01,GLSZ05,1,16.313054084680214
SBSZ01,JESZ09,1,19.99418603810868
SBSZ01,JESZ10,1,18.911694770867367
SBSZ01,JWSZ01,1,17.18059004679137
SBSZ01,KLSZ02,1,14.645739982942143
SBSZ01,KLSZ07,1,15.024731985855595
SBSZ01,MPSZ03,1,18.18000840548554
SBSZ01,MUSZ01,1,16.599882400709426
SBSZ01,NVSZ01,1,13.739153901151942
SBSZ01,NVSZ02,2,14.494930987551083
SBSZ01,ORSZ02,2,15.804474037412778
SBSZ01,ORSZ03,2,16.30021042123651
SBSZ01,OTSZ03,3,18.678531759624075
SBSZ01,OTSZ04,1,18.218828583189907
SBSZ01,PGSZ02,1,8.901157138810516
SBSZ01,PGSZ04,1,10.639902030018249
SBSZ01,QTSZ08,1,17.194323522310697
SBSZ01,QTSZ09,1,16.29608086142163
SBSZ01,QTSZ10,2,16.980384373043698
SBSZ01,QTSZ13,1,18.77651812882579
SBSZ01,QTSZ14,1,19.331599953672544
SBSZ01,RCSZ10,1,16.612720809619912
SBSZ01,SBSZ01,8,0.0
SBSZ01,SBSZ02,2,1.0177521225222945
SBSZ01,SBSZ03,8,1.5231686421359845
SBSZ01,SBSZ04,2,2.041695361905371
SBSZ01,SBSZ05,6,0.9561836464776637
SBSZ01,SBSZ06,1,1.3642220231120081
SBSZ01,SESZ03,1,9.639059030515519
SBSZ01,SESZ04,1,8.72175587051777
SBSZ01,SESZ05,1,9.529455731785909
SBSZ01,SGSZ04,1,10.20683782932369
SBSZ01,SRSZ02,2,17.618717754268665
SBSZ01,TNSZ01,1,14.88084532270516
SBSZ01,TPSZ01,1,12.017715879635636
SBSZ01,TPSZ03,1,12.064003636773679
SBSZ01,TPSZ06,1,12.67596857357909
SBSZ01,TSSZ03,1,24.113104654865143
SBSZ01,TSSZ05,1,27.372648484795622
SBSZ01,WCSZ01,2,17.346843999964623
SBSZ01,WDSZ01,1,5.304283057918667
SBSZ01,WDSZ02,1,4.513794795826927
SBSZ01,WDSZ03,1,3.351419674418339
SBSZ01,WDSZ07,1,5.174523267841555
SBSZ01,WDSZ08,1,3.88428970699513
SBSZ01,WDSZ09,1,5.646674529968837
SBSZ01,YSSZ01,8,2.414191577362601
SBSZ01,YSSZ02,2,1.276318753395555
SBSZ01,YSSZ03,1,2.755501713078154
SBSZ01,YSSZ04,1,3.3064632083724477
SBSZ01,YSSZ06,1,5.190086286144628
SBSZ01,YSSZ09,3,1.819953253358793
SBSZ02,AMSZ01,1,7.959472116597033
SBSZ02,AMSZ06,1,7.6776894726352545
SBSZ02,AMSZ08,1,6.032538116002713
SBSZ02,BMSZ02,1,17.687936728403656
SBSZ02,BMSZ05,1,17.959879580069202
SBSZ02,BMSZ17,2,19.575283039061713
SBSZ02,CLSZ06,1,15.89958590831875
SBSZ02,DTSZ02,1,16.808421795294873
SBSZ02,DTSZ06,1,17.59118760289606
SBSZ02,DTSZ08,1,18.24192256668436
SBSZ02,DTSZ11,1,18.629230204611286
SBSZ02,GLSZ05,1,16.018903188440838
SBSZ02,JESZ05,2,15.08619100940757
SBSZ02,KLSZ07,1,14.426046505387623
SBSZ02,MDSZ02,1,2.0662624939618066
SBSZ02,NVSZ02,1,13.853659391934329
SBSZ02,OTSZ01,1,17.347367282715272
SBSZ02,OTSZ03,1,18.020770364508003
SBSZ02,PNSZ02,2,22.280602284009866
SBSZ02,QTSZ08,1,16.31373502744371
SBSZ02,RCSZ05,1,15.896223901838601
SBSZ02,SBSZ01,2,1.0177521225222945
SBSZ02,SBSZ02,1,0.0
SBSZ02,SBSZ03,1,1.006673959447339
SBSZ02,SBSZ04,2,2.0627872617848615
SBSZ02,SBSZ06,1,2.3467432826595065
SBSZ02,SGSZ02,1,8.58217040173424
SBSZ02,SKSZ01,1,7.33808457713209
SBSZ02,WDSZ02,1,3.724188147241845
SBSZ02,WDSZ03,1,2.5673315588060617
SBSZ02,YSSZ01,2,2.117815794174996
SBSZ02,YSSZ02,2,1.4775122449880098
SBSZ02,YSSZ09,3,1.2786310720751461
SBSZ03,AMSZ01,5,8.798185881569493
SBSZ03,AMSZ02,2,9.131979995441505
SBSZ03,AMSZ08,1,6.72711712310467
SBSZ03,AMSZ09,1,7.650579518490761
SBSZ03,AMSZ10,5,7.466557562876986
SBSZ03,AMSZ11,1,6.69042119244306
SBSZ03,AMSZ12,1,8.037756933661745
SBSZ03,BDSZ03,1,17.350247815573944
SBSZ03,BDSZ04,2,18.412657218794998
SBSZ03,BKSZ09,2,13.458662261156551
SBSZ03,BMSZ03,2,17.65094349039654
SBSZ03,BMSZ04,1,18.07981733358531
SBSZ03,BMSZ05,2,18.62508734924581
SBSZ03,BMSZ08,1,17.730574726228962
SBSZ03,BMSZ12,1,18.281458977626595
SBSZ03,BMSZ16,1,19.172665701183817
SBSZ03,BPSZ04,1,9.092218188441077
SBSZ03,BSSZ01,5,9.994807013022445
SBSZ03,BSSZ02,1,10.666459346867125
SBSZ03,BTSZ01,1,13.111409975125383
SBSZ03,BTSZ03,1,13.79576964492098
SBSZ03,CKSZ01,1,10.038590180522514
SBSZ03,CKSZ03,3,10.359600040450262
SBSZ03,CKSZ05,2,9.929191575916182
SBSZ03,CKSZ06,1,9.276594324134635
SBSZ03,CLSZ03,2,15.402730830767606
SBSZ03,CLSZ04,1,15.346506331955318
SBSZ03,DTSZ01,1,16.914533496566232
SBSZ03,DTSZ02,2,17.56357043033729
SBSZ03,DTSZ03,2,17.80382501256505
SBSZ03,DTSZ05,8,18.459820913519966
SBSZ03,DTSZ08,3,18.968379369180727
SBSZ03,DTSZ09,1,19.21336277154772
SBSZ03,DTSZ10,1,19.412159185208708
SBSZ03,DTSZ11,4,19.36791268808783
SBSZ03,DTSZ12,1,18.68699022706845
SBSZ03,GLSZ02,1,15.20858923137025
SBSZ03,GLSZ03,1,15.662687020622817
SBSZ03,GLSZ05,2,16.952308741917538
SBSZ03,JESZ05,6,15.109198870996606
SBSZ03,JWSZ02,1,16.289921603217863
SBSZ03,JWSZ04,1,16.42992949983604
SBSZ03,JWSZ05,2,16.9865599008447
SBSZ03,JWSZ08,2,17.74196685394739
SBSZ03,KLSZ01,1,14.651263490617529
SBSZ03,KLSZ05,1,17.451361064852655
SBSZ03,KLSZ06,2,15.758955871017196
SBSZ03,KLSZ09,1,16.98192598715358
SBSZ03,MUSZ01,4,16.684516538082182
SBSZ03,NTSZ03,2,15.165453263466501
SBSZ03,NVSZ01,1,13.939620082221909
SBSZ03,NVSZ02,3,14.582448745541871
SBSZ03,NVSZ03,1,13.82185268326397
SBSZ03,ORSZ02,3,15.764659514461766
SBSZ03,ORSZ03,2,16.324034108287282
SBSZ03,OTSZ01,1,18.037080258771837
SBSZ03,OTSZ03,2,18.72631779852018
SBSZ03,OTSZ04,1,18.300683500942803
SBSZ03,PGSZ04,1,11.874347856758083
SBSZ03,PLSZ04,1,13.766697841336628
SBSZ03,PNSZ01,1,20.408842825942838
SBSZ03,PRSZ06,1,18.674362320609596
SBSZ03,QTSZ04,1,16.304162385989056
SBSZ03,QTSZ08,2,16.738740742163433
SBSZ03,QTSZ09,1,15.677266846639025
SBSZ03,QTSZ10,4,16.405496733668663
SBSZ03,QTSZ11,5,17.335793254969907
SBSZ03,QTSZ12,1,18.150117714376282
SBSZ03,QTSZ13,2,18.250176254393736
SBSZ03,QTSZ14,3,18.943875000758077
SBSZ03,RCSZ01,1,15.727961567556273
SBSZ03,RCSZ08,1,16.42356307571383
SBSZ03,RCSZ10,1,16.776712060352022
SBSZ03,SBSZ01,3,1.5231686421359845
SBSZ03,SBSZ02,1,1.006673959447339
SBSZ03,SBSZ03,13,0.0
SBSZ03,SBSZ04,14,1.203473776478544
SBSZ03,SBSZ05,2,1.1325109350819553
SBSZ03,SBSZ08,1,2.5117616476705904
SBSZ03,SBSZ09,1,1.3863502500080958
SBSZ03,SESZ03,2,10.772053505983866
SBSZ03,SESZ05,1,10.542492559550226
SBSZ03,SGSZ02,1,9.521418635686246
SBSZ03,SGSZ04,1,10.771633118200786
SBSZ03,SISZ01,1,21.906677849346778
SBSZ03,SKSZ01,1,6.631063844905857
SBSZ03,SLSZ01,1,6.6059235119979425
SBSZ03,THSZ01,1,13.495415143402374
SBSZ03,TMSZ02,3,18.017383400554674
SBSZ03,TMSZ05,1,21.274177144515846
SBSZ03,TNSZ01,1,14.75287227615091
SBSZ03,TNSZ04,1,14.66375421595101
SBSZ03,TPSZ02,1,13.029702387211652
SBSZ03,TSSZ03,1,22.794404133569376
SBSZ03,TSSZ06,3,30.18925614650171
SBSZ03,WCSZ01,3,15.924532028508949
SBSZ03,WDSZ01,3,3.792906959192972
SBSZ03,WDSZ02,7,3.0035475744215976
SBSZ03,WDSZ03,6,1.8504157042501537
SBSZ03,WDSZ04,2,3.251597816972538
SBSZ03,WDSZ06,2,4.785054488158264
SBSZ03,WDSZ08,2,2.40474274102282
SBSZ03,YSSZ01,16,3.1103199668128694
SBSZ03,YSSZ02,1,2.430480185055457
SBSZ03,YSSZ03,2,3.8060047834536612
SBSZ03,YSSZ04,1,3.8210520820291944
SBSZ03,YSSZ08,2,3.379093745575342
SBSZ03,YSSZ09,12,2.244423832083414
SBSZ04,AMSZ01,5,9.983781859746369
SBSZ04,AMSZ11,1,7.844317787836481
SBSZ04,BDSZ01,1,17.062981308131086
SBSZ04,BDSZ02,1,17.89878982173058
SBSZ04,BMSZ01,2,20.939527137070506
SBSZ04,BMSZ02,1,19.459896104564027
SBSZ04,BSSZ01,1,11.19780844941514
SBSZ04,BTSZ01,2,14.124597381309433
SBSZ04,CLSZ01,1,15.410602305478726
SBSZ04,DTSZ01,2,18.115819943826548
SBSZ04,DTSZ02,2,18.766386738680332
SBSZ04,DTSZ03,2,19.00427567378421
SBSZ04,DTSZ05,3,19.663241172819838
SBSZ04,DTSZ09,1,20.416379467260313
SBSZ04,DTSZ11,2,20.571346129187994
SBSZ04,GLSZ01,1,16.056277395016654
SBSZ04,GLSZ02,1,16.35406951973074
SBSZ04,GLSZ03,1,16.776916234233536
SBSZ04,GLSZ04,2,17.55446666167595
SBSZ04,GLSZ05,1,18.08163660690702
SBSZ04,JESZ05,2,15.989511080702327
SBSZ04,JESZ08,1,17.74309528228751
SBSZ04,JWSZ08,1,18.349594731477872
SBSZ04,KLSZ01,1,15.842360806687411
SBSZ04,KLSZ08,2,16.82786777688875
SBSZ04,NVSZ01,1,15.139809385714523
SBSZ04,ORSZ02,2,16.96388261485603
SBSZ04,ORSZ03,2,17.526268303400474
SBSZ04,OTSZ03,3,19.92900527663506
SBSZ04,OTSZ04,1,19.50404695140114
SBSZ04,PGSZ02,1,10.941382963440518
SBSZ04,QTSZ06,1,18.235934835048933
SBSZ04,QTSZ08,2,17.866084725155336
SBSZ04,QTSZ11,4,18.422480186844485
SBSZ04,QTSZ14,1,20.08691283036243
SBSZ04,RCSZ09,1,17.682430353242765
SBSZ04,RCSZ10,1,17.979110158037017
SBSZ04,SBSZ01,1,2.041695361905371
SBSZ04,SBSZ03,16,1.203473776478544
SBSZ04,SBSZ04,2,0.0
SBSZ04,SBSZ05,1,1.12450981226115
SBSZ04,SBSZ08,2,1.56521377449616
SBSZ04,SGSZ03,1,11.202801456881765
SBSZ04,SGSZ06,1,13.154845936605819
SBSZ04,SKSZ03,1,8.637515975932567
SBSZ04,SRSZ02,1,18.888654435455898
SBSZ04,TMSZ02,1,18.895407087834506
SBSZ04,TMSZ04,1,20.091109422854064
SBSZ04,TMSZ05,1,22.193004649134647
SBSZ04,TPSZ01,1,13.337533481450178
SBSZ04,TPSZ02,1,14.231724158540247
SBSZ04,TPSZ05,1,13.707427517756464
SBSZ04,WCSZ01,3,16.29067238962459
SBSZ04,WDSZ01,2,4.022614105742242
SBSZ04,WDSZ02,5,3.2917084491543456
SBSZ04,WDSZ03,3,2.326052736390598
SBSZ04,WDSZ06,2,4.953546875555304
SBSZ04,WDSZ08,2,2.2123286715612647
SBSZ04,YSSZ01,3,4.159878889114505
SBSZ04,YSSZ02,1,3.2500291133674386
SBSZ04,YSSZ03,2,4.717740707250353
SBSZ04,YSSZ08,1,4.569081607884217
SBSZ04,YSSZ09,3,3.341235021895382
SBSZ05,BDSZ01,1,16.11372937063109
SBSZ05,BMSZ07,1,18.526235020852287
SBSZ05,BPSZ07,1,12.293793335421409
SBSZ05,BTSZ01,1,14.157905073851396
SBSZ05,CKSZ03,1,11.491260787011706
SBSZ05,CLSZ09,1,17.966110817040104
SBSZ05,DTSZ01,1,17.49113251449294
SBSZ05,DTSZ03,1,18.368624425718988
SBSZ05,DTSZ05,1,19.083929179951557
SBSZ05,DTSZ08,1,19.60875601691815
SBSZ05,DTSZ12,1,19.269853459484864
SBSZ05,GLSZ04,1,16.758587415969675
SBSZ05,JESZ05,2,16.214967388765473
SBSZ05,KLSZ06,1,16.2968909507177
SBSZ05,MUSZ03,1,17.680444250342113
SBSZ05,NVSZ02,1,15.221314154249004
SBSZ05,ORSZ02,2,16.479227949176174
SBSZ05,OTSZ04,1,18.94684290396351
SBSZ05,PGSZ04,1,11.583453957211516
SBSZ05,QTSZ08,2,17.664661447874128
SBSZ05,QTSZ11,1,18.314255043740722
SBSZ05,QTSZ14,1,19.840838273194727
SBSZ05,SBSZ01,3,0.9561836464776637
SBSZ05,SBSZ02,1,1.3824953322357605
SBSZ05,SBSZ03,4,1.1325109350819553
SBSZ05,SBSZ04,2,1.12450981226115
SBSZ05,SBSZ05,1,0.0
SBSZ05,SBSZ08,1,2.683532066977448
SBSZ05,SESZ04,1,9.677886890441249
SBSZ05,SISZ01,1,22.652299348990176
SBSZ05,WDSZ04,1,4.375290646509077
SBSZ05,WDSZ08,1,3.175394417509451
SBSZ05,YSSZ01,2,3.2767311954949836
SBSZ05,YSSZ04,2,4.131038049941328
SBSZ05,YSSZ09,1,2.5583165245436312
SBSZ06,AMSZ07,1,9.357469288560868
SBSZ06,BDSZ01,1,15.916320706452476
SBSZ06,BKSZ07,1,15.589232776368139
SBSZ06,QTSZ08,3,18.541987669868437
SBSZ06,SBSZ01,1,1.3642220231120081
SBSZ06,WDSZ09,1,6.263154578047245
SBSZ07,CKSZ06,1,11.018202717467897
SBSZ07,SBSZ01,1,2.060573132354025
SBSZ07,YSSZ03,1,4.782921549307582
SBSZ07,YSSZ09,1,3.7846838130132023
SBSZ08,AMSZ01,1,11.2131397680175
SBSZ08,AMSZ03,2,12.499089265041844
SBSZ08,BKSZ04,1,13.243400608549852
SBSZ08,BMSZ01,1,21.72202223556496
SBSZ08,CKSZ03,1,10.727444359167079
SBSZ08,CKSZ06,1,9.33664889235809
SBSZ08,GLSZ02,1,17.687111612179287
SBSZ08,PRSZ02,1,17.841821254561467
SBSZ08,SBSZ03,1,2.5117616476705904
SBSZ08,SBSZ04,1,1.56521377449616
SBSZ08,SBSZ05,1,2.683532066977448
SBSZ08,SESZ04,1,12.26779930950845
SBSZ08,SESZ05,1,13.02351260303331
SBSZ08,SESZ06,1,11.149781752446753
SBSZ08,SGSZ03,1,12.625132479051256
SBSZ08,WDSZ02,1,2.9637969697556117
SBSZ08,WDSZ05,1,4.724483653313333
SBSZ08,YSSZ01,1,5.6151590119850425
SBSZ08,YSSZ02,1,4.793979654541352
SBSZ08,YSSZ09,1,4.755833505499096
SBSZ09,AMSZ02,1,10.367410132891612
SBSZ09,AMSZ04,1,10.806198484765382
SBSZ09,BKSZ06,1,13.842795301603187
SBSZ09,CKSZ01,1,9.90989837884502
SBSZ09,CKSZ06,1,8.852600018119414
SBSZ09,HGSZ01,1,13.18872557955579
SBSZ09,HGSZ05,1,11.502874139605263
SBSZ09,NVSZ02,1,15.607387605616191
SBSZ09,SBSZ03,1,1.3863502500080958
SBSZ09,SBSZ09,2,0.0
SBSZ09,SESZ03,2,12.158369881130973
SBSZ09,WDSZ01,1,3.0454322880027838
SBSZ09,WDSZ02,2,2.334951720610873
SBSZ09,WDSZ03,8,1.4977107594974173
SBSZ09,WDSZ04,2,3.0698837918676936
SBSZ09,WDSZ05,1,4.198824560572072
SBSZ09,WDSZ06,1,3.967044930074676
SBSZ09,YSSZ01,1,4.482597174066835
SESZ02,AMSZ01,1,6.6768756890591465
SESZ02,AMSZ10,2,6.531362810172799
SESZ02,AMSZ12,2,5.756660398037806
SESZ02,BDSZ01,2,5.808093294974437
SESZ02,BDSZ02,1,5.796424256384012
SESZ02,BDSZ04,1,7.23304270535341
SESZ02,BLSZ02,1,23.194625375225975
SESZ02,BMSZ01,2,16.675826111494086
SESZ02,BMSZ07,1,15.376351647571093
SESZ02,BMSZ12,1,15.883986127666912
SESZ02,BSSZ01,4,8.743758676856658
SESZ02,BSSZ03,1,7.146333622889803
SESZ02,BTSZ07,1,14.357734996090421
SESZ02,CHSZ03,2,11.576416402488878
SESZ02,CLSZ01,3,17.65532628280525
SESZ02,CLSZ04,2,17.18685476172962
SESZ02,CLSZ06,1,17.873931382734582
SESZ02,CLSZ09,2,18.92528108454335
SESZ02,DTSZ02,3,12.050716872460846
SESZ02,DTSZ03,3,11.778479123709978
SESZ02,DTSZ05,4,13.019088221920612
SESZ02,DTSZ08,1,13.630146882385684
SESZ02,DTSZ11,3,13.751614478433355
SESZ02,GLSZ01,1,7.583422079468447
SESZ02,GLSZ02,2,7.051602987717569
SESZ02,GLSZ03,2,6.517251008438398
SESZ02,HGSZ01,3,2.499722872975983
SESZ02,HGSZ04,2,2.6389065920601475
SESZ02,HGSZ06,2,3.852923087151795
SESZ02,HGSZ07,2,3.9877267555770275
SESZ02,JESZ05,2,19.035794119759533
SESZ02,JESZ06,1,18.72761270912696
SESZ02,JWSZ08,3,23.844388859795654
SESZ02,JWSZ09,1,23.166168856279057
SESZ02,KLSZ01,1,8.712910481989736
SESZ02,KLSZ03,1,8.866903832376822
SESZ02,KLSZ04,1,9.630835982629637
SESZ02,KLSZ05,1,10.202775414244872
SESZ02,KLSZ06,3,9.945077829351897
SESZ02,KLSZ07,2,10.22300465858183
SESZ02,KLSZ08,3,9.282750208919236
SESZ02,KLSZ09,2,10.68682378861594
SESZ02,MPSZ01,3,9.677585572257312
SESZ02,MPSZ03,1,9.433445599445877
SESZ02,MUSZ01,3,11.901751349668295
SESZ02,MUSZ02,1,12.299560853721673
SESZ02,MUSZ03,1,11.890285406063336
SESZ02,NTSZ03,2,11.224272365451453
SESZ02,NVSZ02,4,10.407887596508044
SESZ02,ORSZ02,1,12.184890388759525
SESZ02,ORSZ03,2,12.102082254013135
SESZ02,OTSZ01,1,13.483358416940384
SESZ02,OTSZ03,7,13.774337455155205
SESZ02,PGSZ01,1,3.1854289320930107
SESZ02,PGSZ02,8,2.4093999443628205
SESZ02,PGSZ03,1,1.897230829676932
SESZ02,PGSZ04,3,1.052549878649884
SESZ02,PLSZ04,3,4.095762021442922
SESZ02,PRSZ02,1,3.977714692472499
SESZ02,PRSZ03,4,5.075728226075026
SESZ02,PRSZ05,1,6.396421522877681
SESZ02,QTSZ03,1,14.868477102711376
SESZ02,QTSZ06,1,15.414003912629743
SESZ02,QTSZ08,4,16.099825110858664
SESZ02,QTSZ10,1,16.769778838307605
SESZ02,QTSZ13,2,17.85812970116667
SESZ02,QTSZ15,1,18.954198270780505
SESZ02,RCSZ01,2,10.518931603101164
SESZ02,RCSZ08,1,11.321360487728262
SESZ02,RCSZ10,1,11.361280643022054
SESZ02,SESZ02,14,0.0
SESZ02,SESZ03,27,0.9264025278629129
SESZ02,SESZ04,8,1.914283801890594
SESZ02,SESZ05,1,1.6988216292060225
SESZ02,SESZ06,4,3.2776746306326205
SESZ02,SGSZ03,1,3.8114863311126457
SESZ02,SGSZ04,2,5.081749522819904
SESZ02,SGSZ06,3,5.48136874582001
SESZ02,SRSZ01,1,13.105987774453274
SESZ02,SRSZ03,1,12.813226046788909
SESZ02,TMSZ01,2,4.465845657973665
SESZ02,TMSZ02,1,6.325240589526703
SESZ02,TMSZ03,2,5.542257830695036
SESZ02,TMSZ04,1,7.543149878670501
SESZ02,TMSZ05,4,9.63649724469096
SESZ02,TNSZ01,1,12.150700718825576
SESZ02,TNSZ04,1,13.064790142347725
SESZ02,TPSZ03,1,8.083745617411
SESZ02,TPSZ06,2,7.651670645565082
SESZ02,TPSZ08,1,6.819401867763716
SESZ02,TPSZ12,1,6.207948707726495
SESZ02,WCSZ01,1,23.93881640146231
SESZ02,WDSZ08,1,13.963748135809235
SESZ02,WDSZ09,1,15.492747880891763
SESZ02,YSSZ01,4,8.657159140521157
SESZ02,YSSZ04,1,8.219540743274836
SESZ02,YSSZ08,1,9.136073469341984
SESZ02,YSSZ09,3,9.544143564544745
SESZ03,AMSZ01,5,6.030898896125365
SESZ03,AMSZ02,1,5.281335007492916
SESZ03,AMSZ03,1,5.574510979333197
SESZ03,BDSZ01,1,6.367089279134524
SESZ03,BDSZ03,1,7.689156546965188
SESZ03,BDSZ04,2,8.026016071672588
SESZ03,BDSZ06,1,9.380620915368945
SESZ03,BKSZ01,1,15.781820953749975
SESZ03,BKSZ03,1,17.738505710105123
SESZ03,BLSZ02,1,22.58492544447421
SESZ03,BMSZ01,8,16.556470939668788
SESZ03,BMSZ04,1,14.321575645080499
SESZ03,BMSZ05,3,14.27805894835435
SESZ03,BMSZ06,1,14.000522639580929
SESZ03,BMSZ07,2,15.161970720977964
SESZ03,BMSZ08,1,14.331568947040068
SESZ03,BMSZ10,1,14.063395640106224
SESZ03,BMSZ12,1,15.687198514662171
SESZ03,BMSZ13,2,16.14985037891222
SESZ03,BMSZ17,4,15.58900183963848
SESZ03,BSSZ01,1,8.191644757943026
SESZ03,BSSZ02,2,7.182795908681114
SESZ03,BTSZ01,3,15.240104800070947
SESZ03,CCSZ01,1,10.855494132728989
SESZ03,CHSZ02,2,9.286290443886687
SESZ03,CHSZ03,7,12.498495623359238
SESZ03,DTSZ01,3,11.274918016548957
SESZ03,DTSZ02,6,12.086010962684949
SESZ03,DTSZ03,10,11.867096099365066
SESZ03,DTSZ04,1,13.018167863287678
SESZ03,DTSZ05,5,13.069669426129714
SESZ03,DTSZ06,1,12.72207573067359
SESZ03,DTSZ08,9,13.682553083091136
SESZ03,DTSZ09,2,14.09668699863043
SESZ03,DTSZ11,7,13.837438823367988
SESZ03,DTSZ12,5,12.800722050704072
SESZ03,GLSZ01,2,7.695588315000992
SESZ03,GLSZ02,1,7.275472395743238
SESZ03,GLSZ03,4,6.893407627631798
SESZ03,GLSZ05,2,8.301688736131668
SESZ03,HGSZ01,4,2.534444316060849
SESZ03,HGSZ03,2,1.698597032170489
SESZ03,HGSZ04,4,2.3969142178322658
SESZ03,HGSZ06,14,3.7058342234958794
SESZ03,HGSZ07,1,4.057318611474581
SESZ03,HGSZ08,1,5.434285984043366
SESZ03,JESZ05,3,18.417916716630018
SESZ03,JESZ10,1,20.02942058631271
SESZ03,JWSZ09,2,22.48320535518589
SESZ03,KLSZ03,1,8.984708320061996
SESZ03,KLSZ06,4,9.951276190788278
SESZ03,KLSZ07,3,10.136591432475655
SESZ03,KLSZ08,2,9.333706693943746
SESZ03,KLSZ09,1,10.77828006649689
SESZ03,MDSZ03,1,8.960083733007506
SESZ03,MPSZ02,1,9.39130256873186
SESZ03,MUSZ01,1,11.85020276599691
SESZ03,MUSZ03,1,11.881932284574305
SESZ03,NTSZ03,2,11.05954502312775
SESZ03,NVSZ01,4,8.991671372652268
SESZ03,NVSZ02,5,10.238259989115535
SESZ03,ORSZ01,2,12.528805832155784
SESZ03,ORSZ02,5,12.013470532839914
SESZ03,ORSZ03,6,11.995291083597502
SESZ03,OTSZ01,1,13.447603873203361
SESZ03,OTSZ02,1,13.69710833314299
SESZ03,OTSZ03,10,13.787593091207889
SESZ03,OTSZ04,3,13.191189257037962
SESZ03,PGSZ02,7,1.986152873619633
SESZ03,PGSZ03,6,1.2362134622897991
SESZ03,PGSZ04,21,1.5480541741474918
SESZ03,PGSZ05,4,2.179904123683928
SESZ03,PRSZ02,1,4.878117367566819
SESZ03,PRSZ03,1,5.993229525505777
SESZ03,PRSZ05,1,7.311629435529212
SESZ03,PRSZ06,1,8.282956472780114
SESZ03,QTSZ06,1,15.14289356013831
SESZ03,QTSZ08,8,15.756089750431935
SESZ03,QTSZ09,1,16.096406199528996
SESZ03,QTSZ10,1,16.35950728150232
SESZ03,QTSZ11,5,17.151332657839212
SESZ03,QTSZ12,1,16.636720194476982
SESZ03,QTSZ13,2,17.52479287549541
SESZ03,QTSZ14,3,17.087872620256313
SESZ03,RCSZ01,3,10.472116075988462
SESZ03,RCSZ10,3,11.366051673463458
SESZ03,SBSZ01,1,9.639059030515519
SESZ03,SBSZ03,2,10.772053505983866
SESZ03,SBSZ09,2,12.158369881130973
SESZ03,SESZ02,21,0.9264025278629129
SESZ03,SESZ03,28,0.0
SESZ03,SESZ04,17,0.9952512670910597
SESZ03,SESZ05,6,1.1358929114864125
SESZ03,SESZ06,19,2.3877316708630167
SESZ03,SGSZ03,1,3.311581384366349
SESZ03,SGSZ04,2,4.711070160353131
SESZ03,SGSZ06,6,5.308120913505455
SESZ03,SKSZ01,1,16.096472557611957
SESZ03,SRSZ02,2,12.78610683895676
SESZ03,TMSZ02,2,7.245404358266343
SESZ03,TMSZ03,3,6.404783483348518
SESZ03,TMSZ04,2,8.440538607364859
SESZ03,TMSZ05,5,10.538548085933986
SESZ03,TNSZ03,2,13.709987303759517
SESZ03,TNSZ04,1,12.731139308819337
SESZ03,TPSZ06,5,7.484384499628202
SESZ03,TPSZ08,1,6.711545273142849
SESZ03,TPSZ09,2,7.4204999508979075
SESZ03,TPSZ10,1,6.157212530211085
SESZ03,TPSZ12,1,6.349549802781469
SESZ03,TSSZ03,1,28.328834457272965
SESZ03,TSSZ05,3,31.050987971123604
SESZ03,WCSZ01,3,23.1412703081827
SESZ03,WDSZ01,2,13.620699009928662
SESZ03,WDSZ02,6,12.964803702104343
SESZ03,WDSZ03,2,11.991907047532804
SESZ03,YSSZ01,1,7.731153499703655
SESZ03,YSSZ02,2,8.411899703890032
SESZ03,YSSZ04,1,7.295543268032126
SESZ03,YSSZ08,2,8.217025565523734
SESZ04,AMSZ01,8,5.292373483128956
SESZ04,AMSZ03,1,5.016480979256313
SESZ04,AMSZ06,1,5.9854177551908805
SESZ04,AMSZ10,2,4.870553327817362
SESZ04,AMSZ11,1,4.708429979882474
SESZ04,AMSZ12,2,4.163299590388807
SESZ04,BDSZ02,1,7.322653833892552
SESZ04,BDSZ03,1,8.28050905004734
SESZ04,BDSZ04,2,8.817494483301257
SESZ04,BDSZ05,2,9.513377297552061
SESZ04,BLSZ02,1,21.828154070696996
SESZ04,BMSZ01,1,16.31257800359715
SESZ04,BMSZ02,3,14.760826914947145
SESZ04,BMSZ04,1,14.099205469470464
SESZ04,BMSZ05,3,14.123890576602577
SESZ04,BMSZ07,2,14.822376244778281
SESZ04,BMSZ16,3,14.528669513613943
SESZ04,BMSZ17,3,15.495312261642479
SESZ04,BPSZ05,1,13.82250390288601
SESZ04,BPSZ07,1,13.193825763523595
SESZ04,BSSZ01,2,7.533452702094252
SESZ04,BTSZ01,2,14.510680390217429
SESZ04,CHSZ01,1,10.382636729240222
SESZ04,CHSZ02,1,10.280796327919164
SESZ04,CHSZ03,6,13.490624189202899
SESZ04,CKSZ03,1,15.771004920424927
SESZ04,CLSZ01,1,16.33123690701145
SESZ04,CLSZ04,1,16.02632129173221
SESZ04,CLSZ09,1,17.788820467117564
SESZ04,DTSZ01,1,11.219130318745483
SESZ04,DTSZ02,6,12.028593467780356
SESZ04,DTSZ03,3,11.868442230052084
SESZ04,DTSZ04,1,12.947778387341003
SESZ04,DTSZ05,7,13.022712014626789
SESZ04,DTSZ08,7,13.63427562127103
SESZ04,DTSZ09,1,14.03446799971537
SESZ04,DTSZ11,6,13.824310091488615
SESZ04,DTSZ12,1,12.815629748068767
SESZ04,GLSZ01,1,7.765644195232736
SESZ04,GLSZ03,2,7.254740081894497
SESZ04,GLSZ04,1,8.916052278178071
SESZ04,GLSZ05,5,8.677098780927729
SESZ04,HGSZ01,1,2.7655511449321546
SESZ04,HGSZ02,2,2.9359187963327877
SESZ04,HGSZ04,4,2.350526084196146
SESZ04,HGSZ05,3,1.720585279728292
SESZ04,HGSZ06,6,3.629000242606035
SESZ04,HGSZ07,2,4.191542232680899
SESZ04,JESZ05,1,17.65769832786899
SESZ04,JESZ06,1,17.418662922154724
SESZ04,JESZ10,1,19.373025942840382
SESZ04,JWSZ01,1,20.695867374057837
SESZ04,JWSZ06,1,22.386023739354997
SESZ04,JWSZ08,1,22.301983903958345
SESZ04,KLSZ01,2,8.588062463253305
SESZ04,KLSZ03,1,9.04312905357487
SESZ04,KLSZ06,2,9.879597377683574
SESZ04,KLSZ07,1,9.963547134544914
SESZ04,KLSZ08,5,9.316487485870313
SESZ04,KLSZ09,3,10.790809981838272
SESZ04,MDSZ02,1,9.202413595138141
SESZ04,MPSZ02,1,9.802426485017497
SESZ04,MUSZ01,4,11.701133611434777
SESZ04,MUSZ03,1,11.779004559051835
SESZ04,NTSZ03,1,10.794682201264285
SESZ04,NVSZ01,1,8.757957829622956
SESZ04,NVSZ02,5,9.974741145424334
SESZ04,NVSZ03,1,10.029646230893865
SESZ04,ORSZ02,5,11.734923032655095
SESZ04,ORSZ03,2,11.786036590136415
SESZ04,OTSZ01,1,13.30596500246353
SESZ04,OTSZ03,6,13.696746858480791
SESZ04,PGSZ02,2,2.130427494081623
SESZ04,PGSZ03,1,1.2647641067316222
SESZ04,PGSZ04,4,2.452440718515079
SESZ04,PGSZ05,2,2.940423146056921
SESZ04,PLSZ01,2,4.7061336074555316
SESZ04,PRSZ03,2,6.987508785683234
SESZ04,PRSZ05,1,8.30649015991073
SESZ04,QTSZ08,6,15.2786089603582
SESZ04,QTSZ11,1,16.627381011690574
SESZ04,QTSZ12,1,16.223330396205245
SESZ04,QTSZ14,4,16.714350828293735
SESZ04,RCSZ01,1,10.338669238213022
SESZ04,RCSZ10,1,11.280866823451627
SESZ04,SBSZ01,1,8.72175587051777
SESZ04,SBSZ08,1,12.26779930950845
SESZ04,SESZ02,5,1.914283801890594
SESZ04,SESZ03,19,0.9952512670910597
SESZ04,SESZ04,13,0.0
SESZ04,SESZ05,4,1.063582276653897
SESZ04,SESZ06,15,1.4130001556698468
SESZ04,SGSZ04,1,4.324524580536339
SESZ04,SGSZ05,1,5.870629753458105
SESZ04,SGSZ06,5,5.12482906140931
SESZ04,SGSZ07,1,5.49170886329733
SESZ04,SLSZ01,1,3.2165702156345177
SESZ04,TMSZ02,1,8.205579129226509
SESZ04,TMSZ04,2,9.360905368386307
SESZ04,TMSZ05,4,11.463600150667864
SESZ04,TNSZ04,1,12.276012344173719
SESZ04,TPSZ01,2,8.031691068145346
SESZ04,TPSZ06,4,7.2564598252668855
SESZ04,TPSZ12,3,6.476698480504031
SESZ04,TSSZ02,1,29.108222121674487
SESZ04,TSSZ05,1,30.266427122770853
SESZ04,WCSZ01,1,22.215729383603126
SESZ04,WDSZ01,2,12.628138605948273
SESZ04,WDSZ02,1,11.9753780934888
SESZ04,YSSZ01,3,6.760082665374588
SESZ04,YSSZ02,1,7.480584003224296
SESZ04,YSSZ04,1,6.305912390195383
SESZ04,YSSZ08,2,7.222789066909315
SESZ05,AMSZ01,1,4.98386417376169
SESZ05,BKSZ05,1,14.385148752933004
SESZ05,BMSZ01,1,15.460437177033166
SESZ05,BMSZ02,1,13.923082000440516
SESZ05,BMSZ04,1,13.231634654584761
SESZ05,BMSZ07,1,14.040625647104
SESZ05,BMSZ12,2,14.56952093390351
SESZ05,BMSZ17,1,14.552969311623727
SESZ05,BSSZ03,1,5.665246621575253
SESZ05,CCSZ01,1,9.911982197545207
SESZ05,CHSZ02,1,9.948987655483249
SESZ05,CHSZ03,7,13.033785024879021
SESZ05,DTSZ02,1,11.065988150073865
SESZ05,DTSZ03,1,10.87962619081472
SESZ05,DTSZ05,5,12.055965246579374
SESZ05,DTSZ11,3,12.84300844556907
SESZ05,DTSZ12,2,11.82207553328463
SESZ05,GLSZ01,1,6.74625623060443
SESZ05,GLSZ03,1,6.19182403091475
SESZ05,GLSZ04,2,7.8661665834002354
SESZ05,HGSZ01,5,1.7020652950167057
SESZ05,HGSZ04,1,1.3406852272539105
SESZ05,HGSZ05,4,1.0428251626291736
SESZ05,HGSZ07,3,3.143810476015363
SESZ05,HGSZ08,1,4.581024177781134
SESZ05,JESZ05,3,17.356717499451314
SESZ05,JESZ06,2,17.063797690482534
SESZ05,KLSZ03,1,8.02966423152953
SESZ05,KLSZ06,2,8.921678147303673
SESZ05,KLSZ08,1,8.332696338597055
SESZ05,MPSZ03,1,9.335340672790013
SESZ05,MUSZ01,1,10.786554362552302
SESZ05,MUSZ03,1,10.83899747147561
SESZ05,NTSZ03,2,9.954212029599049
SESZ05,NVSZ01,2,7.893618528705604
SESZ05,NVSZ02,2,9.132611853836545
SESZ05,ORSZ03,2,10.908424187761865
SESZ05,OTSZ03,4,12.751908719668233
SESZ05,PGSZ02,3,2.9783709718273044
SESZ05,PGSZ04,4,2.606432804831768
SESZ05,QTSZ08,2,14.620212501446845
SESZ05,QTSZ14,1,15.960946797516677
SESZ05,RCSZ01,2,9.413854086676542
SESZ05,SBSZ01,1,9.529455731785909
SESZ05,SBSZ08,1,13.02351260303331
SESZ05,SESZ02,1,1.6988216292060225
SESZ05,SESZ03,7,1.1358929114864125
SESZ05,SESZ04,3,1.063582276653897
SESZ05,SESZ05,3,0.0
SESZ05,SESZ06,3,1.882062201601559
SESZ05,SGSZ01,1,2.6297855575947384
SESZ05,SGSZ04,3,3.576088234253757
SESZ05,SGSZ06,2,4.218719267554138
SESZ05,SRSZ02,2,11.737185525479454
SESZ05,TMSZ05,2,10.754348650012535
SESZ05,TPSZ06,2,6.385825897000962
SESZ05,WDSZ01,1,13.153166927117452
SESZ05,YSSZ04,1,6.894754826393089
SESZ06,AMSZ01,6,4.135723879499389
SESZ06,AMSZ03,2,4.145684611163374
SESZ06,AMSZ10,5,3.524478496309693
SESZ06,AMSZ12,2,2.8805727837973616
SESZ06,BDSZ01,2,7.576712019239595
SESZ06,BDSZ03,1,8.95036635976518
SESZ06,BDSZ08,1,12.087235142087584
SESZ06,BKSZ05,1,13.265314350430097
SESZ06,BLSZ02,1,20.569118369801956
SESZ06,BLSZ03,1,21.654127015075847
SESZ06,BMSZ01,5,15.705705817058234
SESZ06,BMSZ02,1,14.134054878059066
SESZ06,BMSZ05,1,13.654637384278224
SESZ06,BMSZ09,1,12.799884796489874
SESZ06,BMSZ15,1,14.653812840192337
SESZ06,BMSZ16,1,14.094699402568548
SESZ06,BMSZ17,3,15.099946752451059
SESZ06,BSSZ01,3,6.447070982720102
SESZ06,BTSZ01,1,13.292357317050246
SESZ06,CHSZ03,2,14.829547527202845
SESZ06,CKSZ06,1,14.305216564361103
SESZ06,CLSZ04,1,14.89569898331248
SESZ06,DTSZ01,2,10.917430628459583
SESZ06,DTSZ02,3,11.714587378819122
SESZ06,DTSZ03,9,11.639196432459416
SESZ06,DTSZ05,10,12.71284398765897
SESZ06,DTSZ08,4,13.316825169891246
SESZ06,DTSZ09,1,13.694014085784831
SESZ06,DTSZ11,6,13.554566828536915
SESZ06,GLSZ01,4,7.709761748400441
SESZ06,GLSZ03,2,7.623431922127776
SESZ06,GLSZ04,1,9.009845307571306
SESZ06,GLSZ05,2,9.03119269710631
SESZ06,HGSZ02,1,3.727611998027959
SESZ06,HGSZ04,1,2.6189496121280875
SESZ06,HGSZ05,4,1.6602232514061128
SESZ06,HGSZ07,1,4.408331250292484
SESZ06,HGSZ08,1,5.847158665439593
SESZ06,HGSZ09,3,5.287300058352808
SESZ06,JESZ05,1,16.39969955080911
SESZ06,JESZ06,1,16.19825246752847
SESZ06,JWSZ08,1,20.960332137646212
SESZ06,KLSZ07,4,9.515025889700334
SESZ06,KLSZ08,2,9.10007953594554
SESZ06,MPSZ03,3,10.834705825603377
SESZ06,MUSZ01,2,11.262343390643236
SESZ06,NTSZ03,1,10.205454858919609
SESZ06,NVSZ01,2,8.245579360090712
SESZ06,NVSZ02,4,9.39885244946822
SESZ06,ORSZ02,1,11.11571483585146
SESZ06,ORSZ03,3,11.262314482990844
SESZ06,OTSZ01,1,12.861026045873185
SESZ06,OTSZ03,8,13.3191473537862
SESZ06,PGSZ01,3,4.093587833457112
SESZ06,PGSZ02,3,3.1891104601289886
SESZ06,PGSZ03,1,2.42916868116291
SESZ06,PGSZ04,2,3.863197750962346
SESZ06,PGSZ05,2,4.305264535515442
SESZ06,PLSZ04,1,5.376311064762715
SESZ06,PNSZ05,1,26.124157242824765
SESZ06,PRSZ02,1,7.254855895858995
SESZ06,PRSZ03,2,8.345643716716806
SESZ06,PRSZ06,1,10.669865675675744
SESZ06,QTSZ05,1,13.278289763719002
SESZ06,QTSZ08,3,14.366752996289923
SESZ06,QTSZ09,1,14.450085628288258
SESZ06,QTSZ10,1,14.807029698578258
SESZ06,QTSZ11,3,15.650544559757996
SESZ06,QTSZ14,2,15.931774739652054
SESZ06,RCSZ10,1,10.936934090273466
SESZ06,SBSZ03,1,8.663724447855394
SESZ06,SBSZ08,1,11.149781752446753
SESZ06,SESZ02,3,3.2776746306326205
SESZ06,SESZ03,28,2.3877316708630167
SESZ06,SESZ04,12,1.4130001556698468
SESZ06,SESZ05,2,1.882062201601559
SESZ06,SESZ06,18,0.0
SESZ06,SGSZ01,1,1.7219476016544402
SESZ06,SGSZ03,4,2.3376479140642736
SESZ06,SGSZ04,3,3.768794507326256
SESZ06,SGSZ06,4,4.8182511714863905
SESZ06,SLSZ01,1,2.2123253193912045
SESZ06,SRSZ02,2,12.263816337144911
SESZ06,SRSZ03,1,12.394989403094538
SESZ06,TMSZ02,2,9.460849894041672
SESZ06,TMSZ04,1,10.53190882853907
SESZ06,TMSZ05,1,12.63521484504916
SESZ06,TNSZ01,1,10.740353073293255
SESZ06,TNSZ03,1,12.503024633282834
SESZ06,TPSZ03,1,6.77158326793151
SESZ06,TPSZ06,1,6.789874896241048
SESZ06,TPSZ10,1,6.0143766056638785
SESZ06,TPSZ12,1,6.544964796052385
SESZ06,WCSZ01,1,20.813458608921742
SESZ06,YSSZ01,3,5.56294361157275
SESZ06,YSSZ09,4,6.448116778096786
SESZ07,AMSZ01,1,3.1156297322104485
SESZ07,DTSZ01,1,10.747163646937278
SGSZ01,AMSZ01,2,2.4775142991830243
SGSZ01,AMSZ10,1,2.242841251097482
SGSZ01,BMSZ01,1,14.04539912748074
SGSZ01,BMSZ08,1,11.790456579460136
SGSZ01,CLSZ07,1,14.026626307642548
SGSZ01,DTSZ01,2,9.447010244647979
SGSZ01,DTSZ03,2,10.214840195579043
SGSZ01,HGSZ02,1,3.8625957864903313
SGSZ01,HGSZ04,1,2.434318710645778
SGSZ01,JESZ02,1,14.962018732542647
SGSZ01,JESZ05,1,14.845298499652973
SGSZ01,KLSZ07,2,7.960336782269668
SGSZ01,ORSZ02,3,9.461940665569058
SGSZ01,RCSZ01,1,8.41301983088122
SGSZ01,SESZ06,2,1.7219476016544402
SGSZ01,SGSZ06,2,3.506978622423547
SGSZ01,TMSZ05,1,12.914446104765037
SGSZ01,YSSZ04,1,5.019967585850898
SGSZ02,AMSZ01,1,2.007914146707585
SGSZ02,AMSZ02,1,1.20768393945689
SGSZ02,AMSZ03,5,1.547212112935673
SGSZ02,AMSZ05,1,3.02723276008107
SGSZ02,AMSZ06,3,2.7995850459212646
SGSZ02,AMSZ10,1,2.3783896579543344
SGSZ02,AMSZ12,1,1.5906972443613625
SGSZ02,BDSZ01,1,6.6187517880468025
SGSZ02,BDSZ04,1,9.331597005362498
SGSZ02,BKSZ02,1,13.048648449283453
SGSZ02,BPSZ01,1,11.657009748934213
SGSZ02,BSSZ01,1,4.081585707098615
SGSZ02,BTSZ01,1,11.143434076716604
SGSZ02,CKSZ01,1,12.23849028532146
SGSZ02,CKSZ05,1,13.282934264171269
SGSZ02,CKSZ06,1,13.301455747003732
SGSZ02,CLSZ04,1,12.571107723880033
SGSZ02,HGSZ01,1,3.0225106118720553
SGSZ02,HGSZ04,1,2.351705726341495
SGSZ02,HGSZ05,1,1.9782563954446948
SGSZ02,JWSZ08,1,19.18131171563363
SGSZ02,PGSZ03,1,4.7429061898069
SGSZ02,PGSZ05,1,6.288848394573591
SGSZ02,QTSZ05,1,10.674241988844424
SGSZ02,QTSZ08,1,11.813834304466688
SGSZ02,SBSZ02,1,8.58217040173424
SGSZ02,SBSZ03,1,9.521418635686246
SGSZ02,TPSZ02,1,5.129905921999851
SGSZ02,WDSZ03,2,10.168934656544748
SGSZ02,WDSZ04,1,9.955914131741565
SGSZ02,YSSZ09,1,7.303576386967235
SGSZ03,AMSZ01,7,2.9590315422211915
SGSZ03,AMSZ02,2,2.151770995815875
SGSZ03,AMSZ04,1,2.9453669534287608
SGSZ03,AMSZ05,1,3.95390752108144
SGSZ03,AMSZ10,2,3.2587432290430534
SGSZ03,AMSZ12,1,2.4411838832517923
SGSZ03,BMSZ01,2,13.500016631577541
SGSZ03,BMSZ03,1,11.493400225861139
SGSZ03,BMSZ05,1,11.372214365806132
SGSZ03,BMSZ06,1,10.871635846413161
SGSZ03,BPSZ01,1,12.614603736848938
SGSZ03,BPSZ03,1,11.422891926825564
SGSZ03,BPSZ05,1,11.911245082548769
SGSZ03,BSSZ01,3,4.932379133864138
SGSZ03,BSSZ02,1,3.871226046741279
SGSZ03,CHSZ02,1,11.640470128046228
SGSZ03,DTSZ01,1,8.58525586698779
SGSZ03,DTSZ02,1,9.384926543811465
SGSZ03,DTSZ06,1,10.092201500543638
SGSZ03,DTSZ08,1,10.989056797422394
SGSZ03,DTSZ09,1,11.370976788171813
SGSZ03,GLSZ01,1,5.406548489821448
SGSZ03,GLSZ03,2,5.606362629002673
SGSZ03,GLSZ05,2,6.964159398376554
SGSZ03,HGSZ04,1,1.392533316707768
SGSZ03,HGSZ05,2,1.1615807819654707
SGSZ03,HGSZ09,1,3.544364864754794
SGSZ03,KLSZ01,1,5.941795021094732
SGSZ03,KLSZ06,2,7.242457327089355
SGSZ03,KLSZ07,2,7.217689256146831
SGSZ03,KLSZ09,1,8.254391259813373
SGSZ03,MUSZ03,1,9.086628611312701
SGSZ03,NTSZ03,1,7.982073994687208
SGSZ03,NVSZ01,1,5.973053559590637
SGSZ03,ORSZ02,1,8.91414319680366
SGSZ03,ORSZ03,2,9.002287922645401
SGSZ03,OTSZ03,1,11.00469854117025
SGSZ03,PGSZ05,2,5.484698864279174
SGSZ03,PRSZ03,1,8.292314578570746
SGSZ03,QTSZ08,1,12.466775291320069
SGSZ03,QTSZ15,2,15.372368250138381
SGSZ03,SBSZ04,1,11.202801456881765
SGSZ03,SBSZ08,1,12.625132479051256
SGSZ03,SESZ02,2,3.8114863311126457
SGSZ03,SESZ03,1,3.311581384366349
SGSZ03,SESZ04,1,2.8400442267047357
SGSZ03,SESZ06,3,2.3376479140642736
SGSZ03,SGSZ02,1,0.9592732371584263
SGSZ03,SGSZ03,3,0.0
SGSZ03,SGSZ04,3,1.4946824857733565
SGSZ03,SGSZ06,5,2.481070185130139
SGSZ03,SLSZ01,1,4.291802195292864
SGSZ03,SRSZ02,1,9.956114700262267
SGSZ03,TMSZ03,1,7.526136007069231
SGSZ03,TNSZ01,1,8.659462703990089
SGSZ03,TNSZ04,1,9.452453332748512
SGSZ03,TPSZ01,1,5.19666956835474
SGSZ03,TPSZ02,2,5.5511905848957275
SGSZ03,TPSZ09,1,4.675000306127271
SGSZ03,TPSZ12,1,4.31740834935893
SGSZ03,WCSZ01,3,20.433213957725354
SGSZ03,WDSZ03,1,10.880070633865031
SGSZ03,WDSZ04,1,10.75583851501337
SGSZ03,WDSZ07,1,12.748988790466234
SGSZ03,WDSZ08,1,12.067396696576001
SGSZ03,WDSZ09,1,13.342562947493983
SGSZ03,YSSZ03,5,6.654813829832525
SGSZ03,YSSZ04,2,6.2971815929318256
SGSZ04,AMSZ01,14,2.472488583151166
SGSZ04,AMSZ02,1,1.7836922077669188
SGSZ04,AMSZ03,1,1.2356205929987218
SGSZ04,AMSZ04,1,2.04288300841357
SGSZ04,AMSZ10,1,3.4027792696869668
SGSZ04,AMSZ11,1,4.086527450578483
SGSZ04,BDSZ04,1,8.506360463148305
SGSZ04,BLSZ02,1,18.293270650140716
SGSZ04,BMSZ02,2,10.446332348580976
SGSZ04,BMSZ13,1,11.527467960409084
SGSZ04,BMSZ17,1,11.331161307650186
SGSZ04,BSSZ01,8,3.8631900924518154
SGSZ04,BSSZ03,3,2.089162529427878
SGSZ04,BTSZ01,2,10.92700974657788
SGSZ04,BTSZ03,1,10.033521513201212
SGSZ04,CCSZ01,1,7.440982224056355
SGSZ04,CKSZ01,1,12.601796777527275
SGSZ04,CKSZ03,1,13.460368648771931
SGSZ04,CLSZ04,1,12.147630545459414
SGSZ04,DTSZ01,1,7.169242703906531
SGSZ04,DTSZ02,4,7.959935879170354
SGSZ04,DTSZ05,1,8.957111657249374
SGSZ04,DTSZ08,1,9.558080971924092
SGSZ04,DTSZ09,1,9.930136125716555
SGSZ04,DTSZ11,4,9.809730547719365
SGSZ04,GLSZ01,1,4.235738628796369
SGSZ04,GLSZ03,1,4.962680568293994
SGSZ04,GLSZ04,2,5.688914712252517
SGSZ04,GLSZ05,3,6.192090280755141
SGSZ04,HGSZ01,1,2.8629567723315543
SGSZ04,HGSZ02,1,3.5908149533534366
SGSZ04,HGSZ03,2,3.733068176976207
SGSZ04,HGSZ04,2,2.452111596953342
SGSZ04,HGSZ05,2,2.6156292407312476
SGSZ04,HGSZ06,5,1.5591025686795772
SGSZ04,HGSZ07,3,2.3123199821988183
SGSZ04,HGSZ08,1,3.1427393928969156
SGSZ04,JESZ05,1,14.170507234199286
SGSZ04,JWSZ08,1,19.202485603598454
SGSZ04,JWSZ09,1,18.4654853430203
SGSZ04,KLSZ01,1,4.5389474240048315
SGSZ04,KLSZ03,1,5.357953462182422
SGSZ04,KLSZ04,1,6.0834587546801355
SGSZ04,KLSZ05,1,6.986560150968985
SGSZ04,KLSZ06,2,5.832990797014634
SGSZ04,KLSZ08,2,5.412457222068659
SGSZ04,KLSZ09,1,6.898487638082717
SGSZ04,MUSZ01,2,7.4946386235500295
SGSZ04,MUSZ03,1,7.637315211262067
SGSZ04,NVSZ03,1,5.711528166137548
SGSZ04,ORSZ02,2,7.419561474361161
SGSZ04,ORSZ03,1,7.5139530809812
SGSZ04,OTSZ03,3,9.551140020285157
SGSZ04,PGSZ03,1,5.579635848707016
SGSZ04,PGSZ04,2,6.101601691667444
SGSZ04,PGSZ05,1,6.8500247962908185
SGSZ04,PLSZ04,1,3.637415820986691
SGSZ04,PRSZ01,1,7.480368131905795
SGSZ04,QTSZ01,1,10.520516614189308
SGSZ04,QTSZ08,5,11.048009930792105
SGSZ04,QTSZ11,3,12.461440296279195
SGSZ04,QTSZ12,1,11.931652727165464
SGSZ04,QTSZ13,1,12.815061231447519
SGSZ04,QTSZ14,1,12.401154684553415
SGSZ04,RCSZ01,3,6.172313984168823
SGSZ04,RVSZ03,1,8.065308907859006
SGSZ04,SBSZ01,1,10.20683782932369
SGSZ04,SBSZ03,1,10.771633118200786
SGSZ04,SESZ02,2,5.081749522819904
SGSZ04,SESZ03,3,4.711070160353131
SGSZ04,SESZ05,2,3.576088234253757
SGSZ04,SESZ06,2,3.768794507326256
SGSZ04,SGSZ03,4,1.4946824857733565
SGSZ04,SGSZ04,20,0.0
SGSZ04,SGSZ05,1,1.6318777893787308
SGSZ04,SGSZ06,16,1.2504688104488453
SGSZ04,SRSZ02,1,8.495025423781255
SGSZ04,TMSZ02,2,9.446340615212689
SGSZ04,TMSZ03,3,7.86293005849426
SGSZ04,TMSZ05,3,11.980080363218656
SGSZ04,TNSZ04,1,8.020569356547174
SGSZ04,TPSZ01,1,3.751475524831655
SGSZ04,TPSZ03,1,3.113258700274398
SGSZ04,TPSZ04,1,3.409650311073797
SGSZ04,TPSZ06,2,3.0211123125546546
SGSZ04,TPSZ09,2,3.3024682758148685
SGSZ04,TPSZ11,3,3.3686332191001673
SGSZ04,TSSZ05,1,26.817135502678617
SGSZ04,WCSZ01,1,19.785915699956057
SGSZ04,WDSZ02,1,11.97227962405506
SGSZ04,WDSZ04,1,10.981265310979747
SGSZ05,BSSZ01,1,3.588178115383058
SGSZ05,BSSZ03,1,1.1449102824808797
SGSZ05,DTSZ02,1,6.330317877414819
SGSZ05,DTSZ05,1,7.326911219881471
SGSZ05,DTSZ09,2,8.298261331337992
SGSZ05,DTSZ11,1,8.1832738090659
SGSZ05,GLSZ03,3,4.259957258597937
SGSZ05,GLSZ05,1,5.247923985114561
SGSZ05,HGSZ03,1,4.899230375160031
SGSZ05,HGSZ08,2,2.7622880513881762
SGSZ05,KLSZ06,1,4.2108586291389924
SGSZ05,KLSZ08,1,3.8326702416831684
SGSZ05,OTSZ03,2,7.9204069885481045
SGSZ05,PGSZ01,1,8.95124882062556
SGSZ05,PGSZ03,1,7.104459310976258
SGSZ05,PLSZ04,1,3.8168372038314953
SGSZ05,SESZ04,1,5.870629753458105
SGSZ05,SGSZ04,1,1.6318777893787308
SGSZ05,SGSZ05,2,0.0
SGSZ05,SGSZ06,3,0.9282105893335375
SGSZ05,TMSZ02,1,9.805992757850156
SGSZ05,TMSZ03,1,8.084969763917393
SGSZ05,TMSZ04,2,10.128670133985707
SGSZ05,TMSZ05,2,11.961549711676327
SGSZ05,TNSZ03,1,7.6271539340672865
SGSZ05,TPSZ01,1,2.5638670799029946
SGSZ05,TPSZ02,1,2.601766149976301
SGSZ05,TPSZ04,2,1.854282685135059
SGSZ05,WDSZ07,1,14.021645877146348
SGSZ06,AMSZ01,4,3.5002927418764003
SGSZ06,AMSZ02,1,2.9297530962382865
SGSZ06,AMSZ03,2,2.139904561605652
SGSZ06,AMSZ04,1,2.8672758218120213
SGSZ06,AMSZ05,1,3.992394342452627
SGSZ06,AMSZ10,1,4.593201904556275
SGSZ06,AMSZ12,2,3.9694277265523783
SGSZ06,BDSZ01,1,4.702754402809595
SGSZ06,BDSZ04,3,7.65814359492801
SGSZ06,BDSZ06,2,8.898520899298843
SGSZ06,BKSZ09,1,12.573181706365352
SGSZ06,BMSZ01,3,11.24835862468767
SGSZ06,BMSZ03,1,9.326524554351204
SGSZ06,BMSZ05,1,9.00275952519408
SGSZ06,BMSZ06,3,8.708095967043644
SGSZ06,BMSZ08,1,9.025577074874112
SGSZ06,BMSZ12,1,10.406198754011877
SGSZ06,BMSZ17,2,10.37351332408094
SGSZ06,BPSZ07,1,10.32404146544852
SGSZ06,BSSZ01,3,4.31057716345392
SGSZ06,BSSZ02,1,2.875991737030352
SGSZ06,BSSZ03,6,1.9817878572778096
SGSZ06,BTSZ01,1,11.132883768598345
SGSZ06,CHSZ02,1,12.055418750939612
SGSZ06,CKSZ02,1,14.04817641196889
SGSZ06,CLSZ04,2,12.141336330902906
SGSZ06,CLSZ07,1,12.57682752111071
SGSZ06,DTSZ01,2,6.1233919991614005
SGSZ06,DTSZ02,3,6.928172923209252
SGSZ06,DTSZ03,2,6.823724086850393
SGSZ06,DTSZ05,1,7.925832643114068
SGSZ06,DTSZ08,2,8.534623158708298
SGSZ06,DTSZ09,3,8.925782714820569
SGSZ06,DTSZ11,2,8.751524620925787
SGSZ06,DTSZ12,1,7.779059779406615
SGSZ06,GLSZ01,2,2.996815054722577
SGSZ06,GLSZ02,2,3.2018877641255177
SGSZ06,GLSZ03,3,3.8233716996857776
SGSZ06,GLSZ04,5,4.439079275793445
SGSZ06,GLSZ05,6,4.986415567336734
SGSZ06,HGSZ01,3,3.016609770720424
SGSZ06,HGSZ02,2,3.62142801534933
SGSZ06,HGSZ03,2,3.9977414846674506
SGSZ06,HGSZ04,7,2.9122391170608886
SGSZ06,HGSZ05,9,3.420976059234586
SGSZ06,HGSZ06,4,1.628829512348083
SGSZ06,HGSZ07,8,1.8431609549072046
SGSZ06,HGSZ08,9,2.105678690799914
SGSZ06,JESZ05,2,14.386437650177955
SGSZ06,KLSZ01,5,3.4801975395945113
SGSZ06,KLSZ02,1,3.4022129747870453
SGSZ06,KLSZ05,1,5.771752768914808
SGSZ06,KLSZ09,1,5.7734154745119195
SGSZ06,MUSZ01,2,6.577771150378855
SGSZ06,NVSZ02,2,4.937617308292101
SGSZ06,ORSZ02,2,6.715125652398436
SGSZ06,ORSZ03,2,6.690321689703724
SGSZ06,OTSZ01,1,8.182122810669235
SGSZ06,OTSZ03,8,8.576989849121452
SGSZ06,OTSZ04,3,7.994235103960414
SGSZ06,PGSZ02,3,7.19108083003786
SGSZ06,PGSZ03,2,6.32954895424093
SGSZ06,PGSZ04,5,6.532842496913756
SGSZ06,PGSZ05,3,7.329280522770447
SGSZ06,PLSZ04,1,2.9735507165679675
SGSZ06,PRSZ02,1,8.253132736312411
SGSZ06,QTSZ03,1,9.464675546029893
SGSZ06,QTSZ08,4,10.693915927253878
SGSZ06,QTSZ11,7,12.183856278019633
SGSZ06,QTSZ14,4,11.848125000567475
SGSZ06,RCSZ01,1,5.213904441834235
SGSZ06,RCSZ10,3,6.167147393905558
SGSZ06,SBSZ03,1,12.007053910710429
SGSZ06,SBSZ04,1,13.154845936605819
SGSZ06,SESZ02,2,5.48136874582001
SGSZ06,SESZ03,12,5.308120913505455
SGSZ06,SESZ04,5,5.12482906140931
SGSZ06,SESZ05,1,4.218719267554138
SGSZ06,SESZ06,3,4.8182511714863905
SGSZ06,SGSZ01,2,3.506978622423547
SGSZ06,SGSZ03,3,2.481070185130139
SGSZ06,SGSZ04,16,1.2504688104488453
SGSZ06,SGSZ05,1,0.9282105893335375
SGSZ06,SGSZ06,9,0.0
SGSZ06,SGSZ07,3,0.9479193276864053
SGSZ06,SLSZ01,1,6.701784518097693
SGSZ06,SRSZ02,1,7.544487938663058
SGSZ06,TMSZ02,1,8.958267024875182
SGSZ06,TMSZ04,2,9.351615237631334
SGSZ06,TMSZ05,1,11.234959764709195
SGSZ06,TNSZ01,3,6.687072823979327
SGSZ06,TNSZ04,1,7.66248915195943
SGSZ06,TPSZ02,1,3.5040671156653205
SGSZ06,TPSZ03,1,2.679937764637681
SGSZ06,TPSZ06,3,2.179224657320884
SGSZ06,TPSZ07,1,2.6285156883266594
SGSZ06,TPSZ09,6,2.204579948905714
SGSZ06,TPSZ10,1,1.325651271779934
SGSZ06,TPSZ11,3,2.135600560420335
SGSZ06,TPSZ12,2,2.167929743490486
SGSZ06,TSSZ05,1,26.978990892452845
SGSZ06,WDSZ01,1,13.561345733153725
SGSZ06,WDSZ03,3,12.505088967020562
SGSZ06,WDSZ06,2,14.191393229541127
SGSZ06,WDSZ09,1,14.824245094487884
SGSZ06,YSSZ01,1,9.057706772673392
SGSZ06,YSSZ03,1,8.82972499813864
SGSZ06,YSSZ09,3,9.819501450094613
SGSZ07,AMSZ01,1,4.448112891397666
SGSZ07,AMSZ04,1,3.801921165054266
SGSZ07,AMSZ11,1,6.22340335044197
SGSZ07,AMSZ12,1,4.873734852109027
SGSZ07,BDSZ05,1,5.979014111665393
SGSZ07,BLSZ01,1,18.79731910763729
SGSZ07,BMSZ01,1,11.16712548161503
SGSZ07,BSSZ03,1,2.6962666875982104
SGSZ07,CLSZ04,1,12.643356311811319
SGSZ07,CLSZ09,1,14.279443859919333
SGSZ07,DTSZ02,1,6.578490648626257
SGSZ07,DTSZ03,2,6.381694871644236
SGSZ07,DTSZ04,1,7.510360886482663
SGSZ07,DTSZ05,6,7.5640282889559165
SGSZ07,DTSZ07,1,8.234078048031481
SGSZ07,DTSZ09,1,8.589213255986571
SGSZ07,DTSZ11,3,8.344746879858123
SGSZ07,DTSZ12,1,7.325966251234377
SGSZ07,GLSZ05,1,4.057140359173993
SGSZ07,HGSZ06,1,1.8639634808289434
SGSZ07,HGSZ08,1,1.2159567567236487
SGSZ07,HGSZ09,1,2.159383443705748
SGSZ07,JWSZ04,1,17.376225595713542
SGSZ07,KLSZ01,1,3.192359342323378
SGSZ07,KLSZ03,2,3.5622141661343756
SGSZ07,KLSZ06,1,4.444896857871041
SGSZ07,KLSZ08,1,3.834604630698747
SGSZ07,KLSZ09,1,5.300484082225891
SGSZ07,MUSZ03,1,6.381758861702335
SGSZ07,NTSZ03,2,5.7796805450539175
SGSZ07,NVSZ02,1,4.981773882949455
SGSZ07,ORSZ02,1,6.739843824874058
SGSZ07,ORSZ03,1,6.594705965234908
SGSZ07,OTSZ03,5,8.281724586471443
SGSZ07,QTSZ04,1,10.253206988358079
SGSZ07,QTSZ05,1,9.418529268789989
SGSZ07,QTSZ08,1,10.964648038034365
SGSZ07,QTSZ11,5,12.501070656486686
SGSZ07,QTSZ14,1,11.949604252068728
SGSZ07,RCSZ10,1,5.860969782202736
SGSZ07,SESZ04,2,5.49170886329733
SGSZ07,SGSZ04,1,2.136877766125227
SGSZ07,SGSZ06,3,0.9479193276864053
SGSZ07,SGSZ07,1,0.0
SGSZ07,SRSZ02,1,7.290448961771813
SGSZ07,SRSZ03,1,7.323902416631335
SGSZ07,TMSZ03,1,6.551758610772832
SGSZ07,TMSZ05,2,10.411811425807437
SGSZ07,TNSZ01,1,6.894363831763458
SGSZ07,TPSZ01,2,3.987038453090599
SGSZ07,TPSZ06,2,2.3204062272542165
SGSZ07,YSSZ01,1,9.928426051424632
SISZ01,BDSZ04,1,14.842751640854337
SISZ01,BMSZ01,5,2.7638494085819123
SISZ01,BMSZ04,1,3.827995053703645
SISZ01,BTSZ01,2,11.740151806392166
SISZ01,CLSZ07,1,9.115177702531668
SISZ01,GLSZ05,1,10.684133013978656
SISZ01,JESZ05,1,13.397299874225073
SISZ01,JWSZ04,1,15.30653663652579
SKSZ01,BKSZ02,1,8.062491357292119
SKSZ01,MDSZ02,1,6.023598262439958
SKSZ01,QTSZ10,1,14.67958923331579
SKSZ01,SBSZ02,1,7.33808457713209
SKSZ01,SBSZ03,1,6.631063844905857
SKSZ01,SBSZ04,1,6.753047834273459
SKSZ01,SESZ03,1,16.096472557611957
SKSZ01,SKSZ02,1,1.7907241735978208
SKSZ01,WDSZ02,1,3.63170148766113
SKSZ01,WDSZ03,3,4.796015887714445
SKSZ01,WDSZ06,1,1.8462390586054467
SKSZ01,YSSZ08,1,7.9155846622805015
SKSZ02,CKSZ03,1,4.150416591379115
SKSZ02,JWSZ08,1,11.241698498682878
SKSZ02,WDSZ09,2,4.025933577656925
SKSZ03,BKSZ04,1,5.053286799453393
SKSZ03,BKSZ09,1,6.576477513582783
SKSZ03,BSSZ01,1,9.032942707111705
SKSZ03,BTSZ03,1,8.434488943676744
SKSZ03,CKSZ03,1,2.378971040830655
SKSZ03,JESZ08,1,9.717272194837324
SKSZ03,KLSZ02,1,14.773384448695115
SKSZ03,MDSZ03,1,7.514023852313612
SKSZ03,PNSZ02,1,14.06785670911849
SKSZ03,SBSZ03,1,7.985569223160907
SKSZ03,SKSZ04,1,2.150076884386548
SKSZ03,TMSZ01,1,19.932722818655527
SKSZ03,TMSZ03,1,20.06760656727109
SKSZ03,WDSZ02,1,5.459066405288043
SKSZ03,WDSZ03,1,6.3127348332779105
SKSZ03,WDSZ06,1,4.4007689746636
SKSZ04,CKSZ06,1,1.3279259305576234
SKSZ04,CLSZ04,1,10.718641656986499
SKSZ04,JESZ05,1,8.86334335856325
SKSZ04,JWSZ09,1,9.555607599277415
SKSZ04,QTSZ02,1,12.696190792087762
SKSZ04,WDSZ05,1,3.8414112519759502
SKSZ04,YSSZ08,1,8.954452647837934
SKSZ05,CKSZ02,1,6.25482576435273
SKSZ05,CKSZ03,1,5.197448746985409
SKSZ05,WDSZ02,1,5.058835122651345
SLSZ01,BDSZ04,2,11.947580871835735
SLSZ01,CKSZ04,1,14.679192852034902
SLSZ01,HGSZ04,1,4.822812518238862
SLSZ01,PGSZ03,1,3.5609174882140366
SLSZ01,PGSZ04,1,5.349490087637332
SLSZ01,SBSZ03,1,6.6059235119979425
SLSZ01,SESZ06,1,2.2123253193912045
SLSZ01,SGSZ03,1,4.291802195292864
SLSZ01,TMSZ01,1,9.5559049548492
SLSZ01,TPSZ04,1,8.701481115818938
SLSZ01,WDSZ03,1,7.862783029271216
SLSZ01,YSSZ03,1,2.8069598414174313
SLSZ01,YSSZ09,1,4.462364406153846
SRSZ01,BDSZ02,1,11.307035644365238
SRSZ01,BDSZ03,1,9.493273401387382
SRSZ01,BDSZ04,1,11.829591233981747
SRSZ01,BDSZ06,1,12.410828829331106
SRSZ01,BMSZ01,1,3.6209824469861207
SRSZ01,BMSZ04,2,1.3952822686397375
SRSZ01,BTSZ01,1,8.937584302166139
SRSZ01,CLSZ04,1,8.344248214523583
SRSZ01,DTSZ03,3,2.5187083177959098
SRSZ01,DTSZ05,1,1.762916223511114
SRSZ01,DTSZ06,1,2.0606345307893235
SRSZ01,DTSZ11,1,2.4342581335247444
SRSZ01,GLSZ04,1,5.775424426559343
SRSZ01,HGSZ02,1,11.04902899846403
SRSZ01,HGSZ05,1,11.133583635237038
SRSZ01,JESZ01,1,13.224862810856646
SRSZ01,JESZ08,1,10.763705130113221
SRSZ01,JWSZ08,1,16.879965272204977
SRSZ01,KLSZ05,1,4.439946717093926
SRSZ01,KLSZ06,1,3.277407211613247
SRSZ01,KLSZ07,2,2.895107478024157
SRSZ01,MUSZ01,1,1.2329661581731022
SRSZ01,NTSZ01,1,2.217073694764774
SRSZ01,NTSZ03,1,2.263483907085815
SRSZ01,ORSZ02,3,1.644312138435856
SRSZ01,OTSZ03,1,1.4577375449082086
SRSZ01,PGSZ01,1,15.903357265145413
SRSZ01,PGSZ04,1,14.152990006851473
SRSZ01,QTSZ04,1,4.6218427957400054
SRSZ01,QTSZ06,1,3.7697260884061397
SRSZ01,QTSZ10,1,6.545524340775902
SRSZ01,RCSZ09,1,1.9788674505192014
SRSZ01,RCSZ10,1,1.9999720881279148
SRSZ01,SBSZ01,1,17.381677702491643
SRSZ01,SGSZ07,1,7.585027023582079
SRSZ01,SRSZ01,2,0.0
SRSZ01,TMSZ02,1,14.503743462065598
SRSZ01,TMSZ03,1,12.701942292466434
SRSZ01,TPSZ03,1,5.650875249962959
SRSZ01,TPSZ06,1,5.597516918055273
SRSZ01,WDSZ04,1,16.101964386417432
SRSZ02,AMSZ01,2,9.251437287316284
SRSZ02,AMSZ06,1,9.34199205656558
SRSZ02,BDSZ01,1,8.849745548720662
SRSZ02,BDSZ04,1,11.132719283274374
SRSZ02,BKSZ05,2,11.590887065743678
SRSZ02,BMSZ01,1,4.154043560546489
SRSZ02,BMSZ04,1,2.0681081816290576
SRSZ02,BMSZ08,2,2.4849677558800214
SRSZ02,BMSZ14,1,3.0048774280158552
SRSZ02,BPSZ01,2,14.230987324098729
SRSZ02,BPSZ05,1,12.961508199868305
SRSZ02,BTSZ02,1,8.122209005057105
SRSZ02,BTSZ06,1,6.236209778062184
SRSZ02,CKSZ01,1,14.284819309983645
SRSZ02,CKSZ04,1,15.43695253907688
SRSZ02,CKSZ05,1,15.793329040443707
SRSZ02,CLSZ01,1,10.871685890972056
SRSZ02,CLSZ04,1,9.191914152164937
SRSZ02,DTSZ02,2,1.0051341379200935
SRSZ02,DTSZ06,1,1.2112761309635915
SRSZ02,GLSZ05,1,6.705669411494558
SRSZ02,HGSZ04,1,10.403819789464734
SRSZ02,HGSZ05,1,10.963737608526175
SRSZ02,HGSZ06,1,9.088262696214201
SRSZ02,JESZ04,1,13.471966524123266
SRSZ02,JESZ05,1,12.317613226211295
SRSZ02,JWSZ08,1,17.727938138695727
SRSZ02,MPSZ03,1,7.155990202326312
SRSZ02,NTSZ05,2,2.0747932298362697
SRSZ02,ORSZ01,1,2.687456779871366
SRSZ02,ORSZ02,2,2.204258994066161
SRSZ02,OTSZ03,1,1.0753460649935547
SRSZ02,OTSZ04,3,0.6338040573109484
SRSZ02,PGSZ02,1,14.715513413385002
SRSZ02,PGSZ03,2,13.86116294637143
SRSZ02,PGSZ04,2,13.841360359698912
SRSZ02,PGSZ05,2,14.662255055067906
SRSZ02,RCSZ01,1,2.331762775248652
SRSZ02,RCSZ08,1,1.505407032765618
SRSZ02,SBSZ01,1,17.618717754268665
SRSZ02,SBSZ03,1,17.685464544406454
SRSZ02,SBSZ04,1,18.888654435455898
SRSZ02,SESZ03,1,12.78610683895676
SRSZ02,SESZ05,2,11.737185525479454
SRSZ02,SESZ06,2,12.263816337144911
SRSZ02,SGSZ03,1,9.956114700262267
SRSZ02,SGSZ04,2,8.495025423781255
SRSZ02,TMSZ02,1,13.875704675791853
SRSZ02,TMSZ03,3,12.08741857155551
SRSZ02,TNSZ01,1,3.5117609830858347
SRSZ02,TNSZ04,1,4.48233880527225
SRSZ02,TPSZ09,2,5.369442581533198
SRSZ02,WCSZ01,1,20.054392160501845
SRSZ02,WDSZ03,1,17.516714261418265
SRSZ02,YSSZ02,1,16.528128378519614
SRSZ02,YSSZ03,2,15.380237286901218
SRSZ02,YSSZ08,1,14.386839820531224
SRSZ03,BDSZ01,1,8.677316909492738
SRSZ03,BKSZ07,1,12.791311175489296
SRSZ03,BKSZ08,1,12.196048780970152
SRSZ03,BKSZ09,1,11.656646287301799
SRSZ03,BPSZ05,1,13.416634273566988
SRSZ03,CKSZ04,1,15.904639079136802
SRSZ03,CKSZ06,1,16.822366956266773
SRSZ03,DTSZ02,1,0.7906317113399317
SRSZ03,DTSZ12,1,1.233940336672609
SRSZ03,HGSZ06,1,9.147079870458965
SRSZ03,JWSZ08,1,18.190947359193643
SRSZ03,JWSZ09,1,17.268816868517852
SRSZ03,KLSZ03,1,4.0686879301899275
SRSZ03,MUSZ01,1,1.3212905682790512
SRSZ03,NVSZ01,1,4.2551375897408965
SRSZ03,ORSZ03,1,1.8418057435474011
SRSZ03,OTSZ03,1,0.9615599479485998
SRSZ03,QTSZ15,1,8.157352577044763
SRSZ03,SBSZ03,1,18.002604178044553
SRSZ03,TMSZ03,1,11.893186554932084
SRSZ03,WDSZ03,2,17.86846618804995
SVSZ01,BKSZ05,1,14.11586242965797
SVSZ01,BPSZ04,1,15.058292857911837
SVSZ01,DTSZ02,1,2.4365810039034996
SVSZ01,JWSZ03,1,17.629238667042305
SVSZ01,WDSZ06,1,20.66295729387339
SVSZ01,YSSZ08,1,16.65757965448224
SVSZ01,YSSZ09,1,18.04448620092425
THSZ01,BKSZ06,1,2.3588917923711237
THSZ01,BSSZ01,1,11.529234621824928
THSZ01,BTSZ07,1,9.197092808435249
THSZ01,JWSZ06,1,4.967622816731378
THSZ01,SBSZ03,1,13.495415143402374
TMSZ01,AMSZ01,1,10.276665837684938
TMSZ01,AMSZ06,1,11.08053469088358
TMSZ01,BDSZ03,1,5.292202004583156
TMSZ01,BDSZ04,2,3.9967402187161745
TMSZ01,BKSZ03,1,21.90931183950623
TMSZ01,BMSZ03,1,16.12241816369063
TMSZ01,BMSZ05,2,15.07346912832012
TMSZ01,BMSZ12,1,17.25249077259511
TMSZ01,CHSZ01,1,5.525533743582612
TMSZ01,CHSZ03,1,7.206349459035475
TMSZ01,DTSZ05,3,13.414414508982238
TMSZ01,DTSZ08,2,13.976846697500871
TMSZ01,DTSZ09,1,14.428170379182408
TMSZ01,DTSZ10,1,14.777043758754745
TMSZ01,DTSZ11,1,13.932567093821097
TMSZ01,GLSZ04,1,8.436408384775138
TMSZ01,HGSZ01,1,5.300836476115918
TMSZ01,HGSZ07,1,5.920686557394908
TMSZ01,JESZ05,1,22.135463595134112
TMSZ01,KLSZ05,1,10.12538349519036
TMSZ01,KLSZ09,1,11.08482284462971
TMSZ01,NTSZ03,1,12.712037593784476
TMSZ01,ORSZ02,1,13.633114882685982
TMSZ01,OTSZ01,1,14.247513396407532
TMSZ01,OTSZ03,4,14.295151324743406
TMSZ01,OTSZ04,1,13.702724462489313
TMSZ01,PGSZ02,1,6.316389169774593
TMSZ01,PGSZ04,2,4.422063877996945
TMSZ01,PGSZ05,1,4.735280509615317
TMSZ01,PRSZ02,1,1.4527429240512195
TMSZ01,PRSZ03,4,1.1835093370759322
TMSZ01,QTSZ10,1,19.0366927312914
TMSZ01,QTSZ14,1,18.83844639263153
TMSZ01,RCSZ10,1,12.094827316198689
TMSZ01,RVSZ02,1,13.95807331266481
TMSZ01,SESZ02,1,4.465845657973665
TMSZ01,SESZ03,1,5.390744769778452
TMSZ01,SGSZ02,1,8.310072170471026
TMSZ01,SKSZ03,1,19.932722818655527
TMSZ01,SLSZ01,1,9.5559049548492
TMSZ01,TMSZ01,1,0.0
TMSZ01,TMSZ02,19,1.8880896152958335
TMSZ01,TMSZ03,7,1.9993859622686991
TMSZ01,TMSZ04,11,3.294722840679154
TMSZ01,TMSZ05,2,5.300364684413989
TMSZ01,WCSZ01,1,27.768712464737035
TMSZ02,AMSZ01,3,11.785359020726633
TMSZ02,AMSZ03,1,10.681090948023202
TMSZ02,AMSZ12,1,11.345288932584056
TMSZ02,BDSZ01,7,5.084701843817833
TMSZ02,BDSZ02,2,3.1974410229416415
TMSZ02,BDSZ03,2,5.151074697135133
TMSZ02,BDSZ04,28,3.1599829379376176
TMSZ02,BDSZ06,4,3.7427675516641705
TMSZ02,BDSZ07,1,5.958736251599138
TMSZ02,BMSZ02,2,16.800677049008343
TMSZ02,BMSZ05,6,15.394614815345465
TMSZ02,BMSZ07,1,17.416077582184812
TMSZ02,BMSZ08,1,16.168462595683543
TMSZ02,BMSZ09,1,15.236459418691599
TMSZ02,BMSZ12,1,17.77723747960786
TMSZ02,BMSZ13,1,18.033720085637732
TMSZ02,BPSZ04,1,19.830197040295616
TMSZ02,BPSZ05,1,20.70259813050238
TMSZ02,BSSZ02,1,11.821167916419341
TMSZ02,BSSZ03,2,10.930556845772891
TMSZ02,BTSZ01,6,20.057503162804043
TMSZ02,BTSZ05,1,16.071609457642865
TMSZ02,CHSZ02,14,3.3449933964791545
TMSZ02,CHSZ03,10,5.590892298049903
TMSZ02,CKSZ03,1,22.88562172381374
TMSZ02,CLSZ01,1,21.81112564098877
TMSZ02,CLSZ04,1,20.881688101945176
TMSZ02,DTSZ01,4,12.239070530938193
TMSZ02,DTSZ02,7,12.89838457395138
TMSZ02,DTSZ03,9,12.325298708566573
TMSZ02,DTSZ05,8,13.636756124005556
TMSZ02,DTSZ06,1,13.183335707165961
TMSZ02,DTSZ08,7,14.16091343269169
TMSZ02,DTSZ09,3,14.609748570789614
TMSZ02,DTSZ11,12,14.048301207762186
TMSZ02,DTSZ12,1,12.987877539760147
TMSZ02,GLSZ01,4,8.935713869786671
TMSZ02,GLSZ02,3,7.933282288409142
TMSZ02,GLSZ03,11,6.673217167241603
TMSZ02,GLSZ04,6,8.737233511326789
TMSZ02,GLSZ05,5,7.207233010378834
TMSZ02,HGSZ02,1,6.129938334181852
TMSZ02,HGSZ05,2,8.307119664374268
TMSZ02,HGSZ08,4,7.169873866787414
TMSZ02,JESZ03,1,22.879758254805076
TMSZ02,JESZ05,1,23.304310785649946
TMSZ02,JWSZ01,1,27.138792488175376
TMSZ02,JWSZ02,1,26.705279548511186
TMSZ02,JWSZ06,1,28.27528591899715
TMSZ02,JWSZ07,1,29.87974699617435
TMSZ02,JWSZ09,1,27.740470864667984
TMSZ02,KLSZ02,1,9.712711087423
TMSZ02,KLSZ04,1,10.343642515167868
TMSZ02,KLSZ05,2,10.293337945549341
TMSZ02,KLSZ06,2,11.327158710464781
TMSZ02,KLSZ08,4,10.535874753953719
TMSZ02,KLSZ09,2,11.401475279645116
TMSZ02,MPSZ01,2,8.879825871616099
TMSZ02,MPSZ03,1,7.516130599959296
TMSZ02,MSSZ01,1,12.57302283423742
TMSZ02,MUSZ01,1,13.311053414212065
TMSZ02,MUSZ03,3,13.03523908902163
TMSZ02,NTSZ03,5,13.397496694253457
TMSZ02,NVSZ01,1,11.58937001268326
TMSZ02,NVSZ02,6,12.726796719617527
TMSZ02,NVSZ03,1,13.494155158081035
TMSZ02,ORSZ01,2,14.995249086154557
TMSZ02,ORSZ02,4,14.274470588146558
TMSZ02,ORSZ03,3,13.818769363812397
TMSZ02,OTSZ01,1,14.59636160603874
TMSZ02,OTSZ03,11,14.542266359955034
TMSZ02,OTSZ04,7,13.971993957784035
TMSZ02,PGSZ02,1,8.199419207192054
TMSZ02,PGSZ03,1,8.068483601953076
TMSZ02,PGSZ04,3,6.3095930551597625
TMSZ02,PLSZ01,5,3.5112454057826405
TMSZ02,PLSZ03,1,4.904152756384254
TMSZ02,PLSZ04,4,5.990765439069718
TMSZ02,PNSZ01,1,30.374265347797124
TMSZ02,PNSZ05,2,32.767931693203174
TMSZ02,PRSZ01,1,4.5738344682197525
TMSZ02,PRSZ02,3,3.040951365203157
TMSZ02,PRSZ03,12,1.9941353644937028
TMSZ02,PRSZ04,4,2.871436793489388
TMSZ02,PRSZ05,7,1.8444573221520455
TMSZ02,PRSZ06,7,3.31885267082316
TMSZ02,PRSZ07,1,2.891043016370743
TMSZ02,PRSZ08,5,1.7629920239944799
TMSZ02,QTSZ01,1,18.835486088266492
TMSZ02,QTSZ08,4,18.868564424242766
TMSZ02,QTSZ09,1,19.933011718827053
TMSZ02,QTSZ11,5,20.470466349771392
TMSZ02,QTSZ13,1,20.463629621823173
TMSZ02,QTSZ14,2,19.393775280649596
TMSZ02,RCSZ01,1,12.112080553195726
TMSZ02,RCSZ05,1,11.713532531752604
TMSZ02,RCSZ08,1,12.700757562799062
TMSZ02,RCSZ09,4,12.54758801057196
TMSZ02,RCSZ10,1,12.504277004594108
TMSZ02,SBSZ03,1,18.017383400554674
TMSZ02,SESZ02,1,6.325240589526703
TMSZ02,SESZ03,3,7.245404358266343
TMSZ02,SESZ04,2,8.205579129226509
TMSZ02,SESZ06,3,9.460849894041672
TMSZ02,SGSZ04,2,9.446340615212689
TMSZ02,SGSZ05,1,9.805992757850156
TMSZ02,SGSZ06,2,8.958267024875182
TMSZ02,SISZ01,1,17.837752471716264
TMSZ02,SRSZ01,1,14.503743462065598
TMSZ02,SRSZ02,1,13.875704675791853
TMSZ02,TMSZ01,14,1.8880896152958335
TMSZ02,TMSZ02,92,0.0
TMSZ02,TMSZ03,31,1.8211342041293208
TMSZ02,TMSZ04,36,1.5608180588962757
TMSZ02,TMSZ05,13,3.4331063209557158
TMSZ02,TPSZ02,1,11.947843505570926
TMSZ02,TPSZ06,2,10.481968959253626
TMSZ02,TPSZ11,1,8.942043124136667
TMSZ02,TPSZ12,3,7.912519061822541
TMSZ02,WCSZ01,7,29.231844280037286
TMSZ02,WDSZ01,1,20.7589684499746
TMSZ02,WDSZ02,1,20.135165977072575
TMSZ02,WDSZ03,1,19.20011741339162
TMSZ02,WDSZ07,1,21.180222527274527
TMSZ02,YSSZ01,1,14.965331285444215
TMSZ02,YSSZ02,2,15.651390718154914
TMSZ02,YSSZ03,1,14.214057965781217
TMSZ02,YSSZ04,1,14.47880451706547
TMSZ02,YSSZ07,1,16.29015222904483
TMSZ02,YSSZ08,3,15.350330298538543
TMSZ03,AMSZ01,4,10.269187328453006
TMSZ03,AMSZ04,2,9.902951170656731
TMSZ03,AMSZ08,1,12.69689688890953
TMSZ03,BDSZ01,5,3.2680309470558733
TMSZ03,BDSZ02,2,1.426330615584882
TMSZ03,BDSZ03,5,3.4743062726524045
TMSZ03,BDSZ04,8,2.01283224519501
TMSZ03,BDSZ05,3,4.130614942004426
TMSZ03,BDSZ06,5,3.160251478678926
TMSZ03,BKSZ01,1,19.97276951231217
TMSZ03,BKSZ02,1,20.952676883526003
TMSZ03,BKSZ05,3,19.140366331204117
TMSZ03,BKSZ09,1,19.785325778348614
TMSZ03,BMSZ01,1,16.24078809122707
TMSZ03,BMSZ02,1,14.997008028471885
TMSZ03,BMSZ04,1,14.091943328256972
TMSZ03,BMSZ05,2,13.6150114134218
TMSZ03,BPSZ03,1,18.758060746904547
TMSZ03,BSSZ01,1,11.569070490981037
TMSZ03,BTSZ01,1,18.312611996430363
TMSZ03,CHSZ03,10,7.233706147633916
TMSZ03,CLSZ03,1,20.127657471940832
TMSZ03,CLSZ09,1,20.666499888376197
TMSZ03,DTSZ02,7,11.117340594521037
TMSZ03,DTSZ03,5,10.560774173105413
TMSZ03,DTSZ05,9,11.878534778177949
TMSZ03,DTSZ06,1,11.42816218720275
TMSZ03,DTSZ07,1,12.626835467618196
TMSZ03,DTSZ08,6,12.414421415231951
TMSZ03,DTSZ09,3,12.864791287736784
TMSZ03,DTSZ11,4,12.32281978354231
TMSZ03,DTSZ12,2,11.252148447845324
TMSZ03,GLSZ01,1,7.114609344836803
TMSZ03,GLSZ02,2,6.112628931819386
TMSZ03,GLSZ03,7,4.8562189729965235
TMSZ03,GLSZ04,1,6.947242067101804
TMSZ03,GLSZ05,7,5.460103820270141
TMSZ03,HGSZ02,2,4.805413215119044
TMSZ03,HGSZ03,1,5.286241624817237
TMSZ03,HGSZ06,1,6.348857436820739
TMSZ03,HGSZ07,1,5.56262992854664
TMSZ03,HGSZ08,1,5.398544920227533
TMSZ03,JESZ05,2,21.553084790749228
TMSZ03,JWSZ04,1,23.923403262062656
TMSZ03,JWSZ07,1,28.14233558836625
TMSZ03,KLSZ05,1,8.541694537184906
TMSZ03,KLSZ06,2,9.511876636370626
TMSZ03,KLSZ07,1,10.277461493486237
TMSZ03,KLSZ08,2,8.720290875326144
TMSZ03,MPSZ01,1,7.198433660758909
TMSZ03,MPSZ02,1,5.9173956324493
TMSZ03,MPSZ03,2,5.982044201148525
TMSZ03,MUSZ02,2,11.690246402306032
TMSZ03,MUSZ03,7,11.23798501973583
TMSZ03,NVSZ02,2,10.907510856556073
TMSZ03,ORSZ01,1,13.174178028088486
TMSZ03,ORSZ02,6,12.45389772749502
TMSZ03,ORSZ03,2,12.003464225650925
TMSZ03,OTSZ03,7,12.779094893351187
TMSZ03,PGSZ02,1,7.732389909211501
TMSZ03,PGSZ03,3,7.415930585784416
TMSZ03,PGSZ04,2,5.823894217170487
TMSZ03,PGSZ05,2,6.3173652024599045
TMSZ03,PLSZ01,2,2.962706548845227
TMSZ03,PLSZ03,1,3.8531264499984608
TMSZ03,PLSZ04,3,4.297032386233649
TMSZ03,PNSZ01,1,28.619782084583946
TMSZ03,PNSZ05,1,30.979603433819083
TMSZ03,PRSZ02,2,3.4468681481832695
TMSZ03,PRSZ03,5,2.936930765047012
TMSZ03,PRSZ05,6,3.4518825252645438
TMSZ03,PRSZ07,1,4.694295965666411
TMSZ03,PRSZ08,1,3.5826714886333413
TMSZ03,QTSZ08,5,17.048418437842894
TMSZ03,QTSZ09,1,18.127822031008737
TMSZ03,QTSZ10,2,18.081594021772702
TMSZ03,QTSZ11,2,18.65144150654042
TMSZ03,QTSZ13,1,18.642565831315956
TMSZ03,RCSZ01,1,10.294758131831005
TMSZ03,RCSZ10,2,10.703904819407029
TMSZ03,RVSZ05,2,12.510735710129882
TMSZ03,SBSZ03,1,17.05786246180136
TMSZ03,SESZ02,2,5.542257830695036
TMSZ03,SESZ03,5,6.404783483348518
TMSZ03,SESZ04,2,7.284629760144006
TMSZ03,SGSZ03,1,7.526136007069231
TMSZ03,SGSZ04,1,7.86293005849426
TMSZ03,SKSZ03,1,20.06760656727109
TMSZ03,SRSZ01,1,12.701942292466434
TMSZ03,SRSZ02,3,12.08741857155551
TMSZ03,SRSZ03,1,11.893186554932084
TMSZ03,TMSZ01,5,1.9993859622686991
TMSZ03,TMSZ02,45,1.8211342041293208
TMSZ03,TMSZ03,25,0.0
TMSZ03,TMSZ04,18,2.188355345903096
TMSZ03,TMSZ05,5,4.262471447978868
TMSZ03,TNSZ03,1,14.718309621070158
TMSZ03,TPSZ05,1,8.806481235961805
TMSZ03,TPSZ06,2,8.696634880969457
TMSZ03,TPSZ10,1,6.831096392749669
TMSZ03,TSSZ05,1,34.040866974475385
TMSZ03,WDSZ01,3,19.58566099493606
TMSZ03,WDSZ02,2,18.997822550469778
TMSZ03,WDSZ03,1,18.117945486605013
TMSZ03,WDSZ04,1,18.18025456125675
TMSZ03,WDSZ05,1,19.666374919196592
TMSZ03,WDSZ08,1,19.2347620862121
TMSZ03,YSSZ01,1,13.962303058779804
TMSZ04,AMSZ01,1,12.438617251098414
TMSZ04,AMSZ02,1,11.663289686028548
TMSZ04,AMSZ03,1,11.243256280413037
TMSZ04,AMSZ09,1,13.446234597067756
TMSZ04,BDSZ01,5,4.972553207377186
TMSZ04,BDSZ02,1,3.076728253028696
TMSZ04,BDSZ03,2,4.618001435038769
TMSZ04,BDSZ04,28,2.300713819335355
TMSZ04,BDSZ05,2,4.713978723286054
TMSZ04,BDSZ06,5,2.3820541097862336
TMSZ04,BDSZ07,1,4.828542881739271
TMSZ04,BKSZ05,1,21.196035580049774
TMSZ04,BKSZ08,1,21.859599031301315
TMSZ04,BMSZ01,1,17.539243278694812
TMSZ04,BMSZ02,1,16.40539635551978
TMSZ04,BMSZ05,1,14.899343492840904
TMSZ04,BMSZ07,1,17.107873933128076
TMSZ04,BMSZ17,1,15.4913296051246
TMSZ04,BPSZ04,3,20.383931856414446
TMSZ04,BPSZ05,1,21.23714653839205
TMSZ04,BSSZ03,1,11.272488238421786
TMSZ04,BTSZ01,3,20.28323564570153
TMSZ04,BTSZ05,1,16.2260145276806
TMSZ04,BTSZ06,2,17.03120350596468
TMSZ04,CHSZ02,4,4.065128297178997
TMSZ04,CHSZ03,7,5.276965426937805
TMSZ04,CKSZ03,1,23.463424679800898
TMSZ04,CLSZ04,1,20.945600909100076
TMSZ04,DTSZ01,1,11.829407368959156
TMSZ04,DTSZ02,5,12.42663491947967
TMSZ04,DTSZ03,3,11.80330450015364
TMSZ04,DTSZ05,11,13.084189965658855
TMSZ04,DTSZ07,1,13.82059019160466
TMSZ04,DTSZ08,4,13.571499451265936
TMSZ04,DTSZ09,2,14.013007061353122
TMSZ04,DTSZ11,4,13.407265843806211
TMSZ04,DTSZ12,2,12.380352942793847
TMSZ04,GLSZ02,4,7.78994446407893
TMSZ04,GLSZ03,2,6.500970521335386
TMSZ04,GLSZ04,3,8.35473178306198
TMSZ04,GLSZ05,3,6.726192243306828
TMSZ04,HGSZ01,1,7.662972268396961
TMSZ04,HGSZ02,1,6.9863512743364105
TMSZ04,HGSZ03,1,7.43923960706008
TMSZ04,HGSZ04,2,8.409170117023162
TMSZ04,HGSZ05,2,9.235077777655691
TMSZ04,HGSZ06,5,8.51754460035158
TMSZ04,HGSZ07,1,7.704401678703941
TMSZ04,HGSZ08,2,7.387127311776235
TMSZ04,JWSZ03,1,25.91378452975306
TMSZ04,JWSZ08,3,28.80815005097246
TMSZ04,JWSZ09,1,28.00295631762795
TMSZ04,KLSZ01,2,10.447192597752915
TMSZ04,KLSZ06,2,11.054608260089584
TMSZ04,KLSZ08,1,10.275145591278795
TMSZ04,MPSZ02,1,6.839996170101967
TMSZ04,MPSZ03,2,6.659656326992244
TMSZ04,NVSZ01,3,11.565714256539229
TMSZ04,NVSZ02,1,12.621835099277288
TMSZ04,ORSZ01,1,14.79858078118471
TMSZ04,ORSZ02,5,14.057950066761318
TMSZ04,ORSZ03,2,13.525313329094072
TMSZ04,OTSZ01,1,14.132450149863754
TMSZ04,OTSZ03,12,13.997755362790137
TMSZ04,OTSZ04,1,13.452152752405718
TMSZ04,PGSZ02,1,9.572642640154145
TMSZ04,PGSZ03,1,9.363177643741906
TMSZ04,PGSZ04,7,7.661147103505303
TMSZ04,PLSZ04,1,6.405838387247936
TMSZ04,PRSZ02,2,4.57403783107831
TMSZ04,PRSZ03,16,3.554865866429268
TMSZ04,PRSZ04,1,4.373660974482156
TMSZ04,PRSZ05,4,3.1920390301266366
TMSZ04,PRSZ06,2,4.449278941338164
TMSZ04,PRSZ08,4,2.483313590092093
TMSZ04,QTSZ05,1,16.914837337440236
TMSZ04,QTSZ08,2,18.71618558134136
TMSZ04,QTSZ11,2,20.33584478047565
TMSZ04,QTSZ12,2,18.979663033673546
TMSZ04,QTSZ13,1,20.24446761708754
TMSZ04,QTSZ14,3,19.055894074186863
TMSZ04,RCSZ09,1,12.201644583637691
TMSZ04,RCSZ10,1,12.119463990701483
TMSZ04,SESZ02,1,7.543149878670501
TMSZ04,SESZ03,1,8.440538607364859
TMSZ04,SESZ04,2,9.360905368386307
TMSZ04,SESZ06,1,10.53190882853907
TMSZ04,SGSZ04,3,10.014249632650026
TMSZ04,SGSZ06,4,9.351615237631334
TMSZ04,TMSZ01,4,3.294722840679154
TMSZ04,TMSZ02,26,1.5608180588962757
TMSZ04,TMSZ03,11,2.188355345903096
TMSZ04,TMSZ04,37,0.0
TMSZ04,TMSZ05,9,2.1043927231785218
TMSZ04,TPSZ02,1,12.040631003287713
TMSZ04,TPSZ06,1,10.613447399162064
TMSZ04,TPSZ10,1,8.7876818404236
TMSZ04,TPSZ12,1,7.980717506281157
TMSZ04,WCSZ01,1,29.73664497333299
TMSZ04,WDSZ02,3,21.16303655421544
TMSZ04,WDSZ05,1,21.85074443141612
TMSZ04,YSSZ02,1,16.84110931549751
TMSZ04,YSSZ04,1,15.54426661310027
TMSZ04,YSSZ08,1,16.373505649334653
TMSZ04,YSSZ09,3,16.973740135242906
TMSZ05,AMSZ02,1,13.666552359191554
TMSZ05,AMSZ03,3,13.197935601005994
TMSZ05,AMSZ06,1,15.210204362481306
TMSZ05,BDSZ01,4,6.654979226160583
TMSZ05,BDSZ02,4,4.902586233981663
TMSZ05,BDSZ03,1,5.965584280085488
TMSZ05,BDSZ04,8,3.6785665957272142
TMSZ05,BDSZ05,1,5.643999288688934
TMSZ05,BDSZ06,3,2.8616357130860677
TMSZ05,BDSZ08,1,2.845317949036391
TMSZ05,BKSZ05,1,22.99621738402519
TMSZ05,BKSZ07,1,24.398687881397926
TMSZ05,BMSZ01,1,18.549267354589567
TMSZ05,BMSZ03,1,17.51177888620492
TMSZ05,BMSZ09,1,16.028615884480637
TMSZ05,BMSZ10,1,16.117374028223068
TMSZ05,BPSZ01,1,24.033370316262616
TMSZ05,BSSZ01,2,15.533243025865866
TMSZ05,BSSZ02,1,14.086182769475576
TMSZ05,BSSZ03,3,13.105262267354885
TMSZ05,BTSZ01,2,21.979371095661232
TMSZ05,CHSZ03,2,4.074897271192548
TMSZ05,CKSZ03,1,25.38606438678994
TMSZ05,CKSZ04,2,26.217422067671844
TMSZ05,CKSZ06,1,25.8352116825868
TMSZ05,CLSZ03,1,23.60761849228314
TMSZ05,CLSZ04,1,22.505969207518635
TMSZ05,DTSZ02,1,13.521338158035022
TMSZ05,DTSZ03,1,12.849638295237952
TMSZ05,DTSZ11,2,14.272406739514233
TMSZ05,GLSZ02,3,9.327976461698263
TMSZ05,GLSZ03,3,8.061120277636114
TMSZ05,GLSZ04,4,9.64817992143521
TMSZ05,GLSZ05,1,7.9824692899072005
TMSZ05,HGSZ04,1,10.480499887342852
TMSZ05,HGSZ06,2,10.517107634567894
TMSZ05,HGSZ08,2,9.199466131142815
TMSZ05,HGSZ09,1,8.523245506478977
TMSZ05,JWSZ09,1,29.70513723859258
TMSZ05,KLSZ05,1,10.837431078024926
TMSZ05,KLSZ09,2,12.121303858054551
TMSZ05,MPSZ01,2,9.178265212881687
TMSZ05,MPSZ03,1,7.442717661417659
TMSZ05,MUSZ01,1,14.183172006328155
TMSZ05,NVSZ01,1,13.12627025168729
TMSZ05,OTSZ01,1,15.209538513308148
TMSZ05,OTSZ03,2,14.978447610599046
TMSZ05,PGSZ01,1,11.897755705311543
TMSZ05,PGSZ03,1,11.439882156791562
TMSZ05,PGSZ04,4,9.712593976491574
TMSZ05,PNSZ02,1,33.41408105192928
TMSZ05,PRSZ03,1,5.3099749339251705
TMSZ05,PRSZ04,2,5.859643841237085
TMSZ05,PRSZ05,3,4.535034352347557
TMSZ05,PRSZ08,2,3.3559901476710063
TMSZ05,QTSZ02,1,19.5157024398586
TMSZ05,RCSZ10,1,13.318946814997075
TMSZ05,SBSZ03,1,21.274177144515846
TMSZ05,SBSZ04,1,22.193004649134647
TMSZ05,SESZ02,4,9.63649724469096
TMSZ05,SESZ03,5,10.538548085933986
TMSZ05,SESZ04,3,11.463600150667864
TMSZ05,SESZ05,2,10.754348650012535
TMSZ05,SESZ06,1,12.63521484504916
TMSZ05,SGSZ01,1,12.914446104765037
TMSZ05,SGSZ04,1,11.980080363218656
TMSZ05,SGSZ05,1,11.961549711676327
TMSZ05,SGSZ06,2,11.234959764709195
TMSZ05,SGSZ07,2,10.411811425807437
TMSZ05,TMSZ01,1,5.300364684413989
TMSZ05,TMSZ02,12,3.4331063209557158
TMSZ05,TMSZ03,6,4.262471447978868
TMSZ05,TMSZ04,12,2.1043927231785218
TMSZ05,TMSZ05,1,0.0
TMSZ05,TPSZ02,1,13.690161194564345
TMSZ05,TPSZ06,1,12.31076322450697
TMSZ05,WDSZ03,1,22.36983548215682
TMSZ05,WDSZ04,2,22.44258959332457
TMSZ05,WDSZ05,2,23.923946660238265
TMSZ05,WDSZ09,1,24.914128263655304
TMSZ05,YSSZ01,1,18.190467731985933
TMSZ05,YSSZ02,1,18.94312036506094
TMSZ05,YSSZ08,1,18.469421756993775
TMSZ05,YSSZ09,3,19.077951637320247
TNSZ01,AMSZ06,1,6.84135302153453
TNSZ01,AMSZ09,1,7.697548964662066
TNSZ01,BDSZ03,1,10.217035525217423
TNSZ01,BDSZ04,2,12.549098079465058
TNSZ01,BKSZ01,1,9.656403284024641
TNSZ01,BMSZ06,1,2.442105373364054
TNSZ01,BMSZ16,1,4.526518549665895
TNSZ01,BPSZ05,2,9.453990628752813
TNSZ01,BSSZ01,1,4.949979267570858
TNSZ01,BTSZ01,1,6.448324916739024
TNSZ01,BTSZ03,1,4.745273099221191
TNSZ01,BTSZ06,1,2.8510100432701733
TNSZ01,BTSZ07,1,3.0708241600259822
TNSZ01,CLSZ04,1,6.399099492356844
TNSZ01,DTSZ01,1,3.8826902698551797
TNSZ01,DTSZ11,1,5.269109574203023
TNSZ01,GLSZ01,1,5.905328876642555
TNSZ01,GLSZ05,1,8.232263707618511
TNSZ01,JESZ03,1,9.086287930695205
TNSZ01,JWSZ08,1,14.792310139317253
TNSZ01,KLSZ01,1,4.270536606788164
TNSZ01,MSSZ01,2,5.89808351589377
TNSZ01,NTSZ03,1,1.6024389990832886
TNSZ01,NVSZ01,1,3.240034614383907
TNSZ01,NVSZ02,4,2.0952290423453896
TNSZ01,ORSZ02,1,1.3132497057321622
TNSZ01,OTSZ04,1,4.1248463904933494
TNSZ01,RVSZ01,1,1.385104169646387
TNSZ01,SBSZ03,1,14.75287227615091
TNSZ01,SESZ03,1,11.881477876856719
TNSZ01,SGSZ03,1,8.659462703990089
TNSZ01,SGSZ06,1,6.687072823979327
TNSZ01,SGSZ07,1,6.894363831763458
TNSZ01,SRSZ01,1,2.880760708089689
TNSZ01,SRSZ02,1,3.5117609830858347
TNSZ01,TNSZ04,1,1.2716316706405122
TNSZ01,TPSZ01,1,3.486873188596565
TNSZ01,TPSZ02,2,3.1846357313510802
TNSZ01,WDSZ04,1,13.298029620567563
TNSZ01,YSSZ09,1,13.061690407009491
TNSZ02,BMSZ13,1,2.7822935938273345
TNSZ02,CKSZ04,1,13.136370859881254
TNSZ02,CLSZ04,1,6.696787029885242
TNSZ02,DTSZ03,1,4.078506511849941
TNSZ02,DTSZ08,1,3.4918502782395926
TNSZ02,DTSZ09,2,3.431624609606237
TNSZ02,HGSZ07,1,9.673432414337057
TNSZ02,MUSZ03,1,2.8954275138900925
TNSZ02,NTSZ03,2,2.338629182958173
TNSZ02,ORSZ02,1,1.3779624604903913
TNSZ02,ORSZ03,1,1.7868568877584055
TNSZ02,OTSZ01,1,2.187370045650314
TNSZ02,OTSZ02,1,2.531555440957877
TNSZ02,OTSZ04,1,2.9655694993849533
TNSZ02,QTSZ10,2,4.933482603214413
TNSZ02,RVSZ03,1,1.1893009464048185
TNSZ02,TNSZ02,1,0.0
TNSZ02,TPSZ01,1,5.189066699996204
TNSZ02,WDSZ02,1,16.27481212890313
TNSZ02,WDSZ03,1,16.212698129759087
TNSZ02,YSSZ04,1,13.59668713664795
TNSZ03,BMSZ04,1,2.7515660080477264
TNSZ03,BPSZ04,1,9.17600858356063
TNSZ03,BTSZ06,1,2.697576593945269
TNSZ03,GLSZ04,1,8.108126369530511
TNSZ03,HGSZ03,1,12.524860173467552
TNSZ03,JWSZ08,1,13.743632054974048
TNSZ03,JWSZ09,1,12.825454577954652
TNSZ03,ORSZ02,2,2.3554872595482705
TNSZ03,QTSZ01,2,2.793602847556507
TNSZ03,QTSZ08,1,2.3396523152383133
TNSZ03,QTSZ11,1,3.9625651174093357
TNSZ03,SESZ03,1,13.709987303759517
TNSZ03,SESZ06,1,12.503024633282834
TNSZ03,TMSZ03,1,14.718309621070158
TNSZ03,TPSZ02,1,5.026805494049323
TNSZ04,BDSZ04,1,13.795131698827664
TNSZ04,BDSZ06,1,14.651450512734659
TNSZ04,BDSZ07,1,12.720247263412897
TNSZ04,BMSZ04,1,3.7321611381439888
TNSZ04,BMSZ07,1,3.034253982750997
TNSZ04,BMSZ08,1,3.2436497425319732
TNSZ04,BMSZ11,1,4.335509582489311
TNSZ04,BPSZ01,1,9.860599022437796
TNSZ04,BPSZ02,1,9.506324311544684
TNSZ04,BPSZ05,1,8.572249934626104
TNSZ04,BSSZ01,2,5.250592624280305
TNSZ04,BSSZ02,1,5.672201594034852
TNSZ04,BSSZ03,2,5.932431432246732
TNSZ04,BTSZ01,3,5.279231030204021
TNSZ04,BTSZ06,1,1.7599796825668625
TNSZ04,CKSZ06,1,11.99419047514021
TNSZ04,CLSZ03,1,6.288890472858309
TNSZ04,CLSZ04,1,5.127537018020855
TNSZ04,DTSZ02,1,5.10514311177148
TNSZ04,DTSZ03,1,5.782309494234707
TNSZ04,DTSZ09,1,5.6505813096321065
TNSZ04,DTSZ11,1,6.163159944875123
TNSZ04,DTSZ12,1,6.1455903294713945
TNSZ04,JESZ05,1,8.077399106725654
TNSZ04,JWSZ04,1,10.436144922567271
TNSZ04,JWSZ08,1,13.540561075631281
TNSZ04,ORSZ02,3,2.410738688103401
TNSZ04,QTSZ02,1,2.134526636670816
TNSZ04,QTSZ03,1,1.8046436454781936
TNSZ04,QTSZ08,3,3.035995237552461
TNSZ04,QTSZ11,2,4.5370292655279085
TNSZ04,QTSZ13,2,4.795462750700254
TNSZ04,QTSZ15,1,5.920251950483428
TNSZ04,RCSZ01,1,4.398121305501452
TNSZ04,SESZ04,1,12.276012344173719
TNSZ04,SGSZ03,1,9.452453332748512
TNSZ04,SGSZ04,1,8.020569356547174
TNSZ04,SGSZ06,2,7.66248915195943
TNSZ04,TPSZ02,4,4.186224649514395
TNSZ04,TPSZ12,1,8.092080047867524
TNSZ04,WDSZ05,1,13.313874894352017
TNSZ04,YSSZ03,1,13.143654977339054
TPSZ01,AMSZ01,2,3.694647867426069
TPSZ01,AMSZ12,1,5.010774340468308
TPSZ01,BKSZ07,1,10.19888031755533
TPSZ01,BKSZ09,1,9.302518116343462
TPSZ01,BMSZ06,1,5.812886126861127
TPSZ01,BMSZ07,1,6.840699063714416
TPSZ01,BMSZ17,1,8.315640077694649
TPSZ01,BPSZ01,1,10.394323323662796
TPSZ01,BPSZ02,1,9.849642407087028
TPSZ01,BSSZ01,3,2.2389513857650347
TPSZ01,BSSZ02,1,1.641714029110232
TPSZ01,BSSZ03,6,1.6628552692300111
TPSZ01,BTSZ02,1,5.502104676295939
TPSZ01,BTSZ07,1,5.606162117112785
TPSZ01,CHSZ03,2,17.717296103773446
TPSZ01,CKSZ03,1,11.605824747419055
TPSZ01,CKSZ06,1,12.430217574349014
TPSZ01,DTSZ01,3,4.8021958424123765
TPSZ01,DTSZ02,1,5.429321308474934
TPSZ01,DTSZ03,1,5.70446811951726
TPSZ01,DTSZ05,3,6.332672630345533
TPSZ01,DTSZ11,1,7.241041275888313
TPSZ01,GLSZ03,2,6.196165018560949
TPSZ01,GLSZ05,2,6.785591127545226
TPSZ01,HGSZ06,1,5.022864860128616
TPSZ01,JESZ02,1,11.445627922184688
TPSZ01,JWSZ04,1,13.419957721882195
TPSZ01,JWSZ08,1,16.340394684985547
TPSZ01,KLSZ02,1,3.759718410738539
TPSZ01,KLSZ07,1,3.0647360877504792
TPSZ01,KLSZ08,2,3.8972449985907724
TPSZ01,LKSZ01,1,16.94822525090153
TPSZ01,NVSZ01,1,1.9049923646576419
TPSZ01,NVSZ02,6,2.479827590220264
TPSZ01,ORSZ02,7,3.9764216624837263
TPSZ01,ORSZ03,2,4.328120561240866
TPSZ01,OTSZ03,2,6.669779473684592
TPSZ01,OTSZ04,1,6.201160948041163
TPSZ01,QTSZ08,2,7.300206098149752
TPSZ01,QTSZ10,1,7.997557799073477
TPSZ01,QTSZ11,2,8.739328236642596
TPSZ01,RCSZ10,1,4.646192750202342
TPSZ01,SBSZ01,1,12.017715879635636
TPSZ01,SESZ04,1,8.031691068145346
TPSZ01,SESZ06,1,7.254464764982212
TPSZ01,SGSZ04,2,3.751475524831655
TPSZ01,SGSZ05,1,2.5638670799029946
TPSZ01,TNSZ01,1,3.486873188596565
TPSZ01,TNSZ02,1,5.189066699996204
TPSZ01,TPSZ01,4,0.0
TPSZ01,TPSZ02,3,0.9338053167884945
TPSZ01,TPSZ03,3,0.8691238760750586
TPSZ01,TPSZ06,2,1.900206871642527
TPSZ01,WDSZ02,2,12.441109693854242
TPSZ01,WDSZ04,1,11.296464264521488
TPSZ01,YSSZ01,1,9.660763835828716
TPSZ01,YSSZ05,1,7.703400221366839
TPSZ01,YSSZ06,1,7.115719034405425
TPSZ01,YSSZ09,2,10.21348607188509
TPSZ02,AMSZ01,3,4.463039102140407
TPSZ02,AMSZ02,4,4.546288431833153
TPSZ02,AMSZ08,2,6.334172658549698
TPSZ02,AMSZ10,2,5.886745936113033
TPSZ02,AMSZ12,1,5.711600901778066
TPSZ02,BDSZ02,1,8.969346714397549
TPSZ02,BDSZ03,1,7.788744497305076
TPSZ02,BDSZ04,1,10.01175911084826
TPSZ02,BDSZ05,2,8.510159299485238
TPSZ02,BDSZ06,2,11.028620243192444
TPSZ02,BKSZ02,1,11.394100344444226
TPSZ02,BKSZ07,1,10.760836761660398
TPSZ02,BLSZ02,1,15.3969068504153
TPSZ02,BMSZ02,1,6.400384301307358
TPSZ02,BMSZ03,1,5.942387603938477
TPSZ02,BMSZ04,1,5.809604556246256
TPSZ02,BMSZ08,1,5.714806382196354
TPSZ02,BMSZ09,2,5.080716264546427
TPSZ02,BMSZ17,1,7.55667819061604
TPSZ02,BPSZ03,1,10.140169160160886
TPSZ02,BSSZ01,4,3.1724755752781033
TPSZ02,BSSZ02,2,2.4181083072539438
TPSZ02,BSSZ03,9,2.0640937718720638
TPSZ02,CHSZ02,1,15.193749227321929
TPSZ02,CHSZ03,1,17.309823676463257
TPSZ02,CKSZ01,2,11.497633105123192
TPSZ02,CKSZ03,1,12.386478986568266
TPSZ02,CKSZ05,1,12.896090990080097
TPSZ02,CLSZ04,2,8.935046298013258
TPSZ02,DTSZ01,3,3.888300615750253
TPSZ02,DTSZ02,2,4.541306791911997
TPSZ02,DTSZ03,6,4.785765176001042
TPSZ02,DTSZ05,11,5.46832811275028
TPSZ02,DTSZ06,1,5.323849166845447
TPSZ02,DTSZ08,3,6.012836983860304
TPSZ02,DTSZ09,1,6.311045648352515
TPSZ02,DTSZ11,5,6.374750384603541
TPSZ02,GLSZ01,1,3.433278613688697
TPSZ02,GLSZ02,2,4.398591294955922
TPSZ02,GLSZ04,5,4.642002421735385
TPSZ02,GLSZ05,3,6.076937864147339
TPSZ02,HGSZ01,1,6.520082057225539
TPSZ02,HGSZ07,1,5.255811500387124
TPSZ02,HGSZ09,1,5.927146451898696
TPSZ02,JESZ02,1,11.942050077137203
TPSZ02,JWSZ04,1,13.873257516276379
TPSZ02,JWSZ09,2,16.017202835342697
TPSZ02,KLSZ01,3,2.1117910162603746
TPSZ02,KLSZ02,2,2.9618709056239894
TPSZ02,KLSZ03,1,3.5293024294185247
TPSZ02,KLSZ07,1,2.159608026975678
TPSZ02,KLSZ08,2,2.9929065573954228
TPSZ02,KLSZ09,1,4.062567084130017
TPSZ02,MUSZ01,3,3.7584643865325513
TPSZ02,NTSZ03,2,2.4814254068402755
TPSZ02,NVSZ01,2,0.9734769421077302
TPSZ02,NVSZ02,10,1.7042808276546735
TPSZ02,ORSZ02,7,3.3789850370029795
TPSZ02,ORSZ03,1,3.5929865094989615
TPSZ02,OTSZ01,1,5.279977631706057
TPSZ02,OTSZ03,3,5.862357669804293
TPSZ02,PLSZ05,2,7.781401368844984
TPSZ02,PNSZ01,1,18.521658316958554
TPSZ02,PRSZ03,1,12.151958276026171
TPSZ02,QTSZ03,1,5.979245065258321
TPSZ02,QTSZ04,1,6.494413439240801
TPSZ02,QTSZ08,5,7.204328510366785
TPSZ02,QTSZ09,2,8.007202018401934
TPSZ02,QTSZ11,2,8.722457060533003
TPSZ02,SBSZ03,2,13.029702387211652
TPSZ02,SESZ02,1,8.967493557312691
TPSZ02,SGSZ03,2,5.5511905848957275
TPSZ02,SGSZ05,1,2.601766149976301
TPSZ02,SGSZ06,2,3.5040671156653205
TPSZ02,SRSZ02,2,4.7885665318509485
TPSZ02,SRSZ03,1,5.041580314350578
TPSZ02,TMSZ02,1,11.947843505570926
TPSZ02,TMSZ03,1,10.1557499318438
TPSZ02,TMSZ04,1,12.040631003287713
TPSZ02,TNSZ01,2,3.1846357313510802
TPSZ02,TNSZ04,2,4.186224649514395
TPSZ02,TPSZ01,5,0.9338053167884945
TPSZ02,TPSZ02,7,0.0
TPSZ02,TPSZ03,4,0.965516492332505
TPSZ02,TPSZ04,7,0.8358827334321068
TPSZ02,TPSZ05,1,1.538114178814763
TPSZ02,TPSZ06,7,1.4767044789646766
TPSZ02,TPSZ07,1,1.4087287281357772
TPSZ02,TPSZ11,1,3.07391219294555
TPSZ02,TPSZ12,2,4.063500882100653
TPSZ02,WDSZ01,2,13.619001370846643
TPSZ02,WDSZ02,1,13.373565725775233
TPSZ02,WDSZ03,5,13.032087661159792
TPSZ02,WDSZ04,1,12.229871832047714
TPSZ02,WDSZ05,1,13.102045858976682
TPSZ02,WDSZ06,1,14.035204059466153
TPSZ02,WDSZ08,1,14.274603616209045
TPSZ02,YSSZ01,1,10.500321943712105
TPSZ02,YSSZ02,2,11.75946455105196
TPSZ02,YSSZ03,1,10.59280900154734
TPSZ02,YSSZ04,1,9.58582391936038
TPSZ02,YSSZ08,1,9.685062477131137
TPSZ02,YSSZ09,1,11.078260837309916
TPSZ03,AMSZ01,1,3.597216694303244
TPSZ03,AMSZ02,1,3.612602781272022
TPSZ03,AMSZ03,2,2.7227174990409604
TPSZ03,BDSZ01,1,6.688885352502466
TPSZ03,BDSZ03,2,7.544299482359554
TPSZ03,BDSZ04,1,9.673095002414067
TPSZ03,BKSZ03,1,12.053928169548506
TPSZ03,BKSZ06,1,11.957094003315609
TPSZ03,BKSZ08,1,10.277676895030861
TPSZ03,BMSZ01,1,8.934205978040511
TPSZ03,BMSZ04,1,6.773947972434418
TPSZ03,BMSZ05,1,6.963511857411335
TPSZ03,BMSZ09,1,6.043535321901974
TPSZ03,BSSZ03,3,1.1000649029031944
TPSZ03,BTSZ01,1,8.679641505989789
TPSZ03,CHSZ02,1,14.596018810749182
TPSZ03,CKSZ02,1,12.105633163452488
TPSZ03,CLSZ01,1,10.41247396690102
TPSZ03,CLSZ04,2,9.521924231431584
TPSZ03,DTSZ02,5,5.363542537288935
TPSZ03,DTSZ03,2,5.529667455177167
TPSZ03,DTSZ05,2,6.319934094121126
TPSZ03,DTSZ11,1,7.219541785673189
TPSZ03,DTSZ12,1,6.438032018709329
TPSZ03,GLSZ01,1,3.370706191460035
TPSZ03,GLSZ05,2,6.021418320572102
TPSZ03,HGSZ06,1,4.259535721422967
TPSZ03,HGSZ08,1,4.2423933118856585
TPSZ03,JESZ05,1,11.913754955992149
TPSZ03,JWSZ02,1,15.401425277058332
TPSZ03,KLSZ01,1,2.452561666995805
TPSZ03,MPSZ02,1,6.932887882963793
TPSZ03,MUSZ01,3,4.661513761809821
TPSZ03,MUSZ03,1,4.924922136300767
TPSZ03,NVSZ01,1,1.6787968573015417
TPSZ03,NVSZ02,3,2.654822256613516
TPSZ03,NVSZ03,1,2.6024266674549557
TPSZ03,ORSZ01,1,4.77206307463142
TPSZ03,ORSZ03,2,4.54189674839995
TPSZ03,OTSZ03,2,6.766924666370156
TPSZ03,PGSZ04,1,9.126440545691352
TPSZ03,PGSZ05,1,9.901591332041905
TPSZ03,PRSZ05,1,12.607404817207538
TPSZ03,QTSZ06,1,7.345398364267579
TPSZ03,QTSZ12,2,8.84228548130822
TPSZ03,RCSZ10,3,4.560777331024043
TPSZ03,SBSZ01,1,12.064003636773679
TPSZ03,SESZ03,1,7.798440297695347
TPSZ03,SESZ04,1,7.436524989368833
TPSZ03,SGSZ06,2,2.679937764637681
TPSZ03,SRSZ01,1,5.650875249962959
TPSZ03,TNSZ04,1,4.993025179025489
TPSZ03,TPSZ01,1,0.8691238760750586
TPSZ03,TPSZ02,2,0.965516492332505
TPSZ03,TPSZ03,4,0.0
TPSZ03,TPSZ06,4,1.0848818614084275
TPSZ03,TPSZ07,3,1.3912345289834218
TPSZ03,TPSZ09,1,1.96826885283204
TPSZ03,TPSZ11,3,2.791988838417711
TPSZ03,TSSZ03,1,22.102705259259515
TPSZ03,WDSZ02,1,12.794328940747796
TPSZ03,WDSZ03,1,12.388913424036188
TPSZ03,WDSZ05,1,12.638682388682572
TPSZ03,WDSZ06,1,13.554328213728018
TPSZ03,WDSZ09,1,14.440855551347669
TPSZ03,YSSZ01,1,9.672649313681282
TPSZ04,AMSZ01,3,4.22685805297077
TPSZ04,AMSZ02,2,4.165510198642555
TPSZ04,AMSZ05,1,3.983840050732063
TPSZ04,AMSZ12,1,5.359945013608265
TPSZ04,BDSZ02,1,8.165626470341262
TPSZ04,BDSZ05,1,7.830745072673285
TPSZ04,BMSZ05,3,6.505686432532838
TPSZ04,BMSZ07,1,7.1784640461188465
TPSZ04,BMSZ12,1,7.696487050065213
TPSZ04,BSSZ01,2,3.394624964515538
TPSZ04,BTSZ01,1,9.061249725598456
TPSZ04,CHSZ02,1,14.361674068838681
TPSZ04,CHSZ03,2,16.504108196492812
TPSZ04,CKSZ06,1,13.761525674128055
TPSZ04,CLSZ03,1,10.793834055318179
TPSZ04,DTSZ02,2,4.762813697742243
TPSZ04,DTSZ08,1,6.313553936519013
TPSZ04,GLSZ05,2,5.43424394506607
TPSZ04,HGSZ02,1,6.310818010972888
TPSZ04,HGSZ07,1,4.435988613782015
TPSZ04,JWSZ08,1,17.610963331573963
TPSZ04,KLSZ02,1,2.441563821600723
TPSZ04,KLSZ05,1,4.619280559248212
TPSZ04,KLSZ06,1,2.8021042825331812
TPSZ04,KLSZ07,1,2.4165763220756897
TPSZ04,KLSZ08,2,2.732751581202559
TPSZ04,KLSZ09,1,4.0206424943046875
TPSZ04,MPSZ02,1,6.303870385368385
TPSZ04,NVSZ02,2,2.26468802733303
TPSZ04,ORSZ02,6,4.0278881839693295
TPSZ04,OTSZ03,1,6.236023864108706
TPSZ04,OTSZ04,1,5.698918751949845
TPSZ04,PLSZ03,1,7.6706262579994196
TPSZ04,QTSZ08,1,8.024817229403833
TPSZ04,QTSZ11,1,9.552000835493686
TPSZ04,QTSZ13,1,9.746179152121908
TPSZ04,RCSZ01,1,2.9044450119652874
TPSZ04,RCSZ02,1,3.1694497622198834
TPSZ04,SGSZ04,2,3.409650311073797
TPSZ04,SLSZ01,1,8.701481115818938
TPSZ04,SRSZ02,1,5.164342996287454
TPSZ04,TPSZ02,8,0.8358827334321068
TPSZ04,TPSZ04,3,0.0
TPSZ04,TPSZ06,8,0.6423106719921827
TPSZ04,TPSZ08,1,1.5675096635651793
TPSZ04,TPSZ12,2,3.2598091345521736
TPSZ04,WDSZ02,1,13.493064675756521
TPSZ04,WDSZ03,1,13.08235597672528
TPSZ05,AMSZ01,2,3.7260009593555963
TPSZ05,AMSZ02,1,3.5557055444055927
TPSZ05,AMSZ09,1,4.8753689820930015
TPSZ05,BDSZ03,1,6.745337938856503
TPSZ05,BDSZ04,1,8.849765675435894
TPSZ05,BMSZ05,1,7.243871817047468
TPSZ05,BMSZ13,1,8.929439295023258
TPSZ05,BMSZ17,1,8.701133272664267
TPSZ05,BSSZ02,1,2.0222166307092877
TPSZ05,BTSZ01,1,9.514849879186327
TPSZ05,CHSZ03,1,16.013408356298484
TPSZ05,CLSZ06,1,10.931254899114242
TPSZ05,DTSZ02,1,5.404370489767916
TPSZ05,DTSZ03,1,5.4594616078461815
TPSZ05,DTSZ08,1,6.98072074882641
TPSZ05,DTSZ11,1,7.269151076617466
TPSZ05,DTSZ12,1,6.400625193965694
TPSZ05,GLSZ01,1,2.6951602100020065
TPSZ05,HGSZ07,1,3.7286966554312344
TPSZ05,JWSZ06,1,17.726933137707285
TPSZ05,OTSZ03,2,6.934946170309496
TPSZ05,QTSZ11,1,10.245508208355641
TPSZ05,QTSZ14,1,9.888125678833369
TPSZ05,RCSZ10,1,4.605650486156474
TPSZ05,TMSZ03,1,8.806481235961805
TPSZ05,TMSZ05,1,12.51634869275058
TPSZ05,TPSZ02,1,1.538114178814763
TPSZ05,TPSZ06,1,0.4844412425558235
TPSZ05,TPSZ08,1,1.0270011751539834
TPSZ05,WCSZ01,1,19.162512189808655
TPSZ05,WDSZ04,1,12.104495832343254
TPSZ06,AMSZ01,6,4.210093513075454
TPSZ06,AMSZ02,1,4.025979616026295
TPSZ06,AMSZ03,1,3.072644819808978
TPSZ06,AMSZ08,1,6.4998571531774
TPSZ06,AMSZ10,1,5.595327098627979
TPSZ06,AMSZ12,1,5.222884085136152
TPSZ06,BDSZ03,2,6.475660536201384
TPSZ06,BDSZ04,1,8.63497050558668
TPSZ06,BKSZ03,1,13.10672079645523
TPSZ06,BKSZ05,2,10.732787097157471
TPSZ06,BMSZ06,3,6.530718291777953
TPSZ06,BMSZ07,1,7.728188779491851
TPSZ06,BMSZ17,1,8.310076269116433
TPSZ06,BSSZ01,8,3.7352266707219957
TPSZ06,BSSZ03,2,1.5770906007752055
TPSZ06,BTSZ05,1,5.614362844852784
TPSZ06,CCSZ01,1,7.771082889193569
TPSZ06,CKSZ03,1,13.450043810368014
TPSZ06,CLSZ03,1,11.431108516485171
TPSZ06,CLSZ04,1,10.400187967270348
TPSZ06,CLSZ07,1,10.677071337625495
TPSZ06,CLSZ09,1,12.005294966981786
TPSZ06,DTSZ02,2,4.96888586744317
TPSZ06,DTSZ03,1,4.99855084120839
TPSZ06,DTSZ05,2,5.961255650301703
TPSZ06,DTSZ07,1,6.536045801508641
TPSZ06,DTSZ11,1,6.830515572741459
TPSZ06,GLSZ01,1,2.29582785484864
TPSZ06,GLSZ02,1,3.136688062289054
TPSZ06,GLSZ03,3,4.295962389457308
TPSZ06,GLSZ04,1,3.7246496668602163
TPSZ06,GLSZ05,1,4.938649673584462
TPSZ06,HGSZ01,2,5.168096011005154
TPSZ06,HGSZ06,1,3.804379878261559
TPSZ06,JWSZ03,1,15.35816217086881
TPSZ06,JWSZ08,1,18.220759989102113
TPSZ06,JWSZ09,1,17.402244479187686
TPSZ06,KLSZ01,2,1.6618501323706318
TPSZ06,KLSZ07,2,2.7273307036496455
TPSZ06,KLSZ08,1,2.638674164905226
TPSZ06,KLSZ09,1,4.048095719196965
TPSZ06,MPSZ01,1,5.332551048078959
TPSZ06,MUSZ01,1,4.47490114676916
TPSZ06,NVSZ01,6,1.507870345245103
TPSZ06,NVSZ02,6,2.7588056334035747
TPSZ06,ORSZ02,2,4.53650174332677
TPSZ06,PGSZ03,1,8.481919997752192
TPSZ06,PGSZ04,3,8.704054338998672
TPSZ06,PLSZ04,1,4.616805252691166
TPSZ06,PRSZ03,2,10.677468753736116
TPSZ06,QTSZ04,2,7.933811564437317
TPSZ06,QTSZ08,1,8.645147546048486
TPSZ06,QTSZ11,2,10.181295360390092
TPSZ06,QTSZ14,1,9.691869558121413
TPSZ06,RCSZ01,2,3.15507107251962
TPSZ06,RCSZ03,1,3.463691642351475
TPSZ06,SBSZ01,1,12.67596857357909
TPSZ06,SBSZ03,1,13.003310524317325
TPSZ06,SBSZ06,1,13.774016458604951
TPSZ06,SESZ02,1,7.651670645565082
TPSZ06,SESZ03,7,7.484384499628202
TPSZ06,SESZ05,2,6.385825897000962
TPSZ06,SGSZ04,2,3.0211123125546546
TPSZ06,SGSZ06,1,2.179224657320884
TPSZ06,SGSZ07,2,2.3204062272542165
TPSZ06,SRSZ01,1,5.597516918055273
TPSZ06,SRSZ02,1,5.474056824478422
TPSZ06,TMSZ04,2,10.613447399162064
TPSZ06,TPSZ01,3,1.900206871642527
TPSZ06,TPSZ02,4,1.4767044789646766
TPSZ06,TPSZ03,3,1.0848818614084275
TPSZ06,TPSZ04,3,0.6423106719921827
TPSZ06,TPSZ05,1,0.4844412425558235
TPSZ06,TPSZ06,2,0.0
TPSZ06,TPSZ07,3,0.5451329009361701
TPSZ06,TPSZ09,1,0.8855224732040452
TPSZ06,TPSZ12,1,2.6369128866485534
TPSZ06,TSSZ03,1,23.07808107921001
TPSZ06,WDSZ02,3,13.675187563860117
TPSZ06,WDSZ03,3,13.214129704854445
TPSZ06,WDSZ04,1,12.572399663731021
TPSZ06,WDSZ05,1,13.599998126994562
TPSZ06,WDSZ06,1,14.503376217099476
TPSZ06,YSSZ04,1,9.370800142186317
TPSZ06,YSSZ09,3,10.930364173849584
TPSZ07,AMSZ02,1,4.567744096307257
TPSZ07,BDSZ01,1,5.675918278254128
TPSZ07,BDSZ05,1,7.127475028667871
TPSZ07,BSSZ03,2,2.090162196886959
TPSZ07,BTSZ03,1,8.340824685878308
TPSZ07,DTSZ01,1,3.6522319625056068
TPSZ07,DTSZ05,1,5.422721332694024
TPSZ07,DTSZ08,3,6.019457439948945
TPSZ07,HGSZ07,1,4.166461586829326
TPSZ07,JESZ06,1,12.304755043725967
TPSZ07,KLSZ02,1,1.722149351415319
TPSZ07,KLSZ06,1,2.343109892247076
TPSZ07,KLSZ09,1,3.508943818461647
TPSZ07,MPSZ02,1,5.576441633218661
TPSZ07,NVSZ01,1,1.099804979383132
TPSZ07,ORSZ03,1,4.062761880829089
TPSZ07,OTSZ03,1,6.007332131858833
TPSZ07,PLSZ04,1,4.834676756611053
TPSZ07,QTSZ10,1,9.327329211876995
TPSZ07,QTSZ11,2,9.953560056793552
TPSZ07,QTSZ14,1,9.3328039746534
TPSZ07,SGSZ02,1,4.818268412377227
TPSZ07,SGSZ06,1,2.6285156883266594
TPSZ07,TPSZ02,2,1.4087287281357772
TPSZ07,TPSZ03,3,1.3912345289834218
TPSZ07,TPSZ06,3,0.5451329009361701
TPSZ07,TPSZ07,1,0.0
TPSZ07,TPSZ12,1,2.6849526815391127
TPSZ07,YSSZ04,1,9.900802318545983
TPSZ08,AMSZ03,1,2.942769249483843
TPSZ08,BSSZ01,1,4.259739127929802
TPSZ08,CKSZ03,1,14.10677388901357
TPSZ08,DTSZ03,1,5.4076385322503535
TPSZ08,DTSZ05,1,6.488740290996934
TPSZ08,DTSZ08,2,7.0965711752099105
TPSZ08,DTSZ11,2,7.321204076956524
TPSZ08,JWSZ03,1,16.18156495184289
TPSZ08,KLSZ01,2,2.0436425131555174
TPSZ08,KLSZ02,1,2.092227422735224
TPSZ08,KLSZ07,1,3.425047486847082
TPSZ08,LKSZ01,1,19.198658852528663
TPSZ08,NTSZ03,1,4.415538282244544
TPSZ08,OTSZ03,2,7.13635600518401
TPSZ08,PGSZ05,1,8.68003127661452
TPSZ08,PNSZ01,1,20.825362035892073
TPSZ08,QTSZ01,1,9.341211543082025
TPSZ08,QTSZ11,1,11.108172445591403
TPSZ08,SESZ02,1,6.819401867763716
TPSZ08,SESZ04,1,6.562911125582638
TPSZ08,TMSZ03,1,7.799973568800109
TPSZ08,TPSZ04,1,1.5675096635651793
TPSZ08,TPSZ08,1,0.0
TPSZ08,TPSZ11,1,1.1101098042322077
TPSZ09,AMSZ01,1,4.886929498872527
TPSZ09,BDSZ01,1,4.890401539809183
TPSZ09,BKSZ06,1,13.809379079576438
TPSZ09,BMSZ01,1,9.201690946459546
TPSZ09,BMSZ12,1,8.498247903793109
TPSZ09,BMSZ17,1,8.187356735084004
TPSZ09,BPSZ04,1,11.274633403831272
TPSZ09,BPSZ05,1,12.03444059283542
TPSZ09,BSSZ01,1,4.608828919421171
TPSZ09,BTSZ05,1,6.381982803521905
TPSZ09,CKSZ03,1,14.333043142806183
TPSZ09,DTSZ01,1,3.9190787255396873
TPSZ09,DTSZ02,1,4.724872115958699
TPSZ09,DTSZ03,2,4.628841607213284
TPSZ09,DTSZ05,1,5.722049276453792
TPSZ09,DTSZ07,1,6.358354046934999
TPSZ09,DTSZ08,2,6.3315139595251
TPSZ09,DTSZ11,2,6.547699948045994
TPSZ09,GLSZ01,3,1.4139584299688421
TPSZ09,GLSZ04,1,2.872795064447056
TPSZ09,HGSZ05,1,5.618893303867885
TPSZ09,JESZ05,1,13.668828790908233
TPSZ09,JESZ06,1,13.089310650552425
TPSZ09,JESZ08,1,13.765018875136592
TPSZ09,KLSZ01,3,1.2781299803671196
TPSZ09,KLSZ03,1,2.151987763524745
TPSZ09,KLSZ06,1,2.5755926390047383
TPSZ09,KLSZ08,1,2.1104212264013995
TPSZ09,MUSZ01,1,4.431721085270301
TPSZ09,NVSZ02,1,3.061397399142009
TPSZ09,ORSZ01,1,5.428933337630191
TPSZ09,ORSZ02,1,4.79483025353926
TPSZ09,OTSZ03,4,6.387409693629436
TPSZ09,OTSZ04,1,5.79950432783869
TPSZ09,PGSZ03,1,8.492995003775375
TPSZ09,PGSZ04,1,8.5286298611793
TPSZ09,QTSZ08,2,9.148981627308787
TPSZ09,RCSZ01,2,3.0518198169006183
TPSZ09,SBSZ01,1,13.282082342664015
TPSZ09,SESZ03,2,7.4204999508979075
TPSZ09,SGSZ04,3,3.3024682758148685
TPSZ09,SGSZ06,6,2.204579948905714
TPSZ09,SRSZ02,2,5.369442581533198
TPSZ09,TPSZ02,1,2.185432439799288
TPSZ09,TPSZ06,2,0.8855224732040452
TPSZ09,TPSZ09,3,0.0
TPSZ09,TPSZ11,2,0.8884845055335214
TPSZ10,BPSZ05,1,12.690050471435642
TPSZ10,BSSZ03,1,2.624620392641701
TPSZ10,DTSZ03,1,5.732417495801761
TPSZ10,DTSZ05,1,6.913719547450597
TPSZ10,DTSZ11,1,7.694544586642889
TPSZ10,GLSZ04,1,3.1147845228354956
TPSZ10,GLSZ05,1,3.7395418818369777
TPSZ10,QTSZ12,1,11.074561435032033
TPSZ10,SBSZ08,1,15.792349282563789
TPSZ10,SESZ03,1,6.157212530211085
TPSZ10,SGSZ06,2,1.325651271779934
TPSZ10,TMSZ03,1,6.831096392749669
TPSZ10,TPSZ10,2,0.0
TPSZ11,AMSZ10,1,6.564241535384367
TPSZ11,BDSZ05,1,5.592999817040686
TPSZ11,BKSZ01,1,13.518621720701221
TPSZ11,BMSZ01,1,9.800675842259215
TPSZ11,BMSZ17,2,8.593726496667239
TPSZ11,BSSZ02,1,3.9640961232849614
TPSZ11,BTSZ06,1,8.059325335038299
TPSZ11,CLSZ08,1,12.75459328617796
TPSZ11,DTSZ01,1,4.267764245544202
TPSZ11,DTSZ02,1,5.077200722086659
TPSZ11,DTSZ03,1,4.856762979870639
TPSZ11,DTSZ06,1,5.705573948981574
TPSZ11,DTSZ10,1,7.413871600267548
TPSZ11,DTSZ11,3,6.823184432154651
TPSZ11,DTSZ12,1,5.799032670355097
TPSZ11,GLSZ02,1,1.4432282980167068
TPSZ11,GLSZ05,1,3.292544307707664
TPSZ11,HGSZ03,1,5.467840669638804
TPSZ11,HGSZ07,1,2.9919656725820243
TPSZ11,KLSZ01,2,1.7955692744684348
TPSZ11,KLSZ07,1,3.383147444494971
TPSZ11,KLSZ08,1,2.3170256468324646
TPSZ11,MUSZ01,2,4.963756306700567
TPSZ11,MUSZ03,3,4.91613109771124
TPSZ11,NVSZ02,2,3.8398012616514823
TPSZ11,NVSZ05,1,4.965684582462381
TPSZ11,ORSZ03,2,5.2578348390815215
TPSZ11,OTSZ03,1,6.7959726666536
TPSZ11,PGSZ04,1,8.013351911817578
TPSZ11,PNSZ02,2,22.85321962879246
TPSZ11,PNSZ03,1,20.865877796311697
TPSZ11,QTSZ13,1,11.618642901184186
TPSZ11,QTSZ14,1,10.745468077018943
TPSZ11,RCSZ01,2,3.590113290625221
TPSZ11,RCSZ10,1,4.383695387195401
TPSZ11,SGSZ04,2,3.3686332191001673
TPSZ11,SGSZ06,2,2.135600560420335
TPSZ11,SRSZ03,1,5.83511236017063
TPSZ11,TPSZ02,1,3.07391219294555
TPSZ11,TPSZ03,3,2.791988838417711
TPSZ12,AMSZ01,1,5.635912715278379
TPSZ12,BDSZ02,1,4.906869681187716
TPSZ12,BDSZ04,3,6.008409095329712
TPSZ12,BMSZ03,1,9.061811625551746
TPSZ12,BMSZ04,1,8.498453736554618
TPSZ12,BMSZ05,2,8.25169328111352
TPSZ12,BTSZ01,2,12.313870049610664
TPSZ12,CKSZ02,1,15.710188743303744
TPSZ12,DTSZ02,1,5.88393151746305
TPSZ12,DTSZ03,1,5.5741055459075675
TPSZ12,DTSZ05,1,6.83312839402159
TPSZ12,DTSZ11,1,7.546109074781024
TPSZ12,GLSZ02,1,1.0749301766649353
TPSZ12,GLSZ03,2,1.764517240656867
TPSZ12,GLSZ04,6,2.466515187466827
TPSZ12,GLSZ05,3,2.8196448142067383
TPSZ12,HGSZ04,1,4.129030506388584
TPSZ12,HGSZ06,2,2.9337548784755425
TPSZ12,HGSZ07,1,2.2995979464119514
TPSZ12,HGSZ08,1,0.9914536425467532
TPSZ12,JWSZ05,1,18.80192682295901
TPSZ12,JWSZ08,1,20.855892587376342
TPSZ12,JWSZ09,1,20.03895426054678
TPSZ12,KLSZ01,1,2.782036943971218
TPSZ12,MPSZ03,1,4.68974374204161
TPSZ12,NTSZ03,1,5.6010150333669575
TPSZ12,NVSZ02,1,4.870988521513181
TPSZ12,ORSZ02,1,6.530396464924489
TPSZ12,ORSZ03,2,6.23103016794071
TPSZ12,OTSZ03,1,7.621945298996614
TPSZ12,PGSZ04,1,7.219495611184962
TPSZ12,PLSZ04,1,2.363468354949041
TPSZ12,PRSZ03,1,8.29202304125343
TPSZ12,QTSZ08,1,11.004291893982302
TPSZ12,QTSZ11,2,12.58916876766845
TPSZ12,SESZ02,1,6.207948707726495
TPSZ12,SESZ04,3,6.476698480504031
TPSZ12,SESZ06,2,6.544964796052385
TPSZ12,SGSZ03,1,4.31740834935893
TPSZ12,SGSZ05,1,2.5006490510507198
TPSZ12,SGSZ06,2,2.167929743490486
TPSZ12,TMSZ02,2,7.912519061822541
TPSZ12,TMSZ04,2,7.980717506281157
TPSZ12,TMSZ05,1,9.679895794939116
TPSZ12,TNSZ02,1,7.890468422458766
TPSZ12,TNSZ04,1,8.092080047867524
TPSZ12,TPSZ02,2,4.063500882100653
TPSZ12,TPSZ04,1,3.2598091345521736
TPSZ12,TPSZ06,2,2.6369128866485534
TPSZ12,TPSZ12,3,0.0
TPSZ12,WDSZ02,1,15.289619854493527
TPSZ12,WDSZ04,2,14.262127784674627
TPSZ12,WDSZ06,1,16.322060155455663
TPSZ12,YSSZ05,1,9.00055348349473
TPSZ12,YSSZ09,3,11.960410982248852
TSSZ02,BKSZ03,1,12.215977823591086
TSSZ02,BLSZ02,1,8.292439066675502
TSSZ02,BMSZ10,1,22.48735936818268
TSSZ02,BPSZ03,1,16.243094348468766
TSSZ02,CLSZ06,1,14.419585605662645
TSSZ02,CLSZ07,1,15.149423545534011
TSSZ02,JESZ01,1,10.91820268049769
TSSZ02,JESZ05,2,11.980885465452845
TSSZ02,JWSZ04,1,9.596519425554309
TSSZ02,JWSZ09,1,7.523434221159373
TSSZ02,SESZ04,1,29.108222121674487
TSSZ02,WDSZ02,1,21.14452060851974
TSSZ02,WDSZ09,1,20.900579767882675
TSSZ03,BKSZ03,2,10.611832787217605
TSSZ03,BKSZ04,1,11.840861074559866
TSSZ03,BKSZ05,2,12.930787812078382
TSSZ03,BMSZ10,1,20.58545382816465
TSSZ03,CKSZ03,1,12.52183151532422
TSSZ03,CKSZ06,3,13.532605835217362
TSSZ03,CLSZ04,1,12.898127127014378
TSSZ03,GLSZ05,1,27.4907014166618
TSSZ03,HGSZ05,1,26.289309432245382
TSSZ03,JESZ02,1,9.855357361329661
TSSZ03,JWSZ03,2,8.177726258945059
TSSZ03,JWSZ04,2,7.824320033654752
TSSZ03,JWSZ08,3,5.239296588024382
TSSZ03,JWSZ09,3,5.845629243365312
TSSZ03,PRSZ03,1,33.364571831484334
TSSZ03,QTSZ10,1,14.488217276180526
TSSZ03,SBSZ01,1,24.113104654865143
TSSZ03,SBSZ04,1,23.32310796945284
TSSZ03,TSSZ05,1,3.4675764901440256
TSSZ03,WDSZ02,1,20.03693551766567
TSSZ03,WDSZ03,1,21.039847328187854
TSSZ03,YSSZ09,1,23.11000071094356
TSSZ04,AMSZ02,1,24.13473775174546
TSSZ04,BDSZ04,1,32.50028516180844
TSSZ04,CKSZ04,1,12.5253529854382
TSSZ04,CLSZ06,1,13.266379225064243
TSSZ04,CLSZ08,1,13.364956301993184
TSSZ04,JESZ04,1,9.916806227147973
TSSZ04,JESZ05,2,11.101921193962054
TSSZ04,JWSZ04,1,8.778123828782958
TSSZ04,JWSZ09,7,6.90751126291903
TSSZ04,TSSZ03,1,1.2405572468443888
TSSZ05,AMSZ01,1,25.022371885099734
TSSZ05,BKSZ02,1,14.459967046970025
TSSZ05,BKSZ05,1,15.721310128096238
TSSZ05,BLSZ02,3,8.530878933528468
TSSZ05,BMSZ01,1,20.35374510055953
TSSZ05,BMSZ03,1,20.48098527190517
TSSZ05,BMSZ08,1,21.06504192752453
TSSZ05,BPSZ01,1,16.995563672928547
TSSZ05,BPSZ03,1,17.91349005115101
TSSZ05,BPSZ04,3,17.792197887131532
TSSZ05,BPSZ05,1,16.94529214699375
TSSZ05,BPSZ06,1,17.130545236679303
TSSZ05,BSSZ01,1,22.98203795145344
TSSZ05,BSSZ03,1,25.003455309889087
TSSZ05,BTSZ03,1,16.95893396758127
TSSZ05,CKSZ01,1,16.194803656938973
TSSZ05,CKSZ03,4,15.753061136702646
TSSZ05,CKSZ06,1,16.868464664178173
TSSZ05,CLSZ06,1,14.465231271889069
TSSZ05,DTSZ02,1,24.447500896137104
TSSZ05,GLSZ05,1,29.502994224388818
TSSZ05,HGSZ06,2,28.33239085423515
TSSZ05,JESZ02,3,12.505698090942252
TSSZ05,JESZ05,4,12.654941172801351
TSSZ05,JWSZ03,4,11.149474068579385
TSSZ05,JWSZ08,2,8.364682875156815
TSSZ05,JWSZ09,7,8.779176016768725
TSSZ05,KLSZ01,1,25.501778797419455
TSSZ05,KLSZ02,1,26.425747263691516
TSSZ05,NVSZ01,1,24.3463563605344
TSSZ05,PGSZ02,1,32.1375860233604
TSSZ05,PGSZ03,1,31.40335915738723
TSSZ05,PGSZ04,1,32.591206444988714
TSSZ05,PNSZ02,1,4.242418650755653
TSSZ05,PRSZ03,1,35.84156528494886
TSSZ05,QTSZ01,1,17.16059832124353
TSSZ05,QTSZ08,1,17.529518581715475
TSSZ05,SBSZ01,1,27.372648484795622
TSSZ05,SESZ03,2,31.050987971123604
TSSZ05,SESZ04,1,30.266427122770853
TSSZ05,SGSZ04,1,26.817135502678617
TSSZ05,SGSZ06,2,26.978990892452845
TSSZ05,TPSZ06,1,25.344359315313266
TSSZ05,TSSZ05,1,0.0
TSSZ05,TSSZ06,1,5.43372338836473
TSSZ05,WDSZ01,2,22.711004138563545
TSSZ05,WDSZ02,4,23.386079083941432
TSSZ05,WDSZ03,1,24.36277835939031
TSSZ05,YSSZ03,1,27.571121714003937
TSSZ05,YSSZ08,1,25.294343940901232
TSSZ05,YSSZ09,1,26.29367853883716
TSSZ06,AMSZ06,1,27.13845728889001
TSSZ06,BPSZ05,1,20.635417160177912
TSSZ06,CKSZ06,1,21.218560858828198
TSSZ06,CLSZ03,1,16.314950474359765
TSSZ06,JESZ03,1,16.213075526707698
TSSZ06,JESZ05,3,15.620590364079481
TSSZ06,JWSZ02,1,13.925445033009058
TSSZ06,JWSZ03,1,15.004561811884603
TSSZ06,JWSZ08,2,12.670922338630644
TSSZ06,JWSZ09,2,12.783566652144716
TSSZ06,PGSZ03,1,34.294456795652835
TSSZ06,RCSZ01,1,25.750612341870355
TSSZ06,SBSZ03,1,30.18925614650171
TSSZ06,SESZ06,1,31.89721012420034
TSSZ06,WDSZ03,1,28.56214313198775
TSSZ06,YSSZ09,1,30.09555402867844
WCSZ01,AMSZ02,1,18.30124076042486
WCSZ01,AMSZ05,1,16.60073536736618
WCSZ01,AMSZ09,1,16.711894885684874
WCSZ01,BDSZ01,2,24.979327805996814
WCSZ01,BDSZ04,3,27.975626199613018
WCSZ01,BDSZ05,1,26.716148147144498
WCSZ01,BKSZ02,2,6.8278503626042015
WCSZ01,BKSZ03,2,6.535441458966325
WCSZ01,BKSZ04,1,7.716325887857574
WCSZ01,BKSZ05,1,8.756646641547668
WCSZ01,BLSZ02,3,7.394530399901513
WCSZ01,BMSZ07,3,16.977300424730345
WCSZ01,BMSZ09,1,18.718490537903214
WCSZ01,BMSZ13,1,17.691598700440696
WCSZ01,BMSZ15,1,19.216134375092462
WCSZ01,BPSZ01,1,7.88055876009976
WCSZ01,BPSZ03,2,9.055665750862262
WCSZ01,BPSZ06,1,9.27682551322902
WCSZ01,BSSZ01,2,16.07808518329429
WCSZ01,BSSZ02,1,17.52230965181269
WCSZ01,BTSZ01,1,10.341829699677
WCSZ01,BTSZ02,2,12.30118739905243
WCSZ01,BTSZ07,1,13.945165820331122
WCSZ01,CKSZ01,1,7.2419419775207166
WCSZ01,CKSZ02,3,6.349306802050357
WCSZ01,CKSZ03,6,6.445375910278424
WCSZ01,CKSZ04,1,5.4446810132306025
WCSZ01,CKSZ06,6,6.791652845318785
WCSZ01,CLSZ04,1,11.155651981542745
WCSZ01,CLSZ06,1,11.277580276079084
WCSZ01,CLSZ07,1,12.312437372102481
WCSZ01,CLSZ08,1,12.035861949460505
WCSZ01,DTSZ05,1,21.003881686031853
WCSZ01,GLSZ04,2,22.8244010293081
WCSZ01,GLSZ05,1,24.297123256690377
WCSZ01,HGSZ01,1,22.468095840773472
WCSZ01,HGSZ04,3,21.825390606750478
WCSZ01,HGSZ06,1,21.33411085452914
WCSZ01,HGSZ07,1,22.06519707195548
WCSZ01,HGSZ08,1,22.407818496828675
WCSZ01,JESZ01,1,6.107237053736533
WCSZ01,JESZ05,2,8.022514303110052
WCSZ01,JESZ08,2,9.551306618066585
WCSZ01,JWSZ01,1,3.5160781292759125
WCSZ01,JWSZ02,3,4.683123759082885
WCSZ01,JWSZ03,6,4.998520485381283
WCSZ01,JWSZ08,6,4.2172435958379735
WCSZ01,JWSZ09,30,4.867229736806335
WCSZ01,KLSZ05,1,22.595445975391197
WCSZ01,KLSZ06,1,20.434098447466933
WCSZ01,KLSZ08,1,20.951350594860617
WCSZ01,NVSZ01,1,19.007981054283036
WCSZ01,NVSZ02,1,18.467040925254583
WCSZ01,ORSZ03,1,18.876860330116124
WCSZ01,OTSZ01,1,19.80096614768032
WCSZ01,OTSZ03,1,20.541772841017643
WCSZ01,PGSZ02,1,23.744625148167387
WCSZ01,PNSZ02,1,7.777105442876676
WCSZ01,PRSZ02,1,27.80135196389777
WCSZ01,PRSZ03,2,28.72516093579765
WCSZ01,PRSZ05,1,30.014660566464542
WCSZ01,QTSZ08,1,14.628370285264664
WCSZ01,RCSZ05,1,20.87661269611679
WCSZ01,SBSZ03,3,15.924532028508949
WCSZ01,SBSZ04,1,16.29067238962459
WCSZ01,SESZ03,1,23.1412703081827
WCSZ01,SESZ04,1,22.215729383603126
WCSZ01,SGSZ03,3,20.433213957725354
WCSZ01,SGSZ07,1,21.194739956883083
WCSZ01,SISZ01,1,21.419063282965762
WCSZ01,TMSZ01,1,27.768712464737035
WCSZ01,TMSZ02,3,29.231844280037286
WCSZ01,TMSZ03,1,27.62447721102721
WCSZ01,TMSZ04,1,29.73664497333299
WCSZ01,TPSZ03,1,18.362948278922754
WCSZ01,TPSZ05,1,19.162512189808655
WCSZ01,WCSZ01,7,0.0
WCSZ01,WDSZ01,1,12.268080991015394
WCSZ01,WDSZ02,3,13.01210456147314
WCSZ01,WDSZ03,3,14.098304540966351
WCSZ01,WDSZ04,1,12.718558404376854
WCSZ01,WDSZ05,4,11.179000445558021
WCSZ01,WDSZ06,2,11.36127418455019
WCSZ01,YSSZ01,1,17.174885126504172
WCSZ01,YSSZ02,1,17.617553783849466
WCSZ01,YSSZ03,2,18.164434218683503
WCSZ01,YSSZ04,1,16.94973067515212
WCSZ01,YSSZ09,4,16.623515431959568
WDSZ01,AMSZ02,1,10.651585615286718
WDSZ01,AMSZ03,1,11.437218983663904
WDSZ01,AMSZ06,1,9.483221295881432
WDSZ01,AMSZ08,1,7.5417308189680305
WDSZ01,BDSZ04,1,20.6937965364236
WDSZ01,BKSZ07,1,10.765773778216593
WDSZ01,BMSZ06,1,16.748048305505957
WDSZ01,BMSZ12,1,17.592443451151546
WDSZ01,BPSZ01,1,6.418382461424853
WDSZ01,BPSZ04,1,6.931772709690603
WDSZ01,BPSZ05,1,7.25919890259853
WDSZ01,BSSZ03,1,12.465193220000813
WDSZ01,BTSZ01,1,11.292028873560806
WDSZ01,BTSZ05,1,12.01701450266139
WDSZ01,CKSZ02,1,8.195353803499001
WDSZ01,CKSZ03,1,7.234522097087939
WDSZ01,CKSZ04,1,8.334525256424318
WDSZ01,CKSZ06,3,5.859248307007696
WDSZ01,CLSZ01,2,12.287541922785868
WDSZ01,CLSZ03,1,13.330637969526629
WDSZ01,DTSZ03,1,18.333590620125676
WDSZ01,GLSZ03,1,17.377639969454684
WDSZ01,HGSZ04,1,13.386899190948935
WDSZ01,JESZ05,3,12.619732220598305
WDSZ01,JWSZ08,1,14.446417539769767
WDSZ01,JWSZ09,1,14.278071216336446
WDSZ01,MSSZ01,1,19.753373698577175
WDSZ01,NVSZ01,1,14.588449520141967
WDSZ01,ORSZ02,1,15.747181846987909
WDSZ01,OTSZ03,2,18.824818827163206
WDSZ01,PGSZ02,3,13.425534315959023
WDSZ01,PGSZ03,1,13.126082263364324
WDSZ01,PNSZ03,1,17.296737509275623
WDSZ01,QTSZ05,1,15.938647474305698
WDSZ01,QTSZ11,1,15.881669747904885
WDSZ01,QTSZ13,1,16.906544291567318
WDSZ01,SBSZ01,1,5.304283057918667
WDSZ01,SBSZ03,2,3.792906959192972
WDSZ01,SESZ03,1,13.620699009928662
WDSZ01,SESZ06,1,11.306751274390638
WDSZ01,SGSZ06,2,13.561345733153725
WDSZ01,SKSZ04,1,4.959477249716786
WDSZ01,TMSZ02,1,20.7589684499746
WDSZ01,TMSZ03,2,19.58566099493606
WDSZ01,TPSZ02,1,13.619001370846643
WDSZ01,TPSZ03,1,13.084144583460969
WDSZ01,TSSZ05,1,22.711004138563545
WDSZ01,WCSZ01,1,12.268080991015394
WDSZ01,WDSZ01,3,0.0
WDSZ01,WDSZ02,15,0.7905033315597753
WDSZ01,WDSZ03,25,1.9549224562619225
WDSZ01,WDSZ04,12,1.4487914875070382
WDSZ01,WDSZ05,7,1.2320596897563494
WDSZ01,WDSZ06,9,0.9962859436397019
WDSZ01,WDSZ07,1,0.9672688465297563
WDSZ01,WDSZ08,2,1.942057488219154
WDSZ01,WDSZ09,8,1.4057969588338775
WDSZ01,YSSZ01,2,6.0511952007322405
WDSZ01,YSSZ03,1,6.99934131556733
WDSZ01,YSSZ04,2,6.331313715406466
WDSZ01,YSSZ05,1,7.60475577945683
WDSZ01,YSSZ06,1,6.033473013101934
WDSZ01,YSSZ08,2,5.412064340750489
WDSZ01,YSSZ09,2,5.231840309959529
WDSZ02,AMSZ01,4,9.66727320730234
WDSZ02,BDSZ01,2,17.511949706502214
WDSZ02,BDSZ04,1,20.152318568041874
WDSZ02,BDSZ06,1,21.51349167072754
WDSZ02,BKSZ01,1,8.71527404061458
WDSZ02,BKSZ09,1,11.601989402462506
WDSZ02,BMSZ08,1,17.344440413202037
WDSZ02,BMSZ09,1,17.25429107173875
WDSZ02,BMSZ15,1,18.804985594100934
WDSZ02,BMSZ17,2,20.054314454386258
WDSZ02,BPSZ02,1,6.596046383522774
WDSZ02,BPSZ04,2,7.2389437477248
WDSZ02,BPSZ05,1,7.647068907207893
WDSZ02,BSSZ01,1,10.203119321478622
WDSZ02,BTSZ01,1,11.557796134868235
WDSZ02,CHSZ03,3,25.46180187896978
WDSZ02,CKSZ03,6,7.813209396690255
WDSZ02,CKSZ06,2,6.518295669352447
WDSZ02,CLSZ06,1,14.560501427626951
WDSZ02,DTSZ01,1,17.213998760658516
WDSZ02,DTSZ02,2,17.76981129116394
WDSZ02,DTSZ03,2,18.122333050759803
WDSZ02,DTSZ05,5,18.581041323627662
WDSZ02,DTSZ08,1,19.02851164832697
WDSZ02,DTSZ11,1,19.473896862525226
WDSZ02,GLSZ05,2,18.107617509683756
WDSZ02,HGSZ06,1,13.093424315880567
WDSZ02,HGSZ08,1,15.110048046342124
WDSZ02,JESZ05,4,13.056578176594098
WDSZ02,JESZ06,1,13.518126701250333
WDSZ02,JWSZ04,1,14.08650498597841
WDSZ02,JWSZ08,2,15.093493218226888
WDSZ02,KLSZ03,1,16.547303333039675
WDSZ02,NTSZ03,1,15.195398690116043
WDSZ02,NVSZ02,1,14.740102338825043
WDSZ02,NVSZ03,1,13.812878463511773
WDSZ02,ORSZ02,2,15.637615232306695
WDSZ02,ORSZ03,1,16.307542294645437
WDSZ02,OTSZ01,1,17.96159920859939
WDSZ02,OTSZ03,2,18.703502611310146
WDSZ02,PGSZ02,1,12.711092372017745
WDSZ02,PGSZ03,2,12.434570138939185
WDSZ02,PGSZ04,2,14.224882860241186
WDSZ02,PNSZ02,2,19.435049620614993
WDSZ02,PRSZ03,1,18.951539487536394
WDSZ02,QTSZ07,1,16.850628012165817
WDSZ02,QTSZ08,7,15.752865950344395
WDSZ02,QTSZ10,1,15.18349974699795
WDSZ02,QTSZ13,1,17.08972274100397
WDSZ02,RCSZ01,1,16.020834440184483
WDSZ02,RCSZ10,1,17.023240331240615
WDSZ02,SBSZ01,1,4.513794795826927
WDSZ02,SBSZ02,1,3.724188147241845
WDSZ02,SBSZ03,8,3.0035475744215976
WDSZ02,SBSZ04,2,3.2917084491543456
WDSZ02,SBSZ08,2,2.9637969697556117
WDSZ02,SESZ03,3,12.964803702104343
WDSZ02,SKSZ01,1,3.63170148766113
WDSZ02,SKSZ03,1,5.459066405288043
WDSZ02,SKSZ05,1,5.058835122651345
WDSZ02,SLSZ01,1,8.876288434316708
WDSZ02,SRSZ02,1,17.721249557592877
WDSZ02,TMSZ03,2,18.997822550469778
WDSZ02,TMSZ04,3,21.16303655421544
WDSZ02,TNSZ02,1,16.27481212890313
WDSZ02,TNSZ03,1,15.334004088599025
WDSZ02,TPSZ01,1,12.441109693854242
WDSZ02,TPSZ03,1,12.794328940747796
WDSZ02,TPSZ04,1,13.493064675756521
WDSZ02,TPSZ06,1,13.675187563860117
WDSZ02,TSSZ03,1,20.03693551766567
WDSZ02,TSSZ05,2,23.386079083941432
WDSZ02,WCSZ01,2,13.01210456147314
WDSZ02,WDSZ01,13,0.7905033315597753
WDSZ02,WDSZ02,9,0.0
WDSZ02,WDSZ03,14,1.1650477156252987
WDSZ02,WDSZ05,4,1.8640784453476875
WDSZ02,WDSZ06,7,1.786133057081358
WDSZ02,WDSZ09,4,1.696465635892577
WDSZ02,YSSZ01,2,5.3328095796004815
WDSZ02,YSSZ02,1,5.169003861857132
WDSZ02,YSSZ03,1,6.263472399796231
WDSZ02,YSSZ04,1,5.669485942654458
WDSZ02,YSSZ05,2,6.9808683345340246
WDSZ02,YSSZ09,16,4.494710631795676
WDSZ03,AMSZ01,4,9.103664106328614
WDSZ03,AMSZ02,7,9.576336395394701
WDSZ03,AMSZ10,6,7.914386910195277
WDSZ03,AMSZ12,3,8.602631344290964
WDSZ03,BDSZ01,2,16.769752868951844
WDSZ03,BDSZ03,1,18.09292159936792
WDSZ03,BDSZ04,1,19.340365590073876
WDSZ03,BKSZ02,1,10.592414087329205
WDSZ03,BKSZ04,2,10.935891248304463
WDSZ03,BKSZ05,3,10.413991517654265
WDSZ03,BKSZ06,1,12.357722940464887
WDSZ03,BKSZ08,1,11.368999456521973
WDSZ03,BKSZ09,1,12.160242114969078
WDSZ03,BLSZ02,2,17.191076967811895
WDSZ03,BMSZ02,1,17.802816972491083
WDSZ03,BMSZ05,3,18.325168798630443
WDSZ03,BMSZ06,1,16.68967351052632
WDSZ03,BMSZ07,2,17.116735000637046
WDSZ03,BMSZ12,1,17.69847023559843
WDSZ03,BMSZ17,1,19.94452303719967
WDSZ03,BPSZ04,2,7.765413102739229
WDSZ03,BSSZ01,2,9.887578244804601
WDSZ03,BSSZ02,1,10.777676238019088
WDSZ03,BSSZ03,1,11.644558452871104
WDSZ03,BTSZ01,5,11.979305671669538
WDSZ03,BTSZ03,1,12.85772771990698
WDSZ03,CCSZ01,1,7.183085072582499
WDSZ03,CHSZ02,1,21.177595024974927
WDSZ03,CHSZ03,3,24.474051696288676
WDSZ03,CKSZ02,1,9.564504806103345
WDSZ03,CKSZ03,4,8.690456090894205
WDSZ03,CKSZ04,1,9.843394078451396
WDSZ03,CKSZ06,1,7.5074095499783295
WDSZ03,CLSZ01,1,13.187818810190413
WDSZ03,DTSZ01,6,16.90716675769381
WDSZ03,DTSZ02,5,17.50023977974413
WDSZ03,DTSZ03,7,17.81143715908741
WDSZ03,DTSZ05,8,18.34652970388401
WDSZ03,DTSZ08,4,18.818777042815274
WDSZ03,DTSZ09,1,19.02588710894949
WDSZ03,DTSZ11,1,19.24786661737373
WDSZ03,DTSZ12,3,18.65294729998647
WDSZ03,GLSZ01,1,15.25458767286493
WDSZ03,GLSZ04,1,16.767939949864523
WDSZ03,GLSZ05,3,17.49140833541053
WDSZ03,HGSZ03,1,12.833059542091345
WDSZ03,HGSZ04,1,11.989431162661711
WDSZ03,HGSZ06,3,12.348671942360276
WDSZ03,HGSZ08,2,14.430138214802039
WDSZ03,HGSZ09,1,14.422360147386593
WDSZ03,JESZ05,4,13.710336970353627
WDSZ03,JWSZ04,1,14.879454193578162
WDSZ03,JWSZ05,1,15.39237521865308
WDSZ03,JWSZ06,1,16.81045116588021
WDSZ03,JWSZ08,1,16.037566879773056
WDSZ03,JWSZ09,1,15.797370671875566
WDSZ03,KLSZ01,1,14.819285711996255
WDSZ03,KLSZ07,2,15.1677891316754
WDSZ03,KLSZ08,3,15.807530861589182
WDSZ03,LKSZ01,1,9.261889775211547
WDSZ03,MUSZ01,1,16.548095157345383
WDSZ03,MUSZ03,5,16.966293401450862
WDSZ03,NTSZ03,3,14.983028952615324
WDSZ03,NVSZ01,1,13.980795704217538
WDSZ03,NVSZ02,7,14.476577536121003
WDSZ03,ORSZ02,5,15.488100688649466
WDSZ03,ORSZ03,2,16.1179186299313
WDSZ03,OTSZ03,6,18.524748492745104
WDSZ03,PGSZ04,1,13.208959783049723
WDSZ03,PLSZ04,1,14.564095925175884
WDSZ03,PNSZ02,2,20.366244296014592
WDSZ03,PRSZ03,1,17.96196655526523
WDSZ03,PRSZ06,1,20.081189931225925
WDSZ03,QTSZ02,1,14.800576573820868
WDSZ03,QTSZ05,1,16.03002091749097
WDSZ03,QTSZ08,11,15.949789699212772
WDSZ03,QTSZ09,1,14.70401141136338
WDSZ03,QTSZ10,2,15.477495611661617
WDSZ03,QTSZ11,5,16.394944345426502
WDSZ03,QTSZ12,3,17.39419803327869
WDSZ03,QTSZ14,1,18.216808754243324
WDSZ03,RCSZ01,2,15.711847136694868
WDSZ03,RCSZ03,1,16.255528289084268
WDSZ03,RCSZ10,1,16.735727824234118
WDSZ03,SBSZ02,1,2.5673315588060617
WDSZ03,SBSZ03,6,1.8504157042501537
WDSZ03,SBSZ04,1,2.326052736390598
WDSZ03,SBSZ06,1,4.302982043065952
WDSZ03,SBSZ08,1,2.510010374383955
WDSZ03,SBSZ09,4,1.4977107594974173
WDSZ03,SESZ03,2,11.991907047532804
WDSZ03,SESZ05,1,11.620815167196929
WDSZ03,SGSZ02,3,10.168934656544748
WDSZ03,SGSZ03,1,10.880070633865031
WDSZ03,SGSZ04,1,11.31351493704297
WDSZ03,SGSZ06,2,12.505088967020562
WDSZ03,SISZ01,1,21.51915478198153
WDSZ03,SKSZ01,4,4.796015887714445
WDSZ03,SKSZ03,1,6.3127348332779105
WDSZ03,SRSZ02,1,17.516714261418265
WDSZ03,SRSZ03,1,17.86846618804995
WDSZ03,TMSZ01,1,17.37307912472165
WDSZ03,TMSZ02,4,19.20011741339162
WDSZ03,TMSZ03,1,18.117945486605013
WDSZ03,TMSZ04,1,20.269319189121866
WDSZ03,TNSZ02,1,16.212698129759087
WDSZ03,TPSZ02,6,13.032087661159792
WDSZ03,TPSZ03,1,12.388913424036188
WDSZ03,TPSZ06,6,13.214129704854445
WDSZ03,TPSZ07,1,13.697354426210946
WDSZ03,TPSZ12,2,14.672744131145981
WDSZ03,TSSZ03,2,21.039847328187854
WDSZ03,TSSZ05,3,24.36277835939031
WDSZ03,TSSZ06,1,28.56214313198775
WDSZ03,WCSZ01,5,14.098304540966351
WDSZ03,WDSZ01,22,1.9549224562619225
WDSZ03,WDSZ02,24,1.1650477156252987
WDSZ03,WDSZ03,40,0.0
WDSZ03,WDSZ04,13,1.5835624864458278
WDSZ03,WDSZ05,3,2.9195549289936507
WDSZ03,WDSZ06,6,2.9510217127143905
WDSZ03,WDSZ07,3,2.0115587493114613
WDSZ03,WDSZ08,3,1.248407850888258
WDSZ03,WDSZ09,8,2.578784998326383
WDSZ03,YSSZ01,6,4.288816524478815
WDSZ03,YSSZ03,1,5.181937664282708
WDSZ03,YSSZ04,1,4.726109808227488
WDSZ03,YSSZ08,3,3.938104120754045
WDSZ03,YSSZ09,14,3.422882487435982
WDSZ04,AMSZ01,3,8.627317521317051
WDSZ04,AMSZ04,1,9.365859527376783
WDSZ04,AMSZ06,2,8.04232042707074
WDSZ04,AMSZ08,2,6.101198667272549
WDSZ04,AMSZ12,2,8.365240824901623
WDSZ04,BKSZ01,1,7.822607050385014
WDSZ04,BMSZ02,1,16.628767638283488
WDSZ04,BMSZ07,2,15.885859723011533
WDSZ04,BMSZ08,1,16.161244793096813
WDSZ04,BMSZ12,2,16.45824727863474
WDSZ04,BSSZ01,2,9.057514757103265
WDSZ04,BTSZ01,1,10.485360268773997
WDSZ04,BTSZ03,1,11.447421440662026
WDSZ04,CHSZ03,1,24.77555905438463
WDSZ04,CKSZ03,1,7.133631883356181
WDSZ04,CKSZ05,1,6.680341051410925
WDSZ04,CLSZ01,1,11.64247759480674
WDSZ04,DTSZ01,2,16.057963497994358
WDSZ04,DTSZ02,2,16.605571147922234
WDSZ04,DTSZ03,3,16.96670672470968
WDSZ04,DTSZ05,4,17.410353603869655
WDSZ04,DTSZ06,1,17.3754747204366
WDSZ04,DTSZ08,1,17.854121736113818
WDSZ04,DTSZ11,1,18.301642725864806
WDSZ04,DTSZ12,2,17.772030886618882
WDSZ04,GLSZ01,1,14.712524070088149
WDSZ04,GLSZ03,1,15.9288496280967
WDSZ04,GLSZ05,1,17.074799802504792
WDSZ04,HGSZ09,1,14.254410523450838
WDSZ04,JESZ03,2,11.52729682065843
WDSZ04,JESZ05,3,12.13570864460517
WDSZ04,JESZ08,2,13.938512597246916
WDSZ04,JWSZ01,1,12.664071520273692
WDSZ04,JWSZ05,1,13.816689088526406
WDSZ04,KLSZ06,1,15.060275483417449
WDSZ04,KLSZ07,1,14.323337280197997
WDSZ04,KLSZ09,1,16.291999011776177
WDSZ04,MDSZ03,1,3.483604699824258
WDSZ04,MUSZ01,1,15.607662701229177
WDSZ04,NVSZ01,2,13.196188688367227
WDSZ04,NVSZ02,4,13.576443769972325
WDSZ04,ORSZ02,2,14.45768845722655
WDSZ04,ORSZ03,1,15.131457878696056
WDSZ04,OTSZ01,1,16.782110873741708
WDSZ04,OTSZ03,2,17.52556923300198
WDSZ04,PGSZ03,1,11.848137659851774
WDSZ04,PLSZ04,1,14.407813497506584
WDSZ04,PNSZ02,2,18.821137332010572
WDSZ04,PRSZ06,1,20.511441843184073
WDSZ04,QTSZ08,3,14.601408997583006
WDSZ04,QTSZ10,2,14.060675341445647
WDSZ04,QTSZ11,5,14.969042216478718
WDSZ04,QTSZ14,2,16.892861159640272
WDSZ04,RCSZ08,2,15.458881426977916
WDSZ04,SBSZ02,2,3.6893441463266767
WDSZ04,SBSZ03,1,3.251597816972538
WDSZ04,SBSZ08,1,3.954291127132728
WDSZ04,SBSZ09,2,3.0698837918676936
WDSZ04,SESZ03,1,12.28649119286171
WDSZ04,SGSZ02,1,9.955914131741565
WDSZ04,SGSZ03,1,10.75583851501337
WDSZ04,SKSZ01,1,3.875658289774614
WDSZ04,SRSZ01,1,16.101964386417432
WDSZ04,TMSZ05,2,22.44258959332457
WDSZ04,TNSZ01,2,13.298029620567563
WDSZ04,TPSZ01,1,11.296464264521488
WDSZ04,TPSZ02,2,12.229871832047714
WDSZ04,TPSZ06,2,12.572399663731021
WDSZ04,TPSZ12,3,14.262127784674627
WDSZ04,TSSZ02,1,20.732269585313404
WDSZ04,WCSZ01,3,12.718558404376854
WDSZ04,WDSZ01,19,1.4487914875070382
WDSZ04,WDSZ02,2,1.1835083864709004
WDSZ04,WDSZ03,10,1.5835624864458278
WDSZ04,WDSZ04,8,0.0
WDSZ04,WDSZ05,5,1.7031599568241294
WDSZ04,WDSZ06,2,2.210266237844914
WDSZ04,WDSZ07,1,2.2167810475022476
WDSZ04,WDSZ09,3,2.7690156205697916
WDSZ04,YSSZ01,3,4.877653890395635
WDSZ04,YSSZ02,1,4.997630679215627
WDSZ04,YSSZ03,1,5.863080139094666
WDSZ04,YSSZ09,1,4.132492397068411
WDSZ05,AMSZ01,1,9.851888062274092
WDSZ05,AMSZ06,1,9.197056362744037
WDSZ05,AMSZ10,3,8.961710428907146
WDSZ05,BKSZ07,1,9.564463393858173
WDSZ05,BMSZ01,1,18.276505830734358
WDSZ05,BMSZ05,1,17.76014031935608
WDSZ05,BMSZ16,1,18.322922290620326
WDSZ05,BMSZ17,1,19.348755732094393
WDSZ05,BPSZ04,2,5.820147087585998
WDSZ05,BPSZ05,1,6.087498245772307
WDSZ05,BSSZ01,2,9.954016842185583
WDSZ05,BTSZ01,1,10.192488611561206
WDSZ05,CHSZ02,1,23.17550826772923
WDSZ05,CLSZ04,1,12.435296708975786
WDSZ05,DTSZ02,3,17.330148983310412
WDSZ05,DTSZ05,3,18.078816788466035
WDSZ05,DTSZ06,1,18.08422556158886
WDSZ05,DTSZ08,1,18.483834169313127
WDSZ05,DTSZ09,2,18.626648775735173
WDSZ05,DTSZ11,1,18.951623290444644
WDSZ05,DTSZ12,1,18.50451920837899
WDSZ05,GLSZ03,1,17.174404823795378
WDSZ05,HGSZ06,1,13.539940249607227
WDSZ05,HGSZ08,1,15.407967748640214
WDSZ05,JESZ03,2,10.82517864066449
WDSZ05,JESZ05,2,11.41307475070591
WDSZ05,JWSZ08,2,13.238685124551157
WDSZ05,KLSZ01,1,15.083707455423387
WDSZ05,KLSZ08,1,16.04600694928229
WDSZ05,NVSZ02,3,14.322430580632323
WDSZ05,ORSZ02,3,15.029565993194648
WDSZ05,ORSZ03,1,15.75487335108585
WDSZ05,OTSZ03,4,18.112920481568985
WDSZ05,PGSZ04,1,15.244398507404071
WDSZ05,PRSZ01,1,17.283805225465322
WDSZ05,QTSZ08,2,14.63950926508943
WDSZ05,QTSZ09,1,13.114151663638067
WDSZ05,QTSZ10,1,13.945699033489268
WDSZ05,QTSZ11,2,14.822118035073373
WDSZ05,RCSZ01,1,15.66177935375575
WDSZ05,RCSZ05,1,16.758046634744453
WDSZ05,RCSZ09,1,16.298866481507005
WDSZ05,SBSZ08,1,4.724483653313333
WDSZ05,SBSZ09,2,4.198824560572072
WDSZ05,SESZ03,2,13.890837076023027
WDSZ05,SKSZ04,1,3.8414112519759502
WDSZ05,TMSZ03,1,19.666374919196592
WDSZ05,TMSZ04,1,21.85074443141612
WDSZ05,TMSZ05,1,23.923946660238265
WDSZ05,TPSZ02,2,13.102045858976682
WDSZ05,TPSZ03,1,12.638682388682572
WDSZ05,TPSZ06,1,13.599998126994562
WDSZ05,TPSZ12,1,15.468770079922688
WDSZ05,TSSZ05,1,21.52324696477171
WDSZ05,WCSZ01,4,11.179000445558021
WDSZ05,WDSZ01,9,1.2320596897563494
WDSZ05,WDSZ02,3,1.8640784453476875
WDSZ05,WDSZ03,6,2.9195549289936507
WDSZ05,WDSZ04,4,1.7031599568241294
WDSZ05,WDSZ05,3,0.0
WDSZ05,WDSZ06,1,0.9654608228593916
WDSZ05,WDSZ07,1,2.122828134769418
WDSZ05,WDSZ09,3,2.388978428320065
WDSZ05,YSSZ02,1,6.6807715531454335
WDSZ05,YSSZ04,1,6.69675955514551
WDSZ05,YSSZ09,3,5.835133917097463
WDSZ06,AMSZ01,2,10.692081061874555
WDSZ06,AMSZ10,1,9.743871207326189
WDSZ06,BMSZ02,1,17.932156280458592
WDSZ06,BMSZ07,1,17.095948622172216
WDSZ06,BMSZ13,1,18.258771765425763
WDSZ06,BPSZ01,1,5.952414212433983
WDSZ06,BPSZ05,2,6.921258330420659
WDSZ06,BSSZ01,1,10.879279976271208
WDSZ06,BTSZ01,2,11.082209891321304
WDSZ06,BTSZ06,1,12.770523106085466
WDSZ06,CKSZ03,2,6.6117425452270515
WDSZ06,CKSZ04,2,7.661728245837177
WDSZ06,CKSZ06,1,5.1200408831021695
WDSZ06,CLSZ06,1,14.01305103287399
WDSZ06,DTSZ01,1,17.787399795517292
WDSZ06,DTSZ05,5,19.037537970004106
WDSZ06,DTSZ07,1,19.227750113653574
WDSZ06,DTSZ08,2,19.445054707966346
WDSZ06,DTSZ11,3,19.911757771909553
WDSZ06,DTSZ12,1,19.458136917604218
WDSZ06,GLSZ01,1,16.696706464846784
WDSZ06,GLSZ03,2,18.014500194313005
WDSZ06,GLSZ04,1,18.193960142799302
WDSZ06,GLSZ05,1,19.12156329462713
WDSZ06,JESZ03,1,11.591771269689296
WDSZ06,JESZ05,3,12.168955161426084
WDSZ06,JESZ06,1,12.730476898964605
WDSZ06,JESZ10,3,15.36642201676825
WDSZ06,JWSZ04,1,12.949550492530316
WDSZ06,KLSZ08,2,16.969144833240964
WDSZ06,MUSZ01,1,17.242536702302242
WDSZ06,NVSZ01,1,15.008305617072471
WDSZ06,NVSZ02,2,15.272973627720415
WDSZ06,ORSZ02,3,15.992766633637396
WDSZ06,ORSZ03,3,16.71580382055401
WDSZ06,OTSZ03,3,19.076081055303742
WDSZ06,QTSZ02,1,14.514971915216604
WDSZ06,QTSZ08,1,15.577867806922749
WDSZ06,QTSZ09,2,14.024340779827705
WDSZ06,QTSZ11,3,15.730963699122517
WDSZ06,QTSZ12,1,17.046157497010523
WDSZ06,QTSZ13,1,16.780047085695614
WDSZ06,RCSZ10,1,17.569809389498328
WDSZ06,SBSZ01,1,6.299046168941949
WDSZ06,SBSZ04,1,4.953546875555304
WDSZ06,SBSZ09,2,3.967044930074676
WDSZ06,SKSZ03,1,4.4007689746636
WDSZ06,SRSZ01,1,17.629978007444645
WDSZ06,SRSZ02,1,18.139605376623383
WDSZ06,SVSZ01,2,20.66295729387339
WDSZ06,TMSZ04,1,22.558655645314747
WDSZ06,TPSZ01,1,13.103800831951407
WDSZ06,TPSZ03,2,13.554328213728018
WDSZ06,TPSZ06,1,14.503376217099476
WDSZ06,TPSZ09,1,15.32490039370773
WDSZ06,TPSZ12,1,16.322060155455663
WDSZ06,TSSZ02,1,19.553179452361018
WDSZ06,WCSZ01,1,11.36127418455019
WDSZ06,WDSZ01,14,0.9962859436397019
WDSZ06,WDSZ02,7,1.786133057081358
WDSZ06,WDSZ03,5,2.9510217127143905
WDSZ06,WDSZ04,2,2.210266237844914
WDSZ06,WDSZ06,10,0.0
WDSZ06,WDSZ07,1,1.4984649877090335
WDSZ06,WDSZ09,4,1.5712668037671202
WDSZ06,YSSZ02,1,6.931176162459793
WDSZ06,YSSZ09,2,6.193876820696181
WDSZ07,AMSZ02,1,11.313145250051631
WDSZ07,AMSZ04,1,11.532511524348967
WDSZ07,AMSZ07,1,9.547790676159924
WDSZ07,BDSZ01,1,18.61281153369114
WDSZ07,BSSZ02,1,12.300534649121712
WDSZ07,BTSZ03,1,13.37088084047688
WDSZ07,CKSZ03,1,8.068145617092433
WDSZ07,DTSZ01,1,18.274212533710458
WDSZ07,JESZ05,1,13.535558777692382
WDSZ07,JWSZ09,1,15.05443826276292
WDSZ07,NVSZ01,1,15.411837136556676
WDSZ07,SBSZ01,1,5.174523267841555
WDSZ07,SGSZ03,1,12.748988790466234
WDSZ07,SGSZ05,1,14.021645877146348
WDSZ07,SKSZ01,1,3.1831651486768076
WDSZ07,TMSZ02,1,21.180222527274527
WDSZ07,TMSZ05,1,24.324080726559593
WDSZ07,WDSZ03,2,2.0115587493114613
WDSZ07,YSSZ09,1,5.434418141600536
WDSZ08,BLSZ01,1,17.00712251147409
WDSZ08,BSSZ01,1,11.125326146996711
WDSZ08,CKSZ01,1,9.025517514942758
WDSZ08,DTSZ02,1,18.73458240973034
WDSZ08,HGSZ02,1,14.479556348060695
WDSZ08,HGSZ03,1,13.948947624568516
WDSZ08,JESZ05,1,14.434989575933283
WDSZ08,JWSZ04,1,15.448597020693711
WDSZ08,PGSZ05,1,14.252601921736595
WDSZ08,QTSZ06,1,17.55051848639276
WDSZ08,SBSZ01,1,3.88428970699513
WDSZ08,SBSZ03,2,2.40474274102282
WDSZ08,SBSZ04,1,2.2123286715612647
WDSZ08,SBSZ05,1,3.175394417509451
WDSZ08,SESZ03,1,13.037863685842101
WDSZ08,SGSZ03,1,12.067396696576001
WDSZ08,SGSZ06,1,13.737034072830678
WDSZ08,TMSZ03,1,19.2347620862121
WDSZ08,TPSZ02,1,14.274603616209045
WDSZ08,WDSZ01,2,1.942057488219154
WDSZ08,WDSZ02,1,1.3784137469710553
WDSZ08,WDSZ03,3,1.248407850888258
WDSZ08,YSSZ01,2,5.306835739130957
WDSZ08,YSSZ09,1,4.419623811868061
WDSZ09,AMSZ11,1,9.703059006756435
WDSZ09,BDSZ03,1,20.510085034976445
WDSZ09,BDSZ07,1,22.832850950702284
WDSZ09,BKSZ05,1,10.727907105594534
WDSZ09,BMSZ05,1,19.929148968983633
WDSZ09,BMSZ09,1,18.734412817236237
WDSZ09,BPSZ03,1,7.401173356100337
WDSZ09,BSSZ01,1,11.82201944047193
WDSZ09,BSSZ02,1,12.865918424333257
WDSZ09,CHSZ02,1,23.755681397662386
WDSZ09,CHSZ03,1,27.05218670764623
WDSZ09,CKSZ01,1,8.200095497734624
WDSZ09,CKSZ02,1,9.184431622462345
WDSZ09,CKSZ05,1,7.504317706258923
WDSZ09,CLSZ04,1,14.824267351368148
WDSZ09,CLSZ07,1,16.356071075136263
WDSZ09,DTSZ05,1,20.13957763026074
WDSZ09,DTSZ11,1,21.026179119520144
WDSZ09,GLSZ04,1,18.97605201310018
WDSZ09,HGSZ01,1,15.252539208268548
WDSZ09,HGSZ05,2,13.607111051802473
WDSZ09,HGSZ06,1,14.786099703923393
WDSZ09,JWSZ01,1,13.358307355492
WDSZ09,JWSZ08,1,15.173641762120537
WDSZ09,KLSZ06,1,17.825959448964134
WDSZ09,KLSZ09,1,19.056980871355133
WDSZ09,NVSZ05,1,14.054693642992902
WDSZ09,ORSZ02,1,17.15199366650032
WDSZ09,ORSZ03,1,17.844706419842968
WDSZ09,QTSZ01,1,15.556383792548901
WDSZ09,QTSZ06,1,17.656034357932207
WDSZ09,QTSZ08,1,16.988944138824888
WDSZ09,QTSZ11,2,17.203386271504122
WDSZ09,SBSZ01,1,5.646674529968837
WDSZ09,SBSZ03,1,4.145214614817236
WDSZ09,SESZ02,1,15.492747880891763
WDSZ09,SGSZ03,1,13.342562947493983
WDSZ09,SKSZ02,1,4.025933577656925
WDSZ09,SKSZ04,1,5.558098603921288
WDSZ09,TMSZ01,1,19.944102339364225
WDSZ09,TMSZ05,1,24.914128263655304
WDSZ09,TPSZ06,1,15.33819456024767
WDSZ09,TSSZ02,1,20.900579767882675
WDSZ09,WDSZ01,10,1.4057969588338775
WDSZ09,WDSZ02,2,1.696465635892577
WDSZ09,WDSZ03,7,2.578784998326383
WDSZ09,WDSZ04,4,2.7690156205697916
WDSZ09,WDSZ05,1,2.388978428320065
WDSZ09,WDSZ06,5,1.5712668037671202
WDSZ09,WDSZ09,2,0.0
WDSZ09,YSSZ02,1,6.518576542126829
WDSZ09,YSSZ03,1,7.7468275713074375
YSSZ01,AMSZ03,1,7.22532976521782
YSSZ01,AMSZ05,1,6.53133241585097
YSSZ01,AMSZ07,1,5.831623320888975
YSSZ01,AMSZ09,2,5.057933083226152
YSSZ01,AMSZ10,1,4.6723574939688755
YSSZ01,AMSZ12,1,5.115609634643661
YSSZ01,BDSZ03,1,14.264261703762692
YSSZ01,BDSZ06,1,16.67969468578144
YSSZ01,BKSZ05,1,11.385341825314793
YSSZ01,BMSZ01,1,17.7721286506177
YSSZ01,BMSZ02,2,16.227953116285537
YSSZ01,BMSZ06,2,15.071719950208646
YSSZ01,BMSZ09,1,15.258529687159738
YSSZ01,BMSZ17,1,17.947093549245615
YSSZ01,BPSZ03,1,8.740111627901353
YSSZ01,BPSZ06,1,9.75598470557717
YSSZ01,BSSZ01,1,7.700002271828978
YSSZ01,BSSZ03,1,8.717429131590928
YSSZ01,BTSZ06,1,11.941025490254553
YSSZ01,CCSZ01,1,6.885632212790958
YSSZ01,CHSZ03,1,20.19295266129562
YSSZ01,CKSZ01,1,10.481408931124163
YSSZ01,CKSZ03,1,11.028671343422713
YSSZ01,CKSZ04,1,12.203245189339789
YSSZ01,CKSZ05,1,10.818067347367794
YSSZ01,DTSZ05,1,15.968297419217796
YSSZ01,DTSZ11,1,16.873910000612856
YSSZ01,HGSZ04,1,7.978328319209181
YSSZ01,HGSZ05,1,7.028959688109477
YSSZ01,JESZ05,1,14.825494862687458
YSSZ01,MDSZ02,1,2.741229882105788
YSSZ01,NVSZ01,2,11.350319559016876
YSSZ01,ORSZ02,2,13.50341818616615
YSSZ01,PGSZ05,1,9.025995760867767
YSSZ01,PRSZ02,1,12.519653519342137
YSSZ01,PRSZ05,1,14.984324563148279
YSSZ01,QTSZ11,1,16.040684170798336
YSSZ01,QTSZ13,1,16.839490374719123
YSSZ01,RCSZ02,1,13.45860199238026
YSSZ01,SBSZ01,9,2.414191577362601
YSSZ01,SBSZ02,2,2.117815794174996
YSSZ01,SBSZ03,11,3.1103199668128694
YSSZ01,SBSZ04,1,4.159878889114505
YSSZ01,SBSZ05,3,3.2767311954949836
YSSZ01,SESZ02,2,8.657159140521157
YSSZ01,SESZ03,2,7.731153499703655
YSSZ01,SESZ04,3,6.760082665374588
YSSZ01,SESZ06,1,5.56294361157275
YSSZ01,SGSZ01,1,5.769075433593819
YSSZ01,SGSZ06,2,9.057706772673392
YSSZ01,SGSZ07,1,9.928426051424632
YSSZ01,TMSZ02,3,14.965331285444215
YSSZ01,TMSZ03,1,13.962303058779804
YSSZ01,TNSZ01,1,12.634567850729828
YSSZ01,TPSZ01,1,9.660763835828716
YSSZ01,TPSZ02,3,10.500321943712105
YSSZ01,TPSZ09,1,10.867892104132752
YSSZ01,WDSZ01,3,6.0511952007322405
YSSZ01,WDSZ02,1,5.3328095796004815
YSSZ01,WDSZ03,6,4.288816524478815
YSSZ01,WDSZ04,1,4.877653890395635
YSSZ01,WDSZ05,1,6.576922077057564
YSSZ01,WDSZ08,1,5.306835739130957
YSSZ01,WDSZ09,1,6.866833326814963
YSSZ01,YSSZ01,1,0.0
YSSZ01,YSSZ02,5,1.2670184364300072
YSSZ01,YSSZ03,27,1.0015506147644606
YSSZ01,YSSZ04,7,0.916928626122495
YSSZ01,YSSZ05,10,2.181737820747567
YSSZ01,YSSZ06,2,3.193327869962329
YSSZ01,YSSZ08,3,1.392918013502601
YSSZ01,YSSZ09,17,0.8885412780857345
YSSZ02,AMSZ01,2,7.329540839041347
YSSZ02,AMSZ04,1,8.171626483977183
YSSZ02,AMSZ07,1,7.09323181946956
YSSZ02,AMSZ08,1,5.803310980942607
YSSZ02,AMSZ10,1,5.911536407021396
YSSZ02,BKSZ01,1,11.774762940503537
YSSZ02,BKSZ02,1,13.051886601561554
YSSZ02,BKSZ04,1,13.114749613526477
YSSZ02,BKSZ09,1,13.975221893655025
YSSZ02,BMSZ05,1,17.613834487267322
YSSZ02,BMSZ11,1,17.801370291594022
YSSZ02,BPSZ04,1,9.805051154165678
YSSZ02,BSSZ01,1,8.965771942695529
YSSZ02,BTSZ01,1,13.368436296251264
YSSZ02,CHSZ02,1,17.381080208661615
YSSZ02,CKSZ04,1,12.83337704211825
YSSZ02,CKSZ05,1,11.360177162210382
YSSZ02,CLSZ04,1,15.510303298234396
YSSZ02,DTSZ02,2,16.28402594829014
YSSZ02,DTSZ03,1,16.439848852082633
YSSZ02,DTSZ08,1,17.771305768572088
YSSZ02,DTSZ11,1,18.13140034117472
YSSZ02,GLSZ01,1,13.181938079963462
YSSZ02,GLSZ05,1,15.04964446328055
YSSZ02,JESZ05,4,15.765779768043569
YSSZ02,JWSZ08,1,19.007848285073358
YSSZ02,KLSZ02,1,13.436362530892065
YSSZ02,KLSZ07,1,13.898853475908696
YSSZ02,MPSZ01,1,16.284466802725525
YSSZ02,NVSZ01,1,12.60248788867907
YSSZ02,NVSZ02,3,13.404197618820344
YSSZ02,NVSZ03,1,12.791672234164546
YSSZ02,ORSZ02,1,14.770352085047518
YSSZ02,ORSZ03,2,15.23312585569152
YSSZ02,OTSZ01,1,16.955948466808312
YSSZ02,OTSZ03,4,17.59409349393105
YSSZ02,OTSZ04,1,17.12010400535756
YSSZ02,PGSZ04,2,9.464522426444342
YSSZ02,QTSZ08,1,16.404578910142114
YSSZ02,QTSZ10,2,16.2784314296492
YSSZ02,QTSZ11,1,17.21150142735528
YSSZ02,QTSZ14,1,18.487851243840908
YSSZ02,RCSZ05,1,15.295049009471347
YSSZ02,RCSZ10,1,15.48275599805819
YSSZ02,SBSZ01,3,1.276318753395555
YSSZ02,SBSZ02,2,1.4775122449880098
YSSZ02,SBSZ03,1,2.430480185055457
YSSZ02,SBSZ04,1,3.2500291133674386
YSSZ02,SBSZ08,1,4.793979654541352
YSSZ02,SESZ03,2,8.411899703890032
YSSZ02,TMSZ04,1,16.84110931549751
YSSZ02,TMSZ05,2,18.94312036506094
YSSZ02,TPSZ02,3,11.75946455105196
YSSZ02,TPSZ12,1,12.314639442917365
YSSZ02,WCSZ01,1,17.617553783849466
YSSZ02,WDSZ02,3,5.169003861857132
YSSZ02,WDSZ03,1,4.025297328726028
YSSZ02,WDSZ04,1,4.997630679215627
YSSZ02,WDSZ05,1,6.6807715531454335
YSSZ02,WDSZ06,1,6.931176162459793
YSSZ02,WDSZ09,2,6.518576542126829
YSSZ02,YSSZ01,5,1.2670184364300072
YSSZ02,YSSZ02,2,0.0
YSSZ02,YSSZ03,4,1.4819530444688982
YSSZ02,YSSZ04,1,2.1833213299233
YSSZ02,YSSZ05,2,3.3560916835907917
YSSZ02,YSSZ09,10,1.0963348161770936
YSSZ03,AMSZ01,5,6.130547549685317
YSSZ03,AMSZ10,3,4.7060653668352295
YSSZ03,AMSZ11,3,3.803598991050213
YSSZ03,AMSZ12,4,4.998114463022651
YSSZ03,BDSZ01,1,12.425396513840122
YSSZ03,BDSZ04,1,14.707420918208884
YSSZ03,BKSZ01,1,11.857171061653116
YSSZ03,BKSZ07,1,13.901797680381584
YSSZ03,BKSZ09,1,13.784001208799644
YSSZ03,BLSZ02,1,19.62694348878252
YSSZ03,BMSZ05,1,16.53001702955236
YSSZ03,BMSZ12,1,16.74164009102239
YSSZ03,BSSZ01,5,7.970230772957729
YSSZ03,BSSZ03,1,8.711215469733462
YSSZ03,BTSZ01,3,13.029164315395265
YSSZ03,CKSZ05,1,11.796147494451075
YSSZ03,DTSZ01,1,14.355509057649531
YSSZ03,DTSZ02,3,15.080931803140883
YSSZ03,DTSZ03,4,15.198505908214067
YSSZ03,DTSZ05,1,16.03987623705303
YSSZ03,DTSZ07,1,16.511264549919908
YSSZ03,DTSZ08,2,16.59885072217971
YSSZ03,DTSZ09,1,16.90381461914741
YSSZ03,DTSZ10,1,17.147745392230362
YSSZ03,DTSZ11,5,16.93948343031589
YSSZ03,GLSZ01,2,11.814208006832093
YSSZ03,HGSZ04,2,7.455765331914008
YSSZ03,HGSZ05,1,6.488859745885551
YSSZ03,HGSZ08,2,10.407562537417675
YSSZ03,JESZ01,1,15.596511530108495
YSSZ03,JESZ05,1,15.637504044184595
YSSZ03,JESZ06,1,15.730150296967668
YSSZ03,JESZ08,1,17.034989193064554
YSSZ03,JESZ10,1,18.159872573703407
YSSZ03,JWSZ06,1,19.698792149961605
YSSZ03,JWSZ09,2,18.794562642739166
YSSZ03,KLSZ06,1,13.093398217089664
YSSZ03,LKSZ01,1,14.154657236784777
YSSZ03,MUSZ03,2,14.64268136293665
YSSZ03,NTSZ03,1,12.964430887051197
YSSZ03,NVSZ01,2,11.396024118820547
YSSZ03,NVSZ02,6,12.267324191950772
YSSZ03,ORSZ02,4,13.713540247968318
YSSZ03,ORSZ03,1,14.124994393607942
YSSZ03,OTSZ03,2,16.45255773280004
YSSZ03,PLSZ03,2,9.439781325075444
YSSZ03,PLSZ04,1,10.196251696060266
YSSZ03,QTSZ02,1,14.48875935666018
YSSZ03,QTSZ06,1,15.705868028079593
YSSZ03,QTSZ08,4,15.684827077257516
YSSZ03,QTSZ11,3,16.602726928004657
YSSZ03,QTSZ12,2,16.976485296221146
YSSZ03,QTSZ14,2,17.68479186485268
YSSZ03,RCSZ01,2,13.217495872604832
YSSZ03,RCSZ10,1,14.277240919626205
YSSZ03,SBSZ03,2,3.8060047834536612
YSSZ03,SBSZ04,2,4.717740707250353
YSSZ03,SBSZ06,1,3.6011202642505644
YSSZ03,SGSZ03,5,6.654813829832525
YSSZ03,SGSZ06,1,8.82972499813864
YSSZ03,SLSZ01,2,2.8069598414174313
YSSZ03,SRSZ02,1,15.380237286901218
YSSZ03,TMSZ04,1,15.383105433883431
YSSZ03,TMSZ05,1,17.48642955745995
YSSZ03,TNSZ04,1,13.143654977339054
YSSZ03,TPSZ02,1,10.59280900154734
YSSZ03,TPSZ03,1,9.720115741833393
YSSZ03,TPSZ06,2,10.218892297630505
YSSZ03,TSSZ05,1,27.571121714003937
YSSZ03,WCSZ01,3,18.164434218683503
YSSZ03,WDSZ01,2,6.99934131556733
YSSZ03,WDSZ02,6,6.263472399796231
YSSZ03,WDSZ03,1,5.181937664282708
YSSZ03,WDSZ05,1,7.564900442777694
YSSZ03,WDSZ08,1,6.122676433612061
YSSZ03,YSSZ01,21,1.0015506147644606
YSSZ03,YSSZ02,6,1.4819530444688982
YSSZ03,YSSZ03,18,0.0
YSSZ03,YSSZ04,7,1.4331729019073896
YSSZ03,YSSZ05,3,2.0957183698988087
YSSZ03,YSSZ07,1,4.212986963935834
YSSZ03,YSSZ08,3,2.278048703490103
YSSZ03,YSSZ09,21,1.7688742052165112
YSSZ04,AMSZ01,4,5.178077258460335
YSSZ04,AMSZ07,1,4.926975432519099
YSSZ04,AMSZ08,2,3.6740491815368053
YSSZ04,AMSZ12,1,4.258597071684371
YSSZ04,BDSZ04,3,14.6628820019847
YSSZ04,BKSZ07,1,12.481836241546004
YSSZ04,BMSZ01,1,16.869078979268856
YSSZ04,BMSZ02,2,15.321887144756019
YSSZ04,BMSZ05,2,15.430684837185414
YSSZ04,BMSZ15,1,16.12660007192281
YSSZ04,BSSZ01,4,6.787906532691695
YSSZ04,BSSZ02,1,7.1709215588237925
YSSZ04,BTSZ06,2,11.088143439733857
YSSZ04,BTSZ07,1,12.168596189491282
YSSZ04,CHSZ03,2,19.793412237473532
YSSZ04,CKSZ06,1,10.184201632921955
YSSZ04,CLSZ01,1,13.228078800995622
YSSZ04,CLSZ03,1,14.005468165531067
YSSZ04,CLSZ06,2,14.455585763637963
YSSZ04,DTSZ01,1,13.420844143889626
YSSZ04,DTSZ02,4,14.116828213033369
YSSZ04,DTSZ03,2,14.28741028256163
YSSZ04,DTSZ05,7,15.054057855026539
YSSZ04,DTSZ08,1,15.59544569756607
YSSZ04,DTSZ11,4,15.959984121008048
YSSZ04,GLSZ02,1,11.416867548233776
YSSZ04,GLSZ03,1,11.843782299036897
YSSZ04,GLSZ04,1,12.634454964890098
YSSZ04,GLSZ05,1,13.142002700854169
YSSZ04,HGSZ01,1,8.062405483785609
YSSZ04,HGSZ06,1,7.799796910354076
YSSZ04,HGSZ08,1,9.98133377046901
YSSZ04,HGSZ09,1,9.830163004511297
YSSZ04,JESZ03,2,13.601067534856053
YSSZ04,JESZ05,3,14.209684459091502
YSSZ04,JWSZ06,1,18.312394807348923
YSSZ04,JWSZ08,1,17.88834934976266
YSSZ04,KLSZ06,1,12.201538046831182
YSSZ04,KLSZ08,1,12.007417317398778
YSSZ04,MDSZ02,1,2.9093838589004575
YSSZ04,NTSZ03,1,11.88430421884037
YSSZ04,NVSZ01,1,10.439756182111141
YSSZ04,NVSZ02,4,11.22406463593339
YSSZ04,ORSZ01,1,12.706781003422368
YSSZ04,ORSZ02,7,12.588294355199164
YSSZ04,ORSZ03,2,13.050147372252988
YSSZ04,OTSZ01,1,14.773069039439902
YSSZ04,OTSZ03,3,15.413343746465888
YSSZ04,PGSZ02,1,7.1716006380555815
YSSZ04,PGSZ04,1,8.580412068980811
YSSZ04,PLSZ04,1,9.960845374260122
YSSZ04,PRSZ06,1,15.480563993367378
YSSZ04,QTSZ08,2,14.343949148830461
YSSZ04,QTSZ11,1,15.222601632124654
YSSZ04,RCSZ01,1,12.256990247166664
YSSZ04,SBSZ03,3,3.8210520820291944
YSSZ04,SBSZ05,2,4.131038049941328
YSSZ04,SBSZ08,1,6.329267174092431
YSSZ04,SBSZ09,1,5.148961653938319
YSSZ04,SESZ02,1,8.219540743274836
YSSZ04,SESZ03,1,7.295543268032126
YSSZ04,SESZ05,1,6.894754826393089
YSSZ04,SGSZ01,1,5.019967585850898
YSSZ04,SGSZ03,2,6.2971815929318256
YSSZ04,SLSZ01,1,3.2586422207898913
YSSZ04,SRSZ02,1,14.348438415401166
YSSZ04,TMSZ02,1,14.47880451706547
YSSZ04,TMSZ04,1,15.54426661310027
YSSZ04,TMSZ05,1,17.645526623378636
YSSZ04,TPSZ06,1,9.370800142186317
YSSZ04,TPSZ07,1,9.900802318545983
YSSZ04,TPSZ12,1,10.360576147335253
YSSZ04,WCSZ01,3,16.94973067515212
YSSZ04,WDSZ01,1,6.331313715406466
YSSZ04,WDSZ02,1,5.669485942654458
YSSZ04,WDSZ03,3,4.726109808227488
YSSZ04,WDSZ05,1,6.69675955514551
YSSZ04,YSSZ01,8,0.916928626122495
YSSZ04,YSSZ02,1,2.1833213299233
YSSZ04,YSSZ03,5,1.4331729019073896
YSSZ04,YSSZ04,8,0.0
YSSZ04,YSSZ05,3,1.4036652366683415
YSSZ04,YSSZ08,4,1.0199676471982402
YSSZ04,YSSZ09,6,1.5998556484110604
YSSZ05,AMSZ01,1,4.03563902202246
YSSZ05,AMSZ10,1,2.610595926529946
YSSZ05,AMSZ12,1,2.9541941294892817
YSSZ05,BDSZ01,1,10.784503619645282
YSSZ05,BMSZ01,1,16.02362294679484
YSSZ05,BMSZ05,3,14.438892430879454
YSSZ05,BPSZ05,1,9.625550494976265
YSSZ05,BSSZ01,1,5.92147739822678
YSSZ05,BTSZ01,1,11.469732567080888
YSSZ05,CHSZ03,1,18.52602010631296
YSSZ05,CLSZ01,1,13.181808639983116
YSSZ05,DTSZ01,1,12.270104032000994
YSSZ05,DTSZ02,1,12.990681619038643
YSSZ05,DTSZ03,1,13.11876516831268
YSSZ05,KLSZ09,1,12.199823573978009
YSSZ05,ORSZ02,4,11.629048640963592
YSSZ05,ORSZ03,1,12.031404704049413
YSSZ05,OTSZ03,1,14.356840637564787
YSSZ05,OTSZ04,1,13.863091011874985
YSSZ05,PRSZ06,1,14.293259275208232
YSSZ05,QTSZ08,3,13.765749256553715
YSSZ05,QTSZ09,1,13.30363219922819
YSSZ05,QTSZ10,1,13.848299518018125
YSSZ05,QTSZ11,1,14.763827300041445
YSSZ05,QTSZ14,1,15.705054289265403
YSSZ05,RCSZ01,1,11.127064497058564
YSSZ05,SBSZ04,1,6.319801527896552
YSSZ05,SESZ06,2,3.7023314277770343
YSSZ05,SKSZ04,1,10.896997669951515
YSSZ05,TMSZ05,1,16.28668988571756
YSSZ05,TPSZ02,1,8.497285588508605
YSSZ05,TPSZ12,1,9.00055348349473
YSSZ05,WCSZ01,1,17.653750156009032
YSSZ05,WDSZ01,1,7.60475577945683
YSSZ05,WDSZ02,2,6.9808683345340246
YSSZ05,WDSZ09,1,8.627745530883372
YSSZ05,YSSZ01,4,2.181737820747567
YSSZ05,YSSZ02,1,3.3560916835907917
YSSZ05,YSSZ03,2,2.0957183698988087
YSSZ05,YSSZ04,2,1.4036652366683415
YSSZ05,YSSZ05,1,0.0
YSSZ05,YSSZ08,5,2.1935563578751625
YSSZ05,YSSZ09,2,2.982344354241913
YSSZ06,AMSZ06,1,3.555513834064482
YSSZ06,AMSZ10,1,3.033834030320767
YSSZ06,BMSZ05,1,13.581640878781684
YSSZ06,BTSZ01,1,9.162803208769267
YSSZ06,CKSZ03,1,8.68853978490832
YSSZ06,DTSZ11,1,14.33218768055736
YSSZ06,HGSZ02,1,8.96963353792325
YSSZ06,MDSZ02,1,3.0775146249835155
YSSZ06,MDSZ03,1,2.799094067164062
YSSZ06,PGSZ03,1,8.112276072445836
YSSZ06,QTSZ14,1,14.152212741673358
YSSZ06,SBSZ01,1,5.190086286144628
YSSZ06,YSSZ01,2,3.193327869962329
YSSZ07,AMSZ02,1,5.8486869938526596
YSSZ07,CKSZ01,1,7.242830818845825
YSSZ07,OTSZ03,1,14.54545527214609
YSSZ07,QTSZ01,1,11.157879157375023
YSSZ07,TMSZ02,1,16.29015222904483
YSSZ07,WDSZ05,1,4.685531898681379
YSSZ07,YSSZ03,1,4.212986963935834
YSSZ07,YSSZ09,2,3.1952211934322365
YSSZ08,AMSZ01,1,5.419340972745316
YSSZ08,AMSZ02,1,5.775459635647609
YSSZ08,AMSZ10,2,4.103593760269681
YSSZ08,AMSZ12,2,4.722779432662491
YSSZ08,BDSZ04,1,15.403852654368544
YSSZ08,BDSZ05,1,15.356301195737661
YSSZ08,BKSZ05,1,9.992425399657485
YSSZ08,BMSZ09,1,14.270782715506614
YSSZ08,BSSZ03,2,8.049889545762408
YSSZ08,BTSZ01,2,10.937903284121104
YSSZ08,DTSZ08,1,15.657772783876432
YSSZ08,DTSZ09,1,15.918109524634758
YSSZ08,DTSZ11,2,16.044982437369743
YSSZ08,GLSZ05,1,13.649343120647197
YSSZ08,HGSZ09,1,10.489966644521434
YSSZ08,JESZ05,1,13.432650897484972
YSSZ08,KLSZ09,1,13.610384233788741
YSSZ08,MDSZ02,1,1.9949966071759078
YSSZ08,MUSZ01,1,13.375640724519196
YSSZ08,NVSZ02,5,11.269615746608753
YSSZ08,ORSZ02,3,12.531096592214181
YSSZ08,ORSZ03,1,13.048596397387245
YSSZ08,OTSZ03,1,15.439017915388733
YSSZ08,PGSZ01,1,8.681729173963003
YSSZ08,PGSZ04,1,9.540805526576273
YSSZ08,PRSZ03,1,14.210204781752221
YSSZ08,QTSZ09,1,13.167281526968676
YSSZ08,QTSZ11,2,14.748211896649945
YSSZ08,QTSZ13,1,15.57350437458015
YSSZ08,QTSZ14,1,16.06510935269034
YSSZ08,SBSZ03,3,3.379093745575342
YSSZ08,SBSZ04,1,4.569081607884217
YSSZ08,SESZ03,1,8.217025565523734
YSSZ08,SKSZ01,1,7.9155846622805015
YSSZ08,SVSZ01,1,16.65757965448224
YSSZ08,TMSZ02,1,15.350330298538543
YSSZ08,TMSZ04,2,16.373505649334653
YSSZ08,TPSZ02,1,9.685062477131137
YSSZ08,TPSZ12,1,10.841088504125537
YSSZ08,WCSZ01,1,15.949350370172937
YSSZ08,WDSZ01,1,5.412064340750489
YSSZ08,WDSZ02,3,4.790260740452395
YSSZ08,WDSZ03,4,3.938104120754045
YSSZ08,YSSZ01,4,1.392918013502601
YSSZ08,YSSZ02,1,2.4643898683836953
YSSZ08,YSSZ03,3,2.278048703490103
YSSZ08,YSSZ05,3,2.1935563578751625
YSSZ08,YSSZ08,1,0.0
YSSZ08,YSSZ09,6,1.4844220594234585
YSSZ09,AMSZ01,9,6.723825276326214
YSSZ09,AMSZ05,2,7.071637323095412
YSSZ09,AMSZ06,1,6.483721111005641
YSSZ09,AMSZ07,1,6.274110531581218
YSSZ09,AMSZ09,1,5.634515865865736
YSSZ09,AMSZ10,1,5.343003379647113
YSSZ09,AMSZ11,1,4.5204040608274685
YSSZ09,AMSZ12,1,5.85529476498935
YSSZ09,BDSZ04,2,16.1763210369897
YSSZ09,BDSZ05,1,16.315785509581058
YSSZ09,BKSZ01,1,10.681900595175762
YSSZ09,BKSZ04,1,12.018443130747192
YSSZ09,BKSZ05,3,11.228819657285023
YSSZ09,BKSZ08,2,12.241078265442177
YSSZ09,BLSZ02,1,18.543080560241023
YSSZ09,BMSZ01,2,18.16617314006691
YSSZ09,BMSZ02,1,16.639289226274204
YSSZ09,BMSZ04,1,16.36437283322522
YSSZ09,BMSZ05,2,16.841270274460317
YSSZ09,BMSZ06,2,15.486360074106837
YSSZ09,BMSZ09,1,15.730571876324207
YSSZ09,BPSZ04,1,8.708949066702232
YSSZ09,BSSZ01,5,8.170977815592874
YSSZ09,BSSZ02,2,8.675738153522987
YSSZ09,BSSZ03,1,9.366708538494205
YSSZ09,BTSZ01,1,12.296448234369434
YSSZ09,BTSZ05,1,11.18548002727232
YSSZ09,CHSZ02,2,17.76162836119427
YSSZ09,CKSZ03,3,10.592362928045922
YSSZ09,CKSZ06,1,9.83556149433693
YSSZ09,CLSZ01,1,13.82118729716492
YSSZ09,CLSZ03,2,14.674937616926089
YSSZ09,DTSZ01,1,14.938191502062736
YSSZ09,DTSZ02,3,15.618491901902527
YSSZ09,DTSZ03,2,15.813545360675231
YSSZ09,DTSZ05,4,16.542268951385452
YSSZ09,DTSZ08,4,17.07251927216933
YSSZ09,DTSZ09,1,17.342471082879943
YSSZ09,DTSZ10,1,17.560377312185533
YSSZ09,DTSZ11,5,17.45003162543771
YSSZ09,GLSZ02,2,13.016607432054323
YSSZ09,GLSZ03,2,13.437702561604944
YSSZ09,GLSZ04,1,14.229984991923574
YSSZ09,GLSZ05,5,14.74040587097054
YSSZ09,HGSZ02,1,10.129706696436433
YSSZ09,HGSZ05,1,7.898727262600287
YSSZ09,HGSZ06,4,9.381627418754395
YSSZ09,HGSZ08,1,11.574892598435218
YSSZ09,JESZ03,1,14.053989021262614
YSSZ09,JESZ05,5,14.670956311843588
YSSZ09,JESZ06,1,14.858183659322464
YSSZ09,JWSZ08,1,17.93564614351108
YSSZ09,JWSZ09,1,17.542833052411446
YSSZ09,KLSZ03,2,13.717625209324089
YSSZ09,KLSZ05,1,15.35039577717776
YSSZ09,KLSZ06,2,13.739407174343704
YSSZ09,KLSZ07,1,13.232964689461584
YSSZ09,MDSZ03,3,0.8336901196416204
YSSZ09,MPSZ02,1,15.893197663278261
YSSZ09,MPSZ03,2,16.614910037479355
YSSZ09,MUSZ01,2,14.793974491685569
YSSZ09,NTSZ03,1,13.320453542691572
YSSZ09,NVSZ01,1,11.954833821034873
YSSZ09,NVSZ02,7,12.688147750674505
YSSZ09,ORSZ02,10,13.985649668373252
YSSZ09,ORSZ03,2,14.48623547067312
YSSZ09,OTSZ03,6,16.868277722743255
YSSZ09,PGSZ04,2,9.796672246329212
YSSZ09,PLSZ04,1,11.522658161056965
YSSZ09,PNSZ02,1,22.151749698255994
YSSZ09,PRSZ03,1,14.56366106542769
YSSZ09,QTSZ08,1,15.432029426406428
YSSZ09,QTSZ11,3,16.198475493288665
YSSZ09,QTSZ13,1,17.036920378140106
YSSZ09,QTSZ14,3,17.547081720782575
YSSZ09,RCSZ01,2,13.764723187939996
YSSZ09,RCSZ03,1,14.237404031064775
YSSZ09,RCSZ09,1,14.534800280400571
YSSZ09,RCSZ10,2,14.822162926453574
YSSZ09,SBSZ01,4,1.819953253358793
YSSZ09,SBSZ02,3,1.2786310720751461
YSSZ09,SBSZ03,11,2.244423832083414
YSSZ09,SBSZ04,4,3.341235021895382
YSSZ09,SBSZ07,1,3.7846838130132023
YSSZ09,SBSZ08,1,4.755833505499096
YSSZ09,SESZ03,5,8.618314836972653
YSSZ09,SESZ04,1,7.648300738275475
YSSZ09,SESZ06,2,6.448116778096786
YSSZ09,SGSZ01,1,6.5975463972623025
YSSZ09,SGSZ02,1,7.303576386967235
YSSZ09,SGSZ06,2,9.819501450094613
YSSZ09,TMSZ04,3,16.973740135242906
YSSZ09,TMSZ05,3,19.077951637320247
YSSZ09,TNSZ02,2,14.935705425217026
YSSZ09,TNSZ04,1,13.114758186341131
YSSZ09,TPSZ01,1,10.21348607188509
YSSZ09,TPSZ06,4,10.930364173849584
YSSZ09,TPSZ12,1,11.960410982248852
YSSZ09,TSSZ03,1,23.11000071094356
YSSZ09,TSSZ06,1,30.09555402867844
YSSZ09,WCSZ01,6,16.623515431959568
YSSZ09,WDSZ01,2,5.231840309959529
YSSZ09,WDSZ02,12,4.494710631795676
YSSZ09,WDSZ03,6,3.422882487435982
YSSZ09,WDSZ06,2,6.193876820696181
YSSZ09,WDSZ07,1,5.434418141600536
YSSZ09,WDSZ08,1,4.419623811868061
YSSZ09,WDSZ09,1,5.996617798796074
YSSZ09,YSSZ01,13,0.8885412780857345
YSSZ09,YSSZ02,9,1.0963348161770936
YSSZ09,YSSZ03,8,1.7688742052165112
YSSZ09,YSSZ04,4,1.5998556484110604
YSSZ09,YSSZ05,1,2.982344354241913
YSSZ09,YSSZ07,2,3.1952211934322365
YSSZ09,YSSZ08,5,1.4844220594234585
YSSZ09,YSSZ09,18,0.0
