TRAVEL_MODE,ORIGIN_SUBZONE,DESTINATION_SUBZONE,COUNT,TRIP_DISTANCE
VH,JESZ06,CLSZ04,1,2.2903747129095033
WK,PGSZ02,PGSZ02,1,0.0
PT,BMSZ17,CLSZ06,1,9.705301086277531
PT,BSSZ02,BSSZ01,1,1.4491930913198168
VH,JESZ05,SESZ04,1,17.65769832786899
VH,BMSZ04,BMSZ01,1,2.2510633399612368
PT,DTSZ10,YSSZ03,1,17.147745392230362
PT,OTSZ01,BDSZ01,1,9.574094258556581
VH,DTSZ11,BMSZ03,1,4.1392718278977885
VH,JWSZ03,JWSZ02,1,1.1903534965573972
PT,BDSZ04,JESZ05,1,21.49468574123992
PT,WCSZ01,CKSZ03,1,6.445375910278424
VH,JESZ05,CLSZ04,1,3.174817557630327
PT,WDSZ07,TMSZ02,1,21.180222527274527
WK,BMSZ08,BMSZ04,1,0.59386186624026
WK,BDSZ04,BDSZ03,1,2.353398647735378
PT,MUSZ01,DTSZ01,1,1.2066032863056144
PT,DTSZ01,SGSZ06,1,6.1233919991614005
PT,SESZ04,DTSZ05,1,13.022712014626789
VH,TMSZ03,HGSZ08,1,5.398544920227533
PT,PRSZ03,TMSZ04,1,3.554865866429268
WK,PGSZ04,PGSZ04,1,0.0
PT,SBSZ03,QTSZ11,1,17.335793254969907
WK,RCSZ10,DTSZ02,1,0.8039412247349442
PT,BMSZ04,BMSZ01,1,2.2510633399612368
VH,CLSZ05,AMSZ01,1,11.975847670303475
PT,BPSZ07,QTSZ08,1,6.317948774575861
WK,SBSZ03,SBSZ05,1,1.1325109350819553
WK,SESZ02,SESZ06,1,3.2776746306326205
PT,DTSZ09,TMSZ03,1,12.864791287736784
PT,BTSZ01,BTSZ06,1,3.602990103149332
PT,MUSZ02,GLSZ05,1,6.3500981474247915
VH,TMSZ02,BSSZ02,1,11.821167916419341
PT,AMSZ01,HGSZ04,1,4.344027574087123
PT,JESZ05,WDSZ06,1,12.168955161426084
WK,QTSZ11,QTSZ10,1,0.9343207049567491
VH,TPSZ06,TPSZ01,1,1.900206871642527
PT,HGSZ05,HGSZ05,1,0.0
PT,BSSZ03,BSSZ02,1,1.034011091901759
PT,QTSZ08,BKSZ05,1,7.063810457789163
PT,TPSZ10,DTSZ11,1,7.694544586642889
PT,SESZ06,YSSZ01,1,5.56294361157275
WK,BTSZ01,BTSZ01,1,0.0
PT,SBSZ03,QTSZ10,1,16.405496733668663
WK,KLSZ07,KLSZ07,1,0.0
VH,TMSZ04,SGSZ06,1,9.351615237631334
PT,WDSZ09,HGSZ05,1,13.607111051802473
PT,KLSZ06,SGSZ06,1,4.7797249941233115
PT,KLSZ09,GLSZ04,1,2.6696523516832915
PT,BPSZ01,JESZ03,1,5.63935903522733
WK,DTSZ05,DTSZ05,1,0.0
PT,TPSZ06,QTSZ04,1,7.933811564437317
PT,JWSZ03,JWSZ04,1,1.7107282695398258
PT,PGSZ02,BMSZ05,1,16.190965710354643
PT,SESZ02,MUSZ01,1,11.901751349668295
PT,JWSZ09,WCSZ01,1,4.867229736806335
PT,BKSZ08,DTSZ03,1,13.02303768206327
VH,TSSZ06,SBSZ03,1,30.18925614650171
PT,BMSZ07,BMSZ04,1,1.9555381553333073
PT,DTSZ11,GLSZ04,1,5.5301729837225455
VH,BPSZ05,BPSZ05,1,0.0
PT,DTSZ05,PRSZ03,1,14.581348508611656
PT,YSSZ09,TMSZ04,1,16.973740135242906
PT,MPSZ03,QTSZ08,1,12.960943887980356
PT,CKSZ02,BPSZ04,1,3.098894930087644
VH,YSSZ03,OTSZ03,1,16.45255773280004
PT,WDSZ09,WDSZ01,1,1.4057969588338775
PT,BSSZ03,HGSZ07,1,3.8148468673759472
PT,RCSZ10,BSSZ03,1,5.577571322090329
PT,NVSZ01,BSSZ01,1,4.140712133667812
PT,SESZ04,HGSZ02,1,2.9359187963327877
PT,GLSZ04,DTSZ05,1,4.9780475407465925
VH,BKSZ04,BTSZ01,1,2.777224787556547
PT,PGSZ01,DTSZ08,1,16.59428387808019
WK,YSSZ02,YSSZ02,1,0.0
PT,BSSZ02,TPSZ05,1,2.0222166307092877
PT,BMSZ17,BMSZ07,1,3.9046625287544408
WK,YSSZ04,YSSZ04,1,0.0
WK,KLSZ01,KLSZ01,1,0.0
PT,AMSZ02,AMSZ11,1,2.4681966670578097
PT,CKSZ03,CKSZ01,1,0.8899078021080913
VH,PRSZ05,SESZ03,1,7.311629435529212
PT,HGSZ05,SESZ04,1,1.720585279728292
WK,QTSZ15,CLSZ06,1,4.179653083045696
PT,BDSZ06,PRSZ08,1,4.855385417404755
PT,BMSZ08,QTSZ11,1,5.185798776659214
PT,BDSZ05,TPSZ07,1,7.127475028667871
PT,GLSZ01,PGSZ02,1,9.67470345688196
VH,BSSZ01,AMSZ01,1,2.330062203630164
PT,BDSZ02,GLSZ03,1,3.505008869857587
VH,BTSZ05,BTSZ03,1,2.8036270900135425
PT,JWSZ09,JWSZ04,1,2.2141262582406362
PT,JESZ05,JWSZ06,1,4.980010580141298
PT,BMSZ02,BMSZ09,1,1.5689219202083913
VH,DTSZ11,PRSZ02,1,15.070272920189144
PT,BSSZ03,BSSZ03,1,0.0
PT,WDSZ02,JESZ06,1,13.518126701250333
WK,JESZ01,JESZ02,1,1.0589239214789605
PT,BSSZ02,MUSZ01,1,6.172525684162197
PT,SESZ03,SESZ02,1,0.9264025278629129
PT,TPSZ01,BTSZ07,1,5.606162117112785
WK,CKSZ06,CKSZ06,1,0.0
VH,HGSZ05,SESZ02,1,2.722568976450663
PT,SESZ04,TSSZ02,1,29.108222121674487
PT,NVSZ02,CKSZ06,1,14.017864654757709
PT,ORSZ02,TMSZ03,1,12.45389772749502
PT,BDSZ03,MPSZ03,1,2.603159149303617
VH,PRSZ08,TMSZ02,1,1.7629920239944799
PT,SGSZ06,TPSZ10,1,1.325651271779934
VH,SESZ03,HGSZ08,1,5.434285984043366
PT,KLSZ07,DTSZ11,1,4.235576503546073
PT,BDSZ07,BDSZ03,1,2.393711987511306
PT,BTSZ01,TMSZ02,1,20.057503162804043
VH,SGSZ06,HGSZ07,1,1.8431609549072046
PT,TMSZ02,TMSZ04,1,1.5608180588962757
PT,BKSZ05,CKSZ03,1,3.7324497524941984
VH,BDSZ06,BDSZ06,1,0.0
PT,BSSZ03,BSSZ03,1,0.0
PT,BTSZ01,TMSZ02,1,20.057503162804043
PT,HGSZ05,SESZ06,1,1.6602232514061128
PT,BDSZ04,NVSZ01,1,9.459263596389071
PT,AMSZ03,JESZ05,1,13.027354259550759
PT,PGSZ04,GLSZ01,1,8.599010069805706
PT,JWSZ09,RVSZ05,1,15.902123626114294
PT,BDSZ04,BDSZ03,1,2.353398647735378
VH,BMSZ04,OTSZ03,1,1.9278935544172855
VH,TMSZ04,BDSZ04,1,2.300713819335355
PT,AMSZ09,AMSZ01,1,1.2075000973564398
PT,TMSZ04,BDSZ04,1,2.300713819335355
PT,BDSZ07,BDSZ04,1,2.830426449952091
PT,AMSZ02,SESZ06,1,3.5274829579787665
PT,NVSZ02,TMSZ02,1,12.726796719617527
PT,RCSZ10,PRSZ03,1,13.274872873534077
PT,QTSZ08,BKSZ05,1,7.063810457789163
PT,CHSZ02,HGSZ08,1,10.402816256461453
PT,HGSZ08,TPSZ06,1,3.317655581076565
VH,YSSZ04,YSSZ05,1,1.4036652366683415
PT,CLSZ06,SESZ02,1,17.873931382734582
PT,TMSZ02,CHSZ02,1,3.3449933964791545
WK,OTSZ03,DTSZ08,1,0.5933682078899496
PT,BMSZ01,NVSZ01,1,7.566836336203431
PT,SBSZ05,JESZ05,1,16.214967388765473
WK,SGSZ06,SGSZ06,1,0.0
VH,KLSZ08,HGSZ02,1,7.168763053129072
PT,PGSZ02,PGSZ05,1,1.695802786427982
VH,RCSZ10,PRSZ03,1,13.274872873534077
PT,YSSZ03,SBSZ04,1,4.717740707250353
WK,ORSZ02,ORSZ02,1,0.0
PT,GLSZ04,ORSZ02,1,5.758616797070354
PT,CKSZ03,YSSZ09,1,10.592362928045922
WK,BDSZ01,BDSZ01,1,0.0
PT,BMSZ04,PGSZ03,1,15.329442546966646
WK,DTSZ01,DTSZ02,1,0.8112413736091982
VH,BDSZ04,GLSZ02,1,5.659638278603995
WK,JWSZ02,JWSZ02,1,0.0
VH,AMSZ03,JESZ05,1,13.027354259550759
PT,TMSZ02,TMSZ03,1,1.8211342041293208
VH,YSSZ05,YSSZ04,1,1.4036652366683415
PT,GLSZ03,TMSZ02,1,6.673217167241603
WK,TPSZ02,TPSZ02,1,0.0
WK,PGSZ03,PGSZ02,1,0.8699452159826071
PT,PGSZ05,PGSZ02,1,1.695802786427982
PT,SGSZ03,KLSZ07,1,7.217689256146831
PT,KLSZ08,PGSZ02,1,11.295907870658041
PT,SBSZ03,MUSZ01,1,16.684516538082182
VH,MPSZ03,BDSZ04,1,4.4070958391624195
PT,HGSZ04,HGSZ01,1,0.7566664343295557
PT,BMSZ13,GLSZ03,1,11.389246054243774
PT,BDSZ03,BDSZ06,1,3.2398903564817414
PT,DTSZ08,BSSZ03,1,7.928432904461593
WK,PGSZ02,PGSZ03,1,0.8699452159826071
VH,AMSZ01,SESZ03,1,6.030898896125365
PT,TPSZ03,SRSZ01,1,5.650875249962959
PT,CLSZ01,CLSZ06,1,2.3137214955280214
PT,JWSZ02,RCSZ10,1,16.58344874854525
PT,PRSZ03,BDSZ05,1,7.0661720537196056
PT,BKSZ07,GLSZ03,1,16.376553450100367
PT,BDSZ03,WDSZ03,1,18.09292159936792
VH,NVSZ02,BDSZ06,1,11.31785586188237
WK,BKSZ07,BKSZ07,1,0.0
PT,QTSZ02,DTSZ08,1,6.8584316940942385
PT,GLSZ05,SESZ04,1,8.677098780927729
PT,SESZ05,DTSZ11,1,12.84300844556907
VH,KLSZ01,GLSZ04,1,2.563234876608385
WK,AMSZ02,AMSZ01,1,0.8098454795607932
PT,PGSZ04,GLSZ03,1,7.421862415388415
PT,SGSZ04,SGSZ04,1,0.0
PT,BSSZ03,TNSZ04,1,5.932431432246732
PT,TPSZ06,BMSZ17,1,8.310076269116433
PT,GLSZ04,DTSZ01,1,3.502717882200577
WK,DTSZ02,DTSZ02,1,0.0
PT,OTSZ03,QTSZ04,1,5.734340756585739
PT,BTSZ01,OTSZ03,1,10.284161393952976
PT,BDSZ06,BLSZ02,1,26.27411934551337
PT,NVSZ02,KLSZ06,1,1.9670648744696475
PT,KLSZ01,DTSZ08,1,5.054444609289711
PT,ORSZ03,RCSZ08,1,1.1951939815702364
PT,DTSZ11,BDSZ01,1,9.204216987527316
PT,WDSZ03,BKSZ04,1,10.935891248304463
VH,JWSZ02,CKSZ03,1,5.9498147748455255
PT,YSSZ01,WDSZ05,1,6.576922077057564
PT,WDSZ04,ORSZ03,1,15.131457878696056
PT,AMSZ03,AMSZ01,1,1.363824475326825
PT,BDSZ06,BDSZ03,1,3.2398903564817414
WK,ORSZ02,ORSZ02,1,0.0
PT,QTSZ05,QTSZ08,1,1.9041709380211382
PT,BDSZ05,MUSZ03,1,8.15634994682055
PT,KLSZ02,RVSZ01,1,5.276123074685391
PT,BSSZ01,SBSZ01,1,9.989598082152261
PT,TMSZ02,TMSZ02,1,0.0
VH,PRSZ05,TMSZ02,1,1.8444573221520455
PT,SESZ02,SESZ04,1,1.914283801890594
VH,BPSZ03,BPSZ05,1,1.1253728669166327
VH,OTSZ03,BDSZ04,1,11.697349354766779
PT,YSSZ09,CHSZ02,1,17.76162836119427
VH,BDSZ04,TMSZ02,1,3.1599829379376176
PT,DTSZ01,BMSZ11,1,3.9377051292345433
PT,BMSZ13,DTSZ10,1,3.874623566219176
VH,TPSZ03,AMSZ03,1,2.7227174990409604
PT,SGSZ04,SGSZ06,1,1.2504688104488453
PT,HGSZ02,BSSZ01,1,7.4496670702867185
VH,ORSZ02,ORSZ02,1,0.0
PT,BDSZ05,TMSZ04,1,4.713978723286054
VH,KLSZ01,TPSZ11,1,1.7955692744684348
VH,JWSZ03,WCSZ01,1,4.998520485381283
VH,TMSZ02,TMSZ03,1,1.8211342041293208
PT,YSSZ09,AMSZ01,1,6.723825276326214
WK,QTSZ05,QTSZ05,1,0.0
WK,ORSZ02,ORSZ03,1,0.8534670569351773
PT,QTSZ09,SESZ03,1,16.096406199528996
PT,BPSZ07,TPSZ02,1,7.924588653834165
WK,YSSZ01,YSSZ02,1,1.2670184364300072
PT,HGSZ06,HGSZ05,1,2.0181787503117468
PT,TMSZ02,RCSZ10,1,12.504277004594108
PT,OTSZ03,BMSZ12,1,3.9137665802028723
PT,AMSZ08,SBSZ03,1,6.72711712310467
VH,BTSZ03,PGSZ04,1,16.046945684286747
WK,DTSZ02,RCSZ05,1,1.3115614551907029
PT,NTSZ03,PGSZ05,1,13.080180370058734
PT,BDSZ03,HGSZ06,1,5.74849203762351
PT,BMSZ17,WDSZ03,1,19.94452303719967
PT,BPSZ06,WCSZ01,1,9.27682551322902
PT,NTSZ03,TNSZ02,1,2.338629182958173
PT,PRSZ06,BDSZ06,1,6.830880702307267
VH,HGSZ07,HGSZ08,1,1.4564913024819
PT,BMSZ04,OTSZ01,1,1.4106147507172315
VH,NVSZ02,TMSZ02,1,12.726796719617527
PT,GLSZ04,DTSZ02,1,4.173340799230519
VH,KLSZ01,BSSZ03,1,3.2249400583604353
VH,SLSZ01,PGSZ03,1,3.5609174882140366
PT,BMSZ05,CKSZ05,1,15.90249487698967
PT,JWSZ04,QTSZ08,1,8.753793101044835
VH,PGSZ02,SESZ03,1,1.986152873619633
VH,BTSZ07,BTSZ04,1,1.7367417897122053
PT,WDSZ03,SGSZ02,1,10.168934656544748
PT,NTSZ03,YSSZ03,1,12.964430887051197
PT,HGSZ07,QTSZ11,1,13.973973321132538
PT,KLSZ03,PRSZ05,1,11.393064565201914
PT,JESZ02,BMSZ17,1,13.723612241445476
PT,BDSZ01,RCSZ09,1,7.477315615247277
PT,NVSZ02,KLSZ03,1,3.2915002082718576
PT,BMSZ04,CKSZ06,1,15.657607983345784
PT,KLSZ02,CHSZ02,1,13.046444678110175
PT,TPSZ04,TPSZ02,1,0.8358827334321068
VH,PGSZ04,AMSZ01,1,7.568895374585283
PT,BSSZ03,BSSZ02,1,1.034011091901759
PT,BDSZ05,BDSZ04,1,2.45621100070819
WK,BPSZ02,BPSZ05,1,1.1435975036682837
VH,BDSZ02,BDSZ02,1,0.0
PT,TMSZ02,TMSZ04,1,1.5608180588962757
PT,CHSZ03,BMSZ08,1,20.958239951437097
PT,BKSZ04,JWSZ09,1,5.9966123375675515
PT,CKSZ02,BPSZ05,1,2.1993511415909817
PT,HGSZ07,SESZ02,1,3.9877267555770275
VH,CKSZ05,BPSZ04,1,3.520038284776106
WK,BKSZ05,BKSZ05,1,0.0
PT,SESZ04,SESZ02,1,1.914283801890594
VH,MUSZ01,JWSZ04,1,14.341375638721516
PT,BDSZ03,GLSZ02,1,3.392513564310625
WK,DTSZ05,DTSZ08,1,0.6129048720467968
WK,HGSZ02,HGSZ06,1,2.086499826792444
WK,JWSZ02,JWSZ02,1,0.0
PT,HGSZ02,NVSZ03,1,8.81879515337092
PT,HGSZ03,YSSZ09,1,9.569118636813178
PT,DTSZ02,CLSZ05,1,11.220234416018338
PT,JWSZ04,BMSZ01,1,12.613041824954735
PT,PLSZ04,TPSZ12,1,2.363468354949041
PT,AMSZ01,AMSZ03,1,1.363824475326825
VH,AMSZ04,BSSZ01,1,1.9924536063797271
PT,BDSZ03,QTSZ12,1,14.372801652016264
WK,HGSZ04,HGSZ04,1,0.0
WK,DTSZ01,DTSZ01,1,0.0
PT,BMSZ01,PGSZ04,1,17.726237867190797
WK,KLSZ01,KLSZ01,1,0.0
PT,BDSZ04,OTSZ03,1,11.697349354766779
PT,TMSZ05,BDSZ04,1,3.6785665957272142
VH,WDSZ02,PGSZ04,1,14.224882860241186
PT,CHSZ03,BKSZ03,1,28.78326092449299
PT,YSSZ02,BSSZ01,1,8.965771942695529
PT,GLSZ03,BMSZ06,1,9.44338844590905
PT,TPSZ05,BSSZ02,1,2.0222166307092877
VH,SGSZ04,AMSZ03,1,1.2356205929987218
WK,JESZ01,JESZ01,1,0.0
VH,TMSZ02,TMSZ03,1,1.8211342041293208
VH,MPSZ03,MPSZ03,1,0.0
VH,JWSZ03,JESZ03,1,3.1067249608516656
WK,HGSZ06,SGSZ06,1,1.628829512348083
PT,BKSZ07,BTSZ01,1,2.606142587234807
PT,ORSZ02,JWSZ08,1,15.914319753011856
VH,HGSZ05,HGSZ04,1,0.9713078128166454
PT,BMSZ10,MUSZ03,1,2.432122047521878
VH,WDSZ03,YSSZ03,1,5.181937664282708
PT,TMSZ02,BDSZ04,1,3.1599829379376176
PT,YSSZ05,SKSZ04,1,10.896997669951515
PT,TMSZ01,PGSZ04,1,4.422063877996945
WK,DTSZ08,DTSZ05,1,0.6129048720467968
VH,WCSZ01,QTSZ08,1,14.628370285264664
PT,WDSZ05,BMSZ05,1,17.76014031935608
PT,SGSZ06,ORSZ03,1,6.690321689703724
PT,CLSZ07,CLSZ07,1,0.0
PT,AMSZ01,AMSZ12,1,1.3967183931881388
PT,JWSZ03,BMSZ08,1,13.257826466077022
PT,PGSZ04,YSSZ01,1,8.920932839884006
WK,SESZ06,SESZ06,1,0.0
PT,BPSZ05,DTSZ11,1,14.699280581053403
VH,WDSZ04,WDSZ02,1,1.1835083864709004
PT,SKSZ03,BKSZ09,1,6.576477513582783
PT,SGSZ04,TPSZ11,1,3.3686332191001673
VH,TMSZ02,TMSZ02,1,0.0
PT,SESZ05,JESZ06,1,17.063797690482534
PT,SKSZ03,TMSZ01,1,19.932722818655527
PT,JESZ05,CKSZ03,1,5.797495543303256
PT,YSSZ09,SBSZ07,1,3.7846838130132023
WK,YSSZ01,YSSZ01,1,0.0
PT,HGSZ04,PGSZ03,1,3.468284453692088
PT,HGSZ04,AMSZ10,1,4.599438344565637
PT,AMSZ03,RCSZ10,1,7.189387052247098
PT,RCSZ02,GLSZ05,1,5.05203165358659
WK,CLSZ06,CLSZ06,1,0.0
PT,DTSZ09,KLSZ06,1,4.15533675661154
VH,MPSZ02,YSSZ09,1,15.893197663278261
WK,BKSZ07,BKSZ05,1,1.7258909416032453
VH,DTSZ03,KLSZ05,1,2.0454217248159847
PT,QTSZ04,QTSZ10,1,1.9294285269824714
VH,BSSZ03,AMSZ09,1,3.782368191238053
VH,JWSZ08,YSSZ09,1,17.93564614351108
PT,BMSZ16,BMSZ01,1,2.618652417920164
PT,GLSZ02,KLSZ01,1,2.657954423603602
VH,TMSZ02,BDSZ04,1,3.1599829379376176
PT,TMSZ02,TMSZ03,1,1.8211342041293208
VH,CHSZ03,WDSZ03,1,24.474051696288676
PT,DTSZ02,BTSZ03,1,8.622342478453431
PT,KLSZ07,DTSZ01,1,1.7394853298754849
WK,JWSZ04,JWSZ03,1,1.7107282695398258
PT,AMSZ08,BSSZ03,1,4.942727907791809
WK,CLSZ04,CLSZ05,1,1.332558670908388
PT,BPSZ03,ORSZ02,1,11.162018247306616
PT,DTSZ08,JWSZ03,1,16.265849147356636
VH,SBSZ03,WDSZ03,1,1.8504157042501537
WK,ORSZ02,ORSZ02,1,0.0
VH,HGSZ07,AMSZ09,1,5.844341790205053
WK,KLSZ01,KLSZ01,1,0.0
VH,BTSZ01,CKSZ01,1,5.201199803389543
PT,KLSZ09,PGSZ05,1,12.525138305142937
WK,PGSZ04,PGSZ03,1,1.813530848549925
VH,HGSZ06,PGSZ02,1,5.628905898024225
WK,CLSZ08,CLSZ08,1,0.0
PT,GLSZ04,GLSZ05,1,1.665730792673618
PT,QTSZ11,SGSZ06,1,12.183856278019633
PT,BMSZ17,SESZ03,1,15.58900183963848
PT,BDSZ06,TMSZ04,1,2.3820541097862336
PT,TPSZ04,ORSZ02,1,4.0278881839693295
PT,JWSZ09,GLSZ01,1,19.409626117853996
PT,QTSZ08,MPSZ03,1,12.960943887980356
PT,JWSZ09,JWSZ09,1,0.0
PT,AMSZ01,AMSZ01,1,0.0
PT,DTSZ05,NVSZ02,1,3.8804120572691936
PT,TMSZ02,TMSZ03,1,1.8211342041293208
PT,BDSZ01,SGSZ04,1,5.644819317676335
PT,SESZ03,PGSZ04,1,1.5480541741474918
PT,SISZ01,BMSZ01,1,2.7638494085819123
VH,DTSZ01,HGSZ06,1,7.6036249301100725
PT,BPSZ04,BPSZ07,1,2.657887128381221
PT,BSSZ02,ORSZ02,1,5.616671589004334
VH,ORSZ02,MUSZ01,1,1.578329271639839
PT,TMSZ04,BDSZ06,1,2.3820541097862336
PT,CLSZ04,QTSZ05,1,5.135637327661878
WK,WDSZ03,WDSZ03,1,0.0
PT,SISZ01,BMSZ01,1,2.7638494085819123
PT,OTSZ04,BDSZ04,1,11.153061949964261
PT,BDSZ04,TMSZ02,1,3.1599829379376176
PT,YSSZ07,WDSZ05,1,4.685531898681379
PT,BDSZ04,BDSZ06,1,1.3781452505148277
PT,BTSZ01,YSSZ09,1,12.296448234369434
PT,BSSZ01,DTSZ08,1,8.978277793837487
WK,JESZ03,JESZ03,1,0.0
WK,TMSZ03,TMSZ03,1,0.0
PT,BSSZ03,KLSZ01,1,3.2249400583604353
PT,TMSZ02,TMSZ04,1,1.5608180588962757
VH,BDSZ04,BDSZ04,1,0.0
WK,BKSZ04,BKSZ04,1,0.0
PT,KLSZ01,TPSZ03,1,2.452561666995805
PT,PGSZ04,HGSZ06,1,4.904126959456134
WK,HGSZ04,HGSZ04,1,0.0
VH,BSSZ02,BSSZ02,1,0.0
PT,JWSZ03,QTSZ08,1,9.673962239984842
PT,TNSZ04,DTSZ02,1,5.10514311177148
PT,BKSZ07,ORSZ02,1,10.28974087368996
PT,QTSZ12,TMSZ04,1,18.979663033673546
PT,SBSZ01,SESZ05,1,9.529455731785909
PT,BKSZ05,JESZ05,1,3.4432452306580053
WK,YSSZ09,YSSZ03,1,1.7688742052165112
PT,TSSZ06,SBSZ03,1,30.18925614650171
PT,TMSZ05,BDSZ02,1,4.902586233981663
WK,BMSZ01,BMSZ01,1,0.0
VH,GLSZ05,GLSZ04,1,1.665730792673618
PT,SESZ03,BSSZ02,1,7.182795908681114
PT,WDSZ03,TSSZ03,1,21.039847328187854
PT,GLSZ04,SESZ05,1,7.8661665834002354
PT,WDSZ02,WDSZ06,1,1.786133057081358
VH,WDSZ02,YSSZ09,1,4.494710631795676
PT,AMSZ01,HGSZ01,1,4.97583748600457
WK,SESZ05,SESZ05,1,0.0
PT,KLSZ03,GLSZ05,1,2.904422047168715
PT,SESZ03,SESZ03,1,0.0
WK,BPSZ03,BPSZ02,1,0.5664853816710722
WK,TMSZ02,TMSZ02,1,0.0
VH,SGSZ06,SGSZ04,1,1.2504688104488453
PT,DTSZ11,YSSZ03,1,16.93948343031589
PT,WDSZ03,WDSZ01,1,1.9549224562619225
PT,BMSZ12,DTSZ11,1,4.93030026481685
PT,BPSZ05,ORSZ03,1,11.600320924921256
PT,TMSZ03,PLSZ03,1,3.8531264499984608
PT,TPSZ09,SGSZ06,1,2.204579948905714
PT,ORSZ02,KLSZ03,1,4.541487709652433
PT,GLSZ02,OTSZ03,1,7.00509234830924
PT,CLSZ04,AMSZ07,1,9.488612356419946
PT,TNSZ02,DTSZ09,1,3.431624609606237
PT,MSSZ01,BPSZ04,1,14.779368305563489
PT,DTSZ11,AMSZ09,1,11.823129524767312
PT,YSSZ09,TNSZ04,1,13.114758186341131
VH,OTSZ03,SGSZ04,1,9.551140020285157
PT,BPSZ05,JESZ05,1,5.434841826483245
PT,TMSZ04,OTSZ03,1,13.997755362790137
VH,TMSZ01,GLSZ04,1,8.436408384775138
PT,BDSZ06,BDSZ04,1,1.3781452505148277
VH,JESZ05,SBSZ01,1,16.096847063070182
PT,TPSZ01,ORSZ02,1,3.9764216624837263
PT,SESZ04,RCSZ01,1,10.338669238213022
VH,CKSZ03,CKSZ01,1,0.8899078021080913
PT,TPSZ02,CKSZ05,1,12.896090990080097
PT,PRSZ02,DTSZ03,1,13.182971670744188
WK,KLSZ01,KLSZ01,1,0.0
WK,BKSZ06,BKSZ06,1,0.0
WK,NVSZ01,NVSZ02,1,1.267584011192419
PT,JWSZ03,QTSZ13,1,9.620790170164941
VH,GLSZ05,BMSZ01,1,10.840221384681632
PT,BSSZ01,ORSZ03,1,6.333117926494728
WK,KLSZ01,KLSZ08,1,0.9892555638969216
WK,BDSZ02,BDSZ01,1,1.9291533799147353
PT,QTSZ11,AMSZ01,1,11.566261607196632
WK,JWSZ09,JWSZ09,1,0.0
PT,JWSZ09,JWSZ09,1,0.0
PT,MPSZ03,GLSZ03,1,3.2209837584109384
VH,GLSZ03,TMSZ02,1,6.673217167241603
PT,YSSZ01,RCSZ02,1,13.45860199238026
WK,DTSZ02,DTSZ02,1,0.0
PT,TMSZ02,DTSZ08,1,14.16091343269169
VH,TMSZ05,CLSZ03,1,23.60761849228314
WK,ORSZ02,ORSZ02,1,0.0
PT,TMSZ04,TMSZ02,1,1.5608180588962757
PT,BMSZ13,QTSZ14,1,1.5886216462218725
VH,YSSZ02,YSSZ02,1,0.0
VH,GLSZ04,BDSZ03,1,3.7432437975351087
WK,SGSZ06,SGSZ06,1,0.0
PT,AMSZ01,SESZ02,1,6.6768756890591465
PT,WDSZ06,GLSZ05,1,19.12156329462713
PT,GLSZ05,TPSZ06,1,4.938649673584462
PT,BMSZ10,BMSZ02,1,1.437973710070869
VH,GLSZ03,GLSZ05,1,1.4227448334206714
PT,WDSZ04,WDSZ01,1,1.4487914875070382
WK,BMSZ05,OTSZ03,1,1.0064294142100676
PT,PRSZ08,NVSZ02,1,14.489607943079454
PT,MUSZ03,JWSZ04,1,14.876555788859928
WK,BDSZ04,BDSZ03,1,2.353398647735378
PT,WCSZ01,CLSZ08,1,12.035861949460505
PT,BDSZ01,BDSZ02,1,1.9291533799147353
PT,WDSZ02,HGSZ06,1,13.093424315880567
VH,NVSZ02,KLSZ08,1,2.5500456302490604
PT,SESZ03,SESZ04,1,0.9952512670910597
PT,KLSZ05,YSSZ09,1,15.35039577717776
PT,BMSZ17,YSSZ09,1,18.4510846459588
VH,QTSZ13,DTSZ11,1,8.131267997067525
PT,KLSZ06,SGSZ06,1,4.7797249941233115
PT,DTSZ02,BMSZ09,1,2.544450002466052
PT,BDSZ03,BDSZ04,1,2.353398647735378
PT,CKSZ02,DTSZ02,1,15.03318122238529
PT,YSSZ01,YSSZ04,1,0.916928626122495
PT,SBSZ03,YSSZ01,1,3.1103199668128694
PT,AMSZ09,AMSZ09,1,0.0
PT,BSSZ02,DTSZ01,1,6.263198709452091
PT,QTSZ02,DTSZ05,1,6.823021454865297
PT,ORSZ02,PRSZ05,1,15.768963448778594
PT,HGSZ03,HGSZ06,1,2.378687695701491
VH,CHSZ03,BDSZ01,1,10.248710691630993
PT,DTSZ11,AMSZ09,1,11.823129524767312
VH,KLSZ01,CHSZ03,1,15.718149589742476
WK,WDSZ03,WDSZ03,1,0.0
PT,HGSZ05,HGSZ05,1,0.0
PT,MUSZ03,AMSZ05,1,8.069185952019145
PT,JWSZ03,JESZ05,1,3.042266158318978
PT,SBSZ04,GLSZ02,1,16.35406951973074
VH,HGSZ06,SESZ02,1,3.852923087151795
PT,DTSZ09,PRSZ08,1,16.28822748704173
PT,TMSZ02,SRSZ01,1,14.503743462065598
PT,TPSZ02,TPSZ03,1,0.965516492332505
PT,AMSZ06,AMSZ06,1,0.0
WK,BPSZ01,BPSZ01,1,0.0
PT,TMSZ02,BMSZ05,1,15.394614815345465
PT,BSSZ01,YSSZ09,1,8.170977815592874
PT,BTSZ01,KLSZ07,1,9.157718148267811
WK,HGSZ05,HGSZ05,1,0.0
PT,TMSZ02,DTSZ08,1,14.16091343269169
VH,NVSZ01,GLSZ02,1,3.799664429810008
VH,BKSZ05,WCSZ01,1,8.756646641547668
PT,QTSZ08,BTSZ07,1,2.181504046420334
VH,KLSZ01,QTSZ11,1,9.914288876714469
PT,BDSZ04,BDSZ04,1,0.0
VH,BDSZ01,YSSZ03,1,12.425396513840122
WK,GLSZ04,GLSZ04,1,0.0
WK,SBSZ03,SBSZ04,1,1.203473776478544
PT,QTSZ08,TMSZ03,1,17.048418437842894
VH,GLSZ04,GLSZ03,1,2.2208826856539945
WK,SGSZ03,SGSZ04,1,1.4946824857733565
VH,JWSZ08,BKSZ05,1,7.772856988410621
VH,AMSZ02,AMSZ05,1,1.823303920901637
PT,BMSZ08,QTSZ12,1,3.3205071386201483
PT,TMSZ03,PRSZ02,1,3.4468681481832695
PT,JWSZ09,BKSZ04,1,5.9966123375675515
PT,TPSZ09,BMSZ17,1,8.187356735084004
PT,TPSZ09,SGSZ04,1,3.3024682758148685
PT,BDSZ01,GLSZ01,1,3.8730448708848235
PT,SESZ06,BLSZ02,1,20.569118369801956
WK,TMSZ02,TMSZ02,1,0.0
VH,BMSZ09,TPSZ06,1,6.103277967370817
PT,BKSZ03,BKSZ03,1,0.0
PT,AMSZ12,AMSZ01,1,1.3967183931881388
PT,NVSZ02,TPSZ02,1,1.7042808276546735
PT,SESZ03,SESZ04,1,0.9952512670910597
PT,SESZ02,SESZ04,1,1.914283801890594
PT,DTSZ02,BMSZ13,1,5.226442705711133
PT,SRSZ02,WCSZ01,1,20.054392160501845
PT,NVSZ02,BTSZ06,1,4.672767801859586
PT,QTSZ12,JESZ08,1,6.41259185403386
PT,QTSZ10,CKSZ06,1,11.324433272789664
PT,JESZ05,CLSZ08,1,4.088270141502623
PT,NVSZ02,BSSZ03,1,3.75325190070528
WK,AMSZ06,AMSZ06,1,0.0
PT,TMSZ03,MUSZ03,1,11.23798501973583
PT,BSSZ02,TPSZ02,1,2.4181083072539438
PT,TPSZ09,SGSZ06,1,2.204579948905714
PT,PGSZ04,SRSZ02,1,13.841360359698912
VH,BMSZ07,CHSZ03,1,22.293089841447646
PT,YSSZ03,BTSZ01,1,13.029164315395265
PT,CKSZ04,PNSZ03,1,8.966138758984597
WK,BPSZ05,BPSZ04,1,0.9043775472896666
VH,BKSZ02,BPSZ04,1,3.332319905966672
PT,AMSZ12,YSSZ01,1,5.115609634643661
VH,GLSZ04,KLSZ05,1,1.7607139526066777
PT,QTSZ12,QTSZ01,1,2.925800347769965
VH,TMSZ03,TMSZ02,1,1.8211342041293208
PT,BMSZ10,TSSZ02,1,22.48735936818268
PT,SGSZ06,TNSZ01,1,6.687072823979327
WK,MPSZ03,MPSZ03,1,0.0
PT,AMSZ09,GLSZ05,1,9.65204567057468
VH,BDSZ01,TMSZ04,1,4.972553207377186
VH,RCSZ10,CKSZ02,1,14.537392542095022
WK,KLSZ09,KLSZ09,1,0.0
PT,NVSZ02,YSSZ03,1,12.267324191950772
VH,QTSZ08,TMSZ04,1,18.71618558134136
WK,WDSZ03,WDSZ03,1,0.0
WK,BKSZ06,BKSZ07,1,0.9082341190430384
PT,NVSZ01,TMSZ04,1,11.565714256539229
PT,GLSZ04,BMSZ17,1,7.5428897782085285
VH,AMSZ05,AMSZ02,1,1.823303920901637
PT,TPSZ06,DTSZ05,1,5.961255650301703
VH,DTSZ03,AMSZ02,1,9.013382845063973
PT,JESZ03,CKSZ04,1,4.727868748141155
PT,CKSZ01,CKSZ06,1,2.2593769850091614
PT,GLSZ02,MUSZ03,1,5.270866295209281
WK,WDSZ03,SBSZ09,1,1.4977107594974173
WK,DTSZ05,DTSZ05,1,0.0
PT,QTSZ05,WDSZ01,1,15.938647474305698
WK,TMSZ02,TMSZ02,1,0.0
PT,SBSZ08,WDSZ05,1,4.724483653313333
VH,BDSZ01,PRSZ02,1,5.91005420235338
PT,BMSZ08,TPSZ06,1,6.847340097966621
PT,DTSZ03,BSSZ02,1,7.143537778764801
PT,BMSZ16,SESZ04,1,14.528669513613943
PT,WDSZ02,WDSZ03,1,1.1650477156252987
WK,YSSZ03,YSSZ03,1,0.0
VH,WDSZ02,SBSZ03,1,3.0035475744215976
WK,DTSZ01,DTSZ01,1,0.0
VH,DTSZ01,KLSZ09,1,0.8866360376265798
VH,BSSZ01,BDSZ05,1,10.897478298263728
PT,MUSZ01,MPSZ01,1,5.133247640009835
PT,JWSZ02,OTSZ03,1,16.455223508991164
VH,GLSZ05,TPSZ02,1,6.076937864147339
PT,GLSZ04,QTSZ14,1,10.704277518737051
PT,NTSZ05,BPSZ04,1,10.724966728850557
PT,JESZ03,WDSZ06,1,11.591771269689296
PT,JESZ03,HGSZ01,1,16.549631767002577
PT,DTSZ05,JWSZ09,1,17.702714307473705
PT,TSSZ05,QTSZ08,1,17.529518581715475
VH,AMSZ02,KLSZ07,1,6.574889365519548
PT,QTSZ08,PGSZ04,1,17.135604411829103
PT,TMSZ04,NVSZ02,1,12.621835099277288
PT,QTSZ06,OTSZ03,1,4.741797745833734
WK,BDSZ04,BDSZ04,1,0.0
WK,CKSZ06,CKSZ06,1,0.0
PT,WCSZ01,JWSZ09,1,4.867229736806335
WK,TMSZ04,TMSZ04,1,0.0
PT,PGSZ02,PGSZ05,1,1.695802786427982
VH,TPSZ02,GLSZ05,1,6.076937864147339
PT,GLSZ05,DTSZ02,1,5.714035671914394
PT,TMSZ03,ORSZ03,1,12.003464225650925
PT,WDSZ03,WDSZ02,1,1.1650477156252987
PT,JESZ03,DTSZ02,1,12.912173709214425
PT,KLSZ08,OTSZ01,1,4.29074391149469
PT,KLSZ08,KLSZ01,1,0.9892555638969216
PT,BDSZ06,RCSZ01,1,10.365356289640395
PT,AMSZ12,AMSZ01,1,1.3967183931881388
PT,YSSZ08,SBSZ04,1,4.569081607884217
PT,OTSZ02,GLSZ04,1,5.9471873983533134
VH,JWSZ08,BMSZ12,1,14.412851069997284
PT,BDSZ06,SRSZ01,1,12.410828829331106
PT,CKSZ03,CKSZ06,1,1.7431883026562554
PT,RCSZ10,TPSZ03,1,4.560777331024043
PT,HGSZ02,NTSZ03,1,9.251212604348606
PT,SGSZ06,SGSZ04,1,1.2504688104488453
PT,BKSZ08,TPSZ06,1,11.318287748950357
PT,TMSZ02,WDSZ07,1,21.180222527274527
PT,GLSZ05,GLSZ05,1,0.0
PT,PGSZ04,WCSZ01,1,24.66556304278692
PT,BDSZ05,HGSZ01,1,6.900501656844398
PT,BKSZ07,BKSZ04,1,0.9127640438742397
PT,PGSZ02,PGSZ04,1,1.915966749166938
PT,WDSZ05,PGSZ04,1,15.244398507404071
PT,GLSZ04,QTSZ11,1,12.066117379163106
PT,DTSZ03,OTSZ03,1,2.218322840454163
PT,BDSZ04,BDSZ04,1,0.0
PT,WDSZ04,QTSZ08,1,14.601408997583006
VH,BDSZ02,TMSZ03,1,1.426330615584882
PT,TPSZ03,TPSZ03,1,0.0
WK,QTSZ11,QTSZ11,1,0.0
PT,JESZ06,TPSZ09,1,13.089310650552425
PT,DTSZ02,ORSZ02,1,2.7038880830734957
PT,JWSZ02,JESZ05,1,3.7811687919837493
PT,CLSZ08,DTSZ02,1,10.075927568561129
VH,BDSZ03,DTSZ12,1,7.843471795454008
PT,PRSZ03,PGSZ05,1,4.912454710601412
VH,DTSZ03,BMSZ04,1,3.7582741944766993
PT,BPSZ02,HGSZ07,1,13.771140974620433
VH,PRSZ07,BDSZ04,1,5.893178809749632
PT,NVSZ02,BDSZ06,1,11.31785586188237
VH,OTSZ03,JWSZ04,1,14.906204397369391
VH,JESZ02,JESZ03,1,0.8712167455384023
PT,JESZ03,KLSZ07,1,11.881383414664231
VH,AMSZ06,BSSZ01,1,1.9366591055442168
PT,TPSZ02,DTSZ03,1,4.785765176001042
PT,SGSZ06,OTSZ03,1,8.576989849121452
VH,KLSZ02,KLSZ08,1,0.9940707288340076
PT,TPSZ02,DTSZ05,1,5.46832811275028
VH,CLSZ06,CLSZ02,1,1.698341942088379
WK,BSSZ03,BSSZ03,1,0.0
PT,DTSZ05,DTSZ03,1,1.3250654421689967
PT,BMSZ09,QTSZ11,1,6.025705414054637
PT,SESZ03,DTSZ09,1,14.09668699863043
WK,PRSZ02,PRSZ02,1,0.0
VH,AMSZ01,AMSZ07,1,1.7966809678861542
PT,CLSZ04,BTSZ01,1,2.2642589389246877
VH,HGSZ04,TPSZ02,1,6.353791556351828
PT,CHSZ03,PRSZ05,1,5.211054191623277
PT,KLSZ03,TMSZ04,1,9.524174857242576
PT,RCSZ09,NVSZ01,1,2.6141635295055043
PT,QTSZ06,BTSZ01,1,6.064715012830364
VH,PGSZ01,SESZ02,1,3.1854289320930107
PT,HGSZ04,KLSZ07,1,7.741411696109991
PT,HGSZ08,GLSZ05,1,3.213057688239395
PT,BDSZ04,WCSZ01,1,27.975626199613018
PT,BTSZ01,CLSZ06,1,3.0210693565893165
PT,MUSZ03,BPSZ03,1,13.13971268364065
VH,JWSZ09,JWSZ06,1,1.0661975176208969
VH,TMSZ03,MPSZ03,1,5.982044201148525
PT,DTSZ01,KLSZ09,1,0.8866360376265798
WK,SRSZ02,OTSZ03,1,1.0753460649935547
PT,SESZ02,OTSZ01,1,13.483358416940384
WK,WDSZ01,WDSZ06,1,0.9962859436397019
WK,YSSZ03,YSSZ03,1,0.0
PT,JESZ05,BKSZ05,1,3.4432452306580053
PT,KLSZ07,WDSZ03,1,15.1677891316754
PT,NVSZ02,GLSZ03,1,6.1221639289926015
WK,CLSZ06,CLSZ06,1,0.0
PT,TMSZ03,TMSZ04,1,2.188355345903096
PT,JWSZ08,JWSZ09,1,0.9403575284652649
VH,TPSZ02,BSSZ03,1,2.0640937718720638
PT,JWSZ03,JESZ01,1,1.253424416121207
WK,PGSZ03,PGSZ04,1,1.813530848549925
VH,OTSZ03,BDSZ01,1,9.583988973732296
VH,PRSZ08,PRSZ08,1,0.0
PT,MUSZ03,BDSZ02,1,9.837848846420565
PT,YSSZ03,YSSZ03,1,0.0
PT,TMSZ05,BPSZ01,1,24.033370316262616
PT,RCSZ10,KLSZ06,1,1.416928972103903
PT,SESZ03,WDSZ01,1,13.620699009928662
PT,PRSZ03,PRSZ04,1,1.1729449925550546
PT,AMSZ02,YSSZ09,1,6.984940419931736
PT,JESZ03,QTSZ11,1,5.725534538987917
PT,BDSZ06,BDSZ04,1,1.3781452505148277
PT,QTSZ08,CLSZ06,1,3.4723330871686047
VH,TMSZ04,TMSZ03,1,2.188355345903096
VH,DTSZ05,TMSZ03,1,11.878534778177949
PT,BDSZ06,TMSZ02,1,3.7427675516641705
PT,SBSZ07,CKSZ06,1,11.018202717467897
PT,SESZ03,QTSZ08,1,15.756089750431935
VH,SESZ03,HGSZ04,1,2.3969142178322658
VH,SESZ06,SESZ03,1,2.3877316708630167
PT,BMSZ17,PGSZ04,1,16.601339600271654
PT,WDSZ02,SRSZ02,1,17.721249557592877
PT,WDSZ01,WDSZ02,1,0.7905033315597753
PT,ORSZ03,GLSZ03,1,7.147436304676329
PT,GLSZ03,HGSZ02,1,4.452616601510882
PT,JWSZ08,WDSZ02,1,15.093493218226888
VH,JWSZ09,BKSZ05,1,7.085378218359433
PT,PGSZ05,PGSZ04,1,0.8229474483573144
PT,BSSZ01,BMSZ01,1,10.108505777272555
VH,TPSZ09,SGSZ06,1,2.204579948905714
PT,PNSZ03,BKSZ09,1,8.36520836698586
PT,BMSZ05,BDSZ01,1,10.389185043031611
VH,YSSZ09,HGSZ06,1,9.381627418754395
PT,HGSZ03,DTSZ02,1,10.543034782655408
PT,CKSZ03,BSSZ01,1,9.887862950332583
PT,BSSZ02,TPSZ06,1,2.4781130589168385
PT,DTSZ02,ORSZ02,1,2.7038880830734957
VH,BPSZ03,BPSZ05,1,1.1253728669166327
PT,NVSZ02,SGSZ06,1,4.937617308292101
PT,BMSZ01,OTSZ03,1,3.5711825897935023
PT,BDSZ06,BDSZ04,1,1.3781452505148277
PT,TPSZ07,TPSZ07,1,0.0
VH,NVSZ02,SESZ04,1,9.974741145424334
PT,GLSZ04,KLSZ07,1,3.6982957828715075
PT,JWSZ09,BLSZ02,1,2.5274428480289526
VH,SESZ06,NVSZ02,1,9.39885244946822
PT,MPSZ01,BSSZ01,1,9.04272834872015
VH,RCSZ10,BKSZ05,1,11.696272512625605
PT,SESZ05,HGSZ01,1,1.7020652950167057
PT,BDSZ01,TMSZ04,1,4.972553207377186
VH,PRSZ05,TMSZ04,1,3.1920390301266366
VH,SESZ03,SESZ03,1,0.0
PT,HGSZ01,SESZ05,1,1.7020652950167057
PT,JESZ02,JESZ08,1,2.881562825954554
PT,OTSZ04,TMSZ02,1,13.971993957784035
PT,JWSZ03,QTSZ08,1,9.673962239984842
PT,BMSZ15,BTSZ07,1,5.679423222498648
WK,TPSZ02,TPSZ02,1,0.0
PT,WDSZ06,GLSZ03,1,18.014500194313005
WK,DTSZ05,DTSZ05,1,0.0
PT,SGSZ07,SGSZ06,1,0.9479193276864053
PT,DTSZ11,BTSZ06,1,7.923051075552416
PT,CHSZ03,TMSZ03,1,7.233706147633916
VH,HGSZ06,OTSZ03,1,10.09997804126083
VH,TMSZ02,WCSZ01,1,29.231844280037286
PT,YSSZ09,CLSZ03,1,14.674937616926089
PT,YSSZ04,WCSZ01,1,16.94973067515212
PT,CKSZ05,DTSZ05,1,16.759536191487474
PT,SKSZ03,BKSZ04,1,5.053286799453393
PT,NVSZ02,WDSZ02,1,14.740102338825043
PT,QTSZ05,ORSZ03,1,3.447678254780443
PT,BDSZ01,TMSZ05,1,6.654979226160583
VH,YSSZ09,MUSZ01,1,14.793974491685569
PT,DTSZ02,BTSZ01,1,10.384259227654274
PT,NVSZ02,SGSZ06,1,4.937617308292101
WK,QTSZ06,QTSZ06,1,0.0
PT,TMSZ02,WCSZ01,1,29.231844280037286
PT,WDSZ04,BMSZ08,1,16.161244793096813
PT,BMSZ07,BMSZ08,1,1.4234487023260933
PT,TPSZ02,WDSZ04,1,12.229871832047714
PT,WCSZ01,HGSZ08,1,22.407818496828675
PT,CKSZ06,YSSZ04,1,10.184201632921955
WK,DTSZ05,DTSZ05,1,0.0
VH,NVSZ04,DTSZ05,1,5.841949163250831
VH,BKSZ01,BKSZ07,1,2.494888640207902
WK,HGSZ02,HGSZ02,1,0.0
PT,NVSZ03,PRSZ03,1,13.790570720465594
PT,AMSZ09,AMSZ06,1,0.8704479724667803
WK,DTSZ03,DTSZ02,1,0.7315950200170801
WK,TMSZ04,TMSZ02,1,1.5608180588962757
WK,HGSZ01,PGSZ04,1,3.5502218701890134
WK,YSSZ09,YSSZ09,1,0.0
VH,PRSZ08,TMSZ04,1,2.483313590092093
WK,CLSZ08,QTSZ11,1,1.6690334654623837
PT,PGSZ05,PGSZ04,1,0.8229474483573144
PT,QTSZ03,NVSZ02,1,4.977875745472696
PT,SESZ02,TPSZ03,1,8.083745617411
WK,PRSZ05,PRSZ05,1,0.0
PT,CKSZ02,BKSZ09,1,4.044487049908882
VH,BDSZ01,OTSZ03,1,9.583988973732296
VH,HGSZ05,DTSZ05,1,11.339750260722443
PT,OTSZ03,GLSZ04,1,5.861289747205181
WK,JWSZ08,JWSZ08,1,0.0
WK,BTSZ07,BTSZ06,1,1.0877193143765713
PT,PRSZ03,GLSZ04,1,9.604438266373888
PT,BMSZ07,BMSZ13,1,1.2092147899875723
PT,BPSZ03,QTSZ11,1,9.891636796214353
VH,BDSZ06,TMSZ03,1,3.160251478678926
WK,DTSZ08,OTSZ03,1,0.5933682078899496
VH,AMSZ01,YSSZ09,1,6.723825276326214
PT,SBSZ02,SBSZ04,1,2.0627872617848615
VH,BSSZ03,BSSZ03,1,0.0
WK,CKSZ03,CKSZ03,1,0.0
VH,HGSZ06,HGSZ06,1,0.0
PT,KLSZ06,TPSZ07,1,2.343109892247076
PT,JESZ05,PGSZ04,1,19.953121136521325
VH,WDSZ03,SBSZ03,1,1.8504157042501537
VH,KLSZ05,SGSZ04,1,6.986560150968985
PT,CLSZ08,CLSZ06,1,1.0615670547239102
PT,DTSZ08,AMSZ09,1,11.454736965092195
PT,BDSZ04,DTSZ01,1,9.548239775598132
WK,OTSZ03,OTSZ03,1,0.0
PT,KLSZ06,HGSZ03,1,8.432250623204926
PT,YSSZ03,YSSZ02,1,1.4819530444688982
PT,QTSZ06,BMSZ02,1,2.1304675334951515
PT,TPSZ02,DTSZ05,1,5.46832811275028
PT,HGSZ08,HGSZ07,1,1.4564913024819
VH,HGSZ07,PGSZ03,1,5.229586759752798
PT,BMSZ01,CKSZ06,1,16.39168650187198
WK,NVSZ01,NVSZ01,1,0.0
PT,TMSZ04,GLSZ03,1,6.500970521335386
PT,BDSZ02,QTSZ09,1,16.884877943507448
VH,BMSZ03,DTSZ08,1,3.66311421329133
VH,BSSZ01,AMSZ01,1,2.330062203630164
PT,WDSZ03,DTSZ01,1,16.90716675769381
PT,ORSZ03,OTSZ03,1,2.408312383365965
PT,TPSZ02,BMSZ09,1,5.080716264546427
PT,DTSZ05,BMSZ07,1,4.623738318269099
VH,DTSZ03,HGSZ07,1,7.819107312208014
WK,DTSZ01,DTSZ01,1,0.0
PT,HGSZ02,RVSZ03,1,10.695804566389596
PT,AMSZ02,RCSZ10,1,8.123840440496512
WK,AMSZ02,AMSZ02,1,0.0
PT,NTSZ03,TMSZ02,1,13.397496694253457
PT,NVSZ02,CKSZ05,1,13.550363026573258
PT,ORSZ02,QTSZ10,1,5.89640549070681
VH,JESZ05,JWSZ03,1,3.042266158318978
WK,BSSZ03,BSSZ03,1,0.0
VH,WDSZ06,WDSZ02,1,1.786133057081358
PT,TMSZ05,TMSZ04,1,2.1043927231785218
PT,TPSZ04,BMSZ07,1,7.1784640461188465
PT,BPSZ04,WDSZ05,1,5.820147087585998
PT,PGSZ01,SESZ06,1,4.093587833457112
PT,TPSZ06,HGSZ01,1,5.168096011005154
PT,WDSZ03,QTSZ11,1,16.394944345426502
VH,CLSZ08,QTSZ13,1,2.5886774333440195
VH,BKSZ03,BKSZ06,1,0.9091830057450656
WK,TPSZ02,TPSZ04,1,0.8358827334321068
PT,SBSZ03,TMSZ02,1,18.017383400554674
PT,YSSZ04,YSSZ04,1,0.0
PT,WDSZ03,OTSZ03,1,18.524748492745104
VH,BDSZ04,SESZ03,1,8.026016071672588
VH,PRSZ08,TMSZ02,1,1.7629920239944799
PT,ORSZ03,TPSZ02,1,3.5929865094989615
PT,CLSZ04,CLSZ06,1,0.7914849055353017
PT,BPSZ03,CKSZ02,1,2.932677587192793
PT,DTSZ09,SGSZ04,1,9.930136125716555
PT,NVSZ01,RCSZ09,1,2.6141635295055043
PT,BTSZ03,BTSZ01,1,1.8137215566160432
PT,BDSZ01,TNSZ04,1,10.991465186455676
VH,AMSZ01,HGSZ06,1,3.9212664118142064
VH,BTSZ07,BTSZ04,1,1.7367417897122053
PT,BDSZ03,BDSZ08,1,3.8704324402732153
PT,BDSZ05,MPSZ03,1,1.9516366829651035
PT,BSSZ01,HGSZ02,1,7.4496670702867185
PT,BDSZ03,YSSZ09,1,15.107682401610045
VH,QTSZ08,QTSZ08,1,0.0
PT,TPSZ02,BMSZ08,1,5.714806382196354
VH,SBSZ05,SBSZ05,1,0.0
WK,ORSZ03,ORSZ03,1,0.0
PT,YSSZ01,YSSZ01,1,0.0
PT,CHSZ02,TMSZ02,1,3.3449933964791545
PT,BPSZ04,CKSZ02,1,3.098894930087644
WK,QTSZ11,QTSZ13,1,1.1120266638411336
PT,BMSZ04,BMSZ02,1,0.94303921872575
PT,DTSZ05,TNSZ02,1,3.4073277784237597
PT,BMSZ04,DTSZ02,1,3.073165378809782
WK,BSSZ03,BSSZ03,1,0.0
VH,TMSZ02,BMSZ07,1,17.416077582184812
PT,JESZ03,CLSZ06,1,3.3983144192725194
PT,BDSZ05,CHSZ03,1,9.659086579636442
PT,HGSZ04,AMSZ10,1,4.599438344565637
PT,NTSZ03,SESZ02,1,11.224272365451453
PT,KLSZ08,TMSZ02,1,10.535874753953719
PT,YSSZ03,YSSZ02,1,1.4819530444688982
PT,KLSZ06,CKSZ04,1,15.412120285791756
PT,OTSZ03,YSSZ09,1,16.868277722743255
PT,JWSZ09,QTSZ14,1,12.416781304262086
VH,AMSZ01,CKSZ06,1,11.420481375419303
PT,BSSZ01,ORSZ02,1,5.814905738335073
PT,BDSZ01,MPSZ01,1,4.283557100365758
PT,SESZ04,SESZ06,1,1.4130001556698468
PT,QTSZ11,TMSZ03,1,18.65144150654042
WK,SESZ03,SESZ04,1,0.9952512670910597
PT,SESZ04,CLSZ09,1,17.788820467117564
PT,JWSZ04,JESZ04,1,1.1762681206584455
WK,GLSZ05,GLSZ05,1,0.0
PT,CLSZ04,BTSZ04,1,1.6069247567111817
WK,GLSZ04,GLSZ04,1,0.0
VH,PGSZ04,BDSZ03,1,7.789495211524726
PT,GLSZ04,BSSZ02,1,6.179176358935033
VH,BTSZ08,QTSZ05,1,2.20717491588294
PT,QTSZ08,DTSZ10,1,6.443914992387529
PT,HGSZ06,NVSZ01,1,5.30543525189973
WK,TMSZ01,TMSZ04,1,3.294722840679154
VH,BMSZ10,SRSZ02,1,1.5982872721116925
VH,GLSZ04,GLSZ05,1,1.665730792673618
WK,TMSZ02,TMSZ02,1,0.0
PT,HGSZ08,QTSZ14,1,12.690425105198026
VH,WDSZ08,WDSZ03,1,1.248407850888258
PT,QTSZ08,CLSZ04,1,3.472750972588419
PT,JWSZ09,BMSZ01,1,14.723740363036976
VH,PGSZ03,GLSZ05,1,9.536505343546676
PT,MUSZ01,BMSZ01,1,4.853831736144207
WK,HGSZ06,HGSZ06,1,0.0
PT,JESZ05,JWSZ02,1,3.7811687919837493
PT,OTSZ02,AMSZ06,1,10.13420944030851
PT,AMSZ09,AMSZ07,1,1.2656709298846514
PT,KLSZ02,DTSZ05,1,4.728070867641612
PT,TPSZ02,BSSZ03,1,2.0640937718720638
PT,PGSZ02,BTSZ01,1,16.481446278549274
VH,OTSZ03,TPSZ06,1,6.532056628538539
VH,BMSZ03,BMSZ12,1,1.1301401570963916
VH,BTSZ01,NVSZ01,1,8.94509460120912
VH,HGSZ07,SESZ03,1,4.057318611474581
PT,JWSZ03,JWSZ01,1,1.6819499502408723
VH,CLSZ08,DTSZ05,1,9.994439656085039
PT,SGSZ03,AMSZ01,1,2.9590315422211915
PT,BKSZ09,MUSZ01,1,10.754622904958428
PT,BDSZ02,DTSZ10,1,11.787581161269122
PT,DTSZ02,BMSZ09,1,2.544450002466052
VH,BSSZ01,KLSZ08,1,6.092089799929383
VH,TPSZ02,AMSZ01,1,4.463039102140407
WK,WDSZ01,WDSZ01,1,0.0
PT,JWSZ08,SRSZ02,1,17.727938138695727
PT,TMSZ03,PNSZ05,1,30.979603433819083
PT,BMSZ02,KLSZ07,1,4.985259417097852
WK,DTSZ02,DTSZ03,1,0.7315950200170801
PT,BMSZ10,QTSZ07,1,3.6496759609754146
PT,SBSZ04,JESZ05,1,15.989511080702327
VH,GLSZ03,SESZ03,1,6.893407627631798
PT,PGSZ05,PGSZ04,1,0.8229474483573144
VH,HGSZ04,HGSZ05,1,0.9713078128166454
PT,TSSZ04,JWSZ09,1,6.90751126291903
PT,PRSZ04,GLSZ04,1,10.769747244432923
PT,TMSZ04,TMSZ04,1,0.0
PT,JESZ01,OTSZ03,1,14.484911105529436
VH,RCSZ08,CLSZ03,1,10.548581241292839
WK,TPSZ07,TPSZ06,1,0.5451329009361701
WK,MPSZ03,MPSZ03,1,0.0
PT,BMSZ10,QTSZ14,1,4.1471059691285825
PT,SESZ06,GLSZ05,1,9.03119269710631
VH,KLSZ06,SESZ02,1,9.945077829351897
PT,HGSZ02,DTSZ08,1,11.508616314924032
VH,BPSZ03,QTSZ10,1,9.04602844114679
PT,BTSZ06,BMSZ06,1,4.247205372432814
PT,DTSZ02,WDSZ05,1,17.330148983310412
PT,BKSZ09,AMSZ01,1,10.470896629921134
PT,CKSZ06,DTSZ02,1,16.784024557667813
PT,DTSZ05,MPSZ03,1,6.637872214589594
PT,DTSZ05,KLSZ03,1,4.196645388956424
PT,JESZ05,QTSZ08,1,6.633042342319745
PT,JESZ02,QTSZ11,1,6.482564521816274
VH,WDSZ04,WDSZ01,1,1.4487914875070382
WK,WCSZ01,WCSZ01,1,0.0
PT,WDSZ04,DTSZ03,1,16.96670672470968
VH,SKSZ03,CKSZ03,1,2.378971040830655
WK,HGSZ06,HGSZ06,1,0.0
PT,JWSZ04,BDSZ06,1,24.872306877582258
PT,KLSZ01,BMSZ10,1,5.44318557977632
PT,QTSZ11,BPSZ01,1,10.179633336294522
VH,BLSZ04,JWSZ03,1,5.891511357792102
PT,BMSZ13,DTSZ08,1,4.449965188737789
VH,JESZ05,JWSZ09,1,4.578885078555272
PT,YSSZ09,ORSZ03,1,14.48623547067312
WK,DTSZ02,DTSZ01,1,0.8112413736091982
VH,BKSZ08,JESZ05,1,2.4301714349914216
PT,TNSZ04,SGSZ03,1,9.452453332748512
PT,TMSZ03,PRSZ05,1,3.4518825252645438
PT,QTSZ04,QTSZ10,1,1.9294285269824714
PT,WDSZ01,WDSZ04,1,1.4487914875070382
VH,CHSZ03,HGSZ01,1,12.429747409028167
PT,WDSZ01,JESZ05,1,12.619732220598305
PT,CKSZ04,QTSZ11,1,10.184224979753038
PT,KLSZ07,DTSZ05,1,3.33525534965056
PT,SESZ03,TPSZ06,1,7.484384499628202
PT,DTSZ01,BMSZ12,1,5.603009570737519
PT,AMSZ01,HGSZ05,1,3.9553115714482727
PT,JESZ08,JESZ08,1,0.0
WK,TPSZ03,TPSZ03,1,0.0
PT,NTSZ03,QTSZ06,1,4.416777636407842
PT,AMSZ01,HGSZ06,1,3.9212664118142064
VH,YSSZ09,OTSZ03,1,16.868277722743255
WK,HGSZ04,HGSZ04,1,0.0
PT,HGSZ08,SESZ03,1,5.434285984043366
PT,JWSZ09,JWSZ08,1,0.9403575284652649
VH,BKSZ07,BKSZ05,1,1.7258909416032453
PT,CKSZ03,GLSZ02,1,16.580590566766666
VH,GLSZ03,SGSZ06,1,3.8233716996857776
VH,AMSZ09,DTSZ09,1,11.737447934543509
VH,NVSZ02,NVSZ02,1,0.0
PT,BMSZ14,BMSZ02,1,0.5559036854082744
VH,TMSZ03,HGSZ06,1,6.348857436820739
PT,CKSZ05,QTSZ11,1,11.230928670066447
PT,DTSZ03,PGSZ04,1,12.793546715777008
PT,OTSZ03,SGSZ04,1,9.551140020285157
PT,BDSZ04,BDSZ03,1,2.353398647735378
VH,CLSZ06,DTSZ11,1,10.724097390822868
WK,GLSZ04,GLSZ04,1,0.0
VH,SGSZ04,HGSZ04,1,2.452111596953342
PT,JWSZ08,JWSZ04,1,3.131770663243337
PT,TPSZ11,OTSZ03,1,6.7959726666536
PT,GLSZ05,GLSZ05,1,0.0
PT,HGSZ01,OTSZ03,1,11.299878281800229
WK,TMSZ03,TMSZ03,1,0.0
VH,OTSZ03,SGSZ03,1,11.00469854117025
PT,SESZ03,SBSZ01,1,9.639059030515519
PT,KLSZ08,DTSZ03,1,2.5530746149904124
VH,GLSZ01,TMSZ02,1,8.935713869786671
PT,BPSZ05,BKSZ05,1,2.270302415032574
PT,JESZ04,JWSZ03,1,2.144609977187478
PT,AMSZ01,PGSZ04,1,7.568895374585283
VH,BPSZ06,BTSZ01,1,3.397330510811213
WK,PGSZ05,PGSZ05,1,0.0
VH,PNSZ02,PNSZ01,1,1.6437486301248747
PT,TMSZ03,KLSZ08,1,8.720290875326144
PT,ORSZ02,DTSZ02,1,2.7038880830734957
PT,CKSZ02,CKSZ03,1,1.0663075799099802
WK,OTSZ04,DTSZ05,1,0.4639636126665308
PT,JWSZ09,DTSZ01,1,17.708959617548228
PT,PLSZ01,BDSZ04,1,4.886173132987908
PT,YSSZ05,CLSZ01,1,13.181808639983116
PT,TPSZ02,NVSZ02,1,1.7042808276546735
VH,QTSZ08,RVSZ05,1,5.181481797787525
PT,TMSZ04,OTSZ04,1,13.452152752405718
PT,GLSZ04,ORSZ02,1,5.758616797070354
PT,TPSZ02,WDSZ06,1,14.035204059466153
WK,QTSZ06,QTSZ06,1,0.0
PT,CKSZ02,CKSZ01,1,1.1548840286224726
PT,CLSZ08,AMSZ06,1,11.601250661229722
PT,PGSZ04,SESZ03,1,1.5480541741474918
WK,QTSZ10,QTSZ10,1,0.0
VH,SGSZ06,SESZ02,1,5.48136874582001
PT,GLSZ05,TMSZ02,1,7.207233010378834
PT,NVSZ02,BDSZ06,1,11.31785586188237
PT,YSSZ01,NVSZ01,1,11.350319559016876
PT,PRSZ05,AMSZ03,1,11.54565013917466
VH,BDSZ04,OTSZ03,1,11.697349354766779
PT,AMSZ10,SGSZ04,1,3.4027792696869668
PT,JWSZ04,JWSZ09,1,2.2141262582406362
VH,BDSZ05,TMSZ03,1,4.130614942004426
WK,BMSZ08,BMSZ08,1,0.0
VH,SBSZ01,SBSZ03,1,1.5231686421359845
PT,KLSZ01,JESZ05,1,13.303472019608947
PT,BDSZ03,DTSZ02,1,7.8194368545161606
VH,SESZ04,TPSZ06,1,7.2564598252668855
PT,QTSZ14,SGSZ06,1,11.848125000567475
PT,YSSZ05,YSSZ01,1,2.181737820747567
PT,CLSZ04,JESZ05,1,3.174817557630327
PT,TMSZ02,TMSZ02,1,0.0
PT,SGSZ07,SRSZ03,1,7.323902416631335
PT,JESZ02,DTSZ09,1,13.895146973662666
PT,JESZ03,KLSZ08,1,13.522676489526027
PT,GLSZ05,GLSZ04,1,1.665730792673618
PT,TMSZ04,AMSZ09,1,13.446234597067756
PT,PRSZ05,MUSZ01,1,14.895052039949423
PT,TMSZ02,QTSZ11,1,20.470466349771392
PT,SGSZ04,SGSZ04,1,0.0
PT,CKSZ05,QTSZ12,1,12.983704590348985
WK,SBSZ03,SBSZ04,1,1.203473776478544
PT,TPSZ05,AMSZ01,1,3.7260009593555963
WK,YSSZ09,YSSZ09,1,0.0
PT,JWSZ08,YSSZ09,1,17.93564614351108
PT,SESZ03,SESZ02,1,0.9264025278629129
PT,GLSZ05,TMSZ02,1,7.207233010378834
VH,YSSZ04,YSSZ05,1,1.4036652366683415
VH,TMSZ02,PLSZ01,1,3.5112454057826405
VH,GLSZ04,MPSZ02,1,2.233910953350619
PT,AMSZ03,DTSZ02,1,7.991785056361302
PT,ORSZ02,GLSZ05,1,7.424291986439421
VH,JESZ05,BKSZ07,1,1.8651432569207955
PT,YSSZ04,AMSZ01,1,5.178077258460335
PT,BMSZ16,BMSZ08,1,2.0475201721272787
WK,NVSZ01,NVSZ01,1,0.0
PT,OTSZ03,PRSZ03,1,15.465190727565155
PT,AMSZ10,AMSZ10,1,0.0
WK,YSSZ01,YSSZ08,1,1.392918013502601
PT,PRSZ03,PRSZ05,1,1.3236940820239511
PT,BTSZ03,JESZ01,1,6.1701077460611975
PT,BPSZ01,BPSZ03,1,1.1920001600727563
PT,CHSZ03,BKSZ05,1,26.37280273775941
VH,PRSZ03,DTSZ01,1,13.043512559829734
PT,SBSZ08,CKSZ03,1,10.727444359167079
PT,WDSZ04,SBSZ08,1,3.954291127132728
VH,QTSZ08,TMSZ03,1,17.048418437842894
WK,AMSZ09,AMSZ10,1,0.841056832156811
PT,HGSZ06,SGSZ04,1,1.5591025686795772
VH,SESZ04,SESZ04,1,0.0
VH,BDSZ02,BDSZ02,1,0.0
PT,PGSZ04,BMSZ05,1,15.364221222319154
VH,CHSZ03,BPSZ05,1,26.291847515973945
PT,BSSZ02,QTSZ05,1,7.550966610378101
PT,SESZ05,PGSZ04,1,2.606432804831768
PT,BPSZ04,JWSZ06,1,9.889426426405274
PT,AMSZ01,AMSZ09,1,1.2075000973564398
PT,WDSZ05,WDSZ03,1,2.9195549289936507
VH,GLSZ04,OTSZ03,1,5.861289747205181
PT,HGSZ04,AMSZ12,1,3.776051371725041
PT,HGSZ07,HGSZ06,1,0.9450377036360438
PT,AMSZ07,RCSZ09,1,8.400508349696699
PT,PRSZ03,TMSZ02,1,1.9941353644937028
PT,NVSZ01,TPSZ03,1,1.6787968573015417
PT,PGSZ05,KLSZ01,1,10.575278437588493
PT,BMSZ02,QTSZ04,1,3.240078193972723
PT,BPSZ02,BTSZ06,1,7.8013034818459115
PT,WCSZ01,SISZ01,1,21.419063282965762
PT,DTSZ03,TMSZ03,1,10.560774173105413
WK,BSSZ02,BSSZ02,1,0.0
PT,TMSZ05,NVSZ01,1,13.12627025168729
PT,BTSZ02,BMSZ04,1,7.371925993635046
PT,JWSZ08,YSSZ01,1,18.312752741298752
PT,WDSZ06,GLSZ01,1,16.696706464846784
PT,TMSZ05,AMSZ03,1,13.197935601005994
PT,PRSZ03,BKSZ05,1,20.53800786034723
PT,GLSZ04,BMSZ02,1,8.073961501831507
PT,BPSZ02,PNSZ05,1,15.056635699661955
VH,DTSZ08,CHSZ03,1,18.555370679245733
PT,YSSZ01,AMSZ07,1,5.831623320888975
WK,SESZ06,SESZ06,1,0.0
PT,CKSZ04,CKSZ01,1,1.8229413756212702
WK,BPSZ02,BPSZ03,1,0.5664853816710722
PT,BDSZ04,TMSZ04,1,2.300713819335355
VH,HGSZ08,HGSZ07,1,1.4564913024819
WK,PGSZ04,PGSZ04,1,0.0
VH,BTSZ01,BTSZ05,1,4.110136303491668
PT,BPSZ01,BPSZ01,1,0.0
PT,BMSZ02,NVSZ03,1,4.88007580028764
VH,SGSZ04,DTSZ02,1,7.959935879170354
PT,WDSZ04,WDSZ09,1,2.7690156205697916
PT,SGSZ03,SGSZ06,1,2.481070185130139
PT,BMSZ09,CLSZ03,1,8.934127159794656
PT,BDSZ04,SGSZ06,1,7.65814359492801
VH,HGSZ08,CHSZ02,1,10.402816256461453
PT,BMSZ02,BMSZ08,1,0.6949705336682429
WK,AMSZ01,AMSZ01,1,0.0
PT,DTSZ02,TMSZ03,1,11.117340594521037
PT,KLSZ08,SESZ03,1,9.333706693943746
PT,BDSZ01,TMSZ04,1,4.972553207377186
PT,BKSZ06,BKSZ05,1,2.573464900178472
PT,JWSZ03,DTSZ10,1,16.04102104087857
PT,TMSZ04,TMSZ02,1,1.5608180588962757
PT,CHSZ03,BMSZ03,1,21.486414380322177
PT,BDSZ04,YSSZ04,1,14.6628820019847
PT,HGSZ07,BMSZ01,1,12.723516843235299
PT,BDSZ04,SGSZ02,1,9.331597005362498
PT,SESZ02,KLSZ06,1,9.945077829351897
PT,OTSZ03,HGSZ06,1,10.09997804126083
VH,QTSZ01,JESZ05,1,5.558005103503745
WK,DTSZ02,DTSZ01,1,0.8112413736091982
PT,BSSZ01,QTSZ08,1,8.0417772866973
VH,SESZ06,SESZ02,1,3.2776746306326205
VH,TPSZ09,TPSZ09,1,0.0
PT,TSSZ02,JWSZ09,1,7.523434221159373
VH,PGSZ05,DTSZ08,1,15.47638357980494
PT,CLSZ06,JWSZ09,1,7.463842493640451
PT,BMSZ07,BMSZ04,1,1.9555381553333073
PT,DTSZ02,GLSZ05,1,5.714035671914394
PT,BDSZ04,YSSZ08,1,15.403852654368544
PT,SBSZ01,ORSZ03,1,16.30021042123651
PT,BDSZ06,BDSZ06,1,0.0
PT,WDSZ03,WDSZ03,1,0.0
VH,CHSZ03,GLSZ04,1,13.555510697111119
VH,GLSZ05,SGSZ04,1,6.192090280755141
PT,BDSZ01,DTSZ11,1,9.204216987527316
WK,BSSZ01,BSSZ01,1,0.0
PT,RCSZ01,RCSZ01,1,0.0
PT,MPSZ03,GLSZ03,1,3.2209837584109384
PT,BDSZ07,JESZ06,1,20.019577096372
VH,TPSZ02,GLSZ01,1,3.433278613688697
PT,JWSZ09,CKSZ05,1,7.633113425090306
PT,GLSZ04,DTSZ11,1,5.5301729837225455
WK,HGSZ01,HGSZ04,1,0.7566664343295557
PT,TMSZ04,HGSZ06,1,8.51754460035158
PT,JWSZ09,WCSZ01,1,4.867229736806335
PT,KLSZ01,TMSZ04,1,10.447192597752915
PT,SGSZ07,RCSZ10,1,5.860969782202736
PT,QTSZ09,CLSZ06,1,1.5685927443684196
WK,JWSZ03,JWSZ03,1,0.0
PT,BMSZ03,DTSZ11,1,4.1392718278977885
VH,SBSZ03,YSSZ09,1,2.244423832083414
PT,BDSZ01,KLSZ03,1,4.738242647922695
PT,WCSZ01,WDSZ03,1,14.098304540966351
PT,CKSZ01,BMSZ12,1,12.557043696048094
PT,PRSZ03,TMSZ05,1,5.3099749339251705
PT,JWSZ06,JWSZ08,1,1.4888502064132552
WK,HGSZ05,HGSZ05,1,0.0
VH,PRSZ04,PRSZ03,1,1.1729449925550546
WK,DTSZ11,DTSZ11,1,0.0
VH,SGSZ06,HGSZ08,1,2.105678690799914
PT,BPSZ02,QTSZ13,1,11.180949512563265
PT,SBSZ08,SBSZ04,1,1.56521377449616
PT,DTSZ02,SGSZ06,1,6.928172923209252
PT,BDSZ04,YSSZ09,1,16.1763210369897
WK,BKSZ07,BKSZ06,1,0.9082341190430384
PT,KLSZ01,SGSZ04,1,4.5389474240048315
PT,SESZ04,SESZ03,1,0.9952512670910597
PT,HGSZ02,NVSZ03,1,8.81879515337092
VH,ORSZ02,TMSZ04,1,14.057950066761318
VH,QTSZ08,QTSZ10,1,1.427255504833849
PT,CLSZ07,SGSZ01,1,14.026626307642548
PT,ORSZ02,TPSZ03,1,4.344194861143721
PT,TPSZ12,JWSZ08,1,20.855892587376342
PT,SGSZ04,AMSZ04,1,2.04288300841357
VH,DTSZ02,KLSZ01,1,3.4479775556569643
PT,TPSZ02,SRSZ02,1,4.7885665318509485
PT,QTSZ01,BSSZ01,1,7.199059583669159
PT,BPSZ05,CLSZ03,1,6.092148836112803
WK,GLSZ04,GLSZ04,1,0.0
PT,SBSZ03,WDSZ01,1,3.792906959192972
PT,BSSZ01,AMSZ01,1,2.330062203630164
PT,MUSZ01,SRSZ01,1,1.2329661581731022
PT,BMSZ05,PGSZ03,1,15.3315627268144
PT,DTSZ03,CLSZ06,1,10.975376814215494
PT,BDSZ01,TMSZ02,1,5.084701843817833
PT,JWSZ02,JESZ05,1,3.7811687919837493
WK,QTSZ05,QTSZ06,1,0.6905306215092566
VH,PRSZ06,SESZ06,1,10.669865675675744
VH,PGSZ02,HGSZ06,1,5.628905898024225
PT,BSSZ02,QTSZ08,1,8.64581173081145
WK,ORSZ03,ORSZ03,1,0.0
PT,AMSZ11,SESZ03,1,5.656310078248381
PT,BTSZ02,KLSZ03,1,9.341803983202578
VH,KLSZ06,TPSZ11,1,2.9690574293382124
VH,GLSZ02,MPSZ01,1,2.935959179208678
PT,NTSZ03,ORSZ02,1,0.9617985697822504
WK,SESZ02,SESZ02,1,0.0
PT,QTSZ08,MUSZ01,1,6.014508106751476
PT,BDSZ04,TPSZ02,1,10.01175911084826
PT,TMSZ03,TMSZ03,1,0.0
PT,TNSZ04,JWSZ08,1,13.540561075631281
PT,SGSZ06,YSSZ09,1,9.819501450094613
VH,TMSZ04,TMSZ05,1,2.1043927231785218
VH,HGSZ07,SESZ02,1,3.9877267555770275
VH,JESZ05,JWSZ09,1,4.578885078555272
PT,BDSZ04,BDSZ03,1,2.353398647735378
PT,CKSZ03,BMSZ01,1,14.867935506804852
VH,WDSZ02,PGSZ04,1,14.224882860241186
PT,PGSZ01,MUSZ02,1,15.16926350047859
VH,BTSZ01,SBSZ03,1,13.111409975125383
PT,CLSZ06,QTSZ14,1,5.195493908866284
VH,TNSZ03,GLSZ04,1,8.108126369530511
PT,JWSZ05,JWSZ09,1,1.3609597625726324
PT,SESZ04,ORSZ02,1,11.734923032655095
PT,HGSZ08,BDSZ02,1,4.323126494011093
PT,DTSZ02,JWSZ03,1,16.01412088162308
PT,GLSZ05,BDSZ04,1,4.4484831020133795
PT,QTSZ06,WDSZ09,1,17.656034357932207
WK,HGSZ05,HGSZ05,1,0.0
VH,DTSZ05,DTSZ03,1,1.3250654421689967
PT,NTSZ03,TPSZ12,1,5.6010150333669575
PT,SGSZ06,DTSZ12,1,7.779059779406615
PT,HGSZ08,GLSZ03,1,1.8629062650920165
PT,SBSZ01,ORSZ02,1,15.804474037412778
PT,YSSZ08,KLSZ09,1,13.610384233788741
PT,BDSZ06,BDSZ04,1,1.3781452505148277
VH,CHSZ03,TMSZ04,1,5.276965426937805
VH,BSSZ01,BSSZ02,1,1.4491930913198168
PT,SGSZ04,SGSZ03,1,1.4946824857733565
PT,AMSZ10,SESZ04,1,4.870553327817362
VH,BDSZ04,TMSZ04,1,2.300713819335355
VH,PGSZ04,SESZ03,1,1.5480541741474918
PT,PRSZ05,PRSZ03,1,1.3236940820239511
PT,JWSZ08,JESZ06,1,6.251624491992806
PT,GLSZ02,BSSZ01,1,6.779249582290512
VH,PRSZ05,CHSZ03,1,5.211054191623277
PT,ORSZ03,AMSZ01,1,8.016698352649312
VH,KLSZ07,JESZ03,1,11.881383414664231
PT,NVSZ02,AMSZ01,1,6.145691438127311
PT,DTSZ01,JESZ01,1,14.782510795521349
PT,WDSZ01,WDSZ06,1,0.9962859436397019
PT,DTSZ02,TPSZ12,1,5.88393151746305
VH,YSSZ01,SBSZ03,1,3.1103199668128694
PT,TPSZ01,BSSZ03,1,1.6628552692300111
PT,TMSZ02,KLSZ04,1,10.343642515167868
PT,HGSZ05,SESZ05,1,1.0428251626291736
VH,QTSZ09,OTSZ03,1,8.176054037401093
VH,JWSZ09,JWSZ09,1,0.0
WK,CLSZ06,CLSZ06,1,0.0
WK,HGSZ01,HGSZ02,1,0.7510371002354921
PT,TMSZ02,TMSZ02,1,0.0
PT,WDSZ05,QTSZ10,1,13.945699033489268
PT,YSSZ08,YSSZ09,1,1.4844220594234585
WK,NVSZ02,NVSZ02,1,0.0
VH,BDSZ08,BDSZ04,1,2.3182251363040094
VH,TMSZ04,PGSZ04,1,7.661147103505303
PT,QTSZ07,BMSZ13,1,1.725080916052197
WK,WDSZ06,WDSZ06,1,0.0
PT,YSSZ09,BSSZ01,1,8.170977815592874
VH,OTSZ03,SESZ04,1,13.696746858480791
VH,JESZ03,CLSZ04,1,3.167921570068641
PT,YSSZ01,BMSZ01,1,17.7721286506177
WK,CKSZ06,CKSZ06,1,0.0
PT,QTSZ11,CHSZ03,1,25.588641821356017
PT,WDSZ03,AMSZ01,1,9.103664106328614
PT,HGSZ01,TPSZ09,1,4.981471314281809
WK,SESZ06,SESZ06,1,0.0
VH,BSSZ01,BSSZ02,1,1.4491930913198168
PT,CKSZ06,WDSZ02,1,6.518295669352447
PT,YSSZ03,DTSZ11,1,16.93948343031589
VH,WCSZ01,WCSZ01,1,0.0
PT,BDSZ04,BDSZ04,1,0.0
PT,JWSZ08,BPSZ05,1,8.666129129690592
WK,CKSZ01,CKSZ01,1,0.0
VH,BDSZ02,BDSZ04,1,1.517590146979497
PT,BMSZ04,RCSZ10,1,3.3880901319697165
PT,GLSZ04,SBSZ05,1,16.758587415969675
WK,QTSZ08,QTSZ08,1,0.0
PT,YSSZ08,GLSZ05,1,13.649343120647197
PT,DTSZ01,DTSZ05,1,1.8038955763813513
PT,YSSZ09,WDSZ01,1,5.231840309959529
PT,BKSZ07,BKSZ07,1,0.0
WK,YSSZ01,YSSZ09,1,0.8885412780857345
VH,JESZ02,JESZ06,1,1.8720023135027632
PT,SESZ02,KLSZ08,1,9.282750208919236
VH,TMSZ02,TMSZ02,1,0.0
VH,HGSZ04,MUSZ01,1,9.459547221026963
PT,JWSZ09,CLSZ06,1,7.463842493640451
VH,BSSZ03,BSSZ03,1,0.0
PT,DTSZ09,SESZ04,1,14.03446799971537
PT,TMSZ02,PGSZ04,1,6.3095930551597625
WK,TMSZ02,TMSZ04,1,1.5608180588962757
PT,JESZ05,PGSZ03,1,18.821628026016594
PT,JWSZ03,PNSZ02,1,6.960677702920307
VH,CKSZ02,BTSZ01,1,5.027334340278274
PT,JESZ05,QTSZ06,1,8.045539574799749
PT,SESZ02,QTSZ13,1,17.85812970116667
PT,CLSZ04,DTSZ01,1,10.12383732914319
VH,NVSZ01,YSSZ09,1,11.954833821034873
PT,BMSZ12,TMSZ03,1,15.966172626683514
PT,OTSZ03,MUSZ01,1,2.1059288149283146
PT,SBSZ04,WDSZ08,1,2.2123286715612647
PT,QTSZ08,PGSZ02,1,17.40161898223725
WK,QTSZ01,QTSZ01,1,0.0
PT,BMSZ03,DTSZ05,1,3.787659890941118
PT,SESZ03,SBSZ09,1,12.158369881130973
PT,SKSZ02,JWSZ08,1,11.241698498682878
PT,JWSZ06,JESZ05,1,4.980010580141298
VH,MPSZ03,BDSZ05,1,1.9516366829651035
PT,QTSZ04,JESZ01,1,8.812969042058244
PT,BDSZ04,BDSZ05,1,2.45621100070819
PT,CLSZ06,CLSZ04,1,0.7914849055353017
PT,NVSZ02,RCSZ09,1,1.9770450515550109
PT,BMSZ17,SGSZ06,1,10.37351332408094
PT,DTSZ08,TPSZ09,1,6.3315139595251
PT,RCSZ01,SESZ03,1,10.472116075988462
PT,BSSZ03,YSSZ09,1,9.366708538494205
VH,QTSZ08,BKSZ02,1,8.62322063729599
PT,JESZ03,JWSZ03,1,3.1067249608516656
PT,SESZ03,HGSZ01,1,2.534444316060849
PT,PRSZ03,OTSZ04,1,14.87432749603795
PT,YSSZ08,YSSZ09,1,1.4844220594234585
PT,HGSZ03,NVSZ02,1,8.907556411780822
PT,BDSZ06,DTSZ01,1,10.149008187409153
WK,AMSZ09,AMSZ06,1,0.8704479724667803
PT,TMSZ01,TMSZ02,1,1.8880896152958335
PT,CKSZ04,BKSZ07,1,3.7236181758583453
PT,JWSZ06,TMSZ02,1,28.27528591899715
PT,BMSZ04,BMSZ09,1,0.7449494751502973
VH,BSSZ01,BTSZ01,1,7.0993213823554875
PT,BMSZ12,AMSZ04,1,10.253699255748272
PT,JESZ05,BMSZ08,1,10.237198682763667
PT,DTSZ05,YSSZ04,1,15.054057855026539
VH,GLSZ05,MPSZ03,1,1.8762855558336555
VH,BMSZ08,BMSZ07,1,1.4234487023260933
WK,TPSZ02,TPSZ02,1,0.0
PT,CKSZ06,CKSZ05,1,0.9298087042092337
PT,JESZ05,CLSZ04,1,3.174817557630327
PT,SBSZ05,SBSZ05,1,0.0
PT,MUSZ03,BDSZ05,1,8.15634994682055
PT,BMSZ11,OTSZ01,1,1.565274523367774
PT,SGSZ06,SRSZ02,1,7.544487938663058
PT,DTSZ12,HGSZ07,1,8.747766723593227
PT,DTSZ02,TPSZ06,1,4.96888586744317
WK,NVSZ02,NVSZ02,1,0.0
PT,KLSZ01,WDSZ06,1,16.00286142130759
PT,DTSZ02,ORSZ03,1,1.850941533931816
PT,JWSZ08,BMSZ08,1,15.552161627306292
PT,PNSZ02,JWSZ09,1,4.610065908926152
VH,BDSZ04,NVSZ01,1,9.459263596389071
WK,NVSZ02,NVSZ02,1,0.0
PT,QTSZ10,CLSZ06,1,2.0450969304572344
VH,DTSZ02,SESZ05,1,11.065988150073865
PT,JWSZ09,KLSZ08,1,18.392453288882642
VH,CHSZ03,PRSZ05,1,5.211054191623277
PT,CKSZ04,JESZ05,1,5.1608391587745315
PT,TMSZ02,DTSZ03,1,12.325298708566573
VH,BKSZ05,BTSZ01,1,2.1505630256045407
WK,TPSZ12,GLSZ02,1,1.0749301766649353
PT,YSSZ01,WDSZ01,1,6.0511952007322405
PT,AMSZ03,DTSZ09,1,9.887262531768705
PT,ORSZ02,TNSZ01,1,1.3132497057321622
PT,BDSZ01,SESZ02,1,5.808093294974437
VH,WDSZ05,TMSZ04,1,21.85074443141612
PT,QTSZ10,JESZ05,1,5.231692492009568
VH,KLSZ06,HGSZ06,1,6.269401403930573
PT,SESZ03,OTSZ03,1,13.787593091207889
VH,DTSZ01,YSSZ09,1,14.938191502062736
WK,DTSZ11,DTSZ07,1,0.8429662879658641
PT,YSSZ04,SGSZ01,1,5.019967585850898
VH,BKSZ07,QTSZ01,1,5.829297870668995
PT,HGSZ07,SGSZ06,1,1.8431609549072046
PT,BMSZ01,QTSZ14,1,2.3310314719625698
VH,WDSZ04,DTSZ01,1,16.057963497994358
PT,YSSZ08,YSSZ05,1,2.1935563578751625
PT,TMSZ02,TMSZ03,1,1.8211342041293208
VH,BMSZ05,QTSZ10,1,6.686660439946907
WK,JESZ05,JESZ02,1,0.9177132998918662
PT,BMSZ17,QTSZ14,1,4.883805984766102
PT,BPSZ05,BPSZ05,1,0.0
PT,GLSZ04,DTSZ05,1,4.9780475407465925
VH,BDSZ04,SLSZ01,1,11.947580871835735
PT,TMSZ03,PRSZ03,1,2.936930765047012
PT,DTSZ03,SGSZ04,1,7.920006149279862
PT,JWSZ08,PNSZ02,1,4.34831997710075
PT,BKSZ09,BTSZ01,1,1.5341841176833413
PT,SGSZ06,DTSZ01,1,6.1233919991614005
PT,PRSZ03,WCSZ01,1,28.72516093579765
PT,JESZ01,CLSZ06,1,5.201775756941562
PT,DTSZ03,YSSZ03,1,15.198505908214067
PT,SESZ04,BMSZ07,1,14.822376244778281
PT,BKSZ05,NVSZ02,1,9.736292858256322
VH,SESZ02,SESZ03,1,0.9264025278629129
PT,HGSZ06,DTSZ12,1,9.18670103046454
VH,SBSZ03,SBSZ03,1,0.0
PT,CKSZ04,OTSZ03,1,16.077829171846744
WK,WDSZ03,WDSZ03,1,0.0
PT,TMSZ03,MUSZ03,1,11.23798501973583
PT,GLSZ05,SESZ03,1,8.301688736131668
PT,KLSZ06,BTSZ03,1,8.572455914144063
PT,OTSZ03,SGSZ06,1,8.576989849121452
VH,PGSZ04,GLSZ03,1,7.421862415388415
PT,JESZ05,PGSZ03,1,18.821628026016594
PT,SESZ03,PGSZ04,1,1.5480541741474918
PT,CLSZ04,TNSZ04,1,5.127537018020855
WK,CHSZ03,TMSZ04,1,5.276965426937805
PT,ORSZ02,QTSZ06,1,3.5198286843770554
VH,MPSZ03,TMSZ04,1,6.659656326992244
VH,DTSZ09,PGSZ04,1,15.081125572922815
WK,YSSZ01,YSSZ09,1,0.8885412780857345
VH,BMSZ07,NVSZ01,1,6.255250979521635
PT,TMSZ02,NVSZ02,1,12.726796719617527
PT,KLSZ03,NVSZ02,1,3.2915002082718576
WK,JESZ03,JESZ03,1,0.0
WK,HGSZ06,HGSZ05,1,2.0181787503117468
VH,WDSZ03,CHSZ03,1,24.474051696288676
PT,GLSZ03,KLSZ08,1,3.8643265434441503
PT,BPSZ04,CKSZ06,1,3.9306177102642175
WK,AMSZ05,BSSZ01,1,1.3323137492637933
PT,SGSZ02,BDSZ01,1,6.6187517880468025
PT,BDSZ06,NVSZ02,1,11.31785586188237
VH,HGSZ08,GLSZ05,1,3.213057688239395
PT,CKSZ01,BPSZ04,1,2.214771502381226
PT,TPSZ02,BMSZ02,1,6.400384301307358
WK,BDSZ04,BDSZ06,1,1.3781452505148277
VH,KLSZ07,SGSZ01,1,7.960336782269668
VH,SGSZ06,TPSZ09,1,2.204579948905714
PT,YSSZ09,MUSZ01,1,14.793974491685569
PT,MUSZ01,SRSZ01,1,1.2329661581731022
VH,MPSZ01,TMSZ04,1,8.212043247828973
PT,BDSZ02,BDSZ01,1,1.9291533799147353
PT,GLSZ02,DTSZ07,1,6.898612283877988
VH,KLSZ06,BSSZ01,1,6.004356395155039
WK,SBSZ01,SBSZ02,1,1.0177521225222945
VH,AMSZ10,AMSZ03,1,2.5885728524360103
PT,GLSZ04,DTSZ09,1,5.99540385995255
VH,CLSZ04,DTSZ03,1,10.716966258465384
PT,SESZ03,OTSZ04,1,13.191189257037962
PT,JWSZ09,JWSZ09,1,0.0
PT,GLSZ05,JWSZ09,1,21.96824689430482
PT,WDSZ03,KLSZ08,1,15.807530861589182
PT,JESZ05,JWSZ08,1,5.463998465400654
VH,TMSZ03,TMSZ05,1,4.262471447978868
PT,JWSZ09,QTSZ14,1,12.416781304262086
WK,SBSZ04,SBSZ03,1,1.203473776478544
VH,BMSZ02,BMSZ07,1,1.1725078205385278
PT,OTSZ03,PGSZ04,1,14.806753324856446
WK,BDSZ04,BDSZ04,1,0.0
WK,DTSZ05,SRSZ03,1,0.5112087055496267
WK,JESZ01,JESZ04,1,1.4647010659576394
PT,WDSZ01,WDSZ04,1,1.4487914875070382
PT,DTSZ05,JESZ03,1,13.104151577782016
PT,CKSZ03,JWSZ09,1,7.1081552021317815
PT,DTSZ03,HGSZ07,1,7.819107312208014
VH,BSSZ01,BSSZ01,1,0.0
PT,BMSZ03,WCSZ01,1,17.637211641366477
PT,AMSZ05,DTSZ01,1,7.900267162539192
PT,WDSZ04,WDSZ01,1,1.4487914875070382
PT,DTSZ01,JWSZ08,1,18.612264488976162
PT,BPSZ05,HGSZ08,1,13.958945041823744
VH,KLSZ01,TSSZ05,1,25.501778797419455
VH,BPSZ05,BKSZ01,1,1.2221236874947188
PT,TMSZ05,GLSZ04,1,9.64817992143521
PT,BSSZ01,YSSZ08,1,6.7208258753099805
PT,SGSZ06,SGSZ04,1,1.2504688104488453
PT,DTSZ09,QTSZ08,1,6.578768541949939
VH,BDSZ03,BDSZ04,1,2.353398647735378
PT,ORSZ02,NTSZ03,1,0.9617985697822504
VH,ORSZ02,BMSZ04,1,2.45748743027893
PT,SESZ04,SESZ02,1,1.914283801890594
PT,DTSZ02,YSSZ02,1,16.28402594829014
PT,DTSZ02,GLSZ04,1,4.173340799230519
VH,BKSZ07,BKSZ06,1,0.9082341190430384
PT,BDSZ04,KLSZ07,1,9.70768339987658
PT,KLSZ07,TPSZ06,1,2.7273307036496455
VH,TPSZ12,TPSZ12,1,0.0
PT,DTSZ05,SESZ02,1,13.019088221920612
PT,KLSZ02,DTSZ09,1,5.764012071864678
PT,NVSZ02,JWSZ04,1,13.649357763645085
PT,DTSZ12,BPSZ04,1,14.01565910345434
PT,GLSZ01,SESZ06,1,7.709761748400441
PT,GLSZ01,TPSZ05,1,2.6951602100020065
PT,TPSZ12,YSSZ09,1,11.960410982248852
VH,SESZ04,AMSZ01,1,5.292373483128956
PT,BTSZ05,TPSZ06,1,5.614362844852784
PT,TMSZ01,SKSZ03,1,19.932722818655527
PT,OTSZ03,SGSZ04,1,9.551140020285157
VH,BDSZ06,OTSZ03,1,12.124602197051
PT,DTSZ05,YSSZ04,1,15.054057855026539
PT,BTSZ01,PGSZ04,1,16.766427517354458
VH,SESZ02,PRSZ05,1,6.396421522877681
WK,SESZ02,SESZ02,1,0.0
WK,WDSZ01,WDSZ01,1,0.0
PT,CLSZ08,BMSZ05,1,8.348134746251517
WK,GLSZ05,BDSZ05,1,2.4661511449633133
PT,SESZ04,AMSZ10,1,4.870553327817362
PT,OTSZ03,PRSZ03,1,15.465190727565155
PT,BDSZ04,JESZ05,1,21.49468574123992
VH,QTSZ08,SESZ02,1,16.099825110858664
PT,TPSZ02,AMSZ12,1,5.711600901778066
PT,CHSZ03,TMSZ03,1,7.233706147633916
PT,SESZ03,WDSZ01,1,13.620699009928662
VH,BPSZ02,ORSZ03,1,12.444692131051866
PT,AMSZ09,AMSZ06,1,0.8704479724667803
PT,BKSZ05,CKSZ03,1,3.7324497524941984
PT,DTSZ02,MUSZ01,1,1.1386941693900328
PT,SESZ05,SESZ06,1,1.882062201601559
PT,TMSZ01,TMSZ04,1,3.294722840679154
PT,PGSZ03,PGSZ01,1,1.8499062526624934
PT,AMSZ05,YSSZ09,1,7.071637323095412
VH,HGSZ06,KLSZ03,1,5.423167973192574
PT,BDSZ04,OTSZ03,1,11.697349354766779
PT,DTSZ06,SBSZ02,1,17.59118760289606
PT,GLSZ04,DTSZ11,1,5.5301729837225455
PT,YSSZ09,HGSZ06,1,9.381627418754395
PT,AMSZ04,BMSZ12,1,10.253699255748272
VH,SBSZ03,SESZ03,1,10.772053505983866
PT,JWSZ04,OTSZ03,1,14.906204397369391
PT,TMSZ02,CHSZ02,1,3.3449933964791545
WK,QTSZ11,QTSZ11,1,0.0
PT,BMSZ02,KLSZ02,1,7.238356510191747
PT,JWSZ08,PNSZ03,1,3.1199645309731734
VH,WCSZ01,CKSZ06,1,6.791652845318785
VH,JWSZ02,JWSZ02,1,0.0
PT,YSSZ09,YSSZ01,1,0.8885412780857345
VH,BKSZ05,BTSZ06,1,5.355356877453587
PT,SRSZ01,RCSZ09,1,1.9788674505192014
PT,SESZ06,BMSZ17,1,15.099946752451059
VH,JESZ03,CKSZ04,1,4.727868748141155
WK,KLSZ01,KLSZ01,1,0.0
PT,PRSZ06,TMSZ04,1,4.449278941338164
PT,JESZ05,TPSZ06,1,12.893167777357194
PT,WCSZ01,NVSZ02,1,18.467040925254583
PT,WDSZ04,SBSZ09,1,3.0698837918676936
PT,OTSZ03,GLSZ05,1,7.335918749325787
VH,WDSZ03,WDSZ03,1,0.0
PT,WDSZ02,DTSZ11,1,19.473896862525226
PT,DTSZ03,PRSZ03,1,13.256382698834269
PT,DTSZ01,HGSZ07,1,7.259101312683961
PT,CKSZ04,QTSZ11,1,10.184224979753038
PT,OTSZ03,KLSZ01,1,5.111831034809398
PT,TMSZ01,PGSZ04,1,4.422063877996945
PT,JWSZ03,JESZ01,1,1.253424416121207
VH,KLSZ05,QTSZ11,1,11.050645630117229
PT,BMSZ14,BMSZ04,1,1.0229285770741325
PT,BKSZ09,QTSZ12,1,7.304289169324921
PT,BTSZ01,YSSZ08,1,10.937903284121104
PT,WDSZ03,ORSZ02,1,15.488100688649466
PT,PNSZ03,TPSZ11,1,20.865877796311697
PT,AMSZ10,WDSZ03,1,7.914386910195277
VH,BDSZ04,DTSZ08,1,11.271097145894494
PT,WDSZ05,WDSZ01,1,1.2320596897563494
PT,PGSZ03,SGSZ06,1,6.32954895424093
PT,SGSZ07,NVSZ02,1,4.981773882949455
VH,AMSZ01,HGSZ06,1,3.9212664118142064
PT,BKSZ06,DTSZ01,1,13.742290504640849
PT,AMSZ03,AMSZ01,1,1.363824475326825
WK,KLSZ06,DTSZ02,1,2.149818742558828
PT,SESZ04,NVSZ02,1,9.974741145424334
PT,OTSZ03,TMSZ04,1,13.997755362790137
VH,DTSZ02,BDSZ05,1,7.878994012636982
PT,QTSZ08,BMSZ09,1,4.478012979924775
PT,PRSZ02,YSSZ05,1,10.915561154379933
PT,YSSZ01,YSSZ05,1,2.181737820747567
PT,YSSZ09,BKSZ05,1,11.228819657285023
VH,TPSZ01,TPSZ02,1,0.9338053167884945
VH,SBSZ01,DTSZ05,1,18.34131310104244
PT,NVSZ02,HGSZ08,1,5.765645738973926
WK,JWSZ08,JWSZ08,1,0.0
PT,YSSZ05,TPSZ12,1,9.00055348349473
PT,BKSZ07,BTSZ06,1,6.206736825059611
PT,AMSZ12,TMSZ02,1,11.345288932584056
PT,BSSZ03,AMSZ02,1,2.548196869697493
PT,BDSZ03,BDSZ04,1,2.353398647735378
PT,SRSZ02,WDSZ03,1,17.516714261418265
WK,TMSZ04,TMSZ04,1,0.0
PT,CKSZ06,TPSZ06,1,14.20591758970418
PT,SGSZ03,GLSZ03,1,5.606362629002673
WK,SESZ03,SESZ02,1,0.9264025278629129
PT,PRSZ03,SESZ04,1,6.987508785683234
PT,GLSZ04,BKSZ07,1,15.265410405045362
PT,NVSZ02,TPSZ02,1,1.7042808276546735
PT,SESZ03,SESZ06,1,2.3877316708630167
PT,QTSZ07,QTSZ12,1,0.7991996528765185
PT,GLSZ03,BSSZ03,1,5.3391075755442134
PT,JESZ03,TPSZ02,1,11.115644940967504
WK,PRSZ03,PRSZ03,1,0.0
PT,JESZ01,JESZ05,1,1.951247590558303
PT,BPSZ03,QTSZ05,1,10.570761264422876
PT,JESZ02,QTSZ08,1,7.465639876200217
PT,PGSZ03,PGSZ02,1,0.8699452159826071
PT,PGSZ04,PGSZ03,1,1.813530848549925
PT,PRSZ03,TMSZ01,1,1.1835093370759322
VH,JWSZ08,JWSZ08,1,0.0
VH,GLSZ04,OTSZ03,1,5.861289747205181
PT,DTSZ05,DTSZ01,1,1.8038955763813513
PT,PGSZ05,HGSZ06,1,5.700857125854779
PT,CLSZ04,BMSZ04,1,7.656869943819853
VH,SBSZ03,SBSZ03,1,0.0
PT,CKSZ03,CKSZ06,1,1.7431883026562554
PT,OTSZ03,BMSZ08,1,2.4940967415170197
PT,AMSZ07,AMSZ03,1,3.000451146566747
PT,QTSZ11,QTSZ02,1,2.442437985112194
PT,PRSZ05,NVSZ02,1,14.15695798982709
PT,KLSZ06,PRSZ02,1,11.762749568707951
VH,DTSZ09,BTSZ01,1,10.760301435339189
PT,OTSZ03,BPSZ01,1,14.993740727558249
PT,DTSZ01,WDSZ04,1,16.057963497994358
WK,QTSZ08,TNSZ04,1,3.035995237552461
PT,TNSZ04,SGSZ04,1,8.020569356547174
PT,TMSZ02,BDSZ04,1,3.1599829379376176
PT,BKSZ07,TPSZ03,1,11.056843918774915
WK,CKSZ06,CKSZ06,1,0.0
PT,BMSZ05,HGSZ03,1,12.806255531853104
WK,BDSZ05,BDSZ04,1,2.45621100070819
PT,TMSZ03,ORSZ02,1,12.45389772749502
WK,WDSZ01,WDSZ01,1,0.0
PT,PGSZ04,RCSZ10,1,12.397043458321983
PT,SBSZ03,DTSZ05,1,18.459820913519966
PT,BDSZ03,TMSZ05,1,5.965584280085488
VH,CKSZ03,BSSZ01,1,9.887862950332583
PT,BMSZ02,CLSZ05,1,8.021432000089185
WK,DTSZ05,NVSZ02,1,3.8804120572691936
PT,QTSZ08,QTSZ08,1,0.0
PT,SBSZ05,WDSZ08,1,3.175394417509451
VH,PGSZ04,DTSZ05,1,14.043313969234429
VH,SGSZ05,BSSZ03,1,1.1449102824808797
PT,HGSZ07,WDSZ09,1,15.728293836667532
PT,AMSZ12,WDSZ03,1,8.602631344290964
PT,TPSZ07,TPSZ06,1,0.5451329009361701
PT,DTSZ11,YSSZ01,1,16.873910000612856
PT,JESZ05,CLSZ04,1,3.174817557630327
PT,BDSZ04,JESZ05,1,21.49468574123992
PT,QTSZ11,SBSZ03,1,17.335793254969907
VH,OTSZ03,CKSZ02,1,15.154021434774993
PT,PRSZ03,TMSZ02,1,1.9941353644937028
WK,TMSZ03,TMSZ03,1,0.0
WK,BPSZ02,BPSZ03,1,0.5664853816710722
PT,KLSZ05,MPSZ01,1,1.7117307284275893
PT,QTSZ10,TNSZ03,1,3.548748931272103
PT,YSSZ03,AMSZ10,1,4.7060653668352295
VH,CLSZ04,JWSZ08,1,8.536027213219043
PT,BMSZ13,QTSZ14,1,1.5886216462218725
PT,TNSZ01,BTSZ06,1,2.8510100432701733
PT,AMSZ05,KLSZ01,1,5.718695497259962
PT,JWSZ03,CLSZ04,1,6.208507161996366
VH,HGSZ05,OTSZ03,1,11.997964824451097
VH,ORSZ02,AMSZ09,1,8.481717241596819
PT,KLSZ06,KLSZ01,1,1.3008041598955091
PT,YSSZ04,YSSZ09,1,1.5998556484110604
PT,SRSZ02,BMSZ14,1,3.0048774280158552
PT,CLSZ06,OTSZ03,1,9.645398616378916
PT,AMSZ01,TMSZ04,1,12.438617251098414
VH,JWSZ09,JWSZ03,1,2.3719008304684257
VH,BMSZ14,NVSZ02,1,5.120203711269396
PT,OTSZ03,BDSZ01,1,9.583988973732296
PT,BMSZ14,OTSZ03,1,2.5972921793943327
WK,CKSZ06,CKSZ06,1,0.0
PT,SRSZ01,DTSZ03,1,2.5187083177959098
WK,JESZ05,JESZ05,1,0.0
PT,BMSZ09,DTSZ02,1,2.544450002466052
PT,BMSZ16,OTSZ03,1,0.9913655462558489
PT,AMSZ03,AMSZ01,1,1.363824475326825
WK,TMSZ05,TMSZ05,1,0.0
VH,DTSZ08,PGSZ02,1,15.638960558345184
VH,TMSZ02,TMSZ03,1,1.8211342041293208
PT,PRSZ03,OTSZ03,1,15.465190727565155
PT,BDSZ04,CHSZ03,1,7.463238829167281
PT,PLSZ05,GLSZ03,1,3.5124355984524374
VH,WDSZ03,WDSZ03,1,0.0
VH,BDSZ06,BDSZ04,1,1.3781452505148277
PT,ORSZ03,BSSZ03,1,5.638464557429649
VH,OTSZ03,BMSZ08,1,2.4940967415170197
PT,DTSZ08,BSSZ03,1,7.928432904461593
PT,MPSZ01,SESZ02,1,9.677585572257312
VH,OTSZ03,DTSZ06,1,1.3728601673833372
VH,AMSZ03,AMSZ06,1,2.055793678192612
PT,KLSZ05,TMSZ01,1,10.12538349519036
PT,GLSZ02,JESZ05,1,15.856077614202519
PT,TMSZ02,CHSZ03,1,5.590892298049903
WK,CKSZ03,CKSZ02,1,1.0663075799099802
PT,GLSZ02,DTSZ09,1,7.202646288983208
VH,TMSZ03,TMSZ02,1,1.8211342041293208
WK,BMSZ03,BMSZ07,1,0.842100662795205
PT,YSSZ09,ORSZ02,1,13.985649668373252
VH,BKSZ05,BKSZ05,1,0.0
PT,SESZ03,BDSZ06,1,9.380620915368945
PT,KLSZ07,MUSZ01,1,1.7476530282697702
PT,NVSZ01,BDSZ06,1,10.40269323291709
PT,SESZ06,SESZ03,1,2.3877316708630167
PT,CLSZ01,BDSZ05,1,18.33795583952856
WK,KLSZ05,MPSZ01,1,1.7117307284275893
PT,SESZ03,JESZ05,1,18.417916716630018
PT,DTSZ02,BPSZ02,1,14.215392846197517
PT,DTSZ01,KLSZ02,1,2.958820925711897
PT,BDSZ06,TMSZ02,1,3.7427675516641705
PT,NVSZ03,TNSZ04,1,2.5212900458910537
PT,JESZ03,JESZ06,1,1.2585651817846737
PT,JESZ05,JWSZ09,1,4.578885078555272
PT,TPSZ07,BDSZ05,1,7.127475028667871
PT,TMSZ04,PRSZ03,1,3.554865866429268
WK,QTSZ12,QTSZ11,1,2.148375232029973
PT,JWSZ09,RCSZ05,1,18.018250473784747
PT,TPSZ03,TSSZ03,1,22.102705259259515
PT,BDSZ05,TMSZ04,1,4.713978723286054
PT,BSSZ03,TPSZ06,1,1.5770906007752055
WK,RCSZ01,RCSZ10,1,1.0606802205667514
PT,SGSZ06,SESZ04,1,5.12482906140931
WK,HGSZ01,HGSZ04,1,0.7566664343295557
PT,DTSZ02,BMSZ10,1,2.6009186618578966
PT,BTSZ01,BTSZ03,1,1.8137215566160432
VH,HGSZ08,PGSZ05,1,7.06709033941901
VH,SGSZ04,HGSZ02,1,3.5908149533534366
WK,SESZ04,SESZ03,1,0.9952512670910597
PT,BMSZ05,BKSZ09,1,10.901010681286268
PT,TMSZ05,TMSZ03,1,4.262471447978868
PT,HGSZ06,BDSZ04,1,7.134561488410888
PT,PGSZ05,WCSZ01,1,25.10495348519957
WK,QTSZ06,QTSZ06,1,0.0
VH,YSSZ04,SBSZ05,1,4.131038049941328
PT,BMSZ12,WDSZ03,1,17.69847023559843
PT,DTSZ01,WDSZ04,1,16.057963497994358
PT,TMSZ02,PRSZ06,1,3.31885267082316
PT,BSSZ01,QTSZ13,1,9.80065321498965
VH,TMSZ04,YSSZ09,1,16.973740135242906
PT,PNSZ02,CLSZ06,1,10.484288176468736
PT,SBSZ04,RCSZ09,1,17.682430353242765
PT,TSSZ04,JWSZ09,1,6.90751126291903
PT,YSSZ09,YSSZ09,1,0.0
PT,BTSZ06,CHSZ03,1,22.304851078801942
VH,BDSZ02,TMSZ03,1,1.426330615584882
PT,NVSZ01,PGSZ03,1,9.987394682002646
PT,PGSZ05,WCSZ01,1,25.10495348519957
WK,BSSZ03,TPSZ03,1,1.1000649029031944
PT,DTSZ01,BDSZ06,1,10.149008187409153
PT,YSSZ03,SBSZ06,1,3.6011202642505644
PT,ORSZ01,BDSZ01,1,9.919519539190633
PT,YSSZ02,BKSZ02,1,13.051886601561554
WK,NVSZ01,NVSZ01,1,0.0
PT,PGSZ04,PGSZ04,1,0.0
PT,AMSZ04,SBSZ09,1,10.806198484765382
PT,WDSZ09,WDSZ01,1,1.4057969588338775
VH,BKSZ04,WDSZ03,1,10.935891248304463
PT,HGSZ02,YSSZ09,1,10.129706696436433
PT,DTSZ02,TNSZ04,1,5.10514311177148
WK,BSSZ01,KLSZ08,1,6.092089799929383
VH,AMSZ12,AMSZ01,1,1.3967183931881388
VH,CKSZ02,CKSZ02,1,0.0
PT,JESZ05,CLSZ03,1,2.0046474985086586
VH,JWSZ04,TSSZ05,1,10.439213193509834
WK,WCSZ01,WCSZ01,1,0.0
PT,HGSZ06,OTSZ04,1,9.507549419812015
PT,AMSZ03,BSSZ01,1,2.6995044229110725
PT,CKSZ03,CKSZ04,1,1.1832660105867163
PT,DTSZ12,MUSZ01,1,2.276140330429386
WK,BPSZ01,BPSZ01,1,0.0
VH,TMSZ02,TMSZ04,1,1.5608180588962757
PT,PLSZ04,TMSZ02,1,5.990765439069718
PT,BTSZ02,GLSZ05,1,12.078432404387524
VH,QTSZ11,WDSZ02,1,16.0860158388901
PT,SESZ05,OTSZ03,1,12.751908719668233
VH,BMSZ03,BMSZ08,1,0.5847816941063064
VH,MPSZ03,BTSZ01,1,15.615424308426128
PT,BKSZ01,NVSZ01,1,11.48578767013963
PT,QTSZ08,YSSZ03,1,15.684827077257516
PT,BKSZ06,BMSZ01,1,11.817977542866036
WK,GLSZ04,GLSZ04,1,0.0
PT,QTSZ10,QTSZ11,1,0.9343207049567491
PT,MUSZ01,SESZ06,1,11.262343390643236
PT,TMSZ02,BDSZ01,1,5.084701843817833
WK,TMSZ02,TMSZ02,1,0.0
PT,NTSZ03,BPSZ01,1,12.000823946099851
PT,NTSZ05,GLSZ04,1,4.718994329478618
VH,SESZ03,NVSZ02,1,10.238259989115535
VH,SESZ04,HGSZ05,1,1.720585279728292
PT,CKSZ05,BDSZ04,1,22.158747996456125
PT,JESZ05,CKSZ03,1,5.797495543303256
PT,QTSZ05,BMSZ09,1,2.613602059378842
PT,TPSZ12,QTSZ08,1,11.004291893982302
PT,DTSZ05,SGSZ07,1,7.5640282889559165
PT,PRSZ02,PRSZ03,1,1.2089472301797606
WK,AMSZ06,AMSZ01,1,0.8041193925714387
WK,TMSZ03,TMSZ03,1,0.0
PT,CKSZ02,BKSZ03,1,2.25540606113678
PT,YSSZ05,BSSZ01,1,5.92147739822678
VH,BDSZ03,BDSZ04,1,2.353398647735378
PT,HGSZ06,DTSZ11,1,10.198558237015776
PT,CHSZ02,PRSZ02,1,4.408194862341372
PT,DTSZ11,BMSZ09,1,2.8967278905035525
PT,KLSZ05,DTSZ05,1,3.3442222408952995
PT,KLSZ03,OTSZ04,1,4.413829259538213
VH,CLSZ01,CLSZ06,1,2.3137214955280214
PT,WDSZ02,TMSZ04,1,21.16303655421544
PT,TMSZ05,BTSZ01,1,21.979371095661232
VH,TPSZ11,KLSZ07,1,3.383147444494971
VH,YSSZ04,YSSZ04,1,0.0
WK,CKSZ04,CKSZ04,1,0.0
VH,QTSZ08,BPSZ03,1,9.87722513851989
PT,QTSZ08,JWSZ03,1,9.673962239984842
WK,BPSZ05,BPSZ05,1,0.0
VH,MPSZ02,BDSZ04,1,4.5447163919623845
PT,DTSZ11,CKSZ04,1,17.1140777806661
WK,AMSZ03,AMSZ01,1,1.363824475326825
WK,BTSZ08,TNSZ04,1,0.9035697443128242
PT,TMSZ02,DTSZ11,1,14.048301207762186
VH,DTSZ02,SGSZ06,1,6.928172923209252
VH,QTSZ01,CLSZ06,1,2.7150316756116557
PT,PGSZ02,DTSZ08,1,15.638960558345184
PT,DTSZ02,BDSZ04,1,10.133199309040231
PT,JWSZ01,JWSZ09,1,1.81790476050892
PT,BDSZ04,DTSZ05,1,10.783708417296742
PT,SBSZ01,DTSZ05,1,18.34131310104244
VH,YSSZ03,YSSZ01,1,1.0015506147644606
PT,JESZ05,JWSZ03,1,3.042266158318978
VH,PGSZ04,TPSZ06,1,8.704054338998672
PT,PGSZ04,KLSZ08,1,10.31085234894083
PT,SBSZ03,OTSZ01,1,18.037080258771837
VH,PGSZ05,BSSZ01,1,10.37043041154643
PT,TPSZ07,TPSZ06,1,0.5451329009361701
VH,TMSZ03,CHSZ03,1,7.233706147633916
PT,JWSZ04,SBSZ03,1,16.42992949983604
PT,BKSZ03,BSSZ03,1,12.332917276306368
PT,BSSZ01,OTSZ03,1,8.732135865451442
VH,TMSZ02,BMSZ02,1,16.800677049008343
VH,YSSZ09,YSSZ01,1,0.8885412780857345
WK,CKSZ05,CKSZ05,1,0.0
PT,BPSZ06,CKSZ02,1,2.9510063740236623
PT,JWSZ09,JWSZ02,1,1.1909513911077283
PT,TPSZ02,NVSZ02,1,1.7042808276546735
PT,AMSZ01,BSSZ01,1,2.330062203630164
PT,WCSZ01,BDSZ01,1,24.979327805996814
VH,BMSZ02,BMSZ07,1,1.1725078205385278
PT,WDSZ06,JESZ05,1,12.168955161426084
VH,WCSZ01,BKSZ03,1,6.535441458966325
PT,QTSZ05,QTSZ05,1,0.0
PT,BMSZ05,SESZ04,1,14.123890576602577
PT,SESZ03,HGSZ04,1,2.3969142178322658
PT,HGSZ03,AMSZ03,1,4.827650875205
PT,BMSZ07,BSSZ01,1,8.19927218003428
PT,BPSZ05,WDSZ01,1,7.25919890259853
PT,TMSZ04,GLSZ02,1,7.78994446407893
PT,TPSZ02,TPSZ01,1,0.9338053167884945
WK,SESZ03,SESZ04,1,0.9952512670910597
PT,SBSZ03,QTSZ08,1,16.738740742163433
PT,ORSZ03,TMSZ02,1,13.818769363812397
PT,BDSZ06,PRSZ03,1,5.64142487721362
PT,SBSZ01,WDSZ03,1,3.351419674418339
PT,BTSZ01,CKSZ01,1,5.201199803389543
PT,CLSZ08,BMSZ01,1,6.759356965398289
PT,TMSZ02,TMSZ02,1,0.0
PT,CLSZ09,QTSZ13,1,3.7130103951309237
PT,OTSZ03,SESZ07,1,13.031088841782708
VH,DTSZ05,JWSZ09,1,17.702714307473705
PT,CKSZ06,QTSZ08,1,12.36145094691801
PT,BTSZ02,BTSZ07,1,2.682456762254584
VH,TMSZ03,GLSZ04,1,6.947242067101804
PT,QTSZ11,BPSZ05,1,8.96328372259818
PT,DTSZ02,TPSZ03,1,5.363542537288935
VH,BKSZ02,BTSZ01,1,3.8054983211680304
PT,AMSZ01,AMSZ02,1,0.8098454795607932
PT,NVSZ02,WDSZ05,1,14.322430580632323
PT,SESZ03,OTSZ02,1,13.69710833314299
VH,TSSZ05,TSSZ05,1,0.0
PT,AMSZ01,AMSZ05,1,1.076953446773142
PT,BSSZ01,YSSZ01,1,7.700002271828978
VH,SGSZ02,AMSZ01,1,2.007914146707585
PT,AMSZ08,MPSZ03,1,12.838073939406017
WK,BDSZ05,BDSZ05,1,0.0
PT,QTSZ08,SESZ03,1,15.756089750431935
WK,PRSZ02,PRSZ03,1,1.2089472301797606
PT,MPSZ03,SRSZ02,1,7.155990202326312
PT,QTSZ06,OTSZ01,1,4.116952940639219
PT,SGSZ04,CKSZ03,1,13.460368648771931
PT,BMSZ01,BMSZ15,1,1.3582854437845964
PT,BSSZ03,TPSZ02,1,2.0640937718720638
PT,SESZ02,SESZ02,1,0.0
PT,KLSZ07,NVSZ02,1,0.9407328541278864
PT,CHSZ03,TMSZ04,1,5.276965426937805
WK,YSSZ04,YSSZ09,1,1.5998556484110604
PT,DTSZ05,BSSZ01,1,8.481903812394235
PT,CLSZ04,BKSZ05,1,4.194477458379191
WK,HGSZ04,HGSZ04,1,0.0
PT,SESZ04,BMSZ04,1,14.099205469470464
WK,YSSZ09,YSSZ09,1,0.0
PT,KLSZ09,GLSZ05,1,4.23668063119352
VH,AMSZ03,SGSZ02,1,1.547212112935673
VH,PNSZ01,CKSZ03,1,10.049250025656589
VH,BDSZ04,GLSZ04,1,6.095252884793878
PT,BMSZ01,KLSZ02,1,8.619927779736562
PT,QTSZ05,BSSZ02,1,7.550966610378101
PT,DTSZ03,BSSZ02,1,7.143537778764801
PT,DTSZ09,TMSZ02,1,14.609748570789614
PT,DTSZ02,BMSZ04,1,3.073165378809782
VH,CKSZ03,BLSZ03,1,9.930965732825218
PT,BMSZ12,QTSZ14,1,1.6327648314279275
PT,TPSZ03,CKSZ02,1,12.105633163452488
WK,JWSZ08,JWSZ08,1,0.0
WK,JESZ05,JESZ02,1,0.9177132998918662
PT,PRSZ05,PRSZ02,1,2.467672782392698
PT,JWSZ03,JESZ09,1,4.739717709524146
PT,JESZ07,GLSZ05,1,18.849676648888305
PT,BDSZ04,DTSZ05,1,10.783708417296742
VH,WDSZ03,LKSZ01,1,9.261889775211547
PT,SBSZ04,QTSZ08,1,17.866084725155336
PT,WCSZ01,WCSZ01,1,0.0
PT,TMSZ02,KLSZ05,1,10.293337945549341
WK,DTSZ01,RCSZ10,1,0.3428190544339364
PT,BMSZ05,KLSZ03,1,5.7281004418256725
PT,QTSZ05,QTSZ11,1,3.512185112075166
PT,PGSZ04,NVSZ01,1,10.197735624095891
PT,SBSZ03,SGSZ04,1,10.771633118200786
PT,SESZ04,BMSZ02,1,14.760826914947145
VH,BKSZ07,QTSZ02,1,6.6166341986972546
PT,GLSZ04,BDSZ02,1,5.540024220391825
PT,CKSZ01,BPSZ04,1,2.214771502381226
VH,WDSZ05,WDSZ03,1,2.9195549289936507
PT,AMSZ10,YSSZ01,1,4.6723574939688755
PT,BMSZ01,QTSZ13,1,4.225036007776358
VH,BPSZ04,BTSZ01,1,4.372521017331753
VH,CHSZ03,GLSZ05,1,11.900363571730965
WK,SESZ03,SESZ03,1,0.0
VH,BTSZ01,BKSZ05,1,2.1505630256045407
VH,PRSZ03,GLSZ05,1,8.244202320945124
WK,GLSZ04,GLSZ04,1,0.0
WK,AMSZ02,AMSZ02,1,0.0
PT,NVSZ03,CKSZ01,1,10.932449735942411
PT,RCSZ05,YSSZ09,1,14.680730284436104
PT,TPSZ04,HGSZ02,1,6.310818010972888
PT,YSSZ03,YSSZ09,1,1.7688742052165112
PT,HGSZ04,BKSZ05,1,13.703424969915577
PT,DTSZ09,CLSZ06,1,10.04515073066857
WK,YSSZ03,YSSZ03,1,0.0
PT,WDSZ06,DTSZ05,1,19.037537970004106
WK,QTSZ08,QTSZ08,1,0.0
VH,KLSZ01,SGSZ03,1,5.941795021094732
PT,CKSZ06,CKSZ06,1,0.0
VH,PRSZ05,QTSZ11,1,21.87690057096877
PT,SESZ03,DTSZ02,1,12.086010962684949
PT,CKSZ02,CKSZ03,1,1.0663075799099802
PT,DTSZ01,BDSZ05,1,7.366576839853502
PT,DTSZ02,BKSZ06,1,13.764909763629175
PT,DTSZ01,PRSZ03,1,13.043512559829734
WK,NVSZ04,TNSZ04,1,1.5142194897152155
PT,CKSZ05,CKSZ04,1,1.7027735496811247
PT,BDSZ01,GLSZ05,1,2.4185346663004776
VH,TSSZ05,BPSZ05,1,16.94529214699375
PT,BDSZ04,TMSZ03,1,2.01283224519501
PT,DTSZ08,OTSZ03,1,0.5933682078899496
PT,BDSZ04,BDSZ04,1,0.0
PT,CLSZ04,SESZ06,1,14.89569898331248
WK,OTSZ03,DTSZ08,1,0.5933682078899496
VH,AMSZ09,AMSZ06,1,0.8704479724667803
PT,JWSZ09,BKSZ09,1,6.229349992582717
PT,BDSZ04,BDSZ07,1,2.830426449952091
PT,BDSZ01,MPSZ03,1,3.649733655202657
VH,YSSZ01,SESZ06,1,5.56294361157275
PT,BMSZ01,PGSZ02,1,18.417452298330602
WK,JESZ05,JESZ05,1,0.0
PT,DTSZ03,BMSZ16,1,3.209142432181445
PT,KLSZ08,QTSZ10,1,9.619723680640234
PT,YSSZ03,PLSZ03,1,9.439781325075444
PT,BPSZ02,KLSZ08,1,13.63829122283507
PT,KLSZ07,DTSZ05,1,3.33525534965056
PT,WDSZ08,WDSZ01,1,1.942057488219154
PT,YSSZ04,GLSZ02,1,11.416867548233776
VH,PGSZ05,DTSZ03,1,13.616189375390887
PT,SBSZ01,YSSZ09,1,1.819953253358793
VH,OTSZ03,PGSZ03,1,14.878613292571828
PT,TSSZ03,JESZ02,1,9.855357361329661
VH,JWSZ08,JWSZ08,1,0.0
PT,TMSZ04,DTSZ05,1,13.084189965658855
VH,SGSZ04,SGSZ04,1,0.0
VH,BMSZ04,OTSZ03,1,1.9278935544172855
PT,SBSZ03,SESZ05,1,10.542492559550226
PT,KLSZ03,GLSZ05,1,2.904422047168715
WK,YSSZ01,YSSZ01,1,0.0
PT,PRSZ03,QTSZ10,1,20.19671391917911
WK,QTSZ14,QTSZ14,1,0.0
VH,BMSZ02,QTSZ06,1,2.1304675334951515
PT,ORSZ02,BSSZ01,1,5.814905738335073
PT,GLSZ05,QTSZ11,1,13.731836591430104
PT,TPSZ01,GLSZ03,1,6.196165018560949
WK,TMSZ02,TMSZ02,1,0.0
PT,KLSZ03,ORSZ02,1,4.541487709652433
WK,WDSZ03,WDSZ03,1,0.0
PT,BSSZ01,PGSZ03,1,8.767478441212065
VH,TMSZ04,TMSZ04,1,0.0
WK,DTSZ02,OTSZ01,1,1.7059735177339272
PT,YSSZ08,YSSZ05,1,2.1935563578751625
PT,BSSZ01,SESZ04,1,7.533452702094252
VH,BPSZ02,JESZ09,1,10.238488074039035
VH,SGSZ04,TPSZ06,1,3.0211123125546546
PT,DTSZ09,HGSZ04,1,11.736026529986123
VH,YSSZ03,YSSZ09,1,1.7688742052165112
PT,NVSZ02,OTSZ03,1,4.190351755811743
VH,MPSZ03,KLSZ02,1,4.647841344975798
PT,KLSZ06,JESZ05,1,13.181990395299442
PT,MUSZ03,SESZ02,1,11.890285406063336
VH,HGSZ01,HGSZ01,1,0.0
WK,DTSZ05,DTSZ05,1,0.0
VH,QTSZ13,JWSZ03,1,9.620790170164941
VH,BMSZ01,DTSZ01,1,5.80536954207107
VH,TPSZ06,BDSZ04,1,8.63497050558668
PT,QTSZ14,JWSZ09,1,12.416781304262086
PT,YSSZ01,BMSZ02,1,16.227953116285537
PT,BPSZ03,PNSZ03,1,11.998212001822955
PT,DTSZ05,CHSZ03,1,18.110524202977107
PT,JWSZ09,DTSZ05,1,17.702714307473705
PT,PLSZ04,QTSZ06,1,12.302700283928354
PT,BTSZ01,BTSZ01,1,0.0
VH,SBSZ08,SBSZ04,1,1.56521377449616
PT,BSSZ03,TPSZ12,1,3.5751915881643375
WK,CKSZ03,CKSZ03,1,0.0
PT,HGSZ05,PGSZ04,1,3.6492144464889456
PT,BPSZ04,BPSZ02,1,1.3499789105701354
PT,TMSZ03,BDSZ04,1,2.01283224519501
PT,GLSZ05,DTSZ02,1,5.714035671914394
PT,WDSZ09,GLSZ04,1,18.97605201310018
PT,OTSZ02,RCSZ01,1,3.2386145201516796
PT,ORSZ01,YSSZ04,1,12.706781003422368
PT,SBSZ07,YSSZ03,1,4.782921549307582
WK,QTSZ11,QTSZ11,1,0.0
PT,YSSZ04,AMSZ07,1,4.926975432519099
VH,SGSZ04,TMSZ05,1,11.980080363218656
WK,JWSZ04,JWSZ04,1,0.0
PT,BMSZ01,JWSZ09,1,14.723740363036976
PT,BMSZ04,BMSZ15,1,1.1388794453076865
WK,SESZ06,SESZ06,1,0.0
PT,GLSZ03,TMSZ04,1,6.500970521335386
VH,RCSZ01,PGSZ04,1,11.563660309003247
PT,SGSZ03,NTSZ03,1,7.982073994687208
WK,ORSZ02,DTSZ02,1,2.7038880830734957
WK,CLSZ06,CLSZ05,1,1.0042078864973587
PT,QTSZ11,QTSZ11,1,0.0
PT,BTSZ01,BTSZ01,1,0.0
PT,TMSZ03,BMSZ01,1,16.24078809122707
VH,BDSZ01,BDSZ01,1,0.0
PT,BKSZ08,JESZ03,1,1.8145338239607156
PT,BMSZ02,PRSZ03,1,17.52211254218465
PT,JESZ05,GLSZ02,1,15.856077614202519
VH,NVSZ01,NTSZ03,1,2.0792721942770793
PT,BDSZ06,GLSZ05,1,5.16174864786292
VH,NTSZ03,SESZ02,1,11.224272365451453
PT,PNSZ01,WDSZ03,1,18.722518588196408
PT,WDSZ03,YSSZ09,1,3.422882487435982
PT,OTSZ03,BPSZ01,1,14.993740727558249
PT,OTSZ03,RCSZ01,1,3.3791265389519403
PT,BSSZ01,RCSZ09,1,6.5397863220795385
PT,SRSZ02,JESZ04,1,13.471966524123266
PT,CLSZ08,CLSZ04,1,1.7789569086211157
PT,QTSZ11,QTSZ11,1,0.0
VH,SGSZ04,TPSZ06,1,3.0211123125546546
PT,MPSZ03,MPSZ02,1,0.7646729806688193
PT,BTSZ01,TMSZ04,1,20.28323564570153
PT,BSSZ01,YSSZ04,1,6.787906532691695
VH,TMSZ02,DTSZ02,1,12.89838457395138
PT,RCSZ01,GLSZ03,1,5.438898181007219
PT,HGSZ04,WCSZ01,1,21.825390606750478
PT,NVSZ02,WDSZ04,1,13.576443769972325
VH,TPSZ12,NVSZ02,1,4.870988521513181
PT,JWSZ09,DTSZ02,1,17.611585743159033
PT,DTSZ06,ORSZ01,1,3.86088859834544
PT,OTSZ03,JWSZ03,1,15.692771937909034
PT,QTSZ14,TMSZ03,1,17.580296419473733
WK,OTSZ04,DTSZ03,1,1.6505821727322885
VH,AMSZ01,HGSZ06,1,3.9212664118142064
PT,BMSZ01,JESZ05,1,10.652291409207011
WK,DTSZ03,DTSZ03,1,0.0
VH,WDSZ03,WDSZ07,1,2.0115587493114613
PT,CKSZ06,ORSZ02,1,14.17125009684275
WK,GLSZ05,GLSZ05,1,0.0
PT,YSSZ03,YSSZ03,1,0.0
PT,BMSZ04,BMSZ03,1,1.1473032007054464
PT,BDSZ04,CHSZ03,1,7.463238829167281
PT,BMSZ07,CKSZ01,1,12.100434421155919
PT,YSSZ02,YSSZ09,1,1.0963348161770936
PT,CKSZ04,JWSZ01,1,4.38109072912738
PT,KLSZ06,AMSZ01,1,7.02346780754669
PT,CHSZ03,SESZ06,1,14.829547527202845
PT,BSSZ01,TNSZ01,1,4.949979267570858
PT,TMSZ02,OTSZ04,1,13.971993957784035
VH,SGSZ04,HGSZ04,1,2.452111596953342
PT,TMSZ05,BSSZ01,1,15.533243025865866
VH,YSSZ02,NVSZ01,1,12.60248788867907
PT,MDSZ02,CKSZ04,1,9.80662365891678
PT,OTSZ03,SESZ03,1,13.787593091207889
WK,CLSZ08,CLSZ08,1,0.0
WK,CLSZ06,CLSZ06,1,0.0
WK,PGSZ04,PGSZ05,1,0.8229474483573144
PT,JWSZ07,BKSZ02,1,7.854953557733785
PT,YSSZ02,WDSZ09,1,6.518576542126829
VH,BSSZ02,TPSZ06,1,2.4781130589168385
PT,BKSZ01,BSSZ03,1,10.837324231512495
WK,JWSZ04,JESZ04,1,1.1762681206584455
WK,YSSZ09,YSSZ09,1,0.0
VH,BTSZ01,BMSZ03,1,7.544131009978251
PT,PRSZ02,NTSZ03,1,13.538062014811812
PT,BMSZ05,DTSZ01,1,3.212075480968563
VH,BSSZ03,AMSZ03,1,1.6323305680531304
PT,TPSZ12,BDSZ02,1,4.906869681187716
PT,CLSZ06,CLSZ08,1,1.0615670547239102
PT,BSSZ01,BMSZ07,1,8.19927218003428
PT,QTSZ04,QTSZ08,1,0.7115463539517966
PT,JESZ08,JESZ05,1,2.029575303902238
PT,TMSZ03,BDSZ06,1,3.160251478678926
VH,YSSZ09,OTSZ03,1,16.868277722743255
PT,WDSZ09,WDSZ05,1,2.388978428320065
PT,PGSZ05,ORSZ03,1,13.964745533167033
WK,JESZ05,JESZ05,1,0.0
WK,DTSZ05,DTSZ02,1,0.9984294889783903
PT,BTSZ06,BMSZ06,1,4.247205372432814
PT,WDSZ03,YSSZ09,1,3.422882487435982
VH,SBSZ03,SGSZ04,1,10.771633118200786
PT,BMSZ10,OTSZ03,1,1.4348126399213654
PT,SESZ03,WCSZ01,1,23.1412703081827
PT,SGSZ02,WDSZ03,1,10.168934656544748
PT,KLSZ06,DTSZ02,1,2.149818742558828
WK,CKSZ05,CKSZ03,1,0.8338012423978477
PT,BMSZ11,CLSZ06,1,8.068335048927729
VH,DTSZ11,NVSZ01,1,5.543975641892142
PT,TMSZ02,WCSZ01,1,29.231844280037286
VH,BTSZ01,BKSZ05,1,2.1505630256045407
VH,GLSZ04,PRSZ03,1,9.604438266373888
WK,KLSZ09,KLSZ09,1,0.0
VH,BDSZ01,TMSZ04,1,4.972553207377186
VH,HGSZ04,PGSZ03,1,3.468284453692088
PT,YSSZ01,YSSZ03,1,1.0015506147644606
WK,BKSZ03,BKSZ03,1,0.0
PT,DTSZ11,KLSZ07,1,4.235576503546073
VH,WDSZ06,WCSZ01,1,11.36127418455019
PT,CLSZ09,CKSZ02,1,7.550071841276097
WK,HGSZ05,HGSZ05,1,0.0
PT,BTSZ08,TNSZ04,1,0.9035697443128242
PT,PGSZ04,PGSZ02,1,1.915966749166938
PT,QTSZ05,BMSZ15,1,3.1593541163507015
PT,KLSZ03,BMSZ05,1,5.7281004418256725
PT,SGSZ06,PRSZ02,1,8.253132736312411
PT,CKSZ02,NTSZ03,1,12.465423192929023
PT,CKSZ06,AMSZ01,1,11.420481375419303
PT,AMSZ01,AMSZ01,1,0.0
VH,AMSZ10,AMSZ09,1,0.841056832156811
WK,BSSZ02,BSSZ02,1,0.0
PT,GLSZ03,BKSZ01,1,16.079139554622028
WK,BTSZ01,BTSZ01,1,0.0
PT,AMSZ09,AMSZ09,1,0.0
PT,PGSZ03,MUSZ01,1,12.905263215472523
WK,TPSZ02,TPSZ02,1,0.0
PT,CKSZ06,QTSZ11,1,12.069168207523715
VH,JESZ05,BKSZ05,1,3.4432452306580053
VH,BLSZ02,JWSZ09,1,2.5274428480289526
VH,PGSZ03,PGSZ05,1,1.9779039939853045
VH,AMSZ01,BDSZ04,1,10.977868930744721
PT,CKSZ05,SGSZ02,1,13.282934264171269
PT,SGSZ05,TPSZ01,1,2.5638670799029946
VH,SESZ02,MPSZ01,1,9.677585572257312
WK,BDSZ05,BDSZ05,1,0.0
PT,CKSZ01,NVSZ02,1,12.088179718564936
PT,DTSZ03,BMSZ02,1,4.701297711070276
VH,YSSZ04,YSSZ04,1,0.0
WK,SBSZ03,SBSZ03,1,0.0
PT,HGSZ04,KLSZ06,1,7.582826625031352
WK,QTSZ02,QTSZ02,1,0.0
VH,NVSZ01,KLSZ06,1,1.8640868453461785
WK,DTSZ11,DTSZ11,1,0.0
PT,TPSZ06,DTSZ03,1,4.99855084120839
PT,PGSZ03,SGSZ05,1,7.104459310976258
VH,QTSZ11,BMSZ07,1,3.785410873970081
VH,RCSZ01,MPSZ03,1,6.204455338156127
PT,YSSZ04,BSSZ01,1,6.787906532691695
PT,YSSZ04,NVSZ02,1,11.22406463593339
PT,KLSZ01,DTSZ05,1,4.445749706165954
WK,ORSZ03,MUSZ01,1,0.7364956663086714
PT,SGSZ05,GLSZ03,1,4.259957258597937
PT,DTSZ08,NVSZ02,1,4.388439712726504
PT,PGSZ03,OTSZ03,1,14.878613292571828
PT,DTSZ03,BDSZ04,1,9.504899735462661
PT,BDSZ07,GLSZ05,1,3.395806591925658
PT,DTSZ05,PRSZ08,1,15.328648685564591
PT,KLSZ06,NVSZ01,1,1.8640868453461785
PT,NVSZ01,ORSZ02,1,3.0405692042942234
VH,WDSZ03,YSSZ03,1,5.181937664282708
PT,SGSZ06,HGSZ03,1,3.9977414846674506
PT,TSSZ05,TSSZ06,1,5.43372338836473
PT,DTSZ11,PGSZ04,1,14.76554723116788
PT,HGSZ08,BDSZ04,1,5.5812352539494
PT,BMSZ09,BMSZ04,1,0.7449494751502973
WK,KLSZ03,KLSZ08,1,0.763440516767363
PT,BMSZ17,JESZ01,1,14.77648050528185
PT,DTSZ01,OTSZ03,1,2.5354518837554263
WK,AMSZ01,AMSZ04,1,0.844896845964263
PT,JESZ01,JESZ01,1,0.0
PT,DTSZ11,SESZ03,1,13.837438823367988
PT,BMSZ03,QTSZ10,1,4.5538956979814005
PT,TPSZ01,BSSZ03,1,1.6628552692300111
PT,CKSZ01,CKSZ03,1,0.8899078021080913
VH,GLSZ05,MPSZ03,1,1.8762855558336555
PT,PRSZ03,OTSZ04,1,14.87432749603795
PT,JESZ05,BPSZ01,1,6.218706863920404
WK,BDSZ04,BDSZ04,1,0.0
PT,QTSZ08,JWSZ03,1,9.673962239984842
PT,SGSZ04,BSSZ01,1,3.8631900924518154
VH,BMSZ07,BMSZ03,1,0.842100662795205
VH,PGSZ05,AMSZ12,1,7.102553234030619
PT,GLSZ02,BDSZ01,1,2.8577131942906107
PT,SESZ02,SESZ03,1,0.9264025278629129
PT,BPSZ02,DTSZ11,1,15.583079137353476
WK,BKSZ06,BKSZ06,1,0.0
PT,SESZ06,YSSZ09,1,6.448116778096786
VH,GLSZ04,GLSZ04,1,0.0
PT,CKSZ06,DTSZ05,1,17.332526784127296
PT,JWSZ03,BMSZ05,1,14.841531780546495
PT,OTSZ03,AMSZ01,1,10.32472751659054
PT,BPSZ05,BKSZ07,1,3.570516970567449
PT,TPSZ06,AMSZ01,1,4.210093513075454
VH,WDSZ02,TMSZ03,1,18.997822550469778
PT,GLSZ02,GLSZ02,1,0.0
PT,YSSZ03,YSSZ03,1,0.0
VH,DTSZ02,OTSZ03,1,1.7409696556681997
PT,BDSZ05,CHSZ03,1,9.659086579636442
WK,QTSZ04,QTSZ06,1,1.129647133355252
PT,AMSZ06,GLSZ01,1,6.67191987188665
WK,CLSZ06,CLSZ04,1,0.7914849055353017
PT,JESZ01,MUSZ03,1,14.225642921943157
PT,KLSZ06,BMSZ12,1,6.460796276180935
VH,TMSZ02,BDSZ04,1,3.1599829379376176
PT,QTSZ12,SBSZ03,1,18.150117714376282
PT,BKSZ08,BDSZ01,1,16.966334052729923
VH,HGSZ02,SGSZ04,1,3.5908149533534366
PT,CKSZ02,CKSZ03,1,1.0663075799099802
PT,WDSZ03,CKSZ02,1,9.564504806103345
PT,BMSZ08,DTSZ08,1,3.086394607861337
PT,OTSZ03,NVSZ01,1,5.130283975123037
PT,ORSZ03,BPSZ02,1,12.444692131051866
PT,TMSZ02,DTSZ05,1,13.636756124005556
WK,DTSZ01,DTSZ02,1,0.8112413736091982
VH,SBSZ02,OTSZ03,1,18.020770364508003
PT,JESZ05,CLSZ05,1,2.32514081159075
WK,HGSZ03,HGSZ02,1,0.7511726210026585
PT,BSSZ03,AMSZ10,1,4.045552876212279
WK,AMSZ02,AMSZ02,1,0.0
PT,HGSZ04,QTSZ11,1,14.89755271769872
WK,DTSZ02,DTSZ02,1,0.0
PT,BDSZ03,GLSZ05,1,2.1091080461297502
PT,AMSZ01,SGSZ03,1,2.9590315422211915
PT,SESZ03,HGSZ01,1,2.534444316060849
VH,DTSZ03,PGSZ05,1,13.616189375390887
VH,JWSZ08,BKSZ07,1,6.184790405541724
PT,JESZ04,QTSZ14,1,9.378593397291489
PT,JESZ05,QTSZ08,1,6.633042342319745
PT,PGSZ04,MPSZ03,1,10.227976523771826
PT,GLSZ04,PLSZ04,1,4.405081141449746
PT,QTSZ08,JWSZ09,1,10.935246479643997
PT,TMSZ04,TMSZ02,1,1.5608180588962757
PT,SGSZ04,BMSZ02,1,10.446332348580976
PT,TMSZ03,TMSZ02,1,1.8211342041293208
PT,AMSZ01,SESZ04,1,5.292373483128956
PT,BMSZ13,DTSZ08,1,4.449965188737789
PT,SRSZ02,SESZ05,1,11.737185525479454
PT,WCSZ01,JWSZ09,1,4.867229736806335
PT,SESZ03,NVSZ02,1,10.238259989115535
WK,CKSZ03,CKSZ02,1,1.0663075799099802
WK,TPSZ01,BSSZ03,1,1.6628552692300111
PT,SGSZ03,WDSZ07,1,12.748988790466234
VH,HGSZ08,TPSZ09,1,2.718434564470699
PT,SESZ02,SESZ03,1,0.9264025278629129
PT,TPSZ06,TPSZ01,1,1.900206871642527
PT,YSSZ07,YSSZ03,1,4.212986963935834
PT,DTSZ03,YSSZ09,1,15.813545360675231
PT,BMSZ10,SRSZ01,1,1.0377671366841295
PT,AMSZ03,DTSZ08,1,9.550606272599172
PT,WDSZ03,WDSZ09,1,2.578784998326383
WK,BPSZ01,BPSZ01,1,0.0
PT,BPSZ05,BDSZ02,1,18.23825823848574
WK,QTSZ14,QTSZ14,1,0.0
PT,OTSZ03,BPSZ01,1,14.993740727558249
PT,CLSZ04,CLSZ06,1,0.7914849055353017
PT,TMSZ02,CHSZ03,1,5.590892298049903
WK,SESZ02,SESZ02,1,0.0
PT,KLSZ06,CLSZ04,1,10.281046316835234
PT,CLSZ06,QTSZ11,1,2.335706003322094
PT,BMSZ13,JESZ06,1,8.729313549082493
PT,YSSZ04,NVSZ02,1,11.22406463593339
VH,QTSZ08,YSSZ04,1,14.343949148830461
VH,SGSZ07,TMSZ05,1,10.411811425807437
PT,OTSZ03,BMSZ04,1,1.9278935544172855
PT,PNSZ04,JESZ03,1,8.815969299088904
WK,SBSZ02,SBSZ06,1,2.3467432826595065
PT,OTSZ03,SGSZ06,1,8.576989849121452
PT,HGSZ02,TMSZ03,1,4.805413215119044
WK,YSSZ09,YSSZ01,1,0.8885412780857345
WK,SESZ04,SESZ04,1,0.0
PT,AMSZ03,OTSZ03,1,9.467022798964816
VH,HGSZ06,YSSZ09,1,9.381627418754395
WK,CKSZ03,CKSZ03,1,0.0
PT,SGSZ07,OTSZ03,1,8.281724586471443
VH,HGSZ01,HGSZ02,1,0.7510371002354921
PT,TMSZ02,NVSZ02,1,12.726796719617527
PT,BSSZ01,JESZ05,1,10.32791270244851
PT,QTSZ13,DTSZ05,1,7.889009144085255
PT,AMSZ01,BSSZ01,1,2.330062203630164
PT,RCSZ05,SGSZ01,1,9.060748339281677
PT,QTSZ04,QTSZ05,1,1.3519204781109424
PT,KLSZ01,MUSZ01,1,3.190431763517255
PT,SBSZ01,ORSZ03,1,16.30021042123651
PT,MPSZ02,BSSZ01,1,9.594717785409555
PT,SESZ03,PGSZ04,1,1.5480541741474918
PT,DTSZ01,WDSZ03,1,16.90716675769381
PT,JWSZ03,JWSZ06,1,3.2873326604799704
PT,TMSZ02,BDSZ06,1,3.7427675516641705
PT,MPSZ03,MPSZ03,1,0.0
PT,YSSZ03,DTSZ11,1,16.93948343031589
PT,RCSZ10,PRSZ05,1,14.112622279412223
PT,BPSZ05,BPSZ04,1,0.9043775472896666
PT,WDSZ03,SBSZ09,1,1.4977107594974173
WK,BDSZ05,BDSZ04,1,2.45621100070819
PT,TMSZ02,TMSZ01,1,1.8880896152958335
PT,YSSZ04,YSSZ01,1,0.916928626122495
VH,BKSZ01,DTSZ11,1,14.82343886904127
VH,HGSZ03,KLSZ08,1,7.776414904643681
PT,BMSZ17,BMSZ12,1,3.660138625814397
PT,GLSZ01,SGSZ04,1,4.235738628796369
PT,DTSZ05,KLSZ06,1,3.1464977143170367
WK,SGSZ04,SGSZ04,1,0.0
PT,BPSZ04,BMSZ16,1,13.288873115215097
PT,JESZ03,DTSZ02,1,12.912173709214425
PT,JESZ05,BKSZ01,1,4.34669321998494
VH,AMSZ03,SGSZ04,1,1.2356205929987218
WK,TMSZ02,TMSZ02,1,0.0
PT,MPSZ01,DTSZ11,1,5.197002363278991
VH,JWSZ09,BMSZ01,1,14.723740363036976
VH,HGSZ01,HGSZ04,1,0.7566664343295557
PT,BLSZ02,CKSZ03,1,8.619326421483654
WK,JWSZ08,JWSZ08,1,0.0
PT,YSSZ03,YSSZ09,1,1.7688742052165112
PT,PRSZ03,PRSZ05,1,1.3236940820239511
PT,CKSZ03,BPSZ05,1,2.3007075960770518
PT,JWSZ08,JWSZ08,1,0.0
PT,QTSZ08,PRSZ02,1,18.83111026224246
PT,BKSZ01,BKSZ02,1,1.283012967023716
PT,JWSZ08,JWSZ09,1,0.9403575284652649
VH,JWSZ09,JWSZ08,1,0.9403575284652649
VH,CKSZ02,TSSZ05,1,15.040998723971484
VH,QTSZ14,BKSZ07,1,9.243891502948275
PT,BSSZ03,DTSZ11,1,8.245409150513824
PT,BDSZ07,BDSZ04,1,2.830426449952091
PT,PRSZ03,PRSZ08,1,2.488093901391684
PT,BSSZ03,QTSZ08,1,8.962213671593334
PT,GLSZ05,GLSZ05,1,0.0
PT,GLSZ04,QTSZ04,1,9.766559436808361
WK,SBSZ03,SBSZ03,1,0.0
PT,JESZ05,JWSZ04,1,2.3929114480591256
VH,TMSZ03,CHSZ03,1,7.233706147633916
PT,OTSZ03,WDSZ05,1,18.112920481568985
VH,DTSZ12,TMSZ03,1,11.252148447845324
VH,NVSZ02,BSSZ01,1,4.601943541926713
PT,CKSZ04,CKSZ03,1,1.1832660105867163
PT,SGSZ06,TPSZ06,1,2.179224657320884
PT,SBSZ03,BSSZ01,1,9.994807013022445
PT,BDSZ07,NTSZ02,1,10.343928034193944
PT,GLSZ04,DTSZ05,1,4.9780475407465925
PT,TMSZ04,KLSZ06,1,11.054608260089584
VH,AMSZ08,PGSZ03,1,7.836979415573584
PT,AMSZ02,BMSZ12,1,11.2640451055297
PT,BKSZ03,TPSZ03,1,12.053928169548506
PT,QTSZ05,DTSZ02,1,5.029089430873017
PT,CLSZ07,CLSZ03,1,2.3598652302014074
PT,AMSZ02,DTSZ05,1,9.90172635785792
VH,TMSZ04,PRSZ03,1,3.554865866429268
PT,OTSZ03,QTSZ04,1,5.734340756585739
PT,TPSZ02,KLSZ07,1,2.159608026975678
WK,JWSZ04,JWSZ04,1,0.0
PT,AMSZ04,SGSZ04,1,2.04288300841357
WK,SGSZ06,SGSZ04,1,1.2504688104488453
VH,ORSZ02,KLSZ01,1,3.7550245499647685
PT,DTSZ11,WDSZ09,1,21.026179119520144
PT,HGSZ06,OTSZ03,1,10.09997804126083
PT,CLSZ01,JWSZ09,1,6.101791069119208
PT,WCSZ01,WDSZ01,1,12.268080991015394
PT,BDSZ04,BDSZ04,1,0.0
PT,WDSZ05,QTSZ11,1,14.822118035073373
PT,QTSZ10,HGSZ04,1,14.134043219958123
PT,KLSZ08,BMSZ16,1,5.425620647786394
WK,QTSZ06,QTSZ06,1,0.0
PT,DTSZ11,CKSZ03,1,16.83680416961772
PT,TMSZ05,PGSZ03,1,11.439882156791562
PT,HGSZ02,QTSZ08,1,14.313859531480261
WK,BMSZ07,BMSZ07,1,0.0
VH,SESZ04,SESZ06,1,1.4130001556698468
PT,BMSZ10,DTSZ12,1,3.0183479943372786
WK,SBSZ03,SBSZ03,1,0.0
PT,PNSZ01,JWSZ02,1,4.176409613430196
PT,TPSZ09,DTSZ03,1,4.628841607213284
PT,DTSZ05,KLSZ01,1,4.445749706165954
VH,BMSZ03,QTSZ06,1,1.6790693018707443
PT,BMSZ08,JESZ05,1,10.237198682763667
PT,TMSZ03,WDSZ02,1,18.997822550469778
PT,BKSZ03,BKSZ07,1,1.2469115509305144
VH,DTSZ02,QTSZ08,1,6.9316797330235005
WK,BTSZ01,BTSZ01,1,0.0
PT,QTSZ04,DTSZ05,1,6.34334520309865
PT,NVSZ01,BSSZ01,1,4.140712133667812
PT,BMSZ08,BSSZ03,1,7.772887416328433
WK,TMSZ02,TMSZ02,1,0.0
VH,DTSZ08,MPSZ03,1,7.059406378997142
PT,JWSZ09,BKSZ04,1,5.9966123375675515
PT,QTSZ11,WDSZ02,1,16.0860158388901
PT,TMSZ05,GLSZ03,1,8.061120277636114
WK,CKSZ01,CKSZ01,1,0.0
VH,CHSZ03,TMSZ02,1,5.590892298049903
WK,GLSZ05,GLSZ05,1,0.0
VH,CHSZ03,WDSZ03,1,24.474051696288676
PT,BMSZ04,DTSZ08,1,2.521211558301176
VH,TMSZ02,TMSZ02,1,0.0
PT,SESZ03,PGSZ02,1,1.986152873619633
PT,JWSZ03,TSSZ05,1,11.149474068579385
PT,QTSZ13,CKSZ03,1,11.519774582600608
VH,TMSZ04,QTSZ13,1,20.24446761708754
VH,CHSZ03,TMSZ02,1,5.590892298049903
VH,NVSZ02,NVSZ02,1,0.0
PT,SESZ02,TPSZ12,1,6.207948707726495
PT,BDSZ06,NVSZ02,1,11.31785586188237
PT,BMSZ09,NVSZ03,1,3.7404981386521574
PT,TMSZ05,BDSZ06,1,2.8616357130860677
PT,MUSZ03,BMSZ10,1,2.432122047521878
VH,SGSZ04,HGSZ08,1,3.1427393928969156
WK,PGSZ02,PGSZ02,1,0.0
PT,BSSZ02,TNSZ04,1,5.672201594034852
PT,SRSZ02,PGSZ05,1,14.662255055067906
VH,PRSZ03,DTSZ11,1,15.087485095057277
VH,HGSZ04,HGSZ01,1,0.7566664343295557
PT,TPSZ02,TPSZ06,1,1.4767044789646766
PT,MPSZ02,TPSZ03,1,6.932887882963793
VH,DTSZ05,BDSZ04,1,10.783708417296742
PT,AMSZ09,OTSZ03,1,11.272607681035758
PT,TPSZ05,CLSZ06,1,10.931254899114242
PT,TMSZ05,MPSZ01,1,9.178265212881687
WK,NVSZ02,NVSZ02,1,0.0
VH,KLSZ07,GLSZ04,1,3.6982957828715075
PT,WDSZ05,BMSZ16,1,18.322922290620326
PT,HGSZ03,BMSZ05,1,12.806255531853104
PT,BMSZ10,DTSZ11,1,2.5096009682383436
PT,DTSZ05,KLSZ02,1,4.728070867641612
PT,PGSZ04,NVSZ01,1,10.197735624095891
PT,BPSZ01,CHSZ03,1,27.081574509312418
PT,BDSZ01,PGSZ02,1,8.213416686493085
WK,GLSZ05,GLSZ05,1,0.0
PT,GLSZ01,SESZ05,1,6.74625623060443
VH,TPSZ02,TMSZ02,1,11.947843505570926
VH,HGSZ08,HGSZ07,1,1.4564913024819
PT,HGSZ04,CHSZ03,1,13.128021721916161
PT,JWSZ09,JWSZ02,1,1.1909513911077283
PT,WDSZ01,WDSZ02,1,0.7905033315597753
PT,SBSZ01,DTSZ08,1,18.876019390720387
PT,SBSZ03,SBSZ04,1,1.203473776478544
PT,SESZ06,SGSZ01,1,1.7219476016544402
PT,CLSZ01,SESZ03,1,17.06380087120999
PT,BSSZ03,BMSZ01,1,10.028154412943836
PT,WDSZ03,KLSZ08,1,15.807530861589182
PT,GLSZ05,RCSZ01,1,5.209875606178426
PT,KLSZ07,SESZ02,1,10.22300465858183
PT,WCSZ01,WCSZ01,1,0.0
PT,GLSZ03,JWSZ03,1,19.639972186166997
PT,CKSZ05,KLSZ01,1,15.006410498750226
PT,QTSZ10,BSSZ01,1,8.375416396597213
VH,BSSZ02,TPSZ05,1,2.0222166307092877
PT,CLSZ06,CKSZ05,1,9.122372546496207
WK,TMSZ03,TMSZ02,1,1.8211342041293208
PT,GLSZ04,KLSZ09,1,2.6696523516832915
WK,BMSZ09,BMSZ04,1,0.7449494751502973
WK,YSSZ03,YSSZ03,1,0.0
PT,CLSZ01,JESZ01,1,3.1963693802491866
PT,PRSZ05,PGSZ05,1,6.131677336324219
PT,BKSZ02,PRSZ03,1,22.250298866224735
PT,BMSZ16,SBSZ03,1,19.172665701183817
PT,WDSZ05,TMSZ04,1,21.85074443141612
PT,CHSZ03,SGSZ07,1,13.780688821329043
WK,TSSZ04,TSSZ03,1,1.2405572468443888
PT,BSSZ03,TMSZ02,1,10.930556845772891
VH,WDSZ02,WDSZ06,1,1.786133057081358
PT,JWSZ03,BSSZ01,1,12.392706399078437
WK,DTSZ11,OTSZ03,1,1.0816800804911224
PT,BDSZ08,GLSZ02,1,7.212484465222018
PT,JWSZ09,JWSZ04,1,2.2141262582406362
PT,TMSZ02,BSSZ03,1,10.930556845772891
PT,CLSZ08,RCSZ01,1,9.925738761057652
PT,JWSZ03,ORSZ02,1,13.346988837877447
PT,RCSZ09,DTSZ01,1,0.6163525602089069
WK,TMSZ02,TMSZ02,1,0.0
VH,KLSZ08,BSSZ01,1,6.092089799929383
WK,HGSZ06,HGSZ06,1,0.0
WK,AMSZ02,AMSZ02,1,0.0
VH,BMSZ02,BMSZ15,1,1.1108194876967077
WK,CKSZ01,CKSZ01,1,0.0
PT,TSSZ05,NVSZ01,1,24.3463563605344
PT,TMSZ04,BDSZ01,1,4.972553207377186
VH,MSSZ01,GLSZ04,1,4.266453411921522
PT,YSSZ09,YSSZ08,1,1.4844220594234585
VH,CLSZ07,CLSZ03,1,2.3598652302014074
WK,JESZ08,JWSZ09,1,5.360975683318697
VH,BDSZ05,BDSZ04,1,2.45621100070819
WK,AMSZ05,AMSZ06,1,0.6257571726353811
PT,GLSZ05,GLSZ05,1,0.0
PT,BDSZ05,TMSZ04,1,4.713978723286054
WK,JESZ05,JESZ05,1,0.0
PT,BMSZ05,RCSZ05,1,3.7463407147994072
PT,AMSZ01,AMSZ06,1,0.8041193925714387
VH,CHSZ03,BDSZ04,1,7.463238829167281
PT,GLSZ04,MPSZ01,1,1.6589197859445037
PT,TMSZ03,TMSZ02,1,1.8211342041293208
VH,SESZ04,AMSZ01,1,5.292373483128956
WK,SRSZ01,MUSZ01,1,1.2329661581731022
PT,DTSZ11,DTSZ03,1,1.9734046899979458
VH,AMSZ08,YSSZ04,1,3.6740491815368053
PT,JWSZ01,JWSZ08,1,1.8391144965087631
WK,NVSZ02,NVSZ02,1,0.0
PT,QTSZ08,TPSZ02,1,7.204328510366785
PT,DTSZ01,PGSZ03,1,12.383021718054326
PT,RCSZ10,NTSZ03,1,2.0784069094634523
PT,BSSZ02,OTSZ03,1,8.272921769160586
PT,PGSZ05,SRSZ01,1,14.969407863363413
VH,WDSZ03,QTSZ08,1,15.949789699212772
PT,GLSZ05,PGSZ02,1,10.245050634779606
PT,BMSZ05,TPSZ02,1,6.0176013422195
PT,SESZ02,DTSZ03,1,11.778479123709978
VH,KLSZ08,TPSZ06,1,2.638674164905226
PT,BLSZ04,JWSZ09,1,3.898998581180119
WK,QTSZ08,QTSZ08,1,0.0
VH,BDSZ02,BDSZ04,1,1.517590146979497
VH,SGSZ07,SGSZ06,1,0.9479193276864053
VH,BDSZ06,BDSZ04,1,1.3781452505148277
WK,SBSZ02,YSSZ02,1,1.4775122449880098
PT,BKSZ07,NTSZ03,1,10.60566124054673
PT,CKSZ05,DTSZ05,1,16.759536191487474
WK,MPSZ03,MPSZ02,1,0.7646729806688193
VH,YSSZ03,YSSZ01,1,1.0015506147644606
VH,TMSZ05,PRSZ05,1,4.535034352347557
PT,SBSZ03,TMSZ05,1,21.274177144515846
PT,CLSZ05,GLSZ03,1,15.798087355104434
PT,YSSZ09,AMSZ01,1,6.723825276326214
PT,AMSZ07,TPSZ09,1,6.040514183158023
VH,DTSZ03,DTSZ03,1,0.0
WK,CKSZ02,CKSZ02,1,0.0
WK,HGSZ01,HGSZ02,1,0.7510371002354921
PT,TMSZ03,BDSZ06,1,3.160251478678926
VH,BDSZ04,BDSZ02,1,1.517590146979497
PT,PGSZ04,AMSZ01,1,7.568895374585283
PT,DTSZ03,DTSZ08,1,1.9011866811956655
PT,JWSZ08,PNSZ02,1,4.34831997710075
WK,AMSZ01,AMSZ01,1,0.0
PT,BDSZ01,WCSZ01,1,24.979327805996814
PT,HGSZ05,HGSZ05,1,0.0
PT,WDSZ01,QTSZ05,1,15.938647474305698
PT,SKSZ03,SBSZ03,1,7.985569223160907
PT,JESZ05,CHSZ03,1,28.76024439261399
PT,HGSZ02,PGSZ03,1,3.6798330739258875
PT,TPSZ04,ORSZ02,1,4.0278881839693295
PT,QTSZ13,PGSZ02,1,19.17672559493467
PT,CKSZ03,KLSZ07,1,13.896824056195282
PT,CKSZ06,KLSZ06,1,15.895378449251254
PT,NTSZ05,BMSZ06,1,2.9476630696800363
PT,PNSZ03,PNSZ01,1,1.172407397155888
PT,BSSZ01,BSSZ03,1,2.463913530065902
PT,YSSZ06,QTSZ14,1,14.152212741673358
PT,CLSZ04,BMSZ06,1,6.584502328081186
PT,BMSZ07,BKSZ08,1,8.968739662384664
VH,BMSZ07,QTSZ08,1,2.3773258352046325
PT,TSSZ05,JWSZ03,1,11.149474068579385
WK,TMSZ03,TMSZ02,1,1.8211342041293208
PT,TMSZ02,DTSZ02,1,12.89838457395138
PT,TMSZ03,DTSZ07,1,12.626835467618196
PT,HGSZ04,SGSZ04,1,2.452111596953342
PT,JESZ02,QTSZ09,1,5.34844581352307
VH,GLSZ05,GLSZ05,1,0.0
PT,MPSZ03,ORSZ02,1,8.343421249983441
VH,TMSZ04,TMSZ04,1,0.0
PT,TMSZ03,TMSZ04,1,2.188355345903096
PT,TPSZ02,PRSZ03,1,12.151958276026171
WK,TPSZ02,TPSZ06,1,1.4767044789646766
PT,TMSZ04,BDSZ04,1,2.300713819335355
PT,SESZ06,OTSZ03,1,13.3191473537862
WK,PGSZ03,PGSZ04,1,1.813530848549925
VH,CKSZ04,JWSZ01,1,4.38109072912738
WK,BDSZ04,BDSZ04,1,0.0
PT,GLSZ02,GLSZ05,1,1.8655612787038267
PT,NVSZ02,GLSZ03,1,6.1221639289926015
PT,BDSZ08,DTSZ05,1,11.36010900977678
PT,TMSZ04,PLSZ04,1,6.405838387247936
PT,PGSZ05,NTSZ03,1,13.080180370058734
PT,JWSZ09,JWSZ09,1,0.0
PT,BDSZ04,KLSZ09,1,8.67545978625804
WK,JWSZ03,JWSZ03,1,0.0
PT,WCSZ01,BPSZ01,1,7.88055876009976
WK,KLSZ01,KLSZ01,1,0.0
PT,SESZ03,SESZ03,1,0.0
WK,AMSZ06,BSSZ01,1,1.9366591055442168
VH,AMSZ08,YSSZ09,1,4.938586956323449
PT,GLSZ05,DTSZ08,1,6.956777825604808
PT,DTSZ09,BDSZ03,1,9.469912495529325
VH,GLSZ04,BDSZ05,1,4.097173192895421
VH,ORSZ02,BMSZ08,1,2.3374692627379265
PT,DTSZ03,SESZ02,1,11.778479123709978
PT,BSSZ01,DTSZ02,1,7.6158437014474964
PT,RCSZ10,JWSZ09,1,17.367604341898385
PT,BKSZ06,MPSZ01,1,17.330647891299954
PT,SESZ06,SGSZ06,1,4.8182511714863905
PT,WDSZ04,WDSZ01,1,1.4487914875070382
PT,SESZ03,SESZ06,1,2.3877316708630167
PT,WDSZ04,TNSZ01,1,13.298029620567563
PT,DTSZ10,SGSZ07,1,8.912449833743034
VH,KLSZ06,HGSZ06,1,6.269401403930573
PT,KLSZ03,QTSZ14,1,9.579766948804993
PT,BMSZ08,WDSZ04,1,16.161244793096813
WK,KLSZ05,KLSZ05,1,0.0
PT,WDSZ05,WDSZ03,1,2.9195549289936507
PT,KLSZ01,SGSZ06,1,3.4801975395945113
VH,QTSZ01,CHSZ03,1,24.078716118520067
PT,KLSZ08,JWSZ09,1,18.392453288882642
WK,GLSZ05,GLSZ05,1,0.0
PT,AMSZ01,CHSZ03,1,17.374453729266236
PT,BDSZ01,TMSZ02,1,5.084701843817833
WK,CKSZ02,CKSZ03,1,1.0663075799099802
PT,SBSZ04,YSSZ01,1,4.159878889114505
PT,BPSZ04,WDSZ03,1,7.765413102739229
VH,BMSZ07,BKSZ05,1,9.120824017166976
PT,HGSZ04,OTSZ03,1,11.414819607859396
WK,CKSZ06,CKSZ06,1,0.0
WK,JESZ05,JESZ03,1,0.6185017999780152
WK,TPSZ01,TPSZ03,1,0.8691238760750586
VH,BKSZ07,BKSZ09,1,1.1548323650255352
VH,QTSZ14,BDSZ04,1,16.781182620540182
PT,QTSZ08,TMSZ02,1,18.868564424242766
PT,CHSZ02,BMSZ13,1,21.378141650564146
WK,ORSZ02,ORSZ02,1,0.0
PT,SGSZ06,SESZ06,1,4.8182511714863905
WK,TMSZ02,TMSZ04,1,1.5608180588962757
PT,PGSZ03,SGSZ06,1,6.32954895424093
PT,GLSZ05,SRSZ02,1,6.705669411494558
PT,JESZ01,JESZ03,1,1.895288523891181
PT,BPSZ03,BMSZ02,1,12.585738416654193
PT,JESZ05,BKSZ07,1,1.8651432569207955
VH,WDSZ04,WDSZ03,1,1.5835624864458278
PT,BKSZ05,BTSZ01,1,2.1505630256045407
PT,HGSZ04,SESZ03,1,2.3969142178322658
PT,TPSZ01,OTSZ04,1,6.201160948041163
PT,JWSZ03,TSSZ05,1,11.149474068579385
PT,QTSZ08,SBSZ01,1,17.194323522310697
PT,DTSZ03,CLSZ07,1,10.253482762152906
PT,GLSZ04,GLSZ03,1,2.2208826856539945
VH,CLSZ04,QTSZ05,1,5.135637327661878
PT,QTSZ13,SESZ02,1,17.85812970116667
PT,WCSZ01,JWSZ08,1,4.2172435958379735
PT,HGSZ03,BDSZ03,1,6.076671439603771
WK,TPSZ01,TPSZ01,1,0.0
PT,BSSZ02,OTSZ03,1,8.272921769160586
PT,PRSZ05,DTSZ11,1,15.774690388263947
PT,PGSZ04,QTSZ08,1,17.135604411829103
WK,PRSZ08,PRSZ08,1,0.0
VH,WDSZ03,BMSZ12,1,17.69847023559843
PT,TPSZ10,TPSZ10,1,0.0
PT,TMSZ02,TMSZ02,1,0.0
PT,SBSZ03,DTSZ05,1,18.459820913519966
PT,ORSZ02,TMSZ02,1,14.274470588146558
PT,BTSZ01,BKSZ02,1,3.8054983211680304
PT,KLSZ06,CKSZ06,1,15.895378449251254
PT,KLSZ05,SGSZ06,1,5.771752768914808
PT,BPSZ01,TSSZ05,1,16.995563672928547
PT,HGSZ03,SGSZ04,1,3.733068176976207
WK,BDSZ02,BDSZ02,1,0.0
PT,OTSZ03,CKSZ05,1,16.520234957073104
PT,AMSZ01,WDSZ02,1,9.66727320730234
VH,JWSZ08,JWSZ09,1,0.9403575284652649
PT,KLSZ07,DTSZ05,1,3.33525534965056
PT,SESZ03,RCSZ01,1,10.472116075988462
PT,KLSZ06,PGSZ05,1,11.80320261153746
VH,CHSZ03,PRSZ04,1,6.2870136798784735
PT,BSSZ02,DTSZ01,1,6.263198709452091
PT,AMSZ09,NVSZ02,1,7.082791457565784
VH,AMSZ05,AMSZ06,1,0.6257571726353811
PT,DTSZ08,TNSZ02,1,3.4918502782395926
PT,ORSZ03,AMSZ07,1,8.235686238686693
PT,BSSZ01,MPSZ02,1,9.594717785409555
PT,BDSZ04,BDSZ04,1,0.0
PT,TPSZ04,DTSZ02,1,4.762813697742243
PT,CLSZ06,JWSZ05,1,6.102895149585944
PT,HGSZ04,RCSZ02,1,8.225220030701468
PT,WDSZ06,SBSZ09,1,3.967044930074676
PT,GLSZ04,KLSZ07,1,3.6982957828715075
PT,YSSZ09,DTSZ05,1,16.542268951385452
VH,BMSZ05,PRSZ05,1,17.047832932303997
WK,YSSZ04,YSSZ04,1,0.0
PT,RCSZ10,WDSZ03,1,16.735727824234118
PT,DTSZ01,SESZ06,1,10.917430628459583
PT,OTSZ03,DTSZ05,1,0.9139879414915537
PT,SGSZ04,ORSZ02,1,7.419561474361161
PT,NVSZ02,HGSZ02,1,8.445728349754475
VH,HGSZ02,HGSZ01,1,0.7510371002354921
VH,NVSZ03,TPSZ02,1,1.7055515491528241
WK,GLSZ05,GLSZ05,1,0.0
PT,AMSZ02,CKSZ06,1,12.20335482909762
PT,BMSZ11,QTSZ08,1,4.597714194170921
PT,TSSZ02,JESZ01,1,10.91820268049769
PT,MPSZ03,DTSZ08,1,7.059406378997142
VH,DTSZ11,BTSZ01,1,11.342385586963172
WK,JESZ08,JESZ08,1,0.0
PT,SRSZ02,RCSZ01,1,2.331762775248652
VH,HGSZ05,NVSZ02,1,8.254415762686026
PT,BSSZ03,YSSZ04,1,7.816736646743787
PT,BMSZ12,QTSZ05,1,1.6687032298641558
WK,OTSZ03,OTSZ03,1,0.0
PT,PRSZ03,GLSZ05,1,8.244202320945124
PT,SESZ02,TMSZ05,1,9.63649724469096
PT,ORSZ02,BPSZ05,1,10.767083021711537
PT,PRSZ04,CCSZ01,1,17.090756978728344
PT,BLSZ02,JESZ05,1,4.170646619021972
PT,YSSZ01,YSSZ03,1,1.0015506147644606
PT,BSSZ01,WDSZ03,1,9.887578244804601
PT,GLSZ05,OTSZ02,1,7.466156656883012
PT,WCSZ01,YSSZ09,1,16.623515431959568
PT,CLSZ06,DTSZ09,1,10.04515073066857
VH,TMSZ02,TMSZ03,1,1.8211342041293208
PT,BKSZ07,JESZ05,1,1.8651432569207955
VH,PGSZ02,CHSZ03,1,13.007043115413369
PT,TPSZ03,YSSZ01,1,9.672649313681282
VH,BPSZ05,BPSZ03,1,1.1253728669166327
PT,HGSZ08,HGSZ07,1,1.4564913024819
PT,DTSZ03,SGSZ07,1,6.381694871644236
PT,TPSZ08,QTSZ01,1,9.341211543082025
WK,JWSZ09,JWSZ09,1,0.0
PT,BMSZ04,RCSZ10,1,3.3880901319697165
VH,OTSZ03,BMSZ16,1,0.9913655462558489
PT,CKSZ02,BKSZ05,1,2.938298637870518
PT,ORSZ02,AMSZ10,1,9.048213387418876
PT,PRSZ05,SESZ03,1,7.311629435529212
WK,TPSZ04,TPSZ02,1,0.8358827334321068
PT,CKSZ05,DTSZ11,1,17.521080661938193
VH,WCSZ01,WCSZ01,1,0.0
PT,ORSZ01,QTSZ05,1,2.133037229525851
VH,PGSZ02,PGSZ01,1,0.9800015896988599
WK,PGSZ03,PGSZ03,1,0.0
VH,BDSZ04,SGSZ06,1,7.65814359492801
VH,TMSZ05,BDSZ06,1,2.8616357130860677
WK,SESZ03,HGSZ04,1,2.3969142178322658
VH,OTSZ03,HGSZ06,1,10.09997804126083
WK,DTSZ05,DTSZ05,1,0.0
PT,BKSZ08,QTSZ08,1,6.779052893919564
WK,JWSZ08,JWSZ08,1,0.0
PT,QTSZ11,CLSZ07,1,1.2894620495882865
WK,SGSZ06,SGSZ07,1,0.9479193276864053
PT,SGSZ06,QTSZ03,1,9.464675546029893
PT,WDSZ05,OTSZ03,1,18.112920481568985
PT,SGSZ04,SGSZ04,1,0.0
VH,TMSZ04,TMSZ02,1,1.5608180588962757
PT,TSSZ02,JESZ05,1,11.980885465452845
PT,RCSZ10,PRSZ02,1,13.09709287154465
VH,WDSZ05,QTSZ08,1,14.63950926508943
PT,OTSZ04,CKSZ01,1,14.880456850623188
PT,YSSZ05,YSSZ01,1,2.181737820747567
PT,BDSZ04,BDSZ02,1,1.517590146979497
WK,TPSZ02,TPSZ02,1,0.0
PT,QTSZ08,HGSZ04,1,13.462505057211008
PT,WDSZ04,QTSZ14,1,16.892861159640272
PT,RCSZ01,BMSZ05,1,3.807300757057859
VH,YSSZ01,WDSZ03,1,4.288816524478815
VH,BDSZ03,CHSZ03,1,9.816430053148721
PT,KLSZ03,BSSZ01,1,6.5132736213001685
VH,BMSZ12,OTSZ03,1,3.9137665802028723
PT,HGSZ01,KLSZ07,1,7.723429972154425
WK,SGSZ06,SGSZ07,1,0.9479193276864053
PT,BKSZ04,JWSZ03,1,3.692369535948641
PT,PRSZ03,OTSZ03,1,15.465190727565155
PT,QTSZ11,QTSZ11,1,0.0
PT,AMSZ01,SGSZ04,1,2.472488583151166
PT,BMSZ07,SESZ02,1,15.376351647571093
PT,MUSZ01,PGSZ03,1,12.905263215472523
PT,DTSZ11,CKSZ01,1,16.00849031026037
VH,TMSZ04,TMSZ02,1,1.5608180588962757
PT,YSSZ04,TPSZ12,1,10.360576147335253
VH,GLSZ05,BDSZ05,1,2.4661511449633133
VH,SGSZ02,HGSZ04,1,2.351705726341495
PT,ORSZ02,BDSZ03,1,9.480734441090526
PT,YSSZ05,OTSZ03,1,14.356840637564787
VH,AMSZ06,AMSZ06,1,0.0
PT,GLSZ02,MPSZ01,1,2.935959179208678
PT,QTSZ11,SGSZ06,1,12.183856278019633
PT,JWSZ09,DTSZ08,1,17.690330701460272
WK,AMSZ09,AMSZ09,1,0.0
PT,BMSZ01,JWSZ09,1,14.723740363036976
PT,PRSZ05,AMSZ10,1,12.711337660181599
PT,BKSZ05,BMSZ05,1,11.536291450899682
WK,SGSZ04,SGSZ04,1,0.0
WK,DTSZ02,DTSZ02,1,0.0
PT,PRSZ05,GLSZ03,1,8.236622392623675
PT,ORSZ03,TMSZ04,1,13.525313329094072
PT,HGSZ04,AMSZ10,1,4.599438344565637
PT,DTSZ05,JWSZ09,1,17.702714307473705
PT,SESZ03,BMSZ17,1,15.58900183963848
PT,ORSZ03,QTSZ05,1,3.447678254780443
PT,PRSZ02,TMSZ02,1,3.040951365203157
PT,QTSZ08,BMSZ06,1,3.311909544290531
PT,CLSZ04,BTSZ01,1,2.2642589389246877
PT,KLSZ08,GLSZ04,1,2.011415176163007
VH,CKSZ06,SKSZ04,1,1.3279259305576234
PT,WDSZ02,BSSZ01,1,10.203119321478622
PT,TNSZ01,NVSZ02,1,2.0952290423453896
PT,CLSZ07,BMSZ15,1,7.094905971384742
PT,SGSZ06,HGSZ08,1,2.105678690799914
VH,YSSZ09,KLSZ06,1,13.739407174343704
PT,DTSZ01,NVSZ02,1,2.5273499188078206
VH,BKSZ04,CKSZ01,1,2.906700771289461
WK,CCSZ01,CCSZ01,1,0.0
PT,BTSZ01,BKSZ05,1,2.1505630256045407
PT,KLSZ06,CKSZ03,1,14.889508053954948
PT,GLSZ03,SESZ03,1,6.893407627631798
WK,BDSZ03,BDSZ03,1,0.0
PT,NVSZ02,CLSZ04,1,8.434803783728732
PT,SBSZ03,PLSZ04,1,13.766697841336628
PT,JESZ02,BPSZ01,1,5.6240157969783375
PT,BDSZ03,CHSZ03,1,9.816430053148721
PT,QTSZ08,WDSZ03,1,15.949789699212772
VH,PGSZ02,PGSZ03,1,0.8699452159826071
PT,DTSZ12,RCSZ01,1,2.959035187225445
VH,SESZ06,JWSZ08,1,20.960332137646212
PT,OTSZ03,WDSZ02,1,18.703502611310146
PT,SESZ06,AMSZ10,1,3.524478496309693
VH,TMSZ02,TMSZ03,1,1.8211342041293208
PT,DTSZ08,QTSZ05,1,4.971906850659574
PT,SESZ06,AMSZ01,1,4.135723879499389
PT,TMSZ01,TMSZ02,1,1.8880896152958335
PT,BSSZ02,BSSZ03,1,1.034011091901759
PT,YSSZ09,YSSZ04,1,1.5998556484110604
WK,DTSZ05,DTSZ05,1,0.0
PT,BMSZ07,CLSZ04,1,5.831344751245695
PT,BKSZ06,BKSZ07,1,0.9082341190430384
WK,CKSZ03,CKSZ03,1,0.0
PT,NVSZ02,CLSZ03,1,9.568913019204732
PT,BPSZ04,SESZ03,1,13.811674053484365
PT,JWSZ04,CLSZ09,1,4.727254508256399
PT,TMSZ02,JWSZ01,1,27.138792488175376
VH,JWSZ02,HGSZ08,1,19.618543084997896
PT,SESZ03,SGSZ06,1,5.308120913505455
WK,DTSZ11,OTSZ03,1,1.0816800804911224
PT,PRSZ04,BDSZ06,1,6.611559120924702
VH,HGSZ07,GLSZ05,1,4.623799103529617
PT,JWSZ03,JESZ03,1,3.1067249608516656
VH,PGSZ05,DTSZ08,1,15.47638357980494
WK,BDSZ04,BDSZ04,1,0.0
VH,HGSZ05,PGSZ01,1,4.815809480546924
PT,SGSZ06,SESZ03,1,5.308120913505455
PT,AMSZ07,YSSZ09,1,6.274110531581218
PT,HGSZ04,AMSZ12,1,3.776051371725041
VH,SBSZ03,CKSZ06,1,9.276594324134635
PT,QTSZ14,JESZ04,1,9.378593397291489
PT,BKSZ03,BPSZ04,1,4.28957594786457
PT,TMSZ04,TMSZ02,1,1.5608180588962757
VH,JWSZ08,JWSZ08,1,0.0
PT,DTSZ06,CLSZ08,1,10.357111656292243
PT,SESZ03,BTSZ01,1,15.240104800070947
VH,WDSZ03,WDSZ03,1,0.0
PT,QTSZ08,OTSZ03,1,6.1905751342633355
PT,TPSZ01,DTSZ03,1,5.70446811951726
VH,DTSZ12,DTSZ01,1,1.7800379205526227
VH,QTSZ08,RCSZ01,1,6.894922389178966
PT,NVSZ01,HGSZ06,1,5.30543525189973
PT,TPSZ02,TPSZ01,1,0.9338053167884945
PT,DTSZ02,HGSZ07,1,8.067781751388706
PT,ORSZ02,CKSZ02,1,12.345944112139145
PT,DTSZ03,CLSZ06,1,10.975376814215494
VH,BSSZ03,KLSZ07,1,4.027271854123944
PT,BSSZ01,SESZ02,1,8.743758676856658
PT,WDSZ03,DTSZ05,1,18.34652970388401
PT,BTSZ05,CLSZ05,1,6.1984256378135
PT,TMSZ03,GLSZ01,1,7.114609344836803
PT,SBSZ04,DTSZ02,1,18.766386738680332
PT,BTSZ01,MPSZ02,1,14.931081631195621
WK,CKSZ03,CKSZ03,1,0.0
PT,CKSZ02,CKSZ03,1,1.0663075799099802
PT,SBSZ09,CKSZ01,1,9.90989837884502
WK,BSSZ01,BSSZ01,1,0.0
VH,NVSZ02,YSSZ03,1,12.267324191950772
PT,NVSZ02,TPSZ06,1,2.7588056334035747
PT,SESZ03,PGSZ03,1,1.2362134622897991
PT,DTSZ05,BDSZ01,1,8.69598408108096
PT,TMSZ03,BDSZ03,1,3.4743062726524045
VH,HGSZ03,HGSZ02,1,0.7511726210026585
PT,TPSZ02,TPSZ04,1,0.8358827334321068
PT,BMSZ08,OTSZ02,1,2.1108756800891797
VH,JWSZ03,BMSZ05,1,14.841531780546495
WK,AMSZ03,AMSZ03,1,0.0
PT,QTSZ14,YSSZ03,1,17.68479186485268
PT,SBSZ01,SGSZ04,1,10.20683782932369
PT,PGSZ03,DTSZ03,1,13.004073840473902
PT,BMSZ16,BMSZ16,1,0.0
PT,TMSZ01,PGSZ05,1,4.735280509615317
VH,KLSZ06,KLSZ07,1,1.0333149912560546
PT,WDSZ03,WDSZ01,1,1.9549224562619225
PT,AMSZ02,KLSZ06,1,6.905065669497024
WK,QTSZ10,QTSZ11,1,0.9343207049567491
PT,QTSZ01,QTSZ01,1,0.0
PT,OTSZ03,BMSZ09,1,1.8254298686591923
PT,OTSZ03,RCSZ10,1,2.421670523075443
PT,GLSZ04,WDSZ01,1,17.656855443940213
PT,PGSZ02,HGSZ02,1,4.396999254069179
PT,TMSZ02,DTSZ11,1,14.048301207762186
PT,HGSZ06,CHSZ03,1,13.488850399247307
PT,TMSZ02,TMSZ03,1,1.8211342041293208
PT,TMSZ02,GLSZ03,1,6.673217167241603
PT,NVSZ03,TMSZ02,1,13.494155158081035
WK,BSSZ01,AMSZ06,1,1.9366591055442168
PT,TMSZ02,AMSZ01,1,11.785359020726633
PT,THSZ01,BKSZ06,1,2.3588917923711237
PT,CLSZ06,DTSZ09,1,10.04515073066857
VH,CHSZ03,CKSZ06,1,28.752245821624516
PT,BMSZ01,QTSZ10,1,5.44345708444889
PT,PLSZ01,PGSZ05,1,3.354865281296038
PT,WDSZ09,CHSZ02,1,23.755681397662386
PT,ORSZ02,BDSZ04,1,11.832707237144264
WK,DTSZ02,DTSZ02,1,0.0
PT,OTSZ03,CLSZ04,1,9.524445331141287
PT,CHSZ02,YSSZ02,1,17.381080208661615
PT,BPSZ01,CHSZ03,1,27.081574509312418
PT,PRSZ08,QTSZ08,1,20.631024940020563
PT,BSSZ01,ORSZ02,1,5.814905738335073
VH,SGSZ04,SESZ05,1,3.576088234253757
PT,HGSZ02,HGSZ01,1,0.7510371002354921
PT,TMSZ05,PRSZ08,1,3.3559901476710063
PT,NVSZ02,HGSZ02,1,8.445728349754475
VH,SESZ06,BMSZ01,1,15.705705817058234
WK,BKSZ07,BKSZ07,1,0.0
PT,SBSZ02,DTSZ08,1,18.24192256668436
VH,BMSZ13,BMSZ06,1,2.150286800872923
WK,JESZ05,JESZ03,1,0.6185017999780152
VH,TMSZ02,TMSZ02,1,0.0
VH,TMSZ02,PRSZ06,1,3.31885267082316
PT,BDSZ04,SGSZ06,1,7.65814359492801
PT,NVSZ02,WDSZ03,1,14.476577536121003
VH,DTSZ03,SESZ04,1,11.868442230052084
PT,CKSZ01,BKSZ04,1,2.906700771289461
PT,JWSZ04,JESZ09,1,3.034237206052953
PT,BDSZ02,PLSZ01,1,3.6837364087590867
PT,QTSZ09,BDSZ04,1,17.784926324975224
PT,CKSZ02,CKSZ04,1,0.9700113114439944
PT,DTSZ03,HGSZ06,1,8.240098307364331
PT,BSSZ01,SBSZ03,1,9.994807013022445
PT,MPSZ03,DTSZ11,1,6.834390757671131
WK,JESZ03,BKSZ09,1,1.3928381553462843
WK,BMSZ04,BMSZ04,1,0.0
PT,PRSZ05,PRSZ03,1,1.3236940820239511
PT,BPSZ05,BKSZ05,1,2.270302415032574
PT,SGSZ04,OTSZ03,1,9.551140020285157
PT,BMSZ02,SESZ04,1,14.760826914947145
PT,BMSZ01,BMSZ12,1,1.6055679226966604
PT,BKSZ09,WCSZ01,1,8.870305648738707
PT,BTSZ07,BSSZ01,1,5.996400575127693
WK,JESZ05,JESZ05,1,0.0
PT,DTSZ11,JWSZ08,1,19.11467157476314
VH,CLSZ06,CLSZ07,1,1.060316654864546
PT,BMSZ07,OTSZ03,1,3.882751642815869
PT,DTSZ05,GLSZ04,1,4.9780475407465925
PT,DTSZ01,DTSZ11,1,2.6406512549934433
WK,BMSZ01,BMSZ01,1,0.0
PT,BKSZ05,BKSZ04,1,1.1230550579414724
PT,SRSZ03,BDSZ01,1,8.677316909492738
VH,NVSZ01,NVSZ01,1,0.0
PT,BDSZ03,GLSZ05,1,2.1091080461297502
PT,KLSZ09,ORSZ03,1,2.767187065404846
PT,CKSZ05,CKSZ06,1,0.9298087042092337
PT,BDSZ04,BSSZ01,1,11.923322731000368
PT,SGSZ06,TPSZ09,1,2.204579948905714
WK,QTSZ06,BMSZ02,1,2.1304675334951515
PT,DTSZ02,BMSZ04,1,3.073165378809782
PT,OTSZ03,WDSZ05,1,18.112920481568985
PT,CHSZ02,HGSZ07,1,10.231180462348005
VH,JWSZ08,YSSZ09,1,17.93564614351108
WK,QTSZ08,QTSZ08,1,0.0
PT,CKSZ03,ORSZ02,1,12.94408143956767
PT,OTSZ03,TPSZ10,1,7.634559135011248
PT,BMSZ05,HGSZ04,1,11.887512226714865
VH,TPSZ01,BSSZ03,1,1.6628552692300111
VH,BMSZ10,OTSZ03,1,1.4348126399213654
PT,JESZ03,JWSZ03,1,3.1067249608516656
PT,BPSZ01,BPSZ04,1,1.8300841829926888
WK,GLSZ02,GLSZ02,1,0.0
VH,TMSZ04,GLSZ04,1,8.35473178306198
WK,YSSZ04,YSSZ08,1,1.0199676471982402
PT,GLSZ02,BTSZ01,1,12.686766124485686
VH,TMSZ01,CHSZ03,1,7.206349459035475
PT,QTSZ08,RVSZ05,1,5.181481797787525
PT,GLSZ04,SGSZ04,1,5.688914712252517
VH,SGSZ06,HGSZ05,1,3.420976059234586
VH,BMSZ05,OTSZ03,1,1.0064294142100676
VH,TPSZ04,KLSZ06,1,2.8021042825331812
PT,QTSZ11,SGSZ07,1,12.501070656486686
PT,PGSZ04,PGSZ02,1,1.915966749166938
VH,TMSZ04,TMSZ02,1,1.5608180588962757
PT,WDSZ02,YSSZ09,1,4.494710631795676
PT,BTSZ01,JWSZ09,1,7.72612240678394
VH,TPSZ02,SGSZ06,1,3.5040671156653205
PT,TMSZ04,QTSZ14,1,19.055894074186863
PT,KLSZ07,SBSZ03,1,15.188988633462973
PT,BDSZ07,GLSZ04,1,4.915805109093144
PT,QTSZ13,CLSZ09,1,3.7130103951309237
WK,BPSZ03,BPSZ03,1,0.0
VH,SGSZ04,HGSZ03,1,3.733068176976207
PT,BMSZ10,DTSZ05,1,2.1807242873610173
WK,TPSZ05,TPSZ06,1,0.4844412425558235
VH,BMSZ04,DTSZ03,1,3.7582741944766993
PT,QTSZ15,BMSZ01,1,4.3164737250096135
WK,AMSZ02,AMSZ01,1,0.8098454795607932
PT,HGSZ01,GLSZ01,1,5.164229920273996
PT,BMSZ09,TMSZ02,1,15.236459418691599
PT,ORSZ02,YSSZ09,1,13.985649668373252
PT,WDSZ06,OTSZ03,1,19.076081055303742
PT,KLSZ06,HGSZ07,1,5.957351899470659
WK,OTSZ03,DTSZ08,1,0.5933682078899496
WK,BKSZ02,BKSZ02,1,0.0
VH,SESZ06,GLSZ03,1,7.623431922127776
PT,KLSZ07,SESZ03,1,10.136591432475655
VH,AMSZ08,AMSZ08,1,0.0
PT,OTSZ03,TMSZ03,1,12.779094893351187
PT,SGSZ06,AMSZ01,1,3.5002927418764003
PT,JWSZ03,TSSZ02,1,9.782760285959764
VH,GLSZ02,GLSZ02,1,0.0
PT,PGSZ04,BDSZ04,1,7.660949513374884
PT,QTSZ06,CLSZ01,1,6.729833043361027
PT,HGSZ07,AMSZ01,1,4.765468205002923
PT,TPSZ11,BMSZ17,1,8.593726496667239
PT,BDSZ04,GLSZ05,1,4.4484831020133795
PT,JWSZ04,WDSZ06,1,12.949550492530316
WK,QTSZ02,QTSZ02,1,0.0
WK,CLSZ04,CLSZ04,1,0.0
VH,TMSZ05,TMSZ03,1,4.262471447978868
PT,WDSZ02,PGSZ03,1,12.434570138939185
PT,PGSZ05,NVSZ02,1,12.262508482188563
PT,WDSZ01,SBSZ03,1,3.792906959192972
VH,QTSZ11,CLSZ06,1,2.335706003322094
WK,BMSZ09,BMSZ09,1,0.0
PT,BSSZ02,TPSZ06,1,2.4781130589168385
PT,BSSZ01,YSSZ09,1,8.170977815592874
PT,BDSZ01,RCSZ09,1,7.477315615247277
WK,NVSZ01,NVSZ01,1,0.0
PT,CLSZ02,DTSZ02,1,10.119006244599717
PT,CLSZ06,DTSZ02,1,10.249165138495398
VH,JWSZ02,JWSZ03,1,1.1903534965573972
PT,TPSZ02,BSSZ01,1,3.1724755752781033
PT,ORSZ03,DTSZ02,1,1.850941533931816
PT,SBSZ03,ORSZ02,1,15.764659514461766
PT,PRSZ05,KLSZ05,1,11.991562716522763
PT,QTSZ08,DTSZ09,1,6.578768541949939
VH,BDSZ06,BDSZ05,1,2.7834177816232066
PT,TPSZ02,WDSZ02,1,13.373565725775233
WK,YSSZ01,YSSZ01,1,0.0
PT,BSSZ02,QTSZ11,1,9.986610296096666
VH,BKSZ09,BKSZ07,1,1.1548323650255352
PT,CKSZ01,QTSZ02,1,9.27460354062948
PT,JWSZ08,GLSZ03,1,22.48294839891463
PT,YSSZ04,SBSZ03,1,3.8210520820291944
VH,WDSZ06,WDSZ04,1,2.210266237844914
PT,CLSZ04,JESZ05,1,3.174817557630327
PT,BDSZ01,QTSZ08,1,13.810423712896606
PT,PRSZ05,TMSZ02,1,1.8444573221520455
PT,BDSZ05,DTSZ01,1,7.366576839853502
PT,NVSZ02,CKSZ03,1,12.963717814112192
PT,PGSZ05,SESZ03,1,2.179904123683928
PT,AMSZ06,LKSZ01,1,14.809716655892487
PT,TMSZ04,JWSZ03,1,25.91378452975306
PT,NVSZ02,KLSZ07,1,0.9407328541278864
PT,BPSZ02,CKSZ05,1,2.294174780128727
PT,DTSZ11,WDSZ03,1,19.24786661737373
PT,YSSZ03,DTSZ11,1,16.93948343031589
VH,WDSZ09,WDSZ02,1,1.696465635892577
PT,HGSZ03,SGSZ04,1,3.733068176976207
PT,TMSZ02,SESZ03,1,7.245404358266343
PT,DTSZ03,HGSZ02,1,9.648772000591238
WK,YSSZ01,YSSZ01,1,0.0
WK,QTSZ11,QTSZ11,1,0.0
PT,BKSZ08,WDSZ03,1,11.368999456521973
VH,TMSZ03,BDSZ06,1,3.160251478678926
VH,SESZ04,CHSZ02,1,10.280796327919164
VH,JWSZ03,JESZ05,1,3.042266158318978
VH,BMSZ10,JESZ05,1,11.278864187009365
PT,BMSZ01,BDSZ08,1,15.829441157251772
PT,BSSZ03,NVSZ02,1,3.75325190070528
VH,BMSZ17,SESZ03,1,15.58900183963848
PT,BMSZ07,WDSZ04,1,15.885859723011533
PT,JWSZ09,WCSZ01,1,4.867229736806335
PT,WCSZ01,JWSZ02,1,4.683123759082885
VH,PGSZ04,OTSZ03,1,14.806753324856446
WK,CKSZ01,BPSZ05,1,1.4108989462238801
PT,TMSZ02,OTSZ04,1,13.971993957784035
PT,BMSZ09,DTSZ11,1,2.8967278905035525
PT,BKSZ03,DTSZ03,1,14.8644205006079
PT,SESZ02,YSSZ09,1,9.544143564544745
PT,JWSZ08,JWSZ09,1,0.9403575284652649
PT,RCSZ09,BDSZ05,1,7.816711516885411
PT,SBSZ04,SGSZ03,1,11.202801456881765
PT,QTSZ11,QTSZ11,1,0.0
VH,BKSZ05,OTSZ03,1,12.22536847792857
VH,RCSZ10,JWSZ09,1,17.367604341898385
VH,BDSZ03,BDSZ04,1,2.353398647735378
VH,WDSZ05,JESZ05,1,11.41307475070591
VH,QTSZ14,TMSZ03,1,17.580296419473733
WK,BSSZ03,BSSZ03,1,0.0
PT,QTSZ04,ORSZ03,1,4.695696863468547
PT,BMSZ05,KLSZ06,1,4.402003721489314
WK,YSSZ09,YSSZ09,1,0.0
PT,BMSZ01,CLSZ03,1,8.65378410614275
PT,CLSZ07,AMSZ01,1,11.597356738572895
PT,CLSZ08,DTSZ09,1,9.668378587711427
PT,AMSZ06,YSSZ06,1,3.555513834064482
VH,DTSZ09,BDSZ04,1,11.712949078515518
PT,DTSZ08,TMSZ02,1,14.16091343269169
PT,BKSZ02,BKSZ02,1,0.0
PT,PRSZ05,PRSZ03,1,1.3236940820239511
PT,WDSZ03,MUSZ03,1,16.966293401450862
VH,HGSZ05,AMSZ01,1,3.9553115714482727
PT,BKSZ03,NVSZ01,1,12.555893370869093
VH,WDSZ09,WDSZ01,1,1.4057969588338775
PT,HGSZ07,HGSZ07,1,0.0
VH,WDSZ03,WDSZ09,1,2.578784998326383
PT,AMSZ02,MPSZ03,1,9.785863422051808
WK,GLSZ05,GLSZ05,1,0.0
PT,CKSZ06,SKSZ03,1,1.6669917349347594
PT,NVSZ02,KLSZ08,1,2.5500456302490604
PT,CHSZ01,TMSZ01,1,5.525533743582612
WK,YSSZ09,YSSZ09,1,0.0
VH,SESZ02,SESZ03,1,0.9264025278629129
PT,QTSZ12,BMSZ14,1,3.2181114816921577
PT,QTSZ13,KLSZ01,1,9.91215998890934
WK,JESZ05,JESZ05,1,0.0
PT,BTSZ01,YSSZ05,1,11.469732567080888
PT,CKSZ03,QTSZ08,1,10.791204116050123
PT,DTSZ08,BKSZ07,1,13.388242300283844
WK,KLSZ03,KLSZ03,1,0.0
WK,SESZ02,SESZ03,1,0.9264025278629129
PT,QTSZ03,PNSZ02,1,14.614423913037925
PT,SESZ02,GLSZ01,1,7.583422079468447
PT,HGSZ05,GLSZ01,1,6.169503252589041
VH,CLSZ04,QTSZ14,1,5.450684523448782
PT,KLSZ06,QTSZ12,1,7.934442098256205
PT,WDSZ02,DTSZ01,1,17.213998760658516
PT,SESZ02,KLSZ07,1,10.22300465858183
WK,BDSZ04,BDSZ04,1,0.0
VH,BTSZ03,BTSZ01,1,1.8137215566160432
PT,QTSZ11,TNSZ03,1,3.9625651174093357
WK,SRSZ03,OTSZ03,1,0.9615599479485998
PT,TMSZ03,SESZ02,1,5.542257830695036
PT,JESZ02,JWSZ02,1,3.1372441265674205
PT,ORSZ03,SESZ06,1,11.262314482990844
WK,WDSZ06,WDSZ06,1,0.0
PT,PGSZ02,BMSZ05,1,16.190965710354643
VH,BSSZ02,DTSZ01,1,6.263198709452091
PT,TMSZ02,KLSZ05,1,10.293337945549341
PT,BKSZ02,SGSZ02,1,13.048648449283453
PT,PLSZ04,YSSZ09,1,11.522658161056965
WK,TMSZ05,TMSZ05,1,0.0
PT,AMSZ05,GLSZ03,1,7.747677867214644
PT,CLSZ09,JESZ03,1,3.4013382254297486
PT,DTSZ05,BTSZ01,1,10.689744059321782
PT,TMSZ02,WCSZ01,1,29.231844280037286
WK,SGSZ01,SESZ06,1,1.7219476016544402
PT,DTSZ05,SGSZ07,1,7.5640282889559165
PT,JWSZ01,JWSZ06,1,2.8774739622711256
PT,JESZ04,CLSZ03,1,3.0862771615363136
VH,CKSZ03,BKSZ05,1,3.7324497524941984
PT,YSSZ03,YSSZ05,1,2.0957183698988087
PT,YSSZ03,AMSZ01,1,6.130547549685317
PT,JWSZ08,BMSZ12,1,14.412851069997284
VH,BMSZ01,BMSZ11,1,1.8677985395577708
PT,YSSZ09,YSSZ01,1,0.8885412780857345
PT,JESZ03,DTSZ05,1,13.104151577782016
PT,BMSZ13,BMSZ01,1,1.0293958177027167
PT,PRSZ06,TMSZ02,1,3.31885267082316
VH,HGSZ04,HGSZ02,1,1.4399878214299235
PT,BKSZ03,DTSZ08,1,14.624233933341868
PT,YSSZ01,SBSZ01,1,2.414191577362601
PT,YSSZ03,WDSZ01,1,6.99934131556733
PT,CKSZ06,CKSZ06,1,0.0
PT,CKSZ06,BKSZ04,1,5.07033689772302
PT,YSSZ03,SBSZ04,1,4.717740707250353
VH,HGSZ01,SESZ03,1,2.534444316060849
VH,BSSZ03,YSSZ01,1,8.717429131590928
PT,PRSZ03,PRSZ02,1,1.2089472301797606
WK,DTSZ01,DTSZ03,1,0.9089782699981739
PT,HGSZ05,GLSZ03,1,5.964687136270527
PT,QTSZ15,HGSZ07,1,15.225367977674978
WK,DTSZ05,OTSZ03,1,0.9139879414915537
VH,BKSZ03,JWSZ08,1,5.405368868525178
PT,ORSZ03,KLSZ01,1,3.4623181583472484
PT,YSSZ04,YSSZ04,1,0.0
VH,TMSZ05,TMSZ02,1,3.4331063209557158
VH,PGSZ03,GLSZ04,1,9.9254682329657
PT,BDSZ06,BDSZ04,1,1.3781452505148277
PT,PGSZ04,SESZ04,1,2.452440718515079
PT,BKSZ03,RVSZ03,1,12.059032981268617
VH,JESZ06,JESZ01,1,2.913923533407321
PT,SESZ03,SESZ02,1,0.9264025278629129
PT,DTSZ03,BMSZ13,1,5.898937410655873
WK,OTSZ03,BMSZ05,1,1.0064294142100676
PT,PRSZ02,SESZ02,1,3.977714692472499
PT,GLSZ02,DTSZ12,1,5.723584052408121
PT,DTSZ05,TMSZ02,1,13.636756124005556
VH,BKSZ03,CKSZ01,1,3.207816691320493
VH,JWSZ04,JESZ03,1,2.7888218242013987
PT,MUSZ01,SBSZ03,1,16.684516538082182
PT,BMSZ17,BPSZ03,1,15.158020941382265
PT,CKSZ03,YSSZ09,1,10.592362928045922
WK,CLSZ04,CLSZ06,1,0.7914849055353017
PT,YSSZ09,TPSZ06,1,10.930364173849584
PT,BMSZ08,BMSZ15,1,1.4611229178377867
WK,CKSZ03,CKSZ02,1,1.0663075799099802
WK,JWSZ09,JWSZ09,1,0.0
PT,QTSZ04,BMSZ04,1,3.857973864103582
PT,BMSZ15,BMSZ01,1,1.3582854437845964
PT,HGSZ04,HGSZ07,1,1.861964617425729
PT,CLSZ07,QTSZ14,1,4.152593899256015
PT,CKSZ06,WCSZ01,1,6.791652845318785
PT,BMSZ01,BMSZ13,1,1.0293958177027167
PT,SESZ03,AMSZ03,1,5.574510979333197
PT,BMSZ13,ORSZ01,1,3.6531894467897565
PT,TMSZ03,PGSZ04,1,5.823894217170487
VH,TMSZ03,PGSZ05,1,6.3173652024599045
PT,SESZ06,PNSZ05,1,26.124157242824765
VH,BSSZ01,AMSZ02,1,2.9462929613040005
VH,JWSZ09,JWSZ08,1,0.9403575284652649
PT,YSSZ03,YSSZ01,1,1.0015506147644606
PT,CHSZ03,HGSZ04,1,13.128021721916161
PT,JWSZ04,SGSZ06,1,16.732637413321232
PT,SBSZ03,WDSZ03,1,1.8504157042501537
VH,BMSZ04,BMSZ15,1,1.1388794453076865
PT,GLSZ05,TMSZ04,1,6.726192243306828
PT,GLSZ05,BMSZ01,1,10.840221384681632
PT,SGSZ02,HGSZ05,1,1.9782563954446948
PT,TMSZ03,TMSZ04,1,2.188355345903096
WK,HGSZ02,HGSZ03,1,0.7511726210026585
PT,QTSZ01,CLSZ06,1,2.7150316756116557
WK,SBSZ01,SBSZ01,1,0.0
PT,JESZ09,JWSZ03,1,4.739717709524146
WK,JESZ05,JESZ05,1,0.0
PT,DTSZ03,TPSZ06,1,4.99855084120839
PT,PGSZ04,BSSZ01,1,9.698498104400405
PT,YSSZ03,YSSZ02,1,1.4819530444688982
WK,WDSZ01,WDSZ01,1,0.0
PT,SGSZ05,SGSZ05,1,0.0
PT,BPSZ05,JESZ06,1,5.872152089271856
PT,KLSZ07,TPSZ08,1,3.425047486847082
PT,TMSZ04,BDSZ04,1,2.300713819335355
PT,CLSZ01,SESZ02,1,17.65532628280525
PT,ORSZ02,CLSZ07,1,7.146078842625326
WK,BDSZ03,BDSZ04,1,2.353398647735378
PT,GLSZ05,BDSZ04,1,4.4484831020133795
WK,DTSZ05,OTSZ01,1,1.3050638071465064
WK,JESZ02,JESZ03,1,0.8712167455384023
PT,TMSZ02,TMSZ01,1,1.8880896152958335
WK,YSSZ09,YSSZ03,1,1.7688742052165112
WK,OTSZ04,OTSZ03,1,0.6061735841782084
WK,SESZ03,SESZ04,1,0.9952512670910597
WK,BMSZ05,OTSZ03,1,1.0064294142100676
WK,SESZ03,SESZ03,1,0.0
PT,TMSZ02,CHSZ03,1,5.590892298049903
PT,GLSZ02,PRSZ03,1,8.564122770408643
PT,PGSZ05,HGSZ08,1,7.06709033941901
PT,BMSZ02,PGSZ03,1,16.00285923971061
PT,BPSZ05,BPSZ02,1,1.1435975036682837
PT,GLSZ05,BDSZ03,1,2.1091080461297502
VH,BMSZ07,BMSZ08,1,1.4234487023260933
PT,SESZ05,KLSZ08,1,8.332696338597055
PT,JWSZ04,DTSZ05,1,15.495816355124653
PT,CHSZ03,JWSZ03,1,31.120659831462916
PT,SGSZ07,TPSZ06,1,2.3204062272542165
PT,ORSZ03,NVSZ02,1,1.8889192483215784
WK,DTSZ03,DTSZ01,1,0.9089782699981739
PT,QTSZ14,HGSZ07,1,13.498379323421725
VH,HGSZ06,TPSZ06,1,3.804379878261559
PT,SGSZ07,QTSZ04,1,10.253206988358079
WK,WDSZ03,WDSZ03,1,0.0
PT,HGSZ01,SESZ06,1,3.2869496004023278
PT,WCSZ01,JWSZ03,1,4.998520485381283
PT,QTSZ08,CLSZ06,1,3.4723330871686047
WK,OTSZ03,OTSZ03,1,0.0
PT,BDSZ04,BDSZ06,1,1.3781452505148277
PT,GLSZ05,BDSZ06,1,5.16174864786292
PT,BMSZ05,BKSZ05,1,11.536291450899682
VH,GLSZ04,BKSZ09,1,14.25506941241694
PT,DTSZ03,BMSZ01,1,5.736239251325156
PT,PGSZ03,PGSZ02,1,0.8699452159826071
WK,SESZ06,SGSZ01,1,1.7219476016544402
PT,BMSZ07,BPSZ03,1,11.630227263289555
PT,SESZ06,PGSZ02,1,3.1891104601289886
PT,SESZ06,DTSZ03,1,11.639196432459416
PT,QTSZ04,CLSZ04,1,3.7989334830126578
PT,BKSZ09,GLSZ04,1,14.25506941241694
WK,BSSZ03,BSSZ03,1,0.0
PT,SESZ03,BTSZ01,1,15.240104800070947
PT,WDSZ03,WDSZ05,1,2.9195549289936507
PT,TPSZ03,TPSZ11,1,2.791988838417711
WK,JWSZ01,JWSZ08,1,1.8391144965087631
PT,HGSZ01,HGSZ07,1,1.5263320364724293
PT,CKSZ03,CKSZ01,1,0.8899078021080913
VH,JWSZ09,PGSZ04,1,24.030579712477593
PT,GLSZ04,DTSZ11,1,5.5301729837225455
PT,JWSZ08,JESZ05,1,5.463998465400654
VH,BDSZ04,BDSZ03,1,2.353398647735378
WK,NVSZ02,NVSZ02,1,0.0
PT,BKSZ09,BTSZ01,1,1.5341841176833413
PT,AMSZ12,ORSZ03,1,9.298419211129328
PT,TMSZ03,GLSZ02,1,6.112628931819386
VH,GLSZ01,KLSZ01,1,1.6353496539261638
PT,BTSZ02,BPSZ02,1,5.83740216466022
PT,CKSZ06,DTSZ02,1,16.784024557667813
PT,HGSZ08,GLSZ05,1,3.213057688239395
PT,BMSZ02,QTSZ03,1,3.2906917519464893
PT,HGSZ06,PRSZ03,1,7.5450725005713775
PT,CKSZ05,RCSZ03,1,15.583207360334061
WK,SESZ02,SESZ02,1,0.0
VH,AMSZ09,AMSZ10,1,0.841056832156811
WK,CKSZ03,WCSZ01,1,6.445375910278424
PT,DTSZ08,TPSZ06,1,6.555791642267696
PT,BMSZ08,CHSZ03,1,20.958239951437097
PT,RCSZ05,BTSZ01,1,10.567351687281922
WK,BPSZ02,BPSZ02,1,0.0
VH,BDSZ03,BDSZ04,1,2.353398647735378
PT,CKSZ06,QTSZ11,1,12.069168207523715
PT,KLSZ01,DTSZ03,1,3.3832678733623953
PT,GLSZ03,GLSZ04,1,2.2208826856539945
PT,TMSZ02,YSSZ03,1,14.214057965781217
PT,PGSZ02,SESZ04,1,2.130427494081623
PT,SESZ03,YSSZ04,1,7.295543268032126
PT,KLSZ07,TPSZ11,1,3.383147444494971
PT,JWSZ01,CLSZ04,1,7.8605676970390705
PT,HGSZ02,MUSZ03,1,9.796714348562526
PT,MPSZ02,SGSZ06,1,6.114774059259386
PT,BKSZ03,QTSZ11,1,7.656767737660961
VH,JESZ05,BSSZ01,1,10.32791270244851
PT,SESZ04,SGSZ06,1,5.12482906140931
PT,QTSZ11,JESZ05,1,5.590735531387388
PT,QTSZ03,SKSZ04,1,13.276047546381152
WK,TMSZ02,TMSZ02,1,0.0
PT,BKSZ03,JESZ03,1,2.0661700283619857
PT,TMSZ03,PGSZ03,1,7.415930585784416
PT,MPSZ03,BTSZ06,1,12.056512112446544
PT,QTSZ14,RVSZ03,1,4.9341560879870885
PT,JESZ01,JESZ05,1,1.951247590558303
PT,GLSZ05,GLSZ05,1,0.0
PT,NVSZ02,GLSZ05,1,6.17307553316404
VH,TMSZ04,TMSZ02,1,1.5608180588962757
PT,BTSZ01,CKSZ01,1,5.201199803389543
PT,WDSZ04,DTSZ12,1,17.772030886618882
WK,BMSZ09,BMSZ08,1,0.9449256600662472
PT,GLSZ03,SESZ03,1,6.893407627631798
PT,BLSZ02,JESZ02,1,4.201259055039847
VH,HGSZ01,HGSZ04,1,0.7566664343295557
VH,QTSZ08,KLSZ01,1,8.307398167450954
WK,TMSZ02,TMSZ02,1,0.0
WK,SBSZ04,WDSZ03,1,2.326052736390598
VH,SESZ06,SESZ04,1,1.4130001556698468
PT,SRSZ02,BPSZ01,1,14.230987324098729
PT,SESZ03,HGSZ06,1,3.7058342234958794
PT,CKSZ04,QTSZ08,1,10.740720756429152
VH,HGSZ07,AMSZ01,1,4.765468205002923
PT,PRSZ03,PRSZ02,1,1.2089472301797606
PT,PRSZ04,TMSZ05,1,5.859643841237085
PT,AMSZ02,DTSZ01,1,8.183338227434751
PT,PGSZ05,PGSZ03,1,1.9779039939853045
VH,CLSZ01,CKSZ04,1,5.645958822968155
PT,DTSZ12,WDSZ06,1,19.458136917604218
PT,BKSZ05,TMSZ03,1,19.140366331204117
WK,HGSZ06,HGSZ04,1,1.3155617892005385
VH,SBSZ02,SBSZ04,1,2.0627872617848615
PT,TMSZ04,TMSZ04,1,0.0
PT,PGSZ03,CHSZ03,1,13.099665252929867
PT,BDSZ04,BMSZ05,1,12.601498129898953
PT,JESZ05,BPSZ04,1,6.024041207689825
PT,QTSZ08,QTSZ10,1,1.427255504833849
VH,SGSZ02,BSSZ01,1,4.081585707098615
PT,JESZ06,SESZ05,1,17.063797690482534
PT,BDSZ04,BDSZ03,1,2.353398647735378
WK,SESZ04,SESZ03,1,0.9952512670910597
PT,BSSZ03,GLSZ05,1,6.2265683692297955
PT,YSSZ09,AMSZ07,1,6.274110531581218
PT,KLSZ06,SGSZ06,1,4.7797249941233115
PT,OTSZ01,DTSZ05,1,1.3050638071465064
VH,TPSZ05,BSSZ02,1,2.0222166307092877
VH,TPSZ02,TPSZ01,1,0.9338053167884945
PT,CHSZ02,BMSZ12,1,21.12204787026679
PT,SGSZ06,HGSZ05,1,3.420976059234586
VH,HGSZ05,BMSZ05,1,12.410135860186537
PT,SBSZ01,SBSZ05,1,0.9561836464776637
PT,PRSZ02,KLSZ01,1,10.74177149498205
VH,BMSZ07,SESZ04,1,14.822376244778281
PT,YSSZ09,DTSZ03,1,15.813545360675231
PT,YSSZ08,JESZ05,1,13.432650897484972
VH,CHSZ03,KLSZ01,1,15.718149589742476
PT,CLSZ05,JESZ01,1,4.276152776345873
PT,WDSZ03,PRSZ03,1,17.96196655526523
PT,QTSZ06,DTSZ06,1,5.788968134667214
PT,TSSZ05,JESZ02,1,12.505698090942252
VH,BKSZ06,BKSZ07,1,0.9082341190430384
VH,OTSZ03,PGSZ04,1,14.806753324856446
PT,CKSZ04,OTSZ01,1,15.302298191536517
PT,BMSZ17,CLSZ04,1,9.731411652867756
PT,TMSZ03,RCSZ10,1,10.703904819407029
WK,MPSZ02,MPSZ03,1,0.7646729806688193
PT,CKSZ06,DTSZ11,1,18.11399576006074
WK,SGSZ06,SGSZ06,1,0.0
PT,KLSZ08,GLSZ04,1,2.011415176163007
PT,NVSZ03,SBSZ03,1,13.82185268326397
PT,AMSZ01,SESZ05,1,4.98386417376169
PT,BKSZ03,BKSZ07,1,1.2469115509305144
PT,WDSZ02,GLSZ05,1,18.107617509683756
PT,AMSZ02,JESZ03,1,12.626997652460496
PT,YSSZ04,DTSZ11,1,15.959984121008048
PT,DTSZ02,SGSZ06,1,6.928172923209252
WK,SBSZ03,SBSZ03,1,0.0
WK,DTSZ05,DTSZ05,1,0.0
PT,BSSZ01,BSSZ01,1,0.0
PT,MPSZ01,BMSZ16,1,6.792902771122666
PT,AMSZ12,HGSZ04,1,3.776051371725041
PT,HGSZ07,HGSZ07,1,0.0
VH,BDSZ04,SESZ03,1,8.026016071672588
PT,NVSZ01,KLSZ05,1,3.912153890326703
PT,SESZ02,YSSZ01,1,8.657159140521157
PT,YSSZ03,AMSZ01,1,6.130547549685317
VH,TMSZ03,PGSZ02,1,7.732389909211501
WK,MPSZ03,MPSZ03,1,0.0
PT,AMSZ02,CLSZ04,1,11.437002760388854
VH,GLSZ05,SGSZ07,1,4.057140359173993
VH,GLSZ05,PRSZ03,1,8.244202320945124
PT,WDSZ08,SBSZ03,1,2.40474274102282
PT,WDSZ03,WDSZ03,1,0.0
PT,BKSZ01,BMSZ07,1,10.781572793784887
VH,DTSZ03,HGSZ07,1,7.819107312208014
PT,DTSZ02,BTSZ01,1,10.384259227654274
PT,SESZ06,CHSZ03,1,14.829547527202845
PT,CLSZ08,QTSZ14,1,4.46927664260024
PT,BMSZ04,BMSZ06,1,1.1717139482082273
PT,BSSZ02,AMSZ01,1,2.0581507632730265
PT,GLSZ01,WDSZ06,1,16.696706464846784
PT,JESZ08,QTSZ08,1,5.639284526911687
PT,OTSZ03,TMSZ04,1,13.997755362790137
PT,BSSZ03,DTSZ02,1,6.381299952172081
WK,TNSZ03,ORSZ02,1,2.3554872595482705
PT,SESZ05,SBSZ01,1,9.529455731785909
WK,QTSZ01,QTSZ01,1,0.0
PT,TSSZ05,BMSZ01,1,20.35374510055953
VH,CLSZ01,BTSZ01,1,1.824015964668743
PT,ORSZ02,GLSZ04,1,5.758616797070354
PT,PGSZ05,QTSZ11,1,19.308392669192262
PT,KLSZ08,SGSZ06,1,4.28182841307078
PT,MPSZ02,YSSZ09,1,15.893197663278261
PT,PRSZ05,OTSZ03,1,16.223294728379056
PT,DTSZ05,JESZ03,1,13.104151577782016
PT,ORSZ02,TPSZ06,1,4.53650174332677
WK,SESZ03,SESZ03,1,0.0
PT,CHSZ03,HGSZ04,1,13.128021721916161
PT,PLSZ04,BDSZ01,1,2.232676708111062
PT,PRSZ03,NVSZ02,1,13.159442319786756
PT,BSSZ03,SBSZ03,1,11.42834537074781
VH,NTSZ03,SESZ06,1,10.205454858919609
WK,AMSZ07,BSSZ01,1,1.9031727886985152
PT,WCSZ01,HGSZ06,1,21.33411085452914
VH,BKSZ09,QTSZ13,1,6.525374538055414
PT,JWSZ04,PLSZ04,1,19.680464645415327
VH,KLSZ08,DTSZ03,1,2.5530746149904124
PT,BKSZ02,QTSZ08,1,8.62322063729599
PT,PGSZ01,AMSZ03,1,8.099516580212416
PT,MUSZ01,BMSZ04,1,2.6223641858390914
PT,BTSZ04,ORSZ02,1,5.828380386483825
VH,BMSZ05,OTSZ03,1,1.0064294142100676
VH,TMSZ04,TMSZ04,1,0.0
PT,JWSZ09,ORSZ02,1,15.010649443328516
PT,TMSZ02,TMSZ02,1,0.0
WK,YSSZ01,YSSZ02,1,1.2670184364300072
VH,JWSZ08,JWSZ08,1,0.0
VH,TPSZ09,PGSZ04,1,8.5286298611793
PT,BPSZ05,BPSZ04,1,0.9043775472896666
PT,TSSZ02,WDSZ09,1,20.900579767882675
PT,TMSZ02,RCSZ09,1,12.54758801057196
WK,NVSZ02,NVSZ02,1,0.0
PT,DTSZ08,ORSZ02,1,3.4804581905100402
VH,QTSZ05,QTSZ05,1,0.0
PT,CLSZ09,JESZ03,1,3.4013382254297486
PT,JESZ05,JESZ05,1,0.0
PT,QTSZ10,BSSZ01,1,8.375416396597213
PT,SESZ02,SGSZ04,1,5.081749522819904
WK,WDSZ05,WDSZ05,1,0.0
PT,CHSZ03,PGSZ04,1,11.286585249190114
PT,BLSZ02,JWSZ09,1,2.5274428480289526
PT,YSSZ04,JESZ03,1,13.601067534856053
PT,BKSZ03,DTSZ08,1,14.624233933341868
PT,AMSZ03,WDSZ02,1,11.023090650641048
PT,SGSZ04,SGSZ04,1,0.0
VH,PRSZ03,RVSZ05,1,15.034767222246403
PT,PRSZ03,NTSZ05,1,13.799607714173673
VH,QTSZ08,BKSZ05,1,7.063810457789163
PT,CLSZ07,NVSZ02,1,8.420154694836443
PT,BMSZ05,BMSZ02,1,1.8022955243442667
PT,SESZ02,SESZ02,1,0.0
PT,BDSZ04,PRSZ05,1,5.003038737292719
VH,CLSZ06,CLSZ06,1,0.0
PT,BDSZ01,DTSZ11,1,9.204216987527316
PT,NVSZ05,WDSZ09,1,14.054693642992902
WK,GLSZ04,GLSZ04,1,0.0
PT,BMSZ15,QTSZ14,1,3.3561139504775004
PT,QTSZ08,ORSZ02,1,4.6803534090825005
PT,NVSZ03,BKSZ03,1,10.819628963234459
VH,ORSZ03,DTSZ01,1,1.9111558962533812
PT,SBSZ03,JESZ05,1,15.109198870996606
PT,SRSZ01,HGSZ02,1,11.04902899846403
PT,PNSZ02,TPSZ10,1,23.091150836713997
PT,QTSZ11,TPSZ12,1,12.58916876766845
PT,OTSZ03,QTSZ14,1,5.4614161126036045
PT,AMSZ01,DTSZ12,1,10.029774078513281
WK,OTSZ03,OTSZ03,1,0.0
VH,QTSZ08,SESZ04,1,15.2786089603582
PT,AMSZ02,WDSZ01,1,10.651585615286718
VH,PRSZ05,PRSZ03,1,1.3236940820239511
PT,AMSZ10,DTSZ02,1,10.385421293492866
PT,QTSZ08,QTSZ04,1,0.7115463539517966
PT,MUSZ01,DTSZ01,1,1.2066032863056144
WK,SBSZ01,SBSZ01,1,0.0
WK,GLSZ04,GLSZ04,1,0.0
VH,CKSZ03,BPSZ04,1,3.08990910473603
WK,TMSZ02,TMSZ02,1,0.0
PT,HGSZ02,NTSZ03,1,9.251212604348606
PT,QTSZ03,CHSZ03,1,22.848425672048563
PT,QTSZ14,TMSZ02,1,19.393775280649596
PT,JWSZ09,JESZ02,1,4.084852956674445
PT,AMSZ02,AMSZ01,1,0.8098454795607932
PT,JESZ05,CKSZ03,1,5.797495543303256
PT,WDSZ03,TSSZ05,1,24.36277835939031
VH,PGSZ03,PGSZ04,1,1.813530848549925
VH,BDSZ03,SESZ03,1,7.689156546965188
PT,SESZ03,HGSZ03,1,1.698597032170489
PT,CHSZ03,PGSZ03,1,13.099665252929867
PT,JWSZ03,TMSZ04,1,25.91378452975306
PT,BDSZ04,BDSZ01,1,2.996661839518554
VH,JESZ04,CKSZ02,1,4.91140991862512
PT,JWSZ09,JWSZ08,1,0.9403575284652649
PT,PGSZ02,ORSZ02,1,13.84776287079609
PT,JESZ05,QTSZ08,1,6.633042342319745
PT,QTSZ14,RCSZ02,1,7.36129680189872
PT,TMSZ02,GLSZ03,1,6.673217167241603
PT,YSSZ04,JWSZ06,1,18.312394807348923
PT,CKSZ01,KLSZ03,1,15.013266557988674
WK,PGSZ03,PGSZ03,1,0.0
VH,PGSZ03,SESZ03,1,1.2362134622897991
PT,DTSZ08,YSSZ04,1,15.59544569756607
PT,JWSZ02,JWSZ08,1,1.8144938485280424
PT,BMSZ08,BMSZ09,1,0.9449256600662472
PT,SBSZ03,YSSZ09,1,2.244423832083414
VH,BTSZ01,BTSZ01,1,0.0
PT,PGSZ04,NVSZ02,1,11.460422679778869
VH,KLSZ05,DTSZ05,1,3.3442222408952995
PT,BMSZ17,SGSZ04,1,11.331161307650186
PT,SBSZ03,SBSZ03,1,0.0
WK,BDSZ02,BDSZ02,1,0.0
VH,MPSZ02,TMSZ04,1,6.839996170101967
VH,PRSZ05,TMSZ05,1,4.535034352347557
PT,BKSZ01,KLSZ06,1,13.037714792182129
PT,GLSZ01,DTSZ12,1,5.113772194722224
WK,YSSZ08,YSSZ08,1,0.0
VH,NVSZ01,BSSZ01,1,4.140712133667812
PT,HGSZ02,AMSZ02,1,4.917120846590204
WK,ORSZ03,ORSZ03,1,0.0
VH,TPSZ06,NVSZ02,1,2.7588056334035747
WK,KLSZ06,KLSZ08,1,0.7917316145790123
PT,CKSZ02,BPSZ05,1,2.1993511415909817
PT,QTSZ05,KLSZ09,1,6.200019393549315
PT,HGSZ02,PGSZ02,1,4.396999254069179
PT,YSSZ03,YSSZ09,1,1.7688742052165112
PT,AMSZ02,AMSZ02,1,0.0
VH,ORSZ02,PGSZ03,1,12.978632787671925
PT,BMSZ13,DTSZ11,1,4.841454006723318
PT,PGSZ04,HGSZ08,1,6.245371109376237
PT,CLSZ06,BMSZ11,1,8.068335048927729
VH,NVSZ01,KLSZ01,1,1.2541791241075353
PT,JWSZ01,BLSZ02,1,4.166255342559446
VH,HGSZ06,DTSZ02,1,8.414424516469229
PT,BPSZ01,WDSZ02,1,6.902448004726922
VH,TMSZ02,TMSZ02,1,0.0
PT,NVSZ01,WCSZ01,1,19.007981054283036
PT,TPSZ04,AMSZ12,1,5.359945013608265
WK,MPSZ03,MPSZ03,1,0.0
PT,BSSZ03,TPSZ06,1,1.5770906007752055
PT,HGSZ07,BMSZ08,1,10.549449063679509
PT,WDSZ06,KLSZ08,1,16.969144833240964
PT,TMSZ04,BDSZ04,1,2.300713819335355
PT,BPSZ05,BKSZ01,1,1.2221236874947188
PT,AMSZ02,DTSZ08,1,10.476515815458693
PT,BKSZ06,BKSZ02,1,1.8100739736251934
PT,BDSZ04,BDSZ04,1,0.0
WK,GLSZ02,GLSZ02,1,0.0
PT,GLSZ05,BTSZ04,1,13.012113815852619
PT,PGSZ03,HGSZ05,1,2.965907322842529
WK,QTSZ01,QTSZ01,1,0.0
PT,HGSZ06,TMSZ05,1,10.517107634567894
PT,HGSZ07,HGSZ08,1,1.4564913024819
PT,BDSZ04,DTSZ03,1,9.504899735462661
PT,SGSZ06,SESZ06,1,4.8182511714863905
PT,TMSZ02,PRSZ03,1,1.9941353644937028
VH,SESZ04,CHSZ03,1,13.490624189202899
PT,BKSZ01,BKSZ04,1,1.5903261436017115
VH,BDSZ07,TMSZ04,1,4.828542881739271
PT,WDSZ03,DTSZ05,1,18.34652970388401
PT,DTSZ11,BTSZ06,1,7.923051075552416
PT,PGSZ03,NVSZ02,1,11.213563550016284
PT,QTSZ10,SESZ03,1,16.35950728150232
PT,GLSZ02,TPSZ02,1,4.398591294955922
VH,BKSZ07,BKSZ06,1,0.9082341190430384
PT,PRSZ05,BSSZ02,1,12.832237684512668
VH,PRSZ02,SESZ02,1,3.977714692472499
VH,YSSZ02,TMSZ04,1,16.84110931549751
VH,QTSZ09,BMSZ17,1,8.375294557012275
PT,BDSZ03,BDSZ04,1,2.353398647735378
PT,QTSZ10,CLSZ06,1,2.0450969304572344
PT,YSSZ03,QTSZ11,1,16.602726928004657
VH,KLSZ06,KLSZ01,1,1.3008041598955091
PT,TPSZ12,GLSZ02,1,1.0749301766649353
PT,OTSZ03,PGSZ05,1,15.629088815945353
PT,BDSZ05,NVSZ02,1,8.632886317510067
PT,TSSZ05,BMSZ08,1,21.06504192752453
VH,CKSZ02,KLSZ08,1,14.889218431671743
VH,SESZ04,PGSZ02,1,2.130427494081623
PT,JESZ02,WDSZ02,1,12.516419132083046
PT,TMSZ03,AMSZ01,1,10.269187328453006
VH,SESZ03,KLSZ08,1,9.333706693943746
PT,JWSZ08,JWSZ01,1,1.8391144965087631
PT,SESZ06,AMSZ01,1,4.135723879499389
WK,GLSZ03,GLSZ03,1,0.0
VH,JWSZ08,JWSZ09,1,0.9403575284652649
PT,HGSZ05,NVSZ02,1,8.254415762686026
PT,BSSZ03,CKSZ05,1,12.744466158227661
PT,DTSZ08,GLSZ02,1,6.758280929534197
VH,BPSZ02,QTSZ02,1,9.222385988552594
PT,HGSZ08,BMSZ05,1,9.241454224401053
PT,SISZ01,JESZ05,1,13.397299874225073
PT,QTSZ10,NVSZ02,1,7.198375546347932
PT,TPSZ04,AMSZ01,1,4.22685805297077
VH,CLSZ05,CLSZ04,1,1.332558670908388
PT,AMSZ03,SGSZ02,1,1.547212112935673
PT,WDSZ05,PRSZ01,1,17.283805225465322
WK,TMSZ05,TMSZ05,1,0.0
PT,CLSZ06,JESZ08,1,2.236517994971227
PT,YSSZ03,BLSZ02,1,19.62694348878252
PT,BSSZ02,GLSZ02,1,5.393338153709616
PT,SBSZ03,DTSZ12,1,18.68699022706845
VH,TMSZ05,TMSZ02,1,3.4331063209557158
PT,BTSZ01,SBSZ01,1,13.887028184729074
VH,JWSZ04,GLSZ03,1,19.503259934800006
PT,BSSZ03,AMSZ01,1,2.6428834485863506
PT,YSSZ04,TMSZ04,1,15.54426661310027
WK,PGSZ04,PGSZ04,1,0.0
WK,BPSZ04,BPSZ04,1,0.0
PT,WDSZ05,WDSZ01,1,1.2320596897563494
PT,MUSZ03,WDSZ03,1,16.966293401450862
PT,JESZ05,SBSZ03,1,15.109198870996606
PT,PRSZ08,TMSZ04,1,2.483313590092093
VH,OTSZ03,BPSZ04,1,13.273824583302739
PT,GLSZ04,WCSZ01,1,22.8244010293081
PT,BMSZ05,MPSZ02,1,8.124726613101679
WK,SESZ05,SESZ05,1,0.0
VH,TPSZ03,BKSZ03,1,12.053928169548506
PT,WDSZ02,YSSZ03,1,6.263472399796231
WK,AMSZ01,AMSZ04,1,0.844896845964263
PT,DTSZ08,BMSZ08,1,3.086394607861337
PT,HGSZ07,OTSZ03,1,9.78785739477459
PT,DTSZ04,JWSZ09,1,17.397211766402528
VH,NVSZ01,SGSZ06,1,3.6846292073140186
PT,WDSZ05,WCSZ01,1,11.179000445558021
PT,PRSZ03,QTSZ08,1,19.27386232217561
PT,OTSZ04,RCSZ01,1,2.816119915489763
VH,WDSZ04,GLSZ05,1,17.074799802504792
PT,BMSZ02,BMSZ04,1,0.94303921872575
PT,SKSZ04,JESZ05,1,8.86334335856325
PT,CKSZ05,AMSZ01,1,11.354313187243449
PT,TNSZ04,QTSZ15,1,5.920251950483428
PT,DTSZ05,TMSZ03,1,11.878534778177949
PT,BDSZ04,BDSZ06,1,1.3781452505148277
VH,PRSZ02,BDSZ04,1,5.449184442031322
PT,JESZ10,SESZ03,1,20.02942058631271
VH,BMSZ07,ORSZ02,1,3.2365486794670804
PT,WDSZ01,WDSZ03,1,1.9549224562619225
PT,WDSZ09,SESZ02,1,15.492747880891763
PT,JESZ03,QTSZ11,1,5.725534538987917
PT,SESZ03,SESZ02,1,0.9264025278629129
VH,JESZ02,JWSZ08,1,4.908435802248981
PT,CKSZ04,CKSZ06,1,2.5887870453351614
PT,GLSZ02,GLSZ05,1,1.8655612787038267
VH,QTSZ11,CKSZ03,1,10.408626684169672
PT,SGSZ06,TMSZ05,1,11.234959764709195
WK,AMSZ06,AMSZ01,1,0.8041193925714387
PT,BMSZ05,OTSZ03,1,1.0064294142100676
PT,TMSZ02,TMSZ02,1,0.0
VH,SESZ06,SESZ04,1,1.4130001556698468
PT,JWSZ09,WCSZ01,1,4.867229736806335
PT,BKSZ06,OTSZ03,1,13.546235651950658
PT,PGSZ04,BMSZ02,1,16.22317684970839
PT,JESZ05,TSSZ06,1,15.620590364079481
PT,AMSZ03,AMSZ03,1,0.0
PT,BMSZ13,DTSZ08,1,4.449965188737789
PT,TMSZ05,SESZ04,1,11.463600150667864
PT,BMSZ07,BKSZ07,1,9.408171994743311
VH,YSSZ04,YSSZ03,1,1.4331729019073896
PT,MUSZ02,SESZ02,1,12.299560853721673
WK,BSSZ01,BSSZ01,1,0.0
VH,YSSZ09,SESZ03,1,8.618314836972653
VH,YSSZ03,DTSZ01,1,14.355509057649531
PT,BMSZ12,HGSZ02,1,13.921119322303593
PT,OTSZ03,BMSZ04,1,1.9278935544172855
PT,GLSZ05,MPSZ03,1,1.8762855558336555
PT,BSSZ03,DTSZ02,1,6.381299952172081
PT,JESZ01,QTSZ02,1,8.20075204657451
WK,PGSZ04,PGSZ04,1,0.0
PT,SESZ03,TMSZ02,1,7.245404358266343
VH,BKSZ02,BKSZ04,1,1.0331567932885513
PT,SGSZ06,AMSZ01,1,3.5002927418764003
PT,BDSZ04,DTSZ02,1,10.133199309040231
WK,WDSZ01,WDSZ06,1,0.9962859436397019
PT,BDSZ05,HGSZ04,1,7.580785344481995
PT,YSSZ08,WDSZ03,1,3.938104120754045
VH,BMSZ04,BMSZ07,1,1.9555381553333073
PT,DTSZ05,BDSZ01,1,8.69598408108096
PT,QTSZ14,GLSZ04,1,10.704277518737051
PT,JESZ05,BMSZ08,1,10.237198682763667
PT,DTSZ03,PGSZ04,1,12.793546715777008
VH,CKSZ03,CKSZ03,1,0.0
PT,BPSZ05,JESZ05,1,5.434841826483245
VH,WDSZ07,WDSZ03,1,2.0115587493114613
PT,HGSZ07,PGSZ04,1,5.026483717691498
WK,BKSZ04,BKSZ04,1,0.0
PT,DTSZ05,PRSZ03,1,14.581348508611656
VH,WDSZ01,AMSZ08,1,7.5417308189680305
WK,JWSZ09,JWSZ09,1,0.0
PT,BDSZ06,BDSZ04,1,1.3781452505148277
PT,SESZ03,DTSZ03,1,11.867096099365066
PT,SBSZ04,SBSZ03,1,1.203473776478544
PT,SGSZ04,MUSZ01,1,7.4946386235500295
PT,SBSZ04,OTSZ03,1,19.92900527663506
VH,PGSZ04,NVSZ02,1,11.460422679778869
WK,CLSZ06,CLSZ04,1,0.7914849055353017
PT,YSSZ05,YSSZ01,1,2.181737820747567
WK,GLSZ03,GLSZ04,1,2.2208826856539945
WK,KLSZ03,KLSZ08,1,0.763440516767363
PT,WDSZ06,WDSZ06,1,0.0
VH,DTSZ02,GLSZ04,1,4.173340799230519
PT,OTSZ03,JESZ05,1,12.688558600169207
PT,WDSZ03,YSSZ01,1,4.288816524478815
VH,SGSZ04,SGSZ04,1,0.0
VH,JWSZ03,CLSZ04,1,6.208507161996366
VH,BMSZ12,ORSZ02,1,3.708558338063715
PT,TMSZ01,DTSZ08,1,13.976846697500871
PT,OTSZ03,JESZ05,1,12.688558600169207
PT,JWSZ03,QTSZ08,1,9.673962239984842
PT,BKSZ05,GLSZ05,1,15.551429767410268
WK,BPSZ04,BPSZ04,1,0.0
VH,PGSZ05,TMSZ04,1,8.024328438244263
VH,HGSZ05,NVSZ01,1,7.03790016757992
PT,SESZ05,CHSZ03,1,13.033785024879021
PT,YSSZ04,YSSZ01,1,0.916928626122495
PT,WDSZ02,YSSZ09,1,4.494710631795676
PT,BSSZ03,TMSZ04,1,11.272488238421786
VH,NVSZ01,NVSZ01,1,0.0
PT,WDSZ09,BMSZ05,1,19.929148968983633
PT,PGSZ04,PGSZ05,1,0.8229474483573144
WK,JWSZ06,JWSZ09,1,1.0661975176208969
PT,BDSZ04,GLSZ03,1,4.3857290474795105
PT,CLSZ06,QTSZ02,1,3.548421671416747
PT,ORSZ02,NVSZ02,1,1.7777185155096267
WK,DTSZ05,DTSZ05,1,0.0
PT,BMSZ03,OTSZ03,1,3.0699710638048288
WK,PGSZ02,SESZ02,1,2.4093999443628205
WK,HGSZ05,HGSZ05,1,0.0
VH,HGSZ05,SESZ04,1,1.720585279728292
PT,HGSZ04,CLSZ05,1,15.873325896506291
PT,BKSZ05,KLSZ06,1,11.701053587078755
VH,JESZ01,JWSZ08,1,4.132113668755106
WK,YSSZ09,YSSZ01,1,0.8885412780857345
PT,HGSZ07,TMSZ05,1,9.668885007881254
PT,BTSZ01,AMSZ09,1,9.015541300592357
PT,BDSZ06,MPSZ03,1,4.603267741098764
WK,DTSZ01,RCSZ10,1,0.3428190544339364
PT,BSSZ01,NVSZ01,1,4.140712133667812
PT,WDSZ07,JWSZ09,1,15.05443826276292
VH,CHSZ03,BKSZ05,1,26.37280273775941
PT,CLSZ01,WDSZ03,1,13.187818810190413
PT,NVSZ01,TPSZ09,1,1.8239407596733532
PT,DTSZ09,JESZ02,1,13.895146973662666
PT,GLSZ04,TMSZ05,1,9.64817992143521
PT,PGSZ04,HGSZ06,1,4.904126959456134
VH,QTSZ05,DTSZ02,1,5.029089430873017
VH,KLSZ09,TMSZ01,1,11.08482284462971
VH,TMSZ03,BMSZ01,1,16.24078809122707
PT,BPSZ04,CKSZ03,1,3.08990910473603
VH,CKSZ03,JESZ03,1,5.286963968802129
PT,BSSZ03,SGSZ06,1,1.9817878572778096
VH,GLSZ04,KLSZ05,1,1.7607139526066777
PT,BTSZ05,RCSZ09,1,5.907797070780014
VH,BMSZ09,BMSZ04,1,0.7449494751502973
PT,NTSZ03,BKSZ07,1,10.60566124054673
PT,PRSZ03,PRSZ03,1,0.0
PT,HGSZ06,TMSZ01,1,6.495957604759432
PT,BMSZ07,BTSZ01,1,7.017668336125868
PT,PGSZ02,PGSZ05,1,1.695802786427982
PT,RCSZ09,DTSZ02,1,1.084451295955963
PT,CKSZ01,GLSZ03,1,16.778648361945
WK,NVSZ02,TPSZ09,1,3.061397399142009
WK,TMSZ01,BDSZ04,1,3.9967402187161745
PT,SBSZ03,BMSZ16,1,19.172665701183817
PT,SESZ03,SESZ05,1,1.1358929114864125
WK,BSSZ01,BSSZ01,1,0.0
PT,AMSZ01,TPSZ04,1,4.22685805297077
PT,DTSZ11,KLSZ01,1,5.278999957438635
PT,BTSZ01,PRSZ03,1,19.972077189350998
PT,YSSZ05,YSSZ08,1,2.1935563578751625
PT,JWSZ01,JWSZ03,1,1.6819499502408723
PT,DTSZ08,JESZ02,1,14.027162747768683
PT,NTSZ03,PRSZ03,1,13.892079416363107
PT,SBSZ01,WCSZ01,1,17.346843999964623
PT,GLSZ03,ORSZ03,1,7.147436304676329
WK,RCSZ01,NVSZ02,1,1.4001191919807634
WK,PRSZ03,PRSZ03,1,0.0
PT,QTSZ05,MUSZ01,1,4.117127913434588
PT,CLSZ06,DTSZ02,1,10.249165138495398
PT,BPSZ03,BPSZ05,1,1.1253728669166327
WK,PRSZ03,PRSZ03,1,0.0
PT,BPSZ05,QTSZ11,1,8.96328372259818
PT,BMSZ04,NVSZ01,1,5.342165447753788
PT,WDSZ09,TMSZ05,1,24.914128263655304
PT,QTSZ08,SESZ03,1,15.756089750431935
WK,TMSZ02,TMSZ02,1,0.0
PT,YSSZ09,WDSZ06,1,6.193876820696181
WK,SESZ03,SESZ04,1,0.9952512670910597
WK,TMSZ02,TMSZ02,1,0.0
VH,ORSZ02,BTSZ01,1,7.685449097097576
PT,MUSZ01,AMSZ01,1,8.221492632999231
PT,QTSZ05,QTSZ01,1,2.759169940443602
PT,PNSZ01,BDSZ04,1,28.518898008781655
WK,PRSZ03,PRSZ04,1,1.1729449925550546
PT,BDSZ04,DTSZ08,1,11.271097145894494
PT,PGSZ03,CLSZ09,1,19.019132388985366
PT,JWSZ06,YSSZ09,1,18.483416529221245
VH,BDSZ06,MPSZ03,1,4.603267741098764
PT,JWSZ09,BKSZ08,1,6.244168118584593
PT,DTSZ02,MUSZ01,1,1.1386941693900328
PT,TPSZ02,NVSZ02,1,1.7042808276546735
PT,BDSZ02,DTSZ11,1,10.896515773551181
WK,ORSZ02,ORSZ02,1,0.0
WK,QTSZ14,BMSZ01,1,2.3310314719625698
PT,OTSZ03,WDSZ03,1,18.524748492745104
PT,BMSZ05,TMSZ02,1,15.394614815345465
PT,JWSZ06,JWSZ09,1,1.0661975176208969
PT,CLSZ05,CLSZ06,1,1.0042078864973587
PT,DTSZ05,GLSZ04,1,4.9780475407465925
WK,YSSZ09,YSSZ09,1,0.0
PT,CLSZ06,GLSZ01,1,12.657494934667747
PT,TMSZ02,GLSZ04,1,8.737233511326789
PT,BKSZ03,GLSZ05,1,17.881688756733215
PT,ORSZ01,PGSZ04,1,13.790964253161954
WK,SRSZ02,OTSZ03,1,1.0753460649935547
PT,WCSZ01,WDSZ05,1,11.179000445558021
PT,BDSZ04,BDSZ04,1,0.0
VH,AMSZ03,ORSZ02,1,7.033169168053616
PT,SBSZ04,WDSZ02,1,3.2917084491543456
PT,CHSZ02,TPSZ02,1,15.193749227321929
PT,PRSZ08,BMSZ08,1,17.9084206169927
PT,TMSZ03,DTSZ05,1,11.878534778177949
PT,BSSZ01,WDSZ02,1,10.203119321478622
VH,YSSZ03,DTSZ05,1,16.03987623705303
VH,AMSZ03,SGSZ04,1,1.2356205929987218
WK,QTSZ05,BMSZ07,1,1.09184867404237
WK,HGSZ06,HGSZ06,1,0.0
PT,WDSZ09,WDSZ02,1,1.696465635892577
WK,BPSZ02,BPSZ02,1,0.0
PT,PGSZ05,DTSZ12,1,14.524560902096695
VH,BKSZ05,TMSZ05,1,22.99621738402519
VH,BDSZ04,SESZ03,1,8.026016071672588
VH,BPSZ03,BSSZ03,1,9.895416680210172
VH,TMSZ02,MUSZ01,1,13.311053414212065
PT,BMSZ01,PGSZ05,1,18.53828567606685
PT,HGSZ04,BSSZ01,1,6.214922651042473
PT,BKSZ05,OTSZ03,1,12.22536847792857
PT,CKSZ06,MUSZ03,1,16.190939107725303
PT,PGSZ02,PRSZ02,1,5.3794065142784095
VH,TNSZ03,QTSZ11,1,3.9625651174093357
PT,DTSZ02,PRSZ03,1,13.76222617096602
VH,AMSZ03,BSSZ01,1,2.6995044229110725
PT,PGSZ04,GLSZ04,1,9.441782447026055
WK,JWSZ08,JWSZ01,1,1.8391144965087631
PT,JESZ03,BKSZ09,1,1.3928381553462843
PT,QTSZ03,ORSZ02,1,3.6343272376095745
WK,SGSZ04,SGSZ04,1,0.0
PT,JWSZ03,BLSZ03,1,5.098713423436152
PT,SGSZ06,TPSZ06,1,2.179224657320884
PT,TMSZ02,AMSZ01,1,11.785359020726633
PT,JESZ08,JWSZ04,1,3.2761484938325647
PT,BPSZ05,BPSZ03,1,1.1253728669166327
PT,TPSZ03,BKSZ06,1,11.957094003315609
PT,BDSZ04,CHSZ03,1,7.463238829167281
PT,BMSZ09,TPSZ02,1,5.080716264546427
WK,DTSZ03,DTSZ02,1,0.7315950200170801
PT,WDSZ03,SBSZ03,1,1.8504157042501537
PT,KLSZ06,SBSZ05,1,16.2968909507177
PT,MPSZ03,MPSZ03,1,0.0
PT,TPSZ03,OTSZ03,1,6.766924666370156
PT,NVSZ02,TNSZ02,1,3.148398869477257
PT,DTSZ05,TMSZ03,1,11.878534778177949
WK,DTSZ11,DTSZ08,1,0.5153840911509646
WK,ORSZ02,ORSZ02,1,0.0
PT,BMSZ16,DTSZ11,1,1.7916035128954997
PT,SESZ02,SESZ03,1,0.9264025278629129
VH,GLSZ05,BMSZ07,1,10.395737089320052
PT,QTSZ10,PGSZ05,1,18.524589717768592
PT,JESZ03,QTSZ07,1,8.004054024848498
WK,JWSZ08,JWSZ01,1,1.8391144965087631
VH,KLSZ08,CKSZ06,1,16.23156834042076
PT,BDSZ01,SBSZ04,1,17.062981308131086
PT,KLSZ07,AMSZ03,1,5.653058103290977
WK,GLSZ05,GLSZ05,1,0.0
PT,JWSZ04,BLSZ02,1,2.312294601603056
VH,JESZ03,BKSZ07,1,1.2624111771460964
PT,SRSZ03,DTSZ12,1,1.233940336672609
VH,SESZ03,SESZ03,1,0.0
VH,BDSZ05,BDSZ03,1,1.2367687855374871
PT,BKSZ05,BMSZ05,1,11.536291450899682
PT,TMSZ01,KLSZ09,1,11.08482284462971
PT,PRSZ03,PGSZ04,1,4.793081027251732
PT,TMSZ04,BPSZ04,1,20.383931856414446
PT,DTSZ12,TMSZ03,1,11.252148447845324
PT,TMSZ04,TMSZ04,1,0.0
PT,BMSZ12,OTSZ03,1,3.9137665802028723
PT,BMSZ02,QTSZ06,1,2.1304675334951515
WK,SESZ03,SESZ03,1,0.0
PT,MPSZ03,BDSZ04,1,4.4070958391624195
PT,RCSZ10,PGSZ04,1,12.397043458321983
PT,BMSZ08,BLSZ02,1,13.15731377028266
PT,GLSZ04,QTSZ11,1,12.066117379163106
PT,OTSZ03,JESZ04,1,13.809564427154916
PT,RCSZ10,BMSZ05,1,3.0127294511629183
VH,TPSZ02,WDSZ04,1,12.229871832047714
WK,AMSZ03,AMSZ02,1,0.955376274115962
PT,TNSZ01,BMSZ16,1,4.526518549665895
WK,BPSZ05,BPSZ05,1,0.0
PT,CKSZ05,WDSZ04,1,6.680341051410925
PT,DTSZ05,SGSZ04,1,8.957111657249374
PT,ORSZ02,WDSZ04,1,14.45768845722655
VH,BKSZ07,CKSZ04,1,3.7236181758583453
PT,WDSZ02,QTSZ08,1,15.752865950344395
PT,SESZ06,PGSZ02,1,3.1891104601289886
VH,AMSZ01,SGSZ01,1,2.4775142991830243
VH,HGSZ05,SGSZ03,1,1.1615807819654707
VH,HGSZ05,HGSZ05,1,0.0
PT,TPSZ12,SESZ04,1,6.476698480504031
PT,BTSZ01,BTSZ03,1,1.8137215566160432
VH,DTSZ11,BMSZ03,1,4.1392718278977885
WK,BPSZ05,CKSZ01,1,1.4108989462238801
PT,TPSZ11,RCSZ01,1,3.590113290625221
PT,QTSZ05,DTSZ11,1,5.470757413392412
PT,QTSZ12,YSSZ03,1,16.976485296221146
PT,TPSZ06,WDSZ06,1,14.503376217099476
WK,WDSZ04,WDSZ04,1,0.0
PT,WDSZ01,BTSZ05,1,12.01701450266139
PT,WDSZ04,JESZ05,1,12.13570864460517
PT,YSSZ06,AMSZ10,1,3.033834030320767
PT,QTSZ14,TPSZ05,1,9.888125678833369
VH,SESZ06,NVSZ02,1,9.39885244946822
PT,DTSZ05,BKSZ02,1,14.4315115088511
PT,JWSZ04,JWSZ04,1,0.0
PT,PRSZ05,BTSZ01,1,21.164441990027203
PT,HGSZ04,HGSZ03,1,1.3136825165822725
VH,YSSZ01,YSSZ03,1,1.0015506147644606
VH,WCSZ01,BDSZ04,1,27.975626199613018
WK,OTSZ01,OTSZ02,1,0.3949840986532857
PT,HGSZ02,KLSZ03,1,6.7340294124152384
PT,YSSZ03,NTSZ03,1,12.964430887051197
PT,TMSZ05,TMSZ01,1,5.300364684413989
PT,BDSZ06,GLSZ05,1,5.16174864786292
PT,SGSZ04,HGSZ02,1,3.5908149533534366
PT,SGSZ04,SGSZ04,1,0.0
VH,SGSZ03,OTSZ03,1,11.00469854117025
PT,SESZ03,TPSZ09,1,7.4204999508979075
WK,SESZ02,SESZ02,1,0.0
VH,GLSZ01,TMSZ02,1,8.935713869786671
PT,BDSZ04,AMSZ01,1,10.977868930744721
PT,CLSZ04,JWSZ08,1,8.536027213219043
PT,PRSZ05,PRSZ03,1,1.3236940820239511
PT,KLSZ08,MPSZ01,1,3.1816060200628407
PT,QTSZ05,QTSZ14,1,2.653510544334392
WK,NVSZ02,NVSZ01,1,1.267584011192419
PT,QTSZ08,SESZ03,1,15.756089750431935
PT,YSSZ02,YSSZ04,1,2.1833213299233
PT,WDSZ03,AMSZ12,1,8.602631344290964
PT,ORSZ02,NVSZ01,1,3.0405692042942234
PT,SGSZ04,SBSZ01,1,10.20683782932369
PT,SESZ02,DTSZ02,1,12.050716872460846
PT,YSSZ09,GLSZ03,1,13.437702561604944
WK,GLSZ05,GLSZ05,1,0.0
PT,TPSZ06,GLSZ04,1,3.7246496668602163
PT,TSSZ05,BPSZ04,1,17.792197887131532
PT,DTSZ11,BTSZ01,1,11.342385586963172
PT,YSSZ04,BMSZ05,1,15.430684837185414
PT,AMSZ02,NVSZ02,1,6.250526401239765
PT,WDSZ03,WDSZ01,1,1.9549224562619225
PT,DTSZ03,HGSZ06,1,8.240098307364331
PT,BDSZ04,HGSZ06,1,7.134561488410888
PT,QTSZ08,HGSZ02,1,14.313859531480261
PT,AMSZ06,QTSZ06,1,9.771185746887106
PT,JWSZ08,JWSZ02,1,1.8144938485280424
PT,PGSZ03,SESZ03,1,1.2362134622897991
PT,JWSZ09,BKSZ05,1,7.085378218359433
PT,BDSZ07,DTSZ05,1,8.83162351417707
PT,BMSZ12,ORSZ02,1,3.708558338063715
VH,BKSZ09,JWSZ09,1,6.229349992582717
PT,BMSZ17,CKSZ03,1,16.59531851157641
PT,SBSZ04,AMSZ01,1,9.983781859746369
WK,GLSZ05,GLSZ04,1,1.665730792673618
PT,BDSZ02,PLSZ05,1,2.552377467877857
PT,BPSZ02,GLSZ01,1,13.935521356961631
PT,WDSZ07,SBSZ01,1,5.174523267841555
VH,SGSZ04,DTSZ11,1,9.809730547719365
PT,SGSZ05,TMSZ05,1,11.961549711676327
PT,CLSZ07,SBSZ03,1,16.749886964626562
PT,YSSZ05,CHSZ03,1,18.52602010631296
VH,TPSZ04,WDSZ03,1,13.08235597672528
PT,BPSZ05,NTSZ05,1,11.279451096603287
PT,SGSZ03,TPSZ09,1,4.675000306127271
PT,JESZ09,BPSZ02,1,10.238488074039035
PT,CKSZ03,AMSZ06,1,10.303875415535726
VH,HGSZ04,BKSZ05,1,13.703424969915577
PT,BMSZ01,BMSZ06,1,2.7252223873711285
WK,TMSZ05,TMSZ04,1,2.1043927231785218
PT,BDSZ03,DTSZ08,1,9.022770380356468
PT,SBSZ08,SESZ04,1,12.26779930950845
VH,JWSZ09,JWSZ04,1,2.2141262582406362
PT,WDSZ05,WDSZ01,1,1.2320596897563494
PT,NTSZ03,CKSZ06,1,14.131471149684963
PT,KLSZ05,KLSZ05,1,0.0
PT,QTSZ11,RCSZ10,1,8.500684300823147
VH,BLSZ02,TSSZ04,1,7.150170878822848
PT,BMSZ07,BMSZ02,1,1.1725078205385278
PT,AMSZ08,YSSZ02,1,5.803310980942607
PT,JESZ05,JWSZ08,1,5.463998465400654
VH,ORSZ03,SGSZ04,1,7.5139530809812
PT,KLSZ03,RCSZ01,1,2.3306907129824
PT,BPSZ05,BPSZ03,1,1.1253728669166327
PT,TMSZ02,TMSZ05,1,3.4331063209557158
VH,YSSZ04,SBSZ09,1,5.148961653938319
PT,TPSZ06,BSSZ01,1,3.7352266707219957
PT,DTSZ11,TNSZ04,1,6.163159944875123
VH,SKSZ04,JESZ05,1,8.86334335856325
PT,DTSZ11,CLSZ07,1,9.87058950074357
PT,GLSZ05,GLSZ04,1,1.665730792673618
WK,ORSZ03,ORSZ03,1,0.0
PT,CLSZ06,CLSZ04,1,0.7914849055353017
VH,QTSZ11,JESZ05,1,5.590735531387388
PT,SESZ04,BDSZ05,1,9.513377297552061
PT,WDSZ05,WDSZ05,1,0.0
PT,OTSZ03,JWSZ08,1,18.03415666884145
PT,DTSZ02,BMSZ04,1,3.073165378809782
PT,TMSZ04,BDSZ03,1,4.618001435038769
PT,CLSZ04,CLSZ06,1,0.7914849055353017
PT,ORSZ02,HGSZ02,1,10.212638138471526
PT,GLSZ04,OTSZ03,1,5.861289747205181
PT,PRSZ05,SESZ02,1,6.396421522877681
PT,BKSZ03,TSSZ02,1,12.215977823591086
VH,TMSZ02,GLSZ03,1,6.673217167241603
PT,QTSZ08,BDSZ02,1,15.737839109088444
PT,YSSZ03,GLSZ01,1,11.814208006832093
PT,KLSZ09,TPSZ02,1,4.062567084130017
PT,BSSZ03,TPSZ02,1,2.0640937718720638
PT,WDSZ09,WDSZ03,1,2.578784998326383
PT,TNSZ02,ORSZ02,1,1.3779624604903913
PT,PGSZ04,AMSZ02,1,6.809552324397241
PT,BDSZ06,TMSZ03,1,3.160251478678926
VH,DTSZ03,SGSZ04,1,7.920006149279862
PT,GLSZ02,SBSZ01,1,14.634959653897017
PT,QTSZ14,SRSZ01,1,4.958862950935208
PT,JESZ05,CLSZ06,1,3.258415621754853
VH,BMSZ07,BMSZ02,1,1.1725078205385278
PT,WDSZ03,ORSZ02,1,15.488100688649466
VH,BMSZ09,BMSZ01,1,2.9903941812532513
PT,CLSZ04,JESZ03,1,3.167921570068641
VH,YSSZ03,YSSZ09,1,1.7688742052165112
PT,KLSZ01,TPSZ02,1,2.1117910162603746
PT,NTSZ03,PGSZ05,1,13.080180370058734
PT,DTSZ02,SBSZ03,1,17.56357043033729
VH,DTSZ07,HGSZ06,1,10.062552497131128
VH,TPSZ05,DTSZ03,1,5.4594616078461815
PT,CLSZ07,JESZ05,1,4.30410564920362
VH,YSSZ03,YSSZ03,1,0.0
PT,TMSZ04,SESZ06,1,10.53190882853907
PT,SISZ01,BTSZ01,1,11.740151806392166
PT,KLSZ07,BTSZ01,1,9.157718148267811
WK,CLSZ06,CLSZ07,1,1.060316654864546
VH,MPSZ03,YSSZ09,1,16.614910037479355
PT,BDSZ03,DTSZ08,1,9.022770380356468
PT,SGSZ06,BSSZ03,1,1.9817878572778096
PT,JWSZ02,JESZ01,1,2.3179457634793237
PT,YSSZ09,SBSZ08,1,4.755833505499096
PT,ORSZ03,TPSZ04,1,4.108823370618007
VH,JESZ03,QTSZ11,1,5.725534538987917
VH,CHSZ03,HGSZ01,1,12.429747409028167
PT,RCSZ03,BDSZ01,1,6.751357070803317
PT,BPSZ01,QTSZ08,1,10.347555143250476
PT,ORSZ02,TNSZ01,1,1.3132497057321622
VH,TMSZ03,TMSZ03,1,0.0
PT,MPSZ03,AMSZ02,1,9.785863422051808
PT,TSSZ05,BKSZ05,1,15.721310128096238
PT,BTSZ01,CLSZ01,1,1.824015964668743
PT,HGSZ08,GLSZ01,1,2.369543552449949
WK,SESZ02,SESZ03,1,0.9264025278629129
PT,KLSZ01,BMSZ05,1,5.609086891627479
PT,ORSZ02,KLSZ01,1,3.7550245499647685
PT,GLSZ04,DTSZ08,1,5.544565034141277
PT,BLSZ02,BDSZ04,1,25.358484646438445
PT,BPSZ05,DTSZ08,1,14.19120703348738
PT,AMSZ01,KLSZ06,1,7.02346780754669
PT,KLSZ08,DTSZ03,1,2.5530746149904124
PT,BKSZ03,TPSZ02,1,11.815458084478665
PT,QTSZ13,SESZ03,1,17.52479287549541
PT,TPSZ12,WDSZ04,1,14.262127784674627
PT,PGSZ05,BDSZ05,1,9.635182097064462
WK,NVSZ02,NVSZ02,1,0.0
PT,YSSZ04,KLSZ06,1,12.201538046831182
PT,GLSZ03,GLSZ04,1,2.2208826856539945
PT,AMSZ08,TPSZ02,1,6.334172658549698
PT,WDSZ03,NVSZ02,1,14.476577536121003
VH,CLSZ04,BTSZ04,1,1.6069247567111817
VH,PGSZ04,YSSZ04,1,8.580412068980811
PT,KLSZ09,RCSZ01,1,1.60224172922058
VH,DTSZ05,TNSZ01,1,4.473204058562687
VH,TSSZ05,TSSZ05,1,0.0
WK,DTSZ11,DTSZ05,1,0.908422071335141
WK,JWSZ08,JWSZ08,1,0.0
WK,BKSZ07,BKSZ05,1,1.7258909416032453
WK,WDSZ04,WDSZ01,1,1.4487914875070382
VH,BSSZ03,BDSZ03,1,7.4943489774005805
PT,CHSZ03,GLSZ05,1,11.900363571730965
PT,BDSZ04,DTSZ08,1,11.271097145894494
PT,BPSZ05,BMSZ12,1,11.432932775214413
PT,WDSZ06,WDSZ01,1,0.9962859436397019
WK,BMSZ13,BMSZ13,1,0.0
PT,HGSZ03,OTSZ03,1,12.263713004032324
PT,BMSZ08,CLSZ05,1,8.158640584401521
PT,BMSZ04,SRSZ01,1,1.3952822686397375
WK,CKSZ01,CKSZ01,1,0.0
PT,SGSZ04,QTSZ11,1,12.461440296279195
PT,RVSZ05,DTSZ11,1,2.628847597663641
VH,DTSZ08,SESZ03,1,13.682553083091136
WK,BMSZ10,QTSZ08,1,4.756400845475458
PT,PGSZ03,PGSZ01,1,1.8499062526624934
PT,QTSZ08,PRSZ03,1,19.27386232217561
PT,PNSZ02,JESZ05,1,8.442813035418808
PT,OTSZ03,BMSZ08,1,2.4940967415170197
PT,BPSZ05,JWSZ09,1,8.166228634550631
PT,GLSZ01,BDSZ02,1,5.801848785009938
VH,AMSZ10,CKSZ06,1,11.061001730203959
PT,JWSZ08,JWSZ08,1,0.0
PT,DTSZ05,SBSZ03,1,18.459820913519966
PT,KLSZ07,DTSZ08,1,3.902258392470011
VH,WDSZ02,WDSZ02,1,0.0
VH,YSSZ03,DTSZ05,1,16.03987623705303
WK,NVSZ01,NVSZ02,1,1.267584011192419
VH,JESZ08,JWSZ08,1,6.301330374130722
PT,CKSZ03,JESZ03,1,5.286963968802129
PT,BMSZ05,YSSZ04,1,15.430684837185414
PT,CLSZ06,BMSZ02,1,7.017286520261509
PT,JWSZ09,TSSZ05,1,8.779176016768725
PT,CKSZ04,WDSZ01,1,8.334525256424318
PT,KLSZ06,KLSZ01,1,1.3008041598955091
PT,MPSZ03,DTSZ03,1,5.458312316417053
VH,BMSZ11,KLSZ09,1,4.760084347151859
PT,DTSZ02,TMSZ04,1,12.42663491947967
PT,SESZ04,TPSZ01,1,8.031691068145346
PT,GLSZ03,ORSZ03,1,7.147436304676329
PT,TMSZ05,DTSZ02,1,13.521338158035022
PT,CHSZ03,PRSZ03,1,6.512154460317878
PT,BSSZ02,BSSZ02,1,0.0
PT,CKSZ02,BPSZ03,1,2.932677587192793
PT,BMSZ13,BMSZ07,1,1.2092147899875723
PT,BTSZ01,BKSZ09,1,1.5341841176833413
WK,SESZ03,SESZ03,1,0.0
PT,PGSZ04,SRSZ02,1,13.841360359698912
PT,OTSZ03,RCSZ10,1,2.421670523075443
PT,QTSZ05,BPSZ06,1,8.878356992161054
WK,OTSZ03,OTSZ03,1,0.0
VH,TMSZ04,BSSZ03,1,11.272488238421786
WK,CLSZ06,CLSZ04,1,0.7914849055353017
PT,DTSZ11,CKSZ06,1,18.11399576006074
PT,TMSZ02,PLSZ04,1,5.990765439069718
PT,YSSZ05,WDSZ02,1,6.9808683345340246
PT,BKSZ08,BKSZ05,1,1.013338466632539
PT,TMSZ04,DTSZ11,1,13.407265843806211
PT,QTSZ05,DTSZ05,1,4.992013285851328
PT,BKSZ01,CKSZ04,1,2.3754313721632516
VH,JWSZ09,JWSZ09,1,0.0
PT,OTSZ04,BKSZ05,1,12.159863636508314
WK,BPSZ05,BPSZ03,1,1.1253728669166327
PT,BSSZ02,NVSZ02,1,4.089090493516779
VH,QTSZ01,JESZ02,1,6.324133390044738
PT,QTSZ14,PGSZ03,1,17.97552404229949
PT,TPSZ04,TPSZ06,1,0.6423106719921827
PT,TMSZ03,BDSZ04,1,2.01283224519501
VH,SESZ02,ORSZ03,1,12.102082254013135
PT,SESZ04,TMSZ05,1,11.463600150667864
WK,DTSZ11,DTSZ08,1,0.5153840911509646
PT,CLSZ08,CLSZ06,1,1.0615670547239102
WK,BDSZ04,BDSZ04,1,0.0
PT,YSSZ08,AMSZ10,1,4.103593760269681
PT,JWSZ01,RVSZ03,1,15.5063617624968
PT,BTSZ08,BKSZ05,1,6.294067544838763
PT,WDSZ05,AMSZ10,1,8.961710428907146
WK,KLSZ08,KLSZ01,1,0.9892555638969216
PT,HGSZ01,HGSZ06,1,1.4133061731421355
PT,WDSZ04,WDSZ01,1,1.4487914875070382
PT,BDSZ06,BDSZ04,1,1.3781452505148277
PT,SESZ03,HGSZ04,1,2.3969142178322658
PT,YSSZ04,AMSZ01,1,5.178077258460335
PT,CKSZ03,BPSZ04,1,3.08990910473603
PT,BTSZ01,BKSZ05,1,2.1505630256045407
PT,TPSZ06,HGSZ01,1,5.168096011005154
PT,DTSZ08,HGSZ06,1,10.01781020762319
PT,TPSZ02,DTSZ09,1,6.311045648352515
PT,SESZ06,SESZ03,1,2.3877316708630167
PT,BDSZ07,DTSZ11,1,8.984146942147637
PT,HGSZ06,AMSZ04,1,3.591150927739269
PT,YSSZ04,ORSZ02,1,12.588294355199164
PT,JESZ05,JWSZ09,1,4.578885078555272
WK,CKSZ05,CKSZ05,1,0.0
PT,QTSZ01,QTSZ08,1,1.4672733500642554
PT,TPSZ02,YSSZ08,1,9.685062477131137
WK,DTSZ11,DTSZ11,1,0.0
PT,SGSZ04,HGSZ08,1,3.1427393928969156
VH,JESZ05,BKSZ08,1,2.4301714349914216
PT,SESZ02,CLSZ01,1,17.65532628280525
PT,TPSZ11,DTSZ10,1,7.413871600267548
PT,QTSZ02,AMSZ10,1,10.322567483621627
PT,CHSZ02,CHSZ02,1,0.0
WK,TMSZ03,TMSZ03,1,0.0
PT,QTSZ11,QTSZ11,1,0.0
VH,BMSZ17,CLSZ06,1,9.705301086277531
WK,BMSZ08,BMSZ03,1,0.5847816941063064
VH,SESZ03,GLSZ05,1,8.301688736131668
VH,PRSZ02,DTSZ03,1,13.182971670744188
VH,PGSZ03,PGSZ03,1,0.0
PT,JWSZ03,JESZ03,1,3.1067249608516656
PT,SBSZ02,DTSZ02,1,16.808421795294873
VH,AMSZ05,BKSZ09,1,9.41216792996604
PT,TNSZ04,QTSZ13,1,4.795462750700254
PT,BPSZ05,CKSZ03,1,2.3007075960770518
PT,YSSZ01,YSSZ08,1,1.392918013502601
PT,BMSZ08,QTSZ06,1,2.2477449337097264
PT,ORSZ03,BSSZ03,1,5.638464557429649
WK,CKSZ06,CKSZ05,1,0.9298087042092337
PT,DTSZ11,HGSZ06,1,10.198558237015776
PT,PGSZ04,NVSZ02,1,11.460422679778869
PT,JESZ05,QTSZ08,1,6.633042342319745
PT,SGSZ06,HGSZ02,1,3.62142801534933
PT,BSSZ02,PRSZ02,1,10.909568424106025
VH,BKSZ02,JESZ05,1,3.344636714843406
WK,CKSZ02,CKSZ01,1,1.1548840286224726
PT,TMSZ03,PGSZ03,1,7.415930585784416
PT,NVSZ01,HGSZ07,1,5.26592267317842
PT,DTSZ11,SESZ03,1,13.837438823367988
PT,WCSZ01,TMSZ03,1,27.62447721102721
PT,BPSZ05,OTSZ03,1,13.711061778163108
WK,BPSZ04,BPSZ03,1,0.9219301040327256
PT,JESZ02,JESZ01,1,1.0589239214789605
PT,QTSZ08,WDSZ04,1,14.601408997583006
PT,SBSZ01,YSSZ04,1,3.3064632083724477
VH,TMSZ03,CHSZ03,1,7.233706147633916
VH,GLSZ04,GLSZ05,1,1.665730792673618
PT,CKSZ01,BPSZ05,1,1.4108989462238801
VH,SGSZ06,HGSZ06,1,1.628829512348083
PT,BDSZ04,AMSZ01,1,10.977868930744721
VH,BSSZ01,SESZ06,1,6.447070982720102
PT,TMSZ05,RCSZ10,1,13.318946814997075
PT,BTSZ05,NVSZ04,1,1.5272807388643392
PT,YSSZ03,YSSZ01,1,1.0015506147644606
PT,HGSZ06,BDSZ01,1,4.42204451020933
PT,BDSZ04,BDSZ03,1,2.353398647735378
VH,BDSZ06,KLSZ07,1,10.512604445395665
VH,TMSZ04,BPSZ04,1,20.383931856414446
WK,SBSZ01,YSSZ09,1,1.819953253358793
PT,SGSZ04,QTSZ01,1,10.520516614189308
PT,BDSZ06,BDSZ04,1,1.3781452505148277
PT,JESZ09,BPSZ02,1,10.238488074039035
VH,BTSZ01,SESZ06,1,13.292357317050246
PT,YSSZ03,YSSZ01,1,1.0015506147644606
PT,AMSZ12,HGSZ04,1,3.776051371725041
PT,BMSZ13,BMSZ07,1,1.2092147899875723
PT,OTSZ03,JWSZ08,1,18.03415666884145
PT,DTSZ11,KLSZ06,1,3.9791706367494584
PT,DTSZ11,TNSZ04,1,6.163159944875123
WK,PRSZ05,PRSZ03,1,1.3236940820239511
PT,BPSZ04,DTSZ08,1,13.733227728729675
VH,QTSZ10,JESZ05,1,5.231692492009568
WK,YSSZ09,YSSZ09,1,0.0
PT,DTSZ05,BMSZ03,1,3.787659890941118
WK,BPSZ04,BPSZ04,1,0.0
PT,DTSZ01,YSSZ04,1,13.420844143889626
WK,SESZ04,SESZ04,1,0.0
PT,DTSZ06,BDSZ04,1,10.325197991209292
PT,MUSZ03,JWSZ02,1,16.33240282957772
PT,TSSZ03,CKSZ06,1,13.532605835217362
PT,GLSZ04,TMSZ05,1,9.64817992143521
VH,BKSZ05,GLSZ05,1,15.551429767410268
WK,HGSZ08,HGSZ07,1,1.4564913024819
WK,SBSZ03,SBSZ03,1,0.0
PT,KLSZ06,RCSZ10,1,1.416928972103903
VH,CHSZ03,BDSZ03,1,9.816430053148721
VH,WDSZ08,WDSZ03,1,1.248407850888258
VH,DTSZ01,OTSZ03,1,2.5354518837554263
PT,SBSZ03,YSSZ01,1,3.1103199668128694
VH,AMSZ03,SGSZ04,1,1.2356205929987218
PT,TMSZ03,OTSZ03,1,12.779094893351187
VH,BDSZ04,PRSZ03,1,4.815776552853279
PT,BDSZ03,SBSZ03,1,17.350247815573944
PT,AMSZ01,WDSZ02,1,9.66727320730234
PT,NVSZ01,NVSZ01,1,0.0
PT,BKSZ07,QTSZ14,1,9.243891502948275
VH,KLSZ02,PGSZ04,1,9.317968932150439
WK,GLSZ05,GLSZ05,1,0.0
PT,JESZ05,JWSZ09,1,4.578885078555272
WK,WDSZ06,WDSZ06,1,0.0
PT,OTSZ03,DTSZ01,1,2.5354518837554263
WK,BKSZ02,BKSZ02,1,0.0
PT,PRSZ03,PRSZ05,1,1.3236940820239511
PT,ORSZ03,WDSZ06,1,16.71580382055401
VH,KLSZ06,SGSZ04,1,5.832990797014634
PT,SESZ06,DTSZ03,1,11.639196432459416
VH,YSSZ09,BDSZ04,1,16.1763210369897
PT,WDSZ02,WDSZ01,1,0.7905033315597753
PT,JESZ05,BPSZ03,1,6.560208836554459
WK,BMSZ17,BMSZ01,1,2.6053929255487533
PT,QTSZ05,WCSZ01,1,16.20233546179008
PT,KLSZ02,GLSZ02,1,1.7798174330711065
VH,AMSZ03,SGSZ02,1,1.547212112935673
PT,BKSZ09,BTSZ02,1,3.8004212864710514
PT,SESZ06,SESZ04,1,1.4130001556698468
PT,BDSZ06,BDSZ06,1,0.0
PT,WDSZ04,QTSZ10,1,14.060675341445647
VH,PGSZ04,SGSZ04,1,6.101601691667444
WK,DTSZ11,DTSZ11,1,0.0
VH,PGSZ03,PGSZ04,1,1.813530848549925
PT,PGSZ02,ORSZ03,1,13.87593538461149
PT,QTSZ02,DTSZ06,1,7.125725463375734
PT,AMSZ03,BSSZ03,1,1.6323305680531304
PT,JWSZ02,JESZ04,1,2.6527121244681977
PT,ORSZ03,NVSZ01,1,3.030301431746611
PT,SGSZ06,OTSZ03,1,8.576989849121452
PT,SBSZ01,BMSZ05,1,18.65925138488973
PT,CKSZ03,CLSZ04,1,7.748648521561396
WK,BKSZ04,BKSZ05,1,1.1230550579414724
PT,BKSZ09,BPSZ07,1,2.5881679718000545
WK,MPSZ03,BDSZ07,1,2.208686361486312
PT,BPSZ05,DTSZ02,1,13.400645284957236
VH,CKSZ06,DTSZ01,1,16.487903143429474
VH,SGSZ06,DTSZ09,1,8.925782714820569
PT,WDSZ01,WDSZ02,1,0.7905033315597753
PT,CLSZ04,RCSZ10,1,9.78130709661094
VH,BMSZ17,PGSZ03,1,16.679434928214757
VH,KLSZ06,SESZ06,1,9.575669145656043
PT,ORSZ02,BSSZ01,1,5.814905738335073
PT,DTSZ03,TPSZ08,1,5.4076385322503535
VH,GLSZ05,SGSZ03,1,6.964159398376554
WK,DTSZ01,RCSZ10,1,0.3428190544339364
PT,HGSZ05,CLSZ06,1,15.227562424202688
VH,AMSZ10,NVSZ01,1,6.70029309042011
PT,KLSZ08,WDSZ06,1,16.969144833240964
VH,HGSZ07,NVSZ01,1,5.26592267317842
VH,TMSZ04,OTSZ01,1,14.132450149863754
VH,WDSZ04,YSSZ09,1,4.132492397068411
PT,GLSZ02,GLSZ02,1,0.0
PT,YSSZ04,OTSZ01,1,14.773069039439902
PT,TMSZ03,TMSZ05,1,4.262471447978868
PT,YSSZ09,PGSZ04,1,9.796672246329212
VH,OTSZ03,SGSZ03,1,11.00469854117025
PT,HGSZ08,HGSZ07,1,1.4564913024819
PT,SGSZ05,KLSZ06,1,4.2108586291389924
PT,SRSZ01,KLSZ06,1,3.277407211613247
VH,JWSZ09,JWSZ09,1,0.0
PT,MUSZ03,DTSZ03,1,1.2436282452059544
PT,BMSZ05,TMSZ04,1,14.899343492840904
VH,SESZ03,SESZ02,1,0.9264025278629129
PT,SGSZ03,TMSZ03,1,7.526136007069231
PT,WDSZ03,MUSZ01,1,16.548095157345383
PT,YSSZ06,CKSZ03,1,8.68853978490832
VH,TMSZ02,BDSZ04,1,3.1599829379376176
PT,RVSZ05,ORSZ02,1,1.3766152058679595
PT,BKSZ05,BTSZ01,1,2.1505630256045407
PT,GLSZ04,CHSZ03,1,13.555510697111119
VH,QTSZ14,KLSZ05,1,9.391855283878796
PT,TNSZ02,TPSZ01,1,5.189066699996204
VH,BPSZ05,BKSZ01,1,1.2221236874947188
VH,HGSZ03,SGSZ04,1,3.733068176976207
PT,BSSZ01,QTSZ08,1,8.0417772866973
PT,QTSZ08,TMSZ02,1,18.868564424242766
PT,JESZ05,BPSZ04,1,6.024041207689825
PT,YSSZ09,YSSZ09,1,0.0
WK,SESZ06,SESZ03,1,2.3877316708630167
PT,WDSZ06,WDSZ02,1,1.786133057081358
WK,BTSZ08,BTSZ08,1,0.0
PT,NVSZ03,HGSZ06,1,6.824790810153412
PT,HGSZ08,WDSZ01,1,15.572064676082642
PT,JWSZ08,BTSZ01,1,8.556310483452535
PT,QTSZ13,SBSZ03,1,18.250176254393736
PT,DTSZ02,GLSZ05,1,5.714035671914394
PT,BDSZ04,BDSZ04,1,0.0
PT,NVSZ02,HGSZ07,1,6.532715006801925
PT,SESZ05,DTSZ05,1,12.055965246579374
PT,PRSZ06,YSSZ04,1,15.480563993367378
PT,PRSZ03,DTSZ05,1,14.581348508611656
VH,BMSZ02,BMSZ14,1,0.5559036854082744
VH,SGSZ04,BSSZ01,1,3.8631900924518154
PT,JESZ05,CLSZ05,1,2.32514081159075
PT,AMSZ06,BTSZ03,1,8.073530877471015
PT,BPSZ01,BPSZ03,1,1.1920001600727563
VH,CHSZ03,PGSZ03,1,13.099665252929867
PT,TMSZ04,TMSZ04,1,0.0
PT,DTSZ08,SGSZ03,1,10.989056797422394
WK,BPSZ05,BPSZ03,1,1.1253728669166327
PT,AMSZ01,AMSZ02,1,0.8098454795607932
PT,AMSZ10,SGSZ03,1,3.2587432290430534
PT,WDSZ02,WDSZ01,1,0.7905033315597753
WK,NVSZ02,NVSZ02,1,0.0
WK,OTSZ03,BMSZ05,1,1.0064294142100676
PT,WDSZ09,WDSZ03,1,2.578784998326383
WK,BDSZ03,BDSZ03,1,0.0
VH,CKSZ04,JWSZ09,1,5.957949924506363
PT,AMSZ10,SBSZ03,1,7.466557562876986
VH,BPSZ01,CKSZ01,1,0.8040432852062875
VH,SGSZ04,SESZ03,1,4.711070160353131
PT,TNSZ01,NVSZ02,1,2.0952290423453896
PT,WDSZ05,WDSZ01,1,1.2320596897563494
PT,RVSZ01,BTSZ01,1,7.374270412342989
PT,TSSZ04,JESZ04,1,9.916806227147973
VH,BMSZ05,SESZ03,1,14.27805894835435
PT,BMSZ12,DTSZ05,1,4.721981321831133
PT,BPSZ05,CKSZ02,1,2.1993511415909817
PT,BMSZ04,JWSZ03,1,13.851425014428454
PT,HGSZ05,SGSZ06,1,3.420976059234586
PT,KLSZ01,PNSZ04,1,20.93018496188697
VH,TMSZ02,PRSZ02,1,3.040951365203157
PT,BMSZ07,PGSZ02,1,16.948735526097735
VH,PRSZ05,PRSZ03,1,1.3236940820239511
WK,SESZ06,SESZ06,1,0.0
PT,DTSZ05,YSSZ09,1,16.542268951385452
PT,SESZ03,HGSZ01,1,2.534444316060849
VH,SISZ01,BTSZ01,1,11.740151806392166
VH,DTSZ03,DTSZ08,1,1.9011866811956655
VH,BSSZ03,BSSZ02,1,1.034011091901759
PT,TMSZ05,AMSZ02,1,13.666552359191554
VH,BLSZ01,CKSZ06,1,9.386534577206058
VH,TMSZ04,TMSZ04,1,0.0
PT,SESZ04,SESZ04,1,0.0
PT,AMSZ01,SGSZ04,1,2.472488583151166
PT,TMSZ02,TMSZ03,1,1.8211342041293208
PT,KLSZ09,AMSZ05,1,7.990749571720152
PT,CKSZ05,JESZ03,1,6.109884232134044
PT,JESZ02,JESZ02,1,0.0
PT,YSSZ02,SBSZ02,1,1.4775122449880098
PT,TMSZ03,BDSZ05,1,4.130614942004426
PT,CKSZ06,JESZ05,1,7.536802133918281
PT,RCSZ08,YSSZ09,1,14.49148247789724
PT,BTSZ01,CLSZ04,1,2.2642589389246877
PT,NVSZ02,QTSZ03,1,4.977875745472696
PT,HGSZ04,BSSZ02,1,5.031950611348236
VH,WDSZ03,BMSZ02,1,17.802816972491083
WK,CLSZ07,CLSZ06,1,1.060316654864546
PT,QTSZ14,BLSZ02,1,10.615052662655401
PT,TPSZ09,MUSZ01,1,4.431721085270301
VH,TMSZ04,ORSZ02,1,14.057950066761318
PT,SBSZ04,SBSZ03,1,1.203473776478544
PT,SGSZ06,GLSZ02,1,3.2018877641255177
PT,JWSZ08,DTSZ05,1,18.627495770651787
VH,BDSZ05,BDSZ04,1,2.45621100070819
PT,SESZ03,SESZ04,1,0.9952512670910597
PT,BKSZ03,DTSZ08,1,14.624233933341868
PT,BMSZ01,PGSZ04,1,17.726237867190797
PT,WDSZ05,AMSZ01,1,9.851888062274092
PT,BMSZ04,BMSZ02,1,0.94303921872575
WK,PGSZ03,PGSZ02,1,0.8699452159826071
VH,CKSZ05,KLSZ07,1,14.477398370210178
PT,DTSZ11,HGSZ07,1,9.791724438664767
PT,BPSZ04,QTSZ14,1,11.295189018526676
PT,YSSZ01,HGSZ05,1,7.028959688109477
PT,HGSZ03,DTSZ08,1,12.126539078811113
VH,GLSZ01,HGSZ06,1,4.155964086868111
VH,BDSZ04,SRSZ02,1,11.132719283274374
PT,JESZ06,BMSZ13,1,8.729313549082493
PT,AMSZ01,SGSZ04,1,2.472488583151166
PT,HGSZ04,KLSZ08,1,6.992149341827706
VH,TPSZ02,AMSZ02,1,4.546288431833153
PT,WDSZ01,CLSZ01,1,12.287541922785868
PT,TPSZ01,NVSZ01,1,1.9049923646576419
PT,OTSZ04,BPSZ05,1,13.564537305356447
PT,BMSZ02,RCSZ10,1,4.2983143142963165
PT,CLSZ06,CLSZ04,1,0.7914849055353017
PT,PGSZ04,OTSZ01,1,14.525004708992519
PT,TMSZ02,TMSZ02,1,0.0
VH,PGSZ01,SESZ06,1,4.093587833457112
PT,TMSZ04,BDSZ03,1,4.618001435038769
PT,ORSZ02,TPSZ01,1,3.9764216624837263
PT,TMSZ02,TMSZ02,1,0.0
WK,TMSZ04,TMSZ04,1,0.0
PT,DTSZ08,BDSZ06,1,11.654594428434788
WK,SBSZ03,SBSZ09,1,1.3863502500080958
PT,WDSZ03,HGSZ08,1,14.430138214802039
PT,WDSZ03,WDSZ08,1,1.248407850888258
PT,WDSZ06,GLSZ03,1,18.014500194313005
PT,BKSZ07,QTSZ10,1,5.879623108074198
PT,YSSZ08,DTSZ08,1,15.657772783876432
PT,DTSZ11,JWSZ03,1,16.772569277935087
WK,CLSZ06,CLSZ04,1,0.7914849055353017
PT,TPSZ12,BMSZ05,1,8.25169328111352
VH,WDSZ03,YSSZ09,1,3.422882487435982
PT,JWSZ08,JWSZ09,1,0.9403575284652649
PT,BDSZ03,QTSZ14,1,14.438584841693492
PT,TMSZ03,TMSZ04,1,2.188355345903096
PT,WCSZ01,GLSZ04,1,22.8244010293081
WK,DTSZ02,DTSZ12,1,1.1750052093676053
WK,BTSZ03,BKSZ05,1,3.87008978730074
VH,BMSZ07,SRSZ01,1,3.084084908044605
VH,BSSZ02,KLSZ06,1,5.094022940132291
VH,BMSZ12,QTSZ05,1,1.6687032298641558
PT,DTSZ05,PGSZ05,1,14.866252563038174
WK,SESZ06,SESZ04,1,1.4130001556698468
WK,BMSZ13,BMSZ01,1,1.0293958177027167
VH,TMSZ02,TMSZ02,1,0.0
WK,BDSZ03,BDSZ03,1,0.0
PT,PGSZ05,AMSZ10,1,7.808016116352005
PT,NVSZ02,YSSZ09,1,12.688147750674505
WK,JESZ03,JESZ05,1,0.6185017999780152
PT,BDSZ04,TPSZ05,1,8.849765675435894
PT,JWSZ02,JWSZ03,1,1.1903534965573972
WK,CLSZ06,CLSZ04,1,0.7914849055353017
VH,GLSZ05,MPSZ02,1,1.1635787899057473
PT,PRSZ03,QTSZ08,1,19.27386232217561
WK,CKSZ01,CKSZ01,1,0.0
PT,CKSZ05,DTSZ08,1,17.01083945421174
PT,BKSZ08,BKSZ05,1,1.013338466632539
PT,JESZ05,CLSZ04,1,3.174817557630327
VH,NVSZ02,WDSZ03,1,14.476577536121003
PT,JWSZ09,JWSZ08,1,0.9403575284652649
PT,DTSZ08,WDSZ02,1,19.02851164832697
VH,TMSZ04,ORSZ02,1,14.057950066761318
PT,BKSZ09,GLSZ03,1,15.443237528150025
PT,DTSZ03,BDSZ03,1,7.213202254188602
PT,SESZ03,SESZ04,1,0.9952512670910597
VH,MUSZ01,TPSZ04,1,4.142532111064653
VH,TMSZ03,BDSZ02,1,1.426330615584882
VH,BSSZ01,AMSZ06,1,1.9366591055442168
VH,WCSZ01,JWSZ08,1,4.2172435958379735
PT,KLSZ01,SGSZ06,1,3.4801975395945113
PT,SESZ03,KLSZ03,1,8.984708320061996
VH,BKSZ05,DTSZ08,1,12.7470891847542
PT,CKSZ03,DTSZ08,1,16.32472477025659
PT,KLSZ08,JWSZ03,1,16.53997926139715
PT,CKSZ02,CKSZ03,1,1.0663075799099802
PT,TPSZ12,WDSZ02,1,15.289619854493527
PT,BTSZ03,CKSZ06,1,9.104254915027422
VH,PGSZ04,SESZ03,1,1.5480541741474918
PT,TMSZ04,SESZ04,1,9.360905368386307
PT,BDSZ04,TMSZ04,1,2.300713819335355
PT,CKSZ01,DTSZ05,1,15.251694428612858
PT,TPSZ02,CHSZ03,1,17.309823676463257
VH,PGSZ05,PGSZ05,1,0.0
PT,JWSZ03,WCSZ01,1,4.998520485381283
PT,BSSZ03,KLSZ09,1,5.586610266805757
VH,YSSZ01,YSSZ02,1,1.2670184364300072
WK,SBSZ03,SBSZ04,1,1.203473776478544
VH,CLSZ01,JESZ01,1,3.1963693802491866
PT,BDSZ02,HGSZ08,1,4.323126494011093
PT,QTSZ08,BPSZ05,1,9.07185687832771
PT,BPSZ02,QTSZ12,1,11.618072355579544
PT,AMSZ09,PGSZ03,1,6.764710667800791
VH,HGSZ04,HGSZ05,1,0.9713078128166454
PT,CKSZ06,TMSZ05,1,25.8352116825868
VH,GLSZ04,GLSZ04,1,0.0
PT,RCSZ09,JWSZ09,1,17.1177344827433
PT,RCSZ09,BDSZ01,1,7.477315615247277
PT,AMSZ10,BKSZ09,1,10.981094907124511
VH,PRSZ05,CHSZ03,1,5.211054191623277
PT,CKSZ01,JESZ05,1,5.558152501454506
PT,TPSZ04,TPSZ04,1,0.0
PT,DTSZ05,SBSZ03,1,18.459820913519966
PT,BMSZ01,BMSZ09,1,2.9903941812532513
VH,BMSZ08,BMSZ13,1,1.8899283256861659
PT,PRSZ05,DTSZ01,1,13.862695353092404
PT,KLSZ06,KLSZ01,1,1.3008041598955091
PT,YSSZ08,BDSZ05,1,15.356301195737661
WK,KLSZ09,KLSZ06,1,1.2342218670774447
WK,JESZ02,JESZ05,1,0.9177132998918662
PT,JWSZ09,WCSZ01,1,4.867229736806335
PT,YSSZ09,BKSZ05,1,11.228819657285023
PT,SESZ03,BMSZ01,1,16.556470939668788
PT,SESZ02,BSSZ01,1,8.743758676856658
VH,QTSZ14,BMSZ01,1,2.3310314719625698
PT,MPSZ03,GLSZ05,1,1.8762855558336555
PT,SBSZ05,SISZ01,1,22.652299348990176
WK,AMSZ02,AMSZ02,1,0.0
PT,OTSZ03,BMSZ04,1,1.9278935544172855
VH,BDSZ05,MPSZ02,1,2.1775499489765475
VH,JWSZ09,JWSZ08,1,0.9403575284652649
WK,NVSZ01,NVSZ02,1,1.267584011192419
PT,BDSZ03,BSSZ02,1,8.520774969540463
PT,SGSZ04,SESZ05,1,3.576088234253757
PT,AMSZ12,BMSZ06,1,10.787385448797423
PT,BKSZ05,BTSZ06,1,5.355356877453587
WK,SESZ03,SESZ05,1,1.1358929114864125
PT,BMSZ03,BMSZ14,1,1.1980546391986036
PT,GLSZ05,SRSZ02,1,6.705669411494558
PT,BSSZ01,NVSZ01,1,4.140712133667812
WK,HGSZ05,HGSZ05,1,0.0
PT,BMSZ01,SGSZ06,1,11.24835862468767
PT,BDSZ04,KLSZ06,1,8.81940552503087
PT,BSSZ01,RCSZ01,1,5.827219666859465
PT,JESZ03,BKSZ06,1,1.1909656872383647
PT,JWSZ04,JWSZ08,1,3.131770663243337
PT,BKSZ04,QTSZ05,1,8.85789354607472
PT,HGSZ08,HGSZ08,1,0.0
WK,JESZ05,JESZ05,1,0.0
PT,DTSZ11,PRSZ05,1,15.774690388263947
PT,DTSZ02,MUSZ01,1,1.1386941693900328
PT,HGSZ03,SESZ03,1,1.698597032170489
PT,QTSZ05,DTSZ07,1,4.629752101305086
PT,WDSZ01,GLSZ03,1,17.377639969454684
PT,BMSZ15,CKSZ03,1,15.015511324424141
PT,WDSZ01,TMSZ02,1,20.7589684499746
WK,PGSZ05,PGSZ05,1,0.0
PT,DTSZ08,NTSZ02,1,4.2092358323046035
VH,ORSZ02,YSSZ02,1,14.770352085047518
PT,DTSZ02,BSSZ02,1,6.9468318606418515
VH,QTSZ10,JWSZ09,1,9.508178493673038
VH,JWSZ02,JESZ02,1,3.1372441265674205
WK,YSSZ03,YSSZ01,1,1.0015506147644606
PT,JESZ05,TMSZ02,1,23.304310785649946
PT,PGSZ04,BDSZ04,1,7.660949513374884
PT,SESZ02,SESZ02,1,0.0
PT,QTSZ08,BKSZ03,1,8.383940950090771
PT,TPSZ06,WDSZ05,1,13.599998126994562
PT,GLSZ05,SESZ06,1,9.03119269710631
PT,HGSZ01,PGSZ04,1,3.5502218701890134
PT,MUSZ01,QTSZ05,1,4.117127913434588
PT,ORSZ02,BSSZ03,1,5.440020592433535
PT,QTSZ06,YSSZ01,1,15.301230857641562
PT,BMSZ01,OTSZ03,1,3.5711825897935023
PT,OTSZ04,KLSZ07,1,3.282401682495864
PT,JESZ05,WDSZ05,1,11.41307475070591
PT,TMSZ05,TMSZ03,1,4.262471447978868
PT,ORSZ02,YSSZ09,1,13.985649668373252
PT,SBSZ01,YSSZ01,1,2.414191577362601
VH,TMSZ02,AMSZ01,1,11.785359020726633
PT,AMSZ04,BSSZ02,1,1.2856971269799196
PT,BSSZ01,TPSZ06,1,3.7352266707219957
PT,SESZ03,BMSZ01,1,16.556470939668788
PT,BKSZ07,QTSZ11,1,6.47420233355883
PT,SESZ03,ORSZ01,1,12.528805832155784
PT,JWSZ03,PNSZ02,1,6.960677702920307
PT,QTSZ09,QTSZ11,1,1.7084459320264545
VH,DTSZ02,DTSZ09,1,2.0107231382468744
PT,JWSZ03,TSSZ03,1,8.177726258945059
PT,AMSZ01,YSSZ09,1,6.723825276326214
PT,QTSZ14,TMSZ02,1,19.393775280649596
VH,DTSZ01,JWSZ09,1,17.708959617548228
PT,JESZ05,BMSZ03,1,9.701427336641165
PT,DTSZ12,SESZ02,1,12.694039405502535
VH,YSSZ03,BDSZ01,1,12.425396513840122
PT,GLSZ05,SESZ04,1,8.677098780927729
PT,DTSZ08,BSSZ01,1,8.978277793837487
PT,GLSZ05,PNSZ01,1,24.344907950026858
PT,WCSZ01,SGSZ03,1,20.433213957725354
PT,TPSZ03,TNSZ04,1,4.993025179025489
PT,HGSZ02,BMSZ01,1,14.642734911480817
PT,KLSZ06,ORSZ03,1,2.4916492722728734
PT,BKSZ07,AMSZ10,1,11.44848228504245
VH,BMSZ14,BMSZ08,1,1.0887215762005331
PT,JWSZ02,BMSZ01,1,14.260519517821443
PT,SESZ06,HGSZ05,1,1.6602232514061128
VH,BDSZ04,KLSZ08,1,8.049587042147454
PT,BPSZ05,OTSZ03,1,13.711061778163108
VH,NVSZ02,TMSZ02,1,12.726796719617527
PT,BKSZ04,SBSZ08,1,13.243400608549852
PT,BMSZ10,QTSZ14,1,4.1471059691285825
PT,CLSZ08,QTSZ11,1,1.6690334654623837
PT,DTSZ05,TMSZ04,1,13.084189965658855
PT,BSSZ03,JESZ05,1,12.404837156885637
WK,YSSZ02,YSSZ03,1,1.4819530444688982
PT,WDSZ04,TPSZ06,1,12.572399663731021
VH,DTSZ08,BDSZ04,1,11.271097145894494
PT,TPSZ04,SRSZ02,1,5.164342996287454
VH,AMSZ02,SGSZ04,1,1.7836922077669188
PT,WDSZ03,DTSZ02,1,17.50023977974413
PT,QTSZ10,WDSZ05,1,13.945699033489268
PT,QTSZ09,CLSZ04,1,1.3596505286588076
PT,PGSZ05,DTSZ11,1,15.588057467208834
PT,QTSZ06,SESZ02,1,15.414003912629743
PT,NVSZ05,AMSZ02,1,5.148665728650164
WK,HGSZ04,HGSZ04,1,0.0
PT,DTSZ01,BDSZ04,1,9.548239775598132
PT,JWSZ08,JESZ07,1,4.693847274083017
PT,DTSZ08,BPSZ04,1,13.733227728729675
PT,DTSZ01,OTSZ03,1,2.5354518837554263
WK,WDSZ01,WDSZ02,1,0.7905033315597753
PT,WDSZ09,WDSZ06,1,1.5712668037671202
PT,SGSZ06,HGSZ07,1,1.8431609549072046
PT,NVSZ03,BSSZ03,1,3.6470891796466782
VH,JWSZ09,BKSZ07,1,5.441460194036724
WK,PRSZ03,PRSZ03,1,0.0
VH,DTSZ11,PGSZ04,1,14.76554723116788
VH,NVSZ01,GLSZ05,1,5.341235918275995
PT,TMSZ05,SESZ05,1,10.754348650012535
PT,RVSZ03,DTSZ05,1,2.4594545603049713
VH,MPSZ03,BDSZ06,1,4.603267741098764
WK,HGSZ01,HGSZ02,1,0.7510371002354921
VH,TMSZ03,TMSZ04,1,2.188355345903096
PT,YSSZ04,YSSZ01,1,0.916928626122495
PT,CLSZ04,BTSZ01,1,2.2642589389246877
VH,BSSZ01,RCSZ01,1,5.827219666859465
PT,BTSZ01,SBSZ05,1,14.157905073851396
PT,SESZ04,JESZ10,1,19.373025942840382
VH,BDSZ06,TMSZ04,1,2.3820541097862336
PT,CLSZ06,CLSZ04,1,0.7914849055353017
PT,DTSZ11,YSSZ09,1,17.45003162543771
PT,PGSZ02,WDSZ02,1,12.711092372017745
PT,WDSZ02,QTSZ08,1,15.752865950344395
WK,HGSZ04,HGSZ04,1,0.0
WK,DTSZ01,DTSZ01,1,0.0
PT,MPSZ03,GLSZ04,1,2.9661621130342146
PT,GLSZ04,DTSZ11,1,5.5301729837225455
VH,BMSZ01,BMSZ01,1,0.0
PT,JWSZ03,BKSZ09,1,4.235243182189691
VH,NVSZ01,PGSZ04,1,10.197735624095891
PT,QTSZ06,BMSZ01,1,2.9869559379929176
PT,SGSZ01,ORSZ02,1,9.461940665569058
PT,PRSZ02,PGSZ03,1,5.421565134090198
PT,CKSZ05,JESZ05,1,6.61088102296615
PT,TMSZ02,TMSZ02,1,0.0
VH,QTSZ01,QTSZ02,1,0.8612108103401749
PT,JWSZ03,CLSZ04,1,6.208507161996366
WK,BMSZ07,QTSZ05,1,1.09184867404237
PT,YSSZ09,RCSZ03,1,14.237404031064775
PT,RCSZ10,OTSZ03,1,2.421670523075443
PT,BKSZ05,SGSZ05,1,11.067846132080467
VH,CHSZ03,BSSZ01,1,18.792322966416567
PT,SRSZ01,TPSZ06,1,5.597516918055273
PT,TMSZ02,TPSZ06,1,10.481968959253626
PT,QTSZ14,OTSZ03,1,5.4614161126036045
PT,BMSZ04,BPSZ04,1,11.884358071727528
PT,JWSZ08,TSSZ03,1,5.239296588024382
PT,SESZ06,DTSZ05,1,12.71284398765897
PT,TMSZ01,CHSZ01,1,5.525533743582612
WK,BDSZ04,BDSZ04,1,0.0
PT,PRSZ06,PRSZ03,1,2.5956684885136503
PT,KLSZ03,BTSZ02,1,9.341803983202578
PT,DTSZ03,SESZ04,1,11.868442230052084
VH,TMSZ02,TMSZ02,1,0.0
VH,WDSZ03,SBSZ08,1,2.510010374383955
VH,TMSZ02,CHSZ03,1,5.590892298049903
PT,BTSZ08,ORSZ02,1,3.3060862151826953
WK,BKSZ03,BKSZ03,1,0.0
PT,BPSZ02,NTSZ03,1,11.55512898661966
PT,QTSZ01,QTSZ12,1,2.925800347769965
WK,BDSZ04,BDSZ04,1,0.0
PT,TMSZ03,MUSZ03,1,11.23798501973583
PT,CHSZ02,BMSZ17,1,19.42502563979064
VH,BSSZ01,TNSZ01,1,4.949979267570858
PT,BKSZ01,BPSZ05,1,1.2221236874947188
PT,CKSZ02,DTSZ03,1,15.653127206443383
PT,CKSZ02,CKSZ01,1,1.1548840286224726
VH,BTSZ01,TMSZ05,1,21.979371095661232
PT,CKSZ03,AMSZ03,1,12.22626711295956
PT,SESZ03,DTSZ11,1,13.837438823367988
PT,DTSZ02,DTSZ02,1,0.0
VH,TPSZ02,BDSZ03,1,7.788744497305076
PT,NVSZ02,BSSZ03,1,3.75325190070528
PT,BMSZ01,BPSZ04,1,12.823229291991334
VH,BTSZ01,TNSZ04,1,5.279231030204021
VH,SESZ05,RCSZ01,1,9.413854086676542
PT,BLSZ01,BPSZ05,1,8.44972105576737
WK,CKSZ03,CKSZ03,1,0.0
PT,JWSZ02,JWSZ09,1,1.1909513911077283
WK,SESZ04,SESZ04,1,0.0
PT,KLSZ05,DTSZ03,1,2.0454217248159847
PT,RCSZ03,AMSZ12,1,8.655551301012027
PT,BDSZ06,BDSZ04,1,1.3781452505148277
PT,YSSZ02,OTSZ03,1,17.59409349393105
PT,QTSZ08,JWSZ09,1,10.935246479643997
PT,RCSZ01,KLSZ08,1,1.58143894245887
PT,BSSZ03,ORSZ02,1,5.440020592433535
PT,PRSZ03,PLSZ01,1,2.4641895367410624
PT,GLSZ04,DTSZ03,1,3.653010975992008
PT,DTSZ05,SGSZ04,1,8.957111657249374
PT,WDSZ04,JESZ08,1,13.938512597246916
WK,NVSZ02,NVSZ02,1,0.0
PT,PGSZ04,KLSZ06,1,10.981786876801555
VH,GLSZ04,SGSZ06,1,4.439079275793445
PT,JWSZ09,PGSZ05,1,24.597564726808653
PT,BMSZ01,JESZ03,1,10.715246655786919
PT,PRSZ06,WDSZ03,1,20.081189931225925
PT,GLSZ02,QTSZ08,1,10.953406451225664
WK,TMSZ02,TMSZ02,1,0.0
VH,BKSZ05,CKSZ03,1,3.7324497524941984
PT,TPSZ01,YSSZ06,1,7.115719034405425
PT,DTSZ08,TMSZ04,1,13.571499451265936
VH,PRSZ03,PRSZ05,1,1.3236940820239511
PT,WDSZ03,SBSZ09,1,1.4977107594974173
PT,QTSZ05,OTSZ03,1,4.389088082585871
VH,TPSZ12,SGSZ06,1,2.167929743490486
PT,YSSZ03,AMSZ12,1,4.998114463022651
WK,WDSZ01,WDSZ05,1,1.2320596897563494
WK,KLSZ07,KLSZ07,1,0.0
PT,JWSZ09,QTSZ08,1,10.935246479643997
PT,OTSZ03,BKSZ05,1,12.22536847792857
VH,CHSZ03,BDSZ01,1,10.248710691630993
PT,HGSZ02,GLSZ04,1,6.3471538709113
PT,GLSZ03,BDSZ02,1,3.505008869857587
PT,SBSZ03,TSSZ06,1,30.18925614650171
PT,BPSZ05,DTSZ02,1,13.400645284957236
PT,KLSZ01,KLSZ06,1,1.3008041598955091
PT,CLSZ09,AMSZ02,1,13.200234692753774
PT,MPSZ03,DTSZ01,1,5.745123952267231
PT,JESZ05,CLSZ04,1,3.174817557630327
PT,TMSZ01,OTSZ01,1,14.247513396407532
WK,JESZ05,JESZ05,1,0.0
PT,SGSZ06,TPSZ07,1,2.6285156883266594
VH,TMSZ04,WDSZ05,1,21.85074443141612
PT,QTSZ08,SGSZ04,1,11.048009930792105
PT,AMSZ03,QTSZ09,1,10.522409111743627
PT,BKSZ09,PNSZ02,1,10.328317355016564
VH,WDSZ03,SRSZ02,1,17.516714261418265
PT,QTSZ13,PRSZ03,1,20.937574850432718
PT,TMSZ03,HGSZ07,1,5.56262992854664
PT,DTSZ11,HGSZ08,1,8.52345932612555
VH,WDSZ09,WDSZ09,1,0.0
WK,BPSZ05,BPSZ05,1,0.0
PT,WDSZ01,WDSZ03,1,1.9549224562619225
PT,DTSZ01,JWSZ09,1,17.708959617548228
PT,NVSZ01,TMSZ04,1,11.565714256539229
PT,YSSZ03,AMSZ10,1,4.7060653668352295
PT,JESZ06,JWSZ01,1,5.605138670179148
VH,TMSZ03,PRSZ02,1,3.4468681481832695
PT,HGSZ07,OTSZ03,1,9.78785739477459
VH,TMSZ03,ORSZ02,1,12.45389772749502
VH,BSSZ03,TPSZ01,1,1.6628552692300111
PT,KLSZ03,BKSZ05,1,12.872954482964369
PT,PRSZ03,KLSZ08,1,11.207236418902971
PT,SBSZ01,CLSZ07,1,17.422473951472767
WK,HGSZ05,HGSZ05,1,0.0
PT,ORSZ02,WDSZ04,1,14.45768845722655
PT,MUSZ03,TMSZ03,1,11.23798501973583
VH,JWSZ03,QTSZ12,1,10.727796426663867
VH,WDSZ01,WDSZ04,1,1.4487914875070382
PT,PGSZ03,DTSZ03,1,13.004073840473902
WK,BMSZ04,BMSZ04,1,0.0
WK,KLSZ06,KLSZ09,1,1.2342218670774447
PT,WDSZ01,BDSZ04,1,20.6937965364236
PT,CHSZ03,YSSZ05,1,18.52602010631296
VH,BSSZ01,AMSZ03,1,2.6995044229110725
PT,SGSZ07,SGSZ06,1,0.9479193276864053
VH,DTSZ02,JESZ03,1,12.912173709214425
VH,BMSZ06,NVSZ02,1,3.773016695595983
PT,BSSZ03,TPSZ01,1,1.6628552692300111
PT,BDSZ03,BDSZ04,1,2.353398647735378
PT,BMSZ08,ORSZ03,1,2.4202568452047277
PT,GLSZ02,DTSZ06,1,5.753732722044804
PT,MUSZ01,TPSZ02,1,3.7584643865325513
PT,BDSZ04,TMSZ04,1,2.300713819335355
VH,BDSZ01,WCSZ01,1,24.979327805996814
PT,SBSZ04,WDSZ02,1,3.2917084491543456
PT,KLSZ01,TPSZ12,1,2.782036943971218
VH,TPSZ12,KLSZ01,1,2.782036943971218
PT,QTSZ06,BTSZ03,1,4.315899706268571
VH,BTSZ01,BTSZ01,1,0.0
PT,BTSZ01,BKSZ06,1,3.427912552757947
PT,JWSZ04,JWSZ04,1,0.0
VH,PGSZ05,DTSZ03,1,13.616189375390887
PT,PGSZ05,TPSZ03,1,9.901591332041905
PT,DTSZ05,JWSZ08,1,18.627495770651787
PT,PGSZ04,SBSZ01,1,10.639902030018249
PT,OTSZ03,CKSZ04,1,16.077829171846744
PT,WDSZ04,WDSZ01,1,1.4487914875070382
PT,SBSZ09,WDSZ02,1,2.334951720610873
PT,PNSZ05,CKSZ02,1,12.606741975798595
PT,SESZ03,NVSZ01,1,8.991671372652268
PT,PGSZ02,SESZ02,1,2.4093999443628205
WK,QTSZ08,QTSZ08,1,0.0
PT,PNSZ01,CKSZ06,1,11.294207835550274
PT,ORSZ03,CLSZ08,1,8.434545488188869
VH,CLSZ04,BKSZ05,1,4.194477458379191
PT,JESZ05,JESZ01,1,1.951247590558303
PT,JWSZ09,JESZ04,1,3.371291748610613
PT,CKSZ03,CKSZ04,1,1.1832660105867163
PT,SGSZ04,AMSZ01,1,2.472488583151166
PT,DTSZ08,HGSZ06,1,10.01781020762319
WK,SGSZ04,SGSZ04,1,0.0
WK,JWSZ09,JWSZ09,1,0.0
VH,TMSZ02,TMSZ05,1,3.4331063209557158
VH,CHSZ03,HGSZ03,1,11.965505010747671
PT,DTSZ05,PGSZ04,1,14.043313969234429
VH,BMSZ04,JESZ05,1,10.829998256156511
VH,PRSZ04,TMSZ02,1,2.871436793489388
PT,BDSZ04,CHSZ02,1,6.281336292639992
WK,MPSZ03,MPSZ03,1,0.0
VH,CKSZ04,KLSZ06,1,15.412120285791756
VH,BSSZ03,TPSZ05,1,1.0936285517173254
VH,GLSZ04,GLSZ04,1,0.0
WK,AMSZ02,AMSZ02,1,0.0
WK,TMSZ04,TMSZ04,1,0.0
PT,JESZ05,BDSZ04,1,21.49468574123992
WK,TPSZ02,TPSZ04,1,0.8358827334321068
PT,YSSZ01,TMSZ03,1,13.962303058779804
VH,BDSZ04,GLSZ03,1,4.3857290474795105
PT,SBSZ04,QTSZ14,1,20.08691283036243
PT,CKSZ05,NVSZ02,1,13.550363026573258
PT,TMSZ03,GLSZ03,1,4.8562189729965235
PT,DTSZ02,SESZ03,1,12.086010962684949
PT,SRSZ01,QTSZ06,1,3.7697260884061397
VH,BKSZ05,BTSZ01,1,2.1505630256045407
PT,BSSZ01,ORSZ02,1,5.814905738335073
VH,DTSZ05,JWSZ04,1,15.495816355124653
PT,CKSZ05,RCSZ01,1,14.946608105330991
PT,DTSZ03,GLSZ04,1,3.653010975992008
PT,BDSZ04,KLSZ01,1,8.295131083075892
PT,WDSZ02,SBSZ04,1,3.2917084491543456
PT,SESZ05,PGSZ04,1,2.606432804831768
PT,SBSZ09,SESZ03,1,12.158369881130973
PT,BSSZ02,TMSZ05,1,14.086182769475576
PT,SRSZ01,BDSZ04,1,11.829591233981747
PT,SESZ06,BDSZ03,1,8.95036635976518
VH,SBSZ03,CKSZ03,1,10.359600040450262
WK,HGSZ02,HGSZ02,1,0.0
PT,TPSZ07,HGSZ07,1,4.166461586829326
VH,PRSZ05,PRSZ05,1,0.0
PT,PRSZ03,BKSZ04,1,21.6584053695842
PT,DTSZ11,BDSZ06,1,11.437537142795163
PT,GLSZ02,AMSZ01,1,6.61053355966354
VH,SESZ04,KLSZ08,1,9.316487485870313
PT,TMSZ02,TMSZ02,1,0.0
WK,YSSZ09,YSSZ01,1,0.8885412780857345
VH,TMSZ01,PGSZ04,1,4.422063877996945
PT,BDSZ06,BDSZ06,1,0.0
VH,AMSZ09,SESZ04,1,5.654440760748761
WK,BDSZ01,BDSZ01,1,0.0
PT,GLSZ04,BDSZ03,1,3.7432437975351087
PT,TMSZ02,BDSZ04,1,3.1599829379376176
PT,AMSZ02,TMSZ05,1,13.666552359191554
WK,WDSZ04,WDSZ04,1,0.0
PT,QTSZ05,ORSZ02,1,2.8587404896799744
WK,KLSZ05,KLSZ05,1,0.0
PT,TMSZ02,QTSZ08,1,18.868564424242766
PT,CKSZ05,BLSZ02,1,9.284921544416251
PT,TMSZ04,TPSZ02,1,12.040631003287713
PT,AMSZ12,PGSZ03,1,5.300721249995672
PT,CKSZ03,CKSZ06,1,1.7431883026562554
PT,SESZ02,MPSZ01,1,9.677585572257312
PT,JWSZ04,TMSZ03,1,23.923403262062656
VH,HGSZ06,HGSZ05,1,2.0181787503117468
PT,PGSZ04,SESZ03,1,1.5480541741474918
PT,QTSZ06,QTSZ06,1,0.0
PT,OTSZ03,YSSZ09,1,16.868277722743255
PT,JWSZ04,JWSZ09,1,2.2141262582406362
WK,DTSZ02,DTSZ03,1,0.7315950200170801
PT,TPSZ04,PLSZ03,1,7.6706262579994196
PT,SBSZ03,WDSZ02,1,3.0035475744215976
PT,SGSZ07,BLSZ01,1,18.79731910763729
PT,BKSZ07,JESZ05,1,1.8651432569207955
PT,HGSZ04,BMSZ01,1,14.160131603945077
VH,CKSZ01,CHSZ03,1,27.62603286021731
WK,JESZ05,JESZ05,1,0.0
PT,SRSZ03,TMSZ03,1,11.893186554932084
PT,CHSZ02,BKSZ02,1,25.566302031604774
PT,PRSZ05,ORSZ02,1,15.768963448778594
PT,BLSZ01,BDSZ01,1,22.294793207416188
VH,RCSZ10,DTSZ02,1,0.8039412247349442
PT,ORSZ02,WDSZ05,1,15.029565993194648
PT,HGSZ06,PGSZ04,1,4.904126959456134
WK,BTSZ01,BTSZ01,1,0.0
PT,OTSZ03,SESZ02,1,13.774337455155205
VH,TMSZ05,BDSZ08,1,2.845317949036391
WK,BKSZ07,BKSZ07,1,0.0
VH,BSSZ01,DTSZ01,1,7.022428444756149
PT,DTSZ08,HGSZ02,1,11.508616314924032
VH,SBSZ03,SBSZ03,1,0.0
PT,BTSZ01,DTSZ05,1,10.689744059321782
PT,MPSZ03,PRSZ03,1,8.911983403702775
PT,TMSZ05,PRSZ05,1,4.535034352347557
PT,DTSZ01,RVSZ05,1,2.137431279205678
WK,ORSZ03,ORSZ03,1,0.0
PT,WDSZ02,HGSZ08,1,15.110048046342124
VH,BMSZ05,TPSZ02,1,6.0176013422195
PT,GLSZ04,DTSZ01,1,3.502717882200577
VH,QTSZ10,DTSZ02,1,8.281633607443224
VH,BDSZ04,BMSZ05,1,12.601498129898953
PT,TMSZ05,TMSZ04,1,2.1043927231785218
PT,CLSZ04,JWSZ04,1,5.404620893405422
PT,KLSZ08,DTSZ02,1,2.7685868595902563
PT,GLSZ02,PRSZ06,1,10.996967026126601
VH,BMSZ07,NVSZ01,1,6.255250979521635
PT,SGSZ04,TMSZ03,1,7.86293005849426
PT,JESZ05,JWSZ03,1,3.042266158318978
PT,SESZ06,QTSZ05,1,13.278289763719002
PT,KLSZ01,OTSZ03,1,5.111831034809398
WK,BKSZ01,BPSZ05,1,1.2221236874947188
VH,TPSZ02,TPSZ02,1,0.0
PT,BSSZ01,ORSZ02,1,5.814905738335073
PT,KLSZ07,CLSZ06,1,9.698252306570156
PT,BDSZ02,TMSZ05,1,4.902586233981663
PT,WDSZ03,BMSZ07,1,17.116735000637046
VH,KLSZ02,GLSZ04,1,1.6827010917675798
PT,PGSZ02,NVSZ01,1,10.853908171620594
VH,CLSZ08,QTSZ14,1,4.46927664260024
PT,CKSZ06,BKSZ03,1,5.046900158856259
WK,SESZ06,SESZ06,1,0.0
PT,PGSZ05,SGSZ02,1,6.288848394573591
VH,HGSZ03,HGSZ06,1,2.378687695701491
WK,BDSZ04,BDSZ03,1,2.353398647735378
PT,SBSZ03,CKSZ05,1,9.929191575916182
VH,PRSZ05,TMSZ03,1,3.4518825252645438
PT,BDSZ04,GLSZ05,1,4.4484831020133795
PT,BPSZ03,DTSZ05,1,14.321127627055779
PT,YSSZ09,TMSZ05,1,19.077951637320247
PT,SKSZ02,WDSZ09,1,4.025933577656925
PT,CKSZ03,CKSZ02,1,1.0663075799099802
PT,WDSZ05,TPSZ06,1,13.599998126994562
WK,WDSZ03,WDSZ03,1,0.0
PT,MPSZ02,TMSZ04,1,6.839996170101967
VH,CKSZ03,CKSZ02,1,1.0663075799099802
PT,HGSZ07,QTSZ14,1,13.498379323421725
PT,SESZ05,KLSZ03,1,8.02966423152953
PT,CLSZ04,JWSZ01,1,7.8605676970390705
PT,BDSZ05,ORSZ02,1,9.822323673040676
WK,MUSZ01,SRSZ01,1,1.2329661581731022
PT,SGSZ04,DTSZ11,1,9.809730547719365
PT,BSSZ03,SGSZ06,1,1.9817878572778096
PT,TSSZ05,PNSZ02,1,4.242418650755653
VH,NVSZ02,NVSZ01,1,1.267584011192419
PT,JWSZ01,WCSZ01,1,3.5160781292759125
VH,CKSZ04,CKSZ02,1,0.9700113114439944
PT,BKSZ09,DTSZ05,1,12.133937797708915
PT,SESZ03,SESZ05,1,1.1358929114864125
WK,BKSZ02,BKSZ02,1,0.0
PT,BPSZ05,BMSZ13,1,12.014061665626384
PT,AMSZ10,YSSZ08,1,4.103593760269681
VH,KLSZ06,PGSZ05,1,11.80320261153746
PT,QTSZ05,TMSZ04,1,16.914837337440236
PT,SESZ03,SESZ06,1,2.3877316708630167
PT,PGSZ04,RCSZ10,1,12.397043458321983
PT,ORSZ02,DTSZ09,1,3.5973237139691916
PT,AMSZ10,PGSZ03,1,5.952241132810682
PT,WDSZ01,JESZ05,1,12.619732220598305
PT,OTSZ04,BPSZ05,1,13.564537305356447
VH,BTSZ01,BTSZ01,1,0.0
PT,TPSZ04,KLSZ02,1,2.441563821600723
PT,GLSZ05,OTSZ02,1,7.466156656883012
VH,AMSZ01,CLSZ05,1,11.975847670303475
PT,CKSZ05,JWSZ09,1,7.633113425090306
PT,HGSZ04,SESZ05,1,1.3406852272539105
PT,BMSZ04,RCSZ10,1,3.3880901319697165
VH,TNSZ01,NVSZ02,1,2.0952290423453896
WK,BPSZ05,BPSZ03,1,1.1253728669166327
PT,SGSZ06,OTSZ03,1,8.576989849121452
VH,BKSZ03,NVSZ01,1,12.555893370869093
PT,SBSZ04,ORSZ02,1,16.96388261485603
WK,JWSZ03,JWSZ03,1,0.0
PT,JWSZ04,JWSZ04,1,0.0
PT,QTSZ08,PRSZ03,1,19.27386232217561
VH,DTSZ08,SGSZ04,1,9.558080971924092
PT,QTSZ11,BKSZ09,1,5.413848212963825
PT,QTSZ11,JWSZ04,1,7.5022146648685295
PT,JESZ05,BMSZ05,1,11.821150932548642
PT,BMSZ01,SESZ04,1,16.31257800359715
VH,BDSZ03,AMSZ01,1,9.324033482938916
WK,BDSZ01,BDSZ01,1,0.0
PT,MUSZ01,PRSZ05,1,14.895052039949423
PT,ORSZ02,WDSZ03,1,15.488100688649466
VH,BKSZ09,NVSZ02,1,9.767898652327649
PT,AMSZ01,TPSZ06,1,4.210093513075454
PT,SBSZ03,SBSZ04,1,1.203473776478544
PT,TMSZ04,TPSZ10,1,8.7876818404236
PT,SBSZ05,DTSZ01,1,17.49113251449294
PT,BTSZ01,DTSZ01,1,10.33093963094622
PT,DTSZ02,YSSZ05,1,12.990681619038643
PT,QTSZ08,SESZ03,1,15.756089750431935
PT,HGSZ07,DTSZ08,1,9.653627723823421
PT,AMSZ02,WCSZ01,1,18.30124076042486
PT,YSSZ03,DTSZ02,1,15.080931803140883
VH,PRSZ04,PRSZ03,1,1.1729449925550546
PT,BPSZ04,JWSZ09,1,9.01713352969668
PT,KLSZ09,GLSZ04,1,2.6696523516832915
PT,BPSZ07,BKSZ09,1,2.5881679718000545
VH,TMSZ02,WCSZ01,1,29.231844280037286
PT,BDSZ04,JESZ01,1,22.75795585837397
PT,OTSZ03,NVSZ01,1,5.130283975123037
VH,PGSZ03,KLSZ07,1,11.174796750366832
PT,PGSZ04,SESZ03,1,1.5480541741474918
VH,BDSZ05,MPSZ02,1,2.1775499489765475
PT,HGSZ08,DTSZ04,1,7.81457826853453
VH,WDSZ03,SBSZ09,1,1.4977107594974173
PT,YSSZ03,AMSZ12,1,4.998114463022651
VH,YSSZ03,YSSZ08,1,2.278048703490103
PT,SESZ02,SESZ03,1,0.9264025278629129
VH,GLSZ03,BDSZ01,1,1.58853543467227
PT,GLSZ05,BDSZ04,1,4.4484831020133795
VH,BKSZ05,BPSZ04,1,2.650441728267091
WK,BMSZ04,BMSZ04,1,0.0
PT,AMSZ01,SGSZ04,1,2.472488583151166
PT,YSSZ09,YSSZ02,1,1.0963348161770936
PT,AMSZ01,TMSZ04,1,12.438617251098414
VH,SESZ03,SBSZ09,1,12.158369881130973
PT,DTSZ05,SISZ01,1,4.462941071982023
PT,BMSZ04,JWSZ09,1,15.2052453571033
VH,BPSZ05,CKSZ02,1,2.1993511415909817
VH,SESZ04,SGSZ06,1,5.12482906140931
PT,PRSZ08,CKSZ06,1,24.708389762444302
PT,DTSZ09,DTSZ01,1,2.8219290042997787
VH,BKSZ05,JWSZ09,1,7.085378218359433
VH,TMSZ05,TMSZ03,1,4.262471447978868
PT,AMSZ06,WDSZ01,1,9.483221295881432
PT,HGSZ06,SESZ05,1,2.6523348559719238
PT,OTSZ03,SBSZ01,1,18.678531759624075
VH,SESZ04,SESZ04,1,0.0
PT,CLSZ06,CKSZ04,1,7.959117338545378
VH,GLSZ04,ORSZ02,1,5.758616797070354
PT,QTSZ10,BKSZ06,1,6.380151369182687
PT,BMSZ12,SGSZ04,1,11.039822363208232
VH,GLSZ05,PRSZ03,1,8.244202320945124
PT,WDSZ05,AMSZ06,1,9.197056362744037
PT,TMSZ02,BDSZ04,1,3.1599829379376176
PT,BDSZ01,BSSZ01,1,8.934994591246342
PT,JWSZ03,CHSZ03,1,31.120659831462916
PT,NVSZ02,NVSZ01,1,1.267584011192419
WK,KLSZ06,KLSZ08,1,0.7917316145790123
PT,TPSZ05,DTSZ03,1,5.4594616078461815
PT,SGSZ04,HGSZ07,1,2.3123199821988183
PT,SESZ02,KLSZ06,1,9.945077829351897
VH,KLSZ06,NVSZ01,1,1.8640868453461785
PT,YSSZ03,YSSZ02,1,1.4819530444688982
PT,JWSZ08,JWSZ09,1,0.9403575284652649
PT,BPSZ07,BSSZ02,1,7.457532156112643
WK,AMSZ02,AMSZ02,1,0.0
WK,QTSZ01,QTSZ08,1,1.4672733500642554
PT,SBSZ03,QTSZ11,1,17.335793254969907
PT,BMSZ01,BMSZ15,1,1.3582854437845964
VH,SESZ06,BMSZ05,1,13.654637384278224
WK,BPSZ03,BPSZ04,1,0.9219301040327256
PT,TPSZ06,SESZ03,1,7.484384499628202
WK,YSSZ09,YSSZ09,1,0.0
PT,BSSZ01,TPSZ01,1,2.2389513857650347
VH,BDSZ03,BDSZ07,1,2.393711987511306
VH,ORSZ02,PRSZ03,1,14.814728317007713
PT,SGSZ03,YSSZ03,1,6.654813829832525
PT,BPSZ03,NVSZ02,1,10.918416443505086
PT,BDSZ03,DTSZ01,1,7.211710053279743
VH,YSSZ01,YSSZ09,1,0.8885412780857345
PT,CKSZ03,JWSZ09,1,7.1081552021317815
WK,PRSZ03,PRSZ03,1,0.0
PT,TMSZ02,TMSZ02,1,0.0
VH,QTSZ02,DTSZ02,1,6.72642413399088
VH,AMSZ06,AMSZ01,1,0.8041193925714387
PT,DTSZ11,TPSZ02,1,6.374750384603541
WK,TMSZ02,TMSZ02,1,0.0
WK,BDSZ03,BDSZ03,1,0.0
VH,QTSZ05,QTSZ01,1,2.759169940443602
PT,OTSZ03,DTSZ02,1,1.7409696556681997
PT,HGSZ07,GLSZ05,1,4.623799103529617
PT,BPSZ03,BKSZ05,1,3.338019775970798
PT,QTSZ14,AMSZ09,1,12.588690602787565
PT,SGSZ04,MUSZ01,1,7.4946386235500295
VH,YSSZ04,YSSZ03,1,1.4331729019073896
PT,SESZ04,WDSZ01,1,12.628138605948273
PT,JWSZ08,YSSZ09,1,17.93564614351108
PT,JWSZ01,BMSZ08,1,14.92031700953266
VH,SESZ05,SESZ05,1,0.0
PT,WDSZ08,JWSZ04,1,15.448597020693711
VH,QTSZ10,QTSZ04,1,1.9294285269824714
PT,TMSZ02,PRSZ08,1,1.7629920239944799
PT,BMSZ04,YSSZ09,1,16.36437283322522
PT,BDSZ06,MUSZ01,1,11.329696698589554
PT,DTSZ05,BDSZ04,1,10.783708417296742
PT,WDSZ03,BMSZ17,1,19.94452303719967
WK,OTSZ03,OTSZ01,1,0.786821750900805
PT,JWSZ09,AMSZ04,1,16.511419078567805
VH,KLSZ06,SRSZ01,1,3.277407211613247
PT,KLSZ06,AMSZ01,1,7.02346780754669
VH,CLSZ06,BPSZ07,1,4.885830462686111
PT,YSSZ01,YSSZ05,1,2.181737820747567
VH,JESZ05,BKSZ05,1,3.4432452306580053
PT,BMSZ07,TPSZ06,1,7.728188779491851
WK,TMSZ04,TMSZ04,1,0.0
PT,TMSZ02,TMSZ01,1,1.8880896152958335
PT,QTSZ08,QTSZ10,1,1.427255504833849
VH,SESZ04,TMSZ05,1,11.463600150667864
PT,RCSZ05,GLSZ05,1,4.596669126026628
PT,RCSZ01,SRSZ01,1,2.5989719186490166
PT,WDSZ03,WCSZ01,1,14.098304540966351
PT,SBSZ03,JWSZ08,1,17.74196685394739
PT,KLSZ02,KLSZ06,1,1.723521005509737
VH,QTSZ08,PRSZ05,1,20.294389095106336
PT,QTSZ07,JESZ05,1,7.9761747823274955
PT,DTSZ03,KLSZ05,1,2.0454217248159847
WK,BKSZ01,BPSZ05,1,1.2221236874947188
PT,JESZ05,BPSZ04,1,6.024041207689825
PT,GLSZ04,QTSZ10,1,11.623211198972744
VH,BMSZ07,BPSZ04,1,10.708370381349502
WK,JWSZ08,JWSZ08,1,0.0
WK,HGSZ01,HGSZ02,1,0.7510371002354921
VH,HGSZ04,HGSZ05,1,0.9713078128166454
WK,BDSZ06,BDSZ04,1,1.3781452505148277
PT,AMSZ02,AMSZ01,1,0.8098454795607932
VH,MPSZ03,MPSZ03,1,0.0
VH,SESZ03,SESZ06,1,2.3877316708630167
VH,BMSZ01,BMSZ03,1,2.142677595268966
WK,SESZ03,SESZ04,1,0.9952512670910597
PT,BMSZ09,DTSZ11,1,2.8967278905035525
PT,JESZ01,JESZ05,1,1.951247590558303
VH,DTSZ02,BMSZ06,1,3.656422524168435
VH,TPSZ11,KLSZ01,1,1.7955692744684348
VH,BKSZ01,YSSZ03,1,11.857171061653116
PT,BSSZ03,TPSZ06,1,1.5770906007752055
PT,BMSZ04,QTSZ08,1,4.275988172778564
PT,BKSZ03,WCSZ01,1,6.535441458966325
VH,NVSZ02,BTSZ01,1,8.235080012958683
PT,SGSZ04,KLSZ09,1,6.898487638082717
PT,BDSZ01,SGSZ06,1,4.702754402809595
PT,YSSZ02,YSSZ09,1,1.0963348161770936
PT,TPSZ02,AMSZ01,1,4.463039102140407
PT,JESZ05,BMSZ04,1,10.829998256156511
PT,TPSZ02,DTSZ05,1,5.46832811275028
VH,QTSZ11,BMSZ01,1,5.112037293513128
PT,SGSZ04,QTSZ08,1,11.048009930792105
PT,HGSZ01,HGSZ04,1,0.7566664343295557
PT,AMSZ12,CKSZ03,1,11.756676495156556
PT,JESZ05,MSSZ01,1,14.86566094757102
PT,JWSZ03,DTSZ11,1,16.772569277935087
WK,TMSZ04,TMSZ04,1,0.0
WK,TMSZ05,TMSZ05,1,0.0
PT,NVSZ02,SBSZ01,1,14.494930987551083
VH,TMSZ04,TMSZ05,1,2.1043927231785218
PT,OTSZ03,BMSZ05,1,1.0064294142100676
PT,KLSZ01,BMSZ05,1,5.609086891627479
VH,KLSZ06,NVSZ02,1,1.9670648744696475
WK,PGSZ02,PGSZ03,1,0.8699452159826071
PT,BDSZ04,PRSZ03,1,4.815776552853279
WK,GLSZ04,GLSZ04,1,0.0
PT,HGSZ04,SGSZ06,1,2.9122391170608886
VH,BKSZ09,BKSZ06,1,1.9039083579005436
VH,TMSZ04,TMSZ02,1,1.5608180588962757
WK,TMSZ03,TMSZ03,1,0.0
PT,BKSZ05,QTSZ11,1,6.781726210469482
PT,CLSZ04,CLSZ04,1,0.0
PT,PRSZ02,DTSZ05,1,14.504333210165399
PT,CLSZ07,BDSZ01,1,16.08893588925973
PT,MUSZ01,BMSZ16,1,2.8342162127799373
PT,QTSZ14,BDSZ02,1,16.20518190561458
PT,SESZ02,SESZ03,1,0.9264025278629129
VH,TMSZ04,TMSZ02,1,1.5608180588962757
PT,SGSZ01,SGSZ06,1,3.506978622423547
VH,AMSZ02,AMSZ02,1,0.0
PT,CKSZ06,DTSZ11,1,18.11399576006074
PT,YSSZ09,BMSZ06,1,15.486360074106837
VH,ORSZ03,JWSZ03,1,14.182845944933135
PT,BDSZ04,BDSZ06,1,1.3781452505148277
PT,HGSZ08,GLSZ05,1,3.213057688239395
PT,QTSZ08,CLSZ06,1,3.4723330871686047
VH,HGSZ06,HGSZ08,1,2.2655868630452396
PT,TPSZ02,YSSZ03,1,10.59280900154734
PT,DTSZ02,SBSZ04,1,18.766386738680332
VH,BMSZ01,QTSZ08,1,4.129310016301148
VH,BMSZ09,DTSZ01,1,3.0331277667836507
PT,BSSZ03,TMSZ02,1,10.930556845772891
PT,BMSZ01,BMSZ13,1,1.0293958177027167
VH,PGSZ03,SESZ03,1,1.2362134622897991
WK,WDSZ03,WDSZ03,1,0.0
PT,BMSZ17,GLSZ02,1,8.750625536325659
PT,BDSZ03,PRSZ08,1,6.8187287823468266
WK,QTSZ11,CLSZ07,1,1.2894620495882865
WK,CHSZ03,CHSZ03,1,0.0
WK,TMSZ02,TMSZ04,1,1.5608180588962757
PT,SBSZ05,MUSZ03,1,17.680444250342113
PT,BDSZ04,GLSZ04,1,6.095252884793878
PT,DTSZ02,ORSZ02,1,2.7038880830734957
PT,GLSZ03,MUSZ01,1,6.659102854010751
WK,BMSZ05,OTSZ03,1,1.0064294142100676
PT,DTSZ02,TMSZ02,1,12.89838457395138
PT,BSSZ03,QTSZ08,1,8.962213671593334
VH,JESZ08,QTSZ13,1,5.169382652726403
WK,BKSZ03,BKSZ03,1,0.0
PT,NVSZ04,NVSZ02,1,2.7016386598446323
PT,HGSZ03,HGSZ06,1,2.378687695701491
PT,YSSZ09,CKSZ03,1,10.592362928045922
PT,SESZ03,DTSZ03,1,11.867096099365066
PT,PRSZ05,CHSZ03,1,5.211054191623277
PT,YSSZ08,SBSZ03,1,3.379093745575342
VH,GLSZ04,GLSZ02,1,1.4477226191472863
VH,TPSZ06,BMSZ06,1,6.530718291777953
VH,NVSZ02,CLSZ04,1,8.434803783728732
PT,YSSZ09,YSSZ09,1,0.0
PT,DTSZ02,CLSZ06,1,10.249165138495398
PT,ORSZ02,ORSZ03,1,0.8534670569351773
PT,QTSZ08,SESZ02,1,16.099825110858664
PT,PRSZ04,CHSZ03,1,6.2870136798784735
WK,GLSZ02,GLSZ04,1,1.4477226191472863
PT,DTSZ01,JWSZ09,1,17.708959617548228
PT,BKSZ08,YSSZ09,1,12.241078265442177
PT,TMSZ04,TMSZ02,1,1.5608180588962757
PT,BDSZ04,KLSZ05,1,7.460420984539587
PT,ORSZ03,YSSZ09,1,14.48623547067312
PT,BDSZ06,TMSZ05,1,2.8616357130860677
PT,BMSZ11,YSSZ02,1,17.801370291594022
PT,GLSZ04,MPSZ03,1,2.9661621130342146
WK,PGSZ05,PGSZ02,1,1.695802786427982
PT,DTSZ02,AMSZ04,1,8.12499217051449
VH,TMSZ01,TMSZ01,1,0.0
PT,QTSZ11,QTSZ13,1,1.1120266638411336
PT,TMSZ01,AMSZ06,1,11.08053469088358
VH,BDSZ04,BDSZ05,1,2.45621100070819
PT,DTSZ01,GLSZ04,1,3.502717882200577
WK,DTSZ03,DTSZ03,1,0.0
PT,BSSZ01,AMSZ04,1,1.9924536063797271
PT,WDSZ01,PGSZ02,1,13.425534315959023
VH,BSSZ03,TPSZ05,1,1.0936285517173254
PT,AMSZ03,DTSZ11,1,9.857422633944804
VH,TMSZ01,PRSZ03,1,1.1835093370759322
PT,AMSZ09,ORSZ02,1,8.481717241596819
WK,TMSZ02,TMSZ03,1,1.8211342041293208
PT,SESZ04,HGSZ06,1,3.629000242606035
PT,DTSZ05,TMSZ04,1,13.084189965658855
PT,DTSZ01,NVSZ02,1,2.5273499188078206
VH,NVSZ01,NVSZ01,1,0.0
VH,PGSZ05,DTSZ12,1,14.524560902096695
PT,BPSZ04,MUSZ01,1,11.74012608475498
WK,YSSZ09,YSSZ09,1,0.0
PT,BSSZ02,DTSZ05,1,7.884179204068369
PT,DTSZ05,ORSZ02,1,3.161833222093884
PT,MUSZ01,MUSZ03,1,0.554360394562012
VH,BTSZ01,RCSZ01,1,9.508851849711947
WK,AMSZ10,AMSZ10,1,0.0
PT,OTSZ01,SESZ05,1,12.388331799757875
PT,BDSZ04,BDSZ04,1,0.0
PT,JESZ05,YSSZ04,1,14.209684459091502
PT,TMSZ01,PRSZ03,1,1.1835093370759322
PT,MUSZ03,WDSZ03,1,16.966293401450862
PT,SESZ02,PGSZ04,1,1.052549878649884
PT,KLSZ09,SESZ04,1,10.790809981838272
VH,AMSZ05,HGSZ08,1,6.0980117833231136
PT,TSSZ05,BMSZ03,1,20.48098527190517
PT,DTSZ11,PGSZ03,1,14.969046905053865
PT,SBSZ03,DTSZ08,1,18.968379369180727
PT,PGSZ02,DTSZ01,1,13.227128691615972
PT,AMSZ04,AMSZ01,1,0.844896845964263
PT,BLSZ04,OTSZ03,1,17.435467345497422
WK,TMSZ03,TMSZ02,1,1.8211342041293208
PT,BDSZ05,QTSZ08,1,14.496177661897205
PT,BSSZ02,KLSZ06,1,5.094022940132291
VH,CHSZ03,BDSZ02,1,8.34052314862001
PT,CHSZ03,GLSZ04,1,13.555510697111119
PT,TMSZ04,JWSZ08,1,28.80815005097246
PT,JESZ05,QTSZ04,1,6.972229321924962
PT,OTSZ03,TMSZ02,1,14.542266359955034
PT,CKSZ03,CKSZ02,1,1.0663075799099802
PT,SBSZ03,DTSZ08,1,18.968379369180727
PT,GLSZ03,TMSZ02,1,6.673217167241603
WK,YSSZ09,YSSZ09,1,0.0
PT,DTSZ05,SBSZ04,1,19.663241172819838
WK,YSSZ04,YSSZ01,1,0.916928626122495
VH,YSSZ01,ORSZ02,1,13.50341818616615
VH,OTSZ03,DTSZ12,1,1.6922758078016806
WK,HGSZ07,HGSZ04,1,1.861964617425729
PT,TMSZ03,BDSZ06,1,3.160251478678926
VH,CLSZ04,BKSZ05,1,4.194477458379191
VH,TPSZ02,TPSZ02,1,0.0
PT,DTSZ05,SRSZ01,1,1.762916223511114
PT,BMSZ14,SRSZ02,1,3.0048774280158552
PT,DTSZ03,BDSZ05,1,7.213879914949417
VH,BDSZ03,BDSZ06,1,3.2398903564817414
WK,WDSZ03,WDSZ03,1,0.0
PT,ORSZ03,TPSZ02,1,3.5929865094989615
PT,AMSZ01,HGSZ04,1,4.344027574087123
PT,HGSZ04,SGSZ06,1,2.9122391170608886
PT,DTSZ05,CLSZ03,1,11.297531072615584
PT,YSSZ03,NVSZ02,1,12.267324191950772
VH,SESZ04,HGSZ02,1,2.9359187963327877
PT,BPSZ04,BKSZ04,1,3.3127502721573756
PT,RCSZ09,BDSZ04,1,9.936189577603995
VH,DTSZ05,BDSZ01,1,8.69598408108096
WK,YSSZ04,YSSZ01,1,0.916928626122495
VH,JESZ02,TSSZ05,1,12.505698090942252
PT,KLSZ08,BMSZ07,1,6.880233576330103
PT,BSSZ01,BMSZ01,1,10.108505777272555
PT,HGSZ04,SESZ04,1,2.350526084196146
WK,YSSZ01,YSSZ04,1,0.916928626122495
PT,BPSZ05,BPSZ06,1,1.0550210048584956
PT,DTSZ08,BDSZ01,1,9.252705276492595
PT,BDSZ03,BDSZ04,1,2.353398647735378
VH,AMSZ01,MUSZ01,1,8.221492632999231
PT,JWSZ09,GLSZ02,1,20.40431221549173
PT,SESZ04,SGSZ05,1,5.870629753458105
PT,YSSZ02,ORSZ02,1,14.770352085047518
PT,NVSZ01,NVSZ01,1,0.0
PT,OTSZ03,SESZ06,1,13.3191473537862
PT,TSSZ05,BLSZ02,1,8.530878933528468
PT,TSSZ05,CKSZ03,1,15.753061136702646
PT,AMSZ10,PGSZ05,1,7.808016116352005
WK,BMSZ04,BMSZ09,1,0.7449494751502973
WK,TPSZ03,TPSZ03,1,0.0
PT,KLSZ02,OTSZ03,1,5.494228514539943
PT,YSSZ09,TPSZ01,1,10.21348607188509
PT,WCSZ01,AMSZ02,1,18.30124076042486
PT,BTSZ06,SGSZ06,1,8.237297308621857
WK,QTSZ05,BMSZ07,1,1.09184867404237
PT,WDSZ03,PNSZ02,1,20.366244296014592
WK,BMSZ04,BMSZ10,1,0.5071977130988468
PT,BTSZ06,BKSZ05,1,5.355356877453587
PT,JWSZ03,DTSZ08,1,16.265849147356636
WK,CKSZ02,CKSZ03,1,1.0663075799099802
PT,BSSZ01,BSSZ01,1,0.0
PT,CKSZ05,CKSZ03,1,0.8338012423978477
PT,BSSZ02,QTSZ11,1,9.986610296096666
PT,WDSZ02,WDSZ06,1,1.786133057081358
PT,QTSZ11,CLSZ04,1,2.6773849448754388
PT,AMSZ07,AMSZ01,1,1.7966809678861542
PT,CKSZ02,TSSZ05,1,15.040998723971484
PT,CKSZ05,YSSZ02,1,11.360177162210382
PT,BMSZ13,BMSZ11,1,2.0624183844822794
VH,TMSZ02,TMSZ02,1,0.0
VH,DTSZ03,KLSZ07,1,2.6458278929371484
VH,QTSZ06,BMSZ01,1,2.9869559379929176
PT,TPSZ06,BDSZ03,1,6.475660536201384
PT,OTSZ04,ORSZ03,1,2.057555206451315
WK,JWSZ09,JWSZ09,1,0.0
VH,HGSZ01,HGSZ03,1,0.989175754475229
PT,DTSZ03,PGSZ03,1,13.004073840473902
PT,QTSZ06,MSSZ01,1,7.084491494383263
PT,CHSZ03,KLSZ05,1,14.843614891148063
PT,WDSZ03,QTSZ11,1,16.394944345426502
PT,DTSZ05,TMSZ04,1,13.084189965658855
PT,MPSZ02,BMSZ12,1,10.7907013286066
PT,SESZ04,WCSZ01,1,22.215729383603126
PT,NVSZ01,WDSZ07,1,15.411837136556676
WK,ORSZ03,ORSZ03,1,0.0
PT,OTSZ01,SESZ03,1,13.447603873203361
PT,GLSZ02,JESZ05,1,15.856077614202519
PT,SGSZ06,BMSZ01,1,11.24835862468767
WK,SESZ06,SESZ04,1,1.4130001556698468
PT,HGSZ05,HGSZ04,1,0.9713078128166454
PT,CKSZ04,BKSZ05,1,3.8525160827821674
PT,JESZ05,TPSZ03,1,11.913754955992149
VH,AMSZ01,BSSZ01,1,2.330062203630164
PT,YSSZ03,TNSZ04,1,13.143654977339054
VH,BDSZ01,HGSZ09,1,2.357827309642936
VH,GLSZ05,BDSZ01,1,2.4185346663004776
PT,BMSZ04,BSSZ03,1,7.873575063122631
VH,WCSZ01,TMSZ02,1,29.231844280037286
VH,WCSZ01,SESZ03,1,23.1412703081827
PT,BDSZ01,HGSZ01,1,4.291431328889583
PT,CLSZ04,BDSZ04,1,18.845586006753344
PT,PRSZ04,PRSZ05,1,1.3355502562312414
PT,TMSZ02,DTSZ12,1,12.987877539760147
PT,PGSZ04,SGSZ04,1,6.101601691667444
PT,BDSZ04,BDSZ03,1,2.353398647735378
PT,YSSZ01,WDSZ01,1,6.0511952007322405
PT,BPSZ04,NVSZ03,1,8.945171247240161
VH,BMSZ07,BMSZ04,1,1.9555381553333073
VH,DTSZ08,BMSZ06,1,3.5211263088091194
WK,SESZ02,SESZ02,1,0.0
PT,BSSZ03,QTSZ06,1,8.359791050698181
WK,BDSZ04,BDSZ06,1,1.3781452505148277
VH,SESZ06,YSSZ09,1,6.448116778096786
PT,GLSZ05,BDSZ04,1,4.4484831020133795
PT,QTSZ11,JWSZ09,1,9.628667024565194
PT,AMSZ01,AMSZ03,1,1.363824475326825
PT,OTSZ03,OTSZ01,1,0.786821750900805
VH,NVSZ02,TMSZ04,1,12.621835099277288
PT,SBSZ01,BSSZ01,1,9.989598082152261
PT,BMSZ01,YSSZ04,1,16.869078979268856
VH,SESZ02,SESZ02,1,0.0
PT,BMSZ04,BMSZ07,1,1.9555381553333073
PT,JWSZ03,JWSZ09,1,2.3719008304684257
PT,GLSZ04,BDSZ04,1,6.095252884793878
PT,PGSZ04,ORSZ01,1,13.790964253161954
PT,YSSZ09,QTSZ08,1,15.432029426406428
WK,GLSZ03,GLSZ05,1,1.4227448334206714
PT,SISZ01,BDSZ04,1,14.842751640854337
WK,WDSZ09,WDSZ09,1,0.0
PT,HGSZ07,BPSZ04,1,12.687212547795015
PT,BTSZ01,JESZ02,1,3.648169091372292
VH,JWSZ09,WCSZ01,1,4.867229736806335
PT,JWSZ09,JWSZ08,1,0.9403575284652649
PT,BDSZ05,BDSZ04,1,2.45621100070819
WK,MPSZ03,MPSZ03,1,0.0
PT,SESZ04,SESZ04,1,0.0
PT,TPSZ01,ORSZ02,1,3.9764216624837263
PT,DTSZ02,YSSZ04,1,14.116828213033369
PT,HGSZ08,SBSZ04,1,14.914012988776655
VH,PGSZ05,DTSZ03,1,13.616189375390887
PT,CKSZ02,AMSZ12,1,11.919687127843158
WK,PGSZ02,PGSZ04,1,1.915966749166938
PT,DTSZ02,CKSZ03,1,15.606636935722744
PT,QTSZ02,AMSZ11,1,11.117067032019621
VH,BDSZ06,PRSZ03,1,5.64142487721362
VH,BDSZ04,BDSZ06,1,1.3781452505148277
PT,SBSZ03,QTSZ14,1,18.943875000758077
WK,TPSZ02,TPSZ01,1,0.9338053167884945
PT,WDSZ01,YSSZ03,1,6.99934131556733
PT,HGSZ04,HGSZ07,1,1.861964617425729
PT,BMSZ01,YSSZ02,1,19.030472492210393
VH,PRSZ02,PRSZ02,1,0.0
WK,KLSZ07,KLSZ06,1,1.0333149912560546
PT,CKSZ02,BKSZ05,1,2.938298637870518
PT,HGSZ05,AMSZ03,1,3.4190774691386325
VH,BMSZ12,BKSZ07,1,9.760624601971198
PT,DTSZ05,GLSZ04,1,4.9780475407465925
WK,QTSZ11,QTSZ11,1,0.0
PT,BKSZ03,ORSZ02,1,11.49520618847122
VH,TMSZ02,CHSZ03,1,5.590892298049903
PT,PRSZ05,DTSZ05,1,15.325189139580806
PT,DTSZ01,YSSZ09,1,14.938191502062736
PT,GLSZ03,CKSZ01,1,16.778648361945
PT,SESZ05,MUSZ01,1,10.786554362552302
PT,OTSZ03,QTSZ02,1,6.285387373884506
PT,MUSZ01,PGSZ04,1,12.946394885041654
PT,DTSZ08,GLSZ04,1,5.544565034141277
VH,BSSZ01,DTSZ11,1,9.388077365406085
PT,CLSZ06,CLSZ04,1,0.7914849055353017
PT,SGSZ07,SGSZ04,1,2.136877766125227
PT,DTSZ11,RVSZ03,1,3.2087073136011965
PT,BDSZ04,CHSZ03,1,7.463238829167281
PT,AMSZ10,BTSZ03,1,9.52219721022724
WK,YSSZ04,YSSZ09,1,1.5998556484110604
PT,PGSZ02,SESZ04,1,2.130427494081623
PT,BKSZ01,QTSZ08,1,8.740422812439041
WK,JWSZ02,JWSZ02,1,0.0
PT,SESZ04,CHSZ03,1,13.490624189202899
VH,TPSZ07,TPSZ03,1,1.3912345289834218
PT,BDSZ04,TMSZ04,1,2.300713819335355
PT,SESZ04,CHSZ03,1,13.490624189202899
WK,SESZ03,SESZ03,1,0.0
PT,WDSZ01,WDSZ08,1,1.942057488219154
PT,BMSZ01,QTSZ03,1,4.310296852561615
PT,ORSZ01,KLSZ01,1,4.449843905505153
PT,WDSZ09,WDSZ09,1,0.0
PT,YSSZ03,JWSZ09,1,18.794562642739166
VH,CLSZ09,HGSZ02,1,17.380823806547493
PT,DTSZ01,AMSZ01,1,8.25051431983638
WK,BMSZ16,OTSZ03,1,0.9913655462558489
PT,SBSZ04,TPSZ02,1,14.231724158540247
VH,JWSZ09,QTSZ12,1,11.773430500967176
PT,BDSZ04,BDSZ06,1,1.3781452505148277
PT,DTSZ08,HGSZ03,1,12.126539078811113
VH,WDSZ02,WDSZ02,1,0.0
VH,SBSZ02,SBSZ01,1,1.0177521225222945
PT,BMSZ07,CKSZ01,1,12.100434421155919
PT,HGSZ03,HGSZ02,1,0.7511726210026585
PT,QTSZ12,BDSZ02,1,16.07558697325516
PT,GLSZ03,JWSZ04,1,19.503259934800006
WK,TPSZ02,TPSZ06,1,1.4767044789646766
WK,JESZ03,JESZ05,1,0.6185017999780152
PT,JESZ05,JESZ08,1,2.029575303902238
PT,JWSZ02,TPSZ03,1,15.401425277058332
PT,KLSZ01,DTSZ10,1,5.7601185632412335
PT,MUSZ03,BTSZ04,1,7.896501933580376
PT,PGSZ03,CHSZ03,1,13.099665252929867
PT,NVSZ02,DTSZ02,1,3.0297851622873107
WK,BPSZ05,BPSZ05,1,0.0
PT,QTSZ01,CLSZ04,1,2.416685178068525
WK,BMSZ07,QTSZ05,1,1.09184867404237
PT,CLSZ04,TPSZ02,1,8.935046298013258
PT,BKSZ05,HGSZ04,1,13.703424969915577
PT,HGSZ06,HGSZ07,1,0.9450377036360438
PT,BMSZ02,PGSZ04,1,16.22317684970839
PT,BTSZ01,SESZ03,1,15.240104800070947
VH,BMSZ05,SESZ03,1,14.27805894835435
PT,PGSZ05,HGSZ08,1,7.06709033941901
PT,BDSZ02,BDSZ06,1,2.895425489189158
PT,PGSZ05,NTSZ05,1,13.174942302561272
PT,OTSZ03,BKSZ02,1,14.06430925349622
PT,CKSZ04,BKSZ01,1,2.3754313721632516
WK,AMSZ09,AMSZ09,1,0.0
VH,BDSZ02,BDSZ04,1,1.517590146979497
PT,TSSZ03,JWSZ03,1,8.177726258945059
PT,BMSZ01,KLSZ07,1,6.4571748326313845
PT,ORSZ03,GLSZ03,1,7.147436304676329
PT,DTSZ02,HGSZ06,1,8.414424516469229
PT,YSSZ09,TNSZ02,1,14.935705425217026
VH,SESZ03,TMSZ04,1,8.440538607364859
VH,TMSZ05,BDSZ05,1,5.643999288688934
PT,HGSZ04,HGSZ06,1,1.3155617892005385
PT,JESZ05,JWSZ03,1,3.042266158318978
PT,AMSZ02,DTSZ03,1,9.013382845063973
PT,CKSZ01,QTSZ08,1,10.105558324590984
PT,BDSZ01,TPSZ03,1,6.688885352502466
PT,KLSZ08,KLSZ03,1,0.763440516767363
PT,JESZ02,KLSZ06,1,13.772663115035689
PT,QTSZ06,QTSZ06,1,0.0
PT,SBSZ04,WDSZ06,1,4.953546875555304
PT,WDSZ06,DTSZ08,1,19.445054707966346
WK,BDSZ04,BDSZ04,1,0.0
VH,CLSZ04,QTSZ08,1,3.472750972588419
WK,BTSZ01,BTSZ01,1,0.0
PT,CLSZ06,DTSZ11,1,10.724097390822868
PT,BSSZ01,BSSZ01,1,0.0
PT,CLSZ07,QTSZ13,1,2.343334413143765
PT,YSSZ04,QTSZ08,1,14.343949148830461
PT,BKSZ06,BKSZ07,1,0.9082341190430384
WK,BDSZ06,BDSZ06,1,0.0
PT,DTSZ11,PGSZ05,1,15.588057467208834
PT,MPSZ03,ORSZ02,1,8.343421249983441
PT,BDSZ08,GLSZ03,1,6.049044377589546
VH,CKSZ01,CHSZ03,1,27.62603286021731
PT,TPSZ09,DTSZ08,1,6.3315139595251
VH,PRSZ02,NVSZ02,1,12.776079835727629
VH,JWSZ08,BKSZ05,1,7.772856988410621
VH,TMSZ05,TMSZ03,1,4.262471447978868
PT,DTSZ01,PGSZ03,1,12.383021718054326
WK,QTSZ11,QTSZ11,1,0.0
VH,HGSZ06,TMSZ03,1,6.348857436820739
PT,TPSZ02,DTSZ11,1,6.374750384603541
WK,SESZ06,SESZ06,1,0.0
PT,SESZ03,SESZ03,1,0.0
VH,RCSZ03,DTSZ01,1,0.7323891344173754
PT,AMSZ08,TSSZ05,1,23.66885079172888
PT,OTSZ03,PRSZ03,1,15.465190727565155
PT,PGSZ05,QTSZ10,1,18.524589717768592
VH,AMSZ05,NVSZ02,1,5.6177942120779925
PT,HGSZ04,SESZ05,1,1.3406852272539105
WK,NVSZ01,NVSZ01,1,0.0
VH,DTSZ05,BTSZ05,1,7.268507621429273
PT,WDSZ04,SKSZ01,1,3.875658289774614
PT,BMSZ08,BMSZ14,1,1.0887215762005331
PT,PGSZ04,SESZ03,1,1.5480541741474918
PT,YSSZ05,QTSZ08,1,13.765749256553715
PT,DTSZ05,PGSZ04,1,14.043313969234429
PT,BMSZ04,NVSZ01,1,5.342165447753788
VH,CKSZ06,CKSZ03,1,1.7431883026562554
PT,CKSZ05,JWSZ05,1,7.388230791542123
PT,PRSZ03,YSSZ08,1,14.210204781752221
VH,TPSZ01,BMSZ06,1,5.812886126861127
PT,BPSZ03,MDSZ02,1,6.591593892076856
VH,JWSZ09,JWSZ03,1,2.3719008304684257
PT,WDSZ02,WDSZ03,1,1.1650477156252987
PT,PGSZ02,PGSZ04,1,1.915966749166938
WK,SGSZ04,SGSZ04,1,0.0
VH,SGSZ06,BSSZ03,1,1.9817878572778096
WK,BMSZ12,BMSZ13,1,0.6201357450343996
VH,TSSZ05,CKSZ01,1,16.194803656938973
WK,PRSZ03,PRSZ03,1,0.0
PT,PRSZ06,BMSZ15,1,19.877346204761622
PT,GLSZ03,BSSZ01,1,7.798564319431029
WK,DTSZ02,DTSZ02,1,0.0
PT,BKSZ01,CLSZ01,1,4.175494080308019
VH,SGSZ06,BDSZ04,1,7.65814359492801
PT,YSSZ03,NVSZ02,1,12.267324191950772
VH,DTSZ05,YSSZ05,1,13.947071888206366
PT,QTSZ04,BMSZ03,1,2.7321996277432494
VH,BPSZ01,CKSZ03,1,1.435952588366033
PT,SESZ06,BMSZ01,1,15.705705817058234
PT,YSSZ03,AMSZ12,1,4.998114463022651
PT,BMSZ10,BMSZ07,1,2.4571961603528027
PT,DTSZ03,SBSZ03,1,17.80382501256505
PT,BDSZ04,TNSZ01,1,12.549098079465058
VH,CHSZ03,PRSZ02,1,7.678648832534633
VH,KLSZ06,TPSZ09,1,2.5755926390047383
VH,AMSZ01,SESZ06,1,4.135723879499389
PT,JESZ05,JESZ05,1,0.0
PT,PGSZ05,BMSZ01,1,18.53828567606685
PT,BMSZ05,GLSZ05,1,8.202271023535168
PT,SGSZ06,SLSZ01,1,6.701784518097693
PT,BMSZ02,BKSZ02,1,11.920401304565363
WK,DTSZ11,DTSZ05,1,0.908422071335141
PT,KLSZ07,ORSZ02,1,2.178958481989134
VH,SESZ03,SBSZ01,1,9.639059030515519
VH,BDSZ02,BDSZ02,1,0.0
PT,DTSZ05,DTSZ05,1,0.0
PT,CLSZ04,JESZ05,1,3.174817557630327
VH,ORSZ01,QTSZ05,1,2.133037229525851
PT,DTSZ05,RVSZ05,1,1.8881059079401241
PT,DTSZ03,DTSZ08,1,1.9011866811956655
VH,GLSZ05,BMSZ05,1,8.202271023535168
PT,DTSZ03,BMSZ13,1,5.898937410655873
PT,BTSZ01,RCSZ01,1,9.508851849711947
PT,JESZ02,JWSZ03,1,2.239129351908452
PT,TMSZ02,TMSZ02,1,0.0
VH,CKSZ05,CKSZ04,1,1.7027735496811247
PT,OTSZ04,QTSZ06,1,4.957143630646704
PT,PGSZ04,PGSZ04,1,0.0
PT,AMSZ04,SGSZ06,1,2.8672758218120213
PT,CKSZ03,HGSZ08,1,16.22219162027956
VH,BDSZ02,BDSZ04,1,1.517590146979497
PT,BMSZ08,BMSZ04,1,0.59386186624026
PT,BKSZ02,PNSZ01,1,8.6593343828901
PT,BKSZ07,GLSZ01,1,14.188969834335996
VH,OTSZ03,DTSZ01,1,2.5354518837554263
PT,OTSZ04,BSSZ03,1,7.308106732840621
PT,JWSZ03,BTSZ01,1,5.769419056498265
VH,BDSZ07,TMSZ04,1,4.828542881739271
PT,WDSZ02,WDSZ09,1,1.696465635892577
VH,OTSZ03,OTSZ03,1,0.0
VH,TMSZ05,SESZ03,1,10.538548085933986
VH,SESZ02,TMSZ04,1,7.543149878670501
PT,SESZ04,TPSZ06,1,7.2564598252668855
PT,JESZ05,BKSZ04,1,2.7771039950305636
PT,QTSZ08,BSSZ02,1,8.64581173081145
PT,GLSZ04,CLSZ04,1,12.970861156760447
PT,BDSZ05,AMSZ08,1,12.99732690304617
PT,BPSZ01,JESZ05,1,6.218706863920404
VH,WCSZ01,CKSZ06,1,6.791652845318785
PT,NTSZ03,RCSZ01,1,1.529077426147733
WK,DTSZ02,DTSZ03,1,0.7315950200170801
PT,BTSZ03,QTSZ08,1,3.3076519889251204
PT,WDSZ09,WDSZ04,1,2.7690156205697916
PT,BKSZ07,JWSZ08,1,6.184790405541724
PT,BMSZ13,BMSZ12,1,0.6201357450343996
VH,BSSZ02,DTSZ02,1,6.9468318606418515
PT,BMSZ01,JWSZ02,1,14.260519517821443
WK,KLSZ01,KLSZ01,1,0.0
WK,JESZ05,JESZ05,1,0.0
PT,TMSZ02,TMSZ02,1,0.0
PT,TMSZ02,OTSZ03,1,14.542266359955034
WK,ORSZ03,ORSZ03,1,0.0
PT,HGSZ06,JESZ05,1,15.695427831534024
PT,JWSZ04,DTSZ05,1,15.495816355124653
PT,WDSZ02,YSSZ09,1,4.494710631795676
VH,JWSZ03,BLSZ03,1,5.098713423436152
PT,ORSZ02,JESZ04,1,11.645038441921463
PT,MPSZ03,MDSZ02,1,17.336450093892957
VH,PGSZ04,HGSZ02,1,3.1452211161135732
PT,RCSZ01,TMSZ04,1,11.854053939989903
VH,BKSZ05,DTSZ05,1,12.557889033034076
PT,AMSZ09,SESZ03,1,6.5075779066363015
PT,TMSZ03,GLSZ05,1,5.460103820270141
PT,DTSZ02,BMSZ08,1,3.4755299291388067
PT,CHSZ03,TMSZ05,1,4.074897271192548
PT,OTSZ03,BDSZ04,1,11.697349354766779
PT,ORSZ02,OTSZ03,1,3.0833573960419685
PT,SBSZ01,RCSZ10,1,16.612720809619912
PT,GLSZ02,BDSZ02,1,4.784435923797726
PT,BPSZ05,KLSZ09,1,13.696076613548126
PT,BPSZ06,DTSZ11,1,13.64574277044222
VH,OTSZ01,SESZ05,1,12.388331799757875
PT,BSSZ03,GLSZ05,1,6.2265683692297955
PT,SBSZ04,AMSZ01,1,9.983781859746369
PT,QTSZ14,AMSZ09,1,12.588690602787565
VH,WDSZ09,WDSZ03,1,2.578784998326383
PT,JESZ08,QTSZ12,1,6.41259185403386
PT,BPSZ05,BMSZ05,1,13.124863868262093
PT,BSSZ03,BMSZ02,1,8.45539766883654
WK,QTSZ08,QTSZ04,1,0.7115463539517966
PT,JESZ05,BKSZ04,1,2.7771039950305636
PT,DTSZ03,BKSZ07,1,13.661345009430862
PT,CKSZ01,JESZ05,1,5.558152501454506
PT,WDSZ01,WDSZ03,1,1.9549224562619225
WK,ORSZ03,ORSZ03,1,0.0
PT,TMSZ02,BDSZ04,1,3.1599829379376176
PT,TPSZ06,BSSZ01,1,3.7352266707219957
PT,TMSZ03,BDSZ04,1,2.01283224519501
PT,JESZ01,BDSZ05,1,21.253931528832577
PT,TPSZ02,CKSZ01,1,11.497633105123192
PT,JWSZ09,BMSZ09,1,15.331917173430037
PT,HGSZ04,HGSZ04,1,0.0
PT,YSSZ02,JESZ05,1,15.765779768043569
PT,CKSZ03,AMSZ12,1,11.756676495156556
PT,HGSZ07,HGSZ06,1,0.9450377036360438
PT,QTSZ08,DTSZ10,1,6.443914992387529
PT,KLSZ06,SRSZ01,1,3.277407211613247
PT,NVSZ02,BKSZ08,1,10.106208972859768
PT,RCSZ09,BMSZ14,1,4.384898772181638
VH,CKSZ02,CKSZ03,1,1.0663075799099802
PT,HGSZ01,SESZ05,1,1.7020652950167057
PT,SESZ03,SESZ06,1,2.3877316708630167
WK,PRSZ04,PRSZ03,1,1.1729449925550546
VH,YSSZ05,YSSZ05,1,0.0
PT,YSSZ03,WDSZ02,1,6.263472399796231
VH,PGSZ05,NVSZ01,1,11.001769668081451
PT,KLSZ03,JWSZ08,1,19.99692266555849
PT,WDSZ06,SVSZ01,1,20.66295729387339
PT,QTSZ06,QTSZ11,1,2.972517468488324
PT,GLSZ05,RCSZ05,1,4.596669126026628
WK,DTSZ03,DTSZ03,1,0.0
PT,DTSZ05,BSSZ01,1,8.481903812394235
PT,PGSZ04,KLSZ05,1,11.180393992702639
VH,BMSZ02,BMSZ07,1,1.1725078205385278
VH,CKSZ03,CLSZ04,1,7.748648521561396
PT,TPSZ02,SGSZ06,1,3.5040671156653205
PT,JESZ08,BKSZ05,1,5.088656320469565
PT,BTSZ02,WCSZ01,1,12.30118739905243
PT,BKSZ02,BKSZ05,1,1.9357399965703261
PT,KLSZ08,DTSZ08,1,4.351820384415983
WK,JWSZ04,JWSZ04,1,0.0
VH,AMSZ03,GLSZ03,1,5.9620289931473565
VH,TMSZ03,BDSZ01,1,3.2680309470558733
VH,BSSZ02,QTSZ14,1,10.203393502018669
PT,DTSZ05,ORSZ02,1,3.161833222093884
VH,PGSZ05,DTSZ01,1,13.096272018169502
PT,CLSZ06,SKSZ04,1,11.301342203410849
WK,WDSZ01,WDSZ01,1,0.0
PT,BSSZ01,HGSZ08,1,6.342873742591658
PT,JWSZ08,GLSZ03,1,22.48294839891463
PT,MUSZ01,SBSZ01,1,16.599882400709426
WK,YSSZ03,YSSZ01,1,1.0015506147644606
VH,MPSZ03,MPSZ02,1,0.7646729806688193
VH,AMSZ03,DTSZ02,1,7.991785056361302
PT,DTSZ05,TPSZ02,1,5.46832811275028
VH,TSSZ04,JWSZ09,1,6.90751126291903
PT,BDSZ06,KLSZ08,1,8.829036913784593
PT,JWSZ08,PNSZ01,1,2.712860058118819
PT,SESZ05,DTSZ05,1,12.055965246579374
PT,BPSZ04,BSSZ01,1,6.7992854397716815
PT,QTSZ11,DTSZ09,1,8.01864571183952
VH,JWSZ09,JWSZ08,1,0.9403575284652649
PT,JESZ05,TSSZ03,1,10.18895030389318
VH,CKSZ04,CKSZ02,1,0.9700113114439944
PT,PGSZ04,CHSZ03,1,11.286585249190114
PT,MPSZ03,SBSZ01,1,18.18000840548554
PT,BMSZ15,BMSZ01,1,1.3582854437845964
PT,BPSZ05,QTSZ14,1,11.38190614030116
VH,WDSZ05,TMSZ04,1,21.85074443141612
VH,BMSZ01,QTSZ03,1,4.310296852561615
VH,HGSZ04,MPSZ01,1,8.016138850381527
VH,BMSZ09,QTSZ11,1,6.025705414054637
WK,MPSZ03,MPSZ03,1,0.0
PT,BDSZ04,BDSZ03,1,2.353398647735378
VH,DTSZ03,BPSZ05,1,13.978662509460536
PT,TMSZ02,TPSZ06,1,10.481968959253626
VH,BMSZ13,BMSZ04,1,2.1574266924640133
PT,YSSZ09,YSSZ01,1,0.8885412780857345
PT,BDSZ04,BDSZ06,1,1.3781452505148277
WK,BDSZ04,BDSZ04,1,0.0
WK,WDSZ03,WDSZ03,1,0.0
VH,BSSZ02,BSSZ02,1,0.0
PT,AMSZ02,OTSZ03,1,10.377469699866097
VH,TMSZ04,PRSZ03,1,3.554865866429268
PT,DTSZ08,TMSZ02,1,14.16091343269169
PT,BTSZ01,DTSZ01,1,10.33093963094622
PT,YSSZ08,TMSZ04,1,16.373505649334653
PT,RCSZ10,SESZ03,1,11.366051673463458
PT,BMSZ14,BMSZ14,1,0.0
PT,AMSZ04,JWSZ09,1,16.511419078567805
PT,TPSZ03,JWSZ02,1,15.401425277058332
PT,WDSZ06,WDSZ06,1,0.0
PT,BDSZ04,BSSZ03,1,9.476479335513154
WK,PGSZ03,PGSZ03,1,0.0
PT,KLSZ06,DTSZ11,1,3.9791706367494584
PT,BDSZ01,GLSZ01,1,3.8730448708848235
PT,OTSZ02,BMSZ09,1,1.4100663925419648
PT,HGSZ07,HGSZ05,1,2.7559690341873533
PT,BDSZ04,YSSZ09,1,16.1763210369897
WK,TPSZ03,TPSZ01,1,0.8691238760750586
PT,QTSZ11,BKSZ03,1,7.656767737660961
WK,MUSZ03,MUSZ01,1,0.554360394562012
PT,WDSZ02,YSSZ01,1,5.3328095796004815
PT,DTSZ11,KLSZ01,1,5.278999957438635
PT,RCSZ10,RCSZ09,1,0.3223286417245204
PT,BMSZ12,YSSZ03,1,16.74164009102239
PT,ORSZ02,OTSZ02,1,2.7197464116783547
VH,NVSZ02,HGSZ05,1,8.254415762686026
PT,GLSZ02,MPSZ03,1,3.693714375224264
PT,SESZ04,DTSZ08,1,13.63427562127103
PT,CKSZ05,RCSZ01,1,14.946608105330991
PT,TMSZ03,GLSZ03,1,4.8562189729965235
PT,JESZ05,CKSZ05,1,6.61088102296615
PT,PRSZ05,PRSZ03,1,1.3236940820239511
VH,SBSZ03,KLSZ01,1,14.651263490617529
WK,YSSZ02,YSSZ01,1,1.2670184364300072
PT,DTSZ08,JWSZ09,1,17.690330701460272
PT,BMSZ04,BMSZ10,1,0.5071977130988468
PT,QTSZ08,SESZ04,1,15.2786089603582
PT,JWSZ08,QTSZ11,1,10.568936853921048
PT,JWSZ09,QTSZ10,1,9.508178493673038
PT,YSSZ03,AMSZ11,1,3.803598991050213
WK,SESZ06,SESZ06,1,0.0
PT,JESZ05,JWSZ03,1,3.042266158318978
PT,DTSZ01,BTSZ01,1,10.33093963094622
PT,BMSZ09,BMSZ02,1,1.5689219202083913
VH,SGSZ06,QTSZ11,1,12.183856278019633
PT,JWSZ08,JWSZ02,1,1.8144938485280424
VH,BKSZ03,JWSZ09,1,4.782552001165041
PT,PGSZ02,OTSZ01,1,15.366202927176555
PT,WDSZ03,SESZ05,1,11.620815167196929
PT,CLSZ09,SBSZ03,1,16.91028967259142
WK,BDSZ04,BDSZ04,1,0.0
WK,YSSZ09,YSSZ09,1,0.0
PT,JWSZ01,BKSZ03,1,3.904076255139412
PT,DTSZ02,BDSZ03,1,7.8194368545161606
PT,OTSZ03,BMSZ01,1,3.5711825897935023
PT,SESZ02,BMSZ01,1,16.675826111494086
PT,YSSZ01,YSSZ03,1,1.0015506147644606
PT,BDSZ01,RCSZ01,1,7.0274335037811
PT,CKSZ02,ORSZ02,1,12.345944112139145
PT,GLSZ05,MPSZ03,1,1.8762855558336555
PT,WDSZ07,NVSZ01,1,15.411837136556676
PT,DTSZ11,BDSZ02,1,10.896515773551181
WK,NVSZ01,NVSZ01,1,0.0
PT,CLSZ04,QTSZ11,1,2.6773849448754388
VH,PGSZ04,CHSZ03,1,11.286585249190114
PT,SESZ03,OTSZ03,1,13.787593091207889
WK,ORSZ02,ORSZ02,1,0.0
PT,PGSZ04,SRSZ02,1,13.841360359698912
PT,PGSZ04,OTSZ01,1,14.525004708992519
WK,OTSZ03,OTSZ04,1,0.6061735841782084
PT,DTSZ02,SGSZ07,1,6.578490648626257
WK,BDSZ04,BDSZ04,1,0.0
PT,QTSZ10,BMSZ04,1,5.700027178065489
PT,WDSZ06,DTSZ05,1,19.037537970004106
VH,TMSZ02,TMSZ05,1,3.4331063209557158
VH,NVSZ02,TMSZ04,1,12.621835099277288
PT,BMSZ07,YSSZ01,1,15.789739143072927
PT,CKSZ06,ORSZ02,1,14.17125009684275
PT,GLSZ04,AMSZ06,1,8.181968741844988
PT,DTSZ05,BKSZ09,1,12.133937797708915
PT,PNSZ02,JWSZ09,1,4.610065908926152
PT,SESZ06,SESZ04,1,1.4130001556698468
PT,RVSZ05,DTSZ02,1,1.750265884552552
VH,WDSZ03,WDSZ02,1,1.1650477156252987
PT,JWSZ03,CKSZ02,1,4.0084570157382435
PT,KLSZ08,PRSZ04,1,12.350182505769851
PT,QTSZ14,QTSZ10,1,3.3685129108804035
PT,BPSZ04,WDSZ06,1,6.712605557340437
PT,CHSZ03,BDSZ05,1,9.659086579636442
PT,OTSZ04,JWSZ09,1,17.248424609363386
PT,PRSZ06,PRSZ05,1,1.5530249316779439
VH,SBSZ03,SBSZ04,1,1.203473776478544
PT,BPSZ04,TSSZ05,1,17.792197887131532
PT,JWSZ09,WDSZ07,1,15.05443826276292
PT,MPSZ01,BDSZ07,1,4.018934156079275
PT,BDSZ05,DTSZ02,1,7.878994012636982
PT,KLSZ06,GLSZ02,1,3.431268254145009
VH,WCSZ01,SESZ03,1,23.1412703081827
PT,HGSZ06,HGSZ07,1,0.9450377036360438
PT,WDSZ03,CHSZ03,1,24.474051696288676
PT,WDSZ06,CKSZ04,1,7.661728245837177
PT,AMSZ02,KLSZ08,1,6.641887494850517
PT,SESZ04,DTSZ05,1,13.022712014626789
PT,BDSZ04,PRSZ05,1,5.003038737292719
PT,DTSZ11,CKSZ03,1,16.83680416961772
PT,ORSZ02,BMSZ01,1,4.590781309617184
WK,CKSZ04,CKSZ03,1,1.1832660105867163
VH,BSSZ03,AMSZ01,1,2.6428834485863506
VH,BKSZ08,BKSZ05,1,1.013338466632539
PT,SESZ02,PRSZ03,1,5.075728226075026
PT,JWSZ09,JWSZ09,1,0.0
PT,SRSZ01,BMSZ04,1,1.3952822686397375
VH,JWSZ08,JWSZ09,1,0.9403575284652649
PT,SESZ04,BPSZ05,1,13.82250390288601
PT,AMSZ02,BSSZ01,1,2.9462929613040005
VH,CKSZ06,QTSZ10,1,11.324433272789664
PT,CKSZ06,KLSZ08,1,16.23156834042076
PT,PGSZ03,MUSZ01,1,12.905263215472523
PT,BMSZ01,QTSZ08,1,4.129310016301148
PT,PLSZ04,TMSZ04,1,6.405838387247936
WK,DTSZ03,DTSZ02,1,0.7315950200170801
PT,BDSZ01,DTSZ02,1,7.894015146653577
PT,BDSZ06,DTSZ11,1,11.437537142795163
VH,OTSZ03,BDSZ08,1,12.26124033820834
PT,PRSZ03,GLSZ05,1,8.244202320945124
PT,BSSZ01,QTSZ14,1,9.839706909880455
WK,DTSZ05,OTSZ03,1,0.9139879414915537
VH,BDSZ04,TMSZ02,1,3.1599829379376176
PT,TPSZ02,QTSZ08,1,7.204328510366785
VH,TMSZ02,TMSZ03,1,1.8211342041293208
PT,DTSZ02,OTSZ03,1,1.7409696556681997
PT,KLSZ08,BMSZ09,1,4.74702191133484
PT,SGSZ04,SGSZ06,1,1.2504688104488453
VH,YSSZ01,YSSZ05,1,2.181737820747567
PT,BMSZ04,PGSZ02,1,16.195636083738027
WK,OTSZ03,OTSZ04,1,0.6061735841782084
PT,TMSZ04,PRSZ05,1,3.1920390301266366
PT,PGSZ05,DTSZ08,1,15.47638357980494
PT,QTSZ14,BPSZ04,1,11.295189018526676
PT,OTSZ03,BDSZ02,1,11.358412655981361
PT,GLSZ04,DTSZ02,1,4.173340799230519
PT,YSSZ08,ORSZ02,1,12.531096592214181
PT,KLSZ08,CKSZ02,1,14.889218431671743
WK,BMSZ13,BMSZ13,1,0.0
PT,WDSZ01,WDSZ03,1,1.9549224562619225
VH,SGSZ04,ORSZ02,1,7.419561474361161
PT,SGSZ07,KLSZ09,1,5.300484082225891
PT,KLSZ01,KLSZ01,1,0.0
PT,HGSZ07,GLSZ01,1,3.6385724318861623
PT,WDSZ06,YSSZ02,1,6.931176162459793
PT,PGSZ04,KLSZ02,1,9.317968932150439
PT,DTSZ05,SESZ03,1,13.069669426129714
PT,RCSZ05,YSSZ09,1,14.680730284436104
VH,BPSZ01,BPSZ03,1,1.1920001600727563
WK,OTSZ04,DTSZ05,1,0.4639636126665308
PT,HGSZ04,HGSZ01,1,0.7566664343295557
PT,CKSZ05,JESZ05,1,6.61088102296615
PT,QTSZ14,TMSZ04,1,19.055894074186863
PT,JESZ05,HGSZ08,1,16.155775469203476
PT,YSSZ08,AMSZ10,1,4.103593760269681
PT,ORSZ02,BMSZ01,1,4.590781309617184
PT,OTSZ03,JESZ03,1,12.592601002454797
VH,OTSZ03,CHSZ03,1,19.022195550719072
PT,HGSZ05,BMSZ05,1,12.410135860186537
VH,BDSZ04,QTSZ14,1,16.781182620540182
WK,BTSZ01,BTSZ01,1,0.0
PT,DTSZ11,DTSZ03,1,1.9734046899979458
PT,BDSZ04,BTSZ01,1,18.300948000654763
PT,SBSZ01,AMSZ01,1,8.484038622808013
WK,DTSZ05,DTSZ05,1,0.0
PT,YSSZ05,OTSZ04,1,13.863091011874985
PT,BTSZ01,TMSZ05,1,21.979371095661232
WK,DTSZ05,DTSZ05,1,0.0
PT,NTSZ03,SGSZ04,1,6.487674305578646
PT,BTSZ05,TMSZ03,1,14.300439783067429
VH,KLSZ07,AMSZ02,1,6.574889365519548
PT,WDSZ03,WDSZ03,1,0.0
PT,ORSZ02,TPSZ06,1,4.53650174332677
PT,KLSZ08,BSSZ01,1,6.092089799929383
VH,BKSZ05,BTSZ01,1,2.1505630256045407
VH,NVSZ01,QTSZ11,1,8.904442299978603
PT,TPSZ06,BMSZ06,1,6.530718291777953
PT,BMSZ08,OTSZ03,1,2.4940967415170197
VH,CKSZ06,YSSZ04,1,10.184201632921955
PT,DTSZ11,TMSZ02,1,14.048301207762186
PT,BSSZ02,PGSZ05,1,9.354393337148968
PT,TPSZ06,CLSZ07,1,10.677071337625495
PT,DTSZ05,MPSZ03,1,6.637872214589594
VH,BDSZ04,BDSZ04,1,0.0
PT,YSSZ09,BTSZ05,1,11.18548002727232
WK,BDSZ02,BDSZ02,1,0.0
VH,TPSZ02,TPSZ02,1,0.0
PT,QTSZ08,WDSZ02,1,15.752865950344395
PT,AMSZ01,HGSZ04,1,4.344027574087123
PT,BDSZ01,DTSZ01,1,7.198733169378263
PT,ORSZ02,PGSZ03,1,12.978632787671925
PT,SGSZ04,QTSZ08,1,11.048009930792105
PT,JWSZ02,ORSZ02,1,14.228800412231289
VH,CKSZ05,AMSZ10,1,11.110137851832945
VH,BDSZ04,DTSZ01,1,9.548239775598132
VH,KLSZ03,KLSZ08,1,0.763440516767363
PT,HGSZ01,QTSZ14,1,14.85739062711839
PT,BPSZ01,QTSZ08,1,10.347555143250476
WK,GLSZ05,GLSZ05,1,0.0
PT,SESZ06,YSSZ09,1,6.448116778096786
PT,TMSZ03,TMSZ02,1,1.8211342041293208
PT,CKSZ01,BPSZ05,1,1.4108989462238801
PT,BDSZ05,BDSZ05,1,0.0
PT,TMSZ01,TMSZ04,1,3.294722840679154
PT,QTSZ08,BKSZ08,1,6.779052893919564
WK,YSSZ09,YSSZ09,1,0.0
PT,OTSZ03,QTSZ08,1,6.1905751342633355
PT,BDSZ05,BDSZ04,1,2.45621100070819
PT,CHSZ03,BDSZ04,1,7.463238829167281
VH,HGSZ07,BSSZ01,1,6.039573733691512
PT,WDSZ06,WDSZ09,1,1.5712668037671202
PT,CKSZ02,KLSZ06,1,14.44396711332441
VH,WDSZ03,WDSZ01,1,1.9549224562619225
PT,BKSZ07,BTSZ01,1,2.606142587234807
PT,BMSZ16,PGSZ02,1,16.581641912566777
PT,PLSZ01,BSSZ03,1,8.497649689370911
VH,HGSZ07,NVSZ02,1,6.532715006801925
VH,BKSZ06,QTSZ08,1,7.711069608933311
PT,AMSZ02,DTSZ09,1,10.805696849153358
PT,NVSZ02,CLSZ04,1,8.434803783728732
PT,BMSZ09,SESZ06,1,12.799884796489874
PT,TMSZ04,TMSZ01,1,3.294722840679154
PT,MPSZ03,PRSZ03,1,8.911983403702775
WK,WDSZ06,WDSZ06,1,0.0
PT,NTSZ03,DTSZ08,1,3.836832983414976
WK,JESZ01,JESZ01,1,0.0
PT,DTSZ06,QTSZ08,1,7.2111277918522925
WK,BMSZ16,BMSZ16,1,0.0
PT,CKSZ01,CKSZ01,1,0.0
VH,HGSZ03,HGSZ01,1,0.989175754475229
PT,AMSZ09,SESZ03,1,6.5075779066363015
PT,SGSZ06,SGSZ04,1,1.2504688104488453
PT,SGSZ04,KLSZ08,1,5.412457222068659
PT,DTSZ01,BMSZ04,1,3.655407303471193
PT,NVSZ03,BMSZ08,1,4.219704150827928
PT,SGSZ04,HGSZ05,1,2.6156292407312476
VH,BPSZ05,BSSZ02,1,9.066142867791703
PT,BTSZ01,BKSZ01,1,3.826619940296981
PT,BSSZ02,SESZ07,1,5.008217231550874
VH,BSSZ02,DTSZ08,1,8.430938438789603
PT,OTSZ01,SESZ06,1,12.861026045873185
PT,PRSZ03,QTSZ13,1,20.937574850432718
PT,GLSZ03,AMSZ09,1,8.513158107861722
PT,YSSZ01,CKSZ04,1,12.203245189339789
VH,YSSZ09,CKSZ03,1,10.592362928045922
PT,DTSZ01,ORSZ03,1,1.9111558962533812
PT,OTSZ03,SESZ02,1,13.774337455155205
WK,BPSZ04,BPSZ05,1,0.9043775472896666
PT,YSSZ09,SESZ06,1,6.448116778096786
PT,SESZ06,TPSZ03,1,6.77158326793151
VH,SGSZ01,DTSZ01,1,9.447010244647979
PT,BDSZ06,DTSZ01,1,10.149008187409153
PT,BDSZ06,CHSZ03,1,6.900932907316341
WK,SESZ03,SESZ03,1,0.0
PT,PGSZ03,DTSZ05,1,14.18388242171516
PT,AMSZ10,GLSZ03,1,8.365420033343753
PT,BDSZ01,OTSZ03,1,9.583988973732296
WK,CLSZ06,CLSZ04,1,0.7914849055353017
PT,QTSZ14,WDSZ02,1,18.05058590847695
PT,SGSZ06,SGSZ04,1,1.2504688104488453
PT,BPSZ06,DTSZ11,1,13.64574277044222
PT,TMSZ04,ORSZ03,1,13.525313329094072
PT,PNSZ02,JESZ03,1,8.93552725029862
PT,RCSZ09,NVSZ01,1,2.6141635295055043
PT,JWSZ03,QTSZ11,1,8.60465829032032
VH,DTSZ05,SGSZ07,1,7.5640282889559165
WK,BMSZ04,BMSZ04,1,0.0
PT,BMSZ04,GLSZ03,1,9.263030609786789
PT,DTSZ03,AMSZ04,1,8.26838607555077
VH,HGSZ07,HGSZ04,1,1.861964617425729
VH,AMSZ02,BDSZ04,1,10.249391539235045
VH,TMSZ04,TMSZ02,1,1.5608180588962757
PT,QTSZ08,OTSZ03,1,6.1905751342633355
PT,BSSZ02,TNSZ01,1,5.048780726952571
VH,GLSZ01,GLSZ05,1,2.6624688664240295
WK,CLSZ04,CLSZ04,1,0.0
VH,KLSZ01,DTSZ01,1,2.6442884766553574
WK,YSSZ04,YSSZ04,1,0.0
VH,TMSZ02,PRSZ03,1,1.9941353644937028
PT,QTSZ08,WDSZ02,1,15.752865950344395
WK,JESZ03,JESZ03,1,0.0
PT,JWSZ02,GLSZ04,1,19.482742605213843
PT,PGSZ02,HGSZ03,1,3.6661551008510513
PT,TNSZ04,QTSZ11,1,4.5370292655279085
VH,BSSZ03,BSSZ02,1,1.034011091901759
VH,BMSZ04,JWSZ03,1,13.851425014428454
PT,BPSZ05,CLSZ09,1,7.6581650562662285
VH,QTSZ11,CLSZ06,1,2.335706003322094
PT,WDSZ01,TPSZ03,1,13.084144583460969
PT,YSSZ03,YSSZ09,1,1.7688742052165112
PT,AMSZ02,NVSZ05,1,5.148665728650164
PT,BDSZ07,QTSZ11,1,16.769294207217236
PT,TMSZ05,YSSZ09,1,19.077951637320247
PT,CHSZ03,QTSZ01,1,24.078716118520067
PT,BPSZ07,BPSZ05,1,2.809728018899632
WK,ORSZ03,ORSZ02,1,0.8534670569351773
WK,AMSZ03,AMSZ03,1,0.0
VH,HGSZ01,HGSZ03,1,0.989175754475229
PT,TMSZ03,TMSZ04,1,2.188355345903096
PT,QTSZ09,QTSZ05,1,3.7875916639979152
WK,QTSZ13,QTSZ14,1,1.9014106893129246
PT,WDSZ03,WDSZ03,1,0.0
PT,QTSZ06,QTSZ06,1,0.0
VH,MPSZ03,GLSZ02,1,3.693714375224264
VH,SESZ05,SGSZ04,1,3.576088234253757
PT,NTSZ02,DTSZ08,1,4.2092358323046035
PT,BMSZ02,WDSZ06,1,17.932156280458592
PT,TMSZ01,SGSZ02,1,8.310072170471026
PT,ORSZ02,BSSZ01,1,5.814905738335073
PT,QTSZ08,JWSZ09,1,10.935246479643997
PT,SESZ03,PGSZ04,1,1.5480541741474918
PT,DTSZ03,GLSZ04,1,3.653010975992008
VH,WDSZ04,ORSZ02,1,14.45768845722655
PT,CKSZ02,TMSZ04,1,23.393504939655497
PT,QTSZ10,CLSZ04,1,2.1096425764160416
PT,BMSZ07,JESZ05,1,9.00166176736906
PT,SESZ04,WDSZ02,1,11.9753780934888
PT,BKSZ09,YSSZ02,1,13.975221893655025
PT,HGSZ05,SGSZ06,1,3.420976059234586
PT,GLSZ04,DTSZ02,1,4.173340799230519
VH,SESZ03,DTSZ11,1,13.837438823367988
PT,YSSZ09,NVSZ02,1,12.688147750674505
PT,BTSZ01,BMSZ06,1,7.4187334175063455
WK,SBSZ03,SBSZ04,1,1.203473776478544
PT,ORSZ03,ORSZ02,1,0.8534670569351773
VH,SGSZ04,SGSZ06,1,1.2504688104488453
PT,JWSZ09,PNSZ02,1,4.610065908926152
PT,RVSZ03,WDSZ02,1,16.47669488311677
WK,DTSZ02,DTSZ05,1,0.9984294889783903
PT,AMSZ03,HGSZ05,1,3.4190774691386325
VH,BPSZ05,CHSZ03,1,26.291847515973945
PT,OTSZ03,BDSZ04,1,11.697349354766779
PT,JWSZ02,JWSZ09,1,1.1909513911077283
PT,OTSZ03,QTSZ05,1,4.389088082585871
VH,WDSZ02,BPSZ02,1,6.596046383522774
WK,PGSZ02,PGSZ03,1,0.8699452159826071
VH,BDSZ01,BDSZ01,1,0.0
VH,QTSZ05,QTSZ01,1,2.759169940443602
PT,JWSZ06,PGSZ04,1,24.736348712551976
PT,CLSZ04,CLSZ05,1,1.332558670908388
PT,JWSZ04,DTSZ11,1,15.987142503298982
PT,PGSZ05,SGSZ04,1,6.8500247962908185
PT,SESZ03,QTSZ14,1,17.087872620256313
WK,BDSZ01,BDSZ02,1,1.9291533799147353
WK,SBSZ04,SBSZ04,1,0.0
PT,ORSZ02,DTSZ09,1,3.5973237139691916
PT,KLSZ03,PGSZ04,1,9.87779694163336
PT,BDSZ02,OTSZ01,1,11.400478552570846
PT,TPSZ02,WDSZ01,1,13.619001370846643
PT,SESZ03,PGSZ03,1,1.2362134622897991
PT,QTSZ12,CLSZ03,1,5.706433981930344
WK,JWSZ09,JWSZ09,1,0.0
PT,JWSZ06,BKSZ06,1,5.2397235262032
VH,BSSZ02,KLSZ06,1,5.094022940132291
PT,BKSZ07,QTSZ08,1,7.146493638977682
PT,JWSZ09,DTSZ09,1,17.50818983661453
PT,JESZ01,CLSZ01,1,3.1963693802491866
PT,CHSZ03,YSSZ01,1,20.19295266129562
VH,BMSZ04,QTSZ10,1,5.700027178065489
PT,MUSZ03,TMSZ03,1,11.23798501973583
PT,DTSZ03,HGSZ06,1,8.240098307364331
PT,HGSZ08,CLSZ04,1,13.716348671247959
PT,SESZ06,QTSZ08,1,14.366752996289923
PT,BMSZ10,HGSZ01,1,11.64457608806122
WK,TMSZ02,TMSZ02,1,0.0
WK,JESZ03,JESZ05,1,0.6185017999780152
WK,TMSZ03,TMSZ03,1,0.0
PT,MUSZ02,KLSZ03,1,3.72970673847885
VH,SESZ03,SESZ02,1,0.9264025278629129
PT,BPSZ05,MUSZ01,1,12.266830265621675
PT,BDSZ06,DTSZ08,1,11.654594428434788
PT,BMSZ12,AMSZ02,1,11.2640451055297
PT,BSSZ01,AMSZ08,1,3.2695661201461235
PT,JWSZ09,JWSZ09,1,0.0
VH,SESZ04,HGSZ02,1,2.9359187963327877
PT,BMSZ01,TPSZ09,1,9.201690946459546
PT,QTSZ14,SESZ03,1,17.087872620256313
PT,BKSZ04,BKSZ09,1,1.6739833419061791
VH,BDSZ06,MPSZ02,1,4.951528066118321
PT,WDSZ02,WDSZ02,1,0.0
PT,WDSZ04,WDSZ02,1,1.1835083864709004
PT,JWSZ08,JWSZ04,1,3.131770663243337
PT,CCSZ01,AMSZ01,1,5.090065597824638
PT,BDSZ02,QTSZ10,1,16.805326829008276
PT,DTSZ11,CKSZ03,1,16.83680416961772
PT,BTSZ06,CKSZ03,1,8.920962838366059
VH,BTSZ01,BKSZ07,1,2.606142587234807
PT,SESZ03,QTSZ08,1,15.756089750431935
PT,RCSZ10,TMSZ02,1,12.504277004594108
PT,NVSZ02,NVSZ02,1,0.0
PT,YSSZ02,OTSZ03,1,17.59409349393105
VH,BDSZ05,DTSZ05,1,8.454603987493579
PT,DTSZ06,TPSZ02,1,5.323849166845447
WK,BSSZ03,BSSZ03,1,0.0
PT,YSSZ02,TPSZ02,1,11.75946455105196
WK,CLSZ06,CLSZ04,1,0.7914849055353017
PT,DTSZ11,BKSZ05,1,13.26205060620201
PT,BSSZ01,BMSZ11,1,8.835777037790063
PT,BDSZ03,BDSZ04,1,2.353398647735378
VH,QTSZ08,BPSZ05,1,9.07185687832771
PT,NVSZ02,BPSZ02,1,11.426946995028219
PT,BMSZ08,ORSZ02,1,2.3374692627379265
PT,WDSZ03,TPSZ02,1,13.032087661159792
PT,ORSZ03,SRSZ03,1,1.8418057435474011
PT,TPSZ04,TPSZ02,1,0.8358827334321068
PT,BTSZ05,TPSZ09,1,6.381982803521905
WK,SESZ04,SESZ06,1,1.4130001556698468
PT,TMSZ04,YSSZ04,1,15.54426661310027
PT,SBSZ09,WDSZ01,1,3.0454322880027838
PT,DTSZ08,NVSZ05,1,6.521983633539933
PT,GLSZ04,PGSZ05,1,10.255014956453934
PT,BPSZ03,BPSZ05,1,1.1253728669166327
PT,DTSZ01,AMSZ05,1,7.900267162539192
PT,AMSZ12,SBSZ01,1,7.52709731425055
PT,ORSZ02,MUSZ01,1,1.578329271639839
VH,HGSZ05,SESZ04,1,1.720585279728292
VH,JWSZ08,BLSZ04,1,4.1672270161126255
WK,BMSZ02,BMSZ08,1,0.6949705336682429
PT,BSSZ01,BDSZ04,1,11.923322731000368
PT,BDSZ03,DTSZ03,1,7.213202254188602
PT,SBSZ04,ORSZ02,1,16.96388261485603
PT,RCSZ09,JWSZ09,1,17.1177344827433
WK,WDSZ01,WDSZ01,1,0.0
WK,DTSZ05,DTSZ05,1,0.0
PT,QTSZ15,JWSZ09,1,10.800434166078588
PT,MUSZ01,SESZ02,1,11.901751349668295
PT,BMSZ05,JESZ05,1,11.821150932548642
PT,SESZ05,BKSZ05,1,14.385148752933004
PT,BKSZ09,CKSZ02,1,4.044487049908882
PT,SBSZ03,DTSZ03,1,17.80382501256505
PT,YSSZ04,ORSZ02,1,12.588294355199164
PT,YSSZ03,NVSZ01,1,11.396024118820547
VH,BMSZ07,ORSZ02,1,3.2365486794670804
PT,SGSZ03,AMSZ01,1,2.9590315422211915
PT,SESZ03,JESZ05,1,18.417916716630018
WK,QTSZ01,QTSZ01,1,0.0
PT,TPSZ12,YSSZ09,1,11.960410982248852
VH,DTSZ08,CKSZ03,1,16.32472477025659
PT,WDSZ03,QTSZ11,1,16.394944345426502
WK,QTSZ05,QTSZ05,1,0.0
PT,DTSZ02,AMSZ01,1,8.960602715422072
VH,TMSZ04,TMSZ04,1,0.0
PT,RCSZ10,KLSZ01,1,2.692973959110925
PT,PRSZ03,AMSZ08,1,13.395719043394859
PT,BMSZ05,SESZ03,1,14.27805894835435
WK,KLSZ06,KLSZ01,1,1.3008041598955091
PT,QTSZ08,BKSZ05,1,7.063810457789163
WK,GLSZ05,GLSZ05,1,0.0
PT,YSSZ07,YSSZ09,1,3.1952211934322365
PT,JWSZ08,JWSZ09,1,0.9403575284652649
PT,TPSZ06,NVSZ02,1,2.7588056334035747
WK,TMSZ02,TMSZ02,1,0.0
PT,QTSZ13,DTSZ11,1,8.131267997067525
VH,BDSZ04,BDSZ04,1,0.0
PT,JESZ01,DTSZ12,1,15.750887174966335
PT,ORSZ02,BPSZ04,1,10.276409117697819
PT,YSSZ02,TMSZ05,1,18.94312036506094
WK,GLSZ02,GLSZ02,1,0.0
PT,MPSZ02,GLSZ04,1,2.233910953350619
PT,BKSZ05,DTSZ11,1,13.26205060620201
WK,SESZ04,HGSZ04,1,2.350526084196146
VH,NVSZ01,KLSZ06,1,1.8640868453461785
PT,BDSZ02,MUSZ03,1,9.837848846420565
PT,KLSZ06,HGSZ02,1,7.849517604537244
WK,JESZ05,JESZ02,1,0.9177132998918662
PT,QTSZ10,AMSZ06,1,10.221119820698267
WK,YSSZ04,YSSZ04,1,0.0
VH,YSSZ03,DTSZ11,1,16.93948343031589
PT,DTSZ09,GLSZ05,1,7.406584130675423
VH,JWSZ03,NVSZ02,1,14.001341271927208
PT,GLSZ03,SGSZ05,1,4.259957258597937
PT,GLSZ05,DTSZ02,1,5.714035671914394
PT,JWSZ09,JWSZ03,1,2.3719008304684257
PT,CLSZ06,QTSZ13,1,3.403563095819529
PT,MDSZ02,AMSZ02,1,7.550609106816495
WK,ORSZ02,ORSZ02,1,0.0
PT,HGSZ04,AMSZ01,1,4.344027574087123
VH,MPSZ02,MPSZ03,1,0.7646729806688193
VH,BSSZ01,YSSZ01,1,7.700002271828978
PT,TMSZ02,TMSZ03,1,1.8211342041293208
PT,GLSZ02,HGSZ04,1,5.136905619520627
PT,YSSZ05,DTSZ03,1,13.11876516831268
PT,TMSZ03,TMSZ05,1,4.262471447978868
PT,DTSZ08,BMSZ01,1,4.071765318628708
PT,QTSZ08,QTSZ13,1,1.775660471515622
PT,BPSZ06,OTSZ03,1,12.656271898587852
PT,CKSZ03,JWSZ09,1,7.1081552021317815
WK,QTSZ01,QTSZ01,1,0.0
WK,BKSZ03,BKSZ03,1,0.0
PT,CKSZ06,CKSZ03,1,1.7431883026562554
PT,SESZ02,SESZ02,1,0.0
VH,PRSZ05,DTSZ03,1,14.005353885191859
PT,TPSZ01,YSSZ01,1,9.660763835828716
WK,WDSZ03,WDSZ03,1,0.0
PT,NVSZ03,ORSZ02,1,1.9802171954530212
VH,QTSZ08,DTSZ01,1,7.220988548903644
VH,BDSZ04,QTSZ14,1,16.781182620540182
PT,SBSZ01,SBSZ02,1,1.0177521225222945
PT,BTSZ05,BTSZ03,1,2.8036270900135425
WK,CKSZ06,CKSZ06,1,0.0
PT,JESZ06,HGSZ04,1,16.192711026001298
VH,HGSZ06,HGSZ07,1,0.9450377036360438
WK,DTSZ01,DTSZ01,1,0.0
VH,BDSZ05,BDSZ06,1,2.7834177816232066
WK,JWSZ04,JWSZ04,1,0.0
PT,TMSZ05,PGSZ04,1,9.712593976491574
PT,BDSZ04,BDSZ06,1,1.3781452505148277
WK,TPSZ04,TPSZ02,1,0.8358827334321068
PT,TPSZ09,SGSZ04,1,3.3024682758148685
VH,TMSZ03,BDSZ04,1,2.01283224519501
VH,PGSZ03,PGSZ05,1,1.9779039939853045
WK,YSSZ01,YSSZ02,1,1.2670184364300072
PT,QTSZ05,OTSZ03,1,4.389088082585871
VH,YSSZ03,YSSZ09,1,1.7688742052165112
PT,AMSZ05,WDSZ09,1,11.208421444426776
PT,BKSZ04,CHSZ03,1,27.494306293909997
VH,BPSZ01,BPSZ04,1,1.8300841829926888
VH,GLSZ04,GLSZ05,1,1.665730792673618
PT,ORSZ02,PRSZ05,1,15.768963448778594
VH,SGSZ05,TMSZ04,1,10.128670133985707
WK,ORSZ02,ORSZ02,1,0.0
PT,SESZ03,SESZ03,1,0.0
PT,BMSZ04,OTSZ02,1,1.5632910421639095
VH,BMSZ14,BMSZ01,1,1.2306429342827478
PT,DTSZ11,SESZ03,1,13.837438823367988
PT,DTSZ08,CKSZ03,1,16.32472477025659
VH,DTSZ11,OTSZ03,1,1.0816800804911224
VH,TMSZ03,BDSZ02,1,1.426330615584882
PT,AMSZ10,AMSZ01,1,1.4257238620318051
PT,WDSZ05,WDSZ01,1,1.2320596897563494
PT,OTSZ03,CLSZ04,1,9.524445331141287
PT,BSSZ01,TPSZ02,1,3.1724755752781033
PT,RCSZ03,YSSZ09,1,14.237404031064775
VH,TPSZ06,PGSZ04,1,8.704054338998672
PT,CKSZ03,HGSZ08,1,16.22219162027956
PT,BMSZ15,TNSZ02,1,2.561093334944772
VH,WDSZ05,BSSZ01,1,9.954016842185583
VH,JWSZ09,JWSZ04,1,2.2141262582406362
PT,WDSZ04,SBSZ09,1,3.0698837918676936
PT,JWSZ09,DTSZ08,1,17.690330701460272
PT,PRSZ03,DTSZ02,1,13.76222617096602
PT,WDSZ06,WDSZ02,1,1.786133057081358
PT,DTSZ02,GLSZ04,1,4.173340799230519
PT,DTSZ05,BDSZ04,1,10.783708417296742
PT,BKSZ03,JESZ05,1,2.5079224896408996
PT,SGSZ04,NVSZ03,1,5.711528166137548
PT,DTSZ01,TPSZ02,1,3.888300615750253
PT,CHSZ02,BDSZ01,1,8.426647138054328
WK,DTSZ11,DTSZ07,1,0.8429662879658641
WK,HGSZ03,HGSZ01,1,0.989175754475229
PT,QTSZ05,QTSZ08,1,1.9041709380211382
VH,PGSZ03,CHSZ03,1,13.099665252929867
PT,TNSZ04,DTSZ09,1,5.6505813096321065
WK,CLSZ06,CLSZ06,1,0.0
PT,RCSZ10,BDSZ04,1,9.84356523760093
VH,KLSZ07,SBSZ01,1,15.024731985855595
PT,DTSZ11,AMSZ08,1,12.64391073764608
VH,TMSZ02,KLSZ08,1,10.535874753953719
VH,AMSZ01,SESZ04,1,5.292373483128956
VH,SESZ04,JESZ05,1,17.65769832786899
PT,BDSZ02,TPSZ02,1,8.969346714397549
PT,DTSZ05,BPSZ02,1,14.786830141738331
VH,TPSZ02,CKSZ01,1,11.497633105123192
PT,TPSZ12,ORSZ03,1,6.23103016794071
PT,OTSZ03,GLSZ05,1,7.335918749325787
PT,CHSZ03,SESZ03,1,12.498495623359238
VH,SGSZ04,HGSZ06,1,1.5591025686795772
PT,YSSZ09,BMSZ06,1,15.486360074106837
VH,HGSZ02,HGSZ03,1,0.7511726210026585
VH,BSSZ01,OTSZ03,1,8.732135865451442
PT,TNSZ01,SGSZ03,1,8.659462703990089
VH,HGSZ06,TMSZ03,1,6.348857436820739
PT,WCSZ01,BKSZ02,1,6.8278503626042015
WK,BSSZ03,BSSZ03,1,0.0
PT,BDSZ04,BDSZ04,1,0.0
PT,AMSZ02,TMSZ05,1,13.666552359191554
PT,QTSZ10,SRSZ01,1,6.545524340775902
WK,TMSZ02,TMSZ02,1,0.0
PT,YSSZ05,YSSZ03,1,2.0957183698988087
VH,BSSZ03,KLSZ07,1,4.027271854123944
PT,SBSZ02,DTSZ06,1,17.59118760289606
WK,ORSZ03,ORSZ03,1,0.0
PT,BMSZ08,QTSZ14,1,3.258197159689321
VH,OTSZ03,TMSZ03,1,12.779094893351187
PT,HGSZ08,AMSZ04,1,4.969923355443957
PT,PRSZ05,TMSZ04,1,3.1920390301266366
PT,SBSZ03,KLSZ09,1,16.98192598715358
PT,MUSZ03,TPSZ03,1,4.924922136300767
PT,QTSZ12,WDSZ03,1,17.39419803327869
PT,TPSZ02,ORSZ03,1,3.5929865094989615
WK,SESZ04,SESZ04,1,0.0
PT,QTSZ05,TSSZ05,1,19.43234535646631
PT,PNSZ01,PNSZ02,1,1.6437486301248747
WK,QTSZ11,QTSZ10,1,0.9343207049567491
VH,BDSZ03,QTSZ08,1,14.15559487927562
PT,BMSZ07,CLSZ06,1,5.846637559605442
WK,BPSZ05,BPSZ04,1,0.9043775472896666
PT,WDSZ03,BLSZ02,1,17.191076967811895
WK,TMSZ04,TMSZ04,1,0.0
PT,BMSZ01,BMSZ06,1,2.7252223873711285
PT,WDSZ02,YSSZ09,1,4.494710631795676
PT,QTSZ03,QTSZ13,1,2.9978028882468384
WK,PGSZ05,PGSZ05,1,0.0
PT,WDSZ01,SKSZ04,1,4.959477249716786
PT,JWSZ04,RCSZ10,1,15.154240367028116
PT,CLSZ06,JWSZ05,1,6.102895149585944
VH,PGSZ05,SESZ04,1,2.940423146056921
PT,DTSZ05,HGSZ06,1,9.40539866882789
PT,QTSZ14,JWSZ09,1,12.416781304262086
VH,ORSZ03,YSSZ04,1,13.050147372252988
PT,KLSZ05,KLSZ07,1,3.1977733826520476
PT,JESZ02,PNSZ02,1,8.265376802216062
PT,NVSZ02,OTSZ03,1,4.190351755811743
VH,PGSZ05,DTSZ03,1,13.616189375390887
PT,SGSZ06,OTSZ03,1,8.576989849121452
VH,JWSZ04,JWSZ04,1,0.0
PT,HGSZ05,AMSZ01,1,3.9553115714482727
PT,CKSZ06,BMSZ01,1,16.39168650187198
VH,DTSZ05,DTSZ05,1,0.0
PT,KLSZ06,GLSZ05,1,4.41046780933033
PT,DTSZ08,MPSZ03,1,7.059406378997142
PT,DTSZ05,TMSZ03,1,11.878534778177949
PT,SESZ03,HGSZ06,1,3.7058342234958794
PT,JESZ05,JWSZ04,1,2.3929114480591256
PT,BMSZ17,BTSZ07,1,7.256142162216505
VH,AMSZ10,AMSZ03,1,2.5885728524360103
WK,WDSZ06,WDSZ06,1,0.0
PT,PGSZ02,DTSZ05,1,15.026130145650374
VH,TMSZ02,TMSZ02,1,0.0
PT,GLSZ05,GLSZ05,1,0.0
VH,CKSZ02,WCSZ01,1,6.349306802050357
PT,ORSZ02,AMSZ01,1,7.659554160451921
VH,BKSZ07,BKSZ04,1,0.9127640438742397
WK,CLSZ04,CLSZ03,1,1.2033715808767138
PT,AMSZ09,DTSZ01,1,9.303942209889373
PT,AMSZ10,PGSZ02,1,6.6812925207406355
PT,BMSZ09,TMSZ05,1,16.028615884480637
PT,HGSZ03,HGSZ03,1,0.0
PT,QTSZ11,SESZ03,1,17.151332657839212
PT,BSSZ02,BLSZ02,1,15.713353102201959
PT,BMSZ05,KLSZ01,1,5.609086891627479
PT,WDSZ02,SBSZ03,1,3.0035475744215976
PT,AMSZ01,NVSZ02,1,6.145691438127311
VH,HGSZ04,SGSZ03,1,1.392533316707768
VH,DTSZ02,TMSZ03,1,11.117340594521037
PT,YSSZ01,SESZ04,1,6.760082665374588
WK,JWSZ09,JWSZ08,1,0.9403575284652649
WK,BPSZ03,BPSZ03,1,0.0
VH,SESZ03,RCSZ01,1,10.472116075988462
PT,GLSZ05,SBSZ04,1,18.08163660690702
PT,HGSZ05,TMSZ01,1,6.613395046156016
PT,BKSZ01,BKSZ01,1,0.0
PT,SESZ03,DTSZ01,1,11.274918016548957
PT,SGSZ06,DTSZ02,1,6.928172923209252
PT,JESZ05,JWSZ09,1,4.578885078555272
PT,WDSZ02,WDSZ02,1,0.0
WK,ORSZ03,MUSZ01,1,0.7364956663086714
WK,BDSZ06,BDSZ06,1,0.0
WK,TPSZ12,TPSZ12,1,0.0
PT,BMSZ01,BSSZ01,1,10.108505777272555
VH,CHSZ03,PGSZ02,1,13.007043115413369
PT,MUSZ01,BMSZ06,1,2.8634413828563026
VH,CHSZ03,WDSZ02,1,25.46180187896978
PT,SESZ05,MPSZ03,1,9.335340672790013
PT,WDSZ05,WDSZ02,1,1.8640784453476875
PT,TMSZ02,TMSZ05,1,3.4331063209557158
VH,SESZ04,SESZ06,1,1.4130001556698468
VH,BDSZ01,GLSZ03,1,1.58853543467227
PT,DTSZ01,BSSZ03,1,5.645161331682511
PT,HGSZ04,BMSZ08,1,11.937467318932372
WK,BPSZ04,BMSZ06,1,10.728731411367573
PT,BMSZ09,BKSZ07,1,11.009749217998186
VH,CHSZ03,CHSZ03,1,0.0
PT,BMSZ12,JESZ05,1,9.25439826484248
PT,YSSZ01,SGSZ06,1,9.057706772673392
WK,CKSZ06,CKSZ06,1,0.0
VH,TMSZ02,TPSZ02,1,11.947843505570926
PT,SESZ04,DTSZ05,1,13.022712014626789
PT,SESZ03,SGSZ06,1,5.308120913505455
PT,BMSZ09,MUSZ01,1,1.9300513934455674
PT,DTSZ11,TPSZ01,1,7.241041275888313
PT,JESZ03,CKSZ06,1,7.030040751264882
PT,DTSZ05,BSSZ03,1,7.353804584364782
PT,TPSZ06,TPSZ02,1,1.4767044789646766
PT,TPSZ02,ORSZ02,1,3.3789850370029795
PT,KLSZ01,MUSZ01,1,3.190431763517255
VH,CKSZ05,CKSZ03,1,0.8338012423978477
PT,MUSZ03,CKSZ06,1,16.190939107725303
PT,AMSZ11,TPSZ02,1,6.789787235115967
VH,PGSZ04,HGSZ02,1,3.1452211161135732
VH,GLSZ03,JWSZ08,1,22.48294839891463
VH,SGSZ04,PGSZ03,1,5.579635848707016
VH,HGSZ03,DTSZ08,1,12.126539078811113
PT,BKSZ06,TSSZ05,1,13.14971927055757
PT,SGSZ02,BDSZ04,1,9.331597005362498
WK,TMSZ03,TMSZ03,1,0.0
PT,AMSZ01,SGSZ01,1,2.4775142991830243
PT,JWSZ04,BKSZ02,1,4.32546112364124
VH,SGSZ07,DTSZ02,1,6.578490648626257
PT,SKSZ03,SKSZ04,1,2.150076884386548
PT,JESZ03,JESZ02,1,0.8712167455384023
PT,CHSZ03,CKSZ06,1,28.752245821624516
PT,YSSZ05,BDSZ01,1,10.784503619645282
VH,KLSZ02,DTSZ11,1,5.48200323542127
WK,NVSZ02,TPSZ03,1,2.654822256613516
PT,HGSZ07,DTSZ11,1,9.791724438664767
WK,YSSZ01,YSSZ01,1,0.0
PT,TPSZ02,BDSZ05,1,8.510159299485238
PT,SESZ05,BMSZ17,1,14.552969311623727
PT,MUSZ01,BPSZ05,1,12.266830265621675
PT,BKSZ02,CKSZ05,1,3.308480988880744
WK,WDSZ03,WDSZ03,1,0.0
PT,DTSZ11,SESZ05,1,12.84300844556907
PT,QTSZ11,QTSZ05,1,3.512185112075166
PT,BDSZ03,PGSZ05,1,8.50016530912628
PT,BPSZ02,BPSZ05,1,1.1435975036682837
PT,NTSZ03,TMSZ02,1,13.397496694253457
WK,KLSZ06,KLSZ08,1,0.7917316145790123
VH,SESZ03,HGSZ06,1,3.7058342234958794
PT,RCSZ10,SESZ06,1,10.936934090273466
PT,CLSZ07,TSSZ02,1,15.149423545534011
PT,HGSZ06,KLSZ03,1,5.423167973192574
PT,KLSZ08,BPSZ04,1,12.324229377269452
PT,BPSZ07,JWSZ02,1,7.458290058767755
VH,DTSZ11,DTSZ08,1,0.5153840911509646
PT,TMSZ05,BDSZ05,1,5.643999288688934
PT,HGSZ06,QTSZ08,1,12.287885067263927
PT,WCSZ01,CKSZ06,1,6.791652845318785
PT,BMSZ03,ORSZ02,1,2.6123990501298695
PT,TMSZ03,PLSZ04,1,4.297032386233649
WK,TPSZ04,TPSZ02,1,0.8358827334321068
PT,SESZ04,MUSZ01,1,11.701133611434777
VH,TMSZ04,PGSZ04,1,7.661147103505303
VH,TNSZ04,BMSZ07,1,3.034253982750997
WK,BDSZ06,BDSZ06,1,0.0
PT,QTSZ10,QTSZ11,1,0.9343207049567491
PT,DTSZ09,CLSZ06,1,10.04515073066857
PT,CLSZ06,JESZ05,1,3.258415621754853
PT,BSSZ02,AMSZ04,1,1.2856971269799196
PT,BPSZ05,WDSZ02,1,7.647068907207893
PT,BDSZ04,BDSZ05,1,2.45621100070819
PT,BKSZ09,JWSZ02,1,5.249428143879453
PT,HGSZ03,HGSZ03,1,0.0
PT,DTSZ08,BMSZ14,1,3.1591519302779347
PT,AMSZ11,YSSZ09,1,4.5204040608274685
VH,SESZ06,ORSZ02,1,11.11571483585146
WK,YSSZ03,YSSZ04,1,1.4331729019073896
VH,TSSZ05,BPSZ05,1,16.94529214699375
PT,PRSZ05,KLSZ08,1,12.08904061145531
VH,BDSZ02,OTSZ03,1,11.358412655981361
PT,BPSZ05,QTSZ15,1,11.0916806912999
PT,DTSZ05,TMSZ03,1,11.878534778177949
PT,BMSZ05,PRSZ08,1,17.10516349166285
PT,DTSZ08,PGSZ03,1,14.796508291210614
VH,AMSZ12,SESZ02,1,5.756660398037806
WK,PGSZ02,PGSZ03,1,0.8699452159826071
PT,SGSZ07,SGSZ07,1,0.0
WK,DTSZ05,OTSZ03,1,0.9139879414915537
VH,PGSZ02,BSSZ03,1,8.516889068333803
PT,WDSZ02,CHSZ03,1,25.46180187896978
PT,OTSZ03,KLSZ01,1,5.111831034809398
WK,TPSZ04,TPSZ02,1,0.8358827334321068
VH,OTSZ03,PGSZ03,1,14.878613292571828
WK,TMSZ02,TMSZ02,1,0.0
PT,SRSZ02,ORSZ01,1,2.687456779871366
VH,TMSZ02,BDSZ04,1,3.1599829379376176
PT,BPSZ05,QTSZ08,1,9.07185687832771
WK,WDSZ02,WDSZ01,1,0.7905033315597753
PT,WDSZ05,JESZ05,1,11.41307475070591
PT,NVSZ02,TPSZ12,1,4.870988521513181
PT,SRSZ02,SBSZ01,1,17.618717754268665
WK,BKSZ05,BKSZ05,1,0.0
PT,BTSZ03,SESZ04,1,13.911348885577427
WK,QTSZ11,QTSZ08,1,1.627500290675238
WK,CKSZ02,CKSZ01,1,1.1548840286224726
WK,QTSZ10,QTSZ11,1,0.9343207049567491
VH,BKSZ09,QTSZ11,1,5.413848212963825
VH,OTSZ03,YSSZ04,1,15.413343746465888
PT,TPSZ02,GLSZ04,1,4.642002421735385
PT,AMSZ04,DTSZ02,1,8.12499217051449
PT,BSSZ02,AMSZ01,1,2.0581507632730265
WK,WCSZ01,WCSZ01,1,0.0
VH,BKSZ07,QTSZ08,1,7.146493638977682
PT,QTSZ11,SGSZ04,1,12.461440296279195
PT,BKSZ07,PRSZ03,1,22.120663395695434
PT,SESZ03,DTSZ11,1,13.837438823367988
PT,SGSZ06,HGSZ04,1,2.9122391170608886
WK,SESZ06,SESZ06,1,0.0
VH,JWSZ08,PNSZ01,1,2.712860058118819
PT,YSSZ04,YSSZ09,1,1.5998556484110604
VH,BMSZ12,QTSZ10,1,4.0236914609334145
VH,SESZ06,SESZ06,1,0.0
PT,BDSZ04,YSSZ09,1,16.1763210369897
WK,TMSZ02,TMSZ02,1,0.0
PT,CLSZ08,BMSZ01,1,6.759356965398289
PT,WDSZ02,BMSZ08,1,17.344440413202037
PT,WCSZ01,SBSZ04,1,16.29067238962459
PT,KLSZ07,JESZ03,1,11.881383414664231
PT,YSSZ04,NVSZ02,1,11.22406463593339
PT,BKSZ04,BKSZ05,1,1.1230550579414724
PT,KLSZ08,KLSZ03,1,0.763440516767363
WK,NVSZ02,NVSZ02,1,0.0
VH,GLSZ05,BDSZ05,1,2.4661511449633133
PT,DTSZ05,GLSZ04,1,4.9780475407465925
PT,HGSZ05,NTSZ03,1,9.074541492489804
PT,TPSZ02,BSSZ03,1,2.0640937718720638
PT,CLSZ04,JESZ05,1,3.174817557630327
WK,DTSZ05,DTSZ05,1,0.0
VH,TMSZ01,BDSZ04,1,3.9967402187161745
WK,BDSZ04,BDSZ02,1,1.517590146979497
WK,CKSZ01,BPSZ05,1,1.4108989462238801
PT,BTSZ01,BTSZ01,1,0.0
PT,BSSZ03,ORSZ01,1,5.847492452629849
PT,WDSZ04,NVSZ02,1,13.576443769972325
VH,BMSZ05,OTSZ02,1,0.742726311456113
PT,CKSZ04,BTSZ01,1,5.886708422981652
PT,CLSZ06,CLSZ06,1,0.0
WK,DTSZ11,DTSZ08,1,0.5153840911509646
PT,JESZ05,BSSZ03,1,12.404837156885637
PT,BDSZ07,MPSZ03,1,2.208686361486312
PT,DTSZ08,SBSZ03,1,18.968379369180727
PT,SESZ03,DTSZ08,1,13.682553083091136
PT,BSSZ01,CKSZ01,1,9.006178055144124
VH,PRSZ03,SESZ02,1,5.075728226075026
VH,YSSZ09,YSSZ09,1,0.0
VH,BDSZ02,TMSZ04,1,3.076728253028696
PT,WDSZ03,AMSZ10,1,7.914386910195277
PT,BMSZ02,OTSZ01,1,2.3499260819877774
VH,QTSZ10,TNSZ02,1,4.933482603214413
WK,WDSZ01,WDSZ01,1,0.0
PT,SESZ03,TMSZ03,1,6.404783483348518
VH,QTSZ05,QTSZ10,1,3.267274760175375
PT,DTSZ12,SGSZ06,1,7.779059779406615
VH,NVSZ02,KLSZ07,1,0.9407328541278864
VH,SESZ03,KLSZ09,1,10.77828006649689
WK,SESZ06,SESZ06,1,0.0
WK,PGSZ02,PGSZ02,1,0.0
PT,BMSZ16,JWSZ03,1,15.283661026886467
PT,GLSZ05,TPSZ11,1,3.292544307707664
VH,SESZ03,PGSZ05,1,2.179904123683928
PT,BDSZ04,ORSZ03,1,11.2727208010041
PT,PRSZ03,PRSZ05,1,1.3236940820239511
PT,YSSZ01,YSSZ03,1,1.0015506147644606
PT,WDSZ02,CHSZ03,1,25.46180187896978
PT,AMSZ01,TPSZ06,1,4.210093513075454
PT,BKSZ07,GLSZ04,1,15.265410405045362
PT,YSSZ06,HGSZ02,1,8.96963353792325
WK,CKSZ06,CKSZ06,1,0.0
PT,TMSZ02,TMSZ02,1,0.0
PT,SBSZ03,QTSZ08,1,16.738740742163433
PT,SGSZ04,BMSZ17,1,11.331161307650186
PT,BDSZ08,TMSZ05,1,2.845317949036391
PT,MUSZ01,BMSZ02,1,3.4988556470760046
WK,JWSZ01,JWSZ09,1,1.81790476050892
PT,AMSZ01,ORSZ02,1,7.659554160451921
PT,THSZ01,JWSZ06,1,4.967622816731378
VH,BDSZ06,BDSZ04,1,1.3781452505148277
PT,RCSZ10,AMSZ03,1,7.189387052247098
PT,TSSZ03,GLSZ05,1,27.4907014166618
PT,TMSZ01,TMSZ03,1,1.9993859622686991
PT,TMSZ04,HGSZ06,1,8.51754460035158
VH,HGSZ04,AMSZ01,1,4.344027574087123
PT,BMSZ13,BMSZ01,1,1.0293958177027167
WK,SBSZ04,SBSZ04,1,0.0
WK,YSSZ03,YSSZ03,1,0.0
WK,DTSZ11,DTSZ08,1,0.5153840911509646
PT,BSSZ02,DTSZ08,1,8.430938438789603
VH,PGSZ04,TPSZ06,1,8.704054338998672
WK,SBSZ03,SBSZ03,1,0.0
PT,SESZ03,SRSZ02,1,12.78610683895676
PT,NVSZ02,AMSZ04,1,5.342215352529198
WK,AMSZ06,AMSZ01,1,0.8041193925714387
VH,JWSZ03,JWSZ02,1,1.1903534965573972
PT,SGSZ04,SESZ02,1,5.081749522819904
PT,YSSZ03,NVSZ01,1,11.396024118820547
PT,SBSZ05,WDSZ04,1,4.375290646509077
WK,SESZ04,SESZ04,1,0.0
PT,JESZ05,JESZ01,1,1.951247590558303
PT,TMSZ04,OTSZ03,1,13.997755362790137
PT,GLSZ04,KLSZ06,1,2.744931672361884
PT,TMSZ05,DTSZ03,1,12.849638295237952
WK,BMSZ05,BMSZ05,1,0.0
PT,BDSZ01,GLSZ03,1,1.58853543467227
PT,NVSZ01,TPSZ06,1,1.507870345245103
PT,SBSZ01,SESZ03,1,9.639059030515519
PT,YSSZ09,SESZ06,1,6.448116778096786
PT,RCSZ05,TMSZ04,1,11.320644698492403
PT,CLSZ02,DTSZ12,1,11.072932194062496
PT,ORSZ02,WDSZ02,1,15.637615232306695
VH,SESZ06,BTSZ01,1,13.292357317050246
VH,DTSZ08,TMSZ02,1,14.16091343269169
PT,JWSZ08,QTSZ11,1,10.568936853921048
PT,PRSZ07,BDSZ04,1,5.893178809749632
PT,PGSZ03,CHSZ03,1,13.099665252929867
PT,BMSZ05,SBSZ01,1,18.65925138488973
PT,BMSZ03,DTSZ05,1,3.787659890941118
PT,BDSZ06,MPSZ03,1,4.603267741098764
PT,BKSZ05,CLSZ07,1,5.754340689000265
WK,PRSZ03,PRSZ03,1,0.0
VH,HGSZ07,HGSZ06,1,0.9450377036360438
PT,NVSZ02,RCSZ01,1,1.4001191919807634
PT,TPSZ12,DTSZ03,1,5.5741055459075675
WK,NVSZ01,NVSZ01,1,0.0
PT,SBSZ05,PGSZ04,1,11.583453957211516
PT,NVSZ02,MUSZ03,1,2.4901271415123425
VH,PRSZ03,PRSZ05,1,1.3236940820239511
WK,JWSZ03,JWSZ03,1,0.0
PT,SRSZ01,DTSZ05,1,1.762916223511114
PT,JWSZ08,JESZ03,1,5.748925918118738
PT,BMSZ14,AMSZ01,1,11.003397270593155
VH,CKSZ01,BPSZ01,1,0.8040432852062875
VH,PRSZ05,WCSZ01,1,30.014660566464542
PT,BDSZ03,CKSZ03,1,19.835919857142542
VH,BKSZ03,BKSZ05,1,2.411810005133522
VH,WCSZ01,TMSZ01,1,27.768712464737035
PT,DTSZ03,TMSZ02,1,12.325298708566573
PT,JESZ05,YSSZ09,1,14.670956311843588
VH,WDSZ03,YSSZ01,1,4.288816524478815
WK,DTSZ01,RCSZ10,1,0.3428190544339364
PT,TMSZ04,OTSZ03,1,13.997755362790137
VH,JESZ03,CLSZ03,1,2.099413794275035
VH,JWSZ09,JWSZ06,1,1.0661975176208969
PT,BKSZ08,BMSZ07,1,8.968739662384664
VH,TMSZ03,PRSZ08,1,3.5826714886333413
VH,SESZ03,SESZ06,1,2.3877316708630167
PT,SESZ02,QTSZ08,1,16.099825110858664
PT,BKSZ03,TMSZ04,1,23.601215004198412
PT,BDSZ04,TMSZ04,1,2.300713819335355
PT,BSSZ01,CKSZ03,1,9.887862950332583
PT,JWSZ09,DTSZ05,1,17.702714307473705
PT,GLSZ04,GLSZ05,1,1.665730792673618
PT,BMSZ16,GLSZ01,1,7.1820158615375975
PT,BSSZ03,DTSZ05,1,7.353804584364782
PT,RCSZ01,TPSZ06,1,3.15507107251962
VH,QTSZ09,CKSZ03,1,8.824193650941845
WK,JWSZ09,JWSZ09,1,0.0
WK,YSSZ01,YSSZ04,1,0.916928626122495
PT,GLSZ03,BMSZ03,1,9.986267657083086
PT,DTSZ08,BMSZ06,1,3.5211263088091194
PT,BTSZ01,PRSZ02,1,19.26157184076298
PT,QTSZ11,BPSZ05,1,8.96328372259818
PT,DTSZ03,BMSZ06,1,4.385340758281176
PT,AMSZ06,TMSZ05,1,15.210204362481306
VH,DTSZ01,MPSZ03,1,5.745123952267231
PT,ORSZ02,WDSZ03,1,15.488100688649466
VH,TMSZ02,BDSZ04,1,3.1599829379376176
VH,BMSZ01,CLSZ06,1,7.403313139709044
PT,MPSZ01,BMSZ05,1,6.751774885250388
PT,WCSZ01,JWSZ02,1,4.683123759082885
WK,BSSZ02,BSSZ03,1,1.034011091901759
VH,SBSZ01,DTSZ08,1,18.876019390720387
PT,QTSZ14,HGSZ02,1,15.406753402043236
VH,HGSZ02,KLSZ07,1,8.18663423105705
PT,HGSZ08,HGSZ08,1,0.0
WK,WDSZ03,WDSZ03,1,0.0
PT,PNSZ03,PNSZ01,1,1.172407397155888
WK,PRSZ03,PRSZ03,1,0.0
PT,DTSZ02,PRSZ04,1,14.922665520811918
WK,WDSZ05,WDSZ01,1,1.2320596897563494
PT,MPSZ02,ORSZ02,1,7.758462857884411
VH,JWSZ03,JESZ02,1,2.239129351908452
PT,PGSZ03,PGSZ03,1,0.0
PT,BMSZ07,ORSZ03,1,3.5974456742359355
PT,SGSZ02,AMSZ03,1,1.547212112935673
PT,YSSZ02,NVSZ02,1,13.404197618820344
PT,WDSZ02,YSSZ09,1,4.494710631795676
PT,BTSZ01,BDSZ01,1,15.34286504225203
PT,YSSZ09,YSSZ01,1,0.8885412780857345
PT,PRSZ07,TMSZ03,1,4.694295965666411
VH,QTSZ08,WDSZ03,1,15.949789699212772
PT,BMSZ05,BDSZ04,1,12.601498129898953
PT,JWSZ09,JWSZ09,1,0.0
PT,AMSZ01,CLSZ03,1,11.486122613156768
PT,TPSZ02,WDSZ03,1,13.032087661159792
PT,OTSZ03,TMSZ02,1,14.542266359955034
PT,BDSZ06,YSSZ01,1,16.67969468578144
PT,CKSZ03,SRSZ03,1,15.583620960825076
PT,BPSZ01,BPSZ04,1,1.8300841829926888
PT,BMSZ17,BMSZ03,1,3.306366903841083
PT,PGSZ04,MUSZ01,1,12.946394885041654
VH,TPSZ02,TPSZ02,1,0.0
VH,HGSZ06,BSSZ01,1,5.412501839941067
WK,KLSZ01,KLSZ01,1,0.0
VH,BDSZ04,BDSZ02,1,1.517590146979497
PT,QTSZ11,HGSZ04,1,14.89755271769872
PT,HGSZ05,KLSZ05,1,8.969241378483932
PT,TPSZ03,SBSZ01,1,12.064003636773679
PT,TMSZ04,TMSZ04,1,0.0
PT,WDSZ05,AMSZ10,1,8.961710428907146
PT,BTSZ07,WCSZ01,1,13.945165820331122
VH,AMSZ05,GLSZ02,1,6.888971174552041
VH,TPSZ12,TMSZ02,1,7.912519061822541
PT,PGSZ04,PGSZ04,1,0.0
PT,BMSZ17,SESZ03,1,15.58900183963848
PT,PGSZ04,SESZ03,1,1.5480541741474918
VH,JESZ08,JWSZ04,1,3.2761484938325647
PT,DTSZ08,BKSZ05,1,12.7470891847542
PT,BDSZ01,BDSZ01,1,0.0
PT,PRSZ04,QTSZ09,1,21.179415062622596
VH,QTSZ08,BTSZ07,1,2.181504046420334
WK,QTSZ14,BMSZ13,1,1.5886216462218725
PT,BMSZ01,SGSZ04,1,12.0053985218199
PT,KLSZ06,SESZ03,1,9.951276190788278
PT,HGSZ03,SESZ04,1,2.209471113047962
WK,BPSZ05,BPSZ05,1,0.0
PT,QTSZ08,PRSZ05,1,20.294389095106336
PT,DTSZ05,NVSZ04,1,5.841949163250831
WK,SESZ05,SESZ03,1,1.1358929114864125
PT,NVSZ02,HGSZ06,1,6.563071690865753
PT,TMSZ02,GLSZ05,1,7.207233010378834
PT,TMSZ04,KLSZ01,1,10.447192597752915
WK,BTSZ01,BTSZ03,1,1.8137215566160432
PT,YSSZ01,YSSZ09,1,0.8885412780857345
PT,DTSZ01,DTSZ01,1,0.0
PT,GLSZ04,KLSZ05,1,1.7607139526066777
VH,JWSZ09,WDSZ03,1,15.797370671875566
PT,TMSZ05,SESZ02,1,9.63649724469096
VH,MPSZ03,BDSZ07,1,2.208686361486312
PT,BKSZ05,BPSZ05,1,2.270302415032574
PT,BDSZ08,TMSZ05,1,2.845317949036391
WK,PRSZ05,PRSZ05,1,0.0
VH,MPSZ03,BDSZ06,1,4.603267741098764
PT,GLSZ05,GLSZ03,1,1.4227448334206714
PT,BSSZ03,BSSZ01,1,2.463913530065902
PT,OTSZ03,BMSZ11,1,1.8248544005264713
PT,YSSZ05,ORSZ03,1,12.031404704049413
PT,CLSZ04,CLSZ06,1,0.7914849055353017
PT,YSSZ01,YSSZ05,1,2.181737820747567
PT,KLSZ05,PGSZ02,1,12.390848933724564
WK,SESZ02,SESZ02,1,0.0
PT,JESZ02,BLSZ02,1,4.201259055039847
PT,WDSZ03,YSSZ01,1,4.288816524478815
PT,JESZ05,CLSZ04,1,3.174817557630327
VH,WDSZ03,WDSZ04,1,1.5835624864458278
VH,SRSZ01,CLSZ04,1,8.344248214523583
PT,BSSZ02,ORSZ02,1,5.616671589004334
VH,KLSZ06,SESZ02,1,9.945077829351897
PT,BMSZ12,BDSZ06,1,15.735487336523105
PT,QTSZ12,BKSZ06,1,8.910498666421525
WK,KLSZ01,KLSZ01,1,0.0
PT,AMSZ04,RCSZ10,1,7.3217674115071745
PT,HGSZ06,SGSZ04,1,1.5591025686795772
VH,JWSZ04,TSSZ02,1,9.596519425554309
PT,DTSZ08,JWSZ09,1,17.690330701460272
PT,JWSZ08,SESZ06,1,20.960332137646212
PT,ORSZ02,BPSZ04,1,10.276409117697819
PT,YSSZ05,YSSZ04,1,1.4036652366683415
PT,JWSZ09,JWSZ06,1,1.0661975176208969
WK,JWSZ08,JWSZ09,1,0.9403575284652649
PT,NVSZ02,AMSZ01,1,6.145691438127311
PT,CKSZ03,KLSZ06,1,14.889508053954948
PT,ORSZ02,YSSZ08,1,12.531096592214181
PT,JESZ01,TSSZ02,1,10.91820268049769
PT,NVSZ02,YSSZ08,1,11.269615746608753
PT,QTSZ13,CLSZ04,1,3.788155731677156
PT,TMSZ05,AMSZ06,1,15.210204362481306
PT,SESZ06,DTSZ11,1,13.554566828536915
PT,SESZ04,KLSZ08,1,9.316487485870313
VH,WDSZ03,CHSZ03,1,24.474051696288676
PT,SBSZ03,BTSZ01,1,13.111409975125383
PT,SBSZ03,BDSZ04,1,18.412657218794998
PT,BTSZ06,SBSZ02,1,13.093112561091509
PT,DTSZ08,BMSZ04,1,2.521211558301176
PT,DTSZ08,ORSZ03,1,2.7296766784399256
PT,AMSZ04,DTSZ08,1,9.642031949318765
PT,TPSZ09,KLSZ08,1,2.1104212264013995
PT,BDSZ02,TPSZ12,1,4.906869681187716
WK,YSSZ01,YSSZ02,1,1.2670184364300072
PT,QTSZ06,KLSZ04,1,7.655602750770729
VH,BPSZ06,CKSZ01,1,2.4049163613589335
PT,OTSZ03,NTSZ05,1,3.1276988440762645
WK,JWSZ09,JWSZ09,1,0.0
PT,PRSZ02,DTSZ01,1,12.88984754668166
PT,QTSZ11,JWSZ03,1,8.60465829032032
WK,DTSZ05,DTSZ08,1,0.6129048720467968
VH,QTSZ11,BMSZ04,1,5.739133031223165
PT,AMSZ01,HGSZ04,1,4.344027574087123
PT,TMSZ02,MUSZ03,1,13.03523908902163
VH,NVSZ01,DTSZ01,1,2.9833612750160183
VH,BDSZ01,GLSZ03,1,1.58853543467227
PT,TMSZ02,DTSZ02,1,12.89838457395138
PT,BDSZ05,HGSZ08,1,4.867442446922774
VH,PGSZ02,GLSZ03,1,8.847339852728522
PT,BPSZ05,TNSZ04,1,8.572249934626104
WK,JESZ05,JESZ02,1,0.9177132998918662
PT,AMSZ01,AMSZ06,1,0.8041193925714387
PT,BKSZ07,KLSZ08,1,13.336128907289085
PT,DTSZ08,MPSZ03,1,7.059406378997142
PT,SGSZ04,HGSZ06,1,1.5591025686795772
WK,BDSZ04,BDSZ04,1,0.0
VH,HGSZ06,AMSZ08,1,6.3957308634119725
PT,JWSZ09,ORSZ03,1,15.820648539759006
PT,WDSZ09,BMSZ09,1,18.734412817236237
PT,BKSZ03,TSSZ03,1,10.611832787217605
WK,JESZ03,JESZ05,1,0.6185017999780152
PT,PRSZ02,CHSZ03,1,7.678648832534633
PT,BTSZ05,BTSZ01,1,4.110136303491668
VH,QTSZ14,QTSZ08,1,2.328042786782597
WK,JWSZ09,JWSZ09,1,0.0
PT,AMSZ09,AMSZ10,1,0.841056832156811
PT,HGSZ03,RVSZ05,1,11.316169249696415
PT,BPSZ05,CKSZ03,1,2.3007075960770518
PT,DTSZ02,PRSZ04,1,14.922665520811918
WK,PRSZ02,PRSZ02,1,0.0
PT,JWSZ09,ORSZ02,1,15.010649443328516
PT,JESZ05,SBSZ02,1,15.08619100940757
PT,WDSZ07,WDSZ03,1,2.0115587493114613
WK,WDSZ03,WDSZ03,1,0.0
PT,CKSZ03,BMSZ07,1,12.843873082026947
PT,SESZ02,PLSZ04,1,4.095762021442922
PT,PRSZ03,TMSZ03,1,2.936930765047012
PT,WDSZ03,DTSZ03,1,17.81143715908741
VH,JWSZ08,BLSZ02,1,3.2795815540467808
VH,PGSZ02,PGSZ04,1,1.915966749166938
PT,QTSZ04,CHSZ03,1,23.279922852292735
VH,SGSZ06,TNSZ01,1,6.687072823979327
PT,SGSZ03,WCSZ01,1,20.433213957725354
PT,PGSZ01,DTSZ05,1,15.981379939908777
PT,BKSZ02,BMSZ02,1,11.920401304565363
PT,AMSZ10,CKSZ05,1,11.110137851832945
VH,GLSZ04,TMSZ03,1,6.947242067101804
PT,WDSZ03,WDSZ07,1,2.0115587493114613
PT,JESZ05,BLSZ02,1,4.170646619021972
PT,TMSZ02,GLSZ04,1,8.737233511326789
PT,AMSZ06,SGSZ02,1,2.7995850459212646
PT,WDSZ05,WDSZ04,1,1.7031599568241294
PT,JESZ05,BPSZ01,1,6.218706863920404
PT,RCSZ09,KLSZ06,1,1.3137071536758547
PT,YSSZ03,YSSZ04,1,1.4331729019073896
PT,DTSZ03,BDSZ06,1,9.988847150595108
PT,JWSZ09,WCSZ01,1,4.867229736806335
PT,DTSZ11,SESZ02,1,13.751614478433355
PT,AMSZ03,BMSZ01,1,11.60904824136948
PT,TPSZ12,TMSZ05,1,9.679895794939116
WK,DTSZ01,RCSZ03,1,0.7323891344173754
VH,HGSZ04,GLSZ05,1,6.4466612645520645
WK,GLSZ05,GLSZ04,1,1.665730792673618
PT,BMSZ10,DTSZ05,1,2.1807242873610173
VH,CKSZ01,CKSZ01,1,0.0
PT,MUSZ01,SESZ04,1,11.701133611434777
PT,YSSZ03,BSSZ01,1,7.970230772957729
PT,JWSZ09,JWSZ09,1,0.0
WK,RCSZ01,RCSZ01,1,0.0
PT,BPSZ05,BPSZ03,1,1.1253728669166327
PT,AMSZ10,CKSZ06,1,11.061001730203959
WK,BKSZ07,BKSZ07,1,0.0
PT,TMSZ03,AMSZ01,1,10.269187328453006
PT,JESZ06,BPSZ04,1,6.352580677548056
PT,SESZ02,PGSZ02,1,2.4093999443628205
VH,CHSZ03,BDSZ04,1,7.463238829167281
VH,QTSZ11,BMSZ13,1,4.182606663024169
PT,CKSZ02,CLSZ01,1,4.985914753038485
PT,SGSZ04,RVSZ03,1,8.065308907859006
PT,BTSZ03,BSSZ03,1,8.10388076243389
PT,CLSZ05,JESZ05,1,2.32514081159075
PT,JWSZ09,BMSZ02,1,14.473512818367753
PT,HGSZ04,SESZ04,1,2.350526084196146
WK,QTSZ08,QTSZ08,1,0.0
PT,ORSZ02,BPSZ02,1,11.625418578574669
PT,TPSZ01,KLSZ02,1,3.759718410738539
PT,SESZ04,DTSZ08,1,13.63427562127103
PT,AMSZ01,SGSZ01,1,2.4775142991830243
PT,TMSZ02,TMSZ01,1,1.8880896152958335
VH,BDSZ06,DTSZ11,1,11.437537142795163
PT,ORSZ02,BSSZ03,1,5.440020592433535
WK,BSSZ03,BSSZ03,1,0.0
PT,SKSZ03,CKSZ03,1,2.378971040830655
WK,YSSZ09,YSSZ09,1,0.0
WK,BDSZ01,BDSZ02,1,1.9291533799147353
PT,CKSZ01,WDSZ09,1,8.200095497734624
PT,TMSZ01,OTSZ03,1,14.295151324743406
PT,PGSZ05,DTSZ01,1,13.096272018169502
PT,HGSZ06,QTSZ08,1,12.287885067263927
PT,BMSZ08,AMSZ10,1,11.280980404645483
PT,DTSZ09,BMSZ02,1,3.1093798384201166
PT,DTSZ09,SESZ06,1,13.694014085784831
WK,DTSZ05,DTSZ05,1,0.0
PT,DTSZ08,SBSZ01,1,18.876019390720387
PT,SBSZ05,DTSZ08,1,19.60875601691815
VH,PGSZ05,SESZ03,1,2.179904123683928
PT,HGSZ03,TNSZ03,1,12.524860173467552
PT,PRSZ03,TMSZ04,1,3.554865866429268
PT,JESZ05,JWSZ09,1,4.578885078555272
VH,PRSZ05,TMSZ02,1,1.8444573221520455
VH,BPSZ01,BPSZ03,1,1.1920001600727563
PT,TNSZ04,CLSZ04,1,5.127537018020855
PT,KLSZ07,MUSZ01,1,1.7476530282697702
PT,PRSZ05,PRSZ03,1,1.3236940820239511
VH,QTSZ11,BMSZ13,1,4.182606663024169
WK,JWSZ04,JWSZ04,1,0.0
WK,JWSZ02,JWSZ03,1,1.1903534965573972
PT,DTSZ08,BKSZ07,1,13.388242300283844
PT,SESZ06,DTSZ11,1,13.554566828536915
PT,CHSZ03,YSSZ09,1,21.073694736998593
PT,BKSZ05,JESZ05,1,3.4432452306580053
PT,YSSZ04,PLSZ04,1,9.960845374260122
PT,BSSZ01,DTSZ11,1,9.388077365406085
PT,AMSZ01,SGSZ03,1,2.9590315422211915
PT,PGSZ03,PGSZ05,1,1.9779039939853045
PT,BSSZ01,AMSZ04,1,1.9924536063797271
PT,WDSZ02,CKSZ03,1,7.813209396690255
VH,OTSZ03,BMSZ05,1,1.0064294142100676
PT,GLSZ03,AMSZ03,1,5.9620289931473565
PT,PGSZ05,SESZ03,1,2.179904123683928
PT,CKSZ04,BPSZ05,1,3.09251594954318
VH,BKSZ06,BKSZ03,1,0.9091830057450656
VH,BMSZ01,SESZ06,1,15.705705817058234
PT,WDSZ04,QTSZ11,1,14.969042216478718
VH,GLSZ03,GLSZ05,1,1.4227448334206714
VH,QTSZ04,JESZ05,1,6.972229321924962
PT,CKSZ02,JWSZ09,1,6.306776176686853
PT,BMSZ01,BMSZ13,1,1.0293958177027167
VH,PGSZ03,PGSZ02,1,0.8699452159826071
VH,CKSZ05,BPSZ02,1,2.294174780128727
PT,BSSZ03,GLSZ03,1,5.3391075755442134
PT,WDSZ03,WDSZ04,1,1.5835624864458278
WK,AMSZ05,AMSZ01,1,1.076953446773142
VH,TMSZ03,TMSZ04,1,2.188355345903096
PT,JESZ05,BKSZ05,1,3.4432452306580053
WK,DTSZ03,DTSZ03,1,0.0
PT,BTSZ03,CLSZ04,1,2.1204420885101545
PT,TMSZ03,BMSZ02,1,14.997008028471885
PT,RCSZ10,TMSZ04,1,12.119463990701483
PT,WDSZ01,WDSZ05,1,1.2320596897563494
PT,SESZ03,DTSZ02,1,12.086010962684949
VH,AMSZ01,CHSZ03,1,17.374453729266236
VH,HGSZ02,SESZ03,1,2.4441408695287428
VH,TPSZ02,NVSZ01,1,0.9734769421077302
PT,KLSZ07,TPSZ02,1,2.159608026975678
WK,AMSZ06,AMSZ06,1,0.0
PT,SGSZ03,BSSZ01,1,4.932379133864138
PT,QTSZ03,QTSZ08,1,1.2314549791540756
PT,HGSZ04,HGSZ06,1,1.3155617892005385
PT,DTSZ01,CLSZ07,1,9.76806903886545
PT,JESZ05,AMSZ10,1,12.911306464844483
VH,NVSZ02,AMSZ06,1,6.217438334820094
PT,QTSZ04,BDSZ04,1,15.822333630824414
PT,HGSZ04,DTSZ05,1,10.715629168730736
PT,KLSZ06,BMSZ02,1,5.530551572052403
VH,OTSZ03,YSSZ03,1,16.45255773280004
PT,CLSZ05,MUSZ01,1,10.20064761432542
PT,AMSZ02,OTSZ03,1,10.377469699866097
PT,HGSZ05,DTSZ05,1,11.339750260722443
WK,SGSZ06,SGSZ04,1,1.2504688104488453
PT,OTSZ01,DTSZ09,1,1.2984147941124144
VH,ORSZ02,BDSZ01,1,9.194048262139981
PT,SBSZ04,KLSZ01,1,15.842360806687411
VH,GLSZ03,GLSZ02,1,1.2889842620311078
PT,JWSZ01,JWSZ09,1,1.81790476050892
VH,JESZ01,CLSZ01,1,3.1963693802491866
PT,OTSZ03,YSSZ09,1,16.868277722743255
WK,ORSZ02,ORSZ02,1,0.0
PT,TPSZ06,WDSZ02,1,13.675187563860117
PT,NVSZ01,HGSZ05,1,7.03790016757992
PT,DTSZ12,BDSZ04,1,10.080377661169209
PT,OTSZ03,NVSZ02,1,4.190351755811743
PT,DTSZ12,SESZ03,1,12.800722050704072
PT,YSSZ01,YSSZ03,1,1.0015506147644606
PT,PRSZ03,GLSZ04,1,9.604438266373888
PT,AMSZ01,GLSZ02,1,6.61053355966354
PT,HGSZ07,SGSZ06,1,1.8431609549072046
PT,NVSZ03,KLSZ01,1,3.103773875207714
VH,BDSZ08,MPSZ03,1,4.727759328440013
PT,BSSZ01,SESZ03,1,8.191644757943026
PT,BMSZ04,DTSZ08,1,2.521211558301176
PT,CKSZ02,BSSZ01,1,9.74376702954399
VH,SESZ02,BMSZ12,1,15.883986127666912
PT,SESZ06,SESZ03,1,2.3877316708630167
WK,YSSZ01,YSSZ01,1,0.0
PT,YSSZ01,SESZ03,1,7.731153499703655
PT,QTSZ08,SGSZ04,1,11.048009930792105
VH,NVSZ01,BMSZ07,1,6.255250979521635
VH,MPSZ03,BDSZ06,1,4.603267741098764
PT,DTSZ05,DTSZ02,1,0.9984294889783903
WK,SESZ03,SESZ03,1,0.0
WK,BSSZ01,BSSZ02,1,1.4491930913198168
WK,DTSZ05,DTSZ05,1,0.0
PT,CHSZ03,HGSZ04,1,13.128021721916161
VH,SESZ02,TMSZ01,1,4.465845657973665
PT,MUSZ01,SRSZ01,1,1.2329661581731022
PT,CHSZ03,PGSZ03,1,13.099665252929867
PT,BKSZ07,DTSZ12,1,14.00612280894079
PT,PGSZ04,DTSZ08,1,14.653436325770386
PT,AMSZ07,DTSZ12,1,10.619663245291106
PT,MUSZ01,WDSZ06,1,17.242536702302242
PT,TPSZ01,TPSZ03,1,0.8691238760750586
WK,JESZ03,JESZ03,1,0.0
WK,AMSZ01,AMSZ01,1,0.0
VH,BKSZ03,NVSZ01,1,12.555893370869093
PT,CLSZ04,WDSZ07,1,14.508888614027107
PT,HGSZ04,HGSZ06,1,1.3155617892005385
PT,ORSZ02,AMSZ09,1,8.481717241596819
VH,BSSZ03,NVSZ02,1,3.75325190070528
PT,BPSZ01,CKSZ01,1,0.8040432852062875
VH,DTSZ02,KLSZ06,1,2.149818742558828
PT,PNSZ02,PRSZ02,1,30.95000724044664
PT,BSSZ01,SBSZ04,1,11.19780844941514
PT,WDSZ06,WDSZ03,1,2.9510217127143905
PT,QTSZ13,WDSZ02,1,17.08972274100397
VH,BMSZ01,CLSZ04,1,7.551707436129899
PT,TMSZ04,TMSZ03,1,2.188355345903096
PT,BTSZ06,OTSZ03,1,6.904040658676304
VH,KLSZ07,WDSZ03,1,15.1677891316754
VH,BPSZ02,DTSZ02,1,14.215392846197517
WK,TMSZ04,TMSZ04,1,0.0
PT,BSSZ01,RCSZ03,1,6.383932377505099
WK,ORSZ03,ORSZ03,1,0.0
VH,PRSZ03,SESZ04,1,6.987508785683234
PT,MPSZ03,MPSZ03,1,0.0
VH,NVSZ02,QTSZ08,1,6.143880134513132
PT,BMSZ04,BMSZ04,1,0.0
PT,MPSZ02,PRSZ03,1,8.810102509255387
PT,SESZ04,SESZ04,1,0.0
PT,PRSZ02,MPSZ03,1,9.227221939747377
WK,SESZ05,SESZ02,1,1.6988216292060225
VH,DTSZ08,DTSZ02,1,1.6066543534283224
VH,BPSZ03,BPSZ04,1,0.9219301040327256
PT,DTSZ03,BMSZ04,1,3.7582741944766993
PT,QTSZ15,QTSZ15,1,0.0
WK,BPSZ05,BPSZ05,1,0.0
PT,BMSZ02,BMSZ07,1,1.1725078205385278
PT,QTSZ04,SRSZ01,1,4.6218427957400054
VH,BMSZ03,BMSZ08,1,0.5847816941063064
WK,DTSZ05,DTSZ08,1,0.6129048720467968
PT,YSSZ04,SBSZ05,1,4.131038049941328
PT,CLSZ04,SGSZ06,1,12.141336330902906
PT,HGSZ08,GLSZ04,1,3.2912957854721365
PT,BKSZ06,BKSZ06,1,0.0
PT,AMSZ01,SGSZ03,1,2.9590315422211915
VH,JWSZ08,JWSZ04,1,3.131770663243337
PT,OTSZ04,JESZ02,1,13.53055085351897
PT,PRSZ03,QTSZ14,1,20.021524572984855
PT,SGSZ05,GLSZ03,1,4.259957258597937
VH,HGSZ04,HGSZ04,1,0.0
PT,YSSZ04,YSSZ08,1,1.0199676471982402
PT,BMSZ01,TPSZ11,1,9.800675842259215
PT,BDSZ04,AMSZ02,1,10.249391539235045
PT,TMSZ03,BDSZ06,1,3.160251478678926
PT,SRSZ02,JWSZ08,1,17.727938138695727
PT,AMSZ10,WDSZ03,1,7.914386910195277
PT,BDSZ07,BTSZ06,1,14.115053178638457
VH,YSSZ01,YSSZ06,1,3.193327869962329
WK,SESZ03,SESZ02,1,0.9264025278629129
PT,BKSZ05,CKSZ04,1,3.8525160827821674
PT,MDSZ03,YSSZ09,1,0.8336901196416204
WK,SESZ05,SESZ05,1,0.0
VH,BDSZ05,TMSZ03,1,4.130614942004426
PT,MDSZ02,SESZ04,1,9.202413595138141
PT,BKSZ03,CHSZ03,1,28.78326092449299
PT,CHSZ03,PRSZ03,1,6.512154460317878
PT,BPSZ01,BPSZ01,1,0.0
PT,OTSZ03,BMSZ08,1,2.4940967415170197
PT,WDSZ03,YSSZ09,1,3.422882487435982
VH,HGSZ06,BMSZ01,1,12.860578761404359
PT,PRSZ02,TPSZ06,1,10.189132866798392
PT,BMSZ10,DTSZ03,1,3.2717113110466083
PT,PRSZ03,BMSZ05,1,16.24989753403471
PT,JWSZ01,PNSZ03,1,4.797447634162126
VH,BPSZ02,WDSZ02,1,6.596046383522774
PT,PGSZ03,QTSZ08,1,16.542592004374374
PT,SESZ05,SESZ05,1,0.0
VH,TPSZ06,TPSZ06,1,0.0
PT,AMSZ02,SGSZ06,1,2.9297530962382865
PT,TMSZ02,DTSZ11,1,14.048301207762186
VH,BDSZ04,BDSZ02,1,1.517590146979497
WK,SESZ02,PGSZ04,1,1.052549878649884
PT,AMSZ04,DTSZ02,1,8.12499217051449
PT,CKSZ01,CHSZ03,1,27.62603286021731
PT,DTSZ11,YSSZ08,1,16.044982437369743
VH,WDSZ04,OTSZ03,1,17.52556923300198
PT,DTSZ05,PRSZ03,1,14.581348508611656
VH,JWSZ02,JWSZ03,1,1.1903534965573972
PT,SGSZ06,SESZ05,1,4.218719267554138
PT,PGSZ04,DTSZ08,1,14.653436325770386
PT,DTSZ01,CLSZ06,1,10.431887584614254
PT,QTSZ04,BTSZ01,1,4.939207554333046
PT,GLSZ05,BSSZ03,1,6.2265683692297955
VH,MPSZ03,MPSZ02,1,0.7646729806688193
VH,BDSZ04,NVSZ01,1,9.459263596389071
PT,BDSZ02,CHSZ03,1,8.34052314862001
WK,HGSZ05,HGSZ05,1,0.0
PT,AMSZ03,KLSZ07,1,5.653058103290977
PT,KLSZ06,SESZ03,1,9.951276190788278
VH,ORSZ01,ORSZ03,1,1.5190923520959723
WK,BPSZ01,BPSZ05,1,1.2990930537372278
PT,PRSZ03,NTSZ03,1,13.892079416363107
PT,BMSZ03,DTSZ05,1,3.787659890941118
VH,JWSZ09,JWSZ08,1,0.9403575284652649
WK,JWSZ09,JWSZ09,1,0.0
PT,JWSZ09,ORSZ02,1,15.010649443328516
PT,TPSZ02,DTSZ05,1,5.46832811275028
PT,TPSZ09,SESZ03,1,7.4204999508979075
PT,WDSZ02,WDSZ03,1,1.1650477156252987
PT,BPSZ03,MUSZ01,1,12.610827805406512
PT,WDSZ04,AMSZ04,1,9.365859527376783
PT,JESZ05,CLSZ04,1,3.174817557630327
PT,QTSZ08,BMSZ03,1,3.1290306280555815
PT,DTSZ05,YSSZ09,1,16.542268951385452
PT,TPSZ01,BSSZ01,1,2.2389513857650347
PT,NVSZ01,DTSZ05,1,4.6472306127580705
WK,DTSZ02,DTSZ02,1,0.0
PT,PGSZ03,PGSZ03,1,0.0
PT,MPSZ02,AMSZ01,1,9.547431608765185
PT,HGSZ04,NVSZ02,1,7.846713939040831
PT,WCSZ01,SBSZ03,1,15.924532028508949
PT,NVSZ02,BSSZ01,1,4.601943541926713
PT,YSSZ09,MPSZ03,1,16.614910037479355
PT,DTSZ11,SESZ03,1,13.837438823367988
WK,TMSZ03,TMSZ03,1,0.0
PT,OTSZ03,SESZ03,1,13.787593091207889
VH,TMSZ04,TMSZ02,1,1.5608180588962757
PT,BKSZ07,CHSZ03,1,27.85785936428942
VH,BDSZ04,PGSZ04,1,7.660949513374884
WK,OTSZ03,OTSZ04,1,0.6061735841782084
VH,SRSZ01,OTSZ03,1,1.4577375449082086
PT,TMSZ02,DTSZ02,1,12.89838457395138
PT,DTSZ08,GLSZ04,1,5.544565034141277
PT,GLSZ05,GLSZ04,1,1.665730792673618
VH,SGSZ04,HGSZ06,1,1.5591025686795772
PT,JESZ05,CLSZ05,1,2.32514081159075
PT,TPSZ08,KLSZ02,1,2.092227422735224
PT,QTSZ08,BMSZ06,1,3.311909544290531
PT,TPSZ03,WDSZ02,1,12.794328940747796
WK,JESZ05,JESZ03,1,0.6185017999780152
PT,SESZ04,SESZ05,1,1.063582276653897
VH,PRSZ05,WCSZ01,1,30.014660566464542
PT,SGSZ05,KLSZ08,1,3.8326702416831684
WK,TMSZ04,TMSZ04,1,0.0
PT,NVSZ01,NVSZ02,1,1.267584011192419
PT,BDSZ05,QTSZ11,1,16.12321157474884
PT,BTSZ01,TMSZ03,1,18.312611996430363
VH,JWSZ09,BPSZ02,1,8.782371273942953
WK,PGSZ02,PGSZ02,1,0.0
PT,BKSZ01,DTSZ11,1,14.82343886904127
PT,AMSZ12,WDSZ03,1,8.602631344290964
PT,JWSZ09,PRSZ03,1,27.558653152183727
PT,CLSZ04,AMSZ02,1,11.437002760388854
PT,NVSZ01,TPSZ07,1,1.099804979383132
WK,CKSZ06,CKSZ06,1,0.0
PT,DTSZ03,BMSZ06,1,4.385340758281176
PT,CKSZ06,BPSZ04,1,3.9306177102642175
PT,WDSZ04,DTSZ03,1,16.96670672470968
PT,BSSZ03,BSSZ03,1,0.0
PT,GLSZ05,GLSZ05,1,0.0
VH,PGSZ04,OTSZ03,1,14.806753324856446
WK,PGSZ03,PGSZ04,1,1.813530848549925
VH,TSSZ02,JESZ01,1,10.91820268049769
PT,QTSZ05,QTSZ06,1,0.6905306215092566
PT,OTSZ03,SESZ04,1,13.696746858480791
VH,OTSZ03,BMSZ17,1,1.801510566251981
VH,PGSZ03,SGSZ04,1,5.579635848707016
PT,SLSZ01,YSSZ03,1,2.8069598414174313
VH,BTSZ01,BKSZ07,1,2.606142587234807
PT,CLSZ04,BTSZ06,1,3.9356353608260166
VH,SGSZ06,TPSZ02,1,3.5040671156653205
WK,JWSZ09,JWSZ09,1,0.0
PT,TMSZ02,DTSZ03,1,12.325298708566573
PT,SESZ05,GLSZ03,1,6.19182403091475
WK,OTSZ04,DTSZ05,1,0.4639636126665308
PT,BDSZ03,DTSZ02,1,7.8194368545161606
PT,TPSZ12,HGSZ07,1,2.2995979464119514
PT,YSSZ02,OTSZ04,1,17.12010400535756
PT,CLSZ06,BTSZ01,1,3.0210693565893165
VH,WDSZ04,WDSZ03,1,1.5835624864458278
PT,BTSZ01,SGSZ06,1,11.132883768598345
VH,YSSZ02,YSSZ09,1,1.0963348161770936
VH,BMSZ12,JESZ02,1,10.09610881054205
PT,JWSZ02,BKSZ09,1,5.249428143879453
VH,SESZ03,BDSZ04,1,8.026016071672588
PT,QTSZ04,QTSZ08,1,0.7115463539517966
PT,SRSZ02,YSSZ03,1,15.380237286901218
PT,ORSZ02,WDSZ06,1,15.992766633637396
PT,HGSZ07,HGSZ05,1,2.7559690341873533
PT,SESZ02,MPSZ01,1,9.677585572257312
PT,ORSZ02,TMSZ04,1,14.057950066761318
PT,TMSZ02,TMSZ03,1,1.8211342041293208
PT,BMSZ02,AMSZ01,1,10.56788612647438
PT,TMSZ04,TMSZ02,1,1.5608180588962757
VH,AMSZ06,AMSZ01,1,0.8041193925714387
VH,NVSZ01,KLSZ06,1,1.8640868453461785
WK,HGSZ06,HGSZ07,1,0.9450377036360438
WK,WDSZ01,WDSZ02,1,0.7905033315597753
PT,SESZ06,PGSZ02,1,3.1891104601289886
WK,TMSZ02,TMSZ02,1,0.0
PT,SESZ03,BSSZ01,1,8.191644757943026
PT,PGSZ04,AMSZ12,1,6.5535226104941104
PT,DTSZ02,BPSZ04,1,12.865872036534844
PT,CHSZ03,BDSZ06,1,6.900932907316341
VH,BMSZ12,JWSZ08,1,14.412851069997284
PT,JWSZ09,JWSZ09,1,0.0
PT,CKSZ01,BKSZ03,1,3.207816691320493
PT,CLSZ04,QTSZ06,1,4.872255847096351
PT,TMSZ04,TMSZ04,1,0.0
PT,QTSZ07,JESZ01,1,9.88091857297689
PT,TMSZ02,DTSZ11,1,14.048301207762186
PT,NVSZ01,TPSZ02,1,0.9734769421077302
VH,PGSZ03,QTSZ08,1,16.542592004374374
PT,KLSZ03,DTSZ02,1,3.2795705787730047
PT,GLSZ02,OTSZ03,1,7.00509234830924
PT,DTSZ08,CKSZ02,1,15.670178147715749
PT,BPSZ02,BPSZ03,1,0.5664853816710722
PT,HGSZ08,SGSZ07,1,1.2159567567236487
WK,AMSZ03,AMSZ01,1,1.363824475326825
VH,HGSZ05,HGSZ05,1,0.0
VH,JESZ05,BTSZ01,1,3.254061357897813
PT,KLSZ02,DTSZ11,1,5.48200323542127
PT,PRSZ03,TMSZ02,1,1.9941353644937028
PT,BMSZ02,MUSZ02,1,3.32928874443523
WK,DTSZ01,DTSZ01,1,0.0
PT,BPSZ01,AMSZ10,1,9.535696776916161
PT,GLSZ04,HGSZ08,1,3.2912957854721365
PT,DTSZ08,BMSZ08,1,3.086394607861337
PT,DTSZ08,BTSZ01,1,10.827419563351057
PT,HGSZ08,YSSZ09,1,11.574892598435218
PT,SGSZ06,HGSZ04,1,2.9122391170608886
PT,BDSZ01,TMSZ03,1,3.2680309470558733
VH,TMSZ05,PGSZ03,1,11.439882156791562
VH,SESZ02,KLSZ06,1,9.945077829351897
PT,JWSZ02,CLSZ04,1,6.930785367020465
PT,TPSZ04,BDSZ02,1,8.165626470341262
VH,CKSZ02,WCSZ01,1,6.349306802050357
PT,WCSZ01,BLSZ02,1,7.394530399901513
WK,JESZ05,JESZ05,1,0.0
PT,BMSZ13,BMSZ01,1,1.0293958177027167
PT,QTSZ06,BMSZ08,1,2.2477449337097264
PT,HGSZ05,HGSZ05,1,0.0
VH,BKSZ05,KLSZ06,1,11.701053587078755
VH,CHSZ03,TMSZ02,1,5.590892298049903
PT,AMSZ10,SBSZ03,1,7.466557562876986
PT,GLSZ03,BMSZ13,1,11.389246054243774
WK,SESZ06,SESZ06,1,0.0
WK,TMSZ03,TMSZ03,1,0.0
VH,HGSZ08,BSSZ01,1,6.342873742591658
PT,CLSZ04,KLSZ08,1,10.962602933809757
PT,SBSZ01,DTSZ01,1,16.721672076154423
PT,DTSZ02,GLSZ02,1,5.269688790229116
PT,ORSZ03,WDSZ04,1,15.131457878696056
PT,NVSZ01,PGSZ02,1,10.853908171620594
PT,TNSZ04,BSSZ03,1,5.932431432246732
PT,QTSZ08,WDSZ03,1,15.949789699212772
VH,NVSZ02,SESZ06,1,9.39885244946822
PT,CLSZ01,BKSZ05,1,2.7873229280925647
PT,HGSZ04,SESZ04,1,2.350526084196146
PT,GLSZ05,QTSZ04,1,11.432102783297996
PT,BSSZ01,BTSZ01,1,7.0993213823554875
VH,SGSZ01,KLSZ07,1,7.960336782269668
PT,GLSZ05,SESZ04,1,8.677098780927729
PT,BPSZ05,ORSZ03,1,11.600320924921256
PT,SESZ05,ORSZ03,1,10.908424187761865
WK,BDSZ01,BDSZ01,1,0.0
VH,DTSZ01,PGSZ04,1,12.27370560919261
PT,JWSZ09,DTSZ11,1,18.183577628414994
PT,QTSZ02,QTSZ11,1,2.442437985112194
PT,DTSZ03,BPSZ03,1,14.273336502498971
PT,DTSZ05,TPSZ03,1,6.319934094121126
PT,YSSZ08,YSSZ01,1,1.392918013502601
PT,QTSZ11,GLSZ02,1,12.565453623223743
PT,AMSZ02,YSSZ03,1,6.193041958186695
PT,GLSZ03,BPSZ04,1,14.583817532562264
PT,PGSZ02,PGSZ02,1,0.0
PT,OTSZ03,NTSZ03,1,3.5609282213536493
VH,SESZ06,SESZ06,1,0.0
VH,BMSZ07,BMSZ09,1,2.331190000295614
PT,KLSZ06,KLSZ03,1,1.5304590855171583
PT,TPSZ02,TMSZ02,1,11.947843505570926
PT,HGSZ06,DTSZ07,1,10.062552497131128
PT,HGSZ01,DTSZ11,1,11.317163858232313
PT,BMSZ13,BMSZ13,1,0.0
PT,QTSZ06,QTSZ04,1,1.129647133355252
PT,WDSZ02,NTSZ03,1,15.195398690116043
WK,HGSZ05,HGSZ05,1,0.0
PT,WDSZ03,DTSZ11,1,19.24786661737373
PT,PGSZ05,AMSZ08,1,9.739872900956511
PT,SBSZ04,YSSZ02,1,3.2500291133674386
PT,AMSZ06,AMSZ09,1,0.8704479724667803
PT,DTSZ05,SESZ06,1,12.71284398765897
PT,SBSZ04,BMSZ01,1,20.939527137070506
VH,SESZ04,SESZ03,1,0.9952512670910597
PT,JESZ05,CLSZ07,1,4.30410564920362
VH,SGSZ06,GLSZ03,1,3.8233716996857776
PT,AMSZ03,KLSZ07,1,5.653058103290977
PT,QTSZ11,PRSZ05,1,21.87690057096877
PT,MPSZ03,TPSZ12,1,4.68974374204161
WK,DTSZ05,DTSZ08,1,0.6129048720467968
WK,YSSZ03,YSSZ03,1,0.0
WK,SBSZ01,SBSZ05,1,0.9561836464776637
PT,TMSZ03,BDSZ01,1,3.2680309470558733
PT,TPSZ03,TPSZ02,1,0.965516492332505
PT,OTSZ03,KLSZ08,1,4.50017124262559
PT,SGSZ06,DTSZ09,1,8.925782714820569
VH,YSSZ04,YSSZ04,1,0.0
PT,CLSZ06,CKSZ04,1,7.959117338545378
PT,QTSZ04,BMSZ08,1,3.2656597793413393
PT,BDSZ06,DTSZ08,1,11.654594428434788
PT,CCSZ01,AMSZ03,1,6.209168956534851
PT,BSSZ01,TPSZ03,1,2.7076891694029825
PT,BDSZ05,DTSZ03,1,7.213879914949417
PT,ORSZ03,BMSZ03,1,2.8478628272918938
PT,CHSZ03,PGSZ03,1,13.099665252929867
PT,PGSZ05,JESZ05,1,20.57480351124104
VH,GLSZ05,TPSZ03,1,6.021418320572102
PT,WDSZ04,PLSZ04,1,14.407813497506584
PT,JWSZ03,QTSZ09,1,7.567751333320144
PT,WDSZ01,CLSZ01,1,12.287541922785868
WK,HGSZ04,HGSZ05,1,0.9713078128166454
PT,OTSZ03,CKSZ02,1,15.154021434774993
PT,HGSZ06,SESZ03,1,3.7058342234958794
PT,GLSZ05,ORSZ02,1,7.424291986439421
PT,DTSZ01,MPSZ03,1,5.745123952267231
PT,DTSZ05,BDSZ06,1,11.214067516963254
WK,ORSZ03,ORSZ03,1,0.0
WK,TPSZ07,BSSZ03,1,2.090162196886959
PT,DTSZ11,DTSZ03,1,1.9734046899979458
PT,DTSZ05,SESZ04,1,13.022712014626789
PT,BDSZ04,BDSZ04,1,0.0
PT,KLSZ07,RCSZ09,1,1.3056522938417747
PT,JWSZ09,JWSZ08,1,0.9403575284652649
VH,AMSZ03,TPSZ03,1,2.7227174990409604
PT,BDSZ06,BDSZ04,1,1.3781452505148277
PT,QTSZ05,DTSZ02,1,5.029089430873017
WK,JWSZ02,JWSZ02,1,0.0
WK,CLSZ06,CLSZ06,1,0.0
VH,RCSZ01,BDSZ06,1,10.365356289640395
PT,QTSZ11,CLSZ06,1,2.335706003322094
PT,QTSZ11,QTSZ11,1,0.0
PT,MPSZ02,TPSZ04,1,6.303870385368385
PT,NVSZ01,KLSZ06,1,1.8640868453461785
VH,BMSZ10,TNSZ02,1,1.7113342714316204
PT,BDSZ04,DTSZ03,1,9.504899735462661
WK,JWSZ09,JWSZ09,1,0.0
PT,BMSZ14,QTSZ08,1,4.005461430260487
VH,PGSZ03,TPSZ06,1,8.481919997752192
VH,DTSZ02,CLSZ03,1,11.19883464246401
PT,PGSZ04,CKSZ01,1,17.445411289455958
PT,BDSZ04,OTSZ03,1,11.697349354766779
PT,TMSZ02,DTSZ05,1,13.636756124005556
PT,BDSZ01,BDSZ01,1,0.0
WK,QTSZ14,BMSZ01,1,2.3310314719625698
PT,WDSZ09,DTSZ05,1,20.13957763026074
PT,TPSZ02,TPSZ03,1,0.965516492332505
PT,PGSZ05,PGSZ02,1,1.695802786427982
PT,YSSZ09,WDSZ03,1,3.422882487435982
PT,TPSZ07,AMSZ02,1,4.567744096307257
PT,BMSZ11,BMSZ07,1,2.2217860687974498
PT,DTSZ05,TPSZ12,1,6.83312839402159
WK,WDSZ04,WDSZ04,1,0.0
PT,DTSZ11,RVSZ03,1,3.2087073136011965
PT,CKSZ02,CKSZ05,1,1.8836892903230111
PT,MUSZ01,ORSZ02,1,1.578329271639839
PT,TPSZ02,TPSZ06,1,1.4767044789646766
PT,NVSZ02,GLSZ04,1,4.543896392175608
PT,KLSZ08,TPSZ09,1,2.1104212264013995
PT,CLSZ04,JWSZ04,1,5.404620893405422
PT,CKSZ06,QTSZ11,1,12.069168207523715
VH,BDSZ03,MPSZ03,1,2.603159149303617
PT,SGSZ04,SESZ05,1,3.576088234253757
WK,DTSZ08,OTSZ03,1,0.5933682078899496
PT,QTSZ10,BMSZ11,1,6.023837293502303
PT,TMSZ02,TPSZ12,1,7.912519061822541
PT,WDSZ06,WCSZ01,1,11.36127418455019
PT,BMSZ12,BMSZ13,1,0.6201357450343996
PT,YSSZ01,SGSZ07,1,9.928426051424632
VH,CKSZ01,BKSZ05,1,3.0538035400327788
VH,JWSZ03,JESZ04,1,2.144609977187478
PT,TNSZ04,QTSZ08,1,3.035995237552461
PT,BSSZ03,CHSZ03,1,16.454752513047037
PT,TPSZ10,TPSZ10,1,0.0
PT,SESZ03,BMSZ05,1,14.27805894835435
WK,JWSZ09,JWSZ09,1,0.0
PT,SESZ04,NVSZ02,1,9.974741145424334
WK,BSSZ01,BSSZ01,1,0.0
PT,WDSZ01,WDSZ06,1,0.9962859436397019
PT,CLSZ09,JWSZ04,1,4.727254508256399
PT,AMSZ01,TMSZ04,1,12.438617251098414
PT,QTSZ05,BLSZ02,1,11.354417409844908
PT,SESZ06,GLSZ01,1,7.709761748400441
PT,BMSZ04,QTSZ09,1,6.300522212332892
PT,QTSZ11,YSSZ09,1,16.198475493288665
PT,JWSZ08,TSSZ04,1,6.372005906060949
PT,BPSZ01,JESZ04,1,6.633607265643501
PT,AMSZ02,SGSZ04,1,1.7836922077669188
PT,BTSZ01,BTSZ01,1,0.0
PT,BSSZ03,AMSZ04,1,1.7991692115367897
VH,CLSZ06,CLSZ05,1,1.0042078864973587
PT,JESZ05,PGSZ04,1,19.953121136521325
VH,PGSZ05,CKSZ06,1,18.544098175343592
PT,ORSZ02,DTSZ05,1,3.161833222093884
WK,BMSZ09,BMSZ08,1,0.9449256600662472
PT,BKSZ05,BTSZ06,1,5.355356877453587
PT,CLSZ06,JWSZ08,1,8.398410045240128
PT,JESZ05,BDSZ04,1,21.49468574123992
PT,BKSZ02,BKSZ07,1,1.6583169518669376
PT,HGSZ05,WDSZ03,1,11.083853167802742
VH,GLSZ04,BTSZ01,1,12.721298497375354
VH,HGSZ05,HGSZ05,1,0.0
PT,PGSZ01,GLSZ05,1,11.07749602388079
PT,DTSZ05,CLSZ04,1,10.094342046911331
VH,DTSZ03,GLSZ04,1,3.653010975992008
VH,BPSZ05,JESZ05,1,5.434841826483245
WK,BMSZ07,BMSZ07,1,0.0
PT,BMSZ03,BMSZ17,1,3.306366903841083
PT,NVSZ04,DTSZ05,1,5.841949163250831
PT,TPSZ09,TPSZ09,1,0.0
PT,PRSZ05,ORSZ02,1,15.768963448778594
PT,BDSZ03,DTSZ03,1,7.213202254188602
WK,AMSZ05,AMSZ01,1,1.076953446773142
PT,GLSZ04,TMSZ05,1,9.64817992143521
VH,TMSZ02,GLSZ02,1,7.933282288409142
VH,BDSZ04,DTSZ05,1,10.783708417296742
WK,DTSZ03,DTSZ02,1,0.7315950200170801
PT,DTSZ01,KLSZ01,1,2.6442884766553574
PT,BMSZ12,SRSZ01,1,3.3261964323294477
VH,DTSZ05,SESZ04,1,13.022712014626789
WK,CLSZ04,CLSZ04,1,0.0
PT,SESZ02,SESZ03,1,0.9264025278629129
PT,CLSZ07,QTSZ11,1,1.2894620495882865
VH,SGSZ02,AMSZ10,1,2.3783896579543344
VH,NVSZ02,WDSZ03,1,14.476577536121003
PT,WDSZ05,SESZ03,1,13.890837076023027
PT,TMSZ04,YSSZ09,1,16.973740135242906
PT,BKSZ01,BPSZ04,1,2.0608049702147597
VH,CLSZ04,CKSZ03,1,7.748648521561396
PT,BPSZ03,DTSZ03,1,14.273336502498971
PT,BDSZ04,KLSZ05,1,7.460420984539587
PT,QTSZ12,QTSZ05,1,2.1974497078735005
PT,YSSZ09,QTSZ13,1,17.036920378140106
PT,TMSZ02,TMSZ04,1,1.5608180588962757
PT,YSSZ01,TPSZ02,1,10.500321943712105
PT,BDSZ06,SGSZ06,1,8.898520899298843
PT,BPSZ01,BDSZ03,1,18.540411643888437
PT,QTSZ11,BMSZ04,1,5.739133031223165
WK,DTSZ11,OTSZ03,1,1.0816800804911224
PT,OTSZ01,MPSZ03,1,7.814810350617933
PT,SESZ04,SESZ04,1,0.0
PT,YSSZ09,YSSZ09,1,0.0
PT,HGSZ03,SGSZ04,1,3.733068176976207
PT,BSSZ03,BKSZ03,1,12.332917276306368
PT,TPSZ02,SGSZ03,1,5.5511905848957275
PT,WDSZ09,WDSZ06,1,1.5712668037671202
VH,BMSZ07,QTSZ10,1,3.8024316265516185
PT,BMSZ05,WDSZ02,1,18.442720356122862
WK,AMSZ02,AMSZ02,1,0.0
PT,BMSZ13,KLSZ09,1,6.671980928018564
PT,PRSZ03,DTSZ01,1,13.043512559829734
PT,QTSZ08,KLSZ01,1,8.307398167450954
PT,BPSZ01,WDSZ01,1,6.418382461424853
PT,MUSZ03,SGSZ04,1,7.637315211262067
WK,OTSZ03,DTSZ08,1,0.5933682078899496
PT,TPSZ06,SESZ03,1,7.484384499628202
PT,BDSZ04,JWSZ08,1,26.85222776898317
PT,NTSZ03,NVSZ02,1,0.8216015706308637
PT,DTSZ11,BTSZ01,1,11.342385586963172
PT,QTSZ05,GLSZ03,1,10.46573151124427
PT,AMSZ07,BKSZ03,1,10.068510651202052
PT,TPSZ03,HGSZ06,1,4.259535721422967
PT,DTSZ09,QTSZ01,1,7.571054389895702
PT,RCSZ01,DTSZ11,1,3.724079874036689
PT,NVSZ01,TMSZ05,1,13.12627025168729
PT,BPSZ04,BPSZ02,1,1.3499789105701354
PT,SGSZ07,NTSZ03,1,5.7796805450539175
PT,MPSZ02,DTSZ05,1,6.278122198339496
PT,NVSZ01,KLSZ06,1,1.8640868453461785
VH,BMSZ13,PRSZ03,1,18.7489658993905
PT,RCSZ01,PGSZ03,1,11.535483161651948
PT,JWSZ08,JWSZ09,1,0.9403575284652649
WK,DTSZ02,DTSZ01,1,0.8112413736091982
PT,TSSZ05,BPSZ06,1,17.130545236679303
VH,YSSZ09,YSSZ03,1,1.7688742052165112
VH,TPSZ03,SGSZ06,1,2.679937764637681
PT,WDSZ02,YSSZ09,1,4.494710631795676
WK,KLSZ01,KLSZ01,1,0.0
PT,JWSZ09,DTSZ01,1,17.708959617548228
PT,MUSZ03,SESZ05,1,10.83899747147561
PT,CKSZ02,BPSZ05,1,2.1993511415909817
WK,HGSZ02,HGSZ01,1,0.7510371002354921
WK,ORSZ02,NTSZ03,1,0.9617985697822504
VH,JWSZ09,BKSZ02,1,5.686855919761207
WK,JWSZ09,JWSZ09,1,0.0
PT,SESZ06,NVSZ02,1,9.39885244946822
WK,SBSZ04,SBSZ04,1,0.0
PT,PRSZ02,TMSZ03,1,3.4468681481832695
PT,SGSZ07,BSSZ03,1,2.6962666875982104
WK,BMSZ07,BMSZ03,1,0.842100662795205
VH,KLSZ08,WDSZ02,1,16.225816213618582
VH,QTSZ08,CLSZ05,1,4.4762980054205155
VH,GLSZ04,HGSZ03,1,7.048832362074866
PT,DTSZ03,TNSZ02,1,4.078506511849941
WK,TMSZ02,TMSZ02,1,0.0
PT,QTSZ04,TPSZ06,1,7.933811564437317
PT,WDSZ03,CKSZ03,1,8.690456090894205
WK,HGSZ06,SGSZ06,1,1.628829512348083
PT,JWSZ09,JWSZ09,1,0.0
WK,JESZ05,JESZ03,1,0.6185017999780152
PT,WDSZ01,WDSZ03,1,1.9549224562619225
PT,OTSZ04,DTSZ08,1,0.6753187175533386
PT,TMSZ02,CKSZ03,1,22.88562172381374
WK,BDSZ06,BDSZ04,1,1.3781452505148277
WK,TMSZ02,TMSZ02,1,0.0
PT,JWSZ09,BLSZ04,1,3.898998581180119
WK,GLSZ05,GLSZ05,1,0.0
PT,CKSZ02,BSSZ03,1,12.183500492907996
WK,SGSZ06,SGSZ06,1,0.0
PT,TSSZ03,BKSZ04,1,11.840861074559866
PT,TPSZ05,JWSZ06,1,17.726933137707285
PT,SESZ06,AMSZ01,1,4.135723879499389
PT,DTSZ02,BDSZ04,1,10.133199309040231
PT,RVSZ04,RCSZ05,1,2.205587922687383
PT,BTSZ03,NVSZ01,1,7.4844820287824145
WK,DTSZ05,DTSZ05,1,0.0
PT,OTSZ03,WDSZ02,1,18.703502611310146
PT,YSSZ08,WDSZ01,1,5.412064340750489
PT,HGSZ06,DTSZ08,1,10.01781020762319
PT,DTSZ05,DTSZ02,1,0.9984294889783903
PT,RCSZ10,BDSZ04,1,9.84356523760093
PT,OTSZ03,BDSZ04,1,11.697349354766779
PT,WDSZ05,OTSZ03,1,18.112920481568985
PT,BMSZ04,QTSZ06,1,2.825828879205458
VH,SESZ03,GLSZ03,1,6.893407627631798
PT,PRSZ03,DTSZ01,1,13.043512559829734
PT,TMSZ01,BDSZ04,1,3.9967402187161745
PT,WDSZ05,WDSZ05,1,0.0
PT,SESZ03,QTSZ08,1,15.756089750431935
PT,MUSZ01,TPSZ02,1,3.7584643865325513
PT,BSSZ03,BSSZ03,1,0.0
WK,AMSZ01,AMSZ02,1,0.8098454795607932
PT,BKSZ07,JESZ05,1,1.8651432569207955
VH,BSSZ01,BSSZ03,1,2.463913530065902
PT,BSSZ01,BDSZ01,1,8.934994591246342
PT,DTSZ11,BMSZ12,1,4.93030026481685
PT,BMSZ07,GLSZ02,1,9.502757207236675
PT,SGSZ01,SGSZ06,1,3.506978622423547
VH,YSSZ05,QTSZ11,1,14.763827300041445
PT,JWSZ03,JWSZ04,1,1.7107282695398258
PT,QTSZ12,CKSZ05,1,12.983704590348985
PT,QTSZ06,CLSZ04,1,4.872255847096351
VH,PGSZ05,PGSZ02,1,1.695802786427982
WK,DTSZ02,DTSZ02,1,0.0
VH,JWSZ02,CKSZ06,1,7.34043209881655
PT,DTSZ02,BDSZ04,1,10.133199309040231
WK,TPSZ06,TPSZ02,1,1.4767044789646766
PT,CLSZ07,CLSZ07,1,0.0
WK,AMSZ06,AMSZ06,1,0.0
PT,RVSZ05,DTSZ08,1,2.125306663696675
PT,TPSZ05,TMSZ03,1,8.806481235961805
PT,BDSZ01,AMSZ01,1,8.10930554643542
VH,BSSZ03,ORSZ02,1,5.440020592433535
WK,YSSZ01,YSSZ09,1,0.8885412780857345
PT,SBSZ04,DTSZ11,1,20.571346129187994
PT,QTSZ05,OTSZ03,1,4.389088082585871
PT,WDSZ06,JWSZ04,1,12.949550492530316
WK,BDSZ01,BDSZ01,1,0.0
WK,WDSZ03,WDSZ03,1,0.0
PT,KLSZ01,SESZ04,1,8.588062463253305
PT,TPSZ03,PGSZ04,1,9.126440545691352
PT,SESZ04,KLSZ07,1,9.963547134544914
PT,BMSZ05,SESZ03,1,14.27805894835435
PT,TPSZ04,CHSZ03,1,16.504108196492812
VH,DTSZ03,PGSZ05,1,13.616189375390887
PT,JWSZ09,CHSZ03,1,33.238135051855664
VH,BDSZ03,GLSZ03,1,2.1823421825580493
PT,CHSZ03,WDSZ01,1,26.118762738992306
VH,HGSZ03,TPSZ11,1,5.467840669638804
PT,SBSZ03,YSSZ09,1,2.244423832083414
PT,PGSZ03,CHSZ03,1,13.099665252929867
PT,TMSZ02,TMSZ02,1,0.0
VH,BDSZ02,TMSZ03,1,1.426330615584882
PT,HGSZ05,HGSZ05,1,0.0
PT,TPSZ12,SGSZ06,1,2.167929743490486
VH,JWSZ08,JESZ05,1,5.463998465400654
PT,YSSZ04,WDSZ03,1,4.726109808227488
WK,BDSZ04,BDSZ02,1,1.517590146979497
PT,QTSZ01,QTSZ05,1,2.759169940443602
PT,GLSZ04,WDSZ03,1,16.767939949864523
PT,HGSZ05,SGSZ02,1,1.9782563954446948
PT,CHSZ03,BKSZ05,1,26.37280273775941
PT,NVSZ01,KLSZ09,1,3.096692778120035
PT,NVSZ02,BSSZ03,1,3.75325190070528
PT,BKSZ05,WCSZ01,1,8.756646641547668
PT,DTSZ08,GLSZ04,1,5.544565034141277
VH,BDSZ03,NVSZ02,1,8.130818413987075
WK,DTSZ05,DTSZ05,1,0.0
WK,JWSZ08,JWSZ08,1,0.0
PT,AMSZ10,CKSZ05,1,11.110137851832945
VH,NVSZ02,NVSZ01,1,1.267584011192419
PT,TMSZ02,BDSZ01,1,5.084701843817833
PT,BDSZ04,TMSZ05,1,3.6785665957272142
VH,TMSZ04,TMSZ04,1,0.0
PT,HGSZ02,DTSZ01,1,9.13274225526928
VH,PNSZ01,JWSZ08,1,2.712860058118819
PT,BTSZ03,BKSZ06,1,5.142611765634581
PT,JESZ06,CLSZ06,1,2.3019249280754255
PT,BKSZ03,JESZ01,1,1.490880947913619
PT,CLSZ06,JWSZ08,1,8.398410045240128
WK,ORSZ02,ORSZ03,1,0.8534670569351773
PT,BMSZ10,BMSZ01,1,2.599509220363546
PT,SGSZ03,QTSZ15,1,15.372368250138381
PT,GLSZ03,BMSZ16,1,9.045001239505865
VH,HGSZ04,SGSZ06,1,2.9122391170608886
VH,QTSZ08,YSSZ04,1,14.343949148830461
PT,DTSZ03,PGSZ05,1,13.616189375390887
WK,TMSZ03,TMSZ03,1,0.0
PT,DTSZ03,BKSZ01,1,14.258576744970759
PT,YSSZ03,YSSZ03,1,0.0
PT,CKSZ02,BMSZ16,1,14.992462958855663
PT,BSSZ02,BTSZ01,1,8.355038635512466
VH,TMSZ02,GLSZ04,1,8.737233511326789
PT,YSSZ05,AMSZ01,1,4.03563902202246
PT,JWSZ08,JWSZ06,1,1.4888502064132552
PT,BPSZ04,TMSZ04,1,20.383931856414446
PT,AMSZ03,BKSZ07,1,11.837939876439162
PT,TSSZ05,WDSZ01,1,22.711004138563545
PT,YSSZ03,YSSZ04,1,1.4331729019073896
PT,AMSZ01,HGSZ02,1,5.725609110540617
PT,KLSZ06,BSSZ02,1,5.094022940132291
PT,SGSZ06,SGSZ01,1,3.506978622423547
PT,MUSZ01,SESZ03,1,11.85020276599691
PT,OTSZ02,KLSZ09,1,3.2809268799764495
PT,ORSZ01,BSSZ03,1,5.847492452629849
PT,BPSZ05,DTSZ11,1,14.699280581053403
VH,BDSZ04,SESZ03,1,8.026016071672588
PT,DTSZ05,BSSZ01,1,8.481903812394235
PT,GLSZ02,BSSZ03,1,4.363478671272283
WK,TMSZ05,TMSZ05,1,0.0
PT,BMSZ12,BMSZ01,1,1.6055679226966604
WK,WDSZ03,WDSZ03,1,0.0
PT,AMSZ09,DTSZ11,1,11.823129524767312
PT,OTSZ01,MUSZ01,1,1.6051462079652747
PT,BMSZ15,DTSZ01,1,4.47271066607535
PT,ORSZ03,PRSZ04,1,15.591163301958154
PT,DTSZ11,DTSZ03,1,1.9734046899979458
PT,JESZ05,AMSZ11,1,13.397203198130725
PT,CCSZ01,BTSZ01,1,5.425231007409944
WK,GLSZ04,GLSZ04,1,0.0
VH,JWSZ08,JWSZ08,1,0.0
PT,JWSZ08,BMSZ08,1,15.552161627306292
PT,YSSZ03,AMSZ10,1,4.7060653668352295
PT,CHSZ03,GLSZ04,1,13.555510697111119
PT,SKSZ01,WDSZ02,1,3.63170148766113
PT,YSSZ01,WDSZ03,1,4.288816524478815
VH,JESZ05,TMSZ02,1,23.304310785649946
PT,BMSZ14,BMSZ12,1,1.4296147450444732
VH,CHSZ03,JWSZ09,1,33.238135051855664
PT,HGSZ04,GLSZ05,1,6.4466612645520645
VH,TPSZ09,CKSZ03,1,14.333043142806183
PT,YSSZ02,CKSZ05,1,11.360177162210382
PT,HGSZ02,ORSZ02,1,10.212638138471526
VH,BKSZ05,JESZ03,1,2.827871892297989
WK,QTSZ08,QTSZ08,1,0.0
PT,KLSZ01,DTSZ08,1,5.054444609289711
PT,BMSZ07,QTSZ02,1,2.84118870531852
VH,BSSZ03,YSSZ04,1,7.816736646743787
PT,OTSZ03,CLSZ08,1,9.304348871969124
WK,BSSZ02,BSSZ02,1,0.0
PT,DTSZ09,KLSZ02,1,5.764012071864678
PT,HGSZ01,SGSZ06,1,3.016609770720424
PT,SGSZ04,SGSZ05,1,1.6318777893787308
PT,QTSZ08,WDSZ03,1,15.949789699212772
PT,CLSZ04,CKSZ03,1,7.748648521561396
PT,SBSZ06,QTSZ08,1,18.541987669868437
WK,JWSZ09,JWSZ09,1,0.0
PT,JWSZ08,OTSZ03,1,18.03415666884145
PT,TPSZ04,TPSZ12,1,3.2598091345521736
PT,DTSZ11,HGSZ08,1,8.52345932612555
PT,YSSZ03,DTSZ05,1,16.03987623705303
PT,DTSZ11,BMSZ01,1,4.383631935244652
PT,BMSZ12,BMSZ01,1,1.6055679226966604
PT,HGSZ01,SESZ03,1,2.534444316060849
PT,PGSZ02,TMSZ01,1,6.316389169774593
VH,BDSZ04,BDSZ06,1,1.3781452505148277
VH,SGSZ06,BDSZ01,1,4.702754402809595
PT,AMSZ02,WDSZ03,1,9.576336395394701
PT,KLSZ06,CKSZ03,1,14.889508053954948
PT,AMSZ04,SGSZ04,1,2.04288300841357
PT,OTSZ04,QTSZ05,1,4.533424316608602
PT,BMSZ05,PGSZ04,1,15.364221222319154
PT,BMSZ01,TMSZ04,1,17.539243278694812
PT,GLSZ05,BDSZ04,1,4.4484831020133795
PT,AMSZ05,GLSZ02,1,6.888971174552041
PT,HGSZ08,WDSZ05,1,15.407967748640214
PT,HGSZ06,AMSZ06,1,4.713838014633891
WK,SESZ03,SESZ03,1,0.0
PT,DTSZ03,SESZ03,1,11.867096099365066
PT,AMSZ02,YSSZ09,1,6.984940419931736
PT,WDSZ03,TNSZ02,1,16.212698129759087
VH,AMSZ01,SBSZ01,1,8.484038622808013
WK,YSSZ04,YSSZ08,1,1.0199676471982402
PT,QTSZ13,SGSZ06,1,12.433971374789808
WK,BMSZ04,BMSZ04,1,0.0
PT,BSSZ02,TNSZ04,1,5.672201594034852
PT,SGSZ04,KLSZ05,1,6.986560150968985
PT,GLSZ05,TMSZ03,1,5.460103820270141
VH,JESZ05,YSSZ09,1,14.670956311843588
PT,WCSZ01,PRSZ02,1,27.80135196389777
VH,WCSZ01,BSSZ01,1,16.07808518329429
PT,TMSZ04,PRSZ03,1,3.554865866429268
PT,YSSZ08,QTSZ14,1,16.06510935269034
PT,HGSZ02,HGSZ01,1,0.7510371002354921
PT,YSSZ02,WDSZ06,1,6.931176162459793
WK,TMSZ02,TMSZ02,1,0.0
PT,JESZ05,JWSZ04,1,2.3929114480591256
PT,SGSZ07,HGSZ08,1,1.2159567567236487
PT,PGSZ02,GLSZ03,1,8.847339852728522
PT,NVSZ02,SBSZ03,1,14.582448745541871
PT,JESZ02,BLSZ04,1,6.613836730961173
PT,NVSZ03,MUSZ01,1,2.974248035666752
PT,HGSZ05,PGSZ05,1,4.333423475286809
VH,AMSZ03,SBSZ01,1,9.63941224124598
PT,NVSZ02,WDSZ03,1,14.476577536121003
VH,CHSZ03,WDSZ03,1,24.474051696288676
PT,OTSZ03,MPSZ01,1,5.813759816269187
PT,SBSZ06,BKSZ07,1,15.589232776368139
PT,MUSZ01,CLSZ03,1,10.149860911950483
WK,SESZ06,SESZ06,1,0.0
VH,TNSZ03,SESZ03,1,13.709987303759517
VH,WCSZ01,WCSZ01,1,0.0
PT,HGSZ07,BMSZ01,1,12.723516843235299
WK,QTSZ05,QTSZ05,1,0.0
PT,WDSZ09,BKSZ05,1,10.727907105594534
PT,ORSZ03,GLSZ04,1,5.177503428570169
PT,CLSZ04,BMSZ03,1,6.526734989944402
VH,BPSZ03,BPSZ05,1,1.1253728669166327
PT,QTSZ09,QTSZ01,1,1.1464658706683157
VH,CLSZ01,BTSZ01,1,1.824015964668743
WK,SESZ02,SESZ02,1,0.0
PT,TSSZ03,CLSZ04,1,12.898127127014378
VH,JWSZ03,OTSZ03,1,15.692771937909034
PT,NVSZ02,AMSZ06,1,6.217438334820094
PT,BMSZ10,CKSZ03,1,14.598920749617792
PT,WDSZ01,HGSZ04,1,13.386899190948935
VH,HGSZ05,SESZ05,1,1.0428251626291736
PT,SESZ03,BMSZ17,1,15.58900183963848
WK,JESZ05,JESZ05,1,0.0
PT,BSSZ01,AMSZ01,1,2.330062203630164
PT,TMSZ03,CHSZ03,1,7.233706147633916
PT,HGSZ06,ORSZ03,1,8.293811623842375
PT,SESZ05,HGSZ07,1,3.143810476015363
VH,TMSZ03,BDSZ03,1,3.4743062726524045
VH,SESZ06,CHSZ03,1,14.829547527202845
WK,QTSZ08,QTSZ10,1,1.427255504833849
PT,GLSZ02,TMSZ03,1,6.112628931819386
PT,CLSZ06,QTSZ01,1,2.7150316756116557
PT,TPSZ02,TPSZ04,1,0.8358827334321068
PT,GLSZ05,DTSZ08,1,6.956777825604808
WK,SESZ06,SESZ06,1,0.0
PT,HGSZ01,CHSZ03,1,12.429747409028167
PT,BTSZ01,JESZ05,1,3.254061357897813
PT,DTSZ12,JESZ02,1,14.742264245870787
PT,MPSZ03,DTSZ03,1,5.458312316417053
PT,KLSZ06,GLSZ04,1,2.744931672361884
PT,QTSZ10,BMSZ07,1,3.8024316265516185
PT,MUSZ03,QTSZ05,1,4.587343583985422
PT,WDSZ02,TPSZ06,1,13.675187563860117
WK,TMSZ04,TMSZ04,1,0.0
PT,AMSZ01,AMSZ03,1,1.363824475326825
VH,AMSZ04,BSSZ01,1,1.9924536063797271
PT,SBSZ04,SBSZ03,1,1.203473776478544
WK,HGSZ02,HGSZ01,1,0.7510371002354921
PT,BKSZ05,CKSZ03,1,3.7324497524941984
PT,TPSZ03,TPSZ06,1,1.0848818614084275
PT,ORSZ02,HGSZ07,1,8.295784800679039
PT,BTSZ04,QTSZ09,1,0.7175950072600915
VH,BKSZ05,BTSZ01,1,2.1505630256045407
PT,AMSZ07,NVSZ02,1,6.485944342152456
WK,BDSZ04,BDSZ06,1,1.3781452505148277
PT,CHSZ02,SGSZ06,1,12.055418750939612
PT,DTSZ08,TPSZ04,1,6.313553936519013
PT,OTSZ03,BDSZ04,1,11.697349354766779
PT,CLSZ04,SRSZ01,1,8.344248214523583
PT,NVSZ02,AMSZ03,1,5.376582019102376
PT,SGSZ06,SGSZ06,1,0.0
PT,BDSZ04,DTSZ05,1,10.783708417296742
PT,BKSZ02,CLSZ01,1,3.565033014304548
PT,QTSZ08,JWSZ04,1,8.753793101044835
PT,KLSZ01,BDSZ01,1,5.507735518138949
WK,GLSZ05,GLSZ05,1,0.0
PT,QTSZ11,BMSZ01,1,5.112037293513128
WK,QTSZ14,QTSZ14,1,0.0
VH,QTSZ14,CLSZ08,1,4.46927664260024
PT,CLSZ01,JWSZ09,1,6.101791069119208
PT,CLSZ04,CLSZ06,1,0.7914849055353017
VH,GLSZ05,BDSZ05,1,2.4661511449633133
PT,HGSZ03,AMSZ10,1,5.770754504549983
VH,BDSZ01,BDSZ01,1,0.0
VH,GLSZ05,GLSZ05,1,0.0
PT,BKSZ07,QTSZ02,1,6.6166341986972546
PT,JWSZ09,BLSZ02,1,2.5274428480289526
PT,ORSZ03,GLSZ04,1,5.177503428570169
PT,CHSZ02,PGSZ04,1,7.970231133987104
PT,AMSZ01,BSSZ01,1,2.330062203630164
WK,AMSZ10,AMSZ10,1,0.0
PT,CLSZ04,WDSZ02,1,13.820878489678597
WK,QTSZ08,BTSZ07,1,2.181504046420334
PT,QTSZ08,WDSZ02,1,15.752865950344395
PT,GLSZ02,GLSZ05,1,1.8655612787038267
PT,PNSZ02,JWSZ09,1,4.610065908926152
PT,OTSZ03,QTSZ08,1,6.1905751342633355
PT,AMSZ02,DTSZ11,1,10.792095553669073
VH,PGSZ04,HGSZ06,1,4.904126959456134
PT,BDSZ04,MPSZ03,1,4.4070958391624195
PT,BDSZ04,GLSZ04,1,6.095252884793878
PT,BMSZ04,HGSZ05,1,12.378793230706593
VH,BKSZ03,JESZ05,1,2.5079224896408996
PT,HGSZ07,DTSZ05,1,9.041535061400829
PT,BPSZ05,QTSZ08,1,9.07185687832771
PT,PGSZ04,BDSZ03,1,7.789495211524726
PT,NVSZ02,BPSZ03,1,10.918416443505086
PT,BMSZ12,JESZ03,1,9.271066047443004
VH,SESZ06,SESZ03,1,2.3877316708630167
VH,DTSZ03,RCSZ10,1,1.1465008237459764
PT,YSSZ09,YSSZ01,1,0.8885412780857345
PT,QTSZ11,BMSZ13,1,4.182606663024169
PT,AMSZ02,AMSZ01,1,0.8098454795607932
PT,TPSZ11,MUSZ03,1,4.91613109771124
PT,OTSZ03,BPSZ05,1,13.711061778163108
PT,SESZ06,SESZ04,1,1.4130001556698468
PT,SESZ05,SESZ03,1,1.1358929114864125
PT,HGSZ02,HGSZ04,1,1.4399878214299235
PT,CHSZ03,BPSZ03,1,25.890365297967573
WK,TMSZ03,TMSZ03,1,0.0
WK,TMSZ03,TMSZ03,1,0.0
PT,AMSZ01,SESZ04,1,5.292373483128956
PT,BKSZ05,JWSZ03,1,4.805726610909854
PT,NVSZ01,BMSZ07,1,6.255250979521635
PT,BKSZ06,BTSZ01,1,3.427912552757947
PT,DTSZ01,BPSZ05,1,13.135281077648846
PT,WCSZ01,JWSZ09,1,4.867229736806335
VH,WDSZ03,WDSZ01,1,1.9549224562619225
PT,PGSZ03,AMSZ08,1,7.836979415573584
PT,TMSZ03,BTSZ01,1,18.312611996430363
WK,GLSZ05,GLSZ03,1,1.4227448334206714
PT,BTSZ01,BPSZ06,1,3.397330510811213
PT,TMSZ05,TMSZ02,1,3.4331063209557158
PT,WDSZ03,TSSZ03,1,21.039847328187854
WK,WDSZ06,WDSZ06,1,0.0
PT,WDSZ03,SBSZ06,1,4.302982043065952
PT,AMSZ06,KLSZ07,1,6.75064806890356
PT,PRSZ03,ORSZ02,1,14.814728317007713
PT,ORSZ03,TMSZ04,1,13.525313329094072
PT,WDSZ04,AMSZ12,1,8.365240824901623
VH,JESZ05,WDSZ02,1,13.056578176594098
VH,AMSZ01,SGSZ04,1,2.472488583151166
WK,BMSZ13,BMSZ13,1,0.0
PT,BSSZ01,AMSZ04,1,1.9924536063797271
PT,DTSZ05,SESZ06,1,12.71284398765897
PT,OTSZ03,BSSZ01,1,8.732135865451442
PT,CKSZ06,BTSZ01,1,7.460364019032053
PT,PGSZ04,PGSZ05,1,0.8229474483573144
PT,JWSZ09,ORSZ02,1,15.010649443328516
PT,KLSZ09,QTSZ04,1,7.46279964386282
PT,CLSZ06,TSSZ03,1,12.53928997891997
PT,QTSZ08,CKSZ02,1,9.921174697899335
VH,BPSZ05,QTSZ11,1,8.96328372259818
PT,QTSZ12,QTSZ11,1,2.148375232029973
VH,CHSZ03,YSSZ05,1,18.52602010631296
PT,SGSZ04,HGSZ07,1,2.3123199821988183
VH,GLSZ03,BSSZ03,1,5.3391075755442134
PT,BTSZ01,JWSZ04,1,5.61080127362302
PT,ORSZ02,ORSZ03,1,0.8534670569351773
PT,SESZ03,SESZ02,1,0.9264025278629129
PT,SGSZ04,QTSZ12,1,11.931652727165464
PT,TMSZ02,WCSZ01,1,29.231844280037286
VH,DTSZ01,NVSZ01,1,2.9833612750160183
VH,DTSZ05,DTSZ08,1,0.6129048720467968
PT,GLSZ04,GLSZ03,1,2.2208826856539945
PT,YSSZ04,YSSZ01,1,0.916928626122495
VH,HGSZ06,SESZ06,1,3.6147937295817827
PT,SBSZ05,ORSZ02,1,16.479227949176174
PT,BMSZ09,BMSZ08,1,0.9449256600662472
VH,NVSZ02,SESZ04,1,9.974741145424334
PT,GLSZ03,SESZ03,1,6.893407627631798
PT,BMSZ10,DTSZ05,1,2.1807242873610173
PT,AMSZ03,NVSZ02,1,5.376582019102376
PT,HGSZ05,HGSZ04,1,0.9713078128166454
VH,TPSZ02,DTSZ03,1,4.785765176001042
WK,YSSZ09,YSSZ01,1,0.8885412780857345
PT,CHSZ02,PGSZ04,1,7.970231133987104
PT,CKSZ03,JESZ05,1,5.797495543303256
PT,WDSZ02,WDSZ01,1,0.7905033315597753
PT,HGSZ08,SESZ03,1,5.434285984043366
VH,DTSZ05,BTSZ01,1,10.689744059321782
PT,AMSZ01,OTSZ03,1,10.32472751659054
PT,GLSZ05,SGSZ06,1,4.986415567336734
VH,PRSZ03,KLSZ01,1,11.059720302576453
VH,KLSZ01,NVSZ01,1,1.2541791241075353
PT,CHSZ03,SESZ02,1,11.576416402488878
PT,SGSZ04,BTSZ01,1,10.92700974657788
PT,JWSZ08,OTSZ03,1,18.03415666884145
PT,QTSZ08,DTSZ02,1,6.9316797330235005
WK,WDSZ05,WDSZ05,1,0.0
VH,JWSZ04,JWSZ03,1,1.7107282695398258
PT,GLSZ05,AMSZ01,1,8.447543520592658
PT,DTSZ06,DTSZ03,1,0.8946730013217298
WK,CLSZ04,CLSZ06,1,0.7914849055353017
PT,SGSZ06,SGSZ04,1,1.2504688104488453
PT,WDSZ09,WDSZ04,1,2.7690156205697916
PT,BPSZ03,QTSZ05,1,10.570761264422876
WK,NVSZ02,NVSZ02,1,0.0
PT,BMSZ09,BMSZ02,1,1.5689219202083913
PT,PGSZ04,PGSZ04,1,0.0
WK,GLSZ05,GLSZ04,1,1.665730792673618
PT,TPSZ04,TPSZ04,1,0.0
VH,PRSZ06,BDSZ04,1,6.461005515275194
PT,BSSZ01,BMSZ17,1,10.282381287427945
PT,QTSZ05,KLSZ08,1,6.63976091251182
VH,TPSZ09,TPSZ09,1,0.0
PT,BTSZ03,KLSZ06,1,8.572455914144063
PT,JWSZ08,JWSZ09,1,0.9403575284652649
PT,CLSZ04,DTSZ05,1,10.094342046911331
PT,TPSZ11,BMSZ17,1,8.593726496667239
PT,YSSZ04,BTSZ06,1,11.088143439733857
PT,JWSZ09,PNSZ02,1,4.610065908926152
VH,BSSZ02,BDSZ03,1,8.520774969540463
PT,JWSZ02,CKSZ03,1,5.9498147748455255
PT,TMSZ02,TMSZ02,1,0.0
PT,YSSZ09,YSSZ01,1,0.8885412780857345
PT,JESZ03,BDSZ05,1,19.5415644978481
VH,JWSZ03,JWSZ04,1,1.7107282695398258
PT,DTSZ05,BDSZ04,1,10.783708417296742
PT,SGSZ06,SESZ04,1,5.12482906140931
PT,GLSZ04,ORSZ03,1,5.177503428570169
PT,QTSZ02,PGSZ05,1,16.870114439027965
PT,BSSZ01,NVSZ01,1,4.140712133667812
WK,CKSZ03,CKSZ01,1,0.8899078021080913
VH,GLSZ04,GLSZ04,1,0.0
PT,JESZ05,JWSZ09,1,4.578885078555272
VH,DTSZ03,KLSZ06,1,2.11043270088822
PT,DTSZ05,SESZ05,1,12.055965246579374
WK,BPSZ05,BKSZ01,1,1.2221236874947188
PT,JWSZ03,BLSZ04,1,5.891511357792102
PT,DTSZ08,AMSZ01,1,10.468914387141462
PT,CKSZ02,PNSZ05,1,12.606741975798595
WK,DTSZ05,DTSZ05,1,0.0
PT,RCSZ03,DTSZ01,1,0.7323891344173754
PT,JESZ05,QTSZ04,1,6.972229321924962
VH,BSSZ03,QTSZ15,1,11.844932561128
PT,JWSZ08,OTSZ04,1,18.174108843984722
PT,SGSZ04,BLSZ02,1,18.293270650140716
WK,TPSZ01,TPSZ02,1,0.9338053167884945
PT,KLSZ06,DTSZ08,1,3.7564072430070157
VH,BKSZ07,JWSZ08,1,6.184790405541724
PT,NTSZ03,ORSZ02,1,0.9617985697822504
PT,PGSZ02,PRSZ08,1,9.070374747616883
WK,BMSZ17,BMSZ01,1,2.6053929255487533
PT,MUSZ01,TMSZ03,1,11.503586091896722
PT,BDSZ04,QTSZ12,1,16.724296884676512
PT,BMSZ04,QTSZ13,1,5.2028244260591645
PT,TPSZ09,ORSZ02,1,4.79483025353926
PT,JWSZ02,AMSZ08,1,13.799786777070867
PT,TNSZ03,QTSZ01,1,2.793602847556507
PT,YSSZ09,WCSZ01,1,16.623515431959568
VH,TPSZ02,NVSZ01,1,0.9734769421077302
PT,ORSZ02,SESZ02,1,12.184890388759525
PT,SGSZ06,KLSZ01,1,3.4801975395945113
PT,KLSZ03,ORSZ03,1,4.011593219963874
WK,GLSZ04,GLSZ04,1,0.0
PT,CHSZ03,BPSZ01,1,27.081574509312418
PT,SESZ02,PGSZ04,1,1.052549878649884
WK,YSSZ01,SBSZ02,1,2.117815794174996
VH,HGSZ03,HGSZ01,1,0.989175754475229
PT,KLSZ01,RCSZ01,1,1.8085103508745113
PT,BDSZ01,QTSZ08,1,13.810423712896606
PT,TNSZ01,NVSZ02,1,2.0952290423453896
PT,GLSZ04,NTSZ05,1,4.718994329478618
VH,GLSZ04,PGSZ04,1,9.441782447026055
PT,SBSZ04,TMSZ02,1,18.895407087834506
PT,OTSZ03,PNSZ02,1,19.833390388521078
WK,TPSZ02,TPSZ04,1,0.8358827334321068
PT,ORSZ01,BKSZ03,1,10.87572413252948
PT,DTSZ02,BMSZ09,1,2.544450002466052
PT,JWSZ01,WDSZ04,1,12.664071520273692
WK,TMSZ03,BDSZ04,1,2.01283224519501
PT,JESZ07,GLSZ02,1,17.408721284301325
PT,DTSZ05,OTSZ03,1,0.9139879414915537
PT,YSSZ03,DTSZ03,1,15.198505908214067
WK,TPSZ02,TPSZ02,1,0.0
PT,TMSZ02,GLSZ01,1,8.935713869786671
PT,RCSZ10,SGSZ04,1,7.17632605405273
VH,SESZ06,SESZ04,1,1.4130001556698468
PT,HGSZ04,HGSZ02,1,1.4399878214299235
PT,CKSZ01,JWSZ09,1,7.46061532094566
WK,TPSZ01,TPSZ01,1,0.0
PT,WDSZ04,WDSZ03,1,1.5835624864458278
WK,QTSZ05,QTSZ05,1,0.0
PT,BMSZ16,CKSZ01,1,14.918523374294972
PT,PGSZ05,OTSZ03,1,15.629088815945353
PT,NTSZ02,BTSZ06,1,3.877894829805258
PT,WDSZ04,WDSZ04,1,0.0
PT,DTSZ05,BKSZ09,1,12.133937797708915
VH,DTSZ08,DTSZ01,1,2.4151474012639804
PT,NVSZ01,KLSZ01,1,1.2541791241075353
VH,RVSZ03,MUSZ01,1,1.240305476933355
VH,PRSZ02,PRSZ02,1,0.0
WK,QTSZ08,QTSZ08,1,0.0
PT,BSSZ02,SGSZ03,1,3.871226046741279
PT,DTSZ05,TMSZ01,1,13.414414508982238
PT,MPSZ03,DTSZ03,1,5.458312316417053
PT,CLSZ08,TNSZ01,1,6.926414882795298
PT,QTSZ12,CKSZ01,1,11.51775021602226
VH,JWSZ03,JESZ04,1,2.144609977187478
PT,PGSZ04,BDSZ01,1,6.579416295158435
PT,DTSZ05,BDSZ04,1,10.783708417296742
PT,SESZ02,SESZ06,1,3.2776746306326205
PT,JESZ02,CLSZ09,1,3.995547661017445
WK,QTSZ04,QTSZ05,1,1.3519204781109424
PT,WDSZ02,WDSZ02,1,0.0
PT,TPSZ02,HGSZ01,1,6.520082057225539
WK,BSSZ03,BSSZ03,1,0.0
PT,DTSZ05,BDSZ08,1,11.36010900977678
VH,JWSZ02,BKSZ09,1,5.249428143879453
WK,SESZ03,SESZ04,1,0.9952512670910597
VH,CKSZ01,BPSZ05,1,1.4108989462238801
PT,HGSZ02,QTSZ08,1,14.313859531480261
PT,JESZ08,JESZ01,1,3.7850510382383837
PT,DTSZ08,CLSZ04,1,10.105600223984379
PT,MPSZ02,HGSZ06,1,6.641214327141285
PT,BKSZ08,QTSZ11,1,6.277838267403658
WK,GLSZ02,GLSZ02,1,0.0
PT,WDSZ09,WDSZ06,1,1.5712668037671202
PT,BDSZ04,TMSZ02,1,3.1599829379376176
PT,QTSZ11,BPSZ05,1,8.96328372259818
PT,NVSZ03,SBSZ01,1,13.83255045415097
PT,JESZ02,BMSZ02,1,10.989265706749642
VH,TMSZ04,PGSZ03,1,9.363177643741906
PT,SESZ02,TMSZ01,1,4.465845657973665
VH,GLSZ03,PRSZ03,1,7.408517377987694
PT,BPSZ05,BPSZ01,1,1.2990930537372278
PT,AMSZ02,TPSZ12,1,5.096680597559906
PT,OTSZ03,ORSZ02,1,3.0833573960419685
PT,OTSZ03,DTSZ08,1,0.5933682078899496
PT,JWSZ03,TSSZ05,1,11.149474068579385
PT,HGSZ06,AMSZ02,1,3.149601972921236
PT,TPSZ03,SESZ03,1,7.798440297695347
VH,BMSZ04,NVSZ02,1,4.138875868967727
PT,CKSZ06,QTSZ11,1,12.069168207523715
WK,PGSZ03,PGSZ03,1,0.0
PT,TMSZ03,BMSZ05,1,13.6150114134218
PT,JESZ03,WDSZ05,1,10.82517864066449
PT,AMSZ01,PGSZ02,1,7.3065624632090005
VH,CKSZ06,BKSZ04,1,5.07033689772302
PT,AMSZ01,CLSZ04,1,10.763072495548862
PT,JWSZ02,JESZ09,1,4.367269571873173
PT,PGSZ05,PLSZ01,1,3.354865281296038
PT,PRSZ03,DTSZ05,1,14.581348508611656
PT,BTSZ06,KLSZ03,1,7.955300298797134
PT,PLSZ04,YSSZ04,1,9.960845374260122
PT,JESZ05,BKSZ09,1,1.9302475957546805
PT,QTSZ14,QTSZ14,1,0.0
PT,DTSZ03,SRSZ02,1,1.7015823110014392
PT,BKSZ04,JESZ03,1,2.1747668363872275
PT,PGSZ01,TMSZ03,1,8.196687573117362
VH,JESZ05,BTSZ01,1,3.254061357897813
VH,BMSZ10,BMSZ15,1,1.329822598254076
VH,AMSZ01,PGSZ04,1,7.568895374585283
PT,JESZ08,JWSZ09,1,5.360975683318697
PT,WDSZ08,WDSZ03,1,1.248407850888258
PT,WCSZ01,JWSZ09,1,4.867229736806335
PT,BKSZ02,BKSZ04,1,1.0331567932885513
WK,DTSZ03,DTSZ02,1,0.7315950200170801
PT,JESZ01,JESZ03,1,1.895288523891181
PT,YSSZ02,NVSZ03,1,12.791672234164546
WK,SBSZ01,SBSZ01,1,0.0
PT,GLSZ01,JWSZ08,1,20.253620744884334
WK,SESZ06,SESZ06,1,0.0
VH,PNSZ02,JWSZ02,1,5.798279821224832
PT,SESZ04,SESZ04,1,0.0
VH,YSSZ09,BMSZ05,1,16.841270274460317
WK,TPSZ01,TPSZ01,1,0.0
WK,AMSZ02,AMSZ02,1,0.0
VH,ORSZ02,TMSZ04,1,14.057950066761318
PT,TMSZ02,TMSZ02,1,0.0
PT,QTSZ08,AMSZ01,1,10.348743720863121
PT,TMSZ04,TMSZ04,1,0.0
PT,JWSZ09,HGSZ04,1,20.765462088592685
PT,WDSZ06,WDSZ09,1,1.5712668037671202
WK,BSSZ01,BSSZ01,1,0.0
PT,TMSZ03,TMSZ02,1,1.8211342041293208
WK,SESZ02,PGSZ03,1,1.897230829676932
PT,CKSZ02,BMSZ08,1,12.964716383671265
PT,BMSZ05,BMSZ01,1,2.6400328745708994
PT,BMSZ01,BTSZ07,1,5.678373688602044
WK,BDSZ06,BDSZ06,1,0.0
PT,OTSZ01,BMSZ04,1,1.4106147507172315
PT,DTSZ02,WDSZ01,1,17.954200884837704
PT,TMSZ03,QTSZ10,1,18.081594021772702
PT,ORSZ03,BSSZ03,1,5.638464557429649
PT,NVSZ01,ORSZ02,1,3.0405692042942234
PT,JESZ05,TSSZ05,1,12.654941172801351
VH,TPSZ02,TPSZ04,1,0.8358827334321068
PT,WDSZ02,WDSZ06,1,1.786133057081358
PT,BKSZ01,NVSZ03,1,9.929760739729648
PT,CHSZ03,CHSZ03,1,0.0
PT,BMSZ04,NVSZ02,1,4.138875868967727
PT,DTSZ02,BDSZ05,1,7.878994012636982
PT,GLSZ03,SESZ03,1,6.893407627631798
PT,GLSZ03,WDSZ01,1,17.377639969454684
PT,BMSZ02,BMSZ11,1,1.0557254532935438
PT,CKSZ06,DTSZ02,1,16.784024557667813
PT,JESZ03,BDSZ04,1,21.12589484924815
PT,BDSZ05,NVSZ01,1,7.801726669784155
PT,DTSZ01,BPSZ04,1,12.558811487223812
PT,BMSZ12,BMSZ16,1,3.1906093745197017
WK,DTSZ05,DTSZ05,1,0.0
VH,JWSZ04,JESZ05,1,2.3929114480591256
PT,JWSZ09,BLSZ01,1,1.7967443334846318
PT,PGSZ03,TMSZ04,1,9.363177643741906
PT,BDSZ04,DTSZ02,1,10.133199309040231
PT,AMSZ02,TPSZ04,1,4.165510198642555
PT,PRSZ05,PRSZ03,1,1.3236940820239511
PT,CKSZ04,KLSZ07,1,14.401188954052897
PT,GLSZ03,GLSZ04,1,2.2208826856539945
WK,HGSZ05,HGSZ05,1,0.0
PT,HGSZ07,KLSZ07,1,6.2667265554433405
VH,WDSZ03,SKSZ01,1,4.796015887714445
PT,AMSZ08,PGSZ03,1,7.836979415573584
PT,CHSZ03,SESZ02,1,11.576416402488878
PT,QTSZ11,BKSZ02,1,8.07161531933491
WK,TMSZ04,BDSZ04,1,2.300713819335355
WK,TMSZ02,TMSZ02,1,0.0
PT,CLSZ06,CLSZ05,1,1.0042078864973587
PT,SESZ03,SESZ04,1,0.9952512670910597
VH,CKSZ03,BMSZ01,1,14.867935506804852
PT,HGSZ07,ORSZ02,1,8.295784800679039
PT,CKSZ03,BPSZ03,1,2.613547691987146
PT,WCSZ01,CKSZ04,1,5.4446810132306025
VH,BKSZ07,BKSZ03,1,1.2469115509305144
WK,BDSZ04,BDSZ04,1,0.0
PT,TPSZ06,TPSZ06,1,0.0
PT,WDSZ05,DTSZ08,1,18.483834169313127
WK,CKSZ06,CKSZ05,1,0.9298087042092337
PT,JWSZ09,JESZ05,1,4.578885078555272
WK,AMSZ06,AMSZ06,1,0.0
PT,CKSZ03,BMSZ08,1,13.70530323480276
PT,WCSZ01,JWSZ08,1,4.2172435958379735
PT,DTSZ05,CKSZ05,1,16.759536191487474
PT,TNSZ01,GLSZ01,1,5.905328876642555
PT,DTSZ05,CKSZ04,1,16.404634287950504
PT,JWSZ03,OTSZ03,1,15.692771937909034
PT,CLSZ09,CLSZ04,1,1.773491544637233
PT,QTSZ11,JWSZ09,1,9.628667024565194
WK,CKSZ04,CKSZ04,1,0.0
VH,SESZ04,BMSZ17,1,15.495312261642479
VH,SESZ02,TNSZ01,1,12.150700718825576
PT,DTSZ03,SESZ03,1,11.867096099365066
PT,CLSZ04,BTSZ01,1,2.2642589389246877
PT,MUSZ01,YSSZ08,1,13.375640724519196
PT,BDSZ01,DTSZ11,1,9.204216987527316
PT,CKSZ03,CLSZ03,1,7.085465942286731
PT,BSSZ01,PLSZ04,1,7.272326200437549
VH,NVSZ01,NVSZ01,1,0.0
PT,SGSZ05,DTSZ09,1,8.298261331337992
VH,HGSZ08,GLSZ03,1,1.8629062650920165
WK,DTSZ05,DTSZ05,1,0.0
PT,DTSZ11,SBSZ03,1,19.36791268808783
VH,WDSZ05,WDSZ04,1,1.7031599568241294
WK,BKSZ02,BKSZ02,1,0.0
VH,BKSZ05,BKSZ05,1,0.0
PT,NVSZ02,YSSZ04,1,11.22406463593339
PT,GLSZ04,BMSZ01,1,9.293557182876528
PT,WCSZ01,HGSZ01,1,22.468095840773472
VH,GLSZ05,WDSZ02,1,18.107617509683756
WK,WDSZ03,WDSZ03,1,0.0
PT,GLSZ02,NVSZ02,1,4.833662838661987
VH,DTSZ05,BMSZ07,1,4.623738318269099
VH,JESZ05,CKSZ06,1,7.536802133918281
WK,NVSZ01,NVSZ02,1,1.267584011192419
VH,BDSZ01,QTSZ02,1,13.11363330241706
VH,OTSZ03,PRSZ05,1,16.223294728379056
VH,HGSZ06,SESZ02,1,3.852923087151795
PT,TMSZ02,TMSZ03,1,1.8211342041293208
PT,BPSZ03,KLSZ07,1,11.8280020853734
PT,ORSZ02,YSSZ09,1,13.985649668373252
PT,BPSZ05,CKSZ03,1,2.3007075960770518
PT,QTSZ10,QTSZ02,1,1.7650440191732604
PT,TMSZ02,CHSZ02,1,3.3449933964791545
PT,WDSZ05,WDSZ03,1,2.9195549289936507
PT,JWSZ08,JWSZ04,1,3.131770663243337
VH,QTSZ01,QTSZ01,1,0.0
VH,BMSZ02,GLSZ05,1,9.679386794665927
PT,DTSZ01,CLSZ04,1,10.12383732914319
PT,SESZ06,SESZ06,1,0.0
PT,JWSZ09,CLSZ06,1,7.463842493640451
PT,DTSZ08,YSSZ08,1,15.657772783876432
PT,QTSZ08,TPSZ10,1,10.472088119602937
PT,JWSZ02,JESZ01,1,2.3179457634793237
PT,BMSZ02,QTSZ10,1,4.973868023324706
PT,DTSZ08,KLSZ09,1,2.9703617227168633
PT,ORSZ02,TNSZ04,1,2.410738688103401
PT,HGSZ06,RVSZ05,1,9.042444854258608
PT,JWSZ09,JWSZ02,1,1.1909513911077283
PT,WDSZ06,WDSZ01,1,0.9962859436397019
PT,KLSZ09,SGSZ04,1,6.898487638082717
PT,BDSZ06,DTSZ03,1,9.988847150595108
PT,ORSZ02,YSSZ04,1,12.588294355199164
PT,CKSZ03,YSSZ08,1,9.723723749406224
PT,DTSZ02,RCSZ10,1,0.8039412247349442
VH,JESZ08,JESZ05,1,2.029575303902238
WK,SESZ06,SESZ04,1,1.4130001556698468
PT,TSSZ04,AMSZ02,1,24.13473775174546
PT,JWSZ03,QTSZ08,1,9.673962239984842
WK,BKSZ06,BKSZ06,1,0.0
PT,BKSZ09,PNSZ03,1,8.36520836698586
PT,GLSZ04,OTSZ01,1,5.862653840848876
PT,DTSZ09,BTSZ01,1,10.760301435339189
PT,JESZ01,JESZ03,1,1.895288523891181
PT,DTSZ12,BMSZ03,1,4.624435004661184
PT,DTSZ05,BMSZ04,1,2.6877947216908957
PT,BMSZ15,BMSZ01,1,1.3582854437845964
PT,SESZ06,SESZ03,1,2.3877316708630167
VH,DTSZ01,DTSZ03,1,0.9089782699981739
VH,CHSZ03,SBSZ03,1,23.1599599302841
PT,BPSZ04,QTSZ11,1,9.023385157514559
VH,PRSZ03,PRSZ05,1,1.3236940820239511
PT,BDSZ04,AMSZ10,1,11.709254893091043
PT,BMSZ15,WCSZ01,1,19.216134375092462
PT,SESZ04,DTSZ02,1,12.028593467780356
PT,CKSZ06,DTSZ11,1,18.11399576006074
PT,KLSZ06,DTSZ05,1,3.1464977143170367
VH,PNSZ02,BPSZ04,1,13.584943721493223
PT,CKSZ04,AMSZ01,1,12.047788265502097
PT,WDSZ01,JWSZ09,1,14.278071216336446
PT,MUSZ01,HGSZ01,1,9.40655801492176
PT,QTSZ04,JWSZ09,1,11.37155026139227
VH,GLSZ05,SBSZ04,1,18.08163660690702
PT,QTSZ05,BMSZ05,1,3.52679402805003
PT,PRSZ03,PRSZ03,1,0.0
PT,HGSZ04,OTSZ03,1,11.414819607859396
PT,KLSZ06,AMSZ02,1,6.905065669497024
WK,PGSZ04,PGSZ02,1,1.915966749166938
VH,NVSZ02,SESZ06,1,9.39885244946822
PT,BMSZ01,OTSZ04,1,4.090024040520785
PT,BDSZ03,DTSZ11,1,8.899000738562764
WK,DTSZ02,DTSZ02,1,0.0
WK,BMSZ07,BMSZ07,1,0.0
PT,DTSZ11,DTSZ11,1,0.0
WK,BSSZ03,BSSZ03,1,0.0
VH,BSSZ01,ORSZ02,1,5.814905738335073
PT,BPSZ05,CKSZ02,1,2.1993511415909817
PT,PGSZ04,SGSZ04,1,6.101601691667444
VH,BDSZ07,MPSZ01,1,4.018934156079275
PT,TMSZ03,DTSZ03,1,10.560774173105413
PT,WDSZ01,CKSZ06,1,5.859248307007696
PT,DTSZ02,OTSZ04,1,1.135053216628933
PT,DTSZ08,BKSZ05,1,12.7470891847542
PT,KLSZ04,SGSZ04,1,6.0834587546801355
PT,SESZ03,OTSZ03,1,13.787593091207889
WK,TMSZ03,TMSZ03,1,0.0
PT,KLSZ05,CKSZ06,1,18.062104489417074
PT,AMSZ01,HGSZ04,1,4.344027574087123
PT,PLSZ04,SESZ03,1,4.450737521969405
VH,BKSZ02,WCSZ01,1,6.8278503626042015
PT,AMSZ10,YSSZ01,1,4.6723574939688755
PT,GLSZ02,QTSZ06,1,9.860972456127595
PT,TPSZ02,BSSZ03,1,2.0640937718720638
VH,BKSZ02,BKSZ07,1,1.6583169518669376
PT,YSSZ09,WDSZ09,1,5.996617798796074
VH,JESZ02,QTSZ13,1,7.537425056023669
PT,HGSZ06,AMSZ08,1,6.3957308634119725
PT,TMSZ01,TMSZ03,1,1.9993859622686991
PT,WCSZ01,RCSZ05,1,20.87661269611679
PT,BLSZ02,SGSZ04,1,18.293270650140716
VH,TMSZ03,CHSZ03,1,7.233706147633916
PT,HGSZ02,HGSZ01,1,0.7510371002354921
PT,JESZ05,WDSZ03,1,13.710336970353627
PT,BMSZ05,MUSZ01,1,2.427988218872606
PT,NVSZ02,SESZ02,1,10.407887596508044
VH,PGSZ05,HGSZ02,1,3.9681095905917063
WK,TPSZ07,TPSZ07,1,0.0
PT,BKSZ08,SRSZ03,1,12.196048780970152
PT,TMSZ04,CKSZ03,1,23.463424679800898
PT,BDSZ04,MUSZ03,1,10.348522631426341
PT,BDSZ01,DTSZ02,1,7.894015146653577
VH,LKSZ01,AMSZ06,1,14.809716655892487
PT,OTSZ04,SESZ03,1,13.191189257037962
VH,NVSZ01,BDSZ04,1,9.459263596389071
PT,OTSZ03,SESZ05,1,12.751908719668233
PT,KLSZ02,BMSZ12,1,8.139222542640377
PT,QTSZ08,CKSZ02,1,9.921174697899335
VH,PGSZ05,PGSZ01,1,1.8881614768939468
PT,ORSZ02,YSSZ09,1,13.985649668373252
PT,TMSZ05,BDSZ04,1,3.6785665957272142
VH,BSSZ01,DTSZ01,1,7.022428444756149
PT,KLSZ08,HGSZ02,1,7.168763053129072
PT,GLSZ05,YSSZ04,1,13.142002700854169
WK,WDSZ05,WDSZ05,1,0.0
VH,GLSZ04,GLSZ05,1,1.665730792673618
PT,TMSZ02,PRSZ06,1,3.31885267082316
PT,SESZ06,ORSZ03,1,11.262314482990844
PT,QTSZ04,BMSZ07,1,2.095098327717852
PT,AMSZ06,YSSZ06,1,3.555513834064482
WK,TMSZ02,TMSZ02,1,0.0
PT,TPSZ11,PNSZ02,1,22.85321962879246
PT,HGSZ06,BKSZ04,1,14.127634878248456
PT,PRSZ04,DTSZ02,1,14.922665520811918
PT,WDSZ04,DTSZ05,1,17.410353603869655
VH,BDSZ02,BDSZ04,1,1.517590146979497
PT,PRSZ05,ORSZ02,1,15.768963448778594
PT,WDSZ03,BTSZ03,1,12.85772771990698
PT,CKSZ06,JESZ05,1,7.536802133918281
WK,DTSZ05,DTSZ05,1,0.0
PT,PRSZ08,TMSZ02,1,1.7629920239944799
PT,QTSZ14,NVSZ02,1,6.967928723322638
VH,TPSZ01,OTSZ03,1,6.669779473684592
VH,QTSZ06,BDSZ05,1,13.241784038712687
PT,PGSZ02,PGSZ05,1,1.695802786427982
PT,BMSZ01,BMSZ04,1,2.2510633399612368
PT,DTSZ01,JESZ05,1,13.154324003134741
PT,KLSZ09,WDSZ04,1,16.291999011776177
VH,YSSZ03,YSSZ09,1,1.7688742052165112
PT,BTSZ01,BMSZ05,1,9.539011491575708
VH,QTSZ05,BPSZ05,1,9.916506624645997
PT,KLSZ01,NVSZ02,1,2.175886815736919
VH,HGSZ05,SESZ04,1,1.720585279728292
WK,DTSZ05,JWSZ03,1,16.21064551031357
PT,HGSZ04,QTSZ08,1,13.462505057211008
WK,SBSZ01,SBSZ01,1,0.0
PT,HGSZ03,NVSZ02,1,8.907556411780822
PT,DTSZ03,WDSZ04,1,16.96670672470968
WK,BMSZ04,BMSZ08,1,0.59386186624026
VH,NVSZ01,SESZ02,1,9.145201882117036
PT,AMSZ05,TMSZ05,1,15.15339043002186
PT,BTSZ01,BTSZ01,1,0.0
VH,HGSZ04,SESZ02,1,2.6389065920601475
PT,BMSZ07,BMSZ02,1,1.1725078205385278
PT,ORSZ02,TPSZ02,1,3.3789850370029795
PT,KLSZ08,JWSZ08,1,19.26515666916196
WK,YSSZ02,YSSZ02,1,0.0
PT,SESZ04,TPSZ06,1,7.2564598252668855
WK,YSSZ09,YSSZ09,1,0.0
VH,BDSZ04,BDSZ04,1,0.0
PT,KLSZ01,KLSZ01,1,0.0
PT,BMSZ03,QTSZ04,1,2.7321996277432494
VH,PGSZ02,SESZ02,1,2.4093999443628205
PT,JWSZ02,BMSZ08,1,13.991267801009673
PT,NVSZ02,YSSZ09,1,12.688147750674505
PT,AMSZ01,SGSZ06,1,3.5002927418764003
PT,BDSZ03,DTSZ11,1,8.899000738562764
PT,BDSZ03,BSSZ02,1,8.520774969540463
PT,GLSZ03,QTSZ08,1,12.235964134593699
PT,BPSZ05,MUSZ03,1,12.807852489863311
VH,YSSZ09,PGSZ04,1,9.796672246329212
PT,QTSZ06,DTSZ05,1,5.420680462952178
PT,ORSZ03,RCSZ05,1,2.309191033337465
PT,SBSZ04,QTSZ06,1,18.235934835048933
PT,NVSZ01,SESZ03,1,8.991671372652268
WK,ORSZ02,ORSZ02,1,0.0
PT,AMSZ04,SGSZ06,1,2.8672758218120213
PT,DTSZ05,ORSZ02,1,3.161833222093884
PT,CHSZ03,SESZ05,1,13.033785024879021
PT,WDSZ03,QTSZ08,1,15.949789699212772
PT,OTSZ03,SKSZ03,1,16.084783074059942
PT,QTSZ11,BSSZ03,1,10.390284092479456
WK,TMSZ03,TMSZ03,1,0.0
PT,QTSZ08,CLSZ06,1,3.4723330871686047
VH,HGSZ08,AMSZ02,1,4.924068601457704
PT,YSSZ02,BKSZ04,1,13.114749613526477
PT,PGSZ02,HGSZ03,1,3.6661551008510513
PT,YSSZ01,YSSZ03,1,1.0015506147644606
PT,DTSZ08,SESZ03,1,13.682553083091136
PT,PGSZ02,GLSZ05,1,10.245050634779606
PT,BDSZ02,BDSZ01,1,1.9291533799147353
WK,KLSZ02,KLSZ02,1,0.0
PT,TMSZ02,NTSZ03,1,13.397496694253457
PT,GLSZ03,BDSZ04,1,4.3857290474795105
VH,DTSZ03,SESZ02,1,11.778479123709978
PT,TMSZ02,TMSZ03,1,1.8211342041293208
PT,GLSZ02,DTSZ09,1,7.202646288983208
PT,TNSZ03,HGSZ03,1,12.524860173467552
PT,PGSZ05,JESZ05,1,20.57480351124104
PT,TMSZ02,TMSZ02,1,0.0
VH,HGSZ02,DTSZ11,1,11.621129131372875
PT,BPSZ05,GLSZ05,1,16.08401763409321
PT,HGSZ05,BTSZ01,1,13.121468968078203
WK,PGSZ05,PGSZ04,1,0.8229474483573144
PT,BDSZ05,TMSZ03,1,4.130614942004426
PT,GLSZ05,SGSZ04,1,6.192090280755141
PT,KLSZ08,BKSZ05,1,12.200011979680545
PT,QTSZ08,QTSZ06,1,1.450190340621632
VH,WCSZ01,CKSZ03,1,6.445375910278424
VH,JWSZ08,QTSZ11,1,10.568936853921048
PT,RCSZ03,RCSZ09,1,0.7283185972966016
PT,BDSZ06,CHSZ03,1,6.900932907316341
PT,HGSZ08,HGSZ08,1,0.0
WK,PRSZ03,PRSZ03,1,0.0
PT,JESZ05,CKSZ06,1,7.536802133918281
PT,JWSZ09,YSSZ09,1,17.542833052411446
VH,TMSZ04,TMSZ05,1,2.1043927231785218
VH,YSSZ09,WDSZ03,1,3.422882487435982
PT,BPSZ02,BTSZ01,1,5.406913219331066
PT,JESZ05,JWSZ03,1,3.042266158318978
PT,OTSZ04,BPSZ03,1,13.982596226857842
PT,HGSZ08,HGSZ08,1,0.0
PT,BDSZ05,QTSZ13,1,15.910491069958576
PT,DTSZ05,PGSZ02,1,15.026130145650374
PT,QTSZ14,SESZ03,1,17.087872620256313
WK,GLSZ05,GLSZ05,1,0.0
PT,ORSZ02,SESZ05,1,10.905022412957237
PT,BLSZ04,WDSZ05,1,16.788058376947596
PT,SESZ06,GLSZ04,1,9.009845307571306
VH,PGSZ04,CHSZ03,1,11.286585249190114
PT,TMSZ03,TMSZ02,1,1.8211342041293208
VH,KLSZ06,NVSZ01,1,1.8640868453461785
PT,KLSZ08,BDSZ01,1,5.452265982766699
PT,TSSZ05,SESZ03,1,31.050987971123604
WK,BKSZ02,BKSZ01,1,1.283012967023716
PT,BPSZ05,CKSZ01,1,1.4108989462238801
PT,JWSZ03,TSSZ03,1,8.177726258945059
VH,DTSZ08,TNSZ02,1,3.4918502782395926
PT,QTSZ12,PGSZ02,1,18.353463366457845
PT,WDSZ06,BPSZ01,1,5.952414212433983
PT,KLSZ08,KLSZ06,1,0.7917316145790123
PT,KLSZ08,KLSZ05,1,1.8955671520647128
PT,ORSZ03,BMSZ07,1,3.5974456742359355
WK,GLSZ03,GLSZ03,1,0.0
PT,GLSZ04,SRSZ02,1,5.140306217341529
PT,JWSZ09,JESZ05,1,4.578885078555272
PT,SBSZ01,YSSZ01,1,2.414191577362601
PT,BMSZ13,JESZ05,1,9.6727423562219
VH,YSSZ09,WDSZ02,1,4.494710631795676
PT,QTSZ10,BMSZ07,1,3.8024316265516185
VH,TPSZ12,HGSZ08,1,0.9914536425467532
VH,BMSZ15,BMSZ02,1,1.1108194876967077
PT,QTSZ08,JWSZ08,1,11.870472544670106
WK,QTSZ05,BMSZ03,1,1.4606059633484836
PT,HGSZ04,SESZ03,1,2.3969142178322658
PT,DTSZ02,DTSZ05,1,0.9984294889783903
PT,SBSZ01,BSSZ03,1,11.123198249630132
PT,TMSZ02,BDSZ02,1,3.1974410229416415
VH,GLSZ02,NVSZ01,1,3.799664429810008
PT,TMSZ03,TMSZ05,1,4.262471447978868
PT,BTSZ01,BMSZ04,1,8.579535514361597
VH,TMSZ04,TMSZ04,1,0.0
VH,JWSZ08,JWSZ09,1,0.9403575284652649
PT,MPSZ03,CHSZ03,1,11.502248689489427
PT,WDSZ02,QTSZ08,1,15.752865950344395
PT,YSSZ01,HGSZ04,1,7.978328319209181
PT,AMSZ11,ORSZ03,1,10.333334875710845
PT,BMSZ08,NVSZ01,1,5.341002705127477
PT,PNSZ01,QTSZ13,1,11.991527353562066
PT,TNSZ04,BPSZ01,1,9.860599022437796
VH,BDSZ03,SGSZ03,1,7.2405691977770825
PT,TPSZ02,WDSZ03,1,13.032087661159792
PT,WDSZ03,WDSZ03,1,0.0
PT,HGSZ02,HGSZ03,1,0.7511726210026585
PT,BMSZ04,QTSZ08,1,4.275988172778564
PT,BKSZ07,BKSZ04,1,0.9127640438742397
PT,JWSZ06,JESZ05,1,4.980010580141298
PT,DTSZ01,BPSZ05,1,13.135281077648846
PT,DTSZ01,KLSZ02,1,2.958820925711897
PT,PGSZ04,SESZ06,1,3.863197750962346
VH,NVSZ01,KLSZ01,1,1.2541791241075353
PT,BPSZ03,TNSZ01,1,9.857869003178715
PT,JWSZ09,JWSZ08,1,0.9403575284652649
WK,TPSZ02,TPSZ02,1,0.0
PT,PNSZ02,YSSZ09,1,22.151749698255994
PT,SESZ03,PGSZ04,1,1.5480541741474918
PT,WDSZ06,WDSZ03,1,2.9510217127143905
VH,HGSZ04,SESZ02,1,2.6389065920601475
PT,TNSZ02,NTSZ03,1,2.338629182958173
PT,SESZ03,SESZ06,1,2.3877316708630167
WK,BSSZ03,BSSZ03,1,0.0
PT,BMSZ01,BMSZ12,1,1.6055679226966604
PT,CKSZ03,ORSZ02,1,12.94408143956767
PT,CKSZ06,CLSZ06,1,9.996192273338352
VH,KLSZ07,JESZ03,1,11.881383414664231
PT,SGSZ03,YSSZ03,1,6.654813829832525
PT,KLSZ09,BSSZ01,1,7.23496147251469
VH,BMSZ04,NVSZ02,1,4.138875868967727
VH,GLSZ04,SGSZ06,1,4.439079275793445
PT,HGSZ04,BKSZ01,1,14.280797880157772
VH,TMSZ04,HGSZ06,1,8.51754460035158
WK,WDSZ04,WDSZ04,1,0.0
PT,CKSZ06,QTSZ08,1,12.36145094691801
PT,QTSZ11,JWSZ09,1,9.628667024565194
PT,BMSZ02,BMSZ07,1,1.1725078205385278
PT,TMSZ05,YSSZ09,1,19.077951637320247
PT,PRSZ03,BDSZ03,1,6.366368145316426
PT,YSSZ03,YSSZ04,1,1.4331729019073896
WK,HGSZ05,HGSZ04,1,0.9713078128166454
WK,HGSZ06,HGSZ06,1,0.0
VH,BMSZ09,ORSZ02,1,1.7617956594119657
PT,DTSZ02,GLSZ04,1,4.173340799230519
PT,GLSZ04,GLSZ03,1,2.2208826856539945
PT,CKSZ06,MPSZ02,1,20.061886914317483
PT,SESZ03,PGSZ04,1,1.5480541741474918
PT,BKSZ03,BKSZ03,1,0.0
PT,HGSZ04,CHSZ03,1,13.128021721916161
VH,HGSZ01,CHSZ03,1,12.429747409028167
VH,DTSZ11,OTSZ03,1,1.0816800804911224
PT,OTSZ04,TNSZ02,1,2.9655694993849533
VH,KLSZ06,DTSZ01,1,1.3437270660964227
VH,AMSZ04,DTSZ03,1,8.26838607555077
VH,KLSZ08,WDSZ03,1,15.807530861589182
PT,BDSZ04,BDSZ04,1,0.0
WK,SBSZ04,SBSZ03,1,1.203473776478544
PT,SRSZ01,SGSZ07,1,7.585027023582079
PT,GLSZ02,BDSZ04,1,5.659638278603995
PT,BKSZ05,BKSZ07,1,1.7258909416032453
PT,AMSZ10,WDSZ01,1,9.048550717602954
PT,KLSZ07,SGSZ03,1,7.217689256146831
WK,HGSZ04,HGSZ01,1,0.7566664343295557
PT,GLSZ03,JWSZ08,1,22.48294839891463
VH,BDSZ07,DTSZ05,1,8.83162351417707
PT,SRSZ01,SRSZ01,1,0.0
VH,TMSZ02,GLSZ05,1,7.207233010378834
WK,DTSZ01,DTSZ01,1,0.0
WK,TMSZ02,TMSZ03,1,1.8211342041293208
PT,JWSZ03,BKSZ07,1,3.2683911793606897
VH,SGSZ04,SGSZ06,1,1.2504688104488453
WK,QTSZ03,QTSZ03,1,0.0
WK,DTSZ11,DTSZ11,1,0.0
WK,WCSZ01,WCSZ01,1,0.0
WK,BDSZ04,BDSZ04,1,0.0
PT,GLSZ04,HGSZ08,1,3.2912957854721365
PT,DTSZ02,JWSZ02,1,16.86798461807497
PT,BKSZ05,ORSZ03,1,10.313216336885693
VH,WDSZ06,TMSZ04,1,22.558655645314747
PT,CHSZ03,BDSZ05,1,9.659086579636442
PT,TMSZ03,TMSZ03,1,0.0
PT,JESZ05,BPSZ01,1,6.218706863920404
PT,QTSZ11,BMSZ01,1,5.112037293513128
PT,BPSZ04,BPSZ05,1,0.9043775472896666
PT,SESZ06,SESZ06,1,0.0
VH,YSSZ04,YSSZ08,1,1.0199676471982402
PT,NVSZ02,YSSZ09,1,12.688147750674505
PT,YSSZ08,SKSZ01,1,7.9155846622805015
PT,SGSZ06,QTSZ11,1,12.183856278019633
WK,SGSZ04,SGSZ04,1,0.0
PT,TPSZ01,BTSZ02,1,5.502104676295939
PT,QTSZ08,BDSZ04,1,16.505545869932877
PT,MPSZ03,BMSZ05,1,8.505254467895048
VH,SGSZ07,TMSZ05,1,10.411811425807437
PT,DTSZ02,WDSZ02,1,17.76981129116394
PT,SESZ03,TMSZ03,1,6.404783483348518
PT,NTSZ03,PRSZ03,1,13.892079416363107
VH,BPSZ04,QTSZ10,1,8.16536879337446
PT,BDSZ03,PRSZ03,1,6.366368145316426
PT,BPSZ05,BPSZ01,1,1.2990930537372278
PT,SGSZ07,JWSZ04,1,17.376225595713542
PT,YSSZ04,RCSZ01,1,12.256990247166664
PT,QTSZ08,JWSZ03,1,9.673962239984842
PT,OTSZ01,SRSZ01,1,0.6827848935360528
PT,TMSZ04,SGSZ06,1,9.351615237631334
PT,NTSZ01,HGSZ05,1,9.725082919527956
VH,SGSZ04,HGSZ07,1,2.3123199821988183
WK,SESZ06,SESZ06,1,0.0
PT,SESZ04,BMSZ02,1,14.760826914947145
VH,HGSZ02,HGSZ08,1,3.106467298126993
VH,HGSZ05,BMSZ17,1,13.794194430632825
PT,KLSZ06,KLSZ02,1,1.723521005509737
WK,SESZ03,SESZ03,1,0.0
VH,AMSZ10,YSSZ01,1,4.6723574939688755
PT,YSSZ04,WDSZ02,1,5.669485942654458
WK,DTSZ05,DTSZ05,1,0.0
PT,YSSZ08,YSSZ08,1,0.0
VH,YSSZ05,YSSZ01,1,2.181737820747567
PT,TPSZ10,SGSZ06,1,1.325651271779934
VH,TPSZ05,TPSZ02,1,1.538114178814763
VH,ORSZ02,TMSZ02,1,14.274470588146558
PT,JWSZ09,WCSZ01,1,4.867229736806335
PT,PGSZ03,PGSZ03,1,0.0
PT,BMSZ12,BTSZ02,1,6.741859589385034
PT,JWSZ09,JWSZ02,1,1.1909513911077283
VH,GLSZ05,TPSZ02,1,6.076937864147339
PT,CKSZ06,CKSZ06,1,0.0
WK,BMSZ10,BMSZ10,1,0.0
PT,WDSZ02,SBSZ03,1,3.0035475744215976
PT,PGSZ04,TSSZ05,1,32.591206444988714
WK,BMSZ10,BMSZ08,1,1.059461471257852
PT,HGSZ01,HGSZ02,1,0.7510371002354921
WK,QTSZ05,QTSZ05,1,0.0
PT,AMSZ02,TPSZ03,1,3.612602781272022
PT,DTSZ12,HGSZ06,1,9.18670103046454
PT,OTSZ03,SISZ01,1,3.707009758722001
VH,SESZ03,ORSZ02,1,12.013470532839914
PT,WDSZ04,TPSZ12,1,14.262127784674627
PT,WDSZ01,WDSZ06,1,0.9962859436397019
WK,QTSZ11,QTSZ11,1,0.0
VH,NVSZ02,TPSZ02,1,1.7042808276546735
WK,NVSZ01,NVSZ01,1,0.0
WK,YSSZ04,YSSZ04,1,0.0
WK,TPSZ04,TPSZ06,1,0.6423106719921827
PT,YSSZ08,YSSZ01,1,1.392918013502601
WK,DTSZ01,DTSZ01,1,0.0
WK,KLSZ07,KLSZ07,1,0.0
PT,JWSZ03,ORSZ02,1,13.346988837877447
PT,DTSZ02,BMSZ02,1,4.014483372938636
PT,QTSZ01,QTSZ05,1,2.759169940443602
WK,BPSZ03,BPSZ02,1,0.5664853816710722
PT,BDSZ04,PRSZ08,1,4.653671693815638
PT,BMSZ08,BMSZ08,1,0.0
PT,TSSZ03,HGSZ05,1,26.289309432245382
PT,OTSZ03,QTSZ14,1,5.4614161126036045
PT,SESZ03,NVSZ02,1,10.238259989115535
PT,CLSZ06,JESZ05,1,3.258415621754853
PT,KLSZ09,TPSZ03,1,4.6978755517634365
PT,PNSZ01,JWSZ08,1,2.712860058118819
PT,BDSZ02,MUSZ03,1,9.837848846420565
PT,SESZ02,KLSZ01,1,8.712910481989736
PT,BDSZ06,BMSZ05,1,13.070263729027396
PT,CKSZ04,TSSZ04,1,12.5253529854382
VH,QTSZ05,BMSZ12,1,1.6687032298641558
PT,BKSZ01,BKSZ07,1,2.494888640207902
WK,CLSZ06,QTSZ08,1,3.4723330871686047
WK,JESZ01,JESZ01,1,0.0
VH,PGSZ03,PGSZ03,1,0.0
PT,QTSZ09,ORSZ02,1,6.193677612684984
PT,BMSZ04,QTSZ11,1,5.739133031223165
VH,GLSZ05,BDSZ05,1,2.4661511449633133
PT,JWSZ09,WCSZ01,1,4.867229736806335
PT,BPSZ03,JWSZ09,1,9.141757231901098
PT,SGSZ06,BMSZ06,1,8.708095967043644
PT,PGSZ03,TMSZ04,1,9.363177643741906
WK,SBSZ02,SBSZ02,1,0.0
PT,ORSZ02,GLSZ04,1,5.758616797070354
PT,DTSZ05,MUSZ01,1,1.8027263368672652
WK,OTSZ03,OTSZ04,1,0.6061735841782084
PT,OTSZ03,SESZ03,1,13.787593091207889
PT,OTSZ04,KLSZ03,1,4.413829259538213
VH,TMSZ04,HGSZ04,1,8.409170117023162
PT,ORSZ03,JWSZ03,1,14.182845944933135
PT,JESZ02,KLSZ09,1,14.578342169223822
PT,DTSZ11,BPSZ05,1,14.699280581053403
WK,CKSZ02,CKSZ02,1,0.0
PT,SESZ06,QTSZ08,1,14.366752996289923
VH,PRSZ05,MPSZ03,1,9.33493279868607
PT,ORSZ02,BMSZ03,1,2.6123990501298695
PT,OTSZ02,ORSZ02,1,2.7197464116783547
VH,MPSZ03,BMSZ05,1,8.505254467895048
WK,BPSZ07,BTSZ01,1,1.8671313607284261
VH,CKSZ01,BPSZ05,1,1.4108989462238801
PT,JWSZ02,BMSZ08,1,13.991267801009673
WK,KLSZ07,KLSZ07,1,0.0
PT,TPSZ06,NVSZ01,1,1.507870345245103
VH,WDSZ04,WDSZ09,1,2.7690156205697916
PT,ORSZ03,SGSZ06,1,6.690321689703724
PT,TMSZ01,TMSZ04,1,3.294722840679154
PT,OTSZ01,DTSZ10,1,1.4022733519674266
VH,GLSZ05,SESZ06,1,9.03119269710631
PT,YSSZ09,DTSZ08,1,17.07251927216933
PT,NVSZ02,BPSZ05,1,10.699575621577189
PT,YSSZ09,HGSZ08,1,11.574892598435218
PT,SESZ05,ORSZ03,1,10.908424187761865
PT,WDSZ03,WDSZ03,1,0.0
PT,TMSZ04,TMSZ04,1,0.0
PT,RCSZ09,KLSZ06,1,1.3137071536758547
PT,DTSZ08,SBSZ03,1,18.968379369180727
PT,KLSZ06,BDSZ01,1,6.243845742740627
VH,JESZ05,CLSZ07,1,4.30410564920362
PT,BTSZ01,DTSZ02,1,10.384259227654274
PT,BKSZ07,QTSZ08,1,7.146493638977682
PT,KLSZ01,KLSZ06,1,1.3008041598955091
VH,KLSZ05,DTSZ05,1,3.3442222408952995
PT,BKSZ03,BKSZ03,1,0.0
VH,PGSZ05,BDSZ05,1,9.635182097064462
PT,SBSZ05,OTSZ04,1,18.94684290396351
PT,TPSZ02,OTSZ03,1,5.862357669804293
PT,BKSZ07,CKSZ04,1,3.7236181758583453
PT,PNSZ01,CLSZ04,1,9.75478689189753
PT,WDSZ03,TPSZ02,1,13.032087661159792
PT,DTSZ11,BSSZ01,1,9.388077365406085
PT,MUSZ03,TMSZ02,1,13.03523908902163
PT,JESZ05,JESZ02,1,0.9177132998918662
VH,TMSZ05,PRSZ04,1,5.859643841237085
PT,MPSZ03,KLSZ02,1,4.647841344975798
WK,SESZ06,SESZ06,1,0.0
PT,TPSZ09,PGSZ04,1,8.5286298611793
PT,BTSZ01,DTSZ03,1,11.056510140783502
VH,HGSZ04,DTSZ05,1,10.715629168730736
PT,QTSZ11,YSSZ09,1,16.198475493288665
PT,WDSZ05,WDSZ04,1,1.7031599568241294
PT,SESZ06,SESZ04,1,1.4130001556698468
PT,TPSZ02,BSSZ03,1,2.0640937718720638
PT,WDSZ04,TMSZ05,1,22.44258959332457
PT,GLSZ04,OTSZ03,1,5.861289747205181
PT,YSSZ01,BMSZ06,1,15.071719950208646
PT,TMSZ02,PRSZ08,1,1.7629920239944799
VH,JWSZ03,JWSZ08,1,2.971328752322575
PT,SBSZ09,WDSZ04,1,3.0698837918676936
WK,BKSZ03,BKSZ03,1,0.0
PT,KLSZ01,SGSZ04,1,4.5389474240048315
VH,HGSZ04,HGSZ06,1,1.3155617892005385
PT,JWSZ08,CKSZ03,1,7.3914145492382675
PT,DTSZ03,DTSZ06,1,0.8946730013217298
PT,YSSZ02,GLSZ05,1,15.04964446328055
PT,TMSZ03,DTSZ02,1,11.117340594521037
VH,GLSZ04,GLSZ04,1,0.0
PT,BKSZ08,BPSZ05,1,3.132785441971596
VH,WDSZ03,WDSZ03,1,0.0
WK,KLSZ08,KLSZ03,1,0.763440516767363
PT,PNSZ02,HGSZ04,1,24.980379150604143
PT,DTSZ03,DTSZ05,1,1.3250654421689967
WK,WDSZ01,WDSZ02,1,0.7905033315597753
VH,PGSZ02,PGSZ03,1,0.8699452159826071
PT,BDSZ04,GLSZ01,1,6.679438452163554
WK,ORSZ03,ORSZ03,1,0.0
PT,TPSZ08,DTSZ05,1,6.488740290996934
PT,NVSZ02,HGSZ05,1,8.254415762686026
VH,ORSZ03,YSSZ03,1,14.124994393607942
PT,SBSZ04,BTSZ01,1,14.124597381309433
PT,GLSZ05,DTSZ09,1,7.406584130675423
PT,SGSZ06,SGSZ04,1,1.2504688104488453
WK,BTSZ01,BTSZ01,1,0.0
WK,CKSZ06,SKSZ03,1,1.6669917349347594
PT,PGSZ05,AMSZ10,1,7.808016116352005
PT,YSSZ01,YSSZ04,1,0.916928626122495
VH,TPSZ03,PGSZ05,1,9.901591332041905
PT,BMSZ04,SRSZ02,1,2.0681081816290576
VH,CKSZ02,CKSZ05,1,1.8836892903230111
PT,ORSZ03,YSSZ04,1,13.050147372252988
PT,BMSZ07,QTSZ11,1,3.785410873970081
VH,BPSZ05,JESZ01,1,4.985682177114802
VH,TMSZ02,WDSZ02,1,20.135165977072575
WK,GLSZ05,PLSZ04,1,3.8521264411954084
VH,BDSZ04,PRSZ05,1,5.003038737292719
PT,RCSZ01,SESZ02,1,10.518931603101164
WK,TMSZ05,TMSZ05,1,0.0
PT,SESZ02,AMSZ10,1,6.531362810172799
WK,PRSZ03,PRSZ03,1,0.0
VH,AMSZ03,SGSZ04,1,1.2356205929987218
PT,BDSZ06,BDSZ06,1,0.0
PT,TPSZ09,BMSZ01,1,9.201690946459546
PT,OTSZ02,DTSZ02,1,1.7759310109587783
WK,WDSZ06,WDSZ06,1,0.0
PT,TMSZ02,BDSZ06,1,3.7427675516641705
PT,OTSZ03,SBSZ03,1,18.72631779852018
WK,WDSZ03,WDSZ03,1,0.0
PT,AMSZ04,BTSZ01,1,9.078956554347531
PT,BMSZ01,TMSZ03,1,16.24078809122707
WK,DTSZ01,RCSZ03,1,0.7323891344173754
PT,JESZ05,WDSZ04,1,12.13570864460517
VH,QTSZ14,BMSZ07,1,1.996229844152145
PT,YSSZ02,PGSZ04,1,9.464522426444342
PT,DTSZ12,WDSZ03,1,18.65294729998647
PT,JESZ03,JWSZ09,1,4.901792866160988
VH,CLSZ05,JESZ08,1,1.3354922303587602
PT,DTSZ05,SRSZ01,1,1.762916223511114
VH,BSSZ03,BSSZ03,1,0.0
PT,SRSZ01,RCSZ10,1,1.9999720881279148
PT,DTSZ11,AMSZ09,1,11.823129524767312
PT,QTSZ13,SESZ03,1,17.52479287549541
WK,BDSZ01,GLSZ03,1,1.58853543467227
PT,AMSZ10,CHSZ01,1,15.151690696212537
